sequence,frame,target_gt_id,inherited_track_id,source_track_id,source_line_index,source_line_sha256,mechanism,action_type,box_choice,candidate_row_index,global_pre_idx,candidate_track_id,candidate_score,candidate_target_iou,source_target_iou,source_best_other_iou,source_best_other_gt_id,candidate_host_iou,gap_frames,minimum_segment_purity,matched_segment_support
MOT20-01,8,30,29,17,261,dcddb82b37fd9321a41bef66e99c83561308bf850ffb731cff6813d3363feb0a,other_target,dual_retention_add,candidate,113,2420,17,0.8347934484481812,0.6079609110639411,0.6079609164448048,0.8948067816648695,29,0.9999999882685818,12,1.0,83
MOT20-01,9,30,29,17,295,2f272d36f37615569498d0b17ce8059026a0ff195ed04494beb28183089af09f,other_target,dual_retention_add,candidate,127,2738,17,0.8699823021888733,0.6465822954007205,0.6465822907030317,0.8522778482088755,29,0.9999999875266712,12,1.0,83
MOT20-01,10,30,29,17,329,201a72b5cf1256b0e927aa01bd47b2152f1fdbd7b8da05185c9e9dbe255feea7,other_target,dual_retention_add,candidate,145,3087,17,0.8485764861106873,0.6315078719053043,0.6315078790287113,0.8640178753602287,29,0.999999987318744,12,1.0,83
MOT20-01,12,30,29,17,397,14ce0f795dd92fc471800c65045e3ab337ae223e9de4be9eff95ebbb23262331,other_target,dual_retention_add,candidate,173,3726,17,0.8689370155334473,0.6622866967360993,0.6622867021875031,0.8460136414211011,29,0.999999987862894,12,1.0,83
MOT20-01,13,30,29,17,431,899b3baff55f15ec1ebe3978754755bc0187a348b67b59a25a80cb14b612ce9f,other_target,dual_retention_add,candidate,185,4022,17,0.8235586881637573,0.7113947295903237,0.6927402968227361,0.8127181825263373,29,0.9677681135689898,12,1.0,83
MOT20-01,14,30,29,17,465,37325ef9394d1e832dfcdcc5d634575557d6ff7c61eb7e874fd498ef91e2abd5,other_target,dual_retention_add,candidate,202,4376,17,0.8854055404663086,0.6753660007878333,0.6753659956066166,0.8336677551440902,29,0.9999999856135323,12,1.0,83
MOT20-01,102,77,24,46,3733,fd72c5efeadbd1f525b0b3037fc735052c9334d492fd1a123555d75c641c04d6,same_target,migrate_replace,candidate,1531,34624,46,0.8506546020507812,0.8984864184635118,0.8984864153882077,0.17477478103088664,78,0.9999999924786992,2,1.0,227
MOT20-01,111,30,29,17,4049,6804d1ce3b52629c5dd27496236bb477c0debc33f93b1989a9d4fb54ccef0ade,other_target,dual_retention_add,candidate,1677,37959,17,0.7614911794662476,0.8140302536064556,0.8140302595484307,0.9147390579552309,29,0.9999999829769174,16,1.0,94
MOT20-01,147,28,28,5,5449,a7e07124ec4c562ff365e208301843ab3f97918a075f0d0c41c4c2f0a5fb5ce3,other_target,dual_retention_add,candidate,2231,51773,5,0.6356983780860901,0.5290044666590968,0.5577482610443207,0.6785578842663246,26,0.9398639476460007,5,0.9942528735632183,320
MOT20-01,150,28,28,12,5577,ca9d307f88397836b4d88e9d17916a12d446fbe84592f8c254629b7bda855417,other_target,dual_retention_add,candidate,2279,53148,12,0.10076624155044556,0.6923384507971184,0.5077706105191863,0.8678490001920126,24,0.603970528169399,5,0.9942528735632183,320
MOT20-01,151,28,28,12,5617,97587d926bd07c69af862f84852b06072befcb38c191ea93a4dee37aa5ceeda4,other_target,dual_retention_add,candidate,2290,53304,12,0.746791660785675,0.5159297084009126,0.515929705756549,0.8895341171366008,24,0.99999998921272,5,0.9942528735632183,320
MOT20-01,156,23,25,21,5828,bada04ca80e9ed5d80c2780a42e7354a8ad484870c6825eb152e12f07f1b9092,other_target,dual_retention_add,candidate,2362,55216,21,0.8661365509033203,0.8433595381832373,0.7293273023863961,0.9071800120381189,22,0.7164812724244545,1,1.0,283
MOT20-01,157,22,21,25,5894,a50111f6abad9163ba441b9b01fd3e60f87eb642b5cf84cf5cdf7d71cff9d27b,other_target,dual_retention_add,candidate,2375,55681,25,0.8588162064552307,0.81944583675277,0.7392841577259904,0.8997337132585246,23,0.7097520348902975,1,1.0,316
MOT20-01,162,26,5,10,6072,73958363bb1592aa7e3d359079c94423a5a5dff27f0c19742ab9602de9f7cc7e,same_target,migrate_replace,candidate,2462,57903,10,0.660956621170044,0.7517765600201854,0.7517765588894839,0.689766009879211,7,0.999999990349444,1,0.7007874015748031,288
MOT20-01,174,60,58,54,6633,65ab38a4a63a38ad4de29b2630225cc7ef8e3f2ad3226bad7e43e2c5d042e174,other_target,dual_retention_add,candidate,2642,62990,54,0.8701962828636169,0.5563087138439784,0.5629771797719547,0.9329663378157471,57,0.9532361331532494,11,0.9065040650406504,255
MOT20-01,176,60,58,54,6723,27133e8d28e9d9eb6bb8f82c9afc534ee93bc231f47c02ff7e997e8417c7bb88,other_target,dual_retention_add,candidate,2677,63902,54,0.5858542919158936,0.5462801231435886,0.5648406542858309,0.8947196726158,57,0.9434715442772049,11,0.9065040650406504,255
MOT20-01,177,60,58,54,6767,67b6b8bbb4f1a457b5a6e61bd3e34292b6f3c29592ad9eec026177476e9dd8ab,other_target,dual_retention_add,candidate,2698,64451,54,0.8958578109741211,0.5758662164142212,0.569381613246732,0.8871323482212775,57,0.9690331270643737,11,0.9065040650406504,255
MOT20-01,178,60,58,54,6811,8dd42c13922576845c1e737854f2f7bf9c6ad73a713c2a57f30b5b9d9e8738c5,other_target,dual_retention_add,candidate,2709,64806,54,0.72156822681427,0.5740943102421374,0.5887456162594654,0.914732502483922,57,0.9532784210815705,11,0.9065040650406504,255
MOT20-01,180,60,58,54,6901,9afcdac3044a783a248f95aab04f706d8b58fce569c3b970030a1b241d705bc6,other_target,dual_retention_add,candidate,2743,65694,54,0.8858497738838196,0.6145167209025093,0.6208067402813129,0.9023810428767385,57,0.9561638907975509,11,0.9065040650406504,255
MOT20-01,181,60,58,54,6946,8bad159256e3e21690b0efe62017038bfea18815def032b313f042c44e720857,other_target,dual_retention_add,candidate,2759,66152,54,0.8243499994277954,0.6130404016028843,0.6130403987575155,0.9173400867097125,57,0.9999999923980599,11,0.9065040650406504,255
MOT20-01,183,60,58,60,7044,d6f4fece4dcc03145802acdf9b971bbc4e6b8dee749795e0388fa7f7378d379d,same_target,migrate_replace,candidate,2787,67004,60,0.7885832786560059,0.6455083954395655,0.6455083921695524,0.45625630341722867,74,0.9999999870885594,11,0.9065040650406504,255
MOT20-01,192,32,38,48,7449,04720c60020feb0395284a6ca6438e2b8235826057de36653f0fbc792b62c3e3,other_target,dual_retention_add,candidate,2943,71467,48,0.17534701526165009,0.751661129000241,0.4145241822206498,0.7505256189604161,43,0.5400740209230758,2,1.0,178
MOT20-01,212,32,38,59,8444,5804c14b79ad5d9f29e93fd83ea2087d6e0ce56780e39b4b83aa562b0e843b97,other_target,dual_retention_add,candidate,3254,80519,59,0.30780553817749023,0.9288078927770559,0.5898028543794408,0.9191110485114533,47,0.5786753947250245,9,1.0,19
MOT20-01,223,32,38,72,8993,c5cfd7d68a6c4430fc8772cbd40ab5f9e9c50b61156ef9f822512293c73fc666,other_target,dual_retention_add,candidate,3424,85550,72,0.1745861917734146,0.880020617642671,0.4401306494960868,0.8973953705637633,44,0.5001367475628851,3,0.95,28
MOT20-01,261,64,83,77,10873,516a23a05899812a2df481afe1537bfddfb27db846c5d7e68939d376aae7e17f,other_target,dual_retention_add,candidate,4013,103111,77,0.8099836111068726,0.8681779005429496,0.6787890321419983,0.8054348246135542,62,0.7468089720724886,5,1.0,38
MOT20-01,262,64,83,77,10921,df513c5797d2e266695ff4f1c13c98178cae0f032771a058aff62b2457903738,other_target,dual_retention_add,candidate,4030,103603,77,0.8346198201179504,0.6646416710922571,0.664641664066437,0.8168243869345151,62,0.9999999833691665,5,1.0,38
MOT20-01,263,64,83,77,10969,45fede10b75cdaab30e122c02a87793e2ba57fae10b57c819da08439fa396a08,other_target,dual_retention_add,candidate,4045,104069,77,0.8169063329696655,0.676598794704551,0.6765988033821465,0.8556637962590545,62,0.9999999739886921,5,1.0,38
MOT20-01,264,64,83,77,11017,6e4f579c3b9837fca52c36b04cb8a69e29004945c23518dfebf544215653e00c,other_target,dual_retention_add,candidate,4061,104515,77,0.8059608340263367,0.8106428309585427,0.6574297527747259,0.7626596116165305,62,0.8098406215720911,5,1.0,38
MOT20-01,265,64,83,77,11065,6ddffea132c17fb6f88f48e1c7317b90926c8da91a35493a8aa316d9ff049623,other_target,dual_retention_add,candidate,4075,104999,77,0.8238797187805176,0.5591222636035408,0.5591222757904493,0.8275133566455763,62,0.9999999779652607,5,1.0,38
MOT20-01,274,77,24,26,11484,b55b9b9ea38e60e30635678b1a7fa3644863671713ff63e66a771dbe14996f44,other_target,dual_retention_add,candidate,4224,109455,26,0.48222842812538147,0.638855102115155,0.718988303784897,0.8895626404494392,78,0.8091814766528759,11,1.0,130
MOT20-01,275,77,24,26,11533,cbfad1859906f856ba47f9c63de5bbf40fa6565c02243efdfb4ef54219170474,other_target,dual_retention_add,candidate,4242,109960,26,0.34416499733924866,0.6288476892296159,0.7246145074452202,0.8647693820224712,78,0.7653342619169613,11,1.0,130
MOT20-01,276,77,24,26,11582,f710d6e7ba2f8e5ec0e06f625806db1f38b0975533978f0fc0db1991bdbccf75,other_target,dual_retention_add,candidate,4261,110448,26,0.42724743485450745,0.7384075881875929,0.7169852208742384,0.8669673725151256,78,0.8944776616721771,11,1.0,130
MOT20-01,277,77,24,26,11632,02a666dd2e1519a8e925acc685ac5d398109f0a647f1f22bb9bb92327320adba,other_target,dual_retention_add,candidate,4266,110786,26,0.7733234763145447,0.707368642267635,0.6927806936791671,0.8638518321810547,78,0.9561061899071278,11,1.0,130
MOT20-01,278,77,24,26,11682,686f00cdff12f25042dcd744c3a4fe7e7c50fd9d521536c257df01059d817909,other_target,dual_retention_add,candidate,4289,111404,26,0.410640150308609,0.6267773101603353,0.6888036152155309,0.8920104166886578,78,0.7725674404862002,11,1.0,130
MOT20-01,279,77,24,26,11732,571888432e33fb433b0c7858b1f499e6091d951c25eb8c8fd1e866014156b817,other_target,dual_retention_add,candidate,4303,111889,26,0.7272714972496033,0.6639478545978598,0.700315877686278,0.9113398444252376,78,0.816072551089081,11,1.0,130
MOT20-01,280,77,24,26,11782,2ff1e0336ed286db863bf52074e4edeaafa8c8be05560273a1aa02bf9efc295c,other_target,dual_retention_add,candidate,4314,112236,26,0.6873224973678589,0.8123164975765563,0.7203872763057555,0.887835133967158,78,0.8743177388886169,11,1.0,130
MOT20-01,281,77,24,26,11832,de87401077bdb47276d9e0389ead45977dd04d6ab94cacbf01ce6987913e195c,other_target,dual_retention_add,candidate,4330,112723,26,0.6705028414726257,0.807703965546735,0.7360222413985852,0.8689752808988767,78,0.8357295173314864,11,1.0,130
MOT20-01,282,77,24,26,11881,f516cd32f8f2ade57e9b93cf430decadf58cdb946d9e39b8bdc52028f50c9e2c,other_target,dual_retention_add,candidate,4346,113218,26,0.6296871304512024,0.8182570935898713,0.7455440143998812,0.8578770959377692,78,0.8310136392667844,11,1.0,130
MOT20-01,283,77,24,26,11930,7eb648d9ceac5bcb734306971813728365e6fb4a287804dfe87b98c923c1d694,other_target,dual_retention_add,candidate,4362,113696,26,0.7003785967826843,0.7599320893518589,0.7052281109166565,0.8724197330432031,78,0.8190712574709715,11,1.0,130
MOT20-01,284,77,24,26,11979,4e24e1797cb198fdf1dc2caba97253139d5e03c4d2473a60e6b19e48715a0587,other_target,dual_retention_add,candidate,4378,114188,26,0.7328436970710754,0.7470109190793037,0.6881071717621267,0.8761605383044616,78,0.8092351468494692,11,1.0,130
MOT20-01,287,64,83,74,12155,06b0c0bd55bc77d412d77f2aad28e7e0ec57c759fbdf870a7cdee1358cb79745,other_target,dual_retention_add,candidate,4428,115673,74,0.8340274095535278,0.9160665874194774,0.758083276136303,0.7912060432095681,61,0.7783582503420724,1,1.0,24
MOT20-01,289,77,24,26,12226,c64db3ce8435da591db0543c98ec02610c42f71e954783c386234fbaf86d2afd,other_target,dual_retention_add,candidate,4458,116612,26,0.7163743376731873,0.7520042279167038,0.6707569242622521,0.927957427207861,78,0.8298088553830455,17,1.0,53
MOT20-01,289,47,59,55,12242,55677d31546b7667d630a33d1e47bcc28210f79a6623e067db6c98473ed8cfa2,other_target,dual_retention_add,candidate,4471,116945,55,0.5187787413597107,0.701120986688639,0.6203442860746035,0.8763220026961104,46,0.8800849922258053,24,1.0,197
MOT20-01,290,77,24,26,12273,49c7402e7a66b7e4ea280001abdae7126b78ed178e31ab205fe60a449a79707d,other_target,dual_retention_add,candidate,4475,117079,26,0.583169162273407,0.7804084764645003,0.7106558923752797,0.9035997003398983,78,0.7261810276956387,17,1.0,53
MOT20-01,290,47,59,55,12289,e397f73c04fe0da612ceaac5b932ad97c4120db7fa99973b46c8522c5b911621,other_target,dual_retention_add,candidate,4486,117421,55,0.4186316728591919,0.8040262157952104,0.6234925925586277,0.9122902897844748,46,0.7599104165870877,24,1.0,197
MOT20-01,291,77,24,26,12320,6da892aea2e18887459219b5e96a92afe1f22219fe491127d84589517121ca84,other_target,dual_retention_add,candidate,4491,117562,26,0.7263106107711792,0.7490829678730044,0.7490829616548993,0.8547266159880256,78,0.9999999812295803,17,1.0,53
MOT20-01,291,64,83,74,12345,ed890823d7cc0cde9a0087a613aee10b22bb14b3ee342372d46f676ec57a3e86,other_target,dual_retention_add,candidate,4499,117702,74,0.7947803735733032,0.7957594657694999,0.6488573621561406,0.8998113872794983,61,0.7847580907080665,1,1.0,141
MOT20-01,292,77,24,26,12366,bbe55eb6e111bd77653726a4a8cbc7e774e9c9810e44e4c618625fd04411e6bd,other_target,dual_retention_add,candidate,4507,118022,26,0.7005534172058105,0.7504572645374313,0.7504572671640112,0.875294633565609,78,0.9999999873464538,17,1.0,53
MOT20-01,293,77,24,26,12412,0fcf18edb3bb943c8a580f898ad93ad37736e257b8dd4dcfc5ffafa863b8879f,other_target,dual_retention_add,candidate,4523,118488,26,0.28008779883384705,0.6886645905451464,0.6831452103316028,0.8654787791495226,78,0.5113037056577157,17,1.0,53
MOT20-01,293,61,74,83,12444,199b4e79126861578906b35ebd7d815b63d03ba335883b4a222e51841dd4f803,other_target,dual_retention_add,candidate,4530,118618,83,0.708183765411377,0.5462748392215059,0.5462748349353836,0.9200627071258518,64,0.9999999784904846,1,1.0,90
MOT20-01,294,77,24,26,12456,3e901f23bd0998a7ae7c45876cbf5431f3027138197f36c5b0ea02a35f9f5677,other_target,dual_retention_add,candidate,4538,118931,26,0.7028985023498535,0.7396848361100967,0.6942636466198054,0.9156432786020615,78,0.8187582413098777,17,1.0,53
MOT20-01,295,77,24,26,12501,e19dfbb91efe38eda83042484344da682f94042db8304cca903074e74d6663fa,other_target,dual_retention_add,candidate,4554,119388,26,0.7752590179443359,0.6812614155563439,0.6725293656766628,0.902922026938421,78,0.9002759621398084,17,1.0,53
MOT20-01,296,77,24,26,12546,11de5f3d0209a972739b51b4c8ddafdb2f789e43d727c157082bc6fbae7f2803,other_target,dual_retention_add,candidate,4570,119837,26,0.7208258509635925,0.6934283738990906,0.663612028426554,0.9465668144629671,78,0.8868925808744702,17,1.0,53
MOT20-01,297,77,24,26,12591,3dd2f6667b7e19bbc1501521a52e54e17142c30990e77d2445108f13e4c85559,other_target,dual_retention_add,candidate,4586,120304,26,0.7808117866516113,0.6573952332119901,0.6664819570804633,0.9482389485860966,78,0.9110442987812057,17,1.0,53
MOT20-01,298,77,24,26,12635,c1870216895981212784a7fc0eeb6f1b163a84e6bef06de667eab0b4b4338e90,other_target,dual_retention_add,candidate,4602,120764,26,0.7904702425003052,0.6603224691952598,0.6598385034694745,0.9531782084950583,78,0.9104884023681801,17,1.0,53
MOT20-01,299,77,24,26,12681,c25a190e953f8b91a68b83d553d932188b32530554fa2ef78c211de1c39514c2,other_target,dual_retention_add,candidate,4618,121217,26,0.763511061668396,0.6412353154465236,0.6326440350335283,0.9517832085364794,78,0.9514149561000763,17,1.0,53
MOT20-01,300,77,24,26,12726,44301432d84d181e4c3de0b8224d88085f9aad09398d3fdaf3c4fab20091aeb1,other_target,dual_retention_add,candidate,4634,121687,26,0.41626882553100586,0.6003651989266833,0.6132357102214897,0.8873600209709661,78,0.9145021817005275,17,1.0,53
MOT20-01,300,47,59,55,12741,dacf826c728357742f4c94a0adae264bdd81ac823b6208aecf39b6b118c577dd,other_target,dual_retention_add,candidate,4648,121980,55,0.47928109765052795,0.8877350569825536,0.5311406486863736,0.9078097658171705,46,0.5573391365761107,24,1.0,197
MOT20-01,301,77,24,26,12771,26717e5a79e50ef50d7a6f1210666f11066aab8c4fde662b1e8e0c320455051a,other_target,dual_retention_add,candidate,4650,122152,26,0.7820727229118347,0.5447879685302687,0.5666799891564903,0.8943168789781472,78,0.92873631133534,17,1.0,53
MOT20-01,309,47,59,87,13170,1e4ed42c6c39ab75611fe88abdd39e3828d878eef0c4464712c4c5cdf3ec9fc2,other_target,dual_retention_add,candidate,4793,126246,87,0.25666192173957825,0.7999856772552479,0.6518982979039118,0.8711222651511004,45,0.6099000280871463,24,1.0,197
MOT20-01,310,47,59,87,13218,3df88311f09954a7cecc7770fe2cd97dd3481bb03064beb84c689251af0af059,other_target,dual_retention_add,candidate,4807,126712,87,0.23131880164146423,0.7237670712501995,0.6134910478129286,0.8576771410102187,45,0.7496663275740881,24,1.0,197
MOT20-01,311,47,59,87,13266,4c7276095d1512c15873e5d9ef67e25274af3def37b6d73316c79e2312410110,other_target,dual_retention_add,candidate,4823,127202,87,0.5200466513633728,0.7729898234376029,0.5778926200100367,0.8633625273849127,45,0.6909249465541744,24,1.0,197
MOT20-01,312,58,95,21,13305,a3f2bd7537e19b7848dc4c05ebfccdafc91081be8a2ff7a307096b3a1570df9a,other_target,dual_retention_add,candidate,4834,127574,21,0.5771021246910095,0.7804149448719344,0.5710686785224484,0.8004346071541748,22,0.712684194028373,3,0.9782608695652174,104
MOT20-01,316,30,97,28,13509,e1ef87faab2df7ed357912d63a9651b5885bb20e71fa21b0ce72ad5fed8abd74,other_target,dual_retention_add,candidate,4904,129685,28,0.13232846558094025,0.6713904505615598,0.5102151257498271,0.9540806537424839,28,0.7509902723092731,3,1.0,14
MOT20-01,317,30,97,28,13561,b8bbdedc0e5f5bb6865cd0a47f6f16b6bd06b0dcfe450a77f289c03991405df1,other_target,dual_retention_add,candidate,4919,130165,28,0.10959036648273468,0.680428281273063,0.5191012210534175,0.9110671871303923,28,0.7199446362445392,3,1.0,14
MOT20-01,318,30,97,28,13613,b4c94360f43f810ec91ee4ac525ed124961b9b5a86509f178224314adf8d5620,other_target,dual_retention_add,candidate,4935,130665,28,0.7283594608306885,0.7176931070050167,0.5156928956134538,0.9508787398094106,28,0.6993926595553546,3,1.0,14
MOT20-01,322,21,30,95,13848,c20e720f3de14823225b688fb2cf51b563c753787ff5d5783ffe989f31b899cf,other_target,dual_retention_add,candidate,4995,132558,95,0.6576374173164368,0.7053505652658036,0.7095429868181392,0.7630660665647312,58,0.9317892210559363,2,1.0,40
MOT20-01,356,17,31,48,15480,48bd7912fb6c50747f95ae6d9bb606725677d9cc313418fa49019a388b4462fc,other_target,dual_retention_add,candidate,5535,148707,48,0.27385666966438293,0.8536765451759689,0.5926956809196237,0.8365527869937953,43,0.5138530010365862,7,1.0,364
MOT20-01,357,77,24,26,15513,9aeafe11cba4a2219f7fc40405ae6a8398fa1b365a4830fced15c3b0fe809950,other_target,dual_retention_add,candidate,5546,149002,26,0.7242624759674072,0.5613321052070993,0.47817870254668376,0.7404360922417252,78,0.8172807868418545,17,1.0,74
MOT20-01,358,77,24,26,15555,e7a02c1a239dd95babd8445d82d7fe8589fe12edc1d1fc23a3f2a1452809ccc0,other_target,dual_retention_add,candidate,5561,149418,26,0.7238540649414062,0.6087149735616924,0.5089832081603151,0.7178513601542753,78,0.7982195510444494,17,1.0,74
MOT20-01,359,77,24,26,15597,cff648897b9142a4285ade24aea37e4519db03f21d19ef7e04d496b369a2ad2b,other_target,dual_retention_add,candidate,5577,149841,26,0.7699289321899414,0.584256327036614,0.5261428893905344,0.6991921661175076,78,0.8933051862255793,17,1.0,74
MOT20-01,360,77,24,26,15639,b6ae02c55097b927982173a8d37338522249fa47041db4f05ba1b5b75ff1775d,other_target,dual_retention_add,candidate,5593,150253,26,0.7665399312973022,0.5891818253342027,0.3303410124255514,0.7294391367968103,78,0.5825217398151906,17,1.0,74
MOT20-01,374,17,31,59,16273,960501b4155c9dbf30f8a8cea9eff3788305cf5c6971db004f55a331fcca6f59,other_target,dual_retention_add,candidate,5828,156494,59,0.328518807888031,0.6550893683061928,0.37616194735373765,0.9258637066281571,47,0.5681091292781105,3,1.0,70
MOT20-01,390,47,59,48,16993,e458b13933776c306ebffd2d96dc60608e831c78619df6ba9d4479dfc2c6a669,other_target,dual_retention_add,candidate,6086,163380,48,0.7919145822525024,0.8876596465397824,0.7755988238990584,0.8495956051948031,43,0.7530874169386802,1,1.0,117
MOT20-01,390,48,118,80,17001,92d05a3962ff6e2ef2718e602853414c8bf13cfc7471e48644d0707ecdacfe07,other_target,dual_retention_add,candidate,6087,163456,80,0.6283693313598633,0.5712893572401809,0.5090363470990584,0.9134176948321241,49,0.7777500666625591,15,1.0,39
MOT20-01,392,48,118,80,17092,beb11e0f654bc6bd682eb3484e532b2d5bd2e4d444bedec0a071c57de8ee9da7,other_target,dual_retention_add,candidate,6115,164347,80,0.482917845249176,0.5307712801010138,0.5098358029461206,0.9487755040590682,49,0.8419701744962005,15,1.0,39
MOT20-01,397,77,24,26,17307,a5383ee7c1a8321f71814c42671512dcb3e241bcb4a7d513ca361d0773236378,other_target,dual_retention_add,candidate,6185,166206,26,0.6857884526252747,0.6407660712885096,0.4750874722606337,0.7784453540609141,78,0.7322432870716118,1,1.0,54
MOT20-01,411,71,125,126,17994,6a58c1cc26c6a8122bbb7e7e4a6c0c97c6a14b711e4c413380ac7b02bc57f1d2,same_target,migrate_replace,source,6411,172444,126,0.7858607172966003,0.607154877278156,0.6554109836540233,0.3945956459523603,72,0.8891262633059009,1,1.0,25
MOT20-01,417,66,90,112,18255,c33a9b7c1039f83e23b879b6e70ba4d20c34d1b1fafcc087dc96aff3b7db2bb9,other_target,dual_retention_add,candidate,6507,175078,112,0.8773842453956604,0.9049594638293718,0.6510460572441205,0.7420908111902372,76,0.6900340910200546,1,1.0,144
MOT20-01,420,71,125,117,18399,86bd66ef8d7ad7a7593a164ba654c9d7adfa1d1458a70214492115fb489be30f,other_target,dual_retention_add,candidate,6560,176478,117,0.3976284861564636,0.7441487800674643,0.5591700075124794,0.8284388442641545,70,0.7064586688993463,5,1.0,13
MOT20-01,421,66,90,112,18440,280cd21a14fa4b0dd465f5e34d8839868bf9efc7e601a7e75293096ef2c20a18,other_target,dual_retention_add,candidate,6571,176800,112,0.8554534316062927,0.8351419568978063,0.6367853179940492,0.8453025760156136,76,0.7041567685202227,1,1.0,11
MOT20-01,421,71,125,117,18445,f0df3e4033c04373b8ab4192c778076e6a8cac9426a0b4b3d36712502515a0b5,other_target,dual_retention_add,candidate,6578,176903,117,0.1848219335079193,0.8601838618838763,0.6289924890989925,0.8144051661045901,70,0.710676867534261,5,1.0,13
MOT20-01,423,71,125,117,18538,67ea302f6ec5f11b3842f84891b35fd671da7ab077ee2bf4cf948ae0fa91117e,other_target,dual_retention_add,candidate,6606,177766,117,0.642117440700531,0.8181055101417074,0.6344325290263809,0.8118478029654823,70,0.7727457465302149,5,1.0,13
MOT20-01,424,71,125,117,18585,2feecb4688b9e6bb75ae0a0549dc901c773b9ea4f86207fde3dc138a2bf984d6,other_target,dual_retention_add,candidate,6624,178212,117,0.7635783553123474,0.798967386004315,0.617930015370847,0.8188116690213518,70,0.7672980138567056,5,1.0,13
MOT20-02,29,219,34,18,984,5eaaf9106c12c25f34cc31da2e0c143e916c1fc1b7c248d44ba04ad857c2a4a0,other_target,dual_retention_add,candidate,7285,9317,18,0.8643547892570496,0.8638940003333507,0.6667120713841702,0.9279225379948657,218,0.7147319023214053,1,1.0,195
MOT20-02,32,218,18,34,1112,7b504e7911d3792785c42b4014591d131b4f082125aae69f15493eca5c09efa6,other_target,dual_retention_add,candidate,7345,10413,34,0.8467228412628174,0.8803662085869534,0.7112784910948475,0.9142904418409356,219,0.7298250210553684,1,1.0,165
MOT20-02,42,222,45,37,1497,433677d36e134efa18413055b8476d809e66835e53161d2a8feaf55cf4187cb0,other_target,dual_retention_add,candidate,7548,14070,37,0.807807207107544,0.6311549973777099,0.6311550009818155,0.8514712393643322,221,0.9999999901226803,1,1.0,26
MOT20-02,99,222,39,45,3826,8366780e714e3df54fc0eb3f265f22b0d9ca0657369380de5b808dd6460ca740,same_target,migrate_replace,source,8712,35727,45,0.609464168548584,0.8107082270078538,0.8107082271256422,0.48300104621775536,221,0.9999999874604232,1,1.0,13
MOT20-02,100,222,45,39,3869,c1cbec20798cb28662ab754e5a6e151514d6913271fd778d70beb7ea12cff5ab,same_target,migrate_replace,source,8742,36474,39,0.7694488167762756,0.6806974970533437,0.6806975005378066,0.6069514705236695,221,0.999999990021883,1,1.0,6
MOT20-02,101,222,39,45,3912,3be01e55cb09b533ede13b333887df2a55f6497d29b80676d2ec7606e7b4c876,same_target,migrate_replace,source,8763,36893,45,0.7997860312461853,0.7690853593782325,0.7982476387824262,0.5053169229393768,221,0.9304859715238424,22,0.8888888888888888,64
MOT20-02,102,222,39,45,3955,12909b300303460ec0c8944f43ba932b4842b187e13dcc9be613803dd33c2841,same_target,migrate_replace,source,8783,37302,45,0.7190874218940735,0.7667944302016716,0.7944159031527869,0.5305588091830408,221,0.9518202319648992,22,0.8888888888888888,64
MOT20-02,103,222,39,45,3998,a01ddf903d5f3dee6a9361f630e531b1babc8ac28c486184924433fddffd91f5,same_target,migrate_replace,source,8801,37499,45,0.40116968750953674,0.8127904621052962,0.8127904711626697,0.5426985789104254,221,0.9999999883311488,22,0.8888888888888888,64
MOT20-02,104,222,39,45,4041,1ca5eb1f0cf98611cc752ab286f06404410d7e6da68443ee74f29389bbc3eeb6,same_target,migrate_replace,source,8820,37995,45,0.6794041991233826,0.8976159646041038,0.8976159691880238,0.5078922043076722,221,0.9999999849220059,22,0.8888888888888888,64
MOT20-02,105,222,39,37,4066,d53a75718ea4a92dac1fabdecf632502ea9e711728d5f3c68e1a6b9cc74035fb,other_target,dual_retention_add,candidate,8842,38368,37,0.15146835148334503,0.6186121710323356,0.49733450690044234,0.9054830792445928,221,0.7955644165350346,22,0.8888888888888888,64
MOT20-02,106,222,39,37,4108,aa9e718bfa71f760623eeaf868a866f3b9fa3b2464f3efadd8497b5fdc1312af,other_target,dual_retention_add,candidate,8861,38774,37,0.11616694182157516,0.7535315034172638,0.5259093281489244,0.9173482085652178,221,0.6843730635611364,22,0.8888888888888888,64
MOT20-02,108,222,39,37,4194,b9ba0d40cb40084b42f53ec87136623f785ab79330f7c5ba48a094a206f38f12,other_target,dual_retention_add,candidate,8906,39658,37,0.769164502620697,0.558555288287716,0.5585552851311649,0.9232902122934263,221,0.9999999906761747,22,0.8888888888888888,64
MOT20-02,110,222,39,37,4280,25b52c17f8528809e2006ea53836ef5ed8de6be7a9a95bfd8bc7e9cd2b89f546,other_target,dual_retention_add,candidate,8950,40503,37,0.4609965980052948,0.5924896845996439,0.6001393899352777,0.9025638289428751,221,0.9394721722742032,22,0.8888888888888888,64
MOT20-02,112,222,39,37,4365,b78e6df642fdf6d3933a44049ccb2f7dd6f3e312dc563b26de9dfbf7834aa12c,other_target,dual_retention_add,candidate,8992,41301,37,0.3029889464378357,0.6445231287899749,0.64452313307409,0.9008973876515688,221,0.9999999917428614,22,0.8888888888888888,64
MOT20-02,113,222,39,37,4407,db4c73564167f4a66c782e11b07459ab31ee06a585d325b098e08fe206488aa0,other_target,dual_retention_add,candidate,9011,41704,37,0.6700530648231506,0.5922743889651559,0.6783361216154504,0.927659955616104,221,0.8597902211702353,22,0.8888888888888888,64
MOT20-02,114,222,39,37,4449,0ed6ebd68d2c86875e8d21ab40f07bdf0591c574c51e125b79e39915e4609975,other_target,dual_retention_add,candidate,9032,42108,37,0.551815390586853,0.6884445445606644,0.688444546580776,0.942624569929092,221,0.9999999919853284,22,0.8888888888888888,64
MOT20-02,115,222,39,37,4491,d74f424972875e9b45e3de8dcaae7764e840acc8876d36a440ab941dec24f05a,other_target,dual_retention_add,candidate,9053,42510,37,0.8690640330314636,0.6927949011464549,0.6927949023081835,0.942887181838887,221,0.9999999903616024,22,0.8888888888888888,64
MOT20-02,116,222,39,37,4533,354ac3c0f7703f4b3f89176251660b2a9d03fb761e91f0654a88e63e4df55aad,other_target,dual_retention_add,candidate,9074,42907,37,0.8698995113372803,0.6838040472771117,0.6838040488710713,0.9405406821888656,221,0.99999999163502,22,0.8888888888888888,64
MOT20-02,117,222,39,37,4575,a0654dd6d982531335340e18f91d377aae7ee91ce313eeacb17cca3bd086ef62,other_target,dual_retention_add,candidate,9097,43310,37,0.8681908249855042,0.6916217112542943,0.6916217051436548,0.9260466847937233,221,0.9999999880617501,22,0.8888888888888888,64
MOT20-02,118,222,39,37,4617,d92467a3479015ef16f0b349e247b27d2de4ec6699be091cd669d365799e584b,other_target,dual_retention_add,candidate,9114,43710,37,0.45984208583831787,0.6962734688919398,0.6962734652176067,0.9291685658809927,221,0.999999988902253,22,0.8888888888888888,64
MOT20-02,122,222,39,37,4785,a61a90cae5649f0cc1ae0fad661526d016d746c165ad69225583c5ce09033537,other_target,dual_retention_add,candidate,9200,45426,37,0.3422583043575287,0.8547916312181484,0.700895560258576,0.924129831655936,221,0.6698655602629466,22,0.8888888888888888,64
MOT20-02,127,212,9,12,4981,fbabda0e042b0b0e073bf0e90008d96270cf16c2d127ff3e9ce098a971c36203,other_target,dual_retention_add,candidate,9301,47264,12,0.7998271584510803,0.8990950155294755,0.6950094950702318,0.7342647588062072,211,0.6675775353532666,1,1.0,127
MOT20-02,129,212,9,12,5066,645df40b9ed0ae984374572b56bbf3110f7824aad7d202c33d0ef45da4ea7f17,other_target,dual_retention_add,candidate,9343,48042,12,0.267518013715744,0.5742637946441983,0.5742637904444722,0.9068721457829342,211,0.9999999911915706,4,1.0,6
MOT20-02,130,212,9,7,5105,db25668a6cd053479b04c9e33424bc050bba1de5c186e0446a650c239724d322,other_target,dual_retention_add,candidate,9361,48410,7,0.6954185366630554,0.5643952856373431,0.5571256760843566,0.8555845827888275,205,0.9580238038680932,4,1.0,6
MOT20-02,131,212,9,7,5147,b42cb5d79b08825f0639d68c4083419f113e3598e877becd036d6114d4f0d785,other_target,dual_retention_add,candidate,9382,48805,7,0.8406864404678345,0.6419234833430335,0.6419234896474934,0.9161082592952431,205,0.9999999893778619,4,1.0,6
MOT20-02,132,212,9,7,5188,7ad249b3bfc05f7039d8b1fbea39a78ed9200f1a5ae5f042f62576d4567c3d07,other_target,dual_retention_add,candidate,9402,49221,7,0.6581576466560364,0.7335989281535699,0.7604204848250531,0.9296229235437007,205,0.7412778772020483,4,1.0,6
MOT20-02,138,212,9,12,5442,8d1cefaeb2d550cd17690cd892cf9970ee9e17c01cef2518c23a3f9b097385f5,other_target,dual_retention_add,candidate,9525,51573,12,0.8287626504898071,0.7685059638427016,0.6863946084289301,0.9128576131831114,211,0.6940407793521756,1,1.0,8
MOT20-02,160,211,12,71,6394,b1f01530260865899452f78e6afe72d6913b578a964748f1e467ee3622455950,other_target,dual_retention_add,candidate,9982,60261,71,0.8040632009506226,0.7851815092018948,0.7482913171573172,0.8078075811858935,212,0.950214934468429,6,1.0,169
MOT20-02,161,211,12,71,6436,fd65358c9ddfbcec3a5f75e167ae81d535a3209c863af2c132079b68669a6bf5,other_target,dual_retention_add,candidate,10001,60602,71,0.8631640076637268,0.7886650405919189,0.7848059594463405,0.8164659885752161,212,0.9674246320705451,6,1.0,169
MOT20-02,162,211,12,71,6478,30265591387ff3ad7b6f5dc021e361eca5cc560facdd930223577882a7c4dce1,other_target,dual_retention_add,candidate,10023,61029,71,0.8275146484375,0.7709671764339393,0.7719925082991465,0.7944993219795303,212,0.9487507524221671,6,1.0,169
MOT20-02,163,211,12,71,6520,1ee250d51220c3baf7fcd7f90768b8f197875987670149a05cfd9d44d0017e48,other_target,dual_retention_add,candidate,10047,61466,71,0.6939094066619873,0.7491205986015435,0.7496514176558868,0.7884361731061961,212,0.9366377315923933,6,1.0,169
MOT20-02,165,211,12,71,6603,c1a5b28393106c52b8a5b172415b2be11810800fb778a51965cecc1bd8ec6f2e,other_target,dual_retention_add,candidate,10086,62216,71,0.8109437823295593,0.6971076573397142,0.7017874214279959,0.7261460265341366,212,0.9772074911178765,6,1.0,169
MOT20-02,167,218,18,37,6666,ddc5a5619a09d44642efaa62c566ecdd7492382de27b1cfc1d0e0af753099000,other_target,dual_retention_add,candidate,10127,63003,37,0.8357609510421753,0.5865223482087824,0.5865223503422293,0.8372802120970472,221,0.9999999938528302,1,1.0,140
MOT20-02,171,177,74,37,6834,cd397fd81992b8732b8aeb74f081ce7e8fad4c4613527c7df77d67a3ae3537f9,other_target,dual_retention_add,candidate,10210,64545,37,0.7057088613510132,0.9498365178468204,0.7399609185334268,0.8280108070513794,221,0.7612275588982216,3,0.75,6
MOT20-02,173,177,74,37,6916,6f27d2bdc27a04ce6096fc49d82be8a0b7648c0c4878f8950b879eba3980b207,other_target,dual_retention_add,candidate,10250,65340,37,0.3087969422340393,0.819530553169925,0.8881768333071316,0.9090565856194857,221,0.7411773317731656,3,0.75,6
MOT20-02,176,211,12,24,7063,51f246a2f1d4a7cb333e096f0117526be935f63dcc08f22f784de91d775d1932,other_target,dual_retention_add,candidate,10316,66596,24,0.8378836512565613,0.8318746139795284,0.6077611795154532,0.8896283132228445,206,0.6914117108417244,1,1.0,122
MOT20-02,180,206,24,12,7237,3d8f4cb317fdf9e3892c64a9ec9bceb90402486c0613a2193dcc415b9a88b293,other_target,dual_retention_add,candidate,10397,68138,12,0.8561574220657349,0.7103867201502371,0.717040214319774,0.9626617509100281,211,0.9686494529717319,1,0.9393939393939394,331
MOT20-02,200,247,72,59,8094,8c590e360571b427c0bba62ce74b882e2f3efb44b11c70a33d28966a2785ad69,other_target,dual_retention_add,candidate,10796,75966,59,0.21915920078754425,0.5381508012721425,0.3513587426235488,0.9340911448148898,243,0.531717656652167,4,1.0,14
MOT20-02,201,247,72,59,8136,4ca547723aa51c2250ba73d533a0e4a4a38973e0ca6a2ee2fa877dc49477b99e,other_target,dual_retention_add,candidate,10817,76371,59,0.21727833151817322,0.612697603878952,0.35248825822961877,0.9212976406498872,243,0.5753054296247229,4,1.0,14
MOT20-02,206,177,39,58,8344,55d90a1fcb2cf942d2e97d6d1d50647d28a94376d307b77dee1f7d95ec6fcf81,other_target,dual_retention_add,candidate,10929,78504,58,0.8264408707618713,0.7536998709629563,0.7536998752006218,0.7931545878330626,217,0.9999999904308742,1,1.0,44
MOT20-02,274,246,47,59,11113,c6ebceacce275d0bdc73a5a73f00bb55bb294b3c246c3c80531ed3c1138561f5,other_target,dual_retention_add,candidate,12304,104416,59,0.8800608515739441,0.6088147695238099,0.5978784326726544,0.9804965106639055,243,0.9797033535477161,22,1.0,785
MOT20-02,275,246,47,59,11153,3565905eb3444f18ad36b1a8abd4e03027cc38acde411aaa1d0bd9c5d49bf8df,other_target,dual_retention_add,candidate,12323,104787,59,0.8765725493431091,0.6205467100771167,0.5996817490392494,0.9729726283412176,243,0.9548259979944034,22,1.0,785
MOT20-02,276,246,47,59,11193,7219b941565661ae66cf115d4d292a8e00238c091076b5d34a0037c759cfdf0e,other_target,dual_retention_add,candidate,12342,105159,59,0.8909792900085449,0.6206382083018708,0.6137532110085008,0.9377991095750936,243,0.9634559049355046,22,1.0,785
MOT20-02,278,246,47,59,11273,9879fd906913b17a66ccb1ee748937d2af9ef353c8e2ffb6be60bd344f9561d2,other_target,dual_retention_add,candidate,12375,105848,59,0.3778647184371948,0.8594633789264792,0.6203227900565458,0.9209962041016997,243,0.5351486336665379,22,1.0,785
MOT20-02,281,246,47,59,11393,269fc61e22201dbd09a0d470000d88145c6662eac45c710f1adff75619f85c0b,other_target,dual_retention_add,candidate,12444,107051,59,0.8647030591964722,0.5713719069937853,0.5603775344780494,0.8857519992721743,243,0.9771575266087719,22,1.0,785
MOT20-02,282,246,47,59,11433,2935edd520248b2fddffb8e1261b5a47620b2b74bc0871716c728061b8f38409,other_target,dual_retention_add,candidate,12464,107433,59,0.8546028137207031,0.5730452425912456,0.5550609784446948,0.8753463590531787,243,0.9686163276302099,22,1.0,785
MOT20-02,283,246,47,59,11473,da1e667fbec44ef5e8d34f747a69952524cbb94c92d55be8cdb1efcf79a7869b,other_target,dual_retention_add,candidate,12483,107804,59,0.863398015499115,0.5544129250606944,0.5544129277229447,0.9195812557534839,243,0.9999999910138476,22,1.0,785
MOT20-02,284,246,47,59,11512,a35cdc8f0cf204ad49faf0e169e302098facab1d62dd5ddacb54468615b31307,other_target,dual_retention_add,candidate,12505,108171,59,0.8565958142280579,0.5829747245876201,0.582974727420225,0.8997005695400041,243,0.9999999949048709,22,1.0,785
MOT20-02,286,246,47,59,11588,f2cc3bf6b3877e278c5dcbea9f9191b7676b7339ada487eb985cbfdab794a7f6,other_target,dual_retention_add,candidate,12544,108913,59,0.8465806841850281,0.6224024057749296,0.5856678666319381,0.8933866066849421,243,0.9409794390218419,22,1.0,785
MOT20-02,287,246,47,59,11626,a1b4acc552eb116918507391d9eda0287b572754076a60ac588bffa5e770352f,other_target,dual_retention_add,candidate,12565,109281,59,0.8489863276481628,0.5723691789328204,0.5654856864411858,0.9108521082695137,243,0.9831641050908566,22,1.0,785
MOT20-02,288,246,47,59,11665,1c2b34aeb90e20492ec4e56f4a257167a789afcd5f29e2c0996e324fd98c00a0,other_target,dual_retention_add,candidate,12582,109662,59,0.8705431222915649,0.6256878568147658,0.6256878563745916,0.9421065552092802,243,0.9999999943454779,22,1.0,785
MOT20-02,289,246,47,59,11705,13fa4e87cef8daf57bb66a6d8801cab000a7fee6d32844c681ee64bee3bb80cb,other_target,dual_retention_add,candidate,12603,110028,59,0.8794155120849609,0.6202257035570985,0.6202257034958725,0.9228419323633447,243,0.9999999895458631,22,1.0,785
MOT20-02,290,246,47,59,11745,84fab3eb4891e52ef2eea5b8d0f857e6cc7e22fec8f229e48e1ba133ff34eb95,other_target,dual_retention_add,candidate,12624,110402,59,0.8758009076118469,0.600802950977382,0.6008029476951985,0.9063388751397807,243,0.9999999921117475,22,1.0,785
MOT20-02,293,246,47,59,11865,d0e8a9e3776a7e239dcbe522cc36713c97335db14f1471883c2f042ea217d009,other_target,dual_retention_add,candidate,12686,111514,59,0.7310934066772461,0.6042661707983789,0.5692260255623739,0.8314139047577496,243,0.9388184935373799,22,1.0,785
MOT20-02,294,246,47,59,11904,3fa35810bd9077cc5ffdaafec48bb1685b35887b28d51b3d867c0e7183b2222f,other_target,dual_retention_add,candidate,12704,111865,59,0.44958409667015076,0.7994308123767159,0.5698643269600663,0.8277385213212876,243,0.635652031434401,22,1.0,785
MOT20-02,295,246,47,59,11943,01f2fcf00253899b977268891c8ec8094518fbe19855368ae2412e800cbaeee4,other_target,dual_retention_add,candidate,12724,112229,59,0.531100332736969,0.7882595427808222,0.5594564619995994,0.8079084389168237,243,0.5951100249487704,22,1.0,785
MOT20-02,339,7,97,94,13689,31dd40ed980f003dccd8f8584de4d4d7699103e290928442d5076c6a4ca65a74,other_target,dual_retention_add,candidate,13606,128219,94,0.5324618816375732,0.828450143874105,0.8471530925317378,0.8732193415327143,270,0.8110699506522117,20,0.7660277594183741,1530
MOT20-02,340,7,97,94,13726,4ccfb93ff6f37557c2cd6de9ee1f1ed72abd5dabf83f2e3a102a4c24e7e1f353,other_target,dual_retention_add,candidate,13629,128560,94,0.16001760959625244,0.7622353807631658,0.8656942143884049,0.8689609850087384,270,0.7878645524315867,20,0.7660277594183741,1530
MOT20-02,341,7,97,94,13763,4c4ca7a3db41dafcbe681eb606e902d66c0f13d62e23597d723a90002867af26,same_target,migrate_replace,candidate,13640,128839,94,0.8516969680786133,0.9001956415675743,0.9001956395652627,0.8807893946906296,270,0.9999999816165276,20,0.7660277594183741,1530
MOT20-02,342,7,97,94,13799,07b75bc517941eb5ade2f2a0db8b9f7074d14f79e92c6385c93514bb72e5512a,same_target,migrate_replace,candidate,13660,129191,94,0.8612982034683228,0.9448709604362523,0.944870954652915,0.913134635502943,270,0.9999999908324975,20,0.7660277594183741,1530
MOT20-02,344,7,97,94,13869,7bde10ac39a7569ab85b301b90a5b409f344bd4a155910a2657a330967705615,other_target,dual_retention_add,candidate,13700,129882,94,0.8546256422996521,0.913200138885398,0.9170210834122466,0.9299997475066276,270,0.9831491709881672,20,0.7660277594183741,1530
MOT20-02,345,245,46,59,13890,e91468bdaa26a380de57f76466a021f7383d44bf6f95731c510d919d13ae2558,other_target,dual_retention_add,candidate,13731,130348,59,0.3898083567619324,0.7432332460311996,0.4810057277947406,0.8812331023484009,243,0.6354687040642868,4,1.0,322
MOT20-02,345,7,97,94,13904,a940d352c6c54f29cf3619c2cb7e3eecf5975f97668e60556925aa452167fa7c,other_target,dual_retention_add,candidate,13720,130229,94,0.8703734278678894,0.8761905650429734,0.8991949122139717,0.9278466667108493,270,0.9602121068628764,20,0.7660277594183741,1530
MOT20-02,346,245,46,59,13925,52c30fa89b8e45345ef68205d50551ab831b22ffc93399c8ad44865d02e6dc1a,other_target,dual_retention_add,candidate,13753,130711,59,0.5043851733207703,0.8569607699888546,0.5009313498983906,0.8399648295455495,243,0.5350096949158809,4,1.0,322
MOT20-02,346,7,97,94,13939,45aa0d502599fb354c12027df25ed4d22c71ab1bf16fb35f8fdd7c62b8d77e25,other_target,dual_retention_add,candidate,13742,130584,94,0.8725022077560425,0.8900462346200784,0.8908366549142424,0.927524414404658,270,0.9747251981167505,20,0.7660277594183741,1530
MOT20-02,347,7,97,94,13975,1838cfbd63ba3f8caa60e154ddc3c7a2ffd33bc30634c4e8f5b9fbb0e276d1c8,other_target,dual_retention_add,candidate,13770,130998,94,0.8735175132751465,0.8392047712942041,0.848189826908846,0.921315829850155,270,0.9765341297261471,20,0.7660277594183741,1530
MOT20-02,348,7,97,94,14012,789d4785dc7d518a4643986f8fd7c143ade60c2bd1e869b4f264981d3a9bfcb3,other_target,dual_retention_add,candidate,13792,131355,94,0.48957952857017517,0.8116815930365928,0.8221252794570232,0.9245356492052464,270,0.9688053019681618,20,0.7660277594183741,1530
MOT20-02,352,7,97,94,14160,332bd86b660cfa59fc7d2987db914cd1ab406d0daa385fa880f55b81cde801cc,other_target,dual_retention_add,candidate,13864,132661,94,0.8641893863677979,0.8507864645126112,0.8507864727529081,0.9074633435205598,270,0.9999999856050349,20,0.7660277594183741,1530
MOT20-02,353,7,97,94,14197,6931c2216ae44af8c94daffef56bcd09bc35cdddbd93c1be62b95435b90cd6a1,other_target,dual_retention_add,candidate,13884,133014,94,0.7689051628112793,0.766295717522844,0.7997086321098295,0.9246625324067068,270,0.9487760152833057,20,0.7660277594183741,1530
MOT20-02,354,7,97,94,14235,2f558da8fefb0992e7902ecffa7cd691939c71fc3433cc4469bd4c5848663181,other_target,dual_retention_add,candidate,13903,133361,94,0.8440611958503723,0.7727368703067117,0.7847177811213032,0.9172718412831509,270,0.958690713717911,20,0.7660277594183741,1530
MOT20-02,356,7,97,94,14311,e47ae383e3337bfb4fdcfbb1f1acc115d74aaac25ce7537974f4593f0223a644,other_target,dual_retention_add,candidate,13956,134129,94,0.16671870648860931,0.7547297796047058,0.7763291549860688,0.9113152231337767,270,0.7440912882272966,20,0.7660277594183741,1530
MOT20-02,357,7,97,94,14349,2d9ca5fae7bf66a7f4f9cbf763e087f993c3eeb2a0280038a7e69bf3f02d6991,same_target,migrate_replace,candidate,13973,134481,94,0.45760783553123474,0.8170530063335361,0.8170530042158434,0.776801133442196,270,0.9999999894135363,20,0.7660277594183741,1530
MOT20-02,358,7,97,94,14387,1ee690e30929b72a347a5eb9a6a360a1b7dcea26cfb7597a73532f9231e14610,same_target,migrate_replace,candidate,13994,134827,94,0.695449948310852,0.8253009808099958,0.8253009787589035,0.7311059567121471,270,0.9999999898480267,20,0.7660277594183741,1530
MOT20-02,376,255,85,77,15069,a5812444bae00a69a6269330e7a2e26fedb07d98a97179f6d42d8b949f9c5cbf,other_target,dual_retention_add,candidate,14366,141504,77,0.693743884563446,0.595608071999021,0.5697871936540764,0.8307755414452626,253,0.9429332809928597,16,0.62,648
MOT20-02,377,255,85,77,15106,53d2fa04ad62403487bb4f23e06661b97371d07e14f5084eb8bdab1ee5005ed7,other_target,dual_retention_add,candidate,14381,141816,77,0.5753375887870789,0.7001329591343151,0.5603520144473365,0.8016381155013194,253,0.5148031892778873,16,0.62,648
MOT20-02,383,255,85,77,15332,e32472340b0e0c31cd3ef876a799758b758dc705658424b5d934e3c2f0eacd68,other_target,dual_retention_add,candidate,14507,144006,77,0.3654780089855194,0.6596443540862312,0.6180350268767718,0.8252304477611948,253,0.9349611428301859,16,0.62,648
MOT20-02,384,255,85,77,15370,5d82735fbc8b0ed90d3a08e7520a9153f57f154d4ae44c96edcc5a08bbb88fa9,other_target,dual_retention_add,candidate,14527,144359,77,0.14127011597156525,0.6454224462927896,0.6159659956899114,0.8400024334847508,253,0.940971500551271,16,0.62,648
MOT20-02,388,255,85,77,15522,4e0ee4acf3b91ef6798e706e08d932ff35ccd31646ee347b4610a6708e55db0f,other_target,dual_retention_add,candidate,14612,145775,77,0.7726911306381226,0.5486420848335427,0.5510984241741439,0.8605454563248119,253,0.9705207937524521,16,0.62,648
MOT20-02,389,255,85,77,15559,8b8b2e50ed8402ff014d418a7cf8ba368c777a9b642f2e5022cc06b17c9902fd,other_target,dual_retention_add,candidate,14635,146115,77,0.717336118221283,0.5450872886974125,0.5461012661695743,0.8510263139635026,253,0.9927535628400331,16,0.62,648
MOT20-02,390,255,85,77,15596,cfcd7fdf990f5378709ea4f2c330d92a786445a76a9552d1573ff65e5cc6e383,other_target,dual_retention_add,candidate,14651,146407,77,0.17727583646774292,0.6795617211691873,0.5480109921566038,0.8343128032766564,253,0.5719957380583907,16,0.62,648
MOT20-02,391,202,10,22,15615,5e67c59a2f8e6f7a5ee89ecf1a7a2be8d8345064efbc34f98b20617b96576013,other_target,dual_retention_add,candidate,14683,147000,22,0.8605596423149109,0.9679341772714285,0.685773004188814,0.9229588187576298,203,0.7027388315274953,3,1.0,433
MOT20-02,391,255,85,77,15631,846a3d6c7c195bb27029e67c0e75da5f2bd1c0b54ecedef4c4b6a3c269e99a60,other_target,dual_retention_add,candidate,14674,146784,77,0.7574008703231812,0.5901845180194063,0.5415385479171334,0.824362627813854,253,0.8963908048502471,16,0.62,648
MOT20-02,392,202,10,22,15650,49ba86e034d9aa514e184aab4192810a5550110615b81e21bb6f55c1e5070b29,other_target,dual_retention_add,candidate,14704,147347,22,0.8902531266212463,0.9680775008474138,0.70448545790839,0.9119257433028893,203,0.7241838122345133,3,1.0,433
MOT20-02,393,202,10,22,15686,1a3b4dd8bff90b27ec1a67f96b25a5ea8c444b1d051422903fbb90140309dc3e,other_target,dual_retention_add,candidate,14723,147713,22,0.8866751790046692,0.9525095980291838,0.7166924019279982,0.8949493528998484,203,0.7095966115770613,3,1.0,433
MOT20-02,394,203,22,10,15751,3f7987eba3dc96374cd781f948d8464456a3ab3f9eab92749fc62b87b5f202da,other_target,dual_retention_add,candidate,14746,148098,10,0.8996472954750061,0.9042978856772297,0.7089111201507866,0.9469409249795285,202,0.723804726620036,6,1.0,394
MOT20-02,395,203,22,10,15787,73a8514779851a14a3562759996373d59a17ad602035df431e9ef412a1139d06,other_target,dual_retention_add,candidate,14766,148473,10,0.88142991065979,0.912419250899995,0.7136679670894343,0.9183629507150849,202,0.7212312630159888,6,1.0,394
MOT20-02,396,203,22,10,15823,01a69f7e174603320f54adc944cb57fde4c1eb6a699da03c8a394f69b48a7c89,other_target,dual_retention_add,candidate,14785,148855,10,0.8797013759613037,0.9332083627996933,0.7274483645745453,0.88747715493467,202,0.7120629669047722,6,1.0,394
MOT20-02,397,203,22,10,15861,d33ef7d2d33b43c376d1aed78b0ef6d6ad96159e871698b5465892ba2bdebd50,other_target,dual_retention_add,candidate,14807,149250,10,0.8661091923713684,0.9386744079033922,0.7356178586234079,0.8596459067374227,202,0.7155262581772935,6,1.0,394
MOT20-02,398,203,22,10,15900,17d63f196cb59e43e7a3786a5c0ce2d2b1aa4344234cc9f04019b5be5850c3dc,other_target,dual_retention_add,candidate,14828,149643,10,0.8392879962921143,0.964872574063522,0.7456693491637424,0.847100163161958,202,0.7461892667744641,6,1.0,394
MOT20-02,399,203,22,10,15938,95bdf88d08960f498c37201c663a5b717849ec426c44db437dd02533c943ecac,other_target,dual_retention_add,candidate,14848,150013,10,0.8018378615379333,0.957271542760024,0.7077844925901422,0.8323999476779091,202,0.7341371396442276,6,1.0,394
MOT20-02,448,273,113,109,17802,a06ee1adad9932a8ca889b00116b1a1e1ce6e8a579f0c61525c224a1a60c4ce2,other_target,dual_retention_add,candidate,15858,167379,109,0.808709979057312,0.842444613991211,0.744276049105025,0.9191852834435726,264,0.7724377519142733,2,0.9285714285714286,29
MOT20-02,449,273,113,109,17837,0354a42208d876e5358b8dd140e2c365063a0880277bbc733016af5a32bc98c0,other_target,dual_retention_add,candidate,15866,167612,109,0.7695568799972534,0.8216938422386579,0.73469520150743,0.9336371150302708,264,0.7321235862983118,2,0.9285714285714286,29
MOT20-02,451,273,113,109,17908,2c48a4c1ca1ff945367ea899ebef465492b4d77f67cda6ce8482c1f445c29cbc,same_target,migrate_replace,source,15909,168302,109,0.6533555388450623,0.6939733663806448,0.8636130137385728,0.7991949833492124,264,0.7815008818772852,1,1.0,362
MOT20-02,455,271,118,109,18054,5885f0170bd95eca8ba0bdf89cffa7451df921caa906d6b30f00194ad05ff223,other_target,dual_retention_add,candidate,16003,169794,109,0.7281476855278015,0.5229807472342606,0.4503221287376438,0.6327758180031562,264,0.8427677428917852,1,0.9545454545454546,29
MOT20-02,478,235,60,114,18918,5538f870a91a4ea3a211f6f0033a180b56b37bb43f24a808e2d1d3a94c9cfe32,other_target,dual_retention_add,candidate,16485,177960,114,0.7404004335403442,0.8124264097585504,0.679808698236757,0.9197540932147739,177,0.765142661610833,1,0.6666666666666666,391
MOT20-02,481,236,66,60,19030,c39c6b71e1872f557c6e8e6e8b15673fadc94898889de68b49caaaac37c6d7eb,other_target,dual_retention_add,candidate,16549,179053,60,0.6108917593955994,0.5064478463019617,0.5009605497299984,0.7934596484470272,177,0.9689387588770413,1,0.7368421052631579,374
MOT20-02,482,247,84,125,19066,9ac9709a121e7332f9bb974b38e2023400ed62c54e2b984025e7907ed7d87e6e,same_target,migrate_replace,source,16573,179467,125,0.6821666955947876,0.7627651601343101,0.8202610589659791,0.1942082010913881,243,0.7412806919178987,1,1.0,85
MOT20-02,483,247,125,84,19103,81ed666de639daf83baf87691c63cfd60f69af27bc16d4f2c1d25468ec2b6b9c,same_target,migrate_replace,source,16586,179645,84,0.7555875182151794,0.8507855940879515,0.8507856076202354,0.20142158442219213,243,0.9999999837368109,1,1.0,4
MOT20-02,484,247,84,125,19139,8832226b29b55dea798681369d4abcc994daf0573a433dec7856b09bfb8121a9,same_target,migrate_replace,source,16614,180144,125,0.7467204332351685,0.8267290326949728,0.8267290327007375,0.24058176147080026,243,0.999999989086858,2,1.0,291
MOT20-02,485,247,84,125,19176,d422b6a17d8f34cb61ccc98290545a98aa70c4f72853d69ba61c5f6fc1c27b53,same_target,migrate_replace,candidate,16633,180493,125,0.6697793006896973,0.8441464437022116,0.8441464425506828,0.22651600305378236,243,0.9999999864794101,2,1.0,291
MOT20-02,489,262,104,109,19312,6dfb983e68baef98a185fddd4b90095667016807ef73590e317783a13f30b787,other_target,dual_retention_add,candidate,16712,181748,109,0.8405423164367676,0.6998452423881966,0.5127171941057485,0.9193335170399686,264,0.6944876400926955,1,0.9603174603174603,486
MOT20-02,490,264,109,104,19360,f583b4dd35116c3de74a15675186bfe59547156f80803010c6b4a5312e36be0e,same_target,migrate_replace,candidate,16724,181946,104,0.8349534869194031,0.9419345306844016,0.7059335970658408,0.6763542806043578,262,0.7248376905038773,3,0.9787234042553191,300
MOT20-02,491,264,109,104,19396,2c8d85539fbed18b41f193d3a4b39752c4003c92285fb6e68d38130371c18b1a,same_target,migrate_replace,candidate,16752,182368,104,0.7755224704742432,0.9304904575625919,0.7246658836928906,0.6308329144826131,262,0.7353532475600164,3,0.9787234042553191,300
MOT20-02,492,264,109,104,19432,70753f8653797f8cd2a64a1ea20d87cdafed903aa8ad934b39daff2c8c92c8c9,same_target,migrate_replace,candidate,16771,182712,104,0.8025709390640259,0.9442362948027034,0.7186405047404285,0.6251277323956319,262,0.7462979363322795,3,0.9787234042553191,300
MOT20-02,503,295,111,113,19824,2f2b671ba70292ee3b1303eb0b564e7ff5f84d5879940ae3c8b2ab652944cb8e,other_target,dual_retention_add,candidate,16997,186383,113,0.8237170577049255,0.6605129009750148,0.6487999088472564,0.9317977121775111,273,0.979232461118466,3,0.9368421052631579,97
MOT20-02,504,295,111,113,19859,4469746f7cedd78bf8a2b4e11c41529ba94b31f7df2aef22a4684eacfb6c721a,other_target,dual_retention_add,candidate,17016,186709,113,0.8365684747695923,0.6175841497308516,0.6175841632618748,0.9487728629940568,273,0.9999999735791611,3,0.9368421052631579,97
MOT20-02,505,295,111,113,19893,9cfd3e1f33010bc91499115b880ea533cf8ae293ee3d6cdfd8c3fc4c67bfa19a,other_target,dual_retention_add,candidate,17037,187034,113,0.8379456996917725,0.6205878434559919,0.6205878481643836,0.956146269123364,273,0.999999992994207,3,0.9368421052631579,97
MOT20-02,582,277,145,123,22681,741bbc5e5bc5b90419e481cc3021d39f364aad5f4f3a9d3229e821924e69b64c,other_target,dual_retention_add,candidate,18625,214072,123,0.789819061756134,0.6709474074858901,0.6498779387751908,0.8213293711761501,183,0.9237341699890428,9,1.0,10
MOT20-02,583,277,145,123,22719,1996a4dca422ec4109b2e8031c7c97cc4a7454924ece07b8e59bd6d75424b596,other_target,dual_retention_add,candidate,18649,214456,123,0.799383282661438,0.5405925307543652,0.6159626020338339,0.839180062445995,183,0.8706745904790139,9,1.0,10
MOT20-02,584,277,145,123,22757,820b8b16526795c732d5730a5fd816ffd8adea2f913d28db2284e1f1394ae5e0,other_target,dual_retention_add,candidate,18667,214817,123,0.3740207850933075,0.5496588020225354,0.5496588093419318,0.8606169459954618,183,0.9999999841111467,9,1.0,10
MOT20-02,585,277,145,123,22795,01d5552f62aa3552459b2341004dc47f3bcf0c69cd9942ee0518f3339e5629b7,other_target,dual_retention_add,candidate,18689,215177,123,0.748016357421875,0.5521683374933075,0.6517140942816803,0.7979707388261164,183,0.7496271670034176,9,1.0,10
MOT20-02,586,277,145,123,22834,a411c209764822f67e4d81ecd53ca635e2facaf315f8fa2489a32b618e88b065,other_target,dual_retention_add,candidate,18716,215614,123,0.6467040181159973,0.6851438633672245,0.6366372900266292,0.7842777943989369,183,0.8949287499402293,9,1.0,10
MOT20-02,586,276,115,137,22845,e81d1855157e042605ff64b7b45e825953f9cd30754845467be4112a7507a489,other_target,dual_retention_add,candidate,18715,215598,137,0.850678563117981,0.6618759306120804,0.6618759290347236,0.9104196535735113,275,0.9999999954821298,7,0.978021978021978,421
MOT20-02,587,295,99,113,22869,c44a328672bbeb8acd26330a76e28a66ecea02543502f7794731d3f905cf96ec,other_target,dual_retention_add,candidate,18731,215931,113,0.8898459076881409,0.9564055559635823,0.7452240452911678,0.9140748673211863,273,0.7227780867211643,2,0.9746835443037974,80
MOT20-02,587,277,145,123,22871,54deb541d2b5c416023432db8ec4be6a00f56a9ab97bfd433a0767c5cffc9f44,other_target,dual_retention_add,candidate,18728,215902,123,0.5752583742141724,0.6436429008683139,0.6477385852806342,0.7904507752910807,183,0.9288502422245937,9,1.0,10
MOT20-02,587,276,115,137,22881,6051deb8563399a56d3546b2e36cddc6dd8245929851bd843e0dc6913e5274a8,other_target,dual_retention_add,candidate,18737,215958,137,0.7713592648506165,0.6418371556860738,0.6694607615781827,0.8948551192150616,275,0.9209324640217436,7,0.978021978021978,421
MOT20-02,588,295,99,113,22905,3af411f2f0a1392e8bd68503701d998eccc5112c65fee2e07fa95139daf0142f,other_target,dual_retention_add,candidate,18759,216350,113,0.8755762577056885,0.9345590146031895,0.7411691553525458,0.8923685618375803,273,0.7240343167332493,2,0.9746835443037974,80
MOT20-02,588,277,145,123,22907,f9068ba95716139f8fde9c33404dfbf6ae3809fce8b15af731db9e0c8060ce9a,other_target,dual_retention_add,candidate,18750,216258,123,0.8050231337547302,0.6089112098877008,0.6344803701605185,0.7878468569625752,183,0.9217835745400581,9,1.0,10
MOT20-02,588,276,115,137,22917,6450e1067f3ab84f79d16fbff62c9c96a4368034238590a8ab547f080abc191b,other_target,dual_retention_add,candidate,18757,216317,137,0.8661960363388062,0.6695927388342607,0.6695927395576121,0.8904882873210291,275,0.9999999864051103,7,0.978021978021978,421
MOT20-02,589,277,145,123,22943,9aa81f3b47458e51f599aa8d604d9d9d1ac93e17b1ee44728bad8fbe53284766,other_target,dual_retention_add,candidate,18775,216668,123,0.3436276316642761,0.8326358565624657,0.6273173713901756,0.7867276413019804,183,0.7412705337888597,9,1.0,10
MOT20-02,590,295,99,113,22978,51786a86f6250adcdee91fb0bda6314cacad2432213ba68ef370ae0a51d4e7b3,other_target,dual_retention_add,candidate,18790,216992,113,0.8747383952140808,0.9308752955719691,0.7469594732738044,0.8934102666492295,273,0.7180295181744762,1,1.0,2
MOT20-02,590,277,145,123,22980,470b47ee1f2e185c996737e11e795ac424a64c6a55afb754e8cd3ef946b1a5fd,other_target,dual_retention_add,candidate,18789,216975,123,0.832342803478241,0.5522919476284078,0.5522919491932711,0.8493755734910784,183,0.9999999918948579,9,1.0,10
MOT20-02,591,276,115,137,23026,58d974260b49bb461b368be2b1d092ca46133210e4ba1deae5eb5ae88751088d,other_target,dual_retention_add,candidate,18808,217286,137,0.7468273639678955,0.5832295706835894,0.5648546864997427,0.8098214071882422,275,0.9684506363657083,7,0.978021978021978,421
MOT20-02,592,295,99,113,23052,b9d31930bc4af270ad1ed2db0a5435cff51ee5fd078ec10d572a2eb21d0c6c77,other_target,dual_retention_add,candidate,18834,217698,113,0.8694994449615479,0.9458308703711216,0.7371157683939357,0.9051577760919158,273,0.7111576427787569,1,1.0,216
MOT20-02,592,276,115,137,23064,42774eb2ee613a41f0abc5351c59bd111c5f9fb4ad6e7b3a0517f520c342170e,other_target,dual_retention_add,candidate,18828,217641,137,0.3370281457901001,0.562729786344065,0.5009228275489823,0.8221692459271722,275,0.8779224690263719,7,0.978021978021978,421
MOT20-02,593,277,145,123,23091,b4798775680a335dcb87a7ea9110c6dfce089202dbd915d621eee1a35b994b05,other_target,dual_retention_add,candidate,18851,218029,123,0.8037377595901489,0.5460744517839489,0.604911198519937,0.8721310934368989,183,0.9065870517885062,19,1.0,404
MOT20-02,593,275,137,115,23107,b4a8b9fbc4df21545a0f8b6889567798e58bcc5b0aac5ae8e03acc3276ef2d40,same_target,migrate_replace,candidate,18858,218091,115,0.8267119526863098,0.7906220758497,0.6332160653084662,0.5921401411778023,276,0.7549941005575909,1,1.0,324
MOT20-02,594,277,145,123,23128,f714e096701e2c5d8b7b105f9ff8acf39cffb704fcbe7f3ab89df36977466bb8,other_target,dual_retention_add,candidate,18874,218384,123,0.8197383284568787,0.5273064317634373,0.5825532700654874,0.8630845859223749,183,0.9043806736074392,19,1.0,404
MOT20-02,595,277,145,123,23166,782749fb7490af5039c344ccf8c744003e70d21e88868888e82c1d1f20a5e03e,other_target,dual_retention_add,candidate,18899,218794,123,0.2799776792526245,0.7739815189264329,0.5642336803555449,0.8627854586403408,183,0.5824984744132473,19,1.0,404
MOT20-02,596,277,145,123,23205,d92e2da903c4bf47b1fcc96962d5d737f873aca160061a3fc5e1b7aa68d8a619,other_target,dual_retention_add,candidate,18919,219162,123,0.36625632643699646,0.7903262249621462,0.5705740300800396,0.8720497405256228,183,0.6231227746903059,19,1.0,404
MOT20-02,597,277,145,123,23244,a9917c08a69e423200f2cda8056226b1fcaf898b69939aa84f7173fc0fee73c4,other_target,dual_retention_add,candidate,18942,219534,123,0.7998982071876526,0.5760239747245068,0.5576449335910897,0.8681087216933702,183,0.8753934982323959,19,1.0,404
MOT20-02,598,277,145,123,23283,14d8ef024c1d164ebebc0b535793d7bd711237298b353124c0f0cac3c658b0bb,other_target,dual_retention_add,candidate,18962,219902,123,0.7750732898712158,0.5955642559887414,0.5627879297724795,0.8592608208282072,183,0.8669970446318719,19,1.0,404
MOT20-02,599,277,145,142,23332,134590039aad56fcee8871b6fc81b739fca2f7cccdf5b8ea011f56f8781fe8fd,other_target,dual_retention_add,candidate,18975,220215,142,0.8468239307403564,0.5202366571186121,0.5428955038756907,0.8720663479352898,55,0.9338375628035063,19,1.0,404
MOT20-02,600,277,145,142,23370,0513a9f58046f1f3e0851d11b7de0ac42bff7245e3fa528e9385f64970723a21,other_target,dual_retention_add,candidate,18996,220593,142,0.8750894665718079,0.5060879651644545,0.5305200877422624,0.8638513875916997,55,0.9380251852358795,19,1.0,404
MOT20-02,601,277,145,142,23409,3b987d45472e955a13c14185e3e9b86e6f3b6ff731b67f98cb95c27777e65a9d,other_target,dual_retention_add,candidate,19028,221053,142,0.22039763629436493,0.8294468748504795,0.5703820686631684,0.8465843927609934,55,0.5485376427557572,19,1.0,404
MOT20-02,602,277,145,123,23438,7cf34bc839fb9dd23867988f572ea92f5f09516bdc82b20d4d9650154a01bc2c,other_target,dual_retention_add,candidate,19046,221445,123,0.24426040053367615,0.7627270059457318,0.49104582054343643,0.857489032355296,183,0.6373401206249407,19,1.0,404
MOT20-02,603,277,145,142,23487,07a73d6bab5eae4caca6c69de3cda55ab4097785e17fc359d2fe0841a1f39c40,other_target,dual_retention_add,candidate,19061,221754,142,0.860992431640625,0.651455452989713,0.6571454481879809,0.8564949450361771,55,0.9587649212584286,19,1.0,404
MOT20-02,604,277,145,142,23526,020183cff491e3cb4baf512fd320b4123c50948611cc0eadbd9e3292f3ddb310,other_target,dual_retention_add,candidate,19092,222218,142,0.8327545523643494,0.624141520044352,0.6241415214132028,0.8580092318750319,55,0.999999991252167,19,1.0,404
MOT20-02,605,277,145,142,23566,08e59ca8167f78def7a243915084d0deb4e3b072a682613bc15de079714edff5,other_target,dual_retention_add,candidate,19112,222640,142,0.794262707233429,0.651489867200599,0.6514898580150285,0.8722963962324198,55,0.9999999854122801,19,1.0,404
MOT20-02,606,277,145,142,23606,beec0aa5ca059fd62c7ee51f13dcc12fd3de5f0f6ff92030fa0fe2600829e357,other_target,dual_retention_add,candidate,19135,223033,142,0.8166276812553406,0.665465737488265,0.6654657431479951,0.8662051176709397,55,0.9999999889009681,19,1.0,404
MOT20-02,607,277,145,142,23646,a17e341cd1de9742c33c65bf64311d005fcae32fbdb90cf8261c382a9e3a7646,other_target,dual_retention_add,candidate,19153,223423,142,0.8185303211212158,0.6990282843424003,0.699028288039783,0.877102143795387,55,0.9999999898463853,19,1.0,404
MOT20-02,608,277,145,142,23686,7fa935615cbb63e416d082bd57469325b95eb0f9868946d0c7101d5959854dd4,other_target,dual_retention_add,candidate,19175,223822,142,0.8129516839981079,0.7334284237195263,0.6899132183262784,0.843428317487677,55,0.9253053060331965,19,1.0,404
MOT20-02,609,277,145,142,23726,567802c1d5e8325aeb126ccbed35f2a332a63b4df610340a7d24d9266e3e7be9,other_target,dual_retention_add,candidate,19195,224223,142,0.7981526255607605,0.6947397612711762,0.6947397404797279,0.8414346342882536,55,0.999999972520382,19,1.0,404
MOT20-02,610,277,145,142,23766,c9e4876bb725033c7550ee65a021da869458d544e1457da06cea33fc96c3aa34,other_target,dual_retention_add,candidate,19215,224627,142,0.7410126328468323,0.508863084437994,0.6065706205073964,0.9200614737233803,55,0.8572565562593111,19,1.0,404
MOT20-02,611,277,145,142,23806,7713f637565055826dd19d406212f79d210ce97e5617774555aef9e682ccaa82,other_target,dual_retention_add,candidate,19229,224935,142,0.8026784658432007,0.6134561473794011,0.5913283342397455,0.8630331762667507,55,0.9408381266327326,19,1.0,404
MOT20-02,616,272,146,135,24007,092c4b6062888d76900c0dd7cf6d2eec6cb3ffcd6b9131a35ac21a5d49cb08a5,same_target,migrate_replace,candidate,19345,227031,135,0.7989205718040466,0.6368095463802301,0.6157449136705706,0.5238807101839861,271,0.9148231148622503,4,1.0,18
MOT20-02,617,272,146,135,24047,c17159921ed0d66579136f413c3eb3f109996bbd9ae53b81c31e310b5939436d,same_target,migrate_replace,candidate,19364,227404,135,0.6165021061897278,0.7981253659204786,0.6185828780321061,0.5074322948935643,271,0.7481967764172652,4,1.0,18
MOT20-02,618,272,146,135,24088,a2c0fe00e1533b5025460f0f5e2fade42bc31c9fe1cc073f3cca7e80138d9ed5,same_target,migrate_replace,source,19384,227807,135,0.8388001322746277,0.5975736320688909,0.6165014255460605,0.5266065656941958,271,0.937962043209314,4,1.0,18
MOT20-02,619,272,146,135,24129,2e65ba9baf2ee37fb8ad9aab5b8059f808cc0da6bd194ba2382aa5607459ff19,same_target,migrate_replace,candidate,19405,228186,135,0.4478083550930023,0.9580370425866934,0.6436438849136864,0.5195787317219105,271,0.6335427557070459,4,1.0,18
MOT20-02,645,279,144,123,25271,349c83c9795fd01b895ca349664d7677c6db147491b3cffb3b39173dbb609d48,other_target,dual_retention_add,candidate,19943,239057,123,0.8407844305038452,0.6205416943932447,0.6195359233168275,0.9331615247119007,55,0.9455957437620688,4,0.8795180722891566,507
MOT20-02,646,279,144,123,25316,c4b10dcf1e0aa7ae463c799c306cc1574ae31e45a0824fe832b17307673f1ea7,other_target,dual_retention_add,candidate,19971,239551,123,0.8456032276153564,0.6829961300649211,0.6919265500776893,0.951386966762115,55,0.9676921848330045,4,0.8795180722891566,507
MOT20-02,647,279,144,123,25361,13fadcd843c0492fc2c65b7e1c23bc133b753daa701669e15cd5bba764106709,other_target,dual_retention_add,candidate,19981,239884,123,0.2161858081817627,0.8031802673746457,0.7322012547439272,0.9377697368421045,55,0.6384207417973842,4,0.8795180722891566,507
MOT20-02,648,279,144,123,25406,bf9997beb768b86ada39c29688dc3b05a2b95a4d85d324f1a088f28107823f34,other_target,dual_retention_add,candidate,20004,240347,123,0.8292000889778137,0.6930083678848231,0.7273790311755176,0.9455314494662372,55,0.94319993147594,4,0.8795180722891566,507
MOT20-02,657,251,151,150,25819,9c85e6924fd3b929bd1c6d1abe14d218074d184470c5ec4405b1f1ca1f2e22d1,other_target,dual_retention_add,candidate,20205,244541,150,0.831678569316864,0.8583372348627522,0.630136802081755,0.9591264771078438,250,0.7301926502948105,1,1.0,41
MOT20-02,658,250,150,151,25872,7b69c706f45fed113693df33f49d3072023f8d06c8d3220cd886dc38e9ebbd57,other_target,dual_retention_add,candidate,20226,244962,151,0.8366623520851135,0.9163354638331856,0.6944701704125946,0.8728185868739216,251,0.7005146360410789,1,1.0,161
MOT20-02,659,251,151,150,25917,c23ab36bbf63f977044c79296f8dab182e2b1a732c3c0bf628259ffdeb2cc29c,other_target,dual_retention_add,candidate,20247,245402,150,0.8644729256629944,0.8690267002883525,0.6452302904027017,0.9409403177865565,250,0.7125641915895369,1,1.0,270
MOT20-02,702,271,135,97,27850,79ce535a16de9d55abcdb4b96bfa3744a3cf76fa3427fc9fe731451accc43248,other_target,dual_retention_add,candidate,21138,263233,97,0.8960167169570923,0.5192036237445393,0.519203619380782,0.9168250261157809,270,0.9999999892055047,13,0.51875,208
MOT20-02,703,271,135,97,27894,654839f26f5952373f74f1a924de5ec6e84482a35bce4787d0c64324d0a69fce,other_target,dual_retention_add,candidate,21156,263573,97,0.4011661112308502,0.535483447890327,0.5061799841302574,0.9131225682635915,270,0.9222134643439234,13,0.51875,208
MOT20-02,704,271,135,97,27938,d72b0035a3d1faabeba5a0b73956b14556dae413d5652bd9dc0bc26a9412cc9e,other_target,dual_retention_add,candidate,21180,263983,97,0.5014125108718872,0.5056397411847993,0.5056397428441227,0.8614115526544363,270,0.999999981542296,13,0.51875,208
MOT20-02,705,271,135,97,27982,0df491d1f52d7cadaddddbdaf203163ac60dfdb919870834b7b40e947e9cba43,other_target,dual_retention_add,candidate,21201,264403,97,0.43459466099739075,0.5324443785218629,0.5023419996431919,0.9284058795052798,270,0.9434638056237177,13,0.51875,208
MOT20-02,706,271,135,97,28026,5d9f7883f85f8c88d9927d1aca218dc3ea1064e0b96a21f53c125b403e5da33e,other_target,dual_retention_add,candidate,21223,264823,97,0.47863009572029114,0.5357235154042631,0.4987230546528255,0.9581275836746079,270,0.9253721619909291,13,0.51875,208
MOT20-02,707,271,135,97,28070,62dded0f814c9667ec5055cd5f94a3e09248184ed6cfae5b41c4e9f57a19b6b6,other_target,dual_retention_add,candidate,21239,265240,97,0.7130479216575623,0.5188081424097426,0.5188081377686636,0.8567257379594982,270,0.999999983250211,13,0.51875,208
MOT20-02,708,271,135,97,28114,f528203fbe2c53dfbe1ceb1ce92909c85455f50dd55da29ad4d7c245052534b5,other_target,dual_retention_add,candidate,21266,265678,97,0.7626364231109619,0.5639855948161138,0.5244452149791958,0.9150322324033885,270,0.9182271264472047,13,0.51875,208
MOT20-02,709,271,135,97,28159,3e7b2475b59493aee1ef457355f17c3e60b1ac9498a6e1378ce7eb68c5671465,other_target,dual_retention_add,candidate,21281,266082,97,0.6231426000595093,0.5903382293524226,0.5127125276743004,0.9037583423712033,270,0.8552637553902143,13,0.51875,208
MOT20-02,710,271,135,97,28204,e38a7fc908ff6a418619a1154f0d3a581f6f3527f4b0f0f51aea2a00c47ad96e,other_target,dual_retention_add,candidate,21306,266498,97,0.6742163300514221,0.6161106832200582,0.524816406872255,0.8781566031869469,270,0.8518216307000873,13,0.51875,208
MOT20-02,711,271,135,97,28248,073c40d4d079e8b9eef4d6f0772830afb20e907220b10d00d8a9feb6cdc5abd3,other_target,dual_retention_add,candidate,21325,266917,97,0.6685066223144531,0.6318515592392201,0.5123005671525883,0.8347741780223443,270,0.8107925978206385,13,0.51875,208
MOT20-02,712,271,135,97,28292,bd499d4fbe604d8160f636d4be078d7c179dc60b202350fee55d9667847489fb,other_target,dual_retention_add,candidate,21346,267335,97,0.5449532866477966,0.6650956770873376,0.5240610845970428,0.803046203976479,270,0.7513887250123447,13,0.51875,208
MOT20-02,712,263,109,124,28299,9b102df579defc65190d9e2704072e2144bf8951b7e3d9e371c85cea2bf7153c,other_target,dual_retention_add,candidate,21355,267504,124,0.8250449895858765,0.565925857333931,0.5659258587190612,0.9138225506187645,258,0.9999999867370029,6,1.0,491
MOT20-02,713,271,135,97,28337,05c6e070e735af29e3c993d0aba9d16acfad1ec5094f87c3106aac1efd469acf,other_target,dual_retention_add,candidate,21367,267737,97,0.22454571723937988,0.7370708546244429,0.5337737777378905,0.6515440138031845,270,0.5184739904440221,13,0.51875,208
MOT20-02,715,263,109,124,28435,214b16795e4cfd357d01ede8794cb479665a484a31b17e45c784531494e1a632,other_target,dual_retention_add,candidate,21410,268580,124,0.13680227100849152,0.8584011356125768,0.5491140677897961,0.9667726663006206,258,0.599218316723324,6,1.0,491
MOT20-02,739,177,70,94,29545,228c9df1182b336c710fa0ce9ec00ee7def3e67a976c11757baadcf168126824,other_target,dual_retention_add,candidate,21916,278881,94,0.8134490847587585,0.6524038872295771,0.6353047430270798,0.8855789511461778,270,0.9724019940751476,2,1.0,249
MOT20-02,750,274,160,156,30067,93a9f21f08bcbcc9d77d9d578ed0399a305ba120a8cdfdfb53b02a599fd3c386,same_target,migrate_replace,candidate,22143,283445,156,0.766804575920105,0.8374208798891453,0.8249636246544516,0.8211805545839058,183,0.7202690476711097,5,1.0,102
MOT20-02,751,274,160,156,30111,2349cc1014f29256a597b761c40919ce7a43a8fbf0f6fbd8b6acf6b1079707f6,same_target,migrate_replace,candidate,22159,283838,156,0.8685277700424194,0.924272168028533,0.9007572552531607,0.7918564091503506,183,0.9117883231500836,5,1.0,102
MOT20-02,752,274,160,156,30155,179906ce4c00bedcc9a6dafa52f1c97be62d4d54064c2cbd56599149d1327861,same_target,migrate_replace,candidate,22182,284241,156,0.8643475770950317,0.9064381109952423,0.905354487507484,0.7548825911248794,183,0.9161643691172662,5,1.0,102
MOT20-02,753,274,160,156,30199,1b5cbf0f39443d7f88f6060d942b11e243d66e36a6241e1e2015a5f05e887ecb,same_target,migrate_replace,source,22204,284671,156,0.5766766667366028,0.8569521954760454,0.8724691217094581,0.7710447124937834,183,0.7977531515151965,5,1.0,102
MOT20-02,754,274,160,156,30243,a483c44e2a73a53446bfe8c8cbd8ffffbe501fbbc52568a9f9fae84db4e00fd0,same_target,migrate_replace,candidate,22221,285099,156,0.8540089130401611,0.8558849804196486,0.8522013475762731,0.7835393479158463,183,0.9736263945126574,5,1.0,102
MOT20-02,762,271,135,166,30621,f05be736749684323f5d54d582bd11b37fb2e4b294848d81e23ea5a7ad5832e1,other_target,dual_retention_add,candidate,22394,288523,166,0.7828599810600281,0.565578325951599,0.5655783359996689,0.8375965543521939,272,0.9999999792539398,2,0.8958333333333334,55
MOT20-02,763,271,135,166,30666,3c6b6708c0bad9ea7ca30de2aaee50de934513826587f429fdbf32169323c1aa,other_target,dual_retention_add,candidate,22417,288981,166,0.6605319380760193,0.6411604927849069,0.5731039465578427,0.7757393117295088,272,0.8960036065444043,2,0.8958333333333334,55
MOT20-02,779,250,150,151,31386,5344848f7f68817060fcb78787c27406d690f9b06ca1fd7ac95dff0ebd892094,other_target,dual_retention_add,candidate,22755,295803,151,0.7938143610954285,0.8896810463534383,0.718693064561511,0.8868745979645885,251,0.7378671282554037,10,1.0,128
MOT20-02,779,283,169,168,31395,be85c4bd8f65444368950c5cf3ca14a3b7e02116f47e7835e7a994c7be93f96d,other_target,dual_retention_add,candidate,22737,295495,168,0.7392659187316895,0.7878021303898528,0.7865627053939348,0.8023762917467331,282,0.9649109620684141,1,1.0,87
MOT20-02,780,250,150,151,31430,23a04e6bbc683f0336a0954f30377a58d442c1dbb78d2cf5946c69a9ca6626d2,other_target,dual_retention_add,candidate,22777,296220,151,0.8523869514465332,0.8797760598082373,0.694443551081656,0.8616245678025,251,0.7230715222416788,10,1.0,128
MOT20-02,780,282,168,169,31440,fd94b524def5eb146c908d032645099f0e951f48784a9bb3cb4851f0da4e8e9d,other_target,dual_retention_add,candidate,22757,295913,169,0.775627076625824,0.8614230349058343,0.7135974916991806,0.8400235842360245,283,0.8059196143210519,1,1.0,176
MOT20-02,781,250,150,151,31474,60f94e278c17dccd841c6663b042e120ec28339a75a181475ee8f25230e31354,other_target,dual_retention_add,candidate,22795,296659,151,0.8377783894538879,0.9149211967019955,0.7433704120873811,0.8892577962895819,251,0.7600485537503178,10,1.0,128
MOT20-02,782,250,150,151,31518,d31c8748d075f0fe9bfb34b38e676e32523a38741b9af7278b94ade1d6c32a4e,other_target,dual_retention_add,candidate,22814,297059,151,0.8703235387802124,0.8800411894731384,0.7354118980416235,0.887714293919587,251,0.754827131952591,10,1.0,128
MOT20-02,783,274,160,123,31557,bd27676d9d04b5982836b38798a1112aef65f4ed46cab2df59f547eb434f5394,other_target,dual_retention_add,candidate,22826,297334,123,0.9009462594985962,0.7412931129977699,0.7328359967481053,0.9635917838369175,55,0.9756904816536969,13,1.0,52
MOT20-02,783,250,150,151,31562,d651ef61ab62d2a5c06804c5b3a8fb3644d5134b05e9acab2cdb535d4e46c5c6,other_target,dual_retention_add,candidate,22835,297498,151,0.8640163540840149,0.8721001761996369,0.7054711037778486,0.8738511910031821,251,0.7599538251593018,10,1.0,128
MOT20-02,784,250,150,151,31605,7fc8001a8c95016bca5d9de504d40f97e7809484206998e16569dc426140acf1,other_target,dual_retention_add,candidate,22856,297946,151,0.8720561265945435,0.8179422611928907,0.681984736334521,0.8605426856757535,251,0.7550021790468524,10,1.0,128
MOT20-02,785,274,160,123,31643,5e872dd46784e21775f5747bbb1435e433914b8a08d38b987a808d9c281757f0,other_target,dual_retention_add,candidate,22871,298212,123,0.8947086334228516,0.7269310588025819,0.7265838721951836,0.9599161764705886,55,0.9725698150904409,13,1.0,52
MOT20-02,785,250,150,151,31648,0783750addec6a49a3c5c83578025421a338e7b58d1f740c1b327d2b104e91ff,other_target,dual_retention_add,candidate,22878,298368,151,0.8592554330825806,0.8297993757600395,0.6497946528332215,0.8351338419838722,251,0.7419591718054163,10,1.0,128
MOT20-02,786,250,150,151,31691,d4a84f60060889ba199797bd43f4997fde0de023d84ef4b8590fae339395a5a0,other_target,dual_retention_add,candidate,22897,298822,151,0.8441269993782043,0.8084426335213212,0.6553049980082288,0.8584686292911236,251,0.7352005809485382,10,1.0,128
MOT20-02,787,250,150,151,31734,9ac875fa477fb1854d5d1dda06451a87033469c9d99fe4ac4d80f4765cbf2f7a,other_target,dual_retention_add,candidate,22920,299232,151,0.8548756837844849,0.8042721409949842,0.6451227949580995,0.8634843527729784,251,0.7275290477125996,10,1.0,128
MOT20-02,788,274,160,123,31772,837306871adcc7c4a3c7d0114cbbcd9d9a8a76abdf4f03a20ebbb9893e047009,other_target,dual_retention_add,candidate,22934,299437,123,0.10343404859304428,0.6784523660172719,0.6557298228791318,0.8907911677114929,55,0.7642284635095954,13,1.0,52
MOT20-02,788,250,150,151,31777,b8f7c1ad25f0ee3a5f4b22c646c7c28896eade6893071e23483469e25d98232e,other_target,dual_retention_add,candidate,22941,299665,151,0.86614990234375,0.8150364710404165,0.6302683322628815,0.8557801110440559,251,0.7315443795711782,10,1.0,128
MOT20-02,790,274,160,123,31859,5481b239069b99ff620d84822dcada1d5de10f4666ad136fe6ccf49cbc06c310,other_target,dual_retention_add,candidate,22974,300338,123,0.879902184009552,0.5856893355033806,0.585689339351264,0.8839898948509902,55,0.9999999896798283,13,1.0,52
MOT20-02,791,274,160,123,31903,a49c750dd396211035fac76fce80b4fb68fa2e5933dc4163ac53dcdfaa70763c,other_target,dual_retention_add,candidate,22996,300742,123,0.8897087574005127,0.5584053666908233,0.5584053747958605,0.8712814182820237,55,0.999999983771617,13,1.0,52
MOT20-02,792,274,160,123,31946,cb80a37c2d94fd3978bd09d8ca673051ab9868c4ced412ad2c2a5cc8f598c064,other_target,dual_retention_add,candidate,23014,301083,123,0.7509281635284424,0.5993638501825991,0.525018537891528,0.8605180183080541,55,0.8603582836457564,13,1.0,52
MOT20-02,793,274,160,123,31989,af70221a5b0b228e40121708c96527e99e5d10b494a68ff1c57b6ba2c51e5f44,other_target,dual_retention_add,candidate,23028,301442,123,0.16052229702472687,0.7035872000731224,0.5007248569212248,0.8469027145544662,55,0.6738465220745664,13,1.0,52
MOT20-02,797,250,150,151,32169,4597deecddb788a6b4c829e13e9c89d7df6f7ff842af072632f6ab5d131f8270,other_target,dual_retention_add,candidate,23126,303339,151,0.8713741302490234,0.8128884738490447,0.600775212826383,0.8916860659902638,251,0.7208312899168144,2,1.0,14
MOT20-02,798,250,150,151,32212,c2e0ac58b56f02012ea2864162373c1837473a62f87b683e0118e35ab7285516,other_target,dual_retention_add,candidate,23147,303748,151,0.8624188303947449,0.8308456812093292,0.6114817378363435,0.9058796097926617,251,0.7078352969475408,2,1.0,14
MOT20-02,805,250,150,151,32536,4a9e817e5bf53f87c890c0935c0b7e9f9995367c0cdf5575eb3abb6034379410,other_target,dual_retention_add,candidate,23293,306777,151,0.8747159242630005,0.786961744684719,0.6051093721747431,0.8992907362973919,251,0.7115400547691568,1,1.0,20
MOT20-02,814,1,172,123,32960,fc1e0b5d8b174a72c812b65303594fa129f71c74e23343f2a8e59f91646b60be,other_target,dual_retention_add,candidate,23471,310487,123,0.2389102429151535,0.7538144914275812,0.7538144915660815,0.8750710963241792,55,0.9999999870853352,15,1.0,45
MOT20-02,815,295,99,97,32989,ac5956b74962ec1bd3e46028a4a70e026647cec2bdaf18d7d2f1b81a4c7b7354,other_target,dual_retention_add,candidate,23498,311018,97,0.237234428524971,0.8912856989976469,0.6112048698546786,0.8967780570614603,7,0.5594339100327821,8,0.994475138121547,396
MOT20-02,815,177,70,137,33002,f603738ea0d5247be2d5da59c7210b5a555f34bf90080bf77a8b2cfd9cbb6caa,other_target,dual_retention_add,candidate,23494,310919,137,0.7376348972320557,0.816836392620623,0.7157379886588998,0.930101778573236,275,0.8592586756831952,4,1.0,256
MOT20-02,815,1,172,123,33005,9d0720a024a3496a1a21eb1a8859931e8ac81cf9c2ddae038c67f0f1d0bbf2f2,other_target,dual_retention_add,candidate,23492,310911,123,0.18365275859832764,0.8599623082750792,0.7295269429604624,0.8565089829149028,55,0.7480180086818697,15,1.0,45
MOT20-02,816,1,172,123,33050,6d9c216c6ef51626cb5a554a57a7827f92ef950bc1128bb591e58c8d8bcd9bc2,other_target,dual_retention_add,candidate,23512,311326,123,0.2443375289440155,0.894591671809762,0.7274630430370578,0.8428438581511106,55,0.7117669659998719,15,1.0,45
MOT20-02,820,274,160,112,33226,da71abbaa57c7412015cb808a677beb4eb5fe8c420e1a9820169dfdbbaa06abc,other_target,dual_retention_add,candidate,23598,313057,112,0.5545840263366699,0.8611135278151377,0.6896984602269859,0.9125657658252476,15,0.7185999993697223,3,1.0,326
MOT20-02,820,250,150,151,33243,1e967c1da3e645b1a64d49a797d06f4d94070c77aef024ecb28df02de95ce387,other_target,dual_retention_add,candidate,23605,313256,151,0.8454505205154419,0.931767755951595,0.6606069862218832,0.8901203854463419,251,0.7011613137054062,3,1.0,15
MOT20-02,821,274,160,112,33271,746075d5f2272ee15687192e1792513cfbeab5072326654115bd25e47aea8322,other_target,dual_retention_add,candidate,23616,313480,112,0.7743271589279175,0.8361187499923993,0.7075430629720484,0.9031923568150902,15,0.7290843675815968,3,1.0,326
MOT20-02,821,1,172,123,33283,877b06169323a4edbf09b6dcd47f7f0cdbc1d61c4cc79ea250adbe2567b54b63,other_target,dual_retention_add,candidate,23621,313542,123,0.8214078545570374,0.7365855122006446,0.7412748093445375,0.7687393378970405,55,0.9921508461243322,15,1.0,45
MOT20-02,821,250,150,151,33288,0fbf3fe5fafb979487bb6fcd3bdcda28bbcf54783b8226545aee596b64a64605,other_target,dual_retention_add,candidate,23627,313694,151,0.8399980664253235,0.8882131995463923,0.6834966103918467,0.8986247644999723,251,0.7343506680523592,3,1.0,15
MOT20-02,822,274,160,112,33316,486d139a2f1fe200d3ee965687158687806e78b787048d9f6e3d8c5a9c4b151d,other_target,dual_retention_add,candidate,23638,313924,112,0.4278135895729065,0.8535076473353036,0.7268774831680789,0.8949917394092679,15,0.7224252574353807,3,1.0,326
MOT20-02,822,250,150,151,33333,c2563e4f10a3e524e67c265d8ee9761c200aca140a1ca832ec1639355d89d636,other_target,dual_retention_add,candidate,23646,314124,151,0.8642377853393555,0.8824358539478342,0.7020668638736557,0.9137644997533189,251,0.7489166743361284,3,1.0,15
MOT20-02,824,250,150,151,33425,cbac7d0d6d3158efc25f5698b3977e4d4c35cee556fd3de5f0946f587c246d08,other_target,dual_retention_add,candidate,23690,315033,151,0.8513100743293762,0.8841836395668832,0.6818266286692243,0.9306736436096238,251,0.7310173843492609,4,1.0,5
MOT20-02,825,250,150,151,33471,67ea4d12fc6582fd87faa3d8833245044e0cec80a6aee0a9446b5abf458d665a,other_target,dual_retention_add,candidate,23711,315490,151,0.8419131636619568,0.8388998322221172,0.6841087048367309,0.9378063563221948,251,0.7246973440717998,4,1.0,5
MOT20-02,826,250,150,151,33517,b264959eeac3feb5ffcd4a1b3d5ac5f31024b6ce5f013ddfe566f613b7f5aaad,other_target,dual_retention_add,candidate,23731,315972,151,0.648227870464325,0.7982460003519041,0.6824128643103615,0.9287334094732306,251,0.8519651719610603,4,1.0,5
MOT20-02,827,250,150,151,33564,489a346941ee9f6122bf3443f4ebb629df8ffcf64ba7d2f78f5c585203f718ba,other_target,dual_retention_add,candidate,23750,316412,151,0.8391023278236389,0.8601699653109761,0.6624730268519871,0.9058147242123266,251,0.758063230472989,4,1.0,5
MOT20-02,862,1,172,112,35166,4d1d55190036252b2456a902a4a6ee0855b8482b46a12b55f8f24007c83e3082,other_target,dual_retention_add,candidate,24471,331679,112,0.1523410975933075,0.5842858777104988,0.696713076038341,0.8935286076538654,15,0.5486768376510432,9,1.0,266
MOT20-02,865,1,172,112,35303,a3f5c291f4066b606248a8c3e50549b7f16d5da1644340b947b563be7d386df9,other_target,dual_retention_add,candidate,24541,333114,112,0.8627331256866455,0.7071332478338762,0.7035943049201396,0.9197665163173253,15,0.9819086874308957,9,1.0,266
MOT20-02,866,283,169,162,35365,eff0130e6f06abd8ea59e300fc89f6148b77ec26eca740273ed4405c16352dbd,same_target,migrate_replace,candidate,24560,333478,162,0.8252479434013367,0.7878179345723432,0.7874589145649907,0.7666846902724316,281,0.7502104228917232,2,0.9922779922779923,345
MOT20-02,867,283,169,162,35410,6ffdafc03e1bba45f55b1cb8ecd895cf20be4bfbb0f257d49a8cffe7a493ee43,same_target,migrate_replace,candidate,24584,333938,162,0.8375769853591919,0.8216165993192605,0.8216165918365146,0.6925403513177755,281,0.9999999879145189,2,0.9922779922779923,345
MOT20-02,878,250,185,151,35927,82b55dd1bb94086b9d8f516a97c0e793be2d170f0902a978e8df07194feba28e,other_target,dual_retention_add,candidate,24824,339252,151,0.7112442255020142,0.7971426032488883,0.6740108993415354,0.8624472513603627,251,0.8271526536914373,12,1.0,48
MOT20-02,879,250,185,151,35974,4daf1273a3cc1f842de2127ec90e0858c379957dca090b873818cdc601351f9a,other_target,dual_retention_add,candidate,24843,339707,151,0.4234795570373535,0.7319236780963089,0.6840840183954632,0.8511863616265272,251,0.9336692106383597,12,1.0,48
MOT20-02,880,250,185,151,36021,9c82eee4cd98f15abcf286465ee02741110a6636a47f158978ed2d74bb66cd6d,other_target,dual_retention_add,candidate,24864,340166,151,0.5014171004295349,0.7744198588159329,0.7000607482426814,0.822079901796379,251,0.9018664411263517,12,1.0,48
MOT20-02,881,250,185,151,36069,8da562e0bef51dcf21db44ea5aac00bf68a1f73acaeb92cff7166b4999f27cfc,other_target,dual_retention_add,candidate,24885,340630,151,0.41023609042167664,0.7443658286475352,0.6799181431212002,0.8353816799810311,251,0.911375265913003,12,1.0,48
MOT20-02,882,250,185,151,36117,e5aebc3ef02d6fe347a27fa312afd2aba53520b1eacf6e4af8a0031c02a5bae2,other_target,dual_retention_add,candidate,24906,341097,151,0.36160650849342346,0.7022470978261397,0.6765111103119579,0.8361823793298191,251,0.9559533714937535,12,1.0,48
MOT20-02,883,250,185,151,36164,ed633c7a0ce5b826fd8b32a5a193b190884bbe163e32d0bf123281c62e3b2d5f,other_target,dual_retention_add,candidate,24927,341559,151,0.36108288168907166,0.6971012467882055,0.6624542673681403,0.8637702717557815,251,0.9456143031497114,12,1.0,48
MOT20-02,885,250,185,151,36256,46997ce13f9a885b4702bf7fcbfa0aef6de707a3979e995d0e8562ac0f892671,other_target,dual_retention_add,candidate,24969,342494,151,0.35536837577819824,0.6152305267428134,0.6152305214619821,0.8771465649277097,251,0.9999999868482737,12,1.0,48
MOT20-02,886,280,158,143,36294,4527bd3689ff220f070b8572e68743bb277edfcba7d8887bdf9176766b82b2bb,other_target,dual_retention_add,candidate,24985,342855,143,0.8349813222885132,0.8804971611071316,0.7389289189562235,0.8805784663873177,278,0.7059173354191546,3,1.0,263
MOT20-02,886,250,185,151,36302,3fd8c4d70662a5c527f4d1658f1a20aa1b049abdd664a284c9a98f212c643f40,other_target,dual_retention_add,candidate,24989,342967,151,0.49013572931289673,0.70306739061817,0.5975660302470085,0.9029012312207823,251,0.8442500864768812,12,1.0,48
MOT20-02,887,280,158,143,36340,a9f7521da499147ce560640081441cf001f78dab7e16c9e057a0288965008fb2,other_target,dual_retention_add,candidate,25005,343323,143,0.85173100233078,0.8914916005478023,0.7687104033430814,0.8678630555222009,278,0.7555720758143698,3,1.0,263
MOT20-02,887,250,185,151,36348,ba1a9e210698a223b9e7c88c65f0844e159596239bdee9ebba36863773840cc9,other_target,dual_retention_add,candidate,25011,343439,151,0.835938036441803,0.6840212522655845,0.6324742920541314,0.926683719645122,251,0.9224598068249782,12,1.0,48
MOT20-02,888,280,158,143,36386,f6769f136d33a0732cf346ff8f21107e0c41df240105331d5817e0d6b8d76089,other_target,dual_retention_add,candidate,25031,343839,143,0.8407755494117737,0.8657195706220097,0.6829949444765989,0.8530412409856482,278,0.7458502865914651,3,1.0,263
MOT20-02,888,250,185,151,36394,c6b532ab04740d6f43a5556df9669a7f07ce20fee3933a78047f386c089846d7,other_target,dual_retention_add,candidate,25029,343826,151,0.8523620963096619,0.605128285875636,0.6051282799719151,0.940881388824613,251,0.9999999894738802,12,1.0,48
MOT20-02,888,293,189,190,36418,685f318c208ad1b828976d8d64ed42c7cea528b848eaeaaedded748d44393856,other_target,dual_retention_add,candidate,25016,343627,190,0.5577718019485474,0.7965140644304641,0.6871053010190615,0.8954597531435374,6,0.7775393883043306,1,1.0,161
MOT20-02,889,250,185,151,36439,7f9e27d3536d5fc06e166a38f94c97deb326427228c9737422df83313292b2db,other_target,dual_retention_add,candidate,25052,344359,151,0.8118768334388733,0.7311035498202116,0.6374367517618051,0.9114035107041697,251,0.8679832163268805,12,1.0,48
MOT20-02,911,280,158,115,37523,5548e41bdf071216c8bcd2f2f407465338b1adfa81db4e50608ef311a044e3f4,other_target,dual_retention_add,candidate,25496,354476,115,0.7961642146110535,0.5301441881292234,0.5301441945006807,0.7624446604091648,276,0.9999999868449375,4,1.0,22
MOT20-02,912,280,158,115,37572,f90294bac8b9a1b33c690743961d6d53d55feb0fe52fded5fccafba2c17a937a,other_target,dual_retention_add,candidate,25516,354944,115,0.5194573998451233,0.5528685317558845,0.5673054897828951,0.7523790786327235,276,0.9396960412929494,4,1.0,22
MOT20-02,913,280,158,115,37622,43751d6d26c4b56155459afa0725f85bfd4a8fd1117ebbef442e02b148e94acd,other_target,dual_retention_add,candidate,25543,355416,115,0.15025174617767334,0.7816131586014453,0.5635204325566836,0.7630413719742397,276,0.5118354496655715,4,1.0,22
MOT20-02,931,4,170,168,38521,02d543a5f74b9f099392262f684044c2372deff3348d2907d41505633047dd81,other_target,dual_retention_add,candidate,25918,363890,168,0.8676870465278625,0.7685143061864433,0.7685143066037147,0.807150222027535,282,0.9999999860320193,1,1.0,141
MOT20-02,941,15,112,172,39011,8238edebd49d04809565ac1c894846293188df7e99b121282683def2ef201976,other_target,dual_retention_add,candidate,26139,368799,172,0.42145130038261414,0.7453005910835515,0.6616888690161639,0.9647547925934906,1,0.6878443020569711,6,1.0,524
MOT20-02,942,15,112,172,39058,73eaa9f6fea5624bd314f2d8363bd3973b81ff0659fe9775ddbf443089112219,other_target,dual_retention_add,candidate,26150,368935,172,0.2824641168117523,0.6799737953895542,0.6467157323811186,0.9392972813125069,1,0.5927425441778272,6,1.0,524
MOT20-02,1014,277,145,144,42585,2ee3220bd9b0a8bf47c7fa0a512fbc23c5d187e820160ce85734208529a56ac2,other_target,dual_retention_add,candidate,27669,403439,144,0.7768726348876953,0.7906178429461523,0.7061496103014856,0.9116252913729469,279,0.7039876720653419,1,1.0,413
MOT20-02,1026,277,145,144,43141,cf617e2d47c70415df1026daa310dd7fd1a039783c483cf5741cba1e3a8c5f46,other_target,dual_retention_add,candidate,27914,408835,144,0.8244779109954834,0.6984042517382331,0.4779221533495062,0.9310695654625503,279,0.7070611335831364,1,1.0,21
MOT20-02,1039,2,202,211,43748,f66204254f5c6f81456c643cee08bcff1af74ac3955bd36d4895bac07de747f3,other_target,dual_retention_add,candidate,28172,414250,211,0.8221044540405273,0.8690007157015456,0.6603593952782496,0.8928908324478048,294,0.7144950258112188,2,1.0,509
MOT20-02,1040,2,202,211,43792,fcc5cac765027864813f4749560e5c7deab219699b51803ab4b18e1a2724a16c,other_target,dual_retention_add,candidate,28191,414683,211,0.8317294716835022,0.8528519991170859,0.6723946376355556,0.9031124265796318,294,0.7315600272223466,2,1.0,509
MOT20-02,1045,13,224,208,44016,29d75837abe5dc2aba9452f2267ba75bb3f6a53118fc40daf834b4a291396775,other_target,dual_retention_add,candidate,28288,416695,208,0.882460355758667,0.6691594550008394,0.6507609593425521,0.9046720800992825,12,0.9725054672384869,3,1.0,226
MOT20-02,1046,13,224,208,44060,6a244ed9ac09b996ca6ea1eb45c2311cdaeeee1ca7b90ef896dd15b3dddb6456,other_target,dual_retention_add,candidate,28315,417137,208,0.32643747329711914,0.7717532115459492,0.6500759739255694,0.8822361438113494,12,0.5634194159655718,3,1.0,226
MOT20-02,1047,286,177,187,44092,6a806a357cc706ce692ae4a4c636f4569cefbe8471c3e1f1e67143b94a0175ef,other_target,dual_retention_add,candidate,28343,417656,187,0.6384273767471313,0.6085929940022998,0.5227184338577828,0.8773465799118423,291,0.7127524121918895,8,0.9836065573770492,165
MOT20-02,1047,13,224,208,44103,19e229cf0012a63a778c12e2bc1076bc2d35c61e9c84cd2a1911802057fe5a66,other_target,dual_retention_add,candidate,28333,417524,208,0.4445662200450897,0.7229279444660711,0.6237977219898524,0.8239646472527026,12,0.5800122493273964,3,1.0,226
MOT20-02,1048,286,177,187,44134,32f121d300bc458f0ea7dd42a7a3b32532e26da7c3065bacfde1d8537ac468ef,other_target,dual_retention_add,candidate,28362,418066,187,0.6981324553489685,0.7633483218973532,0.6297716267767909,0.8907688098345,291,0.7134304716807633,8,0.9836065573770492,165
MOT20-02,1049,286,177,187,44178,28a442b509a94890669147d1716b68b0f4cb062530fd894457656c642605e4ff,other_target,dual_retention_add,candidate,28385,418483,187,0.5288034677505493,0.8159015050951949,0.6956708047642346,0.9072466634972167,291,0.7290688626896055,8,0.9836065573770492,165
MOT20-02,1050,286,177,187,44222,fc2b068498a5c471ad20a3ae32bae3dac691b3a21d60a4d2e0fb80189605a6c1,other_target,dual_retention_add,candidate,28407,418931,187,0.8845798373222351,0.710645035083145,0.710645034906761,0.921421997626242,291,0.9999999941284377,8,0.9836065573770492,165
MOT20-02,1051,286,177,187,44266,16cc8acb3ccbaf6c731bc6b829204b35a4c888b24b39d77c947b6718ee1bb1b0,other_target,dual_retention_add,candidate,28428,419349,187,0.4976867735385895,0.8715423421943713,0.6769393201741694,0.905189155300129,291,0.5947927195905345,8,0.9836065573770492,165
MOT20-02,1052,286,177,189,44332,d02c0ddc8b78b7edd6a4799279d84f26b452a3f69e8d17fb7bd0a1d57cd68770,same_target,migrate_replace,source,28442,419711,189,0.8257719278335571,0.8920250507845596,0.9507346925458949,0.5182742327356193,293,0.9214975010087518,8,0.9836065573770492,165
MOT20-02,1053,286,177,189,44376,86afc2a8a3fb5755c68d1f9f281b3b6f2742c413ca80a8427fe071de2ef4522d,same_target,migrate_replace,candidate,28462,420070,189,0.7620682120323181,0.9353517929603795,0.9353517856799908,0.4351236690824245,293,0.9999999786668397,8,0.9836065573770492,165
MOT20-02,1054,286,177,189,44420,ca119707e040c13d720e670518f4576fe0945fb87f281b9d693dc6a9a5fac4ac,same_target,migrate_replace,source,28492,420668,189,0.7773333787918091,0.929021439623422,0.9429900692285308,0.3561897805305717,293,0.9792475287542656,8,0.9836065573770492,165
MOT20-02,1147,267,217,196,48503,93b0040903ea60524bc5d14744e30372509028b8fa4357b96f448ce216d06173,other_target,dual_retention_add,candidate,30391,459631,196,0.8173921704292297,0.8633121119469696,0.6894701023449903,0.9257623814882797,284,0.7334268405924695,1,1.0,339
MOT20-02,1162,25,236,232,49145,133be5641f496205a5112fbaf5d24129a2c2a9eb497cf6dbccf988334187d118,other_target,dual_retention_add,candidate,30685,465538,232,0.10219958424568176,0.9492847395289302,0.8285087816470075,0.9423417562021249,23,0.8407172630935218,16,1.0,440
MOT20-02,1163,25,236,232,49186,14d2a5ec0c07bc8884dbbd44bd310d0fb0956bc66daf50dbd916ee97af51c01b,other_target,dual_retention_add,candidate,30704,465955,232,0.6571191549301147,0.8945158430323576,0.7954089850807248,0.9152329511916396,23,0.8099328442213661,16,1.0,440
MOT20-02,1164,25,236,232,49227,d831fb4b54491c8f6d5a90b08e49faf48d4cc7022b7c66f270e2d56cc36b05e2,other_target,dual_retention_add,candidate,30723,466387,232,0.7512907981872559,0.8508175999677465,0.7683101501926813,0.9380885445123728,23,0.7819099926457952,16,1.0,440
MOT20-02,1169,285,156,227,49431,ee30b810d74315b741b880e99b54326b617e3979d920fb6a8249f163b3627332,other_target,dual_retention_add,candidate,30833,468644,227,0.18489457666873932,0.7514064997893525,0.4976482885747801,0.8894323403159298,293,0.5186196748003431,3,1.0,103
MOT20-02,1201,285,156,193,50791,aeffa65ec03986eb7f49a90aa40b880e2381a0f5b7c4083acb64c2a00e4fb5fb,other_target,dual_retention_add,candidate,31480,481977,193,0.810265839099884,0.5990067057801783,0.4922709568492435,0.8942949797224776,292,0.7137977456474244,1,1.0,74
MOT20-02,1242,55,218,219,52489,7092743bee2b2961283c5f85acf6be05a59fe3e8e5858a73a73af70a3929ffc2,other_target,dual_retention_add,candidate,32292,497793,219,0.2528809905052185,0.8883084636739929,0.7643534532288349,0.8672919537872816,183,0.7218066590286295,7,1.0,19
MOT20-02,1243,55,218,219,52529,b7fad2c67d19ddc5ecbacd94d7f1fbfc5d9b3c62e0687a8d0b49c7eb6ffe2964,other_target,dual_retention_add,candidate,32317,498255,219,0.7417065501213074,0.7801705837245666,0.8006309828920899,0.8447635598901608,183,0.9567390061727337,7,1.0,19
MOT20-02,1244,55,218,219,52569,1e70d1762fc20c808b9c09905aff7d652b3d5fb05fb756a5fb714ffacdaad6e4,other_target,dual_retention_add,candidate,32334,498580,219,0.15491077303886414,0.8318523149067566,0.8036456868793689,0.8324298047569356,183,0.7058298442968749,7,1.0,19
MOT20-02,1245,55,218,219,52609,f049af27bcf178a24dcc8ee2c1baba64398ca8d0404c8b9e7d87af363c87a132,other_target,dual_retention_add,candidate,32353,498952,219,0.7095891833305359,0.878078149655715,0.7878956636483154,0.8338025731136607,183,0.7138082947459717,7,1.0,19
MOT20-02,1246,55,218,219,52649,7fb30c6134c030caed555523a19dfcf522ad4778b5eac7b0c6f9a57fe4dc9b74,other_target,dual_retention_add,candidate,32373,499345,219,0.37941595911979675,0.873140765917443,0.7851812285046491,0.8600312139011853,183,0.7134252884398736,7,1.0,19
MOT20-02,1247,55,218,219,52689,1f9f120d7e9a8662c60e43cc38ebae0e138c3984a1f0b4438db5c98ef287fe67,other_target,dual_retention_add,candidate,32396,499733,219,0.6639561653137207,0.9027160954011493,0.7631800907340156,0.8917052253257909,183,0.7133168458516277,7,1.0,19
MOT20-02,1248,55,218,219,52729,dad4a9ebcf641bf6cc9ca63baf576a91fab0ddf10dd8777e559fc510df3fa17c,other_target,dual_retention_add,candidate,32417,500165,219,0.21904732286930084,0.9253931676396524,0.7531549916082407,0.9120015329491702,183,0.7212517259488009,7,1.0,19
MOT20-02,1262,33,248,246,53312,dc5e951251625fb82db987025714790ccebaab1cf791a3dadc4dbcc96d9770ca,other_target,dual_retention_add,candidate,32687,505584,246,0.8692846298217773,0.5919113491215897,0.5919113476585446,0.9031204764752174,30,0.9999999915733288,7,1.0,52
MOT20-02,1263,33,248,246,53352,2e185a5ee057eea51e248163e44784e4ebf5ed59f18d224fbf68733a2531f7d2,other_target,dual_retention_add,candidate,32707,505977,246,0.8696093559265137,0.6476423370461627,0.6476423389178575,0.8669558896090663,30,0.9999999914345399,7,1.0,52
MOT20-02,1264,33,248,246,53392,24d622845b75705b37b6c489802c390ff98f36f38a058fe076640904d372a606,other_target,dual_retention_add,candidate,32729,506395,246,0.24708430469036102,0.716676513929516,0.6758666688190363,0.8672713734392411,30,0.7361130031131992,7,1.0,52
MOT20-02,1265,55,218,219,53415,3cc6920b052a0b94ae9ed0a3e76d5552e35862ad1e00f71d105b792d57f9dbeb,other_target,dual_retention_add,candidate,32755,506813,219,0.33541831374168396,0.9192403566466736,0.7241283986448235,0.8833236098094347,183,0.7003314538515456,8,1.0,18
MOT20-02,1265,33,248,246,53432,3e6dcd53b29ae5a53065c9347fe72049953f5b08ae81e16cb31425f2cbf367b3,other_target,dual_retention_add,candidate,32746,506730,246,0.8713877201080322,0.7330292510773825,0.7240042240726471,0.8858281323463135,30,0.9782974793363689,7,1.0,52
MOT20-02,1266,55,218,219,53454,5f02561cf089102e9ad7afef27f42cc8eb32def0419057011e80776db1bf9040,other_target,dual_retention_add,candidate,32776,507200,219,0.25101110339164734,0.9123282958933294,0.7296387993767046,0.8927275851296465,183,0.6993957933465954,8,1.0,18
MOT20-02,1266,33,248,246,53471,6b68839850e0881e5a807fb0401ef7dad814e7c3e0efd5a782389ceb234f09dd,other_target,dual_retention_add,candidate,32765,507115,246,0.8742502331733704,0.7718461625924798,0.7641747226161191,0.8576601905541871,30,0.9684686797386199,7,1.0,52
MOT20-02,1267,55,218,219,53493,a7169491b5557bd78ee95c1fc130b2dd17d5f3eb19f0d189dd2b793ae14c7b3a,other_target,dual_retention_add,candidate,32798,507675,219,0.6299543380737305,0.7458564498360262,0.7270887502411636,0.9051874414245549,183,0.9733116936710522,8,1.0,18
MOT20-02,1267,33,248,246,53510,515dc477ab77c6feacb88193051a2c204e2741b970f58a58d792927f580a4400,other_target,dual_retention_add,candidate,32791,507549,246,0.6530842185020447,0.854056175078518,0.7727218030196399,0.8699429518563746,30,0.7280408051020261,7,1.0,52
MOT20-02,1268,55,218,219,53532,4ca8aa8ede7fed7688a3525fc3fc9ef7c12b2d6d89befa2bbfc9e256cda63a2c,other_target,dual_retention_add,candidate,32821,508265,219,0.42449238896369934,0.9293121296293729,0.7283400511016979,0.9152437675726331,183,0.6939331693478459,8,1.0,18
MOT20-02,1268,33,248,246,53549,02721a291a8e2c03324e46187a5c22503e2953ff36b23e8ea238bab87ca8b904,other_target,dual_retention_add,candidate,32812,507942,246,0.47274351119995117,0.8691374317776538,0.8014096669940303,0.8639784186240159,30,0.7104293106568864,7,1.0,52
MOT20-02,1269,55,218,219,53572,64be962167ff0ab4e09325e2797a7278cce47302dcb8339cd240007fccb5a74a,other_target,dual_retention_add,candidate,32843,508663,219,0.26461780071258545,0.9374454074658223,0.7232295317186321,0.9107785848172429,183,0.7022064649906604,8,1.0,18
MOT20-02,1270,55,218,219,53612,ab557e9e3673c4ff6f58d97d863b77a601fa9549f5de1a8e0c13f098fbe0e7c2,other_target,dual_retention_add,candidate,32860,508871,219,0.7982009649276733,0.7357243695095093,0.7255254712840359,0.9199587190829751,183,0.9797296918258542,8,1.0,18
MOT20-02,1271,55,218,219,53653,ffb00a7d469e79bd4682e6954cf19f94d93e509c9473425ea416fc6658f5e70c,other_target,dual_retention_add,candidate,32883,509463,219,0.1657576560974121,0.9185868928162388,0.7055914021560775,0.9346365406449312,183,0.6648488355144238,8,1.0,18
MOT20-02,1272,55,218,219,53694,bcda95ef032d053f45653f81877a1d6522e7b1c2f28d54e381af2c78a294f46c,other_target,dual_retention_add,candidate,32903,509858,219,0.14360980689525604,0.9035390670498418,0.6942846033389855,0.9351415160548393,183,0.6281922771858205,8,1.0,18
MOT20-02,1275,55,218,219,53819,1bc41a417bea085edfa7b4eac220bbb9a0bf7c24e5f1f53fdd886c489184fa91,other_target,dual_retention_add,candidate,32954,510762,219,0.345227986574173,0.8947814490178649,0.7134231304935051,0.9336634435966826,183,0.7135036611464616,12,1.0,12
MOT20-02,1276,55,218,219,53860,e8f3f4a04473809bca52b838756bda8705f6a946ff5dcfeb95901e8482d8a5a1,other_target,dual_retention_add,candidate,32974,511155,219,0.22708933055400848,0.9011833327584278,0.7205513535104581,0.9261646665877246,183,0.7092884056156843,12,1.0,12
MOT20-02,1277,55,218,219,53901,abf21bae72d84e74f0b5a8b3e5ee1188189eadcffa2fa946807a1e547f66f3a1,other_target,dual_retention_add,candidate,33003,511825,219,0.14658571779727936,0.8752180488491901,0.7097028035149325,0.9389674600077438,183,0.6794473918562316,12,1.0,12
MOT20-02,1278,55,218,219,53942,1316d4b5270e2e03a43f2909d326696caf9bfece5bfbd05f857e6a49628b40a6,other_target,dual_retention_add,candidate,33014,511935,219,0.4520259201526642,0.9048481372227779,0.6833240450902117,0.940244502113983,183,0.7161755542729825,12,1.0,12
MOT20-02,1279,55,218,219,53983,5f0ad7b843061fc71bd1d51b4f2b4b20a8bfcac342afc97d230ad007d7cd4203,other_target,dual_retention_add,candidate,33043,512610,219,0.1239795833826065,0.8316205094784915,0.6706805296206932,0.9720760010889294,183,0.685631399324533,12,1.0,12
MOT20-02,1280,55,218,219,54024,5adfa0036170acf291b88f80d753cad87100f52ccbe2b361abeeb87ff1ef3b82,other_target,dual_retention_add,candidate,33054,512747,219,0.28102874755859375,0.8998852580774013,0.6691793443398659,0.9705997676192212,183,0.7074529251764328,12,1.0,12
MOT20-02,1281,55,218,219,54065,a4986945d971766a96bc39b112b11bd4a0d984a420990feff7aa9f51bab75341,other_target,dual_retention_add,candidate,33082,513405,219,0.1924712061882019,0.855422998765605,0.6623067600670678,0.9582105762749465,183,0.7100274341577966,12,1.0,12
MOT20-02,1282,55,218,219,54106,c81c77755f646be3fd52910f05ad29c71198e2c940afdfb139b87f43e2b22014,other_target,dual_retention_add,candidate,33102,513814,219,0.3628842234611511,0.919744201250755,0.6532908583017668,0.9485330128796854,183,0.6881712493308739,12,1.0,12
MOT20-02,1283,55,218,219,54148,3c6a60729174e2a50bdb443e83375c344352bab524372ff45f9fccb3498308be,other_target,dual_retention_add,candidate,33117,513959,219,0.6499266028404236,0.8678425051626435,0.6482737437782189,0.9589722297013135,183,0.7372941734954507,12,1.0,12
MOT20-02,1284,55,218,219,54190,cd29765463369a24903bd782c9c77339a42e861a710de9d19187833b3167aa29,other_target,dual_retention_add,candidate,33142,514629,219,0.21948593854904175,0.9309863822061264,0.6649217895881754,0.9780069671689972,183,0.6441369262788709,12,1.0,12
MOT20-02,1285,55,218,219,54232,b3d83579aae5a7e141dd1ef3bd5d00e423235e580e22d80b93192ca1f0bf0379,other_target,dual_retention_add,candidate,33154,514742,219,0.11930761486291885,0.9113673987589791,0.6755160752244573,0.9625791759759962,183,0.71002666292139,12,1.0,12
MOT20-02,1286,55,218,219,54274,139aa3ad403cb219e3198d911c443d51533636f6082fabf4c4aad100c4fbb481,other_target,dual_retention_add,candidate,33176,515162,219,0.447833776473999,0.9293873588977617,0.6638294960160331,0.9564517542456663,183,0.6531550727203861,12,1.0,12
MOT20-02,1297,55,218,219,54741,87e4a866b081775a32af93365e84da98fd5d8cca66dee94d4c12deb884c4426c,other_target,dual_retention_add,candidate,33395,519411,219,0.3012857139110565,0.917243903013871,0.6887990692710583,0.9101437686188728,183,0.7076558697639537,17,1.0,17
MOT20-02,1297,31,253,247,54760,2f7640bee88c4409afc643514d59401fb2d50bfc5c380ff2af01571f07dd41a9,other_target,dual_retention_add,candidate,33385,519306,247,0.8336759209632874,0.866256382498834,0.6656051057196523,0.8310130922337584,36,0.6981436319039931,1,0.9978448275862069,491
MOT20-02,1298,55,218,219,54781,070c2d282320896fad745c462d94e311e99c12d1ed9a9caae1169daa484a2b85,other_target,dual_retention_add,candidate,33414,519795,219,0.34213751554489136,0.9099677115618973,0.69002581977576,0.9109086901672854,183,0.706373060939169,17,1.0,17
MOT20-02,1299,55,218,219,54822,c14f034ee399e373017a901777a1e1c030c22b28bb39ab821eb310d85d9b0a23,other_target,dual_retention_add,candidate,33436,520212,219,0.24626734852790833,0.8599320559410613,0.6864173987808776,0.9180695023977534,183,0.7717897793592647,17,1.0,17
MOT20-02,1300,55,218,219,54863,3e2df9689733e7cbe412c3f2b70782f70d925362520c92d79bbf51bbb417c3c7,other_target,dual_retention_add,candidate,33456,520611,219,0.17260535061359406,0.8362917946530916,0.695270718672051,0.9077240288103308,183,0.8090276924483963,17,1.0,17
MOT20-02,1301,55,218,219,54904,6102caaac8850bae9049a3e3ac717805d995e9af142a826ca343a869d82fb430,other_target,dual_retention_add,candidate,33476,521022,219,0.282031387090683,0.8820717607828737,0.6824588136026175,0.9225438792168273,183,0.7469816587647731,17,1.0,17
MOT20-02,1302,55,218,219,54946,5866f5559573d17aec8b493615cbf704afa9a556ca8ddf39a8ed1add8d55e042,other_target,dual_retention_add,candidate,33494,521431,219,0.20184415578842163,0.8703483343407207,0.7135289155856464,0.8820470510618624,183,0.7827124564863387,17,1.0,17
MOT20-02,1303,55,218,219,54988,a4684d6d1076aa40baf0c29a56c436406aa86163cca014a3e678b7f7091ee7bf,other_target,dual_retention_add,candidate,33515,521828,219,0.3512088656425476,0.9142133662582486,0.7114760846431625,0.8783172430597126,183,0.7281483269795476,17,1.0,17
MOT20-02,1304,55,218,219,55031,1b659f1b5b50d451e6297b713a1227ae575cde48e93106880bda7e8942060291,other_target,dual_retention_add,candidate,33535,522251,219,0.4686005115509033,0.9005676703418061,0.6932851310372401,0.8802553287416882,183,0.7163808978434416,17,1.0,17
MOT20-02,1305,55,218,219,55074,287da833361dfa31ed13d986dde4d2f97028ea2cb424d3940756af219687861a,other_target,dual_retention_add,candidate,33556,522702,219,0.29713812470436096,0.8972637837375325,0.6921888133818933,0.8820644071582311,183,0.7258073814252258,17,1.0,17
MOT20-02,1306,55,218,219,55117,2ca44844887f0f14d3a1ee43dae22325eb05ff8bfdb9acd01842b353d1708cba,other_target,dual_retention_add,candidate,33577,523167,219,0.3238176107406616,0.878225932439284,0.6918912153504385,0.886536867395936,183,0.7641295771231538,17,1.0,17
MOT20-02,1307,55,218,219,55162,60ea6b4126eb7e9990dad7e37ccac9c57beba3fb5d8351e6c2444104f0fb50a5,other_target,dual_retention_add,candidate,33599,523614,219,0.4551026225090027,0.8822043640245746,0.6826975029275907,0.8960299513171287,183,0.7437603287980317,17,1.0,17
MOT20-02,1308,55,218,219,55206,52a607def6c624e195314ab9d9a33a6fa2ebd0179615043bd10f68f6afb03c90,other_target,dual_retention_add,candidate,33618,524055,219,0.2898772358894348,0.8799254583438033,0.6877820882924576,0.8901225155776612,183,0.7545057990638062,17,1.0,17
MOT20-02,1309,55,218,219,55250,3a12a955deed74ebb0604a8835902e34634d47be989a4cb3ac5c5541f7651704,other_target,dual_retention_add,candidate,33641,524485,219,0.2702316343784332,0.8751785909454668,0.6914514187970486,0.886819933297142,183,0.7587641504471185,17,1.0,17
MOT20-02,1310,55,218,219,55294,871e6ed66e9924d7e1de18f94b87d0215fc8aa6ba67a11da504ab5f4c36f4620,other_target,dual_retention_add,candidate,33662,524921,219,0.2181028574705124,0.8592576302643196,0.6967272263252957,0.8828452664155755,183,0.7767359657000559,17,1.0,17
MOT20-02,1311,55,218,219,55338,80bd8f3da8e8401f92c3a069773352e84d6e56413a7f9e4c5a8449310c7dc0f9,other_target,dual_retention_add,candidate,33681,525360,219,0.214248389005661,0.8720508427961122,0.6999537597274659,0.8772572088879838,183,0.7712326933733846,17,1.0,17
MOT20-02,1312,55,218,219,55383,0572fee5832291f272a285d40cf674ea5cb7838aec62ea5d4a637f0a49830a3c,other_target,dual_retention_add,candidate,33703,525801,219,0.25621503591537476,0.8791856408080578,0.7016287208950901,0.8742529069413517,183,0.7670462411963045,17,1.0,17
MOT20-02,1313,55,218,219,55428,cf23512dac6332db37ca2e5d97e197ec8495b9331917df0611ae3fd979c18370,other_target,dual_retention_add,candidate,33721,526255,219,0.2283032089471817,0.8609444218642732,0.6858456679663605,0.8715958211564175,183,0.7663475792831947,17,1.0,17
MOT20-02,1316,8,260,242,55581,c1e1bbb65f664ff9e30b3f9d76cba084afcc3d7d9387a664bc9e496cbb8ab4a0,other_target,dual_retention_add,candidate,33788,527672,242,0.7906189560890198,0.6074855637112098,0.6099000437665444,0.8956745805696442,283,0.9820271152176892,4,1.0,362
MOT20-02,1317,8,260,242,55627,45a1f6de4347c88f591b3e3d1362d319ec8e25a89019ea88b8a4a4286b9fc62b,other_target,dual_retention_add,candidate,33812,528108,242,0.6201342344284058,0.5030095144441837,0.49793789218840695,0.8685427930053528,283,0.983063177290025,4,1.0,362
MOT20-02,1319,26,250,232,55707,30bff1097818a1e87e8c43f1693a65c59345dc92df6055d693887deb330de8c7,other_target,dual_retention_add,candidate,33844,528812,232,0.1839175522327423,0.9238898254929475,0.5591619981658643,0.9200619591780022,23,0.564314628765692,4,1.0,726
MOT20-02,1320,26,250,232,55753,9052f8121739bc8b57233c44092e8f65cedf72fedcce92db962646ba26c046c2,other_target,dual_retention_add,candidate,33861,529238,232,0.5571215152740479,0.7541287225288292,0.535710411764741,0.8911701871865233,23,0.5578454909251451,4,1.0,726
MOT20-02,1321,55,218,219,55796,d62174097a7adc8fcf313afedb9bba534eafacba58785657466e392bcf678e14,other_target,dual_retention_add,candidate,33885,529771,219,0.22410303354263306,0.8375092159786997,0.6787915894075287,0.8896347275649451,183,0.7723789171835791,1,1.0,57
MOT20-02,1334,32,270,246,56451,a03d160421fd70e54bbed0f33a3d5931307f3075a578ef60b4ec39e5e31d0e27,other_target,dual_retention_add,candidate,34158,535792,246,0.11502284556627274,0.9436808441962272,0.6979714510515224,0.8388280912983372,30,0.7095116957365009,3,1.0,7
MOT20-02,1335,32,270,246,56500,1a946a0a9c28bf02c4eaba33ee403f1a987f46aac29b487ca1f5811054bf4a90,other_target,dual_retention_add,candidate,34178,536260,246,0.7433722615242004,0.6949782582004381,0.6949782581656279,0.8969038970250652,30,0.999999995480904,3,1.0,7
MOT20-02,1336,32,270,246,56549,bd8ef17a8885a33e7e6294b63c8d45cfd7b46f3f38b8c2c7cd70deae32c88ff0,other_target,dual_retention_add,candidate,34195,536686,246,0.8566558957099915,0.6528095910622655,0.6528095867868191,0.8784637647439464,30,0.9999999902693543,3,1.0,7
MOT20-02,1339,32,270,246,56699,730e1ba28b51ff299b21d49ab29f7929870315ec8312fc4d94fb647d4344e619,other_target,dual_retention_add,candidate,34257,538096,246,0.8667703866958618,0.6422790672587265,0.662043000401858,0.8730448974657354,30,0.9695547178606928,1,1.0,4
MOT20-02,1342,32,270,253,56854,d6cc07c2cbc36ec5191cdb3933a6b3c3f34457c7ff2d344ec418b425afec1b52,other_target,dual_retention_add,candidate,34320,539492,253,0.6293302178382874,0.6908662085763138,0.5240011142036575,0.878598043367649,31,0.7251426840955711,8,1.0,38
MOT20-02,1343,32,270,246,56897,ba5e7b090188e6a89f5a5293e0430ebc4ea65a0bf0a0e597da82ed28edf6fdd5,other_target,dual_retention_add,candidate,34345,539979,246,0.872767448425293,0.6410785914189773,0.6410785898117934,0.8933923034831266,30,0.999999982446359,8,1.0,38
MOT20-02,1344,32,270,246,56946,473086032a999eab13788744999c3b46cfcab1b397322c8e300892061188463f,other_target,dual_retention_add,candidate,34364,540453,246,0.8738204836845398,0.6767543388247342,0.6767543343736024,0.8807785937886715,30,0.9999999902163783,8,1.0,38
MOT20-02,1345,32,270,246,56995,188fe8bd9d18c7f847af7de690b4e733314ef7b69f5be8d141b5b3b98ea3f0ff,other_target,dual_retention_add,candidate,34390,540960,246,0.8724719285964966,0.6927276999247689,0.7079017727607793,0.8626213226581014,30,0.9734951642983406,8,1.0,38
MOT20-02,1346,32,270,246,57044,e050fea93b6fb4139ccd0ca3496f6ea20caef6602806b7506a8b86427c0ec0bc,other_target,dual_retention_add,candidate,34406,541373,246,0.8768187165260315,0.7367447937657429,0.7369720217007183,0.8453600958974486,30,0.9700574723592759,8,1.0,38
MOT20-02,1347,32,270,253,57099,323120feb462c77097b3bc958fda7827661bae90a89564caac3f5fe32e356c92,other_target,dual_retention_add,candidate,34422,541806,253,0.5760706067085266,0.7387553005962668,0.7224373604081997,0.849286946564703,31,0.9245202707002783,8,1.0,38
MOT20-02,1348,32,270,253,57147,7d76acc99e7fe741c4df64bf0aa13d6660dfe6bd60f7b9abef768162568f2e3a,other_target,dual_retention_add,candidate,34446,542268,253,0.36535054445266724,0.7907875837222301,0.7539281186399177,0.8343948122058329,31,0.7192707857792027,8,1.0,38
MOT20-02,1349,32,270,253,57197,79cfe366a391f7ee521aa414ccbb23e5aa9895e3473cfa21e5f607ba04779b38,other_target,dual_retention_add,candidate,34474,542772,253,0.7337250113487244,0.8623579444379353,0.7323828785793864,0.827831246240395,31,0.7343559690506155,8,1.0,38
MOT20-02,1362,60,265,247,57859,dfff39caf3306f38aca93871f0e259e2d1bfc5293806c8b29b01fb144899b152,other_target,dual_retention_add,candidate,34745,548866,247,0.7958706021308899,0.8946818240770464,0.8221815765691418,0.8782376735930162,36,0.7465192850444122,1,1.0,290
MOT20-02,1373,55,218,219,58408,fea496cd40126f149e79167f5a46ee90d4390f955ba6a1c8641336cafb24e7ba,other_target,dual_retention_add,candidate,34980,554149,219,0.4293357729911804,0.7986811481848366,0.6417535265197809,0.8579448204026267,183,0.6904656984605113,4,1.0,66
MOT20-02,1374,55,218,219,58459,eeafe4168c6bf64bc2a5af8ec83bf8e5ee52ed290275bd0fd5973b5626b07bd7,other_target,dual_retention_add,candidate,35002,554607,219,0.17503558099269867,0.8088146722957703,0.6367906923007891,0.8651729041307095,183,0.7099151209710746,4,1.0,66
MOT20-02,1375,55,218,219,58511,e3a3f28fa2d8f577222c790702d721fb01d8427c41413b98d6c4fc7f92c791b7,other_target,dual_retention_add,candidate,35022,555088,219,0.2719418406486511,0.8241891370397821,0.6344953076985872,0.8652205703949858,183,0.6355279933042381,4,1.0,66
MOT20-02,1376,12,273,258,58585,4c4edb19fd31da53fce7345a2eacf6a2ad5fe0008db530918bbc88dc0a4ee3fa,other_target,dual_retention_add,candidate,35045,555646,258,0.8505545258522034,0.9338287519551417,0.683304818557435,0.850328615963288,11,0.7065479575722546,2,0.90625,72
MOT20-02,1377,12,273,258,58637,8c14f51f5008d2667199f168be72672482f2bcc3283853b208750aebe828efb2,other_target,dual_retention_add,candidate,35066,556143,258,0.8164814710617065,0.9104122316802826,0.6954094054876233,0.8796422597269893,11,0.7209837759546357,2,0.90625,72
MOT20-02,1380,33,261,253,58793,c53450a78e73908eb1b0179d59cbf7756caace7ef44d2e7af7b47f5f96bcfbbf,other_target,dual_retention_add,candidate,35120,557397,253,0.27075469493865967,0.6685019593550736,0.5485744062806148,0.9174706629121728,31,0.7497471422534826,4,1.0,85
MOT20-02,1381,33,261,253,58845,0f4928f6a1c07d8e1e6a5ccb24459895ac70654bb6c24b844db228157b53bdef,other_target,dual_retention_add,candidate,35147,557970,253,0.41972172260284424,0.7145187897954718,0.5225319019860851,0.9170097247916615,31,0.6120827965179563,4,1.0,85
MOT20-02,1382,33,261,253,58897,ea8a41643df08323af9d32f3e3f55886459fd9b79e69d6b35032ce33983faa14,other_target,dual_retention_add,candidate,35156,558338,253,0.8577579259872437,0.5039003093323048,0.4987600388681728,0.9127562809402012,31,0.9693364792490667,4,1.0,85
MOT20-02,1383,33,261,253,58949,aac13b85e40268ababe9629fa4de06a6c90a9094b7bc5d9862c1e2c478a4574c,other_target,dual_retention_add,candidate,35181,558862,253,0.3235113024711609,0.8304195386197372,0.4622600781040125,0.9216344124247334,31,0.5042936840972422,4,1.0,85
MOT20-02,1392,55,218,219,59407,c10a353fca085b91527b53d56fd12c0c58e5f365ed242ddaf666720dbc5a6c5e,other_target,dual_retention_add,candidate,35379,563560,219,0.8540220856666565,0.6747662271272368,0.6487634528831573,0.9268525401713846,183,0.9676645260082132,6,1.0,18
MOT20-02,1394,55,218,219,59513,cf9c70ba79db11a2bf257ce842054d20c15b66b79eddac8dc5e4099500c7baee,other_target,dual_retention_add,candidate,35420,564552,219,0.8514912128448486,0.6797570206477556,0.6744669521255033,0.9115911389010586,183,0.9605435148262204,6,1.0,18
MOT20-02,1397,55,218,219,59671,0dd39c14fe6ef79f12f7d9f22ad1d4750ecb09da85333a54aa8c2fd2c685a8fa,other_target,dual_retention_add,candidate,35481,565991,219,0.7027157545089722,0.7668222835882834,0.6560013230006644,0.9477505704317304,183,0.8239472607851667,6,1.0,18
MOT20-02,1400,55,218,219,59829,b20a55d4a8d46626567a5003e7dbc86cafa7994b17e48f64895be74280220c58,other_target,dual_retention_add,candidate,35549,567448,219,0.861022412776947,0.6436461832930208,0.6557921661301134,0.949849818734723,183,0.9799371898693804,12,0.7692307692307693,28
MOT20-02,1402,55,218,219,59933,4a912a531ae9579919ad287f1bbe584fc53cbf31733fd0ed147c7feebddee2f8,other_target,dual_retention_add,candidate,35591,568430,219,0.32342103123664856,0.8243917196845902,0.6690437091737182,0.9487950879968524,183,0.6955810650535849,12,0.7692307692307693,28
MOT20-02,1403,55,218,219,59986,446967a7b65e3b90a56f2bdbfc377c30fbdbeb7901c8a459db1bc888147c01de,other_target,dual_retention_add,candidate,35611,568936,219,0.6086764335632324,0.8147008031895379,0.6878636378087956,0.9434681516445559,183,0.7823449868929615,12,0.7692307692307693,28
MOT20-02,1404,55,218,219,60038,436880ede79e699071d415995417081d3f0bb10fe600d88834da8e44bea129ad,other_target,dual_retention_add,candidate,35631,569417,219,0.25569790601730347,0.830884718177092,0.6805822080363957,0.9360487412060905,183,0.6437641407388782,12,0.7692307692307693,28
MOT20-02,1409,61,276,277,60338,7d2ef09a1ab2b592556b778da12f49f74ef866914e2970d59fc134fe3bd92052,other_target,dual_retention_add,candidate,35724,571769,277,0.8512218594551086,0.8425298402531527,0.6331027807044565,0.8544807284753666,56,0.7467427145732469,6,1.0,86
MOT20-02,1410,55,218,219,60360,d7ea8303da6bdd1c35e31e2c8221fbd20b4a6a5fb041a784cde6cf73b0de6151,other_target,dual_retention_add,candidate,35757,572420,219,0.5130178928375244,0.7888148644033228,0.7646806942351569,0.9445419097169028,183,0.6417779465300634,12,0.7692307692307693,28
MOT20-02,1410,61,276,277,60391,d2fd5f137eddae7a19ea641d393307fef1f3423305722846dcdee3383ce96057,other_target,dual_retention_add,candidate,35744,572275,277,0.8362756371498108,0.8453050873308117,0.6466613576920064,0.8569632464932897,56,0.7456221935727759,6,1.0,86
MOT20-02,1411,61,276,277,60444,ef28468797888b386320a36aebbc6b96b1f16b7c2d0a30501438ef156f14458e,other_target,dual_retention_add,candidate,35766,572801,277,0.2859553396701813,0.90402078308933,0.6628343348637358,0.8364907809503302,56,0.6960914482857266,6,1.0,86
MOT20-02,1412,61,276,277,60497,d1da9473f234655329bb6fb57840d8c50cf503662c5a53e99981b045092051ae,other_target,dual_retention_add,candidate,35784,573298,277,0.8550475239753723,0.7208099544825033,0.6859639407474241,0.8188832935788409,56,0.8942608806218323,6,1.0,86
MOT20-02,1413,61,276,277,60552,8fac6e94932eb50d1f46376fa633cba029692fd0dc2e424308726275370cd68b,other_target,dual_retention_add,candidate,35805,573837,277,0.8539373278617859,0.701244367728488,0.685526300667183,0.8399972312141638,56,0.9535812989029445,6,1.0,86
MOT20-02,1414,61,276,277,60607,4145c0a22e63349f07a041b991a1a75e45fe018e68b7d4de0b97a7f1b5ff9c65,other_target,dual_retention_add,candidate,35838,574488,277,0.8668506145477295,0.6705692351951382,0.6705692258987472,0.8405261434715843,56,0.9999999836700131,6,1.0,86
MOT20-02,1421,10,280,288,61014,737bc042e71805a1a8109af3c5636102e607921375b0d954e94b35a73662b948,other_target,dual_retention_add,candidate,35991,578510,288,0.3807816207408905,0.7782320929990579,0.7105582325220647,0.9643076147489693,9,0.7114470668892814,8,1.0,375
MOT20-02,1425,40,281,286,61236,b4c8a358748bfdb0278cee31c3e561c198b55cfe93298580f4c52c78cc0b9289,other_target,dual_retention_add,candidate,36064,580243,286,0.7296897768974304,0.5995730646389067,0.5585431711066423,0.8251693321993774,43,0.93423806357244,2,1.0,54
MOT20-02,1426,10,280,288,61294,4426443d50e9e1b46916fe98f4d1c8480a46b65f8c4c27ec2332ff237695efcd,other_target,dual_retention_add,candidate,36096,581121,288,0.899290919303894,0.6100893722086906,0.5875667781947246,0.9625026906164473,9,0.9630831234898781,8,1.0,375
MOT20-02,1440,61,276,277,62085,b1e66fedb4ddf329dd49e12a962318711955453340fae6bdc4431787ab3e8c27,other_target,dual_retention_add,candidate,36373,588181,277,0.8417327404022217,0.6814728689602293,0.6621573060339119,0.7918551172028484,56,0.9402907998735438,1,1.0,121
MOT20-02,1442,38,269,285,62207,ff075ac9390718f107e474f39bfe974bc0763bc295f55337039a5d02bb3729c0,other_target,dual_retention_add,candidate,36423,589370,285,0.2920769453048706,0.5643391930119703,0.5139790037974725,0.891400225288652,42,0.9026018399578816,4,0.4725274725274725,208
MOT20-02,1443,38,269,285,62263,8f4d24880ee83f95594978f6c0c612b73b53df0ae047f28ada0338524854f284,other_target,dual_retention_add,candidate,36447,589907,285,0.8225799202919006,0.5452365602282788,0.5219458921584442,0.9242163849023599,42,0.9360258438386037,4,0.4725274725274725,208
MOT20-02,1444,38,269,285,62320,fe41d6e3011093b1268ce792daab217a591c64b459eeef6297f77c321693d1df,other_target,dual_retention_add,candidate,36458,590365,285,0.5986355543136597,0.5079350902732951,0.48923129185301106,0.9257152408279234,42,0.9414764071438624,4,0.4725274725274725,208
MOT20-02,1445,38,269,283,62374,952b841cd64c90f146eb016f4592de38a8cc5fd33bb67ff8af8daa7fe16ab822,other_target,dual_retention_add,candidate,36490,591015,283,0.7495884895324707,0.7240497378341137,0.729631744276835,0.8877351521444143,62,0.7455842710987862,4,0.4725274725274725,208
MOT20-02,1453,14,279,258,62829,2f3001d21c9eadfee964dafa9791985b05ee205f49716547bd907b1dd9ed4f76,other_target,dual_retention_add,candidate,36660,595712,258,0.8323410749435425,0.7958273045945398,0.6516120799234242,0.9344620360213263,11,0.7264445665497558,4,1.0,125
MOT20-02,1454,14,279,258,62889,44bd18013ec74d92bdd98028954d026c466c9aa7889dde8fbd53d51a297cbedf,other_target,dual_retention_add,candidate,36683,596285,258,0.805870771408081,0.7934893782285762,0.6289796003377888,0.9491379878603896,11,0.7108203735399639,4,1.0,125
MOT20-02,1455,14,279,258,62949,e2db1648b43a0923e0ab74b7fd3d46f7a92f5a1ebea3d10cc03db416ca66fcf5,other_target,dual_retention_add,candidate,36704,596844,258,0.8017607927322388,0.8449061094797244,0.6263670976724002,0.9599088275487031,11,0.7260694998382784,4,1.0,125
MOT20-02,1456,14,279,258,63009,794d4a58565c46d3903c4fa25d27d1785f71dcefdc30b5a76495c6033475a354,other_target,dual_retention_add,candidate,36726,597415,258,0.8216939568519592,0.8711758618817571,0.6179192081498043,0.9496267258134122,11,0.7035996684381975,4,1.0,125
MOT20-02,1463,39,282,277,63441,8c9229dbca3bf2dd7212d6dd233bf7d47e5cc388aa6c40fc73c4d526e894ccd3,other_target,dual_retention_add,candidate,36861,601149,277,0.8450264930725098,0.8815721926533151,0.7712556226086325,0.8203360735888762,56,0.7011921469471043,3,1.0,87
MOT20-02,1464,39,282,277,63502,20b499def48584db68b20c8e2262b7de0a04bc0e52b4dbdcc537d9c2239c90e1,other_target,dual_retention_add,candidate,36885,601722,277,0.8342584371566772,0.8647990998675995,0.7652883377919373,0.7796286858458927,56,0.7013839384870406,3,1.0,87
MOT20-02,1465,39,282,277,63563,8679c972f3abfc40217ca7a882e07f2d80d8d57413785ef7989d6c15fb68f3a4,other_target,dual_retention_add,candidate,36909,602307,277,0.8117235898971558,0.9259205502367316,0.7593137054344812,0.777908658851503,56,0.7436001083645858,3,1.0,87
MOT20-02,1482,39,282,277,64595,0b4ac053c369be679ab982fa1011bf19f1ad0175dba6db31791fff1bc6b44156,other_target,dual_retention_add,candidate,37257,611902,277,0.8446714282035828,0.6834450746212744,0.6834450925790858,0.8961728369612344,56,0.9999999726486087,14,0.958139534883721,231
MOT20-02,1483,39,282,294,64665,53b1b37e6a968114bdc16e8269bf20f727dba0534212db15355bd3f84fe5d521,other_target,dual_retention_add,candidate,37274,612432,294,0.8113840818405151,0.7055355546404711,0.6433154581676537,0.8508787821977154,65,0.9116676341496861,14,0.958139534883721,231
MOT20-02,1484,39,282,277,64714,32602f2d8ae879f3d1f361a90b04e3d92f6e8b7b64134f6acc23ec50a7643523,other_target,dual_retention_add,candidate,37309,613117,277,0.6330257654190063,0.6706296854738876,0.6502598758174005,0.8983236160146064,56,0.9630261260803474,14,0.958139534883721,231
MOT20-02,1485,39,282,294,64783,6b5788e99bfb5273f5a659a0faac447066c1aa4a7b3e90500006e9d0f1373fef,other_target,dual_retention_add,candidate,37316,613514,294,0.7896822094917297,0.6588630757037669,0.6588630807798428,0.8411439771670961,65,0.9999999904954162,14,0.958139534883721,231
MOT20-02,1486,39,282,294,64842,adf99f273b9f0f736865a9f948b2bda59b4937558c5ca89beb635b70895d8e75,other_target,dual_retention_add,candidate,37348,614162,294,0.7637850642204285,0.7304364378737717,0.7304364446277107,0.8170031883578778,65,0.999999973948818,14,0.958139534883721,231
MOT20-02,1487,39,282,294,64901,86bd06ac699dfc7fd747855b667d1a691424846bafee48c1807c6179c20aaef1,other_target,dual_retention_add,candidate,37369,614708,294,0.7316281795501709,0.726931715989173,0.726931718981584,0.8534850535418289,65,0.9999999886805699,14,0.958139534883721,231
MOT20-02,1488,39,282,277,64950,f6143e806d2a06391ecf076ac7d10f8b74cd56d632e081be8f7f5f04853982cd,other_target,dual_retention_add,candidate,37383,615172,277,0.872002363204956,0.6005011716163619,0.5915719910160097,0.9022425071545286,56,0.9432761367082451,14,0.958139534883721,231
MOT20-02,1489,39,282,294,65019,d1b9edd31871d72240f0599b650fc176ee0ca16f1a8599c7b6117664d12edc8e,other_target,dual_retention_add,candidate,37401,615670,294,0.8074685335159302,0.6129762105261746,0.612976213779184,0.8596185040288765,65,0.9999999891514286,14,0.958139534883721,231
MOT20-02,1490,39,282,277,65069,d138fb1b197573f9bdb18db322f2527d14dccf33314bf820849e541743639dd6,other_target,dual_retention_add,candidate,37426,616283,277,0.8682358860969543,0.5757906565378853,0.5757906643320578,0.9655221177760595,56,0.9999999858113965,14,0.958139534883721,231
MOT20-02,1491,6,211,174,65098,ab0668a52f26c21971f56e25e8dbacdb4a6ba63c4f3c869eb4647a6a1aad2698,other_target,dual_retention_add,candidate,37462,617314,174,0.9108942747116089,0.9548377812297277,0.6899533516644079,0.9161780705767776,5,0.7068299299413647,1,1.0,420
MOT20-02,1491,39,282,294,65138,ba861438e534befda9fa4f89758cd627ee8696f27005e118cd6445bdda51a3ec,other_target,dual_retention_add,candidate,37454,616923,294,0.4743712544441223,0.6849753396193448,0.5231042732780602,0.8842501744355508,65,0.5915783473959378,14,0.958139534883721,231
MOT20-02,1492,39,282,277,65186,81c3b966809099b2e3967e92bf58122ddcd14db70e1b529aa3ee864b34dd2e4c,other_target,dual_retention_add,candidate,37467,617346,277,0.38143977522850037,0.754498980967795,0.5915951025724696,0.9252809954690497,56,0.5470301775485443,14,0.958139534883721,231
MOT20-02,1492,5,174,211,65212,425c4095b17ccc59df413e3804d9d8fbcff6367652326b6cafb8ec52085b4f47,other_target,dual_retention_add,candidate,37482,617865,211,0.9021906852722168,0.8757380163306793,0.6831259406040208,0.928072275550536,6,0.7174403586070645,4,0.9985315712187959,707
MOT20-02,1493,39,282,277,65245,09aa7fc938801f4ff2c3a75f47a10e03cf59440dca5357936d4bad7644730cb3,other_target,dual_retention_add,candidate,37488,617908,277,0.8604720830917358,0.6217881470781391,0.6217881331692994,0.9005053105212185,56,0.9999999760453513,14,0.958139534883721,231
MOT20-02,1493,5,174,211,65271,7a30726a5d14643b8b396a30369fe39aab3637d45cd729bc74474bb206159b3a,other_target,dual_retention_add,candidate,37504,618392,211,0.9050428867340088,0.8945522121024321,0.7220327662948575,0.9408253543373436,6,0.7311136560038187,4,0.9985315712187959,707
MOT20-02,1494,39,282,304,65325,660b228b01feb5adfb82b5d9ef28f1d4ca8d6553628425ac4812384907690c87,other_target,dual_retention_add,candidate,37506,618446,304,0.7519292831420898,0.5677170116251756,0.5480258784617705,0.8421192584324338,64,0.9413903520449296,14,0.958139534883721,231
MOT20-02,1494,5,174,211,65330,0be1971560457f93d64c0932c63f0e1c37697902fedeee687b1f54386f214e98,other_target,dual_retention_add,candidate,37524,618943,211,0.9165236353874207,0.916674951848779,0.7412662025841801,0.9177895288354032,6,0.7277779666377594,4,0.9985315712187959,707
MOT20-02,1495,39,282,304,65385,9d64be9ca4598bb069786febe8d7899dd94a9b6890e43160d8d9c64b309a2c1d,other_target,dual_retention_add,candidate,37526,618997,304,0.8253381848335266,0.5748698362851561,0.5697012727684484,0.8233381213695182,64,0.9706421531743112,14,0.958139534883721,231
MOT20-02,1495,5,174,211,65390,6e0c573650737faadd2e08f85bed9ae2698ef6854d844302e09940802c7c22d3,other_target,dual_retention_add,candidate,37545,619502,211,0.9138585925102234,0.9453654482940747,0.7320500230101687,0.9126753988223485,6,0.7203100986394613,4,0.9985315712187959,707
MOT20-02,1496,6,211,174,65450,f7b2b1acdabe0aa09f08ba7c5fdd3c32485107a166b351b194028f9d3c569f5a,other_target,dual_retention_add,candidate,37565,620036,174,0.9157958030700684,0.8807693698081807,0.7465588915306509,0.9619806454152533,5,0.7322811206896919,1,1.0,47
MOT20-02,1498,37,274,285,65546,3fc071574cb1429ecc574674f4b350562e5c41247970d9c995ecd3cba6d28993,other_target,dual_retention_add,candidate,37591,620670,285,0.8457383513450623,0.5573569570846213,0.5698799391958052,0.9078626742114699,42,0.9422073297166828,10,1.0,180
MOT20-02,1499,37,274,285,65605,cefa3a340e413491121fbcb1923470b6c308717034fedf4cbd7bbfa58bb15d97,other_target,dual_retention_add,candidate,37612,621213,285,0.8651781678199768,0.5724588373586056,0.5724588368308903,0.9315555635145816,42,0.999999985457844,10,1.0,180
MOT20-02,1500,37,274,285,65664,37d1e26b7b268d9ac22c2aaa1c6767112dda84cef620a7551c202b6140d5dfbb,other_target,dual_retention_add,candidate,37633,621764,285,0.8610161542892456,0.5665765576145448,0.5665765695600355,0.9180271733681374,42,0.9999999765158032,10,1.0,180
MOT20-02,1501,37,274,285,65724,c3b6a3ca0d215ebd0bb55433eb1cc8cea90bfea642e1747b6136a19a6364ba9b,other_target,dual_retention_add,candidate,37666,622425,285,0.8693522214889526,0.5887875315600888,0.5778362140999843,0.9203195690586705,42,0.9736438007682005,10,1.0,180
MOT20-02,1502,37,274,285,65784,ec404ae9e959656cb2249aa4f87b6405c48f52bbd9111db05e58d2c4cf0cf581,other_target,dual_retention_add,candidate,37686,622975,285,0.836493730545044,0.5862518669900519,0.5705365957922476,0.9263152755807956,42,0.9482358873700121,10,1.0,180
MOT20-02,1503,37,274,285,65844,ab373626cbed8eb790f80b31b888d525a5c7c196712ce8bc0531d2d50ad3b0ec,other_target,dual_retention_add,candidate,37705,623508,285,0.8691849112510681,0.6035438907540849,0.573700237029027,0.9251518292976794,42,0.9251981387699821,10,1.0,180
MOT20-02,1504,37,274,285,65904,be2be928d7f779cdb4add9a1573a15655745a3cb6845343b067cfcce0d060879,other_target,dual_retention_add,candidate,37719,623957,285,0.8627288937568665,0.577927603477607,0.5779276138910244,0.94570315906422,42,0.9999999805775728,10,1.0,180
MOT20-02,1505,37,274,285,65964,663fe8abfd5aa8735c3a9a56426bc990a6b2818e7c588195c7eae44dbe076f44,other_target,dual_retention_add,candidate,37748,624615,285,0.8386715054512024,0.6328289577509173,0.5954452189016881,0.9729707042376076,42,0.9369084525663668,10,1.0,180
MOT20-02,1506,37,274,285,66024,517183092a949734939080c6f93aa2d9b430b8a76c421e0022fc8d4036b3d07f,other_target,dual_retention_add,candidate,37770,625171,285,0.8490949273109436,0.623980380263834,0.6239803729261577,0.956912499974704,42,0.9999999836689201,10,1.0,180
MOT20-02,1507,37,274,285,66084,64e9e42b0ec577c7e3351ddb677cd4bb5db0d2f03616b7cdda5437d8d6d33833,other_target,dual_retention_add,candidate,37792,625730,285,0.8370876908302307,0.6372002715150821,0.5967731600431175,0.9406839564011665,42,0.9170796599901,10,1.0,180
MOT20-02,1527,34,254,265,67332,58e9eea2c75eee6bfad8758e4be85ea9766ae84eef30db05e7dec06c41b6e002,other_target,dual_retention_add,candidate,38207,637218,265,0.47673794627189636,0.8196882715060911,0.6894546994586712,0.858259647539325,60,0.8394979056975306,3,0.9902912621359223,451
MOT20-02,1527,62,281,298,67345,a9b0a321b8aad0cdac323ea848e7ec2faf040e503b79c759fde998e7cfc91b53,other_target,dual_retention_add,candidate,38205,637205,298,0.5955327153205872,0.641280769848366,0.641280757967652,0.8776258882603543,43,0.9999999774385933,4,1.0,37
MOT20-02,1528,34,254,265,67395,301d9a677887e49bdff150ed025d3c20cccd3c57f349ae1ba072c8594fa10af1,other_target,dual_retention_add,candidate,38224,637786,265,0.5606069564819336,0.8815631218061445,0.6779713921382418,0.8594092270747175,60,0.7312807203456132,3,0.9902912621359223,451
MOT20-02,1528,44,287,285,67398,d2c5b6e86487d2bacf3461718258fc2ac7eeba37173c70f2d83b52732d4d8500,other_target,dual_retention_add,candidate,38221,637757,285,0.8321239948272705,0.507485730832766,0.5074857277078263,0.8807653380740483,42,0.9999999937377394,3,0.9666666666666667,262
MOT20-02,1528,62,281,298,67407,98023a34f2c70a2d3ea3dbfa8c7fabc1701c47bf36092f6cc5c8a9efb3a35a9f,other_target,dual_retention_add,candidate,38231,637821,298,0.7392796277999878,0.738957873818884,0.738957875638906,0.7789406845150788,43,0.9999999901112544,4,1.0,37
MOT20-02,1529,34,254,265,67457,c0a304cfe2d973075086f0f7fc61b33f480625ce0f923415b2b623184ad5c6a4,other_target,dual_retention_add,candidate,38247,638346,265,0.8259247541427612,0.891535443141725,0.6706201069548136,0.8800314207435196,60,0.7467732872741994,3,0.9902912621359223,451
MOT20-02,1529,62,281,298,67469,72b9ac8d9956b0fbf7a392dc55c5e2380c783aaf2432957f359d3940201b47f3,other_target,dual_retention_add,candidate,38253,638386,298,0.7377872467041016,0.6985046509167115,0.6985046543443505,0.8295555312903123,43,0.9999999810706222,4,1.0,37
MOT20-02,1530,37,274,270,67519,2de5bdd0255d07ff1f5d236e8163f668b52be69345f666bbd0d1c6f8efcb2e23,other_target,dual_retention_add,candidate,38273,638996,270,0.7797021269798279,0.925645301162613,0.723164350497872,0.8957501350694664,33,0.6721145442286395,1,1.0,26
MOT20-02,1530,62,281,298,67530,e0e184454cb6e92a4841117e0d417700d51bc49781eaaae70dfd84dbe2530174,other_target,dual_retention_add,candidate,38265,638900,298,0.6282126903533936,0.6149779609581572,0.614977956225076,0.905862922406567,43,0.9999999913605482,4,1.0,37
MOT20-02,1530,40,305,300,67532,54a5f3cf8ca95b285a51500004911af6b5bca1a47f005c6ec4fc3a14d8c883a4,other_target,dual_retention_add,candidate,38274,639014,300,0.18515387177467346,0.5543477661236985,0.45224497039735906,0.8432908950146778,46,0.8247586482153544,7,1.0,71
MOT20-02,1535,37,274,270,67833,d0ed4b055f38594c5ba631a34cb7d91f633cab248f3a4540c509892a5f588b24,other_target,dual_retention_add,candidate,38377,641825,270,0.769812822341919,0.7530493401132089,0.7307846540484029,0.7573102364627489,33,0.9566832518265118,1,1.0,190
MOT20-02,1535,62,281,298,67844,db25ec1accf53e2e74ad4aab93b4c4417faff56930f2a8416517a328e6f4dca3,other_target,dual_retention_add,candidate,38369,641781,298,0.5679429769515991,0.598999950809894,0.5989999510433133,0.8912618398365297,43,0.9999999918728946,1,1.0,5
MOT20-02,1535,38,247,269,67845,3779114cdf0f7c643b3fa330bf589372abbf04a3dc0b1b2b172350bca7919b60,same_target,migrate_replace,source,38375,641803,269,0.7559047937393188,0.8950626620547446,0.8950626793715415,0.3881114411058287,42,0.9999999809956753,3,1.0,308
MOT20-02,1535,40,305,300,67846,9640f0ae671464f766e7f4918454f4fb8c4b2bd530901c1dbc795c672e17703a,other_target,dual_retention_add,candidate,38382,641900,300,0.5404060482978821,0.8007707122997795,0.5334857331443884,0.913158040355708,46,0.583287399477581,7,1.0,71
MOT20-02,1537,62,281,298,67964,e8e1fc95f76ad2889776043fd87c4316688cda3035eef665403e1dc04c6842e2,other_target,dual_retention_add,candidate,38413,642913,298,0.6174134016036987,0.6061237411023725,0.6061237425258484,0.8807164003872309,43,0.9999999848496454,2,1.0,2
MOT20-02,1537,61,276,274,67982,bc10c63bfd327be37fd285557a46d24a9465284c8a6babdfc04c127d862665d4,other_target,dual_retention_add,candidate,38423,643026,274,0.850140392780304,0.6137966111881599,0.6137966118163113,0.7352565300557097,37,0.9999999881752929,4,1.0,137
MOT20-02,1538,62,281,298,68023,c65f9713d17cbfe56ebe4a05e340015003bf15b7e90c463d7ef0a033c3f83942,other_target,dual_retention_add,candidate,38435,643499,298,0.7078115940093994,0.6535334867631597,0.6535334901507568,0.8484617124901476,43,0.9999999858812463,2,1.0,2
MOT20-02,1538,61,276,274,68041,5161c06a00cde86c737cf0f8e678d0bde9d3934e9a512b61d49116e239e58547,other_target,dual_retention_add,candidate,38437,643507,274,0.8414638042449951,0.5921751479990915,0.5921751408094557,0.7681983457657389,37,0.9999999869140874,4,1.0,137
MOT20-02,1540,62,281,298,68144,c1428399fdc58fd66acca56b03c7f9b59b3cd4c6eb265dc2bfb404b143fcebfa,same_target,migrate_replace,candidate,38480,644632,298,0.7798916101455688,0.7778411588474248,0.7698015264049892,0.7362302563764416,43,0.9459390979300774,2,0.9875,241
MOT20-02,1540,61,276,274,68162,e35f8d80ffb3d741495a6dfee520d961cdb30402c674287f75e6b99b56a1c43a,other_target,dual_retention_add,candidate,38479,644627,274,0.7925243973731995,0.5360396568704527,0.5360396521225758,0.7460807029311983,37,0.9999999777606806,4,1.0,137
MOT20-02,1541,62,281,292,68199,cd8a0e7182d3c362cd6f7ec10f877eb5f52f5092a830185274c69c395bc86ede,other_target,dual_retention_add,candidate,38500,645188,292,0.7613478899002075,0.7907683544272605,0.45379148723748236,0.9069521633123577,45,0.5220365059878926,2,0.9875,241
MOT20-02,1572,70,238,239,70043,3953d36bce34512b99e1983c4b8f3e5c2384590565ee35f8b965200d8007a4b7,other_target,dual_retention_add,candidate,39158,662826,239,0.6882674098014832,0.8413923282492374,0.6563656673780385,0.9260161290299174,66,0.7385159231709307,2,1.0,660
MOT20-02,1573,70,238,239,70103,709a45afd2fc76de7e778298133301a4a5567be07d22aa8a141c8913b788cc72,other_target,dual_retention_add,candidate,39180,663396,239,0.7481510043144226,0.8494487921529306,0.6667327494416254,0.9374187156814469,66,0.774031956058736,2,1.0,660
MOT20-02,1578,73,328,323,70458,1ceb339cca9fbc7c1126ae1f639397586e5fb414b85c3bf861359a865d1b331d,other_target,dual_retention_add,candidate,39269,666012,323,0.6254705190658569,0.8035951275850777,0.7239833311200903,0.7649982519225939,76,0.7108173580706052,1,1.0,13
MOT20-02,1582,61,276,247,70702,b37856edff63b0613787efcde4cb44e09fa1e86c6dfd0358775dd5a5fc36de7e,other_target,dual_retention_add,candidate,39357,668373,247,0.5178748965263367,0.7747819030552302,0.5768029404139061,0.8584500925768096,38,0.7058880837029917,4,1.0,50
MOT20-02,1583,61,276,247,70764,14af9b889c7fbf3d9758ed93a30c14d1d53ad8c2b1cf5ec61ac78815cb1b984c,other_target,dual_retention_add,candidate,39379,668924,247,0.7678968906402588,0.7793419356361211,0.584541504768477,0.86051562392102,38,0.7118509764290943,4,1.0,50
MOT20-02,1584,61,276,247,70826,39841880ce8dd9aff5e9a5efff38cfc9c81749f2e33a64142f50a98ae0ad6176,other_target,dual_retention_add,candidate,39400,669485,247,0.7281104326248169,0.7379574183360535,0.6152091637598255,0.8622563146880219,38,0.769356178157341,4,1.0,50
MOT20-02,1585,61,276,247,70888,b1661a7407541dc4e2dfb89a96d6c25e7a7b82952dd6962d0120404bf9508cbe,other_target,dual_retention_add,candidate,39418,670045,247,0.5459929704666138,0.7674565053115647,0.6220315093038533,0.8664086007060298,38,0.7348119555368328,4,1.0,50
MOT20-02,1585,73,328,323,70893,252182fd2f15be9567d13beaac396ecf1243aae07d7423f5b1706819b8f60416,other_target,dual_retention_add,candidate,39421,670075,323,0.7163376808166504,0.6518034842291078,0.6414828369657452,0.9137467613617548,88,0.8009463257431789,2,1.0,230
MOT20-02,1586,73,328,323,70954,8da063f25f934db68435411fe817cde9a1cbf4161965266edb10dd2561fc3200,other_target,dual_retention_add,candidate,39449,670652,323,0.5823023319244385,0.6783743990354558,0.6216763517177517,0.9476747525132165,88,0.8252737259088048,2,1.0,230
MOT20-02,1588,105,301,302,71060,190e90e8385e4a09252463790c6c1dd761a6cc0f840ad7c24be8d9a6e5760e44,other_target,dual_retention_add,candidate,39496,672074,302,0.8445639610290527,0.8051308928128189,0.651267076751257,0.783340932310241,106,0.717559362752069,1,1.0,250
MOT20-02,1604,60,265,271,72048,362d46e37627a157e29f62df53206ba9d867e32eff758f640425b2d1591624d4,other_target,dual_retention_add,candidate,39824,680986,271,0.6351348757743835,0.7735927929359924,0.6353137243806715,0.875162336783098,35,0.7322142536042672,14,1.0,288
MOT20-02,1605,60,265,271,72109,72ce792c36dff7fa250a030e224d5ed876261e6765106261915d99397d808555,other_target,dual_retention_add,candidate,39842,681558,271,0.21788093447685242,0.8374205928357882,0.6468901073078023,0.8637541558185989,35,0.74111209880758,14,1.0,288
MOT20-02,1607,60,265,271,72232,a5e3fc34a2fac42ba77929444bfb7222974fd468619627a2279cbbe451c66c50,other_target,dual_retention_add,candidate,39881,682728,271,0.7929359674453735,0.6482661447638796,0.6482661411724756,0.8507035642889621,35,0.999999987105025,14,1.0,288
MOT20-02,1608,60,265,271,72293,cc160e99dcba02f1144e30ebcbec6f3b716639d232fc949a7adb4d2c5b934127,other_target,dual_retention_add,candidate,39902,683289,271,0.8771353363990784,0.6451575021231449,0.643470133994327,0.8378791540373526,35,0.9386707517675623,14,1.0,288
MOT20-02,1610,60,265,271,72413,7a33d8ca8b96dd74ac569886f9bf7ebe2514ea85397538fc6c02257dc0544a1d,other_target,dual_retention_add,candidate,39943,684456,271,0.8679515719413757,0.6556801480187877,0.6592761733445631,0.827395881380462,35,0.9434403064968883,14,1.0,288
MOT20-02,1611,60,265,271,72473,7e7918726c8a416be0369b1e3114bffdc48794bba789cdd11eaead76d104334d,other_target,dual_retention_add,candidate,39968,685055,271,0.8679899573326111,0.6827903524297726,0.678154492820085,0.7920844298517007,35,0.9320894997105121,14,1.0,288
MOT20-02,1612,60,265,271,72533,0c4a93c5c889d0d168d0b41fa15572ace3643eba53c764a0ab09f4d07880abeb,other_target,dual_retention_add,candidate,39989,685638,271,0.8224300146102905,0.6624938500650642,0.673816888915042,0.804977016877298,35,0.9599165794251453,14,1.0,288
MOT20-02,1615,60,265,271,72711,bc8e55f53ab5e1bd1936c8675a74d8bcefbc881ad23de4879af3661eeff32625,other_target,dual_retention_add,candidate,40051,687376,271,0.5765350461006165,0.83199519733052,0.6595870500157457,0.760315584348646,35,0.7018554346804808,14,1.0,288
MOT20-02,1616,60,265,271,72771,38ef688bbc1a1fd1a158f5e3766c8de5cf2103ca97f5ec8e5b00e89e69f4599d,other_target,dual_retention_add,candidate,40071,687966,271,0.8601734638214111,0.6243975897634996,0.6555797049157477,0.7606069873105638,35,0.9524358138019912,14,1.0,288
MOT20-02,1617,60,265,271,72831,3839462675f6b2348113659077acbf04fd6ab7bf7c8d7f1e57f5c41f3041207f,other_target,dual_retention_add,candidate,40092,688554,271,0.832449734210968,0.6018993715225152,0.6191792693199696,0.7706719767927346,35,0.9607347726885638,14,1.0,288
MOT20-02,1622,86,329,331,73182,a9934d8ef8b8f0b39347be1b3390efc11ce9a40ba1b59027bf8ca01cf080e2ab,other_target,dual_retention_add,candidate,40194,691431,331,0.814480721950531,0.8408153084472642,0.84081530051319,0.8902070745043486,111,0.9999999850337754,1,1.0,135
MOT20-02,1626,48,290,330,73438,32851e6faab24b084572094a8654e800d485a8812a3f9d771ab30d1317c5ec0c,other_target,dual_retention_add,candidate,40282,693970,330,0.8102373480796814,0.5279499264127147,0.5279499258414346,0.8236593872931878,43,0.9999999871997408,1,1.0,211
MOT20-02,1626,111,331,329,73442,8fa870d3894be0673618ce050c63f6897947fe2df5fc0bece2cca3257e353816,other_target,dual_retention_add,candidate,40277,693817,329,0.64692622423172,0.7432737875842853,0.7816988198940594,0.9291708552180394,86,0.7253161972394702,1,1.0,78
MOT20-02,1629,48,290,330,73636,0e0bfa91b05e6efc2b03eb2afebb2dbf8b3a938f1ecfbf99ecde3fbfdd8bd0f0,other_target,dual_retention_add,candidate,40353,695952,330,0.8483482599258423,0.5777999732950445,0.5757881526802769,0.8538670269277874,43,0.9496258380947711,12,1.0,5
MOT20-02,1630,48,290,287,73688,a922214c2c746d1ec7baa29e8198b3acf713bf3eed78af13dcc21ee231a4c3bc,other_target,dual_retention_add,candidate,40373,696528,287,0.7742621302604675,0.728127512688547,0.6956317816014509,0.8696214452982177,44,0.9527679740413608,12,1.0,5
MOT20-02,1631,48,290,330,73769,1b0b8320135e8c8b6132474bd67422785d1f132b4722b93e1b248f6523b41c50,other_target,dual_retention_add,candidate,40395,697211,330,0.8434728980064392,0.6590910537835855,0.6590910513158555,0.8585598973862388,43,0.9999999954300802,12,1.0,5
MOT20-02,1632,48,290,287,73822,721fb92f0df7c50479bdebfc1936ab3d8ce075b12183236c2b2304694ecc5ef3,other_target,dual_retention_add,candidate,40407,697643,287,0.7844107747077942,0.7120543723255031,0.6894544986504415,0.9362029254727288,44,0.9500712856324228,12,1.0,5
MOT20-02,1633,48,290,287,73889,ada5739da3451c36f577122592b593763ef3d25d3a578f7e539cf57efaee499b,other_target,dual_retention_add,candidate,40425,698279,287,0.7820616364479065,0.6833933199421446,0.667710161521403,0.9496893254756326,44,0.9708707745202814,12,1.0,5
MOT20-02,1635,48,290,287,74023,bf94099b2238848e4c924f8bf579ed58f167e26d40f108a8c6eb9200e5855ca6,other_target,dual_retention_add,candidate,40470,699522,287,0.7502702474594116,0.6385226517152728,0.6355355011643811,0.8623801975754094,44,0.9429355772909264,12,1.0,5
MOT20-02,1636,48,290,287,74091,92f4f438bcfb50c330e853895b1641e3f31c67656bc9ac805f3721552a517851,other_target,dual_retention_add,candidate,40489,700157,287,0.7788338661193848,0.6516492521028827,0.6262149701303903,0.8420321447485088,44,0.9495729577510483,12,1.0,5
MOT20-02,1637,48,290,330,74173,8a30db6b9ce8f93a5949e65622ed2b6432012074604eff05915b56ee090c319a,other_target,dual_retention_add,candidate,40515,700812,330,0.7847810983657837,0.6506151677257033,0.6779324512237445,0.8632061293215523,43,0.9524992481870068,12,1.0,5
MOT20-02,1638,48,290,330,74241,2f7988ff5212aa534e2e58505bdfdb447788b36f7d2ec08aaf2c4fb7f5578d2d,other_target,dual_retention_add,candidate,40544,701563,330,0.6829724311828613,0.6703509025327965,0.6703509143114383,0.8567768536083378,43,0.9999999823735509,12,1.0,5
MOT20-02,1639,48,290,287,74295,25c8f0255c8812a8aae0b48f457f58124d739f8396021201697023ccc63b56d6,same_target,migrate_replace,candidate,40556,701996,287,0.16285061836242676,0.833243994255343,0.8332439900866635,0.7524910213979775,44,0.9999999803919855,12,1.0,5
MOT20-02,1640,48,290,287,74362,c98560c83ae1a6b3445a7caf90b4e30d9f678140724bde81f7fbeec5c8f798f4,same_target,migrate_replace,candidate,40575,702629,287,0.3194902539253235,0.769729994009376,0.7697299881482018,0.7298643790017076,44,0.9999999831540834,12,1.0,5
MOT20-02,1640,61,349,247,74364,9b49584ed8469de5a0c88c6b7765e6bb3c9bc7c876aafa426b6385052f342bff,other_target,dual_retention_add,candidate,40581,702689,247,0.8303071856498718,0.5222038381138531,0.5212496339519933,0.7447508740663805,38,0.9442768358136887,2,1.0,483
MOT20-02,1641,61,349,285,74410,9ddb9a66c69c1beee3858c8bb8a47f63dd6a076ecf4f6a9e3f743cd4d330b5be,other_target,dual_retention_add,candidate,40597,703272,285,0.5089861750602722,0.7849796762203517,0.6058327713521127,0.8918134635524788,42,0.7687361942339076,2,1.0,483
MOT20-02,1642,46,341,319,74500,a75795ab2ed7edbf392a4b7992631e83d52888a5761ddda96cf6d6def8306be6,other_target,dual_retention_add,candidate,40632,703998,319,0.7218223810195923,0.7101311167721622,0.7316298913259109,0.9394671100122943,33,0.9687327315724452,2,1.0,261
MOT20-02,1644,48,290,330,74645,502ae4b31d8dceaea21008bbe10ff5b0cc78bf7a5dfa267d0b9e76078b35e39a,other_target,dual_retention_add,candidate,40662,705100,330,0.6711199879646301,0.6875096213568529,0.6875096098281049,0.8217850870119614,43,0.9999999823030175,14,1.0,4
MOT20-02,1645,30,246,301,74710,cf660afd178a1ea4250f413808ff7dab0dc27e45d38a76186ef5571e3a6a3d85,other_target,dual_retention_add,candidate,40696,706041,301,0.5074658989906311,0.8601930778130991,0.6201062954067734,0.77844647137728,105,0.5427377373958447,4,1.0,827
MOT20-02,1645,48,290,330,74713,1ec88989dc6aab71a369e066a05bb1ac019396085f20590375bfdb69506e0409,other_target,dual_retention_add,candidate,40681,705742,330,0.7877100706100464,0.715818333088589,0.7158183180783665,0.8520599947837997,43,0.9999999777530418,14,1.0,4
MOT20-02,1646,48,290,330,74782,06b5d7805dc6b7bcdc2564c6e013a18cd15449426444bc485b9d09d9e4b9638e,other_target,dual_retention_add,candidate,40706,706407,330,0.2999746799468994,0.6267890511847378,0.7120134330963134,0.8526840986136228,43,0.8778792370748052,14,1.0,4
MOT20-02,1650,48,290,330,75056,e1af66a1ea9a5adf9ec157bdc158adaebac6624956796fd4e30e5e698eec4c3f,other_target,dual_retention_add,candidate,40797,709092,330,0.8224698901176453,0.7299730709936408,0.740400637591204,0.8784857538237832,43,0.9355565218364145,14,1.0,4
MOT20-02,1651,48,290,330,75126,ee280136d492d026fa8975be51520085a1d12451b3c0386bf6df962b2e4f7d68,other_target,dual_retention_add,candidate,40815,709740,330,0.8163976669311523,0.712695906335276,0.7432989145866252,0.8726343309473162,43,0.9412018101320876,14,1.0,4
MOT20-02,1652,48,290,287,75182,a0d2dd87425f2dcd156867edff60a2eca7b1e46a1c78a7fa471d33263285063d,other_target,dual_retention_add,candidate,40827,710204,287,0.775083601474762,0.7012768706162666,0.6833725572434289,0.7572303705420395,44,0.9364723406534466,14,1.0,4
MOT20-02,1653,48,290,287,75252,6bc8eb3e1622e7937e57c779e920220069da12c1582ec84c4fdf8cb5c9c7298f,other_target,dual_retention_add,candidate,40848,710847,287,0.7855351567268372,0.7165831229427835,0.7165831277927932,0.7850843145999354,44,0.9999999889850395,14,1.0,4
MOT20-02,1654,48,290,330,75336,72c9f5eb3c615668ac2adb47c483bc323e73b58d7efdf4c3c5c57bb721e5d2da,other_target,dual_retention_add,candidate,40877,711521,330,0.6690444350242615,0.7476375220729635,0.7171019865403686,0.9160983130910101,43,0.9254068948582258,14,1.0,4
MOT20-02,1655,48,290,330,75406,ec7b10b1912c5621f8413278aa558d5d4a2f540d7a666a8f7b0c357e73735733,other_target,dual_retention_add,candidate,40898,712178,330,0.7844677567481995,0.7401692437552179,0.7320601456992173,0.926416587630969,43,0.9152302656875287,14,1.0,4
MOT20-02,1656,48,290,330,75476,907f38b4000490ee76486ee0af6614ff480638324b61cc3f52df51252e0abb49,other_target,dual_retention_add,candidate,40917,712813,330,0.8030450344085693,0.7222960110564818,0.7052474703032744,0.9260499794421214,43,0.9244563169928012,14,1.0,4
MOT20-02,1657,48,290,330,75546,547da02f527c61148bf3b509369af300b75504cd6734bbe1b186b6ce10ed1d09,other_target,dual_retention_add,candidate,40937,713468,330,0.8179254531860352,0.6809977648661167,0.6715366296119211,0.9195979689249514,43,0.9184789631749858,14,1.0,4
MOT20-02,1665,60,265,254,76093,b2aa2b646290a63657aeaf25bfdc21d575ff0e36cbf332543b0e18c36bc6d281,other_target,dual_retention_add,candidate,41112,718705,254,0.7275943756103516,0.7430625546602003,0.6604241635062293,0.6762421428665698,34,0.7543940877077331,1,1.0,68
MOT20-02,1665,88,338,331,76113,d5c3794292b7e947057d815c238d54d1125755805e619395d39ea5a751162111,other_target,dual_retention_add,candidate,41096,718395,331,0.8401762247085571,0.8132626598430857,0.628315117279607,0.9152419526365969,111,0.7555626836748943,1,1.0,53
MOT20-02,1670,111,331,338,76469,c5a33aaa1e160590b2f9911917319ab7a3c8664511dd454d8c6f5feb8cce2ed6,other_target,dual_retention_add,candidate,41214,721735,338,0.8326831459999084,0.8205479003375628,0.7511009220578563,0.828704855835246,88,0.6988059338338808,1,0.6917293233082706,309
MOT20-02,1671,88,338,331,76539,abf2410013343388c1d9cb4ae8349bdae44cd2cdd8503a6d41727cdd1eea07cf,other_target,dual_retention_add,candidate,41222,722213,331,0.7673940062522888,0.7812756928594878,0.6433206050596106,0.8736375292641113,111,0.8163957456130743,1,1.0,6
MOT20-02,1686,66,239,254,77538,fbb3098a45b38fcdae50399ba41f5377ffd7bbce662e7f12238c6aad9e737d54,same_target,migrate_replace,source,41554,732040,254,0.4352498948574066,0.8256714904092805,0.8256714935598448,0.7850744432729206,34,0.9999999924926714,1,0.9981308411214953,558
MOT20-02,1686,58,231,238,77546,f26b8c920eb92c2852ad03923c6f9450c8d6f7a9653eff7d1ed18a27b99b5134,other_target,dual_retention_add,candidate,41550,731880,238,0.782120406627655,0.7335310090069527,0.7049046910519339,0.9573640429596884,70,0.7646424944246415,1,1.0,675
MOT20-02,1704,105,301,261,78766,1bd3165fc68e4adc93ef64c1034241504bd6b33ed607ef69fd4852716232e7b8,other_target,dual_retention_add,candidate,41935,743776,261,0.5527969598770142,0.8356157843235651,0.7178712137595444,0.7338146746383589,32,0.8053028465614971,4,1.0,116
MOT20-02,1706,60,265,271,78898,ecfbc4031ca1632dbf934574fb57a589fd447fc183f82ae9ec3183b047597d49,other_target,dual_retention_add,candidate,41964,744592,271,0.8257365822792053,0.593296411550545,0.5932964003620324,0.6862334506269345,35,0.9999999788318746,5,0.9512195121951219,96
MOT20-02,1706,105,301,261,78903,e6f964e39e7bd6b06f04a2308064e8855b1eec2db014b59b68e206cd0fb9795a,same_target,migrate_replace,candidate,41975,744829,261,0.7017403244972229,0.8238375656487316,0.8238375627677895,0.6832996667447615,32,0.9999999962856901,4,1.0,116
MOT20-02,1707,60,265,271,78966,635e7317bbcf027b48aef46b15e2f67aaf65bdba3c758463a9319ea3be16b223,other_target,dual_retention_add,candidate,41985,745229,271,0.8200170993804932,0.6216290734582496,0.6073971012370519,0.6845393089185722,35,0.9525756155231363,5,0.9512195121951219,96
MOT20-02,1707,105,301,261,78971,11faecee4531ee49ecac73e0bc4c06f75ba131d8a41f392a1db08fab015e3bff,same_target,migrate_replace,source,41995,745473,261,0.72263103723526,0.7819592260927049,0.7819592359178876,0.6461552533619447,32,0.9999999865363567,4,1.0,116
MOT20-02,1707,74,363,359,79012,1aa022eda5628919e06981987dbfa59604a9a3c734200c355407329d3c75fbdc,other_target,dual_retention_add,candidate,41989,745268,359,0.7962527275085449,0.7980498520331991,0.6583260693112433,0.7967861701815206,78,0.7006528306183822,6,1.0,43
MOT20-02,1708,60,265,271,79033,429d695bbed18f9ca1037423cc84b59bca95eda88284169fb0150ad6c4be2a06,other_target,dual_retention_add,candidate,42006,745860,271,0.8319801688194275,0.6216419032261972,0.6212427102128395,0.7021832166891278,35,0.9524992424047286,5,0.9512195121951219,96
MOT20-02,1708,74,363,359,79079,964f1890458ba6d90ae98fcce0a53edf22364cdcb5d543d52ed564af77d5f178,other_target,dual_retention_add,candidate,42012,745900,359,0.6832671165466309,0.8113324744750106,0.6913742705650814,0.7677041148349516,78,0.7431795946875629,6,1.0,43
MOT20-02,1709,60,265,271,79101,73e8a63b4ac54770cab2df4c3af5dbae7c386f403a6fc013f6cfc3e1595287c3,other_target,dual_retention_add,candidate,42027,746496,271,0.7087330222129822,0.6388074677895275,0.6369697324212436,0.6931734512262867,35,0.9469586695099272,5,0.9512195121951219,96
MOT20-02,1709,74,363,359,79146,cb21fd86e8f774cdf750bfec6cd3739ec022f9bfca95a0b9078dfac8f5547b2a,other_target,dual_retention_add,candidate,42031,746522,359,0.7902125716209412,0.8051868643267988,0.7284143681115908,0.7541942054381181,78,0.7813422667724698,6,1.0,43
MOT20-02,1710,74,363,359,79212,c25b2459e434a8752ed61217a4b591e554e682d0ac2ad4116493f34f46576e65,other_target,dual_retention_add,candidate,42050,747147,359,0.7849096655845642,0.8323459117943149,0.7461311737732588,0.787614568252165,78,0.7759580498432029,6,1.0,43
MOT20-02,1711,74,363,359,79274,4ae10e88d80efcf03ea7476d05daade7df6491bee763ec085325ff531451da47,other_target,dual_retention_add,candidate,42074,747773,359,0.8287615180015564,0.8208723611993466,0.7573052543629782,0.7798078420824786,78,0.735616085760288,6,1.0,43
MOT20-02,1712,74,363,359,79338,3cdc1d78fa8b1d05804cba9f06742354991a5d1e344db24c455b5b8ce5f66394,other_target,dual_retention_add,candidate,42096,748403,359,0.8333584070205688,0.8570134949450666,0.7542771854832133,0.7778719986217392,78,0.7604670062487867,6,1.0,43
MOT20-02,1713,66,239,274,79380,e43e2a155fcb49f30ae52003f0867e7af6662c084658d7f6efd3b78a3afc377c,other_target,dual_retention_add,candidate,42119,749164,274,0.564001202583313,0.8741707247930302,0.6366535518402076,0.8083807195373542,37,0.6725868225567069,4,1.0,90
MOT20-02,1722,37,274,238,80010,2a0e080665711c6fca0dd4aa360b10f0e30fe8cbfb949b213f1b82eafab39337,other_target,dual_retention_add,candidate,42310,755128,238,0.8572770953178406,0.8000822735050894,0.6507000860355185,0.8647279891924252,70,0.7133329801442201,1,0.7098765432098766,348
MOT20-02,1739,74,363,359,81240,3a87738a073827624ea46a5211fc54b71e92d79fc2a828ff3d0f725e66ab2fb0,other_target,dual_retention_add,candidate,42651,766083,359,0.8646671175956726,0.8975143089645493,0.703237485902588,0.8339606221990155,78,0.6992358918386968,1,0.9821428571428571,82
MOT20-02,1742,44,375,292,81423,024d01fe3170f8f166245c21d07fe9dbef4ef083e164bd66f5ce0569f8b13aca,other_target,dual_retention_add,candidate,42725,768413,292,0.21842485666275024,0.5226609340581262,0.5277073714867043,0.8147539571806105,45,0.6987274054590382,10,1.0,154
MOT20-02,1746,78,359,363,81775,777080b02e14993c37591936b01d557691649b369238e2b6338185989519487d,other_target,dual_retention_add,candidate,42800,771052,363,0.8589802980422974,0.8028818992050761,0.6330094015883995,0.9020572046605699,74,0.6993426951220082,1,1.0,74
MOT20-02,1749,96,380,378,81994,71f051743153d983cd8dea1353dcd7b9ce25d7b05e653d09f84bb18a0fed51e0,other_target,dual_retention_add,candidate,42869,773251,378,0.40425217151641846,0.7096729375280971,0.6618363879781223,0.8551247402027504,81,0.7234197956852325,3,1.0,4
MOT20-02,1752,78,359,363,82219,d2b80107f46baa32930d3e2b9ef616513f488475ffbae7c912520fed01d35cf1,other_target,dual_retention_add,candidate,42924,775209,363,0.8502438068389893,0.8379150742037756,0.6407244122107503,0.8859657870037648,74,0.700789986325457,4,0.9569160997732427,446
MOT20-02,1753,78,359,363,82292,1186e5f1aa31139175ad84f4c855245d088e561cc134dd6434e97ffa285da8dd,other_target,dual_retention_add,candidate,42949,775938,363,0.8425086736679077,0.9167286355686177,0.670617808195245,0.897135391805455,74,0.7210011156433777,4,0.9569160997732427,446
MOT20-02,1754,78,359,363,82364,7c4c4ff5ac8aa04d6b2a0ae6165a5e69da158328cdd0c7393817a00c9e4aa67a,other_target,dual_retention_add,candidate,42969,776615,363,0.8309229016304016,0.8685124047326693,0.6904258645686069,0.8818468223499366,74,0.7099769238289654,4,0.9569160997732427,446
MOT20-02,1755,78,359,363,82437,a674919389e68d844e933bd16a30ca6c9b6e792ed5fff5d583d3809869788f00,other_target,dual_retention_add,candidate,42990,777311,363,0.831824541091919,0.8935296661973682,0.7010181842427062,0.8668369459300865,74,0.729037404303048,4,0.9569160997732427,446
MOT20-02,1765,58,231,234,83140,ba115dbcc3e49cf545ab53d3816119085f646feee46d5326451a5c74da3c3601,other_target,dual_retention_add,candidate,43213,784295,234,0.5944024324417114,0.7392722475987215,0.7996941964799392,0.821476367339717,59,0.6913923197108284,6,1.0,85
MOT20-02,1765,31,253,254,83165,f90ec56eb037fea30357e2a781a1e6b47ad13b2fb48796eb1cacafd99758a3f2,same_target,migrate_replace,source,43214,784526,254,0.39820581674575806,0.5489052842258696,0.912802124257619,0.7388635548004923,34,0.5508774169179126,2,0.9423076923076923,516
MOT20-02,1766,58,231,234,83210,fa1b1c3ff8e3c1ea31481e417f192a3da6d4a50f790ffcceac225f00a8ecc275,other_target,dual_retention_add,candidate,43233,784990,234,0.7046774625778198,0.7525365959214416,0.7865043507713666,0.8262819606998472,59,0.7383686469451648,6,1.0,85
MOT20-02,1767,58,231,234,83280,c4b5840aea3741862cb3d0c0efcabca12c35aa9c718727f231630ccdca45a6bd,other_target,dual_retention_add,candidate,43251,785644,234,0.6983968615531921,0.7703836563624527,0.7895110083823407,0.8215011235154889,59,0.768706727061098,6,1.0,85
MOT20-02,1768,58,231,234,83350,ce0a83cf974495b000d4d2aa6814439560c7a9fe40042758b9ba11cded47fbed,other_target,dual_retention_add,candidate,43274,786308,234,0.6503227353096008,0.7730728587409709,0.7719910862648577,0.8470075804016731,59,0.7719060163829332,6,1.0,85
MOT20-02,1769,58,231,234,83421,2373a0ff6e165b4b6867b92af6b313a8e7841ea6ac3f264bd2e56722187ab528,other_target,dual_retention_add,candidate,43292,786972,234,0.5533158779144287,0.7358698856035278,0.757916196972662,0.8536646487356914,59,0.7412235742983612,6,1.0,85
MOT20-02,1770,58,231,234,83493,859bb2176e4ca04b95f6c8c7a978fb5d68763a11be6c80e188680f842b16e712,other_target,dual_retention_add,candidate,43317,787647,234,0.3041514456272125,0.6769776529219558,0.7189059626691701,0.83815989502295,59,0.7041313744117761,6,1.0,85
MOT20-02,1770,34,254,253,83518,a0e697f043d44e98c866a9ab1618a18c3b4486daca880e6d85f2cc23fd397279,other_target,dual_retention_add,candidate,43318,787819,253,0.8198555111885071,0.8466131013490001,0.8067996718094168,0.8629537474881158,31,0.9187249835550675,4,1.0,44
MOT20-02,1772,105,370,261,83612,3913fae345920c40502d022767f967e26fb16876ddedb388cd46b3784a9fcc30,other_target,dual_retention_add,candidate,43361,789340,261,0.25422990322113037,0.5838063037423242,0.7454982492203646,0.770341083418988,106,0.5577966241263655,10,1.0,17
MOT20-02,1773,105,370,261,83684,ff5dfe78f26063f5ad2a1e00b36c914de8b680bdcca8b07889e2c8f1e2ddf4bb,other_target,dual_retention_add,candidate,43380,789780,261,0.540966808795929,0.6735703795907246,0.7367600743192967,0.7890917316358235,106,0.655899371633996,10,1.0,17
MOT20-02,1778,58,231,239,84098,867b4b4baeb7ae314b42e520f0399dd8deb88b8dc7fd7b1a657438d0e2151eaf,other_target,dual_retention_add,candidate,43486,793227,239,0.7320380210876465,0.5236469050952967,0.4587004074349654,0.9142260105151734,66,0.8218163509162798,4,0.6875,23
MOT20-02,1779,58,231,234,84161,333173ebb82b40c093741451784b283e6e666364a7a5979265da2c507c34b6af,other_target,dual_retention_add,candidate,43507,794040,234,0.8569108247756958,0.7886346788524528,0.7886346773526401,0.8363837327823034,59,0.9999999915282183,4,0.6875,23
MOT20-02,1780,58,231,239,84250,82cf3b994461c207436fdc7913903ef3092a1f18317193106f3c88839ea7a9a1,other_target,dual_retention_add,candidate,43530,795007,239,0.43994003534317017,0.5906202249990075,0.5906202164485957,0.8867617859762257,66,0.9999999805949022,4,0.6875,23
MOT20-02,1781,58,231,234,84313,f9fe68166ad3fcbc0f9051fd16e76960f661aafc31d1414a15247b1b892f70bb,same_target,migrate_replace,source,43548,795464,234,0.7428218722343445,0.8056627190776766,0.8616289072742815,0.8368701861653525,59,0.8068896875527483,4,0.6875,23
MOT20-02,1793,86,383,329,85229,47113d57e84567791d8b4f42c66f56217fb8bd6146c502be247bee161ff83a66,other_target,dual_retention_add,candidate,43784,803577,329,0.8675549626350403,0.7724876112520275,0.6573264709295659,0.9404872691419391,75,0.7096709043864788,1,1.0,109
MOT20-02,1794,60,265,238,85287,e30e0451df31889fc66fb0fc82d532ef3587438cbd328ba2a22a4be644d3250b,other_target,dual_retention_add,candidate,43824,804962,238,0.8023478388786316,0.5405796611468656,0.5405796654256655,0.8371936345250774,70,0.9999999926097322,3,0.9512195121951219,413
MOT20-02,1795,60,265,238,85363,2f60c3d881b3cc97d3a4c294519d22b139c6afcb71e17d5dae0dac6fe3c27f71,other_target,dual_retention_add,candidate,43843,805403,238,0.6832526922225952,0.5639274537112343,0.53133647793762,0.8666992470091479,70,0.9352152623818779,3,0.9512195121951219,413
MOT20-02,1796,74,363,362,85452,c1cfe70843fd0731dcbf8876d2f1ee134aef6754b882123e45c4b939642bf081,other_target,dual_retention_add,candidate,43858,805868,362,0.8328527212142944,0.6936817256822371,0.6936817209973098,0.9097510723133987,53,0.9999999766466872,1,0.9821428571428571,57
MOT20-02,1798,74,363,362,85602,cd7d32ebcd4460b60bcb303055b62a801715b1d3ffa18ffe20dece89b900cf8e,other_target,dual_retention_add,candidate,43890,807174,362,0.734089732170105,0.8652776198075595,0.7338043443130005,0.8636420478028057,53,0.8143137166951583,1,1.0,2
MOT20-02,1801,94,398,367,85824,6b0c7a56c70383df6f203ba8be35e163bc239b24241484ab00b3e1c51c1f9334,same_target,migrate_replace,source,43962,809441,367,0.866119384765625,0.8891970931739929,0.8894729267286903,0.8683892698844973,80,0.9715930583667125,10,1.0,19
MOT20-02,1802,94,398,367,85897,cac4ddb55a4213e7ef8bfafbd43beaf6641b4589f3f90e58f24c547f195127d1,other_target,dual_retention_add,candidate,43974,809945,367,0.33429276943206787,0.6001041901560109,0.8658230192679676,0.8927782114341063,80,0.5381253568432908,10,1.0,19
MOT20-02,1802,106,261,370,85926,b7ef6f2a147dee3a04ab3cd0c9871ad991ace674ddd135d3fcc472b97fcca127,other_target,dual_retention_add,candidate,43991,810280,370,0.8081651329994202,0.7851586032685614,0.8164889090566562,0.8299782957205473,105,0.9626738381268583,2,1.0,167
MOT20-02,1806,94,398,367,86195,2c9845e046910dd48798c9675cb2c5be7fafd1bfd1fdb8c82a3fe0ece98f808e,other_target,dual_retention_add,candidate,44058,812790,367,0.21904702484607697,0.6294910120785936,0.8463036379437363,0.9489285594214055,80,0.5247213865741714,10,1.0,19
MOT20-02,1806,35,271,402,86224,acf13188ee91bf4e654c640103d9f42d58a4dd118eae4534dc896943a513c58f,other_target,dual_retention_add,candidate,44070,812933,402,0.5829218626022339,0.6235935821672369,0.623593569435081,0.9336942911189953,66,0.9999999769938721,7,0.8571428571428571,485
MOT20-02,1807,35,271,402,86300,3a68a9192cd6c84c9ee2e2fcb52f55ec3cb3a01aa87084ff8f6d91fefa947fa3,other_target,dual_retention_add,candidate,44087,813627,402,0.30088767409324646,0.7193085484126813,0.7193085566880227,0.9000774044187304,66,0.9999999757873564,7,0.8571428571428571,485
MOT20-02,1808,35,271,402,86376,a3fd69cffa4644a477adf8f1a4824006949c426832a5061d5e2e6aed4c851372,other_target,dual_retention_add,candidate,44108,814355,402,0.6883630752563477,0.8477699122762575,0.847769907605086,0.913287619275429,66,0.9999999920108836,7,0.8571428571428571,485
MOT20-02,1809,98,395,378,86439,02dc5016700206ee0e297457a8068dc16cb6cbbea9a63a2807b4268014347c79,other_target,dual_retention_add,candidate,44131,815076,378,0.809086799621582,0.8833401808694021,0.6998088167778871,0.9632087177237261,96,0.744710163850265,1,1.0,174
MOT20-02,1809,35,271,402,86452,adfd7ce359c0a71dafcd5212c66e8753202fae4c0cb51d664289f1c67f6aaddc,same_target,migrate_replace,source,44140,815581,402,0.39623597264289856,0.7095068616619252,0.8819741042120541,0.8619754672434098,66,0.69584863949242,7,0.8571428571428571,485
MOT20-02,1810,35,271,402,86528,05914efe9fcd88bd8276076719852fa8a6c90817bb26290fbea306b560ad63ca,other_target,dual_retention_add,candidate,44161,816291,402,0.653912365436554,0.9242018564096872,0.8053180598832359,0.8747875810867581,66,0.7882974237830833,7,0.8571428571428571,485
MOT20-02,1811,35,271,402,86605,20602dbecb665c19c1bbc650712217fc62d1f3d59da782180c3c172adb684c19,other_target,dual_retention_add,candidate,44182,817003,402,0.7298791408538818,0.9224198812267989,0.7737813651301773,0.8370311189464923,66,0.8384953733427719,7,0.8571428571428571,485
MOT20-02,1812,35,271,402,86682,ec1abf5de6444b098a073ccda29a881c546d9e49c048ee1336ab50e1979c1d74,other_target,dual_retention_add,candidate,44203,817720,402,0.5837038159370422,0.8265822944358547,0.7054639097505603,0.7892899076394814,66,0.8480069474540262,7,0.8571428571428571,485
MOT20-02,1820,35,271,386,87304,daefaf58a1b3ce21bac9d112e577b1e7986d7caa96c184ff58485e9f2a8ffd9a,other_target,dual_retention_add,candidate,44369,823174,386,0.6635696887969971,0.7473043310367028,0.6302309060828238,0.866285714285715,70,0.8420330731364173,7,0.8571428571428571,109
MOT20-02,1826,113,413,388,87741,558bb28f28511231fdfc2147f36c86510b64b799c440ce890f982fbbfe746519,other_target,dual_retention_add,candidate,44487,827129,388,0.761809229850769,0.8022996905533846,0.5711397812698547,0.7784103040088837,173,0.7081158867095059,1,1.0,7
MOT20-02,1831,173,388,400,88148,d7f45bfb32656c2ab3a884a9d7afbd09c18ed3f2c0e9e7b600126a0094d25fc2,other_target,dual_retention_add,candidate,44584,830564,400,0.762240469455719,0.7606014699418207,0.7535875261744495,0.8664260833770029,113,0.8888635738573201,1,0.7464788732394366,76
MOT20-02,1834,115,401,396,88383,858d00a2155a7f3727262a2911c9243e575ddf90818a43891c3a2c1a9c69f640,other_target,dual_retention_add,candidate,44645,832734,396,0.8657338619232178,0.6158070307804678,0.6158070358828385,0.9132597928756936,112,0.9999999830423562,10,1.0,44
MOT20-02,1834,70,386,402,88401,0484b7571d0497bbf359f42431fe65f70cdf5f6bd46b8552e3b92aedfd4ca1ec,other_target,dual_retention_add,candidate,44661,833081,402,0.4914261996746063,0.8664273544522049,0.828353745152063,0.8706519526413026,56,0.7404031472985972,1,0.8333333333333334,30
MOT20-02,1836,115,401,396,88538,5e70382d023cf7387071219707b29a6aac71ee19add63e965038e9c3dc736950,other_target,dual_retention_add,candidate,44697,834360,396,0.8147677779197693,0.6406851801958554,0.6162550474222931,0.9259020016699999,112,0.9618687406409274,10,1.0,44
MOT20-02,1837,173,388,400,88619,98360d67628d516c402c217233908d59243a26e8371775175170d77c456db6a5,other_target,dual_retention_add,candidate,44708,834890,400,0.8485397696495056,0.6747409470604413,0.6775960715762814,0.8506508051874514,113,0.9409439598585627,3,1.0,7
MOT20-02,1838,173,388,400,88697,dc82bd4a4e00511aa32e7e6083ea9dd60c2335cb2c6a485937353c83a98370bb,other_target,dual_retention_add,candidate,44729,835601,400,0.5159734487533569,0.7551253816146737,0.7551253997976216,0.8613733175422099,113,0.9999999753907083,3,1.0,7
MOT20-02,1839,115,401,396,88772,3b373d1aea562ef034129a52275ecc07fdf78dfc89f2a6d6f56ee5de93ed5128,other_target,dual_retention_add,candidate,44750,836292,396,0.7767402529716492,0.6651956720185032,0.6651956680241152,0.9475274681019024,112,0.9999999891956217,10,1.0,44
MOT20-02,1841,70,386,421,88944,41de2a8491dfa381d78e337c007972f821a7b1646ff25c0c409c6c966153c97e,other_target,dual_retention_add,candidate,44812,838426,421,0.42631110548973083,0.8224408018645352,0.8224407932982852,0.8872891764730075,42,0.999999980791105,1,0.8333333333333334,383
MOT20-02,1849,53,363,335,89495,11713eabed361aa94197374405c61a1651951d2151801dc5b3b7f54c19fb0e1a,other_target,dual_retention_add,candidate,44970,843557,335,0.4401022493839264,0.715300624875707,0.7060920909874445,0.9750302240872821,79,0.7753638820348654,9,1.0,88
MOT20-02,1850,53,363,335,89572,27665eaad8ad47c286bd22949541976b38a9192dbab6a2ec9fce793d3d3f23d5,other_target,dual_retention_add,candidate,44984,844139,335,0.76861572265625,0.7612681805122531,0.7840689636766398,0.9719461833100864,79,0.9288644100782395,9,1.0,88
MOT20-02,1850,115,401,396,89595,91a977378f091c580770f89fc6c7d1e7a9c173da53c6e0ef96b6cf87e1b3a84f,other_target,dual_retention_add,candidate,44991,844233,396,0.7187784910202026,0.8006942787065845,0.6571700517478952,0.8428271261391015,112,0.7251326783454155,7,1.0,9
MOT20-02,1851,75,329,331,89655,be215dd9e0cb674024c52b5308716e0e0800273bb74053a96a15c12dd530b33b,other_target,dual_retention_add,candidate,45002,844823,331,0.14303487539291382,0.8433941637588516,0.7130256945288078,0.8892676241589459,111,0.7625647892285158,3,0.9928057553956835,140
MOT20-02,1851,115,401,396,89671,6fe6b7f60b3614def6404bb4d1f34b4828081b16fab7760e6d03cdcdc03d94cb,other_target,dual_retention_add,candidate,45015,844927,396,0.7906811833381653,0.7853118130420388,0.6596777002192036,0.8059347659192618,112,0.7254934005956695,7,1.0,9
MOT20-02,1852,75,329,331,89730,ecdda4f8d5d0bd94274f8f30d9421ea37c87bc6093d1422d940c1df8d06c7d5c,other_target,dual_retention_add,candidate,45026,845511,331,0.870063304901123,0.7355291072886307,0.7475576823214783,0.8904373996493717,111,0.968217732172645,3,0.9928057553956835,140
MOT20-02,1853,75,329,331,89804,a3e6bfe47928f31bc940a2591dfc9b1031514a0ac6c72d773d3a0475b8d78ea9,other_target,dual_retention_add,candidate,45045,846188,331,0.7150284051895142,0.8848552282140175,0.7587027933338744,0.907930624764204,111,0.7532025621068864,3,0.9928057553956835,140
MOT20-02,1853,115,401,396,89820,184c67bd63417a76de3d8c102625695f039325c9fcab174127a6010fe9628e4b,other_target,dual_retention_add,candidate,45044,846153,396,0.5925077795982361,0.6388740816509175,0.6388740842993298,0.8499627768764014,112,0.9999999922627394,7,1.0,9
MOT20-02,1855,53,363,335,89950,e3a96bab6565dd709c23f367ce9405b3f52869a2acfa400fc6a986a4b706f29b,other_target,dual_retention_add,candidate,45089,847598,335,0.8562896847724915,0.8573481025910926,0.8505520144967227,0.9249364977145511,79,0.9640379699740933,9,1.0,88
MOT20-02,1856,53,363,335,90025,f38543329467e4975ff359e64ebd22e74abdf1acca438ac21a8f0219496d2f09,other_target,dual_retention_add,candidate,45119,848445,335,0.8438889980316162,0.8336916139044966,0.8336916322642263,0.9206654719091037,79,0.999999976454067,9,1.0,88
MOT20-02,1857,53,363,335,90102,1b201712fca4c5273f2dbb7218950bf0cc19a482c6847622f20a097fc03f2b84,other_target,dual_retention_add,candidate,45139,849147,335,0.8077589273452759,0.7326533100787203,0.7326533001057536,0.9682683908713663,79,0.9999999742181134,9,1.0,88
MOT20-02,1858,81,427,391,90197,b1436de616bf125b91134ddc81c458428f674bd06c112aeb6ceb0ad7dad8b835,other_target,dual_retention_add,candidate,45159,849780,391,0.8873714804649353,0.7273676808454977,0.7273676680828968,0.8275442578294051,51,0.9999999816394396,3,0.7,20
MOT20-02,1859,81,427,378,90275,45b47eb86c926e0ec7a8927f4ce69408790eaac70d531481761ca4917988fa12,other_target,dual_retention_add,candidate,45184,850513,378,0.6002138257026672,0.7516527938612502,0.6538544307514494,0.862273663779247,96,0.7841377853796875,3,0.7,20
MOT20-02,1860,81,427,378,90350,fdf97cfb2f0c8be2f4da84a7b4fa06509496acfd539640867c8e08193c9e89e4,other_target,dual_retention_add,candidate,45196,851126,378,0.8031325340270996,0.6908383823286722,0.6908383933986628,0.9190143000864437,96,0.9999999827255925,3,0.7,20
MOT20-02,1866,115,401,396,90814,ff57af79264584c0a31c5fda972d0102c1b177fd5980c0c1d28b6bb95085453c,other_target,dual_retention_add,candidate,45318,855331,396,0.5577588677406311,0.8061838196552562,0.6251871847225963,0.8434869817970132,112,0.7015162054852744,6,1.0,10
MOT20-02,1870,115,401,396,91137,2943239f3582d8a3275011e71c866c4dd83e024676a77e47128aeabdace08eec,other_target,dual_retention_add,candidate,45415,858439,396,0.7910261154174805,0.7720025968991068,0.5826800449719327,0.8859741688262898,112,0.7225648055680076,1,1.0,59
MOT20-02,1871,81,427,378,91214,c9da428cdacd4d6329340762a4c71c32a07bf8251e663a6fa21ed80637c2e3fb,other_target,dual_retention_add,candidate,45429,859135,378,0.7965030074119568,0.8862283749174179,0.8999837009093641,0.90542971676443,96,0.883753969778141,20,0.7,15
MOT20-02,1872,81,427,378,91293,26916040ad9cf274854e4452831171015f08fc70a79fbe181d032dab68e6f060,other_target,dual_retention_add,candidate,45452,859921,378,0.44956791400909424,0.9237095283997312,0.9237095349662516,0.9300646772924783,96,0.9999999825719492,20,0.7,15
MOT20-02,1873,81,427,378,91373,acfc4d14d7699a021d94aa92fb784b0b9d42dbd047b5b12dab4ba662d402f4f8,same_target,migrate_replace,source,45474,860686,378,0.7489869594573975,0.829410611836126,0.9400263181735197,0.8989868440949642,96,0.8579983366645307,20,0.7,15
MOT20-02,1874,81,427,378,91453,3b7d88cf78ce3bdd829088098e62102beea61c367168515b2be18c86cf13cbd9,same_target,migrate_replace,source,45491,861464,378,0.6112061738967896,0.8740370885981297,0.9159583988498302,0.8958164102246211,96,0.8882898192510529,20,0.7,15
MOT20-02,1875,81,427,378,91535,9e9fed0c853e6dacc8c74cf761726805f4d7cd6e685b2c80e674588587006547,same_target,migrate_replace,source,45516,862329,378,0.7831377983093262,0.9282325266287114,0.9282325362351929,0.8887661075220878,96,0.9999999747621402,20,0.7,15
MOT20-02,1876,81,427,378,91617,337a3b54779043d7c72c006567527376bad8839fca3913904be3ac80dd9ff6e0,same_target,migrate_replace,source,45534,863024,378,0.5535160899162292,0.8339286727699398,0.9052778067259468,0.8486661879684974,96,0.9061953320856486,20,0.7,15
MOT20-02,1877,81,427,378,91700,c49861468c39b48144b6d723b05aae225a27c941cbc81be9e58d1efb6e4c0ce1,other_target,dual_retention_add,candidate,45556,863791,378,0.7656275629997253,0.8306716764364686,0.830671663757021,0.8552900212012755,96,0.9999999808464664,20,0.7,15
MOT20-02,1878,81,427,378,91783,939f493d4e08a848b4fe8cfff0adf8b5f0930508f18f0d4ad66aaa578d21245a,other_target,dual_retention_add,candidate,45573,864590,378,0.6280207633972168,0.7694041321208985,0.8302623292930748,0.8655335565776592,96,0.9249593547158028,20,0.7,15
MOT20-02,1879,81,427,378,91866,64652e920a783aa2e1fad5764a59885972ba7b96b4cacfd657c3faf39248d917,other_target,dual_retention_add,candidate,45603,865500,378,0.8397883772850037,0.8045155230540055,0.8045155131592557,0.9201026760194821,96,0.9999999879374177,20,0.7,15
MOT20-02,1880,81,427,378,91948,a1c82976a25dd5317efb8c075fb11924ee7722a44e1ee50dd9cac5cf54c0d3eb,other_target,dual_retention_add,candidate,45619,866174,378,0.6758553981781006,0.7467995969657297,0.7895581205448233,0.889308482264995,96,0.9406839155400833,20,0.7,15
MOT20-02,1881,81,427,378,92029,45a55209a986713b9157e229d0ac8f46bb5083e8aaafcc791988a9a10a6dd12a,other_target,dual_retention_add,candidate,45638,866926,378,0.7145468592643738,0.7011416457588295,0.7660540369956752,0.8898202867726811,96,0.9177824516556004,20,0.7,15
MOT20-02,1882,56,424,292,92080,91e2b31e9b49ebda129341c2e79fc0fb8bf5610034d28139e2eab14bfff55887,other_target,dual_retention_add,candidate,45673,868149,292,0.8306298851966858,0.9263567144916549,0.7306447921084158,0.879239901231051,45,0.7023327300902515,1,1.0,39
MOT20-02,1882,81,427,378,92111,7228a725b9275c37790979906c5373bd7433470e396aea548cd6fb09140cdcfc,other_target,dual_retention_add,candidate,45656,867723,378,0.49451178312301636,0.6487208409932713,0.7511676128355141,0.9009607319213657,96,0.8624897650827749,20,0.7,15
MOT20-02,1883,81,427,378,92191,bf62770b102a3d448ecf8451698d7ba830191639946a5339e95ea5c96287e10e,other_target,dual_retention_add,candidate,45683,868684,378,0.5930686593055725,0.7745848316006617,0.7409966675487183,0.909739271414581,96,0.935798239921463,20,0.7,15
MOT20-02,1884,81,427,391,92272,57d30515239bcd5ead400c328e1f324dfbd8b11a777c3bec7aff0130e454ca62,same_target,migrate_replace,candidate,45702,869368,391,0.8439409136772156,0.8848936584312702,0.8741067029869973,0.8020703674529034,51,0.949044916287067,20,0.7,15
MOT20-02,1885,81,427,378,92356,a92e5fee31ac20e66169c6d961889783a51fe7988e90ab2e991deb07d62b7185,other_target,dual_retention_add,candidate,45729,870295,378,0.7840761542320251,0.7241313126278663,0.7216903545008939,0.8821016855784889,96,0.9482596698156031,20,0.7,15
MOT20-02,1886,56,424,292,92407,5783c12fc54205c7bd8f03593846c3fde611b16ad8c7b3c5d28e2ddcb2979975,other_target,dual_retention_add,candidate,45756,871336,292,0.8102696537971497,0.9187069034141332,0.7694578661605445,0.8686364509605661,45,0.7081402493234162,2,1.0,6
MOT20-02,1886,81,427,378,92438,6ffd64926fda972b9556cf9922671bbfa3f41954edb179418649587df9315d4d,other_target,dual_retention_add,candidate,45743,870958,378,0.5684378743171692,0.6376117164781173,0.7208083170091206,0.9120291308384523,96,0.8777293695962776,20,0.7,15
MOT20-02,1886,19,405,370,92447,511054b9a643f319dd62e786a762496cdcf6c7f8b24218a922c89c3915a653a2,other_target,dual_retention_add,candidate,45747,870987,370,0.8702623248100281,0.5969157788480561,0.5796422180001874,0.8375668269855985,105,0.9532432880082101,3,0.6666666666666666,79
MOT20-02,1887,56,424,292,92488,135f9cbc52a7fc8cebd535b453e624677a79b2c69dcfb77952692a87eee89f5e,other_target,dual_retention_add,candidate,45776,872120,292,0.7836528420448303,0.8797569143542887,0.79976053816441,0.9092236377596942,45,0.7285757574404333,2,1.0,6
MOT20-02,1887,81,427,378,92519,f7b8f0e66c14c0859ff82a3f48b90fb4e7368e3de649932223a1472b3cc64054,other_target,dual_retention_add,candidate,45774,871956,378,0.6814395189285278,0.7755092212202309,0.7755092106950106,0.9466976955485649,96,0.9999999857943723,20,0.7,15
MOT20-02,1887,19,405,434,92549,e3dc7f66babcb286063bd6785afbddb09901ad4ef497a1ad3f1259ec869b55d4,other_target,dual_retention_add,candidate,45766,871750,434,0.7830095291137695,0.6421637785337054,0.6692317432963283,0.7874142614879618,18,0.9456603055930329,3,0.6666666666666666,79
MOT20-02,1888,81,427,391,92598,38ad813dfdc32f752b05476d4a4b993995daf3c902efb639892baf8224280ba3,same_target,migrate_replace,candidate,45790,872655,391,0.3032330572605133,0.8576807498025295,0.8540556801459463,0.8470079226971684,51,0.8885409280613864,20,0.7,15
MOT20-02,1888,19,405,434,92629,8da2f5b8d07296b9ce9475b5392ae3d7dd822cec00ca31425bb0bd48b42c7ec6,other_target,dual_retention_add,candidate,45782,872502,434,0.7889341115951538,0.6407665404810314,0.6468121435661093,0.8123502321377412,18,0.9508035195565396,3,0.6666666666666666,79
MOT20-02,1889,81,427,391,92679,5f565332c753522fe51a65335c4193e69b9bbdef9cac65846efed7aa75f0095b,same_target,migrate_replace,candidate,45820,873954,391,0.8180133104324341,0.870230062242639,0.84709633217631,0.8260084321752569,51,0.845918805806944,20,0.7,15
MOT20-02,1890,81,427,378,92761,e799c018bd76d8d2e757a2fd56b8e33657b1ba07772a320d90f17e576f39c5b3,other_target,dual_retention_add,candidate,45834,874237,378,0.4717824161052704,0.5401523050168967,0.5465991225564352,0.7660695532768051,96,0.9427175117331797,20,0.7,15
MOT20-02,1891,56,424,292,92812,c4bebfc4983dcfb95dbd268c40a10035d672f25f913bcaacb8b6a488825077ef,other_target,dual_retention_add,candidate,45859,875227,292,0.7668641805648804,0.8782895238437866,0.8226050339105989,0.8764246112293667,45,0.7231468843364246,4,1.0,7
MOT20-02,1891,79,335,362,92832,6d71683bd1c1ff74c97bb3f7d1f9acd3e4c40dd7bc6a18d7601245b6163dc4cf,other_target,dual_retention_add,candidate,45847,874862,362,0.82332444190979,0.6473994354427186,0.6879689646243629,0.8498979469363463,74,0.9393181857555325,2,0.9929824561403509,286
MOT20-02,1892,56,424,292,92894,4bf33df1a4b4b5eccd9afd63476732ea220d1ddf9acc303efc11b7c234e8e875,other_target,dual_retention_add,candidate,45880,876009,292,0.7407432794570923,0.9226735050827768,0.8181360567338185,0.8898379873385077,45,0.7710110976235843,4,1.0,7
MOT20-02,1893,56,424,292,92977,53c176e077691fcdee2602809d24dfd26866a0579ef2c5921b24a69ec6428244,other_target,dual_retention_add,candidate,45901,876788,292,0.8289533257484436,0.8961357754094105,0.8108103719149944,0.852052378250725,45,0.7554430628244365,4,1.0,7
MOT20-02,1894,56,424,292,93059,32cac51dfa819eca1eab93db48221f7e79e9175403a6b45a2bc0b95f8db05001,other_target,dual_retention_add,candidate,45923,877554,292,0.721583902835846,0.9233843043867328,0.8110284246524527,0.8182550814933925,45,0.7689507319493968,4,1.0,7
MOT20-02,1895,174,433,370,93176,89710cbba3f245346975d7a4545f7766a1aeb9bb1e228e90ec901b6c0afb97bf,same_target,migrate_replace,source,45939,878097,370,0.752207338809967,0.8872824167281668,0.8872824217688581,0.8151781054698152,105,0.9999999887100177,4,0.9874213836477987,197
MOT20-02,1896,174,433,370,93256,27b0b18563506d8e1840155c018c39fdf4bae64c03ea0a2fe1e0d8413aa26879,same_target,migrate_replace,source,45952,878698,370,0.47698870301246643,0.867129186042409,0.8819537998445235,0.7709871379351294,105,0.763046029114791,4,0.9874213836477987,197
MOT20-02,1897,174,433,370,93335,48ae70167a9a724fb8d7a398b4aca4b9d0196e07fc832c50bc359bb1b06c079a,same_target,migrate_replace,source,45973,879462,370,0.30510854721069336,0.8125791974755023,0.8127717072533006,0.8014697741488969,105,0.7365817611044296,4,0.9874213836477987,197
MOT20-02,1898,174,433,370,93416,6525dbde8352ff536be815c441b5b7db2229edd046a4f69084ef98ac71db13fd,other_target,dual_retention_add,candidate,46001,880268,370,0.7910118103027344,0.7057326850357364,0.7057326911192418,0.8643067852910266,105,0.9999999862151382,4,0.9874213836477987,197
MOT20-02,1899,18,405,448,93521,8ade402e03a276bc3eb3bcae938dc5aadb809b969e6478e03bcafc3a4f487296,other_target,dual_retention_add,candidate,46013,880971,448,0.45498374104499817,0.6044209052014341,0.6044208981273456,0.7317454538443559,19,0.9999999899386943,8,0.9818181818181818,117
MOT20-02,1900,18,405,448,93600,8b2f5056d14bdedecaa5e3bdb69c1f434e33cee62cc3f7b7e7c807c8ebb4e37d,same_target,migrate_replace,candidate,46045,881882,448,0.7911427617073059,0.8171085261383344,0.8048545554297964,0.6661478702120017,189,0.8749109966144796,8,0.9818181818181818,117
MOT20-02,1902,18,405,448,93764,d2d63535a09339955bf7c5538e119c77f4c192a54b6b112a46b04aaf9f81b736,same_target,migrate_replace,source,46079,883238,448,0.5521872043609619,0.7695514750403345,0.7902708872985914,0.6862423602789459,189,0.9154470938626361,8,0.9818181818181818,117
MOT20-02,1903,18,405,448,93847,8aa4e019d481e7ac28a934216098519ced3eb54ce7ae951b3a9f424ef945026a,same_target,migrate_replace,source,46097,884005,448,0.6989554166793823,0.6616868701953532,0.7026612580167283,0.6765188995474496,189,0.9183839236770576,8,0.9818181818181818,117
MOT20-02,1904,18,405,448,93931,72077bb6f139879dc91f6d30279d97abe35e548302b0e010862a602ae39614e7,other_target,dual_retention_add,candidate,46118,884752,448,0.7218296527862549,0.6388269744858861,0.6388269667941918,0.7373032101943945,189,0.9999999834581308,8,0.9818181818181818,117
MOT20-02,1905,18,405,448,94016,6ace6bc5f2f8e8f4f501a2d06e82646c3771b67a84e4c638494f3f233576879a,other_target,dual_retention_add,candidate,46139,885549,448,0.5630449056625366,0.6776975931305091,0.6776975996094755,0.6856932271664014,83,0.999999984201013,8,0.9818181818181818,117
MOT20-02,1907,56,424,292,94121,8d1d744d2eaa009f4220f2a6086e48db2f96a99affabc38a5227304f232b5b1f,other_target,dual_retention_add,candidate,46195,887408,292,0.6049172878265381,0.6643564852848415,0.7477179053523327,0.941243561703996,45,0.763336346529684,3,1.0,9
MOT20-02,1913,111,329,361,94640,f7bd02492028274f3b1a90626f920801eb891e93a6871260be248b06ec942c55,other_target,dual_retention_add,candidate,46309,891669,361,0.709296464920044,0.8931744046382054,0.7399330138377447,0.7429396126649177,88,0.8234920007676518,1,1.0,166
MOT20-02,1914,53,363,383,94757,de779d9b9186d6f9764c8b9241320efd05e81e82033394f09bb316f0fae0c67b,same_target,migrate_replace,candidate,46343,893059,383,0.7281663417816162,0.7950977455691274,0.7780674207684544,0.701546133833334,86,0.9534477643340663,6,1.0,109
MOT20-02,1917,53,363,383,95014,83900981de0f03acd3d2391647642b70877cd5abd5251c08a2194defc640a28a,same_target,migrate_replace,candidate,46392,894740,383,0.787588894367218,0.8312213996624004,0.8112642078976552,0.7297447811485692,86,0.9633850824286416,6,1.0,109
MOT20-02,1918,53,363,383,95099,bf99b72746b90702dcd70a3f489e4506f0b3c1c898f76b1634d25a77705c6cd8,same_target,migrate_replace,candidate,46422,895651,383,0.6019517779350281,0.6394205656062341,0.6394205553969399,0.6237339802489651,76,0.9999999840385082,6,1.0,109
MOT20-02,1920,56,424,292,95218,7bdb88b70bbe6fd182b533adb9aaaaba7fa94dc0a0a9d2a1d3f32a93100584a6,other_target,dual_retention_add,candidate,46468,897466,292,0.7613999843597412,0.7541476832230315,0.6261643188863741,0.949730829765787,45,0.8251530015128326,9,0.9444444444444444,26
MOT20-02,1923,56,424,292,95468,f657430d9c7095e7742607892b31a421be6a18381eaa36ab30ed8e9aaec0d4c6,other_target,dual_retention_add,candidate,46531,899856,292,0.13394306600093842,0.8216381571357851,0.7219704616190432,0.8226389270552563,45,0.7161382199779308,9,0.9444444444444444,26
MOT20-02,1929,115,401,396,96019,e68461b556cf17a6c77034d2e63a9f8e9776d4b5e139c411ddbdf4caeef7f651,other_target,dual_retention_add,candidate,46650,904441,396,0.873010516166687,0.6405058968013327,0.6091412882160492,0.7809877302045778,112,0.9506003638514791,3,1.0,280
MOT20-02,1930,97,255,433,96137,8a5b20a7e0176d9990cdafcdd3d197b1cca105945c692feb8560199426c0879b,other_target,dual_retention_add,candidate,46676,905453,433,0.8384700417518616,0.7620448963525555,0.6163170490192645,0.8932105788930439,174,0.7190057265064196,2,0.8404255319148937,96
MOT20-02,1931,97,255,433,96225,f2c27750f303b87ca44218749ec030da1dab5cb1531aa115b23dde6165981a0b,other_target,dual_retention_add,candidate,46700,906309,433,0.8379095792770386,0.8104591864615153,0.6131836701952571,0.9188351551640977,174,0.7123449579122587,2,0.8404255319148937,96
MOT20-02,1934,97,255,433,96490,7958b29484a0620dc90901d281ab28afcc4039994930b3f6b07aff712df857d9,other_target,dual_retention_add,candidate,46763,908736,433,0.8299797177314758,0.7682748891195044,0.6251853252621828,0.9230884462859675,174,0.7141741600978689,2,1.0,122
MOT20-02,1935,97,255,433,96579,51b05363a8f84d934a96cd30d6d604dbc7e7bf808d6f6365a389fc42f09f37ca,other_target,dual_retention_add,candidate,46784,909530,433,0.8345620036125183,0.8004207145446411,0.6315792610301036,0.9160901186212924,174,0.6956543120171168,2,1.0,122
MOT20-02,1937,72,317,354,96778,37f37e8945d40956c1101d9a971e4c94cb9a5cdca5c2d3157ff1e2cc47196c6f,same_target,migrate_replace,source,46824,911163,354,0.5251258015632629,0.5041305076372747,0.6000745027852041,0.4977671416131888,77,0.7377116619950412,1,0.9507389162561576,408
MOT20-02,1948,75,331,310,97697,fa7cbf2ad4b4fc2fc5ab3130162b0d5cb883cc940c6e268eb27cc1a149edf1a6,same_target,migrate_replace,source,47047,920172,310,0.753717839717865,0.8535503739010519,0.8535503816821065,0.6120166987937856,187,0.9999999903099658,3,0.8695652173913043,33
MOT20-02,1949,75,331,310,97784,147753cdcf5a829954acf56b6b4eaf31f02ec45eb250bcdf8b089ba2215d2be2,other_target,dual_retention_add,candidate,47074,921144,310,0.7848113775253296,0.9135362119456233,0.7272666628320354,0.7771189932771286,187,0.7365885206834407,3,0.8695652173913043,33
MOT20-02,1950,75,331,310,97871,4e091ebe801ebf9f0fc188d54d1b6d9bb7e8f351b6ab2b4290b6ae25258a49e8,same_target,migrate_replace,source,47094,922009,310,0.8607916235923767,0.8263931796492913,0.8263931873744224,0.671839021765728,187,0.9999999857093785,3,0.8695652173913043,33
MOT20-02,1956,158,464,473,98461,92140ac2d71c5640b9c357a0c7ff415ee7d4f766114edc4fc5a8c016453f889d,other_target,dual_retention_add,candidate,47207,926519,473,0.6963511109352112,0.8990702479923317,0.6829034716838548,0.8703854352498459,121,0.7201147923004095,6,0.98,54
MOT20-02,1956,88,361,414,98465,c1049d55166980c9b6e90a66aa56e0d16738a4cd18a789494ec467c443aaa976,other_target,dual_retention_add,candidate,47217,926665,414,0.46209627389907837,0.772473592547295,0.5399805922152829,0.9424689459010985,74,0.7018125750870008,10,1.0,728
MOT20-02,1957,88,361,363,98539,440e2a381a2d1448f170f7127efab60ffec1f17a68a5b587cc3b2706fb916543,other_target,dual_retention_add,candidate,47246,928071,363,0.6057935357093811,0.581595109582677,0.5815951120780678,0.8435061339262323,53,0.9999999900804327,10,1.0,728
MOT20-02,1957,85,448,474,98551,d840255b4f2630a60f73b5b5f70fe8470811e77a5933ddd82e1b8cb355cb1b5c,other_target,dual_retention_add,candidate,47233,927443,474,0.6656529903411865,0.745270722890702,0.6839404484030911,0.7813186429240975,83,0.8466347310146526,2,1.0,6
MOT20-02,1958,88,361,363,98626,91352a33bb3cbc081296ee5ae07fffabea52714cbda50e3324d7a3ee2c2d5fbd,other_target,dual_retention_add,candidate,47253,928211,363,0.7001377940177917,0.6008142801042249,0.6653334653061028,0.8559282116184256,53,0.9043715062887032,10,1.0,728
MOT20-02,1958,158,464,473,98637,55aaeb089aa652a590feab9912b24aeeb7448c836580a4344885a881bb8a0a6f,other_target,dual_retention_add,candidate,47249,928121,473,0.47861239314079285,0.8256113551672624,0.6806796342117815,0.8887806978781967,121,0.6982080791100345,6,0.98,54
MOT20-02,1958,85,448,474,98638,67ef9c5f6fbc5141e1304e9984aa554a7494c8d1e222d229e125e93e54524097,same_target,migrate_replace,candidate,47256,928231,474,0.6222227215766907,0.8208164830741418,0.8208164810187797,0.7839998497991381,83,0.9999999891527169,2,1.0,6
MOT20-02,1959,158,464,473,98724,2d5275a174a2804ae29ec0791400f5f6293f2774fda6fa202e029e4f58abe6e1,other_target,dual_retention_add,candidate,47270,928915,473,0.388485312461853,0.7935143085451253,0.6531294176024651,0.89233546240883,121,0.7139625867854974,6,0.98,54
MOT20-02,1959,88,361,414,98727,94d6e2caed29a6aeef34ddea962af1d593ea5fe8bfed8a95a31b6f74d12584e1,other_target,dual_retention_add,candidate,47279,929034,414,0.1495712250471115,0.6820821281261852,0.7129563553798766,0.8888522799622407,74,0.550349793275685,10,1.0,728
MOT20-02,1960,158,464,473,98811,2fd62e17bb0009274674eeb762dd0205d01bf442f41c2ac9caecaf4105d1e20d,other_target,dual_retention_add,candidate,47291,929661,473,0.7743141651153564,0.597651156712291,0.638383867810604,0.8694363393976202,121,0.9400596563553822,6,0.98,54
MOT20-02,1960,85,448,474,98821,c5937f23139c3bcf2d008c4c3ae32bf8b6c8daf9ee9aa17dcb9117ae2227f000,same_target,migrate_replace,source,47300,929787,474,0.32016119360923767,0.6257351206808778,0.8020317024769585,0.7427029426128343,83,0.7167296166900102,1,1.0,2
MOT20-02,1961,88,361,363,98886,d1e23fd26eae481623201fe25da4a9ec7e05305b81fa9a80d5dbf8a39a887843,other_target,dual_retention_add,candidate,47316,930555,363,0.7642499804496765,0.6586347066060446,0.6586347103996618,0.9281983695852997,53,0.9999999893401966,10,1.0,728
MOT20-02,1961,158,464,473,98897,2e2ec5ffbf1d4537d55ac5b6c6abc433664efa60b3fe2d1cea250514a390a577,other_target,dual_retention_add,candidate,47312,930442,473,0.7919498085975647,0.5865086554284212,0.6244435322020051,0.8662124766426195,121,0.9410421621646089,6,0.98,54
MOT20-02,1962,88,361,363,98972,7147bd2381d23ec0041135c9de10c52fdb56a7ddb62201188bf0fd9d6c262cfe,other_target,dual_retention_add,candidate,47341,931346,363,0.6443071365356445,0.6205413673126517,0.6262121986590936,0.9277893372446018,53,0.9181544835270191,10,1.0,728
MOT20-02,1965,176,446,308,99179,29ef1736e047d08c4afc78d19f09c79ab79e821221f829b9c3a975baee484d8d,other_target,dual_retention_add,candidate,47416,934352,308,0.46301212906837463,0.6022740555958566,0.48771195866179645,0.9017212273537202,177,0.7357188227488851,2,1.0,86
MOT20-02,1966,176,446,308,99264,4877f4696d2870a229e68a7533886e2c7829e31d0d2bd52992be73206ef45b6e,other_target,dual_retention_add,candidate,47436,935136,308,0.5310632586479187,0.6385117612458897,0.4927410735750587,0.893124832268686,177,0.6914915699025422,2,1.0,86
MOT20-02,1967,106,261,459,99399,bf0b3d676024468358a12b734ebb439f76d6470372062e3e31274264af20909b,same_target,migrate_replace,source,47454,935507,459,0.8185279965400696,0.7594685788127119,0.7594685855685759,0.7544191589396011,105,0.9999999911998477,3,0.9777777777777777,388
MOT20-02,1968,106,261,459,99485,f62d6383ddb4ed121b7a0a9afb5ad72c0123d45fabcbca2ef92577be3652cfea,other_target,dual_retention_add,candidate,47474,936253,459,0.7879705429077148,0.7373826593437951,0.5871433647278649,0.7301304558908177,105,0.7532437322516371,3,0.9777777777777777,388
MOT20-02,1969,106,261,459,99571,79af6a25154166b9af1d202ad00c64ce97986c6a54a98cee26e2a85fe9981b10,other_target,dual_retention_add,candidate,47494,937036,459,0.7909761667251587,0.7269126321572943,0.6503824386734335,0.7811828523713857,105,0.8429593321668915,3,0.9777777777777777,388
MOT20-02,1985,85,474,378,100883,ff07a89be47744a79170831c8eccb8e025548d9a93599d70a93fa89794832885,other_target,dual_retention_add,candidate,47832,949486,378,0.10392741113901138,0.6869053007940075,0.5118307720675472,0.8938997214282022,96,0.7083626010112193,10,0.8235294117647058,36
MOT20-02,1985,187,310,328,100936,30596561d4090cee7a1b964acb53a4ef2b2db195414046bf110cfb2ae2de64bc,other_target,dual_retention_add,candidate,47829,949376,328,0.6598239541053772,0.6591480861107707,0.6298495731935577,0.6767070023603473,100,0.9219806080683682,7,1.0,43
MOT20-02,1986,85,474,378,100965,1a9fd4addbffb8d023f30d87b92e40a250375723d1974d622d2ec0673fad329a,other_target,dual_retention_add,candidate,47851,950269,378,0.5087763667106628,0.7694816118140304,0.47916066767977256,0.8876258764755528,96,0.6196571851648172,10,0.8235294117647058,36
MOT20-02,1987,103,476,370,101072,776dddeddbd21a86f0df8cf6ebd1f2de0496c91ad893e2e8ae81780d069744c9,other_target,dual_retention_add,candidate,47860,950886,370,0.31623777747154236,0.6302832114568421,0.5157273862617262,0.8749880823986204,19,0.798628700109519,6,1.0,392
MOT20-02,1988,187,310,328,101183,56712c9d4ede0e6784c05006038c906f38e7f94997d1ba1227c05960f22d005e,other_target,dual_retention_add,candidate,47891,951865,328,0.33269256353378296,0.7787907414723592,0.6926376763920137,0.7192204651162781,100,0.8257942273301898,7,1.0,43
MOT20-02,1989,187,310,328,101267,a8fa5c34248eb9ab07945c27adfce0ec36f65880f4d03e442ffbde6beae2a246,other_target,dual_retention_add,candidate,47908,952654,328,0.418215274810791,0.8415190604878613,0.6989815445282955,0.7291924894957994,100,0.7280016391348172,7,1.0,43
MOT20-02,1990,107,312,492,101350,68f6be1a0f58fbcb118851f6660a7c10cad62370c540c27d43fe39aa0baadf7e,other_target,dual_retention_add,candidate,47926,953286,492,0.5284181833267212,0.5200070470612328,0.5556789183789531,0.7378999712505103,53,0.9209368651225108,6,1.0,64
MOT20-02,1990,187,310,328,101352,090d03207a99ad8245ff230f9587a512201e8329ab5f207c57c657b4f95d6e90,other_target,dual_retention_add,candidate,47934,953460,328,0.29681113362312317,0.8108727109588834,0.7312848052465611,0.7592125767803932,100,0.7356627921482991,7,1.0,43
MOT20-02,1991,107,312,492,101435,2442f5278220e454f6ba8efd7aa64fac9eef3c0a4acfc0a40b380c1862a03d2e,other_target,dual_retention_add,candidate,47947,954098,492,0.22911547124385834,0.7912430905592617,0.6574259449871153,0.745061281262891,53,0.7622667040115543,6,1.0,64
MOT20-02,1992,107,312,492,101521,24a82de0d62660ae7d8e2073812fa846a5238388f659b7a366072b2f540cb27a,same_target,migrate_replace,candidate,47982,955547,492,0.6994227766990662,0.828640825891335,0.7645981731192812,0.6868666218202673,53,0.9155521600766198,6,1.0,64
MOT20-02,1993,107,312,492,101606,e567d7bf007cc04b756074bbc964a91ec33bf9e84ca83ab2948159e96e9a76b3,same_target,migrate_replace,source,48004,956339,492,0.6925186514854431,0.8154961679845439,0.8154961696750719,0.6260682934403939,53,0.999999985595008,6,1.0,64
MOT20-02,1994,100,328,414,101682,750416a97082de78334ca56d3491d6a2d949dd14d7dac05526007b013666e4ca,other_target,dual_retention_add,candidate,48021,956782,414,0.7734873294830322,0.7840243899396141,0.728279861682773,0.8842741398446166,74,0.9325929643626891,5,0.9347826086956522,102
MOT20-02,1994,107,312,492,101692,1067ebddf8e7f8974b92a2e72a068679c3a18348c3ae92f8436801bac325d983,same_target,migrate_replace,source,48012,956521,492,0.668489933013916,0.8286521525495065,0.8510480169839553,0.5248617016729861,53,0.863990300823241,6,1.0,64
MOT20-02,1995,107,312,492,101777,69d82eba283483dff0790fc571cd6e83cf67f96e8748dff78edd4e57f86faf4d,same_target,migrate_replace,candidate,48035,957319,492,0.7703355550765991,0.883598469813892,0.867277179438754,0.5038442579508169,74,0.9017661804659732,6,1.0,64
MOT20-02,1996,100,328,492,101861,c1d5f06673a0dfccb5809656e4bcbf9874e2baffbc7dda3d9edbdf8a08d7d22a,other_target,dual_retention_add,candidate,48061,958312,492,0.5293785929679871,0.5554232340088568,0.5554232337175028,0.7149707906585127,53,0.9999999821438877,5,0.9347826086956522,102
MOT20-02,1997,100,328,492,101946,b791170dfe5c55c9eaf6a06cff6a9a9e236030d447d8e9b81cc1229b9a77e076,other_target,dual_retention_add,candidate,48076,958932,492,0.48555248975753784,0.5061704893788894,0.5061704847032903,0.7921769184860915,53,0.9999999759050273,5,0.9347826086956522,102
MOT20-02,1998,100,328,414,102022,cd49b063daafdfa6892a1442ea73000a62aa9f351a4736c03f82af96d4b17629,other_target,dual_retention_add,candidate,48097,959779,414,0.5544573664665222,0.7862283032198607,0.6646230194522363,0.8578839847068829,74,0.6166628546200371,5,0.9347826086956522,102
MOT20-02,2003,107,312,328,102490,7928b991e728d062b19664b0c1c88d0deb369323b8cfea71ecf9df40dfc06c80,other_target,dual_retention_add,candidate,48212,964262,328,0.5046592354774475,0.6477471267229212,0.6477471289323261,0.888466975547331,100,0.9999999899700034,9,1.0,35
MOT20-02,2005,107,312,328,102668,35556c22868c08c494b2af6d8e94421f4a06ff11dbcea98a11aef6aa2718b5d1,other_target,dual_retention_add,candidate,48253,965892,328,0.7262572050094604,0.6703679960844184,0.7397471368180434,0.8340685714285709,100,0.8667221673863766,9,1.0,35
MOT20-02,2007,107,312,328,102844,dd2b5184556efac301055d0a22b1669fed35b1e82f7e2f50f8733ad54734e7cd,other_target,dual_retention_add,candidate,48286,967214,328,0.5738489627838135,0.7656806398297427,0.7821110482960358,0.7952571204851774,100,0.9368377990535764,9,1.0,35
MOT20-02,2008,107,312,328,102930,1173263a8785eaf1f3cfeb065032c8dd5211863a0c7926fc2e741c763eef1813,same_target,migrate_replace,candidate,48309,968004,328,0.45510196685791016,0.8821779661406536,0.7891535008969599,0.7564271896708857,100,0.8742937672570844,9,1.0,35
MOT20-02,2009,107,312,328,103016,2d3b7d3bb04bb9276da168e9e2d0cb98230cdcd1b396223c29b007841b833504,same_target,migrate_replace,candidate,48329,968791,328,0.3132980465888977,0.8952576219210756,0.8026390043081305,0.7023315752203445,100,0.8785352702793028,9,1.0,35
MOT20-02,2010,107,312,328,103102,1406f94b67035819ac5e0af3185ae04748bae8d6a483774e35a7d6ba12551293,same_target,migrate_replace,source,48349,969593,328,0.7893391847610474,0.8646948614956577,0.8791129314083054,0.592563976039311,100,0.8828026105807346,9,1.0,35
MOT20-02,2011,81,380,335,103186,8be755eee6a265bfb8d96a1acdd4b7c9fcfb6636cf7f929b65c65ec7acfb6bf9,other_target,dual_retention_add,candidate,48382,970999,335,0.6424463987350464,0.5093713211149573,0.4390958466810832,0.7236331976449961,180,0.8728320204032142,1,0.9655172413793104,157
MOT20-02,2011,107,312,328,103188,458d0c3b3a1a58d42c8ae266bef1b8c35c5e204713b3210c9f33e9ec086ad3b2,same_target,migrate_replace,source,48371,970398,328,0.7836863994598389,0.866827243816263,0.9173246144303459,0.5209259184793703,100,0.9042919052955207,9,1.0,35
MOT20-02,2012,158,464,452,103249,156e4ed2fe29cddf8c5f0bb6237a5ddc954d3e2e9e34840d4b3b30ba3309ebef,other_target,dual_retention_add,candidate,48385,971061,452,0.39494645595550537,0.8217800710894633,0.5948120291603424,0.6028467077342623,109,0.7049890904360668,1,0.98,55
MOT20-02,2019,189,398,433,103850,03210fd07e1bb9182ede69dc1b52f5fb189b4921b0c3205cf3e22127ab62c954,other_target,dual_retention_add,candidate,48545,976968,433,0.22690585255622864,0.7043900215138454,0.5654455650957607,0.9327640855454197,174,0.6813872701432359,3,0.9259259259259259,76
MOT20-02,2029,18,514,507,104734,9c989e246ac79b87da17aad9d51dd91177633d8003ca45d46747e5e3621669f4,other_target,dual_retention_add,candidate,48742,984640,507,0.5957082509994507,0.6992325948504982,0.5768791893440107,0.9065631467727012,184,0.7652211455364546,1,1.0,84
MOT20-02,2031,89,485,257,104851,6b640f6beb7f82f7281b39b5f2f3c59581d5033be026585d6caf9af5323ea16d,other_target,dual_retention_add,candidate,48797,986526,257,0.19465398788452148,0.8291973279463636,0.6435327553517077,0.8822062807813722,84,0.5765986565332738,6,1.0,700
MOT20-02,2032,89,485,257,104938,cd2d5f16aeb6a214ebe4277b1858a988661a3611b574eb5e86f4168dab65c426,other_target,dual_retention_add,candidate,48818,987345,257,0.5261273384094238,0.8203969550595317,0.6423370284053816,0.8941742689338972,84,0.7164604284545497,6,1.0,700
MOT20-02,2045,111,525,329,106082,759207c43285576ae1e3e5b14eab172be54676b32867a7776b3535250d3f4197,other_target,dual_retention_add,candidate,49096,998269,329,0.6113096475601196,0.7791463142071322,0.7392541798270471,0.7733188541718085,107,0.8809103836810712,3,1.0,56
MOT20-02,2046,79,496,328,106150,e0d4e46f29a4d2166d696b56baf429852b51f62af81d4f5dddbccf4083f72e1a,other_target,dual_retention_add,candidate,49116,999050,328,0.6927632689476013,0.6030608299763052,0.6030608243493178,0.8093647304970631,100,0.9999999882610459,4,0.9830508474576272,71
MOT20-02,2046,111,525,329,106161,6d37d7df256be535b903c03ea14e84d0ca20b035fc0f9c51c3f72a10792b9290,other_target,dual_retention_add,candidate,49109,998593,329,0.6394950151443481,0.5749307713632977,0.6992867767576638,0.7968459874371425,107,0.731687645290631,3,1.0,56
MOT20-02,2047,79,496,328,106229,05187a51679a98fe5b53bb25d6597243fda60d4ea8fc08a3ade58908fe48a742,other_target,dual_retention_add,candidate,49138,999853,328,0.6715265512466431,0.7204220650760764,0.7204220623425228,0.859293180680877,100,0.999999991686982,4,0.9830508474576272,71
MOT20-02,2047,111,525,329,106240,39ed7a2ac21aacbde8a6dffdcb4cd9643e4d291b4036691df49fe827d29d5f29,other_target,dual_retention_add,candidate,49131,999493,329,0.6430145502090454,0.5854596376373389,0.5854596358185377,0.8276311005221422,107,0.9999999945431428,3,1.0,56
MOT20-02,2048,79,496,328,106309,96c116bfcecd13a3ee3a568f81cb44e8d81b5d2ca8f382ed9e01c1c2d552ed76,other_target,dual_retention_add,candidate,49148,1000057,328,0.7316853404045105,0.7862198150710169,0.781509485571381,0.8812950342552054,100,0.8778040820136008,4,0.9830508474576272,71
MOT20-02,2049,79,496,328,106392,acd37e2d23fe2cdf471f870bff405d9bac1f70353cf02f3a2ea610fbb45e6a20,same_target,migrate_replace,candidate,49167,1000888,328,0.7208889722824097,0.8678902099247732,0.8151594851896526,0.8078418233699277,100,0.834656556615591,4,0.9830508474576272,71
MOT20-02,2056,97,255,433,106976,541aaa5ddd9c3aadde98483845f0e3baccfcdedbb9bb30f002150b5ca6845de0,other_target,dual_retention_add,candidate,49315,1006697,433,0.3308434784412384,0.5465211501841881,0.546521154158689,0.8032599783425182,174,0.9999999904220054,2,1.0,124
MOT20-02,2064,79,496,532,107718,6e4c4b0239569fe7522a2be9e713f09007222c0143e1a8565ab9e744fd8576d2,same_target,migrate_replace,candidate,49482,1013137,532,0.6911262273788452,0.7690554067521169,0.7690554063481252,0.5027902504861941,107,0.9999999911156614,1,1.0,14
MOT20-02,2077,97,433,255,108854,5cf90d81e833730ca078b717c7eb1a49065001a3f530bd2edfe1783ca6c08f69,other_target,dual_retention_add,candidate,49762,1023891,255,0.749110996723175,0.6409131871146594,0.5954538411799017,0.7761170432889751,174,0.9312544144781126,3,1.0,8
MOT20-02,2078,97,433,255,108939,11d5d17f46b87d769101b51500b1ff383a90a317e36983feeab3ee7e1c967f3a,other_target,dual_retention_add,candidate,49784,1024735,255,0.7454944252967834,0.6455245217583556,0.593642105995842,0.8092727882579454,174,0.9238647201274326,3,1.0,8
MOT20-02,2083,97,433,255,109378,790f7301400ca7dbf8d4cb692c114bc21254434eea899e7a6089331d3bf0ae19,other_target,dual_retention_add,candidate,49892,1028849,255,0.8108251690864563,0.6951655944094539,0.6951655934588473,0.851508907773034,174,0.9999999913501628,1,1.0,12
MOT20-02,2084,174,255,433,109472,5d88078da4f6bc153354c4fc7f83899ec0a13c0e9780668486af39510740ada9,other_target,dual_retention_add,candidate,49912,1029688,433,0.7966880202293396,0.699117524406043,0.638569367089774,0.8861195840435749,97,0.894895892727432,1,1.0,22
MOT20-02,2101,18,514,548,110959,14be8d6d073eae990b8122c403a8e7b17db112641428086de0f59fab6a5c5285,same_target,migrate_replace,candidate,50258,1043368,548,0.5790398120880127,0.64967611187707,0.6496761065301005,0.3966582575819207,127,0.9999999918676763,4,1.0,76
MOT20-02,2102,18,514,548,111044,785473f5daaac9fbbd5033035d59bd973ca715d41a475d6460fda7627da030ae,same_target,migrate_replace,source,50278,1044168,548,0.5016559362411499,0.7061651940841353,0.7061652031407019,0.38710542067089265,127,0.9999999862004839,4,1.0,76
MOT20-02,2103,18,514,548,111129,7e7a716147d7a07456eba03491a8eeacca24a101bb2d85ff26e7c1a898fb85c1,same_target,migrate_replace,source,50294,1044783,548,0.3728988766670227,0.6422870362277094,0.7368745971536415,0.4213712426933854,127,0.8696825567665197,4,1.0,76
MOT20-02,2103,111,525,442,111132,5206444d7b3942178c7bb862732abf3cdbd1874094ea3b69145d436a3403f7fe,same_target,migrate_replace,source,50313,1045504,442,0.5836772322654724,0.7792339201887344,0.8415848890904829,0.5737612739567941,107,0.904619599687015,4,1.0,524
MOT20-02,2104,111,525,519,111199,c41bdafa2845176c2561147e96317785483e4e41d03dc6cfae0e1ff7842f8505,other_target,dual_retention_add,candidate,50331,1045947,519,0.7779133915901184,0.5912851757080629,0.5912851825203913,0.7947594717515577,107,0.9999999870460631,4,1.0,524
MOT20-02,2104,18,514,550,111213,4d288f9ed90b289158f4e39d1d21b4e690f7342c93362abe0ee5f1fcc6a5a5ce,other_target,dual_retention_add,candidate,50316,1045599,550,0.4672844111919403,0.7641059165324864,0.38246995234433395,0.8685396641838957,127,0.5031883395611182,4,1.0,76
MOT20-02,2105,111,525,442,111299,779ebc2e615c4f076010ea8e713970b04e16b26d40d0d42c0e1e1796f2353afa,same_target,migrate_replace,source,50350,1046620,442,0.8112171292304993,0.7874778452889,0.8259646120926432,0.4927061662925766,107,0.9225011697899689,4,1.0,524
MOT20-02,2106,111,525,442,111383,ac148da11c46224f45b72b0e04c907b8a60caf944bcd3d40c495ec9759b17fed,same_target,migrate_replace,source,50369,1047402,442,0.8014327883720398,0.7593718083268698,0.8110283431560645,0.4603295779171981,107,0.9107393402121577,4,1.0,524
MOT20-02,2110,97,255,551,111723,0d0d38c6698e68ac8fdf6511ca25599b28aa71a22342ef9d68972fb0faa80e27,other_target,dual_retention_add,candidate,50459,1050613,551,0.38488131761550903,0.8031098581127414,0.517987593205092,0.7685089134147812,174,0.650011592563458,3,0.8823529411764706,20
MOT20-02,2111,96,378,423,111753,26beeb4f2e4cccddbee88456e3b420ef79f150794f9b59379c478bd2c024ffd5,other_target,dual_retention_add,candidate,50477,1051388,423,0.8340298533439636,0.8809799129246838,0.7462505557615552,0.89723092533149,95,0.7391843812864034,1,1.0,146
MOT20-02,2113,101,471,328,111979,8251503d22af1d1ffe9130a1dac2b9badd5ddcf18bc9fb43cc4c773b0476e5e1,same_target,migrate_replace,candidate,50519,1052831,328,0.6834719777107239,0.8619132251264034,0.8619132212355349,0.6937249326030936,100,0.9999999799091782,1,0.9405405405405406,550
MOT20-02,2114,97,255,551,112056,4661eb66448d775596f07279456b1c9b1e45e312618d00f2ce79d8a08f97f822,other_target,dual_retention_add,candidate,50540,1053680,551,0.7684237957000732,0.8791498945362378,0.6333968277266212,0.8268613394427171,174,0.7169993431935693,1,1.0,14
MOT20-02,2114,100,328,471,112062,a5d7a5795daa3dfb4ba014f0168e7e8fc6e028dddfcaad7c1f80363dda960046,other_target,dual_retention_add,candidate,50534,1053522,471,0.8167131543159485,0.7442708564343273,0.7442708664182542,0.8182430645397771,101,0.9999999791492703,5,0.7142857142857143,21
MOT20-02,2116,100,328,471,112228,959dfe945db539823b7953cc65c9218ff543f57ab8e580b25f67e33474614667,other_target,dual_retention_add,candidate,50575,1054978,471,0.5710058808326721,0.7179846816454285,0.6551173735592346,0.7715753759480278,101,0.8857597935068381,5,0.7142857142857143,21
MOT20-02,2117,100,328,471,112312,22a9a640eb0e2f6cee373f85f535cdc53a7d45ecfc257f8d505ba92f4caed9ed,other_target,dual_retention_add,candidate,50601,1055907,471,0.41723743081092834,0.9004720884375275,0.5207291296600401,0.7774248732695255,101,0.5532062284064013,5,0.7142857142857143,21
MOT20-02,2119,105,459,370,112464,6459db723ed2f21508f14a9e55ffe250cf79492f9c7979945e32f3bc9963df16,other_target,dual_retention_add,candidate,50638,1057327,370,0.7629968523979187,0.5715105378630411,0.5715105244773457,0.8338503257357608,126,0.99999997500487,2,0.8947368421052632,225
MOT20-02,2127,187,312,519,113133,7dfccab95b3fdd9a4452dfedba8275aea67b340b2d801c7f8e9e176abdbc25c0,other_target,dual_retention_add,candidate,50817,1063814,519,0.7778428792953491,0.6854666625910528,0.6854666579097302,0.8999079472594445,107,0.9999999881624199,13,0.9411764705882353,139
MOT20-02,2127,80,335,560,113153,d540a99611153d0fac73c9aaaad502e701f7b858ae621ecc9b377afd6014c8e0,same_target,migrate_replace,source,50807,1063543,560,0.3484458327293396,0.611564870760577,0.7478387242502608,0.43564908747287234,81,0.7659682124787759,2,1.0,52
MOT20-02,2131,133,563,459,113476,03eb8d27924648d6972de9367b40445e9eb4f6e7774e2efc7f455b9eee7224e6,other_target,dual_retention_add,candidate,50893,1066592,459,0.8122550249099731,0.698433504093486,0.7134546394809113,0.7553108084154019,105,0.9549473139888843,2,1.0,652
MOT20-02,2132,133,563,459,113556,1c8e1da01210ad5957ee2ecbe2f4ad1592eaaa70d43bc8070c88d71ac7f8a056,same_target,migrate_replace,source,50916,1067346,459,0.7786247730255127,0.792472783029611,0.8347489545981803,0.7541284252730539,105,0.931870355372993,2,1.0,652
MOT20-02,2133,100,328,505,113601,1d8c61e845cd9d8f38891296814ab679808ef3782b885a25a7655908529500a7,other_target,dual_retention_add,candidate,50941,1068211,505,0.672864556312561,0.8739760282114144,0.7308193970211467,0.7902446564882094,102,0.8339817936539075,1,1.0,81
MOT20-02,2138,87,284,361,114004,6ee21b3bc25dc6dbe60e561ebd9d264942b8901b31bc4a3df1e77a208c2a66c3,other_target,dual_retention_add,candidate,51047,1072353,361,0.6577025055885315,0.8072024336320551,0.5889044156500532,0.9549729699966361,88,0.7165091707365557,1,1.0,863
MOT20-02,2140,105,459,261,114169,f07c7ddc02f91101f7cd4be61655fee4c324e5d71169a907b9431d2923b8013e,same_target,migrate_replace,source,51076,1073461,261,0.8187310099601746,0.8807975520720939,0.8807975565611388,0.8760708506893762,106,0.999999987456738,3,0.8947368421052632,45
MOT20-02,2161,93,534,284,115853,01dbf1d04e3096399ac66b9e22e9dc6b4d52d199f8f1b3a071e36d431935e2bd,other_target,dual_retention_add,candidate,51530,1089532,284,0.477107971906662,0.7604227957958232,0.6162521937628787,0.9256038404468065,87,0.7804883699082791,4,1.0,240
MOT20-02,2162,93,534,567,115924,a130c540af27776c9ba3381515bf1fea3c0ae4b5417c9604bdcc3a08b5a8451d,other_target,dual_retention_add,candidate,51550,1090197,567,0.774442195892334,0.5229525740338534,0.506949423198121,0.5843028908775365,97,0.7762386291451099,4,1.0,240
MOT20-02,2163,93,534,567,115998,181afa74316b28077ea0971a33df6358d5f4b72e6db40584c3724e4a92998ea0,other_target,dual_retention_add,candidate,51572,1090965,567,0.5081002116203308,0.5386127856517131,0.4410171862534196,0.5816538671099019,97,0.8331966201322184,4,1.0,240
MOT20-02,2169,99,369,505,116421,8ca3d5ef5e4a8ed7729a8b94ba25dbb131459f3db297d96f1d1a0282fd69cb46,same_target,migrate_replace,source,51689,1095011,505,0.3891766667366028,0.6614689132233762,0.8587965318049761,0.7516925799962146,102,0.6267036705384131,4,1.0,46
MOT20-02,2170,99,369,505,116496,c22bf03e7b0933653c67210c0d4fb3b3812b8e854a51bd40d42a81bafb657e65,other_target,dual_retention_add,candidate,51706,1095675,505,0.7984424233436584,0.7431079523426054,0.7431079486078259,0.7683084398901792,102,0.9999999912205019,4,1.0,46
MOT20-02,2171,99,369,505,116572,ef125d27cf05811c015e838dc301c676b6b74f08c3df4a0f16fdb1ca4f809d65,other_target,dual_retention_add,candidate,51730,1096402,505,0.7750238180160522,0.7406519002796341,0.7406518967800405,0.7846215897119048,102,0.9999999938455342,4,1.0,46
MOT20-02,2172,80,335,329,116669,9797fb3d8eef518025ee5ed98b90480809fbf7c1c63536787ed8f33c33c67de8,other_target,dual_retention_add,candidate,51762,1097477,329,0.7154218554496765,0.6261682844318169,0.6261682856136949,0.8382380671555957,81,0.9999999942618274,21,1.0,2
MOT20-02,2173,108,493,406,116707,73cc51d73db3ff293e3855337dc5f5fb73a2ad24e846817e82588b42b50ed21b,other_target,dual_retention_add,candidate,51780,1097994,406,0.21823136508464813,0.7963124608884805,0.6356738589921144,0.6869842623447381,104,0.6949016308824607,3,1.0,312
MOT20-02,2174,108,493,406,116785,b495beb2b2094f43cb98330594ac82ba3afd92e5912ac3da9c1cce85c58754fc,other_target,dual_retention_add,candidate,51800,1098736,406,0.2158939093351364,0.8037836373086954,0.6429363022652279,0.6795181507828029,104,0.7123531071576109,3,1.0,312
MOT20-02,2175,108,493,406,116863,9c4f101f8f205a95cb099b6862ee96e544f8618fa48a626b69a17fda9c1b6d91,other_target,dual_retention_add,candidate,51818,1099466,406,0.6594451665878296,0.7573231032147376,0.6564686067710845,0.6754593634859266,104,0.8171678706455476,3,1.0,312
MOT20-02,2178,80,335,329,117134,e685eda4cce4086b4809c3583907869dd8bc80a5de84c7c9486c683c366f2476,other_target,dual_retention_add,candidate,51888,1101949,329,0.6443953514099121,0.8376936165454155,0.6979876993993321,0.8579433732421814,81,0.8297684381423956,21,1.0,2
MOT20-02,2180,80,335,329,117290,f876d2ab0f4cd0a5793c434a8f8da33eb361c9f25d0a2341cd7cd29c20805699,other_target,dual_retention_add,candidate,51926,1103326,329,0.25548267364501953,0.809198092244511,0.6952517334381738,0.8432267586633755,81,0.7388844868372572,21,1.0,2
MOT20-02,2181,99,369,505,117347,0fe5ccb61065f7a21802892abb6d8fb734ebdce0936e96a73313aeb970e56912,other_target,dual_retention_add,candidate,51943,1103869,505,0.46054983139038086,0.8017956855782822,0.4372501590615535,0.7457691813696347,102,0.518926629936166,2,1.0,53
MOT20-02,2183,129,577,328,117530,1e714bfc873b2f973ca08f8a8a850404fa3e0d7108aded6b3912b400c6ba6a8b,other_target,dual_retention_add,candidate,51983,1105253,328,0.6966875195503235,0.7364053224642274,0.5936185892653137,0.8859895734292564,100,0.7489708070817179,2,0.968421052631579,107
MOT20-02,2183,128,578,573,117544,09da6a122376480d2cb767812eda7a16eacf678417057d19503a2a78a818afd3,same_target,migrate_replace,source,51974,1105068,573,0.3610515892505646,0.7971441391518138,0.8349267956900449,0.3755422999243505,141,0.7471627689031032,1,0.8888888888888888,25
MOT20-02,2184,80,335,329,117593,072219089746023a32f701c3e956c200554ba3e5656edf7fed17ea153e030904,other_target,dual_retention_add,candidate,52013,1106271,329,0.8080580234527588,0.7988219187316122,0.6710711773667124,0.9535725053769162,81,0.7873575242091353,21,1.0,2
MOT20-02,2184,129,577,328,117605,817f1692c329b8f80a3044a0d75ec70485752bae36f760d80e16f2723a7d6868,other_target,dual_retention_add,candidate,52005,1106016,328,0.7953081727027893,0.7403423389011713,0.5947509214725198,0.8519397249236048,100,0.7540452155560446,2,0.968421052631579,107
MOT20-02,2185,96,378,568,117680,c90dd3df2d1a7c9ea2c93c076d98bdf3d1550e39a4fca0cb2f928d6dedb56b25,other_target,dual_retention_add,candidate,52032,1106977,568,0.6996450424194336,0.8230338927710091,0.7410294680103412,0.9091019642400421,186,0.7859154551075589,2,1.0,130
MOT20-02,2186,80,335,329,117742,42e1da25e76f84653ee18cf0750d43040e2c0457f4b5fcafdbd98ca2e35fc407,other_target,dual_retention_add,candidate,52055,1107766,329,0.36788520216941833,0.8534107794830311,0.6685543308170865,0.8976921084314597,81,0.6608367846359744,21,1.0,2
MOT20-02,2186,96,378,568,117754,a925b5f79b02e570e8b76c949f4dc5bbd5231bbf35e66cf547802704eb1ea361,other_target,dual_retention_add,candidate,52054,1107730,568,0.7983566522598267,0.7668021193251738,0.6822784887121502,0.9283161898898595,186,0.7772334135053962,2,1.0,130
MOT20-02,2188,80,335,329,117893,d1abb4b12a5c3569d64d542602a62a9a6d9a15c7eff248ed2a6fd0c2475c77eb,other_target,dual_retention_add,candidate,52098,1109183,329,0.4377383291721344,0.7938263347444319,0.7041957166075408,0.9116150693876606,81,0.7258483153207517,21,1.0,2
MOT20-02,2189,80,335,329,117970,7ebfa9b41649d21740015a82b0c6e76f7b347f09b70ccbacd1a7deefab09b203,other_target,dual_retention_add,candidate,52118,1109909,329,0.7609553337097168,0.8327600482959606,0.6970919300748242,0.9164435459429676,81,0.7277436079054143,21,1.0,2
MOT20-02,2195,127,550,578,118452,402328da7176378d70199826f0b2da70c870e8ba85318312812970d7e8edf305,other_target,dual_retention_add,candidate,52226,1113768,578,0.5942404866218567,0.7753829720427398,0.5661987266563093,0.8788039370078743,128,0.707938786858848,1,0.9583333333333334,518
MOT20-02,2196,113,579,581,118530,bf9b3a1677c50ef1716e2219f2c67b4ec6fb1b93f2a467fc2c8453af5050ee13,other_target,dual_retention_add,candidate,52260,1114734,581,0.8096922039985657,0.8295139471091076,0.6585472437257741,0.9190350383454925,112,0.7280197359851791,1,1.0,12
MOT20-02,2200,161,553,566,118821,f3f6c56150f167e6baaabbdf7bd18dfe42e3dab256258d9a38026aacfb9803ad,other_target,dual_retention_add,candidate,52343,1117464,566,0.8814219236373901,0.7778641161741627,0.7632857678632556,0.9042763094465619,124,0.9516395364874992,9,1.0,503
MOT20-02,2200,128,578,586,118831,461f1ded50922ce6d3656d82cd23098ef9ae6515295a24f022b39125f79fcc07,same_target,migrate_replace,source,52331,1117295,586,0.7078081369400024,0.733760126492673,0.8055523273776759,0.5037024075251705,141,0.8346031095210703,2,0.5238095238095238,37
MOT20-02,2201,161,553,566,118891,a6adf9974de9fc8136aa7afdbe4d66d7bc88d13a602df009bdbf42103cecbd36,other_target,dual_retention_add,candidate,52357,1118056,566,0.876265823841095,0.7564972374119688,0.7747570759615354,0.8954356361248265,124,0.9561742779071762,9,1.0,503
MOT20-02,2201,128,578,550,118899,404f45777af93dc8b21fd6fa953b73f88d2ccee0cb40a5e47b2a8525ab7af23e,same_target,migrate_replace,candidate,52352,1117976,550,0.5033383965492249,0.8955302237584702,0.6489875201120439,0.5459530275697435,127,0.5884178447932523,2,0.5238095238095238,37
MOT20-02,2202,161,553,566,118960,4f391054197182b672f4108073280dca9e4d887a65f77514f33fe67eb23e6f53,other_target,dual_retention_add,candidate,52378,1118749,566,0.8591289520263672,0.7710395768950302,0.7859190404446637,0.8671115468028382,124,0.9552553440080034,9,1.0,503
MOT20-02,2203,161,553,566,119030,35385544d2c7a0f2468eaeb2aba3c85394d8a77520fc6773abcc365a831467d4,other_target,dual_retention_add,candidate,52398,1119420,566,0.851652204990387,0.7946026383605473,0.8078377141166159,0.8500398232133786,124,0.9470956693388795,9,1.0,503
MOT20-02,2204,161,553,566,119098,171f11911b436f672f4831311ea7cc90e2bb6c291b378a634a57d834cc3b3a05,other_target,dual_retention_add,candidate,52430,1120200,566,0.8673293590545654,0.8232178838458049,0.8037840684524536,0.8368782138132421,124,0.9675776568027754,9,1.0,503
MOT20-02,2206,161,553,566,119233,f928097699c77923be5a0be3f8c8b25bb729246bae785deee6518eeb4a88e4e0,other_target,dual_retention_add,candidate,52468,1121512,566,0.8557616472244263,0.7547662505979168,0.7446573104157076,0.8449316976626063,124,0.9427498933818018,9,1.0,503
MOT20-02,2207,161,553,566,119300,65137445c86027d3dfee836cd588e819a320f8ee3927ff596b7be56cb215ea70,other_target,dual_retention_add,candidate,52490,1122155,566,0.1885063350200653,0.8603481729544102,0.696098619976001,0.8459326578295254,124,0.7210865213314668,9,1.0,503
MOT20-02,2208,161,553,566,119367,976ea286a7566a6d5a0569653db32b0d19e555cf4d7eae33ab707b3fdbf383dd,other_target,dual_retention_add,candidate,52499,1122708,566,0.8495697975158691,0.6938208797582522,0.6938208851598108,0.7973397123048492,124,0.9999999775248618,9,1.0,503
MOT20-02,2208,113,579,581,119373,5dffefca91f69a133677191dc0a6506a150082cd107bff9e4d426237d4d69e0a,other_target,dual_retention_add,candidate,52514,1122936,581,0.8410742282867432,0.8122526750969205,0.703317886777999,0.8904366496683255,112,0.731092964170867,1,1.0,13
MOT20-02,2211,113,579,581,119574,f963d115ec17061c59be13f221265fe6834b04970a44cddfa23c99a7e793cec7,other_target,dual_retention_add,candidate,52580,1124948,581,0.8543064594268799,0.7979681635410855,0.6841144098310183,0.8998632288589586,112,0.7158961906163547,4,1.0,153
MOT20-02,2212,113,579,581,119641,7df05c60b4e5061ede9a62ebd3ecb34d4139979f83b581682db678e6f1d17f0c,other_target,dual_retention_add,candidate,52600,1125618,581,0.860518217086792,0.7699465320765861,0.6662309098126042,0.8800069567485902,112,0.7190890713146273,4,1.0,153
MOT20-02,2213,113,579,581,119708,153b6b27fed596c623ed67eede9b13a511847551938590502508c3f1560db2f5,other_target,dual_retention_add,candidate,52621,1126275,581,0.8681334257125854,0.7794032086477203,0.6780807248467863,0.8780466385127469,112,0.7170449828831391,4,1.0,153
MOT20-02,2214,113,579,581,119775,e602218a81cf2508afdf0226f6d081fa6148fd0d4e4847221c298c0f7a497803,other_target,dual_retention_add,candidate,52639,1126869,581,0.8747007250785828,0.7767916234772759,0.6563001866406293,0.8792644271911727,112,0.7157227288240439,4,1.0,153
MOT20-02,2227,99,369,538,120616,004c4b67593cc004b1c22f0046d6d5a4723e0d474e10ce559d0ec51d4e3d6977,other_target,dual_retention_add,candidate,52908,1135210,538,0.7447013854980469,0.7209335029060183,0.5668090186719645,0.8510099174695028,123,0.7710941598925233,4,1.0,46
MOT20-02,2228,99,369,538,120682,15921373235a2dff661a3b54bbdb942718cfa94218f0b6cd8af9061bb246ca67,other_target,dual_retention_add,candidate,52929,1135865,538,0.7350142002105713,0.7420502092015765,0.5586546697645945,0.8543639408311074,123,0.7448011218698445,4,1.0,46
MOT20-02,2229,99,369,538,120748,8707d7eed7cdc5d4c8a85b99a18605598d3d776993510904e1f35e32b902948d,other_target,dual_retention_add,candidate,52942,1136433,538,0.6270236968994141,0.594925110788486,0.5396690436863596,0.8926095417486318,123,0.8997758328113356,4,1.0,46
MOT20-02,2230,99,369,370,120813,d4968ad72d467b0386684a52fb2c1d5624951ac21fe1e20312c8982b182aac46,other_target,dual_retention_add,candidate,52965,1137102,370,0.8405436277389526,0.632877498612433,0.6429228482313738,0.8902137430968717,126,0.9765470673642064,4,1.0,46
MOT20-02,2241,189,576,367,121513,fb4ca97bf1870d6a4569f8fba23c62d2595cfb2e9e39bf12cda1c1c6f57af3e1,other_target,dual_retention_add,candidate,53210,1144289,367,0.2140851467847824,0.6726140760157748,0.600230757657157,0.8963557706830549,86,0.8919130577325548,8,1.0,220
MOT20-02,2243,189,576,542,121651,5eb2a5ebfd098503f141832b6a0b77bf73217c60b65c5d245d3afe92d33a5e31,other_target,dual_retention_add,candidate,53252,1145469,542,0.8211969137191772,0.5470178597245247,0.5470178556762421,0.8867725246509903,83,0.9999999903543296,8,1.0,220
MOT20-02,2244,189,576,542,121714,086a449a9b6553c64aecd1db605ef24b9dcddc234246c6d840906fba815f6350,other_target,dual_retention_add,candidate,53274,1146064,542,0.7659454941749573,0.5616294098311213,0.5616294156503063,0.8723441399958219,83,0.9999999899600471,8,1.0,220
MOT20-02,2248,120,572,430,121933,e0dab72f76d3dc4be6b04060b32b3500e6da8824da3307462764ac49b9643685,other_target,dual_retention_add,candidate,53343,1148119,430,0.5708351135253906,0.6479951457848958,0.7752541279230383,0.9294793047882152,118,0.559144697662112,9,1.0,98
MOT20-02,2253,120,572,430,122236,b3d15672c8f9da8a09d6bfb3ce03fa952ae1e720eca4a57fd02a3c8d0f60fe75,other_target,dual_retention_add,candidate,53454,1151219,430,0.2929988503456116,0.814842897175945,0.7492832739010482,0.8859313009604936,118,0.8755285376396702,9,1.0,98
MOT20-02,2268,173,580,255,123197,8af9f29cd8ffce339284a0ed8e2bf9ca8896f1b78a253e25d5834fa1a1c4fca6,other_target,dual_retention_add,candidate,53773,1159814,255,0.1939081996679306,0.5996382948575831,0.35662000090270446,0.9453207789221376,97,0.5392145729685291,19,1.0,87
MOT20-02,2287,174,614,255,124373,9fdc6e04c1b8fa930cbd42438837d283ac8b1bd62c2b5ddc4829cf32de1b6ecf,other_target,dual_retention_add,candidate,54175,1171182,255,0.7456032037734985,0.7836170564581849,0.6413632936829455,0.8469944672293835,97,0.8129503512501853,8,1.0,10
MOT20-02,2289,174,614,255,124498,5dbcebef17ab7c0a5583fd2977884fd3c575184f801c5670d97d4464879f31b7,other_target,dual_retention_add,candidate,54220,1172536,255,0.33728572726249695,0.7882191953751342,0.6395897741882484,0.8787981706122778,97,0.7983601132299458,8,1.0,10
MOT20-02,2290,174,614,255,124561,bf520ccaade35779b4dee4cfeab142b6528a9b18265cd0e26b68a7959080509a,other_target,dual_retention_add,candidate,54238,1172927,255,0.7219781279563904,0.8174712167904423,0.8174712075327714,0.8689138427527776,97,0.9999999882285971,8,1.0,10
MOT20-02,2291,174,614,255,124624,bbb5ae212c6520501378ec1f850fa4dac1321dd91140eebb72f2bfc1f74508b9,other_target,dual_retention_add,candidate,54256,1173514,255,0.8213933706283569,0.7664234762071698,0.7664234756944098,0.8717040531500048,97,0.9999999924570308,8,1.0,10
MOT20-02,2292,174,614,255,124688,be6b2e013ed7d7520ece3646aca8c10b2a1a8cd98234370846c261b59856a5d7,other_target,dual_retention_add,candidate,54282,1174158,255,0.83525151014328,0.6494361799103516,0.6799359795910214,0.8109780055457783,97,0.9463773056852582,8,1.0,10
MOT20-02,2293,174,614,255,124752,39438b9173f3697c9ff92459e4798efcd4634168be54c4778da105fbb5d9cb8d,other_target,dual_retention_add,candidate,54301,1174677,255,0.6335973143577576,0.7932627457349501,0.6719440442012591,0.9172025230244188,97,0.8314108838310039,8,1.0,10
MOT20-02,2294,174,614,255,124814,80651fef5eb56a25ba8284a621c72b4513ee5ec3f1d9fe01cc603f5410128079,other_target,dual_retention_add,candidate,54322,1175255,255,0.6427116990089417,0.8558480008626337,0.6390583196602879,0.9626277381038855,97,0.7306178815517224,8,1.0,10
MOT20-02,2296,174,614,255,124936,2d4be3219c2c80606974b2cb51e50cd7d8168bb55bc0e914f1734ed764cb08f2,other_target,dual_retention_add,candidate,54366,1176479,255,0.7074181437492371,0.5936943737260869,0.5936943744513862,0.9417215880056942,97,0.9999999970021749,1,1.0,2
MOT20-02,2298,174,614,255,125057,5ed46c9aef3694cce54cb7969dda2c4e86aed07b2a50f6d5b3bfb8efea0d925b,other_target,dual_retention_add,candidate,54407,1177528,255,0.7189306616783142,0.8335518164300549,0.6336005155571423,0.8326158236579337,97,0.7372240642550903,1,0.8928571428571429,29
MOT20-02,2307,93,534,568,125580,347e6cd0b5591ec1a5fc7deacdc0c73900583792573b74b8296cdca7ccdebfc3,other_target,dual_retention_add,candidate,54593,1182595,568,0.8088014721870422,0.6499976199103615,0.6011024627306651,0.7869405510861169,186,0.8391023946563813,14,1.0,343
MOT20-02,2313,95,577,507,125914,fa009de19de1d0e38594455e5236ae3e84edc9fba9876ef3effc0936c0e76ef8,other_target,dual_retention_add,candidate,54719,1185672,507,0.8203293681144714,0.7575661418925018,0.7365987080750698,0.9295330891414462,184,0.9567633005087897,6,1.0,108
MOT20-02,2323,83,542,361,126481,82781e823e09f345f2c8d59ac9d2cc8f6b6aa075c4d481de26467eda5f797eb5,other_target,dual_retention_add,candidate,54934,1191274,361,0.30266398191452026,0.8275199990490612,0.47721326740953257,0.915121994621224,88,0.5641747486666946,16,1.0,125
MOT20-02,2333,91,467,507,127084,c721ef9ffcc49f1e1e6970a4c94168e0eb1aaa16e99c8599f91de1fb6091f5e9,other_target,dual_retention_add,candidate,55138,1196431,507,0.5263848900794983,0.8626170421856559,0.6552994485556513,0.9289273432411893,184,0.7486068481247251,2,1.0,554
MOT20-02,2337,117,516,566,127337,aa1738d9bd5f0c70a0419d1d8b340e0f42a0975e2fe2f3e33e47cd695862f3f7,other_target,dual_retention_add,candidate,55214,1198492,566,0.48050376772880554,0.6917623527807936,0.722537774273025,0.8195934355488727,124,0.7234361244182494,5,1.0,309
MOT20-02,2338,103,476,488,127376,c11518e91a12eb07df510f2e0a244034d7e201cd698d383d829e196cb7f64c3b,other_target,dual_retention_add,candidate,55246,1199388,488,0.875564694404602,0.8803016667367101,0.7034763958278244,0.8766628567589754,98,0.7555006051064239,1,1.0,562
MOT20-02,2338,117,516,566,127395,404d9e7850f9092f5e2f111e500746cd092cba53ad75f179f8ec04c3f88d8352,other_target,dual_retention_add,candidate,55237,1199062,566,0.4967000186443329,0.7381334841037643,0.6921360351200264,0.837938586682758,124,0.858300711751665,5,1.0,309
MOT20-02,2339,117,516,566,127452,b104500dc474f4733daeb471240c9321400a3a52195c6f0ac08adabef6ca9809,other_target,dual_retention_add,candidate,55252,1199540,566,0.257880300283432,0.6886173324301262,0.7269452157653494,0.8438770640496867,124,0.6930467007793508,5,1.0,309
MOT20-02,2340,117,516,566,127511,ee36c6cf335aa50b17782ce4ced409408af3a5035b9415e70258c2a97b5a30f0,other_target,dual_retention_add,candidate,55283,1200218,566,0.8541027307510376,0.7344246676644983,0.734424678782466,0.8630814970061056,124,0.9999999774578705,5,1.0,309
MOT20-02,2341,108,493,406,127543,3714b01c1af55c168ce59d1dcbe93eeafce5029e4d1e5eb435e8a05dcf5df265,other_target,dual_retention_add,candidate,55308,1200874,406,0.35860398411750793,0.7419544707958973,0.5400330161440797,0.8482988429173106,104,0.7210935791597383,9,1.0,112
MOT20-02,2341,119,621,622,127595,1d53e6df2e8524d21a96e189df99c2935a43d73347cfb7ffdc4d13ed74c7adaf,other_target,dual_retention_add,candidate,55306,1200729,622,0.5335017442703247,0.5714100345506498,0.5714100234043943,0.6565699251694397,120,0.9999999816273217,1,1.0,28
MOT20-02,2342,108,493,406,127600,2fc98397e196327c5c174058e4c9805839217ee1a473922c4f026c07769b7578,other_target,dual_retention_add,candidate,55330,1201421,406,0.5475738644599915,0.7399980672798817,0.5498370268071884,0.8448098681572842,104,0.7295695559235513,9,1.0,112
MOT20-02,2344,117,516,566,127742,283a4ad2507ead1470eaf20c90a86e636ae6d89a99f4c8232c642e9d8cd415a5,other_target,dual_retention_add,candidate,55364,1202247,566,0.36285245418548584,0.5924169557602587,0.6775150844356451,0.9007135123026944,124,0.7117715606460121,1,1.0,4
MOT20-02,2346,108,493,406,127829,b2c62ac2916260a4708d447a27c49f95931e53b9b873575e04923528ca4bc26f,other_target,dual_retention_add,candidate,55411,1203528,406,0.8152669072151184,0.67745043472616,0.6489537483419325,0.8453634988362236,104,0.937635602225282,9,1.0,112
MOT20-02,2346,117,516,566,127856,fcfb001c9e9591f816b92c4cfa514a94a48943ee574c72c533384e6462f30262,other_target,dual_retention_add,candidate,55404,1203293,566,0.42332595586776733,0.5994745359650744,0.7227358118736018,0.8594359633553385,124,0.7266009783098009,3,1.0,2
MOT20-02,2347,108,493,406,127885,fcffaaf56fda2c63e89c4be11eceac41bfeac5a9dc835efa054f8693f06b24c2,other_target,dual_retention_add,candidate,55434,1204046,406,0.7062572836875916,0.71776865663028,0.6946326078317137,0.8300001895642497,104,0.7562080406933575,9,1.0,112
MOT20-02,2347,117,516,566,127912,0b7046322ea41312bc8e13a0cd5414508fa3cbdaa50f8c9dd5c13a84c0eb3106,other_target,dual_retention_add,candidate,55427,1203818,566,0.6840779185295105,0.6227322716309808,0.7044723363964053,0.8602847646698554,124,0.7450909060113461,3,1.0,2
MOT20-02,2348,108,493,406,127941,b00adfaf62e89a7ad228deac1461f417560e1bb24d55f5e5337a28f34ad2e6ab,other_target,dual_retention_add,candidate,55455,1204558,406,0.6263203620910645,0.8268101269714389,0.7319426065377983,0.8025794797795739,104,0.8395025378283519,9,1.0,112
MOT20-02,2348,117,516,566,127966,7b7b4008dd2a0254bb534701ce0b3a926f53721268f69c2d94eb5fb19622a19d,other_target,dual_retention_add,candidate,55442,1204282,566,0.3659358620643616,0.6917697527497121,0.7131181656967162,0.8579500854847905,124,0.659607200796056,3,1.0,2
MOT20-02,2349,108,493,406,127995,2fcab75e6cc54a958bb4b219c8d41cfea153df25ba2bcac6fa98bdceac7c041c,other_target,dual_retention_add,candidate,55476,1205037,406,0.18867728114128113,0.8493387154609359,0.750026019015219,0.7947157660981997,104,0.6994598606748743,9,1.0,112
MOT20-02,2352,120,622,621,128210,c825e3ddb8430118c13c5902de91127502dd43d278b215c526f79c11d146ae41,other_target,dual_retention_add,candidate,55540,1206415,621,0.7455452680587769,0.8202959425805381,0.6252982988187532,0.8363184153504695,119,0.7534021784895032,1,0.9230769230769231,21
MOT20-02,2357,119,621,622,128485,9eb032a200717cf18e4c28773bc70075bbca384df76714adc1935f83cb74f684,other_target,dual_retention_add,candidate,55644,1208972,622,0.676594614982605,0.7657699152683026,0.5879983233979144,0.8346247087068056,120,0.7614983027870311,4,0.5833333333333334,51
MOT20-02,2358,119,621,570,128528,53d9ecf9a1b90595a3e2b48fe45261e0039fb8568ab112d2fff889734a168bab,other_target,dual_retention_add,candidate,55667,1209468,570,0.15861068665981293,0.7315395157518798,0.7380441673051339,0.7996742008059606,168,0.7826771813882857,4,0.5833333333333334,51
MOT20-02,2359,119,621,570,128582,fb738877c0141d8130fadc91ddfa683ee270ea27e054632482e4ccdefa698d8b,other_target,dual_retention_add,candidate,55685,1209879,570,0.6060778498649597,0.7508719990382099,0.7508720032505318,0.8174533416978871,168,0.999999993156743,4,0.5833333333333334,51
MOT20-02,2360,119,621,622,128646,7b8eed7acbfeb650ab76be10a3b7116d40cf68dc9f44b401722165c577dd618d,other_target,dual_retention_add,candidate,55706,1210472,622,0.8756616711616516,0.6484604564557491,0.6484604577161609,0.7863264138638265,120,0.9999999955796058,4,0.5833333333333334,51
MOT20-02,2372,114,449,493,129296,fbe1c511bb33c03dea3e5a48b99ee4f210ab21dbb2d770073edb880ac2f02bea,other_target,dual_retention_add,candidate,55959,1216760,493,0.8064129948616028,0.8994777394282061,0.6950402202639341,0.9132943135369659,108,0.7188689858262372,8,0.8491735537190083,534
MOT20-02,2373,114,449,493,129351,bed89ae3157588609deb161311b9fa640febb53329f0cc402e4eb534e1b2d540,other_target,dual_retention_add,candidate,55983,1217249,493,0.6792057156562805,0.8865169421242539,0.6891164813980132,0.9332694693334833,108,0.7160146825553141,8,0.8491735537190083,534
MOT20-02,2374,114,449,493,129406,af0a8179df24209597eb8fd6deda1fb002f68bbac9b8134853a5b20ed6c54c33,other_target,dual_retention_add,candidate,56003,1217785,493,0.8370752930641174,0.776226854484565,0.7108507244852331,0.8873185515333528,108,0.9102502814346087,8,0.8491735537190083,534
MOT20-02,2375,114,449,493,129461,773a513f63ac163c1626c5a16cc0b3f3a22632d4fc524795391684575f304eda,other_target,dual_retention_add,candidate,56024,1218302,493,0.8103036880493164,0.8137572820733332,0.7143895777842132,0.817485147537458,108,0.8759958779915503,8,0.8491735537190083,534
MOT20-02,2376,114,449,493,129516,49e42582a2ed11881179bb196d26b181597a66b5564a3bbc22ef35a9bfbac239,other_target,dual_retention_add,candidate,56043,1218849,493,0.800707995891571,0.6433014827636616,0.6433014835136334,0.8871603078064081,108,0.9999999943285878,8,0.8491735537190083,534
MOT20-02,2378,114,449,493,129628,48b0a80e5234c71f0a11ed41e644b224c0980667244b71b0bcea1ea1541bfa94,other_target,dual_retention_add,candidate,56088,1219855,493,0.11041111499071121,0.8876789947176155,0.5916565464262157,0.8569997240746333,108,0.6616755339287779,8,0.8491735537190083,534
MOT20-02,2379,114,449,493,129684,9d25ccbeaed23edd1fe25f1c26fb0689eb25fe0c3bfc5f9c557baaff7b1a831d,other_target,dual_retention_add,candidate,56107,1220370,493,0.15552420914173126,0.7075571685751211,0.5703854909511511,0.9210112615901761,108,0.8006406505527319,8,0.8491735537190083,534
MOT20-02,2437,177,638,593,132541,4e024192a6c30e9763a4bb77703adb990b26c36615c773d9454a1f8f40f32319,other_target,dual_retention_add,candidate,57315,1247031,593,0.8501328825950623,0.6017511189311731,0.6156488471894627,0.8628006556145459,128,0.9684860846336828,2,1.0,127
MOT20-02,2438,177,638,593,132583,29a23c18426fc36d12ddad7e4e4e0434b1dc497189d91718ddea6b9f48ab8348,other_target,dual_retention_add,candidate,57336,1247430,593,0.8446529507637024,0.5324399752365814,0.5519146785139571,0.8350403361152449,128,0.9573633534447679,2,1.0,127
MOT20-02,2470,110,461,471,134016,9390de1d23d6203ddddbc451e5686b6cf9170f35f8a8dd4748cde83dbbddb301,other_target,dual_retention_add,candidate,58009,1261179,471,0.8455972075462341,0.8677418585041525,0.6975724039520185,0.867848598640835,101,0.7246599750360264,1,0.9844357976653697,519
MOT20-02,2470,176,597,428,134030,d67edac9b085309e4a17abadc30534eca350fdea831b4bef458939f8076dc09f,other_target,dual_retention_add,candidate,57995,1260896,428,0.8628836274147034,0.6581030219644031,0.6581030288638657,0.8626976188723042,122,0.9999999841343308,4,1.0,445
MOT20-02,2471,176,597,428,134072,e39e321d0a7e3a0773f6a93595b1b99b8f101522fccc89ee5190dd80a76883a9,other_target,dual_retention_add,candidate,58012,1261272,428,0.8640310168266296,0.6560350400666188,0.6480213608758971,0.9031918359878738,122,0.9819213476056629,4,1.0,445
MOT20-02,2472,176,597,428,134115,36ff0b3a8a196df052638cca6c21cd97ea5b0daba6dd4cbc8f969e40750baee3,other_target,dual_retention_add,candidate,58036,1261672,428,0.8658212423324585,0.6735515689416782,0.6652143597242212,0.8978976766663086,122,0.97788584008754,4,1.0,445
MOT20-02,2473,176,597,428,134158,db5df4d02a7082ac886ddfbc9892e98ad705ae0546f8a42b573b88e1adc9bea6,other_target,dual_retention_add,candidate,58055,1262082,428,0.22854135930538177,0.6212721038803599,0.654174293220715,0.8694495701082047,122,0.6173729652912574,4,1.0,445
MOT20-02,2476,110,461,471,134272,9171651a29fe5b711c0a9f0cb36655c3791edc386e8c411de31a8e6d2fc58cda,other_target,dual_retention_add,candidate,58135,1263618,471,0.8579028844833374,0.923622563352313,0.7063271341307269,0.8183373990436704,101,0.698285283042205,1,1.0,9
MOT20-02,2479,101,471,461,134429,053a13dc4f1fafdee02f63b48f013efd7f6ee6b4b1c18122f1285410dfed5448,other_target,dual_retention_add,candidate,58197,1264889,461,0.8383059501647949,0.7048203205938519,0.5653453479630856,0.9204570590274471,110,0.750277142251303,1,0.9972602739726028,377
MOT20-02,2481,110,461,471,134514,8a67c76a74cc650c2cd82a223b64c98e793dc5873b656f9f02392cc89c425869,other_target,dual_retention_add,candidate,58239,1265736,471,0.8422239422798157,0.8559234240794925,0.6586605237330957,0.9164967841563145,101,0.6895424456079031,2,1.0,10
MOT20-02,2482,110,461,471,134556,76f69692421fc3d1babaca483c41efe930df898c94e6a30e3768635bc8dd5b67,other_target,dual_retention_add,candidate,58259,1266179,471,0.8054866790771484,0.8293409772262114,0.7175142473264066,0.9288543255703513,101,0.7165354534433749,2,1.0,10
MOT20-02,2483,116,508,533,134565,e4e89205cbabbf6a46c8d0992fad88c8111a7a9539f9cee5e906ea61724c356d,same_target,migrate_replace,source,58279,1266558,533,0.7753719091415405,0.8264854909876929,0.8509151734563657,0.835057253223187,158,0.9346620315594956,1,1.0,483
MOT20-02,2486,116,508,533,134729,0a33d213846d4889014358f4b7bbfc2359f23fc5c61efcc59d9771f3176a1177,same_target,migrate_replace,source,58345,1267847,533,0.7958703637123108,0.8793215850894766,0.8793215865861606,0.6665061758867893,158,0.9999999925865826,1,1.0,11
MOT20-02,2489,110,461,471,134857,6e2b841ef839d5ba591855f133d1838310a0d09215d57c30e13abc603a1c1fc1,other_target,dual_retention_add,candidate,58408,1269225,471,0.8242815136909485,0.9742163651846386,0.7020544609314499,0.8224173626069081,101,0.6990151589315907,3,1.0,8
MOT20-02,2490,110,461,471,134900,9766e6e43a9ddfc83e028364329f382cf4a2985768db625016eb6e42d067a920,other_target,dual_retention_add,candidate,58428,1269652,471,0.7824423909187317,0.8850874709585762,0.7224325708760573,0.8495328385321169,101,0.7591130872046754,3,1.0,8
MOT20-02,2491,110,461,471,134944,296ebe62a927177a36a0b7fa99d924cd62188e1b7217de86dd10a1aa08dece5c,other_target,dual_retention_add,candidate,58447,1270073,471,0.8609299063682556,0.8790894145588315,0.6810421627056993,0.8898055221209238,101,0.7537240257881122,3,1.0,8
MOT20-02,2492,101,471,461,134992,54a315e5fe70d548824867a1c8cbc4f2932b77dc012394342fa55267c8ffce63,other_target,dual_retention_add,candidate,58469,1270526,461,0.8502489328384399,0.7972398740599826,0.6655085829874117,0.8940964424473933,110,0.7829230871540952,1,1.0,113
MOT20-02,2494,110,461,471,135079,be41520d2067b29e2af6b36b9964b37357586465152d883aea4c84649ccaf118,other_target,dual_retention_add,candidate,58511,1271373,471,0.8576204180717468,0.9366752954005786,0.7100392722819789,0.8350871815550216,101,0.7274849693124629,4,1.0,3
MOT20-02,2495,110,461,471,135122,5c8204a8df135c64b516b619832477d80955d9eec75722b2f298ee8750ac3011,other_target,dual_retention_add,candidate,58534,1271788,471,0.8219472765922546,0.9304503279008064,0.7276154215721354,0.8556775338830942,101,0.7458580884439434,4,1.0,3
MOT20-02,2496,110,461,471,135164,09007c4c14362632a6703bcb4ee0822d89cacebe484a6356440e273636ef819d,other_target,dual_retention_add,candidate,58553,1272210,471,0.8411865830421448,0.9309474578044429,0.7220068062940477,0.8983193611914966,101,0.7478778808151609,4,1.0,3
MOT20-02,2497,110,461,471,135205,820b865c6c5e0d52b3d537d5dbeb977a04e065dde94d6ca2540921b67947bb83,other_target,dual_retention_add,candidate,58574,1272615,471,0.8242363333702087,0.9678615377561091,0.7181513549537935,0.900963107606592,101,0.7245512814717932,4,1.0,3
MOT20-02,2498,125,515,516,135232,ae4240a79c916c372f151fa7f54a38b89e70af5dffc198c54e868d51b4076be8,other_target,dual_retention_add,candidate,58585,1272791,516,0.7888588905334473,0.8476742305279429,0.7762948607974998,0.8578520819310069,141,0.7545516816510881,2,1.0,484
MOT20-02,2498,116,508,533,135244,3b989779878e0c708a66a2518cfb824051da2a914fd4ddba6eaf7ec113a0cd9a,same_target,migrate_replace,source,58593,1272958,533,0.4959576725959778,0.8501728724564653,0.850172882297219,0.21013546754611076,109,0.9999999869461204,4,1.0,25
MOT20-02,2499,125,515,516,135273,af8b1b888e8646975231723cf3ce4c9c9775fd64652759df87883dabbed8f62a,other_target,dual_retention_add,candidate,58603,1273158,516,0.8588792681694031,0.7058881159037911,0.7058881050945213,0.8742978677775415,141,0.9999999825615965,2,1.0,484
MOT20-02,2499,116,508,533,135285,833996be921bae26b8aa8f818dd97553a7f1df9c7b99d489d0def79d367b878a,same_target,migrate_replace,candidate,58615,1273377,533,0.3789803683757782,0.8357444637848658,0.8357444579109035,0.1882315634898452,109,0.9999999888305214,4,1.0,25
MOT20-02,2499,110,461,471,135286,232d25c0bde8ef171b538b953583234aeda647ad48d35dd65de4ace599f9080d,other_target,dual_retention_add,candidate,58617,1273425,471,0.8447592258453369,0.9271879064199569,0.6944213824261508,0.9065267865864133,101,0.7051286522141735,1,1.0,101
MOT20-02,2501,125,515,516,135356,6f34b7a52b747bb60d38096782b7e4032953884744ea777b15a285d452bb55a4,other_target,dual_retention_add,candidate,58644,1273979,516,0.7878576517105103,0.9010982878426038,0.6604465643934216,0.8637865963621356,141,0.716341062058036,1,1.0,130
MOT20-02,2525,141,516,428,136364,8775fe34ce8a556e61ec68239291d7a19e8cf779de1443139068b68c5fcd8a12,other_target,dual_retention_add,candidate,59145,1283753,428,0.8730078935623169,0.9025732286066745,0.7231730820496312,0.8258628947368423,122,0.7023233124668457,2,0.6482758620689655,172
MOT20-02,2526,141,516,428,136405,494a63121a68ec7d0f7c10328919e9e545f764b2dd2f0b6bcb8d1cae71d3e706,other_target,dual_retention_add,candidate,59166,1284184,428,0.8692121505737305,0.8836102903033436,0.722826735432929,0.805192682186236,122,0.7390582960273766,2,0.6482758620689655,172
MOT20-02,2547,128,593,428,137326,8b12bf17b5eee00220110727704b619a0c09e6254b33f8454c7b24d7316d39ac,other_target,dual_retention_add,candidate,59610,1293253,428,0.8078678250312805,0.5987257798551987,0.6246132845501953,0.7947287142072261,122,0.9571047821757911,4,0.996875,339
MOT20-02,2555,172,655,648,137688,7c37b1885fddd86bceb9fb26554f86c538b6f61a2d37dc4b2b5a8d5fcfdda40e,other_target,dual_retention_add,candidate,59782,1296626,648,0.5700729489326477,0.5642492699460643,0.5604315732405534,0.7833531281961633,131,0.8040107953891001,6,1.0,16
MOT20-02,2556,172,655,648,137728,43f25bc580de3cc1974a16a49b45077c1578be40ead0b01737e70499af2229a2,other_target,dual_retention_add,candidate,59805,1297154,648,0.3828667104244232,0.5185217456296979,0.5185217473344069,0.8894136003659701,131,0.9999999912536497,6,1.0,16
MOT20-02,2557,172,655,648,137768,11314a0829f6c5ec5ab7dce2fe21b201a50e59a40ad0af7eaccefcbe1b277e80,other_target,dual_retention_add,candidate,59826,1297553,648,0.5569014549255371,0.5416800442123336,0.5556997631044474,0.9040601051412753,131,0.9145959045240845,6,1.0,16
MOT20-02,2558,172,655,648,137808,0ed7d83c17e4a2d221855745e4464cb2d7ccb903eb0511d4464530e340d4acb1,other_target,dual_retention_add,candidate,59847,1297956,648,0.5751957893371582,0.5181887820711362,0.5181887813505873,0.945177585945175,131,0.9999999977628512,6,1.0,16
MOT20-02,2570,145,636,640,138271,b540f9c9253955757778bf6db4c4656ba7b2e763486c7e0bb511714aaa8d8987,other_target,dual_retention_add,candidate,60087,1302608,640,0.7969478368759155,0.8007779886370383,0.7305521565997365,0.9508840503988667,150,0.7104300404253523,1,1.0,332
MOT20-02,2582,140,632,471,138728,fcf611485ad713dbe82a2d1b45961b89170dfc61d86bb93d6e8bf85b006dc176,other_target,dual_retention_add,candidate,60348,1307863,471,0.888124406337738,0.5509520855342426,0.5591170255869651,0.9208909034910001,101,0.9662066720169374,4,1.0,369
MOT20-02,2585,140,632,471,138836,519bbce8c774bfb6f9734c68fc2b679240486f2f79d608cfff8039d9f60cc72d,other_target,dual_retention_add,candidate,60410,1309043,471,0.8161175847053528,0.5092826538833025,0.5092826551530865,0.8079952528913419,101,0.9999999967601502,4,1.0,369
MOT20-02,2599,172,661,648,139375,31c2c8ca7d9493831bd8e1676693a164397a3fbc2ff7cb86d7378b62fd95cc88,other_target,dual_retention_add,candidate,60701,1314852,648,0.682238757610321,0.6495181571893996,0.6412036823035393,0.8400160756793495,131,0.9838077958843909,9,1.0,16
MOT20-02,2606,172,661,648,139630,59d4258f1644cf460cc745831e66a2e9c3a42e61e5d2be6dc425385e5e145743,other_target,dual_retention_add,candidate,60853,1317937,648,0.20138388872146606,0.890462277746458,0.5357380823650222,0.8695894553072632,131,0.5222680722499684,9,1.0,16
MOT20-02,2607,172,661,648,139664,cd7808b10fc1eb45a4df4320caa34f94014c30c5b6a89f132276853bedb4e832,other_target,dual_retention_add,candidate,60872,1318248,648,0.44025930762290955,0.8472484526180806,0.5289188892238459,0.8967928345882923,131,0.5450942558309125,9,1.0,16
MOT20-02,2623,159,649,654,140249,0d3a47ecd07f8397af38bdc85e08f774395bc500f52d49e4126a0ef36c7dc0e3,other_target,dual_retention_add,candidate,61207,1324608,654,0.7687371373176575,0.8628544335825794,0.6702737975582695,0.8957954571074128,117,0.735167352890115,5,1.0,151
MOT20-02,2624,159,649,654,140284,0fe9a7f990803e654cc8b16bb82b5bc4327e2b0f9af3b073ee649cb4960dbb74,other_target,dual_retention_add,candidate,61226,1324905,654,0.6556897759437561,0.7854419440852882,0.6869528772825007,0.9175158449529557,117,0.7592811596160387,5,1.0,151
MOT20-02,2625,159,649,654,140319,0e0554fde45c4f20c695e2525bcceacba98bc594bf6f9e8cdfbb6941ee17b833,other_target,dual_retention_add,candidate,61249,1325288,654,0.6961120963096619,0.6620343319092262,0.7287275135828591,0.9265579371135818,117,0.766763793429745,5,1.0,151
MOT20-02,2626,159,649,654,140354,b902f8fd6ee2cb3ea3ba063e6a39100cbf59c5edbcf40a64fe1de979f9b58e67,other_target,dual_retention_add,candidate,61268,1325674,654,0.7564960718154907,0.6602222769772603,0.749567524488584,0.9708712827546706,117,0.7300122978305499,5,1.0,151
MOT20-02,2627,159,649,654,140389,39bc1eaf4164a51a6dd1404c80c478d3c0a56b1a4c4c805c0d518cab3f04686e,other_target,dual_retention_add,candidate,61290,1326069,654,0.7817190885543823,0.6732305036980335,0.7922152984605911,0.9817081828612005,117,0.7178198075509785,5,1.0,151
MOT20-02,2655,160,604,538,141367,7e0ae681dc6040d20bdf0088374410fe55461dc89a4bac3a467a2c45a37ef2db,other_target,dual_retention_add,candidate,61870,1336566,538,0.7883033156394958,0.5731007341320922,0.5468675956806979,0.9297408259597866,123,0.947225050610344,5,1.0,47
MOT20-02,2656,160,604,538,141403,bce6d002e3a9a3730045dec0878cfb051faa8befb9d3fa842d26bdb5cad53c80,other_target,dual_retention_add,candidate,61890,1336943,538,0.7677496075630188,0.5261513148174525,0.547068918396832,0.9367584116963655,123,0.9617041902405423,5,1.0,47
MOT20-02,2666,123,538,604,141789,54572b07c17de89a673a3c18d28151c0fc49b428cad2e5ed661b2385f534970c,other_target,dual_retention_add,candidate,62100,1340918,604,0.355660080909729,0.787723173170923,0.6879443309347562,0.7883614415431154,160,0.8559665666109979,9,0.9691780821917808,601
MOT20-02,2667,123,538,604,141824,1fd4abdfd32c20a435e5f4fc0c89857be6fadf04e548d97e3310d874edd80802,same_target,migrate_replace,candidate,62126,1341428,604,0.4389781951904297,0.914086048817347,0.8573368117467703,0.6715137019814608,160,0.8415584329334782,9,0.9691780821917808,601
MOT20-02,2668,123,538,604,141859,0d80bb87b26a85364b8f45e9fcf12f2191954538f74c465d4c27b62017632e93,same_target,migrate_replace,candidate,62147,1341808,604,0.7037227749824524,0.9396635549625054,0.889991138942738,0.6428337077807412,160,0.9147284572591691,9,0.9691780821917808,601
MOT20-02,2669,123,538,604,141894,7a05d1dc6565f68c021a381f518db04c419320c4df5665fdb471c0ad3e4b098f,same_target,migrate_replace,source,62168,1342177,604,0.4733754098415375,0.8489037072075083,0.900870228225491,0.628880778665067,160,0.8165932455116193,9,0.9691780821917808,601
MOT20-02,2670,123,538,604,141929,8bfe968f2cab777c564c3cd1b699674266cc48a3c8a44e840cbbb4c433b69e3b,same_target,migrate_replace,source,62184,1342432,604,0.7358580231666565,0.9066046453749819,0.9345538462365316,0.5934261881203537,160,0.9399144067664787,9,0.9691780821917808,601
MOT20-02,2671,123,538,604,141965,d1e37de2492c7dbc916eb6b785b91a4befc6a5a3418078b246114a6fbb62f43a,same_target,migrate_replace,source,62205,1342825,604,0.6166061162948608,0.8704838148422314,0.9348169955508657,0.5576151096741172,127,0.8489534588325184,9,0.9691780821917808,601
MOT20-02,2672,123,538,604,142001,dae4a7f58998a1a3c4138257362e3c5e0c845d7602e8734b5b71e53ae1ba16b7,same_target,migrate_replace,source,62225,1343172,604,0.8212531805038452,0.7815629671601206,0.8239578178141492,0.634234236894714,127,0.9435528712890154,9,0.9691780821917808,601
MOT20-02,2673,123,538,604,142037,2345a72157ae91c1d1ce66cdbc538b62dc5663b41c11f5cd63673f28b6e36c48,same_target,migrate_replace,source,62246,1343580,604,0.7564805150032043,0.7458525939608177,0.7652063879437698,0.6729868199604874,127,0.9599312925154481,9,0.9691780821917808,601
MOT20-02,2692,123,538,675,142723,618598896ecfed35ca5374a21a8b6eaa885dcba3dd80f37d28ead5e0026b46e3,other_target,dual_retention_add,candidate,62642,1350500,675,0.3726705014705658,0.5699788617362869,0.5616764599377065,0.8808343800476871,139,0.6636918494491079,1,1.0,42
MOT20-02,2695,127,550,675,142832,595c8cbb40dc5efb95ac5cb9e40b3de1bf96d3a864d6ffb8d25f85c0fb693ef7,other_target,dual_retention_add,candidate,62700,1351480,675,0.4196857213973999,0.6950015837601277,0.5218608670911834,0.9438720807535806,139,0.7331512428934188,3,1.0,44
MOT20-02,2697,127,550,675,142902,648e81e125df0763f990b72dfd99edc2e4dec37b82830815f5b8a2c0b7ca2a72,other_target,dual_retention_add,candidate,62741,1352218,675,0.8865675330162048,0.5716407725166559,0.5576024194650869,0.9699120498670923,139,0.9690835197886681,3,1.0,44
MOT20-03,133,87,66,42,10370,01d569afd5c7fdb8954e85fb50d7b5f2782db6b2a1b05c46be804bb7b8cddb22,other_target,dual_retention_add,candidate,71082,99051,42,0.8420769572257996,0.5713351601332578,0.5817373854223292,0.87816960171497,84,0.9653382933841954,3,1.0,138
MOT20-03,134,87,66,42,10449,b1147a56cb721a706a759223d7da6c546882a0027569b1f5ba8e47ca6923b209,other_target,dual_retention_add,candidate,71141,99922,42,0.7942643761634827,0.5706619469893124,0.5706619510996893,0.8857532805891886,84,0.9999999809170897,3,1.0,138
MOT20-03,135,87,66,42,10527,b0041d05f10a62b0dcbeb6e93a6b4428d762da7d10c3ebe9342832e5f060c566,other_target,dual_retention_add,candidate,71182,100567,42,0.8422972559928894,0.5731346864771432,0.5824550932372892,0.8712139711460005,84,0.9563812835320952,3,1.0,138
MOT20-03,142,87,66,42,11075,a6038cb91696f67706ca9abe4e0049ac8395479fe51331a6e58c5c67f5d82ebe,other_target,dual_retention_add,candidate,71528,105868,42,0.8428251147270203,0.6681744868033433,0.6650289546769522,0.8922553943556367,84,0.9488726845139289,3,1.0,13
MOT20-03,143,87,66,42,11153,d6df051632e3c8217f00aa98ac3e05f1559c6960086832ec154a2fa356ca877f,other_target,dual_retention_add,candidate,71579,106634,42,0.8508507609367371,0.6605848355996078,0.675649329008176,0.8814066732836634,84,0.9664430994450646,3,1.0,13
MOT20-03,144,87,66,42,11232,bf3964fe1ae59c06aa2a3e8a96888bd7fbe7b94c357ed52c4ecc600e9c5b30cc,other_target,dual_retention_add,candidate,71634,107401,42,0.8470711708068848,0.6818913421293358,0.6947292435119284,0.8845933108873157,84,0.9839707099844747,3,1.0,13
MOT20-03,152,87,66,42,11884,108cb4f45f97bc094a02b71d06b986738e14a55a95ad4e9646616eb817faf77f,other_target,dual_retention_add,candidate,72051,113774,42,0.5387716889381409,0.8602329742063416,0.8192467383866637,0.9009489462391115,84,0.7073641092469909,1,1.0,9
MOT20-03,155,87,66,42,12121,15348609356c0c1531f7bd61083b495fbdf1cf8acdff0f9f9622b3c526eef95a,other_target,dual_retention_add,candidate,72201,116069,42,0.5322771668434143,0.8113991662757325,0.8153347615454954,0.8755836802405113,84,0.7159582131690103,1,1.0,4
MOT20-03,158,87,66,42,12356,fc4029155bbe74beda0c8574f7726d27e1fd9163bd119b4ef5a556e724ab1124,other_target,dual_retention_add,candidate,72355,118344,42,0.6073777675628662,0.9307352865222293,0.7502210881940269,0.897564487570347,84,0.7168925083902513,2,1.0,4
MOT20-03,159,87,66,42,12434,6db555a1ed66717430a55116a29a2ed2f990ff1ae7c5a90c5794643a0701766e,other_target,dual_retention_add,candidate,72404,119109,42,0.7681291103363037,0.9348284891754518,0.712253975373371,0.9099383935718757,84,0.7349488934602547,2,1.0,4
MOT20-03,162,87,66,42,12669,745790748b7d46242bec325420b5eb10a94c099a0f34a822f7e29689d9607669,other_target,dual_retention_add,candidate,72553,121360,42,0.27209407091140747,0.8687893270121408,0.7031106996272142,0.8896722088416513,84,0.7079830563132201,1,1.0,3
MOT20-03,164,87,66,42,12825,bdc6735141a8b41c66c19c5a33b2e018a1d7050d96e44e282a3372b182d77331,other_target,dual_retention_add,candidate,72646,122744,42,0.860597550868988,0.6691278847471694,0.6691278983370016,0.8919514553430189,84,0.9999999777755544,6,1.0,696
MOT20-03,165,87,66,42,12903,b6ee08c38bf022354e9a7fa461cc52fce34ec5871fc023205f39c1264f39f4d9,other_target,dual_retention_add,candidate,72688,123426,42,0.8409197926521301,0.6951682216906955,0.6701882455682129,0.868415641616946,84,0.963627933711164,6,1.0,696
MOT20-03,166,87,66,42,12980,c1f72e930f2530ee4866e8abc1698e2efcc5ff28d4bf6cbd5ab355eb2e267aa4,other_target,dual_retention_add,candidate,72734,124179,42,0.8667424917221069,0.6697957269048453,0.6652820618554596,0.8618744572153872,84,0.9775959813500202,6,1.0,696
MOT20-03,167,87,66,42,13057,9d1d4a9a05ffb62b246c16217cddc2925ca13715916bb7509cede5cb4abec0ba,other_target,dual_retention_add,candidate,72787,124950,42,0.8680411577224731,0.6389776333065297,0.6389776589407574,0.8795535735480043,84,0.9999999624200437,6,1.0,696
MOT20-03,168,87,66,42,13134,40bc156b888aeb9e7a56673de1c268330af0b77a38398a9326220f0c84247406,other_target,dual_retention_add,candidate,72838,125704,42,0.8620497584342957,0.6173375646566317,0.6247124282458709,0.8864558602440078,84,0.9708008088730345,6,1.0,696
MOT20-03,169,87,66,42,13210,019c55b16c6719fb6cf41d1b4f6248b4102d14e77c59bf1cd851ca00158f043b,other_target,dual_retention_add,candidate,72890,126485,42,0.8673009872436523,0.6156211606593333,0.6156211693359811,0.8847950999015115,84,0.9999999818518166,6,1.0,696
MOT20-03,260,97,43,110,20711,c45a07d016d3e871781edd403497bff5e5c14bbe995ed932882994c60a1e4d90,other_target,dual_retention_add,candidate,77444,197777,110,0.643539547920227,0.8180464268625841,0.6257038509803262,0.6416239597522515,169,0.7599855602153309,1,1.0,678
MOT20-03,269,112,71,64,21432,0e2adaac672703d3a7341f521687e21ebc600e5800ccb671b26ee1d7a6a225ad,same_target,migrate_replace,candidate,77886,204876,64,0.7835137844085693,0.662957121375382,0.6089279541693466,0.5635445408907497,110,0.9131139761987682,2,0.9785522788203753,641
MOT20-03,270,112,71,64,21515,1f40cf883990d533b95fdd27d9a0d8b534b59507ea7ad0ee0eb250831001f970,same_target,migrate_replace,candidate,77936,205680,64,0.7568727135658264,0.7048310503286971,0.6609352647019503,0.5151398910048061,110,0.9396961039890334,2,0.9785522788203753,641
MOT20-03,361,193,49,85,29636,6690b8144592c76fbffce890a0f65224fb7d6a3590aa6ee98ca782a11ac14d53,other_target,dual_retention_add,candidate,82492,283010,85,0.8388130068778992,0.5449252227449084,0.5302419703880106,0.9137087534509037,102,0.9622523088224872,17,1.0,361
MOT20-03,362,193,49,85,29731,2fc8e0fced4a82d5cea33ab8242dafce843e7df761e7dac91e9cf432739c33a8,other_target,dual_retention_add,candidate,82544,283895,85,0.8404547572135925,0.5206793913264008,0.5365328425724263,0.9006560624664428,102,0.9527221280363327,17,1.0,361
MOT20-03,363,193,49,85,29826,e3d4927277cd0ace1a934376d296b5afacce0fa2572efee6090844e3436bb066,other_target,dual_retention_add,candidate,82598,284857,85,0.8259487748146057,0.5377713415352787,0.5377713353945732,0.9468489993917694,102,0.9999999774241218,17,1.0,361
MOT20-03,364,193,49,85,29922,b4175c8614ec1bab8b9ad0b7dad987546912dfee76a5c485938a9b4ee91a215a,other_target,dual_retention_add,candidate,82643,285709,85,0.28407129645347595,0.7218664326716517,0.5547421809138757,0.9152512080673735,102,0.5479204409463693,17,1.0,361
MOT20-03,365,193,49,85,30018,96f6397fc413a54446a21341fe355efa9a8e74ab5c85ac04794a7fd8e9e17828,other_target,dual_retention_add,candidate,82697,286642,85,0.8411040306091309,0.5877065091845922,0.5813081652451473,0.8950733613217629,102,0.9829000530047604,17,1.0,361
MOT20-03,366,193,49,85,30113,844687ea8e2d9eb4bf6bc594f37f6260efdaa107c73580cded2c168801dd7095,other_target,dual_retention_add,candidate,82748,287546,85,0.8456308245658875,0.6165004524967275,0.6093134070636981,0.8441160684075751,102,0.9678837922035312,17,1.0,361
MOT20-03,367,193,49,85,30208,1b76eefe16c886480890124a84eb842e1309ebf0866b1c6c1e53eaed691f50d8,other_target,dual_retention_add,candidate,82796,288477,85,0.7907555103302002,0.6445947120852473,0.6355241272593426,0.8217993585289448,102,0.9717265266768951,17,1.0,361
MOT20-03,368,193,49,85,30303,95c5a0d5a014e4dc372f6a48422b7ebbbe8fb03f49e0b2c7ba03aeda7537072b,other_target,dual_retention_add,candidate,82844,289307,85,0.8386304974555969,0.6498987827174595,0.6498987794406855,0.7970960403324914,102,0.9999999869564667,17,1.0,361
MOT20-03,369,193,49,85,30398,b372587c37ef5e0f7d8722c8a2f50df9c3d5738e5094c8f8ab459be372428a78,other_target,dual_retention_add,candidate,82900,290203,85,0.8250896334648132,0.6521519252794139,0.6521519322133721,0.8187456468626069,102,0.9999999828381637,17,1.0,361
MOT20-03,370,193,49,85,30493,ad8cab906f7a1b7e6ec2b9669c01fc3c8652c444e0553894c36e94f26471c53f,other_target,dual_retention_add,candidate,82949,291119,85,0.8275855183601379,0.623613479193661,0.6236134739022681,0.8493334009992785,102,0.9999999688223717,17,1.0,361
MOT20-03,371,193,49,85,30588,5e1401c9f6800cf56376e1ab21f813c88ac15c0f8d635e55059c732e4a4f31e6,other_target,dual_retention_add,candidate,82998,292015,85,0.6960646510124207,0.6234313336946739,0.6234313350278046,0.8523046243431291,102,0.9999999653275643,17,1.0,361
MOT20-03,372,193,49,85,30684,2bab5f2c366dea1ef2ae2d9eb110158687aa62e5f0ae28eeb1247615eba1e387,other_target,dual_retention_add,candidate,83045,292946,85,0.6870035529136658,0.6537380697403299,0.6372932521645369,0.8062290182615462,102,0.9556911649675427,17,1.0,361
MOT20-03,374,193,49,85,30874,c1144905637bf52dae5de9dccdcbc458a2c7aea712e6664ed1547aad91dbccb4,other_target,dual_retention_add,candidate,83147,294770,85,0.7954819798469543,0.5767787843605339,0.5767787772262921,0.8722551524952438,102,0.9999999865095994,17,1.0,361
MOT20-03,375,193,49,85,30968,66b6608d4853b5b7860ede6c0e4e7cf037832dbb52e9a40e1438fc5212fbcd45,other_target,dual_retention_add,candidate,83202,295664,85,0.792003333568573,0.5395836589637221,0.5410032847519683,0.8413223969699253,102,0.9720823936789443,17,1.0,361
MOT20-03,376,193,49,85,31063,e7daab87002cdb5004b2c8f9c02e715bb0e9b1ff8d674896ebef207b4e619208,other_target,dual_retention_add,candidate,83251,296559,85,0.6752850413322449,0.5434975475804094,0.5491035021963365,0.8515125570919925,102,0.9620096823522596,17,1.0,361
MOT20-03,377,193,49,85,31158,18fa03afc27ed6f390b59e884bd138e169664e3635c3af48263bce05fa1dce25,other_target,dual_retention_add,candidate,83298,297437,85,0.7980212569236755,0.604198113350936,0.5852315597951497,0.8035170577045023,102,0.9471882224008018,17,1.0,361
MOT20-03,379,193,49,85,31347,c7512dbc34c137f491abaab371c8f261feb8dad172bfc630ad0e2416fce57090,other_target,dual_retention_add,candidate,83393,299200,85,0.4872005581855774,0.6278113198839352,0.562079580886659,0.8034735778353845,102,0.8918410886330437,21,1.0,2
MOT20-03,380,193,49,85,31441,84ad176511dd03cd63241e0bb3e4352f51c074a2b8b97edafb429e41ef6542c5,other_target,dual_retention_add,candidate,83445,300109,85,0.8275403380393982,0.6090421449404093,0.6090421510111272,0.8532880337939229,102,0.999999980452216,21,1.0,2
MOT20-03,383,193,49,85,31727,80b4c6c2b0da4e1ec696c6cce7f6926a7a5eaf225ed60c6fa082cf65b7a6ee8a,other_target,dual_retention_add,candidate,83596,302794,85,0.8175538778305054,0.6001898335526825,0.6044591317341454,0.8365701050862892,102,0.9835754745023841,21,1.0,2
MOT20-03,384,193,49,85,31823,c7f9b2996f6055cd76bcd0c29297d61d5ae6a4c13dcda2ec5e8850265e4943ac,other_target,dual_retention_add,candidate,83670,304093,85,0.7356575131416321,0.5580034021903264,0.5580033899314492,0.8332214539898383,102,0.9999999715878973,21,1.0,2
MOT20-03,385,193,49,85,31918,e004987f0d5e60e78df27c6082f94bac7c70faa49a2f24c86202939ea47a6af5,other_target,dual_retention_add,candidate,83696,304649,85,0.8326798677444458,0.5956948017631283,0.5762533216736239,0.8642077314959115,102,0.9462670436587147,21,1.0,2
MOT20-03,386,193,49,85,32013,e4202118bce3800b461049860b6302148c49fcc0a108cfcdac56d534f61e1c88,other_target,dual_retention_add,candidate,83749,305591,85,0.7605091333389282,0.5564122021838491,0.5669667799695631,0.8080279985493274,102,0.9777397247335881,21,1.0,2
MOT20-03,387,193,49,85,32108,41f7a244a8e757900c79a4b5de973615c64ddcc8b86e8ab4a99dab71d074c35f,other_target,dual_retention_add,candidate,83795,306456,85,0.3818879723548889,0.6617417673354835,0.5704935745325713,0.8090804222461969,102,0.8333171399323357,21,1.0,2
MOT20-03,388,193,49,85,32203,0b0f564d2b99728b5c0856ae2a11d2dd96a4e93663e0a5d02b729fa3f141f7a8,other_target,dual_retention_add,candidate,83850,307416,85,0.8018814325332642,0.5089451586053036,0.5336512765695025,0.8612944422340979,102,0.9460297034484269,21,1.0,2
MOT20-03,389,193,49,85,32299,8560bd4aecf947fbf57406f763baf04f83fdfc51d232a87c5b86707b72f6c072,other_target,dual_retention_add,candidate,83925,308674,85,0.505932629108429,0.6368723437886623,0.5613399877007249,0.8472194678848605,102,0.8710110331723893,21,1.0,2
MOT20-03,390,193,49,85,32396,bc81b08055e9aa7d247a62e92f81a6a52f1ac64a1f94cc26fe7a3fd03884ede5,other_target,dual_retention_add,candidate,83977,309586,85,0.7758678793907166,0.603499069705795,0.5613043455581183,0.8397993966043849,102,0.9130965712527377,21,1.0,2
MOT20-03,391,193,49,85,32493,cccf464b18ae443912a695aedc7306a2678ad7c728bdef4ce8101b9b987e8d8f,other_target,dual_retention_add,candidate,83998,310173,85,0.792560338973999,0.5385303062103758,0.538530294573919,0.8812243644879731,102,0.9999999765199794,21,1.0,2
MOT20-03,392,193,49,85,32590,06a443bee91275d9ab06b02e7460d4b4efd156dec477bbaed131110f9f574dd7,other_target,dual_retention_add,candidate,84048,311074,85,0.712375819683075,0.5356203581718395,0.5356203517793823,0.8770735372943683,102,0.9999999787519035,21,1.0,2
MOT20-03,393,193,49,85,32688,cbe50d30ea34ece315377308b1dc025f03a24ad3f16e863fd4a172ad079e7339,other_target,dual_retention_add,candidate,84120,312292,85,0.7855527400970459,0.5970971009309769,0.5589413205881669,0.8100430311926681,102,0.9262154173909274,21,1.0,2
MOT20-03,394,193,49,85,32786,1e4f1b4bd1049806622e90427573de1e5437ee5e15ee9a37e7f5eedd253a3bc1,other_target,dual_retention_add,candidate,84149,312871,85,0.8519124388694763,0.5549019943526808,0.5549019932427038,0.8324519527939477,102,0.9999999798162341,21,1.0,2
MOT20-03,395,193,49,85,32884,914eaf428b77edd5e8f30d237b256f75125701e42a13078150ecf0bc9c1d7e48,other_target,dual_retention_add,candidate,84198,313783,85,0.8312920928001404,0.5771672355368053,0.5628969778310033,0.8101108419379611,102,0.9521143218259838,21,1.0,2
MOT20-03,396,193,49,85,32982,1e28c924bd9209e08f314e46417842ca41645c8ba816581909697d0166e933a1,other_target,dual_retention_add,candidate,84246,314653,85,0.8294103741645813,0.531937620508187,0.5319376241788288,0.8026402454550814,102,0.9999999799860223,21,1.0,2
MOT20-03,397,193,49,85,33080,cd0e7cbfd9293626b014f6668b0dac858ac05430012159176d530c21d6e8ed72,other_target,dual_retention_add,candidate,84321,315947,85,0.5864166021347046,0.6238255712174485,0.537939909146962,0.8493007701435721,102,0.8473753531574943,21,1.0,2
MOT20-03,398,193,49,85,33179,6ad81f1bc6989d7db622df30497599b272c704d589fc3926c3d7dc0dea1b55c8,other_target,dual_retention_add,candidate,84370,316867,85,0.762355625629425,0.5963051447903283,0.5140175975720491,0.8389213877509807,102,0.8525987552877826,21,1.0,2
MOT20-03,399,193,49,85,33278,22ff1b6285a23ee07a94cad2b12a2f149564031c34e83a10a9af43859ff84d23,other_target,dual_retention_add,candidate,84422,317780,85,0.7539791464805603,0.5294341175348679,0.529434124097054,0.782369141687105,102,0.9999999756510732,21,1.0,2
MOT20-03,401,193,49,85,33477,fbdc4e29985bdd288fb665091c368dbb0c037294131ca312cb348a69c6cb9f2c,other_target,dual_retention_add,candidate,84526,319625,85,0.8134777545928955,0.6172426637411389,0.5490505493508558,0.7680346756464563,102,0.877863452083636,1,1.0,2
MOT20-03,403,193,49,85,33676,9160b11392f64baf2a9d748059871efc27957aa1bb16a3bb02ba21fed698893c,other_target,dual_retention_add,candidate,84603,321107,85,0.5160583257675171,0.5402085248155439,0.5402085156421812,0.7612569623895618,102,0.9999999829525539,1,1.0,41
MOT20-03,444,193,49,85,37833,dc30816b83c2df03ad8b7814b0b85f811ed7e0fbd969e904034b745a7021093a,other_target,dual_retention_add,candidate,86682,359609,85,0.200027734041214,0.6432728147418945,0.6432728107778158,0.9095724715594722,102,0.9999999746454707,21,1.0,93
MOT20-03,445,193,49,85,37933,8b6d75ff6a1bed150c7378334bf551502f8775d503de1ee2b934b72b2fa446ae,other_target,dual_retention_add,candidate,86732,360502,85,0.7754067778587341,0.6520182948662098,0.6507118774041948,0.8838294678151173,102,0.9415193190197847,21,1.0,93
MOT20-03,447,193,49,85,38135,ab0823f085ac165bd66837a473525d9bd79ccf5e72b82c0e304c903f1a84694c,other_target,dual_retention_add,candidate,86836,362316,85,0.8664841651916504,0.6415195839163169,0.6499202203381333,0.9193731070459968,102,0.9793687311210428,21,1.0,93
MOT20-03,448,193,49,85,38236,6ae684263fe90fd058073f0aa6a6877c480ed65711090653eb16df3fa810e247,other_target,dual_retention_add,candidate,86887,363243,85,0.8762062191963196,0.6335088622473894,0.6424313685925647,0.8571752881461531,102,0.9731594026025899,21,1.0,93
MOT20-03,449,193,49,85,38336,e43ad6bd9d57f10b2dd0e4fb007b16913d20060953809cf63ddb15c0f0c334fb,other_target,dual_retention_add,candidate,86937,364162,85,0.8741461038589478,0.6211681817295277,0.6211681901130496,0.8650110218264316,102,0.999999986783009,21,1.0,93
MOT20-03,450,193,49,85,38436,404eeaf8ececfc6f7459f897f73d84fe3db3df838a4092417790d4615bbc8922,other_target,dual_retention_add,candidate,87013,365472,85,0.8270787000656128,0.629312629330097,0.6293126250816478,0.8810674091696824,102,0.9999999763397749,21,1.0,93
MOT20-03,451,193,49,85,38536,41d9603ca6067e099f3f1ebd696792f0e63fcfffb9d822246b7f3cf0e4012930,other_target,dual_retention_add,candidate,87063,366403,85,0.6229487657546997,0.627690665016909,0.627690650670966,0.8860213641652382,102,0.999999961323413,21,1.0,93
MOT20-03,452,193,49,85,38636,34d570e6cc6fb6946ef11d20ac329d090fd84fb44db5d81683c8800b4bdcce6e,other_target,dual_retention_add,candidate,87084,366995,85,0.8618550300598145,0.6327123387570593,0.6270633915408731,0.8190322514405064,102,0.9636690621105711,21,1.0,93
MOT20-03,453,193,49,85,38736,eb0ea0261b1dfbf3ac9fda17dddd87371cd9d28a860c09d78d75fd2b4751812c,other_target,dual_retention_add,candidate,87136,367917,85,0.8641895651817322,0.6323552358383779,0.6220708568882283,0.7951389448606545,102,0.9654181550345258,21,1.0,93
MOT20-03,454,193,49,85,38836,caa59fda7eaa173f718d2775aa8a26707150f9299d99c4c96a122c59f785a749,other_target,dual_retention_add,candidate,87187,368840,85,0.8589496612548828,0.6258821627724386,0.6260152078951625,0.7471388575077366,102,0.9569012710022118,21,1.0,93
MOT20-03,455,193,49,85,38937,1fbf44bc0e4aed2ef42e1929350b25ba00af1d7cf5088d4b986bede7d8ebca72,other_target,dual_retention_add,candidate,87237,369754,85,0.857323169708252,0.6260883871272905,0.6241150475272245,0.7350885576985173,102,0.9616862704754053,21,1.0,93
MOT20-03,456,193,49,85,39037,17f9f5b961034b694eef5496ee09da487b2fd1d013ac538ad48c6a80bb14bdae,other_target,dual_retention_add,candidate,87289,370680,85,0.7965315580368042,0.6350789843079603,0.6350789919255734,0.7508826038859563,102,0.9999999559099991,21,1.0,93
MOT20-03,457,193,49,85,39134,04de676d9755c90f0343ca8df614e55760d865c6a976bea1d27427a5c08d33a9,other_target,dual_retention_add,candidate,87339,371565,85,0.8690701127052307,0.6250986541787178,0.6203381087373543,0.7199917828825518,102,0.9726518044387634,21,1.0,93
MOT20-03,458,193,49,85,39231,6d5cc821641195dabe7750162070e45e0fd6c02718429b8561f02de25debe7e4,other_target,dual_retention_add,candidate,87392,372459,85,0.8388170599937439,0.6360518287789213,0.6226170234382334,0.7216651902874538,102,0.9428938977815505,21,1.0,93
MOT20-03,459,193,49,85,39328,d2c90393c207ef89357abf7b71ed355c1f805049c0f50d61bb81c2a50ae03f08,other_target,dual_retention_add,candidate,87442,373354,85,0.8660684823989868,0.6250886020491027,0.6250885975128969,0.7417746248952163,102,0.9999999890819626,21,1.0,93
MOT20-03,460,193,49,85,39425,12eeff204ae4628dd09b39496c4d74fb3fc64253948de27db5c98db2ef5faf3a,other_target,dual_retention_add,candidate,87492,374235,85,0.8386778235435486,0.5855729374602332,0.5878283695912115,0.7099464102928666,102,0.9580750583055863,21,1.0,93
MOT20-03,461,193,49,85,39522,c9bd9c167d56d7c06d670bedcbd5300664b0433d333fa7856db5bbcb59b642c9,other_target,dual_retention_add,candidate,87542,375121,85,0.8720894455909729,0.5408868900777745,0.5408868951817809,0.7750337423429278,102,0.9999999888568311,21,1.0,93
MOT20-03,462,193,49,85,39619,1490ecca51fcfc4c02d9dd09e5d7e63d314eac8b3dc87b54386ce7003517b64e,other_target,dual_retention_add,candidate,87592,375996,85,0.8650903701782227,0.5273810860182548,0.5298864960589856,0.7460082892699248,102,0.9573479602873513,21,1.0,93
MOT20-03,463,193,49,85,39717,d975c7bafe9db81de36a963aefbe4b534b50d1b09f4a69d989b3f7545374bc92,other_target,dual_retention_add,candidate,87635,376799,85,0.16874860227108002,0.7208104135510801,0.4969652973880709,0.7676359812467939,102,0.5066928304832065,21,1.0,93
MOT20-03,464,193,49,85,39815,25a679c424f38fcbefa0365d57a37fec02763ee3c82bfa49407461771cca20fc,other_target,dual_retention_add,candidate,87691,377712,85,0.23029311001300812,0.7940046602643708,0.46662349350314997,0.7873441414974117,102,0.5036616606082813,21,1.0,93
MOT20-03,518,193,49,86,45190,f470e2a7beb174b24bd730027de251f0ae682bb91206dd237b321942cfca12d4,other_target,dual_retention_add,candidate,90429,427609,86,0.6532789468765259,0.760955957059536,0.7400958377121465,0.9277304276469427,101,0.7169299711924058,12,0.9956521739130435,283
MOT20-03,519,193,49,86,45291,bd1dcc0de68ac3a8647d21eeb5c75fa14283f332848fd05dda0d4e2a22998ca1,other_target,dual_retention_add,candidate,90484,428581,86,0.8131657838821411,0.7928513733647176,0.7547708042835787,0.9070871416551665,101,0.724332721275492,12,0.9956521739130435,283
MOT20-03,520,193,49,86,45392,0acbbbbf2868b80d23218d20eb24f4fe2707382c00ae8c87cb1c49c6d925e82f,other_target,dual_retention_add,candidate,90536,429519,86,0.8135600686073303,0.7413420487884612,0.7386244178390059,0.9021380094217472,101,0.7377642993475212,12,0.9956521739130435,283
MOT20-03,521,193,49,86,45492,5f7ef7cedc658d9704169ea58d778bde4e677036c3a463f4c24c63f8c01b3f57,other_target,dual_retention_add,candidate,90587,430454,86,0.8585807681083679,0.712997639278003,0.7364716081170479,0.8849867358408117,101,0.9429397842010464,12,0.9956521739130435,283
MOT20-03,522,193,49,86,45593,783853e89c44811421ba17475f95f6ae796bfb523d4c4c56fad13ad3d8bf929b,other_target,dual_retention_add,candidate,90640,431451,86,0.8360279202461243,0.7732707309253626,0.7454032753688117,0.8597246450472543,101,0.9531498188367575,12,0.9956521739130435,283
MOT20-03,523,193,49,86,45694,603f05568b772dcc9a720161ce50f26e658ceefed4a292c418317259a7a5d7eb,other_target,dual_retention_add,candidate,90691,432388,86,0.6231065988540649,0.7437852118289264,0.7155830375430879,0.8708992858956033,101,0.9599072744216087,12,0.9956521739130435,283
MOT20-03,524,193,49,86,45795,8feb473d77c1d0f7e6467665d4db3f6dc046024e53b01d8d7dc74c8ebb56eaef,other_target,dual_retention_add,candidate,90741,433320,86,0.3128235936164856,0.7626055078629091,0.7316790865905717,0.8587715927061367,101,0.947589958862658,12,0.9956521739130435,283
MOT20-03,525,193,49,86,45897,11f03e5ac790e0e9095c49b5b2dbee4c4b7e2e6eeaa41d0dd357798e53457c2e,other_target,dual_retention_add,candidate,90791,434223,86,0.8389130234718323,0.7328634519009447,0.732863438620019,0.8697335842518621,101,0.999999976860603,12,0.9956521739130435,283
MOT20-03,526,193,49,86,45999,8caeb96e42f5d05328b6d0a0413f3e66bd76cba040dcbf5268fccc46a6bb2044,other_target,dual_retention_add,candidate,90841,435171,86,0.8591610789299011,0.7403014588890933,0.7386079696161272,0.887693235564866,101,0.9624641981825585,12,0.9956521739130435,283
MOT20-03,527,193,49,86,46101,78b7e3c98b422090dc44ca9ea56587bd1979e7428dd18c1da296fa07177e7a8d,other_target,dual_retention_add,candidate,90892,436128,86,0.4728778898715973,0.7150225078989282,0.715022510956727,0.9110740597410685,101,0.9999999753691444,12,0.9956521739130435,283
MOT20-03,528,193,49,86,46203,e272395ab6fa0554d28e4eb6361797ff17123dfc666404bc73bfa1616815861c,other_target,dual_retention_add,candidate,90942,436991,86,0.2661169171333313,0.8580823255360733,0.6813177441113984,0.9211277856785379,101,0.7525364497175141,12,0.9956521739130435,283
MOT20-03,529,193,49,86,46305,6e83d1e3884189f0594188b71f94c7260c6a818429b91a4dab6c226dfd861aad,other_target,dual_retention_add,candidate,90990,437929,86,0.2714554965496063,0.8797900620951321,0.6677762025108386,0.9027665353551706,101,0.7219338326170678,12,0.9956521739130435,283
MOT20-03,539,101,86,49,47409,c3dee66ee4ff383b45565d4f63ca382b1b236c3f33310cfb4989e431c493601a,other_target,dual_retention_add,candidate,91504,447613,49,0.811391294002533,0.8896372781553069,0.7171004869608493,0.8010180395249233,193,0.7121555431810012,1,1.0,504
MOT20-03,541,101,86,49,47618,4106acf4163641d0f8310972a555c6058fba9d9d90b6939dd48531bd578adee7,same_target,migrate_replace,candidate,91607,449537,49,0.8513887524604797,0.7935895479678763,0.7549774500528171,0.724807628289656,193,0.9355858821234565,1,1.0,210
MOT20-03,645,186,5,3,59296,3d55b409d681ab26990871d96f8c94795a22b340bd8039d547f4e655a2bef5e0,other_target,dual_retention_add,candidate,96914,558661,3,0.8494613170623779,0.5966254284653618,0.5630784000714456,0.940810201537713,86,0.9466209846115958,3,1.0,137
MOT20-03,646,186,5,3,59412,aa3491b6c6a830d99c594ad1450c834592988f40c8e3b3e5c3d548ed0dd59da9,other_target,dual_retention_add,candidate,96963,559717,3,0.7626937627792358,0.6393290813977646,0.5611738567451792,0.957078189989769,86,0.8776999895627061,3,1.0,137
MOT20-03,647,186,5,3,59528,cf66e4def85a9d57c72f679f85d8df3a1810909fd5357137a78faf407883d9cc,other_target,dual_retention_add,candidate,97019,560801,3,0.7397320866584778,0.6912044328991593,0.5812695379032777,0.9032025192068761,86,0.8278034280336064,3,1.0,137
MOT20-03,725,82,67,105,68311,6edda7919f6c26f85ee9ddf5a0824aace7af81da79fd39ebf0897d2f11e604fb,other_target,dual_retention_add,candidate,100986,641190,105,0.849690854549408,0.5219823007772485,0.5279305746023533,0.8813590245142751,83,0.9847962776683302,14,1.0,791
MOT20-03,726,82,67,105,68420,c61ba304cac95cb63ab55227ac05c02948bcde066fbdcec4e3539d3f0187c88f,other_target,dual_retention_add,candidate,101031,642194,105,0.8359248042106628,0.5968558043534842,0.5683715742907942,0.8655885853524629,83,0.9358065337252314,14,1.0,791
MOT20-03,727,82,67,105,68529,67719a5477ad9a65a1567af813cf40c4be8c7bbfe2d52140faba7fc0db3990fe,other_target,dual_retention_add,candidate,101087,643178,105,0.8440139889717102,0.6251664010950694,0.6148853526331695,0.8501930353803206,83,0.9650655933935702,14,1.0,791
MOT20-03,728,82,67,105,68638,f43bab056c04ebb7be1f38b3ce05c4e2133e1c81380f590cad880eb1b56b2075,other_target,dual_retention_add,candidate,101138,644200,105,0.8448005318641663,0.6787587629519252,0.6679970965582913,0.8360575231465375,83,0.9537843022087215,14,1.0,791
MOT20-03,729,82,67,105,68747,d516ec951bd383f523ac4c2afdf989a0ecc6d7692ffbfd8facb45ba8a8adf40d,other_target,dual_retention_add,candidate,101185,645193,105,0.8524746894836426,0.7443782566368036,0.7443782648130556,0.82444944987392,83,0.9999999882748278,14,1.0,791
MOT20-03,731,82,67,105,68967,fa577bc2b581cedc7ba9715832683ec79556fca5d0dbfc00b2f485e2d2a9c8cd,other_target,dual_retention_add,candidate,101287,647202,105,0.8607141971588135,0.802805156305326,0.8028051337285218,0.8695497561820716,83,0.9999999688378738,14,1.0,791
MOT20-03,732,82,67,105,69077,f63a2b226f052d5fba2b3854f69fc7852b6393c234098f7b0f44af44cc701d58,other_target,dual_retention_add,candidate,101338,648233,105,0.8679319024085999,0.8239515317745935,0.8162798860473284,0.8679435946175479,83,0.9669618780960553,14,1.0,791
MOT20-03,733,82,67,105,69185,e2121276f4f27956601ccbd4646225f57dd858f720dd5849372686c4b0177a83,other_target,dual_retention_add,candidate,101393,649265,105,0.8465525507926941,0.8075022924431278,0.8075023154884698,0.9170584675828753,83,0.9999999704638711,14,1.0,791
MOT20-03,734,82,67,105,69293,6045bef155dcf634718f50f2a77f2ee4157dabb6e80452b31e75b43b8f352813,other_target,dual_retention_add,candidate,101439,650261,105,0.8048732876777649,0.768780504380707,0.7687804928252208,0.8995238004768886,83,0.999999982710516,14,1.0,791
MOT20-03,735,82,67,105,69400,b44d52d157c759e8f59cacccae80bdc4f5ebeb6413744553ad822a52cdf767ba,other_target,dual_retention_add,candidate,101493,651309,105,0.8272055983543396,0.7647249879482872,0.764724977855264,0.9123400394236287,83,0.9999999752859401,14,1.0,791
MOT20-03,736,82,67,105,69507,4268e2ed67c940484878f60afa5062f34f43dc192d02c8901dcc690e6df6c50f,other_target,dual_retention_add,candidate,101578,652971,105,0.7563273310661316,0.7030440984942948,0.6896050016794818,0.893925005872789,83,0.9675063418864529,14,1.0,791
MOT20-03,736,28,148,137,69527,8790eaf4c29dc9758ad41b5ea79eed7519ca74fea23303066b63598d5b3fae4d,other_target,dual_retention_add,candidate,101548,652402,137,0.7971566319465637,0.8626383599272811,0.6835534756092511,0.8982298636402133,30,0.7090788727432438,2,1.0,612
MOT20-03,737,82,67,105,69614,cfa4d5f2da622e72079e606c971394e2b89a4d5a3e5c3395e3475c2322efa3ea,other_target,dual_retention_add,candidate,101592,653328,105,0.826000988483429,0.6270290064741814,0.6212426605906574,0.8710550045085673,83,0.9484661679480269,14,1.0,791
MOT20-03,737,28,148,137,69634,b5b257941b44d3d0e064b75372c6ffa803430d482d44064c62b99927da1fd15d,other_target,dual_retention_add,candidate,101601,653435,137,0.7327392101287842,0.8630945881971138,0.6838052438460145,0.9275699062977107,30,0.7634761919443297,2,1.0,612
MOT20-03,738,82,67,105,69722,8455a7dbd9c80e58381c83c7d1f8081e9dee7dd4976581fe73de0ddfea3c319c,other_target,dual_retention_add,candidate,101648,654393,105,0.8213967084884644,0.5754578407089213,0.5754578436112209,0.8784655807414016,83,0.9999999916763841,14,1.0,791
MOT20-03,784,5,249,253,74677,d97b103ada5d6f56ef91fafe023c511e296a85cd71a6d1de16aacde7d33080d6,same_target,migrate_replace,source,104028,700779,253,0.3136913478374481,0.559966109596034,0.5599661169527955,0.5299171034808441,305,0.9999999824744581,22,0.9951456310679612,223
MOT20-03,785,5,249,253,74778,72665a02bde931d6f3f57ad1a962e4810a384eb9172788fd34769296ed095be7,same_target,migrate_replace,source,104080,701678,253,0.4452521502971649,0.6487406506668022,0.6487406532457999,0.5532369235512453,305,0.9999999900177252,22,0.9951456310679612,223
MOT20-03,786,5,249,253,74878,081a3830a38e1e22777802ffe8df40409b6096b3703d5389e73c2c98a4800682,same_target,migrate_replace,source,104131,702598,253,0.2630796730518341,0.6675052388864928,0.6675052414278694,0.5637518507906318,305,0.9999999821461204,22,0.9951456310679612,223
MOT20-03,787,5,249,253,74978,ca61b332cf88e363504fb9bbe1e3e68ad1e23ca493584216d4b04d470e17c8f5,same_target,migrate_replace,candidate,104181,703524,253,0.2588699758052826,0.601407384938282,0.601407377084831,0.5856168410309923,305,0.9999999840230662,22,0.9951456310679612,223
MOT20-03,788,5,249,253,75077,d13bd1da1a6f9ddb4c271b3cc4e3eace09bb1c225f8e37669624e7764dda1fbb,other_target,dual_retention_add,candidate,104229,704434,253,0.3203837275505066,0.5082146227284797,0.5082146146781042,0.5961508547899846,305,0.9999999815645185,22,0.9951456310679612,223
MOT20-03,842,284,213,195,80081,0edf7660d8847b738e1a77a8634512c9d25cfbfdcf366b137e224026fff8973a,other_target,dual_retention_add,candidate,106942,751355,195,0.8492032885551453,0.8659460556197585,0.6661830089747057,0.9131111019999264,281,0.738027423586848,1,1.0,258
MOT20-03,843,281,195,213,80205,4fcc9f09e00dfff14dd78f3278f1fabe3a4ce575a1de2fae6788494be703a903,other_target,dual_retention_add,candidate,107005,752351,213,0.8663115501403809,0.8952814292173816,0.7445976197787961,0.8420316755636322,284,0.7285778971347191,1,1.0,923
MOT20-03,844,284,213,195,80294,8ec5114a63c711fbe7f0bb2dcdacaabf833443f1f9a2c8897c98e780c0e04c92,other_target,dual_retention_add,candidate,107045,753000,195,0.8461530208587646,0.8462918824215687,0.6406439338424132,0.9394116760828632,281,0.7529176418916546,1,1.0,501
MOT20-03,851,309,128,249,80915,687120e1547d2fa2c0d30e5c37cbdb681ab27364cdfa0ccaa0eddbe995e30081,other_target,dual_retention_add,candidate,107406,758897,249,0.8363608121871948,0.6904377098182966,0.6904377200477745,0.8596816226170517,5,0.9999999763341061,2,1.0,962
MOT20-03,852,309,128,249,81003,803bd5cfadcd11a65acdcae75fc34db2384d55dfba84eb909abda461efdf4766,other_target,dual_retention_add,candidate,107440,759499,249,0.7965599894523621,0.7560874282917875,0.7560874300500663,0.8792800865337758,5,0.9999999774694822,2,1.0,962
MOT20-03,876,421,268,272,83082,a40e1a6fe614276995fa749d192adbd2a05c1b8276cae68476f7490e57558170,other_target,dual_retention_add,candidate,108659,778968,272,0.8761346936225891,0.5244265498347105,0.5227517487263784,0.8661888191680921,290,0.957450377822461,2,1.0,714
MOT20-03,926,49,286,267,87487,0c700bcdf4c56584ff37ce0d67cde607c849f9b535e43b220d3cc5c5567ac450,other_target,dual_retention_add,candidate,111127,819011,267,0.6665725111961365,0.708631089686358,0.6020403790802277,0.8550570570388116,305,0.8390243983547939,8,1.0,2
MOT20-03,927,49,286,267,87575,88f2cd92aa28861b4843603d5bb3f751735648c5ed0aced082a47bfae75c1d0d,other_target,dual_retention_add,candidate,111179,819840,267,0.36467456817626953,0.7708692105112882,0.5988071868778864,0.8525348130590584,305,0.694967167448603,8,1.0,2
MOT20-03,928,49,286,124,87603,4925a0903cdf01ee7f33470ec4a9659f59211a2e99d97d10eeee97299f52b184,same_target,migrate_replace,candidate,111230,820673,124,0.4092996120452881,0.6951927275528865,0.6951927227402288,0.5648974555046814,277,0.9999999838343607,8,1.0,2
MOT20-03,929,49,286,267,87753,11fa671060f8499d390765ac180083f1b917f8e40ae1d37b2a64f5266b6bf70e,other_target,dual_retention_add,candidate,111284,821521,267,0.6909590363502502,0.8441089345206866,0.6817664770052382,0.8838849184083913,305,0.7049194567642024,8,1.0,2
MOT20-03,930,49,286,267,87843,338de60ed5db9b403f0865a94a5832031c24efda7b57bff286fa997e0e30a346,other_target,dual_retention_add,candidate,111333,822375,267,0.6240285038948059,0.7303312093968074,0.6629816930870904,0.9134042969623077,305,0.7641720003636325,8,1.0,2
MOT20-03,931,49,286,267,87933,037310a2aac61c176e50a3cad96c78e8d059da751a80349a5d299e32f1387e18,other_target,dual_retention_add,candidate,111378,823221,267,0.5711270570755005,0.6923031808227806,0.6627154186627804,0.8931119135532062,305,0.7823530755097694,8,1.0,2
MOT20-03,932,49,286,267,88024,d892f657cabadce3b5ff3b378ef3e1194676f81f6d6613f6cd04193704501102,other_target,dual_retention_add,candidate,111428,824048,267,0.5007933378219604,0.6531292966352112,0.6246906909190918,0.8742855184708933,305,0.8895761540663341,8,1.0,2
MOT20-03,933,49,286,267,88115,7408bb42f91b26645e20671a4a71563018d35b5d9885451a08eddf2164a30981,other_target,dual_retention_add,candidate,111479,824905,267,0.642301082611084,0.6772305229470656,0.5882068977359691,0.9022435503950814,305,0.8001913639540137,8,1.0,2
MOT20-03,941,305,267,124,88782,aed0ac609de35e37efbe66a9292df4fd3ea824d4a01e46620b1b84969f37f23a,same_target,migrate_replace,source,111876,831516,124,0.3312406539916992,0.5276540073829703,0.6096105437167679,0.5667422610552892,277,0.8544805431586341,1,1.0,102
MOT20-03,1015,48,174,115,96090,d72e3676fe2bf06379797934c94a0ef7e9561037d1289c428bdb4355a267f214,other_target,dual_retention_add,candidate,115636,902321,115,0.5485147833824158,0.7058699071014704,0.5401554452601833,0.8763168235410871,328,0.7710911601621122,3,0.9219858156028369,146
MOT20-03,1016,48,174,115,96192,afbf257435a29920ce20523081c9702062b3600c49884a406ef7c6630486b011,other_target,dual_retention_add,candidate,115686,903333,115,0.7428416609764099,0.6298321804349473,0.5518437423562632,0.8384973338595144,328,0.8718137863464196,3,0.9219858156028369,146
MOT20-03,1017,48,174,115,96294,b8beb4641b9b492e035ca6220a712a6b7aa134b63b18600b0f76e32a2b4e83c8,other_target,dual_retention_add,candidate,115742,904335,115,0.4096904695034027,0.5841754329677378,0.5409817237835177,0.8482555060134491,328,0.8654586973300266,3,0.9219858156028369,146
MOT20-03,1039,313,114,186,98650,4d4c6519dd9a15b371c9dc150120a6153fd95d565f87f21d39ed8d585412907d,other_target,dual_retention_add,candidate,116848,926661,186,0.7773038744926453,0.7243946818741701,0.6332383901203346,0.9313810762101307,10,0.715490709015367,2,1.0,920
MOT20-03,1040,313,114,186,98758,4a0d0e53625f0cf8c00ff56dea9d511adef2cf00a9aad810881a3ec114f72fb2,other_target,dual_retention_add,candidate,116900,927710,186,0.7656640410423279,0.7332068011480835,0.6523519673684481,0.9139613778212335,10,0.7203649432980435,2,1.0,920
MOT20-03,1067,10,186,201,101782,4ef1eb838e1cd13156b26cdf29a8cfdad3b5e5f7472268649c26acfa65e1a0d5,other_target,dual_retention_add,candidate,118283,957171,201,0.8560962677001953,0.6746622752533752,0.6746622957679753,0.8937586076548778,11,0.9999999690200159,2,1.0,596
MOT20-03,1068,10,186,201,101892,5881a41530b28299f36576b7451bb67a4546dd61b62be825ae03d906e8fcbf43,other_target,dual_retention_add,candidate,118336,958218,201,0.8600214123725891,0.6754821796445013,0.6754821984980479,0.9400223677992176,11,0.9999999721572149,2,1.0,596
MOT20-03,1080,328,115,174,103296,eebe930bb720b0be273b23e53ea255cac4b257163777e6f74d356a194314c597,other_target,dual_retention_add,candidate,118950,970823,174,0.5188811421394348,0.5007115791150466,0.5007115870546229,0.9351804510387934,48,0.9999999847337713,3,0.9665127020785219,873
MOT20-03,1100,323,104,180,105421,08ebe5f0924887955628c722877ce027e41a907af58743a4cd05d60e58ce5f6e,other_target,dual_retention_add,candidate,119962,991018,180,0.7639358043670654,0.9579905411650427,0.8796861544349827,0.9407908369911268,9,0.8548710710871278,23,1.0,1009
MOT20-03,1101,323,104,180,105528,7a37b38a95f07f703d32fe84cdb46e5a9e574558beb53c5f80eaf14ef5c67caa,other_target,dual_retention_add,candidate,120012,992044,180,0.7946026921272278,0.9515113099766023,0.9290559305928688,0.9344403598963552,9,0.9502728868357593,23,1.0,1009
MOT20-03,1102,323,104,180,105635,a70bc068491e1ad6e90a73f9dfe41519e5742442ec5c748f98aaf9e86e3ad31d,other_target,dual_retention_add,candidate,120063,993073,180,0.7749892473220825,0.915828502176002,0.8817879661503617,0.9162391200636202,9,0.9619578727718097,23,1.0,1009
MOT20-03,1103,323,104,180,105742,9bddb58719be8d820e64294b74577bd24ff9e2602cc9a87c94ac141b724f0835,other_target,dual_retention_add,candidate,120115,994118,180,0.16934581100940704,0.8875618132528438,0.8758372133362244,0.8779060170423074,9,0.7974496849931783,23,1.0,1009
MOT20-03,1104,323,104,180,105850,c26ed3c22fc3e1ade1ab06e1e87e63536bbda1d7bc4ba6e4546b5b7f3d6ef294,same_target,migrate_replace,source,120167,995165,180,0.7956317663192749,0.8221342883379705,0.8331441743430015,0.8237950328850504,9,0.9713201738636333,23,1.0,1009
MOT20-03,1107,323,104,180,106178,85ae1745167e2449268ebbbb915065ed1fd7a06be1dccc52928dbb1481ab823b,other_target,dual_retention_add,candidate,120324,998338,180,0.817833662033081,0.8650005360104347,0.8201133282039614,0.8562851560009118,9,0.929260562485942,23,1.0,1009
MOT20-03,1108,323,104,180,106289,7b299968d75e0e7800da73df1d88f0f32c0d2bccc55a7dea8bde753bb3dde285,same_target,migrate_replace,candidate,120371,999366,180,0.8257681131362915,0.8707849761966485,0.8487816550654174,0.7961482842116214,9,0.9439404436480257,23,1.0,1009
MOT20-03,1109,323,104,180,106400,3550ac55ee012c8def497b88639ab1a79e311ce3000c8dd99a2d4c86cccd0b12,same_target,migrate_replace,candidate,120425,1000449,180,0.5529783368110657,0.845350719314903,0.8361916501797131,0.8084630611316507,9,0.9666777002114232,23,1.0,1009
MOT20-03,1110,323,104,180,106511,140e379ea591c5166c6ae01b65e754cf3d7cb19cec592fe4ca144518ab7e03b1,other_target,dual_retention_add,candidate,120476,1001477,180,0.7562595009803772,0.7879439029582459,0.7891854008659914,0.8236222352266398,9,0.9540162475601943,23,1.0,1009
MOT20-03,1111,323,104,180,106622,cb2194076010874970faa065cd91709de87d9733aa6cffef78061eebdb60675c,other_target,dual_retention_add,candidate,120527,1002521,180,0.7343823909759521,0.772762189791459,0.7757745907184403,0.8324374965760345,9,0.938401614649172,23,1.0,1009
MOT20-03,1112,323,104,180,106733,c5dd1184c48a5ec6ebf40938365aab1946247637f651a9ce88fb611862292d91,other_target,dual_retention_add,candidate,120578,1003554,180,0.7997275590896606,0.773739471952678,0.7819627602222761,0.8232915242990587,9,0.9502011449684047,23,1.0,1009
MOT20-03,1113,323,104,180,106845,6d0dcebe77da695f0f5a81762385c94d6afdb6397f868b2e63b0f8db99443ddc,other_target,dual_retention_add,candidate,120629,1004599,180,0.8002594709396362,0.7611007329542608,0.7731678829086944,0.8165667371546318,9,0.9658275007181628,23,1.0,1009
MOT20-03,1114,323,104,180,106956,45ed3c7de81b83c8e4b7c0a41e25bbce00871432f41147e0fc860e6462b22326,other_target,dual_retention_add,candidate,120677,1005599,180,0.809493362903595,0.7226279927187611,0.7226280071242512,0.8248958434423983,9,0.9999999730419029,23,1.0,1009
MOT20-03,1115,323,104,180,107067,3f79e2a30057156d9207d6c7b4885b1226d503bcdd69eba4aa7366fa346fbd41,other_target,dual_retention_add,candidate,120728,1006623,180,0.8154261112213135,0.7308157295557309,0.7295926724438884,0.8043279444792906,9,0.9769731459307759,23,1.0,1009
MOT20-03,1116,323,104,180,107177,3da7afcba163442ff9b4c594cdb8fde314919d086c1bb58875e0fc5a47e2128a,other_target,dual_retention_add,candidate,120783,1007649,180,0.806404709815979,0.6917755371387208,0.6917755287197316,0.79917783668747,9,0.9999999742927738,23,1.0,1009
MOT20-03,1117,323,104,180,107287,05b6dbedbbc9da5cca675f94f4a4b17516ce77c117e7fc2c64922ac7e24d8fa1,other_target,dual_retention_add,candidate,120834,1008679,180,0.8255724906921387,0.6818731493741453,0.6818731214279349,0.8104163287444038,9,0.9999999581442713,23,1.0,1009
MOT20-03,1118,323,104,180,107396,b326a90994bdf348e1053d2802ddc02f6682b7e61f40d001299e95f4fd1974ba,other_target,dual_retention_add,candidate,120886,1009711,180,0.8196343183517456,0.6624183886259974,0.6624183973798027,0.7899155559785488,9,0.9999999764837504,23,1.0,1009
MOT20-03,1119,323,104,180,107505,13bcb51cf0ba79214a05b9a19c76b382e64a272745037463b42c731fad90fdbc,other_target,dual_retention_add,candidate,120933,1010765,180,0.8268812894821167,0.6293929083592058,0.6293929216056307,0.830044954253681,9,0.9999999686970003,23,1.0,1009
MOT20-03,1120,323,104,180,107614,c6fbe0edbb36d08fb6f93d07383273c369dc01bf4ce19bedbbf2afca6dd517d8,other_target,dual_retention_add,candidate,120988,1011811,180,0.8217708468437195,0.5502611984729043,0.5502611932889847,0.8759203978428067,9,0.9999999875648704,23,1.0,1009
MOT20-03,1139,319,311,332,109849,6ef02b27dbd9fbfe032d1b8037882b7327e4f431c654a24357403d26c61048f2,other_target,dual_retention_add,candidate,121953,1032021,332,0.27727606892585754,0.7103602187600533,0.6610653965508475,0.8493782079532382,320,0.7208613776393107,10,1.0,158
MOT20-03,1141,319,311,332,110072,32e8b575c5d2335cdab0dee64f7a2656926fed0ef7d8f46d8bef185f73c2d90c,other_target,dual_retention_add,candidate,122069,1034371,332,0.8527670502662659,0.6806430805155049,0.6914710340072849,0.8308041272942487,320,0.9830104000609634,10,1.0,158
MOT20-03,1142,319,311,332,110182,e225766278120b0bcc7def546ae90ee1141853c0c125431b28c86da22a13b5cd,other_target,dual_retention_add,candidate,122106,1035264,332,0.27676308155059814,0.810253462353923,0.6803055771508121,0.8556704431746117,320,0.7353828550625678,10,1.0,158
MOT20-03,1143,319,311,332,110292,7d87d87d673d96f1eb7842e538b73ad2f7f2af1b3e3e262a160c09eda2c00491,other_target,dual_retention_add,candidate,122194,1037004,332,0.6064740419387817,0.815882222322483,0.6585728323400476,0.8506083460306613,320,0.7307035134425317,10,1.0,158
MOT20-03,1144,319,311,332,110401,1ee550a031bea2091e7ef646f60dfd92ff2feeab503a43234873c95ed0c05970,other_target,dual_retention_add,candidate,122245,1038095,332,0.1230359598994255,0.806056077721939,0.6546289573668277,0.8987819597707005,320,0.7906674291404416,10,1.0,158
MOT20-03,1145,319,311,332,110510,63821d84c293688192ad715660c518f1e8b13ff6f7bca0a854cfcbdee12e2738,other_target,dual_retention_add,candidate,122269,1038561,332,0.406367689371109,0.833310711885015,0.6756060101643498,0.9259689844568911,320,0.7630207862287679,10,1.0,158
MOT20-03,1146,319,311,332,110620,f84d0956459632dbf7f9e6f9ee91bbc8c2dfeb50f6cbce53be2d84232ec07566,other_target,dual_retention_add,candidate,122312,1039588,332,0.14099350571632385,0.8563412322544564,0.7234633324034498,0.8933900775268121,320,0.7429588928639129,10,1.0,158
MOT20-03,1147,319,311,332,110731,f44f2a22f2bfc0e6f204abc6fdcff69dba37a8074c60027a97b265f9da4d33fa,other_target,dual_retention_add,candidate,122362,1040668,332,0.2759470045566559,0.8502069717889035,0.7163711847751484,0.925390167132859,320,0.7394935421878301,10,1.0,158
MOT20-03,1165,277,381,366,112795,08e52ee582bb3057e180b178fd5a17aab472977f25142d311de92555d0056441,other_target,dual_retention_add,candidate,123315,1060876,366,0.5450504422187805,0.5225858227936886,0.22595676592057026,0.9423389663736631,318,0.5031639918967327,7,1.0,19
MOT20-03,1166,277,381,366,112909,31e288f6188f763fb39913a09f3ab54d170e00a0a21ffb66f6735bf093e79bbb,other_target,dual_retention_add,candidate,123342,1061419,366,0.2865099012851715,0.5020670899150833,0.32437707096410434,0.8135391927581984,318,0.6762593546498956,7,1.0,19
MOT20-03,1182,266,316,297,114705,05b87ea8a2f16e6054aba8b3b7820fda809275bec7e02c11a16f3c1f1e045e8b,other_target,dual_retention_add,candidate,124171,1079157,297,0.840070366859436,0.8331569394867578,0.6236245995579227,0.9356284869536352,265,0.6961821295326426,1,0.962457337883959,482
MOT20-03,1192,305,124,144,115819,dd3088cf0d7715f0f20ae6ddb42fdbc0a0106fa6a230333d4ea0aa955adc413b,other_target,dual_retention_add,candidate,124660,1089915,144,0.7228982448577881,0.6761359721630238,0.6761359609549795,0.6834686061632693,325,0.9999999698372363,5,1.0,3
MOT20-03,1193,305,124,144,115936,d2aa6c6ca3b196a32b49e132dc004bd1ffcb567bd526b7b27f60d4df39b111bf,same_target,migrate_replace,source,124742,1091728,144,0.5797287225723267,0.7025725884913607,0.7349666637831881,0.6707889407949553,325,0.9342651078297489,5,1.0,3
MOT20-03,1194,305,124,144,116053,f9c2787ae1dcbc2e864b668e0ceff6606ae42be0bf525a3ae909975e17aac0c7,same_target,migrate_replace,source,124793,1092856,144,0.33085229992866516,0.6690764657251085,0.6882808644947358,0.6826970844321618,325,0.9138797934501599,5,1.0,3
MOT20-03,1195,305,124,144,116171,08efc723e21df0d6946195c52b7d33f66689cd7de36da67cbcb3f2dbb7663988,other_target,dual_retention_add,candidate,124846,1093998,144,0.4939468502998352,0.6784519712436647,0.6784519658685858,0.7325759113272781,325,0.999999977733213,5,1.0,3
MOT20-03,1196,305,124,144,116290,89638a0830d13fa3f09c5d5cff64407663b2160c9fc90440940205b111e97e25,same_target,migrate_replace,source,124858,1094410,144,0.5867552757263184,0.6805019242293249,0.6805019297133509,0.6730586686176208,325,0.9999999572109791,5,1.0,3
MOT20-03,1199,274,360,388,116740,38070f0a255a1adc566bf7bc97d9f4b188b2f5de3ce5db13e81c01825c9a315d,other_target,dual_retention_add,candidate,125023,1097936,388,0.7513014674186707,0.712020603400615,0.7221960549514724,0.730587219504398,272,0.9695290330191086,3,1.0,114
MOT20-03,1200,274,360,388,116856,1f7a39b52cfd332edcf2cf4f917eebe94dcb9b7525571d00c64a3e89cd647c00,other_target,dual_retention_add,candidate,125073,1099125,388,0.7071751356124878,0.6861838035443706,0.7311324372274227,0.9284529513710967,272,0.9048175061676618,3,1.0,114
MOT20-03,1215,314,386,250,118724,c0384574b54d25a21a9cab7b02aded353fc3b7b9ce76841e46b59bdaa1e4283f,other_target,dual_retention_add,candidate,125826,1116481,250,0.6293175220489502,0.6388857737399699,0.638885740455501,0.880626763127145,310,0.9999999491236056,2,0.6764705882352942,35
MOT20-03,1216,314,386,250,118848,2734c0d8e1d0d25d6b95fa4bf877c33782effdc166669a28538e7f17f2af7c9f,other_target,dual_retention_add,candidate,125874,1117595,250,0.7523437738418579,0.6610918090609919,0.6332192487406995,0.8588974719635963,310,0.9220206405156749,2,0.6764705882352942,35
MOT20-03,1278,706,341,362,126092,2a72f36c3bcd198651015d570d21e0272a5674fe80a0ced5a36ce28b8601c9a2,other_target,dual_retention_add,candidate,129068,1188147,362,0.8574202060699463,0.6532772689529466,0.6532772752864549,0.9634764376152537,589,0.9999999800550858,8,1.0,926
MOT20-03,1279,706,341,362,126209,8a89f37309c2caff7544a4c4a2660bb6ad9c74d623956b404ab49fabc75fa3da,other_target,dual_retention_add,candidate,129118,1189238,362,0.8539178371429443,0.6680213169805034,0.6680213140820461,0.9517174479899478,589,0.9999999893616757,8,1.0,926
MOT20-03,1325,265,297,316,131680,cacbcae3e588ee1394a4ad9fbd790ffbf4ea166d715c6d686e5b27930f7bcd48,other_target,dual_retention_add,candidate,131445,1240395,316,0.8362346291542053,0.644095474311562,0.5964280518392209,0.8751604896392542,266,0.9300261674796438,12,0.6666666666666666,365
MOT20-03,1326,265,297,316,131795,e09ce8c0b57598595bc09b0f916a3c41b28106becc4d6a0729fb40b42eed5bd4,other_target,dual_retention_add,candidate,131500,1241527,316,0.8632397651672363,0.6237611249541584,0.6214473493269094,0.8755271667925971,266,0.9777223513233273,12,0.6666666666666666,365
MOT20-03,1327,265,297,316,131913,43401a0da32391e0c585c310e297d57173a5e5a59be72eb44f6bdc7d2f4f58e3,other_target,dual_retention_add,candidate,131552,1242626,316,0.8367906808853149,0.6597406976237379,0.6608825033028368,0.8709750872357463,266,0.9687092973030622,12,0.6666666666666666,365
MOT20-03,1328,265,297,316,132031,0343fa0ed936ac23249c260ba35583b383fbf5b553910c89e2dc780457763806,other_target,dual_retention_add,candidate,131599,1243742,316,0.8442474007606506,0.6710291713005576,0.675955196013522,0.8579257560484614,266,0.9485508997188172,12,0.6666666666666666,365
MOT20-03,1329,265,297,316,132149,2e8415132634537a8e8ff90fcd75061f1773829f046553b961f55d823450ce26,other_target,dual_retention_add,candidate,131670,1245140,316,0.7987180948257446,0.7089014381696348,0.6987483863957739,0.8630950626407874,266,0.9691140973427099,12,0.6666666666666666,365
MOT20-03,1330,265,297,316,132267,a7dd59b2e13772c826987c3b1c32699dba9e7d1abab0588e96b67943ad8b268f,other_target,dual_retention_add,candidate,131723,1246265,316,0.8474668264389038,0.7089271496929317,0.7074981572880076,0.8368712899035498,266,0.9719175219785638,12,0.6666666666666666,365
MOT20-03,1331,265,297,316,132386,017f4b2e8ac567c3cd73b2f7807a4184f2d4ddcca460f7ce40dac2f8cbde03e5,other_target,dual_retention_add,candidate,131774,1247414,316,0.8286041021347046,0.7333287765085629,0.7261719098802016,0.8637647949631303,266,0.9603106067171595,12,0.6666666666666666,365
MOT20-03,1332,265,297,316,132505,b6294fe8fee9bf4831add52716b3830ea1ea991803e6cdf5d73b9230da950ae5,other_target,dual_retention_add,candidate,131801,1248221,316,0.8540131449699402,0.6997471755190852,0.69974717905752,0.8839225311403313,266,0.9999999944899407,12,0.6666666666666666,365
MOT20-03,1333,265,297,316,132624,d0dad9cf0c0bd8fb73cc5b32916f9cdcae90811a830acfbeee24aacaef08fee1,other_target,dual_retention_add,candidate,131851,1249353,316,0.8523246645927429,0.739551856702831,0.7289806940699666,0.870405533270936,266,0.9652229397056443,12,0.6666666666666666,365
MOT20-03,1334,265,297,316,132744,ade16b9a738fa0d6b9295b2e0ac17583ed1260e53d87754f44952d4637a0b888,other_target,dual_retention_add,candidate,131901,1250469,316,0.7432365417480469,0.7315560746583086,0.7238441337751756,0.9140106838335303,266,0.9723188798048602,12,0.6666666666666666,365
MOT20-03,1335,265,297,316,132864,9a06f025fde3faef8c8ced82274d96f72bb0206b04670f01009627a7b5cf40c7,other_target,dual_retention_add,candidate,131955,1251595,316,0.853685200214386,0.7760706270250557,0.7583575960868548,0.9066439088000487,266,0.9516269486679939,12,0.6666666666666666,365
MOT20-03,1336,265,297,316,132985,9f4c9f08dd8bf182bd30b7fa7dc2e8457e5eddc4f5ce414b434835b6723e6d3e,other_target,dual_retention_add,candidate,132000,1252740,316,0.8537562489509583,0.7570518408034966,0.7788828978933787,0.9319970931312174,266,0.957643196328512,12,0.6666666666666666,365
MOT20-03,1389,263,290,296,139518,494c8ab6bcc886c728427068391d382d319491cae4f8f8e8c505c4323e69f589,other_target,dual_retention_add,candidate,134724,1316468,296,0.7730284333229065,0.875225070150177,0.7780508338536593,0.8600388988366879,264,0.7382604752421962,1,1.0,460
MOT20-03,1553,403,460,470,162484,c833a84706f5f5caf07f2fa4d53fe51c9aacab7f1accd5c52515071d3528b981,other_target,dual_retention_add,candidate,143095,1533351,470,0.8523688316345215,0.5561033142844312,0.5681543876701988,0.8262238935097492,390,0.9050114578552219,2,1.0,211
MOT20-03,1561,392,446,438,163671,ebd2503f729996984efff98592a03aae4200aac6d8df560bfe7ba6394739263a,other_target,dual_retention_add,candidate,143500,1544837,438,0.3577113151550293,0.7545840098659494,0.383583990287083,0.9089146354235966,385,0.5056874640668951,5,1.0,262
MOT20-03,1562,392,446,438,163820,8a97a6d0fbcbd5131174ddfc1ebe72d8b0cc21ef02e264815c5eaa2dc334b1ab,other_target,dual_retention_add,candidate,143548,1546266,438,0.5111579298973083,0.7308373046617942,0.394098989462051,0.9291706249009609,385,0.5322233699652922,5,1.0,262
MOT20-03,1581,585,456,460,166773,2732e7457b0f4dc4516c262a22d38dfc600edd86fc2dcbd85ba8802837403b9c,other_target,dual_retention_add,candidate,144520,1573639,460,0.8081212043762207,0.8074454383475601,0.6063384502793614,0.8333656614426564,403,0.7222724946549146,1,0.9926470588235294,651
MOT20-03,1611,356,409,418,171308,214f3dfe266bad16a834c30d034655b2abdbb029c2b8bacb24a750e0127c888d,same_target,migrate_replace,candidate,146050,1616201,418,0.8251880407333374,0.8189141099329458,0.7880799136716364,0.7688987725622514,684,0.8414607295748,1,0.993485342019544,717
MOT20-03,1622,592,507,542,172949,5fade68830eebc6d5e2ce55f843e23800cf299f26a3263231e4c83b3a8e32ce2,other_target,dual_retention_add,candidate,146578,1631124,542,0.690639317035675,0.6776071740362215,0.5578567769371725,0.731404058809863,381,0.8135487547536858,2,1.0,186
MOT20-03,1623,592,507,542,173100,bf9af8f696e981963b3b1a7884900644cb7742776be27313e6acd1564396c4f2,other_target,dual_retention_add,candidate,146629,1632567,542,0.7057740688323975,0.6594529222852733,0.5535665811730233,0.7097882647101744,381,0.8255769315344241,2,1.0,186
MOT20-03,1625,592,507,542,173405,5b9fd2a93c2e577be94f18833264deea3fc60d5bb531a000083430d1d34ca8a7,other_target,dual_retention_add,candidate,146732,1635463,542,0.8010454177856445,0.5983759109848521,0.5702075542395031,0.7113564854983899,381,0.9540514914117922,2,1.0,4
MOT20-03,1626,592,507,542,173558,3cc2f49d541f0952e0b7f064f37cf652e8ab1de6b7c2cbb0234e61d0c185ae1a,other_target,dual_retention_add,candidate,146782,1636905,542,0.5945082306861877,0.6307223969031235,0.5732673470594911,0.723211017656468,381,0.9046131713553651,2,1.0,4
MOT20-03,1630,592,507,542,174173,f4b772dbdcf72f4638d190cae0698fa7b83ea5fc8ba317d8143ea1109c1476a0,other_target,dual_retention_add,candidate,146983,1642703,542,0.6903078556060791,0.5027117600805776,0.5027117571903388,0.8134616609306753,381,0.9999999874122757,6,1.0,105
MOT20-03,1632,592,507,542,174475,8d719ee77991e9b4a9eaae2d0b2d00569e71cc4d5222b17fa993a68f1e1f1761,other_target,dual_retention_add,candidate,147084,1645695,542,0.5594671368598938,0.6601136727429163,0.5265283450742421,0.8273233674338494,381,0.7690591166604481,6,1.0,105
MOT20-03,1635,704,476,482,174888,7ae6799d0a7e7efd0c72997529d0f6b01f6d649bbe8f6bcff76712d18a54e4b1,other_target,dual_retention_add,candidate,147263,1650707,482,0.5222099423408508,0.5152436451970042,0.5152436555301515,0.7625246018419358,701,0.999999980971034,4,1.0,287
MOT20-03,1635,592,507,542,174932,7c8583080b1af7b7a3f342869b42ea669c7f329509ab5ccd35dd97f5c004581f,other_target,dual_retention_add,candidate,147241,1650054,542,0.22062182426452637,0.678054676519146,0.5808097269214546,0.815721979944044,381,0.5960763812514651,6,1.0,105
MOT20-03,1638,704,476,482,175352,949caaa52861cfb3a5b4faebabdff547d8f68d548c101c7e55dc8821fed0fdf8,other_target,dual_retention_add,candidate,147413,1655042,482,0.517185389995575,0.8061732928850178,0.446136100523425,0.9209962918660294,701,0.5479071024866197,4,1.0,287
MOT20-03,1660,704,476,482,178828,6d3d185a0ab92cee17057fb02a74e583bbba9ef0abd67b913e7e046cae70e24e,other_target,dual_retention_add,candidate,148552,1687606,482,0.792076587677002,0.8756330528452375,0.6636560837089073,0.8770691813276486,701,0.727800748450368,1,0.9982456140350877,591
MOT20-03,1664,385,438,467,179456,873720abc2085a0a56d45905a7a1e852283e670cf66948c41828f894eb6c721d,same_target,migrate_replace,source,148757,1693453,467,0.6540114283561707,0.9094208167475518,0.9317693315427792,0.8333818285274618,392,0.8870082821499767,2,1.0,521
MOT20-03,1665,385,438,467,179615,18ff1aedda758f20507311e0dc2bbef066357deffd6e8848f2c12dfcc6414a28,same_target,migrate_replace,candidate,148812,1694913,467,0.8018564581871033,0.9140466898558215,0.8949046895609645,0.7790107778161972,392,0.8929570864991987,2,1.0,521
MOT20-03,1672,701,482,476,180826,bf87cb77f244cecbb774db68b996f781dcd2689ac032005e858e2ac435ea0f98,other_target,dual_retention_add,candidate,149141,1704913,476,0.7705180048942566,0.5121716635516657,0.5121716550269428,0.9078104846471757,704,0.9999999855372442,1,1.0,517
MOT20-03,1689,357,403,306,183399,e6402e90ec43757a5cb6d71e6c6ea251d5b7681b2e24fe9578a12ca5b3bb74af,other_target,dual_retention_add,candidate,150006,1729674,306,0.8056844472885132,0.7669065291182277,0.7732328647590908,0.8939681014962725,355,0.7025070854888334,4,1.0,489
MOT20-03,1690,357,403,306,183556,d4fb3b2975ad876002025b6e2d7563280cd5dc1c2c8e234b76a9ac260899ecc5,other_target,dual_retention_add,candidate,150056,1731121,306,0.794121503829956,0.7759602166797378,0.7767181928276691,0.9066414018170884,355,0.7258055725054264,4,1.0,489
MOT20-03,1691,357,403,306,183713,476c2c8c2d7da3b8690c3f556d2634bd67ac21b1b68b3320edbc965b2849ae52,other_target,dual_retention_add,candidate,150102,1732572,306,0.780698299407959,0.8145314303685454,0.7695642656504417,0.9154692469258842,355,0.7444251220946855,4,1.0,489
MOT20-03,1692,357,403,306,183871,6fc38c44d0c8f2f97ec82814d4de18d7f610971bddaacc32da3e58e811ae5966,other_target,dual_retention_add,candidate,150154,1734026,306,0.8252834677696228,0.8682293424692806,0.770451521292134,0.9037389429137882,355,0.8326109251984779,4,1.0,489
MOT20-03,1694,357,403,306,184186,25817e42a3c26f6624985d909531e93d64b810cc421edee17eaecbf0338b128e,other_target,dual_retention_add,candidate,150258,1736990,306,0.7298862934112549,0.8186019237764293,0.7757773994285977,0.8770567307940277,355,0.73418033788715,2,1.0,2
MOT20-03,1695,357,403,306,184343,75bd5437175adfc25ee0b0c82158aec6881eb539e4b0127d42cc238fb1c2064d,other_target,dual_retention_add,candidate,150305,1738461,306,0.7519569993019104,0.8159446373111201,0.7657592977137637,0.8812130816958342,355,0.7481658260188759,2,1.0,2
MOT20-03,1697,357,403,306,184658,9d8da278a70fda05eb51e9c46e7138a53cc3d9bc7ab815c6ffeabc162ccbb2f1,other_target,dual_retention_add,candidate,150407,1741405,306,0.8059809803962708,0.799896370297202,0.7419612713205113,0.861721716841973,355,0.7157037986323297,1,1.0,2
MOT20-03,1698,355,306,403,184962,ed7dd10ae10f2e31df5f12f9a11465660deaa802f85d60a53ae2ed1652639bee,other_target,dual_retention_add,candidate,150462,1742867,403,0.7786181569099426,0.7713938433049878,0.7713938455571732,0.8645606500876462,357,0.9999999699874271,1,1.0,928
MOT20-03,1727,654,502,507,189469,24ebc82b624971652e736ffb3e4dd413b6d05d37804c1315524970045ecffd83,other_target,dual_retention_add,candidate,151933,1785599,507,0.6503061652183533,0.604507387112721,0.43120737779844187,0.9051923555108684,592,0.703938876017835,3,0.4375,371
MOT20-03,1728,654,502,507,189628,d2638fb8a51ba9a7c7abdd179d9ece0886864f3dc6a6d133115a5f5ee761cc67,other_target,dual_retention_add,candidate,151981,1787073,507,0.8081639409065247,0.6087862201591293,0.43562716661958056,0.8870406627807103,592,0.7058008221637456,3,0.4375,371
MOT20-03,1729,654,502,507,189787,9b5beacdde62d871093f55572aa44cdd55333b9a656687a98e9e3c1946586355,other_target,dual_retention_add,candidate,152033,1788578,507,0.8190359473228455,0.5543462486715804,0.4343045538900985,0.8633925737755411,592,0.7722807878840644,3,0.4375,371
MOT20-03,1739,666,444,488,191318,00deb81bdaab1c0ec691a27c1bcbf31641d6370535cb3fdf86d6f33430beb8ab,other_target,dual_retention_add,candidate,152581,1804408,488,0.8113507628440857,0.6348699433340633,0.6348699519699016,0.8838306949684818,379,0.9999999833696165,2,1.0,855
MOT20-03,1740,666,444,488,191478,849bb43ca0561cbcbc486b24b5a98f06de294595c736cc7b543df75e98734965,other_target,dual_retention_add,candidate,152633,1805884,488,0.8059821724891663,0.5991113867447639,0.5991113816159882,0.8665640110333384,379,0.9999999673144299,2,1.0,855
MOT20-03,1745,684,643,409,192341,004c350ea8a27ae79a2c82f8e9c85094981ed396484ece3aff0d01d9e7022e88,other_target,dual_retention_add,candidate,152855,1812571,409,0.80850750207901,0.5990688125835053,0.7738170268844803,0.8778299986819583,356,0.7703944778499032,3,0.9644670050761421,399
MOT20-03,1746,372,545,540,192485,3436f8a8845f403eb3c8c13256a898cd644584be12769f8f3f9654e51cba8103,other_target,dual_retention_add,candidate,152928,1814553,540,0.6550784707069397,0.5049780049995523,0.497043622427644,0.8346252686493155,375,0.9593953099322635,22,1.0,209
MOT20-03,1746,684,643,409,192500,baedf1172abec9a95addb48e931454c169b6201b1e0c09f340bdb84bae46f835,other_target,dual_retention_add,candidate,152939,1814706,409,0.3005816340446472,0.8784213298684799,0.7141084609192234,0.9210431472128582,356,0.7426682024572325,3,0.9644670050761421,399
MOT20-03,1747,372,545,540,192644,6afc6084e37256f44aea4afc825d2a16b1eda83c2a244b52a954cfe98b86264d,other_target,dual_retention_add,candidate,152982,1816014,540,0.8112451434135437,0.5089613632930492,0.5195211450693208,0.77192746349807,375,0.9673766339081774,22,1.0,209
MOT20-03,1747,684,643,409,192659,d760d8a4ddf4e9d3496c9186d38095a5ce6f56d52da63cdc32680201017d7ba1,other_target,dual_retention_add,candidate,152959,1815540,409,0.8411440253257751,0.7104877916833745,0.6972518005039174,0.9368654182398711,356,0.9743948756985453,3,0.9644670050761421,399
MOT20-03,1748,372,545,540,192802,2e233a91e7747ee3c9d663cfbb32f80ea72f1deba76e2f8ad9b5716ef5962c15,other_target,dual_retention_add,candidate,153033,1817477,540,0.47247856855392456,0.5431853442777758,0.5461078970994259,0.7591579956604704,375,0.9474166769804137,22,1.0,209
MOT20-03,1749,372,545,540,192961,b588ed22c71ac2932744bd255aff3a52f42b72844c7a986ae70b48c9b493cccc,other_target,dual_retention_add,candidate,153078,1818892,540,0.8382708430290222,0.5794977311652784,0.5794977436197054,0.762564628106773,375,0.9999999766769888,22,1.0,209
MOT20-03,1750,372,545,540,193119,e3438247e1634ec685a69da83fedad1c3d988675eea9b11d1b8d4a4f0ddd7d81,other_target,dual_retention_add,candidate,153146,1820611,540,0.8260656595230103,0.5756352425626983,0.5756352485953249,0.733562755736003,375,0.9999999800673389,22,1.0,209
MOT20-03,1751,372,545,540,193278,64137501da3ed0f9feb8db033a13ca530631677efc0a288f0df0b29cb3584185,other_target,dual_retention_add,candidate,153196,1822057,540,0.8355585336685181,0.581922582667285,0.5819225969367785,0.7927527072215255,375,0.9999999749960872,22,1.0,209
MOT20-03,1753,372,545,540,193594,fb88d6c4b38d43ac7c7a84820466876db1100de75bc9f8c3c39bbfb5beb6b413,other_target,dual_retention_add,candidate,153298,1824979,540,0.24070154130458832,0.8356583613178112,0.6245543539652927,0.7957374445550639,375,0.7062946436044685,22,1.0,209
MOT20-03,1754,372,545,540,193753,715de1c43371e2de96c599e6aac91aada0cb59a18b4c2f5e28c541d3495de3ae,other_target,dual_retention_add,candidate,153332,1826235,540,0.7931879758834839,0.630635147570444,0.6428492508609467,0.8369979059680621,375,0.976292824402863,22,1.0,209
MOT20-03,1755,372,545,540,193911,59f5c796475c312873d63bd254c24346522e95d534228fc189408f40c85b9640,other_target,dual_retention_add,candidate,153384,1827723,540,0.6893333196640015,0.635525167022713,0.6459995852399281,0.872999985841438,375,0.9535962680420497,22,1.0,209
MOT20-03,1755,367,449,531,193964,3df1e14120cd329edf97015a1c644b9ab609642e0db6d91c3278f8fa9d31bb6d,same_target,migrate_replace,candidate,153370,1827370,531,0.7850051522254944,0.9127805375088166,0.7749241589975959,0.6833260408378691,625,0.7941313639287079,1,1.0,561
MOT20-03,1756,372,545,540,194069,84db502ec557a81bce1e57c1ca46e98d31b9ae71cc6d3850b3deacc5b46d9350,other_target,dual_retention_add,candidate,153449,1829422,540,0.5855204463005066,0.7179712678965201,0.67344077541258,0.872125115108238,375,0.8943383144628898,22,1.0,209
MOT20-03,1757,372,545,540,194226,49650330a1bca7744ba93477bc709d43dd594561d09ef894985a53c60e1675a2,other_target,dual_retention_add,candidate,153501,1830907,540,0.7275106310844421,0.7561591022559243,0.6392574485473925,0.8344426468706846,375,0.7525118031125001,22,1.0,209
MOT20-03,1758,372,545,540,194383,8d78ae16d06b529da458e107154e6c62bf6a41d98c65f73665b1102fe7ff48e3,other_target,dual_retention_add,candidate,153530,1832138,540,0.5565322637557983,0.6182804098827833,0.6182804042244637,0.9299717172016903,375,0.9999999864786836,22,1.0,209
MOT20-03,1759,372,545,540,194540,dfd5a037d55b5dcf879884bfbe1033e49a1763a33ac3bc5772731366e773be37,other_target,dual_retention_add,candidate,153582,1833624,540,0.7603663206100464,0.5769370982180246,0.6012712803819391,0.9631036752136762,375,0.944460120918511,22,1.0,209
MOT20-03,1760,372,545,540,194697,10f33cd0b6bd47137ab89bdaea59defc91fa65cfbbffa8158c3bca9b007f36c0,other_target,dual_retention_add,candidate,153638,1835101,540,0.806166410446167,0.5664766915920663,0.5749232690741586,0.9486644444444451,375,0.9591126761994203,22,1.0,209
MOT20-03,1761,372,545,540,194854,f7feaae5af943f1e1bc5c84af741ee94ffb4f7599bb41d806943341d96725c2b,other_target,dual_retention_add,candidate,153706,1836814,540,0.1449512094259262,0.7427191054540715,0.5761622781021517,0.9329567370538302,375,0.7666415231966607,22,1.0,209
MOT20-03,1762,372,545,540,195011,0ff968134e2880892b2fca1f0b284614da6c903e3740bd1e61ea4afef6d91ebf,other_target,dual_retention_add,candidate,153739,1838044,540,0.7830424308776855,0.574668476146185,0.5845008359184528,0.9426452564102566,375,0.975883591023242,22,1.0,209
MOT20-03,1763,372,545,540,195169,2f5b75d05dd20fd836fcc36001fb24841553f3dfa14a54c045a6a4bc06b7fccf,other_target,dual_retention_add,candidate,153790,1839528,540,0.7844969034194946,0.619363153296981,0.6193631599992414,0.8971332410731804,375,0.9999999882479308,22,1.0,209
MOT20-03,1764,372,545,540,195326,2ac3cfc03c8329dcb384a69291429188b5184693c17ab1067120d3a099724514,other_target,dual_retention_add,candidate,153845,1841053,540,0.760912299156189,0.5561256948995048,0.5561257033072085,0.8693786104163023,375,0.999999982347611,22,1.0,209
MOT20-03,1770,372,545,540,196282,54930e0edf02a4c7b41d437c4eb2b846ed15c7701eb09cc6fb00be40eab14093,other_target,dual_retention_add,candidate,154162,1850490,540,0.569179117679596,0.7040553950414113,0.5486581737056766,0.8859403296905487,375,0.735847012743395,3,0.9793103448275862,150
MOT20-03,1771,372,545,540,196443,e51a510606b1a577049b94c7096f1317a0348b771dbbca9a4fcc6122ff0b8531,other_target,dual_retention_add,candidate,154211,1852020,540,0.5765100717544556,0.699461701750721,0.5220942027536286,0.8555888751147976,375,0.7124362034978035,3,0.9793103448275862,150
MOT20-03,1772,589,494,362,196523,b5446018f33ad46cbb6c0c8c52c690b9eac7c567dd77a623d60d0eebee156a09,same_target,migrate_replace,candidate,154262,1853523,362,0.5421808362007141,0.8877555907999112,0.8877555620448768,0.037205640983652866,394,0.9999999618224639,2,1.0,16
MOT20-03,1772,372,545,540,196604,ff7acdfc00a4d5206f818b35fd71e22bc01abfb30e23e8e00cc3acd887f8c999,other_target,dual_retention_add,candidate,154245,1853219,540,0.7405728697776794,0.648108572882961,0.5112551491329802,0.8201747268958736,375,0.7627771625902324,3,0.9793103448275862,150
MOT20-03,1773,589,494,362,196684,c54b1963f30274664e21ccd36074e6fdc6a1074f3f0086f75bcc258263d9f668,same_target,migrate_replace,source,154275,1854056,362,0.6435098052024841,0.7707205835687347,0.7707205839205264,0.0401254666979851,394,0.9999999780175927,2,1.0,16
MOT20-03,1783,375,540,545,198480,debce8c204d663a39230032feb4677f160a93f883bfcc90aa09c5d1ddce3a679,same_target,migrate_replace,candidate,154804,1870201,545,0.8051378130912781,0.738735874197921,0.7002844135885619,0.6543013038583639,372,0.9501822702059448,3,1.0,358
MOT20-03,1784,375,540,545,198643,0693d5ca0873003e4a4ce405607edde33ec9dcf164dfb3f5244c9588cc27e7cb,same_target,migrate_replace,candidate,154858,1871764,545,0.35408416390419006,0.9006343077316251,0.7105952568377442,0.6516818395917793,372,0.7230922613285472,3,1.0,358
MOT20-03,1785,375,540,545,198806,89d9e6d151d5e431d7790ee4daff7ae996e721e99b0e33a47b849c9f6e96e0a8,same_target,migrate_replace,source,154911,1873277,545,0.7844409346580505,0.6827111023580469,0.7014093805284591,0.6244415890689602,372,0.95054799728262,3,1.0,358
MOT20-03,1809,385,438,483,202641,833be737df349195b02ea4a2b3cb5472a36820e2686d82a6478ab96d63d7de9d,same_target,migrate_replace,source,156151,1910878,483,0.45900166034698486,0.8159481374516986,0.8827462376509021,0.5775942338923971,392,0.7683940626244282,11,0.9686274509803922,398
MOT20-03,1810,385,438,483,202807,e4ecb6d3acdd7978690e60a7ad2b86fff12d83084e9f8d6f92b8e8956fe98b34,same_target,migrate_replace,candidate,156172,1911742,483,0.8134411573410034,0.9012531539954631,0.9012531390062917,0.5815223534332316,392,0.9999999826783427,11,0.9686274509803922,398
MOT20-03,1811,385,438,483,202973,17b5559a6bbade50f6e70edfe738480ea27b88f23112dce6b196b721a7d435f2,same_target,migrate_replace,candidate,156221,1913329,483,0.7860021591186523,0.8303290883673462,0.830329085972908,0.5498081423555328,392,0.9999999837347681,11,0.9686274509803922,398
MOT20-03,1812,385,438,483,203140,2c2963ba02c9c81dc48f89a5521d074e4099fa907c5406f0c5cca1d414bd2128,same_target,migrate_replace,source,156280,1914852,483,0.8159765005111694,0.8446840734532566,0.8510627910375981,0.5752007075243122,678,0.9919058516167861,11,0.9686274509803922,398
MOT20-03,1813,385,438,483,203307,14a3158ae82e6d24ecf847d23ba1384835460ef18223b282fc521a1d4ea409b9,same_target,migrate_replace,source,156322,1916400,483,0.1987861841917038,0.687783862249571,0.7348815924404132,0.55711319593971,678,0.5056340026741745,11,0.9686274509803922,398
MOT20-03,1814,385,438,483,203473,5facb2017bc681fd4ff7f0b6de30be0c47fda828191cef87a494790f386c6de5,same_target,migrate_replace,source,156375,1918010,483,0.8188495635986328,0.7134440627493986,0.713444077088469,0.587778112974555,678,0.9999999776680898,11,0.9686274509803922,398
MOT20-03,1815,385,438,483,203638,321da9072376f7daafca2aba28a036a99afa0b44e85d37f717ae6e057b8535ff,same_target,migrate_replace,candidate,156426,1919526,483,0.22873811423778534,0.8513620230645738,0.6780374787890001,0.6481150522643403,678,0.6155635563674987,11,0.9686274509803922,398
MOT20-03,1816,385,438,483,203804,ece368a4046c6f631a2763333d887cb3778b2c000d074b21d7a4d4e63ebd45e3,other_target,dual_retention_add,candidate,156477,1921067,483,0.15479253232479095,0.7988749762147329,0.6613434927868866,0.676414569209996,678,0.5339079411115718,11,0.9686274509803922,398
MOT20-03,1817,385,438,483,203970,08562e6d71b44d5dd87ca8103ab0cb82e9328370b7051abc0ce6541866ebe7da,other_target,dual_retention_add,candidate,156528,1922634,483,0.3642844557762146,0.7506753025047235,0.6946559820585217,0.7142520435194373,678,0.6642370446582796,11,0.9686274509803922,398
MOT20-03,1818,385,438,483,204134,312c6040bf13404cf059278d2bf586789023083e8b3a35f52f288021722b86e5,other_target,dual_retention_add,candidate,156579,1924201,483,0.3838401436805725,0.8931651504115667,0.6769152290771877,0.7203639999936797,678,0.6567898550909634,11,0.9686274509803922,398
MOT20-03,1819,385,438,483,204297,78e36fcad52bb58f826dfd18de458c51aa53371e32d6e89a656f8587048f929e,other_target,dual_retention_add,candidate,156631,1925813,483,0.6122503280639648,0.5994985000510141,0.5994985014377532,0.7722125331154404,678,0.9999999905914889,11,0.9686274509803922,398
MOT20-03,1826,580,534,531,205538,9958a5bb1d7d83422806fee56daa4345ebafeb93e97024afaeae50a4a6bdbab4,other_target,dual_retention_add,candidate,156997,1936912,531,0.4064791202545166,0.6557211191231336,0.515251072365841,0.8310074510779131,625,0.7245342663717339,1,1.0,307
MOT20-03,1880,379,488,432,214289,602ff458e1fd655bcf1d6915af82b3bd5b876662c600c98a94e9213ac7169b2e,other_target,dual_retention_add,candidate,159743,2020418,432,0.8152717351913452,0.5767185071829913,0.5831851349315803,0.9039521564894294,670,0.9804175482047621,6,1.0,564
MOT20-03,1881,379,488,432,214450,a3147434c556a030fe711ff832e4cc29d1f14acbe304a43f6cd520bf8f2c25b6,other_target,dual_retention_add,candidate,159795,2021921,432,0.8160495162010193,0.5986743429212658,0.613015010724101,0.8983196176657177,670,0.9463561034999379,6,1.0,564
MOT20-03,1882,379,488,432,214611,77e7da650d305bc0f2970995c77213c69c1ce194ec855bb0ab0d5b072f03be13,other_target,dual_retention_add,candidate,159842,2023419,432,0.809460461139679,0.6227212842814486,0.6046776408004325,0.8916804761392227,670,0.959228850592789,6,1.0,564
MOT20-03,1883,390,470,490,214789,3577a8cec753e61e6aa7827bc7f965f937038a8f200262ecb900e3fbaad8a3d1,other_target,dual_retention_add,candidate,159925,2025769,490,0.7133140563964844,0.6186260713733388,0.6186260753845463,0.7114395432519481,376,0.9999999901399417,29,1.0,93
MOT20-03,1884,379,488,432,214934,403e8b1f00b42ab4300a0b94199dc0b6aed8b5a949f126a8cefe443f3eaca362,other_target,dual_retention_add,candidate,159945,2026432,432,0.7215516567230225,0.6521980035939484,0.6135430155420791,0.8083663079973346,670,0.9298858547373186,6,1.0,564
MOT20-03,1884,390,470,490,214951,b43cd7652e6a111dfeaaa318c76dab44403635ebeaad6ede3def5d3d72323f6f,other_target,dual_retention_add,candidate,159979,2027260,490,0.7637473344802856,0.6000225555270823,0.6246662157858267,0.7113640845057502,376,0.9574749704010759,29,1.0,93
MOT20-03,1885,379,488,432,215097,7838cae4828e5e2f93a0422b27f9deabff07eca9bfdc5a64f461d4ed5a18cff9,other_target,dual_retention_add,candidate,159996,2027946,432,0.7218531370162964,0.6228407273811681,0.6108152917511633,0.7567265145909424,670,0.9478482001950644,6,1.0,564
MOT20-03,1886,386,672,532,215299,8d8e506b37a0a9967af321c29747805fc6fb531f01f5320f3584b1ae7cdade66,other_target,dual_retention_add,candidate,160079,2030314,532,0.1746959388256073,0.7250740486612881,0.545207295246327,0.757225487943517,232,0.7134074924586695,11,1.0,88
MOT20-03,1888,390,470,490,215603,25a9d9c69d1403cebfb6c4a19f26ba217fac4a9980c640f39a563f53b5d68550,other_target,dual_retention_add,candidate,160162,2032756,490,0.8228399157524109,0.5555629274639614,0.5484142259405986,0.7914644479936026,376,0.9524549155272243,29,1.0,93
MOT20-03,1895,390,470,490,216749,627590668f5b0292c7e799d3979006fa504506cdd9e5f8408fc78eb0894380e0,other_target,dual_retention_add,candidate,160514,2043485,490,0.8044602274894714,0.5926384051633506,0.5737100317016212,0.7987657892199389,376,0.9436000486157227,29,1.0,93
MOT20-03,1896,390,470,490,216912,b2642f543ceaf7bf1e710bad796c39aed4701f97d23320a278a29d2f48cf97f2,other_target,dual_retention_add,candidate,160563,2045054,490,0.8261022567749023,0.5813992210663876,0.576560549345572,0.7988028998089187,376,0.9879770065585066,29,1.0,93
MOT20-03,1899,731,668,511,217403,6afc08f7df853d3136cbc8fefdcd7d4489b5bbe7aeb3a15b34cf8f7f5664ece2,other_target,dual_retention_add,candidate,160724,2049901,511,0.2675301134586334,0.7697238492627693,0.5714765223721504,0.9165839721654413,628,0.7202131521816981,14,0.9956896551724138,344
MOT20-03,1901,390,470,490,217714,bcac89845536d6c475261b373dd869ba7450c7fbd11275f683590b4f05af50de,other_target,dual_retention_add,candidate,160815,2052555,490,0.8140220642089844,0.62492524054072,0.6249252353207536,0.827527475768745,376,0.9999999779466461,29,1.0,93
MOT20-03,1901,731,668,511,217722,433c286efd1941cf5a9fbb4a7b969dd58d942bdc4f57314d419902f9dd06ab9d,other_target,dual_retention_add,candidate,160828,2052899,511,0.8318835496902466,0.6165781617853755,0.6112259721950387,0.8879011015575707,628,0.9844545629462811,14,0.9956896551724138,344
MOT20-03,1902,390,470,490,217874,9bfb51ad024d82699d56de777b2e551096a5a521b5f13375f246f8444319535d,other_target,dual_retention_add,candidate,160864,2054070,490,0.7952914834022522,0.639242633257864,0.6392426355305324,0.8347006648489398,376,0.99999998077922,29,1.0,93
MOT20-03,1903,390,470,490,218033,a4bc788c5cece8b306a75f2b89be6405b1d355afe29ea753f10dcaca6b795fc3,other_target,dual_retention_add,candidate,160920,2055677,490,0.7752504944801331,0.6544787340555158,0.65125319892774,0.8481069252327876,376,0.9594724909819233,29,1.0,93
MOT20-03,1903,731,668,511,218041,a7a22fe1fbb6eacf3f494bde864a7adad14f801912467b72a6a6340b91e539aa,other_target,dual_retention_add,candidate,160928,2055968,511,0.6811910271644592,0.7793926263562891,0.6454333529638421,0.8865681507262179,628,0.781966085870125,14,0.9956896551724138,344
MOT20-03,1904,390,470,490,218193,65e291c65cdd73b0956721b228ecd86889f4b90e72da6578f533eb72c0e18d27,other_target,dual_retention_add,candidate,160967,2057147,490,0.797694981098175,0.6228938446933177,0.62289383652218,0.8382871756950715,376,0.9999999748637342,29,1.0,93
MOT20-03,1904,731,668,511,218201,ecd7f370227ee37aeba706f69b3250e0805fb3b59e9edb6ec3b81a490d53d228,other_target,dual_retention_add,candidate,161000,2057873,511,0.7738128900527954,0.665271630968185,0.6509492888357313,0.8808840468936714,628,0.944480416061599,14,0.9956896551724138,344
MOT20-03,1905,390,470,490,218356,853ad96b198234ce462a328a8152a836dbdb057af0dca92918020257a45d9085,other_target,dual_retention_add,candidate,161020,2058701,490,0.8071193099021912,0.623530146836299,0.6235301521421202,0.864239341573594,376,0.9999999890059129,29,1.0,93
MOT20-03,1905,731,668,511,218364,c646f31a6b4a8caf0d3a7068cec53a64c1c45a8229841b00f5f8b98beaececda,other_target,dual_retention_add,candidate,161052,2059398,511,0.7154704332351685,0.6558885218830577,0.6388228578379809,0.912477413489829,628,0.9138736656790593,14,0.9956896551724138,344
MOT20-03,1905,644,635,531,218430,ab510665972f95571e68d8b1bd834ab4e44ca7388f2cc698753e371486e0f59c,other_target,dual_retention_add,candidate,161027,2058931,531,0.42507418990135193,0.5258017525044085,0.5256964038473747,0.830695853282554,625,0.9590347850901563,3,1.0,572
MOT20-03,1906,390,470,490,218518,2b7c4e7b4932d82e6488a350d60bc7e8a59a6bcffc60e65f6bdda6f855af0e8b,other_target,dual_retention_add,candidate,161067,2060275,490,0.655341625213623,0.6510979642065331,0.6514810775865034,0.833064851606699,376,0.931952781841408,29,1.0,93
MOT20-03,1906,731,668,511,218526,3632a0d0c2197d65361c7d620716597bb7525458f857f2ebbec9157320ed2115,other_target,dual_retention_add,candidate,161101,2060934,511,0.4813041090965271,0.5928370780691351,0.622399651894444,0.9457500069881419,628,0.9344726275301919,14,0.9956896551724138,344
MOT20-03,1906,644,635,531,218592,0196fc806de42e7be1934c9c6dc46a8ffc1a66f27c8bca02780c20db20db3b8d,other_target,dual_retention_add,candidate,161074,2060432,531,0.38815852999687195,0.8114275841248579,0.5403040431596445,0.8274027646015277,625,0.5894324285143913,3,1.0,572
MOT20-03,1907,731,668,511,218689,56244d8b7a9e654e0af8164d479f73146f3c1a137331617803e9017ac4e83d71,other_target,dual_retention_add,candidate,161134,2062161,511,0.8433738946914673,0.5873993904264467,0.5835379635140407,0.9796903540198024,628,0.9352445508092297,14,0.9956896551724138,344
MOT20-03,1908,390,470,490,218844,74f5ab58b76aacbd148119494a332db35f3bca48089cda0247681cce4f003d17,other_target,dual_retention_add,candidate,161172,2063422,490,0.7488335371017456,0.5875742590860711,0.5977147289718114,0.8604754086869798,376,0.9207157942941434,29,1.0,93
MOT20-03,1908,731,668,511,218852,f3c4ef0a718b6f64f4f45b45bffc8cb39aaa46ab23b00977a9ea1c52743d379e,other_target,dual_retention_add,candidate,161184,2063749,511,0.8420924544334412,0.6160303157856508,0.6023373651244412,0.8861777273226789,628,0.9189485532981334,14,0.9956896551724138,344
MOT20-03,1909,390,470,490,219007,cf4e9f76a54ef46273562c890e28648b914a3f674908bf00b7fbd1055a5a3c61,other_target,dual_retention_add,candidate,161216,2064913,490,0.7745580673217773,0.5404674143055673,0.5404673996656723,0.8694513761150736,376,0.999999971294348,29,1.0,93
MOT20-03,1909,731,668,511,219015,2eee4e5240b91aa437d49555c3ba15eed0f6c25242eb169c9ad4387c3792c2b3,other_target,dual_retention_add,candidate,161230,2065306,511,0.6596120595932007,0.6490881376887822,0.6061488069638276,0.9789369170128476,628,0.903574317563488,14,0.9956896551724138,344
MOT20-03,1910,731,668,511,219178,c911304d377e2d476637a2dab52b78db0937048a99705a49d34c6071e787330d,other_target,dual_retention_add,candidate,161305,2067223,511,0.8014107942581177,0.5178899576719045,0.6522262625091624,0.9045191895773497,628,0.7709030531424055,14,0.9956896551724138,344
MOT20-03,1911,731,668,511,219342,5c895c2f378e425e6a01a676f61ece8664138103eb584a7647d0cec02a62acca,other_target,dual_retention_add,candidate,161340,2068450,511,0.7252860069274902,0.7084489882590465,0.6052267265972827,0.965905763440651,628,0.8343170362322319,14,0.9956896551724138,344
MOT20-03,1912,731,668,511,219505,c58c6af2d58a156cb4e6320c9ceb1cfcd765d9b4af4559aae7b37bd8b6e1b2d9,other_target,dual_retention_add,candidate,161389,2069978,511,0.841706395149231,0.5817749884393486,0.6104401339275177,0.8866580204437321,628,0.9506812667634312,14,0.9956896551724138,344
MOT20-03,1917,628,511,668,220464,ded87a15bb8b3e1235a69079324ab1a26a7f9bf7e811ffad51a2883340475b5d,same_target,migrate_replace,source,161641,2078052,668,0.5923887491226196,0.7734117742731136,0.9146788815017624,0.5586686034406364,731,0.7927059558690831,1,0.4955947136563877,728
MOT20-03,1927,629,675,531,222097,020706243b1c98a32dafbdc09e3c673c9cb585b4c6c5d3109553f9f075003afa,same_target,migrate_replace,source,162172,2094376,531,0.824817419052124,0.7277060546720598,0.7277060604769612,0.5744704078710461,625,0.999999992146883,3,0.9908256880733946,448
MOT20-03,1928,629,675,531,222265,c6c95a63f305115a551e85e41989dc50bf410d7182df7a5f1bf0c17c4969a640,same_target,migrate_replace,candidate,162199,2095514,531,0.7726454734802246,0.7539153413594445,0.7393717555199941,0.5877942594641468,625,0.9473635261470948,3,0.9908256880733946,448
MOT20-03,1929,629,675,531,222433,862e801a329599183bd1bca5e4ac3d447bf5dce07db11cb9ef796c7255f1bf52,same_target,migrate_replace,candidate,162251,2097104,531,0.7497192621231079,0.7882160920408485,0.7379965367014468,0.6670153114904255,625,0.8943818355178795,3,0.9908256880733946,448
MOT20-03,1951,552,627,634,226138,76e8281321d66583b0d7ca22fb8738f1563618512831062cf80842453bd163ea,same_target,migrate_replace,source,163389,2132090,634,0.8526352643966675,0.8486467546071054,0.8800565605484773,0.8234228332821223,551,0.9596788226295353,5,1.0,321
MOT20-03,1952,552,627,634,226304,08deffeccd2789a5dae2581e9f02c948f38da38ef73c1fae1a3ce371bacce164,same_target,migrate_replace,candidate,163438,2133665,634,0.8413315415382385,0.8431127498200169,0.843112739562849,0.8321113343397135,551,0.9999999863576562,5,1.0,321
MOT20-03,1953,552,627,634,226469,72602dd4b433b043aa47ac8ac465e083dd5bc344592a466639826172a2a7466c,same_target,migrate_replace,source,163488,2135265,634,0.8471904397010803,0.8438884712912641,0.8507756180340779,0.8206869668311851,551,0.9532556440774631,5,1.0,321
MOT20-03,1965,665,503,584,228453,15d6158c01c95bd5b93a04bde8ac74e77f819f47eea1ef51ca836836d8082d8f,other_target,dual_retention_add,candidate,164104,2154853,584,0.7844435572624207,0.5682292481818308,0.6156618569579831,0.9253375754653353,634,0.9168676562767939,1,1.0,701
MOT20-03,1968,634,584,503,229063,2da3a3e5a6a0829ec1596778f72d7e45ac64bad9ae0d5e77ef75096d52f2e97a,other_target,dual_retention_add,candidate,164227,2158942,503,0.8310795426368713,0.9265779053010004,0.6991179398522983,0.7980967355942782,665,0.7429695288895206,1,1.0,355
MOT20-03,1978,634,584,503,230793,b726a6e0db760bf9a414d96233026688d231a6768f8960e77bc8712805fea2d8,other_target,dual_retention_add,candidate,164737,2174957,503,0.7998169660568237,0.9414475929560393,0.6803121533715144,0.8433086699283417,665,0.7038929151827605,2,1.0,261
MOT20-03,1979,634,584,503,230967,9d77767e7914fc2a4bbfee0817b7246ca161e54d875accb783f9855c60e452bf,other_target,dual_retention_add,candidate,164788,2176550,503,0.8197556734085083,0.9312912639796523,0.6681549627551698,0.8217759839889813,665,0.7175715784651782,2,1.0,261
MOT20-03,1988,581,460,478,232371,096fc825c3ab5e82e99a62a1945e32287d1fe9d162fd1049c5c1de4bd284c4a3,other_target,dual_retention_add,candidate,165255,2190720,478,0.7398909330368042,0.8859253952792578,0.8655116383924208,0.8921705099817574,660,0.7911479836489713,4,1.0,13
MOT20-03,1989,581,460,478,232538,dc852d85a15e9f17495083c343468eca47cb64270d52be2527ee056de4425196,other_target,dual_retention_add,candidate,165302,2192236,478,0.6536378860473633,0.839625091238019,0.855682073579395,0.8571532991049874,660,0.9449982708326472,4,1.0,13
MOT20-03,1990,581,460,478,232705,807fd0032b620eac4fcefd9cdf0028e58690d30f1c57c979b93b5b8fa2a869e0,other_target,dual_retention_add,candidate,165355,2193758,478,0.7448472380638123,0.8375277920512265,0.8232231834983424,0.8706408650452853,660,0.8816347361144475,4,1.0,13
MOT20-03,1991,581,460,478,232872,4497cf73dfa2cb2a9d24c672811be6b15b399e9de0c83f679c148d83125a6588,other_target,dual_retention_add,candidate,165404,2195314,478,0.555767834186554,0.7943578071053984,0.7275740645166314,0.9015230060967416,660,0.7932724391114637,4,1.0,13
MOT20-03,2005,380,416,351,235338,a033098358f44604e0da5867e859ea5fa7b89af9042bfbfc51fe5d64597d3e87,same_target,migrate_replace,source,166104,2216000,351,0.31325477361679077,0.742332028647913,0.8032047102056744,0.7344846611583186,675,0.7578106124073866,12,0.7857142857142857,84
MOT20-03,2006,380,416,351,235503,32220a6abdd45d5ab4be4a3465fe77c234bee90a9036f3c9c17c1c72a010626b,same_target,migrate_replace,source,166155,2217508,351,0.4483186602592468,0.7779194826490925,0.80098273860401,0.7120392765159943,675,0.7249199552420365,12,0.7857142857142857,84
MOT20-03,2007,380,416,351,235668,468e7649f522917ba31295241d2bb4c829673f94627206df7a30265438d4700e,same_target,migrate_replace,candidate,166205,2219002,351,0.23956738412380219,0.8458252600857457,0.8458252338911748,0.5688334600329896,675,0.9999999685713908,12,0.7857142857142857,84
MOT20-03,2008,380,416,351,235831,9b440254128b4d4004ac31e01254e1f112437abe501aa0d8ce0d683a2f6f67c4,same_target,migrate_replace,source,166257,2220513,351,0.23894403874874115,0.7507048597248648,0.8144015312894036,0.6882472445814777,675,0.7173855838353859,12,0.7857142857142857,84
MOT20-03,2009,380,416,351,235994,f818d0ffbfb9e42dce5460ce94747ffd9e358ff748cc6439bb3c8bcef3ad434f,same_target,migrate_replace,source,166308,2222019,351,0.3298008441925049,0.8034501878198795,0.8235100246459233,0.6772251163445417,675,0.7414943602612984,12,0.7857142857142857,84
MOT20-03,2010,380,416,351,236157,94489c82de87f9b7e4c14ccc5a9ee299b3835c7ec258489d6c15f5a57c565225,same_target,migrate_replace,source,166360,2223534,351,0.176756352186203,0.8104216489074081,0.8143102029458101,0.6482271765606848,675,0.7623022840290744,12,0.7857142857142857,84
MOT20-03,2012,380,416,351,236481,366a2c79924ba4e927fc4eea67e2acb1002714b33d12f162486dde6d7efaef51,same_target,migrate_replace,source,166460,2226522,351,0.4573049247264862,0.8253919034189429,0.8253919106798919,0.06152107050187181,394,0.9999999824786303,12,0.7857142857142857,84
MOT20-03,2013,380,416,351,236643,a3de73c65e617a1eeb3a24e4878dba7a3187a314918d05e9cc18cec5064461df,same_target,migrate_replace,source,166512,2228022,351,0.7318459153175354,0.8067431785747866,0.8067431822619817,0.0685323095148174,672,0.9999999857914993,12,0.7857142857142857,84
MOT20-03,2014,380,416,351,236806,678efa1171ac3a9496b440ee3bc459d95bc619fe854c72ff8f61db18282bbdd9,same_target,migrate_replace,source,166564,2229535,351,0.6748150587081909,0.9018382051089576,0.9018382093224244,0.07729768915532187,394,0.9999999871636813,12,0.7857142857142857,84
MOT20-03,2015,380,416,351,236969,b4e0ee27a07ebde9cb877bf24eb97002bf73f19a8d730100f7cbf0db55dee494,same_target,migrate_replace,candidate,166614,2231012,351,0.6822670698165894,0.8706552938916082,0.8706552914853887,0.07139096357316708,394,0.9999999818894328,12,0.7857142857142857,84
MOT20-03,2016,380,416,351,237132,ff6fb63af7065ae805cdba4e03edb7416344aef1e19c0f95c02489af0d170e75,same_target,migrate_replace,source,166670,2232570,351,0.3846904933452606,0.6593553312447593,0.8539536357789329,0.09320839403506483,672,0.7703735412237015,12,0.7857142857142857,84
MOT20-03,2018,651,730,735,237446,50cefd1fe6ba83fbf6f5cce00333699d2db1e65edd320576097dc199af856ece,other_target,dual_retention_add,candidate,166771,2235497,735,0.8598883748054504,0.5613261257376699,0.5631397051544029,0.806476982033256,623,0.9560002731340257,2,1.0,195
MOT20-03,2019,651,730,735,237607,fb2e68a40a61835eb18e6a38c3f38bc3a150d9c072d9c3b25d337750f481dbd5,other_target,dual_retention_add,candidate,166822,2237032,735,0.8610528111457825,0.5575223063058958,0.5652985737747087,0.8073293315427497,623,0.9695741126019598,2,1.0,195
MOT20-03,2040,679,421,483,240781,a04907b5a24536f7d9968a8000a5dc511813e6c8c27dc150e87f9cb329594198,other_target,dual_retention_add,candidate,167898,2267339,483,0.7022210359573364,0.6416540452681416,0.5312666574021568,0.824966090121553,678,0.741861083261181,1,1.0,811
MOT20-03,2082,622,541,484,247088,24e58147908fbc215058cd3ae2b0f32ad74692e47db2b431291adf0a9832ed92,other_target,dual_retention_add,candidate,170046,2325549,484,0.750263512134552,0.9092708149392618,0.665343409436318,0.8223750083439054,696,0.7253667589900216,1,1.0,550
MOT20-03,2084,622,541,484,247394,4fb045b5df0da93d154e6cd74af4aeef18491e7eacabf565017b1a65c4520957,other_target,dual_retention_add,candidate,170146,2328383,484,0.26507845520973206,0.8509431071259353,0.7179953602294644,0.8363965102991255,696,0.8291662721995996,2,1.0,2
MOT20-03,2085,622,541,484,247547,2bc00c82f4aed33e851fcee10f0318017dce6ad8e0fb6eb5f4e2d923aa97795d,other_target,dual_retention_add,candidate,170202,2329800,484,0.1558946967124939,0.8439946971863026,0.7475911748927401,0.8155262494342224,696,0.8842773606317104,2,1.0,2
MOT20-03,2087,622,541,484,247857,bb6b371bb777aad79ecdc8bbf9309fb8207192d8eeb7ee49d3a9900a39d09f1f,other_target,dual_retention_add,candidate,170328,2333287,484,0.709598958492279,0.6501202526647776,0.6501202567288419,0.8427962402189539,696,0.999999992744604,1,1.0,7
MOT20-03,2094,622,541,484,248953,d001c658445cb1a991d6e62e7d939d43f9c6d6c1bac7810710987e8176cff8e3,other_target,dual_retention_add,candidate,170686,2343272,484,0.3912433981895447,0.8440451776879636,0.7635434481255057,0.8450708685737272,696,0.6943891617612331,3,1.0,7
MOT20-03,2095,622,541,484,249109,27faafeb7c597813bdc5578d752aaed34cbee074b46022d2cfe5044c09568155,other_target,dual_retention_add,candidate,170737,2344696,484,0.6773057579994202,0.8353563988789139,0.803782315189724,0.8103988071674229,696,0.7484771752310391,3,1.0,7
MOT20-03,2096,622,541,484,249265,888d874d2fa84231ccd17ab20b95e3c2b99742d08cc1a486f87f1c16dcc85a2b,other_target,dual_retention_add,candidate,170760,2345366,484,0.7527628540992737,0.7696554396259361,0.7696554636148325,0.863764778890791,696,0.9999999666039061,3,1.0,7
MOT20-03,2099,680,493,477,249731,fd22b069244eea33cc5c92fa58221ca6661f8a93108a6315596149fbe385cccf,same_target,migrate_replace,source,170911,2349519,477,0.8293758630752563,0.8652242670677779,0.9006419484818634,0.6104986812200139,697,0.9110748089989699,3,1.0,747
MOT20-03,2100,680,493,477,249886,b63783bc1d06453128607ac6ed59764d5544ed41d273986c58eb93d28b22fd81,same_target,migrate_replace,candidate,170967,2350942,477,0.7701436877250671,0.8950597621407868,0.8950597567609639,0.58918805203059,697,0.9999999635046328,3,1.0,747
MOT20-03,2101,680,493,477,250041,4f43f851bee01ca410517826237130ab9beb4e7939f604f302c7dff3d6fd30c8,same_target,migrate_replace,source,171017,2352352,477,0.7667118906974792,0.7615346177894442,0.8666395177573373,0.5619501892498444,697,0.8476214649406777,3,1.0,747
MOT20-03,2106,244,649,588,250855,ad9ab8f14652d365a68b3c8e1ac3f6b5f34163355364e021cda9de70a3fd5232,same_target,migrate_replace,source,171286,2359969,588,0.6439764499664307,0.745333086208389,0.7546009729271721,0.6269813579372376,243,0.9657186507273565,1,0.9767441860465116,345
MOT20-03,2108,244,649,588,251166,715f3242643f585a9d1e6c45178f71bc4d20be9992ef9f8befac4290de7dac3f,same_target,migrate_replace,candidate,171386,2362882,588,0.8442176580429077,0.7832913212447252,0.7693517349339161,0.6721570692615437,243,0.9469969706697562,4,1.0,6
MOT20-03,2109,244,649,588,251324,984a3df4b4c2a44a398176876394013d300c95ff8c809e253894c122f58a8764,same_target,migrate_replace,candidate,171441,2364340,588,0.8083886504173279,0.860242449297391,0.7428589816952633,0.6663309535460967,243,0.7398363049367118,4,1.0,6
MOT20-03,2110,244,649,588,251481,981a6aa57117b87952de5b0debae42f7b20c5cc052d70f42a548b42a71128106,same_target,migrate_replace,candidate,171486,2365756,588,0.5813470482826233,0.8722659490222395,0.7739406997964966,0.7048809600073758,243,0.7576926432463379,4,1.0,6
MOT20-03,2110,232,532,615,251494,9cf2ce32a8c0c6fc87cdcab5307f37ab87255ba2c37f7c2b221b1bc802c8626f,other_target,dual_retention_add,candidate,171480,2365482,615,0.5477217435836792,0.6430329897258105,0.6430329867252678,0.7167067804181955,621,0.9999999701199832,6,1.0,892
MOT20-03,2111,244,649,588,251639,86faebef69c2027a851a72dac0325708c7d0b6a2e409fe958a636ec97a347c03,same_target,migrate_replace,candidate,171543,2367188,588,0.7704573273658752,0.8296846129324226,0.777451991509569,0.7276620541868181,243,0.8499228045614947,4,1.0,6
MOT20-03,2112,650,517,509,251769,536718f630f70750503e822be75ea3b6254475021b3a7d336e3a5624dd1f0ef9,other_target,dual_retention_add,candidate,171583,2368207,509,0.6913572549819946,0.9293821318947838,0.7879978237943236,0.8373420732674315,705,0.8272483607310499,1,1.0,634
MOT20-03,2117,244,649,588,252597,bf87ce68cfe442ab950ddc6ecddf3ff19ac9587c3cd1d45f04c9a8891bff3000,other_target,dual_retention_add,candidate,171847,2376016,588,0.823752760887146,0.7640739979207017,0.7504976473177449,0.7586794188175802,243,0.9437537653833601,1,1.0,10
MOT20-03,2122,665,503,512,253379,ebd72ca7e4f72bf619488917060dd87a51042a1d4ad209709fdaf7bd2fdb0da8,other_target,dual_retention_add,candidate,172080,2382823,512,0.7902054190635681,0.7633140137812849,0.5583883089253395,0.8131054146602391,648,0.6955143377539245,1,1.0,211
MOT20-03,2124,244,649,588,253727,95d3fd470363e395763f499682de710717300a007e69088af6f38410b5413701,other_target,dual_retention_add,candidate,172200,2386373,588,0.8104912638664246,0.6718215040323606,0.6718215085495677,0.9197824065457034,243,0.9999999882125298,8,1.0,6
MOT20-03,2125,244,649,588,253890,67f8467e382d7e8e1ce77c5fff058cdde40902b7a0295c0cdf17eaab7525deee,other_target,dual_retention_add,candidate,172249,2387881,588,0.8521808385848999,0.7107446377817541,0.7107446361063753,0.9103998437397688,243,0.9999999886146463,8,1.0,6
MOT20-03,2126,244,649,588,254052,33667a2c82d9a1cafa423060628281ecfae8f9fa8f3c39ffab75bf869b10b74d,other_target,dual_retention_add,candidate,172305,2389411,588,0.8647744655609131,0.7157856820898375,0.7117130220264125,0.9292144645824839,243,0.9729157083155864,8,1.0,6
MOT20-03,2127,244,649,588,254214,201bb5de5865202a12af7f5f73855558dd53f175302a82a8a77e7f622f56a336,other_target,dual_retention_add,candidate,172357,2390891,588,0.8605619072914124,0.7124338579136112,0.7184486740767848,0.9070563616374426,243,0.9891749443397978,8,1.0,6
MOT20-03,2128,244,649,588,254376,eca44cb54cd6815e7ea15d70d37232ca2bdd3063f0e62671ce26efd85b00db02,other_target,dual_retention_add,candidate,172404,2392389,588,0.860856294631958,0.7046840357187831,0.7046840427022338,0.9014462229849804,243,0.9999999699538676,8,1.0,6
MOT20-03,2130,244,649,588,254703,d109506fb61318aa46b5e9a71ef8d106655fcf2e98901da72743907d476cdecf,other_target,dual_retention_add,candidate,172510,2395473,588,0.7355409860610962,0.7772928944528998,0.7772928978358341,0.9219799424965349,243,0.999999963299711,8,1.0,6
MOT20-03,2132,244,649,588,255034,fda631b9cffdeb22853ad1437b1a73ad09dd4d3940f02a51eb31d2d7e90a41df,other_target,dual_retention_add,candidate,172605,2398549,588,0.7238714694976807,0.7506576082861122,0.7506576048186147,0.9467788780799296,243,0.9999999817888171,1,1.0,3
MOT20-03,2135,244,649,588,255529,4388223de522e2ca6566115a16f9cbb056868d8386cbc9d14b3207464d3d41f4,other_target,dual_retention_add,candidate,172777,2403427,588,0.7823866605758667,0.7983555279465738,0.6949192390693479,0.8593855385396081,243,0.7343925656608702,1,1.0,8
MOT20-03,2142,244,649,588,256690,05f04ec6b30142404ed0faef7149bd3954723b3b7ea6d40ee40d70b88e22136e,other_target,dual_retention_add,candidate,173134,2414265,588,0.6913820505142212,0.8046107645237787,0.8046107684435814,0.8930236433730128,243,0.9999999747490452,1,1.0,7
MOT20-03,2145,244,649,588,257187,85aad5fbcc50c85301dbea79768606ca689dd51f81d8f7f70c162b380b84f549,other_target,dual_retention_add,candidate,173289,2418877,588,0.6502524614334106,0.7544689867931559,0.7544689969956684,0.8647923970516392,243,0.9999999815095162,4,1.0,2
MOT20-03,2146,244,649,588,257353,9330bc7ad1a6067590e26d7fd69103fda6b9734874dcb1cb5a0b18b0c7834f69,other_target,dual_retention_add,candidate,173323,2420023,588,0.6756823062896729,0.5592988391916741,0.597126323736815,0.8412986575574423,243,0.938762432848311,4,1.0,2
MOT20-03,2160,657,691,503,259803,3c715e0edec95255cda5dff02ece36ffea5cc68f2cc22828fef2823f85346541,other_target,dual_retention_add,candidate,174022,2441281,503,0.7610035538673401,0.5101751399893788,0.44714025641229016,0.7696266431502968,665,0.8619310279632523,1,1.0,302
MOT20-03,2166,505,766,762,260779,ae36f8ecfeada2ff9bba64ac328ff38f57d1237d48fb6875ab6902f86153788c,other_target,dual_retention_add,candidate,174362,2451756,762,0.43375879526138306,0.5329035303277001,0.4481278343449309,0.9530500873584653,157,0.7826463523954255,14,1.0,90
MOT20-03,2168,505,766,762,261113,cc7ad62fd7c02e63e7cef8adc7dcce8510145fe53fd18830077c42bd095a1477,other_target,dual_retention_add,candidate,174462,2454894,762,0.42612460255622864,0.6043080656458835,0.6043080603654608,0.8996353206828268,157,0.9999999845181903,14,1.0,90
MOT20-03,2169,505,766,762,261280,d76ce115038dad2328bb771445dca7065af52cdec2fdbd50b9d00d2259b82542,other_target,dual_retention_add,candidate,174515,2456443,762,0.30962425470352173,0.7022422239274659,0.5541864069037827,0.8649240689654795,157,0.6274019755461232,14,1.0,90
MOT20-03,2170,505,766,762,261447,2f87d6c1c714381f54713f298be4eaa27c20177c362ad4995bd82d32ce71f660,other_target,dual_retention_add,candidate,174566,2458003,762,0.6775343418121338,0.6054254508667751,0.6054254661147852,0.8532237987153816,157,0.9999999740311197,14,1.0,90
MOT20-03,2171,505,766,762,261614,2873916becb5c66266cc7e1cc5eb0c814b5ca490d2ffe8adb9666aa0053f6b3a,other_target,dual_retention_add,candidate,174619,2459628,762,0.7853633165359497,0.5732445102671396,0.5859933524914094,0.8224307199864512,157,0.9697765343284604,14,1.0,90
MOT20-03,2172,505,766,762,261779,b9cd0dd02b2b6a667d17f57e554a9ccd42646394e6e0ab83b9639a62416312d7,other_target,dual_retention_add,candidate,174670,2461184,762,0.7948554754257202,0.5911217555919122,0.5831462945588567,0.7926443021764328,157,0.9645866825272457,14,1.0,90
MOT20-03,2172,641,431,478,261842,f936348d3d042e055b55b209564bd0c20fa5c95bf306732856534592686c63c2,same_target,migrate_replace,candidate,174622,2459906,478,0.2407512366771698,0.7457492316571706,0.5762340096079694,0.3238353659692233,660,0.709088338718497,1,1.0,950
MOT20-03,2175,505,766,762,262278,55c1635c7d9341ecd1d95030bd9208286ab8a85a4c9d8777c562d49354742208,other_target,dual_retention_add,candidate,174822,2465896,762,0.7942237854003906,0.5630133429710878,0.5413270727202508,0.7617783388283518,157,0.9612439875651605,14,1.0,90
MOT20-03,2184,701,482,478,263838,23ec323f0ad3480440a8fac549205b0fb2059ff25eb946e356d32a72b45b0b41,same_target,migrate_replace,source,175272,2480036,478,0.1548938751220703,0.6167181674816915,0.6167181698957616,0.6001658412222932,660,0.9999999795070322,3,0.8422939068100358,280
MOT20-03,2185,701,482,478,264003,cd127e3e07663d10936db45b6755ee14cacc1b4c8d28562361afd22093ccd530,other_target,dual_retention_add,candidate,175319,2481632,478,0.3200378715991974,0.6270563802510591,0.6270563713067075,0.6538688891773339,660,0.9999999522937122,3,0.8422939068100358,280
MOT20-03,2189,652,700,705,264590,ae17490047eecf0c5e8d1e84017f337546e91df2b1717d4cef7fe50be3db8b52,other_target,dual_retention_add,candidate,175498,2487016,705,0.5652285218238831,0.6288749890020701,0.47403579963606113,0.5265276678843219,640,0.7346090978171413,1,1.0,367
MOT20-03,2192,628,511,668,265173,331ff1243f09e117344fc8d89e322580bdb1eab9f2dfe960a0cba9e61ff90739,other_target,dual_retention_add,candidate,175660,2492080,668,0.73114413022995,0.8088914546051533,0.594642548690627,0.7616501683104522,633,0.7316788107981614,6,1.0,278
MOT20-03,2194,628,511,668,265507,278782c74df305473c497610cff681cc5e8651639a381523f2395caea68037b8,other_target,dual_retention_add,candidate,175758,2495309,668,0.8423768877983093,0.7222035322037312,0.6756628982941837,0.7210639237169083,633,0.9020498844852518,6,1.0,278
MOT20-03,2195,628,511,668,265677,ba158c479f7dd16443473e8123622199bc70fd47b2e68195aa535ab5d48eaa07,other_target,dual_retention_add,candidate,175811,2496963,668,0.31137755513191223,0.8376947229013959,0.6283536491097529,0.7500828717292072,633,0.7122362012208544,6,1.0,278
MOT20-03,2196,628,511,668,265847,53951384b136d062ef647c9f31538803545ebf2cf102314dcdb8208eeb15275a,other_target,dual_retention_add,candidate,175861,2498579,668,0.22980313003063202,0.7003874646375637,0.6048340936882015,0.7636114551620434,633,0.8558700996377748,6,1.0,278
MOT20-03,2197,628,511,668,266017,f1188e36684795b523f0cc0be20bd5706e62e0bcb56fd4ecbff96d8d75def43c,other_target,dual_retention_add,candidate,175915,2500208,668,0.8541621565818787,0.5934697471124453,0.5934697371855956,0.7301902318784484,633,0.9999999774943328,6,1.0,278
MOT20-03,2198,637,522,510,266042,e8c6907c0191838db13c99123b055674268716a0fa056b27e233c5e8a8d43dc8,other_target,dual_retention_add,candidate,175969,2501831,510,0.3788370192050934,0.5945405401046949,0.6915002203030762,0.8084512080694995,702,0.6773595585682174,11,0.6666666666666666,707
MOT20-03,2201,609,617,720,266639,7fd3b1ae8e1227f4355f2e76f5f6b166cb9bce2cc60ce4c385079d518401ec4b,other_target,dual_retention_add,candidate,176143,2507646,720,0.2711349129676819,0.7471256136290582,0.5523282871673976,0.9270054257692071,613,0.6806784541662861,2,1.0,527
MOT20-03,2202,628,511,675,266810,e5f17797706aa81f63aa141972fe41236ad2334068a7393153f4184226b34505,same_target,migrate_replace,candidate,176172,2508384,675,0.8273240923881531,0.7293948367251503,0.6827723723717096,0.6197432199896783,629,0.9051423434804798,1,1.0,6
MOT20-03,2205,628,511,675,267326,a28c1375ac32ffd7086db77e1a37e2faca19422380c6578f6e7df78e685567ed,other_target,dual_retention_add,candidate,176324,2513292,675,0.8298652768135071,0.7997158237799584,0.7046870059209985,0.7269344031630874,629,0.8427108049978814,9,1.0,68
MOT20-03,2207,628,511,675,267669,5679e111cd9351044616106afe68477f731111d01d54ebcd8936292ea63c18f3,other_target,dual_retention_add,candidate,176423,2516547,675,0.829565167427063,0.7492900882468305,0.7492900640193295,0.8100749302214811,629,0.9999999651737095,9,1.0,68
MOT20-03,2209,637,522,510,267937,7a31e0ec2be97682e63611c3320347d99ef9e445b3d618548758492d5644f905,other_target,dual_retention_add,candidate,176529,2519795,510,0.7824884057044983,0.5734451937745525,0.5734451825395642,0.8152073945460855,702,0.9999999814675437,1,0.6666666666666666,8
MOT20-03,2209,628,511,675,268012,74dcd5668617f1b6d69a9d8f01e11d68c76ed9cbfc46400eaa04481df6bda110,other_target,dual_retention_add,candidate,176527,2519787,675,0.7664609551429749,0.6916706378533733,0.6916706168393375,0.8537754385394656,629,0.9999999666108911,9,1.0,68
MOT20-03,2211,628,511,675,268351,b33720b63954d2f5799fc13a6d89a9758fe78e2775141cc391b083afb21f00f1,other_target,dual_retention_add,candidate,176651,2523885,675,0.830406904220581,0.7838946769263102,0.8139059197652782,0.8635287609427365,629,0.9462785033564133,9,1.0,68
MOT20-03,2212,637,522,509,268446,d01694fed4ddf71bc5d5ad03984ec5ac59444ef2742fe8c116805d999b66768a,other_target,dual_retention_add,candidate,176686,2524639,509,0.5970141291618347,0.6019719187905938,0.45991047004839014,0.8268280322601125,705,0.7490495124471266,13,1.0,113
MOT20-03,2212,628,511,675,268521,6063ee1501df15f5cb01aac25d73d37d773497d8e52c816f2fc922794ad56f97,other_target,dual_retention_add,candidate,176704,2525483,675,0.8355703353881836,0.8127099964996929,0.8263109189663598,0.855104847539238,629,0.9623832888145195,9,1.0,68
MOT20-03,2213,637,522,509,268615,f160fbcd8c4c700be336fe2f659562cbfc606618232f3952c3c2f63b2c2551bf,other_target,dual_retention_add,candidate,176732,2526244,509,0.5050985813140869,0.5214019098186272,0.5214019178088813,0.8324227275668376,705,0.9999999632124278,13,1.0,113
MOT20-03,2213,628,511,675,268688,0107203d9e28222523782eb91f76e169559ab7abde75dfa38aa86c81481480ae,other_target,dual_retention_add,candidate,176753,2527092,675,0.8288411498069763,0.7578756316788074,0.7678997086330193,0.8532467032190959,629,0.9752024313120778,9,1.0,68
MOT20-03,2214,637,522,509,268783,66b94d172dc860a2ec18cacf667243c3e2dfb34ae4d5a66142cf85f9ca55dfd2,other_target,dual_retention_add,candidate,176811,2528682,509,0.3628838062286377,0.6643746541195188,0.4256488055798236,0.8655972012297724,705,0.55812960837626,13,1.0,113
MOT20-03,2215,637,522,509,268951,a01696e7ee3dd95c29e33a5b29e868a3ef52f4ea7e2a2e26765f3f41e4a1158f,other_target,dual_retention_add,candidate,176833,2529435,509,0.4163096249103546,0.7290342499738227,0.45946394707508686,0.8409049128009536,705,0.5549620505825735,13,1.0,113
MOT20-03,2216,637,522,509,269120,8cf5659305fdf935d88f62fe8e037fa25915592aca6747057a95f3f9c3f09899,other_target,dual_retention_add,candidate,176909,2531963,509,0.24448567628860474,0.5759869168590314,0.4784130464340171,0.8320555102893676,705,0.8313251992868017,13,1.0,113
MOT20-03,2217,637,522,509,269291,94158735031a176a6b636692e21ae1b38f048a8d0c7f815dbc07c32c64f4da38,other_target,dual_retention_add,candidate,176956,2533611,509,0.2865604758262634,0.6052044054113708,0.48233822761873685,0.8325116306771938,705,0.7972698513636967,13,1.0,113
MOT20-03,2219,637,522,509,269634,74bf390e285d87f7827f134e43c601ee6c97365e1ba0c75590c2a680f9efc700,other_target,dual_retention_add,candidate,177036,2536029,509,0.37513911724090576,0.7404896615608907,0.46381421013313034,0.8852405055528916,705,0.5280655951515014,13,1.0,113
MOT20-03,2219,630,656,675,269706,e22ccf9b049688cb35ad509d1ac886f3a2efa33ace7b0f60a001d293879afd32,other_target,dual_retention_add,candidate,177040,2536096,675,0.5396623611450195,0.6383694180668973,0.5520068262922251,0.8608763814797047,629,0.8575867480855683,2,1.0,428
MOT20-03,2220,637,522,509,269806,8d9d6a4f6b42f2d7ff2ee97eb44fe486e765757b928445acc18700039392b024,other_target,dual_retention_add,candidate,177091,2537733,509,0.4223514795303345,0.6914252516739139,0.5113429271378407,0.8569731934093657,705,0.6592547695704892,13,1.0,113
MOT20-03,2220,630,656,675,269878,3f89a2b27b42c9c2ef895461978e757153510ee746fd0e910ff0ad99a5265a4b,other_target,dual_retention_add,candidate,177090,2537722,675,0.6843869686126709,0.5565122609652579,0.5565122433907741,0.8822284655397284,629,0.9999999484622766,2,1.0,428
MOT20-03,2221,637,522,509,269978,0abc908b36717f093ad274d509e3b6083a6b97fda94fd6cd9fc35c9d6ec6f0f3,other_target,dual_retention_add,candidate,177145,2539411,509,0.3039260804653168,0.7179463881789937,0.49105402694678474,0.8653370887957405,705,0.5314037466757617,13,1.0,113
MOT20-03,2222,637,522,509,270153,e30b1c9c2da6d512b89e81a9530bf0e8bd105e29ad4878d58b3fe27064d99a53,other_target,dual_retention_add,candidate,177186,2541068,509,0.3373110890388489,0.7249374523226886,0.47669329936534743,0.8288286040291879,705,0.5762095920866693,13,1.0,113
MOT20-03,2223,637,522,509,270327,9bfd01af6ada5fc865be0c802bfc1a5eee992003a3f7d1634867576923054b3f,other_target,dual_retention_add,candidate,177239,2542773,509,0.15498539805412292,0.7370165262655386,0.5104204812553739,0.8171234235720355,705,0.5616866204151026,13,1.0,113
MOT20-03,2224,637,522,509,270503,5719472f4a9095450c412b19d1b76e3fd61a07c892a8240db3950fe205439bf2,other_target,dual_retention_add,candidate,177296,2544471,509,0.764602780342102,0.5670654383706352,0.5670654377924271,0.837656926322426,705,0.9999999843050635,13,1.0,113
MOT20-03,2225,630,656,675,270753,c084776a7bffa69238a5c22e3da3af4866eb4d1e35077599cb24673ae74301dd,other_target,dual_retention_add,candidate,177343,2546205,675,0.8342709541320801,0.784013129844681,0.6366215425879049,0.8257650416362897,629,0.7848540713199792,8,1.0,5
MOT20-03,2226,630,656,675,270932,6c6caa6569652d9d7f9d7e31c7126c1bcd63e4f17cac2520483961fcb2aa8e76,other_target,dual_retention_add,candidate,177399,2547862,675,0.8585994839668274,0.7121721222391703,0.7107374779830922,0.8357338348588029,629,0.96468726206447,8,1.0,5
MOT20-03,2231,647,882,809,271865,1f56cc14a15ef5d0c6fecc1d6da71ab8311400b88b5266494d5573ab558ae51a,other_target,dual_retention_add,candidate,177646,2556233,809,0.6399303078651428,0.6034298199613536,0.5875341749174705,0.681431791230624,650,0.971611589776917,3,1.0,38
MOT20-03,2232,647,882,809,272043,88fec50ebd6455cf356d9681ca9b3f2f0732cef98f42b7bed21c4a8afa174dae,other_target,dual_retention_add,candidate,177723,2558879,809,0.7887121438980103,0.6242932111585702,0.6124664801434329,0.6398260855528058,650,0.9790617505173864,3,1.0,38
MOT20-03,2233,647,882,809,272223,9bf69fd26ec0bd8bac02ceaaa4010fbffd53a6c31bd37a47fef34d9ddf2bf080,other_target,dual_retention_add,candidate,177750,2559658,809,0.7343002557754517,0.6214456886954354,0.5896904726406911,0.6105840632386379,650,0.9386414075006255,3,1.0,38
MOT20-03,2234,630,656,675,272361,3072331f90384f7ff0ae8bf1b06aeba85257acba39d5e2f1d5fc07366ded0420,other_target,dual_retention_add,candidate,177801,2561327,675,0.6015836000442505,0.7261798578131765,0.7261798644415061,0.8849633637318449,629,0.9999999834405061,2,1.0,8
MOT20-03,2235,630,656,675,272543,676e26b105ea2849cb570871783826311f7903d932cc8104c27b9fb556395b9f,other_target,dual_retention_add,candidate,177855,2563164,675,0.6710132956504822,0.8824797511900196,0.7699534936033218,0.8116759735729381,629,0.8177009466118614,2,1.0,8
MOT20-03,2238,195,725,745,273095,ec1eac2733d7abe61cf5f53a11b398f705bb612d5500bac33a904daed9f3ec22,other_target,dual_retention_add,candidate,178012,2568665,745,0.7472831010818481,0.5183588447294086,0.4783183519392104,0.7233667920870113,196,0.9227552626962507,8,1.0,77
MOT20-03,2239,195,725,745,273274,45d57898c14b8a1eacc5b2bfc532ae4c70a5f24e6efc9986470594c5ecce63bb,other_target,dual_retention_add,candidate,178059,2570305,745,0.2725556194782257,0.5193946834671801,0.4618209430596707,0.7369539393671747,196,0.8891522338596534,8,1.0,77
MOT20-03,2243,630,656,675,273988,66a8cf5e51d40fbf83540897bcdade302639dcf92367450674627ec91f71a262,other_target,dual_retention_add,candidate,178259,2576485,675,0.8320267200469971,0.8584084457643695,0.6462778876025681,0.8616862894127517,629,0.7513306497409458,1,1.0,18
MOT20-03,2244,255,549,603,274124,cd9e9d825342a7032347fd15b12f4f353795173744ec4328f9a7ef1b96993ba5,other_target,dual_retention_add,candidate,178339,2579097,603,0.511526346206665,0.894270973535571,0.6574614204878764,0.7578108315808124,698,0.729607407911741,2,1.0,714
MOT20-03,2245,255,549,603,274303,36c94263a7b44097b5fb5ebd6c720f6f69c1da8c2c38dd2496c374638cd61bff,other_target,dual_retention_add,candidate,178369,2580148,603,0.7491642236709595,0.8772819036633678,0.7038752542992385,0.7579945103276824,698,0.8006063562369031,2,1.0,714
MOT20-03,2255,630,656,675,276161,9ce75845d68f6e403c231fc28ef36a251479c6b9cd7e39dfba83a87a00f8df88,other_target,dual_retention_add,candidate,178870,2596706,675,0.8292309641838074,0.7496912891172272,0.6760462284729086,0.8722724504724908,629,0.8999717752270708,1,0.6447368421052632,87
MOT20-03,2263,576,810,800,277646,c9d5cdb778fd3d1a7ab1a66bfa53613a7dcdb0ce63c2fd7ac3408b3f9cf8e4fe,same_target,migrate_replace,candidate,179311,2611178,800,0.8109973669052124,0.7390653173273996,0.7262495472519884,0.6232644012261279,545,0.9595436887843571,4,1.0,135
MOT20-03,2264,576,810,800,277824,bbf3db0e56078b145d452322d332c167243de577f9d33345052d7803dd494402,same_target,migrate_replace,candidate,179359,2612759,800,0.7408419251441956,0.8955944584982921,0.7267286698174767,0.6753529541406124,545,0.8021699904040258,4,1.0,135
MOT20-03,2266,576,810,800,278173,8922dbbeb8adafddd70f17fd69948cdea82eff5cc0bc29e973c47133cf676d44,other_target,dual_retention_add,candidate,179462,2616013,800,0.3692778944969177,0.7827783030492966,0.6353589750866871,0.8385168800911291,545,0.5076964467861917,4,1.0,135
MOT20-03,2270,576,810,800,278880,c98f73442bb3036e3df7a77dbaa747a30e79b1730ec7428abbc9a3045903c56a,other_target,dual_retention_add,candidate,179668,2622473,800,0.46418002247810364,0.7676086786963229,0.7171609102752015,0.805328197635413,545,0.8976269033623936,1,1.0,5
MOT20-03,2273,576,810,800,279403,94c2f4f4440b531d98fbc4db2052d74bdfc26830b17ad0187c83fe3bb566ed1b,other_target,dual_retention_add,candidate,179820,2627348,800,0.3326611816883087,0.7870853399771303,0.6973185719950435,0.8287692192465307,545,0.7840087563999152,2,1.0,11
MOT20-03,2274,576,810,800,279576,bb1672ed3b8e4aaf092e244406c2a7046fe7f729a3dc5fcd69b4bf697cd9ea80,other_target,dual_retention_add,candidate,179871,2628935,800,0.6114256381988525,0.7604550371029949,0.6956250872134159,0.8464160441382009,545,0.8766044381981438,2,1.0,11
MOT20-03,2275,558,909,807,279754,2baca5c0e3a150ce3abb679b9339c1f6f8e49ccaa709d7f59bddae4c0e96cb5d,other_target,dual_retention_add,candidate,179901,2630199,807,0.2271764576435089,0.6552916985094842,0.35992859170720654,0.7910303520160057,509,0.534030781608786,5,1.0,40
MOT20-03,2319,157,762,793,287407,add8bcf66b0c8eb56fc225d25dc7b8dd04dba1d41a672859130a858e0d71f3f8,other_target,dual_retention_add,candidate,182159,2702448,793,0.8115686178207397,0.8878307404128314,0.6629324276565606,0.835726238046262,156,0.7162369289411774,2,0.9728682170542635,343
MOT20-03,2320,157,762,793,287579,a4131ac5c6c979a5f96869e04d5ace9dd38e32eb00ba5769aa1002b7c34f3667,other_target,dual_retention_add,candidate,182215,2704116,793,0.7068686485290527,0.8193161415372185,0.6986847248454519,0.8568411076535833,156,0.7087225334370254,2,0.9728682170542635,343
MOT20-03,2323,613,720,611,288045,db8954fd1d8b936cb2a7bae1fdc4408d5c212bcabe86a03525730e28a0ffaad2,other_target,dual_retention_add,candidate,182342,2708379,611,0.26840537786483765,0.7283186423700864,0.6399521361992316,0.8173839957929518,233,0.8448922781906937,1,1.0,420
MOT20-03,2333,612,630,940,289967,0be6d3ebb62be9a038a8c5090285ae894462b02ca9b2526a091aa23ab0ff42ce,same_target,migrate_replace,candidate,182880,2725792,940,0.5135751962661743,0.8293536749442542,0.7252142133793484,0.550852432811863,698,0.8646632268131645,6,0.7142857142857143,631
MOT20-03,2334,612,630,940,290146,2a5800ca3016a4056e9f8a6ac8685f9768ea19eabaa0cda65ddf1a66b0405df2,same_target,migrate_replace,candidate,182929,2727480,940,0.5693567395210266,0.7110719165296017,0.6624195539354453,0.5305355993880828,698,0.9295781420814444,6,0.7142857142857143,631
MOT20-03,2335,612,630,940,290326,30dc2027e45ce4c2f22422ca1ec77a9174c78bc2e2a34f82d070f902e63383ab,same_target,migrate_replace,candidate,182948,2728394,940,0.6285233497619629,0.7602246284254512,0.7407599343296374,0.548497066209392,233,0.9617424473986907,6,0.7142857142857143,631
MOT20-03,2336,612,630,940,290506,af22f9766112baf2fc1936eb38b24d5edb94829f5424ca5f0d1634dd2aab5fa2,same_target,migrate_replace,candidate,183030,2730859,940,0.5821532607078552,0.6936070457829698,0.6900148293416581,0.5402062431368255,233,0.9763002982314433,6,0.7142857142857143,631
MOT20-03,2337,612,630,940,290685,38579058e26d0544eacaab02b08d9247d9dcf19d30de5b72266bc604b62bd37a,same_target,migrate_replace,candidate,183078,2732581,940,0.5575689673423767,0.6680296002681897,0.6616405931149324,0.5397814609959873,233,0.9118135626358148,6,0.7142857142857143,631
MOT20-03,2338,612,630,611,290726,3b687d86e61f131abcdd7d23907451ab236b15454e5da1a06005c59dff9ea8cc,other_target,dual_retention_add,candidate,183099,2733521,611,0.5668712258338928,0.5460389156426313,0.4467190782756113,0.9249045189155807,233,0.8007815850077928,6,0.7142857142857143,631
MOT20-03,2341,236,516,431,291378,ff356038db1e39e8d247d34dde2688a9c7666d63cdd23d6c5bfbfac00bd79d6b,same_target,migrate_replace,source,183243,2738365,431,0.5273336172103882,0.6026102158218818,0.8035021814868755,0.3491083162050641,229,0.7234454429501896,1,1.0,866
MOT20-03,2344,236,431,516,291975,d5affd510af2df597e133540b79d9bef8bbf1180e9c8072ccbd59573c858cb28,same_target,migrate_replace,source,183430,2744843,516,0.40452831983566284,0.6142656989391025,0.7889264494082022,0.33750658398621886,229,0.7268984859732989,7,1.0,3
MOT20-03,2345,236,431,516,292161,05d702e8171baf8bcca955c0638651405175aa25f09c889f578f4bda89fb4dc1,same_target,migrate_replace,source,183452,2745502,516,0.34877488017082214,0.5758931934676751,0.678678418101092,0.2843609915075045,229,0.8416486941161612,7,1.0,3
MOT20-03,2347,236,431,516,292533,4355d49af00d6f5542412e9f7c4317af9d26cacdac04c06b6f112e5462b8cb27,same_target,migrate_replace,source,183553,2749026,516,0.49165230989456177,0.7772345808980718,0.7976904033453535,0.3352968283897117,229,0.7392790173955491,7,1.0,3
MOT20-03,2348,236,431,516,292719,f808f70f8cb95d63ba45747f7415e3fb7e38f7476433b29133df07dce7ff5b63,same_target,migrate_replace,source,183634,2751940,516,0.36317768692970276,0.8315543637342824,0.853535186760989,0.40862475591283903,229,0.8007273300826522,7,1.0,3
MOT20-03,2349,236,431,516,292905,92edeaa0e908e0323ddf995353e9874f0658e182067afed51be08c0d6f60c8ae,same_target,migrate_replace,source,183649,2752518,516,0.29200252890586853,0.6571321869351675,0.7462315307696143,0.46718244601052644,229,0.5066641151842344,7,1.0,3
MOT20-03,2350,236,431,516,293092,71f657844c3486d6b78450c7dbb36baba4995b715cdc871fe63e62f006667f8b,same_target,migrate_replace,source,183735,2755474,516,0.3431728482246399,0.9186379599588869,0.9186379628306528,0.4075371494317516,229,0.9999999684894558,7,1.0,3
MOT20-03,2354,610,617,611,293693,4dff01fccc6e454d974c30aa687237c9c111115b3331363ed5cda855ee09d4e9,other_target,dual_retention_add,candidate,183927,2761807,611,0.6430956125259399,0.8670453529166692,0.6936863891237456,0.8570554099956718,233,0.7729254094278821,7,1.0,11
MOT20-03,2355,610,617,611,293880,26c103651707b3cc65674344b6f1ba36f6e46378f1d3c38bf0548b51885e4319,same_target,migrate_replace,candidate,183974,2763526,611,0.7497212886810303,0.8642802584967114,0.8024078918903528,0.7859762500915148,233,0.9139642756081205,7,1.0,11
MOT20-03,2356,610,617,611,294067,b9597944699ec9e440f94bc06438edafd3faebfa14d1a1b3a2064d31dba43ec3,other_target,dual_retention_add,candidate,184026,2765239,611,0.597496747970581,0.8981687683733175,0.7562800432846943,0.8467877479386106,233,0.8021041954200959,7,1.0,11
MOT20-03,2358,610,617,611,294441,c831d0911659976db35815ec2757c1b626893630d6c66c62767052bc25b54486,other_target,dual_retention_add,candidate,184122,2768634,611,0.6093094348907471,0.7251006655221837,0.7251006467424406,0.857851165423278,233,0.999999972295099,7,1.0,11
MOT20-03,2359,610,617,611,294629,51155db6696413e65a1cec0bcdc0028478f5297f8d5c5c81e21a1525421624b9,other_target,dual_retention_add,candidate,184178,2770417,611,0.6720941662788391,0.8007286023704925,0.6857261622370651,0.8094719695831071,233,0.847992187268499,7,1.0,11
MOT20-03,2359,505,909,807,294689,ec3bee7d596fa59a0d1bb2ab8b9ae04ecf3606053b2487817d3f0424566f0f09,other_target,dual_retention_add,candidate,184205,2771172,807,0.7381200790405273,0.6342850940450501,0.5649527790343257,0.9447651754322259,509,0.8341491711955918,9,0.9285714285714286,27
MOT20-03,2360,610,617,611,294814,7670dfdced8ad6472c64ac16b8ac43539a5919d4e231549a73c2ec7a582614d2,other_target,dual_retention_add,candidate,184225,2772139,611,0.6584786176681519,0.6393076305979813,0.5853313829540746,0.8635866040846368,233,0.9096420343867855,7,1.0,11
MOT20-03,2360,505,909,807,294875,a17d8198d1aef1ce48555282844b1ec77e419617b6ae7d08938fe34400dee06b,other_target,dual_retention_add,candidate,184235,2772566,807,0.13131551444530487,0.591239998410026,0.5975071000974818,0.8958790909090902,509,0.6285639102707306,9,0.9285714285714286,27
MOT20-03,2362,505,909,807,295243,280ed13ea906c143ec770e95936db49e409e3dd0038de5a0b7f66e8b24bc368c,other_target,dual_retention_add,candidate,184334,2776179,807,0.7555290460586548,0.6185393987803415,0.6185394038056616,0.8827246843784705,509,0.9999999780261019,9,0.9285714285714286,27
MOT20-03,2364,136,813,888,295657,320a9eab7a588661035291c5198f85bc02fb33328a70121146ee5b39599915c1,same_target,migrate_replace,candidate,184459,2780093,888,0.7538217306137085,0.8951198082200191,0.7971691079732203,0.793119636678946,137,0.777206962079165,1,1.0,232
MOT20-03,2365,137,888,813,295907,bde183ad504e2b5024bbbb9eb77ad61b65e7741928f72f973d33ba949f056f9b,other_target,dual_retention_add,candidate,184508,2781800,813,0.749611496925354,0.8222864827807712,0.6172650649763863,0.9063670646752113,136,0.7085362935084031,1,0.9925925925925926,175
MOT20-03,2366,616,547,564,295914,85bed40897158ced6cc01692014e537b5cc8de4d2b39625276c85ec5b6a49380,other_target,dual_retention_add,candidate,184526,2782602,564,0.8293680548667908,0.5201259795611357,0.520125969253834,0.7680585374481973,220,0.9999999627975718,14,1.0,831
MOT20-03,2366,136,813,888,296092,30b3783edc14ffd7e5f49386a394c2a7fb925564cef4582ef7d223a6d721f850,other_target,dual_retention_add,candidate,184561,2783607,888,0.716871440410614,0.9127259516030068,0.7491702273333951,0.792158820451983,137,0.731329893629357,1,1.0,40
MOT20-03,2375,616,547,564,297597,bb0e56ac32d757dee29f1b585702d800a375ac79435f75e8e0ff54205d6a9f32,other_target,dual_retention_add,candidate,184992,2798563,564,0.2770008444786072,0.837061297031082,0.5312173115757919,0.7904660861161589,220,0.5166203100481184,14,1.0,831
MOT20-03,2388,139,781,863,300150,cfb4dce7ee78320f3c43b7ebf1d0d0a9dd6a19366b3d6cb35cbab2776972e2fb,other_target,dual_retention_add,candidate,185670,2822096,863,0.8253010511398315,0.7669499679341453,0.7330076183494376,0.8065488709357878,140,0.9352413368263311,4,1.0,317
MOT20-03,2389,140,863,781,300422,42ee11a0fe27fad2fcdf2ab07d5f8bcbc4e25386479cf2549776256b1ce18684,other_target,dual_retention_add,candidate,185717,2823850,781,0.6324449181556702,0.6882245619201445,0.6515748911020474,0.7792202319040813,139,0.9468856581021959,10,0.8571428571428571,199
MOT20-03,2390,140,863,781,300608,9c0fac17f2f0a99e0633805c86d467da1e4070c5ba1267bb16a96f793a337024,other_target,dual_retention_add,candidate,185768,2825551,781,0.7752962112426758,0.5723246297166557,0.5612620216203384,0.7991563880304734,139,0.9774793379614282,10,0.8571428571428571,199
MOT20-03,2391,140,863,786,300667,564109d90a3d959640a8caa48da99a8212be1f12b792170868506b4a0d51abc2,other_target,dual_retention_add,candidate,185821,2827280,786,0.7714720368385315,0.5626826741530705,0.5626826633194033,0.84611143794994,142,0.9999999750093483,10,0.8571428571428571,199
MOT20-03,2392,140,863,786,300852,d5de14fa329ed007c339f1f6340020794eea528372b51edf8f299b15769197f3,other_target,dual_retention_add,candidate,185870,2829008,786,0.7092894911766052,0.778610675436433,0.6575866423811307,0.8952280873906661,142,0.8075316554324756,10,0.8571428571428571,199
MOT20-03,2393,140,863,786,301037,8b3a37f5bdf02beb68b9ab676954769ad9e49a8d4367b9e0f63329ee818295fe,other_target,dual_retention_add,candidate,185924,2830741,786,0.7468405961990356,0.760478737714591,0.7205812767096307,0.8803930625101788,142,0.945671459965982,10,0.8571428571428571,199
MOT20-03,2394,140,863,786,301219,4c9ddce3a60dc22ac11db6915807f3c0615edc8ebca427c5b162fbe30c001a2c,other_target,dual_retention_add,candidate,185968,2832478,786,0.8101085424423218,0.8319817944886225,0.7958804624477873,0.8691295251683684,142,0.9143748820499602,10,0.8571428571428571,199
MOT20-03,2395,140,863,786,301401,86b56e691faa53d40a3285b6891301871de548508c0f111dbfc5428b41652bd0,other_target,dual_retention_add,candidate,186027,2834215,786,0.8141144514083862,0.8835019611893437,0.8738839993014467,0.8778870982629967,142,0.9615855418231682,10,0.8571428571428571,199
MOT20-03,2396,243,588,685,301562,af49b021820b20624ea6bc66e8d8a71c088482b526c824e2acd1e9215315ea10,other_target,dual_retention_add,candidate,186081,2836091,685,0.38033536076545715,0.6990206726688876,0.5518531976842859,0.6136905848378179,606,0.7465151686543628,5,0.9831606217616581,777
MOT20-03,2396,140,863,786,301584,a7710f4a7a3024b0977a6b542d721c72c7c3fd6ea12893a9e3b34915af200cf6,same_target,migrate_replace,source,186068,2835926,786,0.8076589703559875,0.866107357575205,0.8661073687766171,0.8228493425779894,142,0.9999999763643876,10,0.8571428571428571,199
MOT20-03,2397,243,588,685,301745,3b6a961eddc0fd4b6425b01a070f8ab1cfda57d4b50b7c127bf90762c18393d8,other_target,dual_retention_add,candidate,186103,2837062,685,0.46923696994781494,0.6819019109577349,0.5318566303715098,0.5726271475905045,606,0.6363908935384516,5,0.9831606217616581,777
MOT20-03,2398,243,588,685,301924,9b2310647d3181dfe9065784810043438edb9a5f7cb8222e1b7bb05d4f3422b7,other_target,dual_retention_add,candidate,186159,2838807,685,0.4150868356227875,0.6064994104829301,0.5280743583501618,0.6388698216333258,244,0.7537990266433056,5,0.9831606217616581,777
MOT20-03,2398,140,863,786,301946,1131438d7299fc2c728c01b7bd3419dba9253de1145749bd27b7be78f88d12dd,same_target,migrate_replace,source,186191,2839686,786,0.8058213591575623,0.7782745772232158,0.8475209107432721,0.7415174810659424,142,0.9160239437009275,10,0.8571428571428571,199
MOT20-03,2399,243,588,685,302104,04c5f401e6a732c832e6bb8a8deb6401e3a4a270f5b17ee645c6c94836246ab1,other_target,dual_retention_add,candidate,186205,2840524,685,0.2870069742202759,0.8298043128835989,0.5197109831861498,0.6230509063850359,244,0.5296169750145374,5,0.9831606217616581,777
MOT20-03,2400,243,588,685,302286,59f1b0d025f081158f4dab0fae7f304e3cd7340fbd7813bec9bd9582e313783e,other_target,dual_retention_add,candidate,186258,2842264,685,0.46733686327934265,0.7686631726716637,0.4381593061267172,0.6063558265593094,606,0.5410412021132243,5,0.9831606217616581,777
MOT20-05,3,555,127,134,564,82f6e7500c80061c7a792982d69e620185a099a0180b2526a0fd5e73c48f8b35,other_target,dual_retention_add,candidate,186792,5703,134,0.8614392280578613,0.8577581006818826,0.6185560925620295,0.9473848003305506,554,0.7148452678276782,2,1.0,4
MOT20-05,4,555,127,134,779,6a94d99b4c57e3af233264428c59530a05bcb049894ddca5831ca7bf201c9de0,other_target,dual_retention_add,candidate,186840,6889,134,0.25888490676879883,0.886510764201882,0.6059254979538431,0.8868224333541871,554,0.6787070145361199,2,1.0,4
MOT20-05,4,573,211,213,857,acc3669f90d45c5056468f248ff9c6760a41c1177e77bad89ae4be068cb704fb,same_target,migrate_replace,source,186820,6663,213,0.775406539440155,0.5340881761515182,0.5340881909512613,0.5259951711295424,349,0.9999999734088111,6,1.0,1234
MOT20-05,5,573,211,213,1071,34b37767358d275b6cf2a1abbc3487dc7d3c8feb13ba51af97004f78f8b8c3d7,same_target,migrate_replace,source,186904,8744,213,0.29706937074661255,0.6895816154135592,0.6895816230443044,0.5101482584348284,349,0.9999999881035939,6,1.0,1234
MOT20-05,7,555,127,134,1420,36500cf35f806736fcca3b702e93d1e1d5de26bded97998861cdab6ffb0aafe0,other_target,dual_retention_add,candidate,187125,13886,134,0.8554707169532776,0.8943849080233895,0.640984556632894,0.7722231718414626,554,0.7130644279957636,1,1.0,24
MOT20-05,8,573,211,213,1708,b94adb39f61690576018a709e4d3c20fb7a284bb45d460aa93f902e8a041681d,same_target,migrate_replace,source,187148,14795,213,0.7142007946968079,0.581576979923708,0.5991077379069704,0.448643458712726,349,0.9510560052104599,6,1.0,1234
MOT20-05,9,573,211,213,1921,8345862105a8b51b018a39c9cd3f7742f220c3e9b122442e14730727f6cf80ec,same_target,migrate_replace,source,187233,16822,213,0.7203207612037659,0.6303738796489061,0.6303738858428143,0.4442553044693724,349,0.9999999893504503,6,1.0,1234
MOT20-05,28,134,42,45,5932,8416fc66fc82a83d373e6d1bf24d4309fe6f19762194b34a33ffeb4b59a666b7,other_target,dual_retention_add,candidate,188862,57007,45,0.8448618650436401,0.9167647883379413,0.696856804084818,0.8581347000441153,135,0.6955928644967592,1,0.9557399723374828,750
MOT20-05,30,555,127,134,6452,1fc9f6b4706ee88c5a1764845085f869994847a84cdb11037e4a2892fc4efb78,same_target,migrate_replace,candidate,189030,61087,134,0.8266307711601257,0.845712536657003,0.845712531602953,0.621225136639458,554,0.9999999852667294,2,1.0,237
MOT20-05,31,555,127,134,6666,a401182cbcb6b6b874976ebff3bfbf7c825e9629811a2c7d766073d14f074f59,same_target,migrate_replace,candidate,189118,63066,134,0.824413537979126,0.8633126560834736,0.8633126416845741,0.5925025256919898,554,0.9999999824061103,2,1.0,237
MOT20-05,31,376,202,160,6690,4509edb8052b4b67f1ee9e72b4170e88722da7f2cd5f5caa57f20cd359fcde1c,other_target,dual_retention_add,candidate,189054,61955,160,0.7060773372650146,0.8429434699552303,0.8429434806664913,0.9270789757479054,308,0.999999982596439,2,1.0,78
MOT20-05,32,376,202,160,6902,275a8d5fa276c814186cb96177fc8beab9dd6e5804f18ab0938c0f1a732aa5fc,same_target,migrate_replace,candidate,189135,63933,160,0.7067592144012451,0.7811766581812265,0.7700926175636357,0.7214422985596883,308,0.949506080584895,2,1.0,78
MOT20-05,35,308,160,202,7605,42e0c8621a0401586b2ad966169b6b1d8f83fc280ac5e63de156dc4107e8e65a,other_target,dual_retention_add,candidate,189377,69871,202,0.7051875591278076,0.6304605425390043,0.6304605428902773,0.8782928148556591,376,0.9999999890988608,2,0.9696969696969697,60
MOT20-05,44,297,150,102,9378,8e059268fb58d102c198bebf63b9f01544a6ac2409bf7d06f728aaea49d3b1b1,other_target,dual_retention_add,candidate,190134,87751,102,0.8183097243309021,0.6241657039273091,0.6241657014864428,0.9389585549359313,380,0.9999999943326351,18,1.0,156
MOT20-05,45,297,150,102,9589,bed739d91aafbd06fb8cee698deaad28e431aab8c673313897b8ccd3e698bcd7,other_target,dual_retention_add,candidate,190257,90346,102,0.849868893623352,0.6048537638777203,0.6048537681479483,0.9302015048529615,380,0.999999976428023,18,1.0,156
MOT20-05,46,297,150,102,9799,ae2d324a5b36a8f03cf5257e685c51f7734e961f499e9b33df77b16809ebf614,other_target,dual_retention_add,candidate,190303,91718,102,0.8421067595481873,0.6467809556073919,0.6187854343509958,0.9597171428571429,380,0.9540671496644128,18,1.0,156
MOT20-05,47,297,150,102,10009,4f8ab419a7d781abb0ada7e5f490bbefb02b1c0c3926c155332818e75cc9d18d,other_target,dual_retention_add,candidate,190420,94233,102,0.8421378135681152,0.6025192176782423,0.6174018780475459,0.9418976948051935,380,0.9627569371140658,18,1.0,156
MOT20-05,49,297,150,102,10427,dbf4a97dba6bc8c352cff5507f1f008eb406d3e16e2e28093bde8ec3c7976cdf,other_target,dual_retention_add,candidate,190587,98146,102,0.6362995505332947,0.5992394649452903,0.608408278587237,0.9013777056277056,380,0.9813584346246119,18,1.0,156
MOT20-05,50,297,150,102,10638,37288444fa6bd464e17b383cf3c2e5286f216972d2071252fa767a1486e33a52,other_target,dual_retention_add,candidate,190668,100055,102,0.8513582944869995,0.6060424465923804,0.5984367902431841,0.8905940476190456,380,0.9846213748198482,18,1.0,156
MOT20-05,53,297,150,102,11271,99fbe02ec03fa77de151f64ee09187dd67ff4d6989a829040c546e76c7c7eec3,other_target,dual_retention_add,candidate,190881,105323,102,0.8414128422737122,0.6166856715570221,0.6166856560726153,0.9386740077720996,380,0.9999999721423325,18,1.0,156
MOT20-05,54,297,150,102,11480,0397bf8cc665fabcbcd886d72f557a01d8f446fcd58611770b0e49f42d46e552,other_target,dual_retention_add,candidate,190998,107797,102,0.8440783023834229,0.6310850645182492,0.6161274701181338,0.9138250756099764,380,0.9660788177114533,18,1.0,156
MOT20-05,56,297,150,102,11901,d7caf9ec5806825b78c90eb24d7cf61a8d0b844cdeae6669f18cefe71492cbd5,other_target,dual_retention_add,candidate,191128,111149,102,0.8289755582809448,0.562858175375852,0.5839495344308598,0.9214962414664745,380,0.953896238994776,18,1.0,156
MOT20-05,57,297,150,102,12111,82ed916251484146aad5315a92f8059b82288d7a6a34d77d7e1990db202796dd,other_target,dual_retention_add,candidate,191243,113662,102,0.8367799520492554,0.5881500093679266,0.5834247226917237,0.9033705179791978,380,0.9632093637909607,18,1.0,156
MOT20-05,58,297,150,102,12321,305ef2fa8bfe68beb0bb50ee56710681cf88f406559573f211f17c9d1164b845,other_target,dual_retention_add,candidate,191290,115051,102,0.8039736747741699,0.5651808677189463,0.5651808684513273,0.8995852027788043,380,0.9999999957015628,18,1.0,156
MOT20-05,59,297,150,102,12530,0aec7802e54deee02e0d36fd70d87b76ddcc9659582fd1dfb827a5d6d449915f,other_target,dual_retention_add,candidate,191408,117581,102,0.8205121755599976,0.5730414396065665,0.5684853555861574,0.9020178030303021,380,0.9760861006699068,18,1.0,156
MOT20-05,92,235,155,34,19296,591ec97dd2f1a0a97bfa7c9510b81ad881316e17793cbb8d963e37cb3ab1c941,other_target,dual_retention_add,candidate,194091,180956,34,0.6215304136276245,0.6948853353502719,0.6119023455902626,0.8449912597847958,512,0.6988671727941942,2,0.8681318681318682,92
MOT20-05,93,235,155,34,19493,1147488e5c6c87a5d4c89cce2c1346b91815539214d3271def5dc49d175b6d1e,other_target,dual_retention_add,candidate,194171,182801,34,0.785035252571106,0.7614674905188763,0.5966927094608024,0.8664998170552144,512,0.7617782712390546,2,0.8681318681318682,92
MOT20-05,95,235,155,34,19888,9dea553574c5245d4d405af2244e9adea96226e47d5e469e6c065f46f69315bd,other_target,dual_retention_add,candidate,194329,186516,34,0.7537347078323364,0.6433789016979282,0.5006062139537535,0.823769368705463,512,0.6960755895348995,1,1.0,338
MOT20-05,108,261,225,231,22510,897fa664bfc14ac32fbcf52e5b74819a45fdfd2473bd496dfb7866eda6b8f6a8,other_target,dual_retention_add,candidate,195454,211185,231,0.3972049951553345,0.6682700299731579,0.40260309264986294,0.8910454583333342,226,0.5262154945384123,26,1.0,211
MOT20-05,113,169,142,130,23413,d3ce4a6cfe9bbd196c5ad57115989f60a5ee98372fcbc6aed5c5f5e58d94eb0d,other_target,dual_retention_add,candidate,195829,218989,130,0.21742594242095947,0.7794489491574901,0.4090876906401987,0.8928741426999934,164,0.5298659502331882,18,1.0,99
MOT20-05,114,169,142,113,23591,7c66988b807055da1311b82a60e982f688f9e78c3a0aef7118ccbfb9696db80d,other_target,dual_retention_add,candidate,195909,220773,113,0.3479974865913391,0.7984099812683446,0.45959283265142614,0.9099069638952456,163,0.5297379726604963,18,1.0,99
MOT20-05,115,169,142,130,23786,5213f686a50cb8f3cb4d2717740fd3b08075863aed3e3177066bb0f15362417a,other_target,dual_retention_add,candidate,196000,222542,130,0.2686426639556885,0.7019836525736195,0.4469667045454836,0.8967911322321727,164,0.5985883458964681,18,1.0,99
MOT20-05,116,169,142,113,23963,493c7041e382052d7d6e69084588d12fe7bb909c7c26f1500ac5cd12e4be2630,other_target,dual_retention_add,candidate,196069,224331,113,0.13837693631649017,0.6683123686163089,0.4654510254202922,0.886886411617489,163,0.5958470803613533,18,1.0,99
MOT20-05,120,177,247,313,24802,3face1b5046f98f2e7067794ab8ab37e2170f6b695e66652a1204d5c594cd2f4,same_target,migrate_replace,source,196438,232622,313,0.7807955145835876,0.8074804720943329,0.822427218027733,0.4688908179010884,147,0.9707807124087833,1,1.0,99
MOT20-05,122,169,142,113,25078,9e7bee0ec16a16ca8a39f0b08972fbe9f5b768d44ebc7973a0821a5e64fed93e,other_target,dual_retention_add,candidate,196598,235810,113,0.698935866355896,0.5374754755529721,0.5272258671584481,0.8696707821336155,163,0.9665008593072879,20,1.0,7
MOT20-05,122,177,247,265,25136,503e6432457928c2c5f77810f2257ce462cb83925e60dcff482788be271a09aa,other_target,dual_retention_add,candidate,196604,236145,265,0.8286373615264893,0.8563271207410742,0.4704257579496473,0.8850727886315896,147,0.514021481859282,1,1.0,192
MOT20-05,123,169,142,113,25263,e75d649c2e7aff90668d0d5c8370c4985d1f1dec5123a4f2deaf3faa17dadb2f,other_target,dual_retention_add,candidate,196680,237542,113,0.8797169923782349,0.5356706678178297,0.5348543677317399,0.8626143110288831,163,0.9667458457949208,20,1.0,7
MOT20-05,124,169,142,113,25450,46fd60c9f7c1f99f0da64cccc7c4110f2c5b3324413fd6b13542c7014fd8f6c0,other_target,dual_retention_add,candidate,196765,239278,113,0.8869683742523193,0.5649306392825337,0.5534186931195569,0.8688388175985188,163,0.9796223724427534,20,1.0,7
MOT20-05,129,169,142,113,26381,a4ca667998d332ff54617e23c4c3c94873c3e78d7817dba581ac23fc41e81208,other_target,dual_retention_add,candidate,197173,247935,113,0.8736327886581421,0.5488161665801495,0.5560225931486532,0.8691508138243406,163,0.9736174911929819,20,1.0,7
MOT20-05,130,169,142,113,26566,c3d6ababe7113fcd6d93d24ead0bbda8ac167621d104510ef69733ab32fee14b,other_target,dual_retention_add,candidate,197216,248857,113,0.3683629631996155,0.5766247545945671,0.5592108695269637,0.8675096947807502,163,0.9527346847081167,20,1.0,7
MOT20-05,131,169,142,113,26751,3ae37eb05dfb231cd7fd067b1e9ca480b1d4a529fea3e546f331064d7e62bdf1,other_target,dual_retention_add,candidate,197295,250632,113,0.44296878576278687,0.5713770380037887,0.5471579306047727,0.8667830874269268,163,0.9485176298783015,20,1.0,7
MOT20-05,135,169,142,113,27500,ec60a1a46742016a4ced875bf5f4b6c413322a9435243583b1d79412aa7a5e22,other_target,dual_retention_add,candidate,197618,257617,113,0.2797268033027649,0.6408171552849653,0.6046656751115,0.8270183818409684,163,0.897729778483686,20,1.0,7
MOT20-05,136,169,142,113,27686,b8db103ade98aec633dc27867e02afa407beb0bde4eb2621569d936bf56364cb,other_target,dual_retention_add,candidate,197708,259354,113,0.3886021375656128,0.695277083256988,0.6072587613204792,0.823486889012671,163,0.57660493336619,20,1.0,7
MOT20-05,136,124,149,129,27694,af18051c1cf06262da2ddee73e6a31467b340e116fd02865aed4cdf32127aaf4,other_target,dual_retention_add,candidate,197748,260339,129,0.3977116644382477,0.6287894097765113,0.5739782244643278,0.8890000252207678,806,0.9121946456194878,15,1.0,707
MOT20-05,137,169,142,113,27871,322269bcd79764637f71ea21b30bfbfa0376707e7e401e7848e05348ac7891b6,other_target,dual_retention_add,candidate,197829,261945,113,0.5532942414283752,0.7385267065466712,0.6311030448604964,0.7617382746135646,163,0.7318403609250874,20,1.0,7
MOT20-05,138,124,149,129,28065,baf0fe5136bb3c4104d6b921cdf4439a47cd556a9a3feb02ef0d45d27e2c767b,other_target,dual_retention_add,candidate,197910,263735,129,0.8416329622268677,0.5797893810929621,0.5837091480336226,0.8602478940858915,806,0.9667429914829471,15,1.0,707
MOT20-05,139,124,149,129,28251,c8d5affc521a8273ca95b133f9b318db2ad9f56417c97a7e57ce3b8d76f9c6e0,other_target,dual_retention_add,candidate,197984,265335,129,0.8088650703430176,0.5788604837625952,0.5788604804727789,0.8561012800888087,806,0.9999999929024886,15,1.0,707
MOT20-05,146,124,149,129,29547,dd25f6fdebda57af04ef918ac25e240f3b9c85b01acf7a1514d6706bbd75c13c,other_target,dual_retention_add,candidate,198565,277543,129,0.8548945784568787,0.583240034820835,0.5832400429541161,0.746391335734621,806,0.9999999868958999,15,1.0,707
MOT20-05,148,124,149,129,29917,cf204016d7f40e530764c7036473e79a29d50bf9f0896ca4d9d18953c1ede0ea,other_target,dual_retention_add,candidate,198727,280978,129,0.5030637383460999,0.8788449413425499,0.5318166612255091,0.7770253883588234,806,0.5247519809259854,15,1.0,707
MOT20-05,160,231,62,8,32058,cdd82e2ea96a69c8f41d308bd5936843557ef7e8a60b9cceb7196708b7b55dd1,other_target,dual_retention_add,candidate,199701,302063,8,0.8633146286010742,0.5945504249926289,0.59455042777623,0.7588685393525448,240,0.999999990535197,3,1.0,230
MOT20-05,161,231,62,8,32244,2fa56b46921daa4ed20988352bed903043cf25384bfc51444cd45ac5abf7bc64,other_target,dual_retention_add,candidate,199785,303833,8,0.8561200499534607,0.6288349665575818,0.6288349680215078,0.7897328330882472,240,0.999999987871117,3,1.0,230
MOT20-05,162,231,62,8,32430,9901402580602acaa912b80237644642afc35cb6bf9a2533d2d559854cc69550,other_target,dual_retention_add,candidate,199837,304832,8,0.19879035651683807,0.8241420953192308,0.62856340255137,0.8126955986615841,240,0.5485489917042605,3,1.0,230
MOT20-05,185,1167,266,52,36779,cafdc32d46b16357c4a190bf225fdafc9015232e384ee70e5de45f3f200fd658,other_target,dual_retention_add,candidate,201752,345735,52,0.42072582244873047,0.8423092492330613,0.6364257292196434,0.9673839815121235,1040,0.7312851497603664,1,1.0,158
MOT20-05,203,145,315,316,40213,6c9ff0137147706b077536edb1f5ab39bd40d8c570f27ae27c9e252c76f84384,other_target,dual_retention_add,candidate,203244,377418,316,0.4285922646522522,0.6426597058293729,0.6821657129484802,0.798994768793151,173,0.9278243932816608,1,0.8,87
MOT20-05,213,81,281,355,42084,54088cb681914f4f72f5a22b93eaabe75d609a4f387db9fd2a09972e91b7a3a4,same_target,migrate_replace,candidate,204026,393341,355,0.4321785569190979,0.7688220753849558,0.7688220701690789,0.3333917772369869,25,0.9999999761950698,9,1.0,193
MOT20-05,214,81,281,355,42269,527ff66bf6ec47e4b773e7b4af4b4192474d66a19812be802f34604a6fd09ec8,same_target,migrate_replace,candidate,204146,396179,355,0.45323625206947327,0.6808938727398872,0.6808938651840457,0.3953807923676596,25,0.9999999832312506,9,1.0,193
MOT20-05,215,81,281,355,42454,a55933fbe68fc384f657abde167a6ea8bd53ba189930600ba492dbe7e0d72d1f,same_target,migrate_replace,source,204189,396776,355,0.2746533751487732,0.8054155649716936,0.8054155695791599,0.2652518740333081,25,0.9999999881006594,9,1.0,193
MOT20-05,216,81,281,355,42639,83038a4b9d1f47ea6eaa362f8934bcb02774a33c3cc0442d83bdc755351b3c1f,same_target,migrate_replace,source,204310,399574,355,0.6139949560165405,0.6546030781313691,0.728739840279759,0.39197834044110647,25,0.8981959445250668,9,1.0,193
MOT20-05,217,81,281,355,42824,7e5891facea64f5324d9d43f2b2d0bb1e6b6d107048dfe08e8a74863f9558a0f,same_target,migrate_replace,source,204392,401284,355,0.6647084355354309,0.6670697109871289,0.7684829761808698,0.3502933372219125,25,0.8443764302836829,9,1.0,193
MOT20-05,218,81,281,355,43009,ec45a77befd0f0fabac32e31f4ac7cf9a5a0382498a3df0e3480e86984c09eb1,same_target,migrate_replace,candidate,204431,401902,355,0.4204562306404114,0.8590395224706963,0.8590395188856693,0.2942949676267339,25,0.9999999793413108,9,1.0,193
MOT20-05,223,169,142,113,43836,d231c4057babe79fae78d9206347894fe0538add7d77310d5e5abea030510d2e,other_target,dual_retention_add,candidate,204869,411057,113,0.8460218906402588,0.5031580775666499,0.5161098899009133,0.8640180028628558,163,0.9781240169667834,7,1.0,120
MOT20-05,223,224,269,123,43841,845d72e417bf49593b37f19b6f842f485a11b13fcbd9020dc0421aeeb3f8fda5,other_target,dual_retention_add,candidate,204833,410335,123,0.1415380835533142,0.5872387207470857,0.3725277720336297,0.8658527514379246,427,0.5081211050598157,4,1.0,201
MOT20-05,247,555,127,134,48397,96a3443087beaaf9af9e8faec22f95fc07d4a7d3964c5a39fb7335c3a401cbef,other_target,dual_retention_add,candidate,206864,453809,134,0.8090234994888306,0.7960653817380003,0.703194441345722,0.9147572985785821,554,0.7005938741959483,1,1.0,251
MOT20-05,248,1167,364,20,48517,f3a46da9aa7ba3763f56a7362a887fd137dfa0e61270a73eb6e88b950f163687,other_target,dual_retention_add,candidate,206921,454638,20,0.7619081139564514,0.5962312421637775,0.5178421199327992,0.9445290043290041,1042,0.861723226466671,21,1.0,41
MOT20-05,249,1167,364,20,48705,7ef24976feeb6a652e7ad8349b43fac5d6c250d9e19a47eb56344a14ff8eeca0,other_target,dual_retention_add,candidate,207006,456373,20,0.856009304523468,0.5690422112569221,0.5416501638948026,0.9163635545196841,1042,0.9500658335020682,21,1.0,41
MOT20-05,250,1167,364,20,48893,13e2f0e3fe2526ef109158f57f203099e6d7f170c67405a3918f02cb4be14938,other_target,dual_retention_add,candidate,207090,458120,20,0.7616078853607178,0.6307665741904414,0.5400199905882362,0.9139096754995166,1042,0.8448249615512057,21,1.0,41
MOT20-05,251,1167,364,20,49081,e47a4a7fb7aa959c18d5c4d7bf90771e326d7ded5fb28b146f3c8b3a617f4931,other_target,dual_retention_add,candidate,207175,459850,20,0.6935105323791504,0.6636527958881264,0.5260236238832992,0.9267020421607376,1042,0.7438375929439809,21,1.0,41
MOT20-05,252,1167,364,20,49268,ece9f077c9755998124b21426deb5f34abf557b689ac4e998e94ed9a2cd2268a,other_target,dual_retention_add,candidate,207248,461559,20,0.6454805135726929,0.6498660416600602,0.5169060875024521,0.9279653481378554,1042,0.736227312621756,21,1.0,41
MOT20-05,252,218,161,326,49402,079e9538a36c53a66c67261a8d7d00ee3186f6d9d02eac4629a27825dafc067d,other_target,dual_retention_add,candidate,207250,461624,326,0.7991328239440918,0.7720971878860953,0.7720971947857518,0.916986504200853,221,0.9999999855257625,7,1.0,477
MOT20-05,253,1167,364,20,49455,e83d116c9065e9ec72721000c43de844dab7227a94c14dc045a4556b43bdb920,other_target,dual_retention_add,candidate,207331,463319,20,0.8682330250740051,0.5408853894843284,0.5217191048677718,0.9321687345558619,1042,0.9590229407413492,21,1.0,41
MOT20-05,254,1167,364,20,49642,7a52c20ab1be7682ff388a9d47f0ffc69dc0391fb99de6beeff61ceff51a8d50,other_target,dual_retention_add,candidate,207382,464534,20,0.2974848449230194,0.6484695437280834,0.5305319416094255,0.9261014358336144,1042,0.7620316712459854,21,1.0,41
MOT20-05,255,1167,364,20,49829,a94778bf54b22a7f907ecde3ee4444870c0da5f6cfc5e526b677032eeadb24fc,other_target,dual_retention_add,candidate,207498,466792,20,0.8694847822189331,0.5636623404941538,0.5372245598072368,0.9024812838279147,1042,0.9494668432631787,21,1.0,41
MOT20-05,256,1167,364,20,50017,d113645afa41684692d8a9faba047706e3cd5c7ef781c233afce064f080adee0,other_target,dual_retention_add,candidate,207582,468536,20,0.859207808971405,0.5796470805008143,0.5486655843073116,0.8785843958272589,1042,0.9431147367206505,21,1.0,41
MOT20-05,257,1167,364,20,50205,ba074794204bc16dc0465affb2b0e0f07163fbfeadae1d0c02e043682e57fedc,other_target,dual_retention_add,candidate,207665,470273,20,0.748384952545166,0.5654324518963553,0.5412795464601213,0.8878398869863392,1042,0.9525850978164665,21,1.0,41
MOT20-05,258,1167,364,20,50392,afc56b80bada37a27294a31974a506e61f22c8b8a0b9f93134546b15c5139d18,other_target,dual_retention_add,candidate,207716,471505,20,0.8408956527709961,0.551946716472061,0.5519467050930582,0.8701771580811241,1042,0.9999999794629145,21,1.0,41
MOT20-05,259,1167,364,20,50581,453347f2a6f9f759175f207aa5ee77a93a03b050ba0f3099ab65de97d4de4105,other_target,dual_retention_add,candidate,207795,473252,20,0.8502135872840881,0.5614515473042194,0.5614515387338984,0.8716983430837635,1042,0.9999999812184955,21,1.0,41
MOT20-05,260,1167,364,20,50769,4b445fb0db91968165b4dcfb9dc68529a7ced9ac44606cfed49f0f2acc8f3337,other_target,dual_retention_add,candidate,207908,475525,20,0.8727012276649475,0.5692517784402952,0.564034991048738,0.8622811707829958,1042,0.9585319878704893,21,1.0,41
MOT20-05,261,1167,364,20,50956,293f33f2f417860ccd2e263b5a7bb02fed3ed49304a37171fbd34228f9aed3d1,other_target,dual_retention_add,candidate,207954,476727,20,0.8733664155006409,0.585335867792029,0.5778339527521196,0.8441049690313109,1042,0.9705355094099822,21,1.0,41
MOT20-05,262,1167,364,20,51143,74466a6dc8443ceeba37c2cd1b42db8151f3c669188f33c65b04771b01652367,other_target,dual_retention_add,candidate,208038,478450,20,0.8773514628410339,0.5903228365663603,0.5903228296829313,0.8321061187789228,1042,0.9999999867359247,21,1.0,41
MOT20-05,263,1167,364,20,51330,e28cc93ebc7a3d87d401450c5b941e1d91b8b11a5361d2bc34216a6332a0bac1,other_target,dual_retention_add,candidate,208124,480166,20,0.8774598240852356,0.6023558134988901,0.6023558154542191,0.8328493828357391,1042,0.9999999912335659,21,1.0,41
MOT20-05,264,1167,364,20,51517,80d98474a4a3f79f0e2cb20b7862260cfb2c1434aeae842e1216c29179fed82d,other_target,dual_retention_add,candidate,208202,481883,20,0.8613764643669128,0.5988746205050268,0.5988746312046996,0.8404746533454028,1042,0.9999999801520583,21,1.0,41
MOT20-05,265,1167,364,20,51703,9ba5811f997777acb899fd427b3140c18c61ed63299db9587001bd944903363f,other_target,dual_retention_add,candidate,208312,484188,20,0.3446340262889862,0.8851560591374756,0.6028091408105223,0.8350485802567854,1042,0.640721774595254,21,1.0,41
MOT20-05,266,1167,364,20,51889,22e89a4d0755a7f3e90812802cf9f58aa04263c24c800944a491f9f3a3cd1d08,other_target,dual_retention_add,candidate,208400,485976,20,0.8764033913612366,0.6171219273577728,0.6314481921323167,0.788957948304824,1042,0.976202078542857,21,1.0,41
MOT20-05,267,1167,364,20,52076,582c589e9b8d897ed3a0f68f75b9cd23e83789a1b4101407bd2a1f7972d1b367,other_target,dual_retention_add,candidate,208477,487633,20,0.22761723399162292,0.8284191915441769,0.6344766812578433,0.793826015763315,1042,0.7430434031968765,21,1.0,41
MOT20-05,268,1167,364,20,52263,4e9032b7bd0a4b7dec444de20d0f82010a5f5ef0c0ce9db796b26e7ce8b5e1de,other_target,dual_retention_add,candidate,208561,489385,20,0.39260855317115784,0.8654926524636989,0.6194957132322995,0.8317214868835457,1042,0.6235922538332348,21,1.0,41
MOT20-05,284,555,127,134,55395,af49e178919d242ed1218f4aee12d01aa30caf677af38f22c53825de19b243da,other_target,dual_retention_add,candidate,209885,518003,134,0.8451327681541443,0.7436014586152335,0.7290668614343397,0.9204610690986827,554,0.7134107738017849,15,1.0,37
MOT20-05,285,555,127,134,55588,014cf4eee877884e569dd155a6d2ec2d28744d2c109ea1f9a9e3985fac8083ec,other_target,dual_retention_add,candidate,209966,519786,134,0.8287132382392883,0.7820018136816088,0.7313522160797079,0.9182556043527996,554,0.7411436889687408,15,1.0,37
MOT20-05,286,555,127,134,55781,ff3cfc5c480455ccb2eeca79909e101a61796c47256a7fa5c76ada2153e81ce1,other_target,dual_retention_add,candidate,210047,521557,134,0.8055213689804077,0.7734539959024717,0.7375851314293412,0.908717729339485,554,0.7385234624181346,15,1.0,37
MOT20-05,287,555,127,134,55975,47f030a267d55b5ed1b9113b73c3bb6340b27625bba34792e10a9a5b204ff87f,other_target,dual_retention_add,candidate,210127,523315,134,0.8216637969017029,0.7734528352450701,0.7336928209953834,0.906026471404846,554,0.7158535739115057,15,1.0,37
MOT20-05,288,555,127,134,56166,5b9f765cc45f6b509e3cdebf399f7b41b80f06b6938a6978b370e14abf45c4c7,other_target,dual_retention_add,candidate,210210,525104,134,0.8202587962150574,0.771915850978281,0.7224243939255544,0.8771599378881985,554,0.7074745361844927,15,1.0,37
MOT20-05,289,555,127,134,56358,b34840f0e48cd9950fab62e21b2ec9edfe6db3f967a71b0663705e88d955f099,other_target,dual_retention_add,candidate,210290,526876,134,0.7947489619255066,0.773084315103451,0.7457034324125225,0.8834945055900362,554,0.7215474124099055,15,1.0,37
MOT20-05,290,555,127,134,56549,980b936c057b37bc34a0fe8ba56e2d4b1b317bbbd8501ae9931c91ecf6115693,other_target,dual_retention_add,candidate,210375,528650,134,0.8150157332420349,0.7930520781210327,0.7507227291499454,0.8726020288386693,554,0.724184876669081,15,1.0,37
MOT20-05,291,555,127,134,56740,bea665baaecc027bd43c3184e4cf53710b5930aa90007435c06be7a3e7012e13,other_target,dual_retention_add,candidate,210455,530407,134,0.8251206278800964,0.785832124799196,0.7325157907001288,0.8652225337683631,554,0.7224753003330924,15,1.0,37
MOT20-05,292,555,127,134,56931,826cefbae0db252be0b1dab36c03f9b3f1c31b53f05fb8b8cdd40e00ba697daf,other_target,dual_retention_add,candidate,210544,532167,134,0.8483901023864746,0.7710263148061951,0.7360081413091785,0.8661101124008941,554,0.727638532226458,15,1.0,37
MOT20-05,293,555,127,134,57123,814ee1f51ff656b2aa2de518321d71520fb2d403935313d55d796eeaa8f7e5e6,other_target,dual_retention_add,candidate,210625,533938,134,0.8386335372924805,0.7840871789496336,0.728539458176111,0.8836393091125665,554,0.7239919949193953,15,1.0,37
MOT20-05,294,555,127,134,57313,e555f03f3dccd80534345c0bef27a034d50c345a974bca30eae06ca5cad2d369,other_target,dual_retention_add,candidate,210706,535712,134,0.8507753610610962,0.7854100776984372,0.723487787142138,0.8833529226580442,554,0.7337210959658772,15,1.0,37
MOT20-05,295,555,127,134,57502,6121a9f314bb351e6e4b127be9a4e75193a9e0a27090b9a8686b7470480591e0,other_target,dual_retention_add,candidate,210791,537466,134,0.8427742719650269,0.7829654514422743,0.7218549055228365,0.8865318471879521,554,0.7457327223443166,15,1.0,37
MOT20-05,296,555,127,134,57692,4086b866c59cebf85e9538c35dae837e0a1970922188055a312691d1537dabc6,other_target,dual_retention_add,candidate,210869,539252,134,0.8277699947357178,0.7922714206249466,0.7312165452225908,0.8873449754814202,554,0.7378091215155694,15,1.0,37
MOT20-05,297,555,127,134,57882,7590f9e1d1dc7bc46b6af31ffcba52b44d5529968c313bf675821bd848700536,other_target,dual_retention_add,candidate,210954,541074,134,0.8387467861175537,0.7904789997389938,0.7448362280801563,0.8821638880966718,554,0.7296960623750327,15,1.0,37
MOT20-05,298,555,127,134,58072,ca3c291088cf1837813f89c32ca2e7e52047642557e11e0e383889b83ea71aaf,other_target,dual_retention_add,candidate,211039,542885,134,0.8249781727790833,0.7975154133871066,0.7392039424210263,0.8815224988255861,554,0.7201459689236308,15,1.0,37
MOT20-05,300,555,127,134,58456,2c20b3ba01db819c1ed23f6324dea6d6be73c7d8a4a8cdbf37bb0e1b7060bc40,other_target,dual_retention_add,candidate,211196,546546,134,0.8554049730300903,0.8237043817182691,0.7411026603096381,0.860326319719737,554,0.7410095970197232,9,1.0,2
MOT20-05,301,555,127,134,58651,e912b05f16a95dad104fe7b4c324451d11a759349e09ca60791a753edbaa1fdb,other_target,dual_retention_add,candidate,211276,548375,134,0.8405106663703918,0.8270820369655156,0.7402970514028788,0.8745122091063573,554,0.7405786469947274,9,1.0,2
MOT20-05,302,555,127,134,58846,f3d2f6ac2eb6a4f18830a2fd2f9a351189c57969d1f5eeba67903bf3bddd529f,other_target,dual_retention_add,candidate,211360,550198,134,0.8501073122024536,0.835975924612148,0.7509899892258836,0.8736562360202287,554,0.7379735510900729,9,1.0,2
MOT20-05,303,555,127,134,59042,95a5e34d3e1ba10a340b96922c57a11dca472c027ea94132e45b36669adcd430,other_target,dual_retention_add,candidate,211441,552001,134,0.844186007976532,0.8497852124312341,0.7404040206772744,0.8660724608028771,554,0.7405595880394042,9,1.0,2
MOT20-05,304,555,127,134,59235,9d3e19e190f9de56d42dbdd053f0cc62a5214a238b368728b42bc091ccfc0f16,other_target,dual_retention_add,candidate,211523,553806,134,0.84443199634552,0.8487097661174803,0.733989674356871,0.8511388214716022,554,0.7319057525137856,9,1.0,2
MOT20-05,305,555,127,134,59429,aaab6700636f106e39a9dd718326be6589fad1d3f1d7fba51142e93e8b956e77,other_target,dual_retention_add,candidate,211610,555591,134,0.8482354283332825,0.8513961273991206,0.7359191951896786,0.894236216381649,554,0.7388870028889624,9,1.0,2
MOT20-05,306,555,127,134,59621,2938e5a158277cde38348dc0bf17a4a6a5af2bd3a1758d160c5197ff9f50503b,other_target,dual_retention_add,candidate,211686,557391,134,0.8535749912261963,0.8727272822079277,0.7448256837377162,0.894883331229312,554,0.7428878314331551,9,1.0,2
MOT20-05,307,555,127,134,59813,265c6c348e3dadcb88cb3ee06846a266d9020e073fe014706683fb07f4b0d17d,other_target,dual_retention_add,candidate,211765,559206,134,0.8280094861984253,0.9211368500924266,0.7443842412145086,0.8611320277947322,554,0.7380069782203829,9,1.0,2
MOT20-05,307,197,93,151,59816,d0cea91f13262469535b15665691b19852910ee3b04fadb8a5acbbaf0ad23ce4,other_target,dual_retention_add,candidate,211753,558597,151,0.36029431223869324,0.5069070426374662,0.656589314492067,0.8284387866235112,195,0.5639081034870489,4,1.0,404
MOT20-05,308,555,127,134,60005,c2117b46cad16d800f898a3c1c2c25d1068bb6d7fe376675bf46bc25db190d93,other_target,dual_retention_add,candidate,211850,561030,134,0.8422709703445435,0.8953939924778781,0.7589488355264205,0.8955441919889873,554,0.7534501441404579,9,1.0,2
MOT20-05,310,555,127,134,60391,d242b67782e1ff35fe78467a403a11860de7d848f5a1de1166af3a23e3e5e77b,other_target,dual_retention_add,candidate,212022,564633,134,0.841344952583313,0.9107879948073543,0.7430813263152163,0.9040212858821549,554,0.719890635517511,1,1.0,2
MOT20-05,312,555,127,134,60776,2d8df006ce93f03e0d6a42f821d6e6010a9381ae5103cb075a697506521ab20a,other_target,dual_retention_add,candidate,212184,568258,134,0.8278884887695312,0.9010658399969652,0.7270358552745743,0.9050472972972972,554,0.7238002564686954,1,1.0,2
MOT20-05,313,1041,282,81,60945,b50f4e905a5fffff612e62245045e9f0eb19113a98859ce13f646abd3de6366e,other_target,dual_retention_add,candidate,212260,569998,81,0.2943316102027893,0.8121334838670659,0.6431796309450443,0.8801741644784906,138,0.5594782851834157,10,1.0,266
MOT20-05,314,555,127,134,61161,ad660c8c748749d35ea4e51658ab208df807e2107eaa11d2bbd009a2136752a2,other_target,dual_retention_add,candidate,212351,571870,134,0.8530485033988953,0.9410331333034856,0.705657442042594,0.9082324866610421,554,0.7152297262838904,1,1.0,92
MOT20-05,330,55,363,288,64351,ee0364f63d728fd9b2e62c1fc03f2365388928294de44a459cde4b08e7e652b7,other_target,dual_retention_add,candidate,213673,601394,288,0.8375400900840759,0.7123358182389966,0.7045567021679526,0.7749761240173423,48,0.9678900081125773,3,1.0,672
MOT20-05,331,55,363,288,64549,d0823b6e66063b7f84ee9168e113ccda79efc79608669cb2d1aac16a8cab2dec,other_target,dual_retention_add,candidate,213754,603203,288,0.7926384210586548,0.6395887820005686,0.6395887796079716,0.7475238425591376,48,0.9999999913717149,3,1.0,672
MOT20-05,332,55,363,288,64745,36dbb201483e5947530e79515e6fbcf8faeba09617610975b53a1a67b9f48958,other_target,dual_retention_add,candidate,213835,605061,288,0.7938284277915955,0.6925981674460462,0.6554716896717755,0.7596919826517718,48,0.9467568120228919,3,1.0,672
MOT20-05,332,145,395,310,64756,22a2329418d021796de0115e513f574e4fc53f313c23792ca1764bf61e317daf,other_target,dual_retention_add,candidate,213838,605343,310,0.2222544103860855,0.8111852577932788,0.6922813596929871,0.847264187572862,174,0.6200304114492364,11,1.0,518
MOT20-05,338,554,134,127,65992,9b0a7c5a95b3f831c4bf1ed79492c9dda57702c3d144ebf2ab88bd9cdad78499,other_target,dual_retention_add,candidate,214325,615629,127,0.8667861223220825,0.9165519453325204,0.652559239329875,0.8687484014655026,555,0.7059414706477124,1,0.9940652818991098,1403
MOT20-05,347,49,279,288,67656,a56663e8f216a5fc96ec7c2de9791fcc6978d13a2f915dc51cab0df97971f148,other_target,dual_retention_add,candidate,215069,631973,288,0.868308961391449,0.7072123558459444,0.7072123516098551,0.9176464174282257,48,0.9999999911336694,1,1.0,326
MOT20-05,372,26,328,290,72586,1fe68f9a23a030dd679ef204f38ec3703506c2289edd4dbbcde2a16821f587db,same_target,migrate_replace,source,217135,677326,290,0.7795997858047485,0.8497314313977841,0.9198161721518541,0.6506484353886087,81,0.8565310453891392,1,1.0,229
MOT20-05,382,49,279,288,74458,fe4dd754e57d949be068bd21a83743d424db34216573d7df4fbf5f25365afca1,other_target,dual_retention_add,candidate,217961,695951,288,0.2778599262237549,0.6592822895003669,0.615617845824503,0.9412065004109106,48,0.9292770915284276,8,0.99609375,546
MOT20-05,383,49,279,288,74654,8aa77018136ace184aace74d45bb024f22a085442a1e27f164c8822c91065a88,other_target,dual_retention_add,candidate,218043,697781,288,0.5602615475654602,0.6658990928537457,0.6247456721052996,0.9248088700542157,48,0.9345789591996373,8,0.99609375,546
MOT20-05,384,49,279,288,74850,f13682209a92de81869f866b0ce5dfb95f4cd2a07cec432b4128f17832a31304,other_target,dual_retention_add,candidate,218116,699147,288,0.8654978275299072,0.6560921328610577,0.6422363996067526,0.9098684448071576,48,0.9585525797500349,8,0.99609375,546
MOT20-05,385,49,279,288,75045,19dd8777755ae6e7d87022e8620893b7e656e632a5a4317c1439c2e8e5b34c1b,other_target,dual_retention_add,candidate,218203,700967,288,0.8776437044143677,0.6552988131224532,0.645025068382402,0.8964788211323327,48,0.96467845508548,8,0.99609375,546
MOT20-05,386,49,279,288,75240,0d88e9a6c32b05fb6c5ebebdb45eec51659204450d70af69dc32623e6576afb8,other_target,dual_retention_add,candidate,218287,702805,288,0.8442419767379761,0.6887225182713266,0.6708800065675569,0.8536506492381215,48,0.959301378158132,8,0.99609375,546
MOT20-05,387,49,279,288,75436,db57f23f3be1a2fb44719f2238e2d9481422a86a6491bbdcda57513391062a5e,other_target,dual_retention_add,candidate,218371,705074,288,0.8286795616149902,0.6766188083821065,0.6531807226349318,0.8834186467422618,48,0.9459945607596238,8,0.99609375,546
MOT20-05,388,49,279,288,75632,0264761e280a643c87bddb28c45981d017ca0189a80c96e7b8ffeeff8e1a93c9,other_target,dual_retention_add,candidate,218453,706880,288,0.7172604203224182,0.6901503881142755,0.6615140731399552,0.8663818070913759,48,0.9406396739869802,8,0.99609375,546
MOT20-05,389,49,279,288,75828,72ab386e65bdfc4dcf5be7dfdbaf84e71456dcf315e5e191a564c1f7ad6244d8,other_target,dual_retention_add,candidate,218533,708220,288,0.19390565156936646,0.8395942332246635,0.6480075092671191,0.8780302400881378,48,0.595225509396286,8,0.99609375,546
MOT20-05,402,194,24,261,78360,0e48a72b0305d61aa87cb507e12b9d77983a6b150758a71fd633855abe0acee0,other_target,dual_retention_add,candidate,219531,730348,261,0.7790752649307251,0.6105852059056005,0.6115890085287263,0.7125456254727516,192,0.9673108056531212,13,1.0,336
MOT20-05,403,194,24,261,78553,ff6cbfd298e45e1689da0a7b27a58d9d8bfe5c2485879567b17c877d1db4d456,other_target,dual_retention_add,candidate,219615,732144,261,0.8270467519760132,0.631341428840091,0.6308691582069287,0.6822837979976515,192,0.97002425263554,13,1.0,336
MOT20-05,404,194,24,261,78745,c9f52fba8021a2cb35a4a53c58df67a0d76168c400c98d9fe1915802abd79d0c,other_target,dual_retention_add,candidate,219692,733890,261,0.5601487755775452,0.565163955258249,0.600965336598639,0.6291375647515262,192,0.9019704820425193,13,1.0,336
MOT20-05,405,194,24,261,78937,a55d1f3f91487593836de1178baa228b8a9c55079728b53797be15a7da4e2fd2,other_target,dual_retention_add,candidate,219823,736105,261,0.793156087398529,0.6207820444372947,0.62078204164917,0.7444391276165214,192,0.9999999708311368,13,1.0,336
MOT20-05,406,194,24,261,79130,114bf63fddffba4841a3add3bfbf882e1f3437c414e294127cc50b5510fa253d,other_target,dual_retention_add,candidate,219861,737455,261,0.5600309371948242,0.5374979269211823,0.5553621815387507,0.8126905815555558,192,0.9481107740609185,13,1.0,336
MOT20-05,406,555,127,134,79215,343b93e4e0259f14249c96ccef0bd37f56891c4199c0f036b13a5931d29a8c31,other_target,dual_retention_add,candidate,219919,738453,134,0.853356659412384,0.8495737165777627,0.7184506265838446,0.9209498672723092,554,0.7277890345430796,5,1.0,101
MOT20-05,407,555,127,134,79406,f5457bb6f5e11310b7842d6bab7f5fbf2bd69d7db03adc24b03d512ea4b0c6cd,other_target,dual_retention_add,candidate,219998,740210,134,0.8479831218719482,0.9067715996843959,0.7268197618281087,0.8972423454476354,554,0.7181749446582345,5,1.0,101
MOT20-05,408,194,24,261,79514,6ca803e04b47bb8c360f2877874eb569c6dbee2957733173549df613a59e6e18,other_target,dual_retention_add,candidate,220062,741363,261,0.7567400336265564,0.5972976654268093,0.5972976684541322,0.7391963006158017,192,0.9999999867587847,13,1.0,336
MOT20-05,408,555,127,134,79598,c6dc5de8e1d9799c5de8d62ab4170f9bfb6baf83c24f14d7dace59948b0ccb1a,other_target,dual_retention_add,candidate,220084,741961,134,0.8518738746643066,0.8720115857112751,0.7187305558724045,0.8958207986382232,554,0.7151133685025468,5,1.0,101
MOT20-05,409,194,24,261,79705,3f1c2597c70f56f1a6e60caf684e2c282b67693bec27ab766077c5a8f0f8ae50,other_target,dual_retention_add,candidate,220149,743123,261,0.8117650747299194,0.5894646863597034,0.5894646791512222,0.7496747903114007,192,0.9999999870395541,13,1.0,336
MOT20-05,409,555,127,134,79789,c2796c442c3b56b902ec216d141980611727e798bd7e2fd7bdb0da988682757a,other_target,dual_retention_add,candidate,220166,743722,134,0.8476837277412415,0.9037398537552039,0.708860347182779,0.8894263199110467,554,0.7132149332395412,5,1.0,101
MOT20-05,410,194,24,261,79896,61346eddaf65c57932eb6bf04bf490e6d408817bfd754fcdad3701be8b8ca54e,other_target,dual_retention_add,candidate,220229,744883,261,0.8148115277290344,0.6089419205843857,0.6089419171907974,0.7268229071164887,192,0.9999999834426095,13,1.0,336
MOT20-05,410,555,127,134,79980,17b853958e179031e3b633d8fdf1275cd4d64543bd136e02100f9f94e7ea1f64,other_target,dual_retention_add,candidate,220250,745497,134,0.8365151286125183,0.9197823846354625,0.7147923867246115,0.8894620837957995,554,0.7131867076269747,5,1.0,101
MOT20-05,411,194,24,261,80087,7c7e14fb73f381d986bbfc7f038c78b870cd11c2dd62ba146a3c49a6b3d2a797,other_target,dual_retention_add,candidate,220310,746687,261,0.7885651588439941,0.5566099542318454,0.5566099543237848,0.7380466276698969,192,0.9999999832229094,13,1.0,336
MOT20-05,412,194,24,261,80279,cbcba0f1c1030cd8bb91b5c2d72f32e76e3f442b3d6875f04a7ee19eacf50b49,other_target,dual_retention_add,candidate,220354,748021,261,0.6085302829742432,0.5134371390688405,0.5461759667797444,0.7456202855966255,192,0.8858250463010756,13,1.0,336
MOT20-05,412,170,408,462,80382,454fd75ec9b920f0e4254b31eeb5d62e9e8666810a93e719754ec379317e5a47,other_target,dual_retention_add,candidate,220366,748197,462,0.6478853225708008,0.6726826176420964,0.5475374572268868,0.7931912973171246,169,0.8079485280002942,3,1.0,167
MOT20-05,413,262,322,465,80573,2896f00e1fabddc4886e9c7737d93436fbba73a903bc11fb248607d32b8085c4,same_target,migrate_replace,candidate,220445,749903,465,0.35303106904029846,0.8558740236172173,0.8558740025205591,0.5485896163278074,166,0.9999999722140455,4,0.9022556390977443,414
MOT20-05,414,170,408,29,80598,5e03faf2e48bbc270fbca925db2bd4c52bfb3dffd818f9373a20e834c6b4d833,other_target,dual_retention_add,candidate,220538,751785,29,0.8937141299247742,0.5607683625320112,0.5607683635297219,0.8327195015081884,157,0.99999999305251,3,1.0,167
MOT20-05,414,262,322,465,80763,a4e6a591d8d287b77fc9eac62a3a7ebf55067d46c82c514505c650f931dcbcf2,same_target,migrate_replace,source,220524,751676,465,0.6384724974632263,0.8751642936436478,0.8751643123208973,0.5587999926341881,166,0.999999977575315,4,0.9022556390977443,414
MOT20-05,415,262,322,465,80954,d34bc352dd0b53f87340d55218f4ddf8055c1e232b3280b6df2f4c5b05574a8e,same_target,migrate_replace,source,220607,753436,465,0.5677370429039001,0.6292929239563425,0.8291624721469015,0.6154757294181383,166,0.725680993372021,4,0.9022556390977443,414
MOT20-05,416,262,322,465,81148,3e840a7dd2473c49f9a4d60b81b048f8a2e1ba196fc1dc0d4fe50949cb4c3717,same_target,migrate_replace,source,220690,755213,465,0.5160283446311951,0.6933689382850755,0.8555288141434865,0.6031048715338573,166,0.7663846158053276,4,0.9022556390977443,414
MOT20-05,421,555,127,134,82089,d12bb124eda65e789abd425c966ec8f8e53b29f4e0705cd7d6911dbbe10c2db6,other_target,dual_retention_add,candidate,221158,765094,134,0.8352621793746948,0.8931031818672778,0.7310803248380314,0.9063237599839857,554,0.705124035764245,1,1.0,146
MOT20-05,424,227,203,231,82574,1e7edb84b68a1154182c962da78c1926cd45ff602d17880894071267031c7bfa,other_target,dual_retention_add,candidate,221394,770001,231,0.8222902417182922,0.7356285400072059,0.7356285444826702,0.8244402313208178,226,0.9999999855920209,4,1.0,444
MOT20-05,425,227,203,231,82764,a679dbe99e6ad68efd22fd1910fa30bdbdacd76406fce50a5a7eec420fbcaff6,other_target,dual_retention_add,candidate,221474,771708,231,0.40048256516456604,0.7444846345824563,0.7356699146484535,0.8309420580409319,226,0.9604848607195066,4,1.0,444
MOT20-05,426,227,203,231,82955,fe9c7381f0a7063e9f24c8c7b2d895f12145e80f5db3d38f820ddd15cf531aa1,other_target,dual_retention_add,candidate,221521,773079,231,0.8297192454338074,0.7614805296688346,0.7501415152652138,0.8105980967665193,226,0.9660915166446651,4,1.0,444
MOT20-05,427,227,203,231,83147,5d10e145a73c33d40aef10ee7aea8646e167ad437d0e6f32fe1cc05554f0c161,other_target,dual_retention_add,candidate,221597,774832,231,0.8501918315887451,0.7481693812033033,0.7272722404018824,0.8185458781453325,226,0.961138348431389,4,1.0,444
MOT20-05,428,110,469,149,83378,eb005d6075c7f5d66fa927c39333a1e252c1e951f219ba00b871b004e4623118,other_target,dual_retention_add,candidate,221685,776676,149,0.2623390555381775,0.5525975180704136,0.5355773512703248,0.8069713985248219,124,0.8917600306458688,15,1.0,224
MOT20-05,429,110,469,149,83570,106602482e8b2f61c96f8637d09892b36047882146862f96948f739c03287675,other_target,dual_retention_add,candidate,221769,778468,149,0.7500755786895752,0.6368573981360616,0.6128858072367489,0.7945582106644049,124,0.8988397889014866,15,1.0,224
MOT20-05,430,110,469,149,83761,19b59645e8f2217568c0026006761f88bae9f7bb3a723c7c43978bd2b7e0b70d,other_target,dual_retention_add,candidate,221859,780236,149,0.3055306673049927,0.6686963198328152,0.6389122815993455,0.8308532037784231,124,0.9495595577365149,15,1.0,224
MOT20-05,432,110,469,149,84141,348d69efa439e79bc63cc79009deb4c3244cf2e3fa5f4fc0cb48c791885492af,other_target,dual_retention_add,candidate,222021,783752,149,0.4609344005584717,0.5060346157951763,0.5279589219850339,0.819816172266474,124,0.9467196159846009,15,1.0,224
MOT20-05,451,227,203,231,87707,d1d2c281442238fc9315274f20e858c9ea04eb06d54e4d38a386089cf2fe52f8,other_target,dual_retention_add,candidate,223620,817820,231,0.7378852367401123,0.732280833710112,0.7202690841662013,0.8326253241800158,226,0.9621115057469632,8,1.0,138
MOT20-05,452,227,203,231,87895,db8c2cbd21e0dd058d80aaa2f8e9de6bc86137587f3923280d95bfe7087a75c8,other_target,dual_retention_add,candidate,223699,819560,231,0.8500030636787415,0.7505710617740928,0.7286219607487074,0.8230742562929069,226,0.9584840075169916,8,1.0,138
MOT20-05,453,227,203,231,88082,1af6051fc107f16b83a7cc380c7faeaf366dad670b96ded494b249074032de04,other_target,dual_retention_add,candidate,223784,821272,231,0.8475644588470459,0.7373059084550165,0.7222951916651918,0.8188299103737605,226,0.9612736361017596,8,1.0,138
MOT20-05,454,227,203,231,88269,3ad36fcccef297a4a5c14b0179757452ff056b8e2ab0823be60469ecf98cc791,other_target,dual_retention_add,candidate,223866,822971,231,0.8341192007064819,0.7269132952158259,0.7389770348850319,0.840181140350877,226,0.9655746419397463,8,1.0,138
MOT20-05,455,227,203,231,88454,cd563012d088634ad28b329187c178865248467064487d3ec8abb9cb24516bff,other_target,dual_retention_add,candidate,223907,824258,231,0.8507956862449646,0.6824300568970115,0.6824300547968394,0.8591593492704038,226,0.9999999924449283,8,1.0,138
MOT20-05,456,227,203,166,88630,a11ceb74a58da207add744a487c41359692fce131810172f062bc99f65bb8540,other_target,dual_retention_add,candidate,223991,825947,166,0.14916405081748962,0.6471027706671338,0.4171973241529137,0.8842699858758587,234,0.6140821791147346,8,1.0,138
MOT20-05,458,227,203,231,88999,36111ffd71e55097222a3a2f2271060557e14ba652c792ed3fb04f0ec93b14d4,other_target,dual_retention_add,candidate,224197,829827,231,0.8344778418540955,0.6325392529122263,0.6325392502520429,0.8997592165470512,226,0.9999999939250176,8,1.0,138
MOT20-05,465,261,410,492,90396,6d7bbfe13b223b6fa4d2945701beb0156ec805fcc3a21d83683669ddac97b6db,same_target,migrate_replace,candidate,224767,841783,492,0.4378350079059601,0.592542814716851,0.5925428060635164,0.5432041825585443,226,0.9999999848365804,10,1.0,161
MOT20-05,466,88,290,361,90509,f0189ee4ef8dcde4bd9fdde3652d88ecc140b10cae4d4add3cbdef8ab4723877,other_target,dual_retention_add,candidate,224838,843301,361,0.11872248351573944,0.9238772783823892,0.5132018448341982,0.8926054206965977,87,0.5179463521486681,4,0.9090909090909091,96
MOT20-05,467,261,410,492,90765,9c5096a1a97bc1d53711e17c7de273c4a02646372bf216fd03ac88c0cddac563,same_target,migrate_replace,source,224935,845206,492,0.25834181904792786,0.5822309287648798,0.6813223126922409,0.3576358989346819,226,0.8442803440586738,10,1.0,161
MOT20-05,468,171,148,191,90830,1deafd3c0a0b444af4c0d42e4075ba08b60bcc00fbe3edf9ef5c65c70bad2c59,other_target,dual_retention_add,candidate,225022,847156,191,0.6160961389541626,0.7584932513230142,0.6346450197111501,0.8876525773157099,172,0.8039318404620475,1,1.0,518
MOT20-05,468,173,316,321,90862,d7b19b6d95ac589afa68e148adbace9fe32d7b61216d7fe49445699f5be520a0,other_target,dual_retention_add,candidate,225032,847462,321,0.795034646987915,0.9019661275555312,0.715987356608392,0.728419014892042,146,0.7311348702481746,1,0.9970674486803519,386
MOT20-05,468,261,410,492,90949,9affad6b69101d20782a0529d81e64dc637c663e1ef44e1a0fb44da995f95963,same_target,migrate_replace,source,224978,846529,492,0.20843562483787537,0.5612011599976197,0.577171514400016,0.3147115737983631,182,0.891178926061636,10,1.0,161
MOT20-05,475,234,166,454,92213,268a591859a6b2d088864da8b3f379e85938673c65acf95fbf1eb64e922ba38f,other_target,dual_retention_add,candidate,225585,859001,454,0.7335454821586609,0.6513368392750764,0.6545025927711214,0.890133472792263,1117,0.928979616174759,7,1.0,487
MOT20-05,476,234,166,454,92397,494a63c6704e231b9f29bbd99aca5c2e2ffd92d3a694cb58ce7972f8cbb0f8c1,other_target,dual_retention_add,candidate,225666,860699,454,0.7252213954925537,0.6832307672616919,0.6893987499133952,0.8664184135580395,1117,0.9262053096144753,7,1.0,487
MOT20-05,477,234,166,454,92580,d4d87066444f72196fe60f1905085fa008a59bd79f708c4d2381fb4ba53861dc,other_target,dual_retention_add,candidate,225709,862003,454,0.806425154209137,0.7234931875319865,0.7080544280429836,0.8415490183370842,1117,0.9504950267128403,7,1.0,487
MOT20-05,479,88,290,361,92902,e439805cd7fa22d567d5170cb0cf74def4dd81dc10c479b7d23435dc0c52d3c6,other_target,dual_retention_add,candidate,225937,866532,361,0.4036073684692383,0.8165449577019824,0.4896242430445977,0.7748554523873488,87,0.5991504917792119,5,1.0,187
MOT20-05,480,228,23,296,93062,138510a091fc1d3006573dda2ddc29dae9ed6ad12dd02498c06847a3b988c125,other_target,dual_retention_add,candidate,225989,867467,296,0.6697257161140442,0.7767086932685735,0.5595696815062297,0.9123949149424276,167,0.7140020814742728,10,1.0,505
MOT20-05,480,234,166,454,93126,50962bc9b7bb1c9d87b29642609a47adc894da1f2a6146263e63eb81109baa73,same_target,migrate_replace,source,225990,867498,454,0.8124967217445374,0.7858747570964184,0.798071516827211,0.6690396431445081,1117,0.9744179904410575,7,1.0,487
MOT20-05,481,228,23,296,93245,1daa5d3aca634743167b5da6ab319029c355073898ead3398e8f16d8fcb1d309,other_target,dual_retention_add,candidate,226081,869257,296,0.7865149974822998,0.6259339042640576,0.62593390471974,0.9064366980503654,167,0.9999999940161421,10,1.0,505
MOT20-05,481,234,166,454,93309,9a9a965dfd21f8fb25a9bd770781f00815ace9b4be31b32ed6e91cc40602244b,same_target,migrate_replace,source,226077,869196,454,0.7935988306999207,0.7698154237406941,0.7737736464708788,0.5953417300333247,1117,0.9350155144457538,7,1.0,487
MOT20-05,482,228,23,296,93428,fb015bf3c44a8adb99be1a022d9e2930d8141173f11e7fd5538d4af11dba111e,other_target,dual_retention_add,candidate,226156,870878,296,0.7478958368301392,0.7965822401810191,0.7032304957401554,0.8722605240361844,167,0.8814433380149157,10,1.0,505
MOT20-05,484,228,23,296,93798,5633c5a6e1677b76799911f929255d918ee6df36bb30be05cf57acb6547d810e,other_target,dual_retention_add,candidate,226322,874428,296,0.7398912310600281,0.7834590197475199,0.7834590295199192,0.8467624647066151,167,0.9999999791761282,10,1.0,505
MOT20-05,486,228,23,296,94170,5cae61a68ff1d39f4d070dee45331e3aa621f314fcad09fac5382ea909a0f0c5,other_target,dual_retention_add,candidate,226498,877957,296,0.662487804889679,0.7365689011133548,0.7652223688589753,0.8063483182622099,167,0.9265167478881711,10,1.0,505
MOT20-05,487,164,130,113,94320,c5a5f4797aa7ba3789927bbf1b9ca63a2975235860c0b1e42dfdbe7a481cde78,other_target,dual_retention_add,candidate,226580,879845,113,0.8701753616333008,0.6142026336019831,0.6084021049898077,0.832864790500989,163,0.9540190211140924,7,1.0,488
MOT20-05,487,228,23,296,94355,a9cea37fd8c494c8b78bedaf93911a3ade7f8f8f05907b1ba5a93dbba7573f5e,other_target,dual_retention_add,candidate,226576,879693,296,0.6713634133338928,0.7145767769527567,0.7145767698745389,0.8342867667126249,167,0.9999999786453507,10,1.0,505
MOT20-05,487,170,408,462,94423,ea95b8815adae99fa94747faf41bb22f26d74a5ace55376139b2aedbc32283ef,other_target,dual_retention_add,candidate,226551,879390,462,0.7499660849571228,0.8007158942071257,0.5795425378320854,0.8952007138349278,169,0.693418112465878,2,1.0,100
MOT20-05,488,164,130,113,94503,768b02b93b1a3628c87ccbb49d7a09247d064748595fe7408af510f7ab86dc06,other_target,dual_retention_add,candidate,226629,881089,113,0.864504337310791,0.6172261123043951,0.6172261069953111,0.8176654759699912,163,0.9999999870542893,7,1.0,488
MOT20-05,488,228,23,296,94538,1c3829d160f4ba665ce0ac4668287ca0b88309200fdb4fe9a034335725879276,other_target,dual_retention_add,candidate,226655,881428,296,0.8074547052383423,0.6969087220923373,0.6969087246532134,0.800818034354435,167,0.9999999955898129,10,1.0,505
MOT20-05,488,170,408,462,94606,df21f91b4b55f2ca95fe5d6baa6ca4f1e0178b0a5a92a3870ef7ddf78b3f42d9,other_target,dual_retention_add,candidate,226633,881112,462,0.2676513195037842,0.7871721110301517,0.5753336907701486,0.8839984167070102,169,0.6884935612242786,2,1.0,100
MOT20-05,489,164,130,113,94687,df756cdf2784b8411112b6bf3e87579a6b1c043da2695c85c605524e4adbf2be,other_target,dual_retention_add,candidate,226741,883284,113,0.3609115183353424,0.9549344039003262,0.6017159855137933,0.8421080847456784,163,0.5883584945003895,7,1.0,488
MOT20-05,490,164,130,113,94871,55be04c6e9b6ea39290e14a65806f00108df20aa7e9291c052ad775f7bfc56ba,other_target,dual_retention_add,candidate,226800,884562,113,0.8635348081588745,0.6161402227107452,0.6342287738767545,0.823622305610265,163,0.9635342459282976,7,1.0,488
MOT20-05,491,164,130,113,95058,5f0b887b350f41a99ca9dd26679f2a0df7de1e6730e3b77c08119d54aeda5305,other_target,dual_retention_add,candidate,226872,886269,113,0.3136265277862549,0.9572013854068574,0.5849453840905172,0.8403926535792962,163,0.5783941788772275,7,1.0,488
MOT20-05,492,164,130,113,95245,445e6f63faa2ac7c56f4331c82ff42278247eb6dbcbe3302cc1ae0e4e32b5811,other_target,dual_retention_add,candidate,226998,888644,113,0.8446661829948425,0.5897919257286612,0.5919421666044581,0.8467769329037642,163,0.9712491265822853,7,1.0,488
MOT20-05,493,164,130,113,95435,71602a9a6fbb9132b59c3b11b627c7f3358c29f8b7fd918b6c662d9b3be0e4e1,other_target,dual_retention_add,candidate,227038,889835,113,0.32307907938957214,0.9652683479964242,0.5931598097040384,0.8678403556929442,163,0.6094755648680692,7,1.0,488
MOT20-05,496,164,130,113,96006,b9e964c9ec816cf0ebc0fa0f435722d4c0dbe86739cacd9641bd928b797636c8,other_target,dual_retention_add,candidate,227284,895188,113,0.8322109580039978,0.617758603477461,0.6177586050692944,0.8810558256023511,163,0.9999999824276893,12,1.0,5
MOT20-05,496,234,166,480,96148,1ba4b59b2f5a9ed08b2a9687fa3d5f2c2dcd3624cf07666fb76f205ba99361b9,other_target,dual_retention_add,candidate,227265,894980,480,0.187225341796875,0.8595570068397408,0.5438753183404285,0.762833543724341,1118,0.6099669459957959,5,0.925,53
MOT20-05,497,164,130,113,96195,44fbfdb219a5049b8b2c9dccea6c6fd2943847c64588c9cb380bf5f522d3fd0a,other_target,dual_retention_add,candidate,227364,896904,113,0.16259436309337616,0.9339292030810135,0.6228092032173655,0.8834865554276952,163,0.5935052075884163,12,1.0,5
MOT20-05,498,164,130,113,96385,8dec330df817bca56d5a50d1c2487644714d8f7103b7e04a200cca82ac90e1ba,other_target,dual_retention_add,candidate,227457,898751,113,0.8302677273750305,0.5911182297873787,0.5911182248310295,0.9114125497292012,163,0.9999999916159036,12,1.0,5
MOT20-05,498,234,166,480,96527,8e50aeff87c0f246422f18bd9287a4667c03f03f4f927c183a5d76913c4033e9,other_target,dual_retention_add,candidate,227485,899072,480,0.5249616503715515,0.5605690230816555,0.56056903099392,0.6920351288467924,1118,0.9999999841509889,5,0.925,53
MOT20-05,499,164,130,113,96576,2db0fb1c1035c938bbfbcfcc8174acb0bafc66e6196a6dc0e9851ffbdc2d1408,other_target,dual_retention_add,candidate,227539,900499,113,0.8008387684822083,0.5902082353283163,0.5896797387062688,0.8746738010994934,163,0.951191164822389,12,1.0,5
MOT20-05,499,234,166,480,96716,3433e188a012a09dd4a9435bd801457217128849cb28c0952423271f93bf5ad1,other_target,dual_retention_add,candidate,227519,900295,480,0.29204198718070984,0.8662166840151503,0.5591979341299068,0.6636202449960718,183,0.5961582947207957,5,0.925,53
MOT20-05,500,164,130,113,96765,2099460e8e2fb0227436f86298552c4e8c2bf29e6ab7650e2004d864836ffb8c,other_target,dual_retention_add,candidate,227622,902288,113,0.7596401572227478,0.5918416025395966,0.5918415958787956,0.9446337168529438,163,0.9999999775763486,12,1.0,5
MOT20-05,501,164,130,113,96954,a4641123947176d1af60c5f457419a3625415443164bd0cbc74218e38ed93d82,other_target,dual_retention_add,candidate,227702,904029,113,0.8645262122154236,0.6167628404181655,0.6167628423630178,0.8841455591039518,163,0.9999999908016622,12,1.0,5
MOT20-05,502,164,130,113,97141,3681efac1d62a285bce04dc4506e3c6a331da5225c8ab688f2f24a8c50cd8aa0,other_target,dual_retention_add,candidate,227782,905768,113,0.5320413112640381,0.6291209996966697,0.6110813924009719,0.8541584963559639,163,0.9347201695109433,12,1.0,5
MOT20-05,503,164,130,113,97328,7a40fbb4eba4bbdba963403b43228265af0c2e2017841ff33a01169dc0dee7b3,other_target,dual_retention_add,candidate,227865,907517,113,0.8621484637260437,0.5984158433676137,0.5984158329176834,0.8690800252834529,163,0.9999999838354025,12,1.0,5
MOT20-05,505,164,130,113,97704,51fe17e2b870ef77820b706cb119524f0d8265c545f7df9aaeeeafeee527eb6e,other_target,dual_retention_add,candidate,228069,911456,113,0.852873682975769,0.6097911581975672,0.6097911532441727,0.8468332928298894,163,0.9999999884047018,12,1.0,5
MOT20-05,506,164,130,113,97894,5f7ff2cffc328cb315ad92f677ca020728edb79b37cef62800e38e69166a8241,other_target,dual_retention_add,candidate,228108,912716,113,0.859222412109375,0.6569547549291955,0.6265243287117711,0.8014031110635281,163,0.9406458039746852,12,1.0,5
MOT20-05,507,164,130,113,98084,ef67e78a8c002bf685b21109c37d502dd6d7977308d65be9963b304cddf566e8,other_target,dual_retention_add,candidate,228196,914427,113,0.7790857553482056,0.6466587509681574,0.6221248118943703,0.8032516849733649,163,0.9486565853388716,12,1.0,5
MOT20-05,511,164,130,113,98840,615190d917bde646e5ec2e0ade91701dee4244d705c2e7d59997f5412909de2c,other_target,dual_retention_add,candidate,228525,921414,113,0.8257561922073364,0.6268782380076598,0.6268782302510446,0.7551059794177359,163,0.9999999877502245,15,0.7315789473684211,193
MOT20-05,512,164,130,113,99027,a58f05ee3ed48c80642e78318c9dc2ecff8dc4be839ab49ba677d25a1a6bc21a,other_target,dual_retention_add,candidate,228604,923112,113,0.4489431083202362,0.8543988018027949,0.6141618493557585,0.7939776257587344,163,0.5467360342621553,15,0.7315789473684211,193
MOT20-05,513,164,130,113,99215,7924febef8d553020a050a47faaf18120ffed9c0ea235940247f0346e6367e15,other_target,dual_retention_add,candidate,228695,924913,113,0.8577013611793518,0.6006507004796146,0.6006507030796009,0.806028814140981,163,0.9999999914041757,15,0.7315789473684211,193
MOT20-05,514,164,130,113,99403,36a67eaa46d703724426a7310de72e4635a96e8352351a103882298751fd2289,other_target,dual_retention_add,candidate,228769,926570,113,0.17902153730392456,0.871751424873853,0.5911027916011817,0.8139854851854013,163,0.5428692294353968,15,0.7315789473684211,193
MOT20-05,515,164,130,113,99590,d15bfd7310d9e242acfa6563a1a7846dc1ac73b45d0b8d78f4c5f3e6d6f86bcb,other_target,dual_retention_add,candidate,228852,928356,113,0.8376446962356567,0.6032276659262871,0.5993708726606343,0.7833229605249264,163,0.9601448162450782,15,0.7315789473684211,193
MOT20-05,515,183,234,166,99730,559b0e1500651f3f96253fc586b7bbd93be7af037a187c21c17d7deb948566e8,other_target,dual_retention_add,candidate,228876,928629,166,0.6001457571983337,0.6241505407433415,0.5428195885219945,0.7519824256673002,234,0.7881712557197083,5,0.6666666666666666,506
MOT20-05,516,164,130,113,99777,a54c58b9c318062885d62884a41077d30f056785bd680be85a9b53bf46f3b48b,other_target,dual_retention_add,candidate,228969,930522,113,0.8257888555526733,0.5713862402618738,0.5772141802123253,0.8094811414818947,163,0.9735463994267504,15,0.7315789473684211,193
MOT20-05,516,183,234,166,99916,ae459195e89c3d4dfd773dd525bf8f0ace13ba4861325975b041a16a2cd36dc4,other_target,dual_retention_add,candidate,228922,929939,166,0.6520535349845886,0.5924299522148803,0.5696227182104021,0.7558460186601796,234,0.8282690503994514,5,0.6666666666666666,506
MOT20-05,517,164,130,113,99963,c654a26d88f5eed67c26c2fcbef781974705be6aa2939999661d3b72ec8ced77,other_target,dual_retention_add,candidate,229052,932259,113,0.8517975807189941,0.5559321513558161,0.5584468918064928,0.7962666983653952,163,0.9683664539372256,15,0.7315789473684211,193
MOT20-05,517,170,408,462,100060,32bb30af272872d7f00e8488dfd1c5327584001f5fc3973944ed7bd8403463bb,other_target,dual_retention_add,candidate,229013,931729,462,0.8274145722389221,0.5093424865820542,0.5230365101245342,0.9569182887803543,169,0.9675950760345733,2,1.0,31
MOT20-05,517,183,234,166,100101,66bf4899659aaa4cd1eef6b4d468b52cf84d7dae32fed0488ffe59a38c8d1751,other_target,dual_retention_add,candidate,229044,932079,166,0.7421692609786987,0.5799915817961674,0.5747433545497094,0.7268325353266104,234,0.9095660048960632,5,0.6666666666666666,506
MOT20-05,518,164,130,113,100147,7c4a90cbb6daef0ee90fed9fde7abab91e2c96d3240ea2e8c620a58a71708f34,other_target,dual_retention_add,candidate,229134,933999,113,0.7576221227645874,0.5679730936203221,0.5641375644126595,0.7990246518815423,163,0.959894327372179,15,0.7315789473684211,193
MOT20-05,518,170,408,347,100197,d6de94c1a4ac9c1abed9931bbccff79a873b82359e1382c15bae95a90a7b7e20,other_target,dual_retention_add,candidate,229140,934082,347,0.8268522024154663,0.550128220536142,0.5501282236816194,0.7744621972949863,141,0.9999999936231497,2,1.0,31
MOT20-05,518,183,234,166,100285,f47deb17c9f7090ae6554ccb41c531d4c37266268d612efeb765d9206fd07434,other_target,dual_retention_add,candidate,229125,933826,166,0.4165270924568176,0.5962121638814281,0.5926184968050081,0.6998394958852533,234,0.794957932866578,5,0.6666666666666666,506
MOT20-05,519,164,130,113,100331,02670ff5cb0abce40fa7939c4807fd6dfe2189fc11e5dad54d0f6620be66e22a,other_target,dual_retention_add,candidate,229179,935222,113,0.5208536386489868,0.9100519730919867,0.5255168151904728,0.8163711746207353,163,0.5666860287026427,15,0.7315789473684211,193
MOT20-05,519,183,234,166,100469,736f17ec71246cdd8c5c416ce0d08ed4c6abe3d6df58d836049d8df6eb3e50a5,other_target,dual_retention_add,candidate,229169,935138,166,0.39748743176460266,0.6432072707261374,0.6096319025270234,0.6939935768679355,234,0.9291890190949131,5,0.6666666666666666,506
MOT20-05,520,164,130,113,100516,f951dcb1f9568a96019aa9462e4ad127a579f458d16f442313f274fae2d1c5f4,other_target,dual_retention_add,candidate,229303,937411,113,0.2736485004425049,0.8145237252834362,0.5341373745930745,0.8259983603405741,163,0.6429932008008614,15,0.7315789473684211,193
MOT20-05,521,164,130,113,100702,60bba23ea36e541af92e529675ff8cd71a9ffd756d17e5466b58c8fbbb8feeb0,other_target,dual_retention_add,candidate,229342,938704,113,0.7962075471878052,0.5459611887531096,0.545961198729445,0.8152903559446503,163,0.9999999827756902,15,0.7315789473684211,193
MOT20-05,522,164,130,113,100887,9234acda5aa1f6da605fe0355e03f20d0845d1a458b743d49546d8212a797703,other_target,dual_retention_add,candidate,229428,940419,113,0.7336536049842834,0.5352205382979202,0.5352205413312277,0.842820593219829,163,0.9999999901240214,15,0.7315789473684211,193
MOT20-05,523,164,130,113,101071,141394871a097d1c9b7357484dcac70fac80ce18ec42aa99c64b37249b5b1983,other_target,dual_retention_add,candidate,229507,942130,113,0.8537033796310425,0.5409393033128036,0.5403890290934266,0.8247811810624277,163,0.9383611993606116,15,0.7315789473684211,193
MOT20-05,523,183,234,166,101207,907a3c90021f7319e193b7f5768da68ee07323fb1b3f02567565fd6d444d2306,other_target,dual_retention_add,candidate,229495,941960,166,0.6537891626358032,0.5520473520139878,0.5520473492301569,0.6398904417358658,234,0.9999999889164118,4,0.6666666666666666,53
MOT20-05,526,183,234,166,101753,266719ca3f70bd3ccdc4fa1203e938246f197d65cf44520926657ea1e25decde,other_target,dual_retention_add,candidate,229788,947566,166,0.6722671389579773,0.611432462345528,0.6127783546205088,0.6225891746163404,234,0.9733721425925016,4,0.6666666666666666,53
MOT20-05,558,555,127,134,107659,8d50dd5d4e3ca47a21fa6afb87666610135df11dd71982fbd1b5193dfe9a96e9,other_target,dual_retention_add,candidate,232440,1003667,134,0.8680664300918579,0.8585988392882156,0.6665244216210371,0.8510961845607805,554,0.7466542644415346,7,1.0,142
MOT20-05,559,555,127,134,107843,14f51b5b762948e3dfa9e3f74c1d58490bf78d2cfed02ff6b39ddfda286340d6,other_target,dual_retention_add,candidate,232522,1005383,134,0.8376327157020569,0.8231835492170795,0.6777533650102253,0.8659967701863359,554,0.7390814213959552,7,1.0,142
MOT20-05,560,555,127,134,108028,df63c397a422745fcb0c897b7bb2d51a536ae51f75d9dcbee9d92bb022852573,other_target,dual_retention_add,candidate,232601,1007125,134,0.8197605013847351,0.8878283412394036,0.7083056915827516,0.8270292735367712,554,0.7437669986761853,7,1.0,142
MOT20-05,561,555,127,134,108212,7fed2814838088cb0d9b324b9662370b460507d35fc684d0198c25438a09eed2,other_target,dual_retention_add,candidate,232684,1008833,134,0.8235929608345032,0.8878496493721079,0.7161329890343613,0.8192429710195273,554,0.7372470472052263,7,1.0,142
MOT20-05,562,555,127,134,108395,c0406323051bb78b82ad8a656bb8559cfbdfca51d460852c4628a6723902353b,other_target,dual_retention_add,candidate,232765,1010547,134,0.845866858959198,0.892096579419123,0.710755790497314,0.8142078151894772,554,0.7310642434686421,7,1.0,142
MOT20-05,563,555,127,134,108578,2a40f296f7ceecde7f8e444734811348b0f58644a7aed5a89411d7c7a73a844b,other_target,dual_retention_add,candidate,232849,1012269,134,0.8396641612052917,0.8935534805680845,0.7160333308135471,0.800181192001449,554,0.766111105148224,7,1.0,142
MOT20-05,564,555,127,134,108761,ac972679eca09ea1fd01cf9be74695aec3bf623162614763787bd81f55ff6d12,other_target,dual_retention_add,candidate,232929,1014001,134,0.8358485698699951,0.8908498707735966,0.7297959361952732,0.8015234316783038,554,0.760362283044038,7,1.0,142
MOT20-05,571,555,127,134,110048,b0c2fbccc77ce2f7352af07926c82a18de515bb81038ce0b24fe138a0c962ca2,other_target,dual_retention_add,candidate,233506,1026092,134,0.8350229859352112,0.9042797034235537,0.7320199164399123,0.8420748750045153,554,0.753714936625866,1,1.0,7
MOT20-05,573,555,127,134,110413,3da98e825cf7bf257c3428a5aa3eee8095d4b23cf7bbd9c6e64b0d91a86969ee,other_target,dual_retention_add,candidate,233675,1029985,134,0.7644670605659485,0.8676460079095828,0.7205569256740029,0.8600294256405893,554,0.704330846233175,2,1.0,1542
MOT20-05,574,555,127,134,110596,fe30596524aef2dd498f965e177a763244b4cc2d435471ef79becd494d5f4170,other_target,dual_retention_add,candidate,233753,1031249,134,0.8619349598884583,0.8649363252741445,0.7193509371310725,0.841579819899251,554,0.7381435045124988,2,1.0,1542
MOT20-05,582,1041,282,286,112059,64a03b7f5878f8cc30720c733b6d70730987e6a0a79188d1e4af9d9f71a0096e,other_target,dual_retention_add,candidate,234408,1045033,286,0.7898415327072144,0.8923762526949369,0.7521958423389791,0.8885532267932749,1039,0.700431663970484,4,1.0,274
MOT20-05,583,1041,282,286,112247,90a0f230e6a510a7cc2ccdf89a132d63d8ca53dcc81581321bd806892fce394a,other_target,dual_retention_add,candidate,234488,1046808,286,0.7590315341949463,0.8823620126701175,0.7935114047901001,0.872413900784014,1039,0.7576632525934958,4,1.0,274
MOT20-05,584,1041,282,286,112435,d2f2139ffe822880facf3f7f5209dff6b165f278c09f55605182ebd8bbb6de2a,other_target,dual_retention_add,candidate,234570,1048543,286,0.7733744978904724,0.8683836665910238,0.8008380526454526,0.8731204487388959,1039,0.7676895718981055,4,1.0,274
MOT20-05,585,1041,282,286,112621,b796bc45973193e2b7b7a1b41183d7023effb27a5683e9ed6dd716db9b1114bc,other_target,dual_retention_add,candidate,234651,1050289,286,0.7840772271156311,0.8458576321892731,0.8083600589944097,0.8860173924354999,1039,0.7962852176881201,4,1.0,274
MOT20-05,597,1041,282,286,114846,8850057e5653140f09e78e6bc5e8f5aa4e0baee8788480b81e3f407ffbcbae58,other_target,dual_retention_add,candidate,235644,1070977,286,0.7741350531578064,0.8802481663649995,0.7853072805111291,0.8838658626085527,1039,0.7376423626196476,5,1.0,524
MOT20-05,598,1041,282,286,115028,58f3966a6cbea14f8505644feee4f377622c7d34d8e84c874c3da66d60db64b1,other_target,dual_retention_add,candidate,235727,1072705,286,0.7633883357048035,0.9052567493626689,0.784743674087396,0.885819019055409,1039,0.7363427393730956,5,1.0,524
MOT20-05,599,1041,282,286,115212,9a681b26b146b2f085a6ccfa39f6b8c378f9f1eb9c87e734329d70e7385ecea3,other_target,dual_retention_add,candidate,235806,1074478,286,0.6469597220420837,0.9240870217705143,0.7994868372565256,0.8684858826514675,1039,0.8645778387711756,5,1.0,524
MOT20-05,600,1041,282,286,115394,99b07175202a8ffb54a129471df53a875bbc55ad9618ad9cae9cba7c107472d2,other_target,dual_retention_add,candidate,235895,1076179,286,0.8316904306411743,0.9084093562014771,0.7447078600036455,0.8990201408147845,1039,0.7676288128208343,5,1.0,524
MOT20-05,601,1041,282,286,115578,6857c52c4808445fe67a19fcf7d1654633dcc134e339e9079a42474647521428,other_target,dual_retention_add,candidate,235970,1077917,286,0.8322089314460754,0.9341162592472938,0.7021744292499051,0.8989181488580583,1039,0.7502662274659111,5,1.0,524
MOT20-05,608,168,278,453,116914,0707e473b10d3eeb74e80864ecdadeab0a1f78545cf5a9cbe359d65e2890ef0e,other_target,dual_retention_add,candidate,236484,1089071,453,0.8298436999320984,0.5050905109980869,0.5050905056930203,0.803296246614685,116,0.9999999874614672,26,1.0,235
MOT20-05,609,168,278,453,117101,8fd7f48ff2bba564f4e7f03f5b36bdfa6241f65138a727c03400fd160329ee41,other_target,dual_retention_add,candidate,236565,1090812,453,0.8275496363639832,0.5590991648277207,0.5590991671182188,0.7620705279273835,116,0.9999999860071113,26,1.0,235
MOT20-05,617,171,148,130,118646,11ad7153599079471b7e9d1d7a1827f86a1beadf1ec29b717a38694c662de386,other_target,dual_retention_add,candidate,237281,1105533,130,0.6944547295570374,0.7550441105215792,0.6339907739047493,0.8603883497239931,164,0.8406162709554027,1,1.0,149
MOT20-05,619,1123,141,83,118904,1663e6e489d7c3f8beae19cb6daad59f1b04d4b930671ba7500481246cc79015,other_target,dual_retention_add,candidate,237461,1109582,83,0.09366899728775024,0.9174597507839735,0.6806110846558276,0.960601412201444,1124,0.7309135401973631,1,1.0,634
MOT20-05,619,171,148,130,119025,83f3f675e3eacf8c17b316151f73e470a0171879be22246dfb800d557147d0dd,other_target,dual_retention_add,candidate,237442,1109045,130,0.6976730823516846,0.8352270448261012,0.6646396985308041,0.8556626810514382,164,0.7716582861450787,2,1.0,4
MOT20-05,620,171,148,130,119213,70bfde79509eefb2be97b62595a82155cc3d01eee1c4de648b34c5da9731bafa,other_target,dual_retention_add,candidate,237518,1110805,130,0.7061460614204407,0.8339300835991638,0.6567227313174204,0.8346224066196924,164,0.7424143214136756,2,1.0,4
MOT20-05,624,171,148,130,119973,5bc43f0b612658e688011a60c27188ba29de36ef8699630150c20a0e5d5b8ba9,other_target,dual_retention_add,candidate,237850,1117828,130,0.7856893539428711,0.5031520210971369,0.532049166370911,0.8676479714684142,164,0.9257900526398833,1,1.0,59
MOT20-05,626,91,384,437,120312,33d020b7f25910af07a653486c8520b83a4d81b017b98435c0208737c10965bb,other_target,dual_retention_add,candidate,238009,1121190,437,0.7253608703613281,0.694499583216543,0.6944995893077308,0.783646966168055,65,0.9999999914855254,2,1.0,371
MOT20-05,627,91,384,437,120502,12e00c38a63a5b91f5211fb42974cbb5770d9c6151862cec4a98541a6e310454,other_target,dual_retention_add,candidate,238118,1123529,437,0.34350812435150146,0.704523921690987,0.7045239108691552,0.7869617763897313,65,0.9999999853063303,2,1.0,371
MOT20-05,637,65,595,384,122468,18c020fae477c1859d983ab61a58e8e4f3928ffd7420f278b4ece2d03cd183e9,other_target,dual_retention_add,candidate,238935,1141104,384,0.12702050805091858,0.6594651864526883,0.6568807369122095,0.6950801049091196,91,0.6158816894307332,2,1.0,158
MOT20-05,651,172,191,148,125105,48a5966e41b6d1f984e19281e9c270700d3442da4463edd005182b1dc602cd53,other_target,dual_retention_add,candidate,240035,1164818,148,0.24190127849578857,0.5834615623699754,0.43729293533563907,0.8764286758843192,171,0.7292194160843145,5,0.9772727272727273,694
MOT20-05,652,172,191,148,125294,d86943b119424d7d638f7a0a2117ddba342a14dc012187480d58e3bb08a0640d,other_target,dual_retention_add,candidate,240118,1166559,148,0.11160467565059662,0.7986484861222223,0.460327915524447,0.9131010910471165,171,0.5525165232211128,5,0.9772727272727273,694
MOT20-05,653,172,191,148,125482,ea118af192569e58948421d19531e6a21231b6613d9099622fcab5dd6090796c,other_target,dual_retention_add,candidate,240200,1168318,148,0.41107824444770813,0.5812909439418111,0.46310806336330607,0.9231072049527411,171,0.7879878369786244,5,0.9772727272727273,694
MOT20-05,656,170,462,29,125887,988f1c4e51f5a80d1828973ec4e339d72846f86b46a7afab2428c9ccde9dc741,other_target,dual_retention_add,candidate,240454,1173660,29,0.5760625600814819,0.6988996155356627,0.6905462256050897,0.9174873139085185,157,0.9648911892079185,27,1.0,34
MOT20-05,656,69,521,609,126055,752daa91172410097c0a404386fd6f0df1b5875d977e6b60962ac0a60f6d6312,same_target,migrate_replace,source,240475,1173893,609,0.45760270953178406,0.8212366572363418,0.8735833770238386,0.5531493236082294,42,0.7442804987939041,9,1.0,159
MOT20-05,657,69,521,609,126244,20b33a55f984487a66b64c63a1bdedefe38b516178b207f4ada275696a727120,same_target,migrate_replace,candidate,240592,1176235,609,0.5678349733352661,0.9054091417126079,0.9054091407698367,0.6411017146301582,42,0.9999999847467201,9,1.0,159
MOT20-05,658,69,521,537,126400,325323181cd380d0c70c283b4000f622b0c10483d01793538be326a875f25a09,other_target,dual_retention_add,candidate,240638,1177440,537,0.8033143281936646,0.6607357013993268,0.6607357085335213,0.9034669421903534,42,0.9999999887288975,9,1.0,159
MOT20-05,658,174,310,612,126434,48524a535295530e433209fa297918f3c7f8e1259cbebd82f60d1bf9bfa4b176,same_target,migrate_replace,source,240624,1177287,612,0.595604419708252,0.8645940773353179,0.8645940802752566,0.4496732240950518,144,0.9999999938245516,1,1.0,550
MOT20-05,659,69,521,537,126586,f1226539740412d6953d58ad1ebf3534f22571e021672c2e8128ce6d919433fc,same_target,migrate_replace,candidate,240725,1179206,537,0.6172808408737183,0.8629816054163105,0.8629815966459735,0.7048295420530365,42,0.9999999859256781,9,1.0,159
MOT20-05,660,69,521,609,126806,e3c031f57984576d79cfd4fbe0c4874f24892dbf48beb6a973dc86ee7935d6be,same_target,migrate_replace,source,240843,1181489,609,0.6725565791130066,0.8796297590105645,0.888936825039261,0.6014894752441041,42,0.8849262416868353,9,1.0,159
MOT20-05,661,69,521,537,126962,85be1b976e4f84660c5a9cb14c338ee4f8a1a8f6af4e801261caf235808dd65d,same_target,migrate_replace,candidate,240925,1183176,537,0.7123978137969971,0.892404007717447,0.8924040033208495,0.7002986910376492,42,0.999999980443544,9,1.0,159
MOT20-05,662,69,521,537,127149,da80d6b429a4e9dd1d315ac81151bb89dfc8af5a6cf37749d734c989ad9cd79b,other_target,dual_retention_add,candidate,240974,1184375,537,0.7077348828315735,0.7101044524305453,0.7101044477977445,0.8666877071045603,42,0.9999999928705025,9,1.0,159
MOT20-05,663,125,262,330,127254,8e86faa9c344c14ea86a17942ec717fbd610f7b0d403e632d78aa2acf4500825,other_target,dual_retention_add,candidate,241026,1185747,330,0.7023550868034363,0.7183172331268225,0.7375548886024378,0.9085035127667874,119,0.9681598991739623,9,0.52,650
MOT20-05,663,69,521,537,127334,bbc7f6aac6efe0189ed02ebf3937b88da701944e34d101cbd82abff5e111e7e9,other_target,dual_retention_add,candidate,241056,1186098,537,0.7678605914115906,0.6850664636904653,0.685066468365812,0.8829209947205727,42,0.9999999798812009,9,1.0,159
MOT20-05,664,125,262,330,127438,cbc9ea5ac932a07e58e29c734ebc4fd4431ad708d9c72518a77f8862b1be6d0b,other_target,dual_retention_add,candidate,241153,1187970,330,0.8714090585708618,0.7293954297587387,0.7293954283980373,0.9033892698722695,119,0.9999999871761214,9,0.52,650
MOT20-05,664,69,521,537,127518,4784d59a4ca024d8f1ef2da8a6effaed5c85052ddb865b0c654235f996d9eb37,other_target,dual_retention_add,candidate,241174,1188332,537,0.734622597694397,0.7149383515808412,0.7149383587170072,0.7648815987955233,42,0.9999999863301017,9,1.0,159
MOT20-05,665,170,462,29,127572,19bed57213a51b67641d664ae0daacaee0ecce2d4430de082bb85fa126226e3a,other_target,dual_retention_add,candidate,241197,1189296,29,0.8336084485054016,0.6617634038282773,0.6638063533357978,0.9217484663634191,157,0.9584158480670876,27,1.0,34
MOT20-05,665,125,262,330,127621,6a4058e9f5b161d8a8a61f365039bf905679cd7b55091a2ec8d8d0d14188cf4e,other_target,dual_retention_add,candidate,241233,1189662,330,0.8641852140426636,0.660028821251257,0.660028811348253,0.9229990799762717,119,0.999999976891816,9,0.52,650
MOT20-05,666,170,462,29,127756,55572e0e282972d627ea37ef5ec46fc77d0c7fba36686554e2e1fbb2cde17d6b,other_target,dual_retention_add,candidate,241282,1191033,29,0.7573423981666565,0.6864977433124367,0.677111729007097,0.9036095710515624,157,0.9644404639610387,27,1.0,34
MOT20-05,666,125,262,330,127805,69a791bf2a84442a389e233847903840541f626cd3fac91bdb285929d6824eb2,other_target,dual_retention_add,candidate,241325,1191415,330,0.8545632362365723,0.6200765640213821,0.6200765678933401,0.9223922131241058,119,0.999999990769721,9,0.52,650
MOT20-05,667,170,462,29,127940,0f5b83c1388773d5d13a0af0d82db30c58aa9f0e766384dec4b5c117f89dcb98,other_target,dual_retention_add,candidate,241361,1192803,29,0.8064576387405396,0.6443275023092928,0.6430670588713718,0.9296665185900116,157,0.9592589857826668,27,1.0,34
MOT20-05,667,125,262,330,127989,493cf6f67b7a5518120df5fbce82b242e418a25458c8b81fe33fae026e3ddc20,other_target,dual_retention_add,candidate,241349,1192653,330,0.8643787503242493,0.5589228396732547,0.5716235845592842,0.9183391891782539,119,0.9731138521600511,9,0.52,650
MOT20-05,668,170,462,29,128124,e3faf381b38c845fefc5e3902545011bae628341a74d2fc2cb078aca86f806fd,other_target,dual_retention_add,candidate,241448,1194544,29,0.8382182717323303,0.6067987432617445,0.6118062471564679,0.9281058468722647,157,0.9506867050923209,27,1.0,34
MOT20-05,668,125,262,330,128173,d3c8f748855459ca9e0540fa23a0b032b80ec5b27730dda7aab393825c251500,other_target,dual_retention_add,candidate,241434,1194399,330,0.8533779382705688,0.5191458024859351,0.5333813192841892,0.9099422138948501,119,0.9691521788689069,9,0.52,650
MOT20-05,669,174,310,404,128377,4ae8d76eb6b2c1a4db29d3dee4e1671d7d772e7166fdefdb807b5a8e57706f11,other_target,dual_retention_add,candidate,241578,1196862,404,0.5334397554397583,0.5341945267968591,0.501035322825017,0.9322456033976939,144,0.5091098084910041,7,1.0,188
MOT20-05,670,174,310,404,128561,4328c16b5c322817fe493a88c7e6d8b0b6872d05c5d07e206cf68c0d4fac30de,other_target,dual_retention_add,candidate,241657,1198561,404,0.20927098393440247,0.7871512543238031,0.49491711686590484,0.9336804706609374,144,0.5597999587017093,7,1.0,188
MOT20-05,671,125,262,330,128726,81924a599dccd4247fc24da99092f02077bf0b860ef751a464999fcd6993ed44,other_target,dual_retention_add,candidate,241683,1199621,330,0.7122192978858948,0.5938808179795145,0.431828668557719,0.913943242249159,119,0.7110628519070891,9,0.52,650
MOT20-05,671,174,310,395,128754,b135ec6b22ba33e326620af60900afe35a5b4db54a681bde0214a5142535e322,other_target,dual_retention_add,candidate,241741,1200271,395,0.6509726047515869,0.5312334009749135,0.40759743572880214,0.8656412430245578,145,0.7375622191276789,7,1.0,188
MOT20-05,672,174,310,395,128937,00befc37715a67ba9964d6dfb4490e01b0b4ff7312fdab0beff5ad65ca754518,other_target,dual_retention_add,candidate,241823,1202054,395,0.10169204324483871,0.7368495785748578,0.3906147146972265,0.87852041926124,145,0.5038214545710307,7,1.0,188
MOT20-05,673,174,310,404,129112,53dba5c7d575de2de8f7c9953009b1057894573900f033cb09ac99f391ff4323,other_target,dual_retention_add,candidate,241906,1203822,404,0.8444656729698181,0.5045307101983484,0.5045307101317953,0.9209217644242178,144,0.9999999872840268,7,1.0,188
MOT20-05,674,170,462,29,129229,485ba1509012c029ece276764a6f4caf4dba09cfbf48ed0b4017011d3cb38968,other_target,dual_retention_add,candidate,241942,1204997,29,0.6817325949668884,0.5559520615434048,0.5458172517936696,0.8602557581417548,157,0.963745149412496,27,1.0,34
MOT20-05,674,174,310,404,129297,08e27dc36a43950c6037782f0e3d0c04f049f77c5ca92f82f113327d303b1d25,other_target,dual_retention_add,candidate,241989,1205553,404,0.8384724259376526,0.5091586347868375,0.509158641714654,0.9127246241731332,144,0.9999999799599192,7,1.0,188
MOT20-05,678,50,342,288,130019,703399222e82699c73269beab11bfbc1e867b5a6030aedfae76b6490abc68333,other_target,dual_retention_add,candidate,242289,1212086,288,0.8201698660850525,0.5015402019239094,0.5050624071584684,0.8994842645879587,48,0.9573611696930878,5,1.0,872
MOT20-05,680,50,342,288,130392,dadbc789c68ce7a72121f71c7d0e9370065c6dd909f7701eb11c903df88cfb74,other_target,dual_retention_add,candidate,242486,1216020,288,0.7280667424201965,0.5463875257718774,0.5463875164684207,0.8741528369741507,48,0.9999999826606014,5,1.0,872
MOT20-05,682,171,148,191,130882,412ba82a0dbe77ffb39f85c1faf0392ca31c58d375cb2c12a77215dbf1492338,other_target,dual_retention_add,candidate,242588,1218698,191,0.6135460734367371,0.5531210116120869,0.5531210088445172,0.7164961632757705,172,0.9999999805887115,11,1.0,110
MOT20-05,683,171,148,191,131067,920afa96875916da54cb0526c02d9b60bb573bf44bbd198d0931a5fb30d9b0af,other_target,dual_retention_add,candidate,242673,1220422,191,0.48806601762771606,0.5479571662458732,0.570747944819709,0.6936990861371888,172,0.9462807244867516,11,1.0,110
MOT20-05,684,171,148,191,131254,54e18388ad9e5f3ea2334a0dd2f7a11ccb68245b93e273464d953f7fda67ad05,other_target,dual_retention_add,candidate,242752,1222111,191,0.6258278489112854,0.5008612218022689,0.5008612231667819,0.7978641426553837,172,0.9999999849952564,11,1.0,110
MOT20-05,685,171,148,191,131441,cd52e462ee33a5611f3b0c0cd6dd608dd247e337c6bc76c4cb9aa9cc3e2885a1,other_target,dual_retention_add,candidate,242838,1223869,191,0.6769424080848694,0.5535030096368547,0.5471321502068145,0.6817757885777775,172,0.9445723460174468,11,1.0,110
MOT20-05,686,171,148,191,131628,d9dda1a3b6ab2b8dd8184255d906c888fdee4224fc6c8fcb6083bc86649c3e5f,other_target,dual_retention_add,candidate,242919,1225589,191,0.683504581451416,0.5652495812382166,0.5574822880824657,0.6106339429849466,172,0.9776509080619523,11,1.0,110
MOT20-05,687,171,148,191,131815,f9790066e890ee196c2d0ad2e5cc1b774cc3862be88b9fbfa59980955668a761,other_target,dual_retention_add,candidate,243048,1227800,191,0.4298560917377472,0.5513052509378504,0.5628459203836916,0.5725827502852606,172,0.9262590127006811,11,1.0,110
MOT20-05,688,171,148,124,131866,c14396e404f09bb8db99e7982fe42f36273a77878a2e8628a919bfc50ee6b2b0,other_target,dual_retention_add,candidate,243090,1229148,124,0.7155981659889221,0.6075383156704479,0.582467289838375,0.8555839880952395,158,0.941467635341588,11,1.0,110
MOT20-05,689,171,148,191,132187,4c96fc44b9d715af2459637bd19da127c8768a42b327cddaec85538a053a5046,other_target,dual_retention_add,candidate,243215,1231301,191,0.5350058674812317,0.5184778044120568,0.5496155335837161,0.5705906504284838,172,0.8746163881334191,11,1.0,110
MOT20-05,690,171,148,191,132373,dc74b5728709e4298169c87ba6644616f5a5d41bdc1ad629c25b10cbcd4c670a,other_target,dual_retention_add,candidate,243250,1232541,191,0.5826324820518494,0.5904884445619303,0.5904884480102613,0.7215213689845913,172,0.9999999790481666,11,1.0,110
MOT20-05,691,171,148,124,132423,ec3ad8ed688792b9f6ae9285bdba3c7045b72e705ace105ccf8614d141842914,other_target,dual_retention_add,candidate,243334,1234281,124,0.5738345384597778,0.6371076104643005,0.5622836928970942,0.845401761904761,158,0.8238303988409412,11,1.0,110
MOT20-05,692,171,148,124,132607,397345d3d121f19b41fa310a8a6ae80d73070c68630e5e1e2c244a8acad75beb,other_target,dual_retention_add,candidate,243420,1236014,124,0.4577915370464325,0.6176886597961835,0.6176886661493116,0.8048978865812804,158,0.9999999832574199,11,1.0,110
MOT20-05,692,126,258,330,132631,ad4e452186271b5c49b528f97ee6b7d6894dd76595b782c3735d9b00bd6a6aa0,other_target,dual_retention_add,candidate,243413,1235875,330,0.8009501099586487,0.7744387516527204,0.77443875202314,0.9251368352639835,119,0.9999999856461051,8,1.0,660
MOT20-05,693,126,258,330,132814,e9758e46637aae5f446d0edad5338f858306ba1c9f3130d80bad98aead34b1a8,other_target,dual_retention_add,candidate,243546,1238113,330,0.8308297991752625,0.7927739487586947,0.788355142085164,0.9182148263836237,119,0.9599832068463658,8,1.0,660
MOT20-05,694,126,258,330,132999,bac02dae87beb425d3f6902c87a1c81c0ac286f8b00a4b7220e89dd7d35403f9,other_target,dual_retention_add,candidate,243621,1239804,330,0.8322487473487854,0.7149017891772165,0.7036066116262334,0.9335203479717414,119,0.9552257296256117,8,1.0,660
MOT20-05,695,126,258,330,133185,a731eeff98c2674039d10a064793a5aebc354a623068a181c14717064467bcdc,other_target,dual_retention_add,candidate,243709,1241495,330,0.5623759627342224,0.6525507158300661,0.6379081230748134,0.9048899544727494,119,0.942708262488875,8,1.0,660
MOT20-05,699,173,384,321,133925,e8047f2e5599eea353a88bb46aabfa8b9ae87862645b84b3db0e06a925b4b5e9,other_target,dual_retention_add,candidate,244045,1248620,321,0.7862941026687622,0.5531936707485144,0.5250945645536688,0.8039567995977372,146,0.9166134331753845,4,1.0,11
MOT20-05,700,173,384,321,134105,9db390cd2c813f7ece6f57abf3a3020df99f54ed074cb96934cab3fdd6e6fefb,other_target,dual_retention_add,candidate,244133,1250409,321,0.6651638150215149,0.5769648444110601,0.576964847444651,0.8210028401142113,146,0.9999999826510563,4,1.0,11
MOT20-05,701,173,384,321,134288,61f57256edc33e100a6956be2f5087c9a7efec50e5eec0608b4b4c4bf86556fa,other_target,dual_retention_add,candidate,244176,1251650,321,0.7684597969055176,0.5232420887169187,0.5508465848138564,0.7673411355897879,146,0.9531444366334844,4,1.0,11
MOT20-05,702,173,384,321,134470,abae691b3f8554dd06ddd98b79a22641fbfdae270f7a1b2ef2e08ebc01687d5f,other_target,dual_retention_add,candidate,244293,1253866,321,0.8110336065292358,0.5386428121249851,0.5524960588666807,0.7627749974978123,146,0.9603996474823588,4,1.0,11
MOT20-05,702,75,382,439,134499,511a713299d24a0aee5caaef7d72722cea0440ca0bd4abf9e4de3eb120cc978d,other_target,dual_retention_add,candidate,244268,1253502,439,0.12689775228500366,0.7270286042415159,0.6119061324068488,0.8636053555925315,76,0.5618283901246094,5,1.0,510
MOT20-05,702,78,545,635,134589,bd0205989250eb212820b5139875f27b0084d434dd79c5ab8dbf26fc121dc9dd,same_target,migrate_replace,candidate,244309,1254256,635,0.6194168329238892,0.778590487963454,0.7785904876114562,0.35499535357352907,63,0.9999999956233464,1,1.0,157
MOT20-05,703,75,382,439,134681,b06b7105ce17e9fdcf2b113abc5a1765cec97b533aeb97abee91f023f820a1b3,other_target,dual_retention_add,candidate,244345,1255257,439,0.2911025881767273,0.7192075549048341,0.6025933136555204,0.8343839768831526,76,0.5141799517244576,5,1.0,510
MOT20-05,704,75,382,439,134867,22e9d739e6ad8edfaa4f6cc5dd2ab4c6ba4ea33ce84d7a07e61945d5fac263bf,other_target,dual_retention_add,candidate,244469,1257588,439,0.27740955352783203,0.7058051692214786,0.6023686888264603,0.8300767096521803,76,0.5362610349677626,5,1.0,510
MOT20-05,705,75,382,439,135057,f9af84758175092d8e405818a1b9c5b47a9ae7f6008883277e5bd407570d87d9,other_target,dual_retention_add,candidate,244554,1259367,439,0.27637165784835815,0.7140107060589189,0.6274292345510519,0.8037870674816653,76,0.532934783166443,5,1.0,510
MOT20-05,709,78,635,545,135922,937305f8487b41eb3189428a74de9cc90138f96a4f780df0e348af3182a9a526,same_target,migrate_replace,candidate,244855,1266144,545,0.16289660334587097,0.7625049124464035,0.7625049059581918,0.3037203043525399,63,0.999999983077703,1,1.0,61
MOT20-05,718,147,265,454,137599,02438efe106a3cb1377d739f8ba491c6fe77ee3555144d352f69bf92f600cb88,same_target,migrate_replace,source,245582,1281531,454,0.5807747840881348,0.6162502538978092,0.6352084061734392,0.394921150407769,176,0.9289017631275824,2,1.0,779
MOT20-05,723,124,149,82,138349,fad7270292225b11ce22d7d9c7545d5c818daddc2e4555692adb88f588277cba,other_target,dual_retention_add,candidate,246030,1290387,82,0.7444725632667542,0.6996105059663099,0.6551531048034654,0.8697482939737556,129,0.9330627427576472,8,1.0,580
MOT20-05,724,124,149,82,138528,8d462944cb99b7ad91c2f0fdb729df85485017db821e30ee1d7b6fb9d3900a29,other_target,dual_retention_add,candidate,246107,1292068,82,0.7640035152435303,0.7049754384743881,0.675382491434272,0.8446679057800731,129,0.939811822508989,8,1.0,580
MOT20-05,725,124,149,82,138707,86ba0400c625222053b39dd1aea9ad05abc4463cceebc63a17a6a002a70d7048,other_target,dual_retention_add,candidate,246190,1293708,82,0.664354145526886,0.6925291699875623,0.6395448005894324,0.8580599096045823,129,0.924420253010569,8,1.0,580
MOT20-05,727,124,149,82,139064,be09982733e737d6483608a88b98de1be1acbe3b5e74705482bfdb0d09c54c7c,other_target,dual_retention_add,candidate,246356,1297099,82,0.2993350028991699,0.7964791834931932,0.536054993459267,0.8648740187006319,129,0.565958086438498,8,1.0,580
MOT20-05,729,140,135,347,139575,08e3d064269be9e14dd333e65a3264dea67b8a8e04cba4340d886c61b1fcc33a,same_target,migrate_replace,source,246522,1300513,347,0.6751279830932617,0.8689563106424191,0.8689563110042958,0.10063301979954271,139,0.9999999922887571,4,1.0,710
MOT20-05,730,140,135,347,139754,cf4cf14cbca8ccedaba40f46a3ac5986031acde815dbcb3ca51a4e52d7534323,same_target,migrate_replace,source,246560,1301636,347,0.6405116319656372,0.6621285214647697,0.8153507355042933,0.08924908889820363,139,0.7684128338697556,4,1.0,710
MOT20-05,731,1039,653,286,139925,ad9123b5144c941013217232464d35717b8f2bde1a249cb1ecc8f9f1cfb865e6,other_target,dual_retention_add,candidate,246674,1303785,286,0.7346779108047485,0.8516576521573731,0.7662806475288068,0.7837872512343319,1167,0.7203487003361213,3,1.0,11
MOT20-05,731,140,135,347,139932,7b2451da71359eb5a804ddce4d39243d96dd8ed3c0c7b607058c48e2b8ce896a,same_target,migrate_replace,source,246641,1303354,347,0.6023887991905212,0.6785705192602938,0.8247206019249096,0.09179596352946162,139,0.7962826247375876,4,1.0,710
MOT20-05,732,1039,653,286,140105,48d73725ab5999b1587e995c5df49b36cd327dfe36592125821c6ffaa7f23b67,other_target,dual_retention_add,candidate,246753,1305503,286,0.6364832520484924,0.8650805786148198,0.7700056931263679,0.7802998090921239,1167,0.7113870011062315,3,1.0,11
MOT20-05,733,1039,653,286,140285,867733c703e1a11a328f50165ef6640137434a81e2841aeddabdf16db84ac58e,other_target,dual_retention_add,candidate,246840,1307223,286,0.6366294622421265,0.8950331803816594,0.7821797598935857,0.7852998292345729,1167,0.7327485215602414,3,1.0,11
MOT20-05,735,1039,653,286,140650,5685bbb38a4174576f91b3a21d44873543447c1cfd2de919183b4f1545716a63,other_target,dual_retention_add,candidate,247006,1310641,286,0.731391429901123,0.9051809555323376,0.7526188037242658,0.7932745447721633,1167,0.7182199366637882,1,1.0,9
MOT20-05,744,1039,653,286,142319,5a352bfb424a3b02c3a5cd8bbc5fc7ed136a93c115e6970322150a6e688da726,other_target,dual_retention_add,candidate,247756,1326032,286,0.7414870262145996,0.8821436007904342,0.715392728028016,0.8625904999315386,1167,0.7141960930355498,2,1.0,522
MOT20-05,745,1039,653,286,142505,7a60a4da70cb548252ed46b14b6d04dbd180a56f66e0537ada332dd91a650e0b,other_target,dual_retention_add,candidate,247837,1327746,286,0.7371368408203125,0.9187347452522532,0.7019418695075674,0.8693136929082245,1167,0.7227144140713689,2,1.0,522
MOT20-05,762,78,635,541,145573,403fef3a3414292291cf2452b1c3ab733f138cd9bc2169ad9ed617dfe2239b4c,other_target,dual_retention_add,candidate,249282,1357505,541,0.8460299968719482,0.5629857076590736,0.5383573875347751,0.8528086990992224,63,0.9466733572091779,8,1.0,76
MOT20-05,762,1174,557,579,145593,da687cc37c1b8a3228dc1b0429046f6655302f968648ae4b69ed413bed5f1f48,other_target,dual_retention_add,candidate,249283,1357589,579,0.29503312706947327,0.6432264644294993,0.5588222569716457,0.9148940815462602,19,0.6871582097463452,23,0.6666666666666666,166
MOT20-05,763,78,635,541,145758,13c1bc651178cbe657c7236f20b4c6882aa6eb99ac3909b3c4073874ec2e0fda,other_target,dual_retention_add,candidate,249360,1359235,541,0.8528206944465637,0.5353875847768156,0.5295507855453019,0.8759125245444699,63,0.984786248736841,8,1.0,76
MOT20-05,763,1174,557,579,145778,beaf3055fdf1122adc4b21a64f8b87d68473c288d16d7de6543b34fd07e4a7be,other_target,dual_retention_add,candidate,249361,1359315,579,0.4876425862312317,0.6033668307947966,0.5555966533149882,0.8976662067687221,19,0.9089871354606003,23,0.6666666666666666,166
MOT20-05,764,78,635,541,145944,6c895b21d464ab396465f57bb742499f1cf90c318fb2cf9d2ea3f8b56f8e8f53,other_target,dual_retention_add,candidate,249410,1360373,541,0.7852952480316162,0.5557593030748829,0.5557592951908294,0.8468783796241758,63,0.9999999841685857,8,1.0,76
MOT20-05,765,78,635,541,146131,7dc1ddbc50212d7044b3106b33e8d76fcb97b5e4021d637bdea82a31b36e6c65,other_target,dual_retention_add,candidate,249530,1362684,541,0.8463510870933533,0.5662635943234726,0.5534962432918124,0.8479447063458344,63,0.9657157439934864,8,1.0,76
MOT20-05,766,78,635,541,146315,146e6442d0e0c180f6dea07a56ccac9e95a6edaddc72b9da7a968105bf098349,other_target,dual_retention_add,candidate,249569,1363827,541,0.848279595375061,0.5643575271494287,0.564357536247234,0.8453290796653963,63,0.9999999812332735,8,1.0,76
MOT20-05,767,78,635,541,146498,26abc8b8bed17af7ca961802fde93cf323ed613cb3910fa3af9fd71d9a4e9cd3,other_target,dual_retention_add,candidate,249655,1365563,541,0.6703816056251526,0.56623573947483,0.5604725030917255,0.8481027794622846,63,0.9683153266010728,8,1.0,76
MOT20-05,767,1174,557,579,146518,e49a4c8e42b23a349c70e98312bb38911fcb22f927796f0c531a8316de47197b,other_target,dual_retention_add,candidate,249693,1366198,579,0.7970078587532043,0.5970213686533745,0.5970213710339158,0.8758528724039621,19,0.999999985720439,23,0.6666666666666666,166
MOT20-05,768,78,635,541,146682,b68485c751b09c1200e06f145555ac860fc722c80f704e63e9b17a4e227fc539,other_target,dual_retention_add,candidate,249775,1367768,541,0.4535408914089203,0.8012573404110573,0.5353574415342958,0.8799680416961116,63,0.5433183791785586,8,1.0,76
MOT20-05,768,1174,557,579,146702,932a20b5ae14efad51a25f7dcc7acaf450aebda149fecb7c93454a05967beb29,other_target,dual_retention_add,candidate,249777,1367896,579,0.5618481636047363,0.6630345362420513,0.6223430978961195,0.8792324437563124,19,0.7281342920007543,23,0.6666666666666666,166
MOT20-05,769,78,635,541,146866,a8021d87eb573ad237d90a805bc95ede6fdd0ecd65ed36058bfce5378a1309cc,other_target,dual_retention_add,candidate,249853,1369502,541,0.3717651665210724,0.8072632454448564,0.5189849429762599,0.8952568583598383,63,0.5161297721530509,8,1.0,76
MOT20-05,772,1174,557,579,147448,f20b6c40504effc386b88a3d9ed96f38d5de02cf97b935022c4f34e983528ca7,other_target,dual_retention_add,candidate,250103,1374822,579,0.4046330749988556,0.6764946793125013,0.6201092244738518,0.8826229718789694,19,0.7196351210376658,3,0.6666666666666666,39
MOT20-05,775,1162,409,413,147937,2e2370c367aeb613b2d87dd66d6cafd148c5b7a8a713e6f1e17681df75a239fb,other_target,dual_retention_add,candidate,250345,1379747,413,0.5495657920837402,0.7737579412900067,0.7568545162165472,0.7978515570404605,1161,0.8222774006653691,2,1.0,746
MOT20-05,776,1162,409,413,148119,db630463d1149b72febc7c1a1c417b8936471c51db85b14773e4b053a3cc7e07,other_target,dual_retention_add,candidate,250431,1381462,413,0.8345078229904175,0.7320850780148913,0.737135218525609,0.76195777187005,1161,0.9406057347622646,2,1.0,746
MOT20-05,779,156,387,515,148699,dd2dd602da08f12489a1b78e227645b6d98a9016e0744a9e3a595d7d1d099950,other_target,dual_retention_add,candidate,250617,1385804,515,0.4861842691898346,0.5169566278616523,0.5169566353994905,0.792248649993197,160,0.9999999843858244,10,0.6,528
MOT20-05,780,156,387,515,148881,872df6718965ef631277b37ef5f9c2e8bf680f83e4f855b6838609eb8e36d348,other_target,dual_retention_add,candidate,250752,1388014,515,0.19341428577899933,0.7173852828578496,0.5023169624677468,0.7510043804078546,160,0.6942175209902458,10,0.6,528
MOT20-05,781,51,273,416,149035,a6ee27acddc430e232d86e0d4f9e6dfd24b2e858dafea7a78b7752665a320df0,other_target,dual_retention_add,candidate,250797,1389379,416,0.4864294230937958,0.5402684917228292,0.5958015399300625,0.6637162950865386,66,0.8343552879690925,2,0.9,741
MOT20-05,781,156,387,515,149062,267692ddd89b6dae10eca41f32e7e2153aa30fb10edc0de8ee5c0231683f9661,other_target,dual_retention_add,candidate,250837,1389712,515,0.20977339148521423,0.7288823574913319,0.5080793426950704,0.7712440250683499,160,0.510951072089143,10,0.6,528
MOT20-05,782,75,382,439,149222,cf3122cfb2a97d078d42bc40ed2da0b4593fbb7a61f5df0809228c5156d011ac,other_target,dual_retention_add,candidate,250885,1391111,439,0.6953190565109253,0.5531154517449473,0.5531154476603339,0.7246236542020692,76,0.9999999924317996,7,0.8787878787878788,106
MOT20-05,782,156,387,515,149242,64e28ded401a0255367c069811192d05de3c25fca832f6ab8f2bef62034c9740,other_target,dual_retention_add,candidate,250861,1390924,515,0.48194870352745056,0.5461391961188532,0.5461391880833588,0.7872506369837454,160,0.9999999847617892,10,0.6,528
MOT20-05,782,51,273,595,149275,40d9f293a9c2216d051e42554048b3b8e19ddf41dce643cd5b04732900e9eb8a,other_target,dual_retention_add,candidate,250883,1391102,595,0.7141963839530945,0.6599750563422844,0.6599750467415828,0.8921537000115278,65,0.9999999666665026,2,0.9,741
MOT20-05,784,75,382,439,149579,0a24fd313bbe51d4f6a3bd0f933a48b175aa079ccad72348b8f6a690848fec7f,other_target,dual_retention_add,candidate,251043,1394451,439,0.7286097407341003,0.6037947342511042,0.6037947339233547,0.7218030810359402,76,0.9999999876008487,7,0.8787878787878788,106
MOT20-05,785,156,387,515,149777,3704a93352643142847dc56a6893cfdea9834bc06a1fb22096295db571883378,same_target,migrate_replace,candidate,251109,1395931,515,0.5425281524658203,0.6219671568911037,0.5700680940232861,0.4004074897875339,159,0.9170531383296897,10,0.6,528
MOT20-05,786,156,387,515,149956,39c42ba24fdd9b047871cb0a7f04c307989ca0d1bdbbc09fe6735dfbe3838b44,same_target,migrate_replace,candidate,251246,1398109,515,0.33174362778663635,0.6981357897272956,0.5218507605696933,0.3766607446547063,159,0.5058254573658368,10,0.6,528
MOT20-05,787,156,387,515,150135,ae7ea5916167b4e83566aad7ac338e84d313b778738e4ea64213eb5367080012,same_target,migrate_replace,candidate,251277,1399325,515,0.32473254203796387,0.8658694253981677,0.5505857517452827,0.387206645264646,159,0.5955221749831532,10,0.6,528
MOT20-05,788,156,387,515,150313,48eccdecb9c0c4c6145a1c656050dd840508079e89ab8744c22f5d384943860c,same_target,migrate_replace,candidate,251360,1400992,515,0.38773486018180847,0.8801379668367224,0.5044247531465024,0.3550559634606962,159,0.5684511488513292,10,0.6,528
MOT20-05,790,65,595,273,150757,7ac2bd85de31bb43f876603b164cbb1daffdbadd019288d83daaddd53d88ac72,other_target,dual_retention_add,candidate,251542,1404528,273,0.727910041809082,0.705461434923135,0.7054614399343211,0.7661739759974889,51,0.9999999848745899,2,0.9650655021834061,381
MOT20-05,791,65,595,273,150934,a48031811619ba4995159a596fa13ca2da557dbb99423ceb923e724c018c84ea,same_target,migrate_replace,source,251625,1406218,273,0.5144259929656982,0.7209864058197548,0.7591199382018907,0.7353081569826527,51,0.9116779913883327,2,0.9650655021834061,381
MOT20-05,793,51,273,595,151298,365e684d01c3a894272e8b572343f13973cba5d498fd77034dd472d5a744962a,other_target,dual_retention_add,candidate,251827,1410030,595,0.7511928081512451,0.736429205064261,0.710767465240324,0.7477508923003596,65,0.9520599543777597,1,0.9,186
MOT20-05,794,78,635,541,151390,16898dcf3c32f8be698ecff7401bc46f426ae51a0fd875d8187e962b04dd786a,other_target,dual_retention_add,candidate,251923,1411973,541,0.774869441986084,0.8040709231339773,0.5884954419214052,0.7459871312302304,63,0.7172368881678753,2,1.0,28
MOT20-05,795,78,635,541,151568,3aa2bf5194c9ce8cfce154b57fa836a79713155f14a63fc147ea7f420d212481,other_target,dual_retention_add,candidate,252004,1413706,541,0.8251051902770996,0.7846952243825375,0.599919066604972,0.7598598081923875,63,0.7370504027183646,2,1.0,28
MOT20-05,800,78,635,541,152475,9487824a7f3050608a8f9a636b3c1ffee2c6843aecb83244584f088300f5dd5f,other_target,dual_retention_add,candidate,252382,1421864,541,0.8240146636962891,0.7749779398729641,0.6089263859237661,0.7637652638648279,63,0.7133616778644566,7,1.0,258
MOT20-05,801,78,635,541,152657,6531f3f08002069fa76364541ee272c0712627fc98c3ed4eae237bf5f604cebb,other_target,dual_retention_add,candidate,252469,1423576,541,0.8409920334815979,0.7545543847033437,0.5768624994195688,0.8045692446308881,63,0.70809183572719,7,1.0,258
MOT20-05,802,78,635,541,152839,958b57db8e11c485323ceefca4e8897d338d29498e934f3f534fbed65940d2e8,other_target,dual_retention_add,candidate,252548,1425328,541,0.8235417604446411,0.7174729991126204,0.5716095098050747,0.8062450747555112,63,0.7583016866366824,7,1.0,258
MOT20-05,803,78,635,541,153022,0d1beeae465d40428ccb3ab56ea899fd8432b87e2a889130f82aa62e8d8e65ee,other_target,dual_retention_add,candidate,252627,1427069,541,0.7324907779693604,0.6679631070548118,0.555576150319447,0.8231166893475136,63,0.7524275628243575,7,1.0,258
MOT20-05,804,78,635,541,153206,860d87fb8c053aef1bb5d6cbbe22c02aa7ace5056a02caea839c156d5c5b1732,other_target,dual_retention_add,candidate,252744,1429400,541,0.7372469902038574,0.7083487031522286,0.5454162286088133,0.8349078499818274,63,0.7599604040315153,7,1.0,258
MOT20-05,805,78,635,541,153391,df1e24a8eb77a217f684a8654d6bf4e8162dc7eea8252db1d9748bce9ba694f2,other_target,dual_retention_add,candidate,252832,1431165,541,0.7148661613464355,0.6940251918245419,0.5327397072301171,0.8894411827505082,63,0.7528174892510371,7,1.0,258
MOT20-05,806,78,635,541,153575,a4944e19abce9f608b5f7a42ba34184389ad081b3e33ab09d6e51a1632be1b25,other_target,dual_retention_add,candidate,252916,1432893,541,0.5823994874954224,0.7004172145066626,0.5225342491079289,0.8847366269572661,63,0.7364790375526523,7,1.0,258
MOT20-05,808,39,713,622,153983,b8a526bc04a79ac0a5cadd70d4315da1b45fcef8c2bfe120d5926b221c327b04,other_target,dual_retention_add,candidate,253077,1436430,622,0.8383206129074097,0.5388708737982681,0.5388708655219556,0.5906118756102473,1117,0.9999999843239668,6,0.9838709677419355,315
MOT20-05,810,39,713,622,154362,641563dfa027a04ca2eb9e32031504712b546d149297103a38ba9d5cdb1db3f0,other_target,dual_retention_add,candidate,253203,1439464,622,0.8314056396484375,0.525121163522886,0.5016987518061267,0.5873503332056363,1117,0.9558967954477906,6,0.9838709677419355,315
MOT20-05,811,1174,557,579,154536,f1e566327d40e01738e4923c187bfde8518e44142f0bd0479c653aaa477ea95d,other_target,dual_retention_add,candidate,253334,1441946,579,0.7926661968231201,0.5761245821195039,0.5179130514220521,0.7277861710234228,19,0.8681073550141624,1,1.0,456
MOT20-05,813,39,713,622,154927,630702cae6114ce0e9532cab60b5b762ca86a20c23c06300dec6c7de513bf967,same_target,migrate_replace,candidate,253455,1444762,622,0.768486738204956,0.6862150363967204,0.6771875487799319,0.4670925356271256,1117,0.9273158127642867,6,0.9838709677419355,315
MOT20-05,813,19,579,557,154995,0964c219a4ccb4afcfa7b77aad1e8ea78181570007e7afb6f67101249dcf66a6,other_target,dual_retention_add,candidate,253501,1445434,557,0.6925044059753418,0.522011963351182,0.5220119530582463,0.6535555412893851,1174,0.9999999783007238,3,0.99,201
MOT20-05,814,19,579,557,155182,f29e1dd095350329ddfceb24bfe2af7d9a72f8fc24c8a814798b9a49d16f2ef3,other_target,dual_retention_add,candidate,253585,1447275,557,0.7202020883560181,0.6774639137885334,0.5553788427366265,0.6310921337362845,1174,0.8071688587921961,3,0.99,201
MOT20-05,816,19,579,557,155560,109fe3e10de2862fdda608eb810ed721e617b799bbb25a3d2b9a2304d6e1b979,other_target,dual_retention_add,candidate,253746,1450800,557,0.7785468697547913,0.6497738206463973,0.575884189645029,0.5893410066461114,1174,0.8881409248525193,1,1.0,113
MOT20-05,820,87,361,595,156287,5538f6c4d85f47eee267a4c953cbc61041a855450b35904b2591986b405857a7,other_target,dual_retention_add,candidate,254075,1457696,595,0.2956317365169525,0.7375248280012034,0.5301287699177878,0.7861042811518241,65,0.7155495754160981,1,1.0,625
MOT20-05,823,1182,684,603,156794,56bc8cd756a1c7778e67f16a9508d11edb9f092788ab1ef4e35bdd4b829977ec,other_target,dual_retention_add,candidate,254332,1463582,603,0.8019726872444153,0.6354318555353529,0.6185714405212832,0.9134988635512346,1156,0.971190338292027,4,1.0,242
MOT20-05,823,83,535,713,156865,a83da5fa7fab8cca435f3b606cddac4805a80b409a0394e713ae3ae8950d9f99,other_target,dual_retention_add,candidate,254288,1462564,713,0.7882100343704224,0.5694491923288172,0.5814044981122807,0.8150580454485131,39,0.9753848519834913,11,1.0,19
MOT20-05,824,83,535,713,157053,f62c902cd37a4ac3ab64f71b8327bbc632c1c005ebb1a8518cbb3b81b021d05e,other_target,dual_retention_add,candidate,254374,1464319,713,0.835375964641571,0.5969766218387221,0.6143518291688103,0.8170912691059994,39,0.9695535222139667,11,1.0,19
MOT20-05,825,1182,684,603,157170,0e9be06ea31a649a9def19168022bd0de6d9199ab6b83856eb8e91c3e6dc9e1e,other_target,dual_retention_add,candidate,254470,1466215,603,0.10452233999967575,0.805582440629845,0.615229847532701,0.9013444793390408,1156,0.5256163839924287,4,1.0,242
MOT20-05,825,83,535,713,157241,de51f4609014282e83c99ede401eb09069669634cf7a8df5c03570bde09dd0f3,other_target,dual_retention_add,candidate,254447,1466038,0,0.4877682626247406,0.7554406898612414,0.6539101590893426,0.8031610604327634,39,0.5043585395351631,11,1.0,19
MOT20-05,826,1182,684,603,157359,2010f0751d5987c2b60b294e57e108f77e527f8acfbbdb0e6ac43a6d2acf50e8,other_target,dual_retention_add,candidate,254577,1468841,603,0.33172786235809326,0.8208288154604457,0.6354702391324836,0.8880656205944896,1156,0.6961444643086312,4,1.0,242
MOT20-05,826,83,535,713,157430,89e2669e600584cc7e12dd4f8e9da59cba92801f65b9510dc4e9c670c4ca8c7f,other_target,dual_retention_add,candidate,254569,1468405,713,0.8308414816856384,0.6717770640686965,0.673455785008482,0.8094773338092188,39,0.9642230795456501,11,1.0,19
MOT20-05,827,83,535,713,157619,cb41adcab04a58c24df6608fe63af0c31331131140a8320a1af3cf326d5f81c8,other_target,dual_retention_add,candidate,254616,1469614,713,0.828972339630127,0.6345816067597286,0.6345816159840738,0.8596597460905099,39,0.9999999766266964,11,1.0,19
MOT20-05,828,83,535,713,157809,0abf90306f64e01e1f44301689b7c6f18067dbb23cd38df457029738b36e88ba,other_target,dual_retention_add,candidate,254693,1471389,713,0.8163954019546509,0.6632029403549098,0.67376573768349,0.8064558293742693,39,0.9811565850045394,11,1.0,19
MOT20-05,829,83,535,713,158000,d3f8ea38912d22dd633d7600d4e86a5c3457e8196580b18bd20a04a5fa9f0c39,other_target,dual_retention_add,candidate,254784,1473131,713,0.1915029138326645,0.700106079385556,0.6946493587122015,0.7244408119708858,39,0.5373635237432417,11,1.0,19
MOT20-05,830,83,535,713,158191,580238667e3466427a6adf1f8e3342e2b77c11b18292b582e433655a29727aa6,other_target,dual_retention_add,candidate,254866,1474958,713,0.7041034698486328,0.6650261422338588,0.665026129915039,0.7102662059398014,39,0.9999999798308585,11,1.0,19
MOT20-05,831,83,535,713,158382,90f82f57459324bccc7cc9c3710e5970f93439ca9a6c5cab7e81f0a3773bde25,other_target,dual_retention_add,candidate,254940,1476741,713,0.4397418797016144,0.544838720747782,0.5448387069083733,0.7873375633577043,39,0.9999999747028259,11,1.0,19
MOT20-05,832,83,535,713,158573,00c464ebb1875fa4f5063fd986b4878683842723dc4d6167ec957d116f8d5a5f,other_target,dual_retention_add,candidate,255027,1478522,713,0.39571914076805115,0.7221042438571401,0.5225632239455084,0.7599164438114288,39,0.6158416189847525,11,1.0,19
MOT20-05,833,87,361,595,158745,549c4223888ca44ca57ca76d3b7cc0fb4e764dde635b205c5b4a2c91c65fe2e8,other_target,dual_retention_add,candidate,255112,1480284,595,0.7941491603851318,0.6126530401534818,0.5376338344057874,0.7930922179603638,65,0.877650582321247,2,1.0,13
MOT20-05,834,87,361,595,158935,e254a2034334351c38f861ee7c2a2c802f5e49137266e0cdf80eeda2cbf982f3,other_target,dual_retention_add,candidate,255230,1482471,595,0.6571925282478333,0.5171148826048775,0.5370225129189115,0.7748284813408883,65,0.9528147601730745,2,1.0,13
MOT20-05,835,1167,286,20,158979,643e75f1c1b7cf6991a36b7aeda14244303e055cde4cef7f76baab06aca509b1,other_target,dual_retention_add,candidate,255282,1483957,20,0.6650097370147705,0.8361395001580373,0.7035062991628055,0.94937480813085,1042,0.7149490064937324,1,0.9829059829059829,410
MOT20-05,836,87,361,595,159321,bf932d33004f714c3b3d0ef40267c08c04991fe2d7560ff6716ca5a1ffbccec4,other_target,dual_retention_add,candidate,255350,1485614,595,0.6302481293678284,0.6503469936458812,0.6063978432523995,0.7794791156406558,65,0.9142490548084752,10,1.0,2
MOT20-05,837,87,361,595,159515,3122ad2c20689b5267b44152a339d34c9ee8bc5f075d5aef01e47ab7ca9fbbed,other_target,dual_retention_add,candidate,255433,1487393,595,0.654317319393158,0.674297328400141,0.6272983758863113,0.7812344931339726,65,0.9125673297304628,10,1.0,2
MOT20-05,838,87,361,595,159709,5f5bcf28e24df655215b178a9da653b290ee629fd76bacd5c91051bf3c96b645,other_target,dual_retention_add,candidate,255517,1489173,595,0.814339816570282,0.6577096624498124,0.6259764532419559,0.7818141742859519,65,0.9304380772075012,10,1.0,2
MOT20-05,839,87,361,595,159903,a9837790e4ddf40f856e6d0976c6526b4e569246e6c67cce1961636bba9e50a1,other_target,dual_retention_add,candidate,255596,1490982,595,0.5814064145088196,0.7455536602714006,0.6915511246891092,0.7619313664337461,65,0.9160105629960419,10,1.0,2
MOT20-05,840,87,361,595,160096,f72d892ad16946991fb51ab35bf67899150a3d059d5c2f72a6d6bfdfc2f6369d,other_target,dual_retention_add,candidate,255677,1492788,595,0.5259525775909424,0.7809293454667593,0.7383913320463927,0.7691170272540984,65,0.9260487814408629,10,1.0,2
MOT20-05,841,87,361,595,160290,c2e7826018caf59170cc6381adb7e2aa55f281c2e2e29f26984566143e55c2ae,same_target,migrate_replace,candidate,255758,1494596,595,0.41533541679382324,0.8799631708951252,0.7938165871857276,0.7605768446577034,65,0.8999568661103352,10,1.0,2
MOT20-05,842,87,361,595,160485,6e48e7f318550fc36e743767803e645cd81a7791f8aa722b35dc8533a7fa56b1,same_target,migrate_replace,candidate,255845,1496435,595,0.7653993368148804,0.8806718022175064,0.8112780765998847,0.7417902204602865,65,0.841265076664193,10,1.0,2
MOT20-05,843,731,53,674,160659,e70567163c386bffd12c6ee81d6792353f5bb167f7cafda562b945f61dd2d6c2,other_target,dual_retention_add,candidate,255984,1499720,674,0.8791670203208923,0.9275245781492643,0.6943022791542566,0.9018535703400699,1194,0.7158624571143165,1,0.9953542392566783,1703
MOT20-05,843,87,361,595,160679,4adf8c2f307c12d5c609a371130ccd76fe4550d0c0b7270a9c37d68806183e30,other_target,dual_retention_add,candidate,255960,1498682,595,0.19527065753936768,0.7538568878136461,0.7538568889513285,0.7807296707200853,65,0.9999999858679147,10,1.0,2
MOT20-05,844,87,361,595,160874,2cbd26c362f26948fbf41a075cee469c649b4056766d4ef6488ebac90dbcc425,same_target,migrate_replace,source,256036,1500509,595,0.7413623929023743,0.8132452077015585,0.8132452109601206,0.75777848288021,65,0.9999999895139562,10,1.0,2
MOT20-05,845,87,361,595,161071,787bde556776e9f9dfb0e913d343fade96c8ac3eb921f234748a7c4c59a7896a,same_target,migrate_replace,candidate,256098,1501883,595,0.4559124708175659,0.8761949677495388,0.848469185884612,0.746836066391304,65,0.9408977362111018,10,1.0,2
MOT20-05,846,76,698,678,161250,03d85d30e7e2ab0c7bb50e038a394b64a2696d2e0c3ab8b51881b993ff65da39,other_target,dual_retention_add,candidate,256171,1503632,678,0.7688955664634705,0.6870197835567492,0.617872741166763,0.6246390411818391,89,0.816107998174973,1,1.0,119
MOT20-05,847,87,361,595,161463,d85bd64ddd0060d8e28257ae8293d14e83ec47bef7bc7f42667ed64e8329b066,other_target,dual_retention_add,candidate,256259,1505519,595,0.7230216264724731,0.8686286930501884,0.7829283785371255,0.8176565635939498,65,0.7470202298846247,1,1.0,110
MOT20-05,847,89,678,698,161504,4eeaf92cf3922340eec2e3a06a5629b380c54b4742faad190c20ef4e919ec248,other_target,dual_retention_add,candidate,256291,1505902,698,0.8330060839653015,0.6499481178922778,0.6454435963026295,0.7608364798126211,76,0.9652803395087123,1,1.0,106
MOT20-05,857,674,90,765,163492,155defda63adedc837790366b1256481595201593aa6cca0d5a8b1148b05fc69,same_target,migrate_replace,candidate,257107,1524144,765,0.8044622540473938,0.776257544907666,0.7762575447520551,0.31054308500160827,675,0.999999991748839,1,0.787086856264412,2157
MOT20-05,859,70,491,679,163825,5ddcda4daf7bfe3d34c7f1422879894a7f55c00d3ec52ed6cb45b651fff64af7,other_target,dual_retention_add,candidate,257259,1527687,679,0.7712440490722656,0.6288807295558718,0.6194280065754912,0.9243874242960046,41,0.9796197724547888,11,1.0,585
MOT20-05,875,71,573,334,166942,927cbb03795d88deeebef361f68da1445ebd226062d21a3f70d7942b39eefe4b,other_target,dual_retention_add,candidate,258581,1557711,334,0.7863213419914246,0.7562066753836086,0.5179754959805439,0.715439863006154,53,0.6709034493060565,3,1.0,278
MOT20-05,876,71,573,334,167142,3474292f1a2fd4c7c40d29315fbe5e6af8af22b8c1fe192dbacc4005f1ae898b,other_target,dual_retention_add,candidate,258661,1559609,334,0.7888527512550354,0.7292652897806791,0.6226243693688948,0.6498202959021953,53,0.8475034150434823,3,1.0,278
MOT20-05,877,71,573,334,167342,b461241e273c15825979d66780a7b246da62e93ea2717368aa48c40a487771f0,other_target,dual_retention_add,candidate,258787,1561963,334,0.7355659008026123,0.6170209093494157,0.6058749793522845,0.6686538238339705,53,0.9650130786134897,3,1.0,278
MOT20-05,890,75,759,730,170112,7b4d400f4c593408408f7194f1b2ac6c594dc61946f74c8cb4ecd1b962a4e12b,same_target,migrate_replace,source,259830,1586349,730,0.667165219783783,0.737347317391868,0.7900281284497602,0.27813441594705374,91,0.9345697932965527,3,1.0,2
MOT20-05,891,75,759,730,170316,fc165a6874ca64fe0938aee315d82f4c037a4df60f8892959005e90259236d56,same_target,migrate_replace,source,259951,1588759,730,0.8128812313079834,0.7866204710725972,0.8059932797479833,0.29151039406953577,91,0.9481028913189761,3,1.0,2
MOT20-05,892,903,751,705,170502,11a8cba6b32d336b4b16d133d187738a0909e8134c9e13480745f8bbfb6e3733,other_target,dual_retention_add,candidate,260055,1591630,705,0.3454520106315613,0.77688044916656,0.6718616950117545,0.7827087344517015,1094,0.6336020877922701,4,1.0,145
MOT20-05,893,903,751,705,170707,7f3b26bf0056707c9cd39b2da8f1f484c0c3e6c676d18f66f44a1b85ede0127b,other_target,dual_retention_add,candidate,260139,1593797,705,0.31241294741630554,0.8156591868877132,0.6267410826573949,0.7953877376260917,1094,0.6212702062638485,4,1.0,145
MOT20-05,893,512,34,729,170726,c787842b1537cce615dbb74872e9224cfa19d41c3cf6e96be719c9274d03ffca,other_target,dual_retention_add,candidate,260097,1592450,729,0.541285514831543,0.7125972751127413,0.6527776503102232,0.846159668582953,47,0.8998361405589014,2,1.0,2387
MOT20-05,894,512,34,729,170931,e4cdb5a74c9a44b311cfa28166b01a0c5dc63692b16519fd1ba65549d66896c8,other_target,dual_retention_add,candidate,260206,1594950,729,0.8129767179489136,0.7097071378827406,0.7097071337089357,0.8771877043376333,47,0.9999999874204648,2,1.0,2387
MOT20-05,897,1066,554,581,171480,1561c716199720ae4352667a39c7ed3c35169d7f0bd67b356bd314156b8416d0,other_target,dual_retention_add,candidate,260471,1601597,581,0.4030960500240326,0.8699848541370803,0.5759992302938846,0.9063995557823316,1058,0.5045634828935063,2,1.0,969
MOT20-05,903,48,288,279,172708,f643c78638d64348d357c601e3be0b01ac1496e4557a3598bc3d990577ee3eb9,same_target,migrate_replace,candidate,260897,1611790,279,0.8133528232574463,0.8938978088397915,0.7933830676942253,0.3244126387366073,50,0.7174839769543122,1,0.9975698663426489,900
MOT20-05,913,76,698,801,174981,73b3a37ec53a59c3e48fb3b44dcd591ce44ca6890213904e8700136a8d91161c,same_target,migrate_replace,source,261723,1631825,801,0.695356547832489,0.7967594406527451,0.8241108145986172,0.5554343808829347,75,0.9601635228767651,1,1.0,72
MOT20-05,932,1195,659,743,178947,454919b004095998ed0ebb510be4352e2ad9fb25dc432e51ca5a182309986af9,other_target,dual_retention_add,candidate,263372,1671537,743,0.7771561145782471,0.6896770959721372,0.5553546297823384,0.9396728394301183,979,0.7870935437107722,1,1.0,205
MOT20-05,934,1195,659,743,179365,0fbdc763710cb85ba79e6a2b219fe175b41ebca89d365711ec5a826f75f9fb41,other_target,dual_retention_add,candidate,263536,1675455,743,0.7601313591003418,0.7487952330291655,0.569856944392295,0.9536124943792607,979,0.7314784092003402,6,1.0,90
MOT20-05,937,1195,659,743,179994,ba3069d60cc17937e824d693672b7aab0734d5fa5987402761ba8d7ce2125fcf,other_target,dual_retention_add,candidate,263785,1681411,743,0.7828723192214966,0.779278937117456,0.662808837734347,0.8737396196773415,979,0.8204670645228643,6,1.0,90
MOT20-05,939,35,796,711,180395,de7bfa645df37db0aad31f21f80cfcc28dcc6ff0d4d2399f8d40bee20b977fdc,same_target,migrate_replace,source,263937,1684421,711,0.734596848487854,0.873759393727424,0.8737593974460168,0.6666603085997134,1117,0.9999999929028289,1,1.0,245
MOT20-05,939,1195,659,743,180414,2b17558937dc112d0096c4748a530fdceed85da12f88e1a2f55aa113696b0e84,other_target,dual_retention_add,candidate,263953,1685272,743,0.7741827368736267,0.8869389774866623,0.6998285287828118,0.8609109785966801,979,0.738218398757818,6,1.0,90
MOT20-05,941,56,504,361,180848,5eb8de34098b5eca921f00ff39e16fba8f18bc094555248416b5051ff60a8d14,other_target,dual_retention_add,candidate,264056,1687670,361,0.7667996883392334,0.5080314603528506,0.5080314595566815,0.6826757292139317,87,0.9999999939593411,13,0.8,448
MOT20-05,955,75,730,595,183793,3dd986864c7ce9a16536cf93ad6cb03d544f53eb2057f09c341edbbe8dbe4394,other_target,dual_retention_add,candidate,265261,1716083,595,0.5381708145141602,0.7484668340439321,0.6662488640215395,0.8195389589434706,65,0.6984321466444057,3,0.9618320610687023,267
MOT20-05,956,75,730,595,184007,f78dc1231812d2178cce21efbb3204416664f4d9c7f489e6e422d2a803f399cb,other_target,dual_retention_add,candidate,265339,1718022,595,0.7511898279190063,0.6093547136491843,0.6093547115409956,0.8340302467999003,65,0.9999999722431444,3,0.9618320610687023,267
MOT20-05,957,75,730,595,184222,e5538bc8a68c60cfd9464389d2fd3d24e2ce9b096306382a1f6622ab2be9c59c,other_target,dual_retention_add,candidate,265423,1720011,595,0.27531445026397705,0.8413573529928182,0.6466277961280175,0.7603873998156818,65,0.7406302211053664,3,0.9618320610687023,267
MOT20-05,969,814,842,707,186772,089e9da8455a124d6bcccf27f423434669483efc7bf133a7050d2deac13c3ff9,other_target,dual_retention_add,candidate,266412,1743405,707,0.6499805450439453,0.6858135319419648,0.6858135380590717,0.8302029982839763,921,0.9999999868003792,8,1.0,717
MOT20-05,972,1036,120,101,187296,865527c56feb0f88f898a4907da48c9355877e7957d9096f96f13fae662226c1,other_target,dual_retention_add,candidate,266692,1750111,101,0.18961773812770844,0.8092539976726535,0.7270359657512938,0.860406832920744,535,0.5945814068758826,3,1.0,977
MOT20-05,973,1059,3,583,187558,ff527d9200d984cb4e163e73cd68f732825563e7e37c9117b9a1ef0b3c2143dc,other_target,dual_retention_add,candidate,266767,1751870,583,0.7449854016304016,0.5599250956162494,0.5683273877654216,0.8006228504006064,1060,0.9463568975926164,4,1.0,997
MOT20-05,974,1059,3,583,187766,c8132f7df276c243d3b878e1c466bd46db9380e4dfaf0072c914c9dd2a19acb3,other_target,dual_retention_add,candidate,266851,1753804,583,0.8669032454490662,0.5721819443770586,0.5600015115514788,0.829359239861522,1060,0.9674403716164721,4,1.0,997
MOT20-05,975,1059,3,583,187973,12d8c63a73e39cc712da3dd9e240270d536a6ade53eb85b6d79801acb722ef42,other_target,dual_retention_add,candidate,266932,1755774,583,0.8098937273025513,0.582801946180389,0.5600007252385897,0.8474527117594219,1060,0.9467773625785796,4,1.0,997
MOT20-05,976,1059,3,583,188180,10113c10acb0879d232a59eba0f727188a557f18729f4292d367d8521b444f20,other_target,dual_retention_add,candidate,267015,1757716,583,0.17135734856128693,0.7167072678124413,0.5534788517618812,0.8700475226256098,1060,0.5247206037478905,4,1.0,997
MOT20-05,976,814,842,707,188223,e3afc27486744ea52d205b3c85da7f3ed706ed3d46eba6529a7781560118b321,other_target,dual_retention_add,candidate,267024,1758030,707,0.8064481616020203,0.6846967393441301,0.6846967311331177,0.7482926742451222,921,0.999999986529797,8,1.0,717
MOT20-05,979,76,818,595,188845,45b32d626fcedcb2c82a29341b9ae0336a2c83cf6bf59e4461acad9aa34ac91f,other_target,dual_retention_add,candidate,267197,1762390,595,0.8231662511825562,0.7437235977576303,0.7227478115968086,0.7916471414657062,65,0.9398743230709269,4,1.0,60
MOT20-05,980,76,818,595,189051,5ee13c7afb2a8e01b1c70b07de36f340cf1fecbbe3c694bf619d2b9093de9e83,other_target,dual_retention_add,candidate,267283,1764327,595,0.8304400444030762,0.7332561334323144,0.7274490398263769,0.7981830082674882,65,0.9466028340787312,4,1.0,60
MOT20-05,981,1036,120,101,189165,593de254cc9b9390824d25a0a5a913cc708eb506a8e269d89b442de10f90ec0f,other_target,dual_retention_add,candidate,267434,1767685,101,0.8475577235221863,0.6849781700559059,0.6739603297549809,0.8392919633774162,535,0.9621626643131731,14,1.0,85
MOT20-05,981,76,818,595,189257,fca775c9661bf4dba9c4623fd8387207a21eade9646790ca0bc528dcd366cf9c,other_target,dual_retention_add,candidate,267408,1766905,595,0.6491954326629639,0.7567731273773197,0.7567731314950848,0.7977843668253981,65,0.9999999812966675,4,1.0,60
MOT20-05,982,76,818,595,189462,6dd240e56bd7b69bad71bc48da95af3ccc079d0be4b184869082ebc85637efe0,other_target,dual_retention_add,candidate,267495,1768894,595,0.7778780460357666,0.6940784125717365,0.6940784139425702,0.9058557217212326,65,0.9999999870079601,4,1.0,60
MOT20-05,983,1036,120,101,189577,702263a38275d3072ee4cd130379f03b005ac2b1584f6d40db0f7208a5fc54bf,other_target,dual_retention_add,candidate,267603,1771626,101,0.852895975112915,0.6858706172775699,0.6687761394174192,0.8254011170106212,535,0.9686872551385967,14,1.0,85
MOT20-05,984,1036,120,101,189785,f3d213314215351bac405d49b39af9605c37f494eca05482a3c8c4b62778d263,other_target,dual_retention_add,candidate,267687,1773589,101,0.8490437269210815,0.6822572905711533,0.6593772660615752,0.8202930400539077,535,0.9647786845335335,14,1.0,85
MOT20-05,985,1036,120,101,189993,581ad4d810144dddf74acf2ebee092c2150e66f0eb9edab481159cf449d0c1d0,other_target,dual_retention_add,candidate,267768,1775535,101,0.8513267636299133,0.6878831843086257,0.6564395512288224,0.8315442967067368,535,0.9549343267636762,14,1.0,85
MOT20-05,986,1036,120,101,190201,b7302188027ca7dec078af412b8c1bd4be42255e5a80f922994df542a80ba902,other_target,dual_retention_add,candidate,267852,1777489,101,0.8478847742080688,0.6805035470647176,0.6586891812404255,0.8259917840220755,535,0.9673163715648415,14,1.0,85
MOT20-05,987,1036,120,101,190410,737cd623de79f585c6baa92cf307f6f4ade75b543d95839be417b5777ff6a110,other_target,dual_retention_add,candidate,267933,1779447,101,0.8455201983451843,0.6822033866044076,0.6599680617262477,0.8333046803138693,535,0.9688345907230954,14,1.0,85
MOT20-05,988,1036,120,101,190620,a65a49ea66f010da5c65a4615b58630ed1681fd589355bec920ba2ed4c5b43dd,other_target,dual_retention_add,candidate,268017,1781391,101,0.8372346758842468,0.7063471008457459,0.6677206607939177,0.8336424345844657,535,0.9450762826391663,14,1.0,85
MOT20-05,989,922,726,761,190953,67ab0f11b8be389efb9ff9e5aa40fea72062b1a3bc54e3dcae21bc2b30c44215,other_target,dual_retention_add,candidate,268073,1782392,761,0.22851404547691345,0.7555618572175957,0.5537868631932541,0.9190182602426439,982,0.5268449568478235,18,1.0,162
MOT20-05,990,1036,120,101,191041,3c6c351fd98262645b3b1485f97265d0990205e9ea6a8e3a9652f1c49b4f0a8d,other_target,dual_retention_add,candidate,268182,1785231,101,0.809845507144928,0.6895335174274289,0.6608911464174095,0.7902310238944457,535,0.9299777504433464,14,1.0,85
MOT20-05,991,1036,120,101,191251,82c39f214acd69388315d7c83cc84a25e27529cb4df7deb71ea86a9c76466e93,other_target,dual_retention_add,candidate,268264,1787130,101,0.7879050970077515,0.6904303474898129,0.6555929741349368,0.8003977949485845,535,0.9053291438576004,14,1.0,85
MOT20-05,991,922,726,761,191372,b312e55ed7d117e6e6c80db25f7243b1167ffae774c93f3f0299ac115e01cde1,other_target,dual_retention_add,candidate,268236,1786237,761,0.326794296503067,0.787897521421633,0.5482855454106591,0.9516722469517915,982,0.5098615225843185,18,1.0,162
MOT20-05,992,903,751,70,191456,5d2de85df85d916e1b96851b9dbf021268370f7bcecb34e7570b5d61ea84df09,other_target,dual_retention_add,candidate,268316,1788128,70,0.19964341819286346,0.599138816846442,0.645362859513771,0.9360217080812825,834,0.9152686928432707,8,1.0,370
MOT20-05,992,1036,120,101,191460,24f0084da2890524210d807ca0a44b3dca06c6fce3eea92b545f6875e12de06f,other_target,dual_retention_add,candidate,268349,1788971,101,0.3015560805797577,0.7757900225247524,0.6490475889650981,0.7953748704466277,535,0.6498049202224148,14,1.0,85
MOT20-05,993,1036,120,101,191667,5239a200febb59db6d31547667bb8cd1e798550a6b31dfa38ac3f3e1397196cb,other_target,dual_retention_add,candidate,268435,1790933,101,0.6119948029518127,0.6996797319527325,0.6399372762951973,0.8109336182743214,535,0.7946898739955011,14,1.0,85
MOT20-05,994,903,751,70,191870,7d786a686fb8de4241f89f739ef37515e96693d3108ae54ed3fd94f01d06f0e8,other_target,dual_retention_add,candidate,268491,1791929,70,0.2937825918197632,0.5816850209320836,0.5919551098813581,0.9430003568257583,834,0.8930391818943557,8,1.0,370
MOT20-05,994,1036,120,101,191874,2a4af9779089bad7aead6c10ef90fc2091e555c952d9e70753ead997ce38d7bf,other_target,dual_retention_add,candidate,268519,1792827,101,0.7710438370704651,0.7111299557391345,0.646820691354239,0.8050965490732914,535,0.8156890794661579,14,1.0,85
MOT20-05,995,903,751,105,192083,d83593909b0e04e1e45cf1c00a7290d0cb0383be682e86dda50e6851fbcad028,other_target,dual_retention_add,candidate,268601,1794847,105,0.5191335678100586,0.5650085989191899,0.5391533451649767,0.8098150688250939,536,0.943073250849665,8,1.0,370
MOT20-05,996,903,751,105,192290,244ba660f0d09c1ec5876d1ec05c7790e4d2ac42a83a93ddc4f602d52ce7ae14,other_target,dual_retention_add,candidate,268682,1796750,105,0.5939047932624817,0.6385710823709757,0.564887967133864,0.8286850293534229,536,0.8831109771106953,8,1.0,370
MOT20-05,997,903,751,105,192498,39922aa657e85643d40954eb5197ccacfe50b08259d381fff5a822dc9944b0a8,other_target,dual_retention_add,candidate,268767,1798653,105,0.6463228464126587,0.6477193466226229,0.5593854257794958,0.8647842730593709,536,0.8607482578393064,8,1.0,370
MOT20-05,998,903,751,105,192705,b3d962c603ce624fb94c6e8c9ed8e0b0b04b65770b4f3e0706ec56a98ba01375,other_target,dual_retention_add,candidate,268853,1800886,105,0.6523087620735168,0.6798830982442625,0.5695615179443259,0.8958283647352538,536,0.745395229803353,8,1.0,370
MOT20-05,999,903,751,105,192912,da0b5d6ad35b212df136d43d52fa507d927c55e7d4ba168b99fa29de11db61d3,other_target,dual_retention_add,candidate,268931,1802472,105,0.3672962784767151,0.7137848368350989,0.5875712009865708,0.9276325997455976,536,0.8312646491612938,8,1.0,370
MOT20-05,999,922,726,761,193030,20d35cd6fae56cf1e02de4be22e588c9f7947d027ac0ca77c392bca1f2ce0621,other_target,dual_retention_add,candidate,268895,1801487,761,0.3546363115310669,0.5682185706746334,0.6033124838634206,0.8727101967768909,982,0.5387085533833629,9,0.9915254237288136,475
MOT20-05,1000,922,726,761,193238,c4ac16e13ec3e628e4a8030a4c75c886ae4ba4cd317103ad8df54a605ba381d5,other_target,dual_retention_add,candidate,268977,1803425,761,0.1614069938659668,0.6274760336063372,0.6056595058139909,0.8532628008833413,982,0.563200183837261,9,0.9915254237288136,475
MOT20-05,1002,1059,3,583,193586,733a2012936f14e6c60131a884e1022ab50d94e77e0bfe7a4991c843341b0f7b,other_target,dual_retention_add,candidate,269169,1807838,583,0.7950460910797119,0.5123433019659245,0.5123433026881193,0.8494161151965329,1060,0.9999999936993187,12,0.9927140255009107,574
MOT20-05,1003,1059,3,581,193792,5557492ce72043fd68fdb007651e23bba7397de52b93b28e84233ca06ecd77e1,other_target,dual_retention_add,candidate,269265,1810532,581,0.5742987990379333,0.5124865951813179,0.5254631818333353,0.9475715651362328,1058,0.9528382507774211,12,0.9927140255009107,574
MOT20-05,1003,922,726,761,193864,9cb7cedd8ca69d2be44927175be7ba01a9cc7f7397abd678c3e7a9c99e5d1b79,other_target,dual_retention_add,candidate,269261,1810206,761,0.4024083912372589,0.5616047691696695,0.5904393960807863,0.8472790340820433,982,0.5108580621852296,9,0.9915254237288136,475
MOT20-05,1004,1059,3,583,194003,880d1d7435cac549050055206fa5f1b59f7381c8cd536756669561d4b0bc2a3d,other_target,dual_retention_add,candidate,269306,1811147,583,0.6553212404251099,0.6765621412780901,0.5611086187372004,0.8141143564776907,1060,0.8292327524244334,12,0.9927140255009107,574
MOT20-05,1005,1059,3,583,194213,d07cc496f46de095efc3fe9b25bed71083f0b654811820db7b09cdd196d6f046,other_target,dual_retention_add,candidate,269413,1813704,583,0.7244820594787598,0.5996651588273717,0.5436251880207454,0.7968442982326018,1060,0.7922824926324268,12,0.9927140255009107,574
MOT20-05,1006,1059,3,583,194423,425b0536bc701388b5681cc03d810decf0ddb7926bf01c8ccddf1d957d476865,other_target,dual_retention_add,candidate,269500,1815548,583,0.7981552481651306,0.5398278668750454,0.5398278574418274,0.8270922786332465,1060,0.9999999824731454,12,0.9927140255009107,574
MOT20-05,1007,1059,3,581,194631,951b11ad92ce86ad08e417dfc56c4527549e086b6bbcfdf2958d4bd019831b93,other_target,dual_retention_add,candidate,269598,1818240,581,0.5029217004776001,0.5051717423628236,0.5051717382918703,0.8970649035809183,1058,0.9999999871491615,12,0.9927140255009107,574
MOT20-05,1008,1059,3,583,194842,888ebc395eaa652d3bdc7ff277611945030f4b65fd20843b6e0fdf391b072b98,other_target,dual_retention_add,candidate,269668,1819416,583,0.8269529938697815,0.5578772985353286,0.5578772941965014,0.8389762883268307,1060,0.9999999919561273,12,0.9927140255009107,574
MOT20-05,1009,1059,3,583,195051,43a6bfc89562053d324e1431d60fc432606090b1f2eb4365727694979902fafb,other_target,dual_retention_add,candidate,269726,1820800,583,0.8033656477928162,0.6307886763713648,0.5635433095746055,0.8421572176196328,1060,0.8907672963116251,12,0.9927140255009107,574
MOT20-05,1011,1059,3,583,195465,674d89c8c06b9008476fbf53beaea98078d06b00b2963f16d3096e907c4c4969,other_target,dual_retention_add,candidate,269918,1825182,583,0.8173998594284058,0.552211452691989,0.552211453753333,0.8614498100758873,1060,0.9999999882076528,12,0.9927140255009107,574
MOT20-05,1013,1059,3,583,195877,c35acdce5ef758465dc6f025356754b88d13330a35743b7969e5e29b9a064730,other_target,dual_retention_add,candidate,270055,1828423,583,0.8249461650848389,0.6021121593742979,0.5093837577761031,0.9042849301796839,1060,0.8356014423881457,12,0.9927140255009107,574
MOT20-05,1013,87,871,795,195970,c115436055ffdac67754b7ed949c6e487c4ef639ec3ef2ff4869b7a478d92e06,other_target,dual_retention_add,candidate,270021,1828016,795,0.6008980870246887,0.6282577861256552,0.6282577771463251,0.6796222721412463,71,0.9999999859554439,4,1.0,26
MOT20-05,1015,87,871,795,196379,3538c0d57f5980bfb743910f601b4eef04791ab35ba9b6d02a77ea04baaadcfa,other_target,dual_retention_add,candidate,270233,1832335,795,0.34093284606933594,0.5395133051605682,0.5351111022340399,0.6685081431810693,71,0.9432994854610731,4,1.0,26
MOT20-05,1028,86,874,461,198936,f1b1c6c1e78861b2033ecf6d9fcaaa23709fee433705de37f6dff27c9e741389,other_target,dual_retention_add,candidate,271259,1856613,461,0.7448492646217346,0.5730097071826102,0.5754297155826481,0.7929578380361529,934,0.827016608409232,1,1.0,40
MOT20-05,1038,1060,583,3,201095,2dc068e1c4e17ffab3f2d4149276d035b07f782dea490fb0863a2e0331033afc,other_target,dual_retention_add,candidate,272155,1876507,3,0.7350685000419617,0.9015990447940337,0.6700250544595842,0.8739203145760281,1059,0.71277450774237,17,1.0,914
MOT20-05,1039,1060,583,3,201295,2500a380cb061923de7936217aa3757fce86d7b32ec5da8678c76be0453b0a39,other_target,dual_retention_add,candidate,272209,1877825,3,0.7859461307525635,0.6982950966052224,0.6982951044016852,0.8512887135868807,1059,0.9999999846472486,17,1.0,914
MOT20-05,1040,1060,583,3,201496,fdb36eeb66e386133fec83bd908037e886c79e8942a73a1df9a39c4789d7edc5,other_target,dual_retention_add,candidate,272294,1879685,3,0.5722545385360718,0.7042801635057574,0.7042801526820781,0.8480790426417893,1059,0.9999999828131928,17,1.0,914
MOT20-05,1041,87,871,334,201539,b2843db1cb3367cd74215e34b00bff0b2587b0695d118672ed31c0cf58b68296,other_target,dual_retention_add,candidate,272344,1881195,334,0.81989586353302,0.7458259729062353,0.747525116952829,0.7558276885292428,53,0.9327376157075546,5,1.0,107
MOT20-05,1041,1060,583,3,201696,4e715330d14a05836d54cc2a175059ac4c2f0709f5eefe332b7ee8517d81c1a4,other_target,dual_retention_add,candidate,272400,1882117,3,0.12073800712823868,0.862484008229176,0.7056316883493607,0.8410194866185541,1059,0.7446916842881489,17,1.0,914
MOT20-05,1042,87,871,334,201738,d2ade2d5c8782144b1f58767711381a83e2db29284129f53a39fc8821854f2f4,other_target,dual_retention_add,candidate,272468,1883532,334,0.8091996312141418,0.7102373881316063,0.7208412699830116,0.7406561090696294,53,0.9703363335685127,5,1.0,107
MOT20-05,1042,1060,583,3,201895,719f73a465759a77923b8a920cadae284442cfede75fe7ec818c32a791bd7117,other_target,dual_retention_add,candidate,272487,1884074,3,0.828993022441864,0.6747741203476749,0.6817358728808158,0.8716354365623611,1059,0.9613650172817956,17,1.0,914
MOT20-05,1043,1060,583,3,202092,2993fda176dbaedf8a573f7e9a07b5bcce73ac678667580c5c0eb548fd304a1f,other_target,dual_retention_add,candidate,272568,1885922,3,0.7717124819755554,0.6734920000481696,0.6699646032979357,0.8715462435380888,1059,0.962523861961695,17,1.0,914
MOT20-05,1044,87,871,334,202133,723ebde40216f1e75b57907bb513563a34aef442d5a85de012825e9a1076ea1e,other_target,dual_retention_add,candidate,272635,1887205,334,0.7687053084373474,0.6580979462060308,0.6710768207321363,0.7247727230044925,53,0.9618803896157113,5,1.0,107
MOT20-05,1045,87,871,334,202330,d136dda142f5fbe831c6fde3df2d4000c9fabdd0a925afcb3bf67c8b6c5023eb,same_target,migrate_replace,source,272679,1888604,334,0.418313592672348,0.8341832635358721,0.8341832649731279,0.7381970576838733,53,0.999999994840018,5,1.0,107
MOT20-05,1053,1060,583,3,204050,198bab1b194609cf4b9f97b7a67394406ec4541b331bb7f5a87f7066350be802,other_target,dual_retention_add,candidate,273399,1904279,3,0.4029805064201355,0.8461444425448086,0.7965632740492922,0.843153626910985,1059,0.7561624301713269,17,1.0,914
MOT20-05,1054,1060,583,3,204244,0dc7d0a4713988cd84037fd8d7a887011de14531b6aebc7e86b75db48565d323,other_target,dual_retention_add,candidate,273483,1906282,3,0.6443932056427002,0.6555629033115921,0.6555629123996469,0.8158504082818279,1059,0.9999999839904693,17,1.0,914
MOT20-05,1057,16,634,479,204688,7b744b461728d482d520e803b0b2afdde8c796bbe1896b0fc33d1b41f73be527,other_target,dual_retention_add,candidate,273713,1911280,479,0.8608899712562561,0.5389986631355068,0.5280565915477753,0.8369336805735825,21,0.953183706668347,8,1.0,445
MOT20-05,1058,16,634,479,204884,fadada7849ae36b9569c8ed76b2b89855bdfd34ac4a72a9d6f7b7243eec9d76e,other_target,dual_retention_add,candidate,273798,1913142,479,0.8610976934432983,0.5600552856190685,0.5600552845483386,0.8480742022772468,21,0.9999999841153856,8,1.0,445
MOT20-05,1060,16,634,479,205276,baeb70878dc6ff046cd2bee764ea01e8b91accd80f19b651caeefe8a8c1b5bc7,other_target,dual_retention_add,candidate,273917,1916348,479,0.8683391213417053,0.5591526940621876,0.5591526908624161,0.9230690834981232,21,0.9999999864331037,8,1.0,445
MOT20-05,1061,78,635,561,205484,81acdb196127dd8ea95d332c0532108850527375424797ffbcbb85ababb57dd7,other_target,dual_retention_add,candidate,274005,1918280,561,0.5582664012908936,0.6831007896374733,0.6820514120185062,0.8637083149242499,62,0.9584126291423213,14,1.0,258
MOT20-05,1062,78,635,561,205678,2221563cc3cb37744e70346f7157300b2145fd4ffaa5b711c390c814afc04441,other_target,dual_retention_add,candidate,274087,1920100,561,0.8479331731796265,0.6800059269265196,0.6837010822436679,0.8477703708809043,62,0.9570475165758259,14,1.0,258
MOT20-05,1063,16,634,479,205859,7610430a33a0cfec21c5c5821b0aa22d107eed60395ab321b3fc560cd671d073,other_target,dual_retention_add,candidate,274165,1921817,479,0.8435796499252319,0.5041115365988227,0.4965708129759888,0.8948133470067745,21,0.9718515237501755,8,1.0,445
MOT20-05,1063,78,635,561,205873,076ba3c6a30a7d5c34db13777a81639ff863480f349d8a0aa8818326056257b4,other_target,dual_retention_add,candidate,274205,1922310,561,0.6133586168289185,0.8560145693029962,0.7040718181935182,0.8576538347001241,62,0.7737102687084036,14,1.0,258
MOT20-05,1064,78,635,561,206066,2c3d56ff86d4fe337947458f7ff2ba32a6580f52b6c65ff2357c08685f10e3f4,other_target,dual_retention_add,candidate,274286,1924108,561,0.19723831117153168,0.8972186983882318,0.7123962880908575,0.8690913903219575,62,0.7335212401702769,14,1.0,258
MOT20-05,1066,78,635,561,206449,f6717fae05a8d496de7abe3bccf521c5d37073c842922cc1d3cff0704eacf69c,other_target,dual_retention_add,candidate,274414,1927323,561,0.2448892444372177,0.8478229773779961,0.7761454574118666,0.9301664007189718,62,0.7094911332957771,14,1.0,258
MOT20-05,1067,1162,409,413,206622,a4dacda50e908db2b45b51fb5d8bbf7dbd38c3703bfdba44f6ab54b2da62afba,other_target,dual_retention_add,candidate,274524,1929457,413,0.47042256593704224,0.7109855804978684,0.5485157187695315,0.8394047827147323,1161,0.7239275280340776,1,1.0,311
MOT20-05,1067,78,635,561,206640,c11922b42fd1f01c4939d88622703ae7d26771aa10ff6bea0103d43bad35d33f,other_target,dual_retention_add,candidate,274547,1929688,561,0.21033070981502533,0.926074472698645,0.7217358151637081,0.9162980184172184,62,0.6814818651665887,14,1.0,258
MOT20-05,1068,78,635,561,206829,cb34c86efeb88f99db1618940f967157cdd6b4d4b2e0f16ff3d17634dabec8b1,other_target,dual_retention_add,candidate,274626,1931483,561,0.19453032314777374,0.8473581412064165,0.6796071327179329,0.9069024202759374,62,0.6216242980049154,14,1.0,258
MOT20-05,1070,78,635,561,207208,58a7280cdd522340e39ed53b078a3223c46c97bec8460f249f7768e91a1e7d6d,other_target,dual_retention_add,candidate,274747,1934681,561,0.16840651631355286,0.9021523816541217,0.6677730848998135,0.9294869984337162,62,0.6531182208482768,14,1.0,258
MOT20-05,1071,78,635,561,207397,9cc8b9630016aa097d82b4411a460715d91dd7739e97b99fccaf9f170b779e87,other_target,dual_retention_add,candidate,274830,1936542,561,0.3586421310901642,0.8914771356771611,0.6363024398869566,0.933577272810236,62,0.6684258392497278,14,1.0,258
MOT20-05,1072,1036,120,101,207555,d8a4c91963250585db05379840f2efde40b454a0287732488d0e3dc24b7ce4ac,other_target,dual_retention_add,candidate,274982,1939784,101,0.8692142367362976,0.7739472166380523,0.7739472137399732,0.8967825877172328,535,0.9999999817205912,9,1.0,96
MOT20-05,1072,78,635,561,207586,d14a64a15d0ca2a3d6a56506aaca14b28c3b85afa444201b6381dc55e2f6f8b4,other_target,dual_retention_add,candidate,274915,1938452,561,0.8620648384094238,0.6153936113030886,0.6153936176738729,0.9446453561033258,62,0.9999999884633515,14,1.0,258
MOT20-05,1073,1036,120,101,207743,45fbe94b7da08ea6be7288f52359809c868dd8fadebaf49e4ab0e22dd3e6dc30,other_target,dual_retention_add,candidate,275065,1941641,101,0.8638769388198853,0.774951309410351,0.7749513095328979,0.892295083146711,535,0.9999999828461066,9,1.0,96
MOT20-05,1073,78,635,561,207774,b826be4f97fe307d3a9e165f4e804b55a512df3e325e7c6ca8e211382a05b6fd,other_target,dual_retention_add,candidate,275001,1940307,561,0.8572965264320374,0.5977738445884411,0.5977738342267832,0.9355730133827133,62,0.9999999811332594,14,1.0,258
MOT20-05,1074,1036,120,101,207933,ccd464d03e0d3a1f2a3bdba4d8ae52f1fadbb47c5ae0e2a5dc422807c13fccf6,other_target,dual_retention_add,candidate,275145,1943509,101,0.8553851246833801,0.7723176634862369,0.7723176599660905,0.8838979015621794,535,0.9999999841970862,9,1.0,96
MOT20-05,1075,1036,120,101,208125,447dd43bcdbf3a2261b23a52e64ba3d6526e101a95d72d2b83c013cd6fd3d102,other_target,dual_retention_add,candidate,275228,1945343,101,0.8110132813453674,0.7705923255246446,0.7705923276610898,0.8513627972238866,535,0.9999999948580716,9,1.0,96
MOT20-05,1076,1036,120,101,208317,a3030a0fbe3df9904a8ea143758c578d3d59882ac93fcc52eab6c6e829933dc0,other_target,dual_retention_add,candidate,275306,1947056,101,0.8373527526855469,0.8212815223941327,0.7859427959824424,0.8536150402371744,535,0.9509199317900956,9,1.0,96
MOT20-05,1077,1036,120,101,208510,252809de8a2b9abab893182bb88257c613c2158c229f76c7f8f060077ac96a3f,other_target,dual_retention_add,candidate,275396,1948917,101,0.17655117809772491,0.6558687847205721,0.7873148933181978,0.8540527200627406,535,0.7138835997089795,9,1.0,96
MOT20-05,1079,1036,120,101,208899,e829cb97a9fccf1be4c9eae8597c02f41043c6c0464394d83bb5c45278ef2a95,other_target,dual_retention_add,candidate,275563,1952751,101,0.795876681804657,0.7613643689631083,0.7613643719017719,0.8894826494971008,535,0.9999999943134166,9,1.0,96
MOT20-05,1079,78,635,561,208930,ec84d5763d9fd5f0a2b3e71eff3d1e503afea93d5a424ab163efcb7ea3510ce1,other_target,dual_retention_add,candidate,275534,1951878,561,0.6294729113578796,0.7770074719785568,0.6395484048254946,0.7826529039303562,62,0.7975660301784052,1,0.9166666666666666,28
MOT20-05,1080,1036,120,101,209094,14fadc9388c6face61ba034e60d65a2606e9ed1c49f34597ed4d36428e46c5df,other_target,dual_retention_add,candidate,275640,1954470,101,0.8558123111724854,0.8235839851466003,0.8063658795421613,0.8822071435417311,535,0.9538534871073862,9,1.0,96
MOT20-05,1083,1161,413,409,209854,4eb7172302a11201ad7d5db2264258069d11de8eb2b6a960d3aaccb5a1583189,other_target,dual_retention_add,candidate,275875,1959637,409,0.8519401550292969,0.8382648781513984,0.6462267878646566,0.8264716769308985,1162,0.6961783765965883,2,0.9956896551724138,997
MOT20-05,1084,1155,604,564,209921,106fa4e3134b50f61d021ca669e751d480fea02cab96d51e9e41d5a3c230e30b,other_target,dual_retention_add,candidate,275935,1960851,564,0.44380176067352295,0.624061977915877,0.624061986461255,0.9403234156630049,1178,0.9999999852568802,10,0.75,23
MOT20-05,1084,1161,413,409,210052,0008562505659c53eb05b508557668d2c47a88ebd0164f8e260e0e496da15068,other_target,dual_retention_add,candidate,275963,1961484,409,0.8581032156944275,0.8680716192703947,0.6416666794778625,0.8299945418413424,1162,0.702672774832252,2,0.9956896551724138,997
MOT20-05,1085,1155,604,564,210119,810ba80f78a8214ad8d31c16fe33a63789c018ea2b79b00e24280ebf5a297699,other_target,dual_retention_add,candidate,276042,1963180,564,0.8066356778144836,0.6819752675508461,0.6557046228247979,0.9035917895097574,1178,0.9472384277122895,10,0.75,23
MOT20-05,1086,1155,604,564,210318,76241a757f4493a8d329769f02928dbad7eeddbea76a1f5698e6e0002a6c74ee,other_target,dual_retention_add,candidate,276125,1965023,564,0.8144379258155823,0.6784579068086961,0.6759488266601398,0.9149706129915414,1178,0.9638368923144147,10,0.75,23
MOT20-05,1087,1155,604,564,210517,ee2bc4eb86357658d90e0835efdf0e1208b1ee41a22ac5b4b19ada2b7635c0c2,other_target,dual_retention_add,candidate,276199,1966880,564,0.828711986541748,0.7029100783167949,0.7176021253575926,0.8964761080570918,1178,0.9528999315595515,10,0.75,23
MOT20-05,1088,1155,604,564,210717,042750be418af2502699dc70c0d4be101e626a69b10b4ee517917efbda86e935,other_target,dual_retention_add,candidate,276288,1968746,564,0.8449721932411194,0.7076760436798631,0.72325063442017,0.8485059022007131,1178,0.9402515628063509,10,0.75,23
MOT20-05,1089,1155,604,564,210916,bca858590dd60b6ec2110bf2a16fbf4526c1e4c7947ad1d69006805d7d147ad0,other_target,dual_retention_add,candidate,276342,1970142,564,0.8039078712463379,0.7218332756912996,0.7218332819924302,0.8263922878700873,1178,0.99999999138831,10,0.75,23
MOT20-05,1090,1155,604,564,211114,1fe87e6c5b6bf8c358b3c2efde934cdfbb194831de4730756289c20b87b77207,other_target,dual_retention_add,candidate,276423,1972028,564,0.8498695492744446,0.7474506715910701,0.7210600251359303,0.8307140032939545,1178,0.9561678368689016,10,0.75,23
MOT20-05,1091,1155,604,564,211311,30585153d00773566500462bcf278135041736fbbe1ab8e1e190043996657ecc,other_target,dual_retention_add,candidate,276505,1973893,564,0.8412885665893555,0.7152714680367015,0.7152714551579971,0.8287913211364041,1178,0.9999999817117522,10,0.75,23
MOT20-05,1092,1155,604,564,211507,d2cdd2be92b8a3af288a08e7feeb62e4c55f8b8cc92b4be903a9c89e6670cde9,other_target,dual_retention_add,candidate,276591,1975773,564,0.8362460136413574,0.6545952518235566,0.6545952481288712,0.7999003535198412,1178,0.99999999108152,10,0.75,23
MOT20-05,1093,1155,604,564,211703,6442e8f830eb15666e4224eb496b60f7bfc986dc38f0fb3e40ba2bc1b50631ec,other_target,dual_retention_add,candidate,276697,1978052,564,0.37235110998153687,0.8212679895986149,0.7867338638594135,0.8318678938501812,1178,0.7504252265970194,10,0.75,23
MOT20-05,1100,1036,120,101,213054,492c3d5888ec9400090f41292dabadf89950e96a7e02c0bbf4a056e1f939dbd3,same_target,migrate_replace,candidate,277293,1991629,101,0.6365488767623901,0.8354905498834142,0.7866128286531436,0.7511311362801496,535,0.7167903840580124,7,0.8888888888888888,28
MOT20-05,1101,1036,120,101,213250,3ce36f8c66d716ee8ebc2c9786b23c8462b4b95b3bf7ad572bb7b3ab6fcf41ce,same_target,migrate_replace,candidate,277374,1993465,101,0.6002350449562073,0.9332938707143247,0.8219315333939554,0.7567246149960125,535,0.8547151113645062,7,0.8888888888888888,28
MOT20-05,1102,1036,120,101,213447,00ddc2cf80eb925b172ee8a6d782a5740c264475931b73d26888136954d0b779,same_target,migrate_replace,candidate,277461,1995270,101,0.49987202882766724,0.822316340552754,0.7976467098761209,0.7639224371570351,535,0.7168207976375747,7,0.8888888888888888,28
MOT20-05,1103,1036,120,101,213644,7d209dcb6a33c0f46218cb449ece004942eac38ab180a8c2b7916e2e077cd722,same_target,migrate_replace,candidate,277544,1997084,101,0.5967913269996643,0.8361276807629737,0.7829760785461902,0.7780177554939192,535,0.7128922771266268,7,0.8888888888888888,28
MOT20-05,1104,1036,120,101,213841,037f9eabcca3423021a5f0c5328807e908780e98b2836326742268bb1735f407,other_target,dual_retention_add,candidate,277628,1998895,101,0.5975942611694336,0.8465478739164539,0.7858553226011925,0.7863939245417232,535,0.7166878374859905,7,0.8888888888888888,28
MOT20-05,1104,63,927,635,214008,b6512558fa2daba0e8691e0be3af3f8aa2f8528ac14b1efe3e7884adc5c275b0,other_target,dual_retention_add,candidate,277566,1997635,635,0.1915445625782013,0.7584002910836337,0.4904953585844594,0.6261972006373706,78,0.5707140804601386,2,1.0,9
MOT20-05,1105,1036,120,101,214035,e10dca6e2f9201447244e54491b32126979e3f86cc4dbbd2e9f5078e2ad62958,same_target,migrate_replace,candidate,277710,2000712,101,0.5011104941368103,0.8932537513170126,0.8011514303218601,0.7704046360696565,535,0.8642986063875893,7,0.8888888888888888,28
MOT20-05,1105,1139,734,906,214193,afac649c75289aaa86c574b38316d585500f4ab11504c699ac0839a9077f59e0,same_target,migrate_replace,source,277694,2000217,906,0.8045240640640259,0.812563347452205,0.8125633587973508,0.6148968885142148,1211,0.9999999756740767,1,0.8985507246376812,420
MOT20-05,1105,63,927,635,214201,95e4311e743c29e4fa51d52105eaa8e4142f5b95e497f6599487a9b753775818,same_target,migrate_replace,candidate,277644,1999460,635,0.19633068144321442,0.6998592437310521,0.6051643282782775,0.4951625769821875,78,0.8149770729979284,2,1.0,9
MOT20-05,1106,1036,120,101,214228,2628d6d027f75bdeea70f89b7af5ec98e2fc56c36fdd890cbcfef837327d98ab,same_target,migrate_replace,candidate,277791,2002582,101,0.6487038135528564,0.8722514494343272,0.8067170497439354,0.7644228867078908,535,0.7515730131716915,7,0.8888888888888888,28
MOT20-05,1111,19,829,819,215324,f6199b262b765f50dc36f1346aa83c75658330837ccf3046d46c672e2118d21a,other_target,dual_retention_add,candidate,278146,2010695,819,0.3862124979496002,0.7629156079874386,0.4684201296539246,0.8673751431266666,3,0.5950089603995223,7,1.0,225
MOT20-05,1113,63,635,713,215672,2ce181771a01f130f53eed2786c4611d6de986e186941253728b415804d3b2d5,other_target,dual_retention_add,candidate,278309,2014416,713,0.3701508343219757,0.5292023505486145,0.5292023523758538,0.6839842494269488,39,0.9999999911048677,2,0.6111111111111112,21
MOT20-05,1113,1044,762,784,215702,6933cf623cd38f4e74b48ffc333eade8e3194b9efe9b7052660d7df56e8115b6,other_target,dual_retention_add,candidate,278360,2015233,784,0.6558735966682434,0.8058635286406369,0.6989610148176401,0.8422627557046417,1045,0.8056816544713263,2,1.0,262
MOT20-05,1114,63,635,713,215866,7ef79b18901bc759c05aeeba09bb40ac9f1607ad1e4747e65182ef5e163e978d,other_target,dual_retention_add,candidate,278390,2016280,713,0.279704749584198,0.6891508184035932,0.4335564901426518,0.6805695158359606,39,0.5322687929603993,2,0.6111111111111112,21
MOT20-05,1114,1044,762,784,215896,a117fbf098d3a62c374b7ffa28c29a87ba074de945771939cb10ccc7f7b7230b,other_target,dual_retention_add,candidate,278443,2017008,784,0.7698206901550293,0.8727584159479645,0.7245718520527061,0.8188504227767238,1045,0.7683356321234784,2,1.0,262
MOT20-05,1116,1036,120,101,216187,ed000ca421bbc6137100e7533b70f1b9a85550bcfd36aad6672a1505d83fb7eb,same_target,migrate_replace,source,278629,2021249,101,0.1405128687620163,0.7907508928713924,0.8463162468831584,0.6715394753046653,535,0.7149927680100285,23,0.8888888888888888,249
MOT20-05,1117,1036,120,101,216381,9d3253690b3ee77cc9a0c11823a57949105a28c39d6f034533fee80ad67c4143,same_target,migrate_replace,source,278708,2023051,101,0.28603890538215637,0.7841252715009395,0.8400274303266475,0.6659332764716254,535,0.7147845693152398,23,0.8888888888888888,249
MOT20-05,1119,1176,615,843,216882,872bb6974666c5dad44d4049ecf7797edca79a8b884d3266b9d466dd40d4934b,other_target,dual_retention_add,candidate,278851,2026002,843,0.14848479628562927,0.710218592331428,0.7674864653187551,0.7808381695933744,1165,0.8829308668053722,1,0.9935064935064936,464
MOT20-05,1120,1165,843,615,217127,58073e221d45a6275051363391db0a365bec1c5cae08fd51b260e205cf38a647,other_target,dual_retention_add,candidate,278899,2027308,615,0.7394394278526306,0.7165370556974567,0.7405588880788783,0.8389686926204001,1176,0.7415479410106735,2,1.0,153
MOT20-05,1121,1165,843,615,217318,464ce9f5dce72dad19c70e860de26a384f54e13537d0668f612d9a6eb727a7b6,other_target,dual_retention_add,candidate,278979,2029118,615,0.6163866519927979,0.7611883451982757,0.7820028904225885,0.8225108451334686,1176,0.7178646895603881,2,1.0,153
MOT20-05,1122,1176,615,843,217509,e966d7b2dada00bf715f3574f495e7ab79238173793052b433163b0ef494f6fb,other_target,dual_retention_add,candidate,279063,2030950,843,0.6812518835067749,0.804385739872195,0.7046305350856796,0.8627044765170682,1165,0.8338470166211753,1,0.975609756097561,43
MOT20-05,1123,1097,933,490,217589,8b0524a56e2255db8179dcf1b2da072c09fed1ad7f353f8c1da91d609cc053e8,other_target,dual_retention_add,candidate,279169,2032985,490,0.7053750157356262,0.7913629007956332,0.6012324494725281,0.7393981527897641,884,0.7505569009427706,1,1.0,159
MOT20-05,1123,1165,843,615,217699,9be9268bcf9b0ddf4a130afec2b9919674e82c4ad265d7b63ae1831384cc18a9,same_target,migrate_replace,source,279177,2033160,615,0.4954027235507965,0.7816445860402806,0.8305945785167244,0.7970047309535457,1176,0.7133610604432342,1,1.0,45
MOT20-05,1124,1044,762,784,217811,bb1e62b8f2cbbe1a8d2d7972ec1b9e64dc65b261c0527e17486e9e726298fe47,other_target,dual_retention_add,candidate,279267,2035176,784,0.7813641428947449,0.8304490443230084,0.6350411512076778,0.8422370191014404,1045,0.7363767341180752,1,1.0,11
MOT20-05,1127,1044,762,784,218390,bc2ca79f7023152226d08bdc1b05e9d4abad2cf9f10fd04db37110286531970a,other_target,dual_retention_add,candidate,279520,2040692,784,0.7281838655471802,0.807454652957375,0.6490052256041459,0.8412047195066833,1045,0.7601889685382375,2,0.9915254237288136,120
MOT20-05,1128,1044,762,784,218583,edc06cd68a6ba7dfe0fa715d6c1b1c4888b53e24e2b21c22d498768ae8fd39bf,other_target,dual_retention_add,candidate,279608,2042524,784,0.8034236431121826,0.8216387062862192,0.6649870670068804,0.8009921267879865,1045,0.7600781132592049,2,0.9915254237288136,120
MOT20-05,1129,1167,286,123,218689,8aadb9f21f053100f5fbf3e876ef738e672ec82c453d6f1148f968445d779e66,other_target,dual_retention_add,candidate,279697,2044606,123,0.8456804156303406,0.6778636696609458,0.6838264590813337,0.9180464815404352,427,0.9611991735015496,2,1.0,352
MOT20-05,1129,979,743,799,218781,8551264023ea6b1cb5f65a1d85525540e33b9232e47811a32c0faae3846c8b6a,other_target,dual_retention_add,candidate,279704,2044831,799,0.8489413857460022,0.8194840889638921,0.6300782785527906,0.9471677823028661,1054,0.6993470264575372,1,1.0,306
MOT20-05,1129,1045,784,762,218856,9c5a9c278492c61383785f788395f25006a8fd12bb09d2c5427a814bf8ea6af4,other_target,dual_retention_add,candidate,279690,2044239,762,0.8204517364501953,0.7551634256612978,0.6382952220848627,0.8108432601694242,1044,0.7293342422903374,2,1.0,341
MOT20-05,1130,1167,286,123,218881,a433c4deb0d388f261df71150f0df2d3b2482f14b428753cf15a70cbf5f7d1c6,other_target,dual_retention_add,candidate,279748,2045794,123,0.608206033706665,0.637521078546206,0.6622887942136455,0.8975810921803898,427,0.9204211883139936,2,1.0,352
MOT20-05,1130,1045,784,762,219047,6447ff1c83734ed34c43a936eccb8e1818b93a8b72e401e22c426fcdab54e202,other_target,dual_retention_add,candidate,279768,2046058,762,0.7759079933166504,0.737025692436431,0.6288359172374329,0.833357353827344,1044,0.7665271684550128,2,1.0,341
MOT20-05,1135,1036,120,101,219838,83b5d8264648fbf62b28da96f4aa58f9c9bc3b3ab2f21ef9486942d23249ce91,same_target,migrate_replace,candidate,280199,2055752,101,0.7502762079238892,0.8948133209230009,0.8639774025188809,0.5315200445505459,535,0.9653817690959915,23,0.8888888888888888,249
MOT20-05,1136,1036,120,101,220029,1836b026f861f8ef796407e3883472afe48b651213d2fb1e8a2ad4222e17eee7,same_target,migrate_replace,candidate,280282,2057562,101,0.8431264758110046,0.8838340347371587,0.8433513918445293,0.5346496616219657,535,0.9524544799856124,23,0.8888888888888888,249
MOT20-05,1137,1036,120,101,220221,662d97ade3a5ed80057e14f9e76a02d00bd1c5a5c55e40179444fded28b75493,same_target,migrate_replace,candidate,280364,2059397,101,0.8141670227050781,0.8842614951277802,0.7968016713170094,0.5482515943439161,535,0.898450046026751,23,0.8888888888888888,249
MOT20-05,1138,1036,120,101,220414,d18342c11a0e33967794b9607dc407fce0c91131fe2930cbf5a35543863ea5a8,same_target,migrate_replace,candidate,280449,2061232,101,0.8022288680076599,0.9219237827421146,0.7559676252657908,0.5765291015307865,535,0.8073710662882331,23,0.8888888888888888,249
MOT20-05,1141,979,743,799,221094,5aca1805f710fed40632c0d480779a8b4ed8bf9491261672275fafbaa9173530,other_target,dual_retention_add,candidate,280698,2066715,799,0.8533716797828674,0.8622163952599176,0.686718871787705,0.9049010544546718,1054,0.7343196960387913,2,1.0,78
MOT20-05,1141,1145,921,911,221138,8d322216d0f7a6ce85f7bead88a807e199d30e087e6bafcbc64dfe6fae4aa4f3,same_target,migrate_replace,source,280675,2065975,911,0.7119451761245728,0.5891200134944726,0.7248510125023726,0.645964001458499,1172,0.8029615700394407,1,0.9942857142857143,233
MOT20-05,1142,979,743,799,221288,bd116697a66d418cb706e2d772a2c369c26deebad04943b992ae056a3d3a427d,other_target,dual_retention_add,candidate,280778,2068549,799,0.8514754176139832,0.8398001715459409,0.6748287497860742,0.8957522130599906,1054,0.7256112070542088,2,1.0,78
MOT20-05,1164,1176,615,843,225649,6df2c0977fd065e2a6360c58ac02f24ba6b9dd6b84cfb829b5bf34b6456a118d,other_target,dual_retention_add,candidate,282543,2107827,843,0.7399720549583435,0.6080645469015782,0.6080645437215433,0.9509345136697461,1165,0.9999999934724849,1,0.975609756097561,50
MOT20-05,1165,1001,756,643,225731,a622a479a67dc62d3f1a228ae408c96482cf3eb2bf2a2497707bc66e5e7b561b,other_target,dual_retention_add,candidate,282631,2109734,643,0.7800150513648987,0.7312680335466935,0.7178291351718401,0.8328428363514683,1003,0.9683222339300129,19,1.0,698
MOT20-05,1167,1001,756,643,226126,e1f74d49ca1e0fa4e993de3ab0fd09d41417464cbf66889792cd34e434b53254,other_target,dual_retention_add,candidate,282796,2113362,643,0.4024793207645416,0.8749547174415392,0.7111504289531644,0.8205859504992253,1003,0.6703392321282073,19,1.0,698
MOT20-05,1168,1001,756,643,226324,4228025a5ea968d1d88f0a9e7920c60d13ba7e86b94f45ddc61fbaa71081b9d1,other_target,dual_retention_add,candidate,282878,2115202,643,0.7667785882949829,0.7335014789237924,0.7178381319060924,0.8315343417139125,1003,0.9710337576166386,19,1.0,698
MOT20-05,1168,1165,843,615,226462,484f6e13c2c00fe38a0339c699aee0ae9a0674d229a383019e9ad02512986b32,other_target,dual_retention_add,candidate,282874,2115172,615,0.7396643757820129,0.5310291517771845,0.5722926155727803,0.9581212394177789,1176,0.9292622433876028,3,1.0,187
MOT20-05,1169,1001,756,643,226520,d64991c5e709a873742ea56a20c2a09a388912c965110324f49f516ad78a306a,other_target,dual_retention_add,candidate,282955,2117038,643,0.8015992045402527,0.6805344743139976,0.6805344791673382,0.8781522270760429,1003,0.9999999879604807,19,1.0,698
MOT20-05,1169,1165,843,615,226656,e8d3df9a84cc3ab2a7849e1e36c76f8b9402f7f48f591327ace47b7a231aec28,other_target,dual_retention_add,candidate,282952,2117017,615,0.6678953170776367,0.6987232296652651,0.6071515269533726,0.9362897924361636,1176,0.8606353076475188,3,1.0,187
MOT20-05,1170,1001,756,643,226714,fed00c943d33fde300fd97121ef83f232c0d9d8e7a799b87974c242371bbe039,other_target,dual_retention_add,candidate,283044,2118904,643,0.8145538568496704,0.6983387189833835,0.7010023093619955,0.8943199242009131,1003,0.9675020684395443,19,1.0,698
MOT20-05,1170,1165,843,615,226847,6b66b138bbed726f36b24eb368c29478e6eb53eb474a58288a07ba3b1b305a2b,other_target,dual_retention_add,candidate,283080,2119310,615,0.7201212048530579,0.6338030662894403,0.633803061281806,0.8751100709362027,1176,0.9999999904892134,3,1.0,187
MOT20-05,1171,1001,756,643,226905,4060ecf6eb223c774430ef39f0a10baa45dccb57bf1f09b9512edb7f198ce099,other_target,dual_retention_add,candidate,283129,2120727,643,0.8141061067581177,0.6964550180639443,0.6939760652608061,0.8799882465877281,1003,0.9705434257124174,19,1.0,698
MOT20-05,1172,1001,756,643,227098,86a6f27540fb9de86cbe279b20bd81a5537ce251a10665402fd8f784df463a7f,other_target,dual_retention_add,candidate,283251,2123059,643,0.7182551622390747,0.7191295580379231,0.706007559502887,0.8843613676130074,1003,0.9567131666085716,19,1.0,698
MOT20-05,1173,1001,756,643,227292,cd11c28b396b9d36b8da03213e0304b48b5c36a48209d53cdc305fcdde45886b,other_target,dual_retention_add,candidate,283292,2124411,643,0.8308407068252563,0.6881359192778983,0.6989971308912998,0.9243293438480725,1003,0.966850667833459,19,1.0,698
MOT20-05,1174,1001,756,643,227485,89f6220ffe244b737252cd430af758cff7159243197be35ee10bf4d1f55927b7,other_target,dual_retention_add,candidate,283378,2126287,643,0.8118941783905029,0.7244476309285701,0.7244476378538279,0.903871973093449,1003,0.9999999870705305,19,1.0,698
MOT20-05,1175,1001,756,643,227678,0592d0d0e340ab54abae5d78066fbd571d325639225bee1f53d7a74519a3e09e,other_target,dual_retention_add,candidate,283459,2128128,643,0.8257172107696533,0.7072554304488798,0.7072554304393078,0.9243723301402376,1003,0.9999999890796613,19,1.0,698
MOT20-05,1176,1001,756,643,227872,dd115f339730d1c0c9635914124ad94ff93dbae2884b54144e6ca6f702fe04dc,other_target,dual_retention_add,candidate,283538,2129915,643,0.844938337802887,0.7215112986660969,0.7149265510066516,0.889140994582342,1003,0.9737859240715409,19,1.0,698
MOT20-05,1177,1001,756,643,228065,337f82f74d4346f6abf2afc4973b605924d8a3ebedd11f37cbc23270d81682da,other_target,dual_retention_add,candidate,283660,2132229,643,0.7939724922180176,0.7260690670639791,0.703660476744299,0.9170773104986325,1003,0.9451061950724492,19,1.0,698
MOT20-05,1178,1001,756,643,228258,59819e9b61a43a9a12b66ae8ceda2a3fff48179411070aa1b128707dffed352e,other_target,dual_retention_add,candidate,283707,2133630,643,0.8273316621780396,0.7100234943901282,0.7100234917126311,0.9396873048261081,1003,0.9999999952465497,19,1.0,698
MOT20-05,1179,1001,756,643,228451,6d66be7f707cb0d368eefef1e9dcb47a7db179f882667b4c932e95c7f90a5435,other_target,dual_retention_add,candidate,283787,2135440,643,0.8459724187850952,0.732304051829257,0.7323040481310776,0.9187953578026632,1003,0.9999999887012191,19,1.0,698
MOT20-05,1180,1001,756,643,228646,d69f23ddf6877061fa9e3d091351b2f1ff5f22f8520d375d4b52f8e8b2c99948,other_target,dual_retention_add,candidate,283874,2137312,643,0.8272411823272705,0.7382544835632969,0.7382544831887521,0.9288679398158363,1003,0.9999999795266193,19,1.0,698
MOT20-05,1181,1001,756,643,228840,a2d0f8512d91f9c0a7aaa7f1221e3fb7f967e7ffe8f42b43f5ef4827dab69086,other_target,dual_retention_add,candidate,283954,2139139,643,0.8305556178092957,0.7511754521359567,0.7511754595207979,0.928189313351579,1003,0.9999999857624916,19,1.0,698
MOT20-05,1182,1001,756,643,229035,281bda2a1d39f50c19daca8e2c01dfbf887942623a8a21be6ec7985ac32131b4,other_target,dual_retention_add,candidate,284072,2141335,643,0.3270249366760254,0.8813657059584384,0.7762608015583979,0.8986975053232892,1003,0.7014244884228915,19,1.0,698
MOT20-05,1183,1001,756,643,229229,482be07054ab690d3373d1a885ed707200dc8982580d642fa7f43703bca88d14,other_target,dual_retention_add,candidate,284120,2142783,643,0.8213658928871155,0.7461050883718188,0.7461050848931369,0.8964835410700077,1003,0.9999999950826257,19,1.0,698
MOT20-05,1200,1003,643,756,232688,0d20bbf4f9566352d3e62d461b110531c9fa5479b12ed1f25a242c043cff478f,other_target,dual_retention_add,candidate,285530,2174233,756,0.6735626459121704,0.7021735687304422,0.6765230033753876,0.8794119824290628,1001,0.960720544587496,1,1.0,519
MOT20-05,1210,979,743,745,234526,d38dbd850fe78c4d1899a502b82374a52ece4d5de82051c9cdfef7f3927a43e7,other_target,dual_retention_add,candidate,286413,2193456,745,0.7213155031204224,0.7890407176711026,0.6588816406970507,0.7575908476760892,983,0.7397439387253112,1,1.0,68
MOT20-05,1211,983,745,743,234835,46bac16ebeb554bab8047a800b4f77fb0caa851ac78a9c67da50039cd4e5d3eb,other_target,dual_retention_add,candidate,286497,2195299,743,0.7740074992179871,0.5458855080495848,0.5458855064851673,0.7408269277920544,979,0.999999994263177,1,1.0,377
MOT20-05,1212,979,743,745,235027,a2f8aff8158201a3b8375f5164a198994b0c8ac3278d55e8553f0d0472f0af26,other_target,dual_retention_add,candidate,286558,2196400,745,0.4657697379589081,0.7577927921472531,0.6798453550010174,0.7099644536894624,983,0.7683881835411446,1,1.0,515
MOT20-05,1221,675,63,20,236584,f5fd096b52d8414e74c53092bc8df51309339afab36abdbce81ba0fb2ed705d9,other_target,dual_retention_add,candidate,287318,2213459,20,0.801845371723175,0.7486954041643761,0.7355617741846846,0.8169379591763684,1042,0.9722496731148081,5,1.0,2445
MOT20-05,1222,675,63,20,236776,9fdf4569f08f130dc8d4854ec9baae1fc458fb291f8412db0b74c0bf13cdc6fe,other_target,dual_retention_add,candidate,287371,2214655,20,0.585591733455658,0.7598004651378278,0.7598004721750309,0.8135987446964716,1042,0.9999999780130517,5,1.0,2445
MOT20-05,1223,675,63,20,236969,bfd5a8ca85d5f5d3c6121c885d11d7f60ec5491dbd422fd4272af592fc17b54d,other_target,dual_retention_add,candidate,287484,2217090,20,0.8112370371818542,0.807259315009407,0.807259318647617,0.8197010614276139,1042,0.9999999880666207,5,1.0,2445
MOT20-05,1224,675,63,20,237164,9c25ee81a9c2887a89ed0ab22564467563f8b0139ef8a0d741f994761ff5ac6a,other_target,dual_retention_add,candidate,287537,2218322,20,0.5565249919891357,0.758685538160605,0.7892113792270296,0.8457879624902345,1042,0.9386429886075869,5,1.0,2445
MOT20-05,1225,675,63,20,237360,1f3f52b4ef3d972e0ac4091248b7cb958143160dfba570b71b7525ace2cfeb1e,other_target,dual_retention_add,candidate,287618,2220162,20,0.764509916305542,0.7428043773970886,0.7906687231066514,0.8416976812102736,1042,0.9345797057853634,5,1.0,2445
MOT20-05,1228,1042,20,653,237991,41ada0e4288272b7fa52027528cc103f213423fdccf356e15eddc7a6b6511370,other_target,dual_retention_add,candidate,287898,2226264,653,0.6864931583404541,0.7285249676992294,0.5189379824363438,0.7472942209380512,1039,0.6895139162907693,1,1.0,1423
MOT20-05,1233,1113,639,367,238945,fbb74176b12431f26a5f1d557b001fe259df7243422e7b3cf45f653559bf5d18,other_target,dual_retention_add,candidate,288326,2236056,367,0.7868051528930664,0.7444223890734487,0.6960232189535906,0.7684834325141233,901,0.9349807796902112,1,1.0,736
MOT20-05,1236,1040,52,123,239521,56c49d38bfed1cbc7315280720378d40fc1698e746508a49c82ac305d853bfbc,other_target,dual_retention_add,candidate,288555,2240921,123,0.8000219464302063,0.7370037802018983,0.58408089313542,0.7644855111810275,427,0.724994895661341,1,1.0,1364
MOT20-05,1241,573,211,762,240593,0ae1909ee42121a7535f03d0d6f34dbbc3eefd98530dfc69ce6125a1c05bccba,other_target,dual_retention_add,candidate,288970,2249942,762,0.8045347332954407,0.7560850765666319,0.5932105773721357,0.8156081400534486,1044,0.747833431639393,1,0.9992679355783309,2597
MOT20-05,1243,996,830,949,240977,b1a9aaffd6bc71f6276db43dd531a7f88c48db745717e749d3d3e30332ac38f9,other_target,dual_retention_add,candidate,289141,2253568,949,0.33415111899375916,0.9239618826065686,0.6598576326052156,0.8987508643816694,1211,0.6915559404052208,4,1.0,865
MOT20-05,1244,1139,734,782,241114,b16bf7b9e30d4847939f1e50352045b888043f4ce8c82c4c20d0508bf2674f6d,other_target,dual_retention_add,candidate,289221,2255432,782,0.7881849408149719,0.613060312539622,0.6130603136948901,0.8622656743055077,997,0.9999999844359123,1,0.8985507246376812,364
MOT20-05,1245,996,830,949,241358,bed7517416ee0a03c0877493a096e4434bc89760305f85c1d91b1d90d64253b0,other_target,dual_retention_add,candidate,289298,2257255,949,0.49441060423851013,0.9418789193744592,0.6887040883629805,0.9020242832800771,1211,0.7061576458720985,4,1.0,865
MOT20-05,1246,996,830,949,241550,1fbd95295d38196c8146257b4fa732b07eccaf5ecdab725e76ce55c1bcc4a175,other_target,dual_retention_add,candidate,289385,2259079,949,0.25803545117378235,0.9335887632634262,0.6161834671533509,0.9110853041246972,1211,0.6399612128779975,4,1.0,865
MOT20-05,1247,1044,762,1044,241802,784cf80917d68a0c70851569b142b1110fd4431efd0f9629698dd19e2d430b31,same_target,migrate_replace,candidate,289469,2261056,1044,0.8388106226921082,0.8601903403471665,0.7444896853794699,0.6426755818899371,1045,0.7891453120131113,1,0.9915254237288136,299
MOT20-05,1248,791,913,1030,241981,e8ae379cd828aedf6cd7ebc7bc73fad47453203a4486c186682d80723963c249,other_target,dual_retention_add,candidate,289572,2263736,1030,0.38959214091300964,0.6010011297484535,0.5424719470820357,0.8250531476993993,960,0.8921175414134025,5,1.0,609
MOT20-05,1248,1045,1044,762,241998,740bb2dca34af4371729a52f7ad838bab8058dfa412a19fdb49477c4d1202ecc,other_target,dual_retention_add,candidate,289520,2262383,762,0.7500402331352234,0.656378006614878,0.49868480328196346,0.836153043451636,1044,0.731865832999298,1,0.6666666666666666,6
MOT20-05,1252,1045,1044,195,242613,8670cc5066b969594e668c93c2aa7c96fd99f802cb6ffdeab75150e87d32724a,other_target,dual_retention_add,candidate,289857,2270003,195,0.4825267791748047,0.7616514761147504,0.559334457933476,0.853404482028332,572,0.6846522560792071,1,1.0,197
MOT20-05,1258,642,602,846,243864,a5c367a7488bec39fc030126cdb87d347391127ba7d29d80111256004658899f,other_target,dual_retention_add,candidate,290382,2281885,846,0.7164559960365295,0.7662298743995702,0.5887873208991303,0.8758641625576771,1063,0.7498005037566127,1,1.0,822
MOT20-05,1260,1039,653,1049,244349,d8e374cb36e480dca8102d793820fcff487df8b8df27b55d2077f5368f4d875b,same_target,migrate_replace,source,290550,2285695,1049,0.39780092239379883,0.7350931104576646,0.7695692528499488,0.38108736262045023,1093,0.9342749365479548,2,1.0,695
MOT20-05,1264,937,1041,53,244995,eed9b8a8512f0a892fb1122a1afc09c975ddb454e3d9f1d30a89cb03804fcd95,other_target,dual_retention_add,candidate,290903,2293853,53,0.7783625721931458,0.7738349560376582,0.5800937536743188,0.8232414024390006,731,0.6939817699298405,2,1.0,642
MOT20-05,1266,1081,1052,1002,245470,f6e4ff3cd4d3fea676072d6b6be20946efb8da675577a41f717b2c6f185db83f,other_target,dual_retention_add,candidate,291007,2296010,0,0.20133493840694427,0.8485410869544187,0.5704992043400432,0.8277243046310295,997,0.5083814801465387,9,1.0,11
MOT20-05,1267,1081,1052,749,245576,3dc430098fe1084aa10e4fdfe2db88815e1eac718f6e0c623fc912eb6339d265,other_target,dual_retention_add,candidate,291087,2297826,749,0.27499690651893616,0.6637014794406085,0.4124992567371586,0.7938336410756316,1082,0.6137084146328292,9,1.0,11
MOT20-05,1268,1081,1052,749,245771,ec57594686fa7255cc743d1864a9cac96731cd87e820150393edbd4a352fda00,other_target,dual_retention_add,candidate,291171,2299650,749,0.24582462012767792,0.5136877020421489,0.4317214256834303,0.7566523358186257,1082,0.8366002582207973,9,1.0,11
MOT20-05,1268,1211,949,1002,245859,20e5b78b5f2374d72e0a30c144567c471172c93ea7f654859a0db654de393cb0,other_target,dual_retention_add,candidate,291212,2300102,1002,0.7273832559585571,0.6984178941393829,0.6984178850629752,0.8624687753173584,997,0.9999999860925622,1,1.0,155
MOT20-05,1270,1081,1052,749,246162,b26f9a516bd01bd878cc335b7c1d4e0e419c2553adf03bc0e1cb062eacf9a843,other_target,dual_retention_add,candidate,291339,2303294,749,0.2638081908226013,0.7012538009729714,0.41152973666832465,0.7984540017987846,1082,0.5769878834537422,9,1.0,11
MOT20-05,1273,903,751,694,246779,1ae1dee24e28158a64b5889cb29e7e922a086c5dd85b541e51ccdadb8c660728,other_target,dual_retention_add,candidate,291630,2309475,694,0.817888081073761,0.6450467549961516,0.6450467501960897,0.7780045722768172,766,0.9999999895486967,5,1.0,997
MOT20-05,1274,903,751,694,246971,7ff270c96eaaaff0784562e404458da93e5675d055b26dc65aa8092dc6c10dea,other_target,dual_retention_add,candidate,291712,2311238,694,0.7112104296684265,0.6331292236014655,0.6331292225428582,0.824687926531716,766,0.9999999946320567,5,1.0,997
MOT20-05,1275,903,751,694,247162,0f6e3c1d6a3ed9fa161bd5ca8bfe9889889f00c67304667871379aac0c3f7583,other_target,dual_retention_add,candidate,291799,2313037,694,0.4833635985851288,0.641874769935144,0.6418747639208671,0.8076353402404166,766,0.999999989742842,5,1.0,997
MOT20-05,1275,1041,1050,52,247238,01c4f13b393ed952f490cd3b546063adf8b63584e392891e95f0f873a43b446b,other_target,dual_retention_add,candidate,291796,2312938,52,0.423350065946579,0.5381371383239739,0.33336369168574015,0.8650974895875237,1040,0.6369296306093416,3,1.0,26
MOT20-05,1278,1097,933,722,247698,1901c0ef4f750874dc5d5322c0f9f8cea1de926303071596654bc7e480db1c95,other_target,dual_retention_add,candidate,292010,2317770,722,0.24949911236763,0.8813497942819815,0.5220810674467823,0.8887148803217179,793,0.5685823000091206,7,1.0,269
MOT20-05,1278,983,1051,743,247797,10f67a2b0a9c41563ac8525cda39cf6cd84b65e9426d1dccef60391b6e74ec27,other_target,dual_retention_add,candidate,292043,2318452,743,0.39741379022598267,0.8686311781215004,0.6770202449326552,0.9551195297281702,979,0.767628580054109,1,1.0,474
MOT20-05,1282,513,116,34,248491,2b3e5add658bd68c4c82cb49997ee5060e31ff1b730374dc80be001684514fc9,other_target,dual_retention_add,candidate,292375,2325471,34,0.8830606341362,0.8236392269900026,0.7217606350390976,0.9737252955229451,512,0.7078442689679204,1,1.0,2391
MOT20-05,1292,884,490,507,250379,40c0e9181a42e0413220e163aa7157a3f5c366f1d8f5bfed6c03eca17cb425c3,other_target,dual_retention_add,candidate,293215,2343931,507,0.21726568043231964,0.8499290018212255,0.6753949255338537,0.830411469648501,883,0.6982282947799888,25,1.0,497
MOT20-05,1293,884,490,507,250572,7d78fd49180d5050413db228eaeb9f20c191b0943bb6af5a8ccbe832b50d506e,other_target,dual_retention_add,candidate,293297,2345735,507,0.2503763437271118,0.899603194087697,0.6733393994540492,0.8284209387808618,883,0.6593448632083828,25,1.0,497
MOT20-05,1304,884,490,507,252700,5c0a580a443683dfb6d0d9f71a911cb204b1de3c3b0d22b7912a2b72b5b8cc05,other_target,dual_retention_add,candidate,294179,2364758,507,0.20357733964920044,0.8034482163357849,0.6949076325781547,0.8676591942429109,883,0.5702713938213118,25,1.0,497
MOT20-05,1306,1095,712,123,253077,2f2e0819e35f498944415079ac117434306c3731b064cdc9ea350715dbd271af,other_target,dual_retention_add,candidate,294367,2368677,123,0.18688476085662842,0.6347027457766949,0.5174772568380183,0.8626119460612448,427,0.7857818149636154,12,1.0,729
MOT20-05,1306,1166,1071,1057,253228,90f22a17f9ed20bb66dd71c0751230b259c9cfeeb2a39c1f6ac67eca17a15b4f,other_target,dual_retention_add,candidate,294313,2368016,1057,0.7760371565818787,0.5365545592776693,0.5424904337740047,0.8142194820605035,1181,0.9670150026143112,2,1.0,128
MOT20-05,1307,1095,712,123,253269,80f58ba8ec031a6eab800ac02ded650b1bed6f0a4341df49dc31ab97ba9aa04f,other_target,dual_retention_add,candidate,294446,2370475,123,0.8029956817626953,0.6198632916092471,0.5817919510459428,0.8366856659596339,427,0.9362827221481508,12,1.0,729
MOT20-05,1308,1095,712,123,253462,969eb2f979512208d257d32604713d9af14419d17eb51ba5475e5e9aad36d4b5,other_target,dual_retention_add,candidate,294500,2371855,123,0.7039535045623779,0.6067444835971173,0.606744480586038,0.8427371108269425,427,0.9999999940750544,12,1.0,729
MOT20-05,1309,1095,712,123,253654,1cd93d0d2f090a4e8fdda534232b36967d23adbdc312ef43930dae4ee91abe3d,other_target,dual_retention_add,candidate,294616,2374191,123,0.7097883224487305,0.7096610153757175,0.7001045643894472,0.7797219906304818,427,0.9533701506381111,12,1.0,729
MOT20-05,1313,1095,712,123,254415,20f55c9bece57f64a4a07d0dbad89c20a9487d8ee8744e525d6f9d0bf14294f5,same_target,migrate_replace,source,294918,2380806,123,0.8501781225204468,0.6950613963993483,0.7178407350689127,0.6912055792509444,427,0.9529818853778279,12,1.0,729
MOT20-05,1314,1095,712,123,254605,c045cfa42cec096ea7d51b7a28f5a99e3438dcb9d1261b1192f7173c7b3c8c50,same_target,migrate_replace,source,294996,2382602,123,0.7131640911102295,0.672383665569789,0.7031231296053113,0.6557250266357477,427,0.9500317541678129,12,1.0,729
MOT20-05,1315,1095,712,123,254795,07990d6c77b269a823ea690f2084fe404c622d8bf2fbb5cd46f8b05140f39d2a,same_target,migrate_replace,candidate,295105,2384798,123,0.7891828417778015,0.7314243752744316,0.7107150494322872,0.6489261627935018,427,0.9702920480523437,12,1.0,729
MOT20-05,1316,1095,712,123,254984,e08a5a75edeb663c7b4c0069242b6dd192d203e81bb98b35d773ecc7ac020845,same_target,migrate_replace,source,295194,2386641,123,0.7340657711029053,0.7127132589472288,0.7127132658010787,0.6703360979978027,427,0.9999999831590493,12,1.0,729
MOT20-05,1316,1003,607,570,254995,f19572a0cdfca53e5f42bf3d857aa0c383d93e180bcda2a89051f2d7ed618895,other_target,dual_retention_add,candidate,295187,2386415,570,0.7601103782653809,0.5355473196212932,0.5313789976953898,0.8981435499131721,1119,0.9715288026051931,11,1.0,490
MOT20-05,1317,1095,712,123,255171,5b4efdf760b8e30e7d973789798520b41317a7fadf75df6184c493690f6c57f0,other_target,dual_retention_add,candidate,295276,2388443,123,0.46123257279396057,0.6268706473168401,0.6268706473459591,0.8625400919303505,427,0.9999999930771694,12,1.0,729
MOT20-05,1317,1003,607,744,255202,9fcfd01e17bc927a417f6f8ec98a24a02ac01cf4c6836e8f3a4f5a4dca0aac41,other_target,dual_retention_add,candidate,295227,2387759,744,0.8115493059158325,0.5219756305216543,0.5219756285041532,0.9513934453026499,1002,0.9999999938340929,11,1.0,490
MOT20-05,1319,1003,607,570,255555,3add715f5e64ada34ad3725c8c7cb2052ecbf48405a399aa69d91319d5ba6b07,other_target,dual_retention_add,candidate,295429,2391657,570,0.832220733165741,0.6055852230791153,0.6085761613507304,0.863395209873836,1119,0.971378878452868,11,1.0,490
MOT20-05,1319,1068,980,1044,255681,18aff0cb18cfe68c4d19cf71efff56abe6cdd33977b05248e48247ed518d4fea,other_target,dual_retention_add,candidate,295439,2391837,1044,0.7851650714874268,0.6148261357115833,0.6148261297594831,0.8370346142651901,1045,0.9999999845579942,4,0.8481012658227848,420
MOT20-05,1320,1003,607,570,255741,210f437033f41688877baa241c2e5c614d87e21befdf45c1d82fd4e60e4230cc,other_target,dual_retention_add,candidate,295475,2392995,570,0.7984572052955627,0.603642260548997,0.6213449915484994,0.8500291241987252,1119,0.9530859627394419,11,1.0,490
MOT20-05,1321,1068,980,1044,256052,e4d68daed1d33738853d018239ac94d3acb76e65093abac6a0d86c6b0603cd6f,other_target,dual_retention_add,candidate,295569,2394887,1044,0.11611554026603699,0.924059499635908,0.7418201685741767,0.8104968996689467,1045,0.7431427051280352,4,0.8481012658227848,420
MOT20-05,1323,1003,607,744,256316,4e91b898c3a7689bb7d91ee6fb74986ea8e7a57c2c8613828f12cbff9012e6c4,other_target,dual_retention_add,candidate,295723,2398290,744,0.8277218341827393,0.5016677386747789,0.49442259077597106,0.9181746812005699,1002,0.9627350693449089,11,1.0,490
MOT20-05,1324,1003,607,744,256502,d2bd0339eae232e1bef5b44f87ae4350add063b340c93f142a52a959084a67fd,other_target,dual_retention_add,candidate,295808,2400061,744,0.7278527617454529,0.5000544079759731,0.5011296874684509,0.9044242501741546,1002,0.9361303266474958,11,1.0,490
MOT20-05,1325,1003,607,570,256668,a4cab99ad9b2a86f6f01551b951dacb805bc7655f8dc828281015a9b34a70bca,other_target,dual_retention_add,candidate,295933,2402257,570,0.15843403339385986,0.8385707048556525,0.6169558990418824,0.9071436728817855,1119,0.6522059684735386,11,1.0,490
MOT20-05,1326,1003,607,744,256874,c5a94f33f55b3cab50fa0695691cb0c5bff46705d9c46d9feba99e466fedf09a,other_target,dual_retention_add,candidate,296016,2404009,744,0.7225998640060425,0.6893924436752912,0.5665824447131188,0.7873282077552591,1002,0.8236511510556099,11,1.0,490
MOT20-05,1334,1085,881,20,258441,4adbd590e5602e28ff73520f1155d1860cc97032d3da9743734360e5dd838a92,other_target,dual_retention_add,candidate,296679,2418054,20,0.7928265333175659,0.5148510242059012,0.49984270699718825,0.864121539520378,1042,0.9716945369684685,7,1.0,455
MOT20-05,1334,792,905,913,258453,5270349e684800cdaa23a850e566969530c865f4f551bbd81ce3b1e80deeb5a0,other_target,dual_retention_add,candidate,296694,2418760,913,0.14610418677330017,0.6122482065529261,0.44269651460981124,0.9090487113932588,791,0.55403976410426,8,1.0,368
MOT20-05,1335,1085,881,20,258626,7fc7ce84544b491264526bca630cdb69ea7dff2c972e3bb220946c15d233466d,other_target,dual_retention_add,candidate,296759,2419779,20,0.5907670259475708,0.586659503721479,0.5585364035134434,0.8385268234739452,1042,0.9534051992635038,7,1.0,455
MOT20-05,1336,1085,881,20,258812,fa8828e53b9e9a15459288531a97686b61d576631e52d4b769d358cb18b5a010,other_target,dual_retention_add,candidate,296861,2422380,20,0.3942885398864746,0.561041282843328,0.5878306789240004,0.8784744790009213,1042,0.9429519161769379,7,1.0,455
MOT20-05,1337,1085,881,20,258996,d81e37bb7bdf2c8783e0454d93ed4b04b8922688ff9c482654b5e26755596cc4,other_target,dual_retention_add,candidate,296925,2423337,20,0.8416846990585327,0.6042853129147536,0.604285320968998,0.8973096986553192,1042,0.9999999859730933,7,1.0,455
MOT20-05,1337,784,9,639,258997,72fd4c9322e38bbd53d091504d9b01e24ffe7db6300e05ffaddc2811dffb65b1,other_target,dual_retention_add,candidate,296940,2423973,639,0.8592262864112854,0.7165997371620769,0.7268900131454048,0.8952852686519864,1113,0.9563556387541914,2,1.0,3313
MOT20-05,1338,1085,881,20,259182,905f68f9d68c0d9cde26161c034ef0e04cd35594ec2d4eaec3158485ddd53447,other_target,dual_retention_add,candidate,297010,2425037,20,0.826524019241333,0.6838922069240091,0.6714877181822796,0.9463707079117922,1042,0.924666288407803,7,1.0,455
MOT20-05,1339,1085,881,20,259369,fda4b26cb7e9f131cd4167131f5f64f79c4cc15204742e0c27fd92bbcc64406f,other_target,dual_retention_add,candidate,297092,2426657,20,0.6938605308532715,0.6567903259502591,0.6634506659163217,0.9569355792514501,1042,0.9780615600021944,7,1.0,455
MOT20-05,1340,1085,881,20,259556,eb557f0da0c111f4647481a2835419c393f7673e3072e17100a4a094302a6c91,other_target,dual_retention_add,candidate,297167,2428346,20,0.3895485997200012,0.7667138422507872,0.682605109883717,0.9354965848920139,1042,0.8002494760267629,7,1.0,455
MOT20-05,1341,884,490,507,259634,4e0a6dafb8f0a0c923e5c80f020480930ce454f7c96f69391baded59841df7e1,other_target,dual_retention_add,candidate,297261,2430518,507,0.8555170893669128,0.744154598689868,0.7379394642985122,0.7723666341614026,883,0.9718682213726837,17,1.0,313
MOT20-05,1345,884,490,507,260382,86774ef09113da96578b599dc2264eea3e89918a1c81ac3cea444fdaeb3ad8f5,same_target,migrate_replace,candidate,297591,2437461,507,0.7018536925315857,0.8433870035278602,0.8105732441818808,0.7711233548892497,883,0.7257813465326339,17,1.0,313
MOT20-05,1345,1143,970,996,260468,9cd9d1bccb4b45b4a66ec43632b374b57d305ec59619e7bf4474ca8d62890a4b,other_target,dual_retention_add,candidate,297534,2436367,996,0.8200820684432983,0.5402026543516995,0.5402026522885436,0.8604878779184111,1142,0.9999999894067915,5,0.8571428571428571,314
MOT20-05,1346,1143,970,996,260654,488f56fdf04d504527e7db26dc487afa9d483960a085cea7266110564a8ad513,other_target,dual_retention_add,candidate,297645,2438457,996,0.7653360962867737,0.5914037875982523,0.5598754245815587,0.8509627358322738,1142,0.9398025340581423,5,0.8571428571428571,314
MOT20-05,1347,1143,970,996,260841,75b33bc9fc7c12c609f12c20f1bf5cf35defe96767dbe934c386b12337f7b977,other_target,dual_retention_add,candidate,297702,2439837,996,0.8165972828865051,0.58148796216962,0.5995700811403382,0.8708783604320987,1142,0.9552556022768972,5,0.8571428571428571,314
MOT20-05,1348,1143,970,996,261028,a7161d8243480d8c8e1c1296a3dbdd3226681e1c51b1014fa7c3a7fab8bf40be,other_target,dual_retention_add,candidate,297816,2441966,996,0.8159582018852234,0.6376307371853784,0.604924702264179,0.8417915696061399,1142,0.9393363406659445,5,0.8571428571428571,314
MOT20-05,1349,1143,970,996,261215,0f8f3a07e29c488a820cc307add5199b8d45da3d2ba7eb9096769fd4c36a9863,other_target,dual_retention_add,candidate,297895,2443709,996,0.776115894317627,0.6502952130600111,0.6280997001308003,0.8425181224489477,1142,0.9457450669997945,5,0.8571428571428571,314
MOT20-05,1370,1009,1060,1056,265227,df914eecfe5844f261eb051d798ad02bc76d556226fdfa9178f6817bb437e190,other_target,dual_retention_add,candidate,299639,2481171,1056,0.8689672946929932,0.9680873433984196,0.6918093268594764,0.929336002084827,1010,0.7047823633601465,1,1.0,809
MOT20-05,1379,1077,409,762,266911,15692d4a233b033eac55b5e68a26d22b4627212b6e941da0beaa0c44e3aa1701,other_target,dual_retention_add,candidate,300361,2496543,762,0.827477216720581,0.6816720604860923,0.6670837149303713,0.831711179568743,1044,0.9763453294679831,1,0.513986013986014,288
MOT20-05,1388,1084,627,994,268556,dfa148e16ac70b63f7012e7400e85ad78d1291388fedb0494d2504117fcf4917,other_target,dual_retention_add,candidate,301059,2511705,994,0.8269409537315369,0.7471109786314153,0.7694503813245688,0.8601216173148156,1210,0.9498347881971199,6,0.923469387755102,906
MOT20-05,1389,1084,627,994,268745,4915d5d2599df1358312f8ded9b7a73ada9f12994ee6d153aac080f0cc6d7051,other_target,dual_retention_add,candidate,301182,2513876,994,0.7968884706497192,0.7414958118958977,0.7551405104405842,0.8693240801700138,1210,0.9653306333101955,6,0.923469387755102,906
MOT20-05,1389,1077,409,1044,268778,0c1944a790f13d54f55859f17c9faa2e6c5af2948afe759595fdc4b3cd7aab1d,other_target,dual_retention_add,candidate,301184,2513947,1044,0.8139767646789551,0.6469876181417559,0.6469876253584169,0.9459786630508517,1045,0.9999999885498414,8,0.9672727272727273,277
MOT20-05,1392,968,1114,883,269290,d5693a26331f7ee671a0ed4bab7825b683c19f3f683d0b10aff42be70d84126f,other_target,dual_retention_add,candidate,301450,2519995,883,0.7811799645423889,0.5132078896787472,0.37196939762076187,0.8928320671213433,720,0.7411679524215063,1,1.0,95
MOT20-05,1392,1084,627,994,269314,c790e521c7336aca4a18102dc3c03f78812c38d04ff7f1a1f2b1079ea4b8e609,other_target,dual_retention_add,candidate,301383,2518641,994,0.8151639699935913,0.6144473977992941,0.6536060277937517,0.9922101278164468,1210,0.9403878993332093,6,0.923469387755102,906
MOT20-05,1393,1084,627,672,269437,2759e9beca63f5c037b6a00be176f25ec0ebcbeba329371fd0fa9ff58de4a19e,other_target,dual_retention_add,candidate,301464,2520373,672,0.26108643412590027,0.7735705165882933,0.4451263598479532,0.8278329542272173,1069,0.5668305142927458,6,0.923469387755102,906
MOT20-05,1396,793,722,694,270040,32b2a30603adf4c1e2e53343b3b7524d5da3ae75224b9b0a38af5cb0094dc019,other_target,dual_retention_add,candidate,301759,2526495,694,0.19046394526958466,0.7997395574820672,0.6579743399584954,0.9322624750906396,766,0.7419801600219452,2,1.0,2503
MOT20-05,1403,1051,1094,762,271439,f37c41f1ca462a512264023322ab8b088912675f48488b923107956225ed49e3,other_target,dual_retention_add,candidate,302328,2538691,762,0.7845953106880188,0.5042525643618391,0.5042525640162775,0.9371180721413157,1044,0.9999999945689316,1,1.0,246
MOT20-05,1405,554,134,127,271720,9b94539bdffc6a972e9bcf7eea580d3c837773bac4c08df7d4a62f2a15d46098,other_target,dual_retention_add,candidate,302510,2542860,127,0.3274803161621094,0.6968702228180355,0.6444475212421984,0.8196719702397885,555,0.8310943734050598,2,1.0,1067
MOT20-05,1406,554,134,127,271910,70d7f5ae861cb90521e35a3337834726a31c2dcf02cb473b4c6c88cc3147ba48,other_target,dual_retention_add,candidate,302592,2544563,127,0.8260700106620789,0.6397933585941337,0.6397933564719479,0.820965113797505,555,0.9999999915228481,2,1.0,1067
MOT20-05,1408,554,134,127,272293,7cf50821310cd306ca2883a1ea9f96f9ccecbb76b0c8944f4d8df3e195d14400,other_target,dual_retention_add,candidate,302757,2548100,127,0.7742802500724792,0.5675060250390384,0.5675060220830299,0.8460807492070255,555,0.999999992730246,1,1.0,874
MOT20-05,1412,1102,1083,1085,273186,0e04a9c446486bb47f92b23be135cfd044b9a4530ecea4d1cc196d35c10ae1c4,other_target,dual_retention_add,candidate,303028,2554250,1085,0.8578938841819763,0.5896647104518713,0.5956605961486827,0.9063207499414783,1100,0.975582768132919,3,1.0,236
MOT20-05,1414,1102,1083,1085,273567,07f38a0530139ffe0114265c24f1b71121fa695c8f0898176b62198ebc4b7c8e,other_target,dual_retention_add,candidate,303197,2557799,1085,0.8594884872436523,0.5280370145579413,0.5555813033988388,0.8699177571053784,1100,0.9470608924908414,3,1.0,236
MOT20-05,1418,1002,744,848,274243,ea0330afa4dfa938c562c89a14754118433d7f7f08e541e263e36cf012a72043,other_target,dual_retention_add,candidate,303563,2565311,848,0.7577407360076904,0.8234017076812699,0.6482857726430817,0.8107604008702863,962,0.7506853245556641,2,0.9554455445544554,780
MOT20-05,1419,1002,744,848,274432,1b52772a771c954552d5b9996eec4e65124255c1cb38747205580ad9e3cb0463,other_target,dual_retention_add,candidate,303645,2567070,848,0.7240098118782043,0.8088123305988488,0.6507343771741473,0.7798726595985667,962,0.7258275192958108,2,0.9554455445544554,780
MOT20-05,1429,913,1126,683,276285,a1a11026f9dfc9190eedf35d2f0ee7d4c86b4dc563862f977b2699b090ce0d4b,other_target,dual_retention_add,candidate,304492,2586011,683,0.5968425869941711,0.601292313537298,0.6012923185824335,0.8807388116009031,1111,0.9999999904864212,3,1.0,264
MOT20-05,1430,913,1126,683,276473,414af5f32220cd69b19687d95218442cfb72a0c7e2af1b066d9a9d9f24e56f6a,other_target,dual_retention_add,candidate,304575,2587824,683,0.38905271887779236,0.6834957773711229,0.6834957836964711,0.9037995115314279,1111,0.9999999894152397,3,1.0,264
MOT20-05,1431,913,1126,639,276733,2913133ac02c11b036d7b93cf2efe4dbd6aeb7c8c8ca98d7daeabf1418a5bef8,other_target,dual_retention_add,candidate,304657,2589557,639,0.44576117396354675,0.7140813050635844,0.5443436332452861,0.8928986850234168,1113,0.7390926492446341,3,1.0,264
MOT20-05,1436,962,1139,744,277752,d31973b5ba4d12e6c47248e53fbbbf89d5b95d81b1502257988c21483c8de9ad,other_target,dual_retention_add,candidate,305038,2597687,744,0.6930482387542725,0.7768941561478234,0.7771189057969843,0.803031237834465,1002,0.9636114447717494,5,1.0,6
MOT20-05,1437,962,1139,744,277941,42d216ef53f3b9dfac80f586ae00e29b0a2addbfd8e302e449647ee76e2288f7,other_target,dual_retention_add,candidate,305130,2599420,744,0.6156665682792664,0.771519871930164,0.7555609541947833,0.7763144183455675,1002,0.7362195669397096,5,1.0,6
MOT20-05,1439,962,1139,744,278323,546b9972c72578e679d52ead579d0e102d67ae7d726b7952ac9c477477637d12,other_target,dual_retention_add,candidate,305286,2603030,744,0.22571653127670288,0.7977529881649503,0.7018726213481677,0.73449790920432,1002,0.7408546568765767,5,1.0,6
MOT20-05,1440,962,1139,744,278513,89b211e38ca76fc70f3b4770559e1f82963b2ff5fd3aa488d236b8592ce32814,other_target,dual_retention_add,candidate,305369,2604842,744,0.6157091856002808,0.783140243006539,0.6830712421714452,0.7467292334529346,1002,0.7638738577130121,5,1.0,6
MOT20-05,1442,962,1139,744,278893,c03d83724a86f8dcedba35101b3e4042100fc10a9de75c357e7fc2f9797e6643,other_target,dual_retention_add,candidate,305536,2608418,744,0.7584230899810791,0.8143583129806155,0.6597514354087088,0.76471238748731,1002,0.7475067584405521,2,1.0,8
MOT20-05,1443,962,1139,744,279083,39b388daa835e78680e8ed477753d83704aa6ce8364caa81b0490045b0c6985a,other_target,dual_retention_add,candidate,305624,2610208,744,0.81551593542099,0.7846358631264142,0.6378087108958157,0.750958731860049,1002,0.7206707218179584,2,1.0,8
MOT20-05,1451,962,1139,744,280606,b37db43b99df1c03b7a6037b93004609079e735a4c1dc7d9132a8bf72cc91082,other_target,dual_retention_add,candidate,306264,2624288,744,0.7709901928901672,0.7898853242007423,0.6151392210747055,0.8211007326744996,1002,0.7463119465206977,1,0.8,12
MOT20-05,1468,642,602,1001,283747,19e84e3f41849e257107ac679e896d8e5330b9a2d2ceff4095484565e56f3910,other_target,dual_retention_add,candidate,307652,2653914,1001,0.33946678042411804,0.6107165325075832,0.6107165316922738,0.848568115267972,1053,0.999999983190975,15,1.0,255
MOT20-05,1469,642,602,1001,283935,608249431928737dee3af22eba9a39331ec0785d69ca323cea9028169aa53ece,other_target,dual_retention_add,candidate,307758,2656304,1001,0.8257532715797424,0.6608751107379787,0.6561094665722058,0.8581868153506849,1053,0.9603028028879165,15,1.0,255
MOT20-05,1470,977,76,726,284099,438e2cc2321d45e737e0067dffa7d47940ffda37718ffc2c0e65ffee1ba783fe,other_target,dual_retention_add,candidate,307850,2658351,726,0.12193978577852249,0.7804999947235022,0.5957483526053802,0.7618859235761021,922,0.728436273522083,7,1.0,1819
MOT20-05,1470,642,602,1001,284123,9c6f5fa546ce5e7c8d368d9e01daa32c57ca005584c9719733595d001aaec961,other_target,dual_retention_add,candidate,307839,2657980,1001,0.8475061058998108,0.7007738551301279,0.7096295283081556,0.8504027355114111,1053,0.9758496026177331,15,1.0,255
MOT20-05,1471,642,602,1001,284309,6f44da116b953f80eea7fa8726fb87bef043d5c588b519416b0af8cbde6fef44,other_target,dual_retention_add,candidate,307890,2659055,1001,0.844315230846405,0.6964735515388287,0.6964735499898199,0.8972941364053307,1053,0.9999999856184283,15,1.0,255
MOT20-05,1472,642,602,1001,284494,2443fa1dd166765f38bae00e15cdc769ba8288325b5d3d463998c39e9df5b360,other_target,dual_retention_add,candidate,308002,2661408,1001,0.865196168422699,0.7254988488882672,0.7254988520669272,0.8875317843139696,1053,0.9999999889199134,15,1.0,255
MOT20-05,1473,642,602,1001,284679,e8099e620e6d4dfc955a2804b3763cbbbfde8d9fc73a8c66058b81c3e6c6c99d,other_target,dual_retention_add,candidate,308088,2663153,1001,0.8629589676856995,0.7189141727540741,0.7453207978301709,0.8841913815948971,1053,0.9599157480682694,15,1.0,255
MOT20-05,1474,642,602,1001,284865,19713c278d56a22a47ce8bec67db4b27a400596a652a4bb135bfc75d08ea5df0,other_target,dual_retention_add,candidate,308173,2664861,1001,0.8711480498313904,0.7277507878272959,0.7507116777387697,0.8738307494895163,1053,0.9653549271013139,15,1.0,255
MOT20-05,1475,642,602,1001,285051,1097e265d93cf880f657e72b2d3be9f70f516a993de5944c6981d59ab429810b,other_target,dual_retention_add,candidate,308253,2666588,1001,0.8730646371841431,0.7416906964157812,0.7416907008197652,0.8969676240883266,1053,0.9999999817520313,15,1.0,255
MOT20-05,1476,642,602,1001,285236,73de6e02f9ad7d09df218a16e14a51a7af5dd5ea7e6144ec053c747b0cfa153e,other_target,dual_retention_add,candidate,308333,2668319,1001,0.6340423822402954,0.7721651840343443,0.7721651895498137,0.8829289686381335,1053,0.9999999907782504,15,1.0,255
MOT20-05,1477,642,602,1001,285419,0c87c0223274a7fc93668c3e9011aa49d26fcee1645b720ea6ab73a47f71bda9,other_target,dual_retention_add,candidate,308410,2670013,1001,0.25282877683639526,0.7018956657548047,0.7804969940064123,0.8678210475225844,1053,0.8164505300554532,15,1.0,255
MOT20-05,1479,642,602,1001,285787,16f5061094e7df69159449554518b4f3c25d2d07d84d6d01639f7132453c93f3,other_target,dual_retention_add,candidate,308586,2673504,1001,0.8669325709342957,0.7932045244730347,0.8055400928276534,0.8454456048311514,1053,0.9666641288810747,15,1.0,255
MOT20-05,1482,642,602,1001,286339,d40cdb24d2b19c2085bfffcbe74fa7945219581f0e323b812af5f932a78275cf,other_target,dual_retention_add,candidate,308832,2678705,1001,0.851187527179718,0.748257104191972,0.74825709882974,0.8189875616995105,1053,0.9999999896296203,15,1.0,255
MOT20-05,1494,1140,1022,962,288665,96bf2eb124fa3dc331763c5a6df512a34f88ba08fe3397931b30a167388cd11c,other_target,dual_retention_add,candidate,309746,2698904,962,0.7520827651023865,0.7246420690505003,0.7004543084829078,0.7731567971583954,1078,0.9650155925140704,2,1.0,279
MOT20-05,1495,1140,1022,962,288855,38cf02becdbd5c593c4f6c9e83e10063175fa125680751a1bd893f78515cdb98,other_target,dual_retention_add,candidate,309829,2700695,962,0.7884564399719238,0.6819149620273937,0.651374245375942,0.7505112279731067,1078,0.950746936640875,2,1.0,279
MOT20-05,1499,1085,881,918,289515,e8daea3ec4b10d1f30668acae783bffd5c464ded8ee4ed4c3c206307c2940ca4,other_target,dual_retention_add,candidate,310177,2707985,918,0.20577390491962433,0.6048290874582185,0.604829091892631,0.8785231564542665,1086,0.9999999864920869,3,1.0,312
MOT20-05,1500,1085,881,918,289702,6e2ac7b4b44524dda309dffddc276010d00f9a841c3209bc0e816092c56e8a0c,other_target,dual_retention_add,candidate,310258,2709729,918,0.6949451565742493,0.6267870436939851,0.6267870391963647,0.8759069930762461,1086,0.9999999924268738,3,1.0,312
MOT20-05,1501,1085,881,705,289855,533b3abf0c5c9bd1c15226caf046967ae69ad6bd1a6efa19ac92e42bf1c14a23,other_target,dual_retention_add,candidate,310344,2711491,705,0.6728997826576233,0.593950833712687,0.3472669285447789,0.8517758506489355,1094,0.5862611569314379,3,1.0,312
MOT20-05,1501,1056,1112,830,289919,d83c0f552a87d54c0d039e4952f4907f9132b5def61cd62947c131604f9d2dba,other_target,dual_retention_add,candidate,310375,2711975,830,0.8606200218200684,0.6328820349032033,0.6569045893767022,0.9035879919729775,996,0.9564621879844428,5,1.0,118
MOT20-05,1502,1056,1112,830,290105,8af04c2bda8c26503e6fd97f34d7c1a39e2b1cdba32f9a371041691dd2303fc8,other_target,dual_retention_add,candidate,310427,2713289,830,0.8592037558555603,0.6929471330470351,0.6929471293926721,0.8764822423500195,996,0.9999999892830588,5,1.0,118
MOT20-05,1504,1056,1112,830,290482,9005cb13a40766b81766ecaebc4d015c5e4eb8ade8a96dfae68e1c71fd9b1dae,other_target,dual_retention_add,candidate,310594,2716799,830,0.5544463992118835,0.6415138017276484,0.6361318303135214,0.8339414749454718,996,0.9640129504244175,1,1.0,157
MOT20-05,1509,1097,1183,1144,291502,f15160e515440fef027386f85eaac6db0a5eff4d0cdfb71a45cd09a53eaf478b,same_target,migrate_replace,candidate,311027,2725965,1144,0.5608490705490112,0.9443342219732713,0.9443342176322476,0.37035962667382893,1093,0.999999989110317,1,1.0,41
MOT20-05,1513,1101,1096,1094,292253,46ac0a92d2349da2cf0fc71effb9394281435033ad5b20d6904dad4c9f2cb31d,other_target,dual_retention_add,candidate,311329,2732795,1094,0.8242168426513672,0.5279085568031715,0.5279085597684972,0.8740880296135963,1051,0.9999999877382086,3,1.0,189
MOT20-05,1514,1101,1096,1094,292443,d2b051c8ec585920d11682b57269fc6bcfcba8c8bd219c0d3b7ffaa8950e2ddc,other_target,dual_retention_add,candidate,311413,2734609,1094,0.8359665870666504,0.5457689402825658,0.5255988552975731,0.8753769312461593,1051,0.9611844448759918,3,1.0,189
MOT20-05,1516,962,1139,756,292753,93211e3d8a69ee8313285ecdcdc780b6ece6ec937f3abc45293a3776c67e84f7,other_target,dual_retention_add,candidate,311607,2738638,756,0.8264679312705994,0.6263870999296905,0.6263871001222288,0.9184377809004998,1001,0.9999999919448401,4,1.0,390
MOT20-05,1518,1072,1159,1123,293204,44a98481dd35cdd6ed22aaad5bc895a6d72c58e501fba3323bc901de40adcd3b,other_target,dual_retention_add,candidate,311769,2742354,1123,0.23407649993896484,0.8122157578408421,0.5836433203899727,0.911085439756074,998,0.6877612211461459,2,1.0,121
MOT20-05,1519,1072,1159,1123,293394,c04985feca83a340477c134858174b01af403a61b511d0db3929b10f8ef84b4f,other_target,dual_retention_add,candidate,311855,2744206,1123,0.3135457932949066,0.8048487591942238,0.6135846633942617,0.9064245561128281,998,0.7051911154699484,2,1.0,121
MOT20-05,1529,642,602,1060,295326,b62b85cbe0237f91bef4f2820b7746f864ecbd0bb60069b8680544f6770d17dd,other_target,dual_retention_add,candidate,312687,2763054,1060,0.8351855278015137,0.8077335124908677,0.7782150573993263,0.8186328624952119,1009,0.9405369596128434,6,1.0,177
MOT20-05,1530,642,602,1060,295518,68a6afd18ae588f22b7d2ba9a29b434b0e3dd51b9ead7e34364b9365f5a0a95c,other_target,dual_retention_add,candidate,312769,2764853,1060,0.8168841004371643,0.8115362301502352,0.8042429127055368,0.8184116014870731,1009,0.9683729581877791,6,1.0,177
MOT20-05,1531,642,602,1060,295710,bb39e81dacfe8393d8e63ad9c2c702cc38bc95e55d319cea95f57857f5dcf10d,other_target,dual_retention_add,candidate,312849,2766631,1060,0.8370877504348755,0.8240054887044798,0.8159537668601748,0.8283418160924987,1009,0.9554821597916513,6,1.0,177
MOT20-05,1532,642,602,1060,295902,7f053c0108c02c99e3527cf1f58d1e825de2fc110dd2ca0f73b5526b5301b68b,other_target,dual_retention_add,candidate,312935,2768539,1060,0.8449045419692993,0.7482707115191861,0.7482707037979466,0.8882899876979574,1009,0.9999999877629581,6,1.0,177
MOT20-05,1533,642,602,1060,296095,444c917ad407a568be1d05bb8f5a9e37ecdc79a224bdf63831f4b764a0e005ac,other_target,dual_retention_add,candidate,313020,2770253,1060,0.8285130858421326,0.763603629160294,0.7427835563828977,0.8665788825911898,1009,0.9633841266749125,6,1.0,177
MOT20-05,1534,642,602,1060,296289,c680732f6cbe325e462f590b25b18689d62bdb68156800f6fa23eb9839d963a6,other_target,dual_retention_add,candidate,313098,2772075,1060,0.4737797975540161,0.8302050671873774,0.7041498537153495,0.8594092117632577,1009,0.7244340066685766,6,1.0,177
MOT20-05,1543,1095,712,1183,298106,4a3cdfb83e18c39334ff1b4e7ccd5baef43401ba190cbb3c3b089d983815b108,other_target,dual_retention_add,candidate,313826,2788207,1183,0.7289792895317078,0.6497488917911459,0.5371216988514755,0.8292044391315765,1097,0.8229717127275171,1,1.0,227
MOT20-05,1545,949,1192,1040,298407,6806b7ff8f9227a5a6eaccffc14cfb1c1d825ae58cf26daaa59853e7fc191391,other_target,dual_retention_add,candidate,314014,2792990,1040,0.7048608064651489,0.8584292843299449,0.79698423427953,0.9007634269920163,396,0.7122522685554139,2,0.997907949790795,502
MOT20-05,1546,949,1192,1040,298603,6c95b26c9f7673d664b44e28f778eff956985fded44ccee7970773b56e66e304,other_target,dual_retention_add,candidate,314097,2794802,1040,0.8395301103591919,0.8794046960501146,0.775220646379184,0.85715032713915,396,0.7470256403650135,2,0.997907949790795,502
MOT20-05,1549,1101,1096,1094,299243,e28046fd190546af4a055f1298cd5d472aa2412cd651d44a3313a4c3ff2c4ad4,other_target,dual_retention_add,candidate,314285,2798753,1094,0.295268714427948,0.6107910158593836,0.526185134376086,0.8484416878460815,1051,0.6074394760126643,6,0.9941860465116279,204
MOT20-05,1550,1101,1096,1094,299436,dccb88042cf366b807d11e93b08aafa17fb30aba9a0ad6ef17cf352810ab1dbd,other_target,dual_retention_add,candidate,314370,2800613,1094,0.40211355686187744,0.7220160099569809,0.5287290679942311,0.8381193751342138,1051,0.5321191530364208,6,0.9941860465116279,204
MOT20-05,1551,1101,1096,1094,299628,11b6ae84dfd457a27afbab1da7e17f72f8df9031384e566325dc93b318d68915,other_target,dual_retention_add,candidate,314453,2802428,1094,0.44792959094047546,0.8902693450397926,0.5401057443000804,0.8531566128422948,1051,0.541109905176199,6,0.9941860465116279,204
MOT20-05,1552,1101,1096,1094,299822,85bb2d566b76e37e577e37de66ce8b5d4248362e84bb1dee3730ce43a5cd4192,other_target,dual_retention_add,candidate,314530,2804217,1094,0.14496281743049622,0.6379293726600069,0.5338188811183718,0.880590740242901,1051,0.5863192457250344,6,0.9941860465116279,204
MOT20-05,1553,1101,1096,1094,300016,21fb1ecbcec709b74c5d6f4f9e396383355c404756dc46e46ee8076b26928b74,other_target,dual_retention_add,candidate,314614,2805994,1094,0.8555078506469727,0.5483348521171235,0.5373547196766271,0.8939767064473818,1051,0.9793276850658886,6,0.9941860465116279,204
MOT20-05,1572,424,138,123,303585,a2dbaa091bc7801eb483a105fe6969b530cceaaed0f08cbb2de5188cfbbbf7b6,other_target,dual_retention_add,candidate,316217,2841164,123,0.6150087118148804,0.8190430104966208,0.6540677230459939,0.801187411307444,427,0.779776222131113,7,1.0,2186
MOT20-05,1572,1001,756,744,303711,f7c5a7c13393fa7adb4f623ef4326a4ca41231a54b680fa1c67a383776ade978,other_target,dual_retention_add,candidate,316172,2840424,744,0.36550042033195496,0.8566270299698017,0.7056861723946517,0.8576658886393065,1002,0.8086580889379531,1,1.0,410
MOT20-05,1573,424,138,123,303777,93d4ed83c4d4714f2df6badc1107ca0b767011263cc24d8c237200a9e4ec8fc0,other_target,dual_retention_add,candidate,316300,2842998,123,0.6826066374778748,0.8261384624811021,0.6527010375228653,0.8016193202262292,427,0.7713540852997123,7,1.0,2186
MOT20-05,1574,424,138,123,303971,675608245386bdcfbd41cf882a30c3ca135a3d1069a17b64b31d992e18ea9d56,other_target,dual_retention_add,candidate,316384,2844867,123,0.807282030582428,0.8395171317651587,0.6450133543988773,0.8059494149681454,427,0.756010588510914,7,1.0,2186
MOT20-05,1575,424,138,123,304164,7eda22aabe348635843b112d3c57e2a872f0147f9be545d50cf7e3170c4147f6,other_target,dual_retention_add,candidate,316467,2846711,123,0.8237488865852356,0.8631180027980494,0.6457119004304964,0.8072279912283031,427,0.723868822001219,7,1.0,2186
MOT20-05,1576,424,138,123,304358,ceb50ab070c25a70e67d7a371257144382ea3dc1a6c83b9034024bcd243222d6,other_target,dual_retention_add,candidate,316553,2848546,123,0.8513755798339844,0.8356564527134771,0.6353543012631666,0.8093347313358861,427,0.7314702978377977,7,1.0,2186
MOT20-05,1577,424,138,123,304555,e231cd816c2924e7d1d56a902db57c3683b40d683f0dba1db50279b021507a51,other_target,dual_retention_add,candidate,316638,2850382,123,0.8534923195838928,0.8260939481763856,0.6292578396511203,0.8005108727192892,427,0.7259539132501308,7,1.0,2186
MOT20-05,1578,424,138,123,304750,d786e75b448f18c6d1b7e31a99e5a1cf6249ac094a731d6622d8baeaf983a0e1,other_target,dual_retention_add,candidate,316722,2852250,123,0.8303326368331909,0.8075652355799727,0.618202999144146,0.8258291276837206,427,0.7201781692501096,7,1.0,2186
MOT20-05,1585,403,1193,1185,306264,9ade838aed75323766b16f53f78d98c53c3ec70777ee121fdb9a574735166893,other_target,dual_retention_add,candidate,317302,2865760,1185,0.3439151346683502,0.9090473114821043,0.5291920515523337,0.9043653210705414,571,0.5774109358672447,2,1.0,178
MOT20-05,1586,1072,1159,1123,306425,ebc1217d693ad3f3d17c5e7b7406e651173cf1f2f352766086113443518a000e,other_target,dual_retention_add,candidate,317368,2866799,1123,0.8181723952293396,0.6513095245536582,0.651309519946057,0.9045968917827797,998,0.999999979224819,6,0.9568345323741008,204
MOT20-05,1587,1072,1159,1123,306621,ad66826c1c6334edeece261c63615296ebe5d0704fe8e1ace65cc33e3b1dc62a,other_target,dual_retention_add,candidate,317446,2868638,1123,0.827684760093689,0.6863725016968985,0.6863724893496529,0.9026548635446655,998,0.9999999814379784,6,0.9568345323741008,204
MOT20-05,1587,1087,802,1181,306649,e2459205e5ef6f76d968214856bfdb1496a8867bbb31f61b8a5ad1941f72fa7f,other_target,dual_retention_add,candidate,317442,2868568,1181,0.4876727759838104,0.7811213544828446,0.46565875640790144,0.9004486335844712,1086,0.5538547433316318,7,1.0,469
MOT20-05,1588,1072,1159,1123,306816,17901506073713cf6ba40726f7d0b5f211656766e9f5d3886c1a68353fc3971f,other_target,dual_retention_add,candidate,317534,2870481,1123,0.8458104133605957,0.7028909961212726,0.7028909967309189,0.9223677706654649,998,0.9999999873052717,6,0.9568345323741008,204
MOT20-05,1589,1072,1159,1123,307013,0645558b249911b2484fa203fc3a2fd33e21f2a90e6275840071e4336a1a4ec2,other_target,dual_retention_add,candidate,317607,2872241,1123,0.09065673500299454,0.8247836992530986,0.7051861728424728,0.9267246492177933,998,0.724696401748611,6,0.9568345323741008,204
MOT20-05,1590,1072,1159,1123,307210,1f8b33696f2fa52efae4b18aea0058b3dfa0de9346492dfc335771d898058157,other_target,dual_retention_add,candidate,317690,2874086,1123,0.4949316680431366,0.8426999689422551,0.7041801837606494,0.9611379411529934,998,0.7224942298901706,6,0.9568345323741008,204
MOT20-05,1597,1065,793,1181,308634,8f47106eeaea061950cd07e9cadb98f731ee73293e4fc4e655e64bcacce2ecca,other_target,dual_retention_add,candidate,318238,2886543,1181,0.8354544639587402,0.5179754717282856,0.51972129675565,0.9286544860971986,1086,0.9747034001516071,9,1.0,753
MOT20-05,1597,1051,1094,1096,308652,1d03948993d7f58f482787f3529fbb578b0dac4836f66987cfe0a0adfc957499,other_target,dual_retention_add,candidate,318242,2886581,1096,0.5439685583114624,0.686028817672299,0.6860288132113308,0.7915404107834715,1101,0.9999999933838508,2,1.0,223
MOT20-05,1598,1065,793,1181,308832,ee3a78c38113ff2bde7fed6731b1c3bf46fd7bba48f6f239ac13eda8e11e6c85,other_target,dual_retention_add,candidate,318321,2888419,1181,0.8228374719619751,0.6022577426343938,0.6033264072896195,0.9072972379705507,1086,0.9666045044191428,9,1.0,753
MOT20-05,1598,1051,1094,1096,308850,05efe0915cd0aa5c745131dab64d5e59e09e1b1abd6e17998764abb3f271781e,other_target,dual_retention_add,candidate,318357,2888979,1096,0.6170996427536011,0.9111424985126081,0.7138059278108418,0.7471750408168523,1101,0.7645709028575319,2,1.0,223
MOT20-05,1599,1001,756,920,308934,189ea6fdd8885a83f1b2dfc76831bb9fc45ae1aa30bfa1ad365f901eb5ac5de9,other_target,dual_retention_add,candidate,318437,2890886,920,0.8485844731330872,0.5943941543057767,0.5940141352762293,0.8298310181345944,1057,0.9783405248869245,9,1.0,24
MOT20-05,1599,1065,793,1181,309030,5256e3d68d48bdf8fd9cd017ed8bf90d76e7fc9f7101c8014ff7a05bf2d5d23a,other_target,dual_retention_add,candidate,318401,2890294,1181,0.8487750887870789,0.6819091682617929,0.6840873600490305,0.8807947193514868,1086,0.9577819524922425,9,1.0,753
MOT20-05,1599,508,1184,1199,309037,83df3ca22f23de646d23023fc958a5f25fbca1465a29735b0be716a375545193,other_target,dual_retention_add,candidate,318455,2891794,1199,0.7706609964370728,0.7454328780960635,0.6654093337846455,0.8798373750885434,507,0.7299255402487269,5,1.0,90
MOT20-05,1600,1001,756,920,309132,d4a336a5ad27b23945c2814dd1f9644d970746cf416a4d72f2b627e87eff201f,other_target,dual_retention_add,candidate,318525,2892742,920,0.11535872519016266,0.8683712353551114,0.5869611596493927,0.8240040324399126,1057,0.6240694849463232,9,1.0,24
MOT20-05,1600,1065,793,1181,309228,d406c3be780778261917dbd99fc1841ee2a8129335f331d97c378dae6baf9b14,other_target,dual_retention_add,candidate,318482,2892182,1181,0.8366892337799072,0.7056733475210439,0.709860496923533,0.8194754731051724,1086,0.962019854986397,9,1.0,753
MOT20-05,1600,508,1184,1199,309235,8b5379966024739fbf4263c38e62117bc0865ba12db4a0364d05145d87b1750d,other_target,dual_retention_add,candidate,318540,2893678,1199,0.2013426572084427,0.7721481124863382,0.7144310736492552,0.8460232829558536,507,0.7533824550207864,5,1.0,90
MOT20-05,1601,1001,756,920,309330,65f09f300bb8001da31c8119a59057e30f899d300dc0f5c7d84a54ba4444dc51,other_target,dual_retention_add,candidate,318608,2894636,920,0.8187603950500488,0.6641547411784047,0.6145962886589188,0.8156698551721931,1057,0.9244660204417393,9,1.0,24
MOT20-05,1601,1065,793,1181,309426,8ba77020a49f64611e68d6257a0da50a36a61e15d868ddb23bc54ee3b53a3627,other_target,dual_retention_add,candidate,318569,2894093,1181,0.8567151427268982,0.7170295956392543,0.7080795458710667,0.8304942783587128,1086,0.9398551205475486,9,1.0,753
MOT20-05,1601,508,1184,1199,309432,8e9c4154025d30a8e8c4e26a663fccfd31bdeab37266a92b72ce86481e7b393d,other_target,dual_retention_add,candidate,318623,2895586,1199,0.09155025333166122,0.7869093500424382,0.7405688255589823,0.8249593220467278,507,0.7151269494766272,5,1.0,90
MOT20-05,1601,571,1185,1045,309444,cd03b7a45c59c51ff0a00e40e28f23ddd81fc158b578d656975fff9e31387d9e,other_target,dual_retention_add,candidate,318622,2895376,1045,0.7743710875511169,0.7274078220724498,0.6231438499092035,0.7298268796351445,574,0.846006103419848,1,1.0,102
MOT20-05,1602,1001,756,920,309528,9a78d1c07f4ac4f49b2ade9c8eb3850cf304c4e611f1618690ec2efa3db8461e,other_target,dual_retention_add,candidate,318690,2896568,920,0.8349119424819946,0.6866155878900249,0.6429607188527766,0.802754349192404,1057,0.9224872857081277,9,1.0,24
MOT20-05,1602,1065,793,1181,309624,6052a6086c3ba5ab14be78d197137397c1c067c9f42fbf97485fe3c93b6eb71d,other_target,dual_retention_add,candidate,318649,2895985,1181,0.7665401101112366,0.6891792832328908,0.6812714331797137,0.8275095089792122,1086,0.9266146626942082,9,1.0,753
MOT20-05,1602,508,1184,1199,309630,db068bbb0e074c036a657f9ab7613a924321d4b921a15a87df91bbd42b8bdb53,other_target,dual_retention_add,candidate,318708,2897503,1199,0.12209919095039368,0.8068097618485299,0.7241003057784285,0.8180814126287078,507,0.7097515112828638,5,1.0,90
MOT20-05,1603,1001,756,920,309727,0e3a2608263e3c93939a0296da458cedbab6d63721ce49fc682b4de4460fc660,other_target,dual_retention_add,candidate,318767,2898459,920,0.8427442312240601,0.5613648739248989,0.5649834745772205,0.7741496938413099,1057,0.952615959931381,9,1.0,24
MOT20-05,1603,1065,793,1181,309822,9e5270832d8135c09569d88a15587ec33a225c5b65477f2d29a97125168670a5,other_target,dual_retention_add,candidate,318731,2897913,1181,0.8321691155433655,0.6509492780400046,0.6509492829011823,0.8747839318597583,1086,0.9999999882149601,9,1.0,753
MOT20-05,1603,508,1184,1199,309828,88149927e8efcbd9dc8997652d256fa62206f56f77fc20477e4f977bdc07f26b,other_target,dual_retention_add,candidate,318794,2899536,1199,0.11438371241092682,0.8005952290819183,0.7093062472224849,0.8379908033756182,507,0.7228793703211014,5,1.0,90
MOT20-05,1604,1065,793,1181,310019,9775068e95b2cd25f462bb82f595ccadcb0e8b792d8f0cc64b0872d472390076,other_target,dual_retention_add,candidate,318813,2899831,1181,0.817223072052002,0.5875099297900904,0.5875099242408105,0.8751564698344394,1086,0.9999999882401599,9,1.0,753
MOT20-05,1605,1065,793,1181,310218,0da5ba773efb33ba6b8c857926af9994e1bcd8b270a826001056a4b1641bcaf1,other_target,dual_retention_add,candidate,318897,2901749,1181,0.7499731779098511,0.5322766587893607,0.5257747182933952,0.8603202836600264,1086,0.9420533474914561,9,1.0,753
MOT20-05,1605,574,1045,1185,310262,f43364ad17342efaf15e9c3cd137496118fdbe46087c51a41d658d57659a059d,other_target,dual_retention_add,candidate,318953,2903025,1185,0.7300626635551453,0.6628326247157241,0.517170241742771,0.821405390684117,571,0.7273164727899306,1,0.84,71
MOT20-05,1606,1001,756,920,310321,372153497f27456c83ff848537129068fac67de993341d5d589b9d4bd0290bb7,other_target,dual_retention_add,candidate,319020,2904197,920,0.8087543249130249,0.5038310383883466,0.5038310355451263,0.9063786587429397,1057,0.9999999916658107,1,0.9944598337950139,363
MOT20-05,1608,1095,1222,705,310847,52ba4a7b20d6457fa33f2746ce91db018ec839863807e5e65a70e56ae9234f31,other_target,dual_retention_add,candidate,319144,2907451,705,0.8157714605331421,0.9048919109212986,0.7347173560666791,0.8710000645595382,1091,0.7088829365481076,1,1.0,175
MOT20-05,1609,1091,705,1222,311065,579ab8bf9592d5d73a46f1d09ad5cca7a3dd8151e1ba60159183ffe28275e774,other_target,dual_retention_add,candidate,319260,2909802,1222,0.3340083658695221,0.8774567418728523,0.7033705607730254,0.8885608529782236,1095,0.7841628124250294,2,1.0,142
MOT20-05,1610,1091,705,1222,311266,bdb8c7e2e8bb726d89abcd4983bb7a69e17a92bad2a3861dbeba2e7866d36a55,other_target,dual_retention_add,candidate,319351,2911702,1222,0.27696236968040466,0.8924035967389035,0.6613933413279539,0.8569043194010179,1095,0.7278013428730199,2,1.0,142
MOT20-05,1616,968,1208,606,312301,a961552ffd133b0a9f495c7828542bfbb6c04496966b9dee5a7f4e3c760531f9,other_target,dual_retention_add,candidate,319854,2923567,606,0.3136162757873535,0.6267050864998246,0.48182614723235995,0.901853557563884,643,0.5231045026469759,7,1.0,42
MOT20-05,1616,415,1211,1223,312451,545fa0350673dd19fdda5d4b0ba9fb786c74b07b61ede7914b3550c55b147cc1,other_target,dual_retention_add,candidate,319868,2924235,1223,0.8722777962684631,0.909153066352064,0.6673844400458991,0.8838143469134375,420,0.7175851338739472,1,1.0,1030
MOT20-05,1623,1002,744,920,313765,3c03225ea445ba5607d861800b050851b264d1b371526e5be8be0a5f428b850a,other_target,dual_retention_add,candidate,320425,2936715,920,0.5248994827270508,0.5817980465376738,0.5817980492686208,0.8736873645000733,1057,0.9999999918798511,3,0.9554455445544554,274
MOT20-05,1624,1002,744,920,313971,a5ecaa1dcd001439286ac99fafdef4318809863b825af8d930ade42eae1e9c8d,other_target,dual_retention_add,candidate,320505,2938619,920,0.7274703979492188,0.5397251629962236,0.5397251551396465,0.8487036960526325,1057,0.9999999860556535,3,0.9554455445544554,274
MOT20-05,1629,1051,1094,1096,315107,6342108f5f99d54c8df1a99c70765acf4295b0b939cb2ddec3bb5c800274e248,other_target,dual_retention_add,candidate,320918,2948249,1096,0.4731103777885437,0.9553821342343765,0.719991857925137,0.7326706808056949,1101,0.7063287908978828,2,1.0,35
MOT20-05,1630,1051,1094,1096,315314,2db5f6c34c316a48c4f195422241e65f704b4447eeed848f84a1304b6c146091,other_target,dual_retention_add,candidate,321006,2950214,1096,0.488679975271225,0.932095827500325,0.7190094693043543,0.7512938405905961,1101,0.7222046972721516,2,1.0,35
MOT20-05,1631,574,1045,1262,315563,3c6e522956481a2c1e2e55ba728b0214c8b9600fee0595dcd4705593a79d39a0,other_target,dual_retention_add,candidate,321106,2952895,1262,0.6718960404396057,0.640981589431694,0.570707737048413,0.8369272349631873,571,0.800664190183107,7,0.84,28
MOT20-05,1632,574,1045,1262,315771,353a2899562eebdfa0a5384a708ef038a0a29858e5edeb2f1a026ea059f05926,other_target,dual_retention_add,candidate,321190,2954880,1262,0.6936789155006409,0.6207675563644139,0.6207675540386685,0.8150576038122512,571,0.9999999847906481,7,0.84,28
MOT20-05,1633,574,1045,1262,315979,b78ac449ba32403dad30af36f44fef180e238b0920ca4a5ea54478aa501f5fcd,other_target,dual_retention_add,candidate,321244,2955860,1262,0.35619795322418213,0.7767196940114551,0.5868958336873619,0.8378442212503918,571,0.6473764948546029,7,0.84,28
MOT20-05,1634,574,1045,1262,316188,245390e7698041d8bdcab36fbcbfd502fdde9496f884948424b514191a944f7d,other_target,dual_retention_add,candidate,321328,2957819,1262,0.24251312017440796,0.8004635758653121,0.5633213863679527,0.8742214924610763,571,0.6019319117003162,7,0.84,28
MOT20-05,1635,574,1045,1262,316396,ab6dcd4b17df8a36c4f2ba196900a65ab21a6ff1114a9da5028be6ffc98a7248,other_target,dual_retention_add,candidate,321436,2960701,1262,0.32165491580963135,0.8335922191434775,0.5470458299621124,0.8584020080683067,571,0.5475725187281585,7,0.84,28
MOT20-05,1636,1051,1094,1096,316565,9089023519a0e5ac55eda5f56c1eec38e9f4940d9a480d36c0ef1945bca1d13b,other_target,dual_retention_add,candidate,321507,2961864,1096,0.6688380837440491,0.8323251910244976,0.7571340934718105,0.7577874433336256,1101,0.7982998489781681,1,1.0,107
MOT20-05,1637,574,1045,1262,316810,d06f9c61ae2ef022beb9a51d414f6f24585c8002396924443b2b34c4ca8d57e5,other_target,dual_retention_add,candidate,321604,2964541,1262,0.16747398674488068,0.791733396094304,0.5163981541961744,0.8531329475903957,571,0.5363212521281187,7,0.84,28
MOT20-05,1638,956,981,1030,316898,5c750852182eab313e786be56b342420606b51053282052a5e1b522e066ff98f,other_target,dual_retention_add,candidate,321671,2965794,1030,0.24184204638004303,0.7477510875772173,0.41292870212450655,0.7853941749040395,960,0.5216107204609725,7,1.0,504
MOT20-05,1639,1087,802,1112,317172,cdbe2219075e1d75e4c03925e718447b6b6a9747b5bba9a9825a9c7648c0b641,other_target,dual_retention_add,candidate,321709,2967119,1112,0.871599018573761,0.6283196637371874,0.6511727535611018,0.878619119022478,1056,0.9594937697076648,8,1.0,63
MOT20-05,1640,1087,802,1112,317380,7f882500646cc0eefdf9b8aeb1302a140636057555912ab560dd378363abfd41,other_target,dual_retention_add,candidate,321790,2969072,1112,0.8623114228248596,0.6055647545827562,0.6042816971922821,0.8780068445613192,1056,0.9781893982048085,8,1.0,63
MOT20-05,1641,574,1045,134,317566,d91843d63c707e1a476bfa6190699982ae6d8a4768dc08f2a82777824686f133,other_target,dual_retention_add,candidate,321904,2971395,134,0.8089509606361389,0.6095328476518304,0.6095328500116263,0.8743800254418987,554,0.9999999840618584,9,1.0,33
MOT20-05,1641,1087,802,1112,317589,8b7f9f0098d8c5d10dc12f3a13eea3fd2d325baacd233e6a1b5c598a5db610e4,other_target,dual_retention_add,candidate,321915,2971545,1112,0.2840416729450226,0.7679730055718315,0.5806507561998102,0.870130329073205,1056,0.532523127499786,8,1.0,63
MOT20-05,1642,574,1045,134,317774,9708a6726336ad48e4231e2388b14e93874c5440bfecc35796f48d8aa4139cf6,other_target,dual_retention_add,candidate,322015,2974320,134,0.8036371469497681,0.6078406664543081,0.5943431956708257,0.8721926931609179,554,0.973084705893027,9,1.0,33
MOT20-05,1642,1087,802,1112,317797,636a6a48798fcd56eafbc848a74236affed1d225ba1fa13b5d6535be8c43ba01,other_target,dual_retention_add,candidate,321998,2973512,1112,0.36557164788246155,0.7672869265166775,0.5427317931812697,0.8592383370713617,1056,0.5011841415170741,8,1.0,63
MOT20-05,1643,956,981,1030,317939,0d016d8ea039de3298613cf7874234184e2486515550d4c9150c346e5924bd80,other_target,dual_retention_add,candidate,322087,2975655,1030,0.35521629452705383,0.6499259559251419,0.36634797883507086,0.7610188818755278,960,0.5394824326075335,7,1.0,504
MOT20-05,1643,574,1045,134,317982,256c90662724aeefdfc68df2d79d2a4f0a0496f17de16c50599fc9c1c7df9ed5,other_target,dual_retention_add,candidate,322100,2976314,134,0.8015157580375671,0.6104730129299645,0.6104730094424121,0.9030713581952804,554,0.9999999869651096,9,1.0,33
MOT20-05,1645,884,490,1184,318478,2b3eb0524253170b7a75f2cf34cb1cb2701972da9f20b65dae28f21f25aad6f9,same_target,migrate_replace,source,322265,2980501,1184,0.6274374723434448,0.8185484657583019,0.8266167793542549,0.33741097371161455,508,0.9535128615912309,16,1.0,428
MOT20-05,1647,574,1045,134,318826,ec731f464a51e6fdc8ab17fef81d166c6a29efa18757b2d432fc1351dedd9643,other_target,dual_retention_add,candidate,322429,2984182,134,0.8109379410743713,0.558027936058038,0.5380509713496736,0.9598437626873261,554,0.9575645406513891,9,1.0,33
MOT20-05,1648,574,1045,127,318941,65b332c07e3799dd013e1d8b06ebecfc1daf30c7b93a2069c6f2b9bc601f92a0,other_target,dual_retention_add,candidate,322483,2985233,127,0.8086935877799988,0.5260130619090283,0.5260130587874967,0.7665643868652151,555,0.9999999849482248,9,1.0,33
MOT20-05,1649,574,1045,1262,319326,6a80aa5bc1eb53fbc3aaa72c290509c6ee51dec1e56bf7dff500592ecc6ff407,other_target,dual_retention_add,candidate,322594,2988147,1262,0.26934701204299927,0.7136704378309396,0.45843556791999507,0.8803763221431299,571,0.6362292956569408,9,1.0,33
MOT20-05,1656,1085,881,756,320806,3b1e516e150d7370558f707cd37c51c4c79458625dfee4f1bd434518f1020dfe,other_target,dual_retention_add,candidate,323113,3000863,756,0.6877928972244263,0.7506299436905634,0.7506299308096455,0.9224027400113896,1001,0.9999999695338733,2,1.0,186
MOT20-05,1657,1047,1148,1180,320978,38fc93599b3faf5aff25d862ab9706a56ed26b0e421ac80286050a1f97d4e367,other_target,dual_retention_add,candidate,323234,3003301,1180,0.8441966772079468,0.7798943034531967,0.7520373925541606,0.8233857858634764,999,0.9637758449430979,10,1.0,298
MOT20-05,1657,1085,881,756,321018,a8d3fa01e35807d179371a12d305a327dba2c043f8a9bde9f08118ed9f6ac612,other_target,dual_retention_add,candidate,323190,3002754,756,0.41247910261154175,0.8455784851537729,0.6083525584823977,0.9256801592568009,1001,0.6362563555894346,2,1.0,186
MOT20-05,1659,1047,1148,1180,321403,f631e22c809ebcb32068d6953f53ea04a41ea7a730036af6a51795cc53e7c3be,other_target,dual_retention_add,candidate,323397,3007227,1180,0.7712717652320862,0.7825906971531866,0.7739479050308251,0.7885767391607896,999,0.9647022088426761,10,1.0,298
MOT20-05,1659,1087,802,1239,321439,608e3e305491adac7cec6d7555df0ba8e9521f95f81572eddb72ac1c5d9d7040,other_target,dual_retention_add,candidate,323357,3006716,1239,0.5450489521026611,0.6146043601802809,0.6146043478423419,0.7107912690157824,1094,0.9999999792938298,1,1.0,17
MOT20-05,1661,1056,1112,761,321724,11de95a8d89d13e913590a16e93c8a14d177bd3c328d7402e10121860fd79cbf,other_target,dual_retention_add,candidate,323525,3010733,761,0.8285056352615356,0.5914009178425512,0.5914009291968632,0.879846688253922,982,0.9999999781662209,1,0.9885057471264368,243
MOT20-05,1674,1012,1063,5,324479,0a56183134a3c7d768603c20b6b5daed9fa204e7bca5167ab0791f2eecbaeb7b,other_target,dual_retention_add,candidate,324649,3037695,5,0.8207988142967224,0.875027982581256,0.6735135115509877,0.8573903744461147,433,0.7118727438367316,1,1.0,403
MOT20-05,1674,999,1290,1148,324684,fb28cc0a66cdafdf9a29f7169fa918fb3d57d8bfb83d44c76d573fb9fdad5304,other_target,dual_retention_add,candidate,324593,3036727,1148,0.6679970622062683,0.8587033132150826,0.6527605282625529,0.8367367074527251,1047,0.7031741194580252,4,1.0,190
MOT20-05,1675,999,1290,1148,324897,13de76c7e13b26c1fd5c092205c208745f7aec61e33908708346769f6a877d5b,other_target,dual_retention_add,candidate,324672,3038723,1148,0.3991645574569702,0.8958216724005897,0.6995494129335685,0.8159418386341337,1047,0.7290308037406692,4,1.0,190
MOT20-05,1676,999,1290,1148,325109,b77a928171ad0fa0b590b8feee9063a9aeeefbe299acb8b1aac67b53847efd39,other_target,dual_retention_add,candidate,324754,3040712,1148,0.3747740089893341,0.8280918928174779,0.6977898986475995,0.7778066347028886,1047,0.7692065901530716,4,1.0,190
MOT20-05,1677,1096,1203,1159,325275,2e3e7197e7323dd82d4d8faf31528065c8d0d9e1648ef14eb20c3edba1702557,other_target,dual_retention_add,candidate,324888,3043271,1159,0.8147599101066589,0.7286041219777705,0.7084169259924556,0.8500639296737094,1072,0.9671210172693856,9,1.0,150
MOT20-05,1677,999,1290,1148,325320,edf62364e5c8b6b6f9728825f5633f3256a84fe673d6df28ba428e89039b3846,other_target,dual_retention_add,candidate,324887,3043258,1148,0.7935866117477417,0.701977186140531,0.6909231319675936,0.7898249010482986,1047,0.9546164920210807,4,1.0,190
MOT20-05,1678,1096,1203,1159,325487,bb9c5d2078c420d3963b8609ff7ccd798d9bca76b7e9425c5dec519ddcdaed43,other_target,dual_retention_add,candidate,324961,3045309,1159,0.8188189268112183,0.7634459599962339,0.7550165373686437,0.8233905257390569,1072,0.9706665207557981,9,1.0,150
MOT20-05,1679,1096,1203,1159,325700,b16487995ddf40c82af25f1478cc29cd91fc8be9a5a829a85651ce9d65386d32,other_target,dual_retention_add,candidate,325054,3047334,1159,0.6072613596916199,0.7739907437030382,0.7739907450571207,0.8306238724286883,1072,0.9999999918573937,9,1.0,150
MOT20-05,1681,1096,1203,1159,326122,bc3b034653f40349cfa806738c3122f928cb53140f212b8b59fc138b39e9be09,same_target,migrate_replace,candidate,325175,3050751,1159,0.7579287886619568,0.8233918529767555,0.8194808869773131,0.8092313728694898,1072,0.9817220877086937,9,1.0,150
MOT20-05,1682,574,1045,1262,326347,64a7e79f68a17df338c7272ea9f55a16197433b2363d58aa169b6df45b3bc288,other_target,dual_retention_add,candidate,325320,3053941,1262,0.3715047538280487,0.7144221144173101,0.4590642404779338,0.8354398021281401,571,0.6287797159854382,4,1.0,49
MOT20-05,1683,1090,1252,712,326523,14246a98cdd32d94d7cb6aa5e780371bbda2b548c7d3b1b362787eb30bf4e9a8,other_target,dual_retention_add,candidate,325337,3054655,712,0.5839899182319641,0.651666574584561,0.5763722304386976,0.7823158873371464,1097,0.8822422742611333,4,1.0,26
MOT20-05,1683,1096,1203,1159,326542,3114961b7b87c6844a13d032eb7fe96acba8b7785ce3c0f4deae6bf126315fe1,other_target,dual_retention_add,candidate,325336,3054654,1159,0.8091186881065369,0.7882235397859312,0.7882235438596542,0.8262274545531357,1072,0.999999989358922,9,1.0,150
MOT20-05,1683,574,1045,1262,326557,ffbf4105f00b968bad2244ef040936a9eb5aa60c5bb56af30c74821b3e00ca12,other_target,dual_retention_add,candidate,325402,3055899,1262,0.48498910665512085,0.6898398135226306,0.4698610040180108,0.8125021391105671,571,0.6631344813570876,4,1.0,49
MOT20-05,1684,1090,1252,712,326733,3c86426d7c58dc672698ce4122541ecc0077b4ab14281682640a0d172ff1c550,other_target,dual_retention_add,candidate,325419,3056620,712,0.3214276432991028,0.7016315211133669,0.606961248793436,0.7737072160823417,1097,0.8661898313773617,4,1.0,26
MOT20-05,1684,1096,1203,1159,326752,90de597bfb9e86720cb9e1954b7659c6334ac589bd4187e36b1c613537e9496c,other_target,dual_retention_add,candidate,325418,3056619,1159,0.8149227499961853,0.77292822113392,0.772928215924386,0.8339304533387704,1072,0.9999999905642435,9,1.0,150
MOT20-05,1685,1090,1252,712,326944,0d7520c0d91bed421eb2b2310482f7d64b83fa2acc2a1d6786d87b1cdbe06c49,other_target,dual_retention_add,candidate,325504,3058597,712,0.30077025294303894,0.7377774523731105,0.606800376429146,0.7672618330348498,1097,0.8147706030351656,4,1.0,26
MOT20-05,1685,792,905,1267,326980,4fb7ac360623ffcd748c7fa7b4351e839d22b237070756dec0d0d07444631f20,other_target,dual_retention_add,candidate,325566,3060041,1267,0.7042099833488464,0.641341322988057,0.5320741807597145,0.8585974521170799,950,0.8297191287114153,19,0.9344262295081968,102
MOT20-05,1686,1090,1252,712,327156,633ff37b27bcfe921b5c15b4f0fcc771c8868612f90ee8adb4c898ac46a1ba57,other_target,dual_retention_add,candidate,325581,3060581,712,0.3489828407764435,0.6560712038637722,0.6021514120518927,0.7719759375770552,1097,0.900371760692242,4,1.0,26
MOT20-05,1687,792,905,1267,327403,b54bce2e105851b22c177a062725543718f121b7ceab637312a411e49e81083d,other_target,dual_retention_add,candidate,325733,3063980,1267,0.17978373169898987,0.641946205720822,0.4630418045940102,0.9167085496673364,950,0.5206346652743847,19,0.9344262295081968,102
MOT20-05,1690,1085,881,607,327948,6e791ef707ef8c20c779896be3bf27b3ee9efd1dd9e38fb4f2fe49b7ef6adbc3,other_target,dual_retention_add,candidate,325964,3069052,607,0.796541690826416,0.8649003391532768,0.6760386201247395,0.7854171009212157,1003,0.6866226856375603,1,1.0,54
MOT20-05,1692,913,1126,105,328290,6cf76ae7601ba303a8855156526af5956218cc766213695b94f1ede9adf041fe,other_target,dual_retention_add,candidate,326149,3073788,105,0.27078354358673096,0.7188372779573822,0.466112200037776,0.8307086851986512,536,0.5428340785181622,13,1.0,1871
MOT20-05,1692,791,913,1277,328461,9ab7155e3edf6762775a9836bb88fa0833a95904313c92c29bbd666d9f910735,other_target,dual_retention_add,candidate,326148,3073749,1277,0.7631083130836487,0.7655819389268075,0.6390787182965009,0.8831640388163646,948,0.7994211769870045,2,1.0,471
MOT20-05,1694,792,905,1277,328879,5963250a7ac3e6c9fc5f79924cd633d52f225df3468210217e14b99e28e728a7,other_target,dual_retention_add,candidate,326313,3077706,1277,0.7909418940544128,0.570484589614258,0.5920940799397547,0.836324816839659,948,0.943981417400715,19,0.9344262295081968,102
MOT20-05,1695,972,776,744,329071,14265c86a8e7036d9f449a37ab5b01c1badc9a5e0f69ec1aec5d76950973d5a9,other_target,dual_retention_add,candidate,326380,3078884,744,0.8051555752754211,0.806069673384641,0.6219794698763149,0.814511373721364,1002,0.7595216634153916,1,1.0,853
MOT20-05,1696,792,905,1277,329296,ec59d5ab47662fedb8fb6c2beb4558a73b9377fa6f432a056603dd4140c2e345,other_target,dual_retention_add,candidate,326484,3082033,1277,0.5177040100097656,0.570578560224517,0.5705785572597157,0.8059344343409452,948,0.9999999812164192,19,0.9344262295081968,102
MOT20-05,1697,814,842,1182,329447,0d1369fab3b8fd04535b52ad3e5ababfbe79d62226a39fd7485fe4ec9ece5929,same_target,migrate_replace,candidate,326529,3082638,1182,0.5368945002555847,0.7004753459462313,0.6753623644788705,0.6704542139124606,990,0.9441306209567106,5,1.0,2334
MOT20-05,1697,1002,744,776,329534,2008dd3c75592e5f5039da84f04b6f6074f85ad05e4f5f99ad7f70539e8f3024,other_target,dual_retention_add,candidate,326541,3082776,776,0.7960900664329529,0.8628322173944886,0.7107798537374648,0.7337620802766688,972,0.7249945120681297,1,1.0,128
MOT20-05,1704,403,1193,19,330799,b80889b1a9ff7347f8db4682d0be5859783b4299a907a192de2fc046a238102d,other_target,dual_retention_add,candidate,327145,3097658,19,0.19285281002521515,0.7380763325496471,0.6937242829968796,0.878131264317992,534,0.5334531425205425,4,1.0,161
MOT20-05,1707,574,1045,1262,331573,9044c2ef1780f47050c4642f0d14cb2dc149c150553ad2444510ff0c1efed759,other_target,dual_retention_add,candidate,327383,3103041,1262,0.28729793429374695,0.6252252928480149,0.6252252959045796,0.8461489634428154,571,0.9999999942097725,14,1.0,20
MOT20-05,1709,574,1045,1262,331988,69fa70a63f116451dc0a7e9d6ed2fe3ffb0b4768f0d8cfe57cecf85c75f2b124,other_target,dual_retention_add,candidate,327552,3106836,1262,0.3172815144062042,0.8645505305313309,0.6874900621263813,0.7769608512423996,571,0.610981839392777,14,1.0,20
MOT20-05,1709,955,972,981,332024,a3eb163d4dfbe0112fa216730b29e0e43a63634d92add7bfee05dd56c5653cff,other_target,dual_retention_add,candidate,327536,3106239,981,0.8387748599052429,0.68137271230889,0.6813727108066467,0.9498007559140266,1053,0.9999999919329678,5,1.0,698
MOT20-05,1710,955,972,981,332231,0240765363bb1c8b48031b9ac75740bd64bf896e53dec2dcd264a9dae33ef303,other_target,dual_retention_add,candidate,327588,3107746,981,0.8358678817749023,0.6630793580227021,0.663079362240351,0.9196691134220483,1053,0.9999999812411532,5,1.0,698
MOT20-05,1711,955,972,981,332438,1e9ab5fb1547a0f8bfe812ff835af7a45531e108ab8d1a9609a8c760b90bdc26,other_target,dual_retention_add,candidate,327661,3109608,981,0.18681181967258453,0.8234250240890248,0.703871207768845,0.9241444153074392,1053,0.60052903463026,5,1.0,698
MOT20-05,1713,955,972,981,332854,9119f8323a3cc06be706efec2ffa770e3754acbb81cae39c18830ae55956a8cc,other_target,dual_retention_add,candidate,327870,3114098,981,0.540635347366333,0.8464312022988065,0.6030894590714195,0.9124365653114943,1053,0.5315921426944272,5,1.0,698
MOT20-05,1715,1017,1304,1301,333261,0c81617bd7219c8433b59519e1e08827cd1f9ff28ffa2dc8e19e5f3caed845e0,other_target,dual_retention_add,candidate,328042,3118324,1301,0.1577581912279129,0.7717422270923427,0.4866251652697702,0.8814009727729484,1018,0.5666130328566051,2,1.0,369
MOT20-05,1716,574,1045,1262,333439,84732e1a415b50acb7527f555b0bd72b5ab71ab593b0c4d45e825285b89b556e,other_target,dual_retention_add,candidate,328136,3120618,1262,0.5983254313468933,0.8325321738489969,0.7051611647457009,0.7711892588441893,571,0.7975054848672898,14,1.0,20
MOT20-05,1718,574,1045,1262,333860,d35f852341e14ddd1b955f8e4ef4485cb3dbf312d83ddc919e337edd97c9e616,other_target,dual_retention_add,candidate,328295,3124597,1262,0.6975153088569641,0.673620837327717,0.673620835729904,0.8126520152491198,571,0.9999999744772915,1,1.0,285
MOT20-05,1722,791,913,905,334754,1e474c015c1000920e88f03f0b567f20825b6cc2d444fb4fb92e1001e8c62128,same_target,migrate_replace,candidate,328598,3131601,905,0.7500411868095398,0.5471181643190285,0.5471181603742813,0.43451672060232993,792,0.9999999899912305,4,1.0,35
MOT20-05,1722,571,1262,1193,334756,ebe70546ae765f8cd51919fda7cb920847d49cc212edbca62c13f92560df1d40,other_target,dual_retention_add,candidate,328628,3132459,1193,0.4373745620250702,0.6988643602406297,0.6560778010155353,0.8669191796175575,403,0.8999425456226819,3,1.0,506
MOT20-05,1723,791,913,883,334804,c1da71cc8dc3afe6f22fae95c740a9f3c86fbc2008034719fa417ba9844c0e77,other_target,dual_retention_add,candidate,328709,3134496,883,0.548426628112793,0.602019764366217,0.37179948571944466,0.7776973615438072,720,0.5984493898114421,4,1.0,35
MOT20-05,1723,571,1262,1193,334967,0664010ba17f5ba78046ef61999c482d0b9a0bdbe91bf13466a4089c93fd4410,other_target,dual_retention_add,candidate,328707,3134416,1193,0.31285372376441956,0.7275958570201192,0.6247160412614609,0.8711855838194236,403,0.7800764512222481,3,1.0,506
MOT20-05,1724,791,913,905,335176,c206c3135d0a56927b0e97c28eedd5b74e7365508fe90b5d25984ad3b36ee31f,same_target,migrate_replace,candidate,328767,3135519,905,0.6205830574035645,0.574697702245188,0.5746976940131685,0.49710797225334047,792,0.999999976746771,4,1.0,35
MOT20-05,1724,571,1262,1045,335186,cb60e8d53e9474b2fd8afd29b701ceb7e903beb880c6c5926e9ce84f2d6f0262,other_target,dual_retention_add,candidate,328793,3136363,1045,0.18953736126422882,0.8468041724779889,0.615249881445583,0.8001413345667884,574,0.7125979801266619,3,1.0,506
MOT20-05,1730,425,26,1078,336318,d21e41fb2e29cdaedc38d81c1e4b3ef63f3d846f3f39bfcd6e53e2548e05ae83,other_target,dual_retention_add,candidate,329245,3147062,1078,0.8237236738204956,0.5055542061853435,0.5055542109798556,0.9038668250629293,1004,0.9999999905114751,12,0.9978813559322034,2197
MOT20-05,1730,1003,607,776,336437,4f34ca49a7e826d959c275f99b7894076229a018d35fd194c9f2ac0f1714137a,other_target,dual_retention_add,candidate,329232,3146808,776,0.750128984451294,0.6667876495279507,0.691263586019774,0.8368880645161295,972,0.7625407432141427,3,0.9540229885057471,490
MOT20-05,1731,425,26,1078,336528,46ae0b7522549138668b20b24d427ab33eebaae9f5542ab066aa3ce630b5825a,other_target,dual_retention_add,candidate,329328,3149000,1078,0.826339066028595,0.5532778870270878,0.5532778850797403,0.9097042830397587,1004,0.9999999947236516,12,0.9978813559322034,2197
MOT20-05,1731,1003,607,776,336646,faf4c4018ed61efee443a2fccb07920171fb1903b0c57cf0bda20fc6cdd0c378,other_target,dual_retention_add,candidate,329312,3148712,776,0.7490819692611694,0.7141537653847605,0.7073165657700391,0.8383677228084603,972,0.9614326541139974,3,0.9540229885057471,490
MOT20-05,1732,425,26,5,336669,db25079a3d5959530cfdddbd145b55496535d4e5ec845e18f165e9e2fdf7cea6,other_target,dual_retention_add,candidate,329414,3150978,5,0.374747633934021,0.8491987920880407,0.6734003559792446,0.8799891849475263,433,0.7179595481482376,12,0.9978813559322034,2197
MOT20-05,1732,791,913,905,336860,9e093f454d18db818b48631d5c8c03e2e4ac77ac26b5cb8cf623c1413d817f9f,other_target,dual_retention_add,candidate,329456,3151996,905,0.49619394540786743,0.5491409551932912,0.5805139110002838,0.7193359740456667,792,0.9298588997381559,1,1.0,10
MOT20-05,1733,425,26,1078,336946,0c1d12c2e3f08adc48179d2eb109e97ad65523fe248fc4f12afa06e1506cd704,other_target,dual_retention_add,candidate,329522,3153369,1078,0.8219294548034668,0.5039136159728519,0.5202195713324549,0.8527869820446876,1004,0.9504903291862992,12,0.9978813559322034,2197
MOT20-05,1735,425,26,5,337297,3ad48ebcb60978c93992a52a9bf02253973254dd523d2985bd955aac1f0ed40b,other_target,dual_retention_add,candidate,329693,3157290,5,0.5938010215759277,0.81914677347541,0.6539986998919913,0.8695608129954989,433,0.7120393370581751,12,0.9978813559322034,2197
MOT20-05,1736,425,26,5,337506,deed269f7cc62ada59359f7ab346ddddf83117e437dc833f8d840934fd0d2e9c,other_target,dual_retention_add,candidate,329775,3159186,5,0.454840749502182,0.8220477874774942,0.6565781281191126,0.8719949117884894,433,0.6396149100326907,12,0.9978813559322034,2197
MOT20-05,1737,425,26,5,337716,b2d504523fa8408a598ce5f64d9c9f35e53005752acc604610b5d1c179b85332,other_target,dual_retention_add,candidate,329856,3161114,5,0.3396459221839905,0.8542003094717642,0.6311559741278213,0.8661988371196573,433,0.6115616373717615,12,0.9978813559322034,2197
MOT20-05,1746,956,1001,986,339614,3fe54cfcef7dab4fda58cdc03dcd4d1870e518c3c93f532aace21d42fdd00752,other_target,dual_retention_add,candidate,330600,3178406,986,0.7839862108230591,0.7573071793527035,0.6074913428360232,0.6659900396230166,958,0.7785685941230673,1,1.0,106
MOT20-05,1754,403,1193,1045,341399,459cc2163d635f8d6f629179672302182a32e2e69ed8dcceb9da150c0443b08e,other_target,dual_retention_add,candidate,331282,3194479,1045,0.7787025570869446,0.5001962336965116,0.4850243526662421,0.8121705149283959,574,0.9704753726688731,10,0.9803921568627451,97
MOT20-05,1758,403,1193,101,342030,ef761c7e411b7741f81a7c1722970daacea09f36e03358e37bc16a177a67d660,other_target,dual_retention_add,candidate,331615,3201987,101,0.20611895620822906,0.7915014213146302,0.6776696348971886,0.8715348059177059,535,0.8128423545331537,10,0.9803921568627451,97
MOT20-05,1759,958,986,972,342392,9163b159a69e0a031a67e2c28abeacfc0a876905668a238d0bc406ca0cdb8a48,other_target,dual_retention_add,candidate,331626,3202546,972,0.39867955446243286,0.7214329443630371,0.624370256637338,0.8643031483847411,955,0.838532594805191,26,0.9965928449744463,664
MOT20-05,1760,958,986,972,342591,7fcc06fca866b8b2443ff31e83b82258e950d94160c1ac15fdbd5f9c5db8eaef,other_target,dual_retention_add,candidate,331758,3204993,972,0.7001368403434753,0.5867940292361986,0.5997587468435104,0.9096628290612156,955,0.9387533850823866,26,0.9965928449744463,664
MOT20-05,1762,958,986,972,342993,84955f9623d3b745c57b9200a443b40eefd9fc78c4740e91290cb4a9362daeb7,other_target,dual_retention_add,candidate,331920,3208772,972,0.7859677672386169,0.5837611735026875,0.5553099876778039,0.8856096618213837,955,0.9509425855709261,26,0.9965928449744463,664
MOT20-05,1763,958,986,972,343196,abfb0379d1d5410681858dcaab03c75e717bb1cba4609fa2474224f524079b38,other_target,dual_retention_add,candidate,331960,3210155,972,0.8305601477622986,0.6682853498638972,0.6142318808692869,0.8913423305720422,955,0.9101057891771163,26,0.9965928449744463,664
MOT20-05,1764,958,986,972,343396,be3bcadabcef1757f4f7fd71d630993a30b506090f18f682ed0d6e2afe078c18,other_target,dual_retention_add,candidate,332048,3212077,972,0.8433756828308105,0.6864144243127206,0.6612011951243691,0.8886810055201221,955,0.963503754828451,26,0.9965928449744463,664
MOT20-05,1764,1002,1344,1051,343425,e92ff616928c658d4cc5c5f57071139b6e1f011478769e0c6de0ab341f6791b5,other_target,dual_retention_add,candidate,332049,3212081,1051,0.6605291366577148,0.5438946205299927,0.5363112593594735,0.7414540117198216,983,0.8510463147392092,2,1.0,229
MOT20-05,1765,990,1326,63,343474,ee234b06e9f7b310126f56d21f3a7f07b421ea06c012eaca99e42ba736e85d05,other_target,dual_retention_add,candidate,332184,3214835,63,0.8308479189872742,0.5196604285561381,0.5196604258305678,0.7558425756218317,675,0.9999999939447722,4,1.0,51
MOT20-05,1765,1002,1344,1051,343627,e59137bbf8afcaf3259b2e983ce949a28c3bc5e2db4bed1df9678ffb701b4b7f,other_target,dual_retention_add,candidate,332134,3213945,1051,0.7256282567977905,0.6178999665990202,0.5688108175027569,0.7201039179261864,983,0.8708326213750558,2,1.0,229
MOT20-05,1766,958,986,972,343798,4619f1af7a41cd55858518b1fa88bd076d0179320e826ffa90ed395e16297102,other_target,dual_retention_add,candidate,332216,3215852,972,0.8369328379631042,0.7326404098373467,0.7326404227241102,0.8818072132997352,955,0.9999999805573566,26,0.9965928449744463,664
MOT20-05,1767,489,1269,1276,343964,e1468a8bc3a94b91cd9f3a6bdf818068c8f5741810fde643fa9706895ae1d390,other_target,dual_retention_add,candidate,332359,3219061,1276,0.10734085738658905,0.7085713891825158,0.540056202324331,0.9069861488282731,494,0.5173783312752299,12,1.0,137
MOT20-05,1767,958,986,972,343997,06c3eae3b530873f1c1485636e9e1555402752e519a378fa75e8c675936c315c,other_target,dual_retention_add,candidate,332290,3217621,972,0.8155059814453125,0.7641409915795155,0.7715414478310161,0.8535208357741673,955,0.9597260401598807,26,0.9965928449744463,664
MOT20-05,1768,990,1326,63,344075,5199fd1f97d77e2a5e2d3cabd26ba0fa3bf59fd348c53b94e7fd1280189b6127,other_target,dual_retention_add,candidate,332431,3220500,63,0.6847695708274841,0.5863838949755841,0.586383892633215,0.8785296162919161,675,0.9999999935958678,4,1.0,51
MOT20-05,1768,958,986,972,344195,9123606f9fedf47e037015719ebedbc6ce487cf60a3ed00f0e1ae91eb8d76ae7,other_target,dual_retention_add,candidate,332373,3219529,972,0.6690549254417419,0.7746963348367488,0.7746963314640216,0.8680217608994646,955,0.9999999871681862,26,0.9965928449744463,664
MOT20-05,1769,489,1269,1276,344361,320c289e7df637087e84e48fffc2740913ed7fb979084800ce6792d9f0eea39c,other_target,dual_retention_add,candidate,332492,3221883,1276,0.23872831463813782,0.7666032677857669,0.5207104460655738,0.8835333669066452,494,0.5311817506225172,12,1.0,137
MOT20-05,1770,792,905,1219,344534,9fff6e534c3adec8ca4451e5ef6669f0be61365021a929da91f557f5d54f68c0,other_target,dual_retention_add,candidate,332610,3224722,1219,0.8622605800628662,0.5480674542398186,0.5576213677068905,0.7410277011569721,509,0.9676192643597028,6,0.9344262295081968,89
MOT20-05,1770,958,986,972,344593,484b168bd4e348254cbc12d0753473b2b1c11883dc9bb4767ef84ac56b68970d,other_target,dual_retention_add,candidate,332537,3223323,972,0.8094040155410767,0.7620598418541735,0.7620598485224115,0.9281696356599468,955,0.9999999848705484,26,0.9965928449744463,664
MOT20-05,1771,792,905,1219,344733,e6a3136239393f0316ca3d72a08ae717e9d3c0192c45dd1a67d8fa3c5644931d,other_target,dual_retention_add,candidate,332689,3226542,1219,0.8515523672103882,0.6146189827475045,0.6146189807142968,0.7563187319390949,509,0.9999999961408853,6,0.9344262295081968,89
MOT20-05,1771,958,986,972,344792,dbb178454a8def0ebf8e6faeb9bbe699c3c475a92b6399cf76618a3a5bcefa65,other_target,dual_retention_add,candidate,332622,3225209,972,0.8258920907974243,0.7556412071976973,0.7556412033246392,0.9493117657672306,955,0.9999999786507512,26,0.9965928449744463,664
MOT20-05,1772,792,905,1219,344932,7f1dd53dfc83d08f3893ddf41f63b540b44ec61a31dd9f653f6592d7162f0a9a,other_target,dual_retention_add,candidate,332770,3228475,1219,0.8294624090194702,0.6673718599177364,0.6673718451375793,0.7458632967502224,509,0.9999999766899021,6,0.9344262295081968,89
MOT20-05,1773,1010,1342,1093,345087,33c4d629b136a0873979f279018f3c0d5f8486856b6121f7b5ca55e04c931454,same_target,migrate_replace,source,332833,3229716,1093,0.15999732911586761,0.7420772275869356,0.7829778177468184,0.7804424160825835,1011,0.7184671407227626,1,1.0,14
MOT20-05,1773,792,905,1219,345132,553636708bed4a50936c236663ebe9ff19d5d979ce54cbdd07f9f4148626ea97,same_target,migrate_replace,candidate,332853,3230355,1219,0.832018256187439,0.7778866637513686,0.7698675962101771,0.7430491625119475,509,0.9248184173718053,6,0.9344262295081968,89
MOT20-05,1774,792,905,1219,345331,ad24b5619ff7ae2b09c82d2684dd1b60db7cccc4d1e2614a900a79038eb3beb3,same_target,migrate_replace,candidate,332935,3232193,1219,0.8331947922706604,0.9079877897973967,0.8599316292612178,0.724016069209558,509,0.8802321062079825,6,0.9344262295081968,89
MOT20-05,1774,958,986,972,345388,bf00b7cba8bb626aedbb09e5440ad3b674fe49f7fa63e34b8776d8950fdf94c0,other_target,dual_retention_add,candidate,332869,3230888,972,0.8474416136741638,0.7596738317303963,0.7596738270741662,0.946096539713998,955,0.9999999913211066,26,0.9965928449744463,664
MOT20-05,1775,792,905,1219,345529,260c1a8aaea22a434a31697f0dab072ddee0b29da40b6f2e200e748a51f94c97,same_target,migrate_replace,candidate,332990,3233175,1219,0.8368757963180542,0.8788087744453131,0.8494345058225855,0.7486107188998288,509,0.9651573061803476,6,0.9344262295081968,89
MOT20-05,1775,958,986,972,345586,7fa5ed79cae055c3fbac1f8c6a975ded5dcdfc92ea309c99a7d6f5e9b2672942,other_target,dual_retention_add,candidate,332952,3232759,972,0.8482118844985962,0.7438041387609222,0.743804135788665,0.9013620224366641,955,0.9999999654901974,26,0.9965928449744463,664
MOT20-05,1776,1010,1342,1093,345683,ef662e1e09deb61f90ee516034350dbceea0a5b121f47156996eece39d5b9312,other_target,dual_retention_add,candidate,333087,3235342,1093,0.6073766946792603,0.7871097734476651,0.6102156397773615,0.6467825617419606,1011,0.7187955531907356,1,1.0,124
MOT20-05,1776,958,986,972,345785,dab8a1b547bb0ee33f2e4781ca5f44067b59911cc7a0b8bfec5c6df16a457065,other_target,dual_retention_add,candidate,333036,3234642,972,0.8464316725730896,0.7456680314871861,0.7456680295277235,0.9165324590337556,955,0.9999999831545564,26,0.9965928449744463,664
MOT20-05,1777,958,986,972,345983,bba889ac6605a3e5abe1cc8b3e33f9204d3d8e5bc7d755a10e9e9916a6db37d0,other_target,dual_retention_add,candidate,333121,3236525,972,0.8467040061950684,0.7468253837034833,0.7468253874053709,0.9393608881364172,955,0.9999999804274148,26,0.9965928449744463,664
MOT20-05,1778,958,986,972,346182,086acc2cd7d4f76944031592be50eee064607c5b5ebcd0fb63d4701e38fa4af8,other_target,dual_retention_add,candidate,333200,3238478,972,0.8496294617652893,0.7337505930371818,0.7361865904128452,0.8871690014701649,955,0.9709848961986354,26,0.9965928449744463,664
MOT20-05,1779,958,986,972,346384,7c2e7db46806665cc3e5f9cc92fd6fb1f06265f06e45684a823927efbfc999e1,other_target,dual_retention_add,candidate,333287,3240391,972,0.8485987782478333,0.69634467695737,0.7023372475982785,0.8900042021539015,955,0.9783707377910708,26,0.9965928449744463,664
MOT20-05,1780,958,986,972,346584,2b80375e061868d20e0814803a7a4e0e60827488fac34707f0de1a500d4d1971,other_target,dual_retention_add,candidate,333365,3242204,972,0.836117148399353,0.6815849144357217,0.6777813237712149,0.895694006218676,955,0.978296826560387,26,0.9965928449744463,664
MOT20-05,1780,990,1326,1357,346618,571e5ef0ee92528099ab97471a3ec808abd1c883a0cfa447f6af1c423355d22a,same_target,migrate_replace,source,333430,3243210,1357,0.82027667760849,0.7240069292103489,0.73300299116284,0.2545952235634807,473,0.9656825480407396,2,1.0,93
MOT20-05,1781,958,986,972,346784,510d56f073109c74d56374c62f83032a88673253f37f2de59d22453e8a2bc14b,other_target,dual_retention_add,candidate,333452,3244120,972,0.8380340337753296,0.6408587391589272,0.6408587358638095,0.9157920076777479,955,0.9999999861445075,26,0.9965928449744463,664
MOT20-05,1781,990,1326,1357,346818,89201175322f399918547854b242e8f85b4f294cf0d4cd1d8722068fe142ef7f,same_target,migrate_replace,source,333512,3245124,1357,0.8209697604179382,0.7930503600942588,0.8306355894644216,0.2103432945599559,473,0.9442353172324277,2,1.0,93
MOT20-05,1782,958,986,972,346985,de036ed4b620f28a3cf5e6eaf9d8e19c70fe46861ddd76fe28b0a01127e8ddb6,other_target,dual_retention_add,candidate,333526,3245909,972,0.2574070394039154,0.628829151890056,0.5676616620395801,0.9040740528347129,955,0.6239153927484806,26,0.9965928449744463,664
MOT20-05,1783,958,986,972,347187,1793c4d778a6a084e174c36fc87be1895cc861c8c688a38cd7b0f36ef7d64c4f,other_target,dual_retention_add,candidate,333663,3248525,972,0.3849133253097534,0.8063391326784572,0.5372436104377496,0.9161121261323474,955,0.586301267954399,26,0.9965928449744463,664
MOT20-05,1784,958,986,972,347389,bd64f1c565899109b34bfe131dae37c2f5d6b35ef3b4a508a6eaa256821122bd,other_target,dual_retention_add,candidate,333740,3250428,972,0.3577929139137268,0.821672660615462,0.5297354410231061,0.8874704860105922,955,0.577189484404041,26,0.9965928449744463,664
MOT20-05,1784,939,1360,1346,347410,1e92d70db5fd0ce01587ed0b241e5b8802574245c0683b4118902c768ec27308,other_target,dual_retention_add,candidate,333748,3250653,1346,0.7613348960876465,0.8633734237300212,0.6076947742847996,0.7874512277146622,943,0.7081468267722255,2,1.0,23
MOT20-05,1785,947,1277,1255,347550,73a415f18cf0da055e5eb73ab13cf58374e0ac72d875cb58623739aaf2031dab,other_target,dual_retention_add,candidate,333845,3252856,1255,0.17334748804569244,0.8376348701185532,0.5631414266510122,0.8911331454153529,948,0.5258319437110416,3,1.0,2
MOT20-05,1785,939,1360,1346,347612,822ce0f7744b7e9c4b9c964148ed475b65bc384d28e72d1866b100250b1857dc,other_target,dual_retention_add,candidate,333800,3252063,1346,0.8044490218162537,0.8254602565195539,0.6177565102691953,0.8030899334189018,943,0.7165229856544535,2,1.0,23
MOT20-05,1796,489,1269,1276,349810,cb0ee161345bd5cc158ef66a89f9299f0600eff983e7b9ccd29ba38e1f428cd8,other_target,dual_retention_add,candidate,334756,3274384,1276,0.48355451226234436,0.8930443918716243,0.5199144602972324,0.884262032750127,494,0.5511457260075033,18,1.0,153
MOT20-05,1802,473,1261,26,351089,60d1884b8cab052697ceeeacf743caed3146f55b7eeb6bf6bd911486803d5f42,other_target,dual_retention_add,candidate,335212,3284793,26,0.7766546010971069,0.52043610575837,0.5204360993265739,0.8116749027290981,425,0.9999999845204403,1,1.0,181
MOT20-05,1806,792,905,1249,351860,fe7b7095756d2bbb304e893eb834de6c381a60bfdcbf3b0749f5e4cd034203dd,other_target,dual_retention_add,candidate,335578,3293543,1249,0.18355970084667206,0.6592889795387958,0.5237996258574092,0.9213095970860208,504,0.6960832676642832,3,1.0,29
MOT20-05,1808,544,1352,1341,352335,2a3b89c28dbc7c5db7a721d5faf5a5926356b052bcdf5bb57f9f725321ff4e1c,other_target,dual_retention_add,candidate,335710,3296519,1341,0.420463502407074,0.8150178638519887,0.5697151473102858,0.8388514066683973,552,0.5479374230744268,4,1.0,102
MOT20-05,1809,544,1352,1326,352557,6e7a01a5e5a7909f9d9e3d200315dab2338a98cce59994a1c567b81e108b05c4,other_target,dual_retention_add,candidate,335823,3299171,1341,0.1210932582616806,0.7988846168757906,0.6875716531977553,0.8277043444455247,990,0.5577694132304186,4,1.0,102
MOT20-05,1810,544,1352,1341,352742,4798aa9c86ae005df08df43417d17cf11349ac9d600d8658d32689ad797b69c0,other_target,dual_retention_add,candidate,335906,3301085,1341,0.7958188056945801,0.6383793899589653,0.6235516015932855,0.7729102377565801,552,0.9432016069794377,4,1.0,102
MOT20-05,1812,403,1193,1,352979,38db0ac279f54d53e55106122d778c22a14c146dafee950d9a0c86f0050c8546,other_target,dual_retention_add,candidate,336076,3305346,1,0.8522041440010071,0.8648378105433773,0.70165829714137,0.9152491112686268,402,0.7053970997104357,1,0.9803921568627451,63
MOT20-05,1826,552,1341,1352,356119,20b66fecf57da1d7b5c3c5234b04df255c0108b77f4c4d08d01975128e029b04,other_target,dual_retention_add,candidate,337232,3332818,1352,0.7983998656272888,0.5267550877544812,0.5459983660035533,0.8304693679350835,544,0.9549839681620838,8,1.0,78
MOT20-05,1827,403,1193,1,356133,b41431421aa4c55a3967dd6d6e49121d6a24731bf45531c92f6f6c37a9a37846,other_target,dual_retention_add,candidate,337318,3335023,1,0.3765147626399994,0.844573791953762,0.7842077118764522,0.8416170194074768,402,0.9186479854642065,13,1.0,495
MOT20-05,1827,977,76,57,356140,60b9ba94d1f167ee6abec720a0b322d0b481cbc89f1f7dd3e4c4f23652700207,other_target,dual_retention_add,candidate,337270,3333976,57,0.8203086853027344,0.904953948058736,0.6812679154983722,0.7824202039491149,976,0.6966358946397877,1,1.0,577
MOT20-05,1827,552,1341,1391,356342,f483f48e318189c62142fd9a9561fcdb4efc3b3eea941654fab448c0d0ca0176,same_target,migrate_replace,candidate,337312,3334683,1391,0.3390195667743683,0.8488750022607802,0.8488749969729495,0.5920245906197873,544,0.9999999905616077,8,1.0,78
MOT20-05,1828,552,1341,1391,356554,b135d17de596d0e6e4099c85949943e29c541f0ab2753eb74c8e30689adaa88c,same_target,migrate_replace,source,337399,3336680,1391,0.7799751162528992,0.8574146388755994,0.8574146398110005,0.5467940145709048,544,0.999999987603088,8,1.0,78
MOT20-05,1829,552,1341,1391,356767,c8d49fc189a27d88a52b8a40305b9ec36d2a98d1244cd2a5390e53cfadf381ad,same_target,migrate_replace,source,337474,3338701,1391,0.6411738395690918,0.8357911559504386,0.8357911571102582,0.5138925055687023,544,0.9999999902380052,8,1.0,78
MOT20-05,1831,552,1341,1391,357194,acef4cec9942b32637b80b75afc00dfcab602181e4f200049edc5b1d9af7b692,same_target,migrate_replace,candidate,337643,3342676,1391,0.6180740594863892,0.8705375377745219,0.8705375350286777,0.5317165245748422,544,0.9999999821837484,8,1.0,78
MOT20-05,1832,403,1193,1045,357353,d7c94c3afbbc915696407d4b5b9714d5df47f20df279d115560677f0d577c251,other_target,dual_retention_add,candidate,337705,3344209,1045,0.7567971348762512,0.502006459085663,0.4856903249942925,0.9182882181628165,574,0.9643214145979478,13,1.0,495
MOT20-05,1832,552,1341,1391,357409,1b0f6b2ed9dc0a6f54094aa9ab3545d46684ef4b3d6f4593e52d7c622d89e88d,same_target,migrate_replace,source,337724,3344685,1391,0.5351051688194275,0.7947017365450779,0.8631477281316363,0.5666511503377525,544,0.9068560601174694,8,1.0,78
MOT20-05,1833,552,1341,1391,357624,ee82affc3cc4ddc0378cec4624a23a8b5106d1a623e2a27102ce224fe5254d3f,same_target,migrate_replace,source,337809,3346648,1391,0.745589017868042,0.7746540950447637,0.8443402054723413,0.5731549910343596,544,0.7593079246245383,8,1.0,78
MOT20-05,1834,403,1193,1045,357779,8290229e53c11f96af36064d74f4ab7f489a4f301206280b5c626639bd6a9fdb,other_target,dual_retention_add,candidate,337899,3348992,1045,0.8182761669158936,0.5471534093179763,0.5471534102051843,0.9100276284655597,574,0.999999993638695,13,1.0,495
MOT20-05,1835,403,1193,1045,357991,671acfae43cd5f955d249346ff34b4144565be0f5fa48ed5106ea75cdbcea2d5,other_target,dual_retention_add,candidate,337958,3350231,1045,0.8423188924789429,0.5977648164489202,0.5857113663808707,0.8931104146836903,574,0.9690289434563996,13,1.0,495
MOT20-05,1836,403,1193,1045,358202,4ad3b198947589d473602deac19896bccec8213f290c67e609ca2a565e6465c9,other_target,dual_retention_add,candidate,338042,3352210,1045,0.7327026128768921,0.6333717749086023,0.6378085694959523,0.8784179095629948,574,0.9553067207378088,13,1.0,495
MOT20-05,1837,403,1193,1045,358412,0c5a20132f5399481884452577f13a9db9aeec2267f21493d63dd00b51fad199,other_target,dual_retention_add,candidate,338149,3354898,1045,0.837928831577301,0.6530345999290406,0.6530345963381621,0.8702814846150363,574,0.9999999917667389,13,1.0,495
MOT20-05,1842,542,1328,1320,359460,922aadf53dec58d2bffa0308761b55db9aa11236592af90a529c23cc651b628d,other_target,dual_retention_add,candidate,338567,3365051,1320,0.12335792928934097,0.5929975209344049,0.4178114741717593,0.9326801937716264,745,0.5807166923897189,13,1.0,107
MOT20-05,1845,552,1341,1391,360155,f51f9bd15b2ac1bbe2917ddca60ff5f738b82f6ec336be563c2255eb46806d9a,same_target,migrate_replace,candidate,338803,3370278,1391,0.7096888422966003,0.7708986887653676,0.7708986878926726,0.3687214607768738,544,0.9999999937049481,1,1.0,14
MOT20-05,1852,473,1261,123,361580,487de5f808a3208fa71570f012d9b7099b83b357bdbfa572e73d0a1205e05d42,other_target,dual_retention_add,candidate,339385,3384312,123,0.28116941452026367,0.7416136838932268,0.4244000289695068,0.8605520663869969,427,0.5293706943218166,10,1.0,366
MOT20-05,1856,552,1341,1391,362465,cb53174a39e31de8786d63cb801d198fc6a7d5df4f9aa87d5dd5294ac790b53d,same_target,migrate_replace,candidate,339717,3392338,1391,0.687416672706604,0.7748548209300921,0.7748548192232118,0.36400970517562553,675,0.9999999859345898,1,1.0,16
MOT20-05,1858,962,1139,1137,362753,5f634bada6a06a68ef36a7b5af460804e9eb34a497b90490801aeabca68a57ae,other_target,dual_retention_add,candidate,339872,3396049,1137,0.4131460189819336,0.9173297347099124,0.5234036839593749,0.9096079303036283,1021,0.5393605703157223,5,1.0,339
MOT20-05,1859,552,1391,1341,363103,21c185d2c18f8a0e6c006aea292341c85dfe5b2ce89560b1b33e62ef63b882c7,same_target,migrate_replace,source,339963,3398276,1341,0.5209516882896423,0.6729426014568358,0.7142846927374304,0.38392401312628,675,0.9302785298630893,5,1.0,7
MOT20-05,1860,552,1391,1341,363313,6790c872ef449bc78df7a4884f25d86b2914dcb5cb4206a82a5a0d6b90c4457a,same_target,migrate_replace,source,340046,3400291,1341,0.8065495491027832,0.6260835785649759,0.6657254078212291,0.3154592321171511,675,0.9256213249449445,5,1.0,7
MOT20-05,1861,962,1139,1137,363385,21c4afe8d35c8cdc141f1749cea0ff3e4e74ff02baac5690f7f6ba842e222733,other_target,dual_retention_add,candidate,340078,3401418,1137,0.7393987774848938,0.5197140463210413,0.5311682957276389,0.8746898247597508,1021,0.9806608897296508,8,1.0,45
MOT20-05,1861,552,1391,1341,363524,6708b43e5bd387fdca8575602b8b52becd6d7db78d56481f71c2718f8216041d,same_target,migrate_replace,source,340129,3402340,1341,0.5634426474571228,0.70807717961751,0.7080771803778244,0.280228913308747,674,0.9999999872022138,5,1.0,7
MOT20-05,1862,962,1139,1137,363596,54ac985d42cc564d5e09c92c5a376d62d0f06abe7cc1441474d4c0ad2dc708e9,other_target,dual_retention_add,candidate,340156,3403338,1137,0.17741863429546356,0.8770863405850242,0.49055439319047356,0.8977149105147142,1021,0.5306894369794615,8,1.0,45
MOT20-05,1863,962,1139,1137,363809,7f391141e5f63607aa1cbaf85a12a7d6a5bcbb5b6b25391f987168091156c5a0,other_target,dual_retention_add,candidate,340285,3405994,1137,0.5225221514701843,0.7450151264118656,0.5020005219292053,0.9066690743979672,1021,0.6699110886954708,8,1.0,45
MOT20-05,1866,962,1139,1137,364438,ff2dc1945bfc85edf79672fdd0a21798061b26201706988d977355f3ba5b3681,other_target,dual_retention_add,candidate,340491,3411286,1137,0.2748740613460541,0.7579307985109497,0.5093627327521854,0.891954001470498,1021,0.5641327343620036,8,1.0,45
MOT20-05,1867,962,1139,1137,364646,9f23e1917175f45f40d9b8be4e60d548f8bb523ff582c58b54a28b1e3a079685,other_target,dual_retention_add,candidate,340618,3413916,1137,0.25349849462509155,0.7856552897778408,0.4811947821752015,0.8935821367560696,1021,0.5896880503126369,8,1.0,45
MOT20-05,1868,962,1139,1137,364853,d0a25f5c6cda0e0f093b249f77f14d2a90d4567e95117df0e7bfc19fff9acef7,other_target,dual_retention_add,candidate,340655,3415193,1137,0.28255394101142883,0.6381390746685834,0.4628750416325543,0.9066085927957807,1021,0.5161745694161035,8,1.0,45
MOT20-05,1868,552,1341,26,364932,ab24bdad2c43905e1b5f8823a2ed2514d0d3dbd117a97537e0de6ee7974299e8,same_target,migrate_replace,source,340684,3415574,26,0.6217698454856873,0.7012442264933202,0.702416628671205,0.6995815999509815,425,0.7102296531863301,5,1.0,19
MOT20-05,1869,552,1341,26,365138,90caee1d1225e6dbabe650d5e27cc38b64f2a19db5d78486f950e45db5c90aa1,other_target,dual_retention_add,candidate,340795,3418201,26,0.2664884626865387,0.7300737805465575,0.6680775359725749,0.7490415535231312,425,0.6205687157062763,5,1.0,19
MOT20-05,1871,552,1341,26,365554,8db4e6e99ebda7d2f7caf3c06f66c5070d9bd8c0e24999aa7ac50b36084d8267,other_target,dual_retention_add,candidate,340934,3421498,26,0.3384704887866974,0.6070422125983805,0.6633652022353188,0.8039230862374966,425,0.5047151649461252,5,1.0,19
MOT20-05,1872,552,1341,26,365762,30086f5b4370670cb81d7afb064c7cc345bc78d5532be02e64ad5b1caa49c1ed,other_target,dual_retention_add,candidate,341042,3424091,26,0.5634722113609314,0.652892124867727,0.6355723137204615,0.8659388566352497,425,0.79765827893697,5,1.0,19
MOT20-05,1883,552,1341,5,367924,9ff5c881edad9885f0047b9c3e1005b51075329de80eb77a7c076b2c5f3ade92,other_target,dual_retention_add,candidate,341957,3445787,5,0.8072696328163147,0.6833153679496251,0.7055037965147146,0.9172659443635782,433,0.9656545968704546,1,1.0,273
MOT20-05,1887,539,1410,1413,368952,dc224940e0851d110860e6c4ac9c2d5ff72e5d4963dd4dbe91289a53cd84acde,other_target,dual_retention_add,candidate,342297,3454209,1413,0.7673319578170776,0.5808701208089877,0.5808701206157068,0.7733791610570192,540,0.9999999922822794,2,0.8823529411764706,46
MOT20-05,1899,968,1258,1064,371277,841f56353947d8d1d231b6baf2c0cdb62b9057fb239ef1558a66cbc13c045400,other_target,dual_retention_add,candidate,343275,3476523,1064,0.705232560634613,0.5083376394036165,0.5083376357513577,0.5572360927544862,966,0.9999999911852464,20,1.0,203
MOT20-05,1899,1010,1342,1304,371369,608f6994d8b81a6e4491418c5bf8957f4bb520a2f12f142a0d9ffa6837ff37f1,other_target,dual_retention_add,candidate,343279,3476554,1304,0.66743403673172,0.865908961974354,0.6593661500428549,0.9101839779992894,1017,0.6878261045900287,1,1.0,300
MOT20-05,1900,968,1258,1064,371476,4f3b951b22c82c4b67bc6872c0532909cb23603c52f0ba245f916647230fa1b5,same_target,migrate_replace,candidate,343312,3477805,1064,0.3354083299636841,0.6342191573656649,0.5492079708326018,0.5302671507703094,966,0.719034885380516,20,1.0,203
MOT20-05,1901,968,1258,1064,371677,2a106ec714f9b70c93b991c43f3e4c55a127ad802ffb9dff092ee70a27a9355e,same_target,migrate_replace,candidate,343394,3479692,1064,0.2599513530731201,0.6478014793560362,0.5658258990997853,0.5210288789992343,966,0.6303667865204936,20,1.0,203
MOT20-05,1902,968,1258,1064,371877,03037d490f173aaf40ed4284c9254fc7c83228c7f7a7ed90839ef36506fdaee5,same_target,migrate_replace,source,343469,3481453,1064,0.6031244397163391,0.5977935650876527,0.5977935739971152,0.5124230124328581,966,0.9999999805820569,20,1.0,203
MOT20-05,1907,539,1410,1413,373019,e49bc4f7c614279a5fed148ac0d84705a8fd20b9657fb8eaf9c0f317c2dbe760,other_target,dual_retention_add,candidate,343958,3492414,1413,0.6135572195053101,0.5719797640102822,0.5719797588440343,0.6833679433203186,540,0.9999999844190474,5,1.0,3
MOT20-05,1908,539,1410,1413,373220,a412267c3ccdb02e247e07736d358049ecafc42fc52889d6245687f3dd18e09e,other_target,dual_retention_add,candidate,344040,3494301,1413,0.10351644456386566,0.7300001554702067,0.5971889043212893,0.6424236327663054,540,0.7518692011034291,5,1.0,3
MOT20-05,1910,539,1410,1413,373622,571c648beaa18f3a586f24ee5e2e09b9b929d04396bb8f76c946545d5831618d,other_target,dual_retention_add,candidate,344205,3498047,1413,0.7665700316429138,0.7270419239396052,0.6462507138571983,0.6544218252309465,540,0.8700922656575103,1,1.0,4
MOT20-05,1914,539,1410,1413,374427,a1ea82f31c72f9493ce6e4f04a58c90347a30d90ed91a5383a1b7c869b3d74d6,other_target,dual_retention_add,candidate,344538,3505563,1413,0.4266514778137207,0.9483282673832721,0.6970551456093009,0.7105637434963923,540,0.6903033307126162,1,1.0,20
MOT20-05,1919,1019,1446,1060,375294,44b8332ab85ff3851c0120c5fcf23328e8da112b722165463febe2d66276a0ce,other_target,dual_retention_add,candidate,344931,3514068,1060,0.8550620675086975,0.6029701444139851,0.6029701532918923,0.8523296922709405,1009,0.9999999838235928,6,1.0,71
MOT20-05,1920,1019,1446,1060,375492,2c3a902cc9ac065b38238f3b7d587de3b094a84a215574fde91691590289bfdf,other_target,dual_retention_add,candidate,344969,3515373,1060,0.6970266699790955,0.643930085267003,0.643930072549726,0.8313388863857933,1009,0.9999999782557485,6,1.0,71
MOT20-05,1921,1019,1446,1060,375691,7567bbccb12224a256745b5d94fae80820b8e06c8c520405eceb70f45a4cf142,other_target,dual_retention_add,candidate,345055,3517266,1060,0.8492211103439331,0.6984978351843442,0.7113009095234355,0.8515434539643537,1009,0.9624715782860293,6,1.0,71
MOT20-05,1922,1019,1446,1060,375890,585b49d4b068edd18efdf36cbcb1ab9fdedae156d2b1bd2e52d88fad1bc37d47,other_target,dual_retention_add,candidate,345136,3519110,1060,0.8546128273010254,0.61021093663661,0.6102109293566319,0.842500782137308,1009,0.999999986184009,6,1.0,71
MOT20-05,1923,1004,1078,1093,376087,74230a02ac6dac157c3be0aa73113c0cc5f2b664e6b7982fd9ad5a7659466bf4,other_target,dual_retention_add,candidate,345216,3520976,1093,0.5833165645599365,0.5754160723272927,0.6785525694116347,0.8779206645977522,1011,0.845990433376479,9,1.0,635
MOT20-05,1924,1004,1078,1093,376289,c28abf1f8d1b79a7c10a4204519c5b839874132f0f93be632ee29fcb24422633,other_target,dual_retention_add,candidate,345346,3523420,1093,0.76507967710495,0.7617487348320516,0.7070595737617491,0.8908069480450321,1011,0.9082258755596367,9,1.0,635
MOT20-05,1925,1004,1078,1093,376491,372ad3c86bf405d67cf9357c53da63e3a392220349148cb4d5147c5309270736,other_target,dual_retention_add,candidate,345380,3524751,1093,0.7931613326072693,0.7243333169938909,0.7353592742616178,0.8581145906856885,1011,0.9770037725428213,9,1.0,635
MOT20-05,1926,1004,1078,1093,376690,b210331e98a86a1a1538c1997577f8ed549d357c0bbbe25b7348d74af4ecfd16,other_target,dual_retention_add,candidate,345468,3526633,1093,0.8020934462547302,0.8073492892505324,0.768181223498747,0.8357233721175282,1011,0.94018383763486,9,1.0,635
MOT20-05,1927,1004,1078,1093,376891,ad2a0bcfb2dc39687048b8d2cd581043cc459edd56688139108e27a936f0a0b3,other_target,dual_retention_add,candidate,345551,3528500,1093,0.763347327709198,0.8164546680316686,0.7588302208060197,0.8322645747914273,1011,0.8805277974684181,9,1.0,635
MOT20-05,1928,1004,1078,1093,377093,a77b33570c016f81fe345f653b8cacb8f535adab77d2e7bd4c24d150fb60753a,other_target,dual_retention_add,candidate,345630,3530324,1093,0.6869497299194336,0.6657664621315174,0.665766477887524,0.8403068233740918,1011,0.999999973735372,9,1.0,635
MOT20-05,1930,1004,1078,1093,377497,563fb5db81f7ae392a8fd365cd4b45072ee90620e5cfb49186a92a742ca33a1a,other_target,dual_retention_add,candidate,345795,3534080,1093,0.6575883030891418,0.735158409484107,0.6558727327617085,0.8727544903379592,1011,0.8544315158772092,9,1.0,635
MOT20-05,1931,1004,1078,1093,377699,bf5071a5bdf54749271e2f34260b87cd58a43beaddda0ec5dd67c76a72dec474,other_target,dual_retention_add,candidate,345927,3536447,1093,0.6895943284034729,0.8070431042395831,0.6458959056603738,0.8842069384075759,1011,0.755873121830857,9,1.0,635
MOT20-05,1931,1008,1200,1275,377750,d5509562edc712759dd2e874e38c7a2fd90ba1c96ae42f423a1e7fd31cba4069,other_target,dual_retention_add,candidate,345926,3536438,1275,0.8486232757568359,0.6061461280966811,0.6040893102640099,0.7724366639246075,1006,0.9962664912790253,20,1.0,425
MOT20-05,1932,1008,1200,1275,377951,28992048f032f774daea2a4032a5af938e48880e13874639dacb8787927b4735,other_target,dual_retention_add,candidate,345953,3537699,1275,0.8677979707717896,0.5637786385147393,0.5621633961962084,0.8089545647310791,1006,0.9670575965079358,20,1.0,425
MOT20-05,1934,1008,1200,1275,378354,8a51b8a13a73298bd8a70a5b73a8d464d6e125ed37672cbe205c7cd9fac15fa5,other_target,dual_retention_add,candidate,346161,3542002,1275,0.18841971457004547,0.6724135129636466,0.4628112451992692,0.8476954844141977,1006,0.6135729461636795,20,1.0,425
MOT20-05,1935,1008,1200,1282,378561,ba2a2f83ee7d9eeebe92a52acbc37d605809859f9b5f6272659b018046acd93c,other_target,dual_retention_add,candidate,346203,3543309,1282,0.817039430141449,0.5385895307341988,0.5398602756419525,0.8612649148166289,1005,0.9580136531191182,20,1.0,425
MOT20-05,1936,1008,1200,1282,378762,a464a3282510d8ca2178a0c20ab6c289dc3038885acbf30d088508ad4b36ee72,other_target,dual_retention_add,candidate,346285,3545166,1282,0.8173011541366577,0.5685315670474363,0.5685315750522566,0.9017117422478447,1005,0.9999999824401539,20,1.0,425
MOT20-05,1937,1008,1200,1282,378963,676d7143b0212943f8840e141f244fc7a795dd3f071ac89293d3d0e629110cbf,other_target,dual_retention_add,candidate,346366,3547038,1282,0.8104053139686584,0.5466840797377397,0.5466840920909712,0.88820268761059,1005,0.9999999743802127,20,1.0,425
MOT20-05,1938,1008,1200,1282,379165,e9cd372ae4e81e6c75bc730c82685c955485e0a48b74cea547783ae51ec28775,other_target,dual_retention_add,candidate,346450,3548894,1282,0.8093804121017456,0.669811763608122,0.6539291791783903,0.8879917098323494,1005,0.9538926433321414,20,1.0,425
MOT20-05,1939,1008,1200,1282,379364,998244b019c7328757a422793ed08997e2c786331030bd4316c6570bad326de9,other_target,dual_retention_add,candidate,346530,3550718,1282,0.8331146240234375,0.6981757091916806,0.6981757157852795,0.8596780395885489,1005,0.9999999836031614,20,1.0,425
MOT20-05,1940,1008,1200,1282,379563,eec9358ca450e3c20b0d7b1500b77a77c5eaa9163bf2052ae15b4acde5734c0c,other_target,dual_retention_add,candidate,346613,3552599,1282,0.8210853934288025,0.7234618253388293,0.7234618315330776,0.8542668279375917,1005,0.9999999807775327,20,1.0,425
MOT20-05,1941,1008,1200,1282,379765,2aa288571d841b874f87ccdae5ec3aa92197ffc7a412fc8e0b1d1fc643f17e68,other_target,dual_retention_add,candidate,346699,3554440,1282,0.8183175921440125,0.741967291199887,0.7419672899623833,0.8820695045058533,1005,0.9999999894543603,20,1.0,425
MOT20-05,1942,1008,1200,1282,379968,4544303ab672d44850f43da62010d5a9eaf03077f50918d51f0dd1db81747cb7,other_target,dual_retention_add,candidate,346780,3556338,1282,0.7888219952583313,0.7523676823666188,0.7322340591510423,0.8471982907934351,1005,0.9277967124312646,20,1.0,425
MOT20-05,1943,539,1410,1413,380240,dd57387464a5e794bca37136e09ee228a89dcbd306dc41d539b5127d900b5817,other_target,dual_retention_add,candidate,346936,3559793,1413,0.41238167881965637,0.5887906834498401,0.5887906874580129,0.8884727324735235,540,0.9999999928093263,1,1.0,18
MOT20-05,1944,1008,1200,1282,380370,270faf97415d55e533287374080102266cd10a7a6128ca0c550296de1326e842,other_target,dual_retention_add,candidate,346943,3560130,1282,0.8026184439659119,0.6213614388253884,0.6194907685926642,0.8927565428402506,1005,0.955744203811002,20,1.0,425
MOT20-05,1945,1008,1200,1282,380571,9b19d8858d288475cbc5e45fbd3c6ef4dbccbf6dcf67065c7c227e9a282de3c0,other_target,dual_retention_add,candidate,347028,3562027,1282,0.787488579750061,0.6036890014003964,0.5915220666585586,0.8844587124033088,1005,0.9755975220659944,20,1.0,425
MOT20-05,1946,947,1277,1255,380758,5eafb40ef0f057a465545a75d26a2ef8b370fb672ac52619f7c430b47d123673,other_target,dual_retention_add,candidate,347130,3564171,1255,0.3707098960876465,0.8059243601113327,0.7279380321515889,0.8749992495615634,948,0.6337207483265088,8,1.0,193
MOT20-05,1946,1008,1200,1282,380772,2a10f26eca484a4c63e9127ab5ea81d307752607ff759836003bcef95c483d79,other_target,dual_retention_add,candidate,347110,3563920,1282,0.7858781814575195,0.5229845592595357,0.5315386194686986,0.9148826984808678,1005,0.970874576547474,20,1.0,425
MOT20-05,1947,522,1464,70,380884,c85e0c73eb3ab7590df6449de67337127321b6f8ce315273dd613f473957a339,other_target,dual_retention_add,candidate,347242,3566374,70,0.8672268986701965,0.5635809732512147,0.564723951994784,0.9628565123587555,834,0.9313115212642902,1,1.0,313
MOT20-05,1950,1008,1200,1282,381578,1ab28e8e922b080edb7050b32cd9422fcfd2c02e900213e7b989eb8ab12489f5,other_target,dual_retention_add,candidate,347444,3571485,1282,0.2736675441265106,0.6790959574683607,0.3823676148303878,0.890669534623791,1005,0.5252494934939935,20,1.0,425
MOT20-05,1951,467,1327,1312,381873,8e5b1535e631f3ced8c801d46d9e3eafe44a95cc86b2d6842a0fbbcd016c94a2,other_target,dual_retention_add,candidate,347541,3573543,1312,0.8227354288101196,0.7028976948506741,0.7028977014540972,0.8076369180559971,478,0.9999999859624362,2,0.9782608695652174,265
MOT20-05,1952,467,1327,1312,382073,0ba421f88cc970674ffeebc2f133e20c2b8424943121291d01acc6e4d6af017a,other_target,dual_retention_add,candidate,347620,3575392,1312,0.802106499671936,0.7468880651703237,0.7321243534928221,0.8095337036321731,478,0.9386309094369718,2,0.9782608695652174,265
MOT20-05,1960,539,1410,1413,383662,122fbe89cb5a275ceac0ed6d20b6f7e850f4bee23e6063430ab190b0b7dcc7e9,other_target,dual_retention_add,candidate,348347,3591713,1413,0.7126734256744385,0.5791308913146908,0.5791308936383109,0.6501625781331881,540,0.999999994643157,5,1.0,41
MOT20-05,1961,539,1410,1413,383863,144a3874dd6324214e33d3866d54895b450bcbf8da5296142774ceeb7151d310,other_target,dual_retention_add,candidate,348426,3593666,1413,0.3749856948852539,0.698566207755357,0.5209580617228726,0.6398691515624652,540,0.5262442294351095,5,1.0,41
MOT20-05,1962,539,1410,1413,384064,ca65d77d299b11a0411fc41884ea62e8e6a41ac8959f18e962c2aacdfb71942d,other_target,dual_retention_add,candidate,348508,3595533,1413,0.19365432858467102,0.6784577788293336,0.5894480899232697,0.7877721993223311,540,0.6685240302605634,5,1.0,41
MOT20-05,1963,539,1410,1413,384264,cff456007b18c60cdf853df70092aedaa773810758fff3e2ed09c09c776d8bc0,other_target,dual_retention_add,candidate,348595,3597282,1413,0.648424506187439,0.5389526953488508,0.5463190217025289,0.8031360970677445,540,0.9350553220611451,5,1.0,41
MOT20-05,1964,536,105,1417,384467,ca27fc44215f8fa4614be22a11cf717f9f0a9511d3149348cdd1dce3ded2cf59,other_target,dual_retention_add,candidate,348674,3599056,1417,0.2572604715824127,0.8912066313356334,0.4964012973493466,0.7837678825965625,429,0.5547798395205831,2,1.0,2162
MOT20-05,1973,1012,1359,57,386125,e6a2420517493b87161e5ba5902c19a14534aaf6d8b6b5dde181b596bf95a2a0,other_target,dual_retention_add,candidate,349352,3614594,57,0.7664564847946167,0.9141085303910791,0.8136602867210493,0.87758186312917,976,0.7596362810900583,1,0.9583333333333334,216
MOT20-05,1975,509,1219,1199,386580,499119b8f4284256f3f8fc72aef38e901eace953ba461f7d20ed7fb6a5f8a0db,other_target,dual_retention_add,candidate,349576,3619278,1199,0.12538893520832062,0.6746432202229354,0.4642527312759003,0.9583842953734475,507,0.5416691596670763,11,0.9923273657289002,393
MOT20-05,1986,535,101,19,388757,85db3509c11cbbeecad7d05ca7a151a0a483523d05ac4bb7ab98f553e15ac80a,other_target,dual_retention_add,candidate,350498,3640254,19,0.6729344129562378,0.8921033049473657,0.7114976806698075,0.9279767027402578,534,0.6986378183219308,1,0.984359233097881,2155
MOT20-05,1990,947,1277,1267,389629,56fc800fd75ca9beebf80d26fb0ef62aa4903115d77ca8dffb67f5c2fc203def,other_target,dual_retention_add,candidate,350779,3646458,1267,0.8339636921882629,0.5489550801345398,0.5358522301668647,0.847846432868412,950,0.9631803073281292,7,1.0,80
MOT20-05,1991,947,1277,1192,389803,5300d1de2ba2fdbc1f7cef1a6a933ede6dba1a07b3a2ddf66241aeecd24c2ea6,other_target,dual_retention_add,candidate,350901,3648715,1192,0.7228811979293823,0.6937501965581511,0.5748978132467067,0.8642886198211932,949,0.8262165281327725,7,1.0,80
MOT20-05,1992,947,1277,1192,389995,093cc27e7f5582597689c16f25e7c15722cf7d9768b5938adc1d5cece1585f6f,other_target,dual_retention_add,candidate,350974,3650492,1192,0.7120240330696106,0.7397417869181211,0.5897104812586301,0.8538051716745766,949,0.7913648983975666,7,1.0,80
MOT20-05,1992,539,1410,1413,390084,b0ce986a5a858783b679906c6dc47585b17f92c901fe0bb3ccbcd5dda9e05d5c,other_target,dual_retention_add,candidate,351000,3651432,1413,0.40549197793006897,0.5726372061056592,0.5956003917171904,0.6801601516167994,540,0.9104964148903315,13,1.0,44
MOT20-05,1993,947,1277,1267,390208,6ceb1b594ee2cb3f94d6a3a4a66d5b17cdadaa8cda43fa3c452c3e535fe85ebb,other_target,dual_retention_add,candidate,351018,3651834,1267,0.775754988193512,0.7157249448598012,0.6827503425215075,0.8370410582113856,950,0.9458459071454983,7,1.0,80
MOT20-05,1994,947,1277,1267,390400,93a31316409755dce9757cbb853bfd959f33e76b55d6cde8461f5452f491e7a8,other_target,dual_retention_add,candidate,351102,3653639,1267,0.8068466186523438,0.7248568469147572,0.7011291875653243,0.8362728653022538,950,0.966382364652605,7,1.0,80
MOT20-05,1995,947,1277,1192,390571,635b9951f771d85c4bda4f55f712214f3878c86aecabd17ee03698d28c260434,other_target,dual_retention_add,candidate,351181,3655419,1192,0.6337435245513916,0.8578416121214024,0.6269844031880082,0.8533083474884946,949,0.7273565229163711,7,1.0,80
MOT20-05,1995,539,1410,1413,390660,2ee44b19d0aa11379e90daead0d13a9475518dc54502cc88abee6007fd00b436,other_target,dual_retention_add,candidate,351250,3657045,1413,0.427768349647522,0.5335798457853345,0.5579431624092203,0.6023784715771132,540,0.936204414809716,13,1.0,44
MOT20-05,1996,947,1277,1267,390783,c68965eccc44d675e992918adccbad0d4a74be366ccda19e88cc2af577a9829b,same_target,migrate_replace,candidate,351266,3657242,1267,0.6971911191940308,0.8804099015682206,0.8183860883016606,0.7896130571510409,950,0.767749956866451,7,1.0,80
MOT20-05,1998,539,1410,1413,391236,65e27f4475613864b068140d72d16126f3b9d6c3b9d2df1ddd332cc3ed4d2630,other_target,dual_retention_add,candidate,351497,3662233,1413,0.6544520854949951,0.5957610383314185,0.5957610342842257,0.6973623749588104,540,0.9999999925675294,13,1.0,44
MOT20-05,1999,539,1410,1413,391428,66d5cc02a3420fc311180d4790dd8e5bfebb70ed6f4daa70da399d7586683c09,other_target,dual_retention_add,candidate,351580,3664108,1413,0.25336605310440063,0.7973916751209158,0.533896595721261,0.8525926246802314,540,0.5640735382430119,13,1.0,44
MOT20-05,2000,478,1312,1113,391512,81bfec42522d7b6f44b6a2b2bf8c89ddbdef426bd9881d8df0cf1791e551d95d,other_target,dual_retention_add,candidate,351602,3664527,1113,0.7650770545005798,0.8351155916106571,0.6941507338160443,0.8158943920980939,988,0.7090070054862507,1,1.0,184
MOT20-05,2000,539,1410,1413,391618,07460afba4b790167299a9c6a9b80a81e88963a3ceced97b59f05eb5264d9738,other_target,dual_retention_add,candidate,351663,3665837,1413,0.830353856086731,0.5234693867565837,0.523469387450523,0.9022651274540984,540,0.999999991674588,13,1.0,44
MOT20-05,2001,539,1410,1413,391810,1867e9355ecdc9153c7c7b0bc8864e003bda25ed651c802ca270b1ddf8fe4908,other_target,dual_retention_add,candidate,351747,3667727,1413,0.2880438566207886,0.802383772306419,0.5464832936059764,0.8713601501858966,540,0.5447772777166043,13,1.0,44
MOT20-05,2002,539,1410,1413,392005,d68adbf3453edb5c007c36a63660974edc6b9c6688cb698f3a3d0dd33021693a,other_target,dual_retention_add,candidate,351829,3669564,1413,0.4513297975063324,0.7549866534294914,0.5402757039829502,0.8685100544451918,540,0.5211005251612246,13,1.0,44
MOT20-05,2006,574,1045,1385,392771,8a020eb9602fe72529ccde480de7a7e5bc04278a365c8c963da1e19be1205bc7,other_target,dual_retention_add,candidate,352130,3675763,1385,0.14899790287017822,0.6015093137058617,0.4678285121041465,0.8260750670904101,792,0.7663521180516106,7,1.0,892
MOT20-05,2007,574,1045,1385,392963,9cad86016ffd90a422a9b3ba67c2bccfedecc020c19a6f669833157e0ebd15be,other_target,dual_retention_add,candidate,352233,3678276,1385,0.2563348710536957,0.7818383447939126,0.4333755845528197,0.8271966030730097,792,0.5397314273450741,7,1.0,892
MOT20-05,2009,574,1045,1385,393346,a6392b7f58ce8a3aa53b49ed48cc309119e0a30d0d37fa4784e18cb482fa2fe0,other_target,dual_retention_add,candidate,352399,3681883,1385,0.11176402121782303,0.6613717001941151,0.3601935535194857,0.8657334084382095,792,0.5144168010696982,7,1.0,892
MOT20-05,2011,574,1045,913,393706,7f10827c6de11c95c6ec5f80a3572358f69653f525f1ded96fbe54c98c3eb591,other_target,dual_retention_add,candidate,352538,3684805,913,0.8560616374015808,0.5273376012930127,0.5062362673942729,0.9239423082447639,791,0.9479995981803447,7,1.0,892
MOT20-05,2011,541,1475,1413,393735,5fb9a5182e42de75fdeae764349bd5cd10080c4e70b5151b211a5a3a2a82edc1,other_target,dual_retention_add,candidate,352571,3685767,1413,0.11990369856357574,0.5089680265422362,0.5089680272131039,0.7571457123453905,540,0.999999987912957,19,1.0,14
MOT20-05,2012,541,1475,1413,393926,fdc8611d89bc14bd4e2f1852c98fb3dc03edae50d36203ae4b4bcaabe0ea8164,other_target,dual_retention_add,candidate,352655,3687569,1413,0.21494613587856293,0.7141675021475644,0.39433722706483165,0.7131855919589083,540,0.5197140832816787,19,1.0,14
MOT20-05,2017,791,913,883,394764,5e364f79dc2606747d7070a8abfa810f13cd335bc58015e30d0b5921a8b97f6d,other_target,dual_retention_add,candidate,353060,3696343,883,0.7717519998550415,0.8244415610443708,0.6726629703689803,0.9114681500965552,720,0.7067540906485085,1,1.0,281
MOT20-05,2017,496,1409,1377,394866,829da99ab120021bbfac2de516d9af27303231e175961f1f934d23a361e30171,other_target,dual_retention_add,candidate,353056,3696085,1377,0.10481242835521698,0.9187487977872807,0.7037741613057297,0.9020023840906176,495,0.7636894897932847,21,0.9855072463768116,375
MOT20-05,2018,496,1409,1377,395056,5b52a458224c0ae494e4a6577ce91a829051826002a0d4e6af073aecca8058cc,other_target,dual_retention_add,candidate,353136,3697976,1377,0.691110372543335,0.7060815728516067,0.7155288465267959,0.8974287758945215,495,0.9742028026136561,21,0.9855072463768116,375
MOT20-05,2021,496,1409,1377,395634,7b8f7b51d056a8ea1827b6fab0521cac0f6b2f79e8c4d393d599f6c908a05f86,other_target,dual_retention_add,candidate,353380,3703275,1377,0.6736510396003723,0.7529070454997281,0.7243228609101863,0.9134715352685523,495,0.8923227603450409,21,0.9855072463768116,375
MOT20-05,2023,496,1409,1377,396018,8916a70b4bf336d3ea3acf10c0a6c5c52e197aef813bb53e51b429fca72f81c7,other_target,dual_retention_add,candidate,353548,3706824,1377,0.590835452079773,0.6906854908688379,0.68298144157167,0.8896327754422313,495,0.9197998227011771,21,0.9855072463768116,375
MOT20-05,2024,496,1409,1377,396210,1662cd23b57c937c8c359eba8a452ea77c0c71b8496c4df859eb5c9dc4fa0de6,other_target,dual_retention_add,candidate,353626,3708590,1377,0.7931756377220154,0.644837132221711,0.654083618219898,0.8479921164848117,495,0.9474894737955022,21,0.9855072463768116,375
MOT20-05,2026,541,1475,1413,396605,9af03bc2265a1215fb58bc02624d6a5a4427fb3b8dc140107d4db8bd0832c692,other_target,dual_retention_add,candidate,353809,3712652,1413,0.21237197518348694,0.696503555006548,0.3594745042351968,0.8094824931630312,540,0.5038784337608265,19,1.0,14
MOT20-05,2027,466,1109,1278,396740,968447a12318e71eb17dac35f64a5761e12c4ec51f25abc7d864982c522548bf,other_target,dual_retention_add,candidate,353830,3713069,1278,0.7655990719795227,0.7375861309286257,0.6541829898357033,0.7425271481603494,1015,0.8725865604767962,1,0.5930232558139535,173
MOT20-05,2029,466,1109,1278,397233,95eb378cb04b8c023bff6aea2c51971730d9580457826a08024e5660d2693728,same_target,migrate_replace,candidate,353989,3716580,1278,0.7092186212539673,0.8345144632573724,0.8119692744630561,0.6764989745697813,1015,0.9582498322406529,12,1.0,75
MOT20-05,2030,791,913,883,397257,25f2834959ed438ccbe97877c2a0379900d94ee45f4d99dea542737c9a504136,other_target,dual_retention_add,candidate,354103,3718729,883,0.8435824513435364,0.8995951038891259,0.6936430414716976,0.9296389375671369,720,0.711119831899789,25,0.9981203007518797,1076
MOT20-05,2030,466,1109,1278,397423,5545a669e795cd4ab44416f48fc782b09461f31b7169608c8560ccf3b7dc0920,same_target,migrate_replace,candidate,354075,3718354,1278,0.7545989751815796,0.8174581519580905,0.8138191220150033,0.6512065464223715,1015,0.9453446809959385,12,1.0,75
MOT20-05,2031,791,913,883,397447,f9193ee2d05a832d0af014c9474ce2ac6e68adb1dfd85b3535a85b3724341abe,other_target,dual_retention_add,candidate,354188,3720541,883,0.8312402367591858,0.8944220275008898,0.6948738233278535,0.9328461023453443,720,0.7320975259073269,25,0.9981203007518797,1076
MOT20-05,2031,496,1409,1377,397545,b7ab45cdbb6e64789ea72dae4a02e595010a82724fa2bd73cb34a9b9a631f8ea,other_target,dual_retention_add,candidate,354175,3720440,1377,0.36786767840385437,0.8613885935528868,0.4627235812409983,0.8830534456290019,495,0.5139677922988906,21,0.9855072463768116,375
MOT20-05,2031,466,1109,1278,397613,7b8974657a5425dcce3728599459489168a466f66d47910e9b44f3975d741e6c,same_target,migrate_replace,candidate,354156,3720154,1278,0.7843955159187317,0.7609747124589378,0.7562837672659963,0.6072177740904329,1015,0.9259711223147447,12,1.0,75
MOT20-05,2032,791,913,883,397637,27829659efa9fe247beac2c452bf9371de66b4bcabeaccdb5a136164d42314f4,other_target,dual_retention_add,candidate,354263,3722319,883,0.8291667103767395,0.9114891972177541,0.6995613651285355,0.9413529962646071,720,0.7423660270675284,25,0.9981203007518797,1076
MOT20-05,2032,496,1409,1377,397735,bf3a2698edba2ba9d0df8a2b22168480fd72f2f017de0e206e7242c640f5eb3c,other_target,dual_retention_add,candidate,354285,3722723,1377,0.347049742937088,0.7691993556486185,0.4446983700446595,0.8615490018577943,495,0.568730306326367,21,0.9855072463768116,375
MOT20-05,2032,466,1109,1278,397803,3e6d77a7e282ec51bf9721a4f910853841094079c2dc74ed27499a9a1b2e51c6,same_target,migrate_replace,source,354239,3721963,1278,0.3734499216079712,0.6223937172498366,0.6223937181959122,0.5924283743229538,1015,0.9999999951350846,12,1.0,75
MOT20-05,2033,791,913,883,397827,832396093abedd9071a79085ae1c896cafe32b85933317c727173600fe745dc6,other_target,dual_retention_add,candidate,354352,3724086,883,0.823546826839447,0.9130416517602528,0.7149502032558294,0.9224973289693948,720,0.741659553999103,25,0.9981203007518797,1076
MOT20-05,2033,466,1109,1177,397856,2019ed75de7183fa5d60af256f498c9358aca9d5934ca4638349dd615936dcbb,other_target,dual_retention_add,candidate,354327,3723768,1177,0.8643619418144226,0.5626467582257791,0.570933220210935,0.8532967535763368,471,0.9769877019306616,12,1.0,75
MOT20-05,2034,791,913,883,398018,1eb8eee93a324eb52af141fee1fb47d694f1271b7dfaf8f448f2290ac9e61273,other_target,dual_retention_add,candidate,354435,3725870,883,0.8314147591590881,0.9136112158316443,0.7150887521317962,0.9246030465574887,720,0.7706119748081153,25,0.9981203007518797,1076
MOT20-05,2034,466,1109,1177,398047,6d22a6334ee9cec974298fc3948870a8c6be4227b9b5b128286c99e596fc3039,other_target,dual_retention_add,candidate,354408,3725541,1177,0.8622679114341736,0.6564887388596978,0.6564887360935981,0.8767257350514156,471,0.9999999920681019,12,1.0,75
MOT20-05,2034,496,1409,1377,398115,f8f675390488c5888c8b36992e2573fac3bceaa8e93daac80dbc1c8948d27413,other_target,dual_retention_add,candidate,354449,3726219,1377,0.49470269680023193,0.7746751910969928,0.41126837659524956,0.8847583007534189,495,0.5191255356404536,21,0.9855072463768116,375
MOT20-05,2035,791,913,883,398207,cdce02a2759c455dcceae60f5eff125e82b86c2e8aa25eb927b8e619f1f3e265,other_target,dual_retention_add,candidate,354521,3727641,883,0.7985097169876099,0.9241578855740578,0.7114456083103396,0.9284386803077219,720,0.7445829873270896,25,0.9981203007518797,1076
MOT20-05,2035,466,1109,1177,398236,692322365065bc4ae392d9b87ea7cd11f462e6914b231dec36d4293a3140e4f2,other_target,dual_retention_add,candidate,354495,3727304,1177,0.8544087409973145,0.7333534739288459,0.7326867167741082,0.8578415515030187,471,0.9691896172455995,12,1.0,75
MOT20-05,2035,496,1409,1377,398304,76b88b25b6f423b4af5dc2fa4a7bb5837fd10319045a8f26d82d5df82d7d1841,other_target,dual_retention_add,candidate,354538,3727995,1377,0.42845192551612854,0.7343966590727844,0.39805705362520166,0.8858672397259515,495,0.5289758943604715,21,0.9855072463768116,375
MOT20-05,2036,791,913,883,398396,05af756b02bae6096663b1414b2f0e14d431e185e5a9282b82997f9a4effd785,other_target,dual_retention_add,candidate,354598,3729416,883,0.7987197637557983,0.8590067415012923,0.7193762635975943,0.9304225771075448,720,0.7700520180511177,25,0.9981203007518797,1076
MOT20-05,2036,466,1109,1177,398425,c3fd94e7d64beb85a8f7b44c755d06c43040b5f28f5c0b5d0cac6a085d8edf1d,other_target,dual_retention_add,candidate,354575,3729060,1177,0.8647177219390869,0.7835869805876127,0.7835869835762005,0.8816918642268374,471,0.9999999911805173,12,1.0,75
MOT20-05,2036,496,1409,1377,398493,5d26f17ca766b97d3832d262f480b73f12ac1c08be701d07aae860e6c45f0812,other_target,dual_retention_add,candidate,354615,3729801,1377,0.5007970929145813,0.6716254019520581,0.38573256013686,0.8677151107112262,495,0.559010827894663,21,0.9855072463768116,375
MOT20-05,2036,429,1487,1417,398507,3358282993623e63c8a074612d2294e43d1020d6ba3fcf721e134243ead5dc3c,same_target,migrate_replace,candidate,354632,3730161,1417,0.5128189921379089,0.8243974575308538,0.7084917101941554,0.6001606238824203,430,0.7961102321703589,7,1.0,435
MOT20-05,2037,791,913,883,398583,b635b91eb6d6559136eb0e362226a440c2c29338e91f1e92a8e24d399cf96c0f,other_target,dual_retention_add,candidate,354709,3731803,883,0.8338448405265808,0.7032411285236,0.7032411282254901,0.9500418405599423,720,0.9999999846839159,25,0.9981203007518797,1076
MOT20-05,2037,466,1109,1294,398646,e05b325f3f663602436cbd762deacb12224287339ed71c216bbcb21510806871,other_target,dual_retention_add,candidate,354646,3730715,1294,0.685650646686554,0.5426891244748634,0.5729834130287139,0.8805795541953192,1016,0.9446391089679768,12,1.0,75
MOT20-05,2037,496,1409,1377,398680,a1775e1ba710256cb1f2c6a890c15125a9d995c0d54670a8f9b9d5bf604085a5,other_target,dual_retention_add,candidate,354705,3731592,1377,0.3418995440006256,0.5303279339819543,0.3624565379304403,0.8786173331165129,495,0.6801958269644561,21,0.9855072463768116,375
MOT20-05,2037,429,1487,1417,398694,cd5742b4a2a874dfa01407186a6f6218eb20e45ac76a896a2c204249e4cbdb02,same_target,migrate_replace,candidate,354718,3731949,1417,0.7640295028686523,0.7481146196085231,0.7055577974293581,0.605791469180527,430,0.9139658021520527,7,1.0,435
MOT20-05,2038,791,913,883,398770,4935190ac990c38583e09aba1583c54e461e05c3546add5283c8b5c9d8913c21,other_target,dual_retention_add,candidate,354763,3732938,883,0.8350514769554138,0.8929664960637836,0.7482470328448169,0.9072493626522876,720,0.8283242371666183,25,0.9981203007518797,1076
MOT20-05,2038,466,1109,1177,398799,85ea0bf92ae2675624ccb723db28df510a6c3479273f389a8e0f2df51d8b27c9,other_target,dual_retention_add,candidate,354738,3732581,1177,0.8694385290145874,0.6547913151945599,0.6245567433343041,0.876052720562995,471,0.9421874646800467,12,1.0,75
MOT20-05,2039,791,913,883,398958,5b5b285c6d157fba4685339e1828204869aa70b422f0fdec4a366334538b5e5b,other_target,dual_retention_add,candidate,354877,3735338,883,0.8469149470329285,0.730678545979021,0.7306785475077862,0.9126392891576622,720,0.9999999917123771,25,0.9981203007518797,1076
MOT20-05,2039,466,1109,1177,398987,a38fc2492232d0a6576ee803ebca94b03278235b529eaedd729a9708a6cd5ae9,other_target,dual_retention_add,candidate,354824,3734354,1177,0.8384922742843628,0.5962487925906952,0.5803110168824855,0.8446475333366185,471,0.957912122199289,12,1.0,75
MOT20-05,2039,429,1487,1417,399069,957dccb511ba257675f56b0bb33b5d880e08989ae1264e9da3d4f9e1f2975a9e,same_target,migrate_replace,candidate,354883,3735532,1417,0.8167101144790649,0.7558131573585187,0.7558131571401742,0.600659221968478,430,0.9999999949639211,7,1.0,435
MOT20-05,2040,791,913,883,399145,82e741fefe6ad85ed20559f19ad40ee71793e1801ca195f6333facb07a6188ab,other_target,dual_retention_add,candidate,354933,3736425,883,0.8743977546691895,0.823515010694322,0.7781562824920544,0.8568772153100629,720,0.9446060156479222,25,0.9981203007518797,1076
MOT20-05,2040,466,1109,1177,399174,9f88957dc7c796f6cf5b868e282eecd65a12afc476803f69ca8c69ed34bd7f6a,other_target,dual_retention_add,candidate,354906,3736090,1177,0.7968432903289795,0.5240336541742387,0.5170395103437608,0.8344513688147411,471,0.9517168117232362,12,1.0,75
MOT20-05,2041,791,913,883,399331,09000ff580eaa886da33b53034b9dc52263f75b382ad699c2bef1214ba194a44,other_target,dual_retention_add,candidate,355013,3738188,883,0.8745097517967224,0.8076167167326086,0.768362944547046,0.8664433355588386,720,0.9463915658126756,25,0.9981203007518797,1076
MOT20-05,2041,429,1487,1417,399441,99e061c526f07ea62b4f4f4d9e7607665a5531194dc2bde555f5db1771bf9de9,same_target,migrate_replace,source,355045,3738954,1417,0.7933599948883057,0.731617167082814,0.7316171700458721,0.6380967984033667,430,0.9999999900849457,7,1.0,435
MOT20-05,2042,791,913,883,399518,a9390d15dbcae2bdb01306bc48e6fb3946a973c0dc331ef3c80d6955f5d9102e,other_target,dual_retention_add,candidate,355093,3739926,883,0.8905807733535767,0.7409622165946602,0.7306163362009472,0.8727784483605346,720,0.9742678394834515,25,0.9981203007518797,1076
MOT20-05,2042,429,1487,1417,399627,5847b966920bc2710c726e13b4a95b26f21e9c0d4b7756ddda0afff1f4502f3c,other_target,dual_retention_add,candidate,355128,3740732,1417,0.8111411929130554,0.8356282963460139,0.5022679686279249,0.7779998310232717,430,0.5978243207200222,7,1.0,435
MOT20-05,2043,791,913,883,399705,502425da5979125f4719fad6423c64b5ee32360dc77fc0aa1612adf440777171,other_target,dual_retention_add,candidate,355196,3742322,883,0.8831452131271362,0.7169490032039,0.7155095124495441,0.8907454385154069,720,0.9642809932978894,25,0.9981203007518797,1076
MOT20-05,2044,791,913,883,399893,3762a2b5ff7c659c5519c90d4c016a8e4f2fc85825f4ebbf1061fc595759b973,other_target,dual_retention_add,candidate,355281,3744071,883,0.8871735334396362,0.7154817358229325,0.7080003021122295,0.8872737860321435,720,0.9562987420912707,25,0.9981203007518797,1076
MOT20-05,2045,791,913,883,400080,b3945aa87aad6588180a1389afc43276840ae6a0c7a1f70681910f12963d1d3d,other_target,dual_retention_add,candidate,355336,3745164,883,0.8782240152359009,0.7348510487972999,0.7106490122350788,0.8881229326729609,720,0.9598930575258185,25,0.9981203007518797,1076
MOT20-05,2046,791,913,883,400268,16e3e8999a31f710227be800c4d31c04a37f09eed4c866d8651cf132c7ad44ed,other_target,dual_retention_add,candidate,355450,3747554,883,0.8776341676712036,0.6877111308709715,0.6974331363956097,0.8940091329543536,720,0.9672366718320458,25,0.9981203007518797,1076
MOT20-05,2047,791,913,883,400456,e587515e16aa9482fe568489807c5bc27197f23cf84660387395cf0a0427b9f6,other_target,dual_retention_add,candidate,355532,3749276,883,0.8777228593826294,0.6863766598262679,0.6944205963857986,0.9331132952618538,720,0.9688224370153027,25,0.9981203007518797,1076
MOT20-05,2047,426,120,211,400462,bce1fe1ec0ed8202609ab27838b723572b07fed5e2ce0afbb970a7cfafd08a78,other_target,dual_retention_add,candidate,355524,3748929,211,0.2080797404050827,0.6804625545489741,0.5529605892354424,0.8474311714001784,573,0.7997720275511668,7,0.9984984984984985,1159
MOT20-05,2048,791,913,883,400644,16afc97042025bd43cefdf42f6fe99d3164d16fc92936d6705aa5faa4f144e9d,other_target,dual_retention_add,candidate,355590,3750380,883,0.7936272025108337,0.73526396262253,0.6956445983071652,0.9006919686062521,720,0.9427428575768184,25,0.9981203007518797,1076
MOT20-05,2048,426,120,211,400650,2391ad057e3dac9c9161f417422800ceb65b71a0186f9e5cc785fe2a66fb96de,other_target,dual_retention_add,candidate,355569,3750233,211,0.11148723214864731,0.7591112544572685,0.5503069203995842,0.822427613422562,573,0.7129172781555383,7,0.9984984984984985,1159
MOT20-05,2048,430,1417,1487,400806,8969ae4821529e6a33e7bcafde275f7541828c8a43e367f8ed97f1bcdeefc352,other_target,dual_retention_add,candidate,355619,3751166,1487,0.8321748971939087,0.6340199073553238,0.6340199149631925,0.9242922000236494,429,0.9999999864735327,11,0.8128342245989305,198
MOT20-05,2049,791,913,883,400831,6bd5cdb1f7cf8005294384c6612183e354da4d15c4f7f9f485196f4bb4612882,other_target,dual_retention_add,candidate,355669,3752089,883,0.4167347550392151,0.7440820296236756,0.6978539523251939,0.922826924020105,720,0.9342543327849506,25,0.9981203007518797,1076
MOT20-05,2049,426,120,123,400908,ae0bce7c4f61d54d147a5b46c462b07e3ca3453a16ea92b6ae2b60ea574b2120,other_target,dual_retention_add,candidate,355689,3752419,123,0.36564329266548157,0.7067877105445951,0.6833865978159062,0.7654810650960951,427,0.6228128276425579,7,0.9984984984984985,1159
MOT20-05,2050,791,913,883,401016,b0dac4205894e6dc319a5b27baffa2444827c7800fae5afc40238f99b22c07c1,other_target,dual_retention_add,candidate,355752,3753836,883,0.8130626082420349,0.7390121449054152,0.6970666039676683,0.9198745088977373,720,0.9412073251259165,25,0.9981203007518797,1076
MOT20-05,2050,426,120,123,401093,5b68f1d6dc618eaa9e084048aadcb716790b7e58f5b511fb15c438d17ccb523b,other_target,dual_retention_add,candidate,355765,3754096,123,0.48165223002433777,0.7062059075264971,0.6825029933135964,0.7760052142934805,427,0.5512972499030435,7,0.9984984984984985,1159
MOT20-05,2051,791,913,883,401201,4a8e81a175d1b005fea2a55d7acafbfbb580309876ae24755cc52a19cbe02f50,other_target,dual_retention_add,candidate,355833,3755537,883,0.6550453901290894,0.7188973943414673,0.6890301703867542,0.928135874694883,720,0.9551311994953398,25,0.9981203007518797,1076
MOT20-05,2051,426,120,123,401278,18dbd50388815957a8ec11a4a73b211551d1fa11ac62e95667b7ed115d93bbfb,other_target,dual_retention_add,candidate,355849,3755849,123,0.19407883286476135,0.7278305253203262,0.6622518974492667,0.787395082725072,427,0.6038537794671319,7,0.9984984984984985,1159
MOT20-05,2051,430,1417,1487,401361,83fbb694f3b62e6826ca0f2e914b424d00162ab063f31a0364518387c17ffd28,other_target,dual_retention_add,candidate,355867,3756310,1487,0.6976455450057983,0.6017075003556289,0.5836635175124931,0.8501374686048093,429,0.9664367403760179,11,0.8128342245989305,198
MOT20-05,2052,791,913,883,401386,ae77234d63b941b5450b400a06b07a780f6c9c5de120831c0ed4f282807bad55,other_target,dual_retention_add,candidate,355942,3757927,883,0.7309138178825378,0.7197613544006607,0.6891320902255648,0.9173911795409206,720,0.9554633045410981,25,0.9981203007518797,1076
MOT20-05,2052,426,120,211,401392,f2640815075cff8fefde914202775aedb32cc824241d4be9059ddf2fba4036e4,other_target,dual_retention_add,candidate,355894,3757108,211,0.66178959608078,0.5676589272212705,0.5676589315322199,0.8619700572493499,573,0.9999999856729733,7,0.9984984984984985,1159
MOT20-05,2053,791,913,883,401571,14ba467ec252b6d5a77242f764b8aab92ba9326ff134a5350e74507660ecfee2,other_target,dual_retention_add,candidate,355998,3759024,883,0.7333729267120361,0.7248499207395575,0.6989008758436904,0.9178685971175513,720,0.9643295185016475,25,0.9981203007518797,1076
MOT20-05,2053,426,120,123,401648,f0bc09f07aca09b9fee8a2696a2df0a0ca6dc703f53ea9aaed7fa98a214f056b,other_target,dual_retention_add,candidate,355984,3758867,123,0.24185612797737122,0.888987932453085,0.6704707102669997,0.8043624492552937,427,0.6026437351276352,7,0.9984984984984985,1159
MOT20-05,2053,430,1417,1487,401731,abe2c3dd9f0a4f5b1c34e367e7650d735b57a54b8933ca7f48f4213e464930b5,other_target,dual_retention_add,candidate,356028,3759807,1487,0.7474882006645203,0.7577091317626392,0.6189485764512731,0.7964977666595772,429,0.805685986283701,11,0.8128342245989305,198
MOT20-05,2054,791,913,883,401756,e242d5f644cb46187a79a22cce63bde49f91cc66ff2960408c404d15593adcce,other_target,dual_retention_add,candidate,356086,3760769,883,0.8664646744728088,0.6609577048646322,0.6609576950493392,0.9561144647220085,720,0.9999999766551104,25,0.9981203007518797,1076
MOT20-05,2054,430,1417,1487,401916,f6b65bba906ba805996d07c8cdd3bde16b3cdc342913dc33524746b5690b07e4,other_target,dual_retention_add,candidate,356112,3761558,1487,0.7378654479980469,0.6957064223054188,0.6300782822913582,0.800156744859904,429,0.8959941969935779,11,0.8128342245989305,198
MOT20-05,2056,430,1417,1487,402287,b749aec95fd24a7a51f0c4a1f68ebe1f80763b1fb40d261342073b260ee5fde2,other_target,dual_retention_add,candidate,356273,3765040,1487,0.8224576711654663,0.6749531199978785,0.6749531278217549,0.7925514298393789,429,0.9999999876354572,11,0.8128342245989305,198
MOT20-05,2057,430,1417,1487,402474,15cf3c0a17213b2947394a6e31b057c3123c3e4aadfee3b149aca3d0bdb2bcab,other_target,dual_retention_add,candidate,356359,3766789,1487,0.7160255908966064,0.8454337710716471,0.6779959056936538,0.7908007400312792,429,0.7916410398699549,11,0.8128342245989305,198
MOT20-05,2058,430,1417,1487,402662,5b41783641a231ccc39f3080c5e126d073f1c4cee72b0b040b83f62aac7d1419,other_target,dual_retention_add,candidate,356438,3768557,1487,0.7904594540596008,0.8687914416712227,0.6967786061980127,0.8483718229244842,429,0.7825985493431071,11,0.8128342245989305,198
MOT20-05,2070,430,1417,1487,404924,a60248360dbe8597d2a563440afbb9dff88408521db27fefe36ec78982b8d202,other_target,dual_retention_add,candidate,357418,3789478,1487,0.7376840114593506,0.8129424902577457,0.6705043894954353,0.8710568228228037,429,0.6673996730097187,1,1.0,360
MOT20-05,2128,452,1289,1307,415706,c669d843eccd84e5d2d89551076330aa524774e2d7bbe20650da0cde2e483120,other_target,dual_retention_add,candidate,362146,3890390,1307,0.7965109944343567,0.5183415274356321,0.49919911449845944,0.8290686257678355,450,0.913339354293968,3,1.0,464
MOT20-05,2129,452,1289,1307,415893,45dfdbcf4704955950b61d0429a175c5d7399b07717364c619956b7890db6a3d,other_target,dual_retention_add,candidate,362262,3892577,1307,0.3482319712638855,0.7182964935191287,0.4939398814800794,0.8616433708659322,450,0.6255625029527564,3,1.0,464
MOT20-05,2133,555,127,134,416603,1c7a108cc1b9c94d02a2d0ed684a3d81e5f8685eb5a910ded840004251842702,other_target,dual_retention_add,candidate,362609,3899948,134,0.3959926664829254,0.8816518406467937,0.693303671694245,0.8438181728589821,554,0.7361837883676572,6,1.0,2107
MOT20-05,2133,452,1289,1307,416644,270348f0d67a4fcc39dc8eb1f6d52fe96a5fa3c1ddcdf94338f39e5e5124f76d,other_target,dual_retention_add,candidate,362566,3899175,1307,0.8045918345451355,0.6080860459350311,0.5469493598056596,0.9308341296255537,450,0.7854427615281775,5,1.0,128
MOT20-05,2134,555,127,134,416790,7532cd185df812192bbc796757be30501a8114a14e6add31ecd37a6e00ab7238,other_target,dual_retention_add,candidate,362689,3901735,134,0.4990242123603821,0.8923208309838071,0.6762980368397635,0.8516628866355346,554,0.7105155689745714,6,1.0,2107
MOT20-05,2134,452,1289,1307,416831,ddba005f53864345673040a2743908131d6a0f1c08c98b6cf7f206d46278b362,other_target,dual_retention_add,candidate,362645,3900948,1307,0.8175577521324158,0.6260845913240324,0.5739159886016033,0.8950716298313982,450,0.8332846954610413,5,1.0,128
MOT20-05,2135,452,1289,1307,417018,062d9ff65e80f0758669fa591f47f7bd92395b4bd2c32011d288d12da10656ea,other_target,dual_retention_add,candidate,362733,3902736,1307,0.741974413394928,0.6162079350232705,0.6162079388890385,0.8174297306344442,450,0.9999999839450782,5,1.0,128
MOT20-05,2136,452,1289,1307,417207,7ed15785b19a9d6ee4bf96bc7ef37ec1232a507a4b828501c22e7070e3b04b3e,other_target,dual_retention_add,candidate,362814,3904480,1307,0.7970138192176819,0.676285578418434,0.6762855707652896,0.7605081640737122,450,0.9999999877433576,5,1.0,128
MOT20-05,2137,452,1289,1307,417396,51fb3ea3275ae13b7f0580fb8b2bd11bfb544fc4497c3b7c631b71f0036124d5,other_target,dual_retention_add,candidate,362898,3906236,1307,0.8096297383308411,0.6678883267011692,0.6678883316300749,0.758242886045543,450,0.9999999913187616,5,1.0,128
MOT20-05,2137,571,1262,1045,417468,7b99b31bf37bea3faefe86f7e044ba0a0958351fe14c94aca4535ca03f1edde2,other_target,dual_retention_add,candidate,362936,3906994,1045,0.8165781497955322,0.7373381156065228,0.555912903450773,0.8694222827797232,574,0.7365466136352764,1,1.0,805
MOT20-05,2156,523,1402,1528,421074,21c58b77f65fa68fbb49ca64fc3d806c64990299de9e694dee38220f503d2231,other_target,dual_retention_add,candidate,364490,3939808,1528,0.8388234376907349,0.7603747117625131,0.6573150886128014,0.8316660341699453,877,0.7018057406984751,1,1.0,542
MOT20-05,2157,541,1533,1566,421283,e6f2a059dd5568ca11b7b10df965200d90e0ee0039931f75afe179d814b2d26f,other_target,dual_retention_add,candidate,364593,3942478,1566,0.22874481976032257,0.8434862201131634,0.7605708760833889,0.8899244182560745,394,0.8544580293102413,2,1.0,116
MOT20-05,2158,886,1498,1379,421385,e6b5c7f85673db86453cc4aae6e4a6714c195c582e51863a8626ae6be076a392,other_target,dual_retention_add,candidate,364658,3943408,1379,0.22927337884902954,0.7097912813265642,0.6822878025374555,0.8312344146000291,527,0.9063045546638369,1,1.0,1315
MOT20-05,2160,878,1490,1413,421759,3fb35b674ccdca964623e0f2fed30aa2381ab8e8a111b14dfa8e6923ef4b527f,other_target,dual_retention_add,candidate,364810,3946758,1413,0.19115668535232544,0.7108122413632155,0.4862365780730171,0.7989333001853469,540,0.5971531658181058,13,1.0,1316
MOT20-05,2162,878,1490,1413,422132,3db80ae5e72a41476571a23c9a63fce036a8a8fb13909cf104899fa3b314deef,other_target,dual_retention_add,candidate,365007,3951286,1413,0.6728889346122742,0.5371151176719701,0.5371151285326412,0.8322659686519854,540,0.9999999845101843,13,1.0,1316
MOT20-05,2163,878,1490,1413,422318,f8ef5097d2e8ff5a954723b46247765df72510f022a8815f80fcf8875485dab8,other_target,dual_retention_add,candidate,365088,3953012,1413,0.54481440782547,0.5603718457521422,0.5400630639773947,0.8616900703265765,540,0.9599030015471723,13,1.0,1316
MOT20-05,2164,878,1490,1413,422503,9215dc94c5d2e881c0d43c7fe18d9034f632d3e0c3c0f6c9340b8499eb404505,other_target,dual_retention_add,candidate,365176,3954895,1413,0.6463503837585449,0.7544309999710482,0.6516783239509141,0.7660468498642183,540,0.8555843989632036,13,1.0,1316
MOT20-05,2165,878,1490,1413,422689,d693a5768756e187786fcc75a8f7556aac9194941d8d713c24ba3defbff6fc21,same_target,migrate_replace,candidate,365231,3955528,1413,0.3972577452659607,0.9203961072087792,0.8124563894771639,0.6318079983173752,540,0.7713642061912288,13,1.0,1316
MOT20-05,2209,510,1227,1515,430853,a84a17513c4eb5073bed153ff6078275739c6442fc375ba4a4fbcc46041cdfe7,other_target,dual_retention_add,candidate,368816,4031361,1515,0.7228484749794006,0.5634372396512096,0.5083649872005657,0.8763863632845484,509,0.797778488481074,1,1.0,635
MOT20-05,2222,510,1227,1515,433242,f1f76c3161fe19bf7fab920945a9d86ae10abccca4c2b7ae11a3b13594097ab9,other_target,dual_retention_add,candidate,369877,4053741,1515,0.7156525254249573,0.8095756015322014,0.6955429980062702,0.8335068700670337,509,0.7432112587197478,3,1.0,83
MOT20-05,2223,510,1227,1515,433423,c0c02cdc676e2fa4cf64d8a7e6f08d74238e59e2c67516f7340e2953cc22ef96,other_target,dual_retention_add,candidate,369963,4055428,1515,0.49159422516822815,0.769901643487952,0.7580854128237011,0.8214182519717448,509,0.8242055134589963,3,1.0,83
MOT20-05,2224,510,1227,1515,433604,7261d2e386ac2acf4af334c56b5bdbe30e11aed0ac983c40eb3eced286ff7141,other_target,dual_retention_add,candidate,370045,4057187,1515,0.42122703790664673,0.8228666678770599,0.7634972435891196,0.8158857101349059,509,0.7593960300393229,3,1.0,83
MOT20-05,2226,926,1356,1373,433924,83ee5610f5bbf54244abd39f3db0a073d99a4ff6fa21cef8e0a1c4a4891cb69d,other_target,dual_retention_add,candidate,370259,4061342,1373,0.6330223679542542,0.7527017842783268,0.6640514719987751,0.893186578702908,400,0.7073433670336338,1,1.0,1454
MOT20-05,2235,448,1463,1298,435566,4ffb72e9fe9ef5d27b875b7c024b894245ab4a1bd68987d1b108f4366da050df,other_target,dual_retention_add,candidate,371003,4076883,1298,0.7877024412155151,0.6230886706123357,0.6230886721371168,0.8826338587764846,642,0.9999999911188453,3,1.0,331
MOT20-05,2242,506,1250,1232,436846,125216c53fbd117193ac6747d01fc4a33888af539a940278b1fd3c07e8b8bcf1,other_target,dual_retention_add,candidate,371514,4088032,1232,0.7347514629364014,0.6428813892693476,0.5521888305568183,0.8817395538983448,515,0.788727958433949,7,1.0,669
MOT20-05,2247,505,1638,1232,437759,2488710f01ed87bfafadad5b29f9c94cbce3c3aaea9f40ea21514a29648c45b9,other_target,dual_retention_add,candidate,371928,4096658,1232,0.6966437101364136,0.5039996846238777,0.4897810639508145,0.7475078557097534,515,0.9376086182678169,19,1.0,18
MOT20-05,2248,505,1638,1232,437941,c88444b260df2c9a35f02a455b7e751e3336e894cde123003cee2b52addcdc03,other_target,dual_retention_add,candidate,372010,4098337,1232,0.4084557294845581,0.5866828648684073,0.5866828658623168,0.8566519534361999,515,0.9999999906319293,19,1.0,18
MOT20-05,2248,444,1467,1298,438079,f6b1da4e14612223a8793f6e73b9c3b97c86738e10ac45649c9ff5c1a357e3ae,same_target,migrate_replace,candidate,372074,4099263,1298,0.6282410025596619,0.782341008559419,0.7132583280552323,0.5886847402605769,642,0.8903030412905065,1,1.0,301
MOT20-05,2249,505,1638,1232,438122,01de881b485d01782cd8b591ca399cf93f0d1ef0c8f702324791f8e5561f6f33,other_target,dual_retention_add,candidate,372091,4100043,1232,0.7143206596374512,0.5335538287971613,0.53355383151613,0.8497304603856854,515,0.9999999852850773,19,1.0,18
MOT20-05,2250,505,1638,1232,438303,6c6316bce7b3c493d2a9e1632859ece783a4e550d90950c603d513ccb816063c,other_target,dual_retention_add,candidate,372223,4102224,1232,0.812812328338623,0.5112324047200978,0.5112323991038192,0.8526387987798769,515,0.9999999889752509,19,1.0,18
MOT20-05,2260,522,1464,1417,440173,343736b3c5c10aadbb2543cff43b6a59a5bfc37b6e62bfbca9bdbc88116f9def,other_target,dual_retention_add,candidate,373009,4118680,1417,0.8720638751983643,0.6290155184211127,0.6398710423940085,0.8509415588736354,430,0.9775501191946208,8,1.0,326
MOT20-05,2261,522,1464,1417,440350,78ad3a3cad7ae78c1daefd2bdbc075d1de4e6a6db9028ee4862031f3b844efa0,other_target,dual_retention_add,candidate,373092,4120317,1417,0.8134453296661377,0.6837645340767399,0.6837645337457698,0.8800303751640624,430,0.9999999971475513,8,1.0,326
MOT20-05,2263,522,1464,1417,440698,6c4d9b08b94fcc8ac84253032e5e45be18a880850abf74d63945aa6cebae6d3e,other_target,dual_retention_add,candidate,373253,4123563,1417,0.666887640953064,0.7490193661110393,0.7652211268306363,0.9151009206376263,430,0.9580543321949733,8,1.0,326
MOT20-05,2265,522,1464,1417,441042,dbce621d4f1133f9a4aa2824fbeb97b50644a18a3930a655c745caa2d3239d3f,other_target,dual_retention_add,candidate,373455,4127182,1417,0.14025920629501343,0.7778031656274632,0.7155201188459043,0.9143265372310725,430,0.7124954085680001,8,1.0,326
MOT20-05,2267,522,1464,1417,441387,04695bb707bfb685f6fc84deb62776c3d763f2831454e939307eafd6c8b11dda,other_target,dual_retention_add,candidate,373582,4130115,1417,0.3765219449996948,0.7372900790942284,0.6950394067724557,0.9022820112830116,430,0.6403907182919617,8,1.0,326
MOT20-05,2267,532,1570,1607,441422,7a21ac084d48d1e07219053274cb69b5b1be48536f4af2f01d8018e998ad99bc,other_target,dual_retention_add,candidate,373612,4130455,1607,0.320611834526062,0.6755791415796142,0.41952743008590704,0.8838597821598596,530,0.515460856604808,5,1.0,123
MOT20-05,2276,918,1517,1431,442946,705c40caa2059ca75e0c5e0cd827c83352d479cb3e07dfa0bba44b669217e229,other_target,dual_retention_add,candidate,374359,4145497,1431,0.7589948177337646,0.5058283445522227,0.48721824629281374,0.7152196196490569,412,0.9640752416279078,11,1.0,258
MOT20-05,2277,918,1517,1431,443124,aae674c27aa29caa6102222106122d332cafd56e6d913cb83316d97420c0e523,other_target,dual_retention_add,candidate,374438,4147019,1431,0.3602844774723053,0.84798906664525,0.4863273881894146,0.7225985591318775,412,0.5645418850490163,11,1.0,258
MOT20-05,2278,918,1517,1431,443303,f8ee1ae72dae08fe787eae6fa546d1907ab1a0d57c8238bafeff2728ddabacd2,other_target,dual_retention_add,candidate,374515,4148667,1431,0.3571670949459076,0.8624074543567187,0.48358081303034267,0.7216937421359376,412,0.5510191686898166,11,1.0,258
MOT20-05,2280,452,1289,1307,443636,43bb8739b8b4b6b65777e033ab9b40776c43859d3b41a4c107f6e79c992648c6,other_target,dual_retention_add,candidate,374679,4151898,1307,0.8429705500602722,0.523760922327762,0.5085453039776415,0.8548306485717576,450,0.965409311306996,19,1.0,142
MOT20-05,2280,918,1517,1431,443661,41f1e8ec37cc29621b966d84e7980ef356d2c5a21c2bfd4de59e24fe3594bde7,other_target,dual_retention_add,candidate,374681,4151940,1431,0.5148549675941467,0.7476526445157962,0.4844767646145998,0.7119090745210996,412,0.5831049937283823,11,1.0,258
MOT20-05,2281,918,1517,1431,443838,51843ca6a29de08b6a37a5aacfac1e7ac623b602ef3d058f66212977bec83506,other_target,dual_retention_add,candidate,374769,4153585,1431,0.845353364944458,0.5178678975808655,0.5091017404971512,0.6531330318530729,412,0.9741378049106333,11,1.0,258
MOT20-05,2282,554,134,104,443945,0981101beaa4b6be9e0c8e6e61ac50e3c97fbbd220afb53ced021f1a51ff154e,other_target,dual_retention_add,candidate,374864,4155815,104,0.625471293926239,0.7055709235448228,0.5245154063005656,0.8444699112722429,557,0.727614689832065,1,1.0,1238
MOT20-05,2282,452,1289,1307,443989,00004e72efa12cdc0d57302321cc174126e02e7bf388cf1056c2084c0f8e523a,other_target,dual_retention_add,candidate,374849,4155135,1307,0.6581637859344482,0.5381060402890342,0.5493677895295108,0.7735763479595018,450,0.978840047214937,19,1.0,142
MOT20-05,2282,522,1464,1417,444044,7291f7faad623e24bdded2093a4a46bc26344e1bd4b63634daad451541959b60,other_target,dual_retention_add,candidate,374848,4155133,1417,0.7362614274024963,0.8100378840769543,0.7245280231171347,0.7712333630180781,430,0.7720275182574096,1,0.8547008547008547,131
MOT20-05,2283,452,1289,1307,444162,5c505312fab1b63aa271c8bf927490b8e52cd0095f363516b13667e04ba09eab,other_target,dual_retention_add,candidate,374897,4156459,1307,0.45501595735549927,0.5723065306597168,0.5723065158010957,0.8121573421162006,450,0.9999999739260204,19,1.0,142
MOT20-05,2284,918,1517,1431,444362,37fe540edd6de3360f076b1190102beb0798bb44bb01d37cdac74238a3891843,other_target,dual_retention_add,candidate,375009,4158451,1431,0.18441273272037506,0.7136551109686984,0.5335833318046688,0.6462561199192672,412,0.7407577942283987,11,1.0,258
MOT20-05,2285,452,1289,1307,444513,75ac320715b4488ceea07384c8a6e2641a0edde2b5a8808ab83b5df25249d7bc,other_target,dual_retention_add,candidate,375092,4160089,1307,0.8244784474372864,0.5563365787229534,0.5563365732236684,0.8049946454448194,450,0.9999999899539845,19,1.0,142
MOT20-05,2285,532,1570,1378,444526,baa7a354d5232edf866570987827af74423c27f3f8e960a34354b80de3350439,other_target,dual_retention_add,candidate,375089,4160044,1378,0.7608525156974792,0.6549883932770282,0.6287456465370559,0.6335583877916984,524,0.9449493448086073,12,1.0,43
MOT20-05,2285,918,1517,1431,444538,838d1be0b1e6b32eb598edf19b868630f51b2d3a2ca6a039581b58b7a1cec2d2,other_target,dual_retention_add,candidate,375061,4159776,1431,0.1765017956495285,0.8608485763806571,0.49553148281680054,0.6987489081085881,412,0.5060728601563866,11,1.0,258
MOT20-05,2285,876,1540,1528,444566,80159b0db5c9482f9f0e5b4991b66642d4d8ebcf98dd8f5890edd1d4d0211e1a,other_target,dual_retention_add,candidate,375082,4159970,1528,0.7827484011650085,0.7998802768399604,0.7174938188733169,0.8075255829821886,877,0.8250354189048753,2,1.0,480
MOT20-05,2286,452,1289,1307,444689,7df6649978493184aed9405284dcfc3929d7191e39a347dafa67900545e81c13,other_target,dual_retention_add,candidate,375145,4161416,1307,0.7662938833236694,0.5471003148024689,0.5471003215756701,0.8077227720445185,450,0.9999999809752239,19,1.0,142
MOT20-05,2286,532,1570,1378,444702,041b6db10c2c1a8408e754619d3a2825eb79ff20bdd3f99c07d9056561394cf2,other_target,dual_retention_add,candidate,375174,4161665,1378,0.7045584321022034,0.6116852302522103,0.6116852257992217,0.6281160984869362,524,0.9999999927456905,12,1.0,43
MOT20-05,2286,918,1517,1431,444714,cfbffe93b8f27cc3f91e321fccd5e87075be1b76e84acce5ccbac1f4bfd699a9,other_target,dual_retention_add,candidate,375151,4161456,1431,0.8473654389381409,0.5230305675541043,0.5230305701335674,0.6895674673770823,412,0.9999999910636609,11,1.0,258
MOT20-05,2286,876,1540,1528,444742,03b651e586dd144f6da2cfa3d5f2477fec7be9b5b3819fd9996b17fea540e11f,other_target,dual_retention_add,candidate,375170,4161631,1528,0.6314378380775452,0.8602386421006064,0.6706530231516581,0.8654704915161158,877,0.7351016941650087,2,1.0,480
MOT20-05,2287,452,1289,1307,444865,541c3878d2cd0ebff73ad3bb996d7997042588ee15ce60ec0332bc77d64e9f95,other_target,dual_retention_add,candidate,375258,4163398,1307,0.8095881342887878,0.5537887988810997,0.5537888020829892,0.8148487459963393,450,0.999999985606409,19,1.0,142
MOT20-05,2287,532,1570,1378,444878,41b14e207f863c4e433e284cbe1683fab831c49a20d9156aa4978788d21fb802,other_target,dual_retention_add,candidate,375252,4163341,1378,0.4269120693206787,0.5631706633026518,0.6081710430613487,0.6193797736871649,524,0.8579597420252374,12,1.0,43
MOT20-05,2288,452,1289,1307,445043,1517558cc63ab88c0ed8dce1eeebef1437255b90df11cf3809e50daa368d91d7,other_target,dual_retention_add,candidate,375308,4164710,1307,0.7847169041633606,0.6393179748557732,0.6051975824922029,0.7474105357294692,450,0.9353305582478157,19,1.0,142
MOT20-05,2288,532,1570,1378,445056,455a667f25f6858f4033523a70798a68aa6a657fa8cdf2bca8e64361a68bee43,other_target,dual_retention_add,candidate,375342,4164975,1378,0.7458366751670837,0.5628422442404859,0.5628422456786096,0.6317298623559037,524,0.9999999806032488,12,1.0,43
MOT20-05,2289,452,1289,1307,445219,d72321dea6d69c46dc7ed0bb836a7dd3c2c2c314d2541b58d4691e759dbfaff9,other_target,dual_retention_add,candidate,375423,4166705,1307,0.8312860131263733,0.5902175314712241,0.5902175345231497,0.794510013924053,450,0.999999976840292,19,1.0,142
MOT20-05,2289,532,1570,1378,445232,b3414ca045b0e1492bdb109a612bcbb8b6d7df3569127bb9ffe0826ed3b2b663,other_target,dual_retention_add,candidate,375422,4166650,1378,0.7814934849739075,0.5803747586449289,0.5803747541367673,0.6671774144534683,524,0.9999999768987075,12,1.0,43
MOT20-05,2290,452,1289,1307,445396,406fd2480d25860ae3b56bb42d2647b158cfb3982ecca93b0b799b4a1cd976b5,other_target,dual_retention_add,candidate,375496,4168318,1307,0.8335126042366028,0.589449533725791,0.5894495322712,0.7905737033127941,450,0.9999999914980875,19,1.0,142
MOT20-05,2290,532,1570,1378,445409,bd162bac92c9b9d08d92a176704d33dc9a991bf4f3be195d54f2eb7b8a6d4c2f,other_target,dual_retention_add,candidate,375463,4167934,1378,0.6276687383651733,0.5692407648132405,0.5692407762624552,0.6891957406568107,524,0.9999999780350728,12,1.0,43
MOT20-05,2291,532,1570,1378,445585,5da358c4ff7cdbc9654e9a104d44ebc7a120b13ad30e0154a7513a75911b9996,other_target,dual_retention_add,candidate,375589,4169941,1378,0.7527890801429749,0.5422004125785936,0.5422004102299521,0.7061747627486391,524,0.9999999928834329,12,1.0,43
MOT20-05,2292,452,1289,1307,445748,76d035f2b02b79fcf509d2fcc54ec89e613766c12be92c53ae6b7bca1af54a53,other_target,dual_retention_add,candidate,375664,4171618,1307,0.8108126521110535,0.5851935623873996,0.5851935592596871,0.7677225506538952,450,0.9999999850452591,19,1.0,142
MOT20-05,2292,532,1570,1378,445761,c5ad10a2c0fd992f6306264e3aac7cb5e5296bbaeeea4159f0302d3e14edc947,other_target,dual_retention_add,candidate,375660,4171554,1378,0.7513003945350647,0.51517989108727,0.5151798858526351,0.7326894316853406,524,0.9999999834019339,12,1.0,43
MOT20-05,2293,452,1289,1307,445924,3a524f37489ef482c99ffbd5296f94e5a00c7877d7e09f80ab3eef587e4ef1dc,other_target,dual_retention_add,candidate,375753,4173270,1307,0.8079569935798645,0.6046971942603737,0.6046971997042226,0.7452808112595761,450,0.999999978198123,19,1.0,142
MOT20-05,2294,452,1289,1307,446100,14a78c612b3e224be7678a999cb37b2a955389a183c56b354f8da79367e739be,other_target,dual_retention_add,candidate,375800,4174529,1307,0.8409522175788879,0.570125966543771,0.5701259711610195,0.7803497488202201,450,0.9999999892509192,19,1.0,142
MOT20-05,2294,532,1570,1378,446113,f3c8b3e3b782e917b5880605bd9cf335619710471c7b1dc06ad16e90d4590abe,other_target,dual_retention_add,candidate,375791,4174436,1378,0.7252718806266785,0.5267299333154113,0.5267299356098981,0.7539538064270058,524,0.9999999899640899,12,1.0,43
MOT20-05,2295,452,1289,1307,446277,6a3c508df2919c0b5c896e8f711c2bfc3237ce41da76d6ef27e0207c7ca9aa65,other_target,dual_retention_add,candidate,375916,4176515,1307,0.7680462002754211,0.5874948526520525,0.5874948415343666,0.7823038326137527,450,0.9999999820348638,19,1.0,142
MOT20-05,2296,452,1289,1307,446453,f0e7d589329b18b6fcedc9c54e4e1c8132128f04459906ca0dbf63068320ee14,other_target,dual_retention_add,candidate,375996,4178157,1307,0.8451588153839111,0.5688876199528252,0.5688876212140412,0.7863372239671161,450,0.9999999914870686,19,1.0,142
MOT20-05,2296,532,1570,1378,446466,acfa49513e901ebb34f25707ca5f286d9e38bf092290a37bd31d49c4f62c96b3,other_target,dual_retention_add,candidate,375953,4177692,1378,0.47887417674064636,0.6394649834075207,0.4432328291068017,0.8211581238263043,524,0.5909617987147605,12,1.0,43
MOT20-05,2296,557,104,134,446571,cac9f3e5bcfd7b7927d81448528a0a3b6ff792e835647bb0f31c01b403fcdf5a,other_target,dual_retention_add,candidate,376016,4178748,134,0.5891221761703491,0.8147263160829502,0.6315579543416872,0.771746014749013,554,0.739895950738947,2,1.0,2759
MOT20-05,2297,452,1289,1307,446629,ad5e232f26a3fc33b822052b871a7cbeaef0c06441a4ce63662a49215a8ab43e,other_target,dual_retention_add,candidate,376048,4179486,1307,0.7711477875709534,0.5325954623627406,0.5325954591975176,0.8010461219294015,450,0.9999999931768075,19,1.0,142
MOT20-05,2297,557,104,134,446747,06c673e8ff6bfb52b73e5be5086a1a504e5040f484cfcc82cec543a417b9009d,other_target,dual_retention_add,candidate,376096,4180408,134,0.30490025877952576,0.8164873949257714,0.6554416205346479,0.7489469905893644,554,0.7925607996513442,2,1.0,2759
MOT20-05,2298,452,1289,1307,446806,ca7057c2c780e693b7686865876f66d5e9ca6f5ff48e6645363aa2c956b08065,other_target,dual_retention_add,candidate,376161,4181504,1307,0.819861650466919,0.5814105828811993,0.5814105874701513,0.7637146442161465,450,0.9999999897207442,19,1.0,142
MOT20-05,2300,909,1306,1257,447154,e14ed49ba591536142b010cc8aaf644200187f15e32ed0f55ab61908ea488ff1,other_target,dual_retention_add,candidate,376337,4185054,1257,0.592159628868103,0.842266131131176,0.6763974026154703,0.9324177547821557,813,0.7492584659715951,1,1.0,617
MOT20-05,2308,524,1378,1402,448666,4924633d3e091162345048fd08ee106dcaeb25368ce2fd2387bac1a70af75ea2,other_target,dual_retention_add,candidate,376942,4197554,1402,0.8052960634231567,0.8745462987037644,0.6734641846090116,0.8850658062343885,523,0.7606648471473658,1,0.7647058823529411,597
MOT20-05,2313,909,1306,1257,449467,174cf3ec85b8633f834d73650e3c58e202907071382ea31cfe69d230fa323ace,other_target,dual_retention_add,candidate,377398,4206375,1257,0.6393711566925049,0.7212213051585885,0.8213227294979173,0.9090574362462546,813,0.6931017193415291,5,1.0,1010
MOT20-05,2314,909,1306,1257,449641,55e0bec4b6568fd04abbce2f3654c855d9ce460629c44ee11ca39e086241de84,other_target,dual_retention_add,candidate,377485,4207993,1257,0.6862187385559082,0.9056776964600908,0.8108134836049066,0.9065556440704686,813,0.795473511074828,5,1.0,1010
MOT20-05,2315,909,1306,1257,449814,5007c91bc017e39b9eea41f809876375b5c77cae696f3887f1d550025892973f,other_target,dual_retention_add,candidate,377567,4209643,1257,0.7903785705566406,0.8802668114712231,0.8084703954637863,0.8836267020841527,813,0.7183392566811893,5,1.0,1010
MOT20-05,2316,909,1306,1257,449987,1c7aa348c5a32da28732993f660b55cc9c254fcf18c9a39246437756847b6a74,other_target,dual_retention_add,candidate,377650,4211249,1257,0.7594224810600281,0.8818907364981802,0.8053985073059237,0.8750714514395153,813,0.7208211965361137,5,1.0,1010
MOT20-05,2316,533,1579,1379,450006,0c44db346ed8ee7e6e8b7863ca11d17ebb8ea611da0a471e15e6e2a2523d3e49,other_target,dual_retention_add,candidate,377636,4210946,1379,0.5234480500221252,0.6271355449190681,0.6071353638848253,0.7683498755394189,527,0.5028770896942187,4,1.0,186
MOT20-05,2317,909,1306,1257,450161,62d52bbac9bf66d518e28b4b528cc9b3f32db8d60fa3786ea779d1589be96f98,other_target,dual_retention_add,candidate,377729,4212883,1257,0.6482629179954529,0.8661118630532666,0.7957348646184879,0.8500309938355364,813,0.7195641387860933,5,1.0,1010
MOT20-05,2327,834,1684,70,451883,08c10cf3c2c814bbf5ed3834d34570929c1a07397405d8c00e03543baf5b8bab,same_target,migrate_replace,candidate,378556,4229762,70,0.719986617565155,0.7889329683880881,0.7889329663432265,0.3941213742124973,835,0.9999999845657223,12,1.0,3
MOT20-05,2328,834,1684,70,452059,c7c3dd7432914b744b6b56b3e09b0fefae5ce47998b87eb99324c0c427d91b3c,same_target,migrate_replace,source,378608,4230613,70,0.6607877612113953,0.746739239885049,0.7479188129018434,0.493167181753829,835,0.9646000703878825,12,1.0,3
MOT20-05,2329,834,1684,70,452235,655386b6bcdd6eb5861735d904f4cec044edf01161c6bddf217eda2b0610a50c,same_target,migrate_replace,source,378724,4233140,70,0.8273528218269348,0.7993024912023102,0.7993025011714449,0.4790201197964571,835,0.9999999852228102,12,1.0,3
MOT20-05,2330,834,1684,70,452412,1ebfbad93e22646c4b3167d243d4438a3aa6370c2d9dec03c22ac2d77ad59a37,same_target,migrate_replace,source,378776,4233929,70,0.7555954456329346,0.7552994807756139,0.7584528168352478,0.4992269655220928,835,0.9678338876118575,12,1.0,3
MOT20-05,2331,834,1684,70,452590,e5eae61960a26719baef985d7684b852ca8e31eceaab4b5f522a24cfb3790007,same_target,migrate_replace,candidate,378890,4236450,70,0.8462770581245422,0.7572096396321062,0.7572096394261677,0.5055989914584383,835,0.9999999900030997,12,1.0,3
MOT20-05,2332,834,1684,70,452769,f3c740bf02a00e6527391b04f0d3077a5701adb7c48b50cc9e968124f4237f8b,same_target,migrate_replace,source,378968,4238121,70,0.8597680330276489,0.735582879753257,0.7355828813855487,0.5158394135340859,835,0.9999999923153652,12,1.0,3
MOT20-05,2333,834,1684,70,452948,a9d54bf19d1cb980b3e23fa9a83e4ff1e4445f93c845c0f35054ab8f0e47e421,same_target,migrate_replace,source,379017,4238954,70,0.6813249588012695,0.6709773731952633,0.7044773279466917,0.499037883829848,835,0.9506464586814108,12,1.0,3
MOT20-05,2334,834,1684,70,453128,267f8715d981679bd268a57d5b4d53483b2bdc60dfce2298c3cc8a570ed74978,same_target,migrate_replace,source,379131,4241430,70,0.8375521898269653,0.6994823794717778,0.7004536018493339,0.49491984452049864,835,0.9721277688680912,12,1.0,3
MOT20-05,2335,834,1684,70,453307,840e417bdc8298c96672268b7ccf93af69578b3130ccee70ca5814f8a46b6761,same_target,migrate_replace,source,379215,4243098,70,0.8283978700637817,0.7334518052921272,0.733451807295663,0.48391795627801587,835,0.9999999879702814,12,1.0,3
MOT20-05,2336,834,1684,70,453486,276f5446e4c388d9b33ac86a6c547ce3fc928a36c20a9dd713585ab18a87379e,same_target,migrate_replace,source,379296,4244780,70,0.8560222387313843,0.7381006348620446,0.7538913648327993,0.48079554169310756,835,0.9555619901490917,12,1.0,3
MOT20-05,2337,834,1684,70,453665,1b9b4687b3c46d0a99cae239058f17a199fd8062019db309a801e895dfc792b8,same_target,migrate_replace,source,379351,4245620,70,0.3906865119934082,0.7020454205246394,0.7440282036209754,0.4865145626581413,835,0.9448583035985907,12,1.0,3
MOT20-05,2338,834,1684,70,453844,11a090e41df3b72c033f9d594a0ce2630015e9da34ec7814768905b315d6bd0a,same_target,migrate_replace,source,379431,4247278,70,0.24293206632137299,0.7856332640623142,0.7856332780965776,0.4680826340230983,835,0.999999982429491,12,1.0,3
MOT20-05,2339,834,70,1684,454193,c77de668cb7179b825993efd228836ef292afb07b7ceea434e15c904c282cb19,same_target,migrate_replace,source,379540,4249700,1684,0.28824159502983093,0.8491599781681765,0.8491599814827657,0.36238503518806936,835,0.999999975546032,3,1.0,3058
MOT20-05,2340,834,70,1684,454369,d5495df4f336e41af588eb97c2727052860df60c3b23175b0ecc901a2b547808,same_target,migrate_replace,source,379590,4250586,1684,0.5984563231468201,0.7927400274734895,0.8181374380849407,0.41478080530563516,835,0.9399192180324878,3,1.0,3058
MOT20-05,2344,898,12,1492,454957,edc42672349f30fcdea2f757a039bbf8c3516f1c91f8b8278a57af9f5203fbbd,other_target,dual_retention_add,candidate,379951,4257888,1492,0.733178973197937,0.7501764102627462,0.6182757561812343,0.9167960578364814,900,0.8206843689075907,3,0.8947368421052632,3312
MOT20-05,2345,898,12,1492,455128,8da87e1f1c1064dfae8906f93d6f1840fd3c51f7afc9ee9c72ca6f65e25e1364,other_target,dual_retention_add,candidate,380032,4259420,1492,0.7358924746513367,0.6937619556503928,0.6937619540465775,0.8624821060220744,900,0.9999999896224772,3,0.8947368421052632,3312
MOT20-05,2390,421,1233,1223,462507,b8192ccc94333603905222121f0bce58a809da90e14f53a1c6eb3af643055aeb,other_target,dual_retention_add,candidate,383656,4327744,1223,0.4194685220718384,0.5066319737180688,0.4945240801056502,0.8985692425645433,420,0.9681349999601905,16,1.0,936
MOT20-05,2391,421,1233,1223,462669,a632da7868d084e2ba2e50ff7b8ab1ac76877c725f1691bfe5167294b2bfae8a,other_target,dual_retention_add,candidate,383743,4329303,1223,0.7787230610847473,0.512481558176334,0.5164514674372751,0.9178269103119209,420,0.977109544529225,16,1.0,936
MOT20-05,2392,421,1233,1223,462831,210110eb0440d1fc11173891d3ba81cfd134a7f6e54ee0c50dfc8285591711da,other_target,dual_retention_add,candidate,383820,4330763,1223,0.8685737252235413,0.566639921831685,0.558624263934308,0.8855211533277083,420,0.9609699695467564,16,1.0,936
MOT20-05,2393,421,1233,1223,462994,fc61ffd9d501a494b38ba25ccc5a73d207c616bba6e13881be59f3cb6192ba97,other_target,dual_retention_add,candidate,383906,4332356,1223,0.4174630343914032,0.5542715844255756,0.5670375913501039,0.9015560610911753,420,0.9769693983587656,16,1.0,936
MOT20-05,2394,421,1233,1223,463158,481d7294229b2ced00c2e5a76103cc38617606551bc44f28a33ca18321fd44c5,other_target,dual_retention_add,candidate,383981,4333834,1223,0.4290149211883545,0.6005405106595961,0.5790369905052543,0.8928743946927125,420,0.9621085133824357,16,1.0,936
MOT20-05,2395,421,1233,1223,463321,98513775062f9c61b5d17f6a4c588c6dcc35a37a9bb6c147a275b3c497da86f8,other_target,dual_retention_add,candidate,384067,4335360,1223,0.8470431566238403,0.646214981876545,0.6142330871806843,0.8936851352064488,420,0.9540564654268592,16,1.0,936
MOT20-05,2396,421,1233,1223,463484,669bb5c9226143cc0fe12217b6fe442921247edc39d1d40e98395475d1b4caa1,other_target,dual_retention_add,candidate,384149,4336886,1223,0.8412498235702515,0.6475225448501851,0.6300094568542499,0.8891195821888859,420,0.9727049764418951,16,1.0,936
MOT20-05,2397,421,1233,1223,463647,c2aac046e27859e4130e4e4934f21b27e3ec849737ad01c49f758e82153b5c06,other_target,dual_retention_add,candidate,384231,4338418,1223,0.8507242202758789,0.6569993028835782,0.6569992982861045,0.8917399941646579,420,0.9999999826205808,16,1.0,936
MOT20-05,2398,421,1233,1223,463809,de987194f2168e428aa8b1a40b9d544cde207f9f527d63afa93dfc246af1e604,other_target,dual_retention_add,candidate,384316,4340007,1223,0.852278470993042,0.6332146423695086,0.6332146351058265,0.9119047471162933,420,0.9999999868949121,16,1.0,936
MOT20-05,2399,421,1233,1223,463971,a8dbbe2c216d3e231d360ce4083b2ac5285ca2a3f38a2785618e118bba7e83eb,other_target,dual_retention_add,candidate,384399,4341523,1223,0.8544288277626038,0.644603536084826,0.6566504197716083,0.8993683842007835,420,0.9677565027498789,16,1.0,936
MOT20-05,2400,421,1233,1223,464135,66670403226e8aa3b214bab63e543ab66d842d4206d143d262e7dae9bb4a7d1a,other_target,dual_retention_add,candidate,384481,4343014,1223,0.8461636900901794,0.5916754448718955,0.5916754502306458,0.9283007821614394,420,0.999999991614217,16,1.0,936
MOT20-05,2427,446,1617,1356,468682,feea56bbc96bf4af79f91e7aabe54f052d192969b27a87a5bfddd6edffcdbbe5,other_target,dual_retention_add,candidate,386726,4385063,1356,0.8185234069824219,0.7557580714493848,0.7430744783259069,0.8459483726349366,926,0.9799746232888856,1,1.0,325
MOT20-05,2437,611,1672,1713,470353,53dcb7244d8b0e2e9b074e65ecad0897405420be3aaaef4f20eaccdc56bd09f4,other_target,dual_retention_add,candidate,387572,4400969,1713,0.8000398874282837,0.6015556638184213,0.5756842476746424,0.8929412947753304,631,0.9587788931712008,21,1.0,382
MOT20-05,2438,611,1672,1713,470514,bdda7aa257868e8fc34922f22309db28091691753ce03d90371b928462f0c2ed,other_target,dual_retention_add,candidate,387656,4402497,1713,0.7975642681121826,0.6347803430309537,0.6324759068145523,0.8373648270688725,631,0.9180711938787721,21,1.0,382
MOT20-05,2450,674,1352,63,472351,18b785f933c82e1140516614f6d06a430ac57056f3bfbed5e28f603f3ed17f1d,other_target,dual_retention_add,candidate,388626,4420659,63,0.8232382535934448,0.7869777826513152,0.6167097546177751,0.8507850665788209,675,0.7156954564590345,1,1.0,571
MOT20-05,2451,675,63,1352,472666,54e09b6fffaf003237785af2e6e1b9636108c67eadd8459d1bc6057f2912d4bc,other_target,dual_retention_add,candidate,388679,4421773,1352,0.8490723371505737,0.8622853922379011,0.6422231775366382,0.7990019699620986,674,0.7360583301647313,3,1.0,1228
MOT20-05,2452,675,63,1352,472834,a95e5a901c170fcf756583666af21e34e3cd9c093326cc2d01f5a65d53b00b24,other_target,dual_retention_add,candidate,388795,4423908,1352,0.8509743213653564,0.8577451162148333,0.6616050961672807,0.8102705449149904,674,0.7638832255877669,3,1.0,1228
MOT20-05,2453,611,1672,1713,472979,154cfaeca70c98241ce049263032103f68d1e932f7ffe2c757ef93033902fbc1,other_target,dual_retention_add,candidate,388884,4425732,1713,0.622904896736145,0.60129461187784,0.5654898430941412,0.8648362157206142,631,0.9208718287942851,21,1.0,382
MOT20-05,2453,675,63,1352,473002,80631df15ddf34d0ffb5b4aa725ec173b8d8664e43254d82b93c116279394985,other_target,dual_retention_add,candidate,388878,4425485,1352,0.8462226986885071,0.8537078687536638,0.6659371405700582,0.8137273276932474,674,0.7714770293020404,3,1.0,1228
MOT20-05,2454,611,1672,1713,473147,a2099d39b1c3bd5147a3cd4beafaa589a8a3d8337bbf16f8c48c0928b924e883,other_target,dual_retention_add,candidate,388966,4427338,1713,0.7522807717323303,0.5229743240530912,0.5229743218129477,0.8859706683425561,631,0.9999999877988605,21,1.0,382
MOT20-05,2454,674,1352,63,473170,ecca9669d5c28c2630ce360929be0aef24dfe85cd0eb88bcc5a14dfdfc404a26,other_target,dual_retention_add,candidate,388957,4427006,63,0.8372038006782532,0.8541422851810231,0.679219351197737,0.8170965643473325,675,0.757860919197193,3,1.0,4
MOT20-05,2455,611,1672,1713,473315,3dbac4579e8e160b591587e959daeca177c3a8be3911a08d9502c86ea450b6e3,other_target,dual_retention_add,candidate,389051,4428928,1713,0.7324973940849304,0.5419583701239653,0.5200238604210079,0.886700445726308,631,0.9591961097487952,21,1.0,382
MOT20-05,2455,674,1352,63,473338,10b4d52353354e3af7ce4a3715cb10c7189043ad60a77b1e3689d0a2a3746657,other_target,dual_retention_add,candidate,389040,4428586,63,0.8386076092720032,0.8437730292123566,0.6909014333374287,0.8273718261676907,675,0.7532799123745542,3,1.0,4
MOT20-05,2456,611,1672,1713,473483,d5140fac25abd8899cb5e82611b9fc9592208ffb1d23ab93391dcdd3f0478607,other_target,dual_retention_add,candidate,389129,4430440,1713,0.41420942544937134,0.7654613229291432,0.4717620121483396,0.9044305660667793,631,0.5453392811620186,21,1.0,382
MOT20-05,2456,674,1352,63,473506,abd53739fbc74cf80625f74692572fe2c2e57350d1431df112b9b4080b46cf81,other_target,dual_retention_add,candidate,389140,4430961,63,0.715975284576416,0.8344510128009113,0.6996390344402893,0.8374136546849119,675,0.7209817926739055,3,1.0,4
MOT20-05,2457,675,63,1352,473675,82d5898bf06716e02cee85ced7d413b5395f5d85c94655b7e7bbc0928e80035f,other_target,dual_retention_add,candidate,389203,4431780,1352,0.8410208225250244,0.8454737610095354,0.6603686945979252,0.8152826616576826,674,0.7705547759363678,1,1.0,5
MOT20-05,2458,674,1352,63,473843,0d0a20f7cad43fb7ac42af516470976f5d833e7615f36326ec0323383bbf7e39,other_target,dual_retention_add,candidate,389280,4433303,63,0.8061739206314087,0.7688321979286401,0.6749742054469781,0.7666246648638927,675,0.7683122460725657,2,1.0,2
MOT20-05,2459,674,1352,63,474011,06945ea5b8554fa892ee0146e5d653a33522ba56596052701a710b2e44df0ef3,other_target,dual_retention_add,candidate,389363,4434871,63,0.8296035528182983,0.7687088485837014,0.6955898734506464,0.7768599517811995,675,0.7688094520552367,2,1.0,2
MOT20-05,2460,675,63,1352,474179,0507604609b8a21e72aae15f74b56f26c445c4a7129fd235d75078310aea066d,other_target,dual_retention_add,candidate,389420,4436022,1352,0.8520330786705017,0.7978664054150911,0.5898010296129598,0.772866034838143,674,0.72391636783052,1,0.9941451990632318,856
MOT20-05,2461,674,1352,63,474347,b9cf8710c21b361e4d098ce59347c42578bcec3c958a495e559067acefaf3e6a,other_target,dual_retention_add,candidate,389532,4438037,63,0.849423885345459,0.8227177862692165,0.753569487333928,0.7866807416352657,675,0.7617337032682668,6,1.0,466
MOT20-05,2462,674,1352,63,474515,56909ed6ff42505c8b68c031a370d2281f6dc1e7ab5c6c69a779dd5510378e83,other_target,dual_retention_add,candidate,389614,4439647,63,0.7789596319198608,0.7496261551594136,0.7496261564974597,0.8163343093041004,675,0.9999999843750319,6,1.0,466
MOT20-05,2463,674,1352,63,474683,f454304c4af0270b443990fe490fef6e653f13ad32129dfc65ef064df97f47fb,same_target,migrate_replace,candidate,389693,4441195,63,0.8340741991996765,0.8621048141097009,0.8336988511623856,0.7062062691617877,675,0.9541310523927391,6,1.0,466
MOT20-05,2464,674,1352,63,474852,0ea7ea142c08676c0bd64da911971e591d84005bb6948dae8184025e715f1415,same_target,migrate_replace,candidate,389751,4442330,63,0.8448070883750916,0.8104769143344648,0.810476908105781,0.7465153371194574,675,0.9999999819066255,6,1.0,466
MOT20-05,2465,724,1652,1676,474971,62b96bbb0368737aafc965f782a55af6c769cbd08c783e5ae812a62fa8f29c7a,other_target,dual_retention_add,candidate,389876,4444827,1676,0.5499469041824341,0.522402943468295,0.5224029393073881,0.9511577128476666,591,0.9999999855466623,9,1.0,287
MOT20-05,2465,674,1352,63,475019,67b3336da8d602cb76ddef90c784e4261d34cb046ae7d89123bc8681e27d1f6d,other_target,dual_retention_add,candidate,389858,4444369,63,0.8188372254371643,0.7530513319901385,0.7530513198532219,0.8125821721071677,675,0.9999999826621283,6,1.0,466
MOT20-05,2466,724,1652,1676,475138,c0a877738591a1fcdad42acd0972db7ed7e12fcc0a0dcf136a529b1b9b8f4ab1,other_target,dual_retention_add,candidate,389957,4446379,1676,0.8246413469314575,0.52934565580931,0.5305620512479503,0.917098306811396,591,0.9580378622902384,9,1.0,287
MOT20-05,2466,674,1352,63,475185,c7e18643e8e5d22a2d19ff215a90ea4cba586c09115368ee1dcb993186994c47,same_target,migrate_replace,candidate,389937,4445854,63,0.8298133015632629,0.8641537617590657,0.8053249989502336,0.7524849533199974,675,0.8366546286171894,6,1.0,466
MOT20-05,2467,724,1652,1676,475305,3a44ff5ec0cfd1dffac8a66d136b54a03e71f7cc2230ffc05953c3f7133a0f92,other_target,dual_retention_add,candidate,390039,4447949,1676,0.4912962317466736,0.5035858738976404,0.5118251168376129,0.9053102281211921,591,0.9574010523912565,9,1.0,287
MOT20-05,2482,792,1385,883,477734,d68553b3aeb3db71286534bbca903a1c041a8f223ab65d6fc0200a416b4ba78a,other_target,dual_retention_add,candidate,391231,4470514,883,0.8733728528022766,0.8130675021591077,0.5859244370500437,0.9134325600087403,720,0.7089267428328319,2,1.0,914
MOT20-05,2483,792,1385,883,477900,ad63f4302b00f3d192742b072cf18bbbbde6c6ea87df5237f2af88d2fe0ba0f5,other_target,dual_retention_add,candidate,391314,4472066,883,0.8713792562484741,0.8353022562340061,0.5912453744374806,0.9542236173570341,720,0.7012369565276615,2,1.0,914
MOT20-05,2513,602,1757,1713,483070,c251ec14c91a8e697673a40aa06fda3b63da1ff306ff7ebb5e7e6d49a2e9fbd2,same_target,migrate_replace,source,393802,4519809,1713,0.7640334367752075,0.8354169431647114,0.838851637559372,0.5978874747831757,631,0.9604698939781589,8,1.0,507
MOT20-05,2514,602,1757,1713,483240,f01da89ee6a163f2b09b3028d773a016c46141b3c192e58e637e97e91cc9f7df,same_target,migrate_replace,source,393885,4521357,1713,0.76552814245224,0.8089922770681764,0.8357354680889335,0.5694509336840721,631,0.917464472214712,8,1.0,507
MOT20-05,2516,602,1757,1713,483580,61ffa0b8a34859c755f70ea17678191219f6bf1d069e0fa83264a5f72ec90a57,same_target,migrate_replace,candidate,394046,4524515,1713,0.49804964661598206,0.8635846747703698,0.8635846658168723,0.5711165145407254,631,0.9999999877444065,8,1.0,507
MOT20-05,2517,602,1757,1713,483752,1b24f08acfb76704bf808e957fd0432f594106ad97d9d1c79ba16382e4dd3702,same_target,migrate_replace,candidate,394132,4526104,1713,0.7744783759117126,0.8720941578680212,0.8720941556677185,0.5591817441045046,631,0.999999994440382,8,1.0,507
MOT20-05,2518,602,1757,1713,483924,e7cf0a9357c0276b81cf9d97f031bf763078f70d81217019bd9aab401e4e39aa,same_target,migrate_replace,candidate,394214,4527721,1713,0.7896332144737244,0.8406840634948475,0.8406840585297916,0.5919330844925006,631,0.9999999922201417,8,1.0,507
MOT20-05,2519,602,1757,1713,484096,f6c30df7d4a47d04744d244dacc73d53ea70efcbe585f4413066c1fd99b696fb,same_target,migrate_replace,candidate,394290,4529335,1713,0.7036582231521606,0.7232962050755715,0.7232962011193623,0.6657493019059809,631,0.9999999929443092,8,1.0,507
MOT20-05,2532,440,1522,1432,486305,19c7ad533f8a090741ba9fab0567cdd88cf847d2c9fbfaa48810e01106eebb5f,other_target,dual_retention_add,candidate,395299,4549665,1432,0.8150621652603149,0.7063125755009632,0.7008797409213682,0.80243997789491,443,0.9356524869541801,7,0.9838709677419355,549
MOT20-05,2533,440,1522,1432,486484,4b407be9bf3102fb3e7ea24cbb0e3afba44a2ffcfb8c3b2509aa3c7fddddccbc,other_target,dual_retention_add,candidate,395380,4551305,1432,0.8220686912536621,0.7463670555423761,0.7325846472483871,0.8448937134557941,443,0.9286925074948627,7,0.9838709677419355,549
MOT20-05,2534,440,1522,1432,486663,32bffff165390aa332b8b3adfc2878792d94b10fc88d18b4b0e705962c8564e5,other_target,dual_retention_add,candidate,395464,4552931,1432,0.8277871012687683,0.7796851635714882,0.7828993978432598,0.8494479528086037,443,0.9100447297709103,7,0.9838709677419355,549
MOT20-05,2535,571,1262,211,486811,6fd542438f598e665b4082426afd3e62fae5ff9990dc0e78be6c681f79522c06,other_target,dual_retention_add,candidate,395561,4554699,211,0.8227933049201965,0.5405220422655969,0.6305369470072291,0.9325576365015401,573,0.864435862930473,1,1.0,417
MOT20-05,2535,440,1522,1432,486840,f0299410584f80c9999c2721bb1caa74f23d0016f392ccb7a47c7c4450641f66,other_target,dual_retention_add,candidate,395549,4554569,1432,0.8336108922958374,0.7672013152529127,0.7913099982080262,0.867394320264056,443,0.9403956751305098,7,0.9838709677419355,549
MOT20-05,2536,440,1522,1432,487016,6d50bb55eb0c38a2d4ea72e7358bd2bd8a2e30f3ef46349d44e4fd8a8606e0e1,other_target,dual_retention_add,candidate,395630,4556222,1432,0.8196693658828735,0.8001920481052224,0.8207882424749171,0.9181682791659794,443,0.9523972463185834,7,0.9838709677419355,549
MOT20-05,2537,440,1522,1432,487194,dbdfe70a288aadcf69a37d3453c7d98f04b8c8435ad55bceb08f6ec157775e12,other_target,dual_retention_add,candidate,395754,4558263,1432,0.8468674421310425,0.8776361405140487,0.8457877558197812,0.9234136281513808,443,0.9470634282319512,7,0.9838709677419355,549
MOT20-05,2538,440,1522,1432,487372,7a57c015c11f3430a1a3a43de880791f52434dd4f64c4a51008fac686191d365,other_target,dual_retention_add,candidate,395838,4559903,1432,0.8546161651611328,0.7787695132907001,0.7787695051868465,0.9428291182776501,443,0.999999984438785,7,0.9838709677419355,549
MOT20-05,2539,622,1662,1691,487611,3f572eae2cb39aad62c70eb0edd936eaa12d7a6e59aba6f7376f235c2b4b9178,other_target,dual_retention_add,candidate,395896,4561322,1691,0.2823333740234375,0.8661714903930865,0.5604732167384804,0.8960422421095371,627,0.5407395825702267,2,0.9888268156424581,431
MOT20-05,2556,571,1262,211,490531,c6cc423b43a397a45d278898881f7187a35064159c58260148a3944deeef1c9c,other_target,dual_retention_add,candidate,397283,4589148,211,0.7593315243721008,0.5395120660416263,0.6607678374864451,0.9009155189731833,573,0.8216491416207523,1,1.0,25
MOT20-05,2557,876,1540,1690,490789,c3cc32d96d8469c40fa5545e253814eb59759b63c4efb96f5001bba914af2113,other_target,dual_retention_add,candidate,397388,4591063,1690,0.8478083610534668,0.9311149588623812,0.6632467869978813,0.8143539971916234,918,0.7106676784162099,1,1.0,1028
MOT20-05,2558,918,1690,1540,491039,4b7fc6f2563e53ec470804676f65f108791bb5634cf5d7a1c4255c83f5c6f73d,other_target,dual_retention_add,candidate,397437,4592315,1540,0.8399333357810974,0.8360115280264336,0.5984029831232843,0.9384372521800074,876,0.7088515915902046,2,1.0,981
MOT20-05,2559,918,1690,1540,491212,4dcf55f05a5629ccf4c55cb890df8db5318c229a06319400ea6fe55ce0daac4d,other_target,dual_retention_add,candidate,397520,4593922,1540,0.8497625589370728,0.8507703185529791,0.6107921170908431,0.9315463329495164,876,0.7096665032481693,2,1.0,981
MOT20-05,2571,724,1652,1653,493190,5b0abcd67a3a469cf6c38f411710a2c8169caac7e97d0389c845bba4610f1676,other_target,dual_retention_add,candidate,398536,4613574,1653,0.597814679145813,0.5320493249275142,0.5320493223209037,0.8296661268180415,638,0.999999990543424,12,1.0,379
MOT20-05,2572,724,1652,1653,493360,bdf4c4d785e3d27001f498cf374e3732e51ac5e41dc768ce418889cab787c260,other_target,dual_retention_add,candidate,398619,4615193,1653,0.5221083760261536,0.5209996017578125,0.5209996064278839,0.8527812944552884,638,0.9999999804966234,12,1.0,379
MOT20-05,2573,724,1652,1653,493528,e6e55a19edaefb909c6a0171c7fb8c77ec9b9a3721790c256750dcf08c85fcb3,other_target,dual_retention_add,candidate,398728,4617498,1653,0.8127517700195312,0.5314817803058224,0.5314817806915039,0.8072529947454147,638,0.9999999920125802,12,1.0,379
MOT20-05,2574,724,1652,1653,493696,345b1864c7bc59f5f351b8fa04b8d2a6bd07e2152427c69d057d9ac0d9d5559e,other_target,dual_retention_add,candidate,398811,4619091,1653,0.7592865824699402,0.518365937187033,0.5183659308052895,0.8191054800106387,638,0.9999999861191003,12,1.0,379
MOT20-05,2584,899,1506,12,495418,0c42d3c061fe80c2b852a98d2097e8a67fa99fa93e10cdd4ea281d0cb6344783,other_target,dual_retention_add,candidate,399635,4635289,12,0.8522367477416992,0.7022052315264448,0.7022052240897249,0.8085031422060408,898,0.999999987354109,9,1.0,730
MOT20-05,2586,899,1506,12,495757,95f9850c6ab42d12d745080f215928f7513ff76709973474e54d33d62837c401,other_target,dual_retention_add,candidate,399797,4638488,12,0.8543623089790344,0.7018152186917819,0.6987069627741698,0.8014454462493423,898,0.9703608120032935,9,1.0,730
MOT20-05,2587,899,1506,12,495926,f2affe49964185948af269b3c438c081b3148e90d1a4b60b3f903860b7de2a57,other_target,dual_retention_add,candidate,399877,4640083,12,0.8626577258110046,0.6943764926078712,0.6882685371025032,0.8240460123907625,898,0.9796018924457488,9,1.0,730
MOT20-05,2608,573,211,1796,499582,58cd266f24e27888b71d20789adceda9c41f008fdb0c21e3b1683766e5f56e17,other_target,dual_retention_add,candidate,401575,4673500,1796,0.7918446063995361,0.7099746625600497,0.6691163547046044,0.8929005836051231,571,0.9339848506813205,4,0.9992679355783309,1395
MOT20-05,2610,638,1653,1715,499866,e534f58376591841582243a8b6a3e7fc803df99f200d7466a4cc3260e27e38dc,other_target,dual_retention_add,candidate,401738,4676554,1715,0.44915375113487244,0.9193140286409976,0.5260031039766743,0.9507868897523442,891,0.5636642954158569,4,1.0,730
MOT20-05,2610,573,211,1796,499931,0f25438d474a2749433a11a5589987740efe3c0d91449aab5b1bd736074d8eed,other_target,dual_retention_add,candidate,401749,4676786,1796,0.8323261141777039,0.705139276711782,0.6731596387041756,0.9040990112563332,571,0.9546076859164075,4,0.9992679355783309,1395
MOT20-05,2611,638,1653,1726,500049,badcde15d7b8dc1d7283599b0dcbed3787a5aedfd584bb97adf39a21f4129f88,other_target,dual_retention_add,candidate,401842,4678859,1726,0.27327707409858704,0.8450944027675211,0.4870297223635062,0.8809789884584535,865,0.5046817479210769,4,1.0,730
MOT20-05,2611,573,211,1796,500106,0d712aadfb1210a0b123c4df621b8138180807df9f69da05e8d394c2261995ad,other_target,dual_retention_add,candidate,401828,4678416,1796,0.6661137342453003,0.7574144061164139,0.6959043035270639,0.8994120653930417,571,0.9074771855095931,4,0.9992679355783309,1395
MOT20-05,2624,910,1386,1306,502330,36d1a938685b7bf57bea6ebde536baf3ca120a1246173b988f8fc6d9fe3f526e,other_target,dual_retention_add,candidate,402860,4699647,1306,0.612376868724823,0.5368527925702504,0.5368527992707084,0.990322743296657,909,0.9999999846172971,16,1.0,1478
MOT20-05,2625,910,1386,1306,502507,21b6a8a90f5bf7574291e9bb14663029f54f57c8843b5c065cc42f195234b94f,other_target,dual_retention_add,candidate,402947,4701314,1306,0.8004912734031677,0.5410614665795258,0.541061454510222,0.9539679842951594,909,0.9999999738590697,16,1.0,1478
MOT20-05,2626,910,1386,1306,502683,c68446b6e531d878329051208bd59d0e7208a9b6f186c411f7432261c82b06e8,other_target,dual_retention_add,candidate,403028,4702964,1306,0.8410839438438416,0.5725834858982553,0.5725834827133002,0.9794536312453722,909,0.9999999935637823,16,1.0,1478
MOT20-05,2627,910,1386,1306,502859,c340acf36c1f2fa3a2624ab42120d958318f5eb138128d7a39e230714839bd46,other_target,dual_retention_add,candidate,403146,4705070,1306,0.8783731460571289,0.5406452502805538,0.5462344487584841,0.91461781073918,909,0.9718484006967553,16,1.0,1478
MOT20-05,2628,910,1386,1306,503035,8aa948c6f56efbf0705e09a3551c87dc5cc4a04c2f45ed58c291179a23a6122b,other_target,dual_retention_add,candidate,403228,4706744,1306,0.8708528280258179,0.557744808306728,0.5732641124170954,0.937434742069568,909,0.9648989830788137,16,1.0,1478
MOT20-05,2629,910,1386,1306,503210,71d6241b12f22662503079e3c4b99c8fa88e9832bffd0d6d52728c0eb54a3643,other_target,dual_retention_add,candidate,403304,4708468,1306,0.8750131130218506,0.5727587486534029,0.5943255627404086,0.9410767331107833,909,0.9624664932540432,16,1.0,1478
MOT20-05,2630,910,1386,1306,503386,927b6d16bdf9c82b2c9daf41abd3625398d0657d6ef82d1b101ab6f02088c650,other_target,dual_retention_add,candidate,403389,4710135,1306,0.8804145455360413,0.5864901329159031,0.5986232324189076,0.9287631884346209,909,0.9567710324370174,16,1.0,1478
MOT20-05,2631,910,1386,1306,503564,532f58745d7fac646dbad7080802402e593b99cb78e3d678c3dbd7eedc20945a,other_target,dual_retention_add,candidate,403470,4711794,1306,0.8812978863716125,0.6024837235065184,0.6024837292512054,0.9350674961556618,909,0.9999999899977229,16,1.0,1478
MOT20-05,2632,910,1386,1306,503742,c0dfee1b832840e2bbf68f40cd7094c9f05b8702985edcdb66074867c1167da6,other_target,dual_retention_add,candidate,403525,4712979,1306,0.6596329808235168,0.6107688237575675,0.6057605337288612,0.9405653519787315,909,0.959040042630635,16,1.0,1478
MOT20-05,2633,910,1386,1306,503921,8d9ea4f97e13aea5f4fd089cfc7863dde02c3e24d57f26446f3ca33d3a93f71b,other_target,dual_retention_add,candidate,403608,4714651,1306,0.8025346398353577,0.6260355140915311,0.6260355139234154,0.9464688682059981,909,0.9999999923623014,16,1.0,1478
MOT20-05,2634,574,1045,195,504031,a8b5e750a9835f2e046e0205cec821bc5eb5cd60b1a5e84f7ef7fbdec8433f4e,other_target,dual_retention_add,candidate,403681,4716256,195,0.7732535004615784,0.8666493570645211,0.7212192364299511,0.8378288525839372,572,0.713745780325939,1,1.0,611
MOT20-05,2634,910,1386,1306,504100,66871bc38023b4b059731e807bc864d211139da62c3cfa2c0a5ae8d44d7be1f2,other_target,dual_retention_add,candidate,403688,4716328,1306,0.8094758987426758,0.6368720446652938,0.6368720467761969,0.9671050603545701,909,0.9999999854341299,16,1.0,1478
MOT20-05,2635,910,1386,1306,504279,3a2c99c9c6fee8254992e65041a7a62bb329da31de95ed96bf2216caaf56bf24,other_target,dual_retention_add,candidate,403768,4718000,1306,0.7349256873130798,0.6049645148421702,0.6095612044099871,0.9442172399060099,909,0.9654205983804435,16,1.0,1478
MOT20-05,2636,910,1386,1306,504462,9c307d2c22908f526a8173a47bfb8ee501ed9406b8d257ff84c888d15925268b,other_target,dual_retention_add,candidate,403856,4719689,1306,0.824940025806427,0.6350942562832821,0.6350942565094128,0.9728922427880498,909,0.9999999926119728,16,1.0,1478
MOT20-05,2637,910,1386,1306,504644,fb4dbee1f2908e8a495d05da351bcc9c6797a67c1e2effed46e85020b472b73e,other_target,dual_retention_add,candidate,403934,4721370,1306,0.8363779187202454,0.6218254028600076,0.6218254067686813,0.9634382316615099,909,0.9999999770908307,16,1.0,1478
MOT20-05,2638,574,1045,195,504757,bbc55f53e2dec655cdcb6f352b882184e82172757c8f97de36e8c24c6f00b21a,same_target,migrate_replace,candidate,404039,4723394,195,0.7605578303337097,0.9201255572118721,0.782020365941913,0.7634515232977919,572,0.8422064635625627,10,1.0,4
MOT20-05,2638,910,1386,1306,504826,cce5c8e8ff81f95071b2d7708aca2b51bddfe201a87345b4dfeeab34a9b684df,other_target,dual_retention_add,candidate,404018,4723072,1306,0.8491911888122559,0.5817302019969498,0.577059136195747,0.9320691817833748,909,0.9468654039530621,16,1.0,1478
MOT20-05,2639,574,1045,195,504939,46c2a736ab1bb55660cf5ce474efcf73441952943469115f6d725b65d32fd544,other_target,dual_retention_add,candidate,404125,4725066,195,0.7380702495574951,0.9077078893997537,0.7526857207725047,0.7701291365128962,572,0.8240003718381695,10,1.0,4
MOT20-05,2640,574,1045,195,505121,0b83c23f654420f2db375609ae0c4c32e66101cc448882b875269495e306721d,other_target,dual_retention_add,candidate,404173,4726366,195,0.5238999724388123,0.8774611673268031,0.7326441234087779,0.7715960124991421,572,0.7789777417206725,10,1.0,4
MOT20-05,2640,905,1709,1714,505206,eb0a075208e266034c334e0f6dc065a144dbcae91b0e7d4b1da36f65524c089c,other_target,dual_retention_add,candidate,404225,4727321,1714,0.5785669684410095,0.6282456623361624,0.6282456565642984,0.8078660178927978,787,0.999999990287148,5,1.0,245
MOT20-05,2641,573,211,1796,505450,d27c02770ea84a539190469e9b88f73ff70c65cc95ac7cfc74206675200cfb71,other_target,dual_retention_add,candidate,404280,4728400,1796,0.6673976182937622,0.573778568430832,0.5495068789952063,0.9346429748268213,571,0.9050623465436922,3,1.0,82
MOT20-05,2642,573,211,1796,505632,e91f82c7133d4f7d1518d463ec5c8e1697d468a43416d0302c0c206a98e95779,other_target,dual_retention_add,candidate,404366,4730107,1796,0.7399616837501526,0.5526514515247121,0.5526514462242549,0.9428413279019684,571,0.9999999812345575,3,1.0,82
MOT20-05,2643,905,1709,1714,505751,345c03be4a9c4450c90223d3bc1d446fb5ddccc4bbe8b66ad49dae1bd22a6297,other_target,dual_retention_add,candidate,404469,4732262,1714,0.5098999738693237,0.5585996781695887,0.5403080873619163,0.8723703839358393,787,0.853651603672065,1,1.0,3
MOT20-05,2643,573,211,1796,505814,6e5bc3f54eae26e1093c28db38288dabdf7f3f614c600f6501649bfcc5bb8dfa,other_target,dual_retention_add,candidate,404450,4731765,1796,0.33849331736564636,0.9017690083351741,0.573293051571418,0.9091988445558459,571,0.5825314335494087,3,1.0,82
MOT20-05,2644,574,1045,195,505848,068b8343661b0b6e2d52367a2b77edc45a8a83edf474a1ac7fb2a2b9f7af3cbe,other_target,dual_retention_add,candidate,404502,4733121,195,0.20527173578739166,0.7474194882209673,0.6349892693613584,0.7556611995518375,572,0.7322478428251452,10,1.0,4
MOT20-05,2645,574,1045,195,506031,7095763045e9366fbf4acae598afc6e16b9e60701f085a1e4b091e04f3b68bf1,other_target,dual_retention_add,candidate,404618,4735218,195,0.5144379734992981,0.7106328388657748,0.6292124033500432,0.8232702364581156,572,0.6890127585328605,10,1.0,4
MOT20-05,2646,574,1045,195,506213,e7051968224896913a595062ee06013eb79de238cdcb310009cdaf1b47ba69e7,other_target,dual_retention_add,candidate,404699,4736942,195,0.5552119612693787,0.7627067980173847,0.6297298697341916,0.8528508232110066,572,0.7240031550667065,10,1.0,4
MOT20-05,2647,574,1045,195,506394,7e75b1afc2cbe4a903163fcb5123e0ea9f6020c7c9381391f8544de140ee4390,other_target,dual_retention_add,candidate,404746,4738221,195,0.8246833682060242,0.7749746231356587,0.6189844955220576,0.8368558038368796,572,0.7096514586260995,10,1.0,4
MOT20-05,2666,673,1556,1552,509882,7fc8652a5ce2b7c1b6554afda81d8f29176bafa021e8f19dcd26394edf36b233,other_target,dual_retention_add,candidate,406358,4771347,1552,0.8878952264785767,0.9448981042136592,0.7533962778998035,0.8492295193495336,920,0.7216391187995265,3,1.0,1139
MOT20-05,2667,673,1556,1552,510063,7a06ebd10d5becc2bfc2615d85d15ab33a3ab855ffbcfd89cfe8d0e84b109f3c,other_target,dual_retention_add,candidate,406436,4773046,1552,0.8834202885627747,0.9420136766180275,0.7551878676893314,0.8461412084175057,920,0.7165228344794794,3,1.0,1139
MOT20-05,2668,673,1556,1552,510244,8286aa259cd0574684792670351aab6b93a082d04ddadfa176ba5c2678881c4d,other_target,dual_retention_add,candidate,406520,4774775,1552,0.8841699957847595,0.9530555649594147,0.7464215898289025,0.8767400164481826,920,0.7203702551053505,3,1.0,1139
MOT20-05,2668,574,1829,1622,510256,cd0ba08c5e56ffb722444a87ec8d4830a9e272f874b16aa8398884bf7e0954d4,other_target,dual_retention_add,candidate,406472,4773876,1622,0.4436865448951721,0.8261367943321546,0.52390771433663,0.8888854217359223,617,0.5136907650335752,3,1.0,253
MOT20-05,2697,573,211,1796,515645,5450b18ba0f78d07bbb2b7e22670ff7f728188f6fdab995e5e2b7d43ae22ddea,other_target,dual_retention_add,candidate,408846,4823785,1796,0.7051540613174438,0.6886648672068819,0.6372361455122469,0.9453567524290591,571,0.7596782301473815,5,0.9219512195121952,258
MOT20-05,2698,573,211,1850,515875,684b7e34da6c561e9c34177211d530859066090e4a67d3438e7d3fb1c225a955,other_target,dual_retention_add,candidate,408968,4825944,1850,0.5410599112510681,0.7122412274792618,0.7122412165315294,0.8545648035848058,571,0.9999999830892862,5,0.9219512195121952,258
MOT20-05,2700,573,211,1796,516192,baecfd660301966e73f57767f51475a46eb7c7b9883421370cd08f6ee2ec2c85,other_target,dual_retention_add,candidate,409101,4828956,1796,0.6856193542480469,0.7540661961339591,0.5665490949097727,0.8721863886121308,571,0.6936431596058779,5,0.9219512195121952,258
MOT20-05,2701,573,211,1796,516373,200b3e0e71c053429c7314122be795489247b4d8b1a34bbcc36611ded3256535,other_target,dual_retention_add,candidate,409183,4830664,1796,0.3374668061733246,0.754871114658473,0.5612141678174564,0.8608474481509312,571,0.7111004906857902,5,0.9219512195121952,258
MOT20-05,2723,598,1810,1713,520333,59b65e4ce00a888852d482f054ee94554bc6e4229aa16833c69d83e4eaf056e7,other_target,dual_retention_add,candidate,411027,4869116,1713,0.7933833003044128,0.5297957927627615,0.539082102757041,0.8760264669924529,631,0.9648788541629246,23,0.9947643979057592,291
MOT20-05,2725,598,1810,1713,520707,3e207f99d1ec16975ddcea6976ad0a561455edba068e2f73723c359227d5b841,other_target,dual_retention_add,candidate,411189,4872579,1713,0.7165173888206482,0.5259786493149141,0.525978652989448,0.91362429918529,631,0.9999999923792025,23,0.9947643979057592,291
MOT20-05,2726,598,1810,1713,520893,e07ee493f099f913f6ace5034d04f1167a7a54b818618cb5d0f38215bd850c8d,other_target,dual_retention_add,candidate,411236,4873786,1713,0.35137999057769775,0.793137020166899,0.595011730303977,0.8867862756174795,631,0.6865938040646664,23,0.9947643979057592,291
MOT20-05,2727,598,1810,1713,521080,2d1dfdbc5de12d5e94a66560e3d0c587d09522d308541647d9adc232fcf4c905,other_target,dual_retention_add,candidate,411312,4875528,1713,0.1572256088256836,0.7585331220049095,0.48938121816155794,0.8782621695797674,631,0.5060350753314552,23,0.9947643979057592,291
MOT20-05,2731,601,1821,1713,521824,443af6bc68603b8a6ddae8bf1e7a20552939ca616175c631db117715542404c0,same_target,migrate_replace,candidate,411677,4882976,1713,0.45000624656677246,0.7356594465963541,0.7170868116127813,0.5604148292346454,631,0.9012783655805708,28,0.9375,273
MOT20-05,2732,601,1821,1713,522009,88f0096d13563decd13a0a6cc93acd335c405b4eb96e28909a68c4aa5d0aa90a,same_target,migrate_replace,candidate,411757,4884692,1713,0.7370479106903076,0.6182256607883234,0.6182256600474348,0.5981622301420814,631,0.9999999949451781,28,0.9375,273
MOT20-05,2733,601,1821,1713,522195,aa819dc93ef59b39d6d32ae91df59c6ea78c166caf89a07fef408eaeb70bb2dc,other_target,dual_retention_add,candidate,411844,4886456,1713,0.2201773077249527,0.8664553321422427,0.5825457457837185,0.7154695054569948,631,0.5762199252368282,28,0.9375,273
MOT20-05,2734,601,1821,1713,522383,ddd5d3b9c2658e866859d9a526f1606631fee2e4d5aa3a8bfb4cbd60641fcb73,other_target,dual_retention_add,candidate,411919,4888216,1713,0.18722541630268097,0.7623305737136168,0.5840468502046646,0.6865716243997041,631,0.5675311015251613,28,0.9375,273
MOT20-05,2737,601,1821,1713,522947,d6a80cd9f55e2a37541f5dfe11133cd4ad064afbbf1a2b1b942ccc5f981205a4,other_target,dual_retention_add,candidate,412169,4893527,1713,0.7750975489616394,0.607771924157658,0.6077719260375426,0.6916564791841654,631,0.999999985571351,28,0.9375,273
MOT20-05,2741,601,1821,1713,523705,37d64dee34c1be635ba459ec1e32aeea0bf29a5e7c49d8d9f5d6a5270d01ea40,other_target,dual_retention_add,candidate,412495,4900475,1713,0.15589258074760437,0.6778861482236807,0.5369491606721369,0.8519553613691901,631,0.7730223654206482,28,0.9375,273
MOT20-05,2747,619,1823,1691,524829,09516755f286a122917bafa2d059458bfd1293a6a2e7cd8eb1666092566d383e,other_target,dual_retention_add,candidate,412938,4910348,1691,0.3180241584777832,0.7414611548901135,0.5819685683628955,0.8734235872918715,627,0.5378808712436199,8,1.0,14
MOT20-05,2749,725,1835,1751,525231,e65f437ee9a0fa034506ef325d0da0f6177c5eab9ee25b9f76f2d2c5808072d9,other_target,dual_retention_add,candidate,413130,4914077,1751,0.19162708520889282,0.5966197156441836,0.3237939938103593,0.9389543177926333,854,0.5528227605040325,16,1.0,61
MOT20-05,2750,619,1823,1691,525386,a3207f0bb0a00c9b6325095785dd62ee8cab7be2d15457bf7ab65b33314e291e,other_target,dual_retention_add,candidate,413188,4915520,1691,0.3123554289340973,0.679676024891243,0.6115130139227483,0.8603124434366889,627,0.5323126810136175,8,1.0,14
MOT20-05,2751,619,1823,1691,525571,8fc5de24a6babcf7bf5f63afe062cbd6243a5341137d64bb1f823ff3728ad49e,other_target,dual_retention_add,candidate,413310,4917686,1691,0.7797845602035522,0.6576632152051464,0.6076385767543364,0.8683623211611824,627,0.9219679145025579,8,1.0,14
MOT20-05,2752,619,1823,1691,525756,e5a0acbc043ba3ceb0a75b0df61fbf2b79a520fbe671090b247a2ef85323844b,other_target,dual_retention_add,candidate,413391,4919418,1691,0.6703138947486877,0.8022653070783342,0.588905739355663,0.8669861855088843,627,0.7296161729034044,8,1.0,14
MOT20-05,2757,601,1821,1713,526691,c2e308c7459b2af19b18798bc910d9e5d954a55dd03f43d7f6a8362950c71fbe,other_target,dual_retention_add,candidate,413804,4928208,1713,0.46334606409072876,0.7920546946436309,0.6394986275381526,0.8891104946326926,631,0.7421841410439539,28,0.9375,273
MOT20-05,2760,725,1835,1751,527274,bbd94f2b4363e629ff1cc2b0b456010b8af0188a187e34bfd5877beb839775c0,other_target,dual_retention_add,candidate,414068,4933943,1751,0.2626200318336487,0.6491550416662313,0.3522386189280163,0.9174796430127219,854,0.5478280546575343,16,1.0,61
MOT20-05,2762,692,1842,53,527580,89e2a1a8dd94d45f7c88fc87d90140c8d82af0e632e0ce2bbf31dca7e95be7c2,other_target,dual_retention_add,candidate,414240,4938062,53,0.8434140682220459,0.9213977203395516,0.7604470641530391,0.7746782952767598,731,0.7936331791317389,2,1.0,199
MOT20-05,2763,692,1842,53,527766,e10852d77483d3f9cdcda6871a51aa477a897d1acb1644562fbe217212646a97,other_target,dual_retention_add,candidate,414323,4939794,53,0.8474311232566833,0.9257907121129942,0.7600099695166127,0.7862749688402594,731,0.759341998430604,2,1.0,199
MOT20-05,2766,622,1812,1823,528512,208c1010b58d30b067ad9ee20673ee9792bbce27463fadb46577f146e427b01e,same_target,migrate_replace,source,414548,4944062,1823,0.3898851275444031,0.7945562032814517,0.794556205406277,0.3526446060735949,627,0.9999999769489913,8,1.0,14
MOT20-05,2770,622,1812,1823,529275,2d98a0fbe1b1469e385682c319f69ab4616cb27e0c8fb2aeccc1ce6f57df21d0,same_target,migrate_replace,candidate,414826,4950586,1823,0.28462842106819153,0.5734076660746417,0.5734076636999396,0.45729459518642906,627,0.9999999891322086,8,1.0,14
MOT20-05,2771,622,1812,1823,529467,a3528f6c74deb41d1a7f513f061347ec62614c90ee08920b7a3ac5590d32183a,same_target,migrate_replace,source,414950,4952806,1823,0.6126677393913269,0.6193601217097451,0.6193601278963061,0.4124595834769179,627,0.9999999828101674,8,1.0,14
MOT20-05,2772,622,1812,1823,529659,2a5fd1e7468df0510feb7998508cf05e65bcf2da4e5ba3c4a6fb4afc48463ce6,same_target,migrate_replace,candidate,415035,4954601,1823,0.1693636029958725,0.6239292634023748,0.6239292626080885,0.45414864083707396,627,0.9999999879417603,8,1.0,14
MOT20-05,2773,622,1812,1823,529851,c77df3feb7cef1b034924916fd1a150b6d9f001a309f0d50c914cf7b445ccf5d,same_target,migrate_replace,source,415078,4955961,1823,0.6616514921188354,0.5255042985197856,0.6151441071859476,0.5003889822347912,627,0.7732391699595236,8,1.0,14
MOT20-05,2778,622,1812,1823,530823,22d9da50ff1a0aa280dd8bae737338a275310e1fc0955f77b62e57968509656e,same_target,migrate_replace,source,415531,4965473,1823,0.35437747836112976,0.7202355931463562,0.7202355945274828,0.44432424490238187,627,0.9999999926620469,8,0.7111111111111111,49
MOT20-05,2779,622,1812,1823,531017,b3dff2a31b10509a679b7862c7993b3e44b0d3df1090ef3475053c1bc217ecde,same_target,migrate_replace,source,415606,4967239,1823,0.33881694078445435,0.6299713015698581,0.7171024407933805,0.5224207656086813,627,0.7057593800785534,8,0.7111111111111111,49
MOT20-05,2780,622,1812,1823,531212,b187fbce46076a32434a64e482c0d23ba78ce6be8a19159f88e17f3ea857fa63,same_target,migrate_replace,source,415650,4968580,1823,0.4273931682109833,0.5676599790549562,0.6673623701625098,0.5686609322964464,627,0.8349602031615985,8,0.7111111111111111,49
MOT20-05,2783,622,1812,1823,531796,c7139a9c6ce53a02694ce7cf391ea18d7bb2771d23ae1ad88b681f90cc37e72b,same_target,migrate_replace,candidate,415898,4973925,1823,0.7400183081626892,0.7199018372549016,0.719901836543819,0.5508282206695345,627,0.9999999936039877,8,0.7111111111111111,49
MOT20-05,2784,622,1812,1823,531990,37bea77509924872d5ea71b2ee612816b79cd080eeccb607f773babc92051e3c,same_target,migrate_replace,source,415980,4975747,1823,0.8014410734176636,0.7223619939650143,0.7521071050488541,0.5542517796538384,627,0.903644509089779,8,0.7111111111111111,49
MOT20-05,2785,622,1812,1691,532051,6f8d6012e45aeaca570d857c61e7dd4de742bb9c3c8a94383a3a4cffdf8869c3,other_target,dual_retention_add,candidate,416060,4977525,1691,0.8000220656394958,0.7583742536713713,0.4073519943641405,0.9114870011622339,627,0.5075848727901626,8,0.7111111111111111,49
MOT20-05,2786,600,1822,1713,532250,7f540a26c1fb5a3212081d5f8d4b67f8b13fad2330bc1204b5d337058c36616d,other_target,dual_retention_add,candidate,416181,4979877,1713,0.7861172556877136,0.5464455192110091,0.5389940440097122,0.8312029373388166,631,0.9683848037996629,12,1.0,300
MOT20-05,2789,600,1822,1713,532834,08dbfbc48a32ffdf58ef6f50c62fae35f09be6e0891af3a92b724c42cc6a6862,other_target,dual_retention_add,candidate,416436,4985235,1713,0.21337482333183289,0.5194971343950086,0.5194971292985253,0.8427033466771997,631,0.9999999893172066,12,1.0,300
MOT20-05,2789,610,1765,1719,532836,492b37f571e7e3df6fb3d63b10eb4da8e187f5d6dc57fa9fed0d0cd10aaeb05b,other_target,dual_retention_add,candidate,416435,4985221,1719,0.38297533988952637,0.8628311260953787,0.5269543602941017,0.8887306363345404,603,0.5884198594250087,3,0.9757281553398058,472
MOT20-05,2790,610,1765,1719,533029,4b03ed0591a3d35b3b97594c91461422a38e57182ca5f7fec4321999a9196ec5,other_target,dual_retention_add,candidate,416516,4987017,1719,0.47170957922935486,0.8400439184714205,0.5222200159935676,0.8914440703314751,603,0.5833496354869929,3,0.9757281553398058,472
MOT20-05,2793,600,1822,1713,533613,ef3723081cda8421d8845e810b7f2618b6ccab826c3d844f73be48fc459770c7,other_target,dual_retention_add,candidate,416764,4992468,1713,0.1426650881767273,0.7822423992381307,0.414573374901027,0.7820256419317441,631,0.5295828315820071,12,1.0,300
MOT20-05,2794,600,1822,1671,533794,a8e222632be3543671ff404988338272374622c8d3a4bcf581048bb1d703cd2c,other_target,dual_retention_add,candidate,416844,4994299,1713,0.13709883391857147,0.5849182936654832,0.33631488181442337,0.828753489094087,625,0.5842216497143872,12,1.0,300
MOT20-05,2806,572,195,1796,536197,381441cd9f29d5f0efa33c1f6077ed7bcb892b845c5b12ec9c727fb1e582f9f7,other_target,dual_retention_add,candidate,417834,5016290,1796,0.5290818810462952,0.7443690172999299,0.7334099144054534,0.9417147024871184,571,0.9338690506957862,3,0.9985704074338814,2815
MOT20-05,2807,572,195,1796,536393,28d82a6f4e2cffd337dbb070386dbc4a5a627394516a54c2ad4b8f7ac2928b88,other_target,dual_retention_add,candidate,417910,5018119,1796,0.1934811770915985,0.8331217861350957,0.7234463712114927,0.923080487094248,571,0.8140891977512993,3,0.9985704074338814,2815
MOT20-05,2808,572,195,1796,536589,897594ffcded15327a5cfee1787ba69936fd686278f92022158a846032351eea,other_target,dual_retention_add,candidate,418001,5019949,1796,0.6404564380645752,0.7521578442693994,0.7116754513024748,0.9141111954555653,571,0.8660704708436257,3,0.9985704074338814,2815
MOT20-05,2827,572,195,211,540350,44219873ee87cb875549620aef154a5d3d1b1c93f5d8f9a6f5905e566476ed58,other_target,dual_retention_add,candidate,419521,5054092,211,0.23111627995967865,0.6465097058345722,0.481974022392773,0.8638694848988061,573,0.7301803433209691,13,1.0,18
MOT20-05,2829,572,195,1796,540704,41223e3e2f0c8d840369014de6e99d820611ccfc5c20106aef86a4e666680605,other_target,dual_retention_add,candidate,419689,5057760,1796,0.8310060501098633,0.62264900885151,0.6326495860552199,0.8987098589087077,571,0.9746844164098591,13,1.0,18
MOT20-05,2831,572,195,211,541132,c0ad6fea4fdebdbbfe6519b105b14c395c67375cf89e2c1dd6c2ff24ff79122f,other_target,dual_retention_add,candidate,419848,5061320,211,0.8325532674789429,0.5740315445699397,0.5740315379396698,0.8928567950418839,573,0.9999999856741182,13,1.0,18
MOT20-05,2832,572,195,211,541325,7c54ce4f1bbf8d4bef15de092c6c347b0428f70788ee262056d96d006b6eee3b,other_target,dual_retention_add,candidate,419929,5063132,211,0.8273700475692749,0.5821765565008593,0.582176549146661,0.9141801357626581,573,0.9999999756876341,13,1.0,18
MOT20-05,2833,572,195,211,541519,6c253d9edc878e9dfe93a580e343fe6c44da917498e3098f71520eeb194e8c51,other_target,dual_retention_add,candidate,420013,5064925,211,0.8118282556533813,0.5892876516057965,0.5892876539552085,0.9259985704252598,573,0.9999999857396679,13,1.0,18
MOT20-05,2834,572,195,211,541714,843f41aebbe5b1bed64883c233b0fbbaaa4e2b307451c4167289b0a9206c00b4,other_target,dual_retention_add,candidate,420096,5066725,211,0.8177387118339539,0.6087326494703046,0.6087326483000017,0.9335438804229811,573,0.9999999910288832,13,1.0,18
MOT20-05,2835,572,195,1796,541873,a32975be2f45ba86e2893d54d482b5644ebbb052cc8347a86480e792ff932136,same_target,migrate_replace,candidate,420223,5068996,1796,0.7473589777946472,0.9097806897009749,0.7625161265861953,0.7410505498479452,571,0.824531206722844,13,1.0,18
MOT20-05,2836,572,195,1796,542068,ee7b822e4b7e34da975505a0cbebec3085a0e74fe4499caf2f1b5e05f3f37b03,other_target,dual_retention_add,candidate,420302,5070795,1796,0.6031056046485901,0.616527729540556,0.7151811515228076,0.8364178142599094,573,0.8504787826968777,13,1.0,18
MOT20-05,2837,572,195,211,542299,694405c3f6ade30af8ed5280c684a9fa4fc010de95ff39287589700a87f203a8,other_target,dual_retention_add,candidate,420400,5072650,211,0.6955080032348633,0.6538628951938656,0.6538628947457761,0.953833044243852,573,0.9999999739829724,13,1.0,18
MOT20-05,2838,627,1812,1691,542412,10acdcd14f5541d775611ef71079deea9c511af09ae8e37fdacf360fff374921,same_target,migrate_replace,source,420438,5074093,1691,0.4360107183456421,0.9135661671642382,0.9135661689917445,0.6620370650486388,619,0.9999999887136182,1,1.0,2
MOT20-05,2838,572,195,1796,542461,4cf0eec14c0737b042054e516653c3f2dc2a40257c9644e70e9b1f9847c8615d,same_target,migrate_replace,source,420478,5074524,1796,0.7412165999412537,0.8652200637823031,0.8652200781841936,0.6355872882909155,573,0.9999999805280967,13,1.0,18
MOT20-05,2842,661,1929,1936,543342,eb897f3c467feb895b0bf4e7beee25a062d76c07e50abcd5136deb5180ef964f,other_target,dual_retention_add,candidate,420809,5081727,1936,0.69072425365448,0.5405396229923761,0.5078750529953258,0.9129953436210482,812,0.9322493168014653,10,1.0,421
MOT20-05,2843,661,1929,1664,543509,c9ec7ba15b6a93bb71ab0adeb96992424489f12ea6616fc17aba83c4e7b2268f,other_target,dual_retention_add,candidate,420896,5083603,1664,0.7479528784751892,0.5788971464174759,0.576800872270432,0.8080382471242636,788,0.9173594848642066,10,1.0,421
MOT20-05,2844,661,1929,1664,543702,4a0ed8755d3a8e2e108ce5461b09a4bb5fc4e75ff352374dd7d5a767a9b50e81,other_target,dual_retention_add,candidate,420974,5085399,1664,0.5305154919624329,0.6255568347420318,0.6405626573262398,0.794592580542041,788,0.9496259161470829,10,1.0,421
MOT20-05,2845,661,1929,1664,543895,e5aae70c191c7497c40abe43e6ef815578b646629a2310b474a62fabd1e8e8bc,other_target,dual_retention_add,candidate,421070,5087213,1664,0.6178118586540222,0.6600404499938458,0.6882868508774742,0.7708113003517046,788,0.9528545213647476,10,1.0,421
MOT20-05,2846,661,1929,1664,544088,2bff3cd530488e2dd23d9984337e89e5a481ace24f17b1adf92d679cc10ca568,other_target,dual_retention_add,candidate,421143,5089014,1664,0.6569667458534241,0.7041084787451689,0.7113057482929402,0.7994417272997835,788,0.9555504466497505,10,1.0,421
MOT20-05,2847,661,1929,1664,544279,808139b688124b37077ee36271b96a8daf552730e759e22bb5b38abdff0f4bdc,other_target,dual_retention_add,candidate,421223,5090800,1664,0.7868735790252686,0.6952148501348882,0.6949296513790592,0.8311828786739877,788,0.9580161034395858,10,1.0,421
MOT20-05,2848,786,1724,100,544308,4b41c7b0fc8ba02dad610b4ce1d99dcdc4a0460c8d06b60a1c122e30f782a85b,other_target,dual_retention_add,candidate,421291,5092406,100,0.8743020296096802,0.7914407310828918,0.5782794939041274,0.9020014712938111,906,0.6946343768252708,1,1.0,434
MOT20-05,2848,661,1929,1664,544469,9482bc8357512175fb305df2a058762af8249c1128103cb24fa4f9b52b0ea781,other_target,dual_retention_add,candidate,421305,5092567,1664,0.2898697555065155,0.7438083980377307,0.6667703226215297,0.8230482700105104,788,0.6825226288660486,10,1.0,421
MOT20-05,2849,806,129,1163,544509,19f4aba9e79a57932c8302b10596b6755f61b88495f44afdb12dba49415811eb,other_target,dual_retention_add,candidate,421371,5094144,1163,0.7877361178398132,0.6151215892139459,0.6151216050448298,0.7598016437333482,922,0.9999999671874503,1,1.0,3083
MOT20-05,2849,661,1929,1664,544658,c5546df20a19c32442d1fa7218cf469dc72f7e0464b72ca29dadf5ed7626c860,other_target,dual_retention_add,candidate,421393,5094358,1664,0.24152056872844696,0.7826055959893219,0.6673692350400696,0.8692234833332114,788,0.6207261244636002,10,1.0,421
MOT20-05,2850,661,1929,1664,544848,2e2693d1b93df82c6fe03dcdbfdc2406f1afe2c9106b8ca7248e8f51bd7ef30e,other_target,dual_retention_add,candidate,421476,5096169,1664,0.38607239723205566,0.8184967372299654,0.6008107094890666,0.8203859218402211,788,0.5636753212970946,10,1.0,421
MOT20-05,2851,661,1929,1664,545039,ab9a7092ce5ed7138b0f5c762e73fc7325b976121a206147638decb6cf36087d,other_target,dual_retention_add,candidate,421511,5097525,1664,0.49923521280288696,0.8350536164297826,0.57320725296407,0.8161762771756723,788,0.5107216658006138,10,1.0,421
MOT20-05,2856,786,1724,100,545842,33681b0704c53cf59790783bcce37ec4d4eb1562236b1b63e19950b57b4677b1,other_target,dual_retention_add,candidate,421982,5107464,100,0.8815894722938538,0.8486793416253143,0.6328872915117895,0.9031418875367001,906,0.7213331925140815,10,1.0,428
MOT20-05,2857,786,1724,100,546033,68623e1b48080bfeb317e0e196c56042fd1769d46ec0b2495e3be97fbc2581f6,other_target,dual_retention_add,candidate,422061,5109254,100,0.8759121894836426,0.8727434673623491,0.6606702108854972,0.9088390041723755,906,0.7406974276352644,10,1.0,428
MOT20-05,2857,643,606,1715,546082,866ff95d752c8df07177ef9a2709effdec39316f9f497460af1d8c959e622d94,other_target,dual_retention_add,candidate,422049,5108804,1715,0.839083194732666,0.6718973242290657,0.6658205947168929,0.8931878741531151,891,0.9542164135412929,13,0.9322033898305084,2436
MOT20-05,2858,786,1724,100,546222,446f85d153c3282d9f0ef3c1ec3427598cb69c29704a2a1b6a97bf5ab33aad11,other_target,dual_retention_add,candidate,422147,5110945,100,0.8674823045730591,0.815794479146213,0.6813126811226645,0.8993445612192906,906,0.7613438508658863,10,1.0,428
MOT20-05,2858,643,606,1715,546271,ee9049786b592e20356f9bfa095b8969f1cb346c355a4a63b29e3b838f32b55a,other_target,dual_retention_add,candidate,422137,5110561,1715,0.24939404428005219,0.7777944888294728,0.6565118482334155,0.8796025900300711,891,0.8301169117458913,13,0.9322033898305084,2436
MOT20-05,2859,786,1724,100,546411,c45db73f1a51001032b9cacfd73fdb2f2a0d14be6b401616baae97c9e72d32d3,other_target,dual_retention_add,candidate,422229,5112702,100,0.8969334959983826,0.8141854256449653,0.701005945258434,0.8961406257769124,906,0.7555907694334616,10,1.0,428
MOT20-05,2859,643,606,1715,546460,99abfcfa992dc3af1fc9cc2443b9f04dc4f845a138efaac07003af5b8eea5e46,other_target,dual_retention_add,candidate,422221,5112399,1715,0.8437696695327759,0.6167944988072216,0.633475865700352,0.9037615626481387,891,0.9321006568793685,13,0.9322033898305084,2436
MOT20-05,2860,786,1724,100,546599,3b44a4a46bd5b4a40769b81ae708eaa6e641fcb4bfb3d044b0732dfd90c3f876,other_target,dual_retention_add,candidate,422308,5114456,100,0.8968119025230408,0.8342184771118721,0.7360398631731562,0.8884020358420235,906,0.7267173145479136,10,1.0,428
MOT20-05,2860,643,606,1715,546648,0d7dfa7ef673fce9ea65120ce352bfc2ccb79b8dcbb9fc8d154fca001741377a,other_target,dual_retention_add,candidate,422301,5114156,1715,0.7843906283378601,0.5962214891683304,0.6060198594187369,0.902663981135748,891,0.9223991534327766,13,0.9322033898305084,2436
MOT20-05,2861,786,1724,100,546786,fdbbcb9d30fd833eb4e02fe2ec28177c624cf20887a28e2b808987a2747406a9,other_target,dual_retention_add,candidate,422391,5116214,100,0.9007355570793152,0.8669135784005516,0.7588969988082159,0.8925779330432526,906,0.7244146059774195,10,1.0,428
MOT20-05,2861,643,606,1652,546870,c81908e6658a498aa2ccb2f70c6c6a2a9db035c3629adeb618ddd3ae781380a9,other_target,dual_retention_add,candidate,422345,5115408,1652,0.8553104400634766,0.5889189049796028,0.5889189155886958,0.7980507738191084,724,0.9999999796918015,13,0.9322033898305084,2436
MOT20-05,2862,786,1724,100,546974,297cd6982384f9d8f0ca3eb9d6e240c9c6509ead1d1e5e3aa1d1d2337a1fbeca,other_target,dual_retention_add,candidate,422473,5117978,100,0.8998183012008667,0.8450039555371969,0.7461270912008072,0.8951673062318969,906,0.7072892721957569,10,1.0,428
MOT20-05,2862,643,606,1652,547058,a149ad0e2162a009ef7d1dbb129b401d343faaeda4946339c6572327b2e65366,other_target,dual_retention_add,candidate,422433,5117162,1652,0.8583654165267944,0.5902460125486525,0.5902460213357534,0.7680652966395695,724,0.999999982782753,13,0.9322033898305084,2436
MOT20-05,2863,786,1724,100,547163,571ffd957ffcdd169968edd618256e2cfddcc93145a2c8d454994cdad68b10ee,other_target,dual_retention_add,candidate,422556,5119815,100,0.8862712383270264,0.8714004179349063,0.7491889415328131,0.9057422836809303,906,0.7125010091729062,10,1.0,428
MOT20-05,2863,643,606,1652,547247,4ad1fe48abe3b83c9d337fca49de89f8188cf954de8bb01c5f2ec8e34126c1b2,other_target,dual_retention_add,candidate,422518,5118938,1652,0.8525344133377075,0.6346101056490612,0.6346101029304837,0.7799300341570381,724,0.9999999904962145,13,0.9322033898305084,2436
MOT20-05,2864,786,1724,100,547352,1a61f0240d89edd728d8dc3931c8d024c5b1232dbbf63ae4fdb0ebeacf110804,other_target,dual_retention_add,candidate,422640,5121507,100,0.8991397023200989,0.8626713827299436,0.7440299445793161,0.9004117558624094,906,0.7055507091095002,10,1.0,428
MOT20-05,2864,643,606,1652,547436,ea9f3750bc950060daa54676897929ea0358b2a0311f441d92f739c74aeb6401,other_target,dual_retention_add,candidate,422598,5120710,1652,0.8443970084190369,0.6335269389811977,0.6335269334517953,0.761862317334112,724,0.9999999913258063,13,0.9322033898305084,2436
MOT20-05,2865,786,1724,100,547542,0f8ec5a21825f2ce253fce5ba2ae0557971043dbb5bc0aead1f4662ab9d8564d,other_target,dual_retention_add,candidate,422724,5123263,100,0.8981381058692932,0.8588229817019815,0.7372560378137539,0.8983888690608345,906,0.7047388992330809,10,1.0,428
MOT20-05,2865,643,606,1652,547626,f75b4115600b36e5283092df6beb86df1c794d96e2ebe7125d2f927e23532055,other_target,dual_retention_add,candidate,422679,5122465,1652,0.8358931541442871,0.6509944526399407,0.6675287861550169,0.7588290685926765,724,0.9532543721197736,13,0.9322033898305084,2436
MOT20-05,2877,692,1842,1862,549968,a719eac4b8dcdf0e5e6e2c6be005e655fb6f1119dee0f1e1d3a2f1f76860edf8,other_target,dual_retention_add,candidate,423714,5145059,1862,0.8541051149368286,0.871172254812676,0.6398468844979028,0.9006805226903308,693,0.7033428862921455,1,1.0,183
MOT20-05,2886,699,1930,1842,551773,c46a79cd456a253c073f2f96a1a40ff0636db166cc9dbe2dd4ffd896a87a0ee3,other_target,dual_retention_add,candidate,424465,5161131,1842,0.7430710196495056,0.6592817314834473,0.6091392866622285,0.8726404872314305,692,0.8989741835313726,7,1.0,326
MOT20-05,2887,699,1930,1842,551965,85a5a1f12cfbe1ffb668450af2655e5be703b0b5096501fd3180c0d7c22516a9,other_target,dual_retention_add,candidate,424546,5162891,1842,0.8281906247138977,0.689115683222531,0.6693346251022596,0.9004006211743093,692,0.9650908056976826,7,1.0,326
MOT20-05,2888,699,1930,1842,552157,b53de55b30a2504b53e62cbcbd5de30695f3323cbd80bede78ba06b8e5542bba,other_target,dual_retention_add,candidate,424629,5164688,1842,0.8380473852157593,0.6811435049408574,0.6811435027466689,0.9201740024644994,692,0.9999999915029493,7,1.0,326
MOT20-05,2889,699,1930,1842,552351,11b64a2d01f26f71d2f89f6ae23608a5bcc90bfabd439dc4a1d8dd1fcfa093af,other_target,dual_retention_add,candidate,424712,5166476,1842,0.8456507325172424,0.6818216379102489,0.696740983693828,0.8900048740885048,692,0.9628609507529576,7,1.0,326
MOT20-05,2891,699,1930,1842,552742,efe9a487cf37d7fbf12fc2b9ebe104e8534a8aeb2a44a7187b91632e0a2b843b,other_target,dual_retention_add,candidate,424876,5170057,1842,0.6555597186088562,0.8344742407318712,0.6850941432018768,0.8156931904007111,692,0.7449459573286275,7,1.0,326
MOT20-05,2917,836,11,1207,557594,abd8ed9c765993da8df3f1319eb32541293fcc89553e48efe6c32a443b48ca62,other_target,dual_retention_add,candidate,427029,5216281,1207,0.09963208436965942,0.8234503421814072,0.6514612827469772,0.9491706074137769,837,0.7021797702188612,7,1.0,2916
MOT20-05,2918,836,11,1207,557785,67de17380ad578009687c27cd10a59f3fa4a94534a9f5ba0a0a7b06fed4c289e,other_target,dual_retention_add,candidate,427111,5218013,1207,0.47713160514831543,0.8417001345311936,0.6701442118176819,0.9501281119222251,837,0.7644490729601391,7,1.0,2916
MOT20-05,2919,836,11,1207,557975,dcf4396cb7ed7a7ea270ce884f6db9646cd889e4a16ba203a2e08d87fb512e21,other_target,dual_retention_add,candidate,427189,5219730,1207,0.7516933083534241,0.8033898239330047,0.6621523306639636,0.9536722936626316,837,0.7231001178866573,7,1.0,2916
MOT20-05,2920,836,11,1207,558165,2ffcaddf8b6367504368448d464a9bf25639f01613119337d15380d3a92f2134,other_target,dual_retention_add,candidate,427273,5221464,1207,0.8432850241661072,0.7282359782527907,0.6594264910285933,0.9311215900908856,837,0.7064051839859438,7,1.0,2916
MOT20-05,2924,836,11,1207,558929,d452745b992fdbb524d5de9080c975f3152de5a226844395bcd89c59000632bb,other_target,dual_retention_add,candidate,427604,5228467,1207,0.7514033913612366,0.7215980310119504,0.6408230053457509,0.8427839965161401,837,0.7052806102413651,11,1.0,384
MOT20-05,2925,836,11,1207,559118,6f78b4636d2a5ecd28b3f83486187d4f6c97a28499475e880643cd6e64b5a5b2,other_target,dual_retention_add,candidate,427687,5230245,1207,0.6412554383277893,0.726264117688878,0.6306052964593182,0.8472863035238911,837,0.7104929926554875,11,1.0,384
MOT20-05,2926,836,11,1207,559307,7de82acffa7d1bece23c97fd0dd83c083bac6678dc50cecdee348d0bd9b26ea1,other_target,dual_retention_add,candidate,427770,5232032,1207,0.49837324023246765,0.718238220362444,0.6204904995693757,0.8357454575158092,837,0.740744294118874,11,1.0,384
MOT20-05,2927,836,11,1207,559497,2120a0801716879d2c9aab50476a445fb931813ab60174c72e3df50377129dcc,other_target,dual_retention_add,candidate,427855,5233814,1207,0.6701661944389343,0.7296630313408611,0.6163303593127045,0.8199327237390858,837,0.7471860567739522,11,1.0,384
MOT20-05,2928,836,11,1207,559686,289b03d7244843bac8f79fadb8d13b2ef8bb7c8f6c2173b89ad8a909ff5017c1,other_target,dual_retention_add,candidate,427935,5235587,1207,0.5248032212257385,0.7306748300860768,0.5969228698700315,0.8320743549814893,837,0.7408820450798975,11,1.0,384
MOT20-05,2929,836,11,1207,559875,8ef54fdafeb67a74a08cca2ba39038ccc41ff052bebf22bae1d726dadfcc0ab2,other_target,dual_retention_add,candidate,428021,5237361,1207,0.7613582015037537,0.7279075847891188,0.5864469144459725,0.8372523719771006,837,0.7309312110279867,11,1.0,384
MOT20-05,2930,836,11,1207,560064,789b1d4504fe23091a4bc40d51e6bca6971a97a2200efa410e5bfb9277abfcbb,other_target,dual_retention_add,candidate,428101,5239197,1207,0.5575059056282043,0.702904754630053,0.5749939076365609,0.8462483959192451,837,0.7441492825973491,11,1.0,384
MOT20-05,2932,674,1352,63,560489,17fd7bf5284428e155b737d45aded111d2df315dfc6e51aec51131f05204114a,other_target,dual_retention_add,candidate,428261,5242308,63,0.8709295988082886,0.9503448458843579,0.7154057377562222,0.8793740873233556,675,0.7042575433755662,1,1.0,832
MOT20-05,2941,726,1710,1845,562235,aa11e3854d3148f5d24a5bdf6257e2eb165bd9e015d9102befe2c73acb6f3863,other_target,dual_retention_add,candidate,428952,5257665,1845,0.8239027261734009,0.8788138143338685,0.7217527932987717,0.8088233812975362,647,0.7106219099921595,1,0.8533333333333334,303
MOT20-05,2942,795,1934,1915,562473,e17a8c6b32541145edb887a1257c4aa7dc5ff42d81c92314d7c5b65302318620,other_target,dual_retention_add,candidate,429102,5260840,1915,0.825218915939331,0.9668929590110217,0.7028435850781225,0.7885994573840877,801,0.7240620039670735,1,1.0,484
MOT20-05,2945,726,1710,1845,562998,af348bb5fa211f6187b46ba266a5fba729255e7eadff7bccc5cb49e13d5759a6,other_target,dual_retention_add,candidate,429280,5264785,1845,0.8151870965957642,0.8127592626390802,0.6329457141818527,0.8428069882490619,647,0.7052216164078234,3,1.0,38
MOT20-05,2946,726,1710,1845,563188,b9b9e5f5c588392de01411b99a62aaf081bd0a5f55aee9955d7fe71056a72062,other_target,dual_retention_add,candidate,429368,5266569,1845,0.8048016428947449,0.7727977165174434,0.6215369735321057,0.8715834846732662,647,0.7247168061472391,3,1.0,38
MOT20-05,2947,726,1710,1845,563380,58054a7a94c2293f6824324b0c1411c1488daef9bf2d6d411a969e5abc166c65,other_target,dual_retention_add,candidate,429453,5268372,1845,0.8264672160148621,0.7539333487895868,0.6034763963921469,0.859885736189162,647,0.7152879710313055,3,1.0,38
MOT20-05,2968,654,1748,1751,567295,97793f9a921af111732bdaeeee8074b2311d6878e3082ff1570a1f88a2d2d26d,other_target,dual_retention_add,candidate,431241,5305946,1751,0.8479554653167725,0.715151820832719,0.7024980172097486,0.910569534126323,854,0.9387010172950987,9,1.0,357
MOT20-05,2969,654,1748,1751,567482,c42df7644275d2636a4bfd7327f9eaf025d0691f9835d739c431377f6d6eca5c,other_target,dual_retention_add,candidate,431321,5307611,1751,0.12592650949954987,0.8216130633735682,0.7021547570398724,0.8803214125352673,854,0.7301316049698321,9,1.0,357
MOT20-05,2970,654,1748,1751,567669,b991f04437fc418322e01c74f58a10118a5115e54d80c17f707dd91645525499,other_target,dual_retention_add,candidate,431409,5309455,1751,0.8436638712882996,0.7300231815476617,0.7382087361823617,0.9026621003618627,854,0.9563959268480026,9,1.0,357
MOT20-05,2972,654,1748,1751,568044,59abdeafdb0232376fe1d8f0dcdbc0b0b93eae58a06ba008a0fd42fe68e49be1,other_target,dual_retention_add,candidate,431576,5313004,1751,0.8430753350257874,0.6899329895383558,0.7089229197285593,0.8495809654565201,854,0.9589053154416703,9,1.0,357
MOT20-05,2973,654,1748,1751,568231,86f38cb56d95fd0a1f8107cd9ed90c192189804f972a585238f3035952155132,other_target,dual_retention_add,candidate,431661,5314729,1751,0.8550615310668945,0.6954383532835648,0.6944908076615777,0.8291975808830435,854,0.9564937823855428,9,1.0,357
MOT20-05,2974,654,1748,1751,568418,65d1c2078d52985793444207bf055421e5c8342e417d012b786ca6c419bd3489,other_target,dual_retention_add,candidate,431702,5315950,1751,0.7014009952545166,0.6896944143152963,0.6896944170614698,0.8608846927142899,854,0.9999999920998718,9,1.0,357
MOT20-05,2974,647,1845,1710,568541,86077938110598844dcd2cf8dce9a6fd1a19862eb89fc8a407f07a145bbb9425,other_target,dual_retention_add,candidate,431736,5316279,1710,0.8050378561019897,0.8262178448295895,0.7424083427095289,0.8590120805848738,726,0.6949038121504137,1,1.0,340
MOT20-05,2975,654,1748,1751,568604,003c67726d811aef53080d98c1c6019faef5549cf16901fc528d026c76b9cea4,other_target,dual_retention_add,candidate,431784,5317708,1751,0.8314353823661804,0.6950299308678093,0.6950299352610337,0.8733427684681148,854,0.999999989787848,9,1.0,357
MOT20-05,2976,654,1748,1751,568792,3ed0f5e141bde4c9d62c6d265294d7e3a5079461f3468fcb2b44309d024cb20a,other_target,dual_retention_add,candidate,431869,5319455,1751,0.8063928484916687,0.7191121755315093,0.7191121801839603,0.8465071351932949,854,0.9999999810493863,9,1.0,357
MOT20-05,2983,726,1710,1845,570248,406a914d48eee14f78547083fd99cc36e93e43c697597db32a0a64496752d05d,other_target,dual_retention_add,candidate,432432,5331684,1845,0.5433788299560547,0.8455313293467708,0.7014496637437965,0.8680025533428172,647,0.7174289951708223,2,1.0,36
MOT20-05,2984,726,1710,1845,570438,be5d8ab4eab885356baa18c50ec505237a53901fd1f2b63b8796fc52d5fa62a5,other_target,dual_retention_add,candidate,432515,5333461,1845,0.7660016417503357,0.8429841683791913,0.6991576576528027,0.8648825794673287,647,0.7274108939078267,2,1.0,36
MOT20-05,2986,726,1710,1845,570820,5d4535956a9aae7a1d2267cc198b16c0b5c124088317b6501d4142e63e81a10c,other_target,dual_retention_add,candidate,432683,5337006,1845,0.6188514232635498,0.8478276474834574,0.6613762768074901,0.8561532634962155,647,0.7091054413776462,1,1.0,129
MOT20-05,2997,631,1713,1712,572778,963fd0256f4a1c6793543fccfab7d2d91229aacdb0d2bddb18e75029706ab4fd,same_target,migrate_replace,source,433637,5356962,1712,0.8340628147125244,0.6739858030585549,0.6739858052573877,0.6359611886033772,630,0.9999999789158855,11,0.7818181818181819,616
MOT20-05,2998,631,1713,1712,572966,faefe5b6c121e9b0cf1702ee4d8a5153254db70842e4b23f01fab5d2320b1d29,other_target,dual_retention_add,candidate,433720,5358690,1712,0.804892897605896,0.5949759108857738,0.5949759162526818,0.7738426160707729,630,0.9999999827315024,11,0.7818181818181819,616
MOT20-05,3001,631,1713,1622,573661,203f1241030e53fbf8405e3235c1d68719178bfa7f66cf5fb4d8aa10506eb2e3,unmatched,replace_unmatched_host,candidate,433968,5363916,1622,0.470133900642395,0.6873932228366543,0.4732270651028651,0.37017403128862486,570,0.593633535380092,11,0.7818181818181819,616
MOT20-05,3001,715,1975,1982,573665,3ae81d9ff0dcac84bcbd2d6236d4fe1f0d9816135b15fd4b9d640bccf4abaa20,other_target,dual_retention_add,candidate,433995,5365005,1982,0.8128352761268616,0.6500142309356649,0.526010169491526,0.8429643145551347,783,0.7196342352884881,1,1.0,45
MOT20-05,3002,631,1713,1622,573850,d976809f557c2bbb270c5b5cfce57cfc47ba2f87493045f22a2ea048774c4221,same_target,migrate_replace,candidate,434047,5365692,1622,0.6070243716239929,0.6433821566197355,0.5733658376293054,0.5494392508255184,570,0.8823493125511415,11,0.7818181818181819,616
MOT20-05,3003,631,1713,1622,574039,09b424d5c59e4e4544a708aa4c8273a31be475822669322acfff85a71ecf760f,other_target,dual_retention_add,candidate,434089,5366939,1622,0.7092577219009399,0.598868618323355,0.5711303330158503,0.607680971705091,570,0.9518896613912001,11,0.7818181818181819,616
MOT20-05,3003,715,1975,1982,574043,5a944ee67f0c305a544d4cbc994d59e642eb01e43c002cabf882b360843c9452,other_target,dual_retention_add,candidate,434162,5368553,1982,0.822526752948761,0.6451221371898925,0.5785587002810723,0.8613873946778542,783,0.7145239167881976,1,1.0,5
MOT20-05,3004,638,1653,1750,574108,87d72602e7192682d152584e0e1f82d9684f531efa7cb8f2528e98036f9c848d,other_target,dual_retention_add,candidate,434176,5368860,1750,0.6687156558036804,0.8532168370220691,0.7875450408878985,0.8505200428726781,639,0.8335497252410367,2,1.0,394
MOT20-05,3004,631,1713,1622,574224,db48cbf3faca5f5973b307c2968b1a0e9485caa9dc5452fd57e729af6e9a81ed,same_target,migrate_replace,source,434221,5369297,1622,0.3752674162387848,0.6145132965583765,0.6832418140638468,0.5170957804464219,570,0.6532353461489189,11,0.7818181818181819,616
MOT20-05,3005,638,1653,1750,574296,6303e972c7f7a4b1f86586c90cda24a2199a950bf2376e997999b7db39abe005,other_target,dual_retention_add,candidate,434302,5371094,1750,0.8306124806404114,0.7556167343378202,0.7556167331656795,0.8995101724545553,639,0.9999999670803327,2,1.0,394
MOT20-05,3005,631,1713,1622,574412,2272454616c9501ccbae266571cb188aecfc2d3939efd337eda4e597d253e198,same_target,migrate_replace,source,434300,5371054,1622,0.5675241947174072,0.6894570809458919,0.7149007457627121,0.5093328659614652,570,0.7700237682147268,11,0.7818181818181819,616
MOT20-05,3006,631,1713,1622,574601,5894590bde0a95c62545b7615dba8d7d2c11462e07e53daf87f74d8d8829f7d4,other_target,dual_retention_add,candidate,434384,5372844,1622,0.5827646255493164,0.6256763362656197,0.5948458170683205,0.6539141004067137,570,0.7674812717983541,11,0.7818181818181819,616
MOT20-05,3007,631,1713,1622,574791,d06bb396310bf6cc42ce872fd2403e4c1a6bcb14bdea0314bf11c963539e75f5,same_target,migrate_replace,source,434471,5374615,1622,0.6184338331222534,0.7513160869748139,0.8116379235760636,0.5009108810276626,621,0.7931302852807447,11,0.7818181818181819,616
MOT20-05,3008,638,1653,1750,574866,b41c65ef5a139bacbfc1a2eda869c9bab82acbef75a5bcfc741e050d8607c254,other_target,dual_retention_add,candidate,434510,5375968,1750,0.8186205625534058,0.8686977148848126,0.674172973372465,0.9196859632083896,639,0.7391368933221116,9,1.0,3
MOT20-05,3008,715,1975,1982,574986,60347d2397fd95be7cc9a9cfbc4649eca579005c7621b2136b7521a99bb3ad30,other_target,dual_retention_add,candidate,434578,5377434,1982,0.8472362160682678,0.6758773067112702,0.5674726005797219,0.92237035644341,783,0.7253346689032565,4,1.0,308
MOT20-05,3009,638,1653,1750,575055,d9e65c621c20e3f2449edf7e5c615c9e65b8279db8ded93f94389ba12c2c421a,other_target,dual_retention_add,candidate,434592,5377741,1750,0.8298397064208984,0.8493388670274556,0.7208404893948493,0.8174323793430374,639,0.8122764188920828,9,1.0,3
MOT20-05,3009,715,1975,1982,575175,c5b2ead7e55fd808b641b246ecaefa0ca1034b83949cc28fa6f5461e7b213b27,other_target,dual_retention_add,candidate,434660,5379178,1982,0.8257808685302734,0.6811161303735197,0.5932284816266767,0.9272380825121174,783,0.7524896453714921,4,1.0,308
MOT20-05,3010,638,1653,1750,575244,00a60c1f3e849e9e12686fe7624b3155316d90ef9e8f2d1ea1af7740b1cb4b28,other_target,dual_retention_add,candidate,434724,5380038,1750,0.8412452936172485,0.7818848221729054,0.7818848258915182,0.7882220881449814,639,0.9999999860303899,9,1.0,3
MOT20-05,3010,715,1975,1982,575364,e62aa01608ee4014a333785c450601c571da41d8196d810dcb760dde14691dd0,other_target,dual_retention_add,candidate,434744,5380986,1982,0.8521720170974731,0.7286739181468492,0.6139365842561649,0.9187145330146248,783,0.7537404361574369,4,1.0,308
MOT20-05,3011,638,1653,1750,575433,7911b840d19b1ade769fd4d57871eb5d03d047f61c8238e016efa72736a5b6de,same_target,migrate_replace,candidate,434757,5381256,1750,0.8490912914276123,0.843415512321916,0.7972779427202772,0.7451304739773014,639,0.9055339847803899,9,1.0,3
MOT20-05,3011,715,1975,1982,575552,967b39fbb5651947c65bb3c35f893d9a3e50742e16546c6490062ae7823b524e,other_target,dual_retention_add,candidate,434827,5382732,1982,0.8201151490211487,0.7521211158173986,0.6499040137252046,0.9477428234807305,783,0.7322976332288652,4,1.0,308
MOT20-05,3012,638,1653,1750,575622,22676d94e878e8ae3922be276decf384f54e12bd3d4a4f5b557b9d647b10790f,same_target,migrate_replace,candidate,434843,5383024,1750,0.8478115797042847,0.8350149396066548,0.8047796354893731,0.727017350501048,639,0.9396010055700098,9,1.0,3
MOT20-05,3013,638,1653,1750,575811,1726f30551581827e1e4fd4a3812d81bc30b462d4a3b7911b87ac55efe18f178,same_target,migrate_replace,candidate,434926,5384802,1750,0.8192311525344849,0.8289436287314881,0.7839371083559487,0.7406805010372949,639,0.9149307138839293,9,1.0,3
MOT20-05,3014,638,1653,1750,576000,e92e19a298b0077ae307ac667e464e789184bfc230c4cdfd977c799915100e94,same_target,migrate_replace,source,435058,5387130,1750,0.8534308075904846,0.8402561347775402,0.8402561368609349,0.6710348869212712,639,0.9999999804011704,9,1.0,3
MOT20-05,3015,638,1653,1750,576190,5e5c7e5409c45513cb9de5a76a7719d9a346d8bf5934ad83e306a6043b1e569f,other_target,dual_retention_add,candidate,435136,5388899,1750,0.6754389405250549,0.6314867088677234,0.631486711870886,0.7824664045389973,639,0.9999999861596409,9,1.0,3
MOT20-05,3016,638,1653,1750,576380,6718e735b89e3ef134f14a56eb28607352bd630dfdfee0641c847ab8507ca263,same_target,migrate_replace,candidate,435216,5390664,1750,0.8314052820205688,0.8396348249200014,0.8396348218117332,0.6789710701926756,639,0.9999999909943627,9,1.0,3
MOT20-05,3017,625,1988,1793,576710,d23829324469a8e1c06df59f0e04247c9c4fb6289d242355a20c838df4f1f31e,same_target,migrate_replace,source,435247,5391752,1793,0.3663206398487091,0.5318194912543394,0.7188082008134159,0.16446394492847263,658,0.6219578469939433,26,1.0,37
MOT20-05,3018,638,1653,1750,576761,bb3c4166ff9c549d688df5a12164b089bf5ba9acf3307db95c5d807bdd41f757,other_target,dual_retention_add,candidate,435388,5394234,1750,0.623965859413147,0.6791568609966284,0.6791568614752832,0.7384515861096419,639,0.9999999903005065,3,0.9365079365079365,190
MOT20-05,3018,625,1988,1793,576901,17b836f390aa3fcc289139d65e6e4663159bed5596b047e17f6506a28b125f46,same_target,migrate_replace,source,435327,5393510,1793,0.35027000308036804,0.7021968300265085,0.7082006631162707,0.2341469865958556,658,0.901850810287327,26,1.0,37
MOT20-05,3019,638,1653,1750,576951,e0a5c2edbf3199793ce7971160207d00a7f5bcd43d0b598e367e86a2854e194d,same_target,migrate_replace,candidate,435423,5395492,1750,0.8101397156715393,0.8853752275040103,0.8437501159086757,0.6304548973974544,639,0.9350445867993429,3,0.9365079365079365,190
MOT20-05,3019,625,1988,1793,577091,8d37800abcbf788660c286acdac7d5c935e9a71714c383ff30ffcf8341db537a,same_target,migrate_replace,source,435411,5395332,1793,0.20336219668388367,0.5535260111394394,0.7023358206011512,0.2615095382510718,658,0.7802925957310449,26,1.0,37
MOT20-05,3020,625,1988,1793,577280,0e413ba1e1c2229bb5eb2dab62e98a175f8d43a7db2de3d085576a9cf13d8360,same_target,migrate_replace,source,435493,5397067,1793,0.31877246499061584,0.6801610506010264,0.796919945842752,0.22856244931992306,658,0.7650005692540732,26,1.0,37
MOT20-05,3021,625,1988,1793,577469,c36d4b9f45d808a990b43323b4ff6f27ed0b1e2b06197879ca9c1b2846e7e3a2,same_target,migrate_replace,source,435577,5398913,1793,0.4568985104560852,0.5067019235692486,0.7178889884013344,0.26842070376465194,658,0.6999819639441214,26,1.0,37
MOT20-05,3022,625,1988,1793,577660,9f41d92dbabc8b238ceb0eafa7b5ba155fc4b6b4ff832619eff1594749523f11,same_target,migrate_replace,source,435659,5400663,1793,0.35602423548698425,0.5365245736748467,0.5582294595914481,0.3139867827385223,658,0.7041167011874401,26,1.0,37
MOT20-05,3024,865,1726,1646,578003,e0b711e8905e3e54833d52126d179589ef1b85807fde1350f2cba930061a5a83,other_target,dual_retention_add,candidate,435837,5404452,1646,0.7600855231285095,0.6555405423618306,0.655540539966261,0.8821065883767337,724,0.9999999843336281,19,1.0,598
MOT20-05,3024,625,1988,1793,578039,3f3a4817b9111a60945a40e5a0fbc8de1155b302b8ebfd1d1e5ea86c8c316b93,same_target,migrate_replace,candidate,435883,5404985,1793,0.1324755698442459,0.5095565793542182,0.5095565665990807,0.2872597202433134,658,0.9999999755441257,26,1.0,37
MOT20-05,3025,625,1988,1793,578228,456b4977205db2265d524c94ee64b2bcd66008f91fef2e42bec8364b44ee2586,same_target,migrate_replace,source,435908,5406074,1793,0.09902889281511307,0.8363525666976039,0.8363525772181528,0.3103418831013218,657,0.9999999720087533,26,1.0,37
MOT20-05,3027,865,1726,1646,578571,007478e529f3f4d5bf0d9dcaf85d53021a57d4dde0bd48146a5b053793da9817,other_target,dual_retention_add,candidate,436090,5409938,1646,0.6060332655906677,0.6604711847387675,0.6604711854577059,0.830174111943555,724,0.9999999915655667,19,1.0,598
MOT20-05,3027,625,1988,1793,578607,f2a8b7a3c36bcba53a3623837480c7bb498198ae8d5df848847867b04a735b57,same_target,migrate_replace,source,436075,5409740,1793,0.1275763064622879,0.5616287536221826,0.5616287600954429,0.32650198769817024,657,0.999999979900543,26,1.0,37
MOT20-05,3029,865,1726,1646,578950,125b98a9b0b344447db12e11abf79bf51e682edd3d680268736c44d839de12aa,other_target,dual_retention_add,candidate,436251,5413563,1646,0.7674883604049683,0.6930567665394392,0.6930567594983985,0.8492473653617244,724,0.9999999742768433,19,1.0,598
MOT20-05,3030,865,1726,1646,579139,25672e969e4ca3cd7cb34bb1cfe13be550fdaca12691263223733c2527cad555,other_target,dual_retention_add,candidate,436330,5415338,1646,0.5360558032989502,0.7639682998549439,0.6615880210344427,0.8077811225477647,724,0.7052484433995114,19,1.0,598
MOT20-05,3031,865,1726,1646,579330,5cd69ab6f0f8acdd505121391aeb9fc865edf7e46b4148d1c0f2550dd47a317b,other_target,dual_retention_add,candidate,436413,5417139,1646,0.5235251188278198,0.7755218357205697,0.645035739338828,0.7836387046307219,724,0.7078892419274018,19,1.0,598
MOT20-05,3032,865,1726,1646,579520,ec4ec46727a0f4f9808045cd3246198b99c2fabc0ffd10fb666f519fbfe309e9,other_target,dual_retention_add,candidate,436554,5419581,1646,0.41372546553611755,0.8153219306784794,0.6607013367926141,0.8215580735824555,724,0.6125846564100039,19,1.0,598
MOT20-05,3033,865,1726,1646,579711,a44c7b3e677527eb44aad956d81ad6f5761f5f3af025f03fcba07b5890989d3b,other_target,dual_retention_add,candidate,436634,5421411,1646,0.1960713118314743,0.7181223895903325,0.655894567184538,0.8179887464558578,724,0.6297539620526901,19,1.0,598
MOT20-05,3034,865,1726,1646,579902,341c6513e8248f60bedc5d88e41dcb8e9bc027fb4f4b282ed199f09738bf6119,other_target,dual_retention_add,candidate,436718,5423228,1646,0.7652752995491028,0.748671624373633,0.7486716158804592,0.9067603864528156,724,0.9999999883378933,19,1.0,598
MOT20-05,3035,812,1936,1664,580058,b853ec11d428952ec038e17a42c21aa0c08449a5d46b31afe18d25c1ae430810,other_target,dual_retention_add,candidate,436803,5425113,1664,0.8419607877731323,0.7688376428436818,0.5818605655214812,0.7915966176809556,788,0.7461826535602163,1,1.0,474
MOT20-05,3035,865,1726,1646,580091,f9a90cb32115d33c9061b7aa2666d60f93ed3bb1d6e87283d8b9eb8a9b3af333,other_target,dual_retention_add,candidate,436799,5425017,1646,0.7915451526641846,0.6584714525216466,0.658471448847033,0.898339488294982,724,0.9999999892171455,19,1.0,598
MOT20-05,3036,865,1726,1646,580280,07feb0ac57964d6f3de2d250d7d5698a525ef5361f424a1f988401d1fb836a5d,other_target,dual_retention_add,candidate,436881,5426833,1646,0.4352894127368927,0.7771361019798831,0.6640393183441269,0.9232272680770536,724,0.6371662587077063,19,1.0,598
MOT20-05,3036,788,1664,1936,580327,ae4160edaa52fd8db555a730cc595abd09522034209803c2c44f49256ed7d0c5,other_target,dual_retention_add,candidate,436847,5426450,1936,0.8369420766830444,0.8047665661064727,0.5901719705382079,0.777942262543838,812,0.7107998923450809,1,1.0,511
MOT20-05,3037,865,1726,1646,580472,498efd4a16e30a87cd1524125c470c7813c6cc9e79cc3fec1a34cd231df85659,other_target,dual_retention_add,candidate,436917,5428060,1646,0.7440789341926575,0.6535262481312605,0.6816929574394343,0.9263511627911928,724,0.9182394421555393,19,1.0,598
MOT20-05,3038,865,1726,1646,580664,8fa107aa3a74c5b374eb99fcdd58ceb0c50a81209f129bad46ed8f6847b8aaba,other_target,dual_retention_add,candidate,436998,5429833,1646,0.787928581237793,0.7125344008754637,0.6887810742375603,0.9304548794550024,724,0.9209888145148931,19,1.0,598
MOT20-05,3039,865,1726,1646,580855,403bfdeeaaa3cf9429bdc3745da1478fb2f9143ddc36dee3ed5c97e4cec0f0ed,other_target,dual_retention_add,candidate,437082,5431665,1646,0.44927912950515747,0.6545028307896091,0.6882804785620751,0.9417300728834154,724,0.9139424009503034,19,1.0,598
MOT20-05,3040,865,1726,1646,581047,74a97df1d222e3721522b69cc7de3ebcfbbf08d4fd285a9d9ba4f85debcb0edd,other_target,dual_retention_add,candidate,437165,5433450,1646,0.7589761018753052,0.7009050830581192,0.711947051579572,0.9244232330317974,724,0.9273025492830881,19,1.0,598
MOT20-05,3041,865,1726,1646,581239,1330fdc4bcda2e7c8a1de666b943272e25e73487e299e86f16a6952f1c605fac,other_target,dual_retention_add,candidate,437242,5435198,1646,0.6514463424682617,0.7106592772811703,0.6992185865343672,0.9540440228094605,724,0.9318370017408091,19,1.0,598
MOT20-05,3042,865,1726,1646,581429,7f4d1f819cfb761ba57bccef1c33e0fd928422ed7d9a8a781008c4b64f8506f0,other_target,dual_retention_add,candidate,437327,5436986,1646,0.753632664680481,0.7239170966713745,0.701513245971359,0.9475187615484186,724,0.9091475655018828,19,1.0,598
MOT20-05,3043,707,1990,1909,581593,bbfee729ab5798ee3182c74e461cdd2eede38ee52cf8ddeef1704bc12291515e,other_target,dual_retention_add,candidate,437454,5439233,1909,0.29357725381851196,0.7327745778786382,0.5818107019326866,0.7322283019605762,790,0.5251198008369468,3,1.0,182
MOT20-05,3048,722,1963,1984,582582,01b554c515b2142fd9d653d4eba3bd7ab3382a335960ab46a30be495a87ac869,other_target,dual_retention_add,candidate,437832,5447749,1984,0.44390079379081726,0.8690474786512926,0.4838723350878992,0.8545961143059606,892,0.5472685251213953,2,1.0,239
MOT20-05,3052,853,1980,1832,583260,22abd3bb01ba64a3b651635660c8d0306cee66984dca8b8c2d38c816bb5d862d,same_target,migrate_replace,source,438171,5455061,1832,0.8389474749565125,0.7536959532730024,0.7667821950390773,0.6143490889307864,650,0.9578390913728161,11,1.0,160
MOT20-05,3053,853,1980,1832,583451,0f61e074b4a61c25e4112a46320991c1da9446916763afa7fbdb6b7341e69b59,same_target,migrate_replace,source,438255,5456862,1832,0.797203004360199,0.7356471163584406,0.7684222026399544,0.6453651322039707,650,0.9591883094104526,11,1.0,160
MOT20-05,3054,853,1980,1832,583642,00047294f3cf193e46e2687f650a44fbda096482078c87eb623fa10d3128e046,same_target,migrate_replace,source,438341,5458631,1832,0.8326056599617004,0.7350759278338413,0.7466508618051656,0.6460519847925192,650,0.9781322525561081,11,1.0,160
MOT20-05,3055,853,1980,1832,583833,3db9ebb01e9526259959e1e12554e3656468824fd28af11506bfb5bcfc31752a,same_target,migrate_replace,source,438417,5460431,1832,0.6867775321006775,0.651441576680324,0.6848997563594074,0.6523277663536108,650,0.9456491557643284,11,1.0,160
MOT20-05,3060,853,1980,1832,584778,06cdd36b33e16affdbf3714965784b27cbd237ad8a752fbb279d1e15a8b1f22b,other_target,dual_retention_add,candidate,438832,5469251,1832,0.2826395034790039,0.6867825921183379,0.39694172757426166,0.7574844252426955,650,0.5638019474556052,11,1.0,160
MOT20-05,3063,631,1713,1622,585449,f4a5235d040ba2b3c5b1d0324e44e66dddd83a2479198756ce2f760b1fa08409,same_target,migrate_replace,source,439116,5474942,1622,0.6819211840629578,0.7400886305810473,0.7877761938702807,0.5651413244853203,865,0.9302514686449774,4,0.7818181818181819,189
MOT20-05,3064,631,1713,1622,585635,fdaae2e7528a2b424f876a46df084f010a1360881ffc9aba61d1f3cdd6d5c0fc,same_target,migrate_replace,source,439201,5476704,1622,0.7492995262145996,0.7013905509278495,0.7245734208762544,0.5868680033798056,865,0.9660002265728583,4,0.7818181818181819,189
MOT20-05,3065,631,1713,1622,585822,37d1e74be219405b3ab57caa44628d51818fe2e1224b2c4697747d154d7f0960,same_target,migrate_replace,candidate,439238,5477918,1622,0.6245108842849731,0.7572657348035993,0.7572657311596801,0.5917794518365959,865,0.9999999891960643,4,0.7818181818181819,189
MOT20-05,3066,631,1713,1622,586008,a44bb4aef4451161a2a3c20eba92fcd64c2f9e4848618c1030fe284be00905fd,same_target,migrate_replace,source,439314,5479673,1622,0.7651018500328064,0.702292435459096,0.702292446592962,0.5835089862866766,865,0.9999999834385743,4,0.7818181818181819,189
MOT20-05,3071,714,1815,1984,586926,79220466789a4406769571613a60a34ac71d347b1a5461dd0cd8b0a42645cec5,other_target,dual_retention_add,candidate,439745,5488729,1984,0.7763959765434265,0.7215936774762943,0.7215936773923716,0.776400309153755,892,0.9999999931051649,3,1.0,547
MOT20-05,3083,655,1795,1791,589142,754811775ac3955efd82a47b69df3f7586fa267271a18be3917f5fb38726cde5,other_target,dual_retention_add,candidate,440744,5510340,1791,0.7827022671699524,0.6052518750715651,0.5668173541542615,0.8069623518290493,721,0.9352051433301519,13,0.9958847736625515,547
MOT20-05,3084,655,1795,1791,589336,4ded523af218bf7a34fb19670fb7df5fb47148878018dfae43536e36029a2ca2,other_target,dual_retention_add,candidate,440823,5512202,1791,0.7121506333351135,0.5292138928947174,0.500225493639988,0.8173063209417648,721,0.9447812560984606,13,0.9958847736625515,547
MOT20-05,3088,676,2035,1980,590238,cd7dca5337eb906bfa2ecd39a9cdbb2603680677a06f57034f46b721516578bc,other_target,dual_retention_add,candidate,441155,5519507,1980,0.7813491225242615,0.5897244161690053,0.6215701344986752,0.8883995612278119,853,0.9479416162557414,1,1.0,143
MOT20-05,3088,835,1215,70,590239,3c90ac17c9c8a90db5da4451fbab1da9da74f8b6cb7d4f78a0c03ec473de7fb8,other_target,dual_retention_add,candidate,441212,5520554,70,0.7593556046485901,0.5067336293633976,0.5157943337514912,0.8908176353704346,766,0.9781352229306736,3,1.0,1521
MOT20-05,3089,835,1215,70,590432,90cf75fe55cb6f0410ede0cd934a514bdeca6134bdd0c58c5434ea002531d253,other_target,dual_retention_add,candidate,441293,5522314,70,0.8730000853538513,0.5879416785084415,0.5736169430528912,0.8535499879518269,766,0.9731466226751647,3,1.0,1521
MOT20-05,3092,806,129,1167,590846,e9a2d732c53082b68478ad68a281b7889131dbfa7af15f85991d9bfd51db04af,other_target,dual_retention_add,candidate,441507,5527029,1167,0.7847658395767212,0.664570287499701,0.6055054050673413,0.9469879840230565,921,0.9150901920880776,16,0.8108108108108109,275
MOT20-05,3093,806,129,1167,591040,24a53dca735a42e475c5bfc8d14cc0982d84fd84681fbc66aaed0b78fb408ac1,other_target,dual_retention_add,candidate,441591,5528857,1167,0.6831997036933899,0.6498552321796068,0.6156972157657642,0.9347206802250365,921,0.8954937533047914,16,0.8108108108108109,275
MOT20-05,3093,835,1215,913,591053,16f7896609e1fa1740d7393ac14bdb06c862d2ec2b6f716e9907dc0074ae28f5,other_target,dual_retention_add,candidate,441622,5529559,913,0.8461567163467407,0.5273099330089607,0.5254549958835164,0.651199024325198,791,0.9678712653342191,3,1.0,7
MOT20-05,3094,806,129,1167,591233,75632535f11103f58599d3218ba8424c8585d17d85b35132b9b3321692f19968,other_target,dual_retention_add,candidate,441678,5530666,1167,0.794052243232727,0.6487915210624597,0.6161351805103424,0.9311648568505506,921,0.9168133034871209,16,0.8108108108108109,275
MOT20-05,3094,835,1215,913,591246,e5d67096bee5c1fcae63e15686ca64781c77327bf9ca927a9f1ee7470f35e7d2,other_target,dual_retention_add,candidate,441704,5531370,913,0.7989846467971802,0.5461053011211064,0.514093638019677,0.6576491932719338,791,0.940982707934388,3,1.0,7
MOT20-05,3094,640,1808,1903,591325,a5c4ac349637f08676999fb8ecd73ea314318b32ec51d0285678d0b59f93df66,other_target,dual_retention_add,candidate,441657,5530451,1903,0.7747706174850464,0.8106913718741613,0.747665331663388,0.8483601118918452,641,0.9044460800291677,2,0.9730848861283644,484
MOT20-05,3095,806,129,1167,591426,7e2f6fe0310eeefd3d8f82946783bf2411434b2bf8af253da2f872d4425e4cad,other_target,dual_retention_add,candidate,441758,5532460,1167,0.7544541954994202,0.5998569970001846,0.5998569908957226,0.9541722406962134,921,0.9999999884020435,16,0.8108108108108109,275
MOT20-05,3095,640,1808,1903,591517,23ea139d9dddac22e5e4c19c63b305092af1dc92fba4e4a55ea5169f089e16db,other_target,dual_retention_add,candidate,441737,5532247,1903,0.7949217557907104,0.824134258330602,0.7797243738485202,0.83927892394758,641,0.9236611666667137,2,0.9730848861283644,484
MOT20-05,3096,806,129,1167,591617,7f273d5e40adc6f9344165b0e86420dce23c5ad5433414c15dc29f0cf48a6445,other_target,dual_retention_add,candidate,441840,5534293,1167,0.7501177191734314,0.5714810245586163,0.5714810234993407,0.9108849775803426,921,0.9999999855021918,16,0.8108108108108109,275
MOT20-05,3097,806,129,1167,591811,423b893f08bb6fbe023694ee2d32724140567ec21618d3af7b07d6471b669b80,other_target,dual_retention_add,candidate,441923,5536143,1167,0.6519896984100342,0.6683750610114152,0.6361992901420438,0.8709838532213547,921,0.8330565059201988,16,0.8108108108108109,275
MOT20-05,3097,640,1808,1903,591902,f8f6880ac7f2e2505f580c9fa6164ab52a5bf0c409da568c826b10ffaafc81e1,other_target,dual_retention_add,candidate,441941,5536388,1903,0.6395062208175659,0.8090433844009253,0.7146970464106416,0.7681559986227634,641,0.8824165749696788,3,1.0,85
MOT20-05,3098,806,129,1167,592004,e41bfe39706427a8507af0521f744a74930dd9433932ca061c75dff1508d52b6,other_target,dual_retention_add,candidate,442007,5537954,1167,0.4725288152694702,0.646804537872633,0.5823251832431133,0.9265296383384329,921,0.6812625288342902,16,0.8108108108108109,275
MOT20-05,3098,640,1808,1903,592094,bcc5ba56b8a9a51b8b777121cf625a1a594a01845cbffb54df0d50cb9e6aa87d,other_target,dual_retention_add,candidate,441984,5537742,1903,0.6355134844779968,0.6833528716954241,0.683352871330028,0.7189569349912268,641,0.9999999903492107,3,1.0,85
MOT20-05,3099,806,129,1167,592197,3fafc0949eaade8a23d41dc6d20bbfe1f67ba03c444e705af89ca3c5084ee112,other_target,dual_retention_add,candidate,442083,5539761,1167,0.7532658576965332,0.556287816269893,0.6089478269051756,0.8832735595762317,921,0.8612060809665864,16,0.8108108108108109,275
MOT20-05,3099,640,1808,1903,592287,b8d3ba114cb605c9939170b6b1af2427a1f4d0e401ae037ef63133c8f23d9984,other_target,dual_retention_add,candidate,442067,5539575,1903,0.7714459896087646,0.8114785569977944,0.6641967574219921,0.6656047531970144,641,0.7109287212623289,3,1.0,85
MOT20-05,3100,806,129,1167,592389,f97cffe9da1981ce54971839a1d0f36c3e3e93442b461cfc8095a4c33568434b,other_target,dual_retention_add,candidate,442170,5541657,1167,0.7884085178375244,0.6037239785237238,0.5926861788427684,0.8621819728316632,921,0.805999164261398,16,0.8108108108108109,275
MOT20-05,3101,835,1215,722,592581,48ebbd0a98a9e4e0b400287d01dc769d83b1e28370707bccc774ace6bbce3aab,other_target,dual_retention_add,candidate,442284,5544290,722,0.8791594505310059,0.5451447382357248,0.5573986759826408,0.9143366041933304,793,0.9604374764070952,4,0.995260663507109,216
MOT20-05,3101,806,129,1167,592583,6ffed17067f587cf8660bebbfad5ff8e353894fc4554f97d903c2ee5592cdc36,other_target,dual_retention_add,candidate,442248,5543492,1167,0.6842811107635498,0.5257158657802129,0.5257158805425403,0.862884125589009,921,0.9999999638108098,16,0.8108108108108109,275
MOT20-05,3102,835,1215,722,592774,e88d18b10d8835aa62a6c70f286e082b949dd23259263db1d28cd2b765c70d41,other_target,dual_retention_add,candidate,442341,5545392,722,0.7033193707466125,0.5779240505604368,0.5779240464148244,0.9046520498013652,793,0.9999999905927788,4,0.995260663507109,216
MOT20-05,3102,806,129,1167,592776,c75883640796bd4f9810dbba4a413e7a906029156ab4445fe4a906714782d5dd,other_target,dual_retention_add,candidate,442332,5545350,1167,0.7948566675186157,0.5727808474177655,0.5836525354051566,0.8643255850389002,921,0.9573514887897511,16,0.8108108108108109,275
MOT20-05,3103,806,129,1167,592969,b097d699f093f72321b3c09e58f9b89e04f82ed915dc621d72d83c8f90b13ab7,other_target,dual_retention_add,candidate,442415,5547202,1167,0.7565601468086243,0.5809855026686269,0.5654942832931094,0.9364985175045683,921,0.8137085233881851,16,0.8108108108108109,275
MOT20-05,3103,835,1215,1879,593043,5401a0c506674026fba1439c2bd2b5d5d44384df5e527b3dc7a0204a66757ee0,other_target,dual_retention_add,candidate,442447,5547929,1879,0.6342465877532959,0.625140236038812,0.5412307030145477,0.7449006138668368,792,0.7555182581488635,4,0.995260663507109,216
MOT20-05,3104,806,129,1167,593164,b76311083b256db9c67392f3a55a651ad1c49b23069a5fec21585dd5c60758d5,other_target,dual_retention_add,candidate,442495,5549047,1167,0.8082035183906555,0.5713787605215765,0.5713787664624193,0.9744460926018255,921,0.9999999857405755,16,0.8108108108108109,275
MOT20-05,3104,835,1215,1879,593238,e822f41fc84392a3550f383a87091f53c8348cc97e9fd731bb8fd9a00b0f751c,other_target,dual_retention_add,candidate,442526,5549688,1879,0.6430596709251404,0.5983708722943053,0.5983708586894482,0.6390153603865675,792,0.9999999727926823,4,0.995260663507109,216
MOT20-05,3105,806,129,1167,593356,ba8178ba2f686ba545d92c94b16bceecbf9ffe8610726b27b39637c7a4ecad37,other_target,dual_retention_add,candidate,442579,5550896,1167,0.7185395956039429,0.618768544383567,0.5542407810869334,0.9656427457855479,921,0.739046753901989,16,0.8108108108108109,275
MOT20-05,3106,806,129,1167,593550,7f2e467bbba84342c425c9896cd0da79cd6b0dff874ab373a3afe8d5b89ea164,other_target,dual_retention_add,candidate,442666,5552713,1167,0.8176963925361633,0.6150048185883967,0.580132435324052,0.9435731052594889,921,0.846325895538013,16,0.8108108108108109,275
MOT20-05,3106,905,2038,108,593628,97bfdd0cb727e5cbfd605b489415bd0aead8fde6771e5bdc00c84329d8fec9fa,same_target,migrate_replace,source,442688,5553317,108,0.8737647533416748,0.8028716124028643,0.8059932551101235,0.8049412844677253,904,0.9746329575494659,30,1.0,52
MOT20-05,3107,806,129,1167,593744,e02fd15d867ed68d185af14bac78060dcfb456de906706939fda543087f24ec3,other_target,dual_retention_add,candidate,442739,5554550,1167,0.74214768409729,0.6162733363389835,0.5724117484317133,0.9178302059258228,921,0.8208228739356157,16,0.8108108108108109,275
MOT20-05,3107,905,2038,108,593822,6a8b4c73f615cf69a2017e69a41b0b2d0ca6eef560e3a7a4a81f9191b2de2be3,other_target,dual_retention_add,candidate,442771,5555152,108,0.8689941167831421,0.7907506051928461,0.8051903208763583,0.8054566057886112,904,0.9817285604065791,30,1.0,52
MOT20-05,3108,905,2038,108,594015,0ac6f40c7b1520d1b2330500ff8d0e6300b847ac472ae37582dc9e10327100a0,same_target,migrate_replace,source,442853,5556987,108,0.8577776551246643,0.8444868856783377,0.8601695162353449,0.8091563715012462,904,0.9804250122345552,30,1.0,52
MOT20-05,3109,905,2038,108,594209,122684413c5572998f6536b2764166a84b960c188d692064aee7cc8accdf468b,same_target,migrate_replace,source,442934,5558822,108,0.8298407793045044,0.8532820852319901,0.89367804698068,0.8324036506039288,904,0.9535354289008094,30,1.0,52
MOT20-05,3110,905,2038,108,594403,b98d6e5c2fb8c2481440b8a567df4939f6851a145d255e45630a0e630e3b0930,same_target,migrate_replace,source,443016,5560665,108,0.8385218381881714,0.8879004245805862,0.9078379664727207,0.8208518725981347,904,0.9664426901369372,30,1.0,52
MOT20-05,3117,905,2038,108,595773,dc89e4bb0fa07ef809585a24e385566497af5c7335a35a93f3cc23df97cc4e3f,other_target,dual_retention_add,candidate,443591,5573311,108,0.8078787326812744,0.7381172897659746,0.7381172865750777,0.8030987650364814,904,0.9999999918108189,30,1.0,52
MOT20-05,3118,905,2038,108,595966,357e0ff5c6fea416102aeb4a5001f64ef3af731be0ce7b343e8c09b0e03f1951,same_target,migrate_replace,source,443675,5575089,108,0.23445096611976624,0.8419737763512378,0.8419737877869194,0.7057549279270106,904,0.9999999736320967,30,1.0,52
MOT20-05,3118,650,1832,2035,596058,f703840d7b4730a80c0b8a6279ba35170d4cb809d44376e20cc93d6a8459fdcb,other_target,dual_retention_add,candidate,443632,5574387,2035,0.8178083896636963,0.541761838788469,0.5298790882447256,0.7068203570731706,676,0.9664111948034656,6,0.6842105263157895,548
MOT20-05,3119,791,913,883,596078,c63fa7733bd6ec7ce6fa5edd5eade1fc3a89dc2464efdd17deb9a50ed003eeeb,other_target,dual_retention_add,candidate,443730,5576411,883,0.47281888127326965,0.856001067066237,0.7795690707290057,0.8863749600548048,720,0.8866466656754232,2,0.9981203007518797,1086
MOT20-05,3119,905,2038,108,596158,45714d70cf7b5713934f2cd5e02c41566329284b29ede49cffeece6ed94cc2a0,other_target,dual_retention_add,candidate,443756,5576884,108,0.8082789778709412,0.6509074561963848,0.650907461092575,0.8365861768790623,904,0.9999999903154186,30,1.0,52
MOT20-05,3120,791,913,883,596268,c3378634a759cf022031ba272710c00a86fbbfd101e5f12325a9cda0e55ab044,other_target,dual_retention_add,candidate,443813,5578185,883,0.744461715221405,0.8473338237571448,0.7811849743476408,0.8980578469825651,720,0.9087755277099234,2,0.9981203007518797,1086
MOT20-05,3122,905,2038,108,596730,e92e5b28d96c491216bc900b9e1b49c92822dbb97018088132b074fb998ca205,other_target,dual_retention_add,candidate,444007,5582257,108,0.8052865266799927,0.602592809132137,0.6025927969939208,0.834501304055631,904,0.9999999775236926,30,1.0,52
MOT20-05,3123,905,2038,108,596924,bd182765e19189c2d4a99845b3a5999d40a32fc2b387f6cc29e1cf6e42101c34,other_target,dual_retention_add,candidate,444088,5584073,108,0.8084607720375061,0.613864700596974,0.6138647058330905,0.7888824707675272,904,0.9999999835819519,30,1.0,52
MOT20-05,3124,905,2038,108,597119,656de17ce25b3395e9ae636c5caa16cca00af86449b838437b72dd94d492f6e9,other_target,dual_retention_add,candidate,444173,5585911,108,0.7863785028457642,0.5919937944814738,0.5932682501282628,0.7710863034933051,904,0.9856465167608699,30,1.0,52
MOT20-05,3125,905,2038,108,597312,622f756c8ef788523b67f4c352a0c985bcbc1a46adcb7b24573ee65d5554100d,other_target,dual_retention_add,candidate,444258,5587645,108,0.8031458258628845,0.5828586984347032,0.5910904077686258,0.7235830991857062,904,0.9792977795294648,30,1.0,52
MOT20-05,3126,905,2038,108,597507,892e44f21f2a3f0ddadb3d799c243af6621a22cd88ad33202a6893e7e6e5450c,other_target,dual_retention_add,candidate,444332,5589410,108,0.5512710809707642,0.5630010369950671,0.5630010345929162,0.6929551668202497,904,0.9999999955599155,30,1.0,52
MOT20-05,3127,905,2038,108,597701,207e2bfe24f422d3f370a3dd3dcb559feecc2e6b3aa6125eccf37f2e24b92f67,other_target,dual_retention_add,candidate,444415,5591333,108,0.6385010480880737,0.5993090108874352,0.5993090100840238,0.6953712086352611,904,0.9999999912052415,30,1.0,52
MOT20-05,3127,721,1791,1984,597751,9a74e4b85de1c3370d1d8c2b880e3b5641304d7bb203edc9159e3f0011740c2c,other_target,dual_retention_add,candidate,444365,5590428,1984,0.817184567451477,0.5545743140991883,0.5699546074703402,0.8638505080089979,892,0.9712321818840963,7,0.9963369963369964,570
MOT20-05,3128,905,2038,108,597895,312c99e2427ad45980eac53afc3ae44a39bcdeec0ca1f64e60eff2e27481c117,other_target,dual_retention_add,candidate,444496,5593128,108,0.8119345903396606,0.6240288596936123,0.6240288472791755,0.6737546856280866,904,0.9999999782251862,30,1.0,52
MOT20-05,3128,792,1879,11,597938,396c0a4d8cc09053772655f778f648a9b7abd2b8170d6bc8ea64abab0e65d968,other_target,dual_retention_add,candidate,444479,5592564,11,0.8314992189407349,0.5259055682428204,0.5259055656844842,0.7684850691695385,836,0.9999999807501485,4,0.9973544973544973,398
MOT20-05,3128,721,1791,1984,597945,064cb16ed8fec003e38a57e4ecc04db49415a155ee968deacd8aac9646383454,other_target,dual_retention_add,candidate,444490,5592697,1984,0.14200766384601593,0.6737369997067851,0.6439629513940021,0.8492546504313224,892,0.5706950039779425,7,0.9963369963369964,570
MOT20-05,3129,905,2038,108,598089,4e32362936fb8f7a757265feaa5c2d9ecde137d4fc63aec1ba18522327d2167e,other_target,dual_retention_add,candidate,444576,5594927,108,0.631412923336029,0.6291495363307602,0.6291495245497264,0.6606515709225443,904,0.9999999792006722,30,1.0,52
MOT20-05,3129,721,1791,1984,598139,108584375c0e63316f72d8d8b9f73e616797c9fab0066a6d33327a50946c7484,other_target,dual_retention_add,candidate,444528,5594034,1984,0.32210442423820496,0.623918058392749,0.6476882025299949,0.84033336785858,892,0.9412074460569023,7,0.9963369963369964,570
MOT20-05,3130,905,2038,108,598284,a4e2493ad5ee7b767bb51b12ebb454d332f2a1bc98a82353bb6aa1095c010200,same_target,migrate_replace,source,444661,5596765,108,0.2617158591747284,0.6842658614010473,0.6842658644809588,0.35622849047110317,904,0.9999999851296384,30,1.0,52
MOT20-05,3130,721,1791,1984,598333,e6d96a96fb710337322d31fcd096bde9ebcdb19f881205c708aa5a84a6886622,other_target,dual_retention_add,candidate,444609,5595846,1984,0.827072262763977,0.660327298442087,0.6515553957125892,0.8504835291031696,892,0.9715739135902813,7,0.9963369963369964,570
MOT20-05,3131,905,2038,108,598478,fbe37b2b9d41b21c875f7809717ad65167317885f1d1190bf7a649d516101994,same_target,migrate_replace,candidate,444745,5598547,108,0.44960060715675354,0.7487235322574012,0.7487235289528168,0.5729373467027563,904,0.9999999909697971,30,1.0,52
MOT20-05,3131,721,1791,1984,598526,c8edd621cf59b44bb1ad2ec10327723843bf7f67344d648667d157123fdb9a35,other_target,dual_retention_add,candidate,444691,5597663,1984,0.8010883927345276,0.5529349689603168,0.555425093217092,0.8512989583175556,892,0.9691293472776634,7,0.9963369963369964,570
MOT20-05,3132,865,2051,1803,598645,3bbbaeef997b14134a41318335d960e6ce07a3db65acb92cf1e9176da51d6893,other_target,dual_retention_add,candidate,444817,5599889,1803,0.5093593597412109,0.8413792797778805,0.6135777619060586,0.8223883752027806,864,0.62333024985725,3,0.989247311827957,128
MOT20-05,3132,905,2038,108,598672,38d5ca5e78540f0bab95425ff5dbbba703a3b4e8e9e0a807b51f1199608263aa,same_target,migrate_replace,candidate,444827,5600290,108,0.5422834157943726,0.7472919607551706,0.7472919508645429,0.5678607954359352,904,0.9999999812445581,30,1.0,52
MOT20-05,3133,865,2051,1803,598838,22cc933e26c83a03964c501e245ac5e3ecb2313f78bb0eeb563766316e15dd43,other_target,dual_retention_add,candidate,444898,5601693,1803,0.7455435991287231,0.8321172075853261,0.6434333813438429,0.8609878405168635,864,0.7260572723306712,3,0.989247311827957,128
MOT20-05,3133,905,2038,108,598865,0c9ccba75d81ab00d9ef1770c7c2287a70173a1bb5d11fb61e9e3d34725cde5d,other_target,dual_retention_add,candidate,444910,5602145,108,0.7973556518554688,0.6283971518900239,0.6568770907387699,0.6784382558959429,904,0.9583545226625899,30,1.0,52
MOT20-05,3137,853,1980,1808,599731,11308306327168ab929ac0f3ffd8a43d1a131cd4a63f6f2ae455f223f988d1bb,other_target,dual_retention_add,candidate,445233,5608896,1808,0.806328535079956,0.8237083684912391,0.7112267468173199,0.8981686098667987,640,0.7374563944475128,1,0.9943502824858758,251
MOT20-05,3141,652,1893,1947,600446,6ed45df9aead139f40782205670176da6ea269fc53350f37eaa68c84ca7abf49,other_target,dual_retention_add,candidate,445562,5616135,1947,0.7255229353904724,0.5642401777647237,0.5088905373196871,0.9176780577630431,857,0.9094994370932111,11,1.0,383
MOT20-05,3143,791,913,1207,600729,adb05d0180301234b9a997cd22ac6bed974a31c84f05ba87ceb988b70a2bb476,other_target,dual_retention_add,candidate,445734,5620065,1207,0.7968983054161072,0.6191960545871613,0.608689305188908,0.807824344529789,837,0.9775063991014743,4,1.0,191
MOT20-05,3143,652,1893,2067,600895,c8acc66b501dff23da0e82cf0c484db05c53241ecf6030e0d9c96d5c61cbc2f3,other_target,dual_retention_add,candidate,445691,5619189,2067,0.7748947143554688,0.5532426959393766,0.5532426983903723,0.8685889548983154,871,0.999999992586279,11,1.0,383
MOT20-05,3144,791,913,1207,600919,8c7bea3dfbb482c73ca8a895f9c7637609d2e9c7d5d077a979621419638db984,other_target,dual_retention_add,candidate,445817,5621853,1207,0.5292840003967285,0.5951057614123818,0.5789764912923667,0.8392583119028864,837,0.953164848286837,4,1.0,191
MOT20-05,3144,652,1893,2067,601085,77b559af245852d04c19685718c1d22611d63390432191ddbf82ab9cca175b3a,other_target,dual_retention_add,candidate,445766,5620960,2067,0.6738523244857788,0.6200321813209292,0.5952027045451115,0.9180574900100894,871,0.9558250449362771,11,1.0,383
MOT20-05,3145,791,913,883,601104,269e35f29b6b7f765fc597620f82aa951ff603f6ea35488d4d06185efdb51fdd,other_target,dual_retention_add,candidate,445875,5622940,883,0.8512641787528992,0.5410903870517744,0.5587957950059426,0.920952460623268,720,0.9571651367087084,4,1.0,191
MOT20-05,3145,652,1893,2067,601275,a97d46e93b206836e815c9a97c9bd636229fd57c961171b4c3021a4124cdbd5d,other_target,dual_retention_add,candidate,445856,5622753,2067,0.5271570086479187,0.5811728315268202,0.5889459664573563,0.9152646005546888,871,0.9673041332390965,11,1.0,383
MOT20-05,3146,791,913,1207,601299,a8832ed78f5430c95284697e7f589c55dee3ac734fa73b1ef9c76fc3f9a528f0,other_target,dual_retention_add,candidate,445981,5625434,1207,0.7544840574264526,0.5586373400593109,0.5586373340386768,0.7516135643273749,837,0.9999999883642162,4,1.0,191
MOT20-05,3146,652,1893,2067,601464,e01da25f52a9c36c6a78c2d850d32f0461fb32be5588595c26392b04b71771b6,other_target,dual_retention_add,candidate,445940,5624549,2067,0.8153077960014343,0.5752784803562419,0.5810521939321415,0.8983498219506496,871,0.9749425037997965,11,1.0,383
MOT20-05,3147,652,1893,2067,601652,8ddf85a8783e626267459beeb7b0d98773b8a17e0deb080e5f9b944cfabd80a0,other_target,dual_retention_add,candidate,446017,5626395,2067,0.7516933679580688,0.550665615835498,0.5708165620225252,0.9246864490855332,871,0.9613768644189317,11,1.0,383
MOT20-05,3148,652,1893,2067,601842,601cc0abe81a35180f8e495610f939ad7a70683c517eb1606f35f9046f65baba,other_target,dual_retention_add,candidate,446102,5628195,2067,0.7795440554618835,0.5810584966138164,0.5744976931296399,0.9312392254078711,871,0.9603712316082907,11,1.0,383
MOT20-05,3149,652,1893,2067,602032,8071aebd99bbaa6125456ec3ace2e076238b530f2644ce7f12c7c1f9f28e63c8,other_target,dual_retention_add,candidate,446187,5630010,2067,0.7709077000617981,0.5790270710710825,0.570666080492617,0.9162243710918305,871,0.9579110269904889,11,1.0,383
MOT20-05,3150,652,1893,2067,602220,b3d3b6f17d18214a8bc14541b2c24314db271af34ab318b534c1ccc4bd99f0fc,other_target,dual_retention_add,candidate,446265,5631812,2067,0.6921356320381165,0.5760341078114786,0.5616429722455211,0.9215000549209337,871,0.9532527558283739,11,1.0,383
MOT20-05,3152,792,1879,1207,602437,cf13e965ceff6d26c3988ec1b816d79d3f6704403953c39e00c6138a94a86290,other_target,dual_retention_add,candidate,446477,5636374,1207,0.7715126872062683,0.61827958937105,0.6248427623942768,0.9127284083458714,837,0.9655092405414875,5,1.0,182
MOT20-05,3154,655,1795,1833,602862,aba1521d775c0725d9822b36d728bc887045e2f3f59691bbb98e0e7458426ccc,unmatched,replace_unmatched_host,candidate,446575,5638833,1833,0.6504486799240112,0.5031437901640059,0.48193324696614503,0.2755510611247735,641,0.9323157501267231,12,0.5633802816901409,132
MOT20-05,3155,655,1795,1833,603053,03e2e4312bf7f7e62b3382fe2f12b1e97bf6d38cd1d114fd20b63c94e99ef53c,unmatched,replace_unmatched_host,candidate,446656,5640648,1833,0.6289519667625427,0.5224221438078207,0.49863252571503963,0.27488572932502325,641,0.9298384647941682,12,0.5633802816901409,132
MOT20-05,3155,652,1893,2067,603172,2b6dddd7cc62d6db84dd6061b66e4569387b054555b183452bc41474cdb5013f,other_target,dual_retention_add,candidate,446682,5640907,2067,0.6871109008789062,0.6551074348188327,0.6173984359464013,0.7478524676655441,871,0.8304063638835497,1,1.0,163
MOT20-05,3157,905,2038,108,603458,7c97810ccd4a7aaad2d0826e1fc39b46a683acd727d9fd7bc8705c69a4b87d6d,same_target,migrate_replace,candidate,446888,5645322,108,0.41820353269577026,0.7569460029473941,0.7569459935562268,0.6530444417915526,904,0.9999999864739039,1,1.0,26
MOT20-05,3158,655,1795,1833,603624,473f4dfb63e701987410df182ca28afdcf298f4a87fcf7565b578e44e797b06e,unmatched,replace_unmatched_host,candidate,446914,5646120,1833,0.5815922021865845,0.5599915284410766,0.47875784111669817,0.35410626625114067,641,0.7195220234006844,12,0.5633802816901409,132
MOT20-05,3160,655,1795,1833,604004,4d665b395c22f979180c919e1068dbff28fa56d47b3814425cdcce6bd22b56c2,unmatched,replace_unmatched_host,candidate,447079,5649718,1833,0.5782235264778137,0.5557425527195236,0.4538688765786914,0.3798803258745107,641,0.7308268612302933,12,0.5633802816901409,132
MOT20-05,3189,640,1808,1747,609488,4166ea41f877ddc7c9745fa0a7247c9966447511555b06830391bb950a8b00ff,other_target,dual_retention_add,candidate,449511,5702466,1747,0.7785782814025879,0.6744381678545007,0.55759375629753,0.9513410346337884,686,0.7223066701395737,2,1.0,45
MOT20-05,3190,640,1808,1747,609676,8151578da90ddd7a8e34a25e5bc2d8b31812ce5eab4d4a13a7dc236860427089,other_target,dual_retention_add,candidate,449557,5703802,1747,0.33936578035354614,0.7008460873958648,0.520732699384662,0.9037400471438857,686,0.7272340586678325,2,1.0,45
MOT20-05,3210,638,1653,1646,613576,349b4441e0f041542ee0a0aa35db330e76873aab322b5446b240fbeebf548b2b,same_target,migrate_replace,source,451237,5739391,1646,0.3906562328338623,0.6240390700151006,0.6793311317187033,0.2567886821144326,724,0.8980093577641073,10,0.9365079365079365,215
MOT20-05,3211,638,1653,1646,613759,213f496e41814942971ef7f72d7ac5299b1ff1e446925fbfc16aa1b52bc987cf,same_target,migrate_replace,source,451321,5741158,1646,0.15083427727222443,0.7307276712803203,0.7307276758777287,0.14921166092418933,724,0.9999999855025796,10,0.9365079365079365,215
MOT20-05,3212,638,1653,1776,613942,d39c86d299804628d427bf3cc9ea025dbeb2946ba2c5fa1677f34b4fc05bca82,same_target,migrate_replace,source,451348,5742378,1776,0.7375885844230652,0.6668631671221668,0.6668631777516824,0.2774794113946721,724,0.999999984661513,10,0.9365079365079365,215
MOT20-05,3213,638,1653,1776,614124,3bb4eba0b5ed01c0b5e643335efbef4f3a63effca5496ec86fb5c4902f4c33aa,same_target,migrate_replace,source,451433,5744135,1776,0.6591519713401794,0.7144867376265203,0.7217886047466736,0.24925904962526113,724,0.9749559300224329,10,0.9365079365079365,215
MOT20-05,3214,871,2126,1748,614237,b2f13e00328ba06e3bfb3ac08e5c1d2b35df9697ecb4467fa0c1ca0f2a5f6505,other_target,dual_retention_add,candidate,451535,5746114,1748,0.6791170835494995,0.90942056405166,0.7385165314627362,0.825896683644084,654,0.7724698965672007,1,1.0,102
MOT20-05,3214,638,1653,1776,614308,7021346417cc7674dc0cf0c988489b41ba5c5892b0865f9a4cd12e6f9fa54a3b,same_target,migrate_replace,source,451514,5745906,1776,0.23508451879024506,0.657669922849316,0.7618947749964607,0.24395368290344324,684,0.8634250201017019,10,0.9365079365079365,215
MOT20-05,3215,638,1653,1776,614491,ffefa1e21e05fa9bbb2da47c1dfb9a2092d22052533da3539d3247b8ef54c216,same_target,migrate_replace,source,451598,5747637,1776,0.6807940006256104,0.6474195532515885,0.7029157846150972,0.2852645484730285,684,0.9117537449480243,10,0.9365079365079365,215
MOT20-05,3216,638,1653,1776,614673,bde22063554f7a9fe458f8fe8742fa8161c779be62bf0fd8c75cf210c7761349,same_target,migrate_replace,source,451678,5749387,1776,0.5201414823532104,0.6670096694007978,0.7212038276667514,0.2912069152860853,684,0.881425129803999,10,0.9365079365079365,215
MOT20-05,3217,638,1653,1776,614854,6cbd40661719b5a4f2e202f3b959fe8cf51ccbda9ba01f93511857f31e4b24dd,same_target,migrate_replace,source,451812,5751674,1776,0.48432961106300354,0.7437854694184695,0.7777581458931034,0.2886388393546802,684,0.9557880823557872,10,0.9365079365079365,215
MOT20-05,3218,638,1653,1776,615036,15729bb90211503a7de82ed80001f6f9c9de8867f83fe5aadd5aefb85ebde215,same_target,migrate_replace,source,451843,5752855,1776,0.6344346404075623,0.7089888312664951,0.7786274104466245,0.29021292374086666,684,0.9083486762289479,10,0.9365079365079365,215
MOT20-05,3218,826,1773,2134,615043,e79b2a09573dd49a4bb0c2c882075e3ba2d258af498f3b1c78bce7d34bb81696,other_target,dual_retention_add,candidate,451870,5753157,2134,0.6453309059143066,0.5469939290184543,0.5469939309411751,0.6266612960076328,825,0.9999999809483815,4,0.9723756906077348,251
MOT20-05,3219,826,1773,2134,615226,e74a93c188bb68fca02df662ec8fe427c00751cff794096802f29e228b128c96,same_target,migrate_replace,candidate,451949,5754899,2134,0.29653772711753845,0.6040851172252167,0.5759863243794895,0.5680437510479605,825,0.9412455505605286,4,0.9723756906077348,251
MOT20-05,3220,826,1773,2134,615409,4e0ba91dc95eeee9f4179ca5777acf6e206768d2d91036ce4791ddfd4ebd5489,same_target,migrate_replace,candidate,452034,5756631,2134,0.5360986590385437,0.7018646606953985,0.5590280594688772,0.5497980333754947,825,0.6678714051916017,4,0.9723756906077348,251
MOT20-05,3247,877,1528,1540,620287,cc57d12c4de3c5c58ea0c130edfe9e6f47fc27edc074a4b2d2a6c0f6d8ba50fc,other_target,dual_retention_add,candidate,454282,5804370,1540,0.6683264970779419,0.8922097602191538,0.7008598461507738,0.8764941576741596,876,0.7300299203678218,7,1.0,1253
MOT20-05,3248,877,1528,1540,620469,6c2c60999c0e10e342eec0f02ca4673f31a21376216b4c45dbb122221926dd09,other_target,dual_retention_add,candidate,454308,5805522,1540,0.7875162363052368,0.8916136758792265,0.7251693447720216,0.879033072700013,876,0.7061743869426552,7,1.0,1253
MOT20-05,3249,877,1528,1540,620651,c00767cd98c561a18545596fdb16ef64df6cab5b1514ab0772049ff04a54271b,other_target,dual_retention_add,candidate,454439,5807888,1540,0.7800579071044922,0.9039676957882263,0.7634652301356306,0.8725062261948423,876,0.7214026081215973,7,1.0,1253
MOT20-05,3250,877,1528,1540,620834,5c425f46016acb450b97a563ff394c010d1b0525e752c871b32deb560ce68255,other_target,dual_retention_add,candidate,454524,5809617,1540,0.6966093182563782,0.9103912843874873,0.7757577697620688,0.8819365582328903,876,0.720065510256644,7,1.0,1253
MOT20-05,3251,877,1528,1540,621016,fb7b9fc536bb9984bb3490f3d03ea380823948abd78c3080ebf0dde1425e96d4,other_target,dual_retention_add,candidate,454606,5811332,1540,0.7813718914985657,0.8384128499274007,0.8007968084818116,0.8886438445349808,876,0.7233187416750169,7,1.0,1253
MOT20-05,3252,877,1528,1540,621198,01ce0f2ec1c2f21bc3785ece526c215a9ec9c26373d6a26d6df060268cd055a3,other_target,dual_retention_add,candidate,454687,5813105,1540,0.7685881853103638,0.8919181451173074,0.8174402085968276,0.8905760901850199,876,0.7348586280964104,7,1.0,1253
MOT20-05,3253,877,1528,1540,621381,a7c7ebb27d00ef0690465e1772fed57dc001f19a8691c67a922f93c82a130eef,other_target,dual_retention_add,candidate,454771,5814854,1540,0.7816559076309204,0.9124541501511111,0.802763820194415,0.8918639903494449,876,0.7376270759214512,7,1.0,1253
MOT20-05,3271,905,2127,108,624844,787c85096d083a81f16d37403980e6a18d730813bab1ad4e05519a5d5c7a5be7,other_target,dual_retention_add,candidate,456233,5846067,108,0.5155473947525024,0.8279074226830712,0.6296325180328817,0.8892876966098484,904,0.6926853106207534,2,1.0,60
MOT20-05,3272,905,2127,108,625028,f579d6b2e21c21ac36c776d19ce326f0a000ed93f8044cb88aa30dace4fe5932,other_target,dual_retention_add,candidate,456354,5848380,108,0.7164785265922546,0.5939997833725804,0.5939997813022904,0.908236186125181,904,0.9999999863917226,2,1.0,60
MOT20-05,3274,904,108,2127,625413,883b76db34085e0eaf1e3ca1cdf54cedb79776bf275c3baca37baa547524a5d5,other_target,dual_retention_add,candidate,456517,5851902,2127,0.8046795129776001,0.8396782234038418,0.7215235592584003,0.8139426860844644,905,0.6946439835038919,1,1.0,30
MOT20-05,3276,904,108,1887,625660,4eed26f803af4f7851c93cdfabbaccecede1b0edbf32704b94d76159bc5d7f1b,other_target,dual_retention_add,candidate,456679,5855297,1887,0.728301465511322,0.8805425377789068,0.5986592127600717,0.8394858891513028,787,0.6553785749003519,1,1.0,40
MOT20-05,3277,673,2160,1837,625823,05ad5c21e62cc8b37bb1e70c71a7c504be55af35e78fc3670fe8b82d896bd95f,other_target,dual_retention_add,candidate,456709,5856203,1837,0.8034096360206604,0.6328175769270549,0.6399014670969982,0.8124954128939127,869,0.9431657462546565,13,1.0,31
MOT20-05,3278,673,2160,1837,626006,6bea7e65936550f656c92e6d505eeaa62fdf0abb75088d1c4030faba87f150d0,other_target,dual_retention_add,candidate,456839,5858343,1837,0.613121509552002,0.5873130532499583,0.610454429783312,0.7923935644113824,869,0.9480709981385919,13,1.0,31
MOT20-05,3279,673,2160,1837,626190,7950acbed1750b57a6f807f356779537c0cb631c7aec282a370375e25fec2884,other_target,dual_retention_add,candidate,456920,5860062,1837,0.8149896860122681,0.5744278342708725,0.5744278228867916,0.8004095989248047,869,0.9999999813447896,13,1.0,31
MOT20-05,3280,673,2160,1837,626373,6c5238646e40b02777fbafe729e428169e6cc15c6479108a2e7c2ce2e3ef1d27,other_target,dual_retention_add,candidate,456955,5861334,1837,0.8530988097190857,0.5683271154317296,0.5446857506673494,0.829650716363316,869,0.9571229092706253,13,1.0,31
MOT20-05,3281,673,2160,1837,626556,9cc50715f730eac119bdf1817ffb73d8904db24a8075c4c4176377d874288724,other_target,dual_retention_add,candidate,457044,5863065,1837,0.8564205169677734,0.5393382729490824,0.5203779994039075,0.8457354373241367,869,0.9633600173327214,13,1.0,31
MOT20-05,3284,673,2160,1837,627106,dfe76040f9027dfe7c474be26852e807184381ae05d0a8e853efceeaa1d39097,other_target,dual_retention_add,candidate,457275,5868052,1837,0.248207688331604,0.5680597703912087,0.4113548928144275,0.8538002022142489,869,0.5092120871675008,13,1.0,31
MOT20-05,3287,786,1724,100,627617,823b5e5f2a023060426961941fdca1aba47262ea601ef8f26c4a0c4e39de8ff5,other_target,dual_retention_add,candidate,457558,5873725,100,0.8794593811035156,0.8879275005375209,0.729223315233145,0.823428021544135,906,0.717221783210316,7,1.0,424
MOT20-05,3288,786,1724,100,627802,fa57b62392e5ae266e5ee6845a7034b6209b6ea20463bc90c460930838aefe70,other_target,dual_retention_add,candidate,457641,5875440,100,0.8790372014045715,0.9256644852111752,0.7003049170151,0.8460141027529449,906,0.7176251794817076,7,1.0,424
MOT20-05,3289,786,1724,100,627986,834af59e9f14e0d2060d5ec5914d32f260a93ca7b4ac0d8378f06eb426ffaa4b,other_target,dual_retention_add,candidate,457731,5877182,100,0.8818277716636658,0.918538651984595,0.6905934190107628,0.847580569911662,906,0.716485197696771,7,1.0,424
MOT20-05,3290,786,1724,100,628171,8412a2a3331fd36642247e405a0fa6f1848437b1d66cefafb41ee9cb216040ab,other_target,dual_retention_add,candidate,457808,5878836,100,0.8723896145820618,0.9326088035040306,0.7149139757983619,0.8342736706656029,906,0.7272595774184808,7,1.0,424
MOT20-05,3291,786,1724,100,628356,e9303c07381a0a20849f6ee013ddfb99c897f78cafc8ce9a83c7fbf0ff3ebec6,other_target,dual_retention_add,candidate,457884,5880548,100,0.8656132817268372,0.946678721422978,0.6950921624974989,0.8578227473198075,906,0.7199599498040383,7,1.0,424
MOT20-05,3292,786,1724,100,628541,a6df60efc4379b89f8d0d985463c157a3ea37c9eb0a74cc5e5a40bf0698075e2,other_target,dual_retention_add,candidate,457965,5882292,100,0.8814906477928162,0.9446472066953292,0.6803245257305642,0.8838956657802373,906,0.7151720178739802,7,1.0,424
MOT20-05,3293,786,1724,100,628727,11bf39988e8bfd7087467a9b97855e48df1641965114e69c01b2b4da2f603dc6,other_target,dual_retention_add,candidate,458048,5884017,100,0.8834599852561951,0.9334040945972184,0.6846947878169994,0.875413755825538,906,0.7071599200005181,7,1.0,424
MOT20-05,3297,786,1724,100,629465,05d5ab39243cc3fab5bbef0c97cb7f5304fb020c5b412b9575e9f9087bdb028b,other_target,dual_retention_add,candidate,458406,5891494,100,0.8801482319831848,0.9406932841009942,0.6760590719687125,0.9007914398235933,906,0.6931237847804127,1,1.0,21
MOT20-05,3306,921,129,1163,631121,8bf59b0aa3d0169cdb7db8245d7ad7a71e0694bdf271ba5e7c008553058567b1,other_target,dual_retention_add,candidate,459147,5906813,1163,0.7243350148200989,0.9273752472040684,0.6928933607793378,0.8937379262667648,922,0.7090314480324786,2,1.0,164
MOT20-05,3307,921,129,1163,631303,de37ae032c18584982b2a70bbb2ea992338307dc7a44d783ef38ba98529515c0,other_target,dual_retention_add,candidate,459228,5908558,1163,0.8007561564445496,0.8759849059943398,0.6792231392116183,0.865760593625557,922,0.7444309431250629,2,1.0,164
MOT20-05,3308,924,2159,2181,631658,22c102376262edee7ec629f8fa639d429bc26747216f7880af9799c52e2b494d,unmatched,replace_unmatched_host,candidate,459303,5909967,2181,0.4579252004623413,0.7029669493783707,0.40482804555127755,0.33317894815331633,866,0.5085855697062631,4,1.0,43
MOT20-05,3309,924,2159,2181,631842,b71abe43ace1b231598473761a0a1a4203131643ef2c80969572fdee3063fe08,unmatched,replace_unmatched_host,candidate,459386,5911674,2181,0.15469594299793243,0.7024024226143647,0.4097629186695756,0.3802254910118762,866,0.5215732881415074,4,1.0,43
