seq,u,v,boundary_frame,transaction_type,donor_raw_tid,receiver_raw_tid,accepted,effective_start_frame,changed_rows,pair_common_frames,pair_common_span,donor_anchor,receiver_anchor,candidate_policy_version,donor_first_frame,donor_last_frame,receiver_first_frame,receiver_last_frame,donor_track_rows,receiver_track_rows,donor_history_rows,receiver_history_rows,handoff_gap,future_receiver_rows,future_receiver_unique_frames,future_receiver_span,future_receiver_density,boundary_center_distance_norm,boundary_bottom_gap_norm,boundary_iou,boundary_log_width_ratio_abs,boundary_log_height_ratio_abs,boundary_donor_score,boundary_receiver_score,canonical_rank,enumeration_rank,candidate_priority,receiver_anchor_count,receiver_anchor_counts,target_rows_with_receiver_anchor,h30_history_donor_rows,h30_history_receiver_rows,h30_receiver_anchor_count,h30_future_rows,h30_history_donor_matched,h30_history_receiver_matched,h30_future_matched,h30_future_match_rate,h30_future_mean_match_iou,h30_donor_dominant_gt,h30_receiver_dominant_gt,h30_future_dominant_gt,h30_donor_gt_purity,h30_receiver_gt_purity,h30_future_gt_purity,h30_future_gt_entropy,h30_future_unique_gt,h30_history_dominant_same_gt,h30_donor_future_support_rows,h30_receiver_future_support_rows,h30_benefit_rows,h30_harm_rows,h30_row_net,h30_donor_minus_receiver_support_frac,h30_donor_same_pairs,h30_donor_different_pairs,h30_receiver_same_pairs,h30_receiver_different_pairs,h30_pairwise_net_pairs,h30_pairwise_affected_pairs,h30_pairwise_net_norm,h30_baseline_local_idtp,h30_edited_local_idtp,h30_idtp_delta,h30_idtp_delta_norm,h30_future_span_frames,h30_future_density,h60_history_donor_rows,h60_history_receiver_rows,h60_receiver_anchor_count,h60_future_rows,h60_history_donor_matched,h60_history_receiver_matched,h60_future_matched,h60_future_match_rate,h60_future_mean_match_iou,h60_donor_dominant_gt,h60_receiver_dominant_gt,h60_future_dominant_gt,h60_donor_gt_purity,h60_receiver_gt_purity,h60_future_gt_purity,h60_future_gt_entropy,h60_future_unique_gt,h60_history_dominant_same_gt,h60_donor_future_support_rows,h60_receiver_future_support_rows,h60_benefit_rows,h60_harm_rows,h60_row_net,h60_donor_minus_receiver_support_frac,h60_donor_same_pairs,h60_donor_different_pairs,h60_receiver_same_pairs,h60_receiver_different_pairs,h60_pairwise_net_pairs,h60_pairwise_affected_pairs,h60_pairwise_net_norm,h60_baseline_local_idtp,h60_edited_local_idtp,h60_idtp_delta,h60_idtp_delta_norm,h60_future_span_frames,h60_future_density,h120_history_donor_rows,h120_history_receiver_rows,h120_receiver_anchor_count,h120_future_rows,h120_history_donor_matched,h120_history_receiver_matched,h120_future_matched,h120_future_match_rate,h120_future_mean_match_iou,h120_donor_dominant_gt,h120_receiver_dominant_gt,h120_future_dominant_gt,h120_donor_gt_purity,h120_receiver_gt_purity,h120_future_gt_purity,h120_future_gt_entropy,h120_future_unique_gt,h120_history_dominant_same_gt,h120_donor_future_support_rows,h120_receiver_future_support_rows,h120_benefit_rows,h120_harm_rows,h120_row_net,h120_donor_minus_receiver_support_frac,h120_donor_same_pairs,h120_donor_different_pairs,h120_receiver_same_pairs,h120_receiver_different_pairs,h120_pairwise_net_pairs,h120_pairwise_affected_pairs,h120_pairwise_net_norm,h120_baseline_local_idtp,h120_edited_local_idtp,h120_idtp_delta,h120_idtp_delta_norm,h120_future_span_frames,h120_future_density,h300_history_donor_rows,h300_history_receiver_rows,h300_receiver_anchor_count,h300_future_rows,h300_history_donor_matched,h300_history_receiver_matched,h300_future_matched,h300_future_match_rate,h300_future_mean_match_iou,h300_donor_dominant_gt,h300_receiver_dominant_gt,h300_future_dominant_gt,h300_donor_gt_purity,h300_receiver_gt_purity,h300_future_gt_purity,h300_future_gt_entropy,h300_future_unique_gt,h300_history_dominant_same_gt,h300_donor_future_support_rows,h300_receiver_future_support_rows,h300_benefit_rows,h300_harm_rows,h300_row_net,h300_donor_minus_receiver_support_frac,h300_donor_same_pairs,h300_donor_different_pairs,h300_receiver_same_pairs,h300_receiver_different_pairs,h300_pairwise_net_pairs,h300_pairwise_affected_pairs,h300_pairwise_net_norm,h300_baseline_local_idtp,h300_edited_local_idtp,h300_idtp_delta,h300_idtp_delta_norm,h300_future_span_frames,h300_future_density,full_history_donor_rows,full_history_receiver_rows,full_receiver_anchor_count,full_future_rows,full_history_donor_matched,full_history_receiver_matched,full_future_matched,full_future_match_rate,full_future_mean_match_iou,full_donor_dominant_gt,full_receiver_dominant_gt,full_future_dominant_gt,full_donor_gt_purity,full_receiver_gt_purity,full_future_gt_purity,full_future_gt_entropy,full_future_unique_gt,full_history_dominant_same_gt,full_donor_future_support_rows,full_receiver_future_support_rows,full_benefit_rows,full_harm_rows,full_row_net,full_donor_minus_receiver_support_frac,full_donor_same_pairs,full_donor_different_pairs,full_receiver_same_pairs,full_receiver_different_pairs,full_pairwise_net_pairs,full_pairwise_affected_pairs,full_pairwise_net_norm,full_baseline_local_idtp,full_edited_local_idtp,full_idtp_delta,full_idtp_delta_norm,full_future_span_frames,full_future_density
MOT17-02-FRCNN,13,25,30,v_to_u,25,13,1,31,363,1,1,25,13,1,30,30,1,393,1,393,1,30,1,363,363,363,1.0,0.118318719542,0.150649074679,0.689183482516,0.200670695462,0.171577045323,-1.0,-1.0,1,13,0.020909891661,1,"{""13"": 363}",363,1,30,1,30,0,30,30,1.0,0.883575598949,-1,15,15,,1.0,1.0,-0.0,1,0,0,30,0,0,0.0,-1.0,0,0,900,0,-900,900,-1.0,60,30,-30,-0.5,30,1.0,1,30,1,60,0,30,60,1.0,0.864433856871,-1,15,15,,1.0,1.0,-0.0,1,0,0,60,0,0,0.0,-1.0,0,0,1800,0,-1800,1800,-1.0,90,60,-30,-0.333333333333,60,1.0,1,30,1,120,0,30,120,1.0,0.865729180957,-1,15,15,,1.0,1.0,-0.0,1,0,0,120,0,0,0.0,-1.0,0,0,3600,0,-3600,3600,-1.0,150,120,-30,-0.2,120,1.0,1,30,1,300,0,30,293,0.976666666667,0.848815177446,-1,15,15,,1.0,0.733788395904,0.622853081957,3,0,0,215,0,0,0.0,-0.733788395904,0,0,6450,2340,-4110,8790,-0.467576791809,245,215,-30,-0.092879256966,300,1.0,1,30,1,363,0,30,354,0.97520661157,0.852064965025,-1,15,15,,1.0,0.607344632768,0.710810818858,3,0,0,215,0,0,0.0,-0.607344632768,0,0,6450,4170,-2280,10620,-0.214689265537,245,215,-30,-0.078125,363,1.0
MOT17-02-FRCNN,21,23,40,v_to_u,23,21,1,41,41,18,18,23,21,1,23,40,4,81,18,78,18,37,1,41,41,41,1.0,1.316019305845,0.059925309199,0.0,0.176793156577,0.091441643045,-1.0,-1.0,2,45,1.357824113107,1,"{""21"": 41}",41,18,30,1,30,17,30,30,1.0,0.84073269201,22,21,21,1.0,1.0,1.0,-0.0,1,0,0,30,0,30,-1.0,-1.0,0,510,900,0,-1410,1410,-1.0,77,47,-30,-0.38961038961,30,1.0,18,37,1,41,17,37,40,0.975609756098,0.837525751889,22,21,21,1.0,1.0,1.0,-0.0,1,0,0,40,0,40,-1.0,-1.0,0,680,1480,0,-2160,2160,-1.0,94,54,-40,-0.425531914894,41,1.0,18,37,1,41,17,37,40,0.975609756098,0.837525751889,22,21,21,1.0,1.0,1.0,-0.0,1,0,0,40,0,40,-1.0,-1.0,0,680,1480,0,-2160,2160,-1.0,94,54,-40,-0.425531914894,41,1.0,18,37,1,41,17,37,40,0.975609756098,0.837525751889,22,21,21,1.0,1.0,1.0,-0.0,1,0,0,40,0,40,-1.0,-1.0,0,680,1480,0,-2160,2160,-1.0,94,54,-40,-0.425531914894,41,1.0,18,37,1,41,17,37,40,0.975609756098,0.837525751889,22,21,21,1.0,1.0,1.0,-0.0,1,0,0,40,0,40,-1.0,-1.0,0,680,1480,0,-2160,2160,-1.0,94,54,-40,-0.425531914894,41,1.0
MOT17-02-FRCNN,20,26,41,v_to_u,26,20,1,42,337,10,10,26,20,1,32,41,1,378,10,378,10,41,1,337,337,337,1.0,0.199270138034,0.069504469033,0.476697786215,0.080443078932,0.090043388668,-1.0,-1.0,3,68,0.114520455498,1,"{""20"": 337}",337,10,30,1,30,1,24,30,1.0,0.835736599392,70,70,39,1.0,1.0,0.666666666667,0.636514168295,2,1,10,10,0,0,0.0,0.0,10,20,240,480,230,750,0.306666666667,34,44,10,0.181818181818,30,1.0,10,41,1,60,1,35,60,1.0,0.875163650485,70,70,39,1.0,1.0,0.833333333333,0.450561208866,2,1,10,10,0,0,0.0,0.0,10,50,350,1750,1360,2160,0.62962962963,51,85,34,0.354166666667,60,1.0,10,41,1,120,1,35,120,1.0,0.880114601878,70,70,39,1.0,1.0,0.916666666667,0.286835983056,2,1,10,10,0,0,0.0,0.0,10,110,350,3850,3400,4320,0.787037037037,111,145,34,0.217948717949,120,1.0,10,41,1,300,1,35,295,0.983333333333,0.879227460813,70,70,39,1.0,1.0,0.966101694915,0.148042246826,2,1,10,10,0,0,0.0,0.0,10,285,350,9975,9350,10620,0.880414312618,286,320,34,0.102719033233,300,1.0,10,41,1,337,1,35,330,0.979228486647,0.88337276819,70,70,39,1.0,1.0,0.969696969697,0.135793958752,2,1,10,10,0,0,0.0,0.0,10,320,350,11200,10540,11880,0.887205387205,321,355,34,0.092896174863,337,1.0
MOT17-02-FRCNN,5,11,46,v_to_u,11,5,1,47,13,46,46,11,5,1,1,46,1,59,46,59,46,46,1,13,13,13,1.0,0.36915934721,0.125770909913,0.251172174144,0.47782798342,0.138373793234,-1.0,-1.0,4,77,0.399429208818,1,"{""5"": 13}",13,30,30,1,13,27,30,10,0.769230769231,0.865149364945,8,2,2,1.0,1.0,1.0,-0.0,1,0,0,10,0,10,-1.0,-1.0,0,270,300,0,-570,570,-1.0,67,57,-10,-0.149253731343,13,1.0,46,46,1,13,43,46,10,0.769230769231,0.865149364945,8,2,2,1.0,1.0,1.0,-0.0,1,0,0,10,0,10,-1.0,-1.0,0,430,460,0,-890,890,-1.0,99,89,-10,-0.10101010101,13,1.0,46,46,1,13,43,46,10,0.769230769231,0.865149364945,8,2,2,1.0,1.0,1.0,-0.0,1,0,0,10,0,10,-1.0,-1.0,0,430,460,0,-890,890,-1.0,99,89,-10,-0.10101010101,13,1.0,46,46,1,13,43,46,10,0.769230769231,0.865149364945,8,2,2,1.0,1.0,1.0,-0.0,1,0,0,10,0,10,-1.0,-1.0,0,430,460,0,-890,890,-1.0,99,89,-10,-0.10101010101,13,1.0,46,46,1,13,43,46,10,0.769230769231,0.865149364945,8,2,2,1.0,1.0,1.0,-0.0,1,0,0,10,0,10,-1.0,-1.0,0,430,460,0,-890,890,-1.0,99,89,-10,-0.10101010101,13,1.0
MOT17-02-FRCNN,10,29,59,u_to_v,10,29,1,60,95,8,8,10,29,1,1,59,52,154,59,103,59,8,1,95,95,95,1.0,0.577466467477,0.388353321269,0.135232138662,0.244482103566,0.293449064575,-1.0,-1.0,5,145,0.694539879943,1,"{""29"": 95}",95,30,8,1,30,30,8,30,1.0,0.784341766216,26,59,59,1.0,1.0,1.0,-0.0,1,0,0,30,0,30,-1.0,-1.0,0,900,240,0,-1140,1140,-1.0,68,38,-30,-0.441176470588,30,1.0,59,8,1,60,59,8,50,0.833333333333,0.78782219745,26,59,59,1.0,1.0,1.0,-0.0,1,0,0,50,0,50,-1.0,-1.0,0,2950,400,0,-3350,3350,-1.0,117,67,-50,-0.42735042735,60,1.0,59,8,1,95,59,8,82,0.863157894737,0.757452335726,26,59,59,1.0,1.0,0.609756097561,0.668857062374,2,0,0,50,0,50,-0.609756097561,-0.609756097561,0,4838,400,256,-4982,5494,-0.906807426283,117,67,-50,-0.335570469799,95,1.0,59,8,1,95,59,8,82,0.863157894737,0.757452335726,26,59,59,1.0,1.0,0.609756097561,0.668857062374,2,0,0,50,0,50,-0.609756097561,-0.609756097561,0,4838,400,256,-4982,5494,-0.906807426283,117,67,-50,-0.335570469799,95,1.0,59,8,1,95,59,8,82,0.863157894737,0.757452335726,26,59,59,1.0,1.0,0.609756097561,0.668857062374,2,0,0,50,0,50,-0.609756097561,-0.609756097561,0,4838,400,256,-4982,5494,-0.906807426283,117,67,-50,-0.335570469799,95,1.0
MOT17-02-FRCNN,24,30,61,v_to_u,30,24,1,62,539,1,1,30,24,1,61,61,30,600,1,571,1,32,1,539,539,539,1.0,0.198775367942,0.020887740093,0.459569697068,0.065033746529,0.138730758523,-1.0,-1.0,6,164,0.109481329204,1,"{""24"": 539}",539,1,30,1,30,0,30,30,1.0,0.872449087698,-1,27,27,,1.0,1.0,-0.0,1,0,0,30,0,0,0.0,-1.0,0,0,900,0,-900,900,-1.0,60,30,-30,-0.5,30,1.0,1,32,1,60,0,31,60,1.0,0.842008178903,-1,27,27,,1.0,0.983333333333,0.084766075715,2,0,0,59,0,0,0.0,-0.983333333333,0,0,1829,31,-1798,1860,-0.966666666667,90,59,-31,-0.340659340659,60,1.0,1,32,1,120,0,31,120,1.0,0.867500760475,-1,27,27,,1.0,0.991666666667,0.04819427878,2,0,0,119,0,0,0.0,-0.991666666667,0,0,3689,31,-3658,3720,-0.983333333333,150,119,-31,-0.205298013245,120,1.0,1,32,1,300,0,31,300,1.0,0.894257839184,-1,27,27,,1.0,0.996666666667,0.022340379843,2,0,0,299,0,0,0.0,-0.996666666667,0,0,9269,31,-9238,9300,-0.993333333333,330,299,-31,-0.093655589124,300,1.0,1,32,1,539,0,31,538,0.99814471243,0.874355214989,-1,27,27,,1.0,0.743494423792,0.607203933949,4,0,0,400,0,0,0.0,-0.743494423792,0,0,12400,4278,-8122,16678,-0.486988847584,431,400,-31,-0.054481546573,539,1.0
MOT17-02-FRCNN,27,28,64,v_to_u,28,27,1,65,207,17,17,28,27,1,48,64,41,271,17,231,17,24,1,207,207,207,1.0,0.144099013714,0.041813676426,0.658513284236,0.045620589408,0.050758758564,-1.0,-1.0,7,187,-0.000437953441,1,"{""27"": 207}",207,17,24,1,30,14,24,18,0.6,0.675649910615,61,57,57,1.0,1.0,1.0,-0.0,1,0,0,18,0,18,-1.0,-1.0,0,252,432,0,-684,684,-1.0,56,38,-18,-0.321428571429,30,1.0,17,24,1,60,14,24,46,0.766666666667,0.701774682355,61,57,57,1.0,1.0,0.782608695652,0.523586337481,2,0,10,36,10,36,-0.565217391304,-0.565217391304,140,504,864,240,-988,1748,-0.565217391304,74,48,-26,-0.309523809524,60,1.0,17,24,1,120,14,24,106,0.883333333333,0.755218913474,61,57,57,1.0,1.0,0.783018867925,0.523060439268,2,0,23,83,23,83,-0.566037735849,-0.566037735849,322,1162,1992,552,-2280,4028,-0.566037735849,121,83,-38,-0.263888888889,120,1.0,17,24,1,207,14,24,191,0.92270531401,0.752931720683,61,57,57,1.0,1.0,0.874345549738,0.378041707618,2,0,24,167,24,167,-0.748691099476,-0.748691099476,336,2338,4008,576,-5434,7258,-0.748691099476,205,167,-38,-0.165938864629,207,1.0,17,24,1,207,14,24,191,0.92270531401,0.752931720683,61,57,57,1.0,1.0,0.874345549738,0.378041707618,2,0,24,167,24,167,-0.748691099476,-0.748691099476,336,2338,4008,576,-5434,7258,-0.748691099476,205,167,-38,-0.165938864629,207,1.0
MOT17-02-FRCNN,18,36,78,u_to_v,18,36,1,79,331,3,3,18,36,1,1,78,76,409,78,334,78,3,1,331,331,331,1.0,0.299349627349,0.150347263791,0.318827845814,0.199191405252,0.146540764769,-1.0,-1.0,8,217,0.291802698845,1,"{""36"": 331}",331,30,3,1,30,23,3,30,1.0,0.901218044529,36,36,36,1.0,1.0,1.0,-0.0,1,1,30,30,0,0,0.0,0.0,690,0,90,0,600,780,0.769230769231,33,53,20,0.357142857143,30,1.0,60,3,1,60,53,3,60,1.0,0.88532755766,36,36,36,1.0,1.0,1.0,-0.0,1,1,60,60,0,0,0.0,0.0,3180,0,180,0,3000,3360,0.892857142857,63,113,50,0.431034482759,60,1.0,78,3,1,120,71,3,120,1.0,0.896901907931,36,36,36,1.0,1.0,1.0,-0.0,1,1,120,120,0,0,0.0,0.0,8520,0,360,0,8160,8880,0.918918918919,123,191,68,0.350515463918,120,1.0,78,3,1,300,71,3,300,1.0,0.907078629943,36,36,36,1.0,1.0,1.0,-0.0,1,1,300,300,0,0,0.0,0.0,21300,0,900,0,20400,22200,0.918918918919,303,371,68,0.181818181818,300,1.0,78,3,1,331,71,3,330,0.996978851964,0.903631600285,36,36,36,1.0,1.0,1.0,-0.0,1,1,330,330,0,0,0.0,0.0,23430,0,990,0,22440,24420,0.918918918919,333,401,68,0.168316831683,331,1.0
MOT17-02-FRCNN,31,34,79,v_to_u,34,31,1,80,292,7,7,34,31,1,73,79,63,400,7,309,7,17,1,292,292,321,0.909657320872,0.305250611772,0.257584888286,0.524709434662,0.184870256517,0.183218283801,-1.0,-1.0,9,239,0.27527832921,1,"{""31"": 292}",292,7,17,1,30,0,16,30,1.0,0.889922077621,-1,29,29,,1.0,1.0,-0.0,1,0,0,30,0,0,0.0,-1.0,0,0,480,0,-480,480,-1.0,46,30,-16,-0.347826086957,30,1.0,7,17,1,60,0,16,60,1.0,0.882217617053,-1,29,29,,1.0,1.0,-0.0,1,0,0,60,0,0,0.0,-1.0,0,0,960,0,-960,960,-1.0,76,60,-16,-0.210526315789,60,1.0,7,17,1,120,0,16,120,1.0,0.86413772357,-1,29,29,,1.0,1.0,-0.0,1,0,0,120,0,0,0.0,-1.0,0,0,1920,0,-1920,1920,-1.0,136,120,-16,-0.117647058824,120,1.0,7,17,1,271,0,16,270,0.9963099631,0.863501583669,-1,29,29,,1.0,0.57037037037,0.924345707979,4,0,0,154,0,0,0.0,-0.57037037037,0,0,2464,1856,-608,4320,-0.140740740741,170,154,-16,-0.055944055944,300,0.903333333333,7,17,1,292,0,16,285,0.97602739726,0.851666068934,-1,29,29,,1.0,0.540350877193,1.01585410413,5,0,0,154,0,0,0.0,-0.540350877193,0,0,2464,2096,-368,4560,-0.080701754386,170,154,-16,-0.053156146179,321,0.909657320872
MOT17-02-FRCNN,12,21,81,v_to_u,21,12,1,82,141,78,78,21,12,1,4,81,1,222,78,222,78,81,1,141,141,141,1.0,4.843081463029,0.084929828252,0.0,0.343976171331,0.220133053546,-1.0,-1.0,10,252,4.920724842579,1,"{""12"": 141}",141,30,30,1,30,29,30,30,1.0,0.917252865175,21,14,14,1.0,1.0,1.0,-0.0,1,0,0,30,0,30,-1.0,-1.0,0,870,900,0,-1770,1770,-1.0,89,59,-30,-0.337078651685,30,1.0,60,60,1,60,59,60,60,1.0,0.892098877814,21,14,14,1.0,1.0,1.0,-0.0,1,0,0,60,0,60,-1.0,-1.0,0,3540,3600,0,-7140,7140,-1.0,179,119,-60,-0.335195530726,60,1.0,78,81,1,120,77,81,120,1.0,0.883386429651,21,14,14,1.0,1.0,1.0,-0.0,1,0,0,120,0,120,-1.0,-1.0,0,9240,9720,0,-18960,18960,-1.0,278,158,-120,-0.431654676259,120,1.0,78,81,1,141,77,81,141,1.0,0.881319205503,21,14,14,1.0,1.0,1.0,-0.0,1,0,0,141,0,141,-1.0,-1.0,0,10857,11421,0,-22278,22278,-1.0,299,158,-141,-0.471571906355,141,1.0,78,81,1,141,77,81,141,1.0,0.881319205503,21,14,14,1.0,1.0,1.0,-0.0,1,0,0,141,0,141,-1.0,-1.0,0,10857,11421,0,-22278,22278,-1.0,299,158,-141,-0.471571906355,141,1.0
MOT17-02-FRCNN,19,33,84,v_to_u,33,19,1,85,73,12,12,33,19,1,70,84,1,157,15,134,15,61,1,73,73,73,1.0,0.089179025015,0.101081670273,0.683094282727,0.099129455077,0.142733297923,-1.0,-1.0,11,283,-0.032137852799,1,"{""19"": 73}",73,15,12,1,30,12,1,30,1.0,0.753523862258,70,70,70,1.0,1.0,1.0,-0.0,1,1,30,30,0,0,0.0,0.0,360,0,30,0,330,390,0.846153846154,31,42,11,0.255813953488,30,1.0,15,37,1,60,12,16,36,0.6,0.752835754898,70,39,70,1.0,0.9375,1.0,-0.0,1,0,36,0,36,0,1.0,1.0,432,0,36,540,936,1008,0.928571428571,37,63,26,0.40625,60,1.0,15,61,1,73,12,40,36,0.493150684932,0.752835754898,70,39,70,1.0,0.975,1.0,-0.0,1,0,36,0,36,0,1.0,1.0,432,0,36,1404,1800,1872,0.961538461538,51,87,36,0.409090909091,73,1.0,15,61,1,73,12,40,36,0.493150684932,0.752835754898,70,39,70,1.0,0.975,1.0,-0.0,1,0,36,0,36,0,1.0,1.0,432,0,36,1404,1800,1872,0.961538461538,51,87,36,0.409090909091,73,1.0,15,61,1,73,12,40,36,0.493150684932,0.752835754898,70,39,70,1.0,0.975,1.0,-0.0,1,0,36,0,36,0,1.0,1.0,432,0,36,1404,1800,1872,0.961538461538,51,87,36,0.409090909091,73,1.0
MOT17-02-FRCNN,19,41,117,v_to_u,41,19,1,118,40,1,1,41,19,1,117,117,1,157,1,134,1,94,1,40,40,40,1.0,0.846173482483,0.057376745164,0.0,0.248429612763,0.280993084301,-1.0,-1.0,12,307,0.913459938481,1,"{""19"": 40}",40,1,30,1,30,1,30,3,0.1,0.639305902476,71,70,70,1.0,1.0,1.0,-0.0,1,0,0,3,0,3,-1.0,-1.0,0,3,90,0,-93,93,-1.0,34,31,-3,-0.088235294118,30,1.0,1,45,1,40,1,34,3,0.075,0.639305902476,71,70,70,1.0,1.0,1.0,-0.0,1,0,0,3,0,3,-1.0,-1.0,0,3,102,0,-105,105,-1.0,38,35,-3,-0.078947368421,40,1.0,1,94,1,40,1,73,3,0.075,0.639305902476,71,39,70,1.0,0.534246575342,1.0,-0.0,1,0,0,0,0,0,0.0,0.0,0,3,102,117,12,222,0.054054054054,40,42,2,0.025974025974,40,1.0,1,94,1,40,1,73,3,0.075,0.639305902476,71,39,70,1.0,0.534246575342,1.0,-0.0,1,0,0,0,0,0,0.0,0.0,0,3,102,117,12,222,0.054054054054,40,42,2,0.025974025974,40,1.0,1,94,1,40,1,73,3,0.075,0.639305902476,71,39,70,1.0,0.534246575342,1.0,-0.0,1,0,0,0,0,0,0.0,0.0,0,3,102,117,12,222,0.054054054054,40,42,2,0.025974025974,40,1.0
MOT17-02-FRCNN,17,22,118,u_to_v,17,22,1,119,134,107,107,17,22,1,1,118,12,252,118,241,118,107,1,134,134,134,1.0,0.514546946584,0.377994740441,0.1799562396,0.226753162342,0.325915267562,-1.0,-1.0,13,336,0.619323414785,1,"{""22"": 134}",134,30,30,1,30,30,30,30,1.0,0.855588216997,72,40,40,1.0,1.0,1.0,-0.0,1,0,0,30,0,30,-1.0,-1.0,0,900,900,0,-1800,1800,-1.0,90,60,-30,-0.333333333333,30,1.0,60,60,1,60,60,60,59,0.983333333333,0.820397189575,72,40,40,1.0,1.0,0.966101694915,0.148042246826,2,0,0,57,0,57,-0.966101694915,-0.966101694915,0,3540,3420,120,-6840,7080,-0.966101694915,177,120,-57,-0.31843575419,60,1.0,118,107,1,120,118,107,113,0.941666666667,0.803876658777,72,40,40,1.0,1.0,0.867256637168,0.505840959714,4,0,0,98,0,98,-0.867256637168,-0.867256637168,0,13334,10486,1605,-22215,25425,-0.873746312684,323,225,-98,-0.289940828402,120,1.0,118,107,1,134,118,107,127,0.94776119403,0.794695936906,72,40,40,1.0,1.0,0.88188976378,0.464818143607,4,0,0,112,0,112,-0.88188976378,-0.88188976378,0,14986,11984,1605,-25365,28575,-0.887664041995,337,225,-112,-0.318181818182,134,1.0,118,107,1,134,118,107,127,0.94776119403,0.794695936906,72,40,40,1.0,1.0,0.88188976378,0.464818143607,4,0,0,112,0,112,-0.88188976378,-0.88188976378,0,14986,11984,1605,-25365,28575,-0.887664041995,337,225,-112,-0.318181818182,134,1.0
MOT17-02-FRCNN,36,39,119,v_to_u,39,36,1,120,290,7,7,39,36,1,113,119,76,409,7,334,7,44,1,290,290,290,1.0,0.111445871245,0.032765693405,0.654497960307,0.092319647587,0.039061238731,-1.0,-1.0,14,370,-0.030849106849,1,"{""36"": 290}",290,7,30,1,30,0,30,30,1.0,0.872487174727,-1,36,36,,1.0,1.0,-0.0,1,0,0,30,0,0,0.0,-1.0,0,0,900,0,-900,900,-1.0,60,30,-30,-0.5,30,1.0,7,44,1,60,0,44,60,1.0,0.888345171791,-1,36,36,,1.0,1.0,-0.0,1,0,0,60,0,0,0.0,-1.0,0,0,2640,0,-2640,2640,-1.0,104,60,-44,-0.423076923077,60,1.0,7,44,1,120,0,44,120,1.0,0.917674045315,-1,36,36,,1.0,1.0,-0.0,1,0,0,120,0,0,0.0,-1.0,0,0,5280,0,-5280,5280,-1.0,164,120,-44,-0.268292682927,120,1.0,7,44,1,290,0,44,289,0.996551724138,0.905441441906,-1,36,36,,1.0,1.0,-0.0,1,0,0,289,0,0,0.0,-1.0,0,0,12716,0,-12716,12716,-1.0,333,289,-44,-0.132132132132,290,1.0,7,44,1,290,0,44,289,0.996551724138,0.905441441906,-1,36,36,,1.0,1.0,-0.0,1,0,0,289,0,0,0.0,-1.0,0,0,12716,0,-12716,12716,-1.0,333,289,-44,-0.132132132132,290,1.0
MOT17-02-FRCNN,24,35,122,v_to_u,35,24,1,123,478,47,47,35,24,1,76,122,30,600,47,571,47,93,1,478,478,478,1.0,0.154625653584,0.138318848623,0.782425813662,0.023344908741,0.104391319172,-1.0,-1.0,15,390,0.006372535116,1,"{""24"": 478}",478,30,30,1,30,30,30,30,1.0,0.86667143186,26,27,27,0.966666666667,0.966666666667,1.0,-0.0,1,0,0,30,0,30,-1.0,-1.0,30,870,870,30,-1680,1800,-0.933333333333,88,58,-30,-0.333333333333,30,1.0,47,60,1,60,47,60,60,1.0,0.895475946179,26,27,27,0.978723404255,0.983333333333,1.0,-0.0,1,0,0,60,0,60,-1.0,-1.0,60,2760,3540,60,-6180,6420,-0.96261682243,165,105,-60,-0.359281437126,60,1.0,47,93,1,120,47,92,120,1.0,0.893838028319,26,27,27,0.978723404255,0.989130434783,1.0,-0.0,1,0,0,120,0,120,-1.0,-1.0,120,5520,10920,120,-16200,16680,-0.971223021583,257,137,-120,-0.46332046332,120,1.0,47,93,1,300,47,92,299,0.996666666667,0.898490047439,26,27,27,0.978723404255,0.989130434783,1.0,-0.0,1,0,0,299,0,299,-1.0,-1.0,299,13754,27209,299,-40365,41561,-0.971223021583,436,301,-135,-0.308219178082,300,1.0,47,93,1,478,47,92,477,0.997907949791,0.878540826885,26,27,27,0.978723404255,0.989130434783,0.712788259958,0.629889907981,3,0,0,340,0,340,-0.712788259958,-0.712788259958,340,22079,30940,12944,-39735,66303,-0.599294149586,477,342,-135,-0.219155844156,478,1.0
MOT17-02-FRCNN,7,42,127,v_to_u,42,7,1,128,78,8,8,42,7,1,120,127,1,205,8,205,8,127,1,78,78,78,1.0,0.259995648921,0.41737829833,0.243824596513,0.650867515752,0.675081724864,-1.0,-1.0,16,405,0.435978998436,1,"{""7"": 78}",78,8,30,1,30,6,30,30,1.0,0.881151355411,71,18,18,1.0,1.0,1.0,-0.0,1,0,0,30,0,30,-1.0,-1.0,0,180,900,0,-1080,1080,-1.0,66,36,-30,-0.454545454545,30,1.0,8,60,1,60,6,60,60,1.0,0.834743136282,71,18,18,1.0,1.0,1.0,-0.0,1,0,0,60,0,60,-1.0,-1.0,0,360,3600,0,-3960,3960,-1.0,126,66,-60,-0.47619047619,60,1.0,8,120,1,78,6,120,70,0.897435897436,0.815675493221,71,18,18,1.0,1.0,0.985714285714,0.074875973232,2,0,0,69,0,69,-0.985714285714,-0.985714285714,0,420,8280,120,-8580,8820,-0.972789115646,195,126,-69,-0.352040816327,78,1.0,8,127,1,78,6,127,70,0.897435897436,0.815675493221,71,18,18,1.0,1.0,0.985714285714,0.074875973232,2,0,0,69,0,69,-0.985714285714,-0.985714285714,0,420,8763,127,-9056,9310,-0.972717508056,202,133,-69,-0.339901477833,78,1.0,8,127,1,78,6,127,70,0.897435897436,0.815675493221,71,18,18,1.0,1.0,0.985714285714,0.074875973232,2,0,0,69,0,69,-0.985714285714,-0.985714285714,0,420,8763,127,-9056,9310,-0.972717508056,202,133,-69,-0.339901477833,78,1.0
MOT17-02-FRCNN,27,44,129,v_to_u,44,27,1,130,142,1,1,44,27,1,129,129,41,271,1,231,1,89,1,142,142,142,1.0,1.428918240753,1.110492987225,0.036403633052,0.148845627598,0.482065955186,-1.0,-1.0,17,443,1.760531737575,1,"{""27"": 142}",142,1,30,1,30,0,28,30,1.0,0.85601308245,-1,57,57,,0.5,0.7,0.610864302055,2,0,0,21,0,0,0.0,-0.7,0,0,420,420,0,840,0.0,35,35,0,0.0,30,1.0,1,60,1,60,0,46,60,1.0,0.779290398157,-1,57,57,,0.695652173913,0.85,0.422709087806,2,0,0,51,0,0,0.0,-0.85,0,0,1758,1002,-756,2760,-0.273913043478,83,65,-18,-0.169811320755,60,1.0,1,89,1,120,0,75,118,0.983333333333,0.756275429224,-1,57,57,,0.813333333333,0.923728813559,0.26956648583,2,0,0,109,0,0,0.0,-0.923728813559,0,0,6775,2075,-4700,8850,-0.531073446328,170,123,-47,-0.243523316062,120,1.0,1,89,1,142,0,75,140,0.985915492958,0.765056458177,-1,57,57,,0.813333333333,0.928571428571,0.257318640544,2,0,0,130,0,0,0.0,-0.928571428571,0,0,8070,2430,-5640,10500,-0.537142857143,191,144,-47,-0.218604651163,142,1.0,1,89,1,142,0,75,140,0.985915492958,0.765056458177,-1,57,57,,0.813333333333,0.928571428571,0.257318640544,2,0,0,130,0,0,0.0,-0.928571428571,0,0,8070,2430,-5640,10500,-0.537142857143,191,144,-47,-0.218604651163,142,1.0
MOT17-02-FRCNN,16,47,141,v_to_u,47,16,1,142,182,1,1,47,16,1,141,141,1,323,1,323,1,141,1,182,182,182,1.0,0.143988918685,0.004848222097,0.647782383682,0.021967932842,0.005309951297,-1.0,-1.0,18,464,-0.014016833298,1,"{""16"": 182}",182,1,30,1,30,0,30,29,0.966666666667,0.717937972597,-1,68,68,,1.0,1.0,-0.0,1,0,0,29,0,0,0.0,-1.0,0,0,870,0,-870,870,-1.0,59,30,-29,-0.491525423729,30,1.0,1,60,1,60,0,60,59,0.983333333333,0.77696662202,-1,68,68,,1.0,1.0,-0.0,1,0,0,59,0,0,0.0,-1.0,0,0,3540,0,-3540,3540,-1.0,119,60,-59,-0.495798319328,60,1.0,1,120,1,120,0,120,119,0.991666666667,0.821939677597,-1,68,68,,1.0,1.0,-0.0,1,0,0,119,0,0,0.0,-1.0,0,0,14280,0,-14280,14280,-1.0,239,120,-119,-0.497907949791,120,1.0,1,141,1,182,0,141,173,0.950549450549,0.835096847466,-1,68,68,,1.0,1.0,-0.0,1,0,0,173,0,0,0.0,-1.0,0,0,24393,0,-24393,24393,-1.0,314,173,-141,-0.449044585987,182,1.0,1,141,1,182,0,141,173,0.950549450549,0.835096847466,-1,68,68,,1.0,1.0,-0.0,1,0,0,173,0,0,0.0,-1.0,0,0,24393,0,-24393,24393,-1.0,314,173,-141,-0.449044585987,182,1.0
MOT17-02-FRCNN,32,49,143,v_to_u,49,32,1,144,195,1,1,49,32,1,143,143,63,338,1,276,1,81,1,195,195,195,1.0,1.019617627571,1.158500238335,0.0889802579,1.280283861689,1.133949227089,-1.0,-1.0,19,500,1.528420931558,1,"{""32"": 195}",195,1,30,1,30,0,30,30,1.0,0.893607011952,-1,37,37,,1.0,1.0,-0.0,1,0,0,30,0,0,0.0,-1.0,0,0,900,0,-900,900,-1.0,60,30,-30,-0.5,30,1.0,1,60,1,60,0,60,60,1.0,0.909699111723,-1,37,37,,1.0,1.0,-0.0,1,0,0,60,0,0,0.0,-1.0,0,0,3600,0,-3600,3600,-1.0,120,60,-60,-0.5,60,1.0,1,81,1,120,0,81,120,1.0,0.91831702842,-1,37,37,,1.0,1.0,-0.0,1,0,0,120,0,0,0.0,-1.0,0,0,9720,0,-9720,9720,-1.0,201,120,-81,-0.402985074627,120,1.0,1,81,1,195,0,81,193,0.989743589744,0.918435855744,-1,37,37,,1.0,0.979274611399,0.100848928331,2,0,0,189,0,0,0.0,-0.979274611399,0,0,15309,324,-14985,15633,-0.958549222798,270,189,-81,-0.295620437956,195,1.0,1,81,1,195,0,81,193,0.989743589744,0.918435855744,-1,37,37,,1.0,0.979274611399,0.100848928331,2,0,0,189,0,0,0.0,-0.979274611399,0,0,15309,324,-14985,15633,-0.958549222798,270,189,-81,-0.295620437956,195,1.0
MOT17-02-FRCNN,46,50,145,v_to_u,50,46,1,146,160,1,1,50,46,1,145,145,138,305,1,168,1,8,1,160,160,160,1.0,0.079749286656,0.051196790429,0.785656657967,0.033422739122,0.031182236298,-1.0,-1.0,20,536,-0.097405182687,1,"{""46"": 160}",160,1,8,1,30,0,6,30,1.0,0.758333375486,-1,58,58,,1.0,0.933333333333,0.244930026795,2,0,0,28,0,0,0.0,-0.933333333333,0,0,168,12,-156,180,-0.866666666667,34,28,-6,-0.166666666667,30,1.0,1,8,1,60,0,6,60,1.0,0.815545184884,-1,58,58,,1.0,0.966666666667,0.146144746009,2,0,0,58,0,0,0.0,-0.966666666667,0,0,348,12,-336,360,-0.933333333333,64,58,-6,-0.090909090909,60,1.0,1,8,1,120,0,6,120,1.0,0.842968912875,-1,58,58,,1.0,0.983333333333,0.084766075715,2,0,0,118,0,0,0.0,-0.983333333333,0,0,708,12,-696,720,-0.966666666667,124,118,-6,-0.047619047619,120,1.0,1,8,1,160,0,6,160,1.0,0.809163781735,-1,58,58,,1.0,0.9875,0.067196880363,2,0,0,158,0,0,0.0,-0.9875,0,0,948,12,-936,960,-0.975,164,158,-6,-0.036144578313,160,1.0,1,8,1,160,0,6,160,1.0,0.809163781735,-1,58,58,,1.0,0.9875,0.067196880363,2,0,0,158,0,0,0.0,-0.9875,0,0,948,12,-936,960,-0.975,164,158,-6,-0.036144578313,160,1.0
MOT17-02-FRCNN,9,48,146,u_to_v,9,48,1,147,299,4,4,9,48,1,1,146,143,445,146,303,146,4,1,299,299,299,1.0,0.107278279734,0.052627653336,0.67097037609,0.016597541802,0.06346867379,-1.0,-1.0,21,565,-0.039300779395,1,"{""48"": 299}",299,30,4,1,30,28,2,30,1.0,0.941410854267,23,23,23,1.0,1.0,1.0,-0.0,1,1,30,30,0,0,0.0,0.0,840,0,60,0,780,900,0.866666666667,32,58,26,0.433333333333,30,1.0,60,4,1,60,58,2,60,1.0,0.924412333622,23,23,23,1.0,1.0,1.0,-0.0,1,1,60,60,0,0,0.0,0.0,3480,0,120,0,3360,3600,0.933333333333,62,118,56,0.466666666667,60,1.0,120,4,1,120,118,2,120,1.0,0.909858902885,23,23,23,1.0,1.0,1.0,-0.0,1,1,120,120,0,0,0.0,0.0,14160,0,240,0,13920,14400,0.966666666667,122,238,116,0.483333333333,120,1.0,146,4,1,299,144,2,299,1.0,0.936114219683,23,23,23,1.0,1.0,1.0,-0.0,1,1,299,299,0,0,0.0,0.0,43056,0,598,0,42458,43654,0.972602739726,301,443,142,0.319101123596,299,1.0,146,4,1,299,144,2,299,1.0,0.936114219683,23,23,23,1.0,1.0,1.0,-0.0,1,1,299,299,0,0,0.0,0.0,43056,0,598,0,42458,43654,0.972602739726,301,443,142,0.319101123596,299,1.0
MOT17-02-FRCNN,22,45,152,v_to_u,45,22,1,153,100,16,16,45,22,1,137,152,12,252,16,241,16,141,1,100,100,100,1.0,0.968656615214,0.199502657201,0.0,0.144128045188,0.357776698988,-1.0,-1.0,22,580,1.068722753932,1,"{""22"": 100}",100,16,30,1,30,16,30,29,0.966666666667,0.78449117911,72,40,40,1.0,1.0,0.793103448276,0.509815699582,2,0,0,23,0,23,-0.793103448276,-0.793103448276,0,464,690,180,-974,1334,-0.730134932534,69,46,-23,-0.306666666667,30,1.0,16,60,1,60,16,60,53,0.883333333333,0.778290935656,72,40,40,1.0,1.0,0.716981132075,0.839419154558,4,0,0,38,0,38,-0.716981132075,-0.716981132075,0,848,2280,900,-2228,4028,-0.553128103277,114,76,-38,-0.294573643411,60,1.0,16,120,1,100,16,120,93,0.93,0.776965141681,72,40,40,1.0,1.0,0.838709677419,0.580650346499,4,0,0,78,0,78,-0.838709677419,-0.838709677419,0,1488,9360,1800,-9048,12648,-0.715370018975,214,136,-78,-0.340611353712,100,1.0,16,141,1,100,16,141,93,0.93,0.776965141681,72,40,40,1.0,1.0,0.838709677419,0.580650346499,4,0,0,78,0,78,-0.838709677419,-0.838709677419,0,1488,10998,2115,-10371,14601,-0.710293815492,235,157,-78,-0.312,100,1.0,16,141,1,100,16,141,93,0.93,0.776965141681,72,40,40,1.0,1.0,0.838709677419,0.580650346499,4,0,0,78,0,78,-0.838709677419,-0.838709677419,0,1488,10998,2115,-10371,14601,-0.710293815492,235,157,-78,-0.312,100,1.0
MOT17-02-FRCNN,15,52,153,v_to_u,52,15,1,154,140,1,1,52,15,1,153,153,1,293,1,293,1,153,1,140,140,140,1.0,0.160161610155,0.008146670439,0.611585998465,0.067935229929,0.00551097597,-1.0,-1.0,23,604,0.016646398738,1,"{""15"": 140}",140,1,30,1,30,1,30,30,1.0,0.756019940068,68,69,69,1.0,1.0,1.0,-0.0,1,0,0,30,0,30,-1.0,-1.0,0,30,900,0,-930,930,-1.0,61,31,-30,-0.491803278689,30,1.0,1,60,1,60,1,60,60,1.0,0.804410757041,68,69,69,1.0,1.0,1.0,-0.0,1,0,0,60,0,60,-1.0,-1.0,0,60,3600,0,-3660,3660,-1.0,121,61,-60,-0.495867768595,60,1.0,1,120,1,120,1,120,120,1.0,0.842351590493,68,69,69,1.0,1.0,1.0,-0.0,1,0,0,120,0,120,-1.0,-1.0,0,120,14400,0,-14520,14520,-1.0,241,121,-120,-0.497925311203,120,1.0,1,153,1,140,1,153,127,0.907142857143,0.840943210225,68,69,69,1.0,1.0,1.0,-0.0,1,0,0,127,0,127,-1.0,-1.0,0,127,19431,0,-19558,19558,-1.0,281,154,-127,-0.451957295374,140,1.0,1,153,1,140,1,153,127,0.907142857143,0.840943210225,68,69,69,1.0,1.0,1.0,-0.0,1,0,0,127,0,127,-1.0,-1.0,0,127,19431,0,-19558,19558,-1.0,281,154,-127,-0.451957295374,140,1.0
MOT17-02-FRCNN,27,29,154,v_to_u,29,27,1,155,117,103,103,29,27,1,52,154,41,271,103,231,103,114,1,117,117,117,1.0,0.776890355902,0.201376470475,0.0,0.188337005821,0.178398691798,-1.0,-1.0,24,638,0.863908043283,1,"{""27"": 117}",117,30,30,1,30,29,30,30,1.0,0.719738845763,43,57,57,1.0,0.566666666667,1.0,-0.0,1,0,0,30,0,30,-1.0,-1.0,0,870,510,390,-990,1770,-0.559322033898,76,46,-30,-0.337078651685,30,1.0,60,60,1,60,47,58,58,0.966666666667,0.660760896495,43,57,57,0.68085106383,0.603448275862,1.0,-0.0,1,0,0,58,0,58,-1.0,-1.0,0,2726,2030,1334,-3422,6090,-0.561904761905,125,81,-44,-0.269938650307,60,1.0,103,114,1,117,90,100,115,0.982905982906,0.74216451474,59,57,57,0.644444444444,0.77,0.991304347826,0.049918014303,2,0,0,114,0,114,-0.991304347826,-0.991304347826,0,10350,8801,2699,-16452,21850,-0.75295194508,249,137,-112,-0.367213114754,117,1.0,103,114,1,117,90,100,115,0.982905982906,0.74216451474,59,57,57,0.644444444444,0.77,0.991304347826,0.049918014303,2,0,0,114,0,114,-0.991304347826,-0.991304347826,0,10350,8801,2699,-16452,21850,-0.75295194508,249,137,-112,-0.367213114754,117,1.0,103,114,1,117,90,100,115,0.982905982906,0.74216451474,59,57,57,0.644444444444,0.77,0.991304347826,0.049918014303,2,0,0,114,0,114,-0.991304347826,-0.991304347826,0,10350,8801,2699,-16452,21850,-0.75295194508,249,137,-112,-0.367213114754,117,1.0
MOT17-02-FRCNN,29,38,154,u_to_v,29,38,1,155,290,43,43,29,38,1,52,154,112,444,103,333,103,43,1,290,290,290,1.0,0.507873291131,0.131179655853,0.070124862133,0.233374353569,0.165403995514,-1.0,-1.0,25,643,0.563014824469,1,"{""38"": 290}",290,30,30,1,30,29,30,30,1.0,0.901650907077,43,59,59,1.0,1.0,1.0,-0.0,1,0,0,30,0,30,-1.0,-1.0,0,870,900,0,-1770,1770,-1.0,89,59,-30,-0.337078651685,30,1.0,60,43,1,60,47,43,60,1.0,0.887562801389,43,59,59,0.68085106383,0.976744186047,1.0,-0.0,1,0,0,60,0,60,-1.0,-1.0,900,1920,2520,60,-3480,5400,-0.644444444444,134,76,-58,-0.386666666667,60,1.0,103,43,1,120,90,43,120,1.0,0.902976939558,59,59,59,0.644444444444,0.976744186047,1.0,-0.0,1,1,120,120,0,0,0.0,0.0,6960,3840,5040,120,-1800,15960,-0.112781954887,194,179,-15,-0.059288537549,120,1.0,103,43,1,290,90,43,286,0.986206896552,0.862867150684,59,59,59,0.644444444444,0.976744186047,0.594405594406,0.675214900096,2,1,170,170,0,0,0.0,0.0,9860,15880,7140,5158,-8002,38038,-0.21036857879,244,229,-15,-0.035799522673,290,1.0,103,43,1,290,90,43,286,0.986206896552,0.862867150684,59,59,59,0.644444444444,0.976744186047,0.594405594406,0.675214900096,2,1,170,170,0,0,0.0,0.0,9860,15880,7140,5158,-8002,38038,-0.21036857879,244,229,-15,-0.035799522673,290,1.0
MOT17-02-FRCNN,7,19,157,v_to_u,19,7,1,158,48,134,157,19,7,1,1,157,1,205,134,205,134,157,1,48,48,48,1.0,0.708847652705,0.413159641803,0.0,0.446893241972,0.578692475289,-1.0,-1.0,26,655,0.914696134882,1,"{""7"": 48}",48,30,30,1,30,0,30,30,1.0,0.788334917153,-1,18,18,,1.0,1.0,-0.0,1,0,0,30,0,0,0.0,-1.0,0,0,900,0,-900,900,-1.0,60,30,-30,-0.5,30,1.0,60,60,1,48,23,60,40,0.833333333333,0.766568596578,70,18,18,1.0,1.0,0.975,0.116906849138,2,0,0,39,0,39,-0.975,-0.975,0,920,2340,60,-3200,3320,-0.963855421687,122,83,-39,-0.317073170732,48,1.0,97,120,1,48,39,120,40,0.833333333333,0.766568596578,70,18,18,0.948717948718,1.0,0.975,0.116906849138,2,0,0,39,0,39,-0.975,-0.975,0,1560,4680,120,-6120,6360,-0.962264150943,196,157,-39,-0.195979899497,48,1.0,134,157,1,48,76,157,40,0.833333333333,0.766568596578,39,18,18,0.513157894737,1.0,0.975,0.116906849138,2,0,0,39,0,39,-0.975,-0.975,0,3040,6123,157,-9006,9320,-0.966309012876,235,196,-39,-0.142857142857,48,1.0,134,157,1,48,76,157,40,0.833333333333,0.766568596578,39,18,18,0.513157894737,1.0,0.975,0.116906849138,2,0,0,39,0,39,-0.975,-0.975,0,3040,6123,157,-9006,9320,-0.966309012876,235,196,-39,-0.142857142857,48,1.0
MOT17-02-FRCNN,13,19,157,v_to_u,19,13,1,158,236,134,157,19,13,1,1,157,1,393,134,393,134,157,1,236,236,236,1.0,0.307058361067,0.379672526056,0.339856466258,0.409355322653,0.465888816245,-1.0,-1.0,27,658,0.404536789906,1,"{""13"": 236}",236,30,30,1,30,0,30,30,1.0,0.902988035953,-1,15,15,,1.0,1.0,-0.0,1,0,0,30,0,0,0.0,-1.0,0,0,900,0,-900,900,-1.0,60,30,-30,-0.5,30,1.0,60,60,1,60,23,60,60,1.0,0.852464933359,70,15,15,1.0,1.0,0.95,0.198515243346,2,0,0,57,0,57,-0.95,-0.95,0,1380,3420,180,-4620,4980,-0.927710843373,140,83,-57,-0.398601398601,60,1.0,97,120,1,120,39,120,113,0.941666666667,0.814170018951,70,15,15,0.948717948718,1.0,0.778761061947,0.609649672571,3,0,0,88,0,88,-0.778761061947,-0.778761061947,0,4407,10560,3000,-11967,17967,-0.666054433127,245,157,-88,-0.323529411765,120,1.0,134,157,1,236,76,157,227,0.96186440678,0.843991119794,39,15,67,0.513157894737,1.0,0.599118942731,0.731458647437,3,0,0,88,0,88,-0.387665198238,-0.387665198238,0,17252,13816,21823,-9245,52891,-0.174793443119,284,293,9,0.019565217391,236,1.0,134,157,1,236,76,157,227,0.96186440678,0.843991119794,39,15,67,0.513157894737,1.0,0.599118942731,0.731458647437,3,0,0,88,0,88,-0.387665198238,-0.387665198238,0,17252,13816,21823,-9245,52891,-0.174793443119,284,293,9,0.019565217391,236,1.0
MOT17-02-FRCNN,22,51,176,v_to_u,51,22,1,177,76,30,30,51,22,1,147,176,12,252,30,241,30,165,1,76,76,76,1.0,0.125876084421,0.098581191448,0.604078512542,0.087565371701,0.124856210624,-1.0,-1.0,28,690,0.02074391238,1,"{""22"": 76}",76,30,30,1,30,30,29,24,0.8,0.728256126802,67,40,67,1.0,1.0,0.416666666667,1.199595357303,4,0,10,9,10,9,0.041666666667,0.041666666667,300,420,261,435,54,1416,0.03813559322,68,69,1,0.012048192771,30,1.0,30,60,1,60,30,59,54,0.9,0.780559156511,67,40,40,1.0,1.0,0.722222222222,0.829967632562,4,0,10,39,10,39,-0.537037037037,-0.537037037037,300,1320,2301,885,-2436,4806,-0.506866416979,128,99,-29,-0.202797202797,60,1.0,30,120,1,76,30,119,70,0.921052631579,0.768724921477,67,40,40,1.0,1.0,0.785714285714,0.704047994266,4,0,10,55,10,55,-0.642857142857,-0.642857142857,300,1800,6545,1785,-6260,10430,-0.600191754554,204,159,-45,-0.205479452055,76,1.0,30,165,1,76,30,164,70,0.921052631579,0.768724921477,67,40,40,1.0,1.0,0.785714285714,0.704047994266,4,0,10,55,10,55,-0.642857142857,-0.642857142857,300,1800,9020,2460,-8060,13580,-0.59351988218,249,204,-45,-0.170454545455,76,1.0,30,165,1,76,30,164,70,0.921052631579,0.768724921477,67,40,40,1.0,1.0,0.785714285714,0.704047994266,4,0,10,55,10,55,-0.642857142857,-0.642857142857,300,1800,9020,2460,-8060,13580,-0.59351988218,249,204,-45,-0.170454545455,76,1.0
MOT17-02-FRCNN,38,56,184,v_to_u,56,38,1,185,260,1,1,56,38,1,184,184,112,444,1,333,1,73,1,260,260,260,1.0,0.106204114282,0.05125535055,0.691513837797,0.019305618894,0.055797403535,-1.0,-1.0,29,725,-0.046350205287,1,"{""38"": 260}",260,1,30,1,30,0,30,30,1.0,0.8734746957,-1,59,59,,1.0,1.0,-0.0,1,0,0,30,0,0,0.0,-1.0,0,0,900,0,-900,900,-1.0,60,30,-30,-0.5,30,1.0,1,60,1,60,0,60,60,1.0,0.899697667098,-1,59,59,,1.0,1.0,-0.0,1,0,0,60,0,0,0.0,-1.0,0,0,3600,0,-3600,3600,-1.0,120,60,-60,-0.5,60,1.0,1,73,1,120,0,73,120,1.0,0.894159351977,-1,59,59,,0.986301369863,1.0,-0.0,1,0,0,120,0,0,0.0,-1.0,0,0,8640,120,-8520,8760,-0.972602739726,192,121,-71,-0.367875647668,120,1.0,1,73,1,260,0,73,256,0.984615384615,0.858322179232,-1,59,59,,0.986301369863,0.546875,0.68874618927,2,0,0,140,0,0,0.0,-0.546875,0,0,10080,8608,-1472,18688,-0.078767123288,212,188,-24,-0.072948328267,260,1.0,1,73,1,260,0,73,256,0.984615384615,0.858322179232,-1,59,59,,0.986301369863,0.546875,0.68874618927,2,0,0,140,0,0,0.0,-0.546875,0,0,10080,8608,-1472,18688,-0.078767123288,212,188,-24,-0.072948328267,260,1.0
MOT17-02-FRCNN,7,13,205,u_to_v,7,13,1,206,188,205,205,7,13,1,1,205,1,393,205,393,205,205,1,188,188,188,1.0,0.369935617065,0.089366517397,0.21821842853,0.1056026171,0.10029930566,-1.0,-1.0,30,745,0.358312831557,1,"{""13"": 188}",188,30,30,1,30,22,30,29,0.966666666667,0.778043409078,18,15,15,0.954545454545,0.9,1.0,-0.0,1,0,0,29,0,29,-1.0,-1.0,0,638,783,87,-1334,1508,-0.884615384615,77,48,-29,-0.358024691358,30,1.0,60,60,1,60,52,60,53,0.883333333333,0.773679485954,18,15,15,0.980769230769,0.95,0.811320754717,0.4843021795,2,0,0,43,0,43,-0.811320754717,-0.811320754717,0,2756,2451,729,-4478,5936,-0.754380053908,151,108,-43,-0.260606060606,60,1.0,120,120,1,120,112,120,113,0.941666666667,0.822961389993,18,15,67,0.991071428571,0.975,0.619469026549,0.664323465453,2,0,0,43,0,43,-0.380530973451,-0.380530973451,0,12656,5031,8529,-9158,26216,-0.349328654257,271,228,-43,-0.124637681159,120,1.0,205,205,1,188,197,205,179,0.952127659574,0.840961108943,18,15,67,0.994923857868,0.985365853659,0.759776536313,0.551337373243,2,0,0,43,0,43,-0.240223463687,-0.240223463687,0,35263,8686,28009,-15940,71958,-0.221518107785,441,398,-43,-0.074010327022,188,1.0,205,205,1,188,197,205,179,0.952127659574,0.840961108943,18,15,67,0.994923857868,0.985365853659,0.759776536313,0.551337373243,2,0,0,43,0,43,-0.240223463687,-0.240223463687,0,35263,8686,28009,-15940,71958,-0.221518107785,441,398,-43,-0.074010327022,188,1.0
MOT17-02-FRCNN,7,54,205,u_to_v,7,54,1,206,3,31,31,7,54,1,1,205,175,208,205,34,205,31,1,3,3,3,1.0,1.050898474081,0.197559670487,0.0,0.191931751795,0.269239275393,-1.0,-1.0,31,763,1.146405494422,1,"{""54"": 3}",3,30,30,1,3,22,30,1,0.333333333333,0.708582834331,18,70,70,0.954545454545,0.566666666667,1.0,-0.0,1,0,0,1,0,1,-1.0,-1.0,0,22,17,13,-26,52,-0.5,39,38,-1,-0.018867924528,3,1.0,60,31,1,3,52,30,1,0.333333333333,0.708582834331,18,70,70,0.980769230769,0.566666666667,1.0,-0.0,1,0,0,1,0,1,-1.0,-1.0,0,52,17,13,-56,82,-0.682926829268,69,68,-1,-0.012048192771,3,1.0,120,31,1,3,112,30,1,0.333333333333,0.708582834331,18,70,70,0.991071428571,0.566666666667,1.0,-0.0,1,0,0,1,0,1,-1.0,-1.0,0,112,17,13,-116,142,-0.816901408451,129,128,-1,-0.006993006993,3,1.0,205,31,1,3,197,30,1,0.333333333333,0.708582834331,18,70,70,0.994923857868,0.566666666667,1.0,-0.0,1,0,0,1,0,1,-1.0,-1.0,0,197,17,13,-201,227,-0.885462555066,214,213,-1,-0.004385964912,3,1.0,205,31,1,3,197,30,1,0.333333333333,0.708582834331,18,70,70,0.994923857868,0.566666666667,1.0,-0.0,1,0,0,1,0,1,-1.0,-1.0,0,197,17,13,-201,227,-0.885462555066,214,213,-1,-0.004385964912,3,1.0
MOT17-02-FRCNN,55,57,205,u_to_v,55,57,1,206,214,18,18,55,57,1,176,205,188,419,30,232,30,18,1,214,214,214,1.0,0.13143028924,0.047005271561,0.603053100648,0.088916409688,0.070575150298,-1.0,-1.0,32,788,0.008367487967,1,"{""57"": 214}",214,30,18,1,30,30,18,30,1.0,0.862362620819,43,61,61,1.0,1.0,1.0,-0.0,1,0,0,30,0,30,-1.0,-1.0,0,900,540,0,-1440,1440,-1.0,78,48,-30,-0.384615384615,30,1.0,30,18,1,60,30,18,60,1.0,0.864815033595,43,61,61,1.0,1.0,1.0,-0.0,1,0,0,60,0,60,-1.0,-1.0,0,1800,1080,0,-2880,2880,-1.0,108,60,-48,-0.444444444444,60,1.0,30,18,1,120,30,18,119,0.991666666667,0.876444170471,43,61,61,1.0,1.0,0.924369747899,0.267964993673,2,0,0,110,0,110,-0.924369747899,-0.924369747899,0,3570,1980,162,-5388,5712,-0.943277310924,158,110,-48,-0.287425149701,120,1.0,30,18,1,214,30,18,212,0.990654205607,0.86229016349,43,61,61,1.0,1.0,0.580188679245,0.680231026479,2,0,0,123,0,123,-0.580188679245,-0.580188679245,0,6360,2214,1602,-6972,10176,-0.685141509434,171,123,-48,-0.184615384615,214,1.0,30,18,1,214,30,18,212,0.990654205607,0.86229016349,43,61,61,1.0,1.0,0.580188679245,0.680231026479,2,0,0,123,0,123,-0.580188679245,-0.580188679245,0,6360,2214,1602,-6972,10176,-0.685141509434,171,123,-48,-0.184615384615,214,1.0
MOT17-02-FRCNN,46,62,215,v_to_u,62,46,1,216,90,6,6,62,46,1,210,215,138,305,6,168,6,78,1,90,90,90,1.0,0.24003966604,0.176209192403,0.533297256851,0.052871515271,0.111352145326,-1.0,-1.0,33,842,0.167190015987,1,"{""46"": 90}",90,6,30,1,30,0,30,30,1.0,0.879845624118,-1,58,58,,1.0,1.0,-0.0,1,0,0,30,0,0,0.0,-1.0,0,0,900,0,-900,900,-1.0,60,30,-30,-0.5,30,1.0,6,60,1,60,0,60,60,1.0,0.87397613897,-1,58,58,,0.966666666667,1.0,-0.0,1,0,0,60,0,0,0.0,-1.0,0,0,3480,120,-3360,3600,-0.933333333333,118,62,-56,-0.466666666667,60,1.0,6,78,1,90,0,76,90,1.0,0.800334355262,-1,58,58,,0.973684210526,1.0,-0.0,1,0,0,90,0,0,0.0,-1.0,0,0,6660,180,-6480,6840,-0.947368421053,164,92,-72,-0.433734939759,90,1.0,6,78,1,90,0,76,90,1.0,0.800334355262,-1,58,58,,0.973684210526,1.0,-0.0,1,0,0,90,0,0,0.0,-1.0,0,0,6660,180,-6480,6840,-0.947368421053,164,92,-72,-0.433734939759,90,1.0,6,78,1,90,0,76,90,1.0,0.800334355262,-1,58,58,,0.973684210526,1.0,-0.0,1,0,0,90,0,0,0.0,-1.0,0,0,6660,180,-6480,6840,-0.947368421053,164,92,-72,-0.433734939759,90,1.0
MOT17-02-FRCNN,13,58,220,v_to_u,58,13,1,221,173,29,29,58,13,1,192,220,1,393,29,393,29,220,1,173,173,173,1.0,0.14785868244,0.071262955095,0.592609838367,0.028042069083,0.071894335413,-1.0,-1.0,34,859,0.027515602072,1,"{""13"": 173}",173,29,30,1,30,29,30,27,0.9,0.747891893895,67,15,15,1.0,0.9,0.814814814815,0.479165623928,2,0,5,22,5,22,-0.62962962963,-0.62962962963,145,638,594,216,-871,1593,-0.546767106089,78,61,-17,-0.197674418605,30,1.0,29,60,1,60,29,60,53,0.883333333333,0.766838900911,67,15,15,1.0,0.95,0.528301886792,0.691544330409,2,0,25,28,25,28,-0.056603773585,-0.056603773585,725,812,1596,1584,-99,4717,-0.020987916048,114,111,-3,-0.021126760563,60,1.0,29,120,1,120,29,120,113,0.941666666667,0.834076245806,67,15,67,1.0,0.975,0.752212389381,0.559891508212,2,0,85,28,85,28,0.504424778761,0.504424778761,2465,812,3276,10284,8661,16837,0.51440280335,174,231,57,0.217557251908,120,1.0,29,220,1,173,29,220,164,0.947976878613,0.842032794318,67,15,67,1.0,0.986363636364,0.829268292683,0.457044533038,2,0,136,28,136,28,0.658536585366,0.658536585366,3944,812,6076,30004,27060,40836,0.66265060241,274,382,108,0.261501210654,173,1.0,29,220,1,173,29,220,164,0.947976878613,0.842032794318,67,15,67,1.0,0.986363636364,0.829268292683,0.457044533038,2,0,136,28,136,28,0.658536585366,0.658536585366,3944,812,6076,30004,27060,40836,0.66265060241,274,382,108,0.261501210654,173,1.0
MOT17-02-FRCNN,27,66,221,v_to_u,66,27,1,222,50,1,1,66,27,1,221,221,41,271,1,231,1,181,1,50,50,50,1.0,0.151994192978,0.045001690896,0.586490769452,0.09418721506,0.0038572854,-1.0,-1.0,35,898,0.026426373385,1,"{""27"": 50}",50,1,30,1,30,1,28,30,1.0,0.864076980749,43,57,57,1.0,1.0,1.0,-0.0,1,0,0,30,0,30,-1.0,-1.0,0,30,840,0,-870,870,-1.0,59,30,-29,-0.491525423729,30,1.0,1,60,1,50,1,58,50,1.0,0.845067717151,43,57,57,1.0,1.0,0.98,0.09803911328,2,0,0,49,0,49,-0.98,-0.98,0,50,2842,58,-2834,2950,-0.960677966102,108,59,-49,-0.449541284404,50,1.0,1,120,1,50,1,116,50,1.0,0.845067717151,43,57,57,1.0,0.801724137931,0.98,0.09803911328,2,0,0,49,0,49,-0.98,-0.98,0,50,4580,1220,-3410,5850,-0.582905982906,143,94,-49,-0.293413173653,50,1.0,1,181,1,50,1,165,50,1.0,0.845067717151,43,57,57,1.0,0.860606060606,0.98,0.09803911328,2,0,0,49,0,49,-0.98,-0.98,0,50,6981,1269,-5762,8300,-0.69421686747,192,143,-49,-0.226851851852,50,1.0,1,181,1,50,1,165,50,1.0,0.845067717151,43,57,57,1.0,0.860606060606,0.98,0.09803911328,2,0,0,49,0,49,-0.98,-0.98,0,50,6981,1269,-5762,8300,-0.69421686747,192,143,-49,-0.226851851852,50,1.0
MOT17-02-FRCNN,6,12,222,v_to_u,12,6,1,223,189,222,222,12,6,1,1,222,1,439,222,411,222,222,1,189,189,217,0.870967741935,0.196287889399,0.013320705683,0.486267967619,0.076799028944,0.064325083727,-1.0,-1.0,36,920,0.092163485182,1,"{""6"": 189}",189,30,30,1,30,30,28,30,1.0,0.886509125203,14,17,17,1.0,1.0,1.0,-0.0,1,0,0,30,0,30,-1.0,-1.0,0,900,840,0,-1740,1740,-1.0,88,58,-30,-0.340909090909,30,1.0,60,60,1,60,60,58,60,1.0,0.882225296429,14,17,17,1.0,1.0,1.0,-0.0,1,0,0,60,0,60,-1.0,-1.0,0,3600,3480,0,-7080,7080,-1.0,178,118,-60,-0.337078651685,60,1.0,120,120,1,120,120,118,120,1.0,0.832121214376,14,17,17,1.0,1.0,0.75,0.562335144619,2,0,0,90,0,90,-0.75,-0.75,0,14400,10620,3540,-21480,28560,-0.752100840336,328,238,-90,-0.251396648045,120,1.0,222,222,1,189,222,220,179,0.94708994709,0.806612954715,14,17,17,1.0,1.0,0.513966480447,0.692757004659,2,0,0,92,0,92,-0.513966480447,-0.513966480447,0,39738,20240,19140,-40838,79118,-0.516165727142,534,442,-92,-0.148148148148,217,0.870967741935,222,222,1,189,222,220,179,0.94708994709,0.806612954715,14,17,17,1.0,1.0,0.513966480447,0.692757004659,2,0,0,92,0,92,-0.513966480447,-0.513966480447,0,39738,20240,19140,-40838,79118,-0.516165727142,534,442,-92,-0.148148148148,217,0.870967741935
MOT17-02-FRCNN,12,36,222,u_to_v,12,36,1,223,187,147,147,12,36,1,1,222,76,409,222,334,222,147,1,187,187,187,1.0,6.647568210266,0.606080575187,0.0,0.367577568214,0.510806111381,-1.0,-1.0,37,932,6.886926722023,1,"{""36"": 187}",187,30,30,1,30,30,30,30,1.0,0.943747904326,14,36,36,1.0,1.0,1.0,-0.0,1,0,0,30,0,30,-1.0,-1.0,0,900,900,0,-1800,1800,-1.0,90,60,-30,-0.333333333333,30,1.0,60,60,1,60,60,60,60,1.0,0.930434272268,14,36,36,1.0,1.0,1.0,-0.0,1,0,0,60,0,60,-1.0,-1.0,0,3600,3600,0,-7200,7200,-1.0,180,120,-60,-0.333333333333,60,1.0,120,120,1,120,120,120,120,1.0,0.922682372866,14,36,36,1.0,1.0,1.0,-0.0,1,0,0,120,0,120,-1.0,-1.0,0,14400,14400,0,-28800,28800,-1.0,360,240,-120,-0.333333333333,120,1.0,222,147,1,187,222,147,186,0.994652406417,0.901066181127,14,36,36,1.0,1.0,1.0,-0.0,1,0,0,186,0,186,-1.0,-1.0,0,41292,27342,0,-68634,68634,-1.0,555,369,-186,-0.335135135135,187,1.0,222,147,1,187,222,147,186,0.994652406417,0.901066181127,14,36,36,1.0,1.0,1.0,-0.0,1,0,0,186,0,186,-1.0,-1.0,0,41292,27342,0,-68634,68634,-1.0,555,369,-186,-0.335135135135,187,1.0
MOT17-02-FRCNN,2,4,225,u_to_v,2,4,1,226,106,225,225,2,4,1,1,225,1,331,225,331,225,225,1,106,106,106,1.0,0.002710116781,0.003089766659,0.984615692092,0.007751007676,0.006431524479,-1.0,-1.0,38,950,-0.241253111362,1,"{""4"": 106}",106,30,30,1,30,19,21,30,1.0,0.881509341743,9,10,10,0.526315789474,1.0,1.0,-0.0,1,0,0,30,0,30,-1.0,-1.0,270,300,630,0,-660,1200,-0.55,61,39,-22,-0.314285714286,30,1.0,60,60,1,60,49,51,56,0.933333333333,0.800256554739,9,10,10,0.816326530612,1.0,1.0,-0.0,1,0,0,56,0,56,-1.0,-1.0,504,2240,2856,0,-4592,5600,-0.82,147,91,-56,-0.358974358974,60,1.0,120,120,1,106,109,111,91,0.858490566038,0.78736566117,9,10,10,0.917431192661,1.0,1.0,-0.0,1,0,0,91,0,91,-1.0,-1.0,819,9100,10101,0,-18382,20020,-0.918181818182,302,211,-91,-0.292604501608,106,1.0,225,225,1,106,214,216,91,0.858490566038,0.78736566117,9,10,10,0.957943925234,1.0,1.0,-0.0,1,0,0,91,0,91,-1.0,-1.0,819,18655,19656,0,-37492,39130,-0.958139534884,512,421,-91,-0.174664107486,106,1.0,225,225,1,106,214,216,91,0.858490566038,0.78736566117,9,10,10,0.957943925234,1.0,1.0,-0.0,1,0,0,91,0,91,-1.0,-1.0,819,18655,19656,0,-37492,39130,-0.958139534884,512,421,-91,-0.174664107486,106,1.0
MOT17-02-FRCNN,60,64,225,v_to_u,64,60,1,226,178,12,12,64,60,1,214,225,207,403,12,197,12,19,1,178,178,178,1.0,0.170116391351,0.023923859802,0.508002780384,0.008266307675,0.011777832135,-1.0,-1.0,39,1002,0.051101075186,1,"{""60"": 178}",178,12,19,1,30,0,15,30,1.0,0.907477055815,-1,54,54,,1.0,1.0,-0.0,1,0,0,30,0,0,0.0,-1.0,0,0,450,0,-450,450,-1.0,45,30,-15,-0.333333333333,30,1.0,12,19,1,60,0,15,60,1.0,0.914489390019,-1,54,54,,1.0,1.0,-0.0,1,0,0,60,0,0,0.0,-1.0,0,0,900,0,-900,900,-1.0,75,60,-15,-0.2,60,1.0,12,19,1,120,0,15,120,1.0,0.898305316298,-1,54,54,,1.0,1.0,-0.0,1,0,0,120,0,0,0.0,-1.0,0,0,1800,0,-1800,1800,-1.0,135,120,-15,-0.111111111111,120,1.0,12,19,1,178,0,15,174,0.977528089888,0.877622518412,-1,54,54,,1.0,1.0,-0.0,1,0,0,174,0,0,0.0,-1.0,0,0,2610,0,-2610,2610,-1.0,189,174,-15,-0.079365079365,178,1.0,12,19,1,178,0,15,174,0.977528089888,0.877622518412,-1,54,54,,1.0,1.0,-0.0,1,0,0,174,0,0,0.0,-1.0,0,0,2610,0,-2610,2610,-1.0,189,174,-15,-0.079365079365,178,1.0
MOT17-02-FRCNN,31,68,227,v_to_u,68,31,1,228,144,1,1,68,31,1,227,227,63,400,1,309,1,165,1,144,144,173,0.832369942197,0.115705480664,0.022736483808,0.682509930965,0.173358991836,0.04147446227,-1.0,-1.0,40,1020,-0.027754535715,1,"{""31"": 144}",144,1,30,1,2,0,30,2,1.0,0.854727076264,-1,29,29,,1.0,1.0,-0.0,1,0,0,2,0,0,0.0,-1.0,0,0,60,0,-60,60,-1.0,32,30,-2,-0.0625,2,1.0,1,60,1,31,0,60,31,1.0,0.887888172828,-1,29,26,,1.0,0.870967741935,0.384542919756,2,0,0,4,0,0,0.0,-0.129032258065,0,0,240,1620,1380,1860,0.741935483871,64,87,23,0.252747252747,60,0.516666666667,1,120,1,91,0,120,91,1.0,0.922452845355,-1,29,26,,1.0,0.956043956044,0.180319025556,2,0,0,4,0,0,0.0,-0.043956043956,0,0,480,10440,9960,10920,0.912087912088,124,207,83,0.39336492891,120,0.758333333333,1,165,1,144,0,164,137,0.951388888889,0.83151896317,-1,29,26,,1.0,0.686131386861,0.857930905805,5,0,0,6,0,0,0.0,-0.043795620438,0,0,984,21484,20500,22468,0.912408759124,170,258,88,0.292358803987,173,0.832369942197,1,165,1,144,0,164,137,0.951388888889,0.83151896317,-1,29,26,,1.0,0.686131386861,0.857930905805,5,0,0,6,0,0,0.0,-0.043795620438,0,0,984,21484,20500,22468,0.912408759124,170,258,88,0.292358803987,173,0.832369942197
MOT17-02-FRCNN,31,43,229,u_to_v,31,43,1,230,28,105,105,31,43,1,63,400,125,257,309,133,167,105,1,28,28,28,1.0,0.270621363989,0.041376832342,0.397742986341,0.022211155672,0.0755397322,-1.0,-1.0,41,1041,0.191304914277,1,"{""43"": 28}",28,30,30,1,28,30,30,28,1.0,0.889796970231,29,26,26,1.0,1.0,1.0,-0.0,1,0,0,28,0,28,-1.0,-1.0,0,840,840,0,-1680,1680,-1.0,88,60,-28,-0.318181818182,28,1.0,60,60,1,28,60,60,28,1.0,0.889796970231,29,26,26,1.0,1.0,1.0,-0.0,1,0,0,28,0,28,-1.0,-1.0,0,1680,1680,0,-3360,3360,-1.0,148,120,-28,-0.189189189189,28,1.0,120,105,1,28,120,105,28,1.0,0.889796970231,29,26,26,1.0,1.0,1.0,-0.0,1,0,0,28,0,28,-1.0,-1.0,0,3360,2940,0,-6300,6300,-1.0,253,225,-28,-0.110671936759,28,1.0,167,105,1,28,166,105,28,1.0,0.889796970231,29,26,26,1.0,1.0,1.0,-0.0,1,0,0,28,0,28,-1.0,-1.0,0,4648,2940,0,-7588,7588,-1.0,299,271,-28,-0.09364548495,28,1.0,167,105,1,28,166,105,28,1.0,0.889796970231,29,26,26,1.0,1.0,1.0,-0.0,1,0,0,28,0,28,-1.0,-1.0,0,4648,2940,0,-7588,7588,-1.0,299,271,-28,-0.09364548495,28,1.0
MOT17-02-FRCNN,61,70,233,v_to_u,70,61,1,234,49,1,1,70,61,1,233,233,210,311,1,73,1,24,1,49,49,78,0.628205128205,0.173140853729,0.041369025018,0.504568869106,0.075165613712,0.026593589573,-1.0,-1.0,42,1070,0.067516813036,1,"{""61"": 49}",49,1,24,1,30,0,24,30,1.0,0.853472766593,-1,41,41,,1.0,0.533333333333,0.690923309314,2,0,0,16,0,0,0.0,-0.533333333333,0,0,384,336,-48,720,-0.066666666667,40,38,-2,-0.037037037037,30,1.0,1,24,1,48,0,24,48,1.0,0.830871422237,-1,41,41,,1.0,0.583333333333,0.679193265992,2,0,0,28,0,0,0.0,-0.583333333333,0,0,672,480,-192,1152,-0.166666666667,52,44,-8,-0.111111111111,48,1.0,1,24,1,49,0,24,49,1.0,0.826874039654,-1,41,41,,1.0,0.571428571429,0.6829081047,2,0,0,28,0,0,0.0,-0.571428571429,0,0,672,504,-168,1176,-0.142857142857,52,45,-7,-0.095890410959,78,0.628205128205,1,24,1,49,0,24,49,1.0,0.826874039654,-1,41,41,,1.0,0.571428571429,0.6829081047,2,0,0,28,0,0,0.0,-0.571428571429,0,0,672,504,-168,1176,-0.142857142857,52,45,-7,-0.095890410959,78,0.628205128205,1,24,1,49,0,24,49,1.0,0.826874039654,-1,41,41,,1.0,0.571428571429,0.6829081047,2,0,0,28,0,0,0.0,-0.571428571429,0,0,672,504,-168,1176,-0.142857142857,52,45,-7,-0.095890410959,78,0.628205128205
MOT17-02-FRCNN,63,71,238,v_to_u,71,63,1,239,11,1,1,71,63,1,238,238,212,249,1,38,1,27,1,11,11,11,1.0,0.18766686773,0.016142617824,0.45651982649,0.126670302245,0.061450756452,-1.0,-1.0,43,1101,0.096384671433,1,"{""63"": 11}",11,1,27,1,11,0,27,11,1.0,0.894294166194,-1,42,42,,1.0,1.0,-0.0,1,0,0,11,0,0,0.0,-1.0,0,0,297,0,-297,297,-1.0,38,27,-11,-0.289473684211,11,1.0,1,27,1,11,0,27,11,1.0,0.894294166194,-1,42,42,,1.0,1.0,-0.0,1,0,0,11,0,0,0.0,-1.0,0,0,297,0,-297,297,-1.0,38,27,-11,-0.289473684211,11,1.0,1,27,1,11,0,27,11,1.0,0.894294166194,-1,42,42,,1.0,1.0,-0.0,1,0,0,11,0,0,0.0,-1.0,0,0,297,0,-297,297,-1.0,38,27,-11,-0.289473684211,11,1.0,1,27,1,11,0,27,11,1.0,0.894294166194,-1,42,42,,1.0,1.0,-0.0,1,0,0,11,0,0,0.0,-1.0,0,0,297,0,-297,297,-1.0,38,27,-11,-0.289473684211,11,1.0,1,27,1,11,0,27,11,1.0,0.894294166194,-1,42,42,,1.0,1.0,-0.0,1,0,0,11,0,0,0.0,-1.0,0,0,297,0,-297,297,-1.0,38,27,-11,-0.289473684211,11,1.0
MOT17-02-FRCNN,22,72,239,v_to_u,72,22,1,240,13,1,1,72,22,1,239,239,12,252,1,241,1,228,1,13,13,13,1.0,0.231060671651,0.066807053771,0.438828755013,0.041847109936,0.032491092425,-1.0,-1.0,44,1115,0.145489066576,1,"{""22"": 13}",13,1,30,1,13,0,30,13,1.0,0.728440667544,-1,40,40,,1.0,1.0,-0.0,1,0,0,13,0,0,0.0,-1.0,0,0,390,0,-390,390,-1.0,43,30,-13,-0.302325581395,13,1.0,1,60,1,13,0,54,13,1.0,0.728440667544,-1,40,40,,0.777777777778,1.0,-0.0,1,0,0,13,0,0,0.0,-1.0,0,0,546,156,-390,702,-0.555555555556,55,42,-13,-0.194029850746,13,1.0,1,120,1,13,0,113,13,1.0,0.728440667544,-1,40,40,,0.867256637168,1.0,-0.0,1,0,0,13,0,0,0.0,-1.0,0,0,1274,195,-1079,1469,-0.734513274336,111,98,-13,-0.103174603175,13,1.0,1,228,1,13,0,221,13,1.0,0.728440667544,-1,40,40,,0.932126696833,1.0,-0.0,1,0,0,13,0,0,0.0,-1.0,0,0,2678,195,-2483,2873,-0.864253393665,219,206,-13,-0.055555555556,13,1.0,1,228,1,13,0,221,13,1.0,0.728440667544,-1,40,40,,0.932126696833,1.0,-0.0,1,0,0,13,0,0,0.0,-1.0,0,0,2678,195,-2483,2873,-0.864253393665,219,206,-13,-0.055555555556,13,1.0
MOT17-02-FRCNN,37,40,244,u_to_v,37,40,1,245,170,132,132,37,40,1,108,244,113,414,137,302,137,132,1,170,170,170,1.0,0.214193230396,0.271354368244,0.628001028867,0.127629349129,0.29117735738,-1.0,-1.0,45,1151,0.166912235891,1,"{""40"": 170}",170,30,30,1,30,18,29,30,1.0,0.847696829274,62,73,62,1.0,0.586206896552,1.0,-0.0,1,0,30,0,30,0,1.0,1.0,540,0,360,510,690,1410,0.489361702128,42,65,23,0.298701298701,30,1.0,60,60,1,60,48,59,60,1.0,0.819638994821,62,73,62,1.0,0.796610169492,1.0,-0.0,1,0,60,0,60,0,1.0,1.0,2880,0,720,2820,4980,6420,0.775700934579,95,155,60,0.359281437126,60,1.0,120,120,1,120,108,119,120,1.0,0.844120684046,62,73,62,1.0,0.899159663866,1.0,-0.0,1,0,120,0,120,0,1.0,1.0,12960,0,1440,12840,24360,27240,0.894273127753,215,335,120,0.345821325648,120,1.0,137,132,1,170,122,131,158,0.929411764706,0.823138495077,62,73,62,1.0,0.908396946565,1.0,-0.0,1,0,158,0,158,0,1.0,1.0,19276,0,1896,18802,36182,39974,0.905138339921,241,399,158,0.384428223844,170,1.0,137,132,1,170,122,131,158,0.929411764706,0.823138495077,62,73,62,1.0,0.908396946565,1.0,-0.0,1,0,158,0,158,0,1.0,1.0,19276,0,1896,18802,36182,39974,0.905138339921,241,399,158,0.384428223844,170,1.0
MOT17-02-FRCNN,4,22,252,v_to_u,22,4,1,253,79,241,241,22,4,1,12,252,1,331,241,331,241,252,1,79,79,79,1.0,0.733330617801,0.46048021799,0.270724243227,0.005942402191,0.06565301801,-1.0,-1.0,46,1194,0.787929153512,1,"{""4"": 79}",79,30,30,1,30,30,29,27,0.9,0.747886413569,40,10,10,1.0,1.0,1.0,-0.0,1,0,0,27,0,27,-1.0,-1.0,0,810,783,0,-1593,1593,-1.0,86,59,-27,-0.313953488372,30,1.0,60,60,1,60,56,51,55,0.916666666667,0.73829515343,40,10,10,0.946428571429,1.0,1.0,-0.0,1,0,0,55,0,55,-1.0,-1.0,0,3080,2805,0,-5885,5885,-1.0,159,104,-55,-0.33950617284,60,1.0,120,120,1,79,113,111,64,0.810126582278,0.750787430671,40,10,10,0.867256637168,1.0,1.0,-0.0,1,0,0,64,0,64,-1.0,-1.0,0,7232,7104,0,-14336,14336,-1.0,273,209,-64,-0.222222222222,79,1.0,241,252,1,79,234,243,64,0.810126582278,0.750787430671,40,10,10,0.935897435897,1.0,1.0,-0.0,1,0,0,64,0,64,-1.0,-1.0,0,14976,15552,0,-30528,30528,-1.0,526,462,-64,-0.118299445471,79,1.0,241,252,1,79,234,243,64,0.810126582278,0.750787430671,40,10,10,0.935897435897,1.0,1.0,-0.0,1,0,0,64,0,64,-1.0,-1.0,0,14976,15552,0,-30528,30528,-1.0,526,462,-64,-0.118299445471,79,1.0
MOT17-02-FRCNN,6,22,252,v_to_u,22,6,1,253,159,241,241,22,6,1,12,252,1,439,241,411,241,252,1,159,159,187,0.850267379679,0.050054695492,0.04835958802,0.87369908472,0.07569445565,0.036565672675,-1.0,-1.0,47,1195,-0.145054165851,1,"{""6"": 159}",159,30,30,1,30,30,30,30,1.0,0.877941467655,40,17,17,1.0,1.0,1.0,-0.0,1,0,0,30,0,30,-1.0,-1.0,0,900,900,0,-1800,1800,-1.0,90,60,-30,-0.333333333333,30,1.0,60,60,1,60,56,58,60,1.0,0.842135817491,40,17,17,0.946428571429,1.0,1.0,-0.0,1,0,0,60,0,60,-1.0,-1.0,0,3360,3480,0,-6840,6840,-1.0,171,111,-60,-0.344827586207,60,1.0,120,120,1,112,113,118,112,1.0,0.803932008628,40,17,17,0.867256637168,1.0,0.535714285714,0.690593986478,2,0,0,60,0,60,-0.535714285714,-0.535714285714,0,12656,7080,6136,-13600,25872,-0.525664811379,276,216,-60,-0.174927113703,112,1.0,241,252,1,159,234,250,149,0.937106918239,0.790526477435,40,17,76,0.935897435897,1.0,0.58389261745,0.67900443886,2,0,0,62,0,62,-0.41610738255,-0.41610738255,0,34866,15500,21750,-28616,72116,-0.396805147263,531,469,-62,-0.09794628752,187,0.850267379679,241,252,1,159,234,250,149,0.937106918239,0.790526477435,40,17,76,0.935897435897,1.0,0.58389261745,0.67900443886,2,0,0,62,0,62,-0.41610738255,-0.41610738255,0,34866,15500,21750,-28616,72116,-0.396805147263,531,469,-62,-0.09794628752,187,0.850267379679
MOT17-02-FRCNN,22,65,252,u_to_v,22,65,1,253,348,37,37,22,65,1,12,252,216,600,241,385,241,37,1,348,348,348,1.0,0.969701870688,0.432563105146,0.0,0.066291731508,0.027057775757,-1.0,-1.0,48,1216,1.087177597701,1,"{""65"": 348}",348,30,30,1,30,30,30,16,0.533333333333,0.632638164724,40,9,9,1.0,1.0,1.0,-0.0,1,0,0,16,0,16,-1.0,-1.0,0,480,480,0,-960,960,-1.0,76,60,-16,-0.210526315789,30,1.0,60,37,1,60,56,37,25,0.416666666667,0.634662368125,40,9,9,0.946428571429,1.0,1.0,-0.0,1,0,0,25,0,25,-1.0,-1.0,0,1400,925,0,-2325,2325,-1.0,115,90,-25,-0.21186440678,60,1.0,120,37,1,120,113,37,76,0.633333333333,0.785459412249,40,9,10,0.867256637168,1.0,0.671052631579,0.633430670673,2,0,0,25,0,25,-0.328947368421,-0.328947368421,0,8588,925,1887,-7626,11400,-0.668947368421,160,135,-25,-0.110619469027,120,1.0,241,37,1,300,234,37,236,0.786666666667,0.754784628503,40,9,10,0.935897435897,1.0,0.525423728814,1.298886278731,7,0,0,68,0,68,-0.28813559322,-0.28813559322,0,55224,2516,6216,-51524,63956,-0.805616361248,343,256,-87,-0.171597633136,300,1.0,241,37,1,348,234,37,284,0.816091954023,0.768915264438,40,9,10,0.935897435897,1.0,0.43661971831,1.256660567661,7,0,0,116,0,116,-0.408450704225,-0.408450704225,0,66456,4292,6216,-64532,76964,-0.838469933995,372,256,-116,-0.209009009009,348,1.0
MOT17-02-FRCNN,31,75,264,v_to_u,75,31,1,265,136,1,1,75,31,1,264,264,63,400,1,309,1,173,1,136,136,136,1.0,0.090698817029,0.015819378479,0.735076548474,0.030077455237,0.023636544359,-1.0,-1.0,49,1260,-0.083744075511,1,"{""31"": 136}",136,1,6,1,30,1,6,30,1.0,0.902277559772,26,26,26,1.0,0.833333333333,0.966666666667,0.146144746009,2,1,29,29,0,0,0.0,0.0,29,1,146,34,-84,210,-0.4,34,31,-3,-0.081081081081,30,1.0,1,31,1,60,1,31,60,1.0,0.926567387454,26,29,26,1.0,0.838709677419,0.983333333333,0.084766075715,2,0,59,1,59,1,0.966666666667,0.966666666667,59,1,321,1539,1276,1920,0.664583333333,64,86,22,0.239130434783,60,1.0,1,91,1,120,1,91,119,0.991666666667,0.842493717508,26,29,26,1.0,0.945054945055,0.747899159664,0.725731874905,4,0,89,3,89,3,0.72268907563,0.72268907563,89,30,703,10126,9482,10948,0.866094263792,94,176,82,0.388625592417,120,1.0,1,173,1,136,1,172,129,0.948529411765,0.829353272209,26,29,26,1.0,0.970930232558,0.68992248062,0.817447596869,5,0,89,3,89,3,0.666666666667,0.666666666667,89,40,946,21242,20345,22317,0.911636868755,171,257,86,0.284768211921,136,1.0,1,173,1,136,1,172,129,0.948529411765,0.829353272209,26,29,26,1.0,0.970930232558,0.68992248062,0.817447596869,5,0,89,3,89,3,0.666666666667,0.666666666667,89,40,946,21242,20345,22317,0.911636868755,171,257,86,0.284768211921,136,1.0
MOT17-02-FRCNN,61,77,269,v_to_u,77,61,1,270,13,1,1,77,61,1,269,269,210,311,1,73,1,60,1,13,13,42,0.309523809524,0.08473849066,0.005159277046,0.723992079037,0.089483566135,0.0178587986,-1.0,-1.0,50,1300,-0.084235473364,1,"{""61"": 13}",13,1,30,1,12,1,30,12,1.0,0.769165700597,42,42,41,1.0,0.633333333333,0.916666666667,0.286835983056,2,1,1,1,0,0,0.0,0.0,1,11,140,220,70,372,0.188172043011,23,30,7,0.162790697674,12,1.0,1,60,1,13,1,60,13,1.0,0.75884523714,42,41,41,1.0,0.683333333333,0.846153846154,0.429323021931,2,0,2,11,2,11,-0.692307692308,-0.692307692308,2,11,489,291,-207,793,-0.261034047919,53,44,-9,-0.121621621622,42,0.309523809524,1,60,1,13,1,60,13,1.0,0.75884523714,42,41,41,1.0,0.683333333333,0.846153846154,0.429323021931,2,0,2,11,2,11,-0.692307692308,-0.692307692308,2,11,489,291,-207,793,-0.261034047919,53,44,-9,-0.121621621622,42,0.309523809524,1,60,1,13,1,60,13,1.0,0.75884523714,42,41,41,1.0,0.683333333333,0.846153846154,0.429323021931,2,0,2,11,2,11,-0.692307692308,-0.692307692308,2,11,489,291,-207,793,-0.261034047919,53,44,-9,-0.121621621622,42,0.309523809524,1,60,1,13,1,60,13,1.0,0.75884523714,42,41,41,1.0,0.683333333333,0.846153846154,0.429323021931,2,0,2,11,2,11,-0.692307692308,-0.692307692308,2,11,489,291,-207,793,-0.261034047919,53,44,-9,-0.121621621622,42,0.309523809524
MOT17-02-FRCNN,27,46,271,u_to_v,27,46,1,272,34,134,134,27,46,1,41,271,138,305,231,168,231,134,1,34,34,34,1.0,0.449598840022,0.040790499455,0.133015391793,0.132650723259,0.026818146757,-1.0,-1.0,51,1323,0.442489503939,1,"{""46"": 34}",34,30,30,1,30,30,30,30,1.0,0.668978501154,57,58,58,0.966666666667,1.0,1.0,-0.0,1,0,0,30,0,30,-1.0,-1.0,0,900,900,0,-1800,1800,-1.0,89,59,-30,-0.333333333333,30,1.0,60,60,1,34,60,60,34,1.0,0.677635890787,57,58,58,0.983333333333,1.0,1.0,-0.0,1,0,0,34,0,34,-1.0,-1.0,0,2040,2040,0,-4080,4080,-1.0,153,119,-34,-0.220779220779,34,1.0,120,120,1,34,118,120,34,1.0,0.677635890787,57,58,58,0.991525423729,0.983333333333,1.0,-0.0,1,0,0,34,0,34,-1.0,-1.0,0,4012,4012,68,-7956,8092,-0.983193277311,269,235,-34,-0.125,34,1.0,231,134,1,34,215,132,34,1.0,0.677635890787,57,58,58,0.888372093023,0.984848484848,1.0,-0.0,1,0,0,34,0,34,-1.0,-1.0,0,7310,4420,68,-11662,11798,-0.988472622478,355,321,-34,-0.089238845144,34,1.0,231,134,1,34,215,132,34,1.0,0.677635890787,57,58,58,0.888372093023,0.984848484848,1.0,-0.0,1,0,0,34,0,34,-1.0,-1.0,0,7310,4420,68,-11662,11798,-0.988472622478,355,321,-34,-0.089238845144,34,1.0
MOT17-02-FRCNN,27,57,271,u_to_v,27,57,1,272,148,84,84,27,57,1,41,271,188,419,231,232,231,84,1,148,148,148,1.0,0.037725755089,0.022254904416,0.877137309408,0.017329916043,0.021941014948,-1.0,-1.0,52,1326,-0.17206775306,1,"{""57"": 148}",148,30,30,1,30,30,29,30,1.0,0.890661296834,57,61,61,0.966666666667,1.0,0.966666666667,0.146144746009,2,0,1,29,1,29,-0.933333333333,-0.933333333333,58,842,841,29,-1596,1770,-0.901694915254,87,59,-28,-0.314606741573,30,1.0,60,60,1,60,60,59,60,1.0,0.891285343964,57,61,61,0.983333333333,1.0,0.75,0.562335144619,2,0,15,45,15,45,-0.5,-0.5,930,2670,2655,885,-3510,7140,-0.491596638655,163,133,-30,-0.167597765363,60,1.0,120,84,1,120,118,83,120,1.0,0.865027300145,57,61,57,0.991525423729,1.0,0.525,0.691896659205,2,0,63,57,63,57,0.05,0.05,7428,6732,4731,5229,1194,24120,0.049502487562,257,263,6,0.018691588785,120,1.0,231,84,1,148,215,83,147,0.993243243243,0.860138515703,57,61,57,0.888372093023,1.0,0.605442176871,0.670743256725,2,0,89,58,89,58,0.210884353741,0.210884353741,18391,13214,4814,7387,7750,43806,0.176916404146,332,363,31,0.069662921348,148,1.0,231,84,1,148,215,83,147,0.993243243243,0.860138515703,57,61,57,0.888372093023,1.0,0.605442176871,0.670743256725,2,0,89,58,89,58,0.210884353741,0.210884353741,18391,13214,4814,7387,7750,43806,0.176916404146,332,363,31,0.069662921348,148,1.0
MOT17-02-FRCNN,27,60,271,u_to_v,27,60,1,272,132,65,65,27,60,1,41,271,207,403,231,197,231,65,1,132,132,132,1.0,1.88816967766,0.338478016046,0.0,0.037185434296,0.236272016042,-1.0,-1.0,53,1328,2.000134926705,1,"{""60"": 132}",132,30,30,1,30,30,30,30,1.0,0.900121482302,57,54,54,0.966666666667,1.0,1.0,-0.0,1,0,0,30,0,30,-1.0,-1.0,0,900,900,0,-1800,1800,-1.0,89,59,-30,-0.333333333333,30,1.0,60,60,1,60,60,60,60,1.0,0.887707465782,57,54,54,0.983333333333,1.0,1.0,-0.0,1,0,0,60,0,60,-1.0,-1.0,0,3600,3600,0,-7200,7200,-1.0,179,119,-60,-0.333333333333,60,1.0,120,65,1,120,118,61,120,1.0,0.868566440052,57,54,54,0.991525423729,1.0,1.0,-0.0,1,0,0,120,0,120,-1.0,-1.0,0,14160,7320,0,-21480,21480,-1.0,298,178,-120,-0.401337792642,120,1.0,231,65,1,132,215,61,128,0.969696969697,0.866537745456,57,54,54,0.888372093023,1.0,1.0,-0.0,1,0,0,128,0,128,-1.0,-1.0,0,27520,7808,0,-35328,35328,-1.0,380,252,-128,-0.316831683168,132,1.0,231,65,1,132,215,61,128,0.969696969697,0.866537745456,57,54,54,0.888372093023,1.0,1.0,-0.0,1,0,0,128,0,128,-1.0,-1.0,0,27520,7808,0,-35328,35328,-1.0,380,252,-128,-0.316831683168,132,1.0
MOT17-02-FRCNN,27,73,271,u_to_v,27,73,1,272,329,22,22,27,73,1,41,271,250,600,231,351,231,22,1,329,329,329,1.0,0.942670100274,0.043587220131,0.0,0.103893163964,0.074656615494,-1.0,-1.0,54,1333,0.971421883252,1,"{""73"": 329}",329,30,22,1,30,30,22,30,1.0,0.907416481823,57,43,43,0.966666666667,1.0,1.0,-0.0,1,0,0,30,0,30,-1.0,-1.0,0,900,660,0,-1560,1560,-1.0,81,51,-30,-0.365853658537,30,1.0,60,22,1,60,60,22,60,1.0,0.877647510501,57,43,43,0.983333333333,1.0,1.0,-0.0,1,0,0,60,0,60,-1.0,-1.0,0,3600,1320,0,-4920,4920,-1.0,141,81,-60,-0.422535211268,60,1.0,120,22,1,120,118,22,120,1.0,0.8848269801,57,43,43,0.991525423729,1.0,1.0,-0.0,1,0,0,120,0,120,-1.0,-1.0,0,14160,2640,0,-16800,16800,-1.0,259,139,-120,-0.461538461538,120,1.0,231,22,1,300,215,22,300,1.0,0.857964316446,57,43,43,0.888372093023,1.0,1.0,-0.0,1,0,0,300,0,300,-1.0,-1.0,0,64500,6600,0,-71100,71100,-1.0,513,300,-213,-0.396648044693,300,1.0,231,22,1,329,215,22,329,1.0,0.860723473854,57,43,43,0.888372093023,1.0,1.0,-0.0,1,0,0,329,0,329,-1.0,-1.0,0,70735,7238,0,-77973,77973,-1.0,542,329,-213,-0.376325088339,329,1.0
MOT17-02-FRCNN,79,83,283,v_to_u,83,79,1,284,317,1,1,83,79,1,283,283,271,600,1,330,1,13,1,317,317,317,1.0,0.364672786357,0.235918879054,0.564748129031,0.031594365418,0.028119435314,-1.0,-1.0,55,1375,0.288436853936,1,"{""79"": 317}",317,1,13,1,30,0,13,30,1.0,0.835965255801,-1,60,60,,1.0,1.0,-0.0,1,0,0,30,0,0,0.0,-1.0,0,0,390,0,-390,390,-1.0,43,30,-13,-0.302325581395,30,1.0,1,13,1,60,0,13,60,1.0,0.854385623279,-1,60,60,,1.0,1.0,-0.0,1,0,0,60,0,0,0.0,-1.0,0,0,780,0,-780,780,-1.0,73,60,-13,-0.178082191781,60,1.0,1,13,1,120,0,13,120,1.0,0.832733381327,-1,60,60,,1.0,1.0,-0.0,1,0,0,120,0,0,0.0,-1.0,0,0,1560,0,-1560,1560,-1.0,133,120,-13,-0.097744360902,120,1.0,1,13,1,300,0,13,300,1.0,0.815617860533,-1,60,60,,1.0,0.453333333333,0.953812135147,3,0,0,136,0,0,0.0,-0.453333333333,0,0,1768,2132,364,3900,0.093333333333,149,146,-3,-0.009584664537,300,1.0,1,13,1,317,0,13,315,0.993690851735,0.814767910388,-1,60,61,,1.0,0.466666666667,0.945954923162,3,0,0,137,0,0,0.0,-0.434920634921,0,0,1781,2314,533,4095,0.130158730159,150,160,10,0.030487804878,317,1.0
MOT17-02-FRCNN,4,84,289,v_to_u,84,4,1,290,42,4,4,84,4,1,286,289,1,331,4,331,4,289,1,42,42,42,1.0,0.318341182838,0.591076035678,0.177705253797,0.855842772897,0.871786205816,-1.0,-1.0,56,1381,0.59444677618,1,"{""4"": 42}",42,4,30,1,30,0,25,30,1.0,0.779457995901,-1,10,10,,1.0,1.0,-0.0,1,0,0,30,0,0,0.0,-1.0,0,0,750,0,-750,750,-1.0,55,30,-25,-0.454545454545,30,1.0,4,60,1,42,0,55,32,0.761904761905,0.785997635666,-1,10,10,,1.0,1.0,-0.0,1,0,0,32,0,0,0.0,-1.0,0,0,1760,0,-1760,1760,-1.0,87,55,-32,-0.367816091954,42,1.0,4,120,1,42,0,106,32,0.761904761905,0.785997635666,-1,10,10,,1.0,1.0,-0.0,1,0,0,32,0,0,0.0,-1.0,0,0,3392,0,-3392,3392,-1.0,138,106,-32,-0.231884057971,42,1.0,4,289,1,42,0,275,32,0.761904761905,0.785997635666,-1,10,10,,1.0,1.0,-0.0,1,0,0,32,0,0,0.0,-1.0,0,0,8800,0,-8800,8800,-1.0,307,275,-32,-0.104234527687,42,1.0,4,289,1,42,0,275,32,0.761904761905,0.785997635666,-1,10,10,,1.0,1.0,-0.0,1,0,0,32,0,0,0.0,-1.0,0,0,8800,0,-8800,8800,-1.0,307,275,-32,-0.104234527687,42,1.0
MOT17-02-FRCNN,14,85,292,v_to_u,85,14,1,293,68,1,1,85,14,1,292,292,1,360,1,360,1,292,1,68,68,68,1.0,0.11802912341,0.014854802379,0.667164173871,0.003146635699,0.028223187798,-1.0,-1.0,57,1418,-0.041911237114,1,"{""14"": 68}",68,1,30,1,30,0,30,30,1.0,0.849800599649,-1,31,31,,0.966666666667,1.0,-0.0,1,0,0,30,0,0,0.0,-1.0,0,0,870,30,-840,900,-0.933333333333,59,31,-28,-0.466666666667,30,1.0,1,60,1,60,0,60,60,1.0,0.877359200448,-1,31,31,,0.983333333333,1.0,-0.0,1,0,0,60,0,0,0.0,-1.0,0,0,3540,60,-3480,3600,-0.966666666667,119,61,-58,-0.483333333333,60,1.0,1,120,1,68,0,120,68,1.0,0.85604098019,-1,31,31,,0.991666666667,0.897058823529,0.401797116572,3,0,0,61,0,0,0.0,-0.897058823529,0,0,7263,897,-6366,8160,-0.780147058824,180,123,-57,-0.303191489362,68,1.0,1,292,1,68,0,292,68,1.0,0.85604098019,-1,31,31,,0.996575342466,0.897058823529,0.401797116572,3,0,0,61,0,0,0.0,-0.897058823529,0,0,17755,2101,-15654,19856,-0.788376309428,352,295,-57,-0.158333333333,68,1.0,1,292,1,68,0,292,68,1.0,0.85604098019,-1,31,31,,0.996575342466,0.897058823529,0.401797116572,3,0,0,61,0,0,0.0,-0.897058823529,0,0,17755,2101,-15654,19856,-0.788376309428,352,295,-57,-0.158333333333,68,1.0
MOT17-02-FRCNN,15,16,293,u_to_v,15,16,1,294,30,293,293,15,16,1,1,293,1,323,293,323,293,293,1,30,30,30,1.0,0.293446193247,0.094211946382,0.379640944788,0.0,0.046120511015,-1.0,-1.0,58,1452,0.226700994747,1,"{""16"": 30}",30,30,30,1,30,17,30,22,0.733333333333,0.870308248096,69,68,68,1.0,1.0,1.0,-0.0,1,0,0,22,0,22,-1.0,-1.0,0,374,660,0,-1034,1034,-1.0,69,47,-22,-0.31884057971,30,1.0,60,60,1,30,47,60,22,0.733333333333,0.870308248096,69,68,68,1.0,1.0,1.0,-0.0,1,0,0,22,0,22,-1.0,-1.0,0,1034,1320,0,-2354,2354,-1.0,129,107,-22,-0.170542635659,30,1.0,120,120,1,30,107,120,22,0.733333333333,0.870308248096,69,68,68,1.0,1.0,1.0,-0.0,1,0,0,22,0,22,-1.0,-1.0,0,2354,2640,0,-4994,4994,-1.0,249,227,-22,-0.088353413655,30,1.0,293,293,1,30,280,292,22,0.733333333333,0.870308248096,69,68,68,1.0,1.0,1.0,-0.0,1,0,0,22,0,22,-1.0,-1.0,0,6160,6424,0,-12584,12584,-1.0,594,572,-22,-0.037037037037,30,1.0,293,293,1,30,280,292,22,0.733333333333,0.870308248096,69,68,68,1.0,1.0,1.0,-0.0,1,0,0,22,0,22,-1.0,-1.0,0,6160,6424,0,-12584,12584,-1.0,594,572,-22,-0.037037037037,30,1.0
MOT17-02-FRCNN,73,86,300,v_to_u,86,73,1,301,300,1,1,86,73,1,300,300,250,600,1,351,1,51,1,300,300,300,1.0,1.816861113608,0.044526725834,0.0,0.067484954639,0.081750650019,-1.0,-1.0,59,1501,1.842916355532,1,"{""73"": 300}",300,1,30,1,30,0,30,30,1.0,0.845463888897,-1,43,43,,1.0,1.0,-0.0,1,0,0,30,0,0,0.0,-1.0,0,0,900,0,-900,900,-1.0,60,30,-30,-0.5,30,1.0,1,51,1,60,0,51,60,1.0,0.88353723321,-1,43,43,,1.0,1.0,-0.0,1,0,0,60,0,0,0.0,-1.0,0,0,3060,0,-3060,3060,-1.0,111,60,-51,-0.459459459459,60,1.0,1,51,1,120,0,51,120,1.0,0.856457257809,-1,43,43,,1.0,1.0,-0.0,1,0,0,120,0,0,0.0,-1.0,0,0,6120,0,-6120,6120,-1.0,171,120,-51,-0.298245614035,120,1.0,1,51,1,300,0,51,300,1.0,0.85602176319,-1,43,43,,1.0,1.0,-0.0,1,0,0,300,0,0,0.0,-1.0,0,0,15300,0,-15300,15300,-1.0,351,300,-51,-0.145299145299,300,1.0,1,51,1,300,0,51,300,1.0,0.85602176319,-1,43,43,,1.0,1.0,-0.0,1,0,0,300,0,0,0.0,-1.0,0,0,15300,0,-15300,15300,-1.0,351,300,-51,-0.145299145299,300,1.0
MOT17-02-FRCNN,38,46,305,v_to_u,46,38,1,306,139,168,168,46,38,1,138,305,112,444,168,333,168,194,1,139,139,139,1.0,0.006033614692,0.017768766936,0.945123663813,0.022073386905,0.034366111966,-1.0,-1.0,60,1535,-0.22016115964,1,"{""38"": 139}",139,30,30,1,30,30,30,30,1.0,0.874589384981,58,59,58,1.0,1.0,0.7,0.610864302055,2,0,21,9,21,9,0.4,0.4,630,270,270,630,720,1800,0.4,69,81,12,0.133333333333,30,1.0,60,60,1,60,60,60,60,1.0,0.88860286909,58,59,58,1.0,1.0,0.683333333333,0.624331306571,2,0,41,19,41,19,0.366666666667,0.366666666667,2460,1140,1140,2460,2640,7200,0.366666666667,139,161,22,0.122222222222,60,1.0,120,120,1,120,120,120,120,1.0,0.836082079867,58,59,58,1.0,1.0,0.841666666667,0.436895802739,2,0,101,19,101,19,0.683333333333,0.683333333333,12120,2280,2280,12120,19680,28800,0.683333333333,259,341,82,0.227777777778,120,1.0,168,194,1,139,166,194,135,0.971223021583,0.826440537524,58,59,58,0.987951807229,0.994845360825,0.859259259259,0.406305869012,2,0,116,19,116,19,0.718518518519,0.718518518519,19024,3386,3667,22523,34494,48600,0.70975308642,376,473,97,0.19595959596,139,1.0,168,194,1,139,166,194,135,0.971223021583,0.826440537524,58,59,58,0.987951807229,0.994845360825,0.859259259259,0.406305869012,2,0,116,19,116,19,0.718518518519,0.718518518519,19024,3386,3667,22523,34494,48600,0.70975308642,376,473,97,0.19595959596,139,1.0
MOT17-02-FRCNN,40,46,305,v_to_u,46,40,1,306,109,168,168,46,40,1,138,305,113,414,168,302,168,193,1,109,109,109,1.0,0.584685932609,0.017859019753,0.0023838022,0.140615855822,0.013394164691,-1.0,-1.0,61,1537,0.603955739049,1,"{""40"": 109}",109,30,30,1,30,30,30,30,1.0,0.905004016722,58,62,62,1.0,1.0,1.0,-0.0,1,0,0,30,0,30,-1.0,-1.0,0,900,900,0,-1800,1800,-1.0,90,60,-30,-0.333333333333,30,1.0,60,60,1,60,60,60,60,1.0,0.868120066458,58,62,62,1.0,1.0,1.0,-0.0,1,0,0,60,0,60,-1.0,-1.0,0,3600,3600,0,-7200,7200,-1.0,180,120,-60,-0.333333333333,60,1.0,120,120,1,109,120,119,97,0.889908256881,0.824378000896,58,62,62,1.0,0.613445378151,1.0,-0.0,1,0,0,97,0,97,-1.0,-1.0,0,11640,7081,4462,-14259,23183,-0.615062761506,290,193,-97,-0.28869047619,109,1.0,168,193,1,109,166,192,97,0.889908256881,0.824378000896,58,73,62,0.987951807229,0.619791666667,1.0,-0.0,1,0,0,0,0,0,0.0,0.0,0,16102,7081,11543,-11640,34726,-0.335195530726,334,283,-51,-0.112087912088,109,1.0,168,193,1,109,166,192,97,0.889908256881,0.824378000896,58,73,62,0.987951807229,0.619791666667,1.0,-0.0,1,0,0,0,0,0,0.0,0.0,0,16102,7081,11543,-11640,34726,-0.335195530726,334,283,-51,-0.112087912088,109,1.0
MOT17-02-FRCNN,79,88,305,v_to_u,88,79,1,306,295,1,1,88,79,1,305,305,271,600,1,330,1,35,1,295,295,295,1.0,0.226484131783,0.162751234036,0.649491742732,0.07476440338,0.052218791908,-1.0,-1.0,62,1568,0.117497324138,1,"{""79"": 295}",295,1,30,1,30,0,30,30,1.0,0.863893084029,-1,60,60,,1.0,1.0,-0.0,1,0,0,30,0,0,0.0,-1.0,0,0,900,0,-900,900,-1.0,60,30,-30,-0.5,30,1.0,1,35,1,60,0,35,60,1.0,0.88472202009,-1,60,60,,1.0,1.0,-0.0,1,0,0,60,0,0,0.0,-1.0,0,0,2100,0,-2100,2100,-1.0,95,60,-35,-0.368421052632,60,1.0,1,35,1,120,0,35,120,1.0,0.825722476026,-1,60,60,,1.0,0.933333333333,0.244930026795,2,0,0,112,0,0,0.0,-0.933333333333,0,0,3920,280,-3640,4200,-0.866666666667,147,112,-35,-0.225806451613,120,1.0,1,35,1,295,0,35,293,0.993220338983,0.813335260284,-1,60,61,,1.0,0.501706484642,0.950771966159,3,0,0,115,0,0,0.0,-0.392491467577,0,0,4025,6230,2205,10255,0.215017064846,150,182,32,0.09756097561,295,1.0,1,35,1,295,0,35,293,0.993220338983,0.813335260284,-1,60,61,,1.0,0.501706484642,0.950771966159,3,0,0,115,0,0,0.0,-0.392491467577,0,0,4025,6230,2205,10255,0.215017064846,150,182,32,0.09756097561,295,1.0
MOT17-02-FRCNN,59,89,308,u_to_v,59,89,1,309,292,3,3,59,89,1,201,308,306,600,108,295,108,3,1,292,292,292,1.0,0.436461894985,0.010536511274,0.148866950561,0.13626139705,0.116015135209,-1.0,-1.0,63,1604,0.427106938389,1,"{""89"": 292}",292,30,3,1,30,27,3,30,1.0,0.838780610474,44,44,44,1.0,1.0,1.0,-0.0,1,1,30,30,0,0,0.0,0.0,810,0,90,0,720,900,0.8,33,57,24,0.4,30,1.0,60,3,1,60,57,3,59,0.983333333333,0.833713366791,44,44,44,1.0,1.0,1.0,-0.0,1,1,59,59,0,0,0.0,0.0,3363,0,177,0,3186,3540,0.9,62,116,54,0.453781512605,60,1.0,108,3,1,120,105,3,119,0.991666666667,0.844825002435,44,44,44,0.695238095238,1.0,1.0,-0.0,1,1,119,119,0,0,0.0,0.0,8687,3808,357,0,4522,12852,0.351851851852,154,192,38,0.167400881057,120,1.0,108,3,1,292,105,3,290,0.993150684932,0.858719731374,44,44,44,0.695238095238,1.0,0.648275862069,0.648507419646,2,1,188,188,0,0,0.0,0.0,13724,16726,564,306,-3260,31320,-0.104086845466,223,261,38,0.095477386935,292,1.0,108,3,1,292,105,3,290,0.993150684932,0.858719731374,44,44,44,0.695238095238,1.0,0.648275862069,0.648507419646,2,1,188,188,0,0,0.0,0.0,13724,16726,564,306,-3260,31320,-0.104086845466,223,261,38,0.095477386935,292,1.0
MOT17-02-FRCNN,6,80,310,v_to_u,80,6,1,311,101,39,39,80,6,1,272,310,1,439,39,411,39,310,1,101,101,129,0.782945736434,0.175103265669,0.019820727531,0.547444541151,0.022707487481,0.044989257242,-1.0,-1.0,64,1608,0.049966986737,1,"{""6"": 101}",101,30,30,1,30,26,30,30,1.0,0.737047553937,14,17,76,1.0,1.0,0.933333333333,0.244930026795,2,0,0,2,0,2,-0.066666666667,-0.066666666667,0,780,60,840,0,1680,0.0,58,58,0,0.0,30,1.0,39,60,1,54,35,60,54,1.0,0.752674134965,14,17,76,1.0,1.0,0.962962962963,0.158410570132,2,0,0,2,0,2,-0.037037037037,-0.037037037037,0,1890,120,3120,1110,5130,0.216374269006,97,112,15,0.10067114094,54,1.0,39,120,1,92,35,118,88,0.95652173913,0.748714900467,14,17,76,1.0,1.0,0.954545454545,0.184907399168,2,0,0,4,0,4,-0.045454545455,-0.045454545455,0,3080,472,9912,6360,13464,0.472370766488,157,202,45,0.186721991701,120,0.766666666667,39,300,1,101,35,298,91,0.90099009901,0.751565532524,14,17,76,1.0,1.0,0.956043956044,0.180319025556,2,0,0,4,0,4,-0.043956043956,-0.043956043956,0,3185,1192,25926,21549,30303,0.711117711118,337,385,48,0.11320754717,129,0.782945736434,39,310,1,101,35,308,91,0.90099009901,0.751565532524,14,17,76,1.0,1.0,0.956043956044,0.180319025556,2,0,0,4,0,4,-0.043956043956,-0.043956043956,0,3185,1232,26796,22379,31213,0.71697690065,347,395,48,0.110599078341,129,0.782945736434
MOT17-02-FRCNN,61,78,311,u_to_v,61,78,1,312,86,12,41,61,78,1,210,311,271,397,73,127,73,41,1,86,86,86,1.0,0.249549208971,0.006452299332,0.389420951061,0.072644731906,0.029174579686,-1.0,-1.0,65,1661,0.163988977198,1,"{""78"": 86}",86,1,30,1,30,1,29,30,1.0,0.898001336608,42,42,42,1.0,1.0,1.0,-0.0,1,1,30,30,0,0,0.0,0.0,30,0,870,0,-840,900,-0.933333333333,59,31,-28,-0.466666666667,30,1.0,31,41,1,60,31,40,60,1.0,0.897083548332,42,42,42,0.612903225806,1.0,1.0,-0.0,1,1,60,60,0,0,0.0,0.0,1140,720,2400,0,-1980,4260,-0.464788732394,112,79,-33,-0.251908396947,60,1.0,73,41,1,86,73,40,78,0.906976744186,0.885685984492,41,42,42,0.712328767123,1.0,1.0,-0.0,1,0,0,78,0,78,-1.0,-1.0,1638,4056,3120,0,-5538,8814,-0.628318584071,170,99,-71,-0.371727748691,86,1.0,73,41,1,86,73,40,78,0.906976744186,0.885685984492,41,42,42,0.712328767123,1.0,1.0,-0.0,1,0,0,78,0,78,-1.0,-1.0,1638,4056,3120,0,-5538,8814,-0.628318584071,170,99,-71,-0.371727748691,86,1.0,73,41,1,86,73,40,78,0.906976744186,0.885685984492,41,42,42,0.712328767123,1.0,1.0,-0.0,1,0,0,78,0,78,-1.0,-1.0,1638,4056,3120,0,-5538,8814,-0.628318584071,170,99,-71,-0.371727748691,86,1.0
MOT17-02-FRCNN,1,4,315,u_to_v,1,4,1,316,16,315,315,1,4,1,1,578,1,331,559,331,315,315,1,16,16,16,1.0,0.865114638599,1.294958924279,0.054831345526,1.4537881632,1.449705086708,-1.0,-1.0,66,1667,1.465495858278,1,"{""4"": 16}",16,30,30,1,16,30,29,6,0.375,0.844807092199,3,10,10,1.0,1.0,1.0,-0.0,1,0,0,6,0,6,-1.0,-1.0,0,180,174,0,-354,354,-1.0,65,59,-6,-0.092307692308,16,1.0,60,60,1,16,60,55,6,0.375,0.844807092199,3,10,10,1.0,1.0,1.0,-0.0,1,0,0,6,0,6,-1.0,-1.0,0,360,330,0,-690,690,-1.0,121,115,-6,-0.04958677686,16,1.0,120,120,1,16,120,106,6,0.375,0.844807092199,3,10,10,1.0,1.0,1.0,-0.0,1,0,0,6,0,6,-1.0,-1.0,0,720,636,0,-1356,1356,-1.0,232,226,-6,-0.025862068966,16,1.0,300,300,1,16,300,286,6,0.375,0.844807092199,3,10,10,1.0,1.0,1.0,-0.0,1,0,0,6,0,6,-1.0,-1.0,0,1800,1716,0,-3516,3516,-1.0,592,586,-6,-0.010135135135,16,1.0,315,315,1,16,315,301,6,0.375,0.844807092199,3,10,10,1.0,1.0,1.0,-0.0,1,0,0,6,0,6,-1.0,-1.0,0,1890,1806,0,-3696,3696,-1.0,622,616,-6,-0.009646302251,16,1.0
MOT17-02-FRCNN,16,79,323,u_to_v,16,79,1,324,277,53,53,16,79,1,1,323,271,600,323,330,323,53,1,277,277,277,1.0,0.379500406688,0.255250387453,0.572792223826,0.031671343838,0.042662705159,-1.0,-1.0,67,1697,0.307548352495,1,"{""79"": 277}",277,30,30,1,30,22,30,30,1.0,0.8995585221,68,60,60,1.0,1.0,1.0,-0.0,1,0,0,30,0,30,-1.0,-1.0,0,660,900,0,-1560,1560,-1.0,82,52,-30,-0.365853658537,30,1.0,60,53,1,60,52,53,60,1.0,0.868511750395,68,60,60,1.0,1.0,1.0,-0.0,1,0,0,60,0,60,-1.0,-1.0,0,3120,3180,0,-6300,6300,-1.0,165,105,-60,-0.363636363636,60,1.0,120,53,1,120,112,53,120,1.0,0.820747725377,68,60,60,1.0,1.0,0.783333333333,0.667016909289,3,0,0,94,0,94,-0.783333333333,-0.783333333333,0,13440,4982,1378,-17044,19800,-0.860808080808,259,165,-94,-0.329824561404,120,1.0,300,53,1,277,291,53,275,0.992779783394,0.811364426942,68,60,61,1.0,1.0,0.534545454545,0.948428703084,3,0,0,97,0,97,-0.352727272727,-0.352727272727,0,80025,5141,9434,-75732,94600,-0.800549682875,441,344,-97,-0.156704361874,277,1.0,323,53,1,277,314,53,275,0.992779783394,0.811364426942,68,60,61,1.0,1.0,0.534545454545,0.948428703084,3,0,0,97,0,97,-0.352727272727,-0.352727272727,0,86350,5141,9434,-82057,100925,-0.81304929403,464,367,-97,-0.151090342679,277,1.0
MOT17-02-FRCNN,8,32,329,u_to_v,8,32,1,330,9,267,267,8,32,1,1,329,63,338,329,276,329,267,1,9,9,9,1.0,0.293749167604,0.170715170339,0.344492111544,0.103578370351,0.194514724585,-1.0,-1.0,68,1711,0.280114241796,1,"{""32"": 9}",9,30,30,1,9,23,30,7,0.777777777778,0.925169400728,20,37,37,1.0,1.0,1.0,-0.0,1,0,0,7,0,7,-1.0,-1.0,0,161,210,0,-371,371,-1.0,60,53,-7,-0.116666666667,9,1.0,60,60,1,9,53,60,7,0.777777777778,0.925169400728,20,37,37,0.943396226415,0.95,1.0,-0.0,1,0,0,7,0,7,-1.0,-1.0,21,350,399,21,-707,791,-0.893805309735,114,107,-7,-0.058333333333,9,1.0,120,120,1,9,113,120,7,0.777777777778,0.925169400728,20,37,37,0.964601769912,0.966666666667,1.0,-0.0,1,0,0,7,0,7,-1.0,-1.0,28,763,812,28,-1519,1631,-0.931330472103,232,225,-7,-0.029166666667,9,1.0,300,267,1,9,293,267,7,0.777777777778,0.925169400728,20,37,37,0.986348122867,0.985018726592,1.0,-0.0,1,0,0,7,0,7,-1.0,-1.0,28,2023,1841,28,-3808,3920,-0.971428571429,559,552,-7,-0.012345679012,9,1.0,329,267,1,9,322,267,7,0.777777777778,0.925169400728,20,37,37,0.987577639752,0.985018726592,1.0,-0.0,1,0,0,7,0,7,-1.0,-1.0,28,2226,1841,28,-4011,4123,-0.972835314092,588,581,-7,-0.011744966443,9,1.0
MOT17-02-FRCNN,4,6,331,u_to_v,4,6,1,332,80,331,331,4,6,1,1,331,1,439,331,411,331,331,1,80,80,108,0.740740740741,0.647618004809,0.421363356656,0.269803443749,0.174016913387,0.086266154959,-1.0,-1.0,69,1733,0.711536289871,1,"{""6"": 80}",80,30,30,1,30,20,30,30,1.0,0.804728838188,10,76,76,1.0,0.633333333333,1.0,-0.0,1,0,0,30,0,30,-1.0,-1.0,0,600,570,330,-840,1500,-0.56,69,41,-28,-0.35,30,1.0,60,60,1,33,47,60,33,1.0,0.803158281196,10,17,76,1.0,0.683333333333,1.0,-0.0,1,0,0,0,0,0,0.0,0.0,0,1551,627,1353,-825,3531,-0.233644859813,99,88,-11,-0.078571428571,33,1.0,120,120,1,80,96,120,70,0.875,0.775032620728,10,17,76,1.0,0.841666666667,0.971428571429,0.129740694719,2,0,0,2,0,2,-0.028571428571,-0.028571428571,0,6720,1494,6906,-1308,15120,-0.086507936508,199,197,-2,-0.006993006993,108,0.740740740741,300,300,1,80,276,298,70,0.875,0.775032620728,10,17,76,1.0,0.936241610738,0.971428571429,0.129740694719,2,0,0,2,0,2,-0.028571428571,-0.028571428571,0,19320,1850,19010,-2160,40180,-0.053758088601,557,555,-2,-0.003105590062,108,0.740740740741,331,331,1,80,307,329,70,0.875,0.775032620728,10,17,76,1.0,0.942249240122,0.971428571429,0.129740694719,2,0,0,2,0,2,-0.028571428571,-0.028571428571,0,21490,1912,21118,-2284,44520,-0.051302785265,619,617,-2,-0.00283286119,108,0.740740740741
MOT17-02-FRCNN,4,65,331,u_to_v,4,65,1,332,269,116,116,4,65,1,1,331,216,600,331,385,331,116,1,269,269,269,1.0,0.247451949519,0.002031398856,0.427734143079,0.032805527697,0.004247467143,-1.0,-1.0,70,1747,0.144731562947,1,"{""65"": 269}",269,30,30,1,30,20,13,30,1.0,0.855699734945,10,10,10,1.0,0.769230769231,1.0,-0.0,1,1,30,30,0,0,0.0,0.0,600,0,300,90,390,990,0.393939393939,40,53,13,0.206349206349,30,1.0,60,60,1,60,47,22,60,1.0,0.823177966406,10,9,10,1.0,0.545454545455,1.0,-0.0,1,0,60,0,60,0,1.0,1.0,2820,0,600,720,2940,4140,0.710144927536,70,119,49,0.37984496124,60,1.0,120,116,1,120,96,72,120,1.0,0.780029632576,10,9,10,1.0,0.861111111111,0.8,0.500402423538,2,0,96,24,96,24,0.6,0.6,9216,2304,2448,6192,10656,20160,0.528571428571,182,254,72,0.25,120,1.0,300,116,1,269,276,72,249,0.925650557621,0.777900075199,10,9,10,1.0,0.861111111111,0.457831325301,1.305804124061,7,0,114,91,114,91,0.092369477912,0.092369477912,31464,37260,6782,11146,-1432,86652,-0.016525873609,429,452,23,0.038525963149,269,1.0,331,116,1,269,307,72,249,0.925650557621,0.777900075199,10,9,10,1.0,0.861111111111,0.457831325301,1.305804124061,7,0,114,91,114,91,0.092369477912,0.092369477912,34998,41445,6782,11146,-2083,94371,-0.0220724587,460,483,23,0.036624203822,269,1.0
MOT17-02-FRCNN,87,92,334,v_to_u,92,87,1,335,118,1,1,92,87,1,334,334,305,452,1,148,1,30,1,118,118,118,1.0,1.046406162964,0.081935737868,0.0,0.390312962454,0.205364346969,-1.0,-1.0,71,1786,1.126457828373,1,"{""87"": 118}",118,1,30,1,30,0,30,30,1.0,0.937789755466,-1,32,32,,1.0,1.0,-0.0,1,0,0,30,0,0,0.0,-1.0,0,0,900,0,-900,900,-1.0,60,30,-30,-0.5,30,1.0,1,30,1,60,0,30,60,1.0,0.942678728137,-1,32,32,,1.0,1.0,-0.0,1,0,0,60,0,0,0.0,-1.0,0,0,1800,0,-1800,1800,-1.0,90,60,-30,-0.333333333333,60,1.0,1,30,1,118,0,30,116,0.983050847458,0.936845531087,-1,32,32,,1.0,1.0,-0.0,1,0,0,116,0,0,0.0,-1.0,0,0,3480,0,-3480,3480,-1.0,146,116,-30,-0.205479452055,118,1.0,1,30,1,118,0,30,116,0.983050847458,0.936845531087,-1,32,32,,1.0,1.0,-0.0,1,0,0,116,0,0,0.0,-1.0,0,0,3480,0,-3480,3480,-1.0,146,116,-30,-0.205479452055,118,1.0,1,30,1,118,0,30,116,0.983050847458,0.936845531087,-1,32,32,,1.0,1.0,-0.0,1,0,0,116,0,0,0.0,-1.0,0,0,3480,0,-3480,3480,-1.0,146,116,-30,-0.205479452055,118,1.0
MOT17-02-FRCNN,3,32,338,v_to_u,32,3,1,339,107,276,276,32,3,1,63,338,1,445,276,445,276,338,1,107,107,107,1.0,2.346868696707,0.277582275197,0.0,0.191806049795,0.258648752096,-1.0,-1.0,72,1791,2.461309745695,1,"{""3"": 107}",107,30,30,1,30,28,30,30,1.0,0.963855129081,37,19,19,1.0,1.0,1.0,-0.0,1,0,0,30,0,30,-1.0,-1.0,0,840,900,0,-1740,1740,-1.0,88,58,-30,-0.340909090909,30,1.0,60,60,1,60,58,60,60,1.0,0.961756394014,37,19,19,1.0,1.0,1.0,-0.0,1,0,0,60,0,60,-1.0,-1.0,0,3480,3600,0,-7080,7080,-1.0,178,118,-60,-0.337078651685,60,1.0,120,120,1,107,118,120,105,0.981308411215,0.932951288091,37,19,19,0.966101694915,1.0,1.0,-0.0,1,0,0,105,0,105,-1.0,-1.0,0,12390,12600,0,-24990,24990,-1.0,339,234,-105,-0.30612244898,107,1.0,276,300,1,107,274,300,105,0.981308411215,0.932951288091,37,19,19,0.985401459854,1.0,1.0,-0.0,1,0,0,105,0,105,-1.0,-1.0,0,28770,31500,0,-60270,60270,-1.0,675,570,-105,-0.154639175258,107,1.0,276,338,1,107,274,338,105,0.981308411215,0.932951288091,37,19,19,0.985401459854,1.0,1.0,-0.0,1,0,0,105,0,105,-1.0,-1.0,0,28770,35490,0,-64260,64260,-1.0,713,608,-105,-0.146443514644,107,1.0
MOT17-02-FRCNN,1,74,350,v_to_u,74,1,1,351,228,78,97,74,1,1,254,350,1,578,97,559,97,331,1,228,228,228,1.0,0.400514202383,0.539620020941,0.411377890038,0.310756980093,0.577486066337,-1.0,-1.0,73,1821,0.521399039752,1,"{""1"": 228}",228,30,16,1,30,19,16,30,1.0,0.92781303581,38,3,3,1.0,1.0,1.0,-0.0,1,0,0,30,0,30,-1.0,-1.0,0,570,480,0,-1050,1050,-1.0,65,35,-30,-0.461538461538,30,1.0,60,41,1,60,49,41,60,1.0,0.910647403,38,3,3,1.0,1.0,1.0,-0.0,1,0,0,60,0,60,-1.0,-1.0,0,2940,2460,0,-5400,5400,-1.0,150,90,-60,-0.4,60,1.0,97,101,1,120,86,101,120,1.0,0.907371777916,38,3,3,1.0,1.0,1.0,-0.0,1,0,0,120,0,120,-1.0,-1.0,0,10320,12120,0,-22440,22440,-1.0,307,187,-120,-0.390879478827,120,1.0,97,281,1,228,86,281,225,0.986842105263,0.908554607483,38,3,3,1.0,1.0,1.0,-0.0,1,0,0,225,0,225,-1.0,-1.0,0,19350,63225,0,-82575,82575,-1.0,592,367,-225,-0.380067567568,228,1.0,97,331,1,228,86,331,225,0.986842105263,0.908554607483,38,3,3,1.0,1.0,1.0,-0.0,1,0,0,225,0,225,-1.0,-1.0,0,19350,74475,0,-93825,93825,-1.0,642,417,-225,-0.35046728972,228,1.0
MOT17-02-FRCNN,14,76,353,v_to_u,76,14,1,354,7,88,88,76,14,1,266,353,1,360,88,360,88,353,1,7,7,7,1.0,0.133832302545,0.021319724192,0.62460891462,0.022307642399,0.01578550423,-1.0,-1.0,74,1857,-0.0131806804,1,"{""14"": 7}",7,30,30,1,7,30,30,7,1.0,0.712665019158,29,31,29,1.0,1.0,0.571428571429,0.6829081047,2,0,4,0,4,0,0.571428571429,0.571428571429,120,90,0,210,240,420,0.571428571429,60,64,4,0.059701492537,7,1.0,60,60,1,7,60,60,7,1.0,0.712665019158,29,31,29,1.0,1.0,0.571428571429,0.6829081047,2,0,4,0,4,0,0.571428571429,0.571428571429,240,180,0,420,480,840,0.571428571429,120,124,4,0.031496062992,7,1.0,88,120,1,7,88,120,7,1.0,0.712665019158,29,31,29,0.988636363636,0.991666666667,0.571428571429,0.6829081047,2,0,4,0,4,0,0.571428571429,0.571428571429,348,268,4,836,912,1456,0.626373626374,206,210,4,0.018604651163,7,1.0,88,300,1,7,88,300,7,1.0,0.712665019158,29,31,29,0.988636363636,0.996666666667,0.571428571429,0.6829081047,2,0,4,0,4,0,0.571428571429,0.571428571429,348,268,4,2096,2172,2716,0.79970544919,386,390,4,0.010126582278,7,1.0,88,353,1,7,88,353,7,1.0,0.712665019158,29,31,29,0.988636363636,0.99716713881,0.571428571429,0.6829081047,2,0,4,0,4,0,0.571428571429,0.571428571429,348,268,4,2467,2543,3087,0.8237771299,439,443,4,0.008928571429,7,1.0
MOT17-02-FRCNN,89,100,361,v_to_u,100,89,1,362,239,1,1,100,89,1,361,361,306,600,1,295,1,56,1,239,239,239,1.0,0.117155439131,0.014539763234,0.6635842934,0.019358281588,0.005531424613,-1.0,-1.0,75,1940,-0.04261672279,1,"{""89"": 239}",239,1,30,1,30,0,30,29,0.966666666667,0.881651286508,-1,44,44,,1.0,1.0,-0.0,1,0,0,29,0,0,0.0,-1.0,0,0,870,0,-870,870,-1.0,59,30,-29,-0.491525423729,30,1.0,1,56,1,60,0,56,59,0.983333333333,0.865034961967,-1,44,44,,1.0,1.0,-0.0,1,0,0,59,0,0,0.0,-1.0,0,0,3304,0,-3304,3304,-1.0,115,59,-56,-0.486956521739,60,1.0,1,56,1,120,0,56,119,0.991666666667,0.829633035459,-1,44,44,,1.0,1.0,-0.0,1,0,0,119,0,0,0.0,-1.0,0,0,6664,0,-6664,6664,-1.0,175,119,-56,-0.32,120,1.0,1,56,1,239,0,56,237,0.991631799163,0.864694296781,-1,44,44,,1.0,0.569620253165,0.683421651497,2,0,0,135,0,0,0.0,-0.569620253165,0,0,7560,5712,-1848,13272,-0.139240506329,191,158,-33,-0.112627986348,239,1.0,1,56,1,239,0,56,237,0.991631799163,0.864694296781,-1,44,44,,1.0,0.569620253165,0.683421651497,2,0,0,135,0,0,0.0,-0.569620253165,0,0,7560,5712,-1848,13272,-0.139240506329,191,158,-33,-0.112627986348,239,1.0
MOT17-02-FRCNN,89,102,364,v_to_u,102,89,1,365,236,1,1,102,89,1,364,364,306,600,1,295,1,59,1,236,236,236,1.0,0.157779453252,0.016172417723,0.573450554076,0.023788861964,0.013099564694,-1.0,-1.0,76,1983,0.02214876183,1,"{""89"": 236}",236,1,30,1,30,1,29,30,1.0,0.893782597838,44,44,44,1.0,1.0,1.0,-0.0,1,1,30,30,0,0,0.0,0.0,30,0,870,0,-840,900,-0.933333333333,59,31,-28,-0.466666666667,30,1.0,1,59,1,60,1,58,60,1.0,0.863071439269,44,44,44,1.0,1.0,1.0,-0.0,1,1,60,60,0,0,0.0,0.0,60,0,3480,0,-3420,3540,-0.966101694915,118,61,-57,-0.478991596639,60,1.0,1,59,1,120,1,58,120,1.0,0.833808041625,44,44,44,1.0,1.0,1.0,-0.0,1,1,120,120,0,0,0.0,0.0,120,0,6960,0,-6840,7080,-0.966101694915,178,121,-57,-0.31843575419,120,1.0,1,59,1,236,1,58,235,0.995762711864,0.865750568288,44,44,44,1.0,1.0,0.565957446809,0.684420999214,2,1,133,133,0,0,0.0,0.0,133,102,7714,5916,-1767,13865,-0.127443202308,191,160,-31,-0.105442176871,236,1.0,1,59,1,236,1,58,235,0.995762711864,0.865750568288,44,44,44,1.0,1.0,0.565957446809,0.684420999214,2,1,133,133,0,0,0.0,0.0,133,102,7714,5916,-1767,13865,-0.127443202308,191,160,-31,-0.105442176871,236,1.0
MOT17-02-FRCNN,24,53,366,v_to_u,53,24,1,367,234,213,213,53,24,1,154,366,30,600,213,571,213,337,1,234,234,234,1.0,0.265298733881,0.026591651497,0.370713423231,0.07891084564,0.034976466393,-1.0,-1.0,77,1998,0.19065702215,1,"{""24"": 234}",234,30,30,1,30,21,30,30,1.0,0.875603295197,28,27,27,1.0,1.0,1.0,-0.0,1,0,0,30,0,30,-1.0,-1.0,0,630,900,0,-1530,1530,-1.0,81,51,-30,-0.37037037037,30,1.0,60,60,1,60,51,60,59,0.983333333333,0.869183392181,28,27,27,1.0,1.0,1.0,-0.0,1,0,0,59,0,59,-1.0,-1.0,0,3009,3540,0,-6549,6549,-1.0,170,111,-59,-0.347058823529,60,1.0,120,120,1,120,111,120,119,0.991666666667,0.833737987943,28,27,27,1.0,1.0,0.781512605042,0.603123857014,3,0,3,93,3,93,-0.756302521008,-0.756302521008,333,12876,11160,3120,-20583,27489,-0.748772236167,324,234,-90,-0.257142857143,120,1.0,213,300,1,234,204,300,233,0.995726495726,0.849827699816,28,27,31,1.0,0.996666666667,0.575107296137,0.739520013908,3,0,3,96,3,96,-0.399141630901,-0.399141630901,612,46920,28704,41196,-33816,117432,-0.287962395259,599,506,-93,-0.12618724559,234,1.0,213,337,1,234,204,336,233,0.995726495726,0.849827699816,28,27,31,1.0,0.997023809524,0.575107296137,0.739520013908,3,0,3,96,3,96,-0.399141630901,-0.399141630901,612,46920,32160,46128,-32340,125820,-0.257033857892,635,542,-93,-0.120310478655,234,1.0
MOT17-02-FRCNN,90,95,367,u_to_v,90,95,1,368,129,21,21,90,95,1,319,367,347,496,49,150,49,21,1,129,129,129,1.0,0.331767949309,0.448082665635,0.187846056175,0.71057965011,0.702906050128,-1.0,-1.0,78,2052,0.538175671698,1,"{""95"": 129}",129,30,21,1,30,30,21,30,1.0,0.834325762328,9,38,38,1.0,1.0,1.0,-0.0,1,0,0,30,0,30,-1.0,-1.0,0,900,630,0,-1530,1530,-1.0,81,51,-30,-0.37037037037,30,1.0,49,21,1,60,49,21,60,1.0,0.870449278794,9,38,38,1.0,1.0,1.0,-0.0,1,0,0,60,0,60,-1.0,-1.0,0,2940,1260,0,-4200,4200,-1.0,130,70,-60,-0.461538461538,60,1.0,49,21,1,120,49,21,120,1.0,0.889165887274,9,38,38,1.0,1.0,1.0,-0.0,1,0,0,120,0,120,-1.0,-1.0,0,5880,2520,0,-8400,8400,-1.0,190,120,-70,-0.368421052632,120,1.0,49,21,1,129,49,21,129,1.0,0.89175768597,9,38,38,1.0,1.0,1.0,-0.0,1,0,0,129,0,129,-1.0,-1.0,0,6321,2709,0,-9030,9030,-1.0,199,129,-70,-0.35175879397,129,1.0,49,21,1,129,49,21,129,1.0,0.89175768597,9,38,38,1.0,1.0,1.0,-0.0,1,0,0,129,0,129,-1.0,-1.0,0,6321,2709,0,-9030,9030,-1.0,199,129,-70,-0.35175879397,129,1.0
MOT17-02-FRCNN,1,20,378,v_to_u,20,1,1,379,200,359,378,20,1,1,1,378,1,578,378,559,378,359,1,200,200,200,1.0,3.021743124866,1.611830641792,0.0,1.352221083362,1.580833187318,-1.0,-1.0,79,2059,3.718006212382,1,"{""1"": 200}",200,30,30,1,30,28,30,30,1.0,0.888294570667,39,3,3,1.0,1.0,1.0,-0.0,1,0,0,30,0,30,-1.0,-1.0,0,840,900,0,-1740,1740,-1.0,88,58,-30,-0.340909090909,30,1.0,60,44,1,60,58,44,60,1.0,0.903123051863,39,3,3,1.0,1.0,1.0,-0.0,1,0,0,60,0,60,-1.0,-1.0,0,3480,2640,0,-6120,6120,-1.0,162,102,-60,-0.37037037037,60,1.0,120,101,1,120,118,101,120,1.0,0.903806935132,39,3,3,1.0,1.0,1.0,-0.0,1,0,0,120,0,120,-1.0,-1.0,0,14160,12120,0,-26280,26280,-1.0,339,219,-120,-0.353982300885,120,1.0,300,281,1,200,293,281,197,0.985,0.905533615816,39,3,3,1.0,1.0,1.0,-0.0,1,0,0,197,0,197,-1.0,-1.0,0,57721,55357,0,-113078,113078,-1.0,771,574,-197,-0.25551232166,200,1.0,378,359,1,200,365,359,197,0.985,0.905533615816,39,3,3,0.876712328767,1.0,1.0,-0.0,1,0,0,197,0,197,-1.0,-1.0,0,71905,70723,0,-142628,142628,-1.0,876,679,-197,-0.213897937025,200,1.0
MOT17-02-FRCNN,91,96,381,v_to_u,96,91,1,382,81,33,33,96,91,1,349,381,330,462,33,133,33,52,1,81,81,81,1.0,0.156891691465,0.181229647773,0.695128343754,0.173942519695,0.189716263499,-1.0,-1.0,80,2113,0.064782895789,1,"{""91"": 81}",81,30,30,1,30,28,29,30,1.0,0.867796734553,48,56,48,0.642857142857,0.586206896552,1.0,-0.0,1,0,30,0,30,0,1.0,1.0,540,300,360,510,390,1710,0.228070175439,52,65,13,0.149425287356,30,1.0,33,52,1,60,30,51,60,1.0,0.855375216925,48,56,48,0.666666666667,0.764705882353,1.0,-0.0,1,0,60,0,60,0,1.0,1.0,1200,600,720,2340,2220,4860,0.456790123457,82,119,37,0.262411347518,60,1.0,33,52,1,81,30,51,80,0.987654320988,0.827927700774,48,56,48,0.666666666667,0.764705882353,1.0,-0.0,1,0,80,0,80,0,1.0,1.0,1600,800,960,3120,2960,6480,0.456790123457,102,139,37,0.229813664596,81,1.0,33,52,1,81,30,51,80,0.987654320988,0.827927700774,48,56,48,0.666666666667,0.764705882353,1.0,-0.0,1,0,80,0,80,0,1.0,1.0,1600,800,960,3120,2960,6480,0.456790123457,102,139,37,0.229813664596,81,1.0,33,52,1,81,30,51,80,0.987654320988,0.827927700774,48,56,48,0.666666666667,0.764705882353,1.0,-0.0,1,0,80,0,80,0,1.0,1.0,1600,800,960,3120,2960,6480,0.456790123457,102,139,37,0.229813664596,81,1.0
MOT17-02-FRCNN,65,107,383,v_to_u,107,65,1,384,217,1,1,107,65,1,383,383,216,600,1,385,1,168,1,217,217,217,1.0,0.654540805265,0.469245291798,0.246149874195,0.259919275474,0.217164034637,-1.0,-1.0,81,2135,0.758022990677,1,"{""65"": 217}",217,1,30,1,30,1,30,30,1.0,0.734490943079,17,10,10,1.0,1.0,0.566666666667,0.68423176513,2,0,0,17,0,17,-0.566666666667,-0.566666666667,0,30,510,390,-150,930,-0.161290322581,48,43,-5,-0.081967213115,30,1.0,1,60,1,60,1,60,60,1.0,0.738939773847,17,10,10,1.0,1.0,0.733333333333,0.579915171418,2,0,0,44,0,44,-0.733333333333,-0.733333333333,0,60,2640,960,-1740,3660,-0.475409836066,105,76,-29,-0.239669421488,60,1.0,1,120,1,120,1,76,106,0.883333333333,0.741037560315,17,10,10,1.0,0.815789473684,0.415094339623,1.475709738423,6,0,0,44,0,44,-0.415094339623,-0.415094339623,0,106,3162,4894,1626,8162,0.199215878461,107,93,-14,-0.07650273224,120,1.0,1,168,1,217,1,124,197,0.907834101382,0.758575788523,17,9,9,1.0,0.5,0.46192893401,1.401699905974,7,0,0,91,0,91,-0.46192893401,-0.46192893401,0,197,9486,14942,5259,24625,0.213563451777,154,153,-1,-0.003105590062,217,1.0,1,168,1,217,1,124,197,0.907834101382,0.758575788523,17,9,9,1.0,0.5,0.46192893401,1.401699905974,7,0,0,91,0,91,-0.46192893401,-0.46192893401,0,197,9486,14942,5259,24625,0.213563451777,154,153,-1,-0.003105590062,217,1.0
MOT17-02-FRCNN,94,108,386,v_to_u,108,94,1,387,58,1,1,108,94,1,386,386,336,444,1,109,1,51,1,58,58,58,1.0,0.093690975398,0.027323965995,0.703228010486,0.09220772908,0.025834441717,-1.0,-1.0,82,2180,-0.063480818645,1,"{""94"": 58}",58,1,30,1,30,1,29,30,1.0,0.826929992155,76,17,17,1.0,1.0,0.933333333333,0.244930026795,2,0,2,28,2,28,-0.866666666667,-0.866666666667,2,28,812,58,-780,900,-0.866666666667,58,32,-26,-0.433333333333,30,1.0,1,51,1,58,1,50,58,1.0,0.763270493238,76,17,17,1.0,1.0,0.689655172414,0.832571261789,3,0,10,40,10,40,-0.51724137931,-0.51724137931,10,48,2000,900,-1138,2958,-0.384719405003,91,61,-30,-0.275229357798,58,1.0,1,51,1,58,1,50,58,1.0,0.763270493238,76,17,17,1.0,1.0,0.689655172414,0.832571261789,3,0,10,40,10,40,-0.51724137931,-0.51724137931,10,48,2000,900,-1138,2958,-0.384719405003,91,61,-30,-0.275229357798,58,1.0,1,51,1,58,1,50,58,1.0,0.763270493238,76,17,17,1.0,1.0,0.689655172414,0.832571261789,3,0,10,40,10,40,-0.51724137931,-0.51724137931,10,48,2000,900,-1138,2958,-0.384719405003,91,61,-30,-0.275229357798,58,1.0,1,51,1,58,1,50,58,1.0,0.763270493238,76,17,17,1.0,1.0,0.689655172414,0.832571261789,3,0,10,40,10,40,-0.51724137931,-0.51724137931,10,48,2000,900,-1138,2958,-0.384719405003,91,61,-30,-0.275229357798,58,1.0
MOT17-02-FRCNN,57,109,389,v_to_u,109,57,1,390,30,1,1,109,57,1,389,389,188,419,1,232,1,202,1,30,30,30,1.0,0.086971742632,0.018358027686,0.721965414078,0.10227884912,0.032740174704,-1.0,-1.0,83,2199,-0.075428201584,1,"{""57"": 30}",30,1,30,1,30,1,30,29,0.966666666667,0.841845275577,57,57,57,1.0,0.9,0.896551724138,0.332594214312,2,1,26,26,0,0,0.0,0.0,26,3,711,159,-529,899,-0.588431590656,53,30,-23,-0.383333333333,30,1.0,1,60,1,30,1,60,29,0.966666666667,0.841845275577,57,57,57,1.0,0.833333333333,0.896551724138,0.332594214312,2,1,26,26,0,0,0.0,0.0,26,3,1330,410,-897,1769,-0.507066139062,76,53,-23,-0.255555555556,30,1.0,1,120,1,30,1,119,29,0.966666666667,0.841845275577,57,57,57,1.0,0.529411764706,0.896551724138,0.332594214312,2,1,26,26,0,0,0.0,0.0,26,3,1806,1645,-138,3480,-0.039655172414,89,83,-6,-0.040268456376,30,1.0,1,202,1,30,1,201,29,0.966666666667,0.841845275577,57,61,57,1.0,0.686567164179,0.896551724138,0.332594214312,2,0,26,3,26,3,0.793103448276,0.793103448276,26,3,2052,3777,1748,5858,0.298395356777,142,165,23,0.099567099567,30,1.0,1,202,1,30,1,201,29,0.966666666667,0.841845275577,57,61,57,1.0,0.686567164179,0.896551724138,0.332594214312,2,0,26,3,26,3,0.793103448276,0.793103448276,26,3,2052,3777,1748,5858,0.298395356777,142,165,23,0.099567099567,30,1.0
MOT17-02-FRCNN,67,81,390,u_to_v,67,81,1,391,210,109,109,67,81,1,225,390,282,600,166,319,166,109,1,210,210,210,1.0,0.355884206922,0.054894500408,0.233232278376,0.086942872109,0.023414180968,-1.0,-1.0,84,2239,0.322335467738,1,"{""81"": 210}",210,30,30,1,30,10,30,30,1.0,0.832309376181,18,41,41,1.0,0.9,1.0,-0.0,1,0,0,30,0,30,-1.0,-1.0,0,300,810,90,-1020,1200,-0.85,67,37,-30,-0.428571428571,30,1.0,60,60,1,60,40,57,60,1.0,0.817591578885,18,41,41,1.0,0.947368421053,0.816666666667,0.476410518752,2,0,11,49,11,49,-0.633333333333,-0.633333333333,440,1960,2646,774,-3392,5820,-0.582817869416,143,105,-38,-0.242038216561,60,1.0,120,109,1,120,100,106,110,0.916666666667,0.781248952033,18,41,18,0.88,0.971698113208,0.554545454545,0.68718490832,2,0,61,49,61,49,0.109090909091,0.109090909091,5368,5632,5047,6613,1302,22660,0.057458075905,240,252,12,0.037974683544,120,1.0,166,109,1,210,134,106,188,0.895238095238,0.781409535989,18,41,18,0.65671641791,0.971698113208,0.462765957447,1.197925070127,4,0,87,49,87,49,0.202127659574,0.202127659574,7876,17316,5077,14851,334,45120,0.00740248227,240,278,38,0.088785046729,210,1.0,166,109,1,210,134,106,188,0.895238095238,0.781409535989,18,41,18,0.65671641791,0.971698113208,0.462765957447,1.197925070127,4,0,87,49,87,49,0.202127659574,0.202127659574,7876,17316,5077,14851,334,45120,0.00740248227,240,278,38,0.088785046729,210,1.0
MOT17-02-FRCNN,13,82,393,u_to_v,13,82,1,394,165,111,111,13,82,1,1,393,283,558,393,276,393,111,1,165,165,165,1.0,0.227355172116,0.033167850267,0.441916184177,0.049096021337,0.045811506896,-1.0,-1.0,85,2272,0.134658841462,1,"{""82"": 165}",165,30,30,1,30,28,8,30,1.0,0.77450989391,67,18,67,1.0,0.75,1.0,-0.0,1,0,30,0,30,0,1.0,1.0,840,0,60,180,960,1080,0.888888888889,34,64,30,0.454545454545,30,1.0,60,60,1,60,58,22,60,1.0,0.805020182972,67,15,67,1.0,0.636363636364,0.933333333333,0.244930026795,2,0,56,0,56,0,0.933333333333,0.933333333333,3248,232,112,1208,4112,4800,0.856666666667,72,128,56,0.4,60,1.0,120,111,1,120,118,73,120,1.0,0.800673477225,67,15,67,1.0,0.890410958904,0.466666666667,1.169347090084,4,0,56,0,56,0,0.466666666667,0.466666666667,6608,7552,112,8648,7592,22920,0.331239092496,183,239,56,0.180064308682,120,1.0,300,111,1,165,291,73,165,1.0,0.825726908613,15,15,17,0.522336769759,0.890410958904,0.484848484848,1.104113310594,4,1,0,0,0,0,0.0,0.0,7616,40399,112,11933,-20962,60060,-0.349017649018,232,257,25,0.047258979206,165,1.0,393,111,1,165,384,73,165,1.0,0.825726908613,15,15,17,0.638020833333,0.890410958904,0.484848484848,1.104113310594,4,1,0,0,0,0,0.0,0.0,7616,55744,112,11933,-36307,75405,-0.481493269677,325,257,-68,-0.109324758842,165,1.0
MOT17-02-FRCNN,13,110,393,u_to_v,13,110,1,394,37,3,3,13,110,1,1,393,391,430,393,40,393,3,1,37,37,37,1.0,0.617109344491,0.149141418872,0.0,0.102680267471,0.215588342734,-1.0,-1.0,86,2287,0.686221560229,1,"{""110"": 37}",37,30,3,1,30,28,3,30,1.0,0.728563997197,67,18,18,1.0,1.0,1.0,-0.0,1,0,0,30,0,30,-1.0,-1.0,0,840,90,0,-930,930,-1.0,61,31,-30,-0.491803278689,30,1.0,60,3,1,37,58,3,37,1.0,0.708586469394,67,18,18,1.0,1.0,1.0,-0.0,1,0,0,37,0,37,-1.0,-1.0,0,2146,111,0,-2257,2257,-1.0,98,61,-37,-0.377551020408,37,1.0,120,3,1,37,118,3,37,1.0,0.708586469394,67,18,18,1.0,1.0,1.0,-0.0,1,0,0,37,0,37,-1.0,-1.0,0,4366,111,0,-4477,4477,-1.0,158,121,-37,-0.23417721519,37,1.0,300,3,1,37,291,3,37,1.0,0.708586469394,15,18,18,0.522336769759,1.0,1.0,-0.0,1,0,0,37,0,37,-1.0,-1.0,0,10767,111,0,-10878,10878,-1.0,192,155,-37,-0.111782477341,37,1.0,393,3,1,37,384,3,37,1.0,0.708586469394,15,18,18,0.638020833333,1.0,1.0,-0.0,1,0,0,37,0,37,-1.0,-1.0,0,14208,111,0,-14319,14319,-1.0,285,248,-37,-0.087264150943,37,1.0
MOT17-02-FRCNN,78,99,397,u_to_v,78,99,1,398,52,37,37,78,99,1,271,397,361,449,127,89,127,37,1,52,52,52,1.0,0.803623935755,0.012441078533,0.0,0.033691473158,0.026368913368,-1.0,-1.0,87,2313,0.812740244041,1,"{""99"": 52}",52,30,30,1,30,22,29,30,1.0,0.876453753599,42,15,42,1.0,0.689655172414,0.933333333333,0.244930026795,2,0,28,2,28,2,0.866666666667,0.866666666667,616,44,208,662,1026,1530,0.670588235294,44,70,26,0.320987654321,30,1.0,60,37,1,52,52,36,49,0.942307692308,0.859645554708,42,15,42,1.0,0.75,0.959183673469,0.170529856448,2,0,47,2,47,2,0.918367346939,0.918367346939,2444,104,336,1428,3432,4312,0.795918367347,81,126,45,0.328467153285,52,1.0,120,37,1,52,111,36,49,0.942307692308,0.859645554708,42,15,42,1.0,0.75,0.959183673469,0.170529856448,2,0,47,2,47,2,0.918367346939,0.918367346939,5217,222,336,1428,6087,7203,0.845064556435,140,185,45,0.229591836735,52,1.0,127,37,1,52,118,36,49,0.942307692308,0.859645554708,42,15,42,1.0,0.75,0.959183673469,0.170529856448,2,0,47,2,47,2,0.918367346939,0.918367346939,5546,236,336,1428,6402,7546,0.848396501458,147,192,45,0.221674876847,52,1.0,127,37,1,52,118,36,49,0.942307692308,0.859645554708,42,15,42,1.0,0.75,0.959183673469,0.170529856448,2,0,47,2,47,2,0.918367346939,0.918367346939,5546,236,336,1428,6402,7546,0.848396501458,147,192,45,0.221674876847,52,1.0
MOT17-02-FRCNN,24,31,400,v_to_u,31,24,1,401,200,309,338,31,24,1,63,400,30,600,309,571,309,371,1,200,200,200,1.0,0.171828195263,0.067132369868,0.521146535458,0.086694469999,0.075654514978,-1.0,-1.0,88,2323,0.074559552363,1,"{""24"": 200}",200,30,30,1,30,24,29,30,1.0,0.858781335045,28,27,27,0.958333333333,1.0,1.0,-0.0,1,0,0,30,0,30,-1.0,-1.0,30,690,870,0,-1530,1590,-0.962264150943,82,52,-30,-0.361445783133,30,1.0,60,60,1,60,53,59,60,1.0,0.806350696573,28,27,27,0.622641509434,1.0,1.0,-0.0,1,0,0,60,0,60,-1.0,-1.0,60,3120,3540,0,-6600,6720,-0.982142857143,152,92,-60,-0.348837209302,60,1.0,120,120,1,120,113,119,120,1.0,0.830164450315,26,27,27,0.654867256637,1.0,0.508333333333,0.791834765601,3,0,0,61,0,61,-0.508333333333,-0.508333333333,328,13232,7259,7021,-13142,27840,-0.472054597701,254,193,-61,-0.173295454545,120,1.0,271,300,1,200,264,299,200,1.0,0.847131436457,29,27,31,0.503787878788,0.996655518395,0.67,0.695198077438,3,0,0,63,0,63,-0.315,-0.315,564,52236,18774,41026,-29420,112600,-0.261278863233,494,435,-59,-0.077326343381,200,1.0,309,371,1,200,301,369,200,1.0,0.847131436457,29,27,31,0.564784053156,0.9972899729,0.67,0.695198077438,3,0,0,63,0,63,-0.315,-0.315,564,59636,23184,50616,-31640,134000,-0.236119402985,601,538,-63,-0.072413793103,200,1.0
MOT17-02-FRCNN,31,101,400,u_to_v,31,101,1,401,64,39,39,31,101,1,63,400,362,464,309,103,309,39,1,64,64,64,1.0,0.723898372047,0.147956739726,0.0,0.189952168743,0.114272491741,-1.0,-1.0,89,2345,0.791310023026,1,"{""101"": 64}",64,30,30,1,30,24,30,30,1.0,0.780676632115,28,29,28,0.958333333333,0.833333333333,0.633333333333,0.909794482272,3,0,19,5,19,5,0.466666666667,0.466666666667,437,283,220,680,614,1620,0.379012345679,53,67,14,0.166666666667,30,1.0,60,39,1,60,53,39,60,1.0,0.813252131965,28,29,31,0.622641509434,0.794871794872,0.516666666667,0.914776481729,3,0,24,5,24,5,0.316666666667,0.316666666667,895,2285,368,1972,214,5520,0.038768115942,69,88,19,0.125,60,1.0,120,39,1,64,113,39,61,0.953125,0.809254810172,26,29,31,0.654867256637,0.794871794872,0.508196721311,0.93911235462,3,0,0,6,0,6,-0.098360655738,-0.098360655738,897,5996,399,1980,-3518,9272,-0.379421915444,111,105,-6,-0.028169014085,64,1.0,271,39,1,64,264,39,61,0.953125,0.809254810172,29,29,31,0.503787878788,0.794871794872,0.508196721311,0.93911235462,3,1,6,6,0,0,0.0,0.0,1683,14421,399,1980,-11157,18483,-0.603635773413,167,144,-23,-0.063186813187,64,1.0,309,39,1,64,301,39,61,0.953125,0.809254810172,29,29,31,0.564784053156,0.794871794872,0.508196721311,0.93911235462,3,1,6,6,0,0,0.0,0.0,1905,16456,399,1980,-12970,20740,-0.625361620058,204,181,-23,-0.057356608479,64,1.0
MOT17-02-FRCNN,24,60,403,v_to_u,60,24,1,404,197,197,197,60,24,1,207,403,30,600,197,571,197,374,1,197,197,197,1.0,0.654794660374,0.20345854103,0.0,0.19056976565,0.264753046897,-1.0,-1.0,90,2354,0.751191576886,1,"{""24"": 197}",197,30,30,1,30,26,29,30,1.0,0.830652161272,54,27,27,1.0,1.0,1.0,-0.0,1,0,0,30,0,30,-1.0,-1.0,0,780,870,0,-1650,1650,-1.0,85,55,-30,-0.352941176471,30,1.0,60,60,1,60,56,59,60,1.0,0.795590117707,54,27,27,1.0,1.0,0.95,0.230340951761,3,0,0,57,0,57,-0.95,-0.95,0,3360,3363,177,-6546,6900,-0.948695652174,172,115,-57,-0.325714285714,60,1.0,120,120,1,120,116,119,120,1.0,0.828845194117,54,27,31,1.0,1.0,0.491666666667,0.792689737214,3,0,0,58,0,58,-0.483333333333,-0.483333333333,0,13920,6902,7378,-13444,28200,-0.476737588652,293,235,-58,-0.16338028169,120,1.0,197,300,1,197,189,299,197,1.0,0.846273185293,54,27,31,1.0,0.996655518395,0.680203045685,0.687939547049,3,0,0,60,0,60,-0.304568527919,-0.304568527919,0,37233,17880,41023,-14090,96136,-0.14656320213,547,487,-60,-0.087591240876,197,1.0,197,374,1,197,189,372,197,1.0,0.846273185293,54,27,31,1.0,0.997311827957,0.680203045685,0.687939547049,3,0,0,60,0,60,-0.304568527919,-0.304568527919,0,37233,22260,51024,-8469,110517,-0.076630744591,620,560,-60,-0.079155672823,197,1.0
MOT17-02-FRCNN,60,97,403,u_to_v,60,97,1,404,197,52,52,60,97,1,207,403,352,600,197,249,197,52,1,197,197,197,1.0,1.397470498502,1.448883905694,0.0,1.630461312779,1.424511703005,-1.0,-1.0,91,2372,2.065188776504,1,"{""97"": 197}",197,30,30,1,30,26,30,30,1.0,0.938915523116,54,34,34,1.0,1.0,1.0,-0.0,1,0,0,30,0,30,-1.0,-1.0,0,780,900,0,-1680,1680,-1.0,86,56,-30,-0.348837209302,30,1.0,60,52,1,60,56,51,60,1.0,0.926138995678,54,34,34,1.0,1.0,1.0,-0.0,1,0,0,60,0,60,-1.0,-1.0,0,3360,3060,0,-6420,6420,-1.0,167,107,-60,-0.359281437126,60,1.0,120,52,1,120,116,51,120,1.0,0.907073266314,54,34,34,1.0,1.0,1.0,-0.0,1,0,0,120,0,120,-1.0,-1.0,0,13920,6120,0,-20040,20040,-1.0,287,167,-120,-0.418118466899,120,1.0,197,52,1,197,189,51,197,1.0,0.911718893809,54,34,34,1.0,1.0,1.0,-0.0,1,0,0,197,0,197,-1.0,-1.0,0,37233,10047,0,-47280,47280,-1.0,437,240,-197,-0.450800915332,197,1.0,197,52,1,197,189,51,197,1.0,0.911718893809,54,34,34,1.0,1.0,1.0,-0.0,1,0,0,197,0,197,-1.0,-1.0,0,37233,10047,0,-47280,47280,-1.0,437,240,-197,-0.450800915332,197,1.0
MOT17-02-FRCNN,60,106,403,u_to_v,60,106,1,404,50,21,21,60,106,1,207,403,383,453,197,71,197,21,1,50,50,50,1.0,0.153118802719,0.055742471598,0.578981047422,0.032945878691,0.040445295176,-1.0,-1.0,92,2379,0.029648276149,1,"{""106"": 50}",50,30,21,1,30,26,20,28,0.933333333333,0.829130569368,54,49,49,1.0,1.0,1.0,-0.0,1,0,0,28,0,28,-1.0,-1.0,0,728,560,0,-1288,1288,-1.0,74,46,-28,-0.378378378378,30,1.0,60,21,1,50,56,20,47,0.94,0.824699142304,54,49,49,1.0,1.0,0.936170212766,0.23737779834,2,0,0,44,0,44,-0.936170212766,-0.936170212766,0,2632,880,60,-3452,3572,-0.96640537514,120,76,-44,-0.357723577236,50,1.0,120,21,1,50,116,20,47,0.94,0.824699142304,54,49,49,1.0,1.0,0.936170212766,0.23737779834,2,0,0,44,0,44,-0.936170212766,-0.936170212766,0,5452,880,60,-6272,6392,-0.981226533166,180,136,-44,-0.24043715847,50,1.0,197,21,1,50,189,20,47,0.94,0.824699142304,54,49,49,1.0,1.0,0.936170212766,0.23737779834,2,0,0,44,0,44,-0.936170212766,-0.936170212766,0,8883,880,60,-9703,9823,-0.987783772778,253,209,-44,-0.171875,50,1.0,197,21,1,50,189,20,47,0.94,0.824699142304,54,49,49,1.0,1.0,0.936170212766,0.23737779834,2,0,0,44,0,44,-0.936170212766,-0.936170212766,0,8883,880,60,-9703,9823,-0.987783772778,253,209,-44,-0.171875,50,1.0
MOT17-02-FRCNN,65,104,408,v_to_u,104,65,1,409,192,41,41,104,65,1,368,408,216,600,41,385,41,193,1,192,192,192,1.0,0.176551796745,0.025310312697,0.547270840816,0.022260778884,0.025587749948,-1.0,-1.0,93,2390,0.050846517599,1,"{""65"": 192}",192,30,30,1,30,23,30,30,1.0,0.78102848857,10,10,10,0.521739130435,0.566666666667,1.0,-0.0,1,1,30,30,0,0,0.0,0.0,360,330,510,390,-90,1590,-0.056603773585,58,55,-3,-0.036144578313,30,1.0,41,60,1,60,34,60,56,0.933333333333,0.733976231805,9,10,10,0.647058823529,0.783333333333,0.571428571429,0.923908880966,3,0,18,32,18,32,-0.25,-0.25,780,1124,1738,1622,-460,5264,-0.087386018237,101,87,-14,-0.093333333333,60,1.0,41,120,1,120,34,96,102,0.85,0.734201602256,9,10,10,0.647058823529,0.770833333333,0.392156862745,1.704702461076,7,0,18,40,18,40,-0.21568627451,-0.21568627451,876,2592,3356,6436,1364,13260,0.102865761689,136,114,-22,-0.094827586207,120,1.0,41,193,1,192,34,149,172,0.895833333333,0.764515773944,9,9,9,0.647058823529,0.503355704698,0.453488372093,1.463133169419,7,1,78,78,0,0,0.0,0.0,2316,3532,9550,16078,5312,31476,0.168763502351,165,174,9,0.025352112676,192,1.0,41,193,1,192,34,149,172,0.895833333333,0.764515773944,9,9,9,0.647058823529,0.503355704698,0.453488372093,1.463133169419,7,1,78,78,0,0,0.0,0.0,2316,3532,9550,16078,5312,31476,0.168763502351,165,174,9,0.025352112676,192,1.0
MOT17-02-FRCNN,36,65,409,u_to_v,36,65,1,410,191,194,194,36,65,1,76,409,216,600,334,385,334,194,1,191,191,191,1.0,0.401349341179,0.632974408478,0.181197746538,0.819770082841,0.869633496418,-1.0,-1.0,94,2420,0.68323386459,1,"{""65"": 191}",191,30,30,1,30,29,30,30,1.0,0.773410349893,36,10,10,1.0,0.566666666667,1.0,-0.0,1,0,0,30,0,30,-1.0,-1.0,0,870,510,390,-990,1770,-0.559322033898,76,46,-30,-0.337078651685,30,1.0,60,60,1,60,59,60,55,0.916666666667,0.731739818845,36,10,10,1.0,0.783333333333,0.563636363636,0.930408607114,3,0,0,31,0,31,-0.563636363636,-0.563636363636,0,3245,1691,1609,-3327,6545,-0.50832696715,137,106,-31,-0.17816091954,60,1.0,120,120,1,120,119,97,102,0.85,0.733840051932,36,10,10,1.0,0.773195876289,0.392156862745,1.704702461076,7,0,0,40,0,40,-0.392156862745,-0.392156862745,0,12138,3396,6498,-9036,22032,-0.410130718954,234,194,-40,-0.125786163522,120,1.0,300,194,1,191,299,150,171,0.895287958115,0.763975053647,36,9,9,1.0,0.5,0.456140350877,1.464422683942,7,0,0,78,0,78,-0.456140350877,-0.456140350877,0,51129,9525,16125,-44529,76779,-0.579963271207,452,374,-78,-0.125806451613,191,1.0,334,194,1,191,333,150,171,0.895287958115,0.763975053647,36,9,9,1.0,0.5,0.456140350877,1.464422683942,7,0,0,78,0,78,-0.456140350877,-0.456140350877,0,56943,9525,16125,-50343,82593,-0.609531074062,486,408,-78,-0.119266055046,191,1.0
MOT17-02-FRCNN,36,98,409,u_to_v,36,98,1,410,191,52,52,36,98,1,76,409,358,600,334,243,334,52,1,191,191,191,1.0,6.759130165983,0.696956458711,0.0,0.609046592713,0.830245851105,-1.0,-1.0,95,2433,7.077298525042,1,"{""98"": 191}",191,30,30,1,30,29,30,25,0.833333333333,0.858476842026,36,26,26,1.0,1.0,0.56,0.894551097998,3,0,0,14,0,14,-0.56,-0.56,0,725,420,330,-815,1475,-0.552542372881,73,59,-14,-0.166666666667,30,1.0,60,52,1,60,59,52,55,0.916666666667,0.87900495915,36,26,29,1.0,1.0,0.618181818182,0.984123287508,4,0,0,14,0,14,-0.254545454545,-0.254545454545,0,3245,728,2132,-1841,6105,-0.301556101556,125,111,-14,-0.084337349398,60,1.0,120,52,1,120,119,52,115,0.958333333333,0.907278825651,36,26,29,1.0,1.0,0.817391304348,0.627975640787,4,0,0,14,0,14,-0.121739130435,-0.121739130435,0,13685,728,5252,-9161,19665,-0.465853038393,213,171,-42,-0.146853146853,120,1.0,300,52,1,191,299,52,186,0.973821989529,0.919520628388,36,26,29,1.0,1.0,0.887096774194,0.446922535372,4,0,0,14,0,14,-0.075268817204,-0.075268817204,0,55614,728,8944,-47398,65286,-0.726005575468,464,351,-113,-0.2104283054,191,1.0,334,52,1,191,333,52,186,0.973821989529,0.919520628388,36,26,29,1.0,1.0,0.887096774194,0.446922535372,4,0,0,14,0,14,-0.075268817204,-0.075268817204,0,61938,728,8944,-53722,71610,-0.750202485686,498,385,-113,-0.197898423818,191,1.0
MOT17-02-FRCNN,79,113,411,v_to_u,113,79,1,412,189,1,1,113,79,1,411,411,271,600,1,330,1,141,1,189,189,189,1.0,0.122473616992,0.021080603732,0.654954278611,0.018349138668,0.029998195885,-1.0,-1.0,96,2453,-0.031160068273,1,"{""79"": 189}",189,1,30,1,30,1,30,30,1.0,0.785257786043,61,60,61,1.0,1.0,0.533333333333,1.009613758174,3,0,16,6,16,6,0.333333333333,0.333333333333,16,14,180,720,542,930,0.582795698925,37,47,10,0.16393442623,30,1.0,1,60,1,60,1,60,60,1.0,0.793846251169,61,60,61,1.0,1.0,0.533333333333,0.933393900908,3,0,32,6,32,6,0.433333333333,0.433333333333,32,28,360,3240,2884,3660,0.787978142077,67,93,26,0.214876033058,60,1.0,1,120,1,120,1,120,120,1.0,0.824522767721,61,60,61,1.0,1.0,0.691666666667,0.754425654436,3,0,83,6,83,6,0.641666666667,0.641666666667,83,37,720,13680,13006,14520,0.895730027548,127,204,77,0.319502074689,120,1.0,1,141,1,189,1,141,187,0.989417989418,0.802177162528,61,60,61,1.0,1.0,0.786096256684,0.633128858611,3,0,147,9,147,9,0.737967914439,0.737967914439,147,40,1269,25098,23936,26554,0.901408450704,151,289,138,0.419452887538,189,1.0,1,141,1,189,1,141,187,0.989417989418,0.802177162528,61,60,61,1.0,1.0,0.786096256684,0.633128858611,3,0,147,9,147,9,0.737967914439,0.737967914439,147,40,1269,25098,23936,26554,0.901408450704,151,289,138,0.419452887538,189,1.0
MOT17-02-FRCNN,40,91,414,u_to_v,40,91,1,415,48,85,85,40,91,1,113,414,330,462,302,133,302,85,1,48,48,48,1.0,0.426563093316,0.291626961776,0.18553633766,0.356787171087,0.336989909406,-1.0,-1.0,97,2487,0.522463457394,1,"{""91"": 48}",48,30,30,1,30,19,30,30,1.0,0.838150648093,62,48,48,1.0,1.0,1.0,-0.0,1,0,0,30,0,30,-1.0,-1.0,0,570,900,0,-1470,1470,-1.0,79,49,-30,-0.379746835443,30,1.0,60,60,1,48,48,59,47,0.979166666667,0.799490114935,62,48,48,1.0,0.762711864407,1.0,-0.0,1,0,0,47,0,47,-1.0,-1.0,0,2256,2115,658,-3713,5029,-0.738317757009,140,93,-47,-0.305194805195,48,1.0,120,85,1,48,108,84,47,0.979166666667,0.799490114935,62,48,48,1.0,0.535714285714,1.0,-0.0,1,0,0,47,0,47,-1.0,-1.0,0,5076,2115,1833,-5358,9024,-0.59375,200,153,-47,-0.196652719665,48,1.0,300,85,1,48,287,84,47,0.979166666667,0.799490114935,62,48,48,0.592334494774,0.535714285714,1.0,-0.0,1,0,0,47,0,47,-1.0,-1.0,0,13489,2115,1833,-13771,17437,-0.789757412399,262,215,-47,-0.112440191388,48,1.0,302,85,1,48,289,84,47,0.979166666667,0.799490114935,62,48,48,0.588235294118,0.535714285714,1.0,-0.0,1,0,0,47,0,47,-1.0,-1.0,0,13583,2115,1833,-13865,17531,-0.790884718499,262,215,-47,-0.111904761905,48,1.0
MOT17-02-FRCNN,40,106,414,u_to_v,40,106,1,415,39,32,32,40,106,1,113,414,383,453,302,71,302,32,1,39,39,39,1.0,1.016418931919,0.293673143748,0.0,0.298565394609,0.291250005079,-1.0,-1.0,98,2497,1.148818757825,1,"{""106"": 39}",39,30,30,1,30,19,29,28,0.933333333333,0.868385334472,62,49,49,1.0,1.0,1.0,-0.0,1,0,0,28,0,28,-1.0,-1.0,0,532,812,0,-1344,1344,-1.0,76,48,-28,-0.368421052632,30,1.0,60,32,1,39,48,31,36,0.923076923077,0.837785690323,62,49,49,1.0,1.0,0.916666666667,0.286835983056,2,0,0,33,0,33,-0.916666666667,-0.916666666667,0,1728,1023,93,-2658,2844,-0.934599156118,112,79,-33,-0.286956521739,39,1.0,120,32,1,39,108,31,36,0.923076923077,0.837785690323,62,49,49,1.0,1.0,0.916666666667,0.286835983056,2,0,0,33,0,33,-0.916666666667,-0.916666666667,0,3888,1023,93,-4818,5004,-0.962829736211,172,139,-33,-0.188571428571,39,1.0,300,32,1,39,287,31,36,0.923076923077,0.837785690323,62,49,49,0.592334494774,1.0,0.916666666667,0.286835983056,2,0,0,33,0,33,-0.916666666667,-0.916666666667,0,10332,1023,93,-11262,11448,-0.983752620545,234,201,-33,-0.093220338983,39,1.0,302,32,1,39,289,31,36,0.923076923077,0.837785690323,62,49,49,0.588235294118,1.0,0.916666666667,0.286835983056,2,0,0,33,0,33,-0.916666666667,-0.916666666667,0,10404,1023,93,-11334,11520,-0.983854166667,234,201,-33,-0.092696629213,39,1.0
MOT17-02-FRCNN,38,57,419,v_to_u,57,38,1,420,25,232,232,57,38,1,188,419,112,444,232,333,232,308,1,25,25,25,1.0,0.355966248914,0.130294527506,0.244785340471,0.062701904493,0.134602859565,-1.0,-1.0,99,2506,0.347074022078,1,"{""38"": 25}",25,30,30,1,25,29,30,21,0.84,0.76976672295,57,58,58,0.896551724138,1.0,1.0,-0.0,1,0,0,21,0,21,-1.0,-1.0,0,609,630,0,-1239,1239,-1.0,77,56,-21,-0.2625,25,1.0,60,60,1,25,59,60,21,0.84,0.76976672295,57,58,58,0.898305084746,1.0,1.0,-0.0,1,0,0,21,0,21,-1.0,-1.0,0,1239,1260,0,-2499,2499,-1.0,134,113,-21,-0.15,25,1.0,120,120,1,25,119,120,21,0.84,0.76976672295,57,58,58,0.739495798319,0.791666666667,1.0,-0.0,1,0,0,21,0,21,-1.0,-1.0,0,2499,1995,525,-3969,5019,-0.790794979079,204,183,-21,-0.080769230769,25,1.0,232,300,1,25,230,300,21,0.84,0.76976672295,61,59,58,0.613043478261,0.683333333333,1.0,-0.0,1,0,0,0,0,0,0.0,0.0,0,4830,1995,4305,-2520,11130,-0.22641509434,346,346,0,0.0,25,1.0,232,308,1,25,230,308,21,0.84,0.76976672295,61,59,58,0.613043478261,0.688311688312,1.0,-0.0,1,0,0,0,0,0,0.0,0.0,0,4830,1995,4473,-2352,11298,-0.208178438662,353,353,0,0.0,25,1.0
MOT17-02-FRCNN,81,110,430,v_to_u,110,81,1,431,170,40,40,110,81,1,391,430,282,600,40,319,40,149,1,170,170,170,1.0,0.161089748888,0.061594291453,0.566835175694,0.017428116268,0.02825861294,-1.0,-1.0,100,2552,0.039348200749,1,"{""81"": 170}",170,30,30,1,30,30,30,30,1.0,0.767343616609,18,41,18,1.0,1.0,0.7,0.610864302055,2,0,21,9,21,9,0.4,0.4,630,270,270,630,720,1800,0.4,69,81,12,0.133333333333,30,1.0,40,60,1,60,40,60,60,1.0,0.781993775183,18,41,18,1.0,0.95,0.85,0.422709087806,2,0,51,9,51,9,0.7,0.7,2040,360,513,3087,4254,6000,0.709,106,148,42,0.2625,60,1.0,40,120,1,120,40,117,104,0.866666666667,0.743951943602,18,41,18,1.0,0.974358974359,0.836538461538,0.558385515945,3,0,87,9,87,9,0.75,0.75,3480,680,1050,11118,12868,16328,0.788094071534,163,241,78,0.298850574713,120,1.0,40,149,1,170,40,146,148,0.870588235294,0.764515135905,18,41,18,1.0,0.979452054795,0.587837837838,1.022097392569,4,0,87,9,87,9,0.527027027027,0.527027027027,3480,2440,1317,20291,20014,27528,0.727041557687,192,270,78,0.233532934132,170,1.0,40,149,1,170,40,146,148,0.870588235294,0.764515135905,18,41,18,1.0,0.979452054795,0.587837837838,1.022097392569,4,0,87,9,87,9,0.527027027027,0.527027027027,3480,2440,1317,20291,20014,27528,0.727041557687,192,270,78,0.233532934132,170,1.0
MOT17-02-FRCNN,98,103,430,v_to_u,103,98,1,431,170,66,66,103,98,1,365,430,358,600,66,243,66,73,1,170,170,170,1.0,0.096920697604,0.015144902987,0.71434277987,0.028700872698,0.023917295013,-1.0,-1.0,101,2569,-0.072616954846,1,"{""98"": 170}",170,30,30,1,30,30,25,30,1.0,0.899468698108,29,26,29,0.833333333333,0.92,1.0,-0.0,1,0,30,0,30,0,1.0,1.0,750,150,0,750,1350,1650,0.818181818182,48,78,30,0.352941176471,30,1.0,60,60,1,60,60,55,60,1.0,0.883915448545,29,26,29,0.5,0.963636363636,0.916666666667,0.34292028864,3,0,55,0,55,0,0.916666666667,0.916666666667,1738,1862,6,3294,3164,6900,0.458550724638,83,138,55,0.314285714286,60,1.0,66,73,1,120,66,68,120,1.0,0.912922668071,31,26,29,0.515151515152,0.970588235294,0.958333333333,0.201247359541,3,0,3,0,3,0,0.025,0.025,3556,4364,6,8154,7340,16080,0.456467661692,149,211,62,0.244094488189,120,1.0,66,73,1,170,66,68,170,1.0,0.922856671858,31,26,29,0.515151515152,0.970588235294,0.970588235294,0.152485881634,3,0,3,0,3,0,0.017647058824,0.017647058824,5056,6164,6,11554,10440,22780,0.458296751536,199,261,62,0.203947368421,170,1.0,66,73,1,170,66,68,170,1.0,0.922856671858,31,26,29,0.515151515152,0.970588235294,0.970588235294,0.152485881634,3,0,3,0,3,0,0.017647058824,0.017647058824,5056,6164,6,11554,10440,22780,0.458296751536,199,261,62,0.203947368421,170,1.0
MOT17-02-FRCNN,110,111,430,u_to_v,110,111,1,431,110,27,27,110,111,1,391,430,404,540,40,137,40,27,1,110,110,110,1.0,1.604056551843,0.212040084269,0.0,0.138380726686,0.223348298525,-1.0,-1.0,102,2583,1.693239475432,1,"{""111"": 110}",110,30,27,1,30,30,27,30,1.0,0.754605572297,18,15,15,1.0,1.0,1.0,-0.0,1,0,0,30,0,30,-1.0,-1.0,0,900,810,0,-1710,1710,-1.0,87,57,-30,-0.344827586207,30,1.0,40,27,1,60,40,27,57,0.95,0.760552415892,18,15,15,1.0,1.0,1.0,-0.0,1,0,0,57,0,57,-1.0,-1.0,0,2280,1539,0,-3819,3819,-1.0,124,67,-57,-0.459677419355,60,1.0,40,27,1,110,40,27,79,0.718181818182,0.744372862796,18,15,15,1.0,1.0,0.949367088608,0.200374612471,2,0,4,75,4,75,-0.898734177215,-0.898734177215,160,3000,2025,108,-4757,5293,-0.898734177215,142,75,-67,-0.458904109589,110,1.0,40,27,1,110,40,27,79,0.718181818182,0.744372862796,18,15,15,1.0,1.0,0.949367088608,0.200374612471,2,0,4,75,4,75,-0.898734177215,-0.898734177215,160,3000,2025,108,-4757,5293,-0.898734177215,142,75,-67,-0.458904109589,110,1.0,40,27,1,110,40,27,79,0.718181818182,0.744372862796,18,15,15,1.0,1.0,0.949367088608,0.200374612471,2,0,4,75,4,75,-0.898734177215,-0.898734177215,160,3000,2025,108,-4757,5293,-0.898734177215,142,75,-67,-0.458904109589,110,1.0
MOT17-02-FRCNN,69,114,431,u_to_v,69,114,1,432,89,19,19,69,114,1,229,431,413,520,203,108,203,19,1,89,89,89,1.0,0.806498599575,1.068910340056,0.128765110083,0.961775542087,1.087989844372,-1.0,-1.0,103,2612,1.246511445714,1,"{""114"": 89}",89,30,19,1,30,22,19,30,1.0,0.900367176542,40,36,36,1.0,1.0,1.0,-0.0,1,0,0,30,0,30,-1.0,-1.0,0,660,570,0,-1230,1230,-1.0,71,41,-30,-0.422535211268,30,1.0,60,19,1,60,52,19,60,1.0,0.927574300449,40,36,36,1.0,1.0,1.0,-0.0,1,0,0,60,0,60,-1.0,-1.0,0,3120,1140,0,-4260,4260,-1.0,131,71,-60,-0.458015267176,60,1.0,120,19,1,89,112,19,85,0.955056179775,0.930924316134,40,36,36,1.0,1.0,1.0,-0.0,1,0,0,85,0,85,-1.0,-1.0,0,9520,1615,0,-11135,11135,-1.0,216,131,-85,-0.393518518519,89,1.0,203,19,1,89,193,19,85,0.955056179775,0.930924316134,40,36,36,0.823834196891,1.0,1.0,-0.0,1,0,0,85,0,85,-1.0,-1.0,0,16405,1615,0,-18020,18020,-1.0,263,178,-85,-0.286195286195,89,1.0,203,19,1,89,193,19,85,0.955056179775,0.930924316134,40,36,36,0.823834196891,1.0,1.0,-0.0,1,0,0,85,0,85,-1.0,-1.0,0,16405,1615,0,-18020,18020,-1.0,263,178,-85,-0.286195286195,89,1.0
MOT17-02-FRCNN,6,65,439,u_to_v,6,65,1,440,161,196,224,6,65,1,1,439,216,600,411,385,411,224,1,161,161,161,1.0,0.625350638905,0.347209891722,0.138620214285,0.151862349309,0.106553215687,-1.0,-1.0,104,2620,0.703339614764,1,"{""65"": 161}",161,30,30,1,30,24,30,25,0.833333333333,0.681735181587,76,10,9,0.916666666667,1.0,0.72,0.707785886568,3,0,6,1,6,1,0.2,0.2,132,468,30,720,354,1350,0.262222222222,53,58,5,0.063291139241,30,1.0,47,60,1,60,37,60,46,0.766666666667,0.735089255284,76,10,9,0.945945945946,0.783333333333,0.391304347826,1.510325702221,6,0,6,1,6,1,0.108695652174,0.108695652174,210,1492,281,2479,916,4462,0.205289108023,83,88,5,0.034965034965,60,1.0,92,120,1,120,82,118,100,0.833333333333,0.7277347771,76,10,9,0.975609756098,0.889830508475,0.37,1.726830091082,7,0,6,19,6,19,-0.13,-0.13,480,7720,2476,9324,-392,20000,-0.0196,204,191,-13,-0.043333333333,120,1.0,272,224,1,161,260,180,141,0.875776397516,0.761967543808,17,10,9,0.665384615385,0.583333333333,0.553191489362,1.444835527225,7,0,0,19,0,19,-0.13475177305,-0.13475177305,522,36138,7845,17535,-25926,62040,-0.417891682785,326,278,-48,-0.082616179002,161,1.0,411,224,1,161,399,180,141,0.875776397516,0.761967543808,17,10,9,0.781954887218,0.583333333333,0.553191489362,1.444835527225,7,0,0,19,0,19,-0.13475177305,-0.13475177305,522,55737,7845,17535,-45525,81639,-0.557637893654,465,417,-48,-0.066666666667,161,1.0
MOT17-02-FRCNN,6,81,439,u_to_v,6,81,1,440,161,130,158,6,81,1,1,439,282,600,411,319,411,158,1,161,161,161,1.0,2.075284714339,0.067930798398,0.0,0.119684842946,0.034415234881,-1.0,-1.0,105,2623,2.107677421721,1,"{""81"": 161}",161,30,30,1,30,24,30,30,1.0,0.758540367036,76,41,18,0.916666666667,0.866666666667,0.866666666667,0.392674467228,2,0,0,4,0,4,-0.133333333333,-0.133333333333,0,720,208,692,-236,1620,-0.145679012346,52,52,0,0.0,30,1.0,47,60,1,60,37,60,56,0.933333333333,0.755851382815,76,41,18,0.945945945946,0.933333333333,0.928571428571,0.257318640544,2,0,0,4,0,4,-0.071428571429,-0.071428571429,0,2072,432,2928,424,5432,0.078055964654,95,108,13,0.084967320261,60,1.0,92,120,1,120,82,117,98,0.816666666667,0.733397294193,76,41,18,0.975609756098,0.940170940171,0.84693877551,0.550938919267,4,0,0,4,0,4,-0.040816326531,-0.040816326531,2,8034,802,10664,1830,19502,0.093836529587,194,193,-1,-0.003367003367,120,1.0,272,158,1,161,260,155,139,0.863354037267,0.761714930152,17,41,18,0.665384615385,0.954838709677,0.597122302158,0.96097089148,4,0,42,4,42,4,0.273381294964,0.273381294964,7266,28874,954,20591,-1971,57685,-0.034168327988,325,363,38,0.068592057762,161,1.0,411,158,1,161,399,155,139,0.863354037267,0.761714930152,17,41,18,0.781954887218,0.954838709677,0.597122302158,0.96097089148,4,0,42,4,42,4,0.273381294964,0.273381294964,13104,42357,954,20591,-9616,77006,-0.124873386489,464,502,38,0.054834054834,161,1.0
MOT17-02-FRCNN,6,94,439,u_to_v,6,94,1,440,5,76,104,6,94,1,1,439,336,444,411,109,411,104,1,5,5,5,1.0,0.199851439112,0.004368839466,0.49179422089,0.004811556997,0.031551420744,-1.0,-1.0,106,2629,0.08163139153,1,"{""94"": 5}",5,30,30,1,5,24,30,5,1.0,0.725932975963,76,17,76,0.916666666667,0.6,1.0,-0.0,1,0,5,0,5,0,1.0,1.0,110,10,20,130,210,270,0.777777777778,40,45,5,0.084745762712,5,1.0,47,60,1,5,37,59,5,1.0,0.725932975963,76,17,76,0.945945945946,0.779661016949,1.0,-0.0,1,0,5,0,5,0,1.0,1.0,175,10,25,270,410,480,0.854166666667,81,86,5,0.049504950495,5,1.0,92,104,1,5,82,103,5,1.0,0.725932975963,76,17,76,0.975609756098,0.873786407767,1.0,-0.0,1,0,5,0,5,0,1.0,1.0,400,10,25,490,855,925,0.924324324324,170,175,5,0.026315789474,5,1.0,272,104,1,5,260,103,5,1.0,0.725932975963,17,17,76,0.665384615385,0.873786407767,1.0,-0.0,1,1,0,0,0,0,0.0,0.0,435,865,25,490,35,1815,0.019283746556,183,182,-1,-0.002717391304,5,1.0,411,104,1,5,399,103,5,1.0,0.725932975963,17,17,76,0.781954887218,0.873786407767,1.0,-0.0,1,1,0,0,0,0,0.0,0.0,435,1560,25,490,-660,2510,-0.262948207171,322,320,-2,-0.003944773176,5,1.0
MOT17-02-FRCNN,112,117,440,v_to_u,117,112,1,441,139,3,3,117,112,1,438,440,404,579,3,176,3,37,1,139,139,139,1.0,0.421895534972,0.161330241593,0.165314524083,0.158659612486,0.188356498519,-1.0,-1.0,107,2666,0.45560107545,1,"{""112"": 139}",139,3,30,1,30,0,30,29,0.966666666667,0.805914531099,-1,54,54,,1.0,1.0,-0.0,1,0,0,29,0,0,0.0,-1.0,0,0,870,0,-870,870,-1.0,59,30,-29,-0.491525423729,30,1.0,3,37,1,60,0,37,59,0.983333333333,0.853013329555,-1,54,54,,1.0,1.0,-0.0,1,0,0,59,0,0,0.0,-1.0,0,0,2183,0,-2183,2183,-1.0,96,59,-37,-0.385416666667,60,1.0,3,37,1,120,0,37,119,0.991666666667,0.868386433391,-1,54,54,,1.0,1.0,-0.0,1,0,0,119,0,0,0.0,-1.0,0,0,4403,0,-4403,4403,-1.0,156,119,-37,-0.237179487179,120,1.0,3,37,1,139,0,37,138,0.992805755396,0.857562205812,-1,54,54,,1.0,0.992753623188,0.042924795023,2,0,0,137,0,0,0.0,-0.992753623188,0,0,5069,37,-5032,5106,-0.985507246377,174,137,-37,-0.211428571429,139,1.0,3,37,1,139,0,37,138,0.992805755396,0.857562205812,-1,54,54,,1.0,0.992753623188,0.042924795023,2,0,0,137,0,0,0.0,-0.992753623188,0,0,5069,37,-5032,5106,-0.985507246377,174,137,-37,-0.211428571429,139,1.0
MOT17-02-FRCNN,38,79,444,u_to_v,38,79,1,445,156,174,174,38,79,1,112,444,271,600,333,330,333,174,1,156,156,156,1.0,0.605552337957,0.209551006103,0.032727513429,0.093343825664,0.127448682142,-1.0,-1.0,108,2679,0.671837461906,1,"{""79"": 156}",156,30,30,1,30,26,30,30,1.0,0.797925180556,58,61,61,1.0,0.533333333333,0.533333333333,0.690923309314,2,0,0,16,0,16,-0.533333333333,-0.533333333333,0,780,410,490,-700,1680,-0.416666666667,58,42,-16,-0.186046511628,30,1.0,60,60,1,60,56,60,60,1.0,0.827277460294,58,60,61,1.0,0.55,0.666666666667,0.636514168295,2,0,0,0,0,0,0.0,0.0,0,3360,860,2740,-1480,6960,-0.212643678161,112,89,-23,-0.130681818182,60,1.0,120,120,1,120,116,120,120,1.0,0.816255340052,58,60,61,0.870689655172,0.775,0.816666666667,0.532260469933,3,0,0,2,0,2,-0.016666666667,-0.016666666667,0,13920,1974,12426,-3468,28320,-0.122457627119,215,194,-21,-0.058988764045,120,1.0,300,174,1,156,296,174,154,0.987179487179,0.803353809256,59,60,61,0.608108108108,0.844827586207,0.850649350649,0.479411487632,3,0,0,3,0,3,-0.019480519481,-0.019480519481,0,45584,2757,24039,-24302,72380,-0.335755733628,330,327,-3,-0.004807692308,156,1.0,333,174,1,156,329,174,154,0.987179487179,0.803353809256,59,60,61,0.644376899696,0.844827586207,0.850649350649,0.479411487632,3,0,0,3,0,3,-0.019480519481,-0.019480519481,0,50666,2757,24039,-29384,77462,-0.379334383311,362,359,-3,-0.004566210046,156,1.0
MOT17-02-FRCNN,1,48,445,v_to_u,48,1,1,446,133,284,303,48,1,1,143,445,1,578,303,559,303,426,1,133,133,133,1.0,0.731880604599,0.093854127163,0.0,0.267531994025,0.074094906132,-1.0,-1.0,109,2725,0.789506826406,1,"{""1"": 133}",133,30,30,1,30,30,30,30,1.0,0.909672889274,23,3,3,1.0,1.0,1.0,-0.0,1,0,0,30,0,30,-1.0,-1.0,0,900,900,0,-1800,1800,-1.0,90,60,-30,-0.333333333333,30,1.0,60,60,1,60,60,60,60,1.0,0.911285294279,23,3,3,1.0,1.0,1.0,-0.0,1,0,0,60,0,60,-1.0,-1.0,0,3600,3600,0,-7200,7200,-1.0,180,120,-60,-0.333333333333,60,1.0,120,111,1,120,120,111,120,1.0,0.913675345882,23,3,3,1.0,1.0,1.0,-0.0,1,0,0,120,0,120,-1.0,-1.0,0,14400,13320,0,-27720,27720,-1.0,351,231,-120,-0.34188034188,120,1.0,300,281,1,133,300,281,130,0.977443609023,0.908826689593,23,3,3,1.0,1.0,1.0,-0.0,1,0,0,130,0,130,-1.0,-1.0,0,39000,36530,0,-75530,75530,-1.0,711,581,-130,-0.182841068917,133,1.0,303,426,1,133,301,426,130,0.977443609023,0.908826689593,23,3,3,1.0,1.0,1.0,-0.0,1,0,0,130,0,130,-1.0,-1.0,0,39130,55380,0,-94510,94510,-1.0,857,727,-130,-0.151691948658,133,1.0
MOT17-02-FRCNN,3,82,445,u_to_v,3,82,1,446,113,163,163,3,82,1,1,445,283,558,445,276,445,163,1,113,113,113,1.0,1.773366808059,2.375994984448,0.010808818333,2.362696987276,2.164695978432,-1.0,-1.0,110,2731,2.817402646158,1,"{""82"": 113}",113,30,30,1,30,28,30,30,1.0,0.806635435765,19,67,41,1.0,1.0,0.8,0.627705257197,3,0,0,4,0,4,-0.133333333333,-0.133333333333,0,840,120,780,-180,1740,-0.103448275862,62,58,-4,-0.045454545455,30,1.0,60,60,1,60,58,54,60,1.0,0.797528004223,19,67,17,1.0,1.0,0.45,1.11345699027,4,0,0,4,0,4,-0.066666666667,-0.066666666667,0,3480,216,3024,-672,6720,-0.1,116,112,-4,-0.023255813953,60,1.0,120,120,1,113,118,82,113,1.0,0.835387371996,19,67,17,1.0,0.658536585366,0.70796460177,0.829796759341,4,0,0,4,0,4,-0.035398230088,-0.035398230088,0,13334,216,9050,-4500,22600,-0.199115044248,198,172,-26,-0.083067092652,113,1.0,300,163,1,113,298,125,113,1.0,0.835387371996,19,15,17,1.0,0.52,0.70796460177,0.829796759341,4,0,0,0,0,0,0.0,0.0,0,33674,216,13909,-19981,47799,-0.418021297517,378,363,-15,-0.027985074627,113,1.0,445,163,1,113,443,125,113,1.0,0.835387371996,19,15,17,1.0,0.52,0.70796460177,0.829796759341,4,0,0,0,0,0,0.0,0.0,0,50059,216,13909,-36366,64184,-0.566589804313,523,508,-15,-0.022026431718,113,1.0
MOT17-02-FRCNN,3,116,445,u_to_v,3,116,1,446,43,15,15,3,116,1,1,445,431,488,445,58,445,15,1,43,43,43,1.0,0.21166598948,0.258872091799,0.584380537949,0.147250687597,0.274746179647,-1.0,-1.0,111,2747,0.172488564667,1,"{""116"": 43}",43,30,15,1,30,28,15,30,1.0,0.892398523086,19,16,16,1.0,1.0,1.0,-0.0,1,0,0,30,0,30,-1.0,-1.0,0,840,450,0,-1290,1290,-1.0,73,43,-30,-0.41095890411,30,1.0,60,15,1,43,58,15,42,0.976744186047,0.87554888149,19,16,16,1.0,1.0,1.0,-0.0,1,0,0,42,0,42,-1.0,-1.0,0,2436,630,0,-3066,3066,-1.0,115,73,-42,-0.365217391304,43,1.0,120,15,1,43,118,15,42,0.976744186047,0.87554888149,19,16,16,1.0,1.0,1.0,-0.0,1,0,0,42,0,42,-1.0,-1.0,0,4956,630,0,-5586,5586,-1.0,175,133,-42,-0.24,43,1.0,300,15,1,43,298,15,42,0.976744186047,0.87554888149,19,16,16,1.0,1.0,1.0,-0.0,1,0,0,42,0,42,-1.0,-1.0,0,12516,630,0,-13146,13146,-1.0,355,313,-42,-0.118309859155,43,1.0,445,15,1,43,443,15,42,0.976744186047,0.87554888149,19,16,16,1.0,1.0,1.0,-0.0,1,0,0,42,0,42,-1.0,-1.0,0,18606,630,0,-19236,19236,-1.0,500,458,-42,-0.084,43,1.0
MOT17-02-FRCNN,119,121,447,v_to_u,121,119,1,448,102,1,1,121,119,1,447,447,444,549,1,106,1,4,1,102,102,102,1.0,0.120125363308,0.114555574564,0.702710275194,0.020662900607,0.120544795189,-1.0,-1.0,112,2798,-0.01279254227,1,"{""119"": 102}",102,1,4,1,30,1,3,30,1.0,0.891338718357,19,19,19,1.0,1.0,1.0,-0.0,1,1,30,30,0,0,0.0,0.0,30,0,90,0,-60,120,-0.5,33,31,-2,-0.058823529412,30,1.0,1,4,1,60,1,3,60,1.0,0.898492135608,19,19,19,1.0,1.0,1.0,-0.0,1,1,60,60,0,0,0.0,0.0,60,0,180,0,-120,240,-0.5,63,61,-2,-0.03125,60,1.0,1,4,1,102,1,3,102,1.0,0.894272607529,19,19,19,1.0,1.0,1.0,-0.0,1,1,102,102,0,0,0.0,0.0,102,0,306,0,-204,408,-0.5,105,103,-2,-0.018867924528,102,1.0,1,4,1,102,1,3,102,1.0,0.894272607529,19,19,19,1.0,1.0,1.0,-0.0,1,1,102,102,0,0,0.0,0.0,102,0,306,0,-204,408,-0.5,105,103,-2,-0.018867924528,102,1.0,1,4,1,102,1,3,102,1.0,0.894272607529,19,19,19,1.0,1.0,1.0,-0.0,1,1,102,102,0,0,0.0,0.0,102,0,306,0,-204,408,-0.5,105,103,-2,-0.018867924528,102,1.0
MOT17-02-FRCNN,79,118,449,v_to_u,118,79,1,450,151,8,8,118,79,1,442,449,271,600,8,330,8,179,1,151,151,151,1.0,0.273892237843,0.19209691917,0.439337955379,0.103011718336,0.136988542425,-1.0,-1.0,113,2810,0.236082004867,1,"{""79"": 151}",151,8,30,1,30,8,30,30,1.0,0.793294514029,60,57,61,1.0,0.533333333333,0.6,0.673011667009,2,0,0,12,0,12,-0.4,-0.4,0,240,426,474,-192,1140,-0.168421052632,39,34,-5,-0.073529411765,30,1.0,8,60,1,60,8,60,60,1.0,0.829954246056,60,60,61,1.0,0.466666666667,0.75,0.562335144619,2,1,0,0,0,0,0.0,0.0,0,480,960,2640,1200,4080,0.294117647059,69,73,4,0.03125,60,1.0,8,120,1,120,8,120,120,1.0,0.810651712101,60,60,61,1.0,0.733333333333,0.858333333333,0.459290633071,3,1,2,2,0,0,0.0,0.0,16,944,2064,12336,9344,15360,0.608333333333,127,191,64,0.258064516129,120,1.0,8,179,1,151,8,179,149,0.986754966887,0.800292601583,60,60,61,1.0,0.821229050279,0.879194630872,0.422956780966,3,1,3,3,0,0,0.0,0.0,24,1168,2777,23894,19973,27863,0.716828769336,155,278,123,0.366071428571,151,1.0,8,179,1,151,8,179,149,0.986754966887,0.800292601583,60,60,61,1.0,0.821229050279,0.879194630872,0.422956780966,3,1,3,3,0,0,0.0,0.0,24,1168,2777,23894,19973,27863,0.716828769336,155,278,123,0.366071428571,151,1.0
MOT17-02-FRCNN,81,99,449,v_to_u,99,81,1,450,151,89,89,99,81,1,361,449,282,600,89,319,89,168,1,151,151,151,1.0,0.501334258852,0.078490115917,0.078958275259,0.05908891637,0.102535099354,-1.0,-1.0,114,2811,0.517379620589,1,"{""81"": 151}",151,30,30,1,30,27,30,30,1.0,0.804448312671,42,41,18,1.0,0.666666666667,1.0,-0.0,1,0,0,0,0,0,0.0,0.0,0,810,300,600,-510,1710,-0.298245614035,67,50,-17,-0.195402298851,30,1.0,60,60,1,60,56,60,50,0.833333333333,0.742039340218,42,41,18,0.946428571429,0.833333333333,1.0,-0.0,1,0,0,0,0,0,0.0,0.0,0,2800,500,2500,-800,5800,-0.137931034483,113,103,-10,-0.060240963855,60,1.0,89,120,1,120,85,117,98,0.816666666667,0.749232243011,42,41,18,0.623529411765,0.888888888889,0.785714285714,0.667868331594,3,0,0,0,0,0,0.0,0.0,290,8040,800,10666,2116,19796,0.106890280865,157,181,24,0.08,120,1.0,89,168,1,151,85,165,129,0.854304635762,0.764537687238,42,41,18,0.623529411765,0.921212121212,0.596899224806,0.871587657225,3,0,0,0,0,0,0.0,0.0,290,10675,800,20485,9300,32250,0.288372093023,205,229,24,0.063324538259,151,1.0,89,168,1,151,85,165,129,0.854304635762,0.764537687238,42,41,18,0.623529411765,0.921212121212,0.596899224806,0.871587657225,3,0,0,0,0,0,0.0,0.0,290,10675,800,20485,9300,32250,0.288372093023,205,229,24,0.063324538259,151,1.0
MOT17-02-FRCNN,82,99,449,v_to_u,99,82,1,450,109,89,89,99,82,1,361,449,283,558,89,276,89,167,1,109,109,109,1.0,0.895528907648,0.085648979505,0.0,0.023468272561,0.042762966757,-1.0,-1.0,115,2813,0.923564276456,1,"{""82"": 109}",109,30,30,1,30,27,30,30,1.0,0.804418087085,42,67,41,1.0,1.0,0.8,0.63903185965,3,0,3,0,3,0,0.1,0.1,81,729,0,900,252,1710,0.147368421053,57,60,3,0.034482758621,30,1.0,60,60,1,60,56,58,60,1.0,0.798456717467,42,67,17,0.946428571429,1.0,0.516666666667,0.914776481729,3,0,5,0,5,0,0.083333333333,0.083333333333,265,3095,0,3480,650,6840,0.095029239766,111,116,5,0.028735632184,60,1.0,89,120,1,109,85,82,109,1.0,0.837821156743,42,67,17,0.623529411765,0.707317073171,0.733944954128,0.701599145858,3,0,5,0,5,0,0.045871559633,0.045871559633,337,8928,0,8938,347,18203,0.019062791847,133,138,5,0.018115942029,109,1.0,89,167,1,109,85,129,109,1.0,0.837821156743,42,15,17,0.623529411765,0.503875968992,0.733944954128,0.701599145858,3,0,5,0,5,0,0.045871559633,0.045871559633,337,8928,0,14061,5470,23326,0.234502272143,133,145,12,0.037151702786,109,1.0,89,167,1,109,85,129,109,1.0,0.837821156743,42,15,17,0.623529411765,0.503875968992,0.733944954128,0.701599145858,3,0,5,0,5,0,0.045871559633,0.045871559633,337,8928,0,14061,5470,23326,0.234502272143,133,145,12,0.037151702786,109,1.0
MOT17-02-FRCNN,89,125,451,v_to_u,125,89,1,452,149,1,1,125,89,1,451,451,306,600,1,295,1,146,1,149,149,149,1.0,0.206044254172,0.141570615891,0.431679218299,0.257544978032,0.190351931787,-1.0,-1.0,116,2861,0.178306794551,1,"{""89"": 149}",149,1,30,1,30,0,30,30,1.0,0.796951096148,-1,44,44,,1.0,1.0,-0.0,1,0,0,30,0,0,0.0,-1.0,0,0,900,0,-900,900,-1.0,60,30,-30,-0.5,30,1.0,1,60,1,60,0,60,59,0.983333333333,0.807423360651,-1,44,44,,1.0,0.779661016949,0.527336666185,2,0,0,46,0,0,0.0,-0.779661016949,0,0,2760,780,-1980,3540,-0.559322033898,106,73,-33,-0.27731092437,60,1.0,1,120,1,120,0,119,119,0.991666666667,0.868332087386,-1,44,38,,1.0,0.613445378151,0.667181951579,2,0,0,46,0,0,0.0,-0.386554621849,0,0,5474,8687,3213,14161,0.226890756303,165,192,27,0.113445378151,120,1.0,1,146,1,149,0,145,148,0.993288590604,0.879153716229,-1,44,38,,1.0,0.689189189189,0.619747873808,2,0,0,46,0,0,0.0,-0.310810810811,0,0,6670,14790,8120,21460,0.378378378378,191,247,56,0.191126279863,149,1.0,1,146,1,149,0,145,148,0.993288590604,0.879153716229,-1,44,38,,1.0,0.689189189189,0.619747873808,2,0,0,46,0,0,0.0,-0.310810810811,0,0,6670,14790,8120,21460,0.378378378378,191,247,56,0.191126279863,149,1.0
MOT17-02-FRCNN,87,93,452,u_to_v,87,93,1,453,148,117,117,87,93,1,305,452,336,600,148,265,148,117,1,148,148,148,1.0,0.308702248261,0.390410979405,0.372652853608,0.560566749042,0.426541231034,-1.0,-1.0,117,2889,0.411852577718,1,"{""93"": 148}",148,30,30,1,30,28,30,30,1.0,0.869274721587,32,33,32,1.0,1.0,0.6,0.673011667009,2,0,18,12,18,12,0.2,0.2,504,336,360,540,348,1740,0.2,70,76,6,0.068181818182,30,1.0,60,60,1,60,58,60,60,1.0,0.898649678607,32,33,32,1.0,1.0,0.8,0.500402423538,2,0,48,12,48,12,0.6,0.6,2784,696,720,2880,4248,7080,0.6,130,166,36,0.202247191011,60,1.0,120,117,1,120,118,117,120,1.0,0.921628801805,32,33,32,1.0,1.0,0.9,0.325082973391,2,0,108,12,108,12,0.8,0.8,12744,1416,1404,12636,22560,28200,0.8,247,343,96,0.270422535211,120,1.0,148,117,1,148,146,117,148,1.0,0.922884502528,32,33,32,1.0,1.0,0.918918918919,0.281401839591,2,0,136,12,136,12,0.837837837838,0.837837837838,19856,1752,1404,15912,32612,38924,0.837837837838,275,399,124,0.301703163017,148,1.0,148,117,1,148,146,117,148,1.0,0.922884502528,32,33,32,1.0,1.0,0.918918918919,0.281401839591,2,0,136,12,136,12,0.837837837838,0.837837837838,19856,1752,1404,15912,32612,38924,0.837837837838,275,399,124,0.301703163017,148,1.0
MOT17-02-FRCNN,87,120,452,u_to_v,87,120,1,453,142,7,7,87,120,1,305,452,446,594,148,149,148,7,1,142,142,142,1.0,1.136962202087,0.321860916072,0.0,0.109457023925,0.311946297067,-1.0,-1.0,118,2902,1.259567763204,1,"{""120"": 142}",142,30,7,1,30,28,7,30,1.0,0.953108814294,32,23,23,1.0,1.0,1.0,-0.0,1,0,0,30,0,30,-1.0,-1.0,0,840,210,0,-1050,1050,-1.0,65,35,-30,-0.461538461538,30,1.0,60,7,1,60,58,7,60,1.0,0.951531066648,32,23,23,1.0,1.0,1.0,-0.0,1,0,0,60,0,60,-1.0,-1.0,0,3480,420,0,-3900,3900,-1.0,125,65,-60,-0.48,60,1.0,120,7,1,120,118,7,120,1.0,0.956046143278,32,23,23,1.0,1.0,1.0,-0.0,1,0,0,120,0,120,-1.0,-1.0,0,14160,840,0,-15000,15000,-1.0,245,125,-120,-0.489795918367,120,1.0,148,7,1,142,146,7,134,0.943661971831,0.953609385492,32,23,23,1.0,1.0,1.0,-0.0,1,0,0,134,0,134,-1.0,-1.0,0,19564,938,0,-20502,20502,-1.0,287,153,-134,-0.466898954704,142,1.0,148,7,1,142,146,7,134,0.943661971831,0.953609385492,32,23,23,1.0,1.0,1.0,-0.0,1,0,0,134,0,134,-1.0,-1.0,0,19564,938,0,-20502,20502,-1.0,287,153,-134,-0.466898954704,142,1.0
MOT17-02-FRCNN,91,106,453,v_to_u,106,91,1,454,9,71,71,106,91,1,383,453,330,462,71,133,71,124,1,9,9,9,1.0,0.513976557623,0.121541444436,0.077546552028,0.084137869943,0.107785259539,-1.0,-1.0,119,2914,0.544167593673,1,"{""91"": 9}",9,30,30,1,9,29,30,8,0.888888888889,0.606176512619,49,48,48,0.896551724138,1.0,1.0,-0.0,1,0,0,8,0,8,-1.0,-1.0,0,232,240,0,-472,472,-1.0,64,56,-8,-0.119402985075,9,1.0,60,60,1,9,56,60,8,0.888888888889,0.606176512619,49,48,48,0.946428571429,1.0,1.0,-0.0,1,0,0,8,0,8,-1.0,-1.0,0,448,480,0,-928,928,-1.0,121,113,-8,-0.064516129032,9,1.0,71,120,1,9,67,119,8,0.888888888889,0.606176512619,49,48,48,0.955223880597,0.705882352941,1.0,-0.0,1,0,0,8,0,8,-1.0,-1.0,0,536,672,280,-928,1488,-0.623655913978,156,148,-8,-0.041237113402,9,1.0,71,124,1,9,67,123,8,0.888888888889,0.606176512619,49,48,48,0.955223880597,0.682926829268,1.0,-0.0,1,0,0,8,0,8,-1.0,-1.0,0,536,672,312,-896,1520,-0.589473684211,156,148,-8,-0.040404040404,9,1.0,71,124,1,9,67,123,8,0.888888888889,0.606176512619,49,48,48,0.955223880597,0.682926829268,1.0,-0.0,1,0,0,8,0,8,-1.0,-1.0,0,536,672,312,-896,1520,-0.589473684211,156,148,-8,-0.040404040404,9,1.0
MOT17-02-FRCNN,105,106,453,v_to_u,106,105,1,454,147,71,71,106,105,1,383,453,373,600,71,228,71,81,1,147,147,147,1.0,1.109683170005,1.476850362487,0.043309092364,1.625623645875,1.513769034823,-1.0,-1.0,120,2920,1.782007755605,1,"{""105"": 147}",147,30,30,1,30,29,30,30,1.0,0.891636755663,49,35,35,0.896551724138,1.0,1.0,-0.0,1,0,0,30,0,30,-1.0,-1.0,0,870,900,0,-1770,1770,-1.0,86,56,-30,-0.337078651685,30,1.0,60,60,1,60,56,60,60,1.0,0.919983812557,49,35,35,0.946428571429,1.0,1.0,-0.0,1,0,0,60,0,60,-1.0,-1.0,0,3360,3600,0,-6960,6960,-1.0,173,113,-60,-0.340909090909,60,1.0,71,81,1,120,67,81,120,1.0,0.929471058562,49,35,35,0.955223880597,1.0,1.0,-0.0,1,0,0,120,0,120,-1.0,-1.0,0,8040,9720,0,-17760,17760,-1.0,265,145,-120,-0.44776119403,120,1.0,71,81,1,147,67,81,147,1.0,0.928264004272,49,35,35,0.955223880597,1.0,1.0,-0.0,1,0,0,147,0,147,-1.0,-1.0,0,9849,11907,0,-21756,21756,-1.0,292,147,-145,-0.491525423729,147,1.0,71,81,1,147,67,81,147,1.0,0.928264004272,49,35,35,0.955223880597,1.0,1.0,-0.0,1,0,0,147,0,147,-1.0,-1.0,0,9849,11907,0,-21756,21756,-1.0,292,147,-145,-0.491525423729,147,1.0
MOT17-02-FRCNN,97,129,457,v_to_u,129,97,1,458,143,1,1,129,97,1,457,457,352,600,1,249,1,106,1,143,143,143,1.0,0.106127815805,0.004896177387,0.707320883391,0.046667547596,0.014822538314,-1.0,-1.0,121,2943,-0.063329352105,1,"{""97"": 143}",143,1,30,1,30,0,30,30,1.0,0.899370581134,-1,34,34,,1.0,1.0,-0.0,1,0,0,30,0,0,0.0,-1.0,0,0,900,0,-900,900,-1.0,60,30,-30,-0.5,30,1.0,1,60,1,60,0,60,60,1.0,0.885292016748,-1,34,34,,1.0,1.0,-0.0,1,0,0,60,0,0,0.0,-1.0,0,0,3600,0,-3600,3600,-1.0,120,60,-60,-0.5,60,1.0,1,106,1,120,0,105,120,1.0,0.901028069575,-1,34,34,,1.0,1.0,-0.0,1,0,0,120,0,0,0.0,-1.0,0,0,12600,0,-12600,12600,-1.0,225,120,-105,-0.466666666667,120,1.0,1,106,1,143,0,105,143,1.0,0.905984818253,-1,34,34,,1.0,1.0,-0.0,1,0,0,143,0,0,0.0,-1.0,0,0,15015,0,-15015,15015,-1.0,248,143,-105,-0.423387096774,143,1.0,1,106,1,143,0,105,143,1.0,0.905984818253,-1,34,34,,1.0,1.0,-0.0,1,0,0,143,0,0,0.0,-1.0,0,0,15015,0,-15015,15015,-1.0,248,143,-105,-0.423387096774,143,1.0
MOT17-02-FRCNN,65,130,459,v_to_u,130,65,1,460,141,1,1,130,65,1,459,459,216,600,1,385,1,244,1,141,141,141,1.0,0.182481516774,0.186764537652,0.661315617076,0.18572603828,0.18342150459,-1.0,-1.0,122,2962,0.100758501205,1,"{""65"": 141}",141,1,30,1,30,1,29,18,0.6,0.827134535382,9,9,77,1.0,0.620689655172,0.666666666667,0.636514168295,2,1,0,0,0,0,0.0,0.0,0,18,0,522,504,540,0.933333333333,18,30,12,0.25,30,1.0,1,60,1,60,1,59,43,0.716666666667,0.767412424326,9,10,42,1.0,0.576271186441,0.279069767442,1.557473504786,5,0,0,0,0,0,0.0,0.0,0,43,0,2537,2494,2580,0.966666666667,35,46,11,0.106796116505,60,1.0,1,120,1,120,1,119,101,0.841666666667,0.762830452235,9,10,9,1.0,0.739495798319,0.386138613861,1.712236339022,7,0,39,18,39,18,0.207920792079,0.207920792079,39,62,2793,9226,6410,12120,0.528877887789,107,128,21,0.095022624434,120,1.0,1,244,1,141,1,199,122,0.86524822695,0.781709727519,9,10,9,1.0,0.532663316583,0.491803278689,1.558340130848,7,0,60,18,60,18,0.344262295082,0.344262295082,60,62,7488,16790,9300,24400,0.381147540984,153,167,14,0.04347826087,141,1.0,1,244,1,141,1,199,122,0.86524822695,0.781709727519,9,10,9,1.0,0.532663316583,0.491803278689,1.558340130848,7,0,60,18,60,18,0.344262295082,0.344262295082,60,62,7488,16790,9300,24400,0.381147540984,153,167,14,0.04347826087,141,1.0
MOT17-02-FRCNN,73,133,463,v_to_u,133,73,1,464,137,1,1,133,73,1,463,463,250,600,1,351,1,214,1,137,137,137,1.0,1.442020002442,0.206144725502,0.0,0.195151683364,0.233446474241,-1.0,-1.0,123,3020,1.536415999578,1,"{""73"": 137}",137,1,30,1,30,1,30,30,1.0,0.84481817951,48,43,43,1.0,1.0,1.0,-0.0,1,0,0,30,0,30,-1.0,-1.0,0,30,900,0,-930,930,-1.0,61,31,-30,-0.491803278689,30,1.0,1,60,1,60,1,60,60,1.0,0.850373955173,48,43,43,1.0,1.0,1.0,-0.0,1,0,0,60,0,60,-1.0,-1.0,0,60,3600,0,-3660,3660,-1.0,121,61,-60,-0.495867768595,60,1.0,1,120,1,120,1,120,120,1.0,0.857115280566,48,43,43,1.0,1.0,1.0,-0.0,1,0,0,120,0,120,-1.0,-1.0,0,120,14400,0,-14520,14520,-1.0,241,121,-120,-0.497925311203,120,1.0,1,214,1,137,1,214,137,1.0,0.860214454373,48,43,43,1.0,1.0,1.0,-0.0,1,0,0,137,0,137,-1.0,-1.0,0,137,29318,0,-29455,29455,-1.0,352,215,-137,-0.389204545455,137,1.0,1,214,1,137,1,214,137,1.0,0.860214454373,48,43,43,1.0,1.0,1.0,-0.0,1,0,0,137,0,137,-1.0,-1.0,0,137,29318,0,-29455,29455,-1.0,352,215,-137,-0.389204545455,137,1.0
MOT17-02-FRCNN,98,101,464,v_to_u,101,98,1,465,136,103,103,101,98,1,362,464,358,600,103,243,103,107,1,136,136,136,1.0,0.146175104344,0.062260710255,0.597091989879,0.045130203338,0.047394766557,-1.0,-1.0,124,3057,0.021719781428,1,"{""98"": 136}",136,30,30,1,30,27,30,30,1.0,0.886651026149,31,29,29,0.925925925926,0.866666666667,0.966666666667,0.146144746009,2,0,0,29,0,29,-0.966666666667,-0.966666666667,30,780,755,145,-1360,1710,-0.795321637427,80,51,-29,-0.333333333333,30,1.0,60,60,1,60,57,55,60,1.0,0.920672741228,31,29,29,0.543859649123,0.545454545455,0.983333333333,0.084766075715,2,0,0,59,0,59,-0.983333333333,-0.983333333333,258,3162,1771,1529,-3146,6720,-0.468154761905,120,82,-38,-0.220930232558,60,1.0,103,107,1,120,100,102,120,1.0,0.933951464121,29,26,29,0.37,0.647058823529,0.991666666667,0.04819427878,2,0,119,0,119,0,0.991666666667,0.991666666667,4432,7568,3571,8669,1962,24240,0.080940594059,183,222,39,0.121118012422,120,1.0,103,107,1,136,100,102,136,1.0,0.931551947134,29,26,29,0.37,0.647058823529,0.992647058824,0.043448304198,2,0,135,0,135,0,0.992647058824,0.992647058824,5024,8576,4051,9821,2218,27472,0.080736750146,199,238,39,0.115384615385,136,1.0,103,107,1,136,100,102,136,1.0,0.931551947134,29,26,29,0.37,0.647058823529,0.992647058824,0.043448304198,2,0,135,0,135,0,0.992647058824,0.992647058824,5024,8576,4051,9821,2218,27472,0.080736750146,199,238,39,0.115384615385,136,1.0
MOT17-02-FRCNN,101,112,464,u_to_v,101,112,1,465,115,61,61,101,112,1,362,464,404,579,103,176,103,61,1,115,115,115,1.0,1.176158153109,0.166872883829,0.0,0.177381398542,0.18300348249,-1.0,-1.0,125,3060,1.25391486217,1,"{""112"": 115}",115,30,30,1,30,27,29,30,1.0,0.888484588353,31,54,54,0.925925925926,1.0,1.0,-0.0,1,0,0,30,0,30,-1.0,-1.0,0,810,870,0,-1680,1680,-1.0,84,54,-30,-0.348837209302,30,1.0,60,60,1,60,57,59,60,1.0,0.887369100535,31,54,54,0.543859649123,1.0,1.0,-0.0,1,0,0,60,0,60,-1.0,-1.0,0,3420,3540,0,-6960,6960,-1.0,150,90,-60,-0.340909090909,60,1.0,103,61,1,115,100,60,115,1.0,0.871037642017,29,54,54,0.37,1.0,0.991304347826,0.049918014303,2,0,0,114,0,114,-0.991304347826,-0.991304347826,34,11466,6840,60,-18212,18400,-0.989782608696,211,114,-97,-0.352727272727,115,1.0,103,61,1,115,100,60,115,1.0,0.871037642017,29,54,54,0.37,1.0,0.991304347826,0.049918014303,2,0,0,114,0,114,-0.991304347826,-0.991304347826,34,11466,6840,60,-18212,18400,-0.989782608696,211,114,-97,-0.352727272727,115,1.0,103,61,1,115,100,60,115,1.0,0.871037642017,29,54,54,0.37,1.0,0.991304347826,0.049918014303,2,0,0,114,0,114,-0.991304347826,-0.991304347826,34,11466,6840,60,-18212,18400,-0.989782608696,211,114,-97,-0.352727272727,115,1.0
MOT17-02-FRCNN,24,115,465,v_to_u,115,24,1,466,135,43,43,115,24,1,423,465,30,600,43,571,43,436,1,135,135,135,1.0,0.396964327135,0.083232570884,0.209356740341,0.010164993007,0.086704428439,-1.0,-1.0,126,3075,0.375120226916,1,"{""24"": 135}",135,30,30,1,30,29,30,30,1.0,0.869420009521,26,27,31,1.0,0.833333333333,1.0,-0.0,1,0,0,0,0,0,0.0,0.0,0,870,60,840,-90,1770,-0.050847457627,61,55,-6,-0.067415730337,30,1.0,43,60,1,60,41,60,60,1.0,0.863772559879,26,27,31,1.0,0.916666666667,0.983333333333,0.084766075715,2,0,0,1,0,1,-0.016666666667,-0.016666666667,0,2460,173,3427,794,6060,0.13102310231,102,114,12,0.074534161491,60,1.0,43,120,1,120,41,119,120,1.0,0.870797388769,26,27,31,1.0,0.957983193277,0.975,0.116906849138,2,0,0,3,0,3,-0.025,-0.025,0,4920,576,13704,8208,19200,0.4275,160,231,71,0.253571428571,120,1.0,43,300,1,135,41,299,135,1.0,0.869655389639,26,27,31,1.0,0.983277591973,0.977777777778,0.106565958828,2,0,0,3,0,3,-0.022222222222,-0.022222222222,0,5535,1146,39219,32538,45900,0.708888888889,338,426,88,0.185263157895,135,1.0,43,436,1,135,41,434,135,1.0,0.869655389639,26,27,31,1.0,0.986175115207,0.977777777778,0.106565958828,2,0,0,3,0,3,-0.022222222222,-0.022222222222,0,5535,1548,57042,49959,64125,0.779087719298,472,560,88,0.144262295082,135,1.0
MOT17-02-FRCNN,127,131,472,u_to_v,127,131,1,473,128,11,11,127,131,1,455,472,462,600,18,139,18,11,1,128,128,128,1.0,0.418582457351,0.229312656505,0.198612497494,0.243758711478,0.227718607684,-1.0,-1.0,127,3125,0.47340522902,1,"{""131"": 128}",128,18,11,1,30,8,11,30,1.0,0.929348956651,49,49,49,0.5,1.0,1.0,-0.0,1,1,30,30,0,0,0.0,0.0,120,120,330,0,-330,570,-0.578947368421,45,34,-11,-0.224489795918,30,1.0,18,11,1,60,8,11,60,1.0,0.930235312478,49,49,49,0.5,1.0,1.0,-0.0,1,1,60,60,0,0,0.0,0.0,240,240,660,0,-660,1140,-0.578947368421,75,64,-11,-0.139240506329,60,1.0,18,11,1,120,8,11,120,1.0,0.921735268966,49,49,49,0.5,1.0,1.0,-0.0,1,1,120,120,0,0,0.0,0.0,480,480,1320,0,-1320,2280,-0.578947368421,135,124,-11,-0.079136690647,120,1.0,18,11,1,128,8,11,128,1.0,0.923376969404,49,49,49,0.5,1.0,1.0,-0.0,1,1,128,128,0,0,0.0,0.0,512,512,1408,0,-1408,2432,-0.578947368421,143,132,-11,-0.074829931973,128,1.0,18,11,1,128,8,11,128,1.0,0.923376969404,49,49,49,0.5,1.0,1.0,-0.0,1,1,128,128,0,0,0.0,0.0,512,512,1408,0,-1408,2432,-0.578947368421,143,132,-11,-0.074829931973,128,1.0
MOT17-02-FRCNN,105,116,488,v_to_u,116,105,1,489,112,58,58,116,105,1,431,488,373,600,58,228,58,116,1,112,112,112,1.0,2.81498766931,1.274084838574,0.0,1.088599280315,1.19502624832,-1.0,-1.0,128,3141,3.361871431817,1,"{""105"": 112}",112,30,30,1,30,29,30,30,1.0,0.948897638856,16,35,35,1.0,1.0,1.0,-0.0,1,0,0,30,0,30,-1.0,-1.0,0,870,900,0,-1770,1770,-1.0,89,59,-30,-0.337078651685,30,1.0,58,60,1,60,57,60,60,1.0,0.943638903738,16,35,35,1.0,1.0,1.0,-0.0,1,0,0,60,0,60,-1.0,-1.0,0,3420,3600,0,-7020,7020,-1.0,177,117,-60,-0.338983050847,60,1.0,58,116,1,112,57,116,112,1.0,0.936863165826,16,35,35,1.0,1.0,1.0,-0.0,1,0,0,112,0,112,-1.0,-1.0,0,6384,12992,0,-19376,19376,-1.0,285,173,-112,-0.39298245614,112,1.0,58,116,1,112,57,116,112,1.0,0.936863165826,16,35,35,1.0,1.0,1.0,-0.0,1,0,0,112,0,112,-1.0,-1.0,0,6384,12992,0,-19376,19376,-1.0,285,173,-112,-0.39298245614,112,1.0,58,116,1,112,57,116,112,1.0,0.936863165826,16,35,35,1.0,1.0,1.0,-0.0,1,0,0,112,0,112,-1.0,-1.0,0,6384,12992,0,-19376,19376,-1.0,285,173,-112,-0.39298245614,112,1.0
MOT17-02-FRCNN,89,95,496,v_to_u,95,89,1,497,104,150,150,95,89,1,347,496,306,600,150,295,150,191,1,104,104,104,1.0,0.104682308018,0.101257438995,0.704994884018,0.088040454598,0.112633274987,-1.0,-1.0,129,3165,-0.026184680279,1,"{""89"": 104}",104,30,30,1,30,30,29,30,1.0,0.874469132502,38,44,38,1.0,1.0,0.933333333333,0.244930026795,2,0,28,2,28,2,0.866666666667,0.866666666667,840,60,58,812,1534,1770,0.866666666667,61,87,26,0.292134831461,30,1.0,60,60,1,60,60,59,60,1.0,0.903675090246,38,44,38,1.0,1.0,0.966666666667,0.146144746009,2,0,58,2,58,2,0.933333333333,0.933333333333,3480,120,118,3422,6664,7140,0.933333333333,121,177,56,0.312849162011,60,1.0,120,120,1,104,120,119,104,1.0,0.913666269947,38,44,38,1.0,1.0,0.980769230769,0.095030117256,2,0,102,2,102,2,0.961538461538,0.961538461538,12240,240,238,12138,23900,24856,0.961538461538,241,341,100,0.291545189504,104,1.0,150,191,1,104,150,189,104,1.0,0.913666269947,38,44,38,1.0,1.0,0.980769230769,0.095030117256,2,0,102,2,102,2,0.961538461538,0.961538461538,15300,300,378,19278,33900,35256,0.961538461538,341,441,100,0.225733634312,104,1.0,150,191,1,104,150,189,104,1.0,0.913666269947,38,44,38,1.0,1.0,0.980769230769,0.095030117256,2,0,102,2,102,2,0.961538461538,0.961538461538,15300,300,378,19278,33900,35256,0.961538461538,341,441,100,0.225733634312,104,1.0
MOT17-02-FRCNN,95,105,496,u_to_v,95,105,1,497,104,124,124,95,105,1,347,496,373,600,150,228,150,124,1,104,104,104,1.0,0.569382755286,0.669925864042,0.199281594173,0.910572856919,0.702463551475,-1.0,-1.0,130,3169,0.848347463593,1,"{""105"": 104}",104,30,30,1,30,30,30,30,1.0,0.942988846201,38,35,35,1.0,1.0,1.0,-0.0,1,0,0,30,0,30,-1.0,-1.0,0,900,900,0,-1800,1800,-1.0,90,60,-30,-0.333333333333,30,1.0,60,60,1,60,60,60,60,1.0,0.943629295128,38,35,35,1.0,1.0,1.0,-0.0,1,0,0,60,0,60,-1.0,-1.0,0,3600,3600,0,-7200,7200,-1.0,180,120,-60,-0.333333333333,60,1.0,120,120,1,104,120,120,104,1.0,0.935598968701,38,35,35,1.0,1.0,1.0,-0.0,1,0,0,104,0,104,-1.0,-1.0,0,12480,12480,0,-24960,24960,-1.0,344,240,-104,-0.302325581395,104,1.0,150,124,1,104,150,124,104,1.0,0.935598968701,38,35,35,1.0,1.0,1.0,-0.0,1,0,0,104,0,104,-1.0,-1.0,0,15600,12896,0,-28496,28496,-1.0,378,274,-104,-0.275132275132,104,1.0,150,124,1,104,150,124,104,1.0,0.935598968701,38,35,35,1.0,1.0,1.0,-0.0,1,0,0,104,0,104,-1.0,-1.0,0,15600,12896,0,-28496,28496,-1.0,378,274,-104,-0.275132275132,104,1.0
MOT17-02-FRCNN,24,139,499,v_to_u,139,24,1,500,101,1,1,139,24,1,499,499,30,600,1,571,1,470,1,101,101,101,1.0,0.118140882269,0.020748907469,0.677200673663,0.009629926962,0.008874503591,-1.0,-1.0,131,3188,-0.044121616224,1,"{""24"": 101}",101,1,30,1,30,1,30,30,1.0,0.867177363125,31,31,31,1.0,0.966666666667,1.0,-0.0,1,1,30,30,0,0,0.0,0.0,30,0,870,30,-810,930,-0.870967741935,59,32,-27,-0.44262295082,30,1.0,1,60,1,60,1,60,60,1.0,0.876888618549,31,31,31,1.0,0.583333333333,1.0,-0.0,1,1,60,60,0,0,0.0,0.0,60,0,2100,1500,-540,3660,-0.147540983607,95,83,-12,-0.099173553719,60,1.0,1,120,1,101,1,119,101,1.0,0.872746969306,31,27,31,1.0,0.680672268908,0.980198019802,0.097267452243,2,0,99,2,99,2,0.960396039604,0.960396039604,99,2,3627,8392,4862,12120,0.401155115512,134,181,47,0.212669683258,101,1.0,1,300,1,101,1,299,101,1.0,0.872746969306,31,27,31,1.0,0.872909698997,0.980198019802,0.097267452243,2,0,99,2,99,2,0.960396039604,0.960396039604,99,2,3987,26212,22322,30300,0.736699669967,264,361,97,0.241895261845,101,1.0,1,470,1,101,1,468,101,1.0,0.872746969306,31,27,31,1.0,0.916666666667,0.980198019802,0.097267452243,2,0,99,2,99,2,0.960396039604,0.960396039604,99,2,4323,42945,38719,47369,0.817391120775,432,529,97,0.170175438596,101,1.0
MOT17-02-FRCNN,65,122,507,v_to_u,122,65,1,508,93,61,61,122,65,1,447,507,216,600,61,385,61,292,1,93,93,93,1.0,0.106593541484,0.051034068713,0.682556990201,0.045775314151,0.042559614419,-1.0,-1.0,132,3218,-0.042453696031,1,"{""65"": 93}",93,30,30,1,30,30,18,30,1.0,0.718181865589,41,41,10,0.633333333333,0.388888888889,0.566666666667,0.68423176513,2,1,0,0,0,0,0.0,0.0,65,835,0,540,-230,1440,-0.159722222222,36,25,-11,-0.141025641026,30,1.0,60,60,1,60,60,42,58,0.966666666667,0.733148803146,17,77,9,0.433333333333,0.285714285714,0.465517241379,1.054259757594,3,0,0,0,0,0,0.0,0.0,65,3415,297,2139,-1508,5916,-0.254901960784,64,39,-25,-0.15625,60,1.0,61,120,1,93,61,102,91,0.978494623656,0.779004933469,17,10,9,0.44262295082,0.392156862745,0.659340659341,0.873148440336,3,0,0,18,0,18,-0.197802197802,-0.197802197802,65,5486,2580,6702,-1299,14833,-0.087575001685,118,100,-18,-0.070866141732,93,1.0,61,292,1,93,61,230,91,0.978494623656,0.779004933469,17,10,9,0.44262295082,0.460869565217,0.659340659341,0.873148440336,3,0,0,18,0,18,-0.197802197802,-0.197802197802,65,5486,7488,13442,533,26481,0.020127638684,180,166,-14,-0.03664921466,93,1.0,61,292,1,93,61,230,91,0.978494623656,0.779004933469,17,10,9,0.44262295082,0.460869565217,0.659340659341,0.873148440336,3,0,0,18,0,18,-0.197802197802,-0.197802197802,65,5486,7488,13442,533,26481,0.020127638684,180,166,-14,-0.03664921466,93,1.0
MOT17-02-FRCNN,138,142,514,u_to_v,138,142,1,515,86,4,4,138,142,1,490,514,511,600,25,90,25,4,1,86,86,86,1.0,0.206044190161,0.165513267003,0.566614193128,0.076808613729,0.117972046563,-1.0,-1.0,133,3273,0.125247024659,1,"{""142"": 86}",86,25,4,1,30,21,4,30,1.0,0.803955418631,64,64,64,1.0,1.0,1.0,-0.0,1,1,30,30,0,0,0.0,0.0,630,0,120,0,510,750,0.68,34,51,17,0.309090909091,30,1.0,25,4,1,60,21,4,60,1.0,0.781680691252,64,64,64,1.0,1.0,1.0,-0.0,1,1,60,60,0,0,0.0,0.0,1260,0,240,0,1020,1500,0.68,64,81,17,0.2,60,1.0,25,4,1,86,21,4,86,1.0,0.786145192857,64,64,64,1.0,1.0,1.0,-0.0,1,1,86,86,0,0,0.0,0.0,1806,0,344,0,1462,2150,0.68,90,107,17,0.153153153153,86,1.0,25,4,1,86,21,4,86,1.0,0.786145192857,64,64,64,1.0,1.0,1.0,-0.0,1,1,86,86,0,0,0.0,0.0,1806,0,344,0,1462,2150,0.68,90,107,17,0.153153153153,86,1.0,25,4,1,86,21,4,86,1.0,0.786145192857,64,64,64,1.0,1.0,1.0,-0.0,1,1,86,86,0,0,0.0,0.0,1806,0,344,0,1462,2150,0.68,90,107,17,0.153153153153,86,1.0
MOT17-02-FRCNN,1,114,520,v_to_u,114,1,1,521,58,108,108,114,1,1,413,520,1,578,108,559,108,501,1,58,58,58,1.0,1.023773859345,0.037968897123,0.0,0.085214709916,0.007212456061,-1.0,-1.0,134,3275,1.042508800223,1,"{""1"": 58}",58,30,30,1,30,26,30,30,1.0,0.917361723442,36,3,3,1.0,1.0,1.0,-0.0,1,0,0,30,0,30,-1.0,-1.0,0,780,900,0,-1680,1680,-1.0,86,56,-30,-0.348837209302,30,1.0,60,60,1,58,56,60,55,0.948275862069,0.905673610365,36,3,3,1.0,1.0,1.0,-0.0,1,0,0,55,0,55,-1.0,-1.0,0,3080,3300,0,-6380,6380,-1.0,171,116,-55,-0.321637426901,58,1.0,108,120,1,58,104,120,55,0.948275862069,0.905673610365,36,3,3,1.0,1.0,1.0,-0.0,1,0,0,55,0,55,-1.0,-1.0,0,5720,6600,0,-12320,12320,-1.0,279,224,-55,-0.197132616487,58,1.0,108,281,1,58,104,281,55,0.948275862069,0.905673610365,36,3,3,1.0,1.0,1.0,-0.0,1,0,0,55,0,55,-1.0,-1.0,0,5720,15455,0,-21175,21175,-1.0,440,385,-55,-0.125,58,1.0,108,501,1,58,104,501,55,0.948275862069,0.905673610365,36,3,3,1.0,1.0,1.0,-0.0,1,0,0,55,0,55,-1.0,-1.0,0,5720,27555,0,-33275,33275,-1.0,660,605,-55,-0.083333333333,58,1.0
MOT17-02-FRCNN,114,120,520,u_to_v,114,120,1,521,74,75,75,114,120,1,413,520,446,594,108,149,108,75,1,74,74,74,1.0,1.337852430278,0.201973280674,0.0,0.280108773166,0.154168601135,-1.0,-1.0,135,3304,1.431773487877,1,"{""120"": 74}",74,30,30,1,30,26,30,30,1.0,0.960372492322,36,23,23,1.0,1.0,1.0,-0.0,1,0,0,30,0,30,-1.0,-1.0,0,780,900,0,-1680,1680,-1.0,86,56,-30,-0.348837209302,30,1.0,60,60,1,60,56,60,60,1.0,0.956736126388,36,23,23,1.0,1.0,1.0,-0.0,1,0,0,60,0,60,-1.0,-1.0,0,3360,3600,0,-6960,6960,-1.0,176,116,-60,-0.340909090909,60,1.0,108,75,1,74,104,75,66,0.891891891892,0.954269158484,36,23,23,1.0,1.0,1.0,-0.0,1,0,0,66,0,66,-1.0,-1.0,0,6864,4950,0,-11814,11814,-1.0,245,179,-66,-0.269387755102,74,1.0,108,75,1,74,104,75,66,0.891891891892,0.954269158484,36,23,23,1.0,1.0,1.0,-0.0,1,0,0,66,0,66,-1.0,-1.0,0,6864,4950,0,-11814,11814,-1.0,245,179,-66,-0.269387755102,74,1.0,108,75,1,74,104,75,66,0.891891891892,0.954269158484,36,23,23,1.0,1.0,1.0,-0.0,1,0,0,66,0,66,-1.0,-1.0,0,6864,4950,0,-11814,11814,-1.0,245,179,-66,-0.269387755102,74,1.0
MOT17-02-FRCNN,131,144,520,v_to_u,144,131,1,521,80,1,1,144,131,1,520,520,462,600,1,139,1,59,1,80,80,80,1.0,0.108493132787,0.050405026398,0.681241606105,0.105191153307,0.042806480107,-1.0,-1.0,136,3325,-0.034416248799,1,"{""131"": 80}",80,1,30,1,30,0,30,30,1.0,0.942664520572,-1,49,49,,1.0,1.0,-0.0,1,0,0,30,0,0,0.0,-1.0,0,0,900,0,-900,900,-1.0,60,30,-30,-0.5,30,1.0,1,59,1,60,0,59,60,1.0,0.920265281775,-1,49,49,,1.0,1.0,-0.0,1,0,0,60,0,0,0.0,-1.0,0,0,3540,0,-3540,3540,-1.0,119,60,-59,-0.495798319328,60,1.0,1,59,1,80,0,59,80,1.0,0.920216768078,-1,49,49,,1.0,1.0,-0.0,1,0,0,80,0,0,0.0,-1.0,0,0,4720,0,-4720,4720,-1.0,139,80,-59,-0.424460431655,80,1.0,1,59,1,80,0,59,80,1.0,0.920216768078,-1,49,49,,1.0,1.0,-0.0,1,0,0,80,0,0,0.0,-1.0,0,0,4720,0,-4720,4720,-1.0,139,80,-59,-0.424460431655,80,1.0,1,59,1,80,0,59,80,1.0,0.920216768078,-1,49,49,,1.0,1.0,-0.0,1,0,0,80,0,0,0.0,-1.0,0,0,4720,0,-4720,4720,-1.0,139,80,-59,-0.424460431655,80,1.0
MOT17-02-FRCNN,143,145,523,v_to_u,145,143,1,524,62,1,1,145,143,1,523,523,512,585,1,74,1,12,1,62,62,62,1.0,0.06544367242,0.009571362255,0.7924121406,0.001996293262,0.00797611407,-1.0,-1.0,137,3364,-0.129269281433,1,"{""143"": 62}",62,1,12,1,30,1,11,30,1.0,0.853823488745,41,41,41,1.0,1.0,1.0,-0.0,1,1,30,30,0,0,0.0,0.0,30,0,330,0,-300,360,-0.833333333333,41,31,-10,-0.238095238095,30,1.0,1,12,1,60,1,11,57,0.95,0.855108275793,41,41,41,1.0,1.0,1.0,-0.0,1,1,57,57,0,0,0.0,0.0,57,0,627,0,-570,684,-0.833333333333,68,58,-10,-0.144927536232,60,1.0,1,12,1,62,1,11,57,0.91935483871,0.855108275793,41,41,41,1.0,1.0,1.0,-0.0,1,1,57,57,0,0,0.0,0.0,57,0,627,0,-570,684,-0.833333333333,68,58,-10,-0.144927536232,62,1.0,1,12,1,62,1,11,57,0.91935483871,0.855108275793,41,41,41,1.0,1.0,1.0,-0.0,1,1,57,57,0,0,0.0,0.0,57,0,627,0,-570,684,-0.833333333333,68,58,-10,-0.144927536232,62,1.0,1,12,1,62,1,11,57,0.91935483871,0.855108275793,41,41,41,1.0,1.0,1.0,-0.0,1,1,57,57,0,0,0.0,0.0,57,0,627,0,-570,684,-0.833333333333,68,58,-10,-0.144927536232,62,1.0
MOT17-02-FRCNN,132,136,531,v_to_u,136,132,1,532,69,45,45,136,132,1,487,531,462,600,45,139,45,70,1,69,69,69,1.0,0.243829182822,0.128398363049,0.38998939495,0.168424472753,0.153349404285,-1.0,-1.0,138,3386,0.210608812551,1,"{""132"": 69}",69,30,30,1,30,16,0,27,0.9,0.771985351143,78,-1,79,0.8125,,1.0,-0.0,1,0,0,0,0,0,0.0,0.0,54,378,0,0,-324,432,-0.75,40,29,-11,-0.255813953488,30,1.0,45,60,1,60,31,23,48,0.8,0.747622795378,42,67,79,0.516129032258,1.0,0.979166666667,0.101264817567,2,0,0,0,0,0,0.0,0.0,94,1394,0,1104,-196,2592,-0.075617283951,63,72,9,0.088235294118,60,1.0,45,70,1,69,31,33,51,0.739130434783,0.744737784827,42,67,79,0.516129032258,0.787878787879,0.921568627451,0.274921422433,2,0,0,0,0,0,0.0,0.0,94,1487,0,1683,290,3264,0.088848039216,63,75,12,0.104347826087,69,1.0,45,70,1,69,31,33,51,0.739130434783,0.744737784827,42,67,79,0.516129032258,0.787878787879,0.921568627451,0.274921422433,2,0,0,0,0,0,0.0,0.0,94,1487,0,1683,290,3264,0.088848039216,63,75,12,0.104347826087,69,1.0,45,70,1,69,31,33,51,0.739130434783,0.744737784827,42,67,79,0.516129032258,0.787878787879,0.921568627451,0.274921422433,2,0,0,0,0,0,0.0,0.0,94,1487,0,1683,290,3264,0.088848039216,63,75,12,0.104347826087,69,1.0
MOT17-02-FRCNN,128,143,539,u_to_v,128,143,1,540,46,28,28,128,143,1,456,539,512,585,84,74,84,28,1,46,46,46,1.0,0.258888847555,0.202708955558,0.388998105924,0.077413894383,0.242801478035,-1.0,-1.0,139,3421,0.244338097206,1,"{""143"": 46}",46,30,28,1,30,30,27,30,1.0,0.8746396711,40,41,41,1.0,1.0,1.0,-0.0,1,0,0,30,0,30,-1.0,-1.0,0,900,810,0,-1710,1710,-1.0,87,57,-30,-0.344827586207,30,1.0,60,28,1,46,60,27,41,0.891304347826,0.86384830847,40,41,41,1.0,1.0,1.0,-0.0,1,0,0,41,0,41,-1.0,-1.0,0,2460,1107,0,-3567,3567,-1.0,128,87,-41,-0.3203125,46,1.0,84,28,1,46,84,27,41,0.891304347826,0.86384830847,40,41,41,1.0,1.0,1.0,-0.0,1,0,0,41,0,41,-1.0,-1.0,0,3444,1107,0,-4551,4551,-1.0,152,111,-41,-0.269736842105,46,1.0,84,28,1,46,84,27,41,0.891304347826,0.86384830847,40,41,41,1.0,1.0,1.0,-0.0,1,0,0,41,0,41,-1.0,-1.0,0,3444,1107,0,-4551,4551,-1.0,152,111,-41,-0.269736842105,46,1.0,84,28,1,46,84,27,41,0.891304347826,0.86384830847,40,41,41,1.0,1.0,1.0,-0.0,1,0,0,41,0,41,-1.0,-1.0,0,3444,1107,0,-4551,4551,-1.0,152,111,-41,-0.269736842105,46,1.0
MOT17-02-FRCNN,65,124,540,v_to_u,124,65,1,541,60,90,90,124,65,1,451,540,216,600,90,385,90,325,1,60,60,60,1.0,0.229900982567,0.023480644302,0.38869569392,0.024397921932,0.079147188069,-1.0,-1.0,140,3431,0.148951731162,1,"{""65"": 60}",60,30,30,1,30,30,28,30,1.0,0.764226276089,9,10,9,0.7,0.642857142857,1.0,-0.0,1,0,30,0,30,0,1.0,1.0,630,270,0,840,1200,1740,0.689655172414,39,69,30,0.340909090909,30,1.0,60,60,1,60,60,46,60,1.0,0.81278019562,10,10,9,0.65,0.391304347826,1.0,-0.0,1,1,0,0,0,0,0.0,0.0,1260,2340,0,2760,1680,6360,0.264150943396,99,99,0,0.0,60,1.0,90,120,1,60,90,100,60,1.0,0.81278019562,10,10,9,0.766666666667,0.38,1.0,-0.0,1,1,0,0,0,0,0.0,0.0,1260,4140,1080,4920,960,11400,0.084210526316,147,119,-28,-0.112,60,1.0,90,300,1,60,90,236,60,1.0,0.81278019562,10,10,9,0.766666666667,0.525423728814,1.0,-0.0,1,1,0,0,0,0,0.0,0.0,1260,4140,4080,10080,3120,19560,0.159509202454,197,205,8,0.020725388601,60,1.0,90,325,1,60,90,261,60,1.0,0.81278019562,10,10,9,0.766666666667,0.475095785441,1.0,-0.0,1,1,0,0,0,0,0.0,0.0,1260,4140,5580,10080,1620,21060,0.076923076923,222,205,-17,-0.041362530414,60,1.0
MOT17-02-FRCNN,81,123,540,v_to_u,123,81,1,541,60,93,93,123,81,1,448,540,282,600,93,319,93,259,1,60,60,60,1.0,2.725106181883,0.110514125534,0.0,0.087692663943,0.121783019426,-1.0,-1.0,141,3439,2.773682281603,1,"{""81"": 60}",60,30,30,1,30,27,24,24,0.8,0.780593659516,42,18,17,0.666666666667,1.0,0.5,0.918427784993,3,0,0,2,0,2,-0.083333333333,-0.083333333333,0,648,48,528,-168,1224,-0.137254901961,44,42,-2,-0.026666666667,30,1.0,60,60,1,60,57,44,54,0.9,0.796992506973,9,18,17,0.684210526316,1.0,0.777777777778,0.629830912139,3,0,0,2,0,2,-0.037037037037,-0.037037037037,0,3078,88,2288,-878,5454,-0.160982764943,85,86,1,0.006451612903,60,1.0,93,120,1,60,90,104,54,0.9,0.796992506973,9,18,17,0.666666666667,0.817307692308,0.777777777778,0.629830912139,3,0,0,2,0,2,-0.037037037037,-0.037037037037,0,4860,170,5446,416,10476,0.039709812906,147,145,-2,-0.008064516129,60,1.0,93,259,1,60,90,240,54,0.9,0.796992506973,9,41,17,0.666666666667,0.633333333333,0.777777777778,0.629830912139,3,0,0,0,0,0,0.0,0.0,0,4860,200,12760,7700,17820,0.432098765432,212,212,0,0.0,60,1.0,93,259,1,60,90,240,54,0.9,0.796992506973,9,41,17,0.666666666667,0.633333333333,0.777777777778,0.629830912139,3,0,0,0,0,0,0.0,0.0,0,4860,200,12760,7700,17820,0.432098765432,212,212,0,0.0,60,1.0
MOT17-02-FRCNN,82,111,540,v_to_u,111,82,1,541,18,137,137,111,82,1,404,540,283,558,137,276,137,258,1,18,18,18,1.0,0.276035542536,0.179289096146,0.325525849426,0.269442289134,0.238096384308,-1.0,-1.0,142,3441,0.290230221561,1,"{""82"": 18}",18,30,30,1,18,4,30,18,1.0,0.875740133382,18,17,17,1.0,1.0,1.0,-0.0,1,0,0,18,0,18,-1.0,-1.0,0,72,540,0,-612,612,-1.0,52,34,-18,-0.346153846154,18,1.0,60,60,1,18,29,60,18,1.0,0.875740133382,15,17,17,0.862068965517,0.983333333333,1.0,-0.0,1,0,0,18,0,18,-1.0,-1.0,0,522,1062,18,-1566,1602,-0.977528089888,102,84,-18,-0.168224299065,18,1.0,120,120,1,18,89,120,18,1.0,0.875740133382,15,17,17,0.955056179775,0.516666666667,1.0,-0.0,1,0,0,18,0,18,-1.0,-1.0,0,1602,1116,1044,-1674,3762,-0.444976076555,165,147,-18,-0.079295154185,18,1.0,137,258,1,18,106,220,18,1.0,0.875740133382,15,15,17,0.962264150943,0.295454545455,1.0,-0.0,1,1,0,0,0,0,0.0,0.0,0,1908,1116,2844,-180,5868,-0.030674846626,182,164,-18,-0.052325581395,18,1.0,137,258,1,18,106,220,18,1.0,0.875740133382,15,15,17,0.962264150943,0.295454545455,1.0,-0.0,1,1,0,0,0,0,0.0,0.0,0,1908,1116,2844,-180,5868,-0.030674846626,182,164,-18,-0.052325581395,18,1.0
MOT17-02-FRCNN,105,111,540,v_to_u,111,105,1,541,60,137,137,111,105,1,404,540,373,600,137,228,137,168,1,60,60,60,1.0,1.936884792069,1.042384026769,0.0,1.494968992482,1.131970476911,-1.0,-1.0,143,3456,2.4601747457,1,"{""105"": 60}",60,30,30,1,30,4,30,30,1.0,0.941552056525,18,35,35,1.0,1.0,1.0,-0.0,1,0,0,30,0,30,-1.0,-1.0,0,120,900,0,-1020,1020,-1.0,64,34,-30,-0.46875,30,1.0,60,60,1,60,29,60,60,1.0,0.93213793585,15,35,35,0.862068965517,1.0,1.0,-0.0,1,0,0,60,0,60,-1.0,-1.0,0,1740,3600,0,-5340,5340,-1.0,145,85,-60,-0.402684563758,60,1.0,120,120,1,60,89,120,60,1.0,0.93213793585,15,35,35,0.955056179775,1.0,1.0,-0.0,1,0,0,60,0,60,-1.0,-1.0,0,5340,7200,0,-12540,12540,-1.0,265,205,-60,-0.223048327138,60,1.0,137,168,1,60,106,168,60,1.0,0.93213793585,15,35,35,0.962264150943,1.0,1.0,-0.0,1,0,0,60,0,60,-1.0,-1.0,0,6360,10080,0,-16440,16440,-1.0,330,270,-60,-0.179640718563,60,1.0,137,168,1,60,106,168,60,1.0,0.93213793585,15,35,35,0.962264150943,1.0,1.0,-0.0,1,0,0,60,0,60,-1.0,-1.0,0,6360,10080,0,-16440,16440,-1.0,330,270,-60,-0.179640718563,60,1.0
MOT17-02-FRCNN,1,119,549,v_to_u,119,1,1,550,29,106,106,119,1,1,444,549,1,578,106,559,106,530,1,29,29,29,1.0,0.503681363544,0.255755992372,0.087035183416,0.286249081975,0.329204876914,-1.0,-1.0,144,3501,0.607406961672,1,"{""1"": 29}",29,30,30,1,29,30,30,26,0.896551724138,0.89392567395,19,3,3,1.0,1.0,1.0,-0.0,1,0,0,26,0,26,-1.0,-1.0,0,780,780,0,-1560,1560,-1.0,86,60,-26,-0.302325581395,29,1.0,60,60,1,29,60,60,26,0.896551724138,0.89392567395,19,3,3,1.0,1.0,1.0,-0.0,1,0,0,26,0,26,-1.0,-1.0,0,1560,1560,0,-3120,3120,-1.0,146,120,-26,-0.178082191781,29,1.0,106,120,1,29,105,120,26,0.896551724138,0.89392567395,19,3,3,1.0,1.0,1.0,-0.0,1,0,0,26,0,26,-1.0,-1.0,0,2730,3120,0,-5850,5850,-1.0,251,225,-26,-0.103585657371,29,1.0,106,281,1,29,105,281,26,0.896551724138,0.89392567395,19,3,3,1.0,1.0,1.0,-0.0,1,0,0,26,0,26,-1.0,-1.0,0,2730,7306,0,-10036,10036,-1.0,412,386,-26,-0.063106796117,29,1.0,106,530,1,29,105,530,26,0.896551724138,0.89392567395,19,3,3,1.0,1.0,1.0,-0.0,1,0,0,26,0,26,-1.0,-1.0,0,2730,13780,0,-16510,16510,-1.0,661,635,-26,-0.039334341906,29,1.0
MOT17-02-FRCNN,81,151,554,v_to_u,151,81,1,555,46,1,1,151,81,1,554,554,282,600,1,319,1,273,1,46,46,46,1.0,0.103277369202,0.029867479592,0.684745244946,0.127774110495,0.036893029525,-1.0,-1.0,145,3535,-0.043975358135,1,"{""81"": 46}",46,1,30,1,30,1,28,26,0.866666666667,0.810452300576,15,18,17,1.0,0.642857142857,1.0,-0.0,1,0,0,0,0,0,0.0,0.0,0,26,0,728,702,754,0.931034482759,27,44,17,0.309090909091,30,1.0,1,60,1,46,1,42,42,0.913043478261,0.826643023538,15,18,17,1.0,0.761904761905,1.0,-0.0,1,0,0,0,0,0,0.0,0.0,0,42,0,1764,1722,1806,0.953488372093,43,74,31,0.364705882353,46,1.0,1,120,1,46,1,102,42,0.913043478261,0.826643023538,15,18,17,1.0,0.843137254902,1.0,-0.0,1,0,0,0,0,0,0.0,0.0,0,42,0,4284,4242,4326,0.980582524272,87,128,41,0.28275862069,46,1.0,1,273,1,46,1,252,42,0.913043478261,0.826643023538,15,41,17,1.0,0.603174603175,1.0,-0.0,1,0,0,0,0,0,0.0,0.0,0,42,0,10584,10542,10626,0.99209486166,153,194,41,0.138983050847,46,1.0,1,273,1,46,1,252,42,0.913043478261,0.826643023538,15,41,17,1.0,0.603174603175,1.0,-0.0,1,0,0,0,0,0,0.0,0.0,0,42,0,10584,10542,10626,0.99209486166,153,194,41,0.138983050847,46,1.0
MOT17-02-FRCNN,81,82,558,v_to_u,82,81,1,559,42,276,276,82,81,1,283,558,282,600,276,319,276,277,1,42,42,42,1.0,0.180911359506,0.03581578731,0.527091135047,0.020602517824,0.045146379319,-1.0,-1.0,146,3564,0.064667412286,1,"{""81"": 42}",42,30,30,1,30,30,24,30,1.0,0.817951188055,17,18,17,1.0,0.583333333333,1.0,-0.0,1,0,30,0,30,0,1.0,1.0,900,0,0,720,1620,1620,1.0,44,74,30,0.357142857143,30,1.0,60,60,1,42,60,41,42,1.0,0.826643023538,17,18,17,1.0,0.756097560976,1.0,-0.0,1,0,42,0,42,0,1.0,1.0,2520,0,0,1722,4242,4242,1.0,91,133,42,0.293706293706,42,1.0,120,120,1,42,120,98,42,1.0,0.826643023538,17,18,17,0.666666666667,0.857142857143,1.0,-0.0,1,0,42,0,42,0,1.0,1.0,3360,1680,0,4116,5796,9156,0.633027522936,164,206,42,0.161538461538,42,1.0,276,277,1,42,238,252,42,1.0,0.826643023538,17,41,17,0.336134453782,0.603174603175,1.0,-0.0,1,0,42,0,42,0,1.0,1.0,3360,6636,0,10584,7308,20580,0.355102040816,232,274,42,0.078947368421,42,1.0,276,277,1,42,238,252,42,1.0,0.826643023538,17,41,17,0.336134453782,0.603174603175,1.0,-0.0,1,0,42,0,42,0,1.0,1.0,3360,6636,0,10584,7308,20580,0.355102040816,232,274,42,0.078947368421,42,1.0
MOT17-02-FRCNN,82,93,558,u_to_v,82,93,1,559,42,223,223,82,93,1,283,558,336,600,276,265,276,223,1,42,42,42,1.0,0.657611994133,0.894086497923,0.130651998658,0.99186950657,1.043348482759,-1.0,-1.0,147,3566,1.051992417882,1,"{""93"": 42}",42,30,30,1,30,30,30,30,1.0,0.931184087108,17,32,32,1.0,1.0,1.0,-0.0,1,0,0,30,0,30,-1.0,-1.0,0,900,900,0,-1800,1800,-1.0,90,60,-30,-0.333333333333,30,1.0,60,60,1,42,60,60,42,1.0,0.93495518822,17,32,32,1.0,1.0,1.0,-0.0,1,0,0,42,0,42,-1.0,-1.0,0,2520,2520,0,-5040,5040,-1.0,162,120,-42,-0.259259259259,42,1.0,120,120,1,42,120,120,42,1.0,0.93495518822,17,32,32,0.666666666667,0.783333333333,1.0,-0.0,1,0,0,42,0,42,-1.0,-1.0,0,5040,3948,1092,-7896,10080,-0.783333333333,216,174,-42,-0.148936170213,42,1.0,276,223,1,42,238,223,42,1.0,0.93495518822,17,33,32,0.336134453782,0.578475336323,1.0,-0.0,1,0,0,0,0,0,0.0,0.0,0,9996,3948,5418,-8526,19362,-0.440347071584,216,209,-7,-0.013916500994,42,1.0,276,223,1,42,238,223,42,1.0,0.93495518822,17,33,32,0.336134453782,0.578475336323,1.0,-0.0,1,0,0,0,0,0,0.0,0.0,0,9996,3948,5418,-8526,19362,-0.440347071584,216,209,-7,-0.013916500994,42,1.0
MOT17-02-FRCNN,82,141,558,u_to_v,82,141,1,559,42,50,50,82,141,1,283,558,509,600,276,92,276,50,1,42,42,42,1.0,4.701213642357,0.021663042148,0.0,0.01896048133,0.02196347627,-1.0,-1.0,148,3579,4.710721798654,1,"{""141"": 42}",42,30,30,1,30,30,30,30,1.0,0.934601295924,17,44,44,1.0,1.0,1.0,-0.0,1,0,0,30,0,30,-1.0,-1.0,0,900,900,0,-1800,1800,-1.0,90,60,-30,-0.333333333333,30,1.0,60,50,1,42,60,50,42,1.0,0.931079784625,17,44,44,1.0,1.0,1.0,-0.0,1,0,0,42,0,42,-1.0,-1.0,0,2520,2100,0,-4620,4620,-1.0,152,110,-42,-0.276315789474,42,1.0,120,50,1,42,120,50,42,1.0,0.931079784625,17,44,44,0.666666666667,1.0,1.0,-0.0,1,0,0,42,0,42,-1.0,-1.0,0,5040,2100,0,-7140,7140,-1.0,172,130,-42,-0.198113207547,42,1.0,276,50,1,42,238,50,42,1.0,0.931079784625,17,44,44,0.336134453782,1.0,1.0,-0.0,1,0,0,42,0,42,-1.0,-1.0,0,9996,2100,0,-12096,12096,-1.0,172,130,-42,-0.127272727273,42,1.0,276,50,1,42,238,50,42,1.0,0.931079784625,17,44,44,0.336134453782,1.0,1.0,-0.0,1,0,0,42,0,42,-1.0,-1.0,0,9996,2100,0,-12096,12096,-1.0,172,130,-42,-0.127272727273,42,1.0
MOT17-02-FRCNN,152,153,561,v_to_u,153,152,1,562,39,1,1,153,152,1,561,561,560,600,1,41,1,2,1,39,39,39,1.0,0.111575638693,0.06421338798,0.696178003238,0.056722778895,0.044451762571,-1.0,-1.0,149,3615,-0.036298060975,1,"{""152"": 39}",39,1,2,1,30,1,1,30,1.0,0.730367368231,63,63,63,1.0,1.0,1.0,-0.0,1,1,30,30,0,0,0.0,0.0,30,0,30,0,0,60,0.0,31,31,0,0.0,30,1.0,1,2,1,39,1,1,33,0.846153846154,0.718560503224,63,63,63,1.0,1.0,1.0,-0.0,1,1,33,33,0,0,0.0,0.0,33,0,33,0,0,66,0.0,34,34,0,0.0,39,1.0,1,2,1,39,1,1,33,0.846153846154,0.718560503224,63,63,63,1.0,1.0,1.0,-0.0,1,1,33,33,0,0,0.0,0.0,33,0,33,0,0,66,0.0,34,34,0,0.0,39,1.0,1,2,1,39,1,1,33,0.846153846154,0.718560503224,63,63,63,1.0,1.0,1.0,-0.0,1,1,33,33,0,0,0.0,0.0,33,0,33,0,0,66,0.0,34,34,0,0.0,39,1.0,1,2,1,39,1,1,33,0.846153846154,0.718560503224,63,63,63,1.0,1.0,1.0,-0.0,1,1,33,33,0,0,0.0,0.0,33,0,33,0,0,66,0.0,34,34,0,0.0,39,1.0
MOT17-02-FRCNN,140,142,562,u_to_v,140,142,1,563,38,52,52,140,142,1,508,562,511,600,55,90,55,52,1,38,38,38,1.0,0.24343988518,0.058085333516,0.436646559923,0.054692104125,0.008791265411,-1.0,-1.0,150,3636,0.155147915532,1,"{""142"": 38}",38,30,30,1,30,27,30,30,1.0,0.804269398366,63,64,64,1.0,1.0,1.0,-0.0,1,0,0,30,0,30,-1.0,-1.0,0,810,900,0,-1710,1710,-1.0,87,57,-30,-0.344827586207,30,1.0,55,52,1,38,52,52,38,1.0,0.787952933392,63,64,64,1.0,1.0,1.0,-0.0,1,0,0,38,0,38,-1.0,-1.0,0,1976,1976,0,-3952,3952,-1.0,142,104,-38,-0.267605633803,38,1.0,55,52,1,38,52,52,38,1.0,0.787952933392,63,64,64,1.0,1.0,1.0,-0.0,1,0,0,38,0,38,-1.0,-1.0,0,1976,1976,0,-3952,3952,-1.0,142,104,-38,-0.267605633803,38,1.0,55,52,1,38,52,52,38,1.0,0.787952933392,63,64,64,1.0,1.0,1.0,-0.0,1,0,0,38,0,38,-1.0,-1.0,0,1976,1976,0,-3952,3952,-1.0,142,104,-38,-0.267605633803,38,1.0,55,52,1,38,52,52,38,1.0,0.787952933392,63,64,64,1.0,1.0,1.0,-0.0,1,0,0,38,0,38,-1.0,-1.0,0,1976,1976,0,-3952,3952,-1.0,142,104,-38,-0.267605633803,38,1.0
MOT17-02-FRCNN,97,126,563,v_to_u,126,97,1,564,37,111,111,126,97,1,453,563,352,600,111,249,111,212,1,37,37,37,1.0,0.125495688883,0.131200609969,0.655019094564,0.11034479336,0.150638605692,-1.0,-1.0,151,3652,0.02063940764,1,"{""97"": 37}",37,30,30,1,30,30,30,30,1.0,0.929235263819,33,34,34,1.0,1.0,1.0,-0.0,1,0,0,30,0,30,-1.0,-1.0,0,900,900,0,-1800,1800,-1.0,90,60,-30,-0.333333333333,30,1.0,60,60,1,37,60,60,37,1.0,0.924384252309,33,34,34,1.0,1.0,1.0,-0.0,1,0,0,37,0,37,-1.0,-1.0,0,2220,2220,0,-4440,4440,-1.0,157,120,-37,-0.235668789809,37,1.0,111,120,1,37,111,120,37,1.0,0.924384252309,33,34,34,0.891891891892,1.0,1.0,-0.0,1,0,0,37,0,37,-1.0,-1.0,0,4107,4440,0,-8547,8547,-1.0,256,219,-37,-0.138059701493,37,1.0,111,212,1,37,111,211,37,1.0,0.924384252309,33,34,34,0.891891891892,1.0,1.0,-0.0,1,0,0,37,0,37,-1.0,-1.0,0,4107,7807,0,-11914,11914,-1.0,347,310,-37,-0.103064066852,37,1.0,111,212,1,37,111,211,37,1.0,0.924384252309,33,34,34,0.891891891892,1.0,1.0,-0.0,1,0,0,37,0,37,-1.0,-1.0,0,4107,7807,0,-11914,11914,-1.0,347,310,-37,-0.103064066852,37,1.0
MOT17-02-FRCNN,143,147,571,v_to_u,147,143,1,572,14,30,30,147,143,1,542,571,512,585,30,74,30,60,1,14,14,14,1.0,0.288140324838,0.003214622372,0.363363901432,0.056752816592,0.013593155664,-1.0,-1.0,152,3691,0.205137602299,1,"{""143"": 14}",14,30,30,1,14,28,30,9,0.642857142857,0.810458122099,42,41,41,1.0,1.0,1.0,-0.0,1,0,0,9,0,9,-1.0,-1.0,0,252,270,0,-522,522,-1.0,67,58,-9,-0.134328358209,14,1.0,30,60,1,14,28,59,9,0.642857142857,0.810458122099,42,41,41,1.0,1.0,1.0,-0.0,1,0,0,9,0,9,-1.0,-1.0,0,252,531,0,-783,783,-1.0,96,87,-9,-0.09375,14,1.0,30,60,1,14,28,59,9,0.642857142857,0.810458122099,42,41,41,1.0,1.0,1.0,-0.0,1,0,0,9,0,9,-1.0,-1.0,0,252,531,0,-783,783,-1.0,96,87,-9,-0.09375,14,1.0,30,60,1,14,28,59,9,0.642857142857,0.810458122099,42,41,41,1.0,1.0,1.0,-0.0,1,0,0,9,0,9,-1.0,-1.0,0,252,531,0,-783,783,-1.0,96,87,-9,-0.09375,14,1.0,30,60,1,14,28,59,9,0.642857142857,0.810458122099,42,41,41,1.0,1.0,1.0,-0.0,1,0,0,9,0,9,-1.0,-1.0,0,252,531,0,-783,783,-1.0,96,87,-9,-0.09375,14,1.0
MOT17-02-FRCNN,24,156,573,v_to_u,156,24,1,574,27,1,1,156,24,1,573,573,30,600,1,571,1,544,1,27,27,27,1.0,0.166972529117,0.024881044979,0.562180431318,0.091937495326,0.045178154855,-1.0,-1.0,153,3702,0.046359247551,1,"{""24"": 27}",27,1,30,1,27,0,30,27,1.0,0.85550673436,-1,31,31,,1.0,0.925925925926,0.264052051826,2,0,0,25,0,0,0.0,-0.925925925926,0,0,750,60,-690,810,-0.851851851852,55,32,-23,-0.40350877193,27,1.0,1,60,1,27,0,60,27,1.0,0.85550673436,-1,31,31,,1.0,0.925925925926,0.264052051826,2,0,0,25,0,0,0.0,-0.925925925926,0,0,1500,120,-1380,1620,-0.851851851852,85,62,-23,-0.264367816092,27,1.0,1,120,1,27,0,120,27,1.0,0.85550673436,-1,31,31,,0.908333333333,0.925925925926,0.264052051826,2,0,0,25,0,0,0.0,-0.925925925926,0,0,2741,499,-2242,3240,-0.691975308642,134,111,-23,-0.156462585034,27,1.0,1,300,1,27,0,299,27,1.0,0.85550673436,-1,27,31,,0.625418060201,0.925925925926,0.264052051826,2,0,0,2,0,0,0.0,-0.074074074074,0,0,3099,4974,1875,8073,0.232255667038,189,212,23,0.070552147239,27,1.0,1,544,1,27,0,542,27,1.0,0.85550673436,-1,27,31,,0.791512915129,0.925925925926,0.264052051826,2,0,0,2,0,0,0.0,-0.074074074074,0,0,3583,11051,7468,14634,0.510318436518,431,454,23,0.040421792619,27,1.0
MOT17-02-FRCNN,81,150,573,v_to_u,150,81,1,574,27,28,28,150,81,1,546,573,282,600,28,319,28,292,1,27,27,27,1.0,0.674895140444,0.094323087906,0.0,0.003383143909,0.0041395683,-1.0,-1.0,154,3709,0.699228183642,1,"{""81"": 27}",27,28,30,1,27,13,24,27,1.0,0.802745103877,18,17,17,1.0,0.625,1.0,-0.0,1,0,0,27,0,27,-1.0,-1.0,0,351,405,243,-513,999,-0.513513513514,55,36,-19,-0.296875,27,1.0,28,60,1,27,13,49,27,1.0,0.802745103877,18,18,17,1.0,0.489795918367,1.0,-0.0,1,1,0,0,0,0,0.0,0.0,0,351,405,918,162,1674,0.096774193548,55,51,-4,-0.044943820225,27,1.0,28,120,1,27,13,98,27,1.0,0.802745103877,18,18,17,1.0,0.744897959184,1.0,-0.0,1,1,0,0,0,0,0.0,0.0,0,351,405,2241,1485,2997,0.495495495495,73,100,27,0.195652173913,27,1.0,28,292,1,27,13,267,27,1.0,0.802745103877,18,41,17,1.0,0.569288389513,1.0,-0.0,1,0,0,0,0,0,0.0,0.0,0,351,405,6804,6048,7560,0.8,165,179,14,0.045602605863,27,1.0,28,292,1,27,13,267,27,1.0,0.802745103877,18,41,17,1.0,0.569288389513,1.0,-0.0,1,0,0,0,0,0,0.0,0.0,0,351,405,6804,6048,7560,0.8,165,179,14,0.045602605863,27,1.0
MOT17-02-FRCNN,112,157,577,v_to_u,157,112,1,578,2,1,1,157,112,1,577,577,404,579,1,176,1,174,1,2,2,2,1.0,0.09327049196,0.045822040617,0.69927945928,0.130912327098,0.06680588319,-1.0,-1.0,155,3764,-0.050322041677,1,"{""112"": 2}",2,1,30,1,2,1,30,2,1.0,0.676971347142,31,54,31,1.0,1.0,0.5,0.69314718056,2,0,1,1,1,1,0.0,0.0,1,1,30,30,0,62,0.0,32,32,0,0.0,2,1.0,1,60,1,2,1,60,2,1.0,0.676971347142,31,54,31,1.0,1.0,0.5,0.69314718056,2,0,1,1,1,1,0.0,0.0,1,1,60,60,0,122,0.0,62,62,0,0.0,2,1.0,1,120,1,2,1,119,2,1.0,0.676971347142,31,54,31,1.0,1.0,0.5,0.69314718056,2,0,1,1,1,1,0.0,0.0,1,1,119,119,0,240,0.0,121,121,0,0.0,2,1.0,1,174,1,2,1,173,2,1.0,0.676971347142,31,54,31,1.0,1.0,0.5,0.69314718056,2,0,1,1,1,1,0.0,0.0,1,1,173,173,0,348,0.0,175,175,0,0.0,2,1.0,1,174,1,2,1,173,2,1.0,0.676971347142,31,54,31,1.0,1.0,0.5,0.69314718056,2,0,1,1,1,1,0.0,0.0,1,1,173,173,0,348,0.0,175,175,0,0.0,2,1.0
MOT17-02-FRCNN,1,97,578,u_to_v,1,97,1,579,22,227,227,1,97,1,1,578,352,600,559,249,559,227,1,22,22,22,1.0,2.572781779318,0.731094616924,0.0,0.506412866317,0.807129707985,-1.0,-1.0,156,3787,2.886909690979,1,"{""97"": 22}",22,30,30,1,22,27,30,22,1.0,0.932032944887,3,34,34,1.0,1.0,1.0,-0.0,1,0,0,22,0,22,-1.0,-1.0,0,594,660,0,-1254,1254,-1.0,79,57,-22,-0.278481012658,22,1.0,60,60,1,22,57,60,22,1.0,0.932032944887,3,34,34,1.0,1.0,1.0,-0.0,1,0,0,22,0,22,-1.0,-1.0,0,1254,1320,0,-2574,2574,-1.0,139,117,-22,-0.158273381295,22,1.0,120,120,1,22,117,120,22,1.0,0.932032944887,3,34,34,1.0,1.0,1.0,-0.0,1,0,0,22,0,22,-1.0,-1.0,0,2574,2640,0,-5214,5214,-1.0,259,237,-22,-0.084942084942,22,1.0,281,227,1,22,278,226,22,1.0,0.932032944887,3,34,34,1.0,1.0,1.0,-0.0,1,0,0,22,0,22,-1.0,-1.0,0,6116,4972,0,-11088,11088,-1.0,526,504,-22,-0.041825095057,22,1.0,559,227,1,22,556,226,22,1.0,0.932032944887,3,34,34,1.0,1.0,1.0,-0.0,1,0,0,22,0,22,-1.0,-1.0,0,12232,4972,0,-17204,17204,-1.0,804,782,-22,-0.02736318408,22,1.0
MOT17-02-FRCNN,1,105,578,u_to_v,1,105,1,579,22,206,206,1,105,1,1,578,373,600,559,228,559,206,1,22,22,22,1.0,3.675277989652,0.883649424334,0.0,0.703159096356,0.940975302809,-1.0,-1.0,157,3789,4.060603785651,1,"{""105"": 22}",22,30,30,1,22,27,30,22,1.0,0.918394045763,3,35,35,1.0,1.0,1.0,-0.0,1,0,0,22,0,22,-1.0,-1.0,0,594,660,0,-1254,1254,-1.0,79,57,-22,-0.278481012658,22,1.0,60,60,1,22,57,60,22,1.0,0.918394045763,3,35,35,1.0,1.0,1.0,-0.0,1,0,0,22,0,22,-1.0,-1.0,0,1254,1320,0,-2574,2574,-1.0,139,117,-22,-0.158273381295,22,1.0,120,120,1,22,117,120,22,1.0,0.918394045763,3,35,35,1.0,1.0,1.0,-0.0,1,0,0,22,0,22,-1.0,-1.0,0,2574,2640,0,-5214,5214,-1.0,259,237,-22,-0.084942084942,22,1.0,281,206,1,22,278,206,22,1.0,0.918394045763,3,35,35,1.0,1.0,1.0,-0.0,1,0,0,22,0,22,-1.0,-1.0,0,6116,4532,0,-10648,10648,-1.0,506,484,-22,-0.04347826087,22,1.0,559,206,1,22,556,206,22,1.0,0.918394045763,3,35,35,1.0,1.0,1.0,-0.0,1,0,0,22,0,22,-1.0,-1.0,0,12232,4532,0,-16764,16764,-1.0,784,762,-22,-0.02806122449,22,1.0
MOT17-02-FRCNN,1,120,578,u_to_v,1,120,1,579,16,133,133,1,120,1,1,578,446,594,559,149,559,133,1,16,16,16,1.0,0.263274551406,0.165353276688,0.407096167216,0.218095511686,0.154554980118,-1.0,-1.0,158,3791,0.240103877954,1,"{""120"": 16}",16,30,30,1,16,27,30,8,0.5,0.929328972221,3,23,23,1.0,1.0,1.0,-0.0,1,0,0,8,0,8,-1.0,-1.0,0,216,240,0,-456,456,-1.0,65,57,-8,-0.123076923077,16,1.0,60,60,1,16,57,60,8,0.5,0.929328972221,3,23,23,1.0,1.0,1.0,-0.0,1,0,0,8,0,8,-1.0,-1.0,0,456,480,0,-936,936,-1.0,125,117,-8,-0.064,16,1.0,120,120,1,16,117,120,8,0.5,0.929328972221,3,23,23,1.0,1.0,1.0,-0.0,1,0,0,8,0,8,-1.0,-1.0,0,936,960,0,-1896,1896,-1.0,245,237,-8,-0.032653061224,16,1.0,281,133,1,16,278,133,8,0.5,0.929328972221,3,23,23,1.0,1.0,1.0,-0.0,1,0,0,8,0,8,-1.0,-1.0,0,2224,1064,0,-3288,3288,-1.0,419,411,-8,-0.019093078759,16,1.0,559,133,1,16,556,133,8,0.5,0.929328972221,3,23,23,1.0,1.0,1.0,-0.0,1,0,0,8,0,8,-1.0,-1.0,0,4448,1064,0,-5512,5512,-1.0,697,689,-8,-0.011477761836,16,1.0
MOT17-02-FRCNN,112,131,579,u_to_v,112,131,1,580,21,118,118,112,131,1,404,579,462,600,176,139,176,118,1,21,21,21,1.0,2.455374014808,0.031828366783,0.0,0.005244194254,0.043014710711,-1.0,-1.0,159,3817,2.468156997001,1,"{""131"": 21}",21,30,30,1,21,30,30,21,1.0,0.917842637759,54,49,49,0.966666666667,1.0,1.0,-0.0,1,0,0,21,0,21,-1.0,-1.0,0,630,630,0,-1260,1260,-1.0,80,59,-21,-0.259259259259,21,1.0,60,60,1,21,60,60,21,1.0,0.917842637759,54,49,49,0.983333333333,1.0,1.0,-0.0,1,0,0,21,0,21,-1.0,-1.0,0,1260,1260,0,-2520,2520,-1.0,140,119,-21,-0.148936170213,21,1.0,120,118,1,21,119,118,21,1.0,0.917842637759,54,49,49,0.991596638655,1.0,1.0,-0.0,1,0,0,21,0,21,-1.0,-1.0,0,2499,2478,0,-4977,4977,-1.0,257,236,-21,-0.081395348837,21,1.0,176,118,1,21,175,118,21,1.0,0.917842637759,54,49,49,0.994285714286,1.0,1.0,-0.0,1,0,0,21,0,21,-1.0,-1.0,0,3675,2478,0,-6153,6153,-1.0,313,292,-21,-0.066878980892,21,1.0,176,118,1,21,175,118,21,1.0,0.917842637759,54,49,49,0.994285714286,1.0,1.0,-0.0,1,0,0,21,0,21,-1.0,-1.0,0,3675,2478,0,-6153,6153,-1.0,313,292,-21,-0.066878980892,21,1.0
MOT17-02-FRCNN,112,134,579,u_to_v,112,134,1,580,21,114,114,112,134,1,404,579,466,600,176,135,176,114,1,21,21,21,1.0,0.790110029891,0.387085345439,0.0,0.42221410843,0.36652213416,-1.0,-1.0,160,3819,0.96575499051,1,"{""134"": 21}",21,30,30,1,21,30,30,21,1.0,0.963737425604,54,26,26,0.966666666667,1.0,1.0,-0.0,1,0,0,21,0,21,-1.0,-1.0,0,630,630,0,-1260,1260,-1.0,80,59,-21,-0.259259259259,21,1.0,60,60,1,21,60,60,21,1.0,0.963737425604,54,26,26,0.983333333333,1.0,1.0,-0.0,1,0,0,21,0,21,-1.0,-1.0,0,1260,1260,0,-2520,2520,-1.0,140,119,-21,-0.148936170213,21,1.0,120,114,1,21,119,114,21,1.0,0.963737425604,54,26,26,0.991596638655,1.0,1.0,-0.0,1,0,0,21,0,21,-1.0,-1.0,0,2499,2394,0,-4893,4893,-1.0,253,232,-21,-0.082677165354,21,1.0,176,114,1,21,175,114,21,1.0,0.963737425604,54,26,26,0.994285714286,1.0,1.0,-0.0,1,0,0,21,0,21,-1.0,-1.0,0,3675,2394,0,-6069,6069,-1.0,309,288,-21,-0.067741935484,21,1.0,176,114,1,21,175,114,21,1.0,0.963737425604,54,26,26,0.994285714286,1.0,1.0,-0.0,1,0,0,21,0,21,-1.0,-1.0,0,3675,2394,0,-6069,6069,-1.0,309,288,-21,-0.067741935484,21,1.0
MOT17-02-FRCNN,137,148,584,v_to_u,148,137,1,585,16,41,41,148,137,1,544,584,488,600,41,113,41,97,1,16,16,16,1.0,0.280679769795,0.276172527896,0.503064742796,0.129782219702,0.255361664596,-1.0,-1.0,161,3846,0.262471104499,1,"{""137"": 16}",16,30,30,1,16,30,30,16,1.0,0.931508588755,55,56,56,1.0,1.0,1.0,-0.0,1,0,0,16,0,16,-1.0,-1.0,0,480,480,0,-960,960,-1.0,76,60,-16,-0.210526315789,16,1.0,41,60,1,16,41,60,16,1.0,0.931508588755,55,56,56,1.0,1.0,1.0,-0.0,1,0,0,16,0,16,-1.0,-1.0,0,656,960,0,-1616,1616,-1.0,117,101,-16,-0.136752136752,16,1.0,41,97,1,16,41,97,16,1.0,0.931508588755,55,56,56,1.0,1.0,1.0,-0.0,1,0,0,16,0,16,-1.0,-1.0,0,656,1552,0,-2208,2208,-1.0,154,138,-16,-0.103896103896,16,1.0,41,97,1,16,41,97,16,1.0,0.931508588755,55,56,56,1.0,1.0,1.0,-0.0,1,0,0,16,0,16,-1.0,-1.0,0,656,1552,0,-2208,2208,-1.0,154,138,-16,-0.103896103896,16,1.0,41,97,1,16,41,97,16,1.0,0.931508588755,55,56,56,1.0,1.0,1.0,-0.0,1,0,0,16,0,16,-1.0,-1.0,0,656,1552,0,-2208,2208,-1.0,154,138,-16,-0.103896103896,16,1.0
MOT17-02-FRCNN,143,154,585,u_to_v,143,154,1,586,15,17,17,143,154,1,512,585,569,600,74,32,74,17,1,15,15,15,1.0,0.969701940195,0.743666184256,0.0,0.415006063471,0.780406741088,-1.0,-1.0,162,3877,1.275159766715,1,"{""154"": 15}",15,30,17,1,15,25,17,15,1.0,0.907361385743,41,33,33,1.0,1.0,1.0,-0.0,1,0,0,15,0,15,-1.0,-1.0,0,375,255,0,-630,630,-1.0,57,42,-15,-0.263157894737,15,1.0,60,17,1,15,55,17,15,1.0,0.907361385743,41,33,33,1.0,1.0,1.0,-0.0,1,0,0,15,0,15,-1.0,-1.0,0,825,255,0,-1080,1080,-1.0,87,72,-15,-0.172413793103,15,1.0,74,17,1,15,68,17,15,1.0,0.907361385743,41,33,33,1.0,1.0,1.0,-0.0,1,0,0,15,0,15,-1.0,-1.0,0,1020,255,0,-1275,1275,-1.0,100,85,-15,-0.15,15,1.0,74,17,1,15,68,17,15,1.0,0.907361385743,41,33,33,1.0,1.0,1.0,-0.0,1,0,0,15,0,15,-1.0,-1.0,0,1020,255,0,-1275,1275,-1.0,100,85,-15,-0.15,15,1.0,74,17,1,15,68,17,15,1.0,0.907361385743,41,33,33,1.0,1.0,1.0,-0.0,1,0,0,15,0,15,-1.0,-1.0,0,1020,255,0,-1275,1275,-1.0,100,85,-15,-0.15,15,1.0
MOT17-02-FRCNN,79,158,587,v_to_u,158,79,1,588,13,7,7,158,79,1,581,587,271,600,7,330,7,317,1,13,13,13,1.0,0.165648666963,0.076289889855,0.589577717813,0.006684923102,0.030566139691,-1.0,-1.0,163,3883,0.041051816253,1,"{""79"": 13}",13,7,30,1,13,7,28,13,1.0,0.82520074939,60,61,61,0.714285714286,0.928571428571,1.0,-0.0,1,0,0,13,0,13,-1.0,-1.0,26,65,338,26,-351,455,-0.771428571429,44,31,-13,-0.270833333333,13,1.0,7,60,1,13,7,58,13,1.0,0.82520074939,60,61,61,0.714285714286,0.948275862069,1.0,-0.0,1,0,0,13,0,13,-1.0,-1.0,26,65,715,39,-715,845,-0.846153846154,73,60,-13,-0.166666666667,13,1.0,7,120,1,13,7,118,13,1.0,0.82520074939,60,61,61,0.714285714286,0.889830508475,1.0,-0.0,1,0,0,13,0,13,-1.0,-1.0,26,65,1365,169,-1235,1625,-0.76,123,110,-13,-0.094202898551,13,1.0,7,300,1,13,7,298,13,1.0,0.82520074939,60,61,61,0.714285714286,0.44966442953,1.0,-0.0,1,0,0,13,0,13,-1.0,-1.0,26,65,1742,2132,351,3965,0.088524590164,152,148,-4,-0.012578616352,13,1.0,7,317,1,13,7,315,13,1.0,0.82520074939,60,60,61,0.714285714286,0.47619047619,1.0,-0.0,1,1,0,0,0,0,0.0,0.0,26,65,1742,2353,572,4186,0.136645962733,152,165,13,0.038805970149,13,1.0
MOT17-02-FRCNN,93,120,594,v_to_u,120,93,1,595,6,149,149,120,93,1,446,594,336,600,149,265,149,259,1,6,6,6,1.0,2.974888495199,0.951837187982,0.0,0.944790631276,0.986797703384,-1.0,-1.0,164,3909,3.406006625661,1,"{""93"": 6}",6,30,30,1,6,22,30,6,1.0,0.929871042527,23,32,32,1.0,1.0,1.0,-0.0,1,0,0,6,0,6,-1.0,-1.0,0,132,180,0,-312,312,-1.0,58,52,-6,-0.103448275862,6,1.0,60,60,1,6,52,60,6,1.0,0.929871042527,23,32,32,1.0,1.0,1.0,-0.0,1,0,0,6,0,6,-1.0,-1.0,0,312,360,0,-672,672,-1.0,118,112,-6,-0.050847457627,6,1.0,120,120,1,6,112,120,6,1.0,0.929871042527,23,32,32,1.0,1.0,1.0,-0.0,1,0,0,6,0,6,-1.0,-1.0,0,672,720,0,-1392,1392,-1.0,238,232,-6,-0.025210084034,6,1.0,149,259,1,6,141,259,6,1.0,0.929871042527,23,32,32,1.0,0.501930501931,1.0,-0.0,1,0,0,6,0,6,-1.0,-1.0,0,846,780,774,-852,2400,-0.355,277,271,-6,-0.014778325123,6,1.0,149,259,1,6,141,259,6,1.0,0.929871042527,23,32,32,1.0,0.501930501931,1.0,-0.0,1,0,0,6,0,6,-1.0,-1.0,0,846,780,774,-852,2400,-0.355,277,271,-6,-0.014778325123,6,1.0
MOT17-04-FRCNN,21,30,28,v_to_u,30,21,1,29,1022,28,28,30,21,1,1,28,1,1050,28,1050,28,28,1,1022,1022,1022,1.0,0.156830408313,0.093962821942,0.67985463701,0.007404554486,0.035451578375,-1.0,-1.0,1,21,0.014643067832,1,"{""21"": 1022}",1022,28,28,1,30,28,28,30,1.0,0.888265995021,94,93,93,1.0,1.0,1.0,-0.0,1,0,0,30,0,30,-1.0,-1.0,0,840,840,0,-1680,1680,-1.0,86,56,-30,-0.348837209302,30,1.0,28,28,1,60,28,28,60,1.0,0.888257182901,94,93,93,1.0,1.0,1.0,-0.0,1,0,0,60,0,60,-1.0,-1.0,0,1680,1680,0,-3360,3360,-1.0,116,60,-56,-0.48275862069,60,1.0,28,28,1,120,28,28,120,1.0,0.879594539567,94,93,93,1.0,1.0,0.983333333333,0.084766075715,2,0,2,118,2,118,-0.966666666667,-0.966666666667,56,3304,3304,56,-6496,6720,-0.966666666667,174,118,-56,-0.318181818182,120,1.0,28,28,1,300,28,28,300,1.0,0.901423518374,94,93,93,1.0,1.0,0.993333333333,0.04004863019,2,0,2,298,2,298,-0.986666666667,-0.986666666667,56,8344,8344,56,-16576,16800,-0.986666666667,354,298,-56,-0.157303370787,300,1.0,28,28,1,1022,28,28,1022,1.0,0.901309641963,94,93,93,1.0,1.0,0.95988258317,0.176136358441,3,0,2,981,2,981,-0.957925636008,-0.957925636008,56,28560,27468,1148,-54824,57232,-0.957925636008,1037,981,-56,-0.051948051948,1022,1.0
MOT17-04-FRCNN,34,39,39,u_to_v,34,39,1,40,45,39,39,34,39,1,1,39,1,84,39,84,39,39,1,45,45,45,1.0,2.621114755275,0.775659664179,0.0,0.587947255877,0.199251492599,-1.0,-1.0,2,79,2.893749546167,1,"{""39"": 45}",45,30,30,1,30,21,30,30,1.0,0.882139420913,116,72,72,1.0,1.0,1.0,-0.0,1,0,0,30,0,30,-1.0,-1.0,0,630,900,0,-1530,1530,-1.0,81,51,-30,-0.37037037037,30,1.0,39,39,1,45,30,39,41,0.911111111111,0.875396045119,116,72,72,1.0,1.0,1.0,-0.0,1,0,0,41,0,41,-1.0,-1.0,0,1230,1599,0,-2829,2829,-1.0,110,69,-41,-0.372727272727,45,1.0,39,39,1,45,30,39,41,0.911111111111,0.875396045119,116,72,72,1.0,1.0,1.0,-0.0,1,0,0,41,0,41,-1.0,-1.0,0,1230,1599,0,-2829,2829,-1.0,110,69,-41,-0.372727272727,45,1.0,39,39,1,45,30,39,41,0.911111111111,0.875396045119,116,72,72,1.0,1.0,1.0,-0.0,1,0,0,41,0,41,-1.0,-1.0,0,1230,1599,0,-2829,2829,-1.0,110,69,-41,-0.372727272727,45,1.0,39,39,1,45,30,39,41,0.911111111111,0.875396045119,116,72,72,1.0,1.0,1.0,-0.0,1,0,0,41,0,41,-1.0,-1.0,0,1230,1599,0,-2829,2829,-1.0,110,69,-41,-0.372727272727,45,1.0
MOT17-04-FRCNN,10,35,49,v_to_u,35,10,1,50,459,49,49,35,10,1,1,49,1,508,49,508,49,49,1,459,459,459,1.0,1.507606450435,1.103461909134,0.047941672674,0.250473966791,0.416658614956,-1.0,-1.0,3,93,1.838199767725,1,"{""10"": 459}",459,30,30,1,30,25,30,30,1.0,0.961416262427,77,76,76,1.0,1.0,1.0,-0.0,1,0,0,30,0,30,-1.0,-1.0,0,750,900,0,-1650,1650,-1.0,85,55,-30,-0.352941176471,30,1.0,49,49,1,60,44,49,60,1.0,0.960378302711,77,76,76,1.0,1.0,1.0,-0.0,1,0,0,60,0,60,-1.0,-1.0,0,2640,2940,0,-5580,5580,-1.0,153,93,-60,-0.392156862745,60,1.0,49,49,1,120,44,49,120,1.0,0.968112904035,77,76,76,1.0,1.0,1.0,-0.0,1,0,0,120,0,120,-1.0,-1.0,0,5280,5880,0,-11160,11160,-1.0,213,120,-93,-0.43661971831,120,1.0,49,49,1,300,44,49,300,1.0,0.961397892326,77,76,76,1.0,1.0,1.0,-0.0,1,0,0,300,0,300,-1.0,-1.0,0,13200,14700,0,-27900,27900,-1.0,393,300,-93,-0.236641221374,300,1.0,49,49,1,459,44,49,459,1.0,0.941838334874,77,76,76,1.0,1.0,1.0,-0.0,1,0,0,459,0,459,-1.0,-1.0,0,20196,22491,0,-42687,42687,-1.0,552,459,-93,-0.16847826087,459,1.0
MOT17-04-FRCNN,3,32,81,v_to_u,32,3,1,82,969,81,81,32,3,1,1,81,1,1050,81,1050,81,81,1,969,969,969,1.0,1.824967384463,0.691228502188,0.0,0.004241787908,0.038415513823,-1.0,-1.0,4,126,2.002040240183,1,"{""3"": 969}",969,30,30,1,30,29,30,30,1.0,0.983860736174,61,4,4,1.0,1.0,1.0,-0.0,1,0,0,30,0,30,-1.0,-1.0,0,870,900,0,-1770,1770,-1.0,89,59,-30,-0.337078651685,30,1.0,60,60,1,60,59,60,60,1.0,0.985750443147,61,4,4,1.0,1.0,1.0,-0.0,1,0,0,60,0,60,-1.0,-1.0,0,3540,3600,0,-7140,7140,-1.0,179,119,-60,-0.335195530726,60,1.0,81,81,1,120,80,81,120,1.0,0.977461731416,61,4,4,1.0,1.0,1.0,-0.0,1,0,0,120,0,120,-1.0,-1.0,0,9600,9720,0,-19320,19320,-1.0,281,161,-120,-0.427046263345,120,1.0,81,81,1,300,80,81,300,1.0,0.966081275624,61,4,4,1.0,1.0,1.0,-0.0,1,0,0,300,0,300,-1.0,-1.0,0,24000,24300,0,-48300,48300,-1.0,461,300,-161,-0.349240780911,300,1.0,81,81,1,969,80,81,969,1.0,0.951111781791,61,4,4,1.0,1.0,1.0,-0.0,1,0,0,969,0,969,-1.0,-1.0,0,77520,78489,0,-156009,156009,-1.0,1130,969,-161,-0.142477876106,969,1.0
MOT17-04-FRCNN,9,39,84,v_to_u,39,9,1,85,442,84,84,39,9,1,1,84,1,526,84,526,84,84,1,442,442,442,1.0,3.631267551831,2.563638841142,0.0,0.43065393099,0.502441218093,-1.0,-1.0,5,172,4.365486777025,1,"{""9"": 442}",442,30,30,1,30,26,30,30,1.0,0.957173240675,72,67,67,1.0,1.0,1.0,-0.0,1,0,0,30,0,30,-1.0,-1.0,0,780,900,0,-1680,1680,-1.0,86,56,-30,-0.348837209302,30,1.0,60,60,1,60,56,60,60,1.0,0.938009273131,72,67,67,1.0,1.0,1.0,-0.0,1,0,0,60,0,60,-1.0,-1.0,0,3360,3600,0,-6960,6960,-1.0,176,116,-60,-0.340909090909,60,1.0,84,84,1,120,80,84,120,1.0,0.921843301062,72,67,67,1.0,1.0,1.0,-0.0,1,0,0,120,0,120,-1.0,-1.0,0,9600,10080,0,-19680,19680,-1.0,284,164,-120,-0.422535211268,120,1.0,84,84,1,300,80,84,300,1.0,0.935962204951,72,67,67,1.0,1.0,1.0,-0.0,1,0,0,300,0,300,-1.0,-1.0,0,24000,25200,0,-49200,49200,-1.0,464,300,-164,-0.353448275862,300,1.0,84,84,1,442,80,84,435,0.984162895928,0.91160790451,72,67,67,1.0,1.0,1.0,-0.0,1,0,0,435,0,435,-1.0,-1.0,0,34800,36540,0,-71340,71340,-1.0,599,435,-164,-0.273789649416,442,1.0
MOT17-04-FRCNN,39,40,84,u_to_v,39,40,1,85,4,84,84,39,40,1,1,84,1,88,84,88,84,84,1,4,4,4,1.0,0.311490017124,0.005428529338,0.334338950843,0.001505862391,0.089190940263,-1.0,-1.0,6,198,0.238332092013,1,"{""40"": 4}",4,30,30,1,4,26,17,0,0.0,,72,73,-1,1.0,1.0,,,0,0,0,0,0,0,0.0,0.0,0,0,0,0,0,0,0.0,43,43,0,0.0,4,1.0,60,60,1,4,56,47,0,0.0,,72,73,-1,1.0,1.0,,,0,0,0,0,0,0,0.0,0.0,0,0,0,0,0,0,0.0,103,103,0,0.0,4,1.0,84,84,1,4,80,71,0,0.0,,72,73,-1,1.0,1.0,,,0,0,0,0,0,0,0.0,0.0,0,0,0,0,0,0,0.0,151,151,0,0.0,4,1.0,84,84,1,4,80,71,0,0.0,,72,73,-1,1.0,1.0,,,0,0,0,0,0,0,0.0,0.0,0,0,0,0,0,0,0.0,151,151,0,0.0,4,1.0,84,84,1,4,80,71,0,0.0,,72,73,-1,1.0,1.0,,,0,0,0,0,0,0,0.0,0.0,0,0,0,0,0,0,0.0,151,151,0,0.0,4,1.0
MOT17-04-FRCNN,33,46,139,v_to_u,46,33,1,140,382,26,26,46,33,1,114,139,1,521,26,521,26,139,1,382,382,382,1.0,2.033245995297,1.622225400081,0.0,0.256657234168,0.515442840429,-1.0,-1.0,7,271,2.516012352777,1,"{""33"": 382}",382,26,30,1,30,17,30,30,1.0,0.901094289051,139,74,74,1.0,1.0,1.0,-0.0,1,0,0,30,0,30,-1.0,-1.0,0,510,900,0,-1410,1410,-1.0,77,47,-30,-0.38961038961,30,1.0,26,60,1,60,17,60,60,1.0,0.890679301595,139,74,74,1.0,1.0,1.0,-0.0,1,0,0,60,0,60,-1.0,-1.0,0,1020,3600,0,-4620,4620,-1.0,137,77,-60,-0.43795620438,60,1.0,26,120,1,120,17,120,120,1.0,0.860008665955,139,74,74,1.0,1.0,1.0,-0.0,1,0,0,120,0,120,-1.0,-1.0,0,2040,14400,0,-16440,16440,-1.0,257,137,-120,-0.466926070039,120,1.0,26,139,1,300,17,139,300,1.0,0.884225297115,139,74,74,1.0,1.0,1.0,-0.0,1,0,0,300,0,300,-1.0,-1.0,0,5100,41700,0,-46800,46800,-1.0,456,300,-156,-0.342105263158,300,1.0,26,139,1,382,17,139,382,1.0,0.89328013516,139,74,74,1.0,1.0,1.0,-0.0,1,0,0,382,0,382,-1.0,-1.0,0,6494,53098,0,-59592,59592,-1.0,538,382,-156,-0.289962825279,382,1.0
MOT17-04-FRCNN,18,47,158,v_to_u,47,18,1,159,892,34,34,47,18,1,125,158,1,1050,34,1050,34,158,1,892,892,892,1.0,0.11709095272,0.020716237349,0.683286306081,0.044342704455,0.05091441141,-1.0,-1.0,8,298,-0.039025852876,1,"{""18"": 892}",892,30,30,1,30,30,30,30,1.0,0.966018974248,94,95,95,1.0,1.0,1.0,-0.0,1,0,0,30,0,30,-1.0,-1.0,0,900,900,0,-1800,1800,-1.0,90,60,-30,-0.333333333333,30,1.0,34,60,1,60,34,60,60,1.0,0.948181374921,94,95,95,1.0,1.0,1.0,-0.0,1,0,0,60,0,60,-1.0,-1.0,0,2040,3600,0,-5640,5640,-1.0,154,94,-60,-0.38961038961,60,1.0,34,120,1,120,34,120,120,1.0,0.947453740452,94,95,95,1.0,1.0,1.0,-0.0,1,0,0,120,0,120,-1.0,-1.0,0,4080,14400,0,-18480,18480,-1.0,274,154,-120,-0.43795620438,120,1.0,34,158,1,300,34,158,300,1.0,0.945458005503,94,95,95,1.0,1.0,0.993333333333,0.04004863019,2,0,2,298,2,298,-0.986666666667,-0.986666666667,68,10132,47084,316,-56832,57600,-0.986666666667,490,298,-192,-0.390243902439,300,1.0,34,158,1,892,34,158,892,1.0,0.939049373306,94,95,95,1.0,1.0,0.997757847534,0.015917482146,2,0,2,890,2,890,-0.995515695067,-0.995515695067,68,30260,140620,316,-170496,171264,-0.995515695067,1082,890,-192,-0.177121771218,892,1.0
MOT17-04-FRCNN,28,29,311,u_to_v,28,29,1,312,4,311,311,28,29,1,1,311,1,315,311,315,311,311,1,4,4,4,1.0,0.660427630457,0.034406675277,0.0,0.09100276722,0.076553792098,-1.0,-1.0,9,347,0.685784955208,1,"{""29"": 4}",4,30,30,1,4,19,29,0,0.0,,84,85,-1,1.0,1.0,,,0,0,0,0,0,0,0.0,0.0,0,0,0,0,0,0,0.0,48,48,0,0.0,4,1.0,60,60,1,4,49,59,0,0.0,,84,85,-1,1.0,1.0,,,0,0,0,0,0,0,0.0,0.0,0,0,0,0,0,0,0.0,108,108,0,0.0,4,1.0,120,120,1,4,109,119,0,0.0,,84,85,-1,1.0,1.0,,,0,0,0,0,0,0,0.0,0.0,0,0,0,0,0,0,0.0,228,228,0,0.0,4,1.0,300,300,1,4,289,299,0,0.0,,84,85,-1,1.0,1.0,,,0,0,0,0,0,0,0.0,0.0,0,0,0,0,0,0,0.0,588,588,0,0.0,4,1.0,311,311,1,4,300,310,0,0.0,,84,85,-1,1.0,1.0,,,0,0,0,0,0,0,0.0,0.0,0,0,0,0,0,0,0.0,610,610,0,0.0,4,1.0
MOT17-04-FRCNN,18,49,368,v_to_u,49,18,1,369,682,176,176,49,18,1,193,368,1,1050,176,1050,176,368,1,682,682,682,1.0,0.179202558159,0.140665432578,0.686064647587,0.046936397284,0.088085804193,-1.0,-1.0,10,430,0.056354974554,1,"{""18"": 682}",682,30,30,1,30,30,30,30,1.0,0.95353071349,94,95,95,1.0,1.0,0.933333333333,0.244930026795,2,0,2,28,2,28,-0.866666666667,-0.866666666667,60,840,840,60,-1560,1800,-0.866666666667,88,62,-26,-0.288888888889,30,1.0,60,60,1,60,60,60,60,1.0,0.945669147324,94,95,95,1.0,1.0,0.966666666667,0.146144746009,2,0,2,58,2,58,-0.933333333333,-0.933333333333,120,3480,3480,120,-6720,7200,-0.933333333333,178,122,-56,-0.311111111111,60,1.0,120,120,1,120,120,120,120,1.0,0.939326586701,94,95,95,1.0,1.0,0.983333333333,0.084766075715,2,0,2,118,2,118,-0.966666666667,-0.966666666667,240,14160,14160,240,-27840,28800,-0.966666666667,358,242,-116,-0.322222222222,120,1.0,176,300,1,300,176,300,300,1.0,0.941464012089,94,95,95,1.0,1.0,0.993333333333,0.04004863019,2,0,2,298,2,298,-0.986666666667,-0.986666666667,352,52448,89400,600,-140896,142800,-0.986666666667,774,478,-296,-0.381443298969,300,1.0,176,368,1,682,176,368,682,1.0,0.936456331588,94,95,95,1.0,1.0,0.99706744868,0.020030541836,2,0,2,680,2,680,-0.994134897361,-0.994134897361,352,119680,250240,736,-368832,371008,-0.994134897361,1224,680,-544,-0.443719412724,682,1.0
MOT17-04-FRCNN,48,50,382,u_to_v,48,50,1,383,30,182,182,48,50,1,171,382,201,412,212,212,212,182,1,30,30,30,1.0,0.818751903016,0.212700845684,0.018209397091,0.272786932061,0.268136585887,-1.0,-1.0,11,497,0.921467116959,1,"{""50"": 30}",30,30,30,1,30,25,30,27,0.9,0.778060971227,122,123,123,1.0,1.0,1.0,-0.0,1,0,0,27,0,27,-1.0,-1.0,0,675,810,0,-1485,1485,-1.0,82,55,-27,-0.329268292683,30,1.0,60,60,1,30,55,60,27,0.9,0.778060971227,122,123,123,1.0,1.0,1.0,-0.0,1,0,0,27,0,27,-1.0,-1.0,0,1485,1620,0,-3105,3105,-1.0,142,115,-27,-0.19014084507,30,1.0,120,120,1,30,115,120,27,0.9,0.778060971227,122,123,123,1.0,1.0,1.0,-0.0,1,0,0,27,0,27,-1.0,-1.0,0,3105,3240,0,-6345,6345,-1.0,262,235,-27,-0.103053435115,30,1.0,212,182,1,30,207,182,27,0.9,0.778060971227,122,123,123,1.0,1.0,1.0,-0.0,1,0,0,27,0,27,-1.0,-1.0,0,5589,4914,0,-10503,10503,-1.0,416,389,-27,-0.064903846154,30,1.0,212,182,1,30,207,182,27,0.9,0.778060971227,122,123,123,1.0,1.0,1.0,-0.0,1,0,0,27,0,27,-1.0,-1.0,0,5589,4914,0,-10503,10503,-1.0,416,389,-27,-0.064903846154,30,1.0
MOT17-04-FRCNN,1,50,412,v_to_u,50,1,1,413,638,212,212,50,1,1,201,412,1,1050,212,1050,212,412,1,638,638,638,1.0,2.259622628937,1.126631842096,0.0,0.062390866913,0.33650445104,-1.0,-1.0,12,506,2.581170121256,1,"{""1"": 638}",638,30,30,1,30,27,30,30,1.0,0.974032572713,123,6,6,1.0,1.0,1.0,-0.0,1,0,0,30,0,30,-1.0,-1.0,0,810,900,0,-1710,1710,-1.0,87,57,-30,-0.344827586207,30,1.0,60,60,1,60,57,60,60,1.0,0.975441157563,123,6,6,1.0,1.0,1.0,-0.0,1,0,0,60,0,60,-1.0,-1.0,0,3420,3600,0,-7020,7020,-1.0,177,117,-60,-0.338983050847,60,1.0,120,120,1,120,117,120,120,1.0,0.979094570792,123,6,6,1.0,1.0,1.0,-0.0,1,0,0,120,0,120,-1.0,-1.0,0,14040,14400,0,-28440,28440,-1.0,357,237,-120,-0.336134453782,120,1.0,212,300,1,300,209,300,300,1.0,0.975653912138,123,6,6,1.0,1.0,1.0,-0.0,1,0,0,300,0,300,-1.0,-1.0,0,62700,90000,0,-152700,152700,-1.0,809,509,-300,-0.370828182942,300,1.0,212,412,1,638,209,412,638,1.0,0.978096254327,123,6,6,1.0,1.0,1.0,-0.0,1,0,0,638,0,638,-1.0,-1.0,0,133342,262856,0,-396198,396198,-1.0,1259,638,-621,-0.493248610008,638,1.0
MOT17-04-FRCNN,7,57,475,u_to_v,7,57,1,476,575,142,142,7,57,1,1,475,334,1050,475,717,475,142,1,575,575,575,1.0,1.288751462007,0.764800577504,0.043219301706,0.043476890656,0.047042084401,-1.0,-1.0,13,595,1.478198678462,1,"{""57"": 575}",575,30,30,1,30,19,30,30,1.0,0.919517403396,62,111,111,1.0,1.0,1.0,-0.0,1,0,0,30,0,30,-1.0,-1.0,0,570,900,0,-1470,1470,-1.0,79,49,-30,-0.379746835443,30,1.0,60,60,1,60,49,60,60,1.0,0.926408219893,62,111,111,1.0,1.0,1.0,-0.0,1,0,0,60,0,60,-1.0,-1.0,0,2940,3600,0,-6540,6540,-1.0,169,109,-60,-0.355029585799,60,1.0,120,120,1,120,109,120,120,1.0,0.944618906438,62,111,111,1.0,1.0,1.0,-0.0,1,0,0,120,0,120,-1.0,-1.0,0,13080,14400,0,-27480,27480,-1.0,349,229,-120,-0.343839541547,120,1.0,300,142,1,300,289,142,300,1.0,0.949485697305,62,111,111,1.0,1.0,1.0,-0.0,1,0,0,300,0,300,-1.0,-1.0,0,86700,42600,0,-129300,129300,-1.0,731,431,-300,-0.410396716826,300,1.0,475,142,1,575,464,142,575,1.0,0.942316770837,62,111,111,1.0,1.0,1.0,-0.0,1,0,0,575,0,575,-1.0,-1.0,0,266800,81650,0,-348450,348450,-1.0,1181,606,-575,-0.486875529213,575,1.0
MOT17-04-FRCNN,10,25,508,u_to_v,10,25,1,509,542,508,508,10,25,1,1,508,1,1050,508,1050,508,508,1,542,542,542,1.0,2.272515459212,0.515723927905,0.0,0.141438495436,0.026660097853,-1.0,-1.0,14,622,2.418256300517,1,"{""25"": 542}",542,30,30,1,30,30,30,30,1.0,0.9501040228,76,78,78,1.0,1.0,1.0,-0.0,1,0,0,30,0,30,-1.0,-1.0,0,900,900,0,-1800,1800,-1.0,90,60,-30,-0.333333333333,30,1.0,60,60,1,60,60,60,60,1.0,0.925816146139,76,78,78,1.0,1.0,1.0,-0.0,1,0,0,60,0,60,-1.0,-1.0,0,3600,3600,0,-7200,7200,-1.0,180,120,-60,-0.333333333333,60,1.0,120,120,1,120,120,120,120,1.0,0.931357359448,76,78,78,1.0,1.0,1.0,-0.0,1,0,0,120,0,120,-1.0,-1.0,0,14400,14400,0,-28800,28800,-1.0,360,240,-120,-0.333333333333,120,1.0,300,300,1,300,300,300,300,1.0,0.943174398862,76,78,78,1.0,1.0,1.0,-0.0,1,0,0,300,0,300,-1.0,-1.0,0,90000,90000,0,-180000,180000,-1.0,900,600,-300,-0.333333333333,300,1.0,508,508,1,542,508,508,542,1.0,0.935480614268,76,78,78,1.0,1.0,1.0,-0.0,1,0,0,542,0,542,-1.0,-1.0,0,275336,275336,0,-550672,550672,-1.0,1558,1016,-542,-0.347881899872,542,1.0
MOT17-04-FRCNN,53,55,515,v_to_u,55,53,1,516,16,246,246,55,53,1,270,515,261,531,246,271,246,255,1,16,16,16,1.0,2.061832406891,1.023240990518,0.0,0.22627835012,0.284625738724,-1.0,-1.0,15,685,2.368733063405,1,"{""53"": 16}",16,30,30,1,16,15,30,12,0.75,0.855962454388,140,135,135,1.0,1.0,1.0,-0.0,1,0,0,12,0,12,-1.0,-1.0,0,180,360,0,-540,540,-1.0,57,45,-12,-0.210526315789,16,1.0,60,60,1,16,45,60,12,0.75,0.855962454388,140,135,135,1.0,1.0,1.0,-0.0,1,0,0,12,0,12,-1.0,-1.0,0,540,720,0,-1260,1260,-1.0,117,105,-12,-0.102564102564,16,1.0,120,120,1,16,105,120,12,0.75,0.855962454388,140,135,135,1.0,1.0,1.0,-0.0,1,0,0,12,0,12,-1.0,-1.0,0,1260,1440,0,-2700,2700,-1.0,237,225,-12,-0.050632911392,16,1.0,246,255,1,16,230,255,12,0.75,0.855962454388,140,135,135,1.0,1.0,1.0,-0.0,1,0,0,12,0,12,-1.0,-1.0,0,2760,3060,0,-5820,5820,-1.0,497,485,-12,-0.024144869215,16,1.0,246,255,1,16,230,255,12,0.75,0.855962454388,140,135,135,1.0,1.0,1.0,-0.0,1,0,0,12,0,12,-1.0,-1.0,0,2760,3060,0,-5820,5820,-1.0,497,485,-12,-0.024144869215,16,1.0
MOT17-04-FRCNN,17,33,521,v_to_u,33,17,1,522,529,521,521,33,17,1,1,521,1,1050,521,1050,521,521,1,529,529,529,1.0,2.48463413092,0.197373641715,0.0,0.099603622959,0.125796588921,-1.0,-1.0,16,709,2.556517562536,1,"{""17"": 529}",529,30,30,1,30,30,30,30,1.0,0.941676325111,74,86,86,1.0,1.0,1.0,-0.0,1,0,0,30,0,30,-1.0,-1.0,0,900,900,0,-1800,1800,-1.0,90,60,-30,-0.333333333333,30,1.0,60,60,1,60,60,60,60,1.0,0.92592307593,74,86,86,1.0,1.0,1.0,-0.0,1,0,0,60,0,60,-1.0,-1.0,0,3600,3600,0,-7200,7200,-1.0,180,120,-60,-0.333333333333,60,1.0,120,120,1,120,120,120,120,1.0,0.926565350504,74,86,86,1.0,1.0,1.0,-0.0,1,0,0,120,0,120,-1.0,-1.0,0,14400,14400,0,-28800,28800,-1.0,360,240,-120,-0.333333333333,120,1.0,300,300,1,300,300,300,300,1.0,0.923870073847,74,86,86,1.0,1.0,1.0,-0.0,1,0,0,300,0,300,-1.0,-1.0,0,90000,90000,0,-180000,180000,-1.0,900,600,-300,-0.333333333333,300,1.0,521,521,1,529,521,521,529,1.0,0.931802065776,74,86,86,1.0,1.0,1.0,-0.0,1,0,0,529,0,529,-1.0,-1.0,0,275609,275609,0,-551218,551218,-1.0,1571,1042,-529,-0.3367281986,529,1.0
MOT17-04-FRCNN,33,36,521,u_to_v,33,36,1,522,529,521,521,33,36,1,1,521,1,1050,521,1050,521,521,1,529,529,529,1.0,0.1131033434,0.084867835135,0.703012339576,0.10355314299,0.071830343041,-1.0,-1.0,17,721,-0.023894434107,1,"{""36"": 529}",529,30,30,1,30,30,30,30,1.0,0.861926123675,74,75,75,1.0,1.0,0.9,0.325082973391,2,0,3,27,3,27,-0.8,-0.8,90,810,810,90,-1440,1800,-0.8,87,63,-24,-0.266666666667,30,1.0,60,60,1,60,60,60,60,1.0,0.886853952529,74,75,75,1.0,1.0,0.95,0.198515243346,2,0,3,57,3,57,-0.9,-0.9,180,3420,3420,180,-6480,7200,-0.9,177,123,-54,-0.3,60,1.0,120,120,1,120,120,120,120,1.0,0.907373875159,74,75,75,1.0,1.0,0.975,0.116906849138,2,0,3,117,3,117,-0.95,-0.95,360,14040,14040,360,-27360,28800,-0.95,357,243,-114,-0.316666666667,120,1.0,300,300,1,300,300,300,300,1.0,0.915326954311,74,75,75,1.0,1.0,0.99,0.056001534355,2,0,3,297,3,297,-0.98,-0.98,900,89100,89100,900,-176400,180000,-0.98,897,603,-294,-0.326666666667,300,1.0,521,521,1,529,521,521,529,1.0,0.911813337926,74,75,75,1.0,1.0,0.994328922495,0.034987912452,2,0,3,526,3,526,-0.988657844991,-0.988657844991,1563,274046,274046,1563,-544966,551218,-0.988657844991,1568,1045,-523,-0.332908975175,529,1.0
MOT17-04-FRCNN,9,42,526,u_to_v,9,42,1,527,524,526,526,9,42,1,1,526,1,1050,526,1050,526,526,1,524,524,524,1.0,1.087756304809,0.722398071395,0.20660794842,0.104063378443,0.160006365362,-1.0,-1.0,18,772,1.243110809933,1,"{""42"": 524}",524,30,30,1,30,23,30,30,1.0,0.899659832457,67,97,97,1.0,1.0,1.0,-0.0,1,0,0,30,0,30,-1.0,-1.0,0,690,900,0,-1590,1590,-1.0,83,53,-30,-0.361445783133,30,1.0,60,60,1,60,53,60,60,1.0,0.903826819372,67,97,97,1.0,1.0,1.0,-0.0,1,0,0,60,0,60,-1.0,-1.0,0,3180,3600,0,-6780,6780,-1.0,173,113,-60,-0.346820809249,60,1.0,120,120,1,120,113,120,120,1.0,0.921534824863,67,97,97,1.0,1.0,1.0,-0.0,1,0,0,120,0,120,-1.0,-1.0,0,13560,14400,0,-27960,27960,-1.0,353,233,-120,-0.339943342776,120,1.0,300,300,1,300,293,300,300,1.0,0.914423024183,67,97,97,1.0,1.0,1.0,-0.0,1,0,0,300,0,300,-1.0,-1.0,0,87900,90000,0,-177900,177900,-1.0,893,593,-300,-0.3359462486,300,1.0,526,526,1,524,519,526,524,1.0,0.922331340529,67,97,97,1.0,1.0,1.0,-0.0,1,0,0,524,0,524,-1.0,-1.0,0,271956,275624,0,-547580,547580,-1.0,1569,1045,-524,-0.333970681963,524,1.0
MOT17-04-FRCNN,9,64,526,u_to_v,9,64,1,527,524,6,6,9,64,1,1,526,521,1050,526,530,526,6,1,524,524,524,1.0,4.411859371427,0.196195941972,0.0,0.069880659165,0.042977762031,-1.0,-1.0,19,788,4.47219419904,1,"{""64"": 524}",524,30,6,1,30,23,3,30,1.0,0.774726919188,67,134,134,1.0,1.0,1.0,-0.0,1,0,0,30,0,30,-1.0,-1.0,0,690,90,0,-780,780,-1.0,56,30,-26,-0.464285714286,30,1.0,60,6,1,60,53,3,60,1.0,0.741414895608,67,134,134,1.0,1.0,1.0,-0.0,1,0,0,60,0,60,-1.0,-1.0,0,3180,180,0,-3360,3360,-1.0,116,60,-56,-0.48275862069,60,1.0,120,6,1,120,113,3,120,1.0,0.804466489145,67,134,134,1.0,1.0,1.0,-0.0,1,0,0,120,0,120,-1.0,-1.0,0,13560,360,0,-13920,13920,-1.0,236,120,-116,-0.491525423729,120,1.0,300,6,1,300,293,3,300,1.0,0.866518842999,67,134,134,1.0,1.0,1.0,-0.0,1,0,0,300,0,300,-1.0,-1.0,0,87900,900,0,-88800,88800,-1.0,596,300,-296,-0.496644295302,300,1.0,526,6,1,524,519,3,524,1.0,0.894774683763,67,134,134,1.0,1.0,1.0,-0.0,1,0,0,524,0,524,-1.0,-1.0,0,271956,1572,0,-273528,273528,-1.0,1046,524,-522,-0.499043977055,524,1.0
MOT17-04-FRCNN,45,52,552,v_to_u,52,45,1,553,68,306,306,52,45,1,247,552,89,620,306,532,306,464,1,68,68,68,1.0,1.083176551486,0.213881047044,0.0,0.084968796344,0.045942419142,-1.0,-1.0,20,869,1.149737934796,1,"{""45"": 68}",68,30,30,1,30,30,30,30,1.0,0.90550664577,121,118,118,1.0,1.0,1.0,-0.0,1,0,0,30,0,30,-1.0,-1.0,0,900,900,0,-1800,1800,-1.0,90,60,-30,-0.333333333333,30,1.0,60,60,1,60,60,60,60,1.0,0.905489904282,121,118,118,1.0,1.0,1.0,-0.0,1,0,0,60,0,60,-1.0,-1.0,0,3600,3600,0,-7200,7200,-1.0,180,120,-60,-0.333333333333,60,1.0,120,120,1,68,120,120,68,1.0,0.906956521191,121,118,118,1.0,1.0,1.0,-0.0,1,0,0,68,0,68,-1.0,-1.0,0,8160,8160,0,-16320,16320,-1.0,308,240,-68,-0.220779220779,68,1.0,300,300,1,68,300,300,68,1.0,0.906956521191,121,118,118,1.0,1.0,1.0,-0.0,1,0,0,68,0,68,-1.0,-1.0,0,20400,20400,0,-40800,40800,-1.0,668,600,-68,-0.101796407186,68,1.0,306,464,1,68,306,464,68,1.0,0.906956521191,121,118,118,1.0,1.0,1.0,-0.0,1,0,0,68,0,68,-1.0,-1.0,0,20808,31552,0,-52360,52360,-1.0,838,770,-68,-0.081145584726,68,1.0
MOT17-04-FRCNN,15,31,565,v_to_u,31,15,1,566,485,565,565,31,15,1,1,565,1,1050,565,1050,565,565,1,485,485,485,1.0,2.54981027813,0.561756578393,0.0,0.03544214665,0.064529913471,-1.0,-1.0,21,894,2.70024662874,1,"{""15"": 485}",485,30,30,1,30,25,30,30,1.0,0.879336411553,89,1,1,1.0,1.0,1.0,-0.0,1,0,0,30,0,30,-1.0,-1.0,0,750,900,0,-1650,1650,-1.0,85,55,-30,-0.352941176471,30,1.0,60,60,1,60,55,60,60,1.0,0.915337909593,89,1,1,1.0,1.0,1.0,-0.0,1,0,0,60,0,60,-1.0,-1.0,0,3300,3600,0,-6900,6900,-1.0,175,115,-60,-0.342857142857,60,1.0,120,120,1,120,115,120,120,1.0,0.943530797545,89,1,1,1.0,1.0,1.0,-0.0,1,0,0,120,0,120,-1.0,-1.0,0,13800,14400,0,-28200,28200,-1.0,355,235,-120,-0.338028169014,120,1.0,300,300,1,300,295,300,300,1.0,0.958670165312,89,1,1,1.0,1.0,1.0,-0.0,1,0,0,300,0,300,-1.0,-1.0,0,88500,90000,0,-178500,178500,-1.0,895,595,-300,-0.335195530726,300,1.0,565,565,1,485,560,565,485,1.0,0.961716824224,89,1,1,1.0,1.0,1.0,-0.0,1,0,0,485,0,485,-1.0,-1.0,0,271600,274025,0,-545625,545625,-1.0,1610,1125,-485,-0.301242236025,485,1.0
MOT17-04-FRCNN,21,24,581,v_to_u,24,21,1,582,469,581,581,24,21,1,1,581,1,1050,581,1050,581,581,1,469,469,469,1.0,0.127071786323,0.086055625035,0.676616392791,0.226199562966,0.06817069381,-1.0,-1.0,22,945,0.008868620061,1,"{""21"": 469}",469,30,30,1,30,30,30,30,1.0,0.921700355334,96,93,96,1.0,1.0,0.966666666667,0.146144746009,2,0,29,1,29,1,0.933333333333,0.933333333333,870,30,30,870,1680,1800,0.933333333333,61,89,28,0.311111111111,30,1.0,60,60,1,60,60,60,60,1.0,0.908892499592,96,93,96,1.0,1.0,0.65,0.647446639035,2,0,39,21,39,21,0.3,0.3,2340,1260,1260,2340,2160,7200,0.3,141,159,18,0.1,60,1.0,120,120,1,120,120,120,120,1.0,0.908144170984,96,93,93,1.0,1.0,0.675,0.630581028386,2,0,39,81,39,81,-0.35,-0.35,4680,9720,9720,4680,-10080,28800,-0.35,321,279,-42,-0.116666666667,120,1.0,300,300,1,300,300,300,300,1.0,0.908707866409,96,93,93,1.0,1.0,0.87,0.386386706289,2,0,39,261,39,261,-0.74,-0.74,11700,78300,78300,11700,-133200,180000,-0.74,861,639,-222,-0.246666666667,300,1.0,581,581,1,469,581,581,469,1.0,0.894939136084,96,93,93,1.0,0.996557659208,0.91684434968,0.286409711016,2,0,39,430,39,430,-0.83368869936,-0.83368869936,22659,249830,248970,23519,-452622,544978,-0.830532608656,1590,1199,-391,-0.239730226855,469,1.0
MOT17-04-FRCNN,3,45,620,v_to_u,45,3,1,621,430,532,532,45,3,1,89,620,1,1050,532,1050,532,620,1,430,430,430,1.0,2.078532299876,0.979020276701,0.0,0.22790873654,0.186279927926,-1.0,-1.0,23,974,2.364706235498,1,"{""3"": 430}",430,30,30,1,30,30,30,30,1.0,0.905153918989,118,4,4,1.0,1.0,1.0,-0.0,1,0,0,30,0,30,-1.0,-1.0,0,900,900,0,-1800,1800,-1.0,90,60,-30,-0.333333333333,30,1.0,60,60,1,60,60,60,60,1.0,0.903832833736,118,4,4,1.0,1.0,1.0,-0.0,1,0,0,60,0,60,-1.0,-1.0,0,3600,3600,0,-7200,7200,-1.0,180,120,-60,-0.333333333333,60,1.0,120,120,1,120,120,120,120,1.0,0.921096156773,118,4,4,1.0,1.0,1.0,-0.0,1,0,0,120,0,120,-1.0,-1.0,0,14400,14400,0,-28800,28800,-1.0,360,240,-120,-0.333333333333,120,1.0,300,300,1,300,300,300,300,1.0,0.946134814739,118,4,4,1.0,1.0,1.0,-0.0,1,0,0,300,0,300,-1.0,-1.0,0,90000,90000,0,-180000,180000,-1.0,900,600,-300,-0.333333333333,300,1.0,532,620,1,430,532,620,430,1.0,0.951882687566,118,4,4,1.0,1.0,1.0,-0.0,1,0,0,430,0,430,-1.0,-1.0,0,228760,266600,0,-495360,495360,-1.0,1582,1152,-430,-0.27180783818,430,1.0
MOT17-04-FRCNN,5,20,637,v_to_u,20,5,1,638,19,637,637,20,5,1,1,637,1,656,637,656,637,637,1,19,19,19,1.0,0.836491601727,0.294018892591,0.000811215335,0.193164550246,0.046146602636,-1.0,-1.0,24,1021,0.933724636329,1,"{""5"": 19}",19,30,30,1,19,26,30,13,0.684210526316,0.726952285533,82,83,83,1.0,1.0,1.0,-0.0,1,0,0,13,0,13,-1.0,-1.0,0,338,390,0,-728,728,-1.0,69,56,-13,-0.188405797101,19,1.0,60,60,1,19,56,60,13,0.684210526316,0.726952285533,82,83,83,1.0,1.0,1.0,-0.0,1,0,0,13,0,13,-1.0,-1.0,0,728,780,0,-1508,1508,-1.0,129,116,-13,-0.100775193798,19,1.0,120,120,1,19,116,120,13,0.684210526316,0.726952285533,82,83,83,1.0,1.0,1.0,-0.0,1,0,0,13,0,13,-1.0,-1.0,0,1508,1560,0,-3068,3068,-1.0,249,236,-13,-0.052208835341,19,1.0,300,300,1,19,296,300,13,0.684210526316,0.726952285533,82,83,83,1.0,1.0,1.0,-0.0,1,0,0,13,0,13,-1.0,-1.0,0,3848,3900,0,-7748,7748,-1.0,609,596,-13,-0.021346469622,19,1.0,637,637,1,19,633,637,13,0.684210526316,0.726952285533,82,83,83,1.0,1.0,1.0,-0.0,1,0,0,13,0,13,-1.0,-1.0,0,8229,8281,0,-16510,16510,-1.0,1283,1270,-13,-0.010132501949,19,1.0
MOT17-04-FRCNN,22,42,658,u_to_v,22,42,1,659,392,658,658,22,42,1,1,658,1,1050,658,1050,658,658,1,392,392,392,1.0,0.416531685426,0.314778946294,0.382492262237,0.052089572647,0.195559822723,-1.0,-1.0,25,1133,0.424368295978,1,"{""42"": 392}",392,30,30,1,30,22,30,30,1.0,0.914496429279,65,97,97,1.0,1.0,1.0,-0.0,1,0,0,30,0,30,-1.0,-1.0,0,660,900,0,-1560,1560,-1.0,82,52,-30,-0.365853658537,30,1.0,60,60,1,60,52,60,60,1.0,0.898410681304,65,97,97,1.0,1.0,1.0,-0.0,1,0,0,60,0,60,-1.0,-1.0,0,3120,3600,0,-6720,6720,-1.0,172,112,-60,-0.348837209302,60,1.0,120,120,1,120,112,120,120,1.0,0.891143353741,65,97,97,1.0,1.0,1.0,-0.0,1,0,0,120,0,120,-1.0,-1.0,0,13440,14400,0,-27840,27840,-1.0,352,232,-120,-0.340909090909,120,1.0,300,300,1,300,292,300,300,1.0,0.926021534504,65,97,97,1.0,1.0,1.0,-0.0,1,0,0,300,0,300,-1.0,-1.0,0,87600,90000,0,-177600,177600,-1.0,892,592,-300,-0.336322869955,300,1.0,658,658,1,392,650,658,392,1.0,0.921514574821,65,97,97,1.0,1.0,1.0,-0.0,1,0,0,392,0,392,-1.0,-1.0,0,254800,257936,0,-512736,512736,-1.0,1700,1308,-392,-0.230588235294,392,1.0
MOT17-04-FRCNN,4,43,680,u_to_v,4,43,1,681,85,658,658,4,43,1,1,680,23,765,680,743,680,658,1,85,85,85,1.0,0.942979165603,0.562453956515,0.267493034323,0.053058519912,0.017806849564,-1.0,-1.0,26,1178,1.023805933098,1,"{""43"": 85}",85,30,30,1,30,30,30,30,1.0,0.902025950415,2,99,99,1.0,1.0,1.0,-0.0,1,0,0,30,0,30,-1.0,-1.0,0,900,900,0,-1800,1800,-1.0,90,60,-30,-0.333333333333,30,1.0,60,60,1,60,60,60,60,1.0,0.900216373414,2,99,99,1.0,1.0,1.0,-0.0,1,0,0,60,0,60,-1.0,-1.0,0,3600,3600,0,-7200,7200,-1.0,180,120,-60,-0.333333333333,60,1.0,120,120,1,85,120,120,70,0.823529411765,0.901575403118,2,99,99,1.0,1.0,1.0,-0.0,1,0,0,70,0,70,-1.0,-1.0,0,8400,8400,0,-16800,16800,-1.0,310,240,-70,-0.225806451613,85,1.0,300,300,1,85,300,300,70,0.823529411765,0.901575403118,2,99,99,1.0,1.0,1.0,-0.0,1,0,0,70,0,70,-1.0,-1.0,0,21000,21000,0,-42000,42000,-1.0,670,600,-70,-0.10447761194,85,1.0,680,658,1,85,680,658,70,0.823529411765,0.901575403118,2,99,99,1.0,1.0,1.0,-0.0,1,0,0,70,0,70,-1.0,-1.0,0,47600,46060,0,-93660,93660,-1.0,1408,1338,-70,-0.049715909091,85,1.0
MOT17-04-FRCNN,23,26,689,v_to_u,26,23,1,690,2,689,689,26,23,1,1,689,1,691,689,691,689,689,1,2,2,2,1.0,0.83329803643,0.186590243923,0.0,0.088688294666,0.15093396529,-1.0,-1.0,27,1214,0.903907823407,1,"{""23"": 2}",2,30,30,1,2,21,30,1,0.5,0.543107899386,71,70,70,1.0,1.0,1.0,-0.0,1,0,0,1,0,1,-1.0,-1.0,0,21,30,0,-51,51,-1.0,52,51,-1,-0.019230769231,2,1.0,60,60,1,2,51,60,1,0.5,0.543107899386,71,70,70,1.0,1.0,1.0,-0.0,1,0,0,1,0,1,-1.0,-1.0,0,51,60,0,-111,111,-1.0,112,111,-1,-0.008928571429,2,1.0,120,120,1,2,111,120,1,0.5,0.543107899386,71,70,70,1.0,1.0,1.0,-0.0,1,0,0,1,0,1,-1.0,-1.0,0,111,120,0,-231,231,-1.0,232,231,-1,-0.004310344828,2,1.0,300,300,1,2,291,300,1,0.5,0.543107899386,71,70,70,1.0,1.0,1.0,-0.0,1,0,0,1,0,1,-1.0,-1.0,0,291,300,0,-591,591,-1.0,592,591,-1,-0.001689189189,2,1.0,689,689,1,2,680,689,1,0.5,0.543107899386,71,70,70,1.0,1.0,1.0,-0.0,1,0,0,1,0,1,-1.0,-1.0,0,680,689,0,-1369,1369,-1.0,1370,1369,-1,-0.000729927007,2,1.0
MOT17-04-FRCNN,11,42,701,u_to_v,11,42,1,702,349,701,701,11,42,1,1,701,1,1050,701,1050,701,701,1,349,349,349,1.0,0.764588380122,0.429456364816,0.009867313186,0.122367332078,0.259185097738,-1.0,-1.0,28,1306,0.907640886011,1,"{""42"": 349}",349,30,30,1,30,17,30,30,1.0,0.864744714215,63,97,97,1.0,1.0,1.0,-0.0,1,0,0,30,0,30,-1.0,-1.0,0,510,900,0,-1410,1410,-1.0,77,47,-30,-0.38961038961,30,1.0,60,60,1,60,47,60,60,1.0,0.874001536604,63,97,97,1.0,1.0,1.0,-0.0,1,0,0,60,0,60,-1.0,-1.0,0,2820,3600,0,-6420,6420,-1.0,167,107,-60,-0.359281437126,60,1.0,120,120,1,120,107,120,120,1.0,0.904026543505,63,97,97,1.0,1.0,1.0,-0.0,1,0,0,120,0,120,-1.0,-1.0,0,12840,14400,0,-27240,27240,-1.0,347,227,-120,-0.345821325648,120,1.0,300,300,1,300,287,300,300,1.0,0.926225114714,63,97,97,1.0,1.0,1.0,-0.0,1,0,0,300,0,300,-1.0,-1.0,0,86100,90000,0,-176100,176100,-1.0,887,587,-300,-0.338218714769,300,1.0,701,701,1,349,688,701,349,1.0,0.923089103455,63,97,97,1.0,1.0,1.0,-0.0,1,0,0,349,0,349,-1.0,-1.0,0,240112,244649,0,-484761,484761,-1.0,1738,1389,-349,-0.20080552359,349,1.0
MOT17-04-FRCNN,60,72,706,u_to_v,60,72,1,707,344,35,35,60,72,1,406,706,672,1050,301,379,301,35,1,344,344,344,1.0,0.391318851533,0.194579407313,0.30872362001,0.173718415342,0.035053384264,-1.0,-1.0,29,1368,0.383659978319,1,"{""72"": 344}",344,30,30,1,30,24,27,30,1.0,0.829481546827,120,107,107,1.0,1.0,1.0,-0.0,1,0,0,30,0,30,-1.0,-1.0,0,720,810,0,-1530,1530,-1.0,81,51,-30,-0.37037037037,30,1.0,60,35,1,60,54,27,60,1.0,0.833682445363,120,107,107,1.0,1.0,1.0,-0.0,1,0,0,60,0,60,-1.0,-1.0,0,3240,1620,0,-4860,4860,-1.0,141,81,-60,-0.425531914894,60,1.0,120,35,1,120,114,27,120,1.0,0.862810247025,120,107,107,1.0,1.0,1.0,-0.0,1,0,0,120,0,120,-1.0,-1.0,0,13680,3240,0,-16920,16920,-1.0,261,141,-120,-0.459770114943,120,1.0,300,35,1,300,294,27,300,1.0,0.891560573361,120,107,107,1.0,1.0,1.0,-0.0,1,0,0,300,0,300,-1.0,-1.0,0,88200,8100,0,-96300,96300,-1.0,621,321,-300,-0.48309178744,300,1.0,301,35,1,344,295,27,344,1.0,0.895684745355,120,107,107,1.0,1.0,1.0,-0.0,1,0,0,344,0,344,-1.0,-1.0,0,101480,9288,0,-110768,110768,-1.0,666,344,-322,-0.483483483483,344,1.0
MOT17-04-FRCNN,58,73,719,u_to_v,58,73,1,720,331,18,18,58,73,1,341,719,702,1050,379,349,379,18,1,331,331,331,1.0,0.637659685457,0.069440236883,0.0,0.00121050735,0.074946350428,-1.0,-1.0,30,1410,0.662635430455,1,"{""73"": 331}",331,30,18,1,30,29,18,30,1.0,0.720164602535,119,108,108,1.0,1.0,1.0,-0.0,1,0,0,30,0,30,-1.0,-1.0,0,870,540,0,-1410,1410,-1.0,77,47,-30,-0.38961038961,30,1.0,60,18,1,60,59,18,60,1.0,0.772689282172,119,108,108,1.0,1.0,1.0,-0.0,1,0,0,60,0,60,-1.0,-1.0,0,3540,1080,0,-4620,4620,-1.0,137,77,-60,-0.43795620438,60,1.0,120,18,1,120,119,18,120,1.0,0.84302717554,119,108,108,1.0,1.0,1.0,-0.0,1,0,0,120,0,120,-1.0,-1.0,0,14280,2160,0,-16440,16440,-1.0,257,137,-120,-0.466926070039,120,1.0,300,18,1,300,299,18,300,1.0,0.901549186924,119,108,108,1.0,1.0,1.0,-0.0,1,0,0,300,0,300,-1.0,-1.0,0,89700,5400,0,-95100,95100,-1.0,617,317,-300,-0.486223662885,300,1.0,379,18,1,331,378,18,331,1.0,0.903474917587,119,108,108,1.0,1.0,1.0,-0.0,1,0,0,331,0,331,-1.0,-1.0,0,125118,5958,0,-131076,131076,-1.0,727,396,-331,-0.455295735901,331,1.0
MOT17-04-FRCNN,71,72,750,u_to_v,71,72,1,751,300,79,79,71,72,1,640,750,672,1050,111,379,111,79,1,300,300,300,1.0,0.975840645735,0.345891786594,0.0,0.196243697871,0.180914423479,-1.0,-1.0,31,1449,1.100029404518,1,"{""72"": 300}",300,30,30,1,30,24,30,30,1.0,0.839497703545,138,107,107,1.0,1.0,1.0,-0.0,1,0,0,30,0,30,-1.0,-1.0,0,720,900,0,-1620,1620,-1.0,84,54,-30,-0.357142857143,30,1.0,60,60,1,60,54,60,60,1.0,0.858184536662,138,107,107,1.0,1.0,1.0,-0.0,1,0,0,60,0,60,-1.0,-1.0,0,3240,3600,0,-6840,6840,-1.0,174,114,-60,-0.344827586207,60,1.0,111,79,1,120,105,71,120,1.0,0.873695673232,138,107,107,1.0,1.0,1.0,-0.0,1,0,0,120,0,120,-1.0,-1.0,0,12600,8520,0,-21120,21120,-1.0,296,176,-120,-0.405405405405,120,1.0,111,79,1,300,105,71,300,1.0,0.902923222761,138,107,107,1.0,1.0,1.0,-0.0,1,0,0,300,0,300,-1.0,-1.0,0,31500,21300,0,-52800,52800,-1.0,476,300,-176,-0.36974789916,300,1.0,111,79,1,300,105,71,300,1.0,0.902923222761,138,107,107,1.0,1.0,1.0,-0.0,1,0,0,300,0,300,-1.0,-1.0,0,31500,21300,0,-52800,52800,-1.0,476,300,-176,-0.36974789916,300,1.0
MOT17-04-FRCNN,38,43,765,v_to_u,43,38,1,766,133,743,743,43,38,1,23,765,1,898,743,898,743,765,1,133,133,133,1.0,0.980334444248,0.572029251356,0.180539906068,0.125106742965,0.035405225851,-1.0,-1.0,32,1470,1.094257977452,1,"{""38"": 133}",133,30,30,1,30,15,30,30,1.0,0.879986060238,99,80,80,1.0,1.0,1.0,-0.0,1,0,0,30,0,30,-1.0,-1.0,0,450,900,0,-1350,1350,-1.0,75,45,-30,-0.4,30,1.0,60,60,1,60,45,60,60,1.0,0.871840366247,99,80,80,1.0,1.0,1.0,-0.0,1,0,0,60,0,60,-1.0,-1.0,0,2700,3600,0,-6300,6300,-1.0,165,105,-60,-0.363636363636,60,1.0,120,120,1,120,105,120,111,0.925,0.842528799741,99,80,80,1.0,1.0,1.0,-0.0,1,0,0,111,0,111,-1.0,-1.0,0,11655,13320,0,-24975,24975,-1.0,336,225,-111,-0.330357142857,120,1.0,300,300,1,133,285,300,116,0.872180451128,0.843191651001,99,80,80,1.0,1.0,1.0,-0.0,1,0,0,116,0,116,-1.0,-1.0,0,33060,34800,0,-67860,67860,-1.0,701,585,-116,-0.16547788873,133,1.0,743,765,1,133,728,765,116,0.872180451128,0.843191651001,99,80,80,1.0,1.0,1.0,-0.0,1,0,0,116,0,116,-1.0,-1.0,0,84448,88740,0,-173188,173188,-1.0,1609,1493,-116,-0.072094468614,133,1.0
MOT17-04-FRCNN,43,75,765,u_to_v,43,75,1,766,21,15,15,43,75,1,23,765,751,786,743,36,743,15,1,21,21,21,1.0,0.430172215433,0.061837469517,0.187998695436,0.188541596878,0.017295908314,-1.0,-1.0,33,1492,0.419215659473,1,"{""75"": 21}",21,30,15,1,21,15,15,21,1.0,0.802456257593,99,99,99,1.0,1.0,1.0,-0.0,1,1,21,21,0,0,0.0,0.0,315,0,315,0,0,630,0.0,36,36,0,0.0,21,1.0,60,15,1,21,45,15,21,1.0,0.802456257593,99,99,99,1.0,1.0,1.0,-0.0,1,1,21,21,0,0,0.0,0.0,945,0,315,0,630,1260,0.5,45,66,21,0.259259259259,21,1.0,120,15,1,21,105,15,21,1.0,0.802456257593,99,99,99,1.0,1.0,1.0,-0.0,1,1,21,21,0,0,0.0,0.0,2205,0,315,0,1890,2520,0.75,105,126,21,0.148936170213,21,1.0,300,15,1,21,285,15,21,1.0,0.802456257593,99,99,99,1.0,1.0,1.0,-0.0,1,1,21,21,0,0,0.0,0.0,5985,0,315,0,5670,6300,0.9,285,306,21,0.065420560748,21,1.0,743,15,1,21,728,15,21,1.0,0.802456257593,99,99,99,1.0,1.0,1.0,-0.0,1,1,21,21,0,0,0.0,0.0,15288,0,315,0,14973,15603,0.959623149394,728,749,21,0.027486910995,21,1.0
MOT17-04-FRCNN,38,85,863,v_to_u,85,38,1,864,35,1,1,85,38,1,863,863,1,898,1,898,1,863,1,35,35,35,1.0,0.397632062524,0.054246183396,0.182977150673,0.031013825635,0.042153912822,-1.0,-1.0,34,1553,0.372766094551,1,"{""38"": 35}",35,1,30,1,30,0,21,27,0.9,0.853093903376,-1,80,80,,1.0,1.0,-0.0,1,0,0,27,0,0,0.0,-1.0,0,0,567,0,-567,567,-1.0,48,27,-21,-0.4375,30,1.0,1,60,1,35,0,51,27,0.771428571429,0.853093903376,-1,80,80,,1.0,1.0,-0.0,1,0,0,27,0,0,0.0,-1.0,0,0,1377,0,-1377,1377,-1.0,78,51,-27,-0.346153846154,35,1.0,1,120,1,35,0,111,27,0.771428571429,0.853093903376,-1,80,80,,1.0,1.0,-0.0,1,0,0,27,0,0,0.0,-1.0,0,0,2997,0,-2997,2997,-1.0,138,111,-27,-0.195652173913,35,1.0,1,300,1,35,0,291,27,0.771428571429,0.853093903376,-1,80,80,,1.0,1.0,-0.0,1,0,0,27,0,0,0.0,-1.0,0,0,7857,0,-7857,7857,-1.0,318,291,-27,-0.084905660377,35,1.0,1,863,1,35,0,854,27,0.771428571429,0.853093903376,-1,80,80,,1.0,1.0,-0.0,1,0,0,27,0,0,0.0,-1.0,0,0,23058,0,-23058,23058,-1.0,881,854,-27,-0.030646992054,35,1.0
MOT17-04-FRCNN,25,38,898,v_to_u,38,25,1,899,152,898,898,38,25,1,1,898,1,1050,898,1050,898,898,1,152,152,152,1.0,0.885118247804,0.560395944544,0.111625264392,0.238120536878,0.134695652188,-1.0,-1.0,35,1598,1.034592536748,1,"{""25"": 152}",152,30,30,1,30,22,30,30,1.0,0.937030184449,80,78,78,1.0,1.0,1.0,-0.0,1,0,0,30,0,30,-1.0,-1.0,0,660,900,0,-1560,1560,-1.0,82,52,-30,-0.365853658537,30,1.0,60,60,1,60,45,60,60,1.0,0.934261171509,80,78,78,1.0,1.0,1.0,-0.0,1,0,0,60,0,60,-1.0,-1.0,0,2700,3600,0,-6300,6300,-1.0,165,105,-60,-0.363636363636,60,1.0,120,120,1,120,103,120,120,1.0,0.934217312243,80,78,78,1.0,1.0,1.0,-0.0,1,0,0,120,0,120,-1.0,-1.0,0,12360,14400,0,-26760,26760,-1.0,343,223,-120,-0.349854227405,120,1.0,300,300,1,152,283,300,152,1.0,0.927313717802,80,78,78,1.0,1.0,1.0,-0.0,1,0,0,152,0,152,-1.0,-1.0,0,43016,45600,0,-88616,88616,-1.0,735,583,-152,-0.206802721088,152,1.0,898,898,1,152,881,898,152,1.0,0.927313717802,80,78,78,1.0,1.0,1.0,-0.0,1,0,0,152,0,152,-1.0,-1.0,0,133912,136496,0,-270408,270408,-1.0,1931,1779,-152,-0.078715691352,152,1.0
MOT17-04-FRCNN,38,79,898,u_to_v,38,79,1,899,152,66,66,38,79,1,1,898,833,1050,898,218,898,66,1,152,152,152,1.0,1.597107187412,0.578069046841,0.0,0.248908543642,0.235342447764,-1.0,-1.0,36,1626,1.790049548263,1,"{""79"": 152}",152,30,30,1,30,22,30,30,1.0,0.809095869301,80,127,127,1.0,1.0,1.0,-0.0,1,0,0,30,0,30,-1.0,-1.0,0,660,900,0,-1560,1560,-1.0,82,52,-30,-0.365853658537,30,1.0,60,60,1,60,45,60,60,1.0,0.867456626504,80,127,127,1.0,1.0,1.0,-0.0,1,0,0,60,0,60,-1.0,-1.0,0,2700,3600,0,-6300,6300,-1.0,165,105,-60,-0.363636363636,60,1.0,120,66,1,120,103,66,120,1.0,0.89217641803,80,127,127,1.0,1.0,1.0,-0.0,1,0,0,120,0,120,-1.0,-1.0,0,12360,7920,0,-20280,20280,-1.0,289,169,-120,-0.415224913495,120,1.0,300,66,1,152,283,66,152,1.0,0.901762077635,80,127,127,1.0,1.0,1.0,-0.0,1,0,0,152,0,152,-1.0,-1.0,0,43016,10032,0,-53048,53048,-1.0,501,349,-152,-0.303393213573,152,1.0,898,66,1,152,881,66,152,1.0,0.901762077635,80,127,127,1.0,1.0,1.0,-0.0,1,0,0,152,0,152,-1.0,-1.0,0,133912,10032,0,-143944,143944,-1.0,1099,947,-152,-0.13830755232,152,1.0
MOT17-04-FRCNN,76,86,938,v_to_u,86,76,1,939,112,25,25,86,76,1,914,938,766,1050,25,285,25,173,1,112,112,112,1.0,0.054558219493,0.006889888973,0.892005946233,0.047512943862,0.055429704873,-1.0,-1.0,37,1671,-0.156426529949,1,"{""76"": 112}",112,25,30,1,30,25,27,30,1.0,0.797560931969,141,115,115,1.0,1.0,0.9,0.325082973391,2,0,3,27,3,27,-0.8,-0.8,75,675,729,81,-1248,1560,-0.8,79,55,-24,-0.292682926829,30,1.0,25,60,1,60,25,57,60,1.0,0.830514053996,141,115,115,1.0,1.0,0.95,0.198515243346,2,0,3,57,3,57,-0.9,-0.9,75,1425,3249,171,-4428,4920,-0.9,139,85,-54,-0.380281690141,60,1.0,25,120,1,112,25,117,112,1.0,0.875074411877,141,115,115,1.0,1.0,0.973214285714,0.123384978179,2,0,3,109,3,109,-0.946428571429,-0.946428571429,75,2725,12753,351,-15052,15904,-0.946428571429,251,145,-106,-0.417322834646,112,1.0,25,173,1,112,25,170,112,1.0,0.875074411877,141,115,115,1.0,1.0,0.973214285714,0.123384978179,2,0,3,109,3,109,-0.946428571429,-0.946428571429,75,2725,18530,510,-20670,21840,-0.946428571429,304,198,-106,-0.345276872964,112,1.0,25,173,1,112,25,170,112,1.0,0.875074411877,141,115,115,1.0,1.0,0.973214285714,0.123384978179,2,0,3,109,3,109,-0.946428571429,-0.946428571429,75,2725,18530,510,-20670,21840,-0.946428571429,304,198,-106,-0.345276872964,112,1.0
MOT17-04-FRCNN,12,88,977,v_to_u,88,12,1,978,73,4,4,88,12,1,974,977,1,1050,4,1050,4,977,1,73,73,73,1.0,0.122805155522,0.056885642217,0.642126156392,0.184218090921,0.041438078173,-1.0,-1.0,38,1685,-0.000939356112,1,"{""12"": 73}",73,4,30,1,30,0,30,30,1.0,0.874083016548,-1,88,88,,1.0,1.0,-0.0,1,0,0,30,0,0,0.0,-1.0,0,0,900,0,-900,900,-1.0,60,30,-30,-0.5,30,1.0,4,60,1,60,0,60,60,1.0,0.894652332843,-1,88,88,,1.0,1.0,-0.0,1,0,0,60,0,0,0.0,-1.0,0,0,3600,0,-3600,3600,-1.0,120,60,-60,-0.5,60,1.0,4,120,1,73,0,120,73,1.0,0.899533808959,-1,88,88,,1.0,1.0,-0.0,1,0,0,73,0,0,0.0,-1.0,0,0,8760,0,-8760,8760,-1.0,193,120,-73,-0.378238341969,73,1.0,4,300,1,73,0,300,73,1.0,0.899533808959,-1,88,88,,1.0,1.0,-0.0,1,0,0,73,0,0,0.0,-1.0,0,0,21900,0,-21900,21900,-1.0,373,300,-73,-0.195710455764,73,1.0,4,977,1,73,0,977,73,1.0,0.899533808959,-1,88,88,,1.0,1.0,-0.0,1,0,0,73,0,0,0.0,-1.0,0,0,71321,0,-71321,71321,-1.0,1050,977,-73,-0.069523809524,73,1.0
MOT17-04-FRCNN,13,65,991,v_to_u,65,13,1,992,59,471,471,65,13,1,521,991,1,1050,471,1050,471,991,1,59,59,59,1.0,1.723213565536,0.035119111119,0.0,0.037949949617,0.000993937066,-1.0,-1.0,39,1735,1.735887731984,1,"{""13"": 59}",59,30,30,1,30,28,30,30,1.0,0.95107843917,131,87,87,1.0,1.0,1.0,-0.0,1,0,0,30,0,30,-1.0,-1.0,0,840,900,0,-1740,1740,-1.0,88,58,-30,-0.340909090909,30,1.0,60,60,1,59,58,60,59,1.0,0.93240661932,131,87,87,1.0,1.0,1.0,-0.0,1,0,0,59,0,59,-1.0,-1.0,0,3422,3540,0,-6962,6962,-1.0,177,118,-59,-0.333333333333,59,1.0,120,120,1,59,118,120,59,1.0,0.93240661932,131,87,87,1.0,1.0,1.0,-0.0,1,0,0,59,0,59,-1.0,-1.0,0,6962,7080,0,-14042,14042,-1.0,297,238,-59,-0.198653198653,59,1.0,300,300,1,59,298,300,59,1.0,0.93240661932,131,87,87,1.0,1.0,1.0,-0.0,1,0,0,59,0,59,-1.0,-1.0,0,17582,17700,0,-35282,35282,-1.0,657,598,-59,-0.089802130898,59,1.0,471,991,1,59,469,991,59,1.0,0.93240661932,131,87,87,1.0,1.0,1.0,-0.0,1,0,0,59,0,59,-1.0,-1.0,0,27671,58469,0,-86140,86140,-1.0,1519,1460,-59,-0.038841342989,59,1.0
MOT17-05-FRCNN,3,8,6,v_to_u,8,3,1,7,9,1,1,8,3,1,6,6,2,15,1,14,1,5,1,9,9,9,1.0,0.859992285528,0.04341782734,0.0,0.413650692695,0.150539140358,-1.0,-1.0,1,3,0.927265725668,1,"{""3"": 9}",9,1,5,1,9,0,5,9,1.0,0.732131928657,-1,150,150,,1.0,1.0,-0.0,1,0,0,9,0,0,0.0,-1.0,0,0,45,0,-45,45,-1.0,14,9,-5,-0.357142857143,9,1.0,1,5,1,9,0,5,9,1.0,0.732131928657,-1,150,150,,1.0,1.0,-0.0,1,0,0,9,0,0,0.0,-1.0,0,0,45,0,-45,45,-1.0,14,9,-5,-0.357142857143,9,1.0,1,5,1,9,0,5,9,1.0,0.732131928657,-1,150,150,,1.0,1.0,-0.0,1,0,0,9,0,0,0.0,-1.0,0,0,45,0,-45,45,-1.0,14,9,-5,-0.357142857143,9,1.0,1,5,1,9,0,5,9,1.0,0.732131928657,-1,150,150,,1.0,1.0,-0.0,1,0,0,9,0,0,0.0,-1.0,0,0,45,0,-45,45,-1.0,14,9,-5,-0.357142857143,9,1.0,1,5,1,9,0,5,9,1.0,0.732131928657,-1,150,150,,1.0,1.0,-0.0,1,0,0,9,0,0,0.0,-1.0,0,0,45,0,-45,45,-1.0,14,9,-5,-0.357142857143,9,1.0
MOT17-05-FRCNN,1,10,7,v_to_u,10,1,1,8,255,1,1,10,1,1,7,7,1,262,1,262,1,7,1,255,255,255,1.0,0.861056097842,0.065373200103,0.0,0.279371775318,0.007638980167,-1.0,-1.0,2,9,0.906100473416,1,"{""1"": 255}",255,1,7,1,30,1,7,30,1.0,0.914461155149,2,125,125,1.0,1.0,1.0,-0.0,1,0,0,30,0,30,-1.0,-1.0,0,30,210,0,-240,240,-1.0,38,30,-8,-0.210526315789,30,1.0,1,7,1,60,1,7,60,1.0,0.924575748817,2,125,125,1.0,1.0,1.0,-0.0,1,0,0,60,0,60,-1.0,-1.0,0,60,420,0,-480,480,-1.0,68,60,-8,-0.117647058824,60,1.0,1,7,1,120,1,7,120,1.0,0.938975048652,2,125,125,1.0,1.0,1.0,-0.0,1,0,0,120,0,120,-1.0,-1.0,0,120,840,0,-960,960,-1.0,128,120,-8,-0.0625,120,1.0,1,7,1,255,1,7,254,0.996078431373,0.925158518459,2,125,125,1.0,1.0,1.0,-0.0,1,0,0,254,0,254,-1.0,-1.0,0,254,1778,0,-2032,2032,-1.0,262,254,-8,-0.030534351145,255,1.0,1,7,1,255,1,7,254,0.996078431373,0.925158518459,2,125,125,1.0,1.0,1.0,-0.0,1,0,0,254,0,254,-1.0,-1.0,0,254,1778,0,-2032,2032,-1.0,262,254,-8,-0.030534351145,255,1.0
MOT17-05-FRCNN,4,9,7,v_to_u,9,4,1,8,54,1,1,9,4,1,7,7,3,61,1,59,1,5,1,54,54,54,1.0,1.548438982433,0.213086137519,0.0,0.276832056428,0.153998692594,-1.0,-1.0,3,14,1.644793591715,1,"{""4"": 54}",54,1,5,1,30,0,5,30,1.0,0.80493493628,-1,14,14,,1.0,1.0,-0.0,1,0,0,30,0,0,0.0,-1.0,0,0,150,0,-150,150,-1.0,35,30,-5,-0.142857142857,30,1.0,1,5,1,54,0,5,45,0.833333333333,0.788709870729,-1,14,14,,1.0,1.0,-0.0,1,0,0,45,0,0,0.0,-1.0,0,0,225,0,-225,225,-1.0,50,45,-5,-0.1,54,1.0,1,5,1,54,0,5,45,0.833333333333,0.788709870729,-1,14,14,,1.0,1.0,-0.0,1,0,0,45,0,0,0.0,-1.0,0,0,225,0,-225,225,-1.0,50,45,-5,-0.1,54,1.0,1,5,1,54,0,5,45,0.833333333333,0.788709870729,-1,14,14,,1.0,1.0,-0.0,1,0,0,45,0,0,0.0,-1.0,0,0,225,0,-225,225,-1.0,50,45,-5,-0.1,54,1.0,1,5,1,54,0,5,45,0.833333333333,0.788709870729,-1,14,14,,1.0,1.0,-0.0,1,0,0,45,0,0,0.0,-1.0,0,0,225,0,-225,225,-1.0,50,45,-5,-0.1,54,1.0
MOT17-05-FRCNN,5,11,8,v_to_u,11,5,1,9,35,1,1,11,5,1,8,8,3,43,1,41,1,6,1,35,35,35,1.0,2.1940793896,0.094550191507,0.0,0.174268959773,0.258843822733,-1.0,-1.0,4,26,2.261028215727,1,"{""5"": 35}",35,1,6,1,30,0,6,30,1.0,0.75118382539,-1,5,5,,1.0,1.0,-0.0,1,0,0,30,0,0,0.0,-1.0,0,0,180,0,-180,180,-1.0,36,30,-6,-0.166666666667,30,1.0,1,6,1,35,0,6,32,0.914285714286,0.752791954759,-1,5,5,,1.0,1.0,-0.0,1,0,0,32,0,0,0.0,-1.0,0,0,192,0,-192,192,-1.0,38,32,-6,-0.157894736842,35,1.0,1,6,1,35,0,6,32,0.914285714286,0.752791954759,-1,5,5,,1.0,1.0,-0.0,1,0,0,32,0,0,0.0,-1.0,0,0,192,0,-192,192,-1.0,38,32,-6,-0.157894736842,35,1.0,1,6,1,35,0,6,32,0.914285714286,0.752791954759,-1,5,5,,1.0,1.0,-0.0,1,0,0,32,0,0,0.0,-1.0,0,0,192,0,-192,192,-1.0,38,32,-6,-0.157894736842,35,1.0,1,6,1,35,0,6,32,0.914285714286,0.752791954759,-1,5,5,,1.0,1.0,-0.0,1,0,0,32,0,0,0.0,-1.0,0,0,192,0,-192,192,-1.0,38,32,-6,-0.157894736842,35,1.0
MOT17-05-FRCNN,2,13,9,v_to_u,13,2,1,10,373,1,1,13,2,1,9,9,1,382,1,382,1,9,1,373,373,373,1.0,0.12878723092,0.09082735366,0.696116749046,0.146381905421,0.054227044096,-1.0,-1.0,5,32,-0.002474222975,1,"{""2"": 373}",373,1,9,1,30,1,9,30,1.0,0.908573398341,2,1,1,1.0,1.0,1.0,-0.0,1,0,0,30,0,30,-1.0,-1.0,0,30,270,0,-300,300,-1.0,40,30,-10,-0.25,30,1.0,1,9,1,60,1,9,60,1.0,0.92021431645,2,1,1,1.0,1.0,1.0,-0.0,1,0,0,60,0,60,-1.0,-1.0,0,60,540,0,-600,600,-1.0,70,60,-10,-0.142857142857,60,1.0,1,9,1,120,1,9,120,1.0,0.939197369268,2,1,1,1.0,1.0,1.0,-0.0,1,0,0,120,0,120,-1.0,-1.0,0,120,1080,0,-1200,1200,-1.0,130,120,-10,-0.076923076923,120,1.0,1,9,1,300,1,9,300,1.0,0.923899977282,2,1,1,1.0,1.0,1.0,-0.0,1,0,0,300,0,300,-1.0,-1.0,0,300,2700,0,-3000,3000,-1.0,310,300,-10,-0.032258064516,300,1.0,1,9,1,373,1,9,372,0.997319034853,0.923844575443,2,1,1,1.0,1.0,1.0,-0.0,1,0,0,372,0,372,-1.0,-1.0,0,372,3348,0,-3720,3720,-1.0,382,372,-10,-0.026178010471,373,1.0
MOT17-05-FRCNN,6,12,9,v_to_u,12,6,1,10,227,1,1,12,6,1,9,9,3,236,1,234,1,7,1,227,227,227,1.0,2.875855827645,0.103716737512,0.0,0.274354095071,0.136744048298,-1.0,-1.0,6,39,2.94289482636,1,"{""6"": 227}",227,1,7,1,30,0,6,26,0.866666666667,0.760969240235,-1,4,4,,1.0,1.0,-0.0,1,0,0,26,0,0,0.0,-1.0,0,0,156,0,-156,156,-1.0,32,26,-6,-0.1875,30,1.0,1,7,1,60,0,6,41,0.683333333333,0.759686175688,-1,4,4,,1.0,0.756097560976,0.555536596729,2,0,0,31,0,0,0.0,-0.756097560976,0,0,186,60,-126,246,-0.512195121951,37,31,-6,-0.127659574468,60,1.0,1,7,1,120,0,6,101,0.841666666667,0.84983927268,-1,4,14,,1.0,0.693069306931,0.616622791272,2,0,0,31,0,0,0.0,-0.306930693069,0,0,186,420,234,606,0.386138613861,70,76,6,0.056074766355,120,1.0,1,7,1,227,0,6,206,0.907488986784,0.87085771216,-1,4,14,,1.0,0.849514563107,0.423550203859,2,0,0,31,0,0,0.0,-0.150485436893,0,0,186,1050,864,1236,0.699029126214,175,181,6,0.028301886792,227,1.0,1,7,1,227,0,6,206,0.907488986784,0.87085771216,-1,4,14,,1.0,0.849514563107,0.423550203859,2,0,0,31,0,0,0.0,-0.150485436893,0,0,186,1050,864,1236,0.699029126214,175,181,6,0.028301886792,227,1.0
MOT17-05-FRCNN,1,14,10,v_to_u,14,1,1,11,252,1,1,14,1,1,10,10,1,262,1,262,1,10,1,252,252,252,1.0,2.893433460751,0.831017667395,0.0,0.927079777865,1.208588998958,-1.0,-1.0,7,43,3.314754755282,1,"{""1"": 252}",252,1,10,1,30,0,10,30,1.0,0.918040940868,-1,125,125,,1.0,1.0,-0.0,1,0,0,30,0,0,0.0,-1.0,0,0,300,0,-300,300,-1.0,40,30,-10,-0.25,30,1.0,1,10,1,60,0,10,60,1.0,0.928532760528,-1,125,125,,1.0,1.0,-0.0,1,0,0,60,0,0,0.0,-1.0,0,0,600,0,-600,600,-1.0,70,60,-10,-0.142857142857,60,1.0,1,10,1,120,0,10,120,1.0,0.940894020564,-1,125,125,,1.0,1.0,-0.0,1,0,0,120,0,0,0.0,-1.0,0,0,1200,0,-1200,1200,-1.0,130,120,-10,-0.076923076923,120,1.0,1,10,1,252,0,10,251,0.996031746032,0.925709330028,-1,125,125,,1.0,1.0,-0.0,1,0,0,251,0,0,0.0,-1.0,0,0,2510,0,-2510,2510,-1.0,261,251,-10,-0.038314176245,252,1.0,1,10,1,252,0,10,251,0.996031746032,0.925709330028,-1,125,125,,1.0,1.0,-0.0,1,0,0,251,0,0,0.0,-1.0,0,0,2510,0,-2510,2510,-1.0,261,251,-10,-0.038314176245,252,1.0
MOT17-05-FRCNN,6,16,11,v_to_u,16,6,1,12,225,1,1,16,6,1,11,11,3,236,1,234,1,9,1,225,225,225,1.0,3.697849821225,0.006491685964,0.0,0.40671589001,0.008078520565,-1.0,-1.0,8,56,3.740952183774,1,"{""6"": 225}",225,1,9,1,30,0,8,26,0.866666666667,0.75705109617,-1,4,4,,1.0,1.0,-0.0,1,0,0,26,0,0,0.0,-1.0,0,0,208,0,-208,208,-1.0,34,26,-8,-0.235294117647,30,1.0,1,9,1,60,0,8,41,0.683333333333,0.761220887011,-1,4,4,,1.0,0.707317073171,0.604536484581,2,0,0,29,0,0,0.0,-0.707317073171,0,0,232,96,-136,328,-0.414634146341,37,29,-8,-0.163265306122,60,1.0,1,9,1,120,0,8,101,0.841666666667,0.851123407472,-1,4,14,,1.0,0.712871287129,0.599560718438,2,0,0,29,0,0,0.0,-0.287128712871,0,0,232,576,344,808,0.425742574257,72,80,8,0.073394495413,120,1.0,1,9,1,225,0,8,204,0.906666666667,0.870802446881,-1,4,14,,1.0,0.857843137255,0.408859579598,2,0,0,29,0,0,0.0,-0.142156862745,0,0,232,1400,1168,1632,0.71568627451,175,183,8,0.037735849057,225,1.0,1,9,1,225,0,8,204,0.906666666667,0.870802446881,-1,4,14,,1.0,0.857843137255,0.408859579598,2,0,0,29,0,0,0.0,-0.142156862745,0,0,232,1400,1168,1632,0.71568627451,175,183,8,0.037735849057,225,1.0
MOT17-05-FRCNN,2,17,14,v_to_u,17,2,1,15,368,3,3,17,2,1,12,14,1,382,3,382,3,14,1,368,368,368,1.0,5.112041842855,1.3383082284,0.0,1.894600402023,1.945867957633,-1.0,-1.0,9,60,5.83066573592,1,"{""2"": 368}",368,3,14,1,30,3,14,30,1.0,0.911444424257,117,1,1,1.0,1.0,1.0,-0.0,1,0,0,30,0,30,-1.0,-1.0,0,90,420,0,-510,510,-1.0,47,30,-17,-0.36170212766,30,1.0,3,14,1,60,3,14,60,1.0,0.923914064739,117,1,1,1.0,1.0,1.0,-0.0,1,0,0,60,0,60,-1.0,-1.0,0,180,840,0,-1020,1020,-1.0,77,60,-17,-0.220779220779,60,1.0,3,14,1,120,3,14,120,1.0,0.940136726065,117,1,1,1.0,1.0,1.0,-0.0,1,0,0,120,0,120,-1.0,-1.0,0,360,1680,0,-2040,2040,-1.0,137,120,-17,-0.124087591241,120,1.0,3,14,1,300,3,14,300,1.0,0.92425087883,117,1,1,1.0,1.0,1.0,-0.0,1,0,0,300,0,300,-1.0,-1.0,0,900,4200,0,-5100,5100,-1.0,317,300,-17,-0.053627760252,300,1.0,3,14,1,368,3,14,367,0.997282608696,0.92404203276,117,1,1,1.0,1.0,1.0,-0.0,1,0,0,367,0,367,-1.0,-1.0,0,1101,5138,0,-6239,6239,-1.0,384,367,-17,-0.044270833333,368,1.0
MOT17-05-FRCNN,18,19,15,v_to_u,19,18,1,16,305,1,1,19,18,1,15,15,15,320,1,306,1,1,1,305,305,305,1.0,0.741260457299,0.582950084574,0.0,1.086636097621,1.104152469044,-1.0,-1.0,10,82,1.106076835109,1,"{""18"": 305}",305,1,1,1,30,1,1,30,1.0,0.902828993882,6,2,2,1.0,1.0,1.0,-0.0,1,0,0,30,0,30,-1.0,-1.0,0,30,30,0,-60,60,-1.0,32,30,-2,-0.0625,30,1.0,1,1,1,60,1,1,60,1.0,0.90790602917,6,2,2,1.0,1.0,1.0,-0.0,1,0,0,60,0,60,-1.0,-1.0,0,60,60,0,-120,120,-1.0,62,60,-2,-0.032258064516,60,1.0,1,1,1,120,1,1,120,1.0,0.920815279905,6,2,2,1.0,1.0,1.0,-0.0,1,0,0,120,0,120,-1.0,-1.0,0,120,120,0,-240,240,-1.0,122,120,-2,-0.016393442623,120,1.0,1,1,1,300,1,1,298,0.993333333333,0.908121625655,6,2,2,1.0,1.0,0.895973154362,0.333841824989,2,0,0,267,0,267,-0.895973154362,-0.895973154362,0,298,267,31,-534,596,-0.895973154362,269,267,-2,-0.006666666667,300,1.0,1,1,1,305,1,1,299,0.980327868852,0.90742691016,6,2,2,1.0,1.0,0.892976588629,0.340246447362,2,0,0,267,0,267,-0.892976588629,-0.892976588629,0,299,267,32,-534,598,-0.892976588629,269,267,-2,-0.006644518272,305,1.0
MOT17-05-FRCNN,2,20,17,v_to_u,20,2,1,18,365,1,1,20,2,1,17,17,1,382,1,382,1,17,1,365,365,365,1.0,0.904184477522,0.811974308806,0.0,1.296981487142,1.225307381126,-1.0,-1.0,11,84,1.35940694155,1,"{""2"": 365}",365,1,17,1,30,0,17,30,1.0,0.910943554875,-1,1,1,,1.0,1.0,-0.0,1,0,0,30,0,0,0.0,-1.0,0,0,510,0,-510,510,-1.0,47,30,-17,-0.36170212766,30,1.0,1,17,1,60,0,17,60,1.0,0.926512091393,-1,1,1,,1.0,1.0,-0.0,1,0,0,60,0,0,0.0,-1.0,0,0,1020,0,-1020,1020,-1.0,77,60,-17,-0.220779220779,60,1.0,1,17,1,120,0,17,120,1.0,0.93888588972,-1,1,1,,1.0,1.0,-0.0,1,0,0,120,0,0,0.0,-1.0,0,0,2040,0,-2040,2040,-1.0,137,120,-17,-0.124087591241,120,1.0,1,17,1,300,0,17,300,1.0,0.924225576761,-1,1,1,,1.0,1.0,-0.0,1,0,0,300,0,0,0.0,-1.0,0,0,5100,0,-5100,5100,-1.0,317,300,-17,-0.053627760252,300,1.0,1,17,1,365,0,17,364,0.997260273973,0.924108687617,-1,1,1,,1.0,1.0,-0.0,1,0,0,364,0,0,0.0,-1.0,0,0,6188,0,-6188,6188,-1.0,381,364,-17,-0.044619422572,365,1.0
MOT17-05-FRCNN,15,22,19,v_to_u,22,15,1,20,42,1,1,22,15,1,19,19,10,61,1,52,1,10,1,42,42,42,1.0,0.110599995366,0.024603892453,0.657890895956,0.051168286574,0.037444396025,-1.0,-1.0,12,97,-0.03886048725,1,"{""15"": 42}",42,1,10,1,30,1,7,25,0.833333333333,0.822026243334,6,6,6,1.0,1.0,1.0,-0.0,1,1,25,25,0,0,0.0,0.0,25,0,175,0,-150,200,-0.75,32,26,-6,-0.181818181818,30,1.0,1,10,1,42,1,7,25,0.595238095238,0.822026243334,6,6,6,1.0,1.0,1.0,-0.0,1,1,25,25,0,0,0.0,0.0,25,0,175,0,-150,200,-0.75,32,26,-6,-0.181818181818,42,1.0,1,10,1,42,1,7,25,0.595238095238,0.822026243334,6,6,6,1.0,1.0,1.0,-0.0,1,1,25,25,0,0,0.0,0.0,25,0,175,0,-150,200,-0.75,32,26,-6,-0.181818181818,42,1.0,1,10,1,42,1,7,25,0.595238095238,0.822026243334,6,6,6,1.0,1.0,1.0,-0.0,1,1,25,25,0,0,0.0,0.0,25,0,175,0,-150,200,-0.75,32,26,-6,-0.181818181818,42,1.0,1,10,1,42,1,7,25,0.595238095238,0.822026243334,6,6,6,1.0,1.0,1.0,-0.0,1,1,25,25,0,0,0.0,0.0,25,0,175,0,-150,200,-0.75,32,26,-6,-0.181818181818,42,1.0
MOT17-05-FRCNN,2,21,24,v_to_u,21,2,1,25,358,6,6,21,2,1,19,24,1,382,6,382,6,24,1,358,358,358,1.0,0.684683098421,0.945171753921,0.032130315728,1.365846585795,1.388916475777,-1.0,-1.0,13,101,1.188419764127,1,"{""2"": 358}",358,6,24,1,30,6,24,30,1.0,0.909331692669,7,1,1,1.0,1.0,1.0,-0.0,1,0,0,30,0,30,-1.0,-1.0,0,180,720,0,-900,900,-1.0,60,30,-30,-0.5,30,1.0,6,24,1,60,6,24,60,1.0,0.932665549556,7,1,1,1.0,1.0,1.0,-0.0,1,0,0,60,0,60,-1.0,-1.0,0,360,1440,0,-1800,1800,-1.0,90,60,-30,-0.333333333333,60,1.0,6,24,1,120,6,24,120,1.0,0.935443179491,7,1,1,1.0,1.0,1.0,-0.0,1,0,0,120,0,120,-1.0,-1.0,0,720,2880,0,-3600,3600,-1.0,150,120,-30,-0.2,120,1.0,6,24,1,300,6,24,300,1.0,0.923576868784,7,1,1,1.0,1.0,1.0,-0.0,1,0,0,300,0,300,-1.0,-1.0,0,1800,7200,0,-9000,9000,-1.0,330,300,-30,-0.090909090909,300,1.0,6,24,1,358,6,24,357,0.997206703911,0.924175112638,7,1,1,1.0,1.0,1.0,-0.0,1,0,0,357,0,357,-1.0,-1.0,0,2142,8568,0,-10710,10710,-1.0,387,357,-30,-0.077519379845,358,1.0
MOT17-05-FRCNN,7,15,30,u_to_v,7,15,1,31,31,21,21,7,15,1,5,30,10,61,26,52,26,21,1,31,31,31,1.0,2.008302399126,0.075906997702,0.0,0.118888793608,0.07220304169,-1.0,-1.0,14,113,2.046388332082,1,"{""15"": 31}",31,26,21,1,30,19,18,14,0.466666666667,0.812802336383,3,6,6,1.0,1.0,1.0,-0.0,1,0,0,14,0,14,-1.0,-1.0,0,266,252,0,-518,518,-1.0,51,37,-14,-0.274509803922,30,1.0,26,21,1,31,19,18,14,0.451612903226,0.812802336383,3,6,6,1.0,1.0,1.0,-0.0,1,0,0,14,0,14,-1.0,-1.0,0,266,252,0,-518,518,-1.0,51,37,-14,-0.274509803922,31,1.0,26,21,1,31,19,18,14,0.451612903226,0.812802336383,3,6,6,1.0,1.0,1.0,-0.0,1,0,0,14,0,14,-1.0,-1.0,0,266,252,0,-518,518,-1.0,51,37,-14,-0.274509803922,31,1.0,26,21,1,31,19,18,14,0.451612903226,0.812802336383,3,6,6,1.0,1.0,1.0,-0.0,1,0,0,14,0,14,-1.0,-1.0,0,266,252,0,-518,518,-1.0,51,37,-14,-0.274509803922,31,1.0,26,21,1,31,19,18,14,0.451612903226,0.812802336383,3,6,6,1.0,1.0,1.0,-0.0,1,0,0,14,0,14,-1.0,-1.0,0,266,252,0,-518,518,-1.0,51,37,-14,-0.274509803922,31,1.0
MOT17-05-FRCNN,6,24,41,v_to_u,24,6,1,42,195,9,9,24,6,1,33,41,3,236,9,234,9,39,1,195,195,195,1.0,0.644676551018,0.015127091383,0.0,0.038203349138,0.043414806815,-1.0,-1.0,15,119,0.656620139459,1,"{""6"": 195}",195,9,30,1,30,8,26,15,0.5,0.76844852447,3,4,14,1.0,1.0,0.8,0.500402423538,2,0,0,3,0,3,-0.2,-0.2,0,120,78,312,114,510,0.223529411765,37,38,1,0.020408163265,30,1.0,9,39,1,60,8,34,45,0.75,0.864950229496,3,4,14,1.0,1.0,0.933333333333,0.244930026795,2,0,0,3,0,3,-0.066666666667,-0.066666666667,0,360,102,1428,966,1890,0.511111111111,50,76,26,0.298850574713,60,1.0,9,39,1,120,8,34,105,0.875,0.89172066133,3,4,14,1.0,1.0,0.971428571429,0.129740694719,2,0,0,3,0,3,-0.028571428571,-0.028571428571,0,840,102,3468,2526,4410,0.572789115646,110,136,26,0.176870748299,120,1.0,9,39,1,195,8,34,178,0.912820512821,0.887417812715,3,4,14,1.0,1.0,0.983146067416,0.085528593536,2,0,0,3,0,3,-0.016853932584,-0.016853932584,0,1424,102,5950,4424,7476,0.591760299625,183,209,26,0.118181818182,195,1.0,9,39,1,195,8,34,178,0.912820512821,0.887417812715,3,4,14,1.0,1.0,0.983146067416,0.085528593536,2,0,0,3,0,3,-0.016853932584,-0.016853932584,0,1424,102,5950,4424,7476,0.591760299625,183,209,26,0.118181818182,195,1.0
MOT17-05-FRCNN,4,5,43,v_to_u,5,4,1,44,18,41,41,5,4,1,3,43,3,61,41,59,41,41,1,18,18,18,1.0,0.265657702481,0.000836576128,0.367165212097,0.058023840116,0.105121162163,-1.0,-1.0,16,125,0.190390043716,1,"{""4"": 18}",18,30,30,1,18,27,30,9,0.5,0.743867672919,5,14,14,1.0,1.0,1.0,-0.0,1,0,0,9,0,9,-1.0,-1.0,0,243,270,0,-513,513,-1.0,66,57,-9,-0.136363636364,18,1.0,41,41,1,18,38,41,9,0.5,0.743867672919,5,14,14,1.0,1.0,1.0,-0.0,1,0,0,9,0,9,-1.0,-1.0,0,342,369,0,-711,711,-1.0,88,79,-9,-0.102272727273,18,1.0,41,41,1,18,38,41,9,0.5,0.743867672919,5,14,14,1.0,1.0,1.0,-0.0,1,0,0,9,0,9,-1.0,-1.0,0,342,369,0,-711,711,-1.0,88,79,-9,-0.102272727273,18,1.0,41,41,1,18,38,41,9,0.5,0.743867672919,5,14,14,1.0,1.0,1.0,-0.0,1,0,0,9,0,9,-1.0,-1.0,0,342,369,0,-711,711,-1.0,88,79,-9,-0.102272727273,18,1.0,41,41,1,18,38,41,9,0.5,0.743867672919,5,14,14,1.0,1.0,1.0,-0.0,1,0,0,9,0,9,-1.0,-1.0,0,342,369,0,-711,711,-1.0,88,79,-9,-0.102272727273,18,1.0
MOT17-05-FRCNN,5,18,43,u_to_v,5,18,1,44,277,29,29,5,18,1,3,43,15,320,41,306,41,29,1,277,277,277,1.0,2.893494190961,0.79406553961,0.0,1.501972523839,1.396588175664,-1.0,-1.0,17,128,3.381866645814,1,"{""18"": 277}",277,30,29,1,30,27,29,30,1.0,0.915707193961,5,2,2,1.0,1.0,1.0,-0.0,1,0,0,30,0,30,-1.0,-1.0,0,810,870,0,-1680,1680,-1.0,86,56,-30,-0.348837209302,30,1.0,41,29,1,60,38,29,60,1.0,0.906380923387,5,2,2,1.0,1.0,1.0,-0.0,1,0,0,60,0,60,-1.0,-1.0,0,2280,1740,0,-4020,4020,-1.0,127,67,-60,-0.472440944882,60,1.0,41,29,1,120,38,29,120,1.0,0.936834972567,5,2,2,1.0,1.0,1.0,-0.0,1,0,0,120,0,120,-1.0,-1.0,0,4560,3480,0,-8040,8040,-1.0,187,120,-67,-0.358288770053,120,1.0,41,29,1,277,38,29,271,0.978339350181,0.907881317521,5,2,2,1.0,1.0,0.881918819188,0.363084364049,2,0,0,239,0,239,-0.881918819188,-0.881918819188,0,10298,6931,928,-16301,18157,-0.897780470342,306,239,-67,-0.198224852071,277,1.0,41,29,1,277,38,29,271,0.978339350181,0.907881317521,5,2,2,1.0,1.0,0.881918819188,0.363084364049,2,0,0,239,0,239,-0.881918819188,-0.881918819188,0,10298,6931,928,-16301,18157,-0.897780470342,306,239,-67,-0.198224852071,277,1.0
MOT17-05-FRCNN,1,15,61,v_to_u,15,1,1,62,201,52,52,15,1,1,10,61,1,262,52,262,52,61,1,201,201,201,1.0,1.304725131968,1.468428099175,0.0,2.395611025963,2.014627830682,-1.0,-1.0,18,131,2.112856042426,1,"{""1"": 201}",201,30,30,1,30,13,30,30,1.0,0.956692028249,6,125,125,1.0,1.0,1.0,-0.0,1,0,0,30,0,30,-1.0,-1.0,0,390,900,0,-1290,1290,-1.0,73,43,-30,-0.41095890411,30,1.0,52,60,1,60,32,60,60,1.0,0.953453357107,6,125,125,1.0,1.0,1.0,-0.0,1,0,0,60,0,60,-1.0,-1.0,0,1920,3600,0,-5520,5520,-1.0,152,92,-60,-0.394736842105,60,1.0,52,61,1,120,32,61,120,1.0,0.945598964052,6,125,125,1.0,1.0,1.0,-0.0,1,0,0,120,0,120,-1.0,-1.0,0,3840,7320,0,-11160,11160,-1.0,213,120,-93,-0.43661971831,120,1.0,52,61,1,201,32,61,200,0.995024875622,0.926400387658,6,125,125,1.0,1.0,1.0,-0.0,1,0,0,200,0,200,-1.0,-1.0,0,6400,12200,0,-18600,18600,-1.0,293,200,-93,-0.317406143345,201,1.0,52,61,1,201,32,61,200,0.995024875622,0.926400387658,6,125,125,1.0,1.0,1.0,-0.0,1,0,0,200,0,200,-1.0,-1.0,0,6400,12200,0,-18600,18600,-1.0,293,200,-93,-0.317406143345,201,1.0
MOT17-05-FRCNN,2,4,61,v_to_u,4,2,1,62,321,59,59,4,2,1,3,61,1,382,59,382,59,61,1,321,321,321,1.0,2.938389979547,1.393292013832,0.0,2.039500162689,1.954475477111,-1.0,-1.0,19,132,3.686110546985,1,"{""2"": 321}",321,30,30,1,30,21,30,30,1.0,0.965439705779,14,1,1,1.0,1.0,1.0,-0.0,1,0,0,30,0,30,-1.0,-1.0,0,630,900,0,-1530,1530,-1.0,81,51,-30,-0.37037037037,30,1.0,59,60,1,60,50,60,60,1.0,0.962867121309,14,1,1,1.0,1.0,1.0,-0.0,1,0,0,60,0,60,-1.0,-1.0,0,3000,3600,0,-6600,6600,-1.0,170,110,-60,-0.352941176471,60,1.0,59,61,1,120,50,61,120,1.0,0.930706452545,14,1,1,1.0,1.0,1.0,-0.0,1,0,0,120,0,120,-1.0,-1.0,0,6000,7320,0,-13320,13320,-1.0,231,120,-111,-0.480519480519,120,1.0,59,61,1,300,50,61,300,1.0,0.925657107373,14,1,1,1.0,1.0,1.0,-0.0,1,0,0,300,0,300,-1.0,-1.0,0,15000,18300,0,-33300,33300,-1.0,411,300,-111,-0.270072992701,300,1.0,59,61,1,321,50,61,320,0.996884735202,0.925346090454,14,1,1,1.0,1.0,1.0,-0.0,1,0,0,320,0,320,-1.0,-1.0,0,16000,19520,0,-35520,35520,-1.0,431,320,-111,-0.257540603248,321,1.0
MOT17-05-FRCNN,15,25,61,u_to_v,15,25,1,62,104,18,18,15,25,1,10,61,44,165,52,122,52,18,1,104,104,104,1.0,0.600580464022,0.115419833495,0.0,0.198207771906,0.245623626182,-1.0,-1.0,20,141,0.673818562205,1,"{""25"": 104}",104,30,18,1,30,13,11,23,0.766666666667,0.840241606358,6,6,9,1.0,1.0,1.0,-0.0,1,1,0,0,0,0,0.0,0.0,0,299,0,253,-46,552,-0.083333333333,36,34,-2,-0.042553191489,30,1.0,52,18,1,60,32,11,53,0.883333333333,0.859677257112,6,6,9,1.0,1.0,1.0,-0.0,1,1,0,0,0,0,0.0,0.0,0,1696,0,583,-1113,2279,-0.488372093023,85,64,-21,-0.21875,60,1.0,52,18,1,104,32,11,92,0.884615384615,0.87996028575,6,6,9,1.0,1.0,1.0,-0.0,1,1,0,0,0,0,0.0,0.0,0,2944,0,1012,-1932,3956,-0.488372093023,124,103,-21,-0.155555555556,104,1.0,52,18,1,104,32,11,92,0.884615384615,0.87996028575,6,6,9,1.0,1.0,1.0,-0.0,1,1,0,0,0,0,0.0,0.0,0,2944,0,1012,-1932,3956,-0.488372093023,124,103,-21,-0.155555555556,104,1.0,52,18,1,104,32,11,92,0.884615384615,0.87996028575,6,6,9,1.0,1.0,1.0,-0.0,1,1,0,0,0,0,0.0,0.0,0,2944,0,1012,-1932,3956,-0.488372093023,124,103,-21,-0.155555555556,104,1.0
MOT17-05-FRCNN,23,26,70,v_to_u,26,23,1,71,14,9,9,26,23,1,62,70,31,84,9,54,9,40,1,14,14,14,1.0,0.077051934561,0.011332906881,0.777446910188,0.075351361486,0.015040544035,-1.0,-1.0,21,146,-0.105437375714,1,"{""23"": 14}",14,9,30,1,14,9,11,11,0.785714285714,0.744166801313,117,117,117,1.0,1.0,1.0,-0.0,1,1,11,11,0,0,0.0,0.0,99,0,121,0,-22,220,-0.1,22,20,-2,-0.064516129032,14,1.0,9,40,1,14,9,20,11,0.785714285714,0.744166801313,117,117,117,1.0,1.0,1.0,-0.0,1,1,11,11,0,0,0.0,0.0,99,0,220,0,-121,319,-0.379310344828,31,20,-11,-0.275,14,1.0,9,40,1,14,9,20,11,0.785714285714,0.744166801313,117,117,117,1.0,1.0,1.0,-0.0,1,1,11,11,0,0,0.0,0.0,99,0,220,0,-121,319,-0.379310344828,31,20,-11,-0.275,14,1.0,9,40,1,14,9,20,11,0.785714285714,0.744166801313,117,117,117,1.0,1.0,1.0,-0.0,1,1,11,11,0,0,0.0,0.0,99,0,220,0,-121,319,-0.379310344828,31,20,-11,-0.275,14,1.0,9,40,1,14,9,20,11,0.785714285714,0.744166801313,117,117,117,1.0,1.0,1.0,-0.0,1,1,11,11,0,0,0.0,0.0,99,0,220,0,-121,319,-0.379310344828,31,20,-11,-0.275,14,1.0
MOT17-05-FRCNN,6,27,85,v_to_u,27,6,1,86,151,21,21,27,6,1,65,85,3,236,21,234,21,83,1,151,151,151,1.0,1.219254548947,0.286352593293,0.0,0.461880959144,0.447772125788,-1.0,-1.0,22,159,1.381808005764,1,"{""6"": 151}",151,21,30,1,30,20,26,30,1.0,0.923220439909,8,14,14,1.0,1.0,1.0,-0.0,1,0,0,30,0,30,-1.0,-1.0,0,600,780,0,-1380,1380,-1.0,76,46,-30,-0.394736842105,30,1.0,21,60,1,60,20,41,60,1.0,0.925039054218,8,14,14,1.0,0.634146341463,1.0,-0.0,1,0,0,60,0,60,-1.0,-1.0,0,1200,1560,900,-1860,3660,-0.508196721311,106,75,-31,-0.256198347107,60,1.0,21,83,1,120,20,63,119,0.991666666667,0.905992475352,8,4,14,1.0,0.587301587302,1.0,-0.0,1,0,0,0,0,0,0.0,0.0,0,2380,3094,4403,-1071,9877,-0.10843373494,165,156,-9,-0.044554455446,120,1.0,21,83,1,151,20,63,149,0.986754966887,0.898349566163,8,4,14,1.0,0.587301587302,1.0,-0.0,1,0,0,0,0,0,0.0,0.0,0,2980,3874,5513,-1341,12367,-0.10843373494,195,186,-9,-0.038793103448,151,1.0,21,83,1,151,20,63,149,0.986754966887,0.898349566163,8,4,14,1.0,0.587301587302,1.0,-0.0,1,0,0,0,0,0,0.0,0.0,0,2980,3874,5513,-1341,12367,-0.10843373494,195,186,-9,-0.038793103448,151,1.0
MOT17-05-FRCNN,29,30,89,u_to_v,29,30,1,90,168,4,4,29,30,1,85,89,86,257,5,172,5,4,1,168,168,168,1.0,1.889327464119,0.079979215778,0.0,0.063631902762,0.159607604757,-1.0,-1.0,23,170,1.931646218816,1,"{""30"": 168}",168,5,4,1,30,5,4,30,1.0,0.835947169931,117,8,8,1.0,1.0,1.0,-0.0,1,0,0,30,0,30,-1.0,-1.0,0,150,120,0,-270,270,-1.0,39,30,-9,-0.230769230769,30,1.0,5,4,1,60,5,4,60,1.0,0.839545275767,117,8,8,1.0,1.0,1.0,-0.0,1,0,0,60,0,60,-1.0,-1.0,0,300,240,0,-540,540,-1.0,69,60,-9,-0.130434782609,60,1.0,5,4,1,120,5,4,120,1.0,0.830163211469,117,8,8,1.0,1.0,1.0,-0.0,1,0,0,120,0,120,-1.0,-1.0,0,600,480,0,-1080,1080,-1.0,129,120,-9,-0.06976744186,120,1.0,5,4,1,168,5,4,152,0.904761904762,0.830655410265,117,8,8,1.0,1.0,0.986842105263,0.070054280875,2,0,0,150,0,150,-0.986842105263,-0.986842105263,0,760,600,8,-1352,1368,-0.988304093567,159,150,-9,-0.055900621118,168,1.0,5,4,1,168,5,4,152,0.904761904762,0.830655410265,117,8,8,1.0,1.0,0.986842105263,0.070054280875,2,0,0,150,0,150,-0.986842105263,-0.986842105263,0,760,600,8,-1352,1368,-0.988304093567,159,150,-9,-0.055900621118,168,1.0
MOT17-05-FRCNN,28,33,96,v_to_u,33,28,1,97,109,4,4,33,28,1,93,96,69,205,4,137,4,28,1,109,109,109,1.0,0.724736322501,0.119631903135,0.0,0.208784330236,0.283762359555,-1.0,-1.0,24,177,0.803898967264,1,"{""28"": 109}",109,4,28,1,30,4,28,30,1.0,0.837331304296,10,107,107,1.0,1.0,1.0,-0.0,1,0,0,30,0,30,-1.0,-1.0,0,120,840,0,-960,960,-1.0,62,32,-30,-0.483870967742,30,1.0,4,28,1,60,4,28,60,1.0,0.844919189689,10,107,107,1.0,1.0,1.0,-0.0,1,0,0,60,0,60,-1.0,-1.0,0,240,1680,0,-1920,1920,-1.0,92,60,-32,-0.347826086957,60,1.0,4,28,1,109,4,28,106,0.97247706422,0.844907134078,10,107,107,1.0,1.0,0.811320754717,0.4843021795,2,0,0,86,0,86,-0.811320754717,-0.811320754717,0,424,2408,560,-2272,3392,-0.669811320755,118,86,-32,-0.231884057971,109,1.0,4,28,1,109,4,28,106,0.97247706422,0.844907134078,10,107,107,1.0,1.0,0.811320754717,0.4843021795,2,0,0,86,0,86,-0.811320754717,-0.811320754717,0,424,2408,560,-2272,3392,-0.669811320755,118,86,-32,-0.231884057971,109,1.0,4,28,1,109,4,28,106,0.97247706422,0.844907134078,10,107,107,1.0,1.0,0.811320754717,0.4843021795,2,0,0,86,0,86,-0.811320754717,-0.811320754717,0,424,2408,560,-2272,3392,-0.669811320755,118,86,-32,-0.231884057971,109,1.0
MOT17-05-FRCNN,30,31,123,v_to_u,31,30,1,124,134,38,38,31,30,1,86,123,86,257,38,172,38,38,1,134,134,134,1.0,0.325335486242,0.103221829316,0.312707935368,0.149318691511,0.105279769564,-1.0,-1.0,25,187,0.298423805837,1,"{""30"": 134}",134,30,30,1,30,20,30,30,1.0,0.829627532481,139,8,8,1.0,1.0,1.0,-0.0,1,0,0,30,0,30,-1.0,-1.0,0,600,900,0,-1500,1500,-1.0,80,50,-30,-0.375,30,1.0,38,38,1,60,28,38,60,1.0,0.824140812077,139,8,8,1.0,1.0,1.0,-0.0,1,0,0,60,0,60,-1.0,-1.0,0,1680,2280,0,-3960,3960,-1.0,126,66,-60,-0.47619047619,60,1.0,38,38,1,120,28,38,116,0.966666666667,0.827548174141,139,8,8,1.0,1.0,1.0,-0.0,1,0,0,116,0,116,-1.0,-1.0,0,3248,4408,0,-7656,7656,-1.0,182,116,-66,-0.362637362637,120,1.0,38,38,1,134,28,38,118,0.880597014925,0.828906131423,139,8,8,1.0,1.0,0.983050847458,0.085915501335,2,0,0,116,0,116,-0.983050847458,-0.983050847458,0,3304,4408,76,-7636,7788,-0.980482794042,182,116,-66,-0.358695652174,134,1.0,38,38,1,134,28,38,118,0.880597014925,0.828906131423,139,8,8,1.0,1.0,0.983050847458,0.085915501335,2,0,0,116,0,116,-0.983050847458,-0.983050847458,0,3304,4408,76,-7636,7788,-0.980482794042,182,116,-66,-0.358695652174,134,1.0
MOT17-05-FRCNN,1,32,144,v_to_u,32,1,1,145,118,53,53,32,1,1,92,144,1,262,53,262,53,144,1,118,118,118,1.0,0.8610826826,1.35179923324,0.013663162662,2.385678989315,1.907372935093,-1.0,-1.0,26,189,1.624921892685,1,"{""1"": 118}",118,30,30,1,30,26,30,30,1.0,0.928935502013,11,125,125,1.0,1.0,1.0,-0.0,1,0,0,30,0,30,-1.0,-1.0,0,780,900,0,-1680,1680,-1.0,86,56,-30,-0.348837209302,30,1.0,53,60,1,60,48,60,60,1.0,0.929779216932,11,125,125,1.0,1.0,1.0,-0.0,1,0,0,60,0,60,-1.0,-1.0,0,2880,3600,0,-6480,6480,-1.0,168,108,-60,-0.357142857143,60,1.0,53,120,1,118,48,120,117,0.991525423729,0.908253738215,11,125,125,1.0,1.0,1.0,-0.0,1,0,0,117,0,117,-1.0,-1.0,0,5616,14040,0,-19656,19656,-1.0,285,168,-117,-0.410526315789,118,1.0,53,144,1,118,48,144,117,0.991525423729,0.908253738215,11,125,125,1.0,1.0,1.0,-0.0,1,0,0,117,0,117,-1.0,-1.0,0,5616,16848,0,-22464,22464,-1.0,309,192,-117,-0.378640776699,118,1.0,53,144,1,118,48,144,117,0.991525423729,0.908253738215,11,125,125,1.0,1.0,1.0,-0.0,1,0,0,117,0,117,-1.0,-1.0,0,5616,16848,0,-22464,22464,-1.0,309,192,-117,-0.378640776699,118,1.0
MOT17-05-FRCNN,18,25,165,v_to_u,25,18,1,166,155,122,122,25,18,1,44,165,15,320,122,306,122,151,1,155,155,155,1.0,0.898577213646,0.919894873076,0.0,1.632971610915,1.594487256731,-1.0,-1.0,27,201,1.451296818679,1,"{""18"": 155}",155,30,30,1,30,25,30,30,1.0,0.940775840921,9,2,2,1.0,1.0,1.0,-0.0,1,0,0,30,0,30,-1.0,-1.0,0,750,900,0,-1650,1650,-1.0,85,55,-30,-0.352941176471,30,1.0,60,60,1,60,55,60,60,1.0,0.933433172992,9,2,2,1.0,1.0,1.0,-0.0,1,0,0,60,0,60,-1.0,-1.0,0,3300,3600,0,-6900,6900,-1.0,175,115,-60,-0.342857142857,60,1.0,120,120,1,120,101,120,119,0.991666666667,0.913510332604,9,2,2,0.910891089109,1.0,0.983193277311,0.085336562587,2,0,0,117,0,117,-0.983193277311,-0.983193277311,0,12019,14040,240,-25819,26299,-0.981748355451,329,212,-117,-0.344117647059,120,1.0,122,151,1,155,103,151,149,0.961290322581,0.88401332297,9,2,2,0.893203883495,1.0,0.785234899329,0.520202015604,2,0,0,117,0,117,-0.785234899329,-0.785234899329,0,15347,17667,4832,-28182,37846,-0.744649368493,360,243,-117,-0.290322580645,155,1.0,122,151,1,155,103,151,149,0.961290322581,0.88401332297,9,2,2,0.893203883495,1.0,0.785234899329,0.520202015604,2,0,0,117,0,117,-0.785234899329,-0.785234899329,0,15347,17667,4832,-28182,37846,-0.744649368493,360,243,-117,-0.290322580645,155,1.0
MOT17-05-FRCNN,25,28,165,u_to_v,25,28,1,166,40,97,97,25,28,1,44,165,69,205,122,137,122,97,1,40,40,40,1.0,0.297035446088,0.020576505046,0.305906121383,0.08957989837,0.049966314278,-1.0,-1.0,28,202,0.239657663269,1,"{""28"": 40}",40,30,30,1,30,25,30,28,0.933333333333,0.814175379096,9,107,107,1.0,1.0,0.607142857143,0.670008979827,2,0,0,17,0,17,-0.607142857143,-0.607142857143,0,700,510,330,-880,1540,-0.571428571429,72,55,-17,-0.204819277108,30,1.0,60,60,1,40,55,60,37,0.925,0.838877741921,9,107,13,1.0,1.0,0.540540540541,0.689856498589,2,0,0,17,0,17,-0.459459459459,-0.459459459459,0,2035,1020,1200,-1855,4255,-0.435957696827,132,115,-17,-0.111842105263,40,1.0,120,97,1,40,101,97,37,0.925,0.838877741921,9,107,13,0.910891089109,1.0,0.540540540541,0.689856498589,2,0,0,17,0,17,-0.459459459459,-0.459459459459,0,3737,1649,1940,-3446,7326,-0.470379470379,206,189,-17,-0.072340425532,40,1.0,122,97,1,40,103,97,37,0.925,0.838877741921,9,107,13,0.893203883495,1.0,0.540540540541,0.689856498589,2,0,0,17,0,17,-0.459459459459,-0.459459459459,0,3811,1649,1940,-3520,7400,-0.475675675676,206,189,-17,-0.071729957806,40,1.0,122,97,1,40,103,97,37,0.925,0.838877741921,9,107,13,0.893203883495,1.0,0.540540540541,0.689856498589,2,0,0,17,0,17,-0.459459459459,-0.459459459459,0,3811,1649,1940,-3520,7400,-0.475675675676,206,189,-17,-0.071729957806,40,1.0
MOT17-05-FRCNN,1,28,205,v_to_u,28,1,1,206,57,137,137,28,1,1,69,205,1,262,137,262,137,205,1,57,57,57,1.0,0.822962802189,1.287545296536,0.011947788502,1.958282410838,1.908816346538,-1.0,-1.0,29,206,1.528572054935,1,"{""1"": 57}",57,30,30,1,30,27,30,30,1.0,0.912852777058,13,125,125,0.740740740741,1.0,1.0,-0.0,1,0,0,30,0,30,-1.0,-1.0,0,810,900,0,-1710,1710,-1.0,80,50,-30,-0.344827586207,30,1.0,60,60,1,57,57,60,56,0.982456140351,0.884619868099,107,125,125,0.649122807018,1.0,1.0,-0.0,1,0,0,56,0,56,-1.0,-1.0,0,3192,3360,0,-6552,6552,-1.0,153,97,-56,-0.323699421965,57,1.0,120,120,1,57,117,120,56,0.982456140351,0.884619868099,107,125,125,0.82905982906,1.0,1.0,-0.0,1,0,0,56,0,56,-1.0,-1.0,0,6552,6720,0,-13272,13272,-1.0,273,217,-56,-0.191126279863,57,1.0,137,205,1,57,134,205,56,0.982456140351,0.884619868099,107,125,125,0.850746268657,1.0,1.0,-0.0,1,0,0,56,0,56,-1.0,-1.0,0,7504,11480,0,-18984,18984,-1.0,375,319,-56,-0.141772151899,57,1.0,137,205,1,57,134,205,56,0.982456140351,0.884619868099,107,125,125,0.850746268657,1.0,1.0,-0.0,1,0,0,56,0,56,-1.0,-1.0,0,7504,11480,0,-18984,18984,-1.0,375,319,-56,-0.141772151899,57,1.0
MOT17-05-FRCNN,28,36,205,u_to_v,28,36,1,206,1,23,23,28,36,1,69,205,183,206,137,24,137,23,1,1,1,1,1.0,0.029229856354,0.014161017335,0.898867213081,0.065024612311,0.013937896369,-1.0,-1.0,30,213,-0.184050441715,1,"{""36"": 1}",1,30,23,1,1,27,22,0,0.0,,13,107,-1,0.740740740741,1.0,,,0,0,0,0,0,0,0.0,0.0,0,0,0,0,0,0,0.0,42,42,0,0.0,1,1.0,60,23,1,1,57,22,0,0.0,,107,107,-1,0.649122807018,1.0,,,0,1,0,0,0,0,0.0,0.0,0,0,0,0,0,0,0.0,42,42,0,0.0,1,1.0,120,23,1,1,117,22,0,0.0,,107,107,-1,0.82905982906,1.0,,,0,1,0,0,0,0,0.0,0.0,0,0,0,0,0,0,0.0,97,97,0,0.0,1,1.0,137,23,1,1,134,22,0,0.0,,107,107,-1,0.850746268657,1.0,,,0,1,0,0,0,0,0.0,0.0,0,0,0,0,0,0,0.0,114,114,0,0.0,1,1.0,137,23,1,1,134,22,0,0.0,,107,107,-1,0.850746268657,1.0,,,0,1,0,0,0,0,0.0,0.0,0,0,0,0,0,0,0.0,114,114,0,0.0,1,1.0
MOT17-05-FRCNN,34,35,215,u_to_v,34,35,1,216,28,86,86,34,35,1,130,215,130,243,86,114,86,86,1,28,28,28,1.0,0.299900192765,0.05632659764,0.305824157907,0.131950264635,0.162329194178,-1.0,-1.0,31,226,0.266953748579,1,"{""35"": 28}",28,30,30,1,28,21,30,25,0.892857142857,0.763466002008,140,12,12,1.0,1.0,1.0,-0.0,1,0,0,25,0,25,-1.0,-1.0,0,525,750,0,-1275,1275,-1.0,76,51,-25,-0.328947368421,28,1.0,60,60,1,28,51,60,25,0.892857142857,0.763466002008,140,12,12,1.0,1.0,1.0,-0.0,1,0,0,25,0,25,-1.0,-1.0,0,1275,1500,0,-2775,2775,-1.0,136,111,-25,-0.183823529412,28,1.0,86,86,1,28,77,86,25,0.892857142857,0.763466002008,140,12,12,1.0,1.0,1.0,-0.0,1,0,0,25,0,25,-1.0,-1.0,0,1925,2150,0,-4075,4075,-1.0,188,163,-25,-0.132978723404,28,1.0,86,86,1,28,77,86,25,0.892857142857,0.763466002008,140,12,12,1.0,1.0,1.0,-0.0,1,0,0,25,0,25,-1.0,-1.0,0,1925,2150,0,-4075,4075,-1.0,188,163,-25,-0.132978723404,28,1.0,86,86,1,28,77,86,25,0.892857142857,0.763466002008,140,12,12,1.0,1.0,1.0,-0.0,1,0,0,25,0,25,-1.0,-1.0,0,1925,2150,0,-4075,4075,-1.0,188,163,-25,-0.132978723404,28,1.0
MOT17-05-FRCNN,6,37,229,v_to_u,37,6,1,230,7,5,5,37,6,1,225,229,3,236,5,234,5,227,1,7,7,7,1.0,3.23371718157,0.12678065771,0.0,0.033701090615,0.071992801051,-1.0,-1.0,32,229,3.275981735164,1,"{""6"": 7}",7,5,30,1,7,5,30,6,0.857142857143,0.848490402986,15,14,14,1.0,1.0,1.0,-0.0,1,0,0,6,0,6,-1.0,-1.0,0,30,180,0,-210,210,-1.0,41,35,-6,-0.146341463415,7,1.0,5,60,1,7,5,59,6,0.857142857143,0.848490402986,15,14,14,1.0,1.0,1.0,-0.0,1,0,0,6,0,6,-1.0,-1.0,0,30,354,0,-384,384,-1.0,70,64,-6,-0.085714285714,7,1.0,5,120,1,7,5,119,6,0.857142857143,0.848490402986,15,14,14,1.0,1.0,1.0,-0.0,1,0,0,6,0,6,-1.0,-1.0,0,30,714,0,-744,744,-1.0,130,124,-6,-0.046153846154,7,1.0,5,227,1,7,5,206,6,0.857142857143,0.848490402986,15,14,14,1.0,0.820388349515,1.0,-0.0,1,0,0,6,0,6,-1.0,-1.0,0,30,1014,222,-822,1266,-0.649289099526,180,174,-6,-0.027649769585,7,1.0,5,227,1,7,5,206,6,0.857142857143,0.848490402986,15,14,14,1.0,0.820388349515,1.0,-0.0,1,0,0,6,0,6,-1.0,-1.0,0,30,1014,222,-822,1266,-0.649289099526,180,174,-6,-0.027649769585,7,1.0
MOT17-05-FRCNN,1,6,236,v_to_u,6,1,1,237,26,234,234,6,1,1,3,236,1,262,234,262,234,236,1,26,26,26,1.0,0.789759598913,0.910397686448,0.013237902897,1.544279043882,1.308400048801,-1.0,-1.0,33,234,1.299317454069,1,"{""1"": 26}",26,30,30,1,26,29,30,25,0.961538461538,0.850843346032,14,125,125,1.0,1.0,1.0,-0.0,1,0,0,25,0,25,-1.0,-1.0,0,725,750,0,-1475,1475,-1.0,84,59,-25,-0.297619047619,26,1.0,60,60,1,26,59,60,25,0.961538461538,0.850843346032,14,125,125,1.0,1.0,1.0,-0.0,1,0,0,25,0,25,-1.0,-1.0,0,1475,1500,0,-2975,2975,-1.0,144,119,-25,-0.173611111111,26,1.0,120,120,1,26,118,120,25,0.961538461538,0.850843346032,14,125,125,1.0,1.0,1.0,-0.0,1,0,0,25,0,25,-1.0,-1.0,0,2950,3000,0,-5950,5950,-1.0,263,238,-25,-0.095057034221,26,1.0,234,236,1,26,212,236,25,0.961538461538,0.850843346032,14,125,125,0.825471698113,1.0,1.0,-0.0,1,0,0,25,0,25,-1.0,-1.0,0,5300,5900,0,-11200,11200,-1.0,436,411,-25,-0.052854122622,26,1.0,234,236,1,26,212,236,25,0.961538461538,0.850843346032,14,125,125,0.825471698113,1.0,1.0,-0.0,1,0,0,25,0,25,-1.0,-1.0,0,5300,5900,0,-11200,11200,-1.0,436,411,-25,-0.052854122622,26,1.0
MOT17-05-FRCNN,2,39,236,v_to_u,39,2,1,237,146,1,1,39,2,1,236,236,1,382,1,382,1,236,1,146,146,146,1.0,0.435800302983,0.5335081168,0.124114201031,1.070645893315,0.832299847595,-1.0,-1.0,34,237,0.728443356017,1,"{""2"": 146}",146,1,30,1,30,1,30,30,1.0,0.940879420507,17,1,1,1.0,1.0,1.0,-0.0,1,0,0,30,0,30,-1.0,-1.0,0,30,900,0,-930,930,-1.0,61,31,-30,-0.491803278689,30,1.0,1,60,1,60,1,60,60,1.0,0.929166620974,17,1,1,1.0,1.0,1.0,-0.0,1,0,0,60,0,60,-1.0,-1.0,0,60,3600,0,-3660,3660,-1.0,121,61,-60,-0.495867768595,60,1.0,1,120,1,120,1,120,120,1.0,0.920306392743,17,1,1,1.0,1.0,1.0,-0.0,1,0,0,120,0,120,-1.0,-1.0,0,120,14400,0,-14520,14520,-1.0,241,121,-120,-0.497925311203,120,1.0,1,236,1,146,1,236,145,0.993150684932,0.920484182311,17,1,1,1.0,1.0,1.0,-0.0,1,0,0,145,0,145,-1.0,-1.0,0,145,34220,0,-34365,34365,-1.0,382,237,-145,-0.379581151832,146,1.0,1,236,1,146,1,236,145,0.993150684932,0.920484182311,17,1,1,1.0,1.0,1.0,-0.0,1,0,0,145,0,145,-1.0,-1.0,0,145,34220,0,-34365,34365,-1.0,382,237,-145,-0.379581151832,146,1.0
MOT17-05-FRCNN,6,18,236,u_to_v,6,18,1,237,84,222,222,6,18,1,3,236,15,320,234,306,234,222,1,84,84,84,1.0,2.290879104539,0.270839997014,0.0,0.778497779997,0.625524068057,-1.0,-1.0,35,238,2.498991288598,1,"{""18"": 84}",84,30,30,1,30,29,30,30,1.0,0.911790211534,14,2,2,1.0,1.0,1.0,-0.0,1,0,0,30,0,30,-1.0,-1.0,0,870,900,0,-1770,1770,-1.0,89,59,-30,-0.337078651685,30,1.0,60,60,1,60,59,60,59,0.983333333333,0.872497559272,14,2,2,1.0,1.0,0.779661016949,0.527336666185,2,0,0,46,0,46,-0.779661016949,-0.779661016949,0,3481,2760,780,-5461,7021,-0.777809428856,165,119,-46,-0.258426966292,60,1.0,120,120,1,84,118,120,78,0.928571428571,0.844180691692,14,2,2,1.0,1.0,0.589743589744,0.676951735304,2,0,0,46,0,46,-0.589743589744,-0.589743589744,0,9204,5520,3840,-10884,18564,-0.586296056884,284,238,-46,-0.145569620253,84,1.0,234,222,1,84,212,222,78,0.928571428571,0.844180691692,14,2,2,0.825471698113,1.0,0.589743589744,0.676951735304,2,0,0,46,0,46,-0.589743589744,-0.589743589744,0,16536,10212,7104,-19644,33852,-0.580290677065,443,397,-46,-0.08984375,84,1.0,234,222,1,84,212,222,78,0.928571428571,0.844180691692,14,2,2,0.825471698113,1.0,0.589743589744,0.676951735304,2,0,0,46,0,46,-0.589743589744,-0.589743589744,0,16536,10212,7104,-19644,33852,-0.580290677065,443,397,-46,-0.08984375,84,1.0
MOT17-05-FRCNN,6,38,236,u_to_v,6,38,1,237,10,8,8,6,38,1,3,236,229,246,234,18,234,8,1,10,10,10,1.0,0.212038135728,0.076700162268,0.39360318169,0.322252005362,0.222645915076,-1.0,-1.0,36,241,0.187302172916,1,"{""38"": 10}",10,30,8,1,10,29,8,10,1.0,0.871074972902,14,16,16,1.0,1.0,1.0,-0.0,1,0,0,10,0,10,-1.0,-1.0,0,290,80,0,-370,370,-1.0,47,37,-10,-0.212765957447,10,1.0,60,8,1,10,59,8,10,1.0,0.871074972902,14,16,16,1.0,1.0,1.0,-0.0,1,0,0,10,0,10,-1.0,-1.0,0,590,80,0,-670,670,-1.0,77,67,-10,-0.12987012987,10,1.0,120,8,1,10,118,8,10,1.0,0.871074972902,14,16,16,1.0,1.0,1.0,-0.0,1,0,0,10,0,10,-1.0,-1.0,0,1180,80,0,-1260,1260,-1.0,136,126,-10,-0.073529411765,10,1.0,234,8,1,10,212,8,10,1.0,0.871074972902,14,16,16,0.825471698113,1.0,1.0,-0.0,1,0,0,10,0,10,-1.0,-1.0,0,2120,80,0,-2200,2200,-1.0,193,183,-10,-0.04347826087,10,1.0,234,8,1,10,212,8,10,1.0,0.871074972902,14,16,16,0.825471698113,1.0,1.0,-0.0,1,0,0,10,0,10,-1.0,-1.0,0,2120,80,0,-2200,2200,-1.0,193,183,-10,-0.04347826087,10,1.0
MOT17-05-FRCNN,40,42,241,v_to_u,42,40,1,242,2,4,4,42,40,1,238,241,236,243,4,8,4,6,1,2,2,2,1.0,0.282602717665,0.002221497317,0.355202862345,0.024985146334,0.070755796866,-1.0,-1.0,37,254,0.203931470728,1,"{""40"": 2}",2,4,6,1,2,4,4,1,0.5,0.507913163027,15,151,15,1.0,1.0,1.0,-0.0,1,0,1,0,1,0,1.0,1.0,4,0,0,4,8,8,1.0,8,9,1,0.111111111111,2,1.0,4,6,1,2,4,4,1,0.5,0.507913163027,15,151,15,1.0,1.0,1.0,-0.0,1,0,1,0,1,0,1.0,1.0,4,0,0,4,8,8,1.0,8,9,1,0.111111111111,2,1.0,4,6,1,2,4,4,1,0.5,0.507913163027,15,151,15,1.0,1.0,1.0,-0.0,1,0,1,0,1,0,1.0,1.0,4,0,0,4,8,8,1.0,8,9,1,0.111111111111,2,1.0,4,6,1,2,4,4,1,0.5,0.507913163027,15,151,15,1.0,1.0,1.0,-0.0,1,0,1,0,1,0,1.0,1.0,4,0,0,4,8,8,1.0,8,9,1,0.111111111111,2,1.0,4,6,1,2,4,4,1,0.5,0.507913163027,15,151,15,1.0,1.0,1.0,-0.0,1,0,1,0,1,0,1.0,1.0,4,0,0,4,8,8,1.0,8,9,1,0.111111111111,2,1.0
MOT17-05-FRCNN,18,41,243,v_to_u,41,18,1,244,77,7,7,41,18,1,237,243,15,320,7,306,7,229,1,77,77,77,1.0,0.32338362702,0.380233093278,0.161660578765,0.863239164361,0.768212225271,-1.0,-1.0,38,266,0.541171894611,1,"{""18"": 77}",77,7,30,1,30,4,30,30,1.0,0.90355481078,18,2,2,1.0,1.0,1.0,-0.0,1,0,0,30,0,30,-1.0,-1.0,0,120,900,0,-1020,1020,-1.0,64,34,-30,-0.46875,30,1.0,7,60,1,60,4,60,58,0.966666666667,0.848926834992,18,2,2,1.0,1.0,0.672413793103,0.632456031181,2,0,0,39,0,39,-0.672413793103,-0.672413793103,0,232,2340,1140,-1432,3712,-0.385775862069,103,79,-24,-0.196721311475,60,1.0,7,120,1,77,4,120,71,0.922077922078,0.838364084591,18,2,2,1.0,1.0,0.549295774648,0.688279129314,2,0,0,39,0,39,-0.549295774648,-0.549295774648,0,284,4680,3840,-1124,8804,-0.127669241254,163,152,-11,-0.05641025641,77,1.0,7,229,1,77,4,229,71,0.922077922078,0.838364084591,18,2,2,1.0,1.0,0.549295774648,0.688279129314,2,0,0,39,0,39,-0.549295774648,-0.549295774648,0,284,8931,7328,-1887,16543,-0.114066372484,272,261,-11,-0.036184210526,77,1.0,7,229,1,77,4,229,71,0.922077922078,0.838364084591,18,2,2,1.0,1.0,0.549295774648,0.688279129314,2,0,0,39,0,39,-0.549295774648,-0.549295774648,0,284,8931,7328,-1887,16543,-0.114066372484,272,261,-11,-0.036184210526,77,1.0
MOT17-05-FRCNN,1,45,248,v_to_u,45,1,1,249,14,7,7,45,1,1,242,248,1,262,7,262,7,248,1,14,14,14,1.0,4.552204700768,1.012741882144,0.0,1.29531291468,1.310131899106,-1.0,-1.0,39,297,5.065934652682,1,"{""1"": 14}",14,7,30,1,14,5,30,13,0.928571428571,0.789610632772,21,125,125,1.0,1.0,1.0,-0.0,1,0,0,13,0,13,-1.0,-1.0,0,65,390,0,-455,455,-1.0,48,35,-13,-0.270833333333,14,1.0,7,60,1,14,5,60,13,0.928571428571,0.789610632772,21,125,125,1.0,1.0,1.0,-0.0,1,0,0,13,0,13,-1.0,-1.0,0,65,780,0,-845,845,-1.0,78,65,-13,-0.166666666667,14,1.0,7,120,1,14,5,120,13,0.928571428571,0.789610632772,21,125,125,1.0,1.0,1.0,-0.0,1,0,0,13,0,13,-1.0,-1.0,0,65,1560,0,-1625,1625,-1.0,138,125,-13,-0.094202898551,14,1.0,7,248,1,14,5,248,13,0.928571428571,0.789610632772,21,125,125,1.0,1.0,1.0,-0.0,1,0,0,13,0,13,-1.0,-1.0,0,65,3224,0,-3289,3289,-1.0,266,253,-13,-0.048872180451,14,1.0,7,248,1,14,5,248,13,0.928571428571,0.789610632772,21,125,125,1.0,1.0,1.0,-0.0,1,0,0,13,0,13,-1.0,-1.0,0,65,3224,0,-3289,3289,-1.0,266,253,-13,-0.048872180451,14,1.0
MOT17-05-FRCNN,49,51,251,v_to_u,51,49,1,252,8,1,1,51,49,1,251,251,249,259,1,11,1,3,1,8,8,8,1.0,0.148668587061,0.073104538644,0.620213893053,0.069918369008,0.064242268728,-1.0,-1.0,40,314,0.025307312232,1,"{""49"": 8}",8,1,3,1,8,1,3,6,0.75,0.824579256623,24,22,24,1.0,1.0,0.666666666667,0.636514168295,2,0,4,2,4,2,0.333333333333,0.333333333333,4,2,6,12,8,24,0.333333333333,6,8,2,0.2,8,1.0,1,3,1,8,1,3,6,0.75,0.824579256623,24,22,24,1.0,1.0,0.666666666667,0.636514168295,2,0,4,2,4,2,0.333333333333,0.333333333333,4,2,6,12,8,24,0.333333333333,6,8,2,0.2,8,1.0,1,3,1,8,1,3,6,0.75,0.824579256623,24,22,24,1.0,1.0,0.666666666667,0.636514168295,2,0,4,2,4,2,0.333333333333,0.333333333333,4,2,6,12,8,24,0.333333333333,6,8,2,0.2,8,1.0,1,3,1,8,1,3,6,0.75,0.824579256623,24,22,24,1.0,1.0,0.666666666667,0.636514168295,2,0,4,2,4,2,0.333333333333,0.333333333333,4,2,6,12,8,24,0.333333333333,6,8,2,0.2,8,1.0,1,3,1,8,1,3,6,0.75,0.824579256623,24,22,24,1.0,1.0,0.666666666667,0.636514168295,2,0,4,2,4,2,0.333333333333,0.333333333333,4,2,6,12,8,24,0.333333333333,6,8,2,0.2,8,1.0
MOT17-05-FRCNN,2,44,255,v_to_u,44,2,1,256,127,15,15,44,2,1,241,255,1,382,15,382,15,255,1,127,127,127,1.0,0.636023570089,0.791669649802,0.051240758511,1.089622448349,1.119935751662,-1.0,-1.0,41,319,1.042086612912,1,"{""2"": 127}",127,15,30,1,30,4,30,30,1.0,0.920330595949,15,1,1,0.75,1.0,1.0,-0.0,1,0,0,30,0,30,-1.0,-1.0,0,120,900,0,-1020,1020,-1.0,63,33,-30,-0.46875,30,1.0,15,60,1,60,4,60,60,1.0,0.910845112023,15,1,1,0.75,1.0,1.0,-0.0,1,0,0,60,0,60,-1.0,-1.0,0,240,3600,0,-3840,3840,-1.0,123,63,-60,-0.483870967742,60,1.0,15,120,1,120,4,120,120,1.0,0.91792850228,15,1,1,0.75,1.0,1.0,-0.0,1,0,0,120,0,120,-1.0,-1.0,0,480,14400,0,-14880,14880,-1.0,243,123,-120,-0.491803278689,120,1.0,15,255,1,127,4,255,126,0.992125984252,0.917425986658,15,1,1,0.75,1.0,1.0,-0.0,1,0,0,126,0,126,-1.0,-1.0,0,504,32130,0,-32634,32634,-1.0,384,258,-126,-0.327272727273,127,1.0,15,255,1,127,4,255,126,0.992125984252,0.917425986658,15,1,1,0.75,1.0,1.0,-0.0,1,0,0,126,0,126,-1.0,-1.0,0,504,32130,0,-32634,32634,-1.0,384,258,-126,-0.327272727273,127,1.0
MOT17-05-FRCNN,2,48,255,v_to_u,48,2,1,256,127,7,7,48,2,1,249,255,1,382,7,382,7,255,1,127,127,127,1.0,2.253683032609,2.037603158534,0.0,2.468594053889,2.539825651297,-1.0,-1.0,42,320,3.263925792761,1,"{""2"": 127}",127,7,30,1,30,6,30,30,1.0,0.920330595949,147,1,1,1.0,1.0,1.0,-0.0,1,0,0,30,0,30,-1.0,-1.0,0,180,900,0,-1080,1080,-1.0,66,36,-30,-0.454545454545,30,1.0,7,60,1,60,6,60,60,1.0,0.910845112023,147,1,1,1.0,1.0,1.0,-0.0,1,0,0,60,0,60,-1.0,-1.0,0,360,3600,0,-3960,3960,-1.0,126,66,-60,-0.47619047619,60,1.0,7,120,1,120,6,120,120,1.0,0.91792850228,147,1,1,1.0,1.0,1.0,-0.0,1,0,0,120,0,120,-1.0,-1.0,0,720,14400,0,-15120,15120,-1.0,246,126,-120,-0.487804878049,120,1.0,7,255,1,127,6,255,126,0.992125984252,0.917425986658,147,1,1,1.0,1.0,1.0,-0.0,1,0,0,126,0,126,-1.0,-1.0,0,756,32130,0,-32886,32886,-1.0,387,261,-126,-0.325581395349,127,1.0,7,255,1,127,6,255,126,0.992125984252,0.917425986658,147,1,1,1.0,1.0,1.0,-0.0,1,0,0,126,0,126,-1.0,-1.0,0,756,32130,0,-32886,32886,-1.0,387,261,-126,-0.325581395349,127,1.0
MOT17-05-FRCNN,30,53,255,v_to_u,53,30,1,256,2,1,1,53,30,1,255,255,86,257,1,172,1,170,1,2,2,2,1.0,0.25166966265,0.128877250244,0.617789888256,0.02488309827,0.029005301334,-1.0,-1.0,43,327,0.134830343108,1,"{""30"": 2}",2,1,30,1,2,0,14,2,1.0,0.907667653788,-1,8,25,,1.0,1.0,-0.0,1,0,0,0,0,0,0.0,0.0,0,0,0,28,28,28,1.0,14,16,2,0.125,2,1.0,1,60,1,2,0,44,2,1.0,0.907667653788,-1,8,25,,1.0,1.0,-0.0,1,0,0,0,0,0,0.0,0.0,0,0,0,88,88,88,1.0,44,46,2,0.04347826087,2,1.0,1,120,1,2,0,104,2,1.0,0.907667653788,-1,8,25,,1.0,1.0,-0.0,1,0,0,0,0,0,0.0,0.0,0,0,0,208,208,208,1.0,104,106,2,0.018867924528,2,1.0,1,170,1,2,0,154,2,1.0,0.907667653788,-1,8,25,,1.0,1.0,-0.0,1,0,0,0,0,0,0.0,0.0,0,0,0,308,308,308,1.0,154,156,2,0.012820512821,2,1.0,1,170,1,2,0,154,2,1.0,0.907667653788,-1,8,25,,1.0,1.0,-0.0,1,0,0,0,0,0,0.0,0.0,0,0,0,308,308,308,1.0,154,156,2,0.012820512821,2,1.0
MOT17-05-FRCNN,2,43,256,v_to_u,43,2,1,257,126,17,17,43,2,1,240,256,1,382,17,382,17,256,1,126,126,126,1.0,1.320105394543,1.088943150822,0.0,1.870880368597,1.560800085786,-1.0,-1.0,44,347,1.935509227686,1,"{""2"": 126}",126,17,30,1,30,14,30,30,1.0,0.920522365804,19,1,1,1.0,1.0,1.0,-0.0,1,0,0,30,0,30,-1.0,-1.0,0,420,900,0,-1320,1320,-1.0,74,44,-30,-0.405405405405,30,1.0,17,60,1,60,14,60,60,1.0,0.91061885175,19,1,1,1.0,1.0,1.0,-0.0,1,0,0,60,0,60,-1.0,-1.0,0,840,3600,0,-4440,4440,-1.0,134,74,-60,-0.44776119403,60,1.0,17,120,1,120,14,120,120,1.0,0.917809622601,19,1,1,1.0,1.0,1.0,-0.0,1,0,0,120,0,120,-1.0,-1.0,0,1680,14400,0,-16080,16080,-1.0,254,134,-120,-0.472440944882,120,1.0,17,256,1,126,14,256,125,0.992063492063,0.917192028078,19,1,1,1.0,1.0,1.0,-0.0,1,0,0,125,0,125,-1.0,-1.0,0,1750,32000,0,-33750,33750,-1.0,395,270,-125,-0.316455696203,126,1.0,17,256,1,126,14,256,125,0.992063492063,0.917192028078,19,1,1,1.0,1.0,1.0,-0.0,1,0,0,125,0,125,-1.0,-1.0,0,1750,32000,0,-33750,33750,-1.0,395,270,-125,-0.316455696203,126,1.0
MOT17-05-FRCNN,2,30,257,v_to_u,30,2,1,258,125,172,172,30,2,1,86,257,1,382,172,382,172,257,1,125,125,125,1.0,1.598663918039,0.792674202857,0.0,1.332696337062,1.123860301691,-1.0,-1.0,45,359,2.042488132629,1,"{""2"": 125}",125,30,30,1,30,14,30,30,1.0,0.921010769241,8,1,1,0.857142857143,1.0,1.0,-0.0,1,0,0,30,0,30,-1.0,-1.0,0,420,900,0,-1320,1320,-1.0,72,42,-30,-0.405405405405,30,1.0,60,60,1,60,44,60,60,1.0,0.910234012698,8,1,1,0.954545454545,1.0,1.0,-0.0,1,0,0,60,0,60,-1.0,-1.0,0,2640,3600,0,-6240,6240,-1.0,162,102,-60,-0.365853658537,60,1.0,120,120,1,120,104,120,120,1.0,0.917610793863,8,1,1,0.980769230769,1.0,1.0,-0.0,1,0,0,120,0,120,-1.0,-1.0,0,12480,14400,0,-26880,26880,-1.0,342,222,-120,-0.348837209302,120,1.0,172,257,1,125,156,257,124,0.992,0.917112338923,8,1,1,0.987179487179,1.0,1.0,-0.0,1,0,0,124,0,124,-1.0,-1.0,0,19344,31868,0,-51212,51212,-1.0,535,411,-124,-0.230912476723,125,1.0,172,257,1,125,156,257,124,0.992,0.917112338923,8,1,1,0.987179487179,1.0,1.0,-0.0,1,0,0,124,0,124,-1.0,-1.0,0,19344,31868,0,-51212,51212,-1.0,535,411,-124,-0.230912476723,125,1.0
MOT17-05-FRCNN,18,30,257,v_to_u,30,18,1,258,63,172,172,30,18,1,86,257,15,320,172,306,172,243,1,63,63,63,1.0,1.536484730596,0.088319425313,0.0,0.154499247352,0.126647464616,-1.0,-1.0,46,361,1.586679258121,1,"{""18"": 63}",63,30,30,1,30,14,30,29,0.966666666667,0.876588894815,8,2,2,0.857142857143,1.0,0.862068965517,0.401189862187,2,0,0,25,0,25,-0.862068965517,-0.862068965517,0,406,750,120,-1036,1276,-0.811912225705,67,42,-25,-0.342465753425,30,1.0,60,60,1,60,44,60,57,0.95,0.818235395955,8,2,28,0.954545454545,1.0,0.561403508772,0.68558732904,2,0,0,25,0,25,-0.438596491228,-0.438596491228,0,2508,1500,1920,-2088,5928,-0.352226720648,127,102,-25,-0.155279503106,60,1.0,120,120,1,63,104,120,57,0.904761904762,0.818235395955,8,2,28,0.980769230769,1.0,0.561403508772,0.68558732904,2,0,0,25,0,25,-0.438596491228,-0.438596491228,0,5928,3000,3840,-5088,12768,-0.398496240602,247,222,-25,-0.08896797153,63,1.0,172,243,1,63,156,243,57,0.904761904762,0.818235395955,8,2,28,0.987179487179,1.0,0.561403508772,0.68558732904,2,0,0,25,0,25,-0.438596491228,-0.438596491228,0,8892,6075,7776,-7191,22743,-0.316185199842,422,397,-25,-0.054824561404,63,1.0,172,243,1,63,156,243,57,0.904761904762,0.818235395955,8,2,28,0.987179487179,1.0,0.561403508772,0.68558732904,2,0,0,25,0,25,-0.438596491228,-0.438596491228,0,8892,6075,7776,-7191,22743,-0.316185199842,422,397,-25,-0.054824561404,63,1.0
MOT17-05-FRCNN,55,56,257,v_to_u,56,55,1,258,5,1,1,56,55,1,257,257,256,262,1,7,1,2,1,5,5,5,1.0,0.125131295619,0.002465292945,0.664249600154,0.244416551805,0.034160255571,-1.0,-1.0,47,376,-0.012457100446,1,"{""55"": 5}",5,1,2,1,5,1,2,4,0.8,0.805031335091,27,15,15,1.0,1.0,1.0,-0.0,1,0,0,4,0,4,-1.0,-1.0,0,4,8,0,-12,12,-1.0,7,4,-3,-0.428571428571,5,1.0,1,2,1,5,1,2,4,0.8,0.805031335091,27,15,15,1.0,1.0,1.0,-0.0,1,0,0,4,0,4,-1.0,-1.0,0,4,8,0,-12,12,-1.0,7,4,-3,-0.428571428571,5,1.0,1,2,1,5,1,2,4,0.8,0.805031335091,27,15,15,1.0,1.0,1.0,-0.0,1,0,0,4,0,4,-1.0,-1.0,0,4,8,0,-12,12,-1.0,7,4,-3,-0.428571428571,5,1.0,1,2,1,5,1,2,4,0.8,0.805031335091,27,15,15,1.0,1.0,1.0,-0.0,1,0,0,4,0,4,-1.0,-1.0,0,4,8,0,-12,12,-1.0,7,4,-3,-0.428571428571,5,1.0,1,2,1,5,1,2,4,0.8,0.805031335091,27,15,15,1.0,1.0,1.0,-0.0,1,0,0,4,0,4,-1.0,-1.0,0,4,8,0,-12,12,-1.0,7,4,-3,-0.428571428571,5,1.0
MOT17-05-FRCNN,18,54,260,v_to_u,54,18,1,261,60,5,5,54,18,1,256,260,15,320,5,306,5,246,1,60,60,60,1.0,3.832453822339,0.199121961463,0.0,0.068703289207,0.321444376906,-1.0,-1.0,48,388,3.921249079316,1,"{""18"": 60}",60,5,30,1,30,3,30,29,0.966666666667,0.863680229111,24,2,2,1.0,1.0,0.758620689655,0.552664622494,2,0,0,22,0,22,-0.758620689655,-0.758620689655,0,87,660,210,-537,957,-0.561128526646,55,37,-18,-0.290322580645,30,1.0,5,60,1,60,3,60,54,0.9,0.812426672979,24,2,28,1.0,1.0,0.592592592593,0.675901030574,2,0,0,22,0,22,-0.407407407407,-0.407407407407,0,162,1320,1920,438,3402,0.128747795414,85,92,7,0.059829059829,60,1.0,5,120,1,60,3,120,54,0.9,0.812426672979,24,2,28,1.0,1.0,0.592592592593,0.675901030574,2,0,0,22,0,22,-0.407407407407,-0.407407407407,0,162,2640,3840,1038,6642,0.156278229449,145,152,7,0.039548022599,60,1.0,5,246,1,60,3,246,54,0.9,0.812426672979,24,2,28,1.0,1.0,0.592592592593,0.675901030574,2,0,0,22,0,22,-0.407407407407,-0.407407407407,0,162,5412,7872,2298,13446,0.170905845605,271,278,7,0.023102310231,60,1.0,5,246,1,60,3,246,54,0.9,0.812426672979,24,2,28,1.0,1.0,0.592592592593,0.675901030574,2,0,0,22,0,22,-0.407407407407,-0.407407407407,0,162,5412,7872,2298,13446,0.170905845605,271,278,7,0.023102310231,60,1.0
MOT17-05-FRCNN,1,47,262,u_to_v,1,47,1,263,27,20,20,1,47,1,1,262,243,289,262,47,262,20,1,27,27,27,1.0,0.079732481561,0.285465293148,0.34204113327,0.504566799901,0.568257476533,-1.0,-1.0,49,397,0.172870949174,1,"{""47"": 27}",27,30,20,1,27,29,20,26,0.962962962963,0.842122992305,125,126,126,1.0,1.0,1.0,-0.0,1,0,0,26,0,26,-1.0,-1.0,0,754,520,0,-1274,1274,-1.0,75,49,-26,-0.346666666667,27,1.0,60,20,1,27,59,20,26,0.962962962963,0.842122992305,125,126,126,1.0,1.0,1.0,-0.0,1,0,0,26,0,26,-1.0,-1.0,0,1534,520,0,-2054,2054,-1.0,105,79,-26,-0.247619047619,27,1.0,120,20,1,27,119,20,26,0.962962962963,0.842122992305,125,126,126,1.0,1.0,1.0,-0.0,1,0,0,26,0,26,-1.0,-1.0,0,3094,520,0,-3614,3614,-1.0,165,139,-26,-0.157575757576,27,1.0,262,20,1,27,261,20,26,0.962962962963,0.842122992305,125,126,126,1.0,1.0,1.0,-0.0,1,0,0,26,0,26,-1.0,-1.0,0,6786,520,0,-7306,7306,-1.0,307,281,-26,-0.084690553746,27,1.0,262,20,1,27,261,20,26,0.962962962963,0.842122992305,125,126,126,1.0,1.0,1.0,-0.0,1,0,0,26,0,26,-1.0,-1.0,0,6786,520,0,-7306,7306,-1.0,307,281,-26,-0.084690553746,27,1.0
MOT17-05-FRCNN,2,57,269,v_to_u,57,2,1,270,113,1,1,57,2,1,269,269,1,382,1,382,1,269,1,113,113,113,1.0,0.699380780349,0.935320742499,0.039385802576,1.673853877042,1.368621379412,-1.0,-1.0,50,406,1.227612040976,1,"{""2"": 113}",113,1,30,1,30,1,30,30,1.0,0.914836363882,28,1,1,1.0,1.0,1.0,-0.0,1,0,0,30,0,30,-1.0,-1.0,0,30,900,0,-930,930,-1.0,61,31,-30,-0.491803278689,30,1.0,1,60,1,60,1,60,60,1.0,0.900705075057,28,1,1,1.0,1.0,1.0,-0.0,1,0,0,60,0,60,-1.0,-1.0,0,60,3600,0,-3660,3660,-1.0,121,61,-60,-0.495867768595,60,1.0,1,120,1,113,1,120,112,0.991150442478,0.913991292542,28,1,1,1.0,1.0,1.0,-0.0,1,0,0,112,0,112,-1.0,-1.0,0,112,13440,0,-13552,13552,-1.0,233,121,-112,-0.480686695279,113,1.0,1,269,1,113,1,269,112,0.991150442478,0.913991292542,28,1,1,1.0,1.0,1.0,-0.0,1,0,0,112,0,112,-1.0,-1.0,0,112,30128,0,-30240,30240,-1.0,382,270,-112,-0.293193717277,113,1.0,1,269,1,113,1,269,112,0.991150442478,0.913991292542,28,1,1,1.0,1.0,1.0,-0.0,1,0,0,112,0,112,-1.0,-1.0,0,112,30128,0,-30240,30240,-1.0,382,270,-112,-0.293193717277,113,1.0
MOT17-05-FRCNN,2,50,270,v_to_u,50,2,1,271,112,20,20,50,2,1,251,270,1,382,20,382,20,270,1,112,112,112,1.0,0.189166322142,0.327558834267,0.383549116217,0.476887859559,0.48139973324,-1.0,-1.0,51,412,0.270997510935,1,"{""2"": 112}",112,20,30,1,30,20,30,30,1.0,0.915837108799,23,1,1,1.0,1.0,1.0,-0.0,1,0,0,30,0,30,-1.0,-1.0,0,600,900,0,-1500,1500,-1.0,80,50,-30,-0.375,30,1.0,20,60,1,60,20,60,60,1.0,0.900993353672,23,1,1,1.0,1.0,1.0,-0.0,1,0,0,60,0,60,-1.0,-1.0,0,1200,3600,0,-4800,4800,-1.0,140,80,-60,-0.428571428571,60,1.0,20,120,1,112,20,120,111,0.991071428571,0.913856419821,23,1,1,1.0,1.0,1.0,-0.0,1,0,0,111,0,111,-1.0,-1.0,0,2220,13320,0,-15540,15540,-1.0,251,140,-111,-0.442231075697,112,1.0,20,270,1,112,20,270,111,0.991071428571,0.913856419821,23,1,1,1.0,1.0,1.0,-0.0,1,0,0,111,0,111,-1.0,-1.0,0,2220,29970,0,-32190,32190,-1.0,401,290,-111,-0.27680798005,112,1.0,20,270,1,112,20,270,111,0.991071428571,0.913856419821,23,1,1,1.0,1.0,1.0,-0.0,1,0,0,111,0,111,-1.0,-1.0,0,2220,29970,0,-32190,32190,-1.0,401,290,-111,-0.27680798005,112,1.0
MOT17-05-FRCNN,52,58,271,v_to_u,58,52,1,272,12,1,1,58,52,1,271,271,253,283,1,31,1,19,1,12,12,12,1.0,0.056192801049,0.048413802444,0.748326084006,0.094441509589,0.120937715353,-1.0,-1.0,52,421,-0.097247346847,1,"{""52"": 12}",12,1,19,1,12,1,18,12,1.0,0.728395412322,26,25,25,1.0,0.555555555556,0.75,0.562335144619,2,0,3,9,3,9,-0.5,-0.5,3,9,114,102,-18,228,-0.078947368421,20,17,-3,-0.096774193548,12,1.0,1,19,1,12,1,18,12,1.0,0.728395412322,26,25,25,1.0,0.555555555556,0.75,0.562335144619,2,0,3,9,3,9,-0.5,-0.5,3,9,114,102,-18,228,-0.078947368421,20,17,-3,-0.096774193548,12,1.0,1,19,1,12,1,18,12,1.0,0.728395412322,26,25,25,1.0,0.555555555556,0.75,0.562335144619,2,0,3,9,3,9,-0.5,-0.5,3,9,114,102,-18,228,-0.078947368421,20,17,-3,-0.096774193548,12,1.0,1,19,1,12,1,18,12,1.0,0.728395412322,26,25,25,1.0,0.555555555556,0.75,0.562335144619,2,0,3,9,3,9,-0.5,-0.5,3,9,114,102,-18,228,-0.078947368421,20,17,-3,-0.096774193548,12,1.0,1,19,1,12,1,18,12,1.0,0.728395412322,26,25,25,1.0,0.555555555556,0.75,0.562335144619,2,0,3,9,3,9,-0.5,-0.5,3,9,114,102,-18,228,-0.078947368421,20,17,-3,-0.096774193548,12,1.0
MOT17-05-FRCNN,59,65,282,v_to_u,65,59,1,283,33,1,1,65,59,1,282,282,272,315,1,44,1,11,1,33,33,33,1.0,1.267657234555,0.048717229494,0.0,0.104002281154,0.137398541733,-1.0,-1.0,53,438,1.303976624217,1,"{""59"": 33}",33,1,11,1,30,1,9,27,0.9,0.821422493561,29,28,30,1.0,1.0,0.962962962963,0.158410570132,2,0,0,1,0,1,-0.037037037037,-0.037037037037,0,27,9,234,198,270,0.733333333333,27,35,8,0.216216216216,30,1.0,1,11,1,33,1,9,27,0.818181818182,0.821422493561,29,28,30,1.0,1.0,0.962962962963,0.158410570132,2,0,0,1,0,1,-0.037037037037,-0.037037037037,0,27,9,234,198,270,0.733333333333,27,35,8,0.216216216216,33,1.0,1,11,1,33,1,9,27,0.818181818182,0.821422493561,29,28,30,1.0,1.0,0.962962962963,0.158410570132,2,0,0,1,0,1,-0.037037037037,-0.037037037037,0,27,9,234,198,270,0.733333333333,27,35,8,0.216216216216,33,1.0,1,11,1,33,1,9,27,0.818181818182,0.821422493561,29,28,30,1.0,1.0,0.962962962963,0.158410570132,2,0,0,1,0,1,-0.037037037037,-0.037037037037,0,27,9,234,198,270,0.733333333333,27,35,8,0.216216216216,33,1.0,1,11,1,33,1,9,27,0.818181818182,0.821422493561,29,28,30,1.0,1.0,0.962962962963,0.158410570132,2,0,0,1,0,1,-0.037037037037,-0.037037037037,0,27,9,234,198,270,0.733333333333,27,35,8,0.216216216216,33,1.0
MOT17-05-FRCNN,59,66,282,v_to_u,66,59,1,283,33,1,1,66,59,1,282,282,272,315,1,44,1,11,1,33,33,33,1.0,0.246782462245,0.068950355028,0.438139025906,0.050614407736,0.044590047059,-1.0,-1.0,54,439,0.164005740005,1,"{""59"": 33}",33,1,11,1,30,1,9,27,0.9,0.821422493561,28,28,30,1.0,1.0,0.962962962963,0.158410570132,2,1,1,1,0,0,0.0,0.0,1,26,9,234,200,270,0.740740740741,27,35,8,0.216216216216,30,1.0,1,11,1,33,1,9,27,0.818181818182,0.821422493561,28,28,30,1.0,1.0,0.962962962963,0.158410570132,2,1,1,1,0,0,0.0,0.0,1,26,9,234,200,270,0.740740740741,27,35,8,0.216216216216,33,1.0,1,11,1,33,1,9,27,0.818181818182,0.821422493561,28,28,30,1.0,1.0,0.962962962963,0.158410570132,2,1,1,1,0,0,0.0,0.0,1,26,9,234,200,270,0.740740740741,27,35,8,0.216216216216,33,1.0,1,11,1,33,1,9,27,0.818181818182,0.821422493561,28,28,30,1.0,1.0,0.962962962963,0.158410570132,2,1,1,1,0,0,0.0,0.0,1,26,9,234,200,270,0.740740740741,27,35,8,0.216216216216,33,1.0,1,11,1,33,1,9,27,0.818181818182,0.821422493561,28,28,30,1.0,1.0,0.962962962963,0.158410570132,2,1,1,1,0,0,0.0,0.0,1,26,9,234,200,270,0.740740740741,27,35,8,0.216216216216,33,1.0
MOT17-05-FRCNN,61,63,282,v_to_u,63,61,1,283,1,6,6,63,61,1,277,282,276,283,6,8,6,7,1,1,1,1,1.0,0.056851981585,0.114791582582,0.566926973627,0.274162636885,0.293362140974,-1.0,-1.0,55,443,0.000570611609,1,"{""61"": 1}",1,6,7,1,1,6,5,1,1.0,0.811125259755,30,29,29,1.0,1.0,1.0,-0.0,1,0,0,1,0,1,-1.0,-1.0,0,6,5,0,-11,11,-1.0,12,11,-1,-0.083333333333,1,1.0,6,7,1,1,6,5,1,1.0,0.811125259755,30,29,29,1.0,1.0,1.0,-0.0,1,0,0,1,0,1,-1.0,-1.0,0,6,5,0,-11,11,-1.0,12,11,-1,-0.083333333333,1,1.0,6,7,1,1,6,5,1,1.0,0.811125259755,30,29,29,1.0,1.0,1.0,-0.0,1,0,0,1,0,1,-1.0,-1.0,0,6,5,0,-11,11,-1.0,12,11,-1,-0.083333333333,1,1.0,6,7,1,1,6,5,1,1.0,0.811125259755,30,29,29,1.0,1.0,1.0,-0.0,1,0,0,1,0,1,-1.0,-1.0,0,6,5,0,-11,11,-1.0,12,11,-1,-0.083333333333,1,1.0,6,7,1,1,6,5,1,1.0,0.811125259755,30,29,29,1.0,1.0,1.0,-0.0,1,0,0,1,0,1,-1.0,-1.0,0,6,5,0,-11,11,-1.0,12,11,-1,-0.083333333333,1,1.0
MOT17-05-FRCNN,18,67,283,v_to_u,67,18,1,284,37,1,1,67,18,1,283,283,15,320,1,306,1,269,1,37,37,37,1.0,0.292895408019,0.055069432669,0.324060304642,0.040570390544,0.033372814816,-1.0,-1.0,56,459,0.233042010561,1,"{""18"": 37}",37,1,30,1,30,1,29,29,0.966666666667,0.774545599271,2,2,28,1.0,1.0,1.0,-0.0,1,1,0,0,0,0,0.0,0.0,0,29,0,841,812,870,0.933333333333,30,58,28,0.474576271186,30,1.0,1,60,1,37,1,59,32,0.864864864865,0.773580618438,2,2,28,1.0,1.0,1.0,-0.0,1,1,0,0,0,0,0.0,0.0,0,32,0,1888,1856,1920,0.966666666667,59,91,32,0.347826086957,37,1.0,1,120,1,37,1,119,32,0.864864864865,0.773580618438,2,2,28,1.0,1.0,1.0,-0.0,1,1,0,0,0,0,0.0,0.0,0,32,0,3808,3776,3840,0.983333333333,119,151,32,0.210526315789,37,1.0,1,269,1,37,1,268,32,0.864864864865,0.773580618438,2,2,28,1.0,1.0,1.0,-0.0,1,1,0,0,0,0,0.0,0.0,0,32,0,8576,8544,8608,0.992565055762,268,300,32,0.106312292359,37,1.0,1,269,1,37,1,268,32,0.864864864865,0.773580618438,2,2,28,1.0,1.0,1.0,-0.0,1,1,0,0,0,0,0.0,0.0,0,32,0,8576,8544,8608,0.992565055762,268,300,32,0.106312292359,37,1.0
MOT17-05-FRCNN,46,60,283,u_to_v,46,60,1,284,13,12,12,46,60,1,243,283,272,296,41,25,41,12,1,13,13,13,1.0,0.096092138519,0.155958910356,0.527895064546,0.347805028009,0.291052728409,-1.0,-1.0,57,462,0.066993875613,1,"{""60"": 13}",13,30,12,1,13,30,4,13,1.0,0.776013356959,20,29,29,1.0,0.75,1.0,-0.0,1,0,0,13,0,13,-1.0,-1.0,0,390,39,13,-416,442,-0.941176470588,46,33,-13,-0.276595744681,13,1.0,41,12,1,13,41,4,13,1.0,0.776013356959,20,29,29,1.0,0.75,1.0,-0.0,1,0,0,13,0,13,-1.0,-1.0,0,533,39,13,-559,585,-0.955555555556,57,44,-13,-0.224137931034,13,1.0,41,12,1,13,41,4,13,1.0,0.776013356959,20,29,29,1.0,0.75,1.0,-0.0,1,0,0,13,0,13,-1.0,-1.0,0,533,39,13,-559,585,-0.955555555556,57,44,-13,-0.224137931034,13,1.0,41,12,1,13,41,4,13,1.0,0.776013356959,20,29,29,1.0,0.75,1.0,-0.0,1,0,0,13,0,13,-1.0,-1.0,0,533,39,13,-559,585,-0.955555555556,57,44,-13,-0.224137931034,13,1.0,41,12,1,13,41,4,13,1.0,0.776013356959,20,29,29,1.0,0.75,1.0,-0.0,1,0,0,13,0,13,-1.0,-1.0,0,533,39,13,-559,585,-0.955555555556,57,44,-13,-0.224137931034,13,1.0
MOT17-05-FRCNN,62,64,285,v_to_u,64,62,1,286,21,8,8,64,62,1,278,285,277,306,8,30,8,9,1,21,21,21,1.0,1.189054117889,0.155745992397,0.0,0.276825496633,0.080935472901,-1.0,-1.0,58,485,1.263766712941,1,"{""62"": 21}",21,8,9,1,21,7,9,20,0.952380952381,0.925827984702,125,26,25,1.0,0.777777777778,1.0,-0.0,1,0,0,0,0,0,0.0,0.0,0,140,40,140,-40,320,-0.125,29,27,-2,-0.055555555556,21,1.0,8,9,1,21,7,9,20,0.952380952381,0.925827984702,125,26,25,1.0,0.777777777778,1.0,-0.0,1,0,0,0,0,0,0.0,0.0,0,140,40,140,-40,320,-0.125,29,27,-2,-0.055555555556,21,1.0,8,9,1,21,7,9,20,0.952380952381,0.925827984702,125,26,25,1.0,0.777777777778,1.0,-0.0,1,0,0,0,0,0,0.0,0.0,0,140,40,140,-40,320,-0.125,29,27,-2,-0.055555555556,21,1.0,8,9,1,21,7,9,20,0.952380952381,0.925827984702,125,26,25,1.0,0.777777777778,1.0,-0.0,1,0,0,0,0,0,0.0,0.0,0,140,40,140,-40,320,-0.125,29,27,-2,-0.055555555556,21,1.0,8,9,1,21,7,9,20,0.952380952381,0.925827984702,125,26,25,1.0,0.777777777778,1.0,-0.0,1,0,0,0,0,0,0.0,0.0,0,140,40,140,-40,320,-0.125,29,27,-2,-0.055555555556,21,1.0
MOT17-05-FRCNN,69,71,292,v_to_u,71,69,1,293,4,5,5,71,69,1,288,292,284,296,5,13,5,9,1,4,4,4,1.0,0.175387409192,0.133027531181,0.453642569073,0.500094810525,0.215588905412,-1.0,-1.0,59,504,0.166802021313,1,"{""69"": 4}",4,5,9,1,4,0,9,4,1.0,0.866507676732,-1,26,26,,1.0,1.0,-0.0,1,0,0,4,0,0,0.0,-1.0,0,0,36,0,-36,36,-1.0,13,9,-4,-0.307692307692,4,1.0,5,9,1,4,0,9,4,1.0,0.866507676732,-1,26,26,,1.0,1.0,-0.0,1,0,0,4,0,0,0.0,-1.0,0,0,36,0,-36,36,-1.0,13,9,-4,-0.307692307692,4,1.0,5,9,1,4,0,9,4,1.0,0.866507676732,-1,26,26,,1.0,1.0,-0.0,1,0,0,4,0,0,0.0,-1.0,0,0,36,0,-36,36,-1.0,13,9,-4,-0.307692307692,4,1.0,5,9,1,4,0,9,4,1.0,0.866507676732,-1,26,26,,1.0,1.0,-0.0,1,0,0,4,0,0,0.0,-1.0,0,0,36,0,-36,36,-1.0,13,9,-4,-0.307692307692,4,1.0,5,9,1,4,0,9,4,1.0,0.866507676732,-1,26,26,,1.0,1.0,-0.0,1,0,0,4,0,0,0.0,-1.0,0,0,36,0,-36,36,-1.0,13,9,-4,-0.307692307692,4,1.0
MOT17-05-FRCNN,2,72,299,v_to_u,72,2,1,300,83,6,6,72,2,1,294,299,1,382,6,382,6,299,1,83,83,83,1.0,0.671639170907,0.824137915946,0.030308886828,1.324271630852,1.318828989732,-1.0,-1.0,60,522,1.134406490245,1,"{""2"": 83}",83,6,30,1,30,6,30,30,1.0,0.886573786233,31,1,1,1.0,1.0,1.0,-0.0,1,0,0,30,0,30,-1.0,-1.0,0,180,900,0,-1080,1080,-1.0,66,36,-30,-0.454545454545,30,1.0,6,60,1,60,6,60,60,1.0,0.910376805076,31,1,1,1.0,1.0,1.0,-0.0,1,0,0,60,0,60,-1.0,-1.0,0,360,3600,0,-3960,3960,-1.0,126,66,-60,-0.47619047619,60,1.0,6,120,1,83,6,120,82,0.987951807229,0.913682120101,31,1,1,1.0,1.0,1.0,-0.0,1,0,0,82,0,82,-1.0,-1.0,0,492,9840,0,-10332,10332,-1.0,208,126,-82,-0.394230769231,83,1.0,6,299,1,83,6,299,82,0.987951807229,0.913682120101,31,1,1,1.0,1.0,1.0,-0.0,1,0,0,82,0,82,-1.0,-1.0,0,492,24518,0,-25010,25010,-1.0,387,305,-82,-0.21188630491,83,1.0,6,299,1,83,6,299,82,0.987951807229,0.913682120101,31,1,1,1.0,1.0,1.0,-0.0,1,0,0,82,0,82,-1.0,-1.0,0,492,24518,0,-25010,25010,-1.0,387,305,-82,-0.21188630491,83,1.0
MOT17-05-FRCNN,73,75,300,u_to_v,73,75,1,301,175,1,1,73,75,1,294,300,300,475,7,176,7,1,1,175,175,175,1.0,0.237682695366,0.122636817251,0.353428142332,0.323790296425,0.356077393876,-1.0,-1.0,61,537,0.247971633126,1,"{""75"": 175}",175,7,1,1,30,4,1,30,1.0,0.863900611589,32,38,38,1.0,1.0,1.0,-0.0,1,0,0,30,0,30,-1.0,-1.0,0,120,30,0,-150,150,-1.0,35,30,-5,-0.142857142857,30,1.0,7,1,1,60,4,1,60,1.0,0.845905408956,32,38,38,1.0,1.0,1.0,-0.0,1,0,0,60,0,60,-1.0,-1.0,0,240,60,0,-300,300,-1.0,65,60,-5,-0.076923076923,60,1.0,7,1,1,120,4,1,120,1.0,0.871205482524,32,38,38,1.0,1.0,1.0,-0.0,1,0,0,120,0,120,-1.0,-1.0,0,480,120,0,-600,600,-1.0,125,120,-5,-0.04,120,1.0,7,1,1,175,4,1,172,0.982857142857,0.872692560304,32,38,38,1.0,1.0,1.0,-0.0,1,0,0,172,0,172,-1.0,-1.0,0,688,172,0,-860,860,-1.0,177,172,-5,-0.028248587571,175,1.0,7,1,1,175,4,1,172,0.982857142857,0.872692560304,32,38,38,1.0,1.0,1.0,-0.0,1,0,0,172,0,172,-1.0,-1.0,0,688,172,0,-860,860,-1.0,177,172,-5,-0.028248587571,175,1.0
MOT17-05-FRCNN,76,81,306,u_to_v,76,81,1,307,44,2,2,76,81,1,302,306,305,350,5,46,5,2,1,44,44,44,1.0,1.766766530236,0.393635120788,0.0,0.717046331861,0.828279499941,-1.0,-1.0,62,562,2.019707893613,1,"{""81"": 44}",44,5,2,1,30,3,2,30,1.0,0.8156681011,29,31,31,1.0,1.0,1.0,-0.0,1,0,0,30,0,30,-1.0,-1.0,0,90,60,0,-150,150,-1.0,35,30,-5,-0.142857142857,30,1.0,5,2,1,44,3,2,43,0.977272727273,0.832799987743,29,31,31,1.0,1.0,1.0,-0.0,1,0,0,43,0,43,-1.0,-1.0,0,129,86,0,-215,215,-1.0,48,43,-5,-0.104166666667,44,1.0,5,2,1,44,3,2,43,0.977272727273,0.832799987743,29,31,31,1.0,1.0,1.0,-0.0,1,0,0,43,0,43,-1.0,-1.0,0,129,86,0,-215,215,-1.0,48,43,-5,-0.104166666667,44,1.0,5,2,1,44,3,2,43,0.977272727273,0.832799987743,29,31,31,1.0,1.0,1.0,-0.0,1,0,0,43,0,43,-1.0,-1.0,0,129,86,0,-215,215,-1.0,48,43,-5,-0.104166666667,44,1.0,5,2,1,44,3,2,43,0.977272727273,0.832799987743,29,31,31,1.0,1.0,1.0,-0.0,1,0,0,43,0,43,-1.0,-1.0,0,129,86,0,-215,215,-1.0,48,43,-5,-0.104166666667,44,1.0
MOT17-05-FRCNN,2,68,308,v_to_u,68,2,1,309,74,25,25,68,2,1,284,308,1,382,25,382,25,308,1,74,74,74,1.0,0.419231504067,0.185916981693,0.154394352064,0.478905427128,0.39528196188,-1.0,-1.0,63,564,0.514530900375,1,"{""2"": 74}",74,25,30,1,30,25,30,30,1.0,0.913620486029,20,1,1,1.0,1.0,1.0,-0.0,1,0,0,30,0,30,-1.0,-1.0,0,750,900,0,-1650,1650,-1.0,85,55,-30,-0.352941176471,30,1.0,25,60,1,60,25,60,60,1.0,0.924064529933,20,1,1,1.0,1.0,1.0,-0.0,1,0,0,60,0,60,-1.0,-1.0,0,1500,3600,0,-5100,5100,-1.0,145,85,-60,-0.413793103448,60,1.0,25,120,1,74,25,120,73,0.986486486486,0.923523290138,20,1,1,1.0,1.0,1.0,-0.0,1,0,0,73,0,73,-1.0,-1.0,0,1825,8760,0,-10585,10585,-1.0,218,145,-73,-0.334862385321,74,1.0,25,300,1,74,25,300,73,0.986486486486,0.923523290138,20,1,1,1.0,1.0,1.0,-0.0,1,0,0,73,0,73,-1.0,-1.0,0,1825,21900,0,-23725,23725,-1.0,398,325,-73,-0.183417085427,74,1.0,25,308,1,74,25,308,73,0.986486486486,0.923523290138,20,1,1,1.0,1.0,1.0,-0.0,1,0,0,73,0,73,-1.0,-1.0,0,1825,22484,0,-24309,24309,-1.0,406,333,-73,-0.179802955665,74,1.0
MOT17-05-FRCNN,74,82,309,v_to_u,82,74,1,310,33,5,5,82,74,1,305,309,298,342,5,45,5,12,1,33,33,33,1.0,0.28481342928,0.462064207205,0.135393915017,1.130769400303,0.868797459999,-1.0,-1.0,64,580,0.566437688357,1,"{""74"": 33}",33,5,12,1,30,4,12,30,1.0,0.820973825856,148,33,33,1.0,1.0,1.0,-0.0,1,0,0,30,0,30,-1.0,-1.0,0,120,360,0,-480,480,-1.0,46,30,-16,-0.347826086957,30,1.0,5,12,1,33,4,12,32,0.969696969697,0.817308800228,148,33,33,1.0,1.0,1.0,-0.0,1,0,0,32,0,32,-1.0,-1.0,0,128,384,0,-512,512,-1.0,48,32,-16,-0.333333333333,33,1.0,5,12,1,33,4,12,32,0.969696969697,0.817308800228,148,33,33,1.0,1.0,1.0,-0.0,1,0,0,32,0,32,-1.0,-1.0,0,128,384,0,-512,512,-1.0,48,32,-16,-0.333333333333,33,1.0,5,12,1,33,4,12,32,0.969696969697,0.817308800228,148,33,33,1.0,1.0,1.0,-0.0,1,0,0,32,0,32,-1.0,-1.0,0,128,384,0,-512,512,-1.0,48,32,-16,-0.333333333333,33,1.0,5,12,1,33,4,12,32,0.969696969697,0.817308800228,148,33,33,1.0,1.0,1.0,-0.0,1,0,0,32,0,32,-1.0,-1.0,0,128,384,0,-512,512,-1.0,48,32,-16,-0.333333333333,33,1.0
MOT17-05-FRCNN,2,59,315,v_to_u,59,2,1,316,67,44,44,59,2,1,272,315,1,382,44,382,44,315,1,67,67,67,1.0,1.715639332185,0.5948407812,0.0,0.742125544598,0.791677384875,-1.0,-1.0,65,588,2.017729820432,1,"{""2"": 67}",67,30,30,1,30,24,30,30,1.0,0.915753206978,30,1,1,1.0,1.0,1.0,-0.0,1,0,0,30,0,30,-1.0,-1.0,0,720,900,0,-1620,1620,-1.0,84,54,-30,-0.357142857143,30,1.0,44,60,1,60,36,60,60,1.0,0.925011892537,30,1,1,0.722222222222,1.0,1.0,-0.0,1,0,0,60,0,60,-1.0,-1.0,0,2160,3600,0,-5760,5760,-1.0,146,86,-60,-0.384615384615,60,1.0,44,120,1,67,36,120,66,0.985074626866,0.923408599963,30,1,1,0.722222222222,1.0,1.0,-0.0,1,0,0,66,0,66,-1.0,-1.0,0,2376,7920,0,-10296,10296,-1.0,212,146,-66,-0.297297297297,67,1.0,44,300,1,67,36,300,66,0.985074626866,0.923408599963,30,1,1,0.722222222222,1.0,1.0,-0.0,1,0,0,66,0,66,-1.0,-1.0,0,2376,19800,0,-22176,22176,-1.0,392,326,-66,-0.164179104478,67,1.0,44,315,1,67,36,315,66,0.985074626866,0.923408599963,30,1,1,0.722222222222,1.0,1.0,-0.0,1,0,0,66,0,66,-1.0,-1.0,0,2376,20790,0,-23166,23166,-1.0,407,341,-66,-0.158273381295,67,1.0
MOT17-05-FRCNN,2,83,315,v_to_u,83,2,1,316,67,7,7,83,2,1,309,315,1,382,7,382,7,315,1,67,67,67,1.0,0.792555291826,0.022080516726,0.0,0.045510165229,0.072150452952,-1.0,-1.0,66,589,0.809841482825,1,"{""2"": 67}",67,7,30,1,30,5,30,30,1.0,0.915753206978,37,1,1,1.0,1.0,1.0,-0.0,1,0,0,30,0,30,-1.0,-1.0,0,150,900,0,-1050,1050,-1.0,65,35,-30,-0.461538461538,30,1.0,7,60,1,60,5,60,60,1.0,0.925011892537,37,1,1,1.0,1.0,1.0,-0.0,1,0,0,60,0,60,-1.0,-1.0,0,300,3600,0,-3900,3900,-1.0,125,65,-60,-0.48,60,1.0,7,120,1,67,5,120,66,0.985074626866,0.923408599963,37,1,1,1.0,1.0,1.0,-0.0,1,0,0,66,0,66,-1.0,-1.0,0,330,7920,0,-8250,8250,-1.0,191,125,-66,-0.34554973822,67,1.0,7,300,1,67,5,300,66,0.985074626866,0.923408599963,37,1,1,1.0,1.0,1.0,-0.0,1,0,0,66,0,66,-1.0,-1.0,0,330,19800,0,-20130,20130,-1.0,371,305,-66,-0.177897574124,67,1.0,7,315,1,67,5,315,66,0.985074626866,0.923408599963,37,1,1,1.0,1.0,1.0,-0.0,1,0,0,66,0,66,-1.0,-1.0,0,330,20790,0,-21120,21120,-1.0,386,320,-66,-0.170984455959,67,1.0
MOT17-05-FRCNN,59,79,315,u_to_v,59,79,1,316,7,13,13,59,79,1,272,315,303,322,44,20,44,13,1,7,7,7,1.0,0.261239867394,0.470631691176,0.286344279475,0.620254644594,0.630305773136,-1.0,-1.0,67,597,0.432367762093,1,"{""79"": 7}",7,30,13,1,7,24,13,5,0.714285714286,0.886312529053,30,123,123,1.0,1.0,1.0,-0.0,1,0,0,5,0,5,-1.0,-1.0,0,120,65,0,-185,185,-1.0,42,37,-5,-0.119047619048,7,1.0,44,13,1,7,36,13,5,0.714285714286,0.886312529053,30,123,123,0.722222222222,1.0,1.0,-0.0,1,0,0,5,0,5,-1.0,-1.0,0,180,65,0,-245,245,-1.0,44,39,-5,-0.092592592593,7,1.0,44,13,1,7,36,13,5,0.714285714286,0.886312529053,30,123,123,0.722222222222,1.0,1.0,-0.0,1,0,0,5,0,5,-1.0,-1.0,0,180,65,0,-245,245,-1.0,44,39,-5,-0.092592592593,7,1.0,44,13,1,7,36,13,5,0.714285714286,0.886312529053,30,123,123,0.722222222222,1.0,1.0,-0.0,1,0,0,5,0,5,-1.0,-1.0,0,180,65,0,-245,245,-1.0,44,39,-5,-0.092592592593,7,1.0,44,13,1,7,36,13,5,0.714285714286,0.886312529053,30,123,123,0.722222222222,1.0,1.0,-0.0,1,0,0,5,0,5,-1.0,-1.0,0,180,65,0,-245,245,-1.0,44,39,-5,-0.092592592593,7,1.0
MOT17-05-FRCNN,2,18,320,v_to_u,18,2,1,321,62,306,306,18,2,1,15,320,1,382,306,382,306,320,1,62,62,62,1.0,1.15796768675,0.969927999512,0.0,1.408605783442,1.365671559516,-1.0,-1.0,68,608,1.677877420924,1,"{""2"": 62}",62,30,30,1,30,25,30,30,1.0,0.916936666525,28,1,1,1.0,1.0,1.0,-0.0,1,0,0,30,0,30,-1.0,-1.0,0,750,900,0,-1650,1650,-1.0,85,55,-30,-0.352941176471,30,1.0,60,60,1,60,54,60,60,1.0,0.923089831752,28,1,1,0.592592592593,1.0,1.0,-0.0,1,0,0,60,0,60,-1.0,-1.0,0,3240,3600,0,-6840,6840,-1.0,152,92,-60,-0.344827586207,60,1.0,120,120,1,62,114,120,61,0.983870967742,0.922630266937,2,1,1,0.719298245614,1.0,1.0,-0.0,1,0,0,61,0,61,-1.0,-1.0,0,6954,7320,0,-14274,14274,-1.0,263,202,-61,-0.206779661017,62,1.0,300,300,1,62,294,300,61,0.983870967742,0.922630266937,2,1,1,0.891156462585,1.0,1.0,-0.0,1,0,0,61,0,61,-1.0,-1.0,0,17934,18300,0,-36234,36234,-1.0,623,562,-61,-0.093129770992,62,1.0,306,320,1,62,300,320,61,0.983870967742,0.922630266937,2,1,1,0.893333333333,1.0,1.0,-0.0,1,0,0,61,0,61,-1.0,-1.0,0,18300,19520,0,-37820,37820,-1.0,649,588,-61,-0.089574155653,62,1.0
MOT17-05-FRCNN,18,75,320,u_to_v,18,75,1,321,155,21,21,18,75,1,15,320,300,475,306,176,306,21,1,155,155,155,1.0,3.518779180463,0.214856812664,0.0,0.487757269166,0.426607544682,-1.0,-1.0,69,611,3.663929865014,1,"{""75"": 155}",155,30,21,1,30,25,21,30,1.0,0.831759577324,28,38,38,1.0,1.0,1.0,-0.0,1,0,0,30,0,30,-1.0,-1.0,0,750,630,0,-1380,1380,-1.0,76,46,-30,-0.394736842105,30,1.0,60,21,1,60,54,21,60,1.0,0.863973647784,28,38,38,0.592592592593,1.0,1.0,-0.0,1,0,0,60,0,60,-1.0,-1.0,0,3240,1260,0,-4500,4500,-1.0,113,60,-53,-0.392592592593,60,1.0,120,21,1,120,114,21,120,1.0,0.875188486721,2,38,38,0.719298245614,1.0,1.0,-0.0,1,0,0,120,0,120,-1.0,-1.0,0,13680,2520,0,-16200,16200,-1.0,223,120,-103,-0.403921568627,120,1.0,300,21,1,155,294,21,152,0.98064516129,0.874688755138,2,38,38,0.891156462585,1.0,1.0,-0.0,1,0,0,152,0,152,-1.0,-1.0,0,44688,3192,0,-47880,47880,-1.0,435,283,-152,-0.325481798715,155,1.0,306,21,1,155,300,21,152,0.98064516129,0.874688755138,2,38,38,0.893333333333,1.0,1.0,-0.0,1,0,0,152,0,152,-1.0,-1.0,0,45600,3192,0,-48792,48792,-1.0,441,289,-152,-0.321353065539,155,1.0
MOT17-05-FRCNN,18,78,320,u_to_v,18,78,1,321,27,18,18,18,78,1,15,320,303,347,306,45,306,18,1,27,27,27,1.0,0.102234699495,0.333307311095,0.254273730088,0.791294865265,0.578049049465,-1.0,-1.0,70,613,0.25892748622,1,"{""78"": 27}",27,30,18,1,27,25,18,26,0.962962962963,0.886331205108,28,34,34,1.0,1.0,1.0,-0.0,1,0,0,26,0,26,-1.0,-1.0,0,650,468,0,-1118,1118,-1.0,69,43,-26,-0.376811594203,27,1.0,60,18,1,27,54,18,26,0.962962962963,0.886331205108,28,34,34,0.592592592593,1.0,1.0,-0.0,1,0,0,26,0,26,-1.0,-1.0,0,1404,468,0,-1872,1872,-1.0,76,50,-26,-0.265306122449,27,1.0,120,18,1,27,114,18,26,0.962962962963,0.886331205108,2,34,34,0.719298245614,1.0,1.0,-0.0,1,0,0,26,0,26,-1.0,-1.0,0,2964,468,0,-3432,3432,-1.0,126,100,-26,-0.164556962025,27,1.0,300,18,1,27,294,18,26,0.962962962963,0.886331205108,2,34,34,0.891156462585,1.0,1.0,-0.0,1,0,0,26,0,26,-1.0,-1.0,0,7644,468,0,-8112,8112,-1.0,306,280,-26,-0.076923076923,27,1.0,306,18,1,27,300,18,26,0.962962962963,0.886331205108,2,34,34,0.893333333333,1.0,1.0,-0.0,1,0,0,26,0,26,-1.0,-1.0,0,7800,468,0,-8268,8268,-1.0,312,286,-26,-0.075581395349,27,1.0
MOT17-05-FRCNN,70,85,326,u_to_v,70,85,1,327,1,1,1,70,85,1,284,326,326,327,43,2,43,1,1,1,1,1,1.0,0.559367315463,0.300798192698,0.036603141055,0.685026058038,0.672508306271,-1.0,-1.0,71,634,0.761169514804,1,"{""85"": 1}",1,30,1,1,1,30,1,0,0.0,,2,152,-1,1.0,1.0,,,0,0,0,0,0,0,0.0,0.0,0,0,0,0,0,0,0.0,31,31,0,0.0,1,1.0,43,1,1,1,43,1,0,0.0,,2,152,-1,1.0,1.0,,,0,0,0,0,0,0,0.0,0.0,0,0,0,0,0,0,0.0,44,44,0,0.0,1,1.0,43,1,1,1,43,1,0,0.0,,2,152,-1,1.0,1.0,,,0,0,0,0,0,0,0.0,0.0,0,0,0,0,0,0,0.0,44,44,0,0.0,1,1.0,43,1,1,1,43,1,0,0.0,,2,152,-1,1.0,1.0,,,0,0,0,0,0,0,0.0,0.0,0,0,0,0,0,0,0.0,44,44,0,0.0,1,1.0,43,1,1,1,43,1,0,0.0,,2,152,-1,1.0,1.0,,,0,0,0,0,0,0,0.0,0.0,0,0,0,0,0,0,0.0,44,44,0,0.0,1,1.0
MOT17-05-FRCNN,77,84,326,v_to_u,84,77,1,327,7,6,6,84,77,1,321,326,302,333,6,32,6,25,1,7,7,7,1.0,0.146239764776,0.080164649097,0.626665487964,0.147715048573,0.054523196838,-1.0,-1.0,72,637,0.0298383796,1,"{""77"": 7}",7,6,25,1,7,6,25,6,0.857142857143,0.855844337384,41,36,36,0.833333333333,1.0,1.0,-0.0,1,0,0,6,0,6,-1.0,-1.0,0,36,150,0,-186,186,-1.0,36,30,-6,-0.162162162162,7,1.0,6,25,1,7,6,25,6,0.857142857143,0.855844337384,41,36,36,0.833333333333,1.0,1.0,-0.0,1,0,0,6,0,6,-1.0,-1.0,0,36,150,0,-186,186,-1.0,36,30,-6,-0.162162162162,7,1.0,6,25,1,7,6,25,6,0.857142857143,0.855844337384,41,36,36,0.833333333333,1.0,1.0,-0.0,1,0,0,6,0,6,-1.0,-1.0,0,36,150,0,-186,186,-1.0,36,30,-6,-0.162162162162,7,1.0,6,25,1,7,6,25,6,0.857142857143,0.855844337384,41,36,36,0.833333333333,1.0,1.0,-0.0,1,0,0,6,0,6,-1.0,-1.0,0,36,150,0,-186,186,-1.0,36,30,-6,-0.162162162162,7,1.0,6,25,1,7,6,25,6,0.857142857143,0.855844337384,41,36,36,0.833333333333,1.0,1.0,-0.0,1,0,0,6,0,6,-1.0,-1.0,0,36,150,0,-186,186,-1.0,36,30,-6,-0.162162162162,7,1.0
MOT17-05-FRCNN,80,86,336,u_to_v,80,86,1,337,131,10,10,80,86,1,304,336,327,467,33,141,33,10,1,131,131,131,1.0,0.198511695832,0.368775413296,0.277401433472,0.492746454637,0.690435152256,-1.0,-1.0,73,667,0.339673351477,1,"{""86"": 131}",131,30,10,1,30,28,10,30,1.0,0.813773564879,35,42,42,1.0,1.0,1.0,-0.0,1,0,0,30,0,30,-1.0,-1.0,0,840,300,0,-1140,1140,-1.0,68,38,-30,-0.441176470588,30,1.0,33,10,1,60,30,10,60,1.0,0.835867441943,35,42,42,1.0,1.0,1.0,-0.0,1,0,0,60,0,60,-1.0,-1.0,0,1800,600,0,-2400,2400,-1.0,100,60,-40,-0.4,60,1.0,33,10,1,120,30,10,120,1.0,0.843829769964,35,42,42,1.0,1.0,1.0,-0.0,1,0,0,120,0,120,-1.0,-1.0,0,3600,1200,0,-4800,4800,-1.0,160,120,-40,-0.25,120,1.0,33,10,1,131,30,10,128,0.977099236641,0.844543190261,35,42,42,1.0,1.0,1.0,-0.0,1,0,0,128,0,128,-1.0,-1.0,0,3840,1280,0,-5120,5120,-1.0,168,128,-40,-0.238095238095,131,1.0,33,10,1,131,30,10,128,0.977099236641,0.844543190261,35,42,42,1.0,1.0,1.0,-0.0,1,0,0,128,0,128,-1.0,-1.0,0,3840,1280,0,-5120,5120,-1.0,168,128,-40,-0.238095238095,131,1.0
MOT17-05-FRCNN,81,90,337,v_to_u,90,81,1,338,13,3,3,90,81,1,335,337,305,350,3,46,3,33,1,13,13,13,1.0,0.578534969166,0.5174616612,0.078379531035,0.994039484749,0.727619754972,-1.0,-1.0,74,675,0.860471425679,1,"{""81"": 13}",13,3,30,1,13,2,30,12,0.923076923077,0.869485916442,2,31,31,1.0,1.0,1.0,-0.0,1,0,0,12,0,12,-1.0,-1.0,0,24,360,0,-384,384,-1.0,44,32,-12,-0.272727272727,13,1.0,3,33,1,13,2,33,12,0.923076923077,0.869485916442,2,31,31,1.0,1.0,1.0,-0.0,1,0,0,12,0,12,-1.0,-1.0,0,24,396,0,-420,420,-1.0,47,35,-12,-0.255319148936,13,1.0,3,33,1,13,2,33,12,0.923076923077,0.869485916442,2,31,31,1.0,1.0,1.0,-0.0,1,0,0,12,0,12,-1.0,-1.0,0,24,396,0,-420,420,-1.0,47,35,-12,-0.255319148936,13,1.0,3,33,1,13,2,33,12,0.923076923077,0.869485916442,2,31,31,1.0,1.0,1.0,-0.0,1,0,0,12,0,12,-1.0,-1.0,0,24,396,0,-420,420,-1.0,47,35,-12,-0.255319148936,13,1.0,3,33,1,13,2,33,12,0.923076923077,0.869485916442,2,31,31,1.0,1.0,1.0,-0.0,1,0,0,12,0,12,-1.0,-1.0,0,24,396,0,-420,420,-1.0,47,35,-12,-0.255319148936,13,1.0
MOT17-05-FRCNN,87,88,339,v_to_u,88,87,1,340,20,4,10,88,87,1,330,339,328,359,4,32,4,12,1,20,20,20,1.0,0.065882124653,0.116430841785,0.754964986588,0.083354556566,0.165935073643,-1.0,-1.0,75,693,-0.068822448527,1,"{""87"": 20}",20,4,12,1,20,3,12,18,0.9,0.869206329022,43,41,41,1.0,1.0,1.0,-0.0,1,0,0,18,0,18,-1.0,-1.0,0,54,216,0,-270,270,-1.0,33,18,-15,-0.454545454545,20,1.0,4,12,1,20,3,12,18,0.9,0.869206329022,43,41,41,1.0,1.0,1.0,-0.0,1,0,0,18,0,18,-1.0,-1.0,0,54,216,0,-270,270,-1.0,33,18,-15,-0.454545454545,20,1.0,4,12,1,20,3,12,18,0.9,0.869206329022,43,41,41,1.0,1.0,1.0,-0.0,1,0,0,18,0,18,-1.0,-1.0,0,54,216,0,-270,270,-1.0,33,18,-15,-0.454545454545,20,1.0,4,12,1,20,3,12,18,0.9,0.869206329022,43,41,41,1.0,1.0,1.0,-0.0,1,0,0,18,0,18,-1.0,-1.0,0,54,216,0,-270,270,-1.0,33,18,-15,-0.454545454545,20,1.0,4,12,1,20,3,12,18,0.9,0.869206329022,43,41,41,1.0,1.0,1.0,-0.0,1,0,0,18,0,18,-1.0,-1.0,0,54,216,0,-270,270,-1.0,33,18,-15,-0.454545454545,20,1.0
MOT17-05-FRCNN,74,86,342,u_to_v,74,86,1,343,125,16,16,74,86,1,298,342,327,467,45,141,45,16,1,125,125,125,1.0,5.738849512777,0.183071983237,0.0,0.106146370315,0.239279028968,-1.0,-1.0,76,699,5.819160048514,1,"{""86"": 125}",125,30,16,1,30,29,16,30,1.0,0.832546747449,33,42,42,1.0,1.0,1.0,-0.0,1,0,0,30,0,30,-1.0,-1.0,0,870,480,0,-1350,1350,-1.0,75,45,-30,-0.4,30,1.0,45,16,1,60,44,16,60,1.0,0.847467153129,33,42,42,1.0,1.0,1.0,-0.0,1,0,0,60,0,60,-1.0,-1.0,0,2640,960,0,-3600,3600,-1.0,120,60,-60,-0.5,60,1.0,45,16,1,120,44,16,120,1.0,0.848028888475,33,42,42,1.0,1.0,1.0,-0.0,1,0,0,120,0,120,-1.0,-1.0,0,5280,1920,0,-7200,7200,-1.0,180,120,-60,-0.333333333333,120,1.0,45,16,1,125,44,16,122,0.976,0.848269844549,33,42,42,1.0,1.0,1.0,-0.0,1,0,0,122,0,122,-1.0,-1.0,0,5368,1952,0,-7320,7320,-1.0,182,122,-60,-0.32967032967,125,1.0,45,16,1,125,44,16,122,0.976,0.848269844549,33,42,42,1.0,1.0,1.0,-0.0,1,0,0,122,0,122,-1.0,-1.0,0,5368,1952,0,-7320,7320,-1.0,182,122,-60,-0.32967032967,125,1.0
MOT17-05-FRCNN,75,81,350,v_to_u,81,75,1,351,125,46,46,81,75,1,305,350,300,475,46,176,46,51,1,125,125,125,1.0,3.939778676656,0.351267256308,0.0,0.108556375899,0.398949319737,-1.0,-1.0,77,711,4.078346060297,1,"{""75"": 125}",125,30,30,1,30,29,30,30,1.0,0.896187718244,31,38,38,1.0,1.0,1.0,-0.0,1,0,0,30,0,30,-1.0,-1.0,0,870,900,0,-1770,1770,-1.0,89,59,-30,-0.337078651685,30,1.0,46,51,1,60,45,51,60,1.0,0.896118737663,31,38,38,1.0,1.0,1.0,-0.0,1,0,0,60,0,60,-1.0,-1.0,0,2700,3060,0,-5760,5760,-1.0,156,96,-60,-0.384615384615,60,1.0,46,51,1,120,45,51,120,1.0,0.885888479154,31,38,38,1.0,1.0,1.0,-0.0,1,0,0,120,0,120,-1.0,-1.0,0,5400,6120,0,-11520,11520,-1.0,216,120,-96,-0.444444444444,120,1.0,46,51,1,125,45,51,122,0.976,0.885245110338,31,38,38,1.0,1.0,1.0,-0.0,1,0,0,122,0,122,-1.0,-1.0,0,5490,6222,0,-11712,11712,-1.0,218,122,-96,-0.440366972477,125,1.0,46,51,1,125,45,51,122,0.976,0.885245110338,31,38,38,1.0,1.0,1.0,-0.0,1,0,0,122,0,122,-1.0,-1.0,0,5490,6222,0,-11712,11712,-1.0,218,122,-96,-0.440366972477,125,1.0
MOT17-05-FRCNN,75,89,352,v_to_u,89,75,1,353,123,19,19,89,75,1,334,352,300,475,19,176,19,53,1,123,123,123,1.0,0.945071103485,0.542945637015,0.0,1.164790276601,1.228184421053,-1.0,-1.0,78,717,1.320104982504,1,"{""75"": 123}",123,19,30,1,30,19,30,30,1.0,0.895204919129,47,38,38,1.0,1.0,1.0,-0.0,1,0,0,30,0,30,-1.0,-1.0,0,570,900,0,-1470,1470,-1.0,79,49,-30,-0.379746835443,30,1.0,19,53,1,60,19,53,60,1.0,0.894108574964,47,38,38,1.0,1.0,1.0,-0.0,1,0,0,60,0,60,-1.0,-1.0,0,1140,3180,0,-4320,4320,-1.0,132,72,-60,-0.454545454545,60,1.0,19,53,1,120,19,53,120,1.0,0.8850678548,47,38,38,1.0,1.0,1.0,-0.0,1,0,0,120,0,120,-1.0,-1.0,0,2280,6360,0,-8640,8640,-1.0,192,120,-72,-0.375,120,1.0,19,53,1,123,19,53,120,0.975609756098,0.8850678548,47,38,38,1.0,1.0,1.0,-0.0,1,0,0,120,0,120,-1.0,-1.0,0,2280,6360,0,-8640,8640,-1.0,192,120,-72,-0.375,123,1.0,19,53,1,123,19,53,120,0.975609756098,0.8850678548,47,38,38,1.0,1.0,1.0,-0.0,1,0,0,120,0,120,-1.0,-1.0,0,2280,6360,0,-8640,8640,-1.0,192,120,-72,-0.375,123,1.0
MOT17-05-FRCNN,75,95,362,v_to_u,95,75,1,363,113,1,1,95,75,1,362,362,300,475,1,176,1,63,1,113,113,113,1.0,0.382459689752,0.531699112867,0.103095901062,1.072344361847,1.165602304352,-1.0,-1.0,79,728,0.713405159323,1,"{""75"": 113}",113,1,30,1,30,1,30,30,1.0,0.905441677253,47,38,38,1.0,1.0,1.0,-0.0,1,0,0,30,0,30,-1.0,-1.0,0,30,900,0,-930,930,-1.0,61,31,-30,-0.491803278689,30,1.0,1,60,1,60,1,60,60,1.0,0.898695927738,47,38,38,1.0,1.0,1.0,-0.0,1,0,0,60,0,60,-1.0,-1.0,0,60,3600,0,-3660,3660,-1.0,121,61,-60,-0.495867768595,60,1.0,1,63,1,113,1,63,110,0.973451327434,0.886971489657,47,38,38,1.0,1.0,1.0,-0.0,1,0,0,110,0,110,-1.0,-1.0,0,110,6930,0,-7040,7040,-1.0,174,110,-64,-0.367816091954,113,1.0,1,63,1,113,1,63,110,0.973451327434,0.886971489657,47,38,38,1.0,1.0,1.0,-0.0,1,0,0,110,0,110,-1.0,-1.0,0,110,6930,0,-7040,7040,-1.0,174,110,-64,-0.367816091954,113,1.0,1,63,1,113,1,63,110,0.973451327434,0.886971489657,47,38,38,1.0,1.0,1.0,-0.0,1,0,0,110,0,110,-1.0,-1.0,0,110,6930,0,-7040,7040,-1.0,174,110,-64,-0.367816091954,113,1.0
MOT17-05-FRCNN,2,94,367,v_to_u,94,2,1,368,15,14,14,94,2,1,354,367,1,382,14,382,14,367,1,15,15,15,1.0,0.64208292762,0.040123292514,0.0,0.023616257909,0.060221165277,-1.0,-1.0,80,733,0.660497493067,1,"{""2"": 15}",15,14,30,1,15,13,30,14,0.933333333333,0.922996574595,46,1,1,1.0,1.0,1.0,-0.0,1,0,0,14,0,14,-1.0,-1.0,0,182,420,0,-602,602,-1.0,57,43,-14,-0.245614035088,15,1.0,14,60,1,15,13,60,14,0.933333333333,0.922996574595,46,1,1,1.0,1.0,1.0,-0.0,1,0,0,14,0,14,-1.0,-1.0,0,182,840,0,-1022,1022,-1.0,87,73,-14,-0.16091954023,15,1.0,14,120,1,15,13,120,14,0.933333333333,0.922996574595,46,1,1,1.0,1.0,1.0,-0.0,1,0,0,14,0,14,-1.0,-1.0,0,182,1680,0,-1862,1862,-1.0,147,133,-14,-0.095238095238,15,1.0,14,300,1,15,13,300,14,0.933333333333,0.922996574595,46,1,1,1.0,1.0,1.0,-0.0,1,0,0,14,0,14,-1.0,-1.0,0,182,4200,0,-4382,4382,-1.0,327,313,-14,-0.042813455657,15,1.0,14,367,1,15,13,367,14,0.933333333333,0.922996574595,46,1,1,1.0,1.0,1.0,-0.0,1,0,0,14,0,14,-1.0,-1.0,0,182,5138,0,-5320,5320,-1.0,394,380,-14,-0.035532994924,15,1.0
MOT17-05-FRCNN,92,93,369,u_to_v,92,93,1,370,28,17,17,92,93,1,340,369,353,397,30,45,30,17,1,28,28,28,1.0,0.076528339516,0.347448455554,0.2508563303,0.657101362252,0.72577353072,-1.0,-1.0,81,741,0.238963860127,1,"{""93"": 28}",28,30,17,1,28,26,17,25,0.892857142857,0.872517173381,44,45,45,1.0,1.0,1.0,-0.0,1,0,0,25,0,25,-1.0,-1.0,0,650,425,0,-1075,1075,-1.0,68,43,-25,-0.367647058824,28,1.0,30,17,1,28,26,17,25,0.892857142857,0.872517173381,44,45,45,1.0,1.0,1.0,-0.0,1,0,0,25,0,25,-1.0,-1.0,0,650,425,0,-1075,1075,-1.0,68,43,-25,-0.367647058824,28,1.0,30,17,1,28,26,17,25,0.892857142857,0.872517173381,44,45,45,1.0,1.0,1.0,-0.0,1,0,0,25,0,25,-1.0,-1.0,0,650,425,0,-1075,1075,-1.0,68,43,-25,-0.367647058824,28,1.0,30,17,1,28,26,17,25,0.892857142857,0.872517173381,44,45,45,1.0,1.0,1.0,-0.0,1,0,0,25,0,25,-1.0,-1.0,0,650,425,0,-1075,1075,-1.0,68,43,-25,-0.367647058824,28,1.0,30,17,1,28,26,17,25,0.892857142857,0.872517173381,44,45,45,1.0,1.0,1.0,-0.0,1,0,0,25,0,25,-1.0,-1.0,0,650,425,0,-1075,1075,-1.0,68,43,-25,-0.367647058824,28,1.0
MOT17-05-FRCNN,2,100,382,u_to_v,2,100,1,383,85,6,6,2,100,1,1,382,377,467,382,91,382,6,1,85,85,85,1.0,1.455796850206,1.341515443458,0.0,2.007681888864,1.992259010942,-1.0,-1.0,82,749,2.191169801051,1,"{""100"": 85}",85,30,6,1,30,29,6,30,1.0,0.798958851612,1,48,48,1.0,1.0,1.0,-0.0,1,0,0,30,0,30,-1.0,-1.0,0,870,180,0,-1050,1050,-1.0,65,35,-30,-0.461538461538,30,1.0,60,6,1,60,59,6,60,1.0,0.79338505007,1,48,48,1.0,1.0,1.0,-0.0,1,0,0,60,0,60,-1.0,-1.0,0,3540,360,0,-3900,3900,-1.0,125,65,-60,-0.48,60,1.0,120,6,1,85,119,6,85,1.0,0.805936832413,1,48,48,1.0,1.0,1.0,-0.0,1,0,0,85,0,85,-1.0,-1.0,0,10115,510,0,-10625,10625,-1.0,210,125,-85,-0.404761904762,85,1.0,300,6,1,85,299,6,85,1.0,0.805936832413,1,48,48,1.0,1.0,1.0,-0.0,1,0,0,85,0,85,-1.0,-1.0,0,25415,510,0,-25925,25925,-1.0,390,305,-85,-0.217948717949,85,1.0,382,6,1,85,381,6,85,1.0,0.805936832413,1,48,48,1.0,1.0,1.0,-0.0,1,0,0,85,0,85,-1.0,-1.0,0,32385,510,0,-32895,32895,-1.0,472,387,-85,-0.180084745763,85,1.0
MOT17-05-FRCNN,2,102,382,u_to_v,2,102,1,383,20,4,4,2,102,1,1,382,379,402,382,24,382,4,1,20,20,20,1.0,0.650844034848,0.840241975525,0.023145417153,1.140504544122,1.373277728218,-1.0,-1.0,83,751,1.106496401675,1,"{""102"": 20}",20,30,4,1,20,29,4,19,0.95,0.86309543374,1,50,50,1.0,1.0,1.0,-0.0,1,0,0,19,0,19,-1.0,-1.0,0,551,76,0,-627,627,-1.0,52,33,-19,-0.365384615385,20,1.0,60,4,1,20,59,4,19,0.95,0.86309543374,1,50,50,1.0,1.0,1.0,-0.0,1,0,0,19,0,19,-1.0,-1.0,0,1121,76,0,-1197,1197,-1.0,82,63,-19,-0.231707317073,20,1.0,120,4,1,20,119,4,19,0.95,0.86309543374,1,50,50,1.0,1.0,1.0,-0.0,1,0,0,19,0,19,-1.0,-1.0,0,2261,76,0,-2337,2337,-1.0,142,123,-19,-0.133802816901,20,1.0,300,4,1,20,299,4,19,0.95,0.86309543374,1,50,50,1.0,1.0,1.0,-0.0,1,0,0,19,0,19,-1.0,-1.0,0,5681,76,0,-5757,5757,-1.0,322,303,-19,-0.05900621118,20,1.0,382,4,1,20,381,4,19,0.95,0.86309543374,1,50,50,1.0,1.0,1.0,-0.0,1,0,0,19,0,19,-1.0,-1.0,0,7239,76,0,-7315,7315,-1.0,404,385,-19,-0.04702970297,20,1.0
MOT17-05-FRCNN,86,97,385,v_to_u,97,86,1,386,82,13,13,97,86,1,373,385,327,467,13,141,13,59,1,82,82,82,1.0,2.272307047453,0.427827120434,0.0,0.629083661024,0.694976398664,-1.0,-1.0,84,753,2.51166983353,1,"{""86"": 82}",82,13,30,1,30,11,30,30,1.0,0.87520237215,127,42,42,1.0,1.0,1.0,-0.0,1,0,0,30,0,30,-1.0,-1.0,0,330,900,0,-1230,1230,-1.0,71,41,-30,-0.422535211268,30,1.0,13,59,1,60,11,59,60,1.0,0.862592611515,127,42,42,1.0,1.0,1.0,-0.0,1,0,0,60,0,60,-1.0,-1.0,0,660,3540,0,-4200,4200,-1.0,130,70,-60,-0.461538461538,60,1.0,13,59,1,82,11,59,79,0.963414634146,0.853597069152,127,42,42,1.0,1.0,1.0,-0.0,1,0,0,79,0,79,-1.0,-1.0,0,869,4661,0,-5530,5530,-1.0,149,79,-70,-0.469798657718,82,1.0,13,59,1,82,11,59,79,0.963414634146,0.853597069152,127,42,42,1.0,1.0,1.0,-0.0,1,0,0,79,0,79,-1.0,-1.0,0,869,4661,0,-5530,5530,-1.0,149,79,-70,-0.469798657718,82,1.0,13,59,1,82,11,59,79,0.963414634146,0.853597069152,127,42,42,1.0,1.0,1.0,-0.0,1,0,0,79,0,79,-1.0,-1.0,0,869,4661,0,-5530,5530,-1.0,149,79,-70,-0.469798657718,82,1.0
MOT17-05-FRCNN,98,101,399,u_to_v,98,101,1,400,8,22,22,98,101,1,374,399,378,407,26,30,26,22,1,8,8,8,1.0,0.880191943293,0.055029407652,0.0,0.078268713949,0.106477210358,-1.0,-1.0,85,774,0.912423887637,1,"{""101"": 8}",8,26,22,1,8,26,19,6,0.75,0.769537909103,144,145,145,1.0,1.0,1.0,-0.0,1,0,0,6,0,6,-1.0,-1.0,0,156,114,0,-270,270,-1.0,51,45,-6,-0.117647058824,8,1.0,26,22,1,8,26,19,6,0.75,0.769537909103,144,145,145,1.0,1.0,1.0,-0.0,1,0,0,6,0,6,-1.0,-1.0,0,156,114,0,-270,270,-1.0,51,45,-6,-0.117647058824,8,1.0,26,22,1,8,26,19,6,0.75,0.769537909103,144,145,145,1.0,1.0,1.0,-0.0,1,0,0,6,0,6,-1.0,-1.0,0,156,114,0,-270,270,-1.0,51,45,-6,-0.117647058824,8,1.0,26,22,1,8,26,19,6,0.75,0.769537909103,144,145,145,1.0,1.0,1.0,-0.0,1,0,0,6,0,6,-1.0,-1.0,0,156,114,0,-270,270,-1.0,51,45,-6,-0.117647058824,8,1.0,26,22,1,8,26,19,6,0.75,0.769537909103,144,145,145,1.0,1.0,1.0,-0.0,1,0,0,6,0,6,-1.0,-1.0,0,156,114,0,-270,270,-1.0,51,45,-6,-0.117647058824,8,1.0
MOT17-05-FRCNN,86,96,405,v_to_u,96,86,1,406,62,36,36,96,86,1,370,405,327,467,36,141,36,79,1,62,62,62,1.0,3.451914507633,0.320258223238,0.0,0.693326504509,0.720411347522,-1.0,-1.0,86,783,3.673352848646,1,"{""86"": 62}",62,30,30,1,30,29,30,30,1.0,0.859783543425,47,42,42,1.0,1.0,1.0,-0.0,1,0,0,30,0,30,-1.0,-1.0,0,870,900,0,-1770,1770,-1.0,89,59,-30,-0.337078651685,30,1.0,36,60,1,60,35,60,59,0.983333333333,0.845910465822,47,42,42,1.0,1.0,1.0,-0.0,1,0,0,59,0,59,-1.0,-1.0,0,2065,3540,0,-5605,5605,-1.0,154,95,-59,-0.383116883117,60,1.0,36,79,1,62,35,79,59,0.951612903226,0.845910465822,47,42,42,1.0,1.0,1.0,-0.0,1,0,0,59,0,59,-1.0,-1.0,0,2065,4661,0,-6726,6726,-1.0,173,114,-59,-0.341040462428,62,1.0,36,79,1,62,35,79,59,0.951612903226,0.845910465822,47,42,42,1.0,1.0,1.0,-0.0,1,0,0,59,0,59,-1.0,-1.0,0,2065,4661,0,-6726,6726,-1.0,173,114,-59,-0.341040462428,62,1.0,36,79,1,62,35,79,59,0.951612903226,0.845910465822,47,42,42,1.0,1.0,1.0,-0.0,1,0,0,59,0,59,-1.0,-1.0,0,2065,4661,0,-6726,6726,-1.0,173,114,-59,-0.341040462428,62,1.0
MOT17-05-FRCNN,99,100,438,u_to_v,99,100,1,439,29,62,62,99,100,1,376,438,377,467,63,91,63,62,1,29,29,29,1.0,0.287741344728,0.10777743412,0.324665164226,0.164577497598,0.131776887822,-1.0,-1.0,87,793,0.263154850743,1,"{""100"": 29}",29,30,30,1,29,29,30,29,1.0,0.822196380464,49,48,48,1.0,1.0,1.0,-0.0,1,0,0,29,0,29,-1.0,-1.0,0,841,870,0,-1711,1711,-1.0,88,59,-29,-0.329545454545,29,1.0,60,60,1,29,59,60,29,1.0,0.822196380464,49,48,48,1.0,1.0,1.0,-0.0,1,0,0,29,0,29,-1.0,-1.0,0,1711,1740,0,-3451,3451,-1.0,148,119,-29,-0.195945945946,29,1.0,63,62,1,29,62,62,29,1.0,0.822196380464,49,48,48,1.0,1.0,1.0,-0.0,1,0,0,29,0,29,-1.0,-1.0,0,1798,1798,0,-3596,3596,-1.0,153,124,-29,-0.18954248366,29,1.0,63,62,1,29,62,62,29,1.0,0.822196380464,49,48,48,1.0,1.0,1.0,-0.0,1,0,0,29,0,29,-1.0,-1.0,0,1798,1798,0,-3596,3596,-1.0,153,124,-29,-0.18954248366,29,1.0,63,62,1,29,62,62,29,1.0,0.822196380464,49,48,48,1.0,1.0,1.0,-0.0,1,0,0,29,0,29,-1.0,-1.0,0,1798,1798,0,-3596,3596,-1.0,153,124,-29,-0.18954248366,29,1.0
MOT17-05-FRCNN,105,106,446,u_to_v,105,106,1,447,96,12,12,105,106,1,429,446,435,542,18,108,18,12,1,96,96,96,1.0,0.049307022107,0.017415146783,0.818105968443,0.097362175371,0.058402135836,-1.0,-1.0,88,804,-0.135289252187,1,"{""106"": 96}",96,18,12,1,30,14,12,30,1.0,0.875926070371,51,124,124,1.0,1.0,1.0,-0.0,1,0,0,30,0,30,-1.0,-1.0,0,420,360,0,-780,780,-1.0,56,30,-26,-0.464285714286,30,1.0,18,12,1,60,14,12,60,1.0,0.897230949987,51,124,124,1.0,1.0,1.0,-0.0,1,0,0,60,0,60,-1.0,-1.0,0,840,720,0,-1560,1560,-1.0,86,60,-26,-0.302325581395,60,1.0,18,12,1,96,14,12,95,0.989583333333,0.894332790472,51,124,124,1.0,1.0,1.0,-0.0,1,0,0,95,0,95,-1.0,-1.0,0,1330,1140,0,-2470,2470,-1.0,121,95,-26,-0.214876033058,96,1.0,18,12,1,96,14,12,95,0.989583333333,0.894332790472,51,124,124,1.0,1.0,1.0,-0.0,1,0,0,95,0,95,-1.0,-1.0,0,1330,1140,0,-2470,2470,-1.0,121,95,-26,-0.214876033058,96,1.0,18,12,1,96,14,12,95,0.989583333333,0.894332790472,51,124,124,1.0,1.0,1.0,-0.0,1,0,0,95,0,95,-1.0,-1.0,0,1330,1140,0,-2470,2470,-1.0,121,95,-26,-0.214876033058,96,1.0
MOT17-05-FRCNN,75,109,463,v_to_u,109,75,1,464,12,20,20,109,75,1,444,463,300,475,20,176,20,164,1,12,12,12,1.0,0.393521677549,0.278829787794,0.128826619217,0.592407953559,0.561193587697,-1.0,-1.0,89,808,0.546382623819,1,"{""75"": 12}",12,20,30,1,12,17,30,9,0.75,0.854236855804,49,38,38,1.0,1.0,1.0,-0.0,1,0,0,9,0,9,-1.0,-1.0,0,153,270,0,-423,423,-1.0,56,47,-9,-0.160714285714,12,1.0,20,60,1,12,17,60,9,0.75,0.854236855804,49,38,38,1.0,1.0,1.0,-0.0,1,0,0,9,0,9,-1.0,-1.0,0,153,540,0,-693,693,-1.0,86,77,-9,-0.104651162791,12,1.0,20,120,1,12,17,120,9,0.75,0.854236855804,49,38,38,1.0,1.0,1.0,-0.0,1,0,0,9,0,9,-1.0,-1.0,0,153,1080,0,-1233,1233,-1.0,146,137,-9,-0.061643835616,12,1.0,20,164,1,12,17,164,9,0.75,0.854236855804,49,38,38,1.0,1.0,1.0,-0.0,1,0,0,9,0,9,-1.0,-1.0,0,153,1476,0,-1629,1629,-1.0,190,181,-9,-0.047368421053,12,1.0,20,164,1,12,17,164,9,0.75,0.854236855804,49,38,38,1.0,1.0,1.0,-0.0,1,0,0,9,0,9,-1.0,-1.0,0,153,1476,0,-1629,1629,-1.0,190,181,-9,-0.047368421053,12,1.0
MOT17-05-FRCNN,86,106,467,u_to_v,86,106,1,468,75,33,33,86,106,1,327,467,435,542,141,108,141,33,1,75,75,75,1.0,0.635455861429,1.09405932224,0.03070299852,1.832946946661,1.650448010834,-1.0,-1.0,90,820,1.249634438109,1,"{""106"": 75}",75,30,30,1,30,27,30,30,1.0,0.936460296365,42,124,124,1.0,1.0,1.0,-0.0,1,0,0,30,0,30,-1.0,-1.0,0,810,900,0,-1710,1710,-1.0,87,57,-30,-0.344827586207,30,1.0,60,33,1,60,57,33,60,1.0,0.913894299094,42,124,124,1.0,1.0,1.0,-0.0,1,0,0,60,0,60,-1.0,-1.0,0,3420,1980,0,-5400,5400,-1.0,150,90,-60,-0.4,60,1.0,120,33,1,75,117,33,74,0.986666666667,0.908151496288,42,124,124,1.0,1.0,1.0,-0.0,1,0,0,74,0,74,-1.0,-1.0,0,8658,2442,0,-11100,11100,-1.0,224,150,-74,-0.330357142857,75,1.0,141,33,1,75,138,33,74,0.986666666667,0.908151496288,42,124,124,1.0,1.0,1.0,-0.0,1,0,0,74,0,74,-1.0,-1.0,0,10212,2442,0,-12654,12654,-1.0,245,171,-74,-0.302040816327,75,1.0,141,33,1,75,138,33,74,0.986666666667,0.908151496288,42,124,124,1.0,1.0,1.0,-0.0,1,0,0,74,0,74,-1.0,-1.0,0,10212,2442,0,-12654,12654,-1.0,245,171,-74,-0.302040816327,75,1.0
MOT17-05-FRCNN,86,107,467,u_to_v,86,107,1,468,100,30,30,86,107,1,327,467,438,567,141,130,141,30,1,100,100,100,1.0,2.822777508662,0.755920253536,0.0,1.201754893797,1.133980269851,-1.0,-1.0,91,821,3.245331088411,1,"{""107"": 100}",100,30,30,1,30,27,30,30,1.0,0.87468571672,42,52,52,1.0,1.0,1.0,-0.0,1,0,0,30,0,30,-1.0,-1.0,0,810,900,0,-1710,1710,-1.0,87,57,-30,-0.344827586207,30,1.0,60,30,1,60,57,30,57,0.95,0.842733259469,42,52,52,1.0,1.0,0.947368421053,0.206192050633,2,0,0,54,0,54,-0.947368421053,-0.947368421053,0,3249,1620,90,-4779,4959,-0.963702359347,141,87,-54,-0.375,60,1.0,120,30,1,100,117,30,96,0.96,0.853243916466,42,52,52,1.0,1.0,0.96875,0.139060798455,2,0,0,93,0,93,-0.96875,-0.96875,0,11232,2790,90,-13932,14112,-0.987244897959,240,147,-93,-0.382716049383,100,1.0,141,30,1,100,138,30,96,0.96,0.853243916466,42,52,52,1.0,1.0,0.96875,0.139060798455,2,0,0,93,0,93,-0.96875,-0.96875,0,13248,2790,90,-15948,16128,-0.988839285714,261,168,-93,-0.352272727273,100,1.0,141,30,1,100,138,30,96,0.96,0.853243916466,42,52,52,1.0,1.0,0.96875,0.139060798455,2,0,0,93,0,93,-0.96875,-0.96875,0,13248,2790,90,-15948,16128,-0.988839285714,261,168,-93,-0.352272727273,100,1.0
MOT17-05-FRCNN,86,108,467,u_to_v,86,108,1,468,59,25,25,86,108,1,327,467,443,526,141,84,141,25,1,59,59,59,1.0,3.884848021031,0.680383920196,0.0,0.971299077581,1.103803734461,-1.0,-1.0,92,822,4.262454282284,1,"{""108"": 59}",59,30,25,1,30,27,25,30,1.0,0.860863974538,42,53,53,1.0,1.0,1.0,-0.0,1,0,0,30,0,30,-1.0,-1.0,0,810,750,0,-1560,1560,-1.0,82,52,-30,-0.365853658537,30,1.0,60,25,1,59,57,25,56,0.949152542373,0.870454273924,42,53,53,1.0,1.0,1.0,-0.0,1,0,0,56,0,56,-1.0,-1.0,0,3192,1400,0,-4592,4592,-1.0,138,82,-56,-0.405797101449,59,1.0,120,25,1,59,117,25,56,0.949152542373,0.870454273924,42,53,53,1.0,1.0,1.0,-0.0,1,0,0,56,0,56,-1.0,-1.0,0,6552,1400,0,-7952,7952,-1.0,198,142,-56,-0.282828282828,59,1.0,141,25,1,59,138,25,56,0.949152542373,0.870454273924,42,53,53,1.0,1.0,1.0,-0.0,1,0,0,56,0,56,-1.0,-1.0,0,7728,1400,0,-9128,9128,-1.0,219,163,-56,-0.255707762557,59,1.0,141,25,1,59,138,25,56,0.949152542373,0.870454273924,42,53,53,1.0,1.0,1.0,-0.0,1,0,0,56,0,56,-1.0,-1.0,0,7728,1400,0,-9128,9128,-1.0,219,163,-56,-0.255707762557,59,1.0
MOT17-05-FRCNN,75,103,475,u_to_v,75,103,1,476,333,59,59,75,103,1,300,475,417,808,176,392,176,59,1,333,333,333,1.0,0.534622175954,0.794280798556,0.043036364061,1.434944642325,1.34543217883,-1.0,-1.0,93,828,1.000470966694,1,"{""103"": 333}",333,30,30,1,30,27,30,30,1.0,0.92214659314,38,128,128,1.0,1.0,1.0,-0.0,1,0,0,30,0,30,-1.0,-1.0,0,810,900,0,-1710,1710,-1.0,87,57,-30,-0.344827586207,30,1.0,60,59,1,60,57,59,58,0.966666666667,0.89569415816,38,128,128,1.0,1.0,1.0,-0.0,1,0,0,58,0,58,-1.0,-1.0,0,3306,3422,0,-6728,6728,-1.0,174,116,-58,-0.333333333333,60,1.0,120,59,1,120,117,59,118,0.983333333333,0.903908669831,38,128,128,1.0,1.0,1.0,-0.0,1,0,0,118,0,118,-1.0,-1.0,0,13806,6962,0,-20768,20768,-1.0,294,176,-118,-0.401360544218,120,1.0,176,59,1,300,173,59,298,0.993333333333,0.889745305503,38,128,128,1.0,1.0,1.0,-0.0,1,0,0,298,0,298,-1.0,-1.0,0,51554,17582,0,-69136,69136,-1.0,530,298,-232,-0.437735849057,300,1.0,176,59,1,333,173,59,330,0.990990990991,0.889223443666,38,128,128,1.0,1.0,1.0,-0.0,1,0,0,330,0,330,-1.0,-1.0,0,57090,19470,0,-76560,76560,-1.0,562,330,-232,-0.4128113879,333,1.0
MOT17-05-FRCNN,75,104,475,u_to_v,75,104,1,476,39,59,59,75,104,1,300,475,417,514,176,98,176,59,1,39,39,39,1.0,2.157407631842,0.45567284508,0.0,0.742185977252,0.679151185689,-1.0,-1.0,94,829,2.413459559406,1,"{""104"": 39}",39,30,30,1,30,27,30,30,1.0,0.880715794045,38,54,54,1.0,1.0,1.0,-0.0,1,0,0,30,0,30,-1.0,-1.0,0,810,900,0,-1710,1710,-1.0,87,57,-30,-0.344827586207,30,1.0,60,59,1,39,57,59,39,1.0,0.866743107284,38,54,54,1.0,1.0,1.0,-0.0,1,0,0,39,0,39,-1.0,-1.0,0,2223,2301,0,-4524,4524,-1.0,155,116,-39,-0.251612903226,39,1.0,120,59,1,39,117,59,39,1.0,0.866743107284,38,54,54,1.0,1.0,1.0,-0.0,1,0,0,39,0,39,-1.0,-1.0,0,4563,2301,0,-6864,6864,-1.0,215,176,-39,-0.181395348837,39,1.0,176,59,1,39,173,59,39,1.0,0.866743107284,38,54,54,1.0,1.0,1.0,-0.0,1,0,0,39,0,39,-1.0,-1.0,0,6747,2301,0,-9048,9048,-1.0,271,232,-39,-0.143911439114,39,1.0,176,59,1,39,173,59,39,1.0,0.866743107284,38,54,54,1.0,1.0,1.0,-0.0,1,0,0,39,0,39,-1.0,-1.0,0,6747,2301,0,-9048,9048,-1.0,271,232,-39,-0.143911439114,39,1.0
MOT17-05-FRCNN,103,104,514,v_to_u,104,103,1,515,294,98,98,104,103,1,417,514,417,808,98,392,98,98,1,294,294,294,1.0,0.94679507587,0.193161350026,0.0,0.539299327842,0.380456988974,-1.0,-1.0,95,833,1.087061045058,1,"{""103"": 294}",294,30,30,1,30,30,30,28,0.933333333333,0.930379307812,54,128,128,1.0,1.0,1.0,-0.0,1,0,0,28,0,28,-1.0,-1.0,0,840,840,0,-1680,1680,-1.0,88,60,-28,-0.318181818182,30,1.0,60,60,1,60,60,60,58,0.966666666667,0.922451210434,54,128,128,1.0,1.0,1.0,-0.0,1,0,0,58,0,58,-1.0,-1.0,0,3480,3480,0,-6960,6960,-1.0,178,120,-58,-0.325842696629,60,1.0,98,98,1,120,98,98,118,0.983333333333,0.912016355125,54,128,128,1.0,1.0,1.0,-0.0,1,0,0,118,0,118,-1.0,-1.0,0,11564,11564,0,-23128,23128,-1.0,314,196,-118,-0.375796178344,120,1.0,98,98,1,294,98,98,291,0.989795918367,0.889656328785,54,128,128,1.0,1.0,1.0,-0.0,1,0,0,291,0,291,-1.0,-1.0,0,28518,28518,0,-57036,57036,-1.0,487,291,-196,-0.402464065708,294,1.0,98,98,1,294,98,98,291,0.989795918367,0.889656328785,54,128,128,1.0,1.0,1.0,-0.0,1,0,0,291,0,291,-1.0,-1.0,0,28518,28518,0,-57036,57036,-1.0,487,291,-196,-0.402464065708,294,1.0
MOT17-05-FRCNN,103,112,517,v_to_u,112,103,1,518,291,2,2,112,103,1,516,517,417,808,2,392,2,101,1,291,291,291,1.0,0.06959021974,0.102515748153,0.689555468859,0.144816515436,0.16909447942,-1.0,-1.0,96,839,-0.04577861095,1,"{""103"": 291}",291,2,30,1,30,2,28,30,1.0,0.938777005001,128,128,128,1.0,1.0,1.0,-0.0,1,1,30,30,0,0,0.0,0.0,60,0,840,0,-780,900,-0.866666666667,58,32,-26,-0.433333333333,30,1.0,2,60,1,60,2,58,60,1.0,0.92701880458,128,128,128,1.0,1.0,1.0,-0.0,1,1,60,60,0,0,0.0,0.0,120,0,3480,0,-3360,3600,-0.933333333333,118,62,-56,-0.466666666667,60,1.0,2,101,1,120,2,99,120,1.0,0.915147112337,128,128,128,1.0,1.0,1.0,-0.0,1,1,120,120,0,0,0.0,0.0,240,0,11880,0,-11640,12120,-0.960396039604,219,122,-97,-0.438914027149,120,1.0,2,101,1,291,2,99,290,0.996563573883,0.890744450574,128,128,128,1.0,1.0,1.0,-0.0,1,1,290,290,0,0,0.0,0.0,580,0,28710,0,-28130,29290,-0.960396039604,389,292,-97,-0.248081841432,291,1.0,2,101,1,291,2,99,290,0.996563573883,0.890744450574,128,128,128,1.0,1.0,1.0,-0.0,1,1,290,290,0,0,0.0,0.0,580,0,28710,0,-28130,29290,-0.960396039604,389,292,-97,-0.248081841432,291,1.0
MOT17-05-FRCNN,110,111,518,v_to_u,111,110,1,519,223,8,8,111,110,1,511,518,506,741,8,236,8,13,1,223,223,223,1.0,0.902617900317,0.1004177808,0.0,0.341312315037,0.138312278225,-1.0,-1.0,97,849,0.975684804843,1,"{""110"": 223}",223,8,13,1,30,7,13,30,1.0,0.855666029494,56,55,55,1.0,1.0,1.0,-0.0,1,0,0,30,0,30,-1.0,-1.0,0,210,390,0,-600,600,-1.0,50,30,-20,-0.4,30,1.0,8,13,1,60,7,13,45,0.75,0.804926811475,56,55,55,1.0,1.0,0.755555555556,0.55614902671,2,0,0,34,0,34,-0.755555555556,-0.755555555556,0,315,442,143,-614,900,-0.682222222222,54,34,-20,-0.307692307692,60,1.0,8,13,1,120,7,13,80,0.666666666667,0.83321194594,56,55,55,1.0,1.0,0.425,1.270824838423,4,0,0,34,0,34,-0.425,-0.425,0,560,442,598,-404,1600,-0.2525,54,35,-19,-0.19,120,1.0,8,13,1,223,7,13,178,0.798206278027,0.855444724845,56,55,66,1.0,1.0,0.674157303371,0.938007039842,4,0,0,34,0,34,-0.191011235955,-0.191011235955,0,1246,442,1872,184,3560,0.051685393258,127,133,6,0.030303030303,223,1.0,8,13,1,223,7,13,178,0.798206278027,0.855444724845,56,55,66,1.0,1.0,0.674157303371,0.938007039842,4,0,0,34,0,34,-0.191011235955,-0.191011235955,0,1246,442,1872,184,3560,0.051685393258,127,133,6,0.030303030303,223,1.0
MOT17-05-FRCNN,107,108,526,v_to_u,108,107,1,527,41,84,84,108,107,1,443,526,438,567,84,130,84,89,1,41,41,41,1.0,0.225532318293,0.093228194504,0.395455184368,0.350411919326,0.212502345329,-1.0,-1.0,98,852,0.206266997293,1,"{""107"": 41}",41,30,30,1,30,27,27,30,1.0,0.899011377078,53,52,52,1.0,0.888888888889,1.0,-0.0,1,0,0,30,0,30,-1.0,-1.0,0,810,720,90,-1440,1620,-0.888888888889,81,51,-30,-0.357142857143,30,1.0,60,60,1,41,57,57,40,0.975609756098,0.866565588669,53,52,52,1.0,0.947368421053,1.0,-0.0,1,0,0,40,0,40,-1.0,-1.0,0,2280,2160,120,-4320,4560,-0.947368421053,151,111,-40,-0.25974025974,41,1.0,84,89,1,41,81,86,40,0.975609756098,0.866565588669,53,52,52,1.0,0.96511627907,1.0,-0.0,1,0,0,40,0,40,-1.0,-1.0,0,3240,3320,120,-6440,6680,-0.964071856287,204,164,-40,-0.193236714976,41,1.0,84,89,1,41,81,86,40,0.975609756098,0.866565588669,53,52,52,1.0,0.96511627907,1.0,-0.0,1,0,0,40,0,40,-1.0,-1.0,0,3240,3320,120,-6440,6680,-0.964071856287,204,164,-40,-0.193236714976,41,1.0,84,89,1,41,81,86,40,0.975609756098,0.866565588669,53,52,52,1.0,0.96511627907,1.0,-0.0,1,0,0,40,0,40,-1.0,-1.0,0,3240,3320,120,-6440,6680,-0.964071856287,204,164,-40,-0.193236714976,41,1.0
MOT17-05-FRCNN,106,110,542,u_to_v,106,110,1,543,199,37,37,106,110,1,435,542,506,741,108,236,108,37,1,199,199,199,1.0,1.739636903591,0.484975376306,0.0,0.77021364894,0.828193514191,-1.0,-1.0,99,857,2.020721463981,1,"{""110"": 199}",199,30,30,1,30,29,30,15,0.5,0.740452390197,124,55,55,1.0,1.0,0.666666666667,0.636514168295,2,0,0,10,0,10,-0.666666666667,-0.666666666667,0,435,300,150,-585,885,-0.661016949153,69,59,-10,-0.135135135135,30,1.0,60,37,1,60,59,37,34,0.566666666667,0.784240555445,124,55,52,1.0,1.0,0.470588235294,1.055101618169,3,0,0,10,0,10,-0.294117647059,-0.294117647059,0,2006,370,888,-1488,3264,-0.455882352941,106,96,-10,-0.076923076923,60,1.0,108,37,1,120,107,37,80,0.666666666667,0.841547699783,124,55,66,1.0,1.0,0.575,1.130272796452,4,0,0,10,0,10,-0.125,-0.125,0,8560,370,2590,-6340,11520,-0.550347222222,154,144,-10,-0.044642857143,120,1.0,108,37,1,199,107,37,154,0.773869346734,0.855551341841,124,55,66,1.0,1.0,0.779220779221,0.760836940381,4,0,0,10,0,10,-0.064935064935,-0.064935064935,0,16478,370,5328,-11520,22176,-0.519480519481,227,157,-70,-0.234899328859,199,1.0,108,37,1,199,107,37,154,0.773869346734,0.855551341841,124,55,66,1.0,1.0,0.779220779221,0.760836940381,4,0,0,10,0,10,-0.064935064935,-0.064935064935,0,16478,370,5328,-11520,22176,-0.519480519481,227,157,-70,-0.234899328859,199,1.0
MOT17-05-FRCNN,106,116,542,u_to_v,106,116,1,543,48,11,11,106,116,1,435,542,532,590,108,59,108,11,1,48,48,48,1.0,0.619796654858,0.327370822986,0.0,0.55008398823,0.613087837925,-1.0,-1.0,100,861,0.81795654322,1,"{""116"": 48}",48,30,11,1,30,29,11,30,1.0,0.884818897767,124,53,53,1.0,1.0,1.0,-0.0,1,0,0,30,0,30,-1.0,-1.0,0,870,330,0,-1200,1200,-1.0,70,40,-30,-0.428571428571,30,1.0,60,11,1,48,59,11,48,1.0,0.877118172732,124,53,53,1.0,1.0,1.0,-0.0,1,0,0,48,0,48,-1.0,-1.0,0,2832,528,0,-3360,3360,-1.0,118,70,-48,-0.406779661017,48,1.0,108,11,1,48,107,11,48,1.0,0.877118172732,124,53,53,1.0,1.0,1.0,-0.0,1,0,0,48,0,48,-1.0,-1.0,0,5136,528,0,-5664,5664,-1.0,166,118,-48,-0.289156626506,48,1.0,108,11,1,48,107,11,48,1.0,0.877118172732,124,53,53,1.0,1.0,1.0,-0.0,1,0,0,48,0,48,-1.0,-1.0,0,5136,528,0,-5664,5664,-1.0,166,118,-48,-0.289156626506,48,1.0,108,11,1,48,107,11,48,1.0,0.877118172732,124,53,53,1.0,1.0,1.0,-0.0,1,0,0,48,0,48,-1.0,-1.0,0,5136,528,0,-5664,5664,-1.0,166,118,-48,-0.289156626506,48,1.0
MOT17-05-FRCNN,103,113,547,v_to_u,113,103,1,548,261,24,24,113,103,1,524,547,417,808,24,392,24,131,1,261,261,261,1.0,1.448385028344,0.230875227344,0.0,0.388102322067,0.3799205757,-1.0,-1.0,101,863,1.582906124957,1,"{""103"": 261}",261,24,30,1,30,22,30,30,1.0,0.915260604158,57,128,128,1.0,1.0,1.0,-0.0,1,0,0,30,0,30,-1.0,-1.0,0,660,900,0,-1560,1560,-1.0,82,52,-30,-0.365853658537,30,1.0,24,60,1,60,22,58,60,1.0,0.903114512398,57,128,128,1.0,1.0,1.0,-0.0,1,0,0,60,0,60,-1.0,-1.0,0,1320,3480,0,-4800,4800,-1.0,140,80,-60,-0.428571428571,60,1.0,24,120,1,120,22,118,120,1.0,0.902249310987,57,128,128,1.0,1.0,1.0,-0.0,1,0,0,120,0,120,-1.0,-1.0,0,2640,14160,0,-16800,16800,-1.0,260,140,-120,-0.461538461538,120,1.0,24,131,1,261,22,129,260,0.996168582375,0.885202232755,57,128,128,1.0,1.0,1.0,-0.0,1,0,0,260,0,260,-1.0,-1.0,0,5720,33540,0,-39260,39260,-1.0,411,260,-151,-0.367396593674,261,1.0,24,131,1,261,22,129,260,0.996168582375,0.885202232755,57,128,128,1.0,1.0,1.0,-0.0,1,0,0,260,0,260,-1.0,-1.0,0,5720,33540,0,-39260,39260,-1.0,411,260,-151,-0.367396593674,261,1.0
MOT17-05-FRCNN,119,120,555,v_to_u,120,119,1,556,25,1,1,120,119,1,555,555,553,580,1,28,1,3,1,25,25,25,1.0,0.15788441012,0.157928120507,0.608497988396,0.069405044331,0.173297331545,-1.0,-1.0,102,878,0.069512180735,1,"{""119"": 25}",25,1,3,1,25,1,3,24,0.96,0.85005988125,62,60,60,1.0,1.0,0.916666666667,0.286835983056,2,0,2,22,2,22,-0.833333333333,-0.833333333333,2,22,66,6,-80,96,-0.833333333333,26,22,-4,-0.142857142857,25,1.0,1,3,1,25,1,3,24,0.96,0.85005988125,62,60,60,1.0,1.0,0.916666666667,0.286835983056,2,0,2,22,2,22,-0.833333333333,-0.833333333333,2,22,66,6,-80,96,-0.833333333333,26,22,-4,-0.142857142857,25,1.0,1,3,1,25,1,3,24,0.96,0.85005988125,62,60,60,1.0,1.0,0.916666666667,0.286835983056,2,0,2,22,2,22,-0.833333333333,-0.833333333333,2,22,66,6,-80,96,-0.833333333333,26,22,-4,-0.142857142857,25,1.0,1,3,1,25,1,3,24,0.96,0.85005988125,62,60,60,1.0,1.0,0.916666666667,0.286835983056,2,0,2,22,2,22,-0.833333333333,-0.833333333333,2,22,66,6,-80,96,-0.833333333333,26,22,-4,-0.142857142857,25,1.0,1,3,1,25,1,3,24,0.96,0.85005988125,62,60,60,1.0,1.0,0.916666666667,0.286835983056,2,0,2,22,2,22,-0.833333333333,-0.833333333333,2,22,66,6,-80,96,-0.833333333333,26,22,-4,-0.142857142857,25,1.0
MOT17-05-FRCNN,115,117,564,u_to_v,115,117,1,565,10,28,28,115,117,1,531,564,537,574,34,38,34,28,1,10,10,10,1.0,0.929924436237,0.046916057123,0.0,0.081893458882,0.027190197484,-1.0,-1.0,103,884,0.952561816154,1,"{""117"": 10}",10,30,28,1,10,28,28,8,0.8,0.875714708913,58,59,59,1.0,1.0,1.0,-0.0,1,0,0,8,0,8,-1.0,-1.0,0,224,224,0,-448,448,-1.0,64,56,-8,-0.125,10,1.0,34,28,1,10,32,28,8,0.8,0.875714708913,58,59,59,1.0,1.0,1.0,-0.0,1,0,0,8,0,8,-1.0,-1.0,0,256,224,0,-480,480,-1.0,68,60,-8,-0.117647058824,10,1.0,34,28,1,10,32,28,8,0.8,0.875714708913,58,59,59,1.0,1.0,1.0,-0.0,1,0,0,8,0,8,-1.0,-1.0,0,256,224,0,-480,480,-1.0,68,60,-8,-0.117647058824,10,1.0,34,28,1,10,32,28,8,0.8,0.875714708913,58,59,59,1.0,1.0,1.0,-0.0,1,0,0,8,0,8,-1.0,-1.0,0,256,224,0,-480,480,-1.0,68,60,-8,-0.117647058824,10,1.0,34,28,1,10,32,28,8,0.8,0.875714708913,58,59,59,1.0,1.0,1.0,-0.0,1,0,0,8,0,8,-1.0,-1.0,0,256,224,0,-480,480,-1.0,68,60,-8,-0.117647058824,10,1.0
MOT17-05-FRCNN,103,107,567,v_to_u,107,103,1,568,241,130,130,107,103,1,438,567,417,808,130,392,130,151,1,241,241,241,1.0,0.085132396797,0.252027628004,0.399817292276,0.419400878774,0.497346726762,-1.0,-1.0,104,888,0.139859741283,1,"{""103"": 241}",241,30,30,1,30,29,30,30,1.0,0.882661137127,52,128,128,1.0,1.0,1.0,-0.0,1,0,0,30,0,30,-1.0,-1.0,0,870,900,0,-1770,1770,-1.0,89,59,-30,-0.337078651685,30,1.0,60,60,1,60,56,58,60,1.0,0.896359100584,52,128,128,0.946428571429,1.0,1.0,-0.0,1,0,0,60,0,60,-1.0,-1.0,0,3360,3480,0,-6840,6840,-1.0,171,111,-60,-0.344827586207,60,1.0,120,120,1,120,116,118,120,1.0,0.900062560851,52,128,128,0.974137931034,1.0,1.0,-0.0,1,0,0,120,0,120,-1.0,-1.0,0,13920,14160,0,-28080,28080,-1.0,351,231,-120,-0.338983050847,120,1.0,130,151,1,241,126,149,240,0.995850622407,0.880792398922,52,128,128,0.97619047619,1.0,1.0,-0.0,1,0,0,240,0,240,-1.0,-1.0,0,30240,35760,0,-66000,66000,-1.0,512,272,-240,-0.466019417476,241,1.0,130,151,1,241,126,149,240,0.995850622407,0.880792398922,52,128,128,0.97619047619,1.0,1.0,-0.0,1,0,0,240,0,240,-1.0,-1.0,0,30240,35760,0,-66000,66000,-1.0,512,272,-240,-0.466019417476,241,1.0
MOT17-05-FRCNN,107,118,567,u_to_v,107,118,1,568,270,15,15,107,118,1,438,567,553,837,130,285,130,15,1,270,270,270,1.0,0.907084262608,0.74182112985,0.0,1.368875414421,1.225150747258,-1.0,-1.0,105,893,1.351942161238,1,"{""118"": 270}",270,30,15,1,30,29,14,30,1.0,0.871809307623,52,61,61,1.0,1.0,1.0,-0.0,1,0,0,30,0,30,-1.0,-1.0,0,870,420,0,-1290,1290,-1.0,73,43,-30,-0.41095890411,30,1.0,60,15,1,60,56,14,56,0.933333333333,0.871353062204,52,61,61,0.946428571429,1.0,0.589285714286,0.677117467614,2,0,0,33,0,33,-0.589285714286,-0.589285714286,0,3136,462,322,-3276,3920,-0.835714285714,100,67,-33,-0.261904761905,60,1.0,120,15,1,120,116,14,116,0.966666666667,0.889153118723,52,61,129,0.974137931034,1.0,0.715517241379,0.597137432697,2,0,0,33,0,33,-0.284482758621,-0.284482758621,0,13456,462,1162,-12756,15080,-0.845888594164,196,127,-69,-0.280487804878,120,1.0,130,15,1,270,126,14,266,0.985185185185,0.896187990064,52,61,129,0.97619047619,1.0,0.875939849624,0.374937251604,2,0,0,33,0,33,-0.124060150376,-0.124060150376,0,33516,462,3262,-30716,37240,-0.824812030075,356,247,-109,-0.268472906404,270,1.0,130,15,1,270,126,14,266,0.985185185185,0.896187990064,52,61,129,0.97619047619,1.0,0.875939849624,0.374937251604,2,0,0,33,0,33,-0.124060150376,-0.124060150376,0,33516,462,3262,-30716,37240,-0.824812030075,356,247,-109,-0.268472906404,270,1.0
MOT17-05-FRCNN,114,121,568,v_to_u,121,114,1,569,2,11,11,121,114,1,558,568,530,570,11,41,11,39,1,2,2,2,1.0,0.215888920409,0.339970131921,0.334087513602,0.472466078163,0.522475149216,-1.0,-1.0,106,898,0.316853697727,1,"{""114"": 2}",2,11,30,1,2,9,30,2,1.0,0.828980095381,62,54,54,1.0,1.0,1.0,-0.0,1,0,0,2,0,2,-1.0,-1.0,0,18,60,0,-78,78,-1.0,41,39,-2,-0.048780487805,2,1.0,11,39,1,2,9,39,2,1.0,0.828980095381,62,54,54,1.0,1.0,1.0,-0.0,1,0,0,2,0,2,-1.0,-1.0,0,18,78,0,-96,96,-1.0,50,48,-2,-0.04,2,1.0,11,39,1,2,9,39,2,1.0,0.828980095381,62,54,54,1.0,1.0,1.0,-0.0,1,0,0,2,0,2,-1.0,-1.0,0,18,78,0,-96,96,-1.0,50,48,-2,-0.04,2,1.0,11,39,1,2,9,39,2,1.0,0.828980095381,62,54,54,1.0,1.0,1.0,-0.0,1,0,0,2,0,2,-1.0,-1.0,0,18,78,0,-96,96,-1.0,50,48,-2,-0.04,2,1.0,11,39,1,2,9,39,2,1.0,0.828980095381,62,54,54,1.0,1.0,1.0,-0.0,1,0,0,2,0,2,-1.0,-1.0,0,18,78,0,-96,96,-1.0,50,48,-2,-0.04,2,1.0
MOT17-05-FRCNN,110,116,590,v_to_u,116,110,1,591,151,59,59,116,110,1,532,590,506,741,59,236,59,85,1,151,151,151,1.0,0.10299622189,0.002345193337,0.692940483892,0.008005717042,0.021321886993,-1.0,-1.0,107,919,-0.066719840346,1,"{""110"": 151}",151,30,30,1,30,30,16,12,0.4,0.874736136195,53,52,53,1.0,1.0,0.666666666667,0.636514168295,2,0,8,0,8,0,0.666666666667,0.666666666667,240,120,0,192,312,552,0.565217391304,46,54,8,0.137931034483,30,1.0,59,60,1,60,59,38,42,0.7,0.885944130162,53,55,66,1.0,0.578947368421,0.809523809524,0.486912709465,2,0,8,0,8,0,0.190476190476,0.190476190476,472,2006,0,1596,62,4074,0.015218458517,93,89,-4,-0.028776978417,60,1.0,59,85,1,120,59,63,102,0.85,0.877833789604,53,55,66,1.0,0.746031746032,0.921568627451,0.274921422433,2,0,8,0,8,0,0.078431372549,0.078431372549,472,5546,0,6426,1352,12444,0.108646737383,153,141,-12,-0.053571428571,120,1.0,59,85,1,151,59,63,128,0.847682119205,0.875682534321,53,55,66,1.0,0.746031746032,0.9375,0.233791658706,2,0,8,0,8,0,0.0625,0.0625,472,7080,0,8064,1456,15616,0.093237704918,179,167,-12,-0.048,151,1.0,59,85,1,151,59,63,128,0.847682119205,0.875682534321,53,55,66,1.0,0.746031746032,0.9375,0.233791658706,2,0,8,0,8,0,0.0625,0.0625,472,7080,0,8064,1456,15616,0.093237704918,179,167,-12,-0.048,151,1.0
MOT17-05-FRCNN,116,118,590,u_to_v,116,118,1,591,247,38,38,116,118,1,532,590,553,837,59,285,59,38,1,247,247,247,1.0,1.951808490913,0.316643327535,0.0,0.421316440601,0.46150664646,-1.0,-1.0,108,920,2.119251631503,1,"{""118"": 247}",247,30,30,1,30,30,30,26,0.866666666667,0.877206308227,53,61,129,1.0,1.0,0.615384615385,0.666278442415,2,0,0,10,0,10,-0.384615384615,-0.384615384615,0,780,300,480,-600,1560,-0.384615384615,70,60,-10,-0.116279069767,30,1.0,59,38,1,60,59,37,56,0.933333333333,0.882158649463,53,61,129,1.0,1.0,0.821428571429,0.469220348442,2,0,0,10,0,10,-0.178571428571,-0.178571428571,0,3304,370,1702,-1972,5376,-0.36681547619,106,96,-10,-0.065789473684,60,1.0,59,38,1,120,59,37,116,0.966666666667,0.901694259937,53,61,129,1.0,1.0,0.913793103448,0.293672993642,2,0,0,10,0,10,-0.086206896552,-0.086206896552,0,6844,370,3922,-3292,11136,-0.295617816092,165,143,-22,-0.103773584906,120,1.0,59,38,1,247,59,37,243,0.983805668016,0.899476207147,53,61,129,1.0,1.0,0.958847736626,0.171588971691,2,0,0,10,0,10,-0.041152263374,-0.041152263374,0,14337,370,8621,-6086,23328,-0.260888203018,292,270,-22,-0.064896755162,247,1.0,59,38,1,247,59,37,243,0.983805668016,0.899476207147,53,61,129,1.0,1.0,0.958847736626,0.171588971691,2,0,0,10,0,10,-0.041152263374,-0.041152263374,0,14337,370,8621,-6086,23328,-0.260888203018,292,270,-22,-0.064896755162,247,1.0
MOT17-05-FRCNN,118,124,597,v_to_u,124,118,1,598,240,12,12,124,118,1,586,597,553,837,12,285,12,45,1,240,240,240,1.0,0.511670007358,0.552429588188,0.051606067267,0.833275188648,0.972192083261,-1.0,-1.0,109,926,0.817422614779,1,"{""118"": 240}",240,12,30,1,30,12,30,26,0.866666666667,0.870826625182,129,61,129,1.0,1.0,0.884615384615,0.357627159853,2,0,23,3,23,3,0.769230769231,0.769230769231,276,36,90,690,840,1092,0.769230769231,45,65,20,0.294117647059,30,1.0,12,45,1,60,12,44,56,0.933333333333,0.882673513912,129,61,129,1.0,1.0,0.946428571429,0.208899757088,2,0,53,3,53,3,0.892857142857,0.892857142857,636,36,132,2332,2800,3136,0.892857142857,59,109,50,0.446428571429,60,1.0,12,45,1,120,12,44,116,0.966666666667,0.900257313655,129,61,129,1.0,1.0,0.974137931034,0.120050015412,2,0,113,3,113,3,0.948275862069,0.948275862069,1356,36,132,4972,6160,6496,0.948275862069,113,169,56,0.325581395349,120,1.0,12,45,1,240,12,44,236,0.983333333333,0.89928697512,129,61,129,1.0,1.0,0.987288135593,0.068120802709,2,0,233,3,233,3,0.974576271186,0.974576271186,2796,36,132,10252,12880,13216,0.974576271186,233,289,56,0.191780821918,240,1.0,12,45,1,240,12,44,236,0.983333333333,0.89928697512,129,61,129,1.0,1.0,0.987288135593,0.068120802709,2,0,233,3,233,3,0.974576271186,0.974576271186,2796,36,132,10252,12880,13216,0.974576271186,233,289,56,0.191780821918,240,1.0
MOT17-05-FRCNN,103,122,616,v_to_u,122,103,1,617,192,36,36,122,103,1,581,616,417,808,36,392,36,200,1,192,192,192,1.0,0.068980380358,0.35337117164,0.267577383602,0.68484908769,0.633497382296,-1.0,-1.0,110,929,0.222263474366,1,"{""103"": 192}",192,30,30,1,30,26,30,30,1.0,0.909442973697,54,128,128,1.0,1.0,1.0,-0.0,1,0,0,30,0,30,-1.0,-1.0,0,780,900,0,-1680,1680,-1.0,86,56,-30,-0.348837209302,30,1.0,36,60,1,60,32,60,60,1.0,0.902595000432,54,128,128,1.0,1.0,1.0,-0.0,1,0,0,60,0,60,-1.0,-1.0,0,1920,3600,0,-5520,5520,-1.0,152,92,-60,-0.394736842105,60,1.0,36,120,1,120,32,118,120,1.0,0.88719612531,54,128,128,1.0,1.0,1.0,-0.0,1,0,0,120,0,120,-1.0,-1.0,0,3840,14160,0,-18000,18000,-1.0,270,150,-120,-0.444444444444,120,1.0,36,200,1,192,32,198,191,0.994791666667,0.877489203138,54,128,128,1.0,1.0,1.0,-0.0,1,0,0,191,0,191,-1.0,-1.0,0,6112,37818,0,-43930,43930,-1.0,421,230,-191,-0.453681710214,192,1.0,36,200,1,192,32,198,191,0.994791666667,0.877489203138,54,128,128,1.0,1.0,1.0,-0.0,1,0,0,191,0,191,-1.0,-1.0,0,6112,37818,0,-43930,43930,-1.0,421,230,-191,-0.453681710214,192,1.0
MOT17-05-FRCNN,118,123,619,v_to_u,123,118,1,620,218,36,36,123,118,1,584,619,553,837,36,285,36,67,1,218,218,218,1.0,0.207256937722,0.364276260715,0.261102537269,0.72246977362,0.620372312092,-1.0,-1.0,111,938,0.367334577154,1,"{""118"": 218}",218,30,30,1,30,28,26,30,1.0,0.887046245224,63,129,129,1.0,0.576923076923,1.0,-0.0,1,0,0,30,0,30,-1.0,-1.0,0,840,450,330,-960,1620,-0.592592592593,73,43,-30,-0.357142857143,30,1.0,36,60,1,60,33,55,60,1.0,0.904023667651,63,61,129,1.0,0.727272727273,1.0,-0.0,1,0,0,0,0,0,0.0,0.0,0,1980,900,2400,-480,5280,-0.090909090909,108,100,-8,-0.054054054054,60,1.0,36,67,1,120,33,62,120,1.0,0.911221902686,63,61,129,1.0,0.758064516129,1.0,-0.0,1,0,0,0,0,0,0.0,0.0,0,3960,1800,5640,-120,11400,-0.010526315789,168,167,-1,-0.004651162791,120,1.0,36,67,1,218,33,62,218,1.0,0.902254349202,63,61,129,1.0,0.758064516129,1.0,-0.0,1,0,0,0,0,0,0.0,0.0,0,7194,3270,10246,-218,20710,-0.010526315789,266,265,-1,-0.003194888179,218,1.0,36,67,1,218,33,62,218,1.0,0.902254349202,63,61,129,1.0,0.758064516129,1.0,-0.0,1,0,0,0,0,0,0.0,0.0,0,7194,3270,10246,-218,20710,-0.010526315789,266,265,-1,-0.003194888179,218,1.0
MOT17-05-FRCNN,125,126,628,v_to_u,126,125,1,629,68,19,19,126,125,1,610,628,606,696,19,91,19,23,1,68,68,68,1.0,1.000717077508,0.026107248241,0.0,0.214357020631,0.01789646902,-1.0,-1.0,112,945,1.030469238533,1,"{""125"": 68}",68,19,23,1,30,19,23,30,1.0,0.893688477822,65,67,67,1.0,1.0,1.0,-0.0,1,0,0,30,0,30,-1.0,-1.0,0,570,690,0,-1260,1260,-1.0,72,42,-30,-0.416666666667,30,1.0,19,23,1,60,19,23,60,1.0,0.86759697679,65,67,67,1.0,1.0,1.0,-0.0,1,0,0,60,0,60,-1.0,-1.0,0,1140,1380,0,-2520,2520,-1.0,102,60,-42,-0.411764705882,60,1.0,19,23,1,68,19,23,64,0.941176470588,0.869288071198,65,67,67,1.0,1.0,1.0,-0.0,1,0,0,64,0,64,-1.0,-1.0,0,1216,1472,0,-2688,2688,-1.0,106,64,-42,-0.396226415094,68,1.0,19,23,1,68,19,23,64,0.941176470588,0.869288071198,65,67,67,1.0,1.0,1.0,-0.0,1,0,0,64,0,64,-1.0,-1.0,0,1216,1472,0,-2688,2688,-1.0,106,64,-42,-0.396226415094,68,1.0,19,23,1,68,19,23,64,0.941176470588,0.869288071198,65,67,67,1.0,1.0,1.0,-0.0,1,0,0,64,0,64,-1.0,-1.0,0,1216,1472,0,-2688,2688,-1.0,106,64,-42,-0.396226415094,68,1.0
MOT17-05-FRCNN,125,128,634,v_to_u,128,125,1,635,62,8,8,128,125,1,627,634,606,696,8,91,8,29,1,62,62,62,1.0,0.588353351432,0.159618747469,0.0,0.122619683455,0.226055563446,-1.0,-1.0,113,954,0.663125562989,1,"{""125"": 62}",62,8,29,1,30,7,29,30,1.0,0.881409124862,69,67,67,1.0,1.0,1.0,-0.0,1,0,0,30,0,30,-1.0,-1.0,0,210,870,0,-1080,1080,-1.0,66,36,-30,-0.454545454545,30,1.0,8,29,1,60,7,29,58,0.966666666667,0.865576006742,69,67,67,1.0,1.0,1.0,-0.0,1,0,0,58,0,58,-1.0,-1.0,0,406,1682,0,-2088,2088,-1.0,94,58,-36,-0.382978723404,60,1.0,8,29,1,62,7,29,58,0.935483870968,0.865576006742,69,67,67,1.0,1.0,1.0,-0.0,1,0,0,58,0,58,-1.0,-1.0,0,406,1682,0,-2088,2088,-1.0,94,58,-36,-0.382978723404,62,1.0,8,29,1,62,7,29,58,0.935483870968,0.865576006742,69,67,67,1.0,1.0,1.0,-0.0,1,0,0,58,0,58,-1.0,-1.0,0,406,1682,0,-2088,2088,-1.0,94,58,-36,-0.382978723404,62,1.0,8,29,1,62,7,29,58,0.935483870968,0.865576006742,69,67,67,1.0,1.0,1.0,-0.0,1,0,0,58,0,58,-1.0,-1.0,0,406,1682,0,-2088,2088,-1.0,94,58,-36,-0.382978723404,62,1.0
MOT17-05-FRCNN,125,130,634,v_to_u,130,125,1,635,62,2,2,130,125,1,633,634,606,696,2,91,2,29,1,62,62,62,1.0,1.588005319511,0.084589579159,0.0,0.421966043524,0.229934070717,-1.0,-1.0,114,955,1.674342725725,1,"{""125"": 62}",62,2,29,1,30,1,29,30,1.0,0.881409124862,65,67,67,1.0,1.0,1.0,-0.0,1,0,0,30,0,30,-1.0,-1.0,0,30,870,0,-900,900,-1.0,60,30,-30,-0.5,30,1.0,2,29,1,60,1,29,58,0.966666666667,0.865576006742,65,67,67,1.0,1.0,1.0,-0.0,1,0,0,58,0,58,-1.0,-1.0,0,58,1682,0,-1740,1740,-1.0,88,58,-30,-0.340909090909,60,1.0,2,29,1,62,1,29,58,0.935483870968,0.865576006742,65,67,67,1.0,1.0,1.0,-0.0,1,0,0,58,0,58,-1.0,-1.0,0,58,1682,0,-1740,1740,-1.0,88,58,-30,-0.340909090909,62,1.0,2,29,1,62,1,29,58,0.935483870968,0.865576006742,65,67,67,1.0,1.0,1.0,-0.0,1,0,0,58,0,58,-1.0,-1.0,0,58,1682,0,-1740,1740,-1.0,88,58,-30,-0.340909090909,62,1.0,2,29,1,62,1,29,58,0.935483870968,0.865576006742,65,67,67,1.0,1.0,1.0,-0.0,1,0,0,58,0,58,-1.0,-1.0,0,58,1682,0,-1740,1740,-1.0,88,58,-30,-0.340909090909,62,1.0
MOT17-05-FRCNN,110,129,640,v_to_u,129,110,1,641,101,12,12,129,110,1,629,640,506,741,12,236,12,135,1,101,101,101,1.0,0.136146984154,0.310429815732,0.405117253212,0.402354040578,0.501224699096,-1.0,-1.0,115,961,0.202832998752,1,"{""110"": 101}",101,12,30,1,30,8,24,30,1.0,0.877919436123,68,66,66,1.0,1.0,1.0,-0.0,1,0,0,30,0,30,-1.0,-1.0,0,240,720,0,-960,960,-1.0,62,32,-30,-0.483870967742,30,1.0,12,60,1,60,8,35,60,1.0,0.873166542143,68,66,66,1.0,0.685714285714,1.0,-0.0,1,0,0,60,0,60,-1.0,-1.0,0,480,1440,660,-1260,2580,-0.488372093023,92,68,-24,-0.233009708738,60,1.0,12,120,1,101,8,80,96,0.950495049505,0.874051368865,68,55,66,1.0,0.4,1.0,-0.0,1,0,0,0,0,0,0.0,0.0,0,768,2304,5376,2304,8448,0.272727272727,128,128,0,0.0,101,1.0,12,135,1,101,8,95,96,0.950495049505,0.874051368865,68,55,66,1.0,0.494736842105,1.0,-0.0,1,0,0,0,0,0,0.0,0.0,0,768,2304,6816,3744,9888,0.378640776699,128,143,15,0.075376884422,101,1.0,12,135,1,101,8,95,96,0.950495049505,0.874051368865,68,55,66,1.0,0.494736842105,1.0,-0.0,1,0,0,0,0,0,0.0,0.0,0,768,2304,6816,3744,9888,0.378640776699,128,143,15,0.075376884422,101,1.0
MOT17-05-FRCNN,118,131,644,v_to_u,131,118,1,645,193,5,5,131,118,1,640,644,553,837,5,285,5,92,1,193,193,193,1.0,0.52448770458,0.112024062422,0.096766462612,0.328239131217,0.129906859513,-1.0,-1.0,116,968,0.574116703605,1,"{""118"": 193}",193,5,30,1,30,5,30,30,1.0,0.914103526168,69,129,129,1.0,1.0,1.0,-0.0,1,0,0,30,0,30,-1.0,-1.0,0,150,900,0,-1050,1050,-1.0,65,35,-30,-0.461538461538,30,1.0,5,60,1,60,5,56,60,1.0,0.919921733849,69,129,129,1.0,0.714285714286,1.0,-0.0,1,0,0,60,0,60,-1.0,-1.0,0,300,2400,960,-1740,3660,-0.475409836066,105,76,-29,-0.239669421488,60,1.0,5,92,1,120,5,87,120,1.0,0.920911669921,69,61,129,1.0,0.540229885057,1.0,-0.0,1,0,0,0,0,0,0.0,0.0,0,600,4800,5640,240,11040,0.021739130435,165,167,2,0.009433962264,120,1.0,5,92,1,193,5,87,193,1.0,0.90459219549,69,61,129,1.0,0.540229885057,1.0,-0.0,1,0,0,0,0,0,0.0,0.0,0,965,7720,9071,386,17756,0.021739130435,238,240,2,0.00701754386,193,1.0,5,92,1,193,5,87,193,1.0,0.90459219549,69,61,129,1.0,0.540229885057,1.0,-0.0,1,0,0,0,0,0,0.0,0.0,0,965,7720,9071,386,17756,0.021739130435,238,240,2,0.00701754386,193,1.0
MOT17-05-FRCNN,133,134,672,u_to_v,133,134,1,673,6,7,7,133,134,1,660,672,666,678,13,13,13,7,1,6,6,6,1.0,0.507636714042,0.060401625853,0.059279729856,0.036300569526,0.090683396071,-1.0,-1.0,117,977,0.520615584601,1,"{""134"": 6}",6,13,7,1,6,10,7,4,0.666666666667,0.843139573891,70,72,72,1.0,1.0,1.0,-0.0,1,0,0,4,0,4,-1.0,-1.0,0,40,28,0,-68,68,-1.0,21,17,-4,-0.190476190476,6,1.0,13,7,1,6,10,7,4,0.666666666667,0.843139573891,70,72,72,1.0,1.0,1.0,-0.0,1,0,0,4,0,4,-1.0,-1.0,0,40,28,0,-68,68,-1.0,21,17,-4,-0.190476190476,6,1.0,13,7,1,6,10,7,4,0.666666666667,0.843139573891,70,72,72,1.0,1.0,1.0,-0.0,1,0,0,4,0,4,-1.0,-1.0,0,40,28,0,-68,68,-1.0,21,17,-4,-0.190476190476,6,1.0,13,7,1,6,10,7,4,0.666666666667,0.843139573891,70,72,72,1.0,1.0,1.0,-0.0,1,0,0,4,0,4,-1.0,-1.0,0,40,28,0,-68,68,-1.0,21,17,-4,-0.190476190476,6,1.0,13,7,1,6,10,7,4,0.666666666667,0.843139573891,70,72,72,1.0,1.0,1.0,-0.0,1,0,0,4,0,4,-1.0,-1.0,0,40,28,0,-68,68,-1.0,21,17,-4,-0.190476190476,6,1.0
MOT17-05-FRCNN,125,127,682,v_to_u,127,125,1,683,14,68,68,127,125,1,615,682,606,696,68,91,68,77,1,14,14,14,1.0,0.188353416431,0.16058241149,0.519485891526,0.273662518897,0.175589865681,-1.0,-1.0,118,988,0.14355278488,1,"{""125"": 14}",14,30,30,1,14,28,30,10,0.714285714286,0.893170377572,109,67,67,1.0,1.0,1.0,-0.0,1,0,0,10,0,10,-1.0,-1.0,0,280,300,0,-580,580,-1.0,68,58,-10,-0.147058823529,14,1.0,60,60,1,14,58,60,10,0.714285714286,0.893170377572,109,67,67,1.0,1.0,1.0,-0.0,1,0,0,10,0,10,-1.0,-1.0,0,580,600,0,-1180,1180,-1.0,128,118,-10,-0.078125,14,1.0,68,77,1,14,64,77,10,0.714285714286,0.893170377572,109,67,67,1.0,1.0,1.0,-0.0,1,0,0,10,0,10,-1.0,-1.0,0,640,770,0,-1410,1410,-1.0,151,141,-10,-0.066225165563,14,1.0,68,77,1,14,64,77,10,0.714285714286,0.893170377572,109,67,67,1.0,1.0,1.0,-0.0,1,0,0,10,0,10,-1.0,-1.0,0,640,770,0,-1410,1410,-1.0,151,141,-10,-0.066225165563,14,1.0,68,77,1,14,64,77,10,0.714285714286,0.893170377572,109,67,67,1.0,1.0,1.0,-0.0,1,0,0,10,0,10,-1.0,-1.0,0,640,770,0,-1410,1410,-1.0,151,141,-10,-0.066225165563,14,1.0
MOT17-05-FRCNN,135,136,683,u_to_v,135,136,1,684,11,4,4,135,136,1,678,683,680,694,6,15,6,4,1,11,11,11,1.0,0.549770177769,0.425712452904,0.03813463681,0.542483077042,0.730156606735,-1.0,-1.0,119,997,0.77392860017,1,"{""136"": 11}",11,6,4,1,11,6,4,7,0.636363636364,0.760685826932,75,73,73,1.0,1.0,0.714285714286,0.598269588585,2,0,0,5,0,5,-0.714285714286,-0.714285714286,0,42,20,8,-54,70,-0.771428571429,15,10,-5,-0.294117647059,11,1.0,6,4,1,11,6,4,7,0.636363636364,0.760685826932,75,73,73,1.0,1.0,0.714285714286,0.598269588585,2,0,0,5,0,5,-0.714285714286,-0.714285714286,0,42,20,8,-54,70,-0.771428571429,15,10,-5,-0.294117647059,11,1.0,6,4,1,11,6,4,7,0.636363636364,0.760685826932,75,73,73,1.0,1.0,0.714285714286,0.598269588585,2,0,0,5,0,5,-0.714285714286,-0.714285714286,0,42,20,8,-54,70,-0.771428571429,15,10,-5,-0.294117647059,11,1.0,6,4,1,11,6,4,7,0.636363636364,0.760685826932,75,73,73,1.0,1.0,0.714285714286,0.598269588585,2,0,0,5,0,5,-0.714285714286,-0.714285714286,0,42,20,8,-54,70,-0.771428571429,15,10,-5,-0.294117647059,11,1.0,6,4,1,11,6,4,7,0.636363636364,0.760685826932,75,73,73,1.0,1.0,0.714285714286,0.598269588585,2,0,0,5,0,5,-0.714285714286,-0.714285714286,0,42,20,8,-54,70,-0.771428571429,15,10,-5,-0.294117647059,11,1.0
MOT17-05-FRCNN,103,125,696,v_to_u,125,103,1,697,112,91,91,125,103,1,606,696,417,808,91,392,91,280,1,112,112,112,1.0,1.756956629121,0.758057042458,0.0,1.684643779439,1.409532192883,-1.0,-1.0,120,1007,2.255888486967,1,"{""103"": 112}",112,30,30,1,30,26,30,30,1.0,0.845841958345,67,128,128,1.0,1.0,1.0,-0.0,1,0,0,30,0,30,-1.0,-1.0,0,780,900,0,-1680,1680,-1.0,86,56,-30,-0.348837209302,30,1.0,60,60,1,60,56,60,60,1.0,0.840051705267,67,128,128,1.0,1.0,1.0,-0.0,1,0,0,60,0,60,-1.0,-1.0,0,3360,3600,0,-6960,6960,-1.0,176,116,-60,-0.340909090909,60,1.0,91,120,1,112,87,120,111,0.991071428571,0.858206623359,67,128,128,1.0,1.0,1.0,-0.0,1,0,0,111,0,111,-1.0,-1.0,0,9657,13320,0,-22977,22977,-1.0,318,207,-111,-0.349056603774,112,1.0,91,280,1,112,87,278,111,0.991071428571,0.858206623359,67,128,128,1.0,1.0,1.0,-0.0,1,0,0,111,0,111,-1.0,-1.0,0,9657,30858,0,-40515,40515,-1.0,476,365,-111,-0.233193277311,112,1.0,91,280,1,112,87,278,111,0.991071428571,0.858206623359,67,128,128,1.0,1.0,1.0,-0.0,1,0,0,111,0,111,-1.0,-1.0,0,9657,30858,0,-40515,40515,-1.0,476,365,-111,-0.233193277311,112,1.0
MOT17-05-FRCNN,118,125,696,v_to_u,125,118,1,697,141,91,91,125,118,1,606,696,553,837,91,285,91,144,1,141,141,141,1.0,0.351950159863,0.62901886412,0.138416211527,1.006331710859,0.971158396491,-1.0,-1.0,121,1009,0.672349833746,1,"{""118"": 141}",141,30,30,1,30,26,30,30,1.0,0.913398939355,67,129,129,1.0,1.0,1.0,-0.0,1,0,0,30,0,30,-1.0,-1.0,0,780,900,0,-1680,1680,-1.0,86,56,-30,-0.348837209302,30,1.0,60,60,1,60,56,60,60,1.0,0.921385368215,67,129,129,1.0,1.0,1.0,-0.0,1,0,0,60,0,60,-1.0,-1.0,0,3360,3600,0,-6960,6960,-1.0,176,116,-60,-0.340909090909,60,1.0,91,120,1,120,87,116,120,1.0,0.89940933751,67,129,129,1.0,0.793103448276,1.0,-0.0,1,0,0,120,0,120,-1.0,-1.0,0,10440,11040,2880,-18600,24360,-0.76354679803,299,179,-120,-0.371517027864,120,1.0,91,144,1,141,87,139,141,1.0,0.899444266409,67,129,129,1.0,0.661870503597,1.0,-0.0,1,0,0,141,0,141,-1.0,-1.0,0,12267,12972,6627,-18612,31866,-0.58407079646,320,188,-132,-0.359673024523,141,1.0,91,144,1,141,87,139,141,1.0,0.899444266409,67,129,129,1.0,0.661870503597,1.0,-0.0,1,0,0,141,0,141,-1.0,-1.0,0,12267,12972,6627,-18612,31866,-0.58407079646,320,188,-132,-0.359673024523,141,1.0
MOT17-05-FRCNN,125,132,696,u_to_v,125,132,1,697,139,41,41,125,132,1,606,696,656,835,91,180,91,41,1,139,139,139,1.0,1.249902103064,0.324231719453,0.0,0.587358360065,0.506786379959,-1.0,-1.0,122,1010,1.440374506929,1,"{""132"": 139}",139,30,30,1,30,26,30,30,1.0,0.863323394118,67,71,71,1.0,1.0,1.0,-0.0,1,0,0,30,0,30,-1.0,-1.0,0,780,900,0,-1680,1680,-1.0,86,56,-30,-0.348837209302,30,1.0,60,41,1,60,56,40,60,1.0,0.870894053984,67,71,71,1.0,1.0,1.0,-0.0,1,0,0,60,0,60,-1.0,-1.0,0,3360,2400,0,-5760,5760,-1.0,156,96,-60,-0.384615384615,60,1.0,91,41,1,120,87,40,118,0.983333333333,0.845125947849,67,71,71,1.0,1.0,0.889830508475,0.346869553164,2,0,0,105,0,105,-0.889830508475,-0.889830508475,0,10266,4200,520,-13946,14986,-0.930601895102,232,127,-105,-0.428571428571,120,1.0,91,41,1,139,87,40,136,0.978417266187,0.848108169278,67,71,71,1.0,1.0,0.772058823529,0.536776649666,2,0,0,105,0,105,-0.772058823529,-0.772058823529,0,11832,4200,1240,-14792,17272,-0.856415006948,232,127,-105,-0.399239543726,139,1.0,91,41,1,139,87,40,136,0.978417266187,0.848108169278,67,71,71,1.0,1.0,0.772058823529,0.536776649666,2,0,0,105,0,105,-0.772058823529,-0.772058823529,0,11832,4200,1240,-14792,17272,-0.856415006948,232,127,-105,-0.399239543726,139,1.0
MOT17-05-FRCNN,140,143,701,v_to_u,143,140,1,702,6,1,1,143,140,1,701,701,694,707,1,14,1,8,1,6,6,6,1.0,0.138628637357,0.056235790579,0.572699759604,0.138876140783,0.067064554646,-1.0,-1.0,123,1022,0.030106714643,1,"{""140"": 6}",6,1,8,1,6,1,8,3,0.5,0.795787055128,82,78,78,1.0,1.0,1.0,-0.0,1,0,0,3,0,3,-1.0,-1.0,0,3,24,0,-27,27,-1.0,12,9,-3,-0.25,6,1.0,1,8,1,6,1,8,3,0.5,0.795787055128,82,78,78,1.0,1.0,1.0,-0.0,1,0,0,3,0,3,-1.0,-1.0,0,3,24,0,-27,27,-1.0,12,9,-3,-0.25,6,1.0,1,8,1,6,1,8,3,0.5,0.795787055128,82,78,78,1.0,1.0,1.0,-0.0,1,0,0,3,0,3,-1.0,-1.0,0,3,24,0,-27,27,-1.0,12,9,-3,-0.25,6,1.0,1,8,1,6,1,8,3,0.5,0.795787055128,82,78,78,1.0,1.0,1.0,-0.0,1,0,0,3,0,3,-1.0,-1.0,0,3,24,0,-27,27,-1.0,12,9,-3,-0.25,6,1.0,1,8,1,6,1,8,3,0.5,0.795787055128,82,78,78,1.0,1.0,1.0,-0.0,1,0,0,3,0,3,-1.0,-1.0,0,3,24,0,-27,27,-1.0,12,9,-3,-0.25,6,1.0
MOT17-05-FRCNN,138,139,702,u_to_v,138,139,1,703,3,11,11,138,139,1,689,702,692,705,14,14,14,11,1,3,3,3,1.0,0.492176632248,0.23857771004,0.084836454852,0.464094541187,0.394521915052,-1.0,-1.0,124,1030,0.616473591669,1,"{""139"": 3}",3,14,11,1,3,12,11,2,0.666666666667,0.817327064559,76,75,75,1.0,1.0,1.0,-0.0,1,0,0,2,0,2,-1.0,-1.0,0,24,22,0,-46,46,-1.0,25,23,-2,-0.08,3,1.0,14,11,1,3,12,11,2,0.666666666667,0.817327064559,76,75,75,1.0,1.0,1.0,-0.0,1,0,0,2,0,2,-1.0,-1.0,0,24,22,0,-46,46,-1.0,25,23,-2,-0.08,3,1.0,14,11,1,3,12,11,2,0.666666666667,0.817327064559,76,75,75,1.0,1.0,1.0,-0.0,1,0,0,2,0,2,-1.0,-1.0,0,24,22,0,-46,46,-1.0,25,23,-2,-0.08,3,1.0,14,11,1,3,12,11,2,0.666666666667,0.817327064559,76,75,75,1.0,1.0,1.0,-0.0,1,0,0,2,0,2,-1.0,-1.0,0,24,22,0,-46,46,-1.0,25,23,-2,-0.08,3,1.0,14,11,1,3,12,11,2,0.666666666667,0.817327064559,76,75,75,1.0,1.0,1.0,-0.0,1,0,0,2,0,2,-1.0,-1.0,0,24,22,0,-46,46,-1.0,25,23,-2,-0.08,3,1.0
MOT17-05-FRCNN,141,142,708,u_to_v,141,142,1,709,8,9,9,141,142,1,697,708,700,716,12,17,12,9,1,8,8,8,1.0,0.502621427739,0.242434168988,0.133779613985,0.043822313318,0.158790361116,-1.0,-1.0,125,1054,0.550046333933,1,"{""142"": 8}",8,12,9,1,8,11,8,4,0.5,0.883989359892,80,81,81,1.0,1.0,1.0,-0.0,1,0,0,4,0,4,-1.0,-1.0,0,44,32,0,-76,76,-1.0,23,19,-4,-0.173913043478,8,1.0,12,9,1,8,11,8,4,0.5,0.883989359892,80,81,81,1.0,1.0,1.0,-0.0,1,0,0,4,0,4,-1.0,-1.0,0,44,32,0,-76,76,-1.0,23,19,-4,-0.173913043478,8,1.0,12,9,1,8,11,8,4,0.5,0.883989359892,80,81,81,1.0,1.0,1.0,-0.0,1,0,0,4,0,4,-1.0,-1.0,0,44,32,0,-76,76,-1.0,23,19,-4,-0.173913043478,8,1.0,12,9,1,8,11,8,4,0.5,0.883989359892,80,81,81,1.0,1.0,1.0,-0.0,1,0,0,4,0,4,-1.0,-1.0,0,44,32,0,-76,76,-1.0,23,19,-4,-0.173913043478,8,1.0,12,9,1,8,11,8,4,0.5,0.883989359892,80,81,81,1.0,1.0,1.0,-0.0,1,0,0,4,0,4,-1.0,-1.0,0,44,32,0,-76,76,-1.0,23,19,-4,-0.173913043478,8,1.0
MOT17-05-FRCNN,132,137,710,v_to_u,137,132,1,711,125,24,24,137,132,1,687,710,656,835,24,180,24,55,1,125,125,125,1.0,0.659265592172,0.056704787277,0.0,0.135611932811,0.052212172076,-1.0,-1.0,126,1058,0.69222419948,1,"{""132"": 125}",125,24,30,1,30,20,30,30,1.0,0.912456917739,77,71,71,0.95,1.0,1.0,-0.0,1,0,0,30,0,30,-1.0,-1.0,0,600,900,0,-1500,1500,-1.0,79,49,-30,-0.375,30,1.0,24,55,1,60,20,54,60,1.0,0.886960279292,77,71,71,0.95,1.0,1.0,-0.0,1,0,0,60,0,60,-1.0,-1.0,0,1200,3240,0,-4440,4440,-1.0,133,73,-60,-0.44776119403,60,1.0,24,55,1,120,20,54,118,0.983333333333,0.853172529962,77,71,71,0.95,1.0,0.771186440678,0.537838772981,2,0,0,91,0,91,-0.771186440678,-0.771186440678,0,2360,4914,1458,-5816,8732,-0.666055886395,164,91,-73,-0.380208333333,120,1.0,24,55,1,125,20,54,122,0.976,0.851032693497,77,71,71,0.95,1.0,0.745901639344,0.566793024798,2,0,0,91,0,91,-0.745901639344,-0.745901639344,0,2440,4914,1674,-5680,9028,-0.629153743908,164,91,-73,-0.372448979592,125,1.0,24,55,1,125,20,54,122,0.976,0.851032693497,77,71,71,0.95,1.0,0.745901639344,0.566793024798,2,0,0,91,0,91,-0.745901639344,-0.745901639344,0,2440,4914,1674,-5680,9028,-0.629153743908,164,91,-73,-0.372448979592,125,1.0
MOT17-05-FRCNN,103,146,718,v_to_u,146,103,1,719,90,4,4,146,103,1,715,718,417,808,4,392,4,302,1,90,90,90,1.0,0.27395834868,0.216863677476,0.274793883659,0.596607625774,0.413792696994,-1.0,-1.0,127,1068,0.360515829411,1,"{""103"": 90}",90,4,30,1,30,0,30,30,1.0,0.836018499082,-1,128,128,,1.0,1.0,-0.0,1,0,0,30,0,0,0.0,-1.0,0,0,900,0,-900,900,-1.0,60,30,-30,-0.5,30,1.0,4,60,1,60,0,60,60,1.0,0.852189009294,-1,128,128,,1.0,1.0,-0.0,1,0,0,60,0,0,0.0,-1.0,0,0,3600,0,-3600,3600,-1.0,120,60,-60,-0.5,60,1.0,4,120,1,90,0,120,89,0.988888888889,0.862405991335,-1,128,128,,1.0,1.0,-0.0,1,0,0,89,0,0,0.0,-1.0,0,0,10680,0,-10680,10680,-1.0,209,120,-89,-0.425837320574,90,1.0,4,300,1,90,0,298,89,0.988888888889,0.862405991335,-1,128,128,,1.0,1.0,-0.0,1,0,0,89,0,0,0.0,-1.0,0,0,26522,0,-26522,26522,-1.0,387,298,-89,-0.229974160207,90,1.0,4,302,1,90,0,300,89,0.988888888889,0.862405991335,-1,128,128,,1.0,1.0,-0.0,1,0,0,89,0,0,0.0,-1.0,0,0,26700,0,-26700,26700,-1.0,389,300,-89,-0.228791773779,90,1.0
MOT17-05-FRCNN,118,144,729,v_to_u,144,118,1,730,108,20,20,144,118,1,710,729,553,837,20,285,20,177,1,108,108,108,1.0,0.958719152301,0.02784643548,0.0,0.335384056865,0.204479290656,-1.0,-1.0,128,1076,1.019667095923,1,"{""118"": 108}",108,20,30,1,30,19,30,30,1.0,0.928452910364,82,129,129,1.0,1.0,1.0,-0.0,1,0,0,30,0,30,-1.0,-1.0,0,570,900,0,-1470,1470,-1.0,79,49,-30,-0.379746835443,30,1.0,20,60,1,60,19,60,60,1.0,0.915439432451,82,129,129,1.0,1.0,1.0,-0.0,1,0,0,60,0,60,-1.0,-1.0,0,1140,3600,0,-4740,4740,-1.0,139,79,-60,-0.431654676259,60,1.0,20,120,1,108,19,120,108,1.0,0.894341872187,82,129,129,1.0,1.0,1.0,-0.0,1,0,0,108,0,108,-1.0,-1.0,0,2052,12960,0,-15012,15012,-1.0,247,139,-108,-0.437246963563,108,1.0,20,177,1,108,19,172,108,1.0,0.894341872187,82,129,129,1.0,0.726744186047,1.0,-0.0,1,0,0,108,0,108,-1.0,-1.0,0,2052,13500,5076,-10476,20628,-0.507853403141,252,155,-97,-0.324414715719,108,1.0,20,177,1,108,19,172,108,1.0,0.894341872187,82,129,129,1.0,0.726744186047,1.0,-0.0,1,0,0,108,0,108,-1.0,-1.0,0,2052,13500,5076,-10476,20628,-0.507853403141,252,155,-97,-0.324414715719,108,1.0
MOT17-05-FRCNN,149,150,731,v_to_u,150,149,1,732,5,2,2,150,149,1,730,731,721,736,2,16,2,11,1,5,5,5,1.0,0.392030146999,0.018896595914,0.214854307273,0.045702153481,0.039680248142,-1.0,-1.0,129,1089,0.351578959322,1,"{""149"": 5}",5,2,11,1,5,0,11,4,0.8,0.744439246439,-1,136,136,,1.0,1.0,-0.0,1,0,0,4,0,0,0.0,-1.0,0,0,44,0,-44,44,-1.0,15,11,-4,-0.266666666667,5,1.0,2,11,1,5,0,11,4,0.8,0.744439246439,-1,136,136,,1.0,1.0,-0.0,1,0,0,4,0,0,0.0,-1.0,0,0,44,0,-44,44,-1.0,15,11,-4,-0.266666666667,5,1.0,2,11,1,5,0,11,4,0.8,0.744439246439,-1,136,136,,1.0,1.0,-0.0,1,0,0,4,0,0,0.0,-1.0,0,0,44,0,-44,44,-1.0,15,11,-4,-0.266666666667,5,1.0,2,11,1,5,0,11,4,0.8,0.744439246439,-1,136,136,,1.0,1.0,-0.0,1,0,0,4,0,0,0.0,-1.0,0,0,44,0,-44,44,-1.0,15,11,-4,-0.266666666667,5,1.0,2,11,1,5,0,11,4,0.8,0.744439246439,-1,136,136,,1.0,1.0,-0.0,1,0,0,4,0,0,0.0,-1.0,0,0,44,0,-44,44,-1.0,15,11,-4,-0.266666666667,5,1.0
MOT17-05-FRCNN,145,151,733,u_to_v,145,151,1,734,21,1,1,145,151,1,713,733,733,754,21,22,21,1,1,21,21,21,1.0,0.364811798104,0.539743393843,0.11406670007,0.995774586137,1.003945920249,-1.0,-1.0,130,1097,0.671203022186,1,"{""151"": 21}",21,21,1,1,21,19,1,19,0.904761904762,0.883515156304,131,86,86,1.0,1.0,1.0,-0.0,1,0,0,19,0,19,-1.0,-1.0,0,361,19,0,-380,380,-1.0,39,20,-19,-0.487179487179,21,1.0,21,1,1,21,19,1,19,0.904761904762,0.883515156304,131,86,86,1.0,1.0,1.0,-0.0,1,0,0,19,0,19,-1.0,-1.0,0,361,19,0,-380,380,-1.0,39,20,-19,-0.487179487179,21,1.0,21,1,1,21,19,1,19,0.904761904762,0.883515156304,131,86,86,1.0,1.0,1.0,-0.0,1,0,0,19,0,19,-1.0,-1.0,0,361,19,0,-380,380,-1.0,39,20,-19,-0.487179487179,21,1.0,21,1,1,21,19,1,19,0.904761904762,0.883515156304,131,86,86,1.0,1.0,1.0,-0.0,1,0,0,19,0,19,-1.0,-1.0,0,361,19,0,-380,380,-1.0,39,20,-19,-0.487179487179,21,1.0,21,1,1,21,19,1,19,0.904761904762,0.883515156304,131,86,86,1.0,1.0,1.0,-0.0,1,0,0,19,0,19,-1.0,-1.0,0,361,19,0,-380,380,-1.0,39,20,-19,-0.487179487179,21,1.0
MOT17-05-FRCNN,110,132,741,u_to_v,110,132,1,742,94,86,86,110,132,1,506,741,656,835,236,180,236,86,1,94,94,94,1.0,0.320504906662,0.50258066463,0.224461342222,0.766565153836,0.727486627792,-1.0,-1.0,131,1109,0.539439915427,1,"{""132"": 94}",94,30,30,1,30,25,30,30,1.0,0.863772341899,66,71,71,1.0,1.0,1.0,-0.0,1,0,0,30,0,30,-1.0,-1.0,0,750,900,0,-1650,1650,-1.0,85,55,-30,-0.352941176471,30,1.0,60,60,1,60,55,60,59,0.983333333333,0.804988041818,66,71,71,1.0,1.0,1.0,-0.0,1,0,0,59,0,59,-1.0,-1.0,0,3245,3540,0,-6785,6785,-1.0,174,115,-59,-0.33908045977,60,1.0,120,86,1,94,115,85,91,0.968085106383,0.830670409761,66,71,71,1.0,1.0,0.659340659341,0.641471846381,2,0,0,60,0,60,-0.659340659341,-0.659340659341,0,10465,5100,2635,-12930,18200,-0.71043956044,260,200,-60,-0.20618556701,94,1.0,236,86,1,94,191,85,91,0.968085106383,0.830670409761,66,71,71,0.628272251309,1.0,0.659340659341,0.641471846381,2,0,0,60,0,60,-0.659340659341,-0.659340659341,0,17381,5100,2635,-19846,25116,-0.790173594521,265,205,-60,-0.16348773842,94,1.0,236,86,1,94,191,85,91,0.968085106383,0.830670409761,66,71,71,0.628272251309,1.0,0.659340659341,0.641471846381,2,0,0,60,0,60,-0.659340659341,-0.659340659341,0,17381,5100,2635,-19846,25116,-0.790173594521,265,205,-60,-0.16348773842,94,1.0
MOT17-05-FRCNN,110,152,741,u_to_v,110,152,1,742,34,9,9,110,152,1,506,741,733,775,236,43,236,9,1,34,34,34,1.0,1.079186682166,0.035542119412,0.0,0.011309199804,0.002755202184,-1.0,-1.0,132,1113,1.089478652218,1,"{""152"": 34}",34,30,9,1,30,25,9,30,1.0,0.83994051595,66,87,87,1.0,1.0,1.0,-0.0,1,0,0,30,0,30,-1.0,-1.0,0,750,270,0,-1020,1020,-1.0,64,34,-30,-0.46875,30,1.0,60,9,1,34,55,9,34,1.0,0.834395400098,66,87,87,1.0,1.0,1.0,-0.0,1,0,0,34,0,34,-1.0,-1.0,0,1870,306,0,-2176,2176,-1.0,98,64,-34,-0.34693877551,34,1.0,120,9,1,34,115,9,34,1.0,0.834395400098,66,87,87,1.0,1.0,1.0,-0.0,1,0,0,34,0,34,-1.0,-1.0,0,3910,306,0,-4216,4216,-1.0,158,124,-34,-0.215189873418,34,1.0,236,9,1,34,191,9,34,1.0,0.834395400098,66,87,87,0.628272251309,1.0,1.0,-0.0,1,0,0,34,0,34,-1.0,-1.0,0,6494,306,0,-6800,6800,-1.0,163,129,-34,-0.145299145299,34,1.0,236,9,1,34,191,9,34,1.0,0.834395400098,66,87,87,0.628272251309,1.0,1.0,-0.0,1,0,0,34,0,34,-1.0,-1.0,0,6494,306,0,-6800,6800,-1.0,163,129,-34,-0.145299145299,34,1.0
MOT17-05-FRCNN,148,153,743,v_to_u,153,148,1,744,3,1,1,153,148,1,743,743,721,746,1,26,1,23,1,3,3,3,1.0,0.517609254364,0.138750157632,0.082510409005,0.373704818614,0.190369889977,-1.0,-1.0,133,1118,0.58807666238,1,"{""148"": 3}",3,1,23,1,3,0,21,3,1.0,0.728151072815,-1,85,85,,1.0,1.0,-0.0,1,0,0,3,0,0,0.0,-1.0,0,0,63,0,-63,63,-1.0,24,21,-3,-0.125,3,1.0,1,23,1,3,0,21,3,1.0,0.728151072815,-1,85,85,,1.0,1.0,-0.0,1,0,0,3,0,0,0.0,-1.0,0,0,63,0,-63,63,-1.0,24,21,-3,-0.125,3,1.0,1,23,1,3,0,21,3,1.0,0.728151072815,-1,85,85,,1.0,1.0,-0.0,1,0,0,3,0,0,0.0,-1.0,0,0,63,0,-63,63,-1.0,24,21,-3,-0.125,3,1.0,1,23,1,3,0,21,3,1.0,0.728151072815,-1,85,85,,1.0,1.0,-0.0,1,0,0,3,0,0,0.0,-1.0,0,0,63,0,-63,63,-1.0,24,21,-3,-0.125,3,1.0,1,23,1,3,0,21,3,1.0,0.728151072815,-1,85,85,,1.0,1.0,-0.0,1,0,0,3,0,0,0.0,-1.0,0,0,63,0,-63,63,-1.0,24,21,-3,-0.125,3,1.0
MOT17-05-FRCNN,155,156,751,v_to_u,156,155,1,752,40,1,1,156,155,1,751,751,748,791,1,44,1,4,1,40,40,40,1.0,1.27271215543,0.133471783401,0.0,0.257437029313,0.253649513989,-1.0,-1.0,134,1135,1.35718875561,1,"{""155"": 40}",40,1,4,1,30,0,4,24,0.8,0.725125664315,-1,84,84,,1.0,0.791666666667,0.615990578321,3,0,0,19,0,0,0.0,-0.791666666667,0,0,76,20,-56,96,-0.583333333333,23,19,-4,-0.142857142857,30,1.0,1,4,1,40,0,4,31,0.775,0.751682480052,-1,84,84,,1.0,0.612903225806,0.778464991422,3,0,0,19,0,0,0.0,-0.612903225806,0,0,76,48,-28,124,-0.225806451613,23,19,-4,-0.114285714286,40,1.0,1,4,1,40,0,4,31,0.775,0.751682480052,-1,84,84,,1.0,0.612903225806,0.778464991422,3,0,0,19,0,0,0.0,-0.612903225806,0,0,76,48,-28,124,-0.225806451613,23,19,-4,-0.114285714286,40,1.0,1,4,1,40,0,4,31,0.775,0.751682480052,-1,84,84,,1.0,0.612903225806,0.778464991422,3,0,0,19,0,0,0.0,-0.612903225806,0,0,76,48,-28,124,-0.225806451613,23,19,-4,-0.114285714286,40,1.0,1,4,1,40,0,4,31,0.775,0.751682480052,-1,84,84,,1.0,0.612903225806,0.778464991422,3,0,0,19,0,0,0.0,-0.612903225806,0,0,76,48,-28,124,-0.225806451613,23,19,-4,-0.114285714286,40,1.0
MOT17-05-FRCNN,154,157,752,v_to_u,157,154,1,753,12,1,1,157,154,1,752,752,744,764,1,21,1,9,1,12,12,12,1.0,1.106084374499,0.506133539472,0.0,0.913235221094,0.877921688468,-1.0,-1.0,135,1142,1.411733450323,1,"{""154"": 12}",12,1,9,1,12,1,8,11,0.916666666667,0.902281745783,89,88,88,1.0,1.0,1.0,-0.0,1,0,0,11,0,11,-1.0,-1.0,0,11,88,0,-99,99,-1.0,20,11,-9,-0.45,12,1.0,1,9,1,12,1,8,11,0.916666666667,0.902281745783,89,88,88,1.0,1.0,1.0,-0.0,1,0,0,11,0,11,-1.0,-1.0,0,11,88,0,-99,99,-1.0,20,11,-9,-0.45,12,1.0,1,9,1,12,1,8,11,0.916666666667,0.902281745783,89,88,88,1.0,1.0,1.0,-0.0,1,0,0,11,0,11,-1.0,-1.0,0,11,88,0,-99,99,-1.0,20,11,-9,-0.45,12,1.0,1,9,1,12,1,8,11,0.916666666667,0.902281745783,89,88,88,1.0,1.0,1.0,-0.0,1,0,0,11,0,11,-1.0,-1.0,0,11,88,0,-99,99,-1.0,20,11,-9,-0.45,12,1.0,1,9,1,12,1,8,11,0.916666666667,0.902281745783,89,88,88,1.0,1.0,1.0,-0.0,1,0,0,11,0,11,-1.0,-1.0,0,11,88,0,-99,99,-1.0,20,11,-9,-0.45,12,1.0
MOT17-05-FRCNN,158,159,757,v_to_u,159,158,1,758,32,4,4,159,158,1,754,757,753,789,4,37,4,5,1,32,32,32,1.0,0.264990564763,0.081437400034,0.422486381833,0.003389239497,0.055542874719,-1.0,-1.0,136,1161,0.185621530735,1,"{""158"": 32}",32,4,5,1,30,4,5,25,0.833333333333,0.790561983475,89,98,89,1.0,1.0,0.68,0.626869457572,2,0,17,0,17,0,0.68,0.68,68,32,0,125,161,225,0.715555555556,17,26,9,0.264705882353,30,1.0,4,5,1,32,4,5,26,0.8125,0.787876343669,89,98,89,1.0,1.0,0.653846153846,0.645033151676,2,0,17,0,17,0,0.653846153846,0.653846153846,68,36,0,130,162,234,0.692307692308,17,26,9,0.257142857143,32,1.0,4,5,1,32,4,5,26,0.8125,0.787876343669,89,98,89,1.0,1.0,0.653846153846,0.645033151676,2,0,17,0,17,0,0.653846153846,0.653846153846,68,36,0,130,162,234,0.692307692308,17,26,9,0.257142857143,32,1.0,4,5,1,32,4,5,26,0.8125,0.787876343669,89,98,89,1.0,1.0,0.653846153846,0.645033151676,2,0,17,0,17,0,0.653846153846,0.653846153846,68,36,0,130,162,234,0.692307692308,17,26,9,0.257142857143,32,1.0,4,5,1,32,4,5,26,0.8125,0.787876343669,89,98,89,1.0,1.0,0.653846153846,0.645033151676,2,0,17,0,17,0,0.653846153846,0.653846153846,68,36,0,130,162,234,0.692307692308,17,26,9,0.257142857143,32,1.0
MOT17-05-FRCNN,160,161,763,u_to_v,160,161,1,764,25,6,6,160,161,1,754,763,758,788,10,31,10,6,1,25,25,25,1.0,0.106156786446,0.342591779003,0.3328039557,0.519895980736,0.580305703253,-1.0,-1.0,137,1171,0.218623910671,1,"{""161"": 25}",25,10,6,1,25,7,6,23,0.92,0.8298305047,141,90,90,1.0,1.0,1.0,-0.0,1,0,0,23,0,23,-1.0,-1.0,0,161,138,0,-299,299,-1.0,36,23,-13,-0.361111111111,25,1.0,10,6,1,25,7,6,23,0.92,0.8298305047,141,90,90,1.0,1.0,1.0,-0.0,1,0,0,23,0,23,-1.0,-1.0,0,161,138,0,-299,299,-1.0,36,23,-13,-0.361111111111,25,1.0,10,6,1,25,7,6,23,0.92,0.8298305047,141,90,90,1.0,1.0,1.0,-0.0,1,0,0,23,0,23,-1.0,-1.0,0,161,138,0,-299,299,-1.0,36,23,-13,-0.361111111111,25,1.0,10,6,1,25,7,6,23,0.92,0.8298305047,141,90,90,1.0,1.0,1.0,-0.0,1,0,0,23,0,23,-1.0,-1.0,0,161,138,0,-299,299,-1.0,36,23,-13,-0.361111111111,25,1.0,10,6,1,25,7,6,23,0.92,0.8298305047,141,90,90,1.0,1.0,1.0,-0.0,1,0,0,23,0,23,-1.0,-1.0,0,161,138,0,-299,299,-1.0,36,23,-13,-0.361111111111,25,1.0
MOT17-05-FRCNN,118,165,767,v_to_u,165,118,1,768,70,1,1,165,118,1,767,767,553,837,1,285,1,215,1,70,70,70,1.0,1.082200984558,1.242963950242,0.0,1.74205080427,1.856858223701,-1.0,-1.0,138,1187,1.752832874915,1,"{""118"": 70}",70,1,30,1,30,1,30,30,1.0,0.868900469485,141,129,129,1.0,1.0,1.0,-0.0,1,0,0,30,0,30,-1.0,-1.0,0,30,900,0,-930,930,-1.0,61,31,-30,-0.491803278689,30,1.0,1,60,1,60,1,60,60,1.0,0.86921735173,141,129,129,1.0,1.0,1.0,-0.0,1,0,0,60,0,60,-1.0,-1.0,0,60,3600,0,-3660,3660,-1.0,121,61,-60,-0.495867768595,60,1.0,1,120,1,70,1,120,70,1.0,0.874185475327,141,129,129,1.0,1.0,1.0,-0.0,1,0,0,70,0,70,-1.0,-1.0,0,70,8400,0,-8470,8470,-1.0,191,121,-70,-0.366492146597,70,1.0,1,215,1,70,1,210,70,1.0,0.874185475327,141,129,129,1.0,0.77619047619,1.0,-0.0,1,0,0,70,0,70,-1.0,-1.0,0,70,11410,3290,-8190,14770,-0.554502369668,234,164,-70,-0.249110320285,70,1.0,1,215,1,70,1,210,70,1.0,0.874185475327,141,129,129,1.0,0.77619047619,1.0,-0.0,1,0,0,70,0,70,-1.0,-1.0,0,70,11410,3290,-8190,14770,-0.554502369668,234,164,-70,-0.249110320285,70,1.0
MOT17-05-FRCNN,103,152,775,v_to_u,152,103,1,776,33,43,43,152,103,1,733,775,417,808,43,392,43,359,1,33,33,33,1.0,1.878823179037,1.029649309075,0.0,1.838288966367,1.702606281795,-1.0,-1.0,139,1197,2.490325031122,1,"{""103"": 33}",33,30,30,1,30,30,30,30,1.0,0.886403775904,87,128,128,1.0,1.0,1.0,-0.0,1,0,0,30,0,30,-1.0,-1.0,0,900,900,0,-1800,1800,-1.0,90,60,-30,-0.333333333333,30,1.0,43,60,1,33,43,60,32,0.969696969697,0.884363605314,87,128,128,1.0,1.0,1.0,-0.0,1,0,0,32,0,32,-1.0,-1.0,0,1376,1920,0,-3296,3296,-1.0,135,103,-32,-0.237037037037,33,1.0,43,120,1,33,43,120,32,0.969696969697,0.884363605314,87,128,128,1.0,1.0,1.0,-0.0,1,0,0,32,0,32,-1.0,-1.0,0,1376,3840,0,-5216,5216,-1.0,195,163,-32,-0.164102564103,33,1.0,43,300,1,33,43,298,32,0.969696969697,0.884363605314,87,128,128,1.0,1.0,1.0,-0.0,1,0,0,32,0,32,-1.0,-1.0,0,1376,9536,0,-10912,10912,-1.0,373,341,-32,-0.085790884718,33,1.0,43,359,1,33,43,357,32,0.969696969697,0.884363605314,87,128,128,1.0,1.0,1.0,-0.0,1,0,0,32,0,32,-1.0,-1.0,0,1376,11424,0,-12800,12800,-1.0,432,400,-32,-0.074074074074,33,1.0
MOT17-05-FRCNN,118,152,775,v_to_u,152,118,1,776,62,43,43,152,118,1,733,775,553,837,43,285,43,223,1,62,62,62,1.0,0.302575512958,0.475304793788,0.188837678039,0.744576051906,0.776516797222,-1.0,-1.0,140,1198,0.526301576808,1,"{""118"": 62}",62,30,30,1,30,30,30,30,1.0,0.843103435193,87,129,129,1.0,1.0,1.0,-0.0,1,0,0,30,0,30,-1.0,-1.0,0,900,900,0,-1800,1800,-1.0,90,60,-30,-0.333333333333,30,1.0,43,60,1,60,43,60,60,1.0,0.869254704163,87,129,129,1.0,1.0,1.0,-0.0,1,0,0,60,0,60,-1.0,-1.0,0,2580,3600,0,-6180,6180,-1.0,163,103,-60,-0.368098159509,60,1.0,43,120,1,62,43,120,62,1.0,0.869750549766,87,129,129,1.0,1.0,1.0,-0.0,1,0,0,62,0,62,-1.0,-1.0,0,2666,7440,0,-10106,10106,-1.0,225,163,-62,-0.275555555556,62,1.0,43,223,1,62,43,218,62,1.0,0.869750549766,87,129,129,1.0,0.784403669725,1.0,-0.0,1,0,0,62,0,62,-1.0,-1.0,0,2666,10602,2914,-10354,16182,-0.639846743295,276,214,-62,-0.191950464396,62,1.0,43,223,1,62,43,218,62,1.0,0.869750549766,87,129,129,1.0,0.784403669725,1.0,-0.0,1,0,0,62,0,62,-1.0,-1.0,0,2666,10602,2914,-10354,16182,-0.639846743295,276,214,-62,-0.191950464396,62,1.0
MOT17-05-FRCNN,132,169,781,v_to_u,169,132,1,782,54,3,3,169,132,1,779,781,656,835,3,180,3,126,1,54,54,54,1.0,2.903199087751,1.228952336757,0.0,1.742443158485,1.834619570868,-1.0,-1.0,141,1211,3.568143444876,1,"{""132"": 54}",54,3,30,1,30,2,30,28,0.933333333333,0.734255144975,141,71,71,1.0,1.0,0.714285714286,0.598269588585,2,0,0,20,0,20,-0.714285714286,-0.714285714286,0,56,600,240,-416,896,-0.464285714286,52,38,-14,-0.233333333333,30,1.0,3,60,1,54,2,60,51,0.944444444444,0.801271819007,141,71,93,1.0,1.0,0.607843137255,0.669703107036,2,0,0,20,0,20,-0.392156862745,-0.392156862745,0,102,1200,1860,558,3162,0.176470588235,82,91,9,0.079646017699,54,1.0,3,120,1,54,2,120,51,0.944444444444,0.801271819007,141,71,93,1.0,1.0,0.607843137255,0.669703107036,2,0,0,20,0,20,-0.392156862745,-0.392156862745,0,102,2400,3720,1218,6222,0.195756991321,142,151,9,0.052023121387,54,1.0,3,126,1,54,2,125,51,0.944444444444,0.801271819007,141,71,93,1.0,1.0,0.607843137255,0.669703107036,2,0,0,20,0,20,-0.392156862745,-0.392156862745,0,102,2500,3875,1273,6477,0.196541608769,147,156,9,0.050561797753,54,1.0,3,126,1,54,2,125,51,0.944444444444,0.801271819007,141,71,93,1.0,1.0,0.607843137255,0.669703107036,2,0,0,20,0,20,-0.392156862745,-0.392156862745,0,102,2500,3875,1273,6477,0.196541608769,147,156,9,0.050561797753,54,1.0
MOT17-05-FRCNN,155,162,786,v_to_u,162,155,1,787,5,29,29,162,155,1,758,786,748,791,29,44,29,39,1,5,5,5,1.0,0.41618089359,0.074397633514,0.17384944974,0.158488590479,0.113099137043,-1.0,-1.0,142,1227,0.418476712285,1,"{""155"": 5}",5,29,30,1,5,27,24,2,0.4,0.851648912761,96,84,96,0.703703703704,0.583333333333,1.0,-0.0,1,0,2,0,2,0,1.0,1.0,38,16,18,30,34,102,0.333333333333,33,35,2,0.037735849057,5,1.0,29,39,1,5,27,33,2,0.4,0.851648912761,96,84,96,0.703703703704,0.69696969697,1.0,-0.0,1,0,2,0,2,0,1.0,1.0,38,16,18,48,52,120,0.433333333333,42,44,2,0.032258064516,5,1.0,29,39,1,5,27,33,2,0.4,0.851648912761,96,84,96,0.703703703704,0.69696969697,1.0,-0.0,1,0,2,0,2,0,1.0,1.0,38,16,18,48,52,120,0.433333333333,42,44,2,0.032258064516,5,1.0,29,39,1,5,27,33,2,0.4,0.851648912761,96,84,96,0.703703703704,0.69696969697,1.0,-0.0,1,0,2,0,2,0,1.0,1.0,38,16,18,48,52,120,0.433333333333,42,44,2,0.032258064516,5,1.0,29,39,1,5,27,33,2,0.4,0.851648912761,96,84,96,0.703703703704,0.69696969697,1.0,-0.0,1,0,2,0,2,0,1.0,1.0,38,16,18,48,52,120,0.433333333333,42,44,2,0.032258064516,5,1.0
MOT17-05-FRCNN,118,166,787,v_to_u,166,118,1,788,50,18,18,166,118,1,770,787,553,837,18,285,18,235,1,50,50,50,1.0,0.626728076374,0.913146251388,0.03186640065,1.361613698745,1.389167869759,-1.0,-1.0,143,1239,1.122126195909,1,"{""118"": 50}",50,18,30,1,30,17,30,30,1.0,0.851274417767,92,129,129,1.0,1.0,1.0,-0.0,1,0,0,30,0,30,-1.0,-1.0,0,510,900,0,-1410,1410,-1.0,77,47,-30,-0.38961038961,30,1.0,18,60,1,50,17,60,50,1.0,0.87130968652,92,129,129,1.0,1.0,1.0,-0.0,1,0,0,50,0,50,-1.0,-1.0,0,850,3000,0,-3850,3850,-1.0,127,77,-50,-0.393700787402,50,1.0,18,120,1,50,17,120,50,1.0,0.87130968652,92,129,129,1.0,1.0,1.0,-0.0,1,0,0,50,0,50,-1.0,-1.0,0,850,6000,0,-6850,6850,-1.0,187,137,-50,-0.267379679144,50,1.0,18,235,1,50,17,230,50,1.0,0.87130968652,92,129,129,1.0,0.795652173913,1.0,-0.0,1,0,0,50,0,50,-1.0,-1.0,0,850,9150,2350,-7650,12350,-0.619433198381,250,200,-50,-0.16835016835,50,1.0,18,235,1,50,17,230,50,1.0,0.87130968652,92,129,129,1.0,0.795652173913,1.0,-0.0,1,0,0,50,0,50,-1.0,-1.0,0,850,9150,2350,-7650,12350,-0.619433198381,250,200,-50,-0.16835016835,50,1.0
MOT17-05-FRCNN,132,147,787,v_to_u,147,132,1,788,48,67,67,147,132,1,721,787,656,835,67,180,67,132,1,48,48,48,1.0,0.429125181403,0.572347562584,0.102704848921,1.092525313352,0.952083648372,-1.0,-1.0,144,1240,0.750996755991,1,"{""132"": 48}",48,30,30,1,30,27,30,28,0.933333333333,0.761085428046,83,71,71,1.0,1.0,0.5,0.69314718056,2,0,0,14,0,14,-0.5,-0.5,0,756,420,420,-756,1596,-0.473684210526,71,57,-14,-0.164705882353,30,1.0,60,60,1,48,57,60,45,0.9375,0.800271633504,83,71,93,1.0,1.0,0.688888888889,0.619986801911,2,0,0,14,0,14,-0.311111111111,-0.311111111111,0,2565,840,1860,-1545,5265,-0.293447293447,131,117,-14,-0.086419753086,48,1.0,67,120,1,48,64,120,45,0.9375,0.800271633504,83,71,93,1.0,1.0,0.688888888889,0.619986801911,2,0,0,14,0,14,-0.311111111111,-0.311111111111,0,2880,1680,3720,-840,8280,-0.101449275362,198,184,-14,-0.061135371179,48,1.0,67,132,1,48,64,131,45,0.9375,0.800271633504,83,71,93,1.0,1.0,0.688888888889,0.619986801911,2,0,0,14,0,14,-0.311111111111,-0.311111111111,0,2880,1834,4061,-653,8775,-0.074415954416,209,195,-14,-0.058333333333,48,1.0,67,132,1,48,64,131,45,0.9375,0.800271633504,83,71,93,1.0,1.0,0.688888888889,0.619986801911,2,0,0,14,0,14,-0.311111111111,-0.311111111111,0,2880,1834,4061,-653,8775,-0.074415954416,209,195,-14,-0.058333333333,48,1.0
MOT17-05-FRCNN,158,171,789,u_to_v,158,171,1,790,47,2,2,158,171,1,753,789,788,836,37,49,37,2,1,47,47,47,1.0,3.746266971234,0.101843267286,0.0,0.282941122156,0.266599070889,-1.0,-1.0,145,1278,3.82668180736,1,"{""171"": 47}",47,30,2,1,30,24,1,30,1.0,0.852671432311,89,97,97,0.625,1.0,1.0,-0.0,1,0,0,30,0,30,-1.0,-1.0,0,720,30,0,-750,750,-1.0,46,30,-16,-0.290909090909,30,1.0,37,2,1,47,31,1,46,0.978723404255,0.839490264238,89,97,97,0.548387096774,1.0,1.0,-0.0,1,0,0,46,0,46,-1.0,-1.0,0,1426,46,0,-1472,1472,-1.0,64,46,-18,-0.230769230769,47,1.0,37,2,1,47,31,1,46,0.978723404255,0.839490264238,89,97,97,0.548387096774,1.0,1.0,-0.0,1,0,0,46,0,46,-1.0,-1.0,0,1426,46,0,-1472,1472,-1.0,64,46,-18,-0.230769230769,47,1.0,37,2,1,47,31,1,46,0.978723404255,0.839490264238,89,97,97,0.548387096774,1.0,1.0,-0.0,1,0,0,46,0,46,-1.0,-1.0,0,1426,46,0,-1472,1472,-1.0,64,46,-18,-0.230769230769,47,1.0,37,2,1,47,31,1,46,0.978723404255,0.839490264238,89,97,97,0.548387096774,1.0,1.0,-0.0,1,0,0,46,0,46,-1.0,-1.0,0,1426,46,0,-1472,1472,-1.0,64,46,-18,-0.230769230769,47,1.0
MOT17-05-FRCNN,118,155,791,v_to_u,155,118,1,792,46,44,44,155,118,1,748,791,553,837,44,285,44,239,1,46,46,46,1.0,2.297107988775,0.421029656716,0.0,0.490063632318,0.675146367231,-1.0,-1.0,146,1280,2.518886402909,1,"{""118"": 46}",46,30,30,1,30,21,30,30,1.0,0.847744541956,96,129,129,0.52380952381,1.0,1.0,-0.0,1,0,0,30,0,30,-1.0,-1.0,0,630,900,0,-1530,1530,-1.0,71,41,-30,-0.37037037037,30,1.0,44,60,1,46,35,60,46,1.0,0.867522611558,84,129,129,0.657142857143,1.0,1.0,-0.0,1,0,0,46,0,46,-1.0,-1.0,0,1610,2760,0,-4370,4370,-1.0,129,83,-46,-0.326241134752,46,1.0,44,120,1,46,35,120,46,1.0,0.867522611558,84,129,129,0.657142857143,1.0,1.0,-0.0,1,0,0,46,0,46,-1.0,-1.0,0,1610,5520,0,-7130,7130,-1.0,189,143,-46,-0.228855721393,46,1.0,44,239,1,46,35,234,46,1.0,0.867522611558,84,129,129,0.657142857143,0.799145299145,1.0,-0.0,1,0,0,46,0,46,-1.0,-1.0,0,1610,8602,2162,-8050,12374,-0.650557620818,256,210,-46,-0.146031746032,46,1.0,44,239,1,46,35,234,46,1.0,0.867522611558,84,129,129,0.657142857143,0.799145299145,1.0,-0.0,1,0,0,46,0,46,-1.0,-1.0,0,1610,8602,2162,-8050,12374,-0.650557620818,256,210,-46,-0.146031746032,46,1.0
MOT17-05-FRCNN,164,168,794,u_to_v,164,168,1,795,5,19,19,164,168,1,762,794,776,799,33,24,33,19,1,5,5,5,1.0,0.439282006745,0.024616906316,0.158807041392,0.14813072522,0.004098624026,-1.0,-1.0,147,1294,0.420957407901,1,"{""168"": 5}",5,30,19,1,5,28,18,3,0.6,0.80345385735,91,95,95,1.0,1.0,1.0,-0.0,1,0,0,3,0,3,-1.0,-1.0,0,84,54,0,-138,138,-1.0,49,46,-3,-0.061224489796,5,1.0,33,19,1,5,28,18,3,0.6,0.80345385735,91,95,95,1.0,1.0,1.0,-0.0,1,0,0,3,0,3,-1.0,-1.0,0,84,54,0,-138,138,-1.0,49,46,-3,-0.061224489796,5,1.0,33,19,1,5,28,18,3,0.6,0.80345385735,91,95,95,1.0,1.0,1.0,-0.0,1,0,0,3,0,3,-1.0,-1.0,0,84,54,0,-138,138,-1.0,49,46,-3,-0.061224489796,5,1.0,33,19,1,5,28,18,3,0.6,0.80345385735,91,95,95,1.0,1.0,1.0,-0.0,1,0,0,3,0,3,-1.0,-1.0,0,84,54,0,-138,138,-1.0,49,46,-3,-0.061224489796,5,1.0,33,19,1,5,28,18,3,0.6,0.80345385735,91,95,95,1.0,1.0,1.0,-0.0,1,0,0,3,0,3,-1.0,-1.0,0,84,54,0,-138,138,-1.0,49,46,-3,-0.061224489796,5,1.0
MOT17-05-FRCNN,163,173,801,v_to_u,173,163,1,802,4,9,9,173,163,1,793,801,762,805,9,44,9,40,1,4,4,4,1.0,0.127776295211,0.044358620005,0.62763748464,0.073198626143,0.037578013093,-1.0,-1.0,148,1315,-0.006965757024,1,"{""163"": 4}",4,9,30,1,4,9,21,4,1.0,0.822932070143,99,98,99,1.0,1.0,1.0,-0.0,1,0,4,0,4,0,1.0,1.0,36,0,0,84,120,120,1.0,30,34,4,0.117647058824,4,1.0,9,40,1,4,9,31,4,1.0,0.822932070143,99,98,99,1.0,1.0,1.0,-0.0,1,0,4,0,4,0,1.0,1.0,36,0,0,124,160,160,1.0,40,44,4,0.090909090909,4,1.0,9,40,1,4,9,31,4,1.0,0.822932070143,99,98,99,1.0,1.0,1.0,-0.0,1,0,4,0,4,0,1.0,1.0,36,0,0,124,160,160,1.0,40,44,4,0.090909090909,4,1.0,9,40,1,4,9,31,4,1.0,0.822932070143,99,98,99,1.0,1.0,1.0,-0.0,1,0,4,0,4,0,1.0,1.0,36,0,0,124,160,160,1.0,40,44,4,0.090909090909,4,1.0,9,40,1,4,9,31,4,1.0,0.822932070143,99,98,99,1.0,1.0,1.0,-0.0,1,0,4,0,4,0,1.0,1.0,36,0,0,124,160,160,1.0,40,44,4,0.090909090909,4,1.0
MOT17-05-FRCNN,132,167,804,v_to_u,167,132,1,805,31,34,34,167,132,1,771,804,656,835,34,180,34,149,1,31,31,31,1.0,0.020603567846,0.082948966142,0.746364359301,0.152460891739,0.140080488983,-1.0,-1.0,149,1325,-0.115996142372,1,"{""132"": 31}",31,30,30,1,30,29,28,30,1.0,0.890776394294,93,71,93,1.0,0.964285714286,1.0,-0.0,1,0,30,0,30,0,1.0,1.0,870,0,30,810,1650,1710,0.964912280702,56,86,30,0.344827586207,30,1.0,34,60,1,31,31,58,30,0.967741935484,0.890776394294,93,71,93,1.0,0.98275862069,1.0,-0.0,1,0,30,0,30,0,1.0,1.0,930,0,30,1710,2610,2670,0.977528089888,88,118,30,0.252100840336,31,1.0,34,120,1,31,31,118,30,0.967741935484,0.890776394294,93,71,93,1.0,0.991525423729,1.0,-0.0,1,0,30,0,30,0,1.0,1.0,930,0,30,3510,4410,4470,0.986577181208,148,178,30,0.167597765363,31,1.0,34,149,1,31,31,146,30,0.967741935484,0.890776394294,93,71,93,1.0,0.993150684932,1.0,-0.0,1,0,30,0,30,0,1.0,1.0,930,0,30,4350,5250,5310,0.988700564972,176,206,30,0.144927536232,31,1.0,34,149,1,31,31,146,30,0.967741935484,0.890776394294,93,71,93,1.0,0.993150684932,1.0,-0.0,1,0,30,0,30,0,1.0,1.0,930,0,30,4350,5250,5310,0.988700564972,176,206,30,0.144927536232,31,1.0
MOT17-05-FRCNN,103,170,808,u_to_v,103,170,1,809,17,29,29,103,170,1,417,808,780,825,392,46,392,29,1,17,17,17,1.0,0.53093263378,0.206745096228,0.06517331044,0.588834702665,0.383103033661,-1.0,-1.0,150,1344,0.663519353859,1,"{""170"": 17}",17,30,29,1,17,29,29,16,0.941176470588,0.791614155601,128,94,94,1.0,1.0,1.0,-0.0,1,0,0,16,0,16,-1.0,-1.0,0,464,464,0,-928,928,-1.0,74,58,-16,-0.216216216216,17,1.0,60,29,1,17,59,29,16,0.941176470588,0.791614155601,128,94,94,1.0,1.0,1.0,-0.0,1,0,0,16,0,16,-1.0,-1.0,0,944,464,0,-1408,1408,-1.0,104,88,-16,-0.153846153846,17,1.0,120,29,1,17,119,29,16,0.941176470588,0.791614155601,128,94,94,1.0,1.0,1.0,-0.0,1,0,0,16,0,16,-1.0,-1.0,0,1904,464,0,-2368,2368,-1.0,164,148,-16,-0.09756097561,17,1.0,300,29,1,17,297,29,16,0.941176470588,0.791614155601,128,94,94,1.0,1.0,1.0,-0.0,1,0,0,16,0,16,-1.0,-1.0,0,4752,464,0,-5216,5216,-1.0,342,326,-16,-0.046783625731,17,1.0,392,29,1,17,389,29,16,0.941176470588,0.791614155601,128,94,94,1.0,1.0,1.0,-0.0,1,0,0,16,0,16,-1.0,-1.0,0,6224,464,0,-6688,6688,-1.0,434,418,-16,-0.036866359447,17,1.0
MOT17-05-FRCNN,103,177,808,u_to_v,103,177,1,809,29,3,3,103,177,1,417,808,806,837,392,32,392,3,1,29,29,29,1.0,3.185171407925,1.350935938252,0.0,2.349188866569,2.096664220642,-1.0,-1.0,151,1350,3.967490701209,1,"{""177"": 29}",29,30,3,1,29,29,3,29,1.0,0.839395767933,128,102,102,1.0,1.0,1.0,-0.0,1,0,0,29,0,29,-1.0,-1.0,0,841,87,0,-928,928,-1.0,61,32,-29,-0.475409836066,29,1.0,60,3,1,29,59,3,29,1.0,0.839395767933,128,102,102,1.0,1.0,1.0,-0.0,1,0,0,29,0,29,-1.0,-1.0,0,1711,87,0,-1798,1798,-1.0,91,62,-29,-0.318681318681,29,1.0,120,3,1,29,119,3,29,1.0,0.839395767933,128,102,102,1.0,1.0,1.0,-0.0,1,0,0,29,0,29,-1.0,-1.0,0,3451,87,0,-3538,3538,-1.0,151,122,-29,-0.192052980132,29,1.0,300,3,1,29,297,3,29,1.0,0.839395767933,128,102,102,1.0,1.0,1.0,-0.0,1,0,0,29,0,29,-1.0,-1.0,0,8613,87,0,-8700,8700,-1.0,329,300,-29,-0.088145896657,29,1.0,392,3,1,29,389,3,29,1.0,0.839395767933,128,102,102,1.0,1.0,1.0,-0.0,1,0,0,29,0,29,-1.0,-1.0,0,11281,87,0,-11368,11368,-1.0,421,392,-29,-0.068883610451,29,1.0
MOT17-05-FRCNN,176,180,817,v_to_u,180,176,1,818,13,2,2,180,176,1,816,817,798,830,2,33,2,20,1,13,13,13,1.0,0.289527272359,0.020052462294,0.290887967642,0.134929975074,0.064994452308,-1.0,-1.0,152,1358,0.24181083876,1,"{""176"": 13}",13,2,20,1,13,2,20,11,0.846153846154,0.860924082629,99,101,101,1.0,1.0,1.0,-0.0,1,0,0,11,0,11,-1.0,-1.0,0,22,220,0,-242,242,-1.0,33,22,-11,-0.333333333333,13,1.0,2,20,1,13,2,20,11,0.846153846154,0.860924082629,99,101,101,1.0,1.0,1.0,-0.0,1,0,0,11,0,11,-1.0,-1.0,0,22,220,0,-242,242,-1.0,33,22,-11,-0.333333333333,13,1.0,2,20,1,13,2,20,11,0.846153846154,0.860924082629,99,101,101,1.0,1.0,1.0,-0.0,1,0,0,11,0,11,-1.0,-1.0,0,22,220,0,-242,242,-1.0,33,22,-11,-0.333333333333,13,1.0,2,20,1,13,2,20,11,0.846153846154,0.860924082629,99,101,101,1.0,1.0,1.0,-0.0,1,0,0,11,0,11,-1.0,-1.0,0,22,220,0,-242,242,-1.0,33,22,-11,-0.333333333333,13,1.0,2,20,1,13,2,20,11,0.846153846154,0.860924082629,99,101,101,1.0,1.0,1.0,-0.0,1,0,0,11,0,11,-1.0,-1.0,0,22,220,0,-242,242,-1.0,33,22,-11,-0.333333333333,13,1.0
MOT17-05-FRCNN,174,181,821,v_to_u,181,174,1,822,16,4,4,181,174,1,818,821,794,837,4,44,4,28,1,16,16,16,1.0,2.576626718579,0.130321692529,0.0,0.407055692188,0.336213872067,-1.0,-1.0,153,1367,2.683534098136,1,"{""174"": 16}",16,4,28,1,16,3,27,16,1.0,0.818221349249,99,100,100,1.0,1.0,1.0,-0.0,1,0,0,16,0,16,-1.0,-1.0,0,48,432,0,-480,480,-1.0,46,30,-16,-0.347826086957,16,1.0,4,28,1,16,3,27,16,1.0,0.818221349249,99,100,100,1.0,1.0,1.0,-0.0,1,0,0,16,0,16,-1.0,-1.0,0,48,432,0,-480,480,-1.0,46,30,-16,-0.347826086957,16,1.0,4,28,1,16,3,27,16,1.0,0.818221349249,99,100,100,1.0,1.0,1.0,-0.0,1,0,0,16,0,16,-1.0,-1.0,0,48,432,0,-480,480,-1.0,46,30,-16,-0.347826086957,16,1.0,4,28,1,16,3,27,16,1.0,0.818221349249,99,100,100,1.0,1.0,1.0,-0.0,1,0,0,16,0,16,-1.0,-1.0,0,48,432,0,-480,480,-1.0,46,30,-16,-0.347826086957,16,1.0,4,28,1,16,3,27,16,1.0,0.818221349249,99,100,100,1.0,1.0,1.0,-0.0,1,0,0,16,0,16,-1.0,-1.0,0,48,432,0,-480,480,-1.0,46,30,-16,-0.347826086957,16,1.0
MOT17-05-FRCNN,118,178,827,v_to_u,178,118,1,828,10,14,14,178,118,1,814,827,553,837,14,285,14,275,1,10,10,10,1.0,0.277479205451,0.355313977738,0.204728288821,0.661671048458,0.652734314803,-1.0,-1.0,154,1386,0.446566164007,1,"{""118"": 10}",10,14,30,1,10,11,30,10,1.0,0.903994216912,103,129,129,1.0,1.0,1.0,-0.0,1,0,0,10,0,10,-1.0,-1.0,0,110,300,0,-410,410,-1.0,51,41,-10,-0.196078431373,10,1.0,14,60,1,10,11,60,10,1.0,0.903994216912,103,129,129,1.0,1.0,1.0,-0.0,1,0,0,10,0,10,-1.0,-1.0,0,110,600,0,-710,710,-1.0,81,71,-10,-0.123456790123,10,1.0,14,120,1,10,11,120,10,1.0,0.903994216912,103,129,129,1.0,1.0,1.0,-0.0,1,0,0,10,0,10,-1.0,-1.0,0,110,1200,0,-1310,1310,-1.0,141,131,-10,-0.070921985816,10,1.0,14,275,1,10,11,270,10,1.0,0.903994216912,103,129,129,1.0,0.825925925926,1.0,-0.0,1,0,0,10,0,10,-1.0,-1.0,0,110,2230,470,-1870,2810,-0.665480427046,244,234,-10,-0.034364261168,10,1.0,14,275,1,10,11,270,10,1.0,0.903994216912,103,129,129,1.0,0.825925925926,1.0,-0.0,1,0,0,10,0,10,-1.0,-1.0,0,110,2230,470,-1870,2810,-0.665480427046,244,234,-10,-0.034364261168,10,1.0
MOT17-05-FRCNN,118,132,835,v_to_u,132,118,1,836,2,180,180,132,118,1,656,835,553,837,180,285,180,283,1,2,2,2,1.0,1.641488331677,0.618409603387,0.0,0.978554257718,1.058021456833,-1.0,-1.0,155,1407,1.999748303979,1,"{""118"": 2}",2,30,30,1,2,29,30,2,1.0,0.884625917847,93,129,129,1.0,1.0,1.0,-0.0,1,0,0,2,0,2,-1.0,-1.0,0,58,60,0,-118,118,-1.0,61,59,-2,-0.032786885246,2,1.0,60,60,1,2,57,60,2,1.0,0.884625917847,93,129,129,0.543859649123,1.0,1.0,-0.0,1,0,0,2,0,2,-1.0,-1.0,0,114,120,0,-234,234,-1.0,93,91,-2,-0.016806722689,2,1.0,120,120,1,2,117,120,2,1.0,0.884625917847,71,129,129,0.735042735043,1.0,1.0,-0.0,1,0,0,2,0,2,-1.0,-1.0,0,234,240,0,-474,474,-1.0,208,206,-2,-0.008368200837,2,1.0,180,283,1,2,176,278,2,1.0,0.884625917847,71,129,129,0.823863636364,0.830935251799,1.0,-0.0,1,0,0,2,0,2,-1.0,-1.0,0,352,462,94,-720,908,-0.79295154185,378,376,-2,-0.004385964912,2,1.0,180,283,1,2,176,278,2,1.0,0.884625917847,71,129,129,0.823863636364,0.830935251799,1.0,-0.0,1,0,0,2,0,2,-1.0,-1.0,0,352,462,94,-720,908,-0.79295154185,378,376,-2,-0.004385964912,2,1.0
MOT17-05-FRCNN,132,182,835,u_to_v,132,182,1,836,2,18,18,132,182,1,656,835,818,837,180,20,180,18,1,2,2,2,1.0,1.070857967167,0.414521557213,0.0,0.603520004939,0.762713002081,-1.0,-1.0,156,1414,1.311111657172,1,"{""182"": 2}",2,30,18,1,2,29,18,2,1.0,0.871232697675,93,71,71,1.0,1.0,1.0,-0.0,1,0,0,2,0,2,-1.0,-1.0,0,58,36,0,-94,94,-1.0,49,47,-2,-0.040816326531,2,1.0,60,18,1,2,57,18,2,1.0,0.871232697675,93,71,71,0.543859649123,1.0,1.0,-0.0,1,0,0,2,0,2,-1.0,-1.0,52,62,36,0,-46,150,-0.306666666667,51,49,-2,-0.025974025974,2,1.0,120,18,1,2,117,18,2,1.0,0.871232697675,71,71,71,0.735042735043,1.0,1.0,-0.0,1,1,2,2,0,0,0.0,0.0,172,62,36,0,74,270,0.274074074074,86,88,2,0.014598540146,2,1.0,180,18,1,2,176,18,2,1.0,0.871232697675,71,71,71,0.823863636364,1.0,1.0,-0.0,1,1,2,2,0,0,0.0,0.0,290,62,36,0,192,388,0.494845360825,145,147,2,0.010204081633,2,1.0,180,18,1,2,176,18,2,1.0,0.871232697675,71,71,71,0.823863636364,1.0,1.0,-0.0,1,1,2,2,0,0,0.0,0.0,290,62,36,0,192,388,0.494845360825,145,147,2,0.010204081633,2,1.0
MOT17-05-FRCNN,171,175,836,u_to_v,171,175,1,837,1,40,40,171,175,1,788,836,797,837,49,41,49,40,1,1,1,1,1.0,0.132849017593,0.234964690763,0.34203803285,0.654781875353,0.418051465585,-1.0,-1.0,157,1420,0.213364016165,1,"{""175"": 1}",1,30,30,1,1,29,30,1,1.0,0.871997341706,97,98,98,1.0,1.0,1.0,-0.0,1,0,0,1,0,1,-1.0,-1.0,0,29,30,0,-59,59,-1.0,60,59,-1,-0.016666666667,1,1.0,49,40,1,1,47,40,1,1.0,0.871997341706,97,98,98,1.0,0.975,1.0,-0.0,1,0,0,1,0,1,-1.0,-1.0,0,47,39,1,-85,87,-0.977011494253,87,86,-1,-0.011363636364,1,1.0,49,40,1,1,47,40,1,1.0,0.871997341706,97,98,98,1.0,0.975,1.0,-0.0,1,0,0,1,0,1,-1.0,-1.0,0,47,39,1,-85,87,-0.977011494253,87,86,-1,-0.011363636364,1,1.0,49,40,1,1,47,40,1,1.0,0.871997341706,97,98,98,1.0,0.975,1.0,-0.0,1,0,0,1,0,1,-1.0,-1.0,0,47,39,1,-85,87,-0.977011494253,87,86,-1,-0.011363636364,1,1.0,49,40,1,1,47,40,1,1.0,0.871997341706,97,98,98,1.0,0.975,1.0,-0.0,1,0,0,1,0,1,-1.0,-1.0,0,47,39,1,-85,87,-0.977011494253,87,86,-1,-0.011363636364,1,1.0
MOT17-05-FRCNN,171,184,836,u_to_v,171,184,1,837,1,5,5,171,184,1,788,836,832,837,49,6,49,5,1,1,1,1,1.0,3.532422419694,0.650486784447,0.0,1.271996269071,1.137416571485,-1.0,-1.0,158,1425,3.935985399862,1,"{""184"": 1}",1,30,5,1,1,29,5,1,1.0,0.766617382154,97,106,106,1.0,1.0,1.0,-0.0,1,0,0,1,0,1,-1.0,-1.0,0,29,5,0,-34,34,-1.0,35,34,-1,-0.028571428571,1,1.0,49,5,1,1,47,5,1,1.0,0.766617382154,97,106,106,1.0,1.0,1.0,-0.0,1,0,0,1,0,1,-1.0,-1.0,0,47,5,0,-52,52,-1.0,53,52,-1,-0.018867924528,1,1.0,49,5,1,1,47,5,1,1.0,0.766617382154,97,106,106,1.0,1.0,1.0,-0.0,1,0,0,1,0,1,-1.0,-1.0,0,47,5,0,-52,52,-1.0,53,52,-1,-0.018867924528,1,1.0,49,5,1,1,47,5,1,1.0,0.766617382154,97,106,106,1.0,1.0,1.0,-0.0,1,0,0,1,0,1,-1.0,-1.0,0,47,5,0,-52,52,-1.0,53,52,-1,-0.018867924528,1,1.0,49,5,1,1,47,5,1,1.0,0.766617382154,97,106,106,1.0,1.0,1.0,-0.0,1,0,0,1,0,1,-1.0,-1.0,0,47,5,0,-52,52,-1.0,53,52,-1,-0.018867924528,1,1.0
MOT17-09-FRCNN,6,8,42,v_to_u,8,6,1,43,208,1,1,8,6,1,42,42,1,250,1,250,1,42,1,208,208,208,1.0,0.242591848238,0.503062442081,0.088807448976,1.445618952505,0.975665795127,-1.0,-1.0,1,6,0.588284071278,1,"{""6"": 208}",208,1,30,1,30,1,30,30,1.0,0.910924440676,43,23,23,1.0,1.0,1.0,-0.0,1,0,0,30,0,30,-1.0,-1.0,0,30,900,0,-930,930,-1.0,61,31,-30,-0.491803278689,30,1.0,1,42,1,60,1,42,60,1.0,0.916290074836,43,23,23,1.0,1.0,1.0,-0.0,1,0,0,60,0,60,-1.0,-1.0,0,60,2520,0,-2580,2580,-1.0,103,60,-43,-0.417475728155,60,1.0,1,42,1,120,1,42,120,1.0,0.895851348369,43,23,23,1.0,1.0,1.0,-0.0,1,0,0,120,0,120,-1.0,-1.0,0,120,5040,0,-5160,5160,-1.0,163,120,-43,-0.263803680982,120,1.0,1,42,1,208,1,42,208,1.0,0.909541744483,43,23,23,1.0,1.0,1.0,-0.0,1,0,0,208,0,208,-1.0,-1.0,0,208,8736,0,-8944,8944,-1.0,251,208,-43,-0.171314741036,208,1.0,1,42,1,208,1,42,208,1.0,0.909541744483,43,23,23,1.0,1.0,1.0,-0.0,1,0,0,208,0,208,-1.0,-1.0,0,208,8736,0,-8944,8944,-1.0,251,208,-43,-0.171314741036,208,1.0
MOT17-09-FRCNN,5,7,67,v_to_u,7,5,1,68,154,58,58,7,5,1,10,67,1,221,58,221,58,67,1,154,154,154,1.0,0.269388010379,0.454934904871,0.163657725672,0.98682359048,0.823154480161,-1.0,-1.0,2,12,0.523205112243,1,"{""5"": 154}",154,30,30,1,30,15,30,30,1.0,0.944887121233,16,20,20,1.0,1.0,1.0,-0.0,1,0,0,30,0,30,-1.0,-1.0,0,450,900,0,-1350,1350,-1.0,75,45,-30,-0.4,30,1.0,58,60,1,60,43,60,60,1.0,0.954640747902,16,20,20,1.0,1.0,1.0,-0.0,1,0,0,60,0,60,-1.0,-1.0,0,2580,3600,0,-6180,6180,-1.0,163,103,-60,-0.368098159509,60,1.0,58,67,1,120,43,67,120,1.0,0.952277582613,16,20,20,1.0,1.0,1.0,-0.0,1,0,0,120,0,120,-1.0,-1.0,0,5160,8040,0,-13200,13200,-1.0,230,120,-110,-0.478260869565,120,1.0,58,67,1,154,43,67,153,0.993506493506,0.938186336229,16,20,20,1.0,1.0,1.0,-0.0,1,0,0,153,0,153,-1.0,-1.0,0,6579,10251,0,-16830,16830,-1.0,263,153,-110,-0.41825095057,154,1.0,58,67,1,154,43,67,153,0.993506493506,0.938186336229,16,20,20,1.0,1.0,1.0,-0.0,1,0,0,153,0,153,-1.0,-1.0,0,6579,10251,0,-16830,16830,-1.0,263,153,-110,-0.41825095057,154,1.0
MOT17-09-FRCNN,5,10,83,v_to_u,10,5,1,84,138,16,16,10,5,1,68,83,1,221,16,221,16,83,1,138,138,138,1.0,0.8226594841,0.91531613425,0.0,1.435112172893,1.479073340983,-1.0,-1.0,3,19,1.34290706905,1,"{""5"": 138}",138,16,30,1,30,12,30,30,1.0,0.960030402254,16,20,20,1.0,1.0,1.0,-0.0,1,0,0,30,0,30,-1.0,-1.0,0,360,900,0,-1260,1260,-1.0,72,42,-30,-0.416666666667,30,1.0,16,60,1,60,12,60,60,1.0,0.94991654509,16,20,20,1.0,1.0,1.0,-0.0,1,0,0,60,0,60,-1.0,-1.0,0,720,3600,0,-4320,4320,-1.0,132,72,-60,-0.454545454545,60,1.0,16,83,1,120,12,83,120,1.0,0.95001255476,16,20,20,1.0,1.0,1.0,-0.0,1,0,0,120,0,120,-1.0,-1.0,0,1440,9960,0,-11400,11400,-1.0,215,120,-95,-0.441860465116,120,1.0,16,83,1,138,12,83,137,0.992753623188,0.937006053859,16,20,20,1.0,1.0,1.0,-0.0,1,0,0,137,0,137,-1.0,-1.0,0,1644,11371,0,-13015,13015,-1.0,232,137,-95,-0.409482758621,138,1.0,16,83,1,138,12,83,137,0.992753623188,0.937006053859,16,20,20,1.0,1.0,1.0,-0.0,1,0,0,137,0,137,-1.0,-1.0,0,1644,11371,0,-13015,13015,-1.0,232,137,-95,-0.409482758621,138,1.0
MOT17-09-FRCNN,2,11,110,v_to_u,11,2,1,111,282,1,1,11,2,1,110,110,1,392,1,392,1,110,1,282,282,282,1.0,0.28821673113,0.024810654059,0.363511889029,0.074294696083,0.017116354646,-1.0,-1.0,4,23,0.212682527461,1,"{""2"": 282}",282,1,30,1,30,0,30,30,1.0,0.689984535449,-1,22,22,,1.0,1.0,-0.0,1,0,0,30,0,0,0.0,-1.0,0,0,900,0,-900,900,-1.0,60,30,-30,-0.5,30,1.0,1,60,1,60,0,60,60,1.0,0.73395635705,-1,22,22,,1.0,1.0,-0.0,1,0,0,60,0,0,0.0,-1.0,0,0,3600,0,-3600,3600,-1.0,120,60,-60,-0.5,60,1.0,1,110,1,120,0,110,120,1.0,0.837495338605,-1,22,22,,1.0,1.0,-0.0,1,0,0,120,0,0,0.0,-1.0,0,0,13200,0,-13200,13200,-1.0,230,120,-110,-0.478260869565,120,1.0,1,110,1,282,0,110,282,1.0,0.880660179455,-1,22,22,,1.0,0.996453900709,0.023546567098,2,0,0,281,0,0,0.0,-0.996453900709,0,0,30910,110,-30800,31020,-0.992907801418,391,281,-110,-0.280612244898,282,1.0,1,110,1,282,0,110,282,1.0,0.880660179455,-1,22,22,,1.0,0.996453900709,0.023546567098,2,0,0,281,0,0,0.0,-0.996453900709,0,0,30910,110,-30800,31020,-0.992907801418,391,281,-110,-0.280612244898,282,1.0
MOT17-09-FRCNN,2,3,119,v_to_u,3,2,1,120,273,119,119,3,2,1,1,119,1,392,119,392,119,119,1,273,273,273,1.0,0.117927600307,0.015717786367,0.664842981826,0.045737832458,0.028678112519,-1.0,-1.0,5,30,-0.036912104061,1,"{""2"": 273}",273,30,30,1,30,25,30,30,1.0,0.705209456255,21,22,22,1.0,1.0,1.0,-0.0,1,0,0,30,0,30,-1.0,-1.0,0,750,900,0,-1650,1650,-1.0,85,55,-30,-0.352941176471,30,1.0,60,60,1,60,55,60,60,1.0,0.786010351679,21,22,22,1.0,1.0,1.0,-0.0,1,0,0,60,0,60,-1.0,-1.0,0,3300,3600,0,-6900,6900,-1.0,175,115,-60,-0.342857142857,60,1.0,119,119,1,120,114,119,120,1.0,0.863535397422,21,22,22,1.0,1.0,1.0,-0.0,1,0,0,120,0,120,-1.0,-1.0,0,13680,14280,0,-27960,27960,-1.0,353,233,-120,-0.339943342776,120,1.0,119,119,1,273,114,119,273,1.0,0.889688591003,21,22,22,1.0,1.0,0.996336996337,0.024203802392,2,0,0,272,0,272,-0.996336996337,-0.996336996337,0,31122,32368,119,-63371,63609,-0.996258391108,505,272,-233,-0.4604743083,273,1.0,119,119,1,273,114,119,273,1.0,0.889688591003,21,22,22,1.0,1.0,0.996336996337,0.024203802392,2,0,0,272,0,272,-0.996336996337,-0.996336996337,0,31122,32368,119,-63371,63609,-0.996258391108,505,272,-233,-0.4604743083,273,1.0
MOT17-09-FRCNN,13,15,168,u_to_v,13,15,1,169,4,20,20,13,15,1,138,168,149,172,31,24,31,20,1,4,4,4,1.0,0.20003310241,0.018957759526,0.512146910781,0.02715755624,0.067784390857,-1.0,-1.0,6,43,0.086230009305,1,"{""15"": 4}",4,30,20,1,4,20,11,0,0.0,,21,18,-1,0.7,1.0,,,0,0,0,0,0,0,0.0,0.0,0,0,0,0,0,0,0.0,25,25,0,0.0,4,1.0,31,20,1,4,21,11,0,0.0,,21,18,-1,0.714285714286,1.0,,,0,0,0,0,0,0,0.0,0.0,0,0,0,0,0,0,0.0,26,26,0,0.0,4,1.0,31,20,1,4,21,11,0,0.0,,21,18,-1,0.714285714286,1.0,,,0,0,0,0,0,0,0.0,0.0,0,0,0,0,0,0,0.0,26,26,0,0.0,4,1.0,31,20,1,4,21,11,0,0.0,,21,18,-1,0.714285714286,1.0,,,0,0,0,0,0,0,0.0,0.0,0,0,0,0,0,0,0.0,26,26,0,0.0,4,1.0,31,20,1,4,21,11,0,0.0,,21,18,-1,0.714285714286,1.0,,,0,0,0,0,0,0,0.0,0.0,0,0,0,0,0,0,0.0,26,26,0,0.0,4,1.0
MOT17-09-FRCNN,19,20,198,u_to_v,19,20,1,199,327,1,1,19,20,1,187,198,198,525,12,328,12,1,1,327,327,327,1.0,0.212927390286,0.014188707743,0.482365943591,0.180707153517,0.11079664782,-1.0,-1.0,7,65,0.125033461457,1,"{""20"": 327}",327,12,1,1,30,10,1,30,1.0,0.87705569779,11,11,11,1.0,1.0,1.0,-0.0,1,1,30,30,0,0,0.0,0.0,300,0,30,0,270,330,0.818181818182,31,40,9,0.219512195122,30,1.0,12,1,1,60,10,1,60,1.0,0.904711916413,11,11,11,1.0,1.0,1.0,-0.0,1,1,60,60,0,0,0.0,0.0,600,0,60,0,540,660,0.818181818182,61,70,9,0.12676056338,60,1.0,12,1,1,120,10,1,120,1.0,0.884888756347,11,11,11,1.0,1.0,1.0,-0.0,1,1,120,120,0,0,0.0,0.0,1200,0,120,0,1080,1320,0.818181818182,121,130,9,0.068702290076,120,1.0,12,1,1,300,10,1,300,1.0,0.89171073172,11,11,11,1.0,1.0,0.983333333333,0.084766075715,2,1,295,295,0,0,0.0,0.0,2950,50,295,5,2610,3300,0.790909090909,296,305,9,0.028938906752,300,1.0,12,1,1,327,10,1,327,1.0,0.892896569655,11,11,11,1.0,1.0,0.984709480122,0.079095378153,2,1,322,322,0,0,0.0,0.0,3220,50,322,5,2853,3597,0.793160967473,323,332,9,0.026627218935,327,1.0
MOT17-09-FRCNN,1,20,204,u_to_v,1,20,1,205,321,7,7,1,20,1,1,204,198,525,204,328,204,7,1,321,321,321,1.0,0.882905570762,0.314287390384,0.0,0.587921897033,0.53930201345,-1.0,-1.0,8,76,1.074199809406,1,"{""20"": 321}",321,30,7,1,30,26,7,30,1.0,0.875075420662,19,11,11,1.0,1.0,1.0,-0.0,1,0,0,30,0,30,-1.0,-1.0,0,780,210,0,-990,990,-1.0,63,33,-30,-0.47619047619,30,1.0,60,7,1,60,56,7,60,1.0,0.893670636256,19,11,11,1.0,1.0,1.0,-0.0,1,0,0,60,0,60,-1.0,-1.0,0,3360,420,0,-3780,3780,-1.0,123,63,-60,-0.487804878049,60,1.0,120,7,1,120,116,7,120,1.0,0.882971787099,19,11,11,1.0,1.0,1.0,-0.0,1,0,0,120,0,120,-1.0,-1.0,0,13920,840,0,-14760,14760,-1.0,243,123,-120,-0.493827160494,120,1.0,204,7,1,300,200,7,300,1.0,0.891423116259,19,11,11,1.0,1.0,0.983333333333,0.084766075715,2,0,0,295,0,295,-0.983333333333,-0.983333333333,0,60000,2065,35,-62030,62100,-0.998872785829,502,295,-207,-0.408284023669,300,1.0,204,7,1,321,200,7,321,1.0,0.892258488315,19,11,11,1.0,1.0,0.984423676012,0.080283088689,2,0,0,316,0,316,-0.984423676012,-0.984423676012,0,64200,2212,35,-66377,66447,-0.998946528812,523,316,-207,-0.392045454545,321,1.0
MOT17-09-FRCNN,4,9,211,v_to_u,9,4,1,212,314,167,167,9,4,1,45,211,1,525,167,525,167,211,1,314,314,314,1.0,0.028532833029,0.012760731579,0.899497935148,0.028226018877,0.022611254216,-1.0,-1.0,9,78,-0.188067740554,1,"{""4"": 314}",314,30,30,1,30,30,30,29,0.966666666667,0.864119675868,7,1,7,1.0,1.0,1.0,-0.0,1,0,29,0,29,0,1.0,1.0,870,0,0,870,1740,1740,1.0,60,89,29,0.325842696629,30,1.0,60,60,1,60,60,60,59,0.983333333333,0.867597720855,7,1,7,1.0,0.983333333333,1.0,-0.0,1,0,59,0,59,0,1.0,1.0,3540,0,0,3540,7080,7080,1.0,119,178,59,0.329608938547,60,1.0,120,120,1,120,120,120,119,0.991666666667,0.859830461628,7,1,7,1.0,0.991666666667,0.831932773109,0.452808277696,2,0,99,0,99,0,0.831932773109,0.831932773109,11880,2400,0,14280,23760,28560,0.831932773109,239,338,99,0.275766016713,120,1.0,167,211,1,300,166,211,299,0.996666666667,0.87524240975,7,1,29,0.903614457831,0.995260663507,0.408026755853,1.16854513895,4,0,99,8,99,8,0.304347826087,0.304347826087,14850,34784,1680,61409,39795,112723,0.3530335424,368,459,91,0.134615384615,300,1.0,167,211,1,314,166,211,313,0.996815286624,0.87523911931,7,1,29,0.903614457831,0.995260663507,0.389776357827,1.178051190358,4,0,99,8,99,8,0.290734824281,0.290734824281,14850,37108,1680,64363,40425,118001,0.342581842527,368,459,91,0.131884057971,314,1.0
MOT17-09-FRCNN,21,22,216,u_to_v,21,22,1,217,133,1,1,21,22,1,208,216,216,349,9,134,9,1,1,133,133,133,1.0,0.260859528797,0.130750023001,0.360222570999,0.095567101288,0.199519744422,-1.0,-1.0,10,98,0.233000076368,1,"{""22"": 133}",133,9,1,1,30,9,1,30,1.0,0.875818798296,12,12,13,0.555555555556,1.0,0.933333333333,0.244930026795,2,1,2,2,0,0,0.0,0.0,122,148,2,28,0,300,0.0,33,33,0,0.0,30,1.0,9,1,1,60,9,1,60,1.0,0.894906160005,12,12,13,0.555555555556,1.0,0.966666666667,0.146144746009,2,1,2,2,0,0,0.0,0.0,242,298,2,58,0,600,0.0,63,63,0,0.0,60,1.0,9,1,1,120,9,1,120,1.0,0.884497194793,12,12,13,0.555555555556,1.0,0.983333333333,0.084766075715,2,1,2,2,0,0,0.0,0.0,482,598,2,118,0,1200,0.0,123,123,0,0.0,120,1.0,9,1,1,133,9,1,133,1.0,0.878575816919,12,12,13,0.555555555556,1.0,0.984962406015,0.07803977709,2,1,2,2,0,0,0.0,0.0,534,663,2,131,0,1330,0.0,136,136,0,0.0,133,1.0,9,1,1,133,9,1,133,1.0,0.878575816919,12,12,13,0.555555555556,1.0,0.984962406015,0.07803977709,2,1,2,2,0,0,0.0,0.0,534,663,2,131,0,1330,0.0,136,136,0,0.0,133,1.0
MOT17-09-FRCNN,5,18,221,u_to_v,5,18,1,222,180,41,41,5,18,1,1,221,181,401,221,221,221,41,1,180,180,180,1.0,1.308292404521,0.518646138423,0.0,1.234678006771,0.961051932698,-1.0,-1.0,11,106,1.657526933074,1,"{""18"": 180}",180,30,30,1,30,29,30,30,1.0,0.928056307398,20,29,29,1.0,1.0,1.0,-0.0,1,0,0,30,0,30,-1.0,-1.0,0,870,900,0,-1770,1770,-1.0,89,59,-30,-0.337078651685,30,1.0,60,41,1,60,59,41,60,1.0,0.936092493684,20,29,29,1.0,1.0,1.0,-0.0,1,0,0,60,0,60,-1.0,-1.0,0,3540,2460,0,-6000,6000,-1.0,160,100,-60,-0.375,60,1.0,120,41,1,120,119,41,119,0.991666666667,0.860783007118,20,29,29,1.0,1.0,0.747899159664,0.564631406086,2,0,0,89,0,89,-0.747899159664,-0.747899159664,0,14161,3649,1230,-16580,19040,-0.870798319328,249,160,-89,-0.318996415771,120,1.0,221,41,1,180,220,41,176,0.977777777778,0.867081503095,20,29,29,1.0,1.0,0.505681818182,0.693082613055,2,0,0,89,0,89,-0.505681818182,-0.505681818182,0,38720,3649,3567,-38802,45936,-0.844696969697,350,261,-89,-0.203661327231,180,1.0,221,41,1,180,220,41,176,0.977777777778,0.867081503095,20,29,29,1.0,1.0,0.505681818182,0.693082613055,2,0,0,89,0,89,-0.505681818182,-0.505681818182,0,38720,3649,3567,-38802,45936,-0.844696969697,350,261,-89,-0.203661327231,180,1.0
MOT17-09-FRCNN,5,22,221,u_to_v,5,22,1,222,128,6,6,5,22,1,1,221,216,349,221,134,221,6,1,128,128,128,1.0,0.41295904025,0.449972227853,0.11643677751,1.181130311012,0.950979905106,-1.0,-1.0,12,108,0.709553924448,1,"{""22"": 128}",128,30,6,1,30,29,6,30,1.0,0.8753994779,20,12,13,1.0,0.5,1.0,-0.0,1,0,0,0,0,0,0.0,0.0,0,870,90,90,-870,1050,-0.828571428571,62,33,-29,-0.446153846154,30,1.0,60,6,1,60,59,6,60,1.0,0.902913880562,20,12,13,1.0,0.5,1.0,-0.0,1,0,0,0,0,0,0.0,0.0,0,3540,180,180,-3540,3900,-0.907692307692,122,63,-59,-0.472,60,1.0,120,6,1,120,119,6,120,1.0,0.885272743415,20,12,13,1.0,0.5,1.0,-0.0,1,0,0,0,0,0,0.0,0.0,0,14280,360,360,-14280,15000,-0.952,242,123,-119,-0.485714285714,120,1.0,221,6,1,128,220,6,128,1.0,0.879547310746,20,12,13,1.0,0.5,1.0,-0.0,1,0,0,0,0,0,0.0,0.0,0,28160,384,384,-28160,28928,-0.973451327434,351,223,-128,-0.361581920904,128,1.0,221,6,1,128,220,6,128,1.0,0.879547310746,20,12,13,1.0,0.5,1.0,-0.0,1,0,0,0,0,0,0.0,0.0,0,28160,384,384,-28160,28928,-0.973451327434,351,223,-128,-0.361581920904,128,1.0
MOT17-09-FRCNN,18,26,247,v_to_u,26,18,1,248,154,1,1,26,18,1,247,247,181,401,1,221,1,67,1,154,154,154,1.0,0.063467723166,0.209963376918,0.484344054313,0.252867008797,0.472092759989,-1.0,-1.0,13,118,0.067368530696,1,"{""18"": 154}",154,1,30,1,30,0,30,30,1.0,0.942008409767,-1,29,29,,1.0,1.0,-0.0,1,0,0,30,0,0,0.0,-1.0,0,0,900,0,-900,900,-1.0,60,30,-30,-0.5,30,1.0,1,60,1,60,0,60,60,1.0,0.891325340716,-1,29,29,,1.0,1.0,-0.0,1,0,0,60,0,0,0.0,-1.0,0,0,3600,0,-3600,3600,-1.0,120,60,-60,-0.5,60,1.0,1,67,1,120,0,67,119,0.991666666667,0.855416385865,-1,29,29,,1.0,0.529411764706,0.691416077617,2,0,0,63,0,0,0.0,-0.529411764706,0,0,4221,3752,-469,7973,-0.058823529412,130,123,-7,-0.037634408602,120,1.0,1,67,1,154,0,67,150,0.974025974026,0.856876545928,-1,29,7,,1.0,0.58,0.680292000192,2,0,0,63,0,0,0.0,-0.42,0,0,4221,5829,1608,10050,0.16,130,154,24,0.110599078341,154,1.0,1,67,1,154,0,67,150,0.974025974026,0.856876545928,-1,29,7,,1.0,0.58,0.680292000192,2,0,0,63,0,0,0.0,-0.42,0,0,4221,5829,1608,10050,0.16,130,154,24,0.110599078341,154,1.0
MOT17-09-FRCNN,2,6,250,v_to_u,6,2,1,251,142,250,250,6,2,1,1,250,1,392,250,392,250,250,1,142,142,142,1.0,1.598291611335,0.293969584112,0.0,0.041733688608,0.286732521659,-1.0,-1.0,14,124,1.704630628389,1,"{""2"": 142}",142,30,30,1,30,30,30,30,1.0,0.927254737373,23,22,22,1.0,1.0,1.0,-0.0,1,0,0,30,0,30,-1.0,-1.0,0,900,900,0,-1800,1800,-1.0,90,60,-30,-0.333333333333,30,1.0,60,60,1,60,60,60,60,1.0,0.922244990646,23,22,22,1.0,1.0,1.0,-0.0,1,0,0,60,0,60,-1.0,-1.0,0,3600,3600,0,-7200,7200,-1.0,180,120,-60,-0.333333333333,60,1.0,120,120,1,120,120,120,120,1.0,0.911939701635,23,22,22,1.0,1.0,0.991666666667,0.04819427878,2,0,0,119,0,119,-0.991666666667,-0.991666666667,0,14400,14280,120,-28560,28800,-0.991666666667,359,240,-119,-0.330555555556,120,1.0,250,250,1,142,250,250,142,1.0,0.910814249458,23,22,22,1.0,1.0,0.992957746479,0.041917588986,2,0,0,141,0,141,-0.992957746479,-0.992957746479,0,35500,35250,250,-70500,71000,-0.992957746479,641,500,-141,-0.219626168224,142,1.0,250,250,1,142,250,250,142,1.0,0.910814249458,23,22,22,1.0,1.0,0.992957746479,0.041917588986,2,0,0,141,0,141,-0.992957746479,-0.992957746479,0,35500,35250,250,-70500,71000,-0.992957746479,641,500,-141,-0.219626168224,142,1.0
MOT17-09-FRCNN,6,16,250,u_to_v,6,16,1,251,87,82,82,6,16,1,1,250,169,337,250,169,250,82,1,87,87,87,1.0,0.038292092247,0.03354930676,0.872957983829,0.102089730803,0.033778121986,-1.0,-1.0,15,128,-0.157973291741,1,"{""16"": 87}",87,30,30,1,30,30,30,30,1.0,0.913315428885,23,18,18,1.0,1.0,0.8,0.500402423538,2,0,6,24,6,24,-0.6,-0.6,180,720,720,180,-1080,1800,-0.6,84,66,-18,-0.2,30,1.0,60,60,1,60,60,60,60,1.0,0.878180753724,23,18,18,1.0,1.0,0.9,0.325082973391,2,0,6,54,6,54,-0.8,-0.8,360,3240,3240,360,-5760,7200,-0.8,174,126,-48,-0.266666666667,60,1.0,120,82,1,87,120,82,87,1.0,0.882563234936,23,18,18,1.0,1.0,0.931034482759,0.250954804358,2,0,6,81,6,81,-0.862068965517,-0.862068965517,720,9720,6642,492,-15150,17574,-0.862068965517,283,208,-75,-0.259515570934,87,1.0,250,82,1,87,250,82,87,1.0,0.882563234936,23,18,18,1.0,1.0,0.931034482759,0.250954804358,2,0,6,81,6,81,-0.862068965517,-0.862068965517,1500,20250,6642,492,-24900,28884,-0.862068965517,413,338,-75,-0.178997613365,87,1.0,250,82,1,87,250,82,87,1.0,0.882563234936,23,18,18,1.0,1.0,0.931034482759,0.250954804358,2,0,6,81,6,81,-0.862068965517,-0.862068965517,1500,20250,6642,492,-24900,28884,-0.862068965517,413,338,-75,-0.178997613365,87,1.0
MOT17-09-FRCNN,4,27,255,v_to_u,27,4,1,256,270,1,1,27,4,1,255,255,1,525,1,525,1,255,1,270,270,270,1.0,0.160364940652,0.029167451808,0.571805288843,0.13523245396,0.005041282628,-1.0,-1.0,16,137,0.038732855052,1,"{""4"": 270}",270,1,30,1,30,0,29,30,1.0,0.879548249727,-1,7,7,,1.0,1.0,-0.0,1,0,0,30,0,0,0.0,-1.0,0,0,870,0,-870,870,-1.0,59,30,-29,-0.491525423729,30,1.0,1,60,1,60,0,59,60,1.0,0.864377357963,-1,7,7,,0.728813559322,0.933333333333,0.244930026795,2,0,0,56,0,0,0.0,-0.933333333333,0,0,2408,1132,-1276,3540,-0.360451977401,99,72,-27,-0.226890756303,60,1.0,1,120,1,120,0,119,120,1.0,0.867349922021,-1,1,7,,0.63025210084,0.466666666667,0.891867395317,3,0,0,8,0,0,0.0,-0.066666666667,0,0,3008,11272,8264,14280,0.578711484594,99,131,32,0.133891213389,120,1.0,1,255,1,270,0,254,270,1.0,0.879185630697,-1,1,29,,0.826771653543,0.451851851852,1.152738975388,4,0,0,8,0,0,0.0,-0.02962962963,0,0,4088,64492,60404,68580,0.880781568971,218,332,114,0.217557251908,270,1.0,1,255,1,270,0,254,270,1.0,0.879185630697,-1,1,29,,0.826771653543,0.451851851852,1.152738975388,4,0,0,8,0,0,0.0,-0.02962962963,0,0,4088,64492,60404,68580,0.880781568971,218,332,114,0.217557251908,270,1.0
MOT17-09-FRCNN,18,24,274,v_to_u,24,18,1,275,127,54,54,24,18,1,221,274,181,401,54,221,54,94,1,127,127,127,1.0,0.11792588159,0.220471469213,0.363686398888,0.522560879984,0.488902444218,-1.0,-1.0,17,154,0.183268481592,1,"{""18"": 127}",127,30,30,1,30,28,30,30,1.0,0.883674496201,2,29,29,1.0,1.0,1.0,-0.0,1,0,0,30,0,30,-1.0,-1.0,0,840,900,0,-1740,1740,-1.0,88,58,-30,-0.340909090909,30,1.0,54,60,1,60,51,60,59,0.983333333333,0.792076772877,2,29,29,1.0,1.0,0.610169491525,0.668672210841,2,0,0,36,0,36,-0.610169491525,-0.610169491525,0,3009,2160,1380,-3789,6549,-0.57856161246,147,111,-36,-0.211764705882,60,1.0,54,94,1,120,51,94,119,0.991666666667,0.836013950372,2,29,7,1.0,1.0,0.697478991597,0.612985239065,2,0,0,36,0,36,-0.302521008403,-0.302521008403,0,6069,3384,7802,-1651,17255,-0.095682410895,181,177,-4,-0.015151515152,120,1.0,54,94,1,127,51,94,123,0.968503937008,0.838182663867,2,29,7,1.0,1.0,0.707317073171,0.604536484581,2,0,0,36,0,36,-0.292682926829,-0.292682926829,0,6273,3384,8178,-1479,17835,-0.082926829268,181,181,0,0.0,127,1.0,54,94,1,127,51,94,123,0.968503937008,0.838182663867,2,29,7,1.0,1.0,0.707317073171,0.604536484581,2,0,0,36,0,36,-0.292682926829,-0.292682926829,0,6273,3384,8178,-1479,17835,-0.082926829268,181,181,0,0.0,127,1.0
MOT17-09-FRCNN,20,28,277,v_to_u,28,20,1,278,248,1,1,28,20,1,277,277,198,525,1,328,1,80,1,248,248,248,1.0,0.11057712393,0.024123438558,0.695090356705,0.026633597648,0.152693597794,-1.0,-1.0,18,166,-0.039231886063,1,"{""20"": 248}",248,1,30,1,30,1,30,30,1.0,0.899173273135,1,11,11,1.0,1.0,1.0,-0.0,1,0,0,30,0,30,-1.0,-1.0,0,30,900,0,-930,930,-1.0,61,31,-30,-0.491803278689,30,1.0,1,60,1,60,1,60,60,1.0,0.888341530843,1,11,11,1.0,1.0,1.0,-0.0,1,0,0,60,0,60,-1.0,-1.0,0,60,3600,0,-3660,3660,-1.0,121,61,-60,-0.495867768595,60,1.0,1,80,1,120,1,80,120,1.0,0.878785886837,1,11,11,1.0,1.0,0.958333333333,0.173205206749,2,0,0,115,0,115,-0.958333333333,-0.958333333333,0,120,9200,400,-8920,9720,-0.917695473251,196,115,-81,-0.402985074627,120,1.0,1,80,1,248,1,80,248,1.0,0.897510742368,1,11,11,1.0,1.0,0.979838709677,0.098666164335,2,0,0,243,0,243,-0.979838709677,-0.979838709677,0,248,19440,400,-19288,20088,-0.960175228992,324,243,-81,-0.246200607903,248,1.0,1,80,1,248,1,80,248,1.0,0.897510742368,1,11,11,1.0,1.0,0.979838709677,0.098666164335,2,0,0,243,0,243,-0.979838709677,-0.979838709677,0,248,19440,400,-19288,20088,-0.960175228992,324,243,-81,-0.246200607903,248,1.0
MOT17-09-FRCNN,4,25,285,v_to_u,25,4,1,286,240,63,63,25,4,1,223,285,1,525,63,525,63,285,1,240,240,240,1.0,0.179046861635,0.123790295711,0.462321154482,0.254150439028,0.226594984099,-1.0,-1.0,19,171,0.142488689255,1,"{""4"": 240}",240,30,30,1,30,26,30,30,1.0,0.849206466199,1,7,7,0.807692307692,1.0,0.866666666667,0.392674467228,2,0,0,26,0,26,-0.866666666667,-0.866666666667,0,780,780,120,-1440,1680,-0.857142857143,77,51,-26,-0.302325581395,30,1.0,60,60,1,60,56,59,60,1.0,0.849563728786,1,7,7,0.892857142857,1.0,0.433333333333,0.993402023713,3,0,8,26,8,26,-0.3,-0.3,426,2934,1534,2006,-2036,6900,-0.295072463768,135,117,-18,-0.102857142857,60,1.0,63,120,1,120,59,119,120,1.0,0.876349226267,1,7,29,0.898305084746,0.613445378151,0.716666666667,0.750659161117,3,0,8,26,8,26,-0.15,-0.15,450,6630,2258,12022,3584,21360,0.167790262172,152,159,7,0.023489932886,120,1.0,63,285,1,240,59,284,240,1.0,0.879140303319,1,1,29,0.898305084746,0.739436619718,0.508333333333,1.065533836332,4,1,8,8,0,0,0.0,0.0,450,13710,3578,64582,47744,82320,0.579980563654,223,332,109,0.186963979417,240,1.0,63,285,1,240,59,284,240,1.0,0.879140303319,1,1,29,0.898305084746,0.739436619718,0.508333333333,1.065533836332,4,1,8,8,0,0,0.0,0.0,450,13710,3578,64582,47744,82320,0.579980563654,223,332,109,0.186963979417,240,1.0
MOT17-09-FRCNN,4,29,331,v_to_u,29,4,1,332,194,46,46,29,4,1,286,331,1,525,46,525,46,331,1,194,194,194,1.0,0.108350403645,0.041624132583,0.632048871544,0.165616196057,0.136018992868,-1.0,-1.0,20,181,-0.009092262203,1,"{""4"": 194}",194,30,30,1,30,30,30,30,1.0,0.860624079878,1,29,29,1.0,0.666666666667,0.733333333333,0.579915171418,2,0,8,22,8,22,-0.466666666667,-0.466666666667,240,660,440,460,-400,1800,-0.222222222222,72,58,-14,-0.155555555556,30,1.0,46,60,1,60,46,60,60,1.0,0.8888939466,1,7,29,1.0,0.666666666667,0.866666666667,0.392674467228,2,0,8,0,8,0,0.133333333333,0.133333333333,368,2392,1040,2560,-504,6360,-0.079245283019,118,94,-24,-0.144578313253,60,1.0,46,120,1,120,46,119,120,1.0,0.879968631173,1,7,29,1.0,0.831932773109,0.85,0.525753324296,3,0,8,0,8,0,0.066666666667,0.066666666667,368,5152,2040,12240,5416,19800,0.273535353535,168,201,33,0.115789473684,120,1.0,46,300,1,194,46,299,194,1.0,0.884690821702,1,1,29,1.0,0.598662207358,0.525773195876,0.831923260139,3,1,8,8,0,0,0.0,0.0,368,8556,3472,54534,42874,66930,0.640579710145,187,281,94,0.17439703154,194,1.0,46,331,1,194,46,330,194,1.0,0.884690821702,1,1,29,1.0,0.636363636364,0.525773195876,0.831923260139,3,1,8,8,0,0,0.0,0.0,368,8556,3720,60300,48392,72944,0.663413029173,218,312,94,0.164912280702,194,1.0
MOT17-09-FRCNN,12,16,337,v_to_u,16,12,1,338,55,169,169,16,12,1,169,337,137,392,169,256,169,201,1,55,55,55,1.0,1.210472174464,0.220329029608,0.0,0.465533634574,0.397671228303,-1.0,-1.0,21,193,1.351874918153,1,"{""12"": 55}",55,30,30,1,30,30,30,30,1.0,0.874522519877,18,8,8,1.0,1.0,1.0,-0.0,1,0,0,30,0,30,-1.0,-1.0,0,900,900,0,-1800,1800,-1.0,90,60,-30,-0.333333333333,30,1.0,60,60,1,55,60,60,45,0.818181818182,0.830874385557,18,8,8,1.0,1.0,1.0,-0.0,1,0,0,45,0,45,-1.0,-1.0,0,2700,2700,0,-5400,5400,-1.0,165,120,-45,-0.272727272727,55,1.0,120,120,1,55,120,120,45,0.818181818182,0.830874385557,18,8,8,0.95,1.0,1.0,-0.0,1,0,0,45,0,45,-1.0,-1.0,0,5400,5400,0,-10800,10800,-1.0,279,234,-45,-0.157894736842,55,1.0,169,201,1,55,169,201,45,0.818181818182,0.830874385557,18,8,8,0.96449704142,1.0,1.0,-0.0,1,0,0,45,0,45,-1.0,-1.0,0,7605,9045,0,-16650,16650,-1.0,409,364,-45,-0.10843373494,55,1.0,169,201,1,55,169,201,45,0.818181818182,0.830874385557,18,8,8,0.96449704142,1.0,1.0,-0.0,1,0,0,45,0,45,-1.0,-1.0,0,7605,9045,0,-16650,16650,-1.0,409,364,-45,-0.10843373494,55,1.0
MOT17-09-FRCNN,2,14,340,v_to_u,14,2,1,341,52,196,196,14,2,1,145,340,1,392,196,392,196,340,1,52,52,52,1.0,0.094305582535,0.155034335247,0.505837372377,0.484971907654,0.196568152165,-1.0,-1.0,22,201,0.074758829234,1,"{""2"": 52}",52,30,30,1,30,30,30,30,1.0,0.907610347625,10,22,22,0.966666666667,0.966666666667,1.0,-0.0,1,0,0,30,0,30,-1.0,-1.0,30,870,870,30,-1680,1800,-0.933333333333,88,58,-30,-0.333333333333,30,1.0,60,60,1,52,60,60,52,1.0,0.906368647223,10,22,22,0.983333333333,0.983333333333,1.0,-0.0,1,0,0,52,0,52,-1.0,-1.0,52,3068,3068,52,-6032,6240,-0.966666666667,170,118,-52,-0.302325581395,52,1.0,120,120,1,52,120,120,52,1.0,0.906368647223,10,22,22,0.991666666667,0.991666666667,1.0,-0.0,1,0,0,52,0,52,-1.0,-1.0,52,6188,6188,52,-12272,12480,-0.983333333333,290,238,-52,-0.178082191781,52,1.0,196,300,1,52,196,300,52,1.0,0.906368647223,10,22,22,0.989795918367,0.996666666667,1.0,-0.0,1,0,0,52,0,52,-1.0,-1.0,52,10140,15548,52,-25584,25792,-0.991935483871,545,493,-52,-0.094890510949,52,1.0,196,340,1,52,196,340,52,1.0,0.906368647223,10,22,22,0.989795918367,0.997058823529,1.0,-0.0,1,0,0,52,0,52,-1.0,-1.0,52,10140,17628,52,-27664,27872,-0.992537313433,585,533,-52,-0.08843537415,52,1.0
MOT17-09-FRCNN,4,22,349,v_to_u,22,4,1,350,176,134,134,22,4,1,216,349,1,525,134,525,134,349,1,176,176,176,1.0,0.678998749104,0.096953743046,0.0,0.039164394339,0.087662769765,-1.0,-1.0,23,211,0.715919901276,1,"{""4"": 176}",176,30,30,1,30,30,30,30,1.0,0.903460582903,13,29,29,1.0,0.733333333333,1.0,-0.0,1,0,0,30,0,30,-1.0,-1.0,0,900,660,240,-1320,1800,-0.733333333333,82,52,-30,-0.333333333333,30,1.0,60,60,1,60,60,60,60,1.0,0.902005444677,13,29,29,1.0,0.5,1.0,-0.0,1,0,0,60,0,60,-1.0,-1.0,0,3600,1800,1800,-3600,7200,-0.5,150,90,-60,-0.333333333333,60,1.0,120,120,1,120,120,119,120,1.0,0.892587752525,13,7,29,1.0,0.680672268908,0.766666666667,0.543272781337,2,0,0,0,0,0,0.0,0.0,0,14400,2760,11520,-5640,28680,-0.196652719665,242,201,-41,-0.114206128134,120,1.0,134,300,1,176,134,299,176,1.0,0.889927789067,13,1,29,0.977611940299,0.565217391304,0.522727272727,0.692113766678,2,0,0,0,0,0,0.0,0.0,0,23584,2760,49864,23520,76208,0.308629015326,300,300,0,0.0,176,1.0,134,349,1,176,134,348,176,1.0,0.889927789067,13,1,29,0.977611940299,0.626436781609,0.522727272727,0.692113766678,2,0,0,0,0,0,0.0,0.0,0,23584,2760,58488,32144,84832,0.378913617503,349,349,0,0.0,176,1.0
MOT17-09-FRCNN,20,22,349,v_to_u,22,20,1,350,176,134,134,22,20,1,216,349,198,525,134,328,134,152,1,176,176,176,1.0,0.019728794676,0.026854124822,0.874665080025,0.081282002608,0.052632228975,-1.0,-1.0,24,215,-0.178832520967,1,"{""20"": 176}",176,30,30,1,30,30,30,30,1.0,0.864568200361,13,11,11,1.0,1.0,0.833333333333,0.450561208866,2,0,5,25,5,25,-0.666666666667,-0.666666666667,150,750,750,150,-1200,1800,-0.666666666667,85,65,-20,-0.222222222222,30,1.0,60,60,1,60,60,60,60,1.0,0.873649812505,13,11,11,1.0,1.0,0.916666666667,0.286835983056,2,0,5,55,5,55,-0.833333333333,-0.833333333333,300,3300,3300,300,-6000,7200,-0.833333333333,175,125,-50,-0.277777777778,60,1.0,120,120,1,120,120,120,120,1.0,0.893504432932,13,11,11,1.0,1.0,0.958333333333,0.173205206749,2,0,5,115,5,115,-0.916666666667,-0.916666666667,600,13800,13800,600,-26400,28800,-0.916666666667,355,245,-110,-0.305555555556,120,1.0,134,152,1,176,134,152,176,1.0,0.901637084168,13,11,11,0.977611940299,1.0,0.971590909091,0.129167757969,2,0,5,171,5,171,-0.943181818182,-0.943181818182,655,22929,25992,760,-47506,50336,-0.943777813096,454,288,-166,-0.359307359307,176,1.0,134,152,1,176,134,152,176,1.0,0.901637084168,13,11,11,0.977611940299,1.0,0.971590909091,0.129167757969,2,0,5,171,5,171,-0.943181818182,-0.943181818182,655,22929,25992,760,-47506,50336,-0.943777813096,454,288,-166,-0.359307359307,176,1.0
MOT17-09-FRCNN,22,23,349,u_to_v,22,23,1,350,138,131,131,22,23,1,216,349,219,487,134,269,134,131,1,138,138,138,1.0,0.524823051811,0.003300352559,0.095788230068,0.125195351815,0.02548041108,-1.0,-1.0,25,216,0.516768658723,1,"{""23"": 138}",138,30,30,1,30,30,30,30,1.0,0.938643495823,13,12,12,1.0,1.0,1.0,-0.0,1,0,0,30,0,30,-1.0,-1.0,0,900,900,0,-1800,1800,-1.0,90,60,-30,-0.333333333333,30,1.0,60,60,1,60,60,60,60,1.0,0.929888519647,13,12,12,1.0,1.0,1.0,-0.0,1,0,0,60,0,60,-1.0,-1.0,0,3600,3600,0,-7200,7200,-1.0,180,120,-60,-0.333333333333,60,1.0,120,120,1,120,120,120,116,0.966666666667,0.863617826773,13,12,12,1.0,1.0,0.879310344828,0.368296832748,2,0,0,102,0,102,-0.879310344828,-0.879310344828,0,13920,12240,1680,-24480,27840,-0.879310344828,342,240,-102,-0.286516853933,120,1.0,134,131,1,138,134,131,134,0.971014492754,0.857030110432,13,12,12,0.977611940299,1.0,0.761194029851,0.549699681708,2,0,0,102,0,102,-0.761194029851,-0.761194029851,306,17650,13362,4192,-26514,35510,-0.746662911856,364,262,-102,-0.255639097744,138,1.0,134,131,1,138,134,131,134,0.971014492754,0.857030110432,13,12,12,0.977611940299,1.0,0.761194029851,0.549699681708,2,0,0,102,0,102,-0.761194029851,-0.761194029851,306,17650,13362,4192,-26514,35510,-0.746662911856,364,262,-102,-0.255639097744,138,1.0
MOT17-09-FRCNN,30,33,363,v_to_u,33,30,1,364,108,1,1,33,30,1,363,363,295,471,1,177,1,69,1,108,108,108,1.0,3.224621380554,0.412005482035,0.0,0.738587140628,0.636172655442,-1.0,-1.0,26,226,3.465098730669,1,"{""30"": 108}",108,1,30,1,30,1,30,30,1.0,0.954631730202,6,2,2,1.0,1.0,1.0,-0.0,1,0,0,30,0,30,-1.0,-1.0,0,30,900,0,-930,930,-1.0,61,31,-30,-0.491803278689,30,1.0,1,60,1,60,1,60,60,1.0,0.932756613679,6,2,2,1.0,1.0,0.983333333333,0.084766075715,2,0,1,59,1,59,-0.966666666667,-0.966666666667,1,59,3540,60,-3538,3660,-0.966666666667,120,62,-58,-0.479338842975,60,1.0,1,69,1,108,1,69,108,1.0,0.917007730874,6,2,2,1.0,1.0,0.990740740741,0.052569326315,2,0,1,107,1,107,-0.981481481481,-0.981481481481,1,107,7383,69,-7420,7560,-0.981481481481,177,107,-70,-0.393258426966,108,1.0,1,69,1,108,1,69,108,1.0,0.917007730874,6,2,2,1.0,1.0,0.990740740741,0.052569326315,2,0,1,107,1,107,-0.981481481481,-0.981481481481,1,107,7383,69,-7420,7560,-0.981481481481,177,107,-70,-0.393258426966,108,1.0,1,69,1,108,1,69,108,1.0,0.917007730874,6,2,2,1.0,1.0,0.990740740741,0.052569326315,2,0,1,107,1,107,-0.981481481481,-0.981481481481,1,107,7383,69,-7420,7560,-0.981481481481,177,107,-70,-0.393258426966,108,1.0
MOT17-09-FRCNN,4,35,366,v_to_u,35,4,1,367,159,2,2,35,4,1,365,366,1,525,2,525,2,366,1,159,159,159,1.0,0.093059410286,0.094384995256,0.582142139764,0.332341276236,0.208699358434,-1.0,-1.0,27,230,0.025224187626,1,"{""4"": 159}",159,2,30,1,30,2,30,30,1.0,0.918448079563,1,29,29,1.0,0.9,1.0,-0.0,1,0,0,30,0,30,-1.0,-1.0,0,60,810,90,-780,960,-0.8125,59,33,-26,-0.41935483871,30,1.0,2,60,1,60,2,60,60,1.0,0.898818058932,1,29,29,1.0,0.783333333333,1.0,-0.0,1,0,0,60,0,60,-1.0,-1.0,0,120,2820,780,-2160,3720,-0.58064516129,109,68,-41,-0.33606557377,60,1.0,2,120,1,120,2,120,120,1.0,0.889965070804,1,7,29,1.0,0.541666666667,0.625,0.661563238158,2,0,0,0,0,0,0.0,0.0,0,240,3525,10875,7110,14640,0.485655737705,124,140,16,0.066115702479,120,1.0,2,300,1,159,2,299,159,1.0,0.887883618214,1,1,14,1.0,0.508361204013,0.528301886792,0.691544330409,2,1,0,0,0,0,0.0,0.0,0,318,3525,44016,40173,47859,0.839403247038,152,236,84,0.182608695652,159,1.0,2,366,1,159,2,365,159,1.0,0.887883618214,1,1,14,1.0,0.597260273973,0.528301886792,0.691544330409,2,1,0,0,0,0,0.0,0.0,0,318,3525,54510,50667,58353,0.868284406971,218,302,84,0.15969581749,159,1.0
MOT17-09-FRCNN,2,17,382,v_to_u,17,2,1,383,10,213,213,17,2,1,170,382,1,392,213,392,213,382,1,10,10,10,1.0,0.444822222499,0.036337843414,0.426100477572,0.254370342085,0.447277042893,-1.0,-1.0,28,240,0.417546302458,1,"{""2"": 10}",10,30,30,1,10,30,30,10,1.0,0.88006773257,21,22,22,1.0,1.0,1.0,-0.0,1,0,0,10,0,10,-1.0,-1.0,0,300,300,0,-600,600,-1.0,70,60,-10,-0.142857142857,10,1.0,60,60,1,10,60,60,10,1.0,0.88006773257,21,22,22,1.0,0.983333333333,1.0,-0.0,1,0,0,10,0,10,-1.0,-1.0,0,600,590,10,-1180,1200,-0.983333333333,129,119,-10,-0.076923076923,10,1.0,120,120,1,10,120,120,10,1.0,0.88006773257,21,22,22,1.0,0.991666666667,1.0,-0.0,1,0,0,10,0,10,-1.0,-1.0,0,1200,1190,10,-2380,2400,-0.991666666667,249,239,-10,-0.04,10,1.0,213,300,1,10,213,300,10,1.0,0.88006773257,21,22,22,1.0,0.996666666667,1.0,-0.0,1,0,0,10,0,10,-1.0,-1.0,0,2130,2990,10,-5110,5130,-0.996101364522,522,512,-10,-0.019120458891,10,1.0,213,382,1,10,213,382,10,1.0,0.88006773257,21,22,22,1.0,0.997382198953,1.0,-0.0,1,0,0,10,0,10,-1.0,-1.0,0,2130,3810,10,-5930,5950,-0.996638655462,604,594,-10,-0.01652892562,10,1.0
MOT17-09-FRCNN,2,32,392,u_to_v,2,32,1,393,69,36,36,2,32,1,1,392,357,461,392,105,392,36,1,69,69,69,1.0,2.021953692332,0.106457461167,0.0,0.191775611389,0.301640575362,-1.0,-1.0,29,257,2.097909676299,1,"{""32"": 69}",69,30,30,1,30,30,30,30,1.0,0.837113871847,22,13,13,1.0,1.0,1.0,-0.0,1,0,0,30,0,30,-1.0,-1.0,0,900,900,0,-1800,1800,-1.0,90,60,-30,-0.333333333333,30,1.0,60,36,1,60,60,36,60,1.0,0.880592023157,22,13,13,0.983333333333,1.0,1.0,-0.0,1,0,0,60,0,60,-1.0,-1.0,0,3600,2160,0,-5760,5760,-1.0,155,95,-60,-0.384615384615,60,1.0,120,36,1,69,120,36,65,0.942028985507,0.871468700994,22,13,13,0.991666666667,1.0,1.0,-0.0,1,0,0,65,0,65,-1.0,-1.0,0,7800,2340,0,-10140,10140,-1.0,220,155,-65,-0.294117647059,69,1.0,300,36,1,69,300,36,65,0.942028985507,0.871468700994,22,13,13,0.996666666667,1.0,1.0,-0.0,1,0,0,65,0,65,-1.0,-1.0,0,19500,2340,0,-21840,21840,-1.0,400,335,-65,-0.162094763092,69,1.0,392,36,1,69,392,36,65,0.942028985507,0.871468700994,22,13,13,0.997448979592,1.0,1.0,-0.0,1,0,0,65,0,65,-1.0,-1.0,0,25480,2340,0,-27820,27820,-1.0,492,427,-65,-0.131845841785,69,1.0
MOT17-09-FRCNN,12,23,392,u_to_v,12,23,1,393,95,174,174,12,23,1,137,392,219,487,256,269,256,174,1,95,95,95,1.0,1.417988245528,0.200438963879,0.0,0.397455911976,0.191883411385,-1.0,-1.0,30,263,1.527031918834,1,"{""23"": 95}",95,30,30,1,30,20,30,30,1.0,0.908291671662,8,12,12,1.0,1.0,1.0,-0.0,1,0,0,30,0,30,-1.0,-1.0,0,600,900,0,-1500,1500,-1.0,80,50,-30,-0.375,30,1.0,60,60,1,60,50,60,59,0.983333333333,0.843546873325,8,12,12,1.0,1.0,1.0,-0.0,1,0,0,59,0,59,-1.0,-1.0,0,2950,3540,0,-6490,6490,-1.0,169,110,-59,-0.349112426036,60,1.0,120,120,1,95,110,120,91,0.957894736842,0.819499712865,8,12,12,1.0,1.0,0.648351648352,0.648461066077,2,0,0,59,0,59,-0.648351648352,-0.648351648352,0,10010,7080,3840,-13250,20930,-0.633062589584,289,230,-59,-0.183800623053,95,1.0,256,174,1,95,246,174,91,0.957894736842,0.819499712865,8,12,12,1.0,1.0,0.648351648352,0.648461066077,2,0,0,59,0,59,-0.648351648352,-0.648351648352,0,22386,10266,5568,-27084,38220,-0.70863422292,479,420,-59,-0.115459882583,95,1.0,256,174,1,95,246,174,91,0.957894736842,0.819499712865,8,12,12,1.0,1.0,0.648351648352,0.648461066077,2,0,0,59,0,59,-0.648351648352,-0.648351648352,0,22386,10266,5568,-27084,38220,-0.70863422292,479,420,-59,-0.115459882583,95,1.0
MOT17-09-FRCNN,12,31,392,u_to_v,12,31,1,393,133,48,48,12,31,1,137,392,345,525,256,181,256,48,1,133,133,133,1.0,0.759290179037,0.022706149293,0.0,0.149319066051,0.252502243059,-1.0,-1.0,31,265,0.805148847271,1,"{""31"": 133}",133,30,30,1,30,20,30,30,1.0,0.886963786627,8,10,10,1.0,1.0,1.0,-0.0,1,0,0,30,0,30,-1.0,-1.0,0,600,900,0,-1500,1500,-1.0,80,50,-30,-0.375,30,1.0,60,48,1,60,50,48,48,0.8,0.858928441312,8,10,10,1.0,1.0,0.75,0.862047472847,5,0,0,36,0,36,-0.75,-0.75,0,2400,1728,576,-3552,4704,-0.755102040816,134,98,-36,-0.246575342466,60,1.0,120,48,1,120,110,48,108,0.9,0.851391226567,8,10,15,1.0,1.0,0.611111111111,0.883927282816,5,0,0,36,0,36,-0.333333333333,-0.333333333333,0,11880,1728,3456,-10152,17064,-0.594936708861,194,158,-36,-0.135338345865,120,1.0,256,48,1,133,246,48,121,0.90977443609,0.856002841007,8,10,15,1.0,1.0,0.644628099174,0.882467392759,6,0,0,36,0,36,-0.297520661157,-0.297520661157,0,29766,1728,4080,-27414,35574,-0.770618991398,330,294,-36,-0.086746987952,133,1.0,256,48,1,133,246,48,121,0.90977443609,0.856002841007,8,10,15,1.0,1.0,0.644628099174,0.882467392759,6,0,0,36,0,36,-0.297520661157,-0.297520661157,0,29766,1728,4080,-27414,35574,-0.770618991398,330,294,-36,-0.086746987952,133,1.0
MOT17-09-FRCNN,4,18,401,v_to_u,18,4,1,402,124,221,221,18,4,1,181,401,1,525,221,525,221,401,1,124,124,124,1.0,0.143370811169,0.100019850469,0.50588525748,0.307902541601,0.247898921545,-1.0,-1.0,32,269,0.09748460573,1,"{""4"": 124}",124,30,30,1,30,27,30,30,1.0,0.876711770948,7,29,29,1.0,1.0,1.0,-0.0,1,0,0,30,0,30,-1.0,-1.0,0,810,900,0,-1710,1710,-1.0,87,57,-30,-0.344827586207,30,1.0,60,60,1,60,57,60,60,1.0,0.871615199168,7,29,29,1.0,1.0,0.666666666667,0.636514168295,2,0,0,40,0,40,-0.666666666667,-0.666666666667,0,3420,2400,1200,-4620,7020,-0.65811965812,157,117,-40,-0.225988700565,60,1.0,120,120,1,120,116,120,120,1.0,0.878455685909,7,29,14,0.75,0.683333333333,0.666666666667,0.636514168295,2,0,0,40,0,40,-0.333333333333,-0.333333333333,1160,12760,3280,11120,-3760,28320,-0.132768361582,209,169,-40,-0.112359550562,120,1.0,221,300,1,124,217,299,124,1.0,0.879639574335,29,1,14,0.599078341014,0.391304347826,0.677419354839,0.628799394094,2,0,40,0,40,0,0.322580645161,0.322580645161,5200,21708,3280,33796,14008,63984,0.218929732433,247,287,40,0.0625,124,1.0,221,401,1,124,217,400,124,1.0,0.879639574335,29,1,14,0.599078341014,0.545,0.677419354839,0.628799394094,2,0,40,0,40,0,0.322580645161,0.322580645161,5200,21708,3280,46320,26532,76508,0.346787264077,348,388,40,0.053981106613,124,1.0
MOT17-09-FRCNN,18,23,401,u_to_v,18,23,1,402,86,183,183,18,23,1,181,401,219,487,221,269,221,183,1,86,86,86,1.0,0.367685071706,0.171777756876,0.228765259335,0.415731102005,0.268073365168,-1.0,-1.0,33,271,0.421818642809,1,"{""23"": 86}",86,30,30,1,30,27,30,30,1.0,0.873591962551,7,12,12,1.0,1.0,1.0,-0.0,1,0,0,30,0,30,-1.0,-1.0,0,810,900,0,-1710,1710,-1.0,87,57,-30,-0.344827586207,30,1.0,60,60,1,60,57,60,56,0.933333333333,0.815802783063,7,12,12,1.0,1.0,0.892857142857,0.340499778471,2,0,0,50,0,50,-0.892857142857,-0.892857142857,0,3192,3000,360,-5832,6552,-0.89010989011,167,117,-50,-0.28901734104,60,1.0,120,120,1,86,116,120,82,0.953488372093,0.807979373033,7,12,12,0.75,1.0,0.609756097561,0.668857062374,2,0,0,50,0,50,-0.609756097561,-0.609756097561,0,9512,6000,3840,-11672,19352,-0.60314179413,257,207,-50,-0.157232704403,86,1.0,221,183,1,86,217,183,82,0.953488372093,0.807979373033,29,12,12,0.599078341014,1.0,0.609756097561,0.668857062374,2,0,0,50,0,50,-0.609756097561,-0.609756097561,0,17794,9150,5856,-21088,32800,-0.642926829268,363,313,-50,-0.103734439834,86,1.0,221,183,1,86,217,183,82,0.953488372093,0.807979373033,29,12,12,0.599078341014,1.0,0.609756097561,0.668857062374,2,0,0,50,0,50,-0.609756097561,-0.609756097561,0,17794,9150,5856,-21088,32800,-0.642926829268,363,313,-50,-0.103734439834,86,1.0
MOT17-09-FRCNN,18,30,401,u_to_v,18,30,1,402,70,107,107,18,30,1,181,401,295,471,221,177,221,107,1,70,70,70,1.0,3.813191982758,0.615316569885,0.0,0.983790482105,0.914497454275,-1.0,-1.0,34,272,4.156849918867,1,"{""30"": 70}",70,30,30,1,30,27,30,30,1.0,0.929730380622,7,2,2,1.0,1.0,0.966666666667,0.146144746009,2,0,0,29,0,29,-0.966666666667,-0.966666666667,0,810,870,30,-1650,1710,-0.964912280702,86,57,-29,-0.333333333333,30,1.0,60,60,1,60,57,60,60,1.0,0.918651486814,7,2,2,1.0,1.0,0.983333333333,0.084766075715,2,0,0,59,0,59,-0.983333333333,-0.983333333333,0,3420,3540,60,-6900,7020,-0.982905982906,176,117,-59,-0.333333333333,60,1.0,120,107,1,70,116,107,70,1.0,0.905838239224,7,2,2,0.75,1.0,0.985714285714,0.074875973232,2,0,0,69,0,69,-0.985714285714,-0.985714285714,0,8120,7383,107,-15396,15610,-0.986290839206,263,194,-69,-0.235494880546,70,1.0,221,107,1,70,217,107,70,1.0,0.905838239224,29,2,2,0.599078341014,1.0,0.985714285714,0.074875973232,2,0,0,69,0,69,-0.985714285714,-0.985714285714,0,15190,7383,107,-22466,22680,-0.990564373898,306,237,-69,-0.175126903553,70,1.0,221,107,1,70,217,107,70,1.0,0.905838239224,29,2,2,0.599078341014,1.0,0.985714285714,0.074875973232,2,0,0,69,0,69,-0.985714285714,-0.985714285714,0,15190,7383,107,-22466,22680,-0.990564373898,306,237,-69,-0.175126903553,70,1.0
MOT17-09-FRCNN,20,32,461,v_to_u,32,20,1,462,64,105,105,32,20,1,357,461,198,525,105,328,105,264,1,64,64,64,1.0,0.049139539109,0.012615435542,0.833840655246,0.127246460475,0.017975631262,-1.0,-1.0,35,278,-0.141644556643,1,"{""20"": 64}",64,30,30,1,30,26,30,30,1.0,0.924589824741,13,11,11,1.0,1.0,1.0,-0.0,1,0,0,30,0,30,-1.0,-1.0,0,780,900,0,-1680,1680,-1.0,86,56,-30,-0.348837209302,30,1.0,60,60,1,60,56,60,60,1.0,0.915838608248,13,11,11,1.0,1.0,1.0,-0.0,1,0,0,60,0,60,-1.0,-1.0,0,3360,3600,0,-6960,6960,-1.0,176,116,-60,-0.340909090909,60,1.0,105,120,1,64,101,120,64,1.0,0.9129189269,13,11,11,1.0,0.958333333333,1.0,-0.0,1,0,0,64,0,64,-1.0,-1.0,0,6464,7360,320,-13504,14144,-0.954751131222,280,216,-64,-0.224561403509,64,1.0,105,264,1,64,101,264,64,1.0,0.9129189269,13,11,11,1.0,0.981060606061,1.0,-0.0,1,0,0,64,0,64,-1.0,-1.0,0,6464,16576,320,-22720,23360,-0.972602739726,424,360,-64,-0.149184149184,64,1.0,105,264,1,64,101,264,64,1.0,0.9129189269,13,11,11,1.0,0.981060606061,1.0,-0.0,1,0,0,64,0,64,-1.0,-1.0,0,6464,16576,320,-22720,23360,-0.972602739726,424,360,-64,-0.149184149184,64,1.0
MOT17-09-FRCNN,32,36,461,u_to_v,32,36,1,462,64,81,81,32,36,1,357,461,381,525,105,145,105,81,1,64,64,64,1.0,2.36909924172,0.038368601768,0.0,0.2134075412,0.086834310406,-1.0,-1.0,36,283,2.408715577323,1,"{""36"": 64}",64,30,30,1,30,26,30,30,1.0,0.847313700589,13,3,3,1.0,1.0,1.0,-0.0,1,0,0,30,0,30,-1.0,-1.0,0,780,900,0,-1680,1680,-1.0,86,56,-30,-0.348837209302,30,1.0,60,60,1,60,56,60,60,1.0,0.873737599636,13,3,3,1.0,1.0,1.0,-0.0,1,0,0,60,0,60,-1.0,-1.0,0,3360,3600,0,-6960,6960,-1.0,176,116,-60,-0.340909090909,60,1.0,105,81,1,64,101,81,64,1.0,0.874328399385,13,3,3,1.0,1.0,1.0,-0.0,1,0,0,64,0,64,-1.0,-1.0,0,6464,5184,0,-11648,11648,-1.0,246,182,-64,-0.260162601626,64,1.0,105,81,1,64,101,81,64,1.0,0.874328399385,13,3,3,1.0,1.0,1.0,-0.0,1,0,0,64,0,64,-1.0,-1.0,0,6464,5184,0,-11648,11648,-1.0,246,182,-64,-0.260162601626,64,1.0,105,81,1,64,101,81,64,1.0,0.874328399385,13,3,3,1.0,1.0,1.0,-0.0,1,0,0,64,0,64,-1.0,-1.0,0,6464,5184,0,-11648,11648,-1.0,246,182,-64,-0.260162601626,64,1.0
MOT17-09-FRCNN,30,34,471,u_to_v,30,34,1,472,54,107,107,30,34,1,295,471,365,525,177,161,177,107,1,54,54,54,1.0,4.141855431944,0.733394238632,0.0,1.117007456196,1.156884418477,-1.0,-1.0,37,292,4.55259317907,1,"{""34"": 54}",54,30,30,1,30,30,30,30,1.0,0.889811178608,2,6,6,1.0,1.0,1.0,-0.0,1,0,0,30,0,30,-1.0,-1.0,0,900,900,0,-1800,1800,-1.0,90,60,-30,-0.333333333333,30,1.0,60,60,1,54,60,60,54,1.0,0.848283437728,2,6,6,0.983333333333,0.983333333333,1.0,-0.0,1,0,0,54,0,54,-1.0,-1.0,54,3186,3186,54,-6264,6480,-0.966666666667,172,118,-54,-0.310344827586,54,1.0,120,107,1,54,120,107,54,1.0,0.848283437728,2,6,6,0.991666666667,0.990654205607,1.0,-0.0,1,0,0,54,0,54,-1.0,-1.0,54,6426,5724,54,-12042,12258,-0.982378854626,279,225,-54,-0.192170818505,54,1.0,177,107,1,54,177,107,54,1.0,0.848283437728,2,6,6,0.994350282486,0.990654205607,1.0,-0.0,1,0,0,54,0,54,-1.0,-1.0,54,9504,5724,54,-15120,15336,-0.985915492958,336,282,-54,-0.159763313609,54,1.0,177,107,1,54,177,107,54,1.0,0.848283437728,2,6,6,0.994350282486,0.990654205607,1.0,-0.0,1,0,0,54,0,54,-1.0,-1.0,54,9504,5724,54,-15120,15336,-0.985915492958,336,282,-54,-0.159763313609,54,1.0
MOT17-09-FRCNN,30,39,471,u_to_v,30,39,1,472,54,31,31,30,39,1,295,471,441,525,177,85,177,31,1,54,54,54,1.0,1.042653065007,0.341399789281,0.0,0.553085101921,0.587779084507,-1.0,-1.0,38,296,1.242089430971,1,"{""39"": 54}",54,30,30,1,30,30,30,30,1.0,0.955704726763,2,4,4,1.0,1.0,1.0,-0.0,1,0,0,30,0,30,-1.0,-1.0,0,900,900,0,-1800,1800,-1.0,90,60,-30,-0.333333333333,30,1.0,60,31,1,54,60,31,54,1.0,0.922894455037,2,4,4,0.983333333333,1.0,1.0,-0.0,1,0,0,54,0,54,-1.0,-1.0,0,3240,1674,0,-4914,4914,-1.0,144,90,-54,-0.372413793103,54,1.0,120,31,1,54,120,31,54,1.0,0.922894455037,2,4,4,0.991666666667,1.0,1.0,-0.0,1,0,0,54,0,54,-1.0,-1.0,0,6480,1674,0,-8154,8154,-1.0,204,150,-54,-0.263414634146,54,1.0,177,31,1,54,177,31,54,1.0,0.922894455037,2,4,4,0.994350282486,1.0,1.0,-0.0,1,0,0,54,0,54,-1.0,-1.0,0,9558,1674,0,-11232,11232,-1.0,261,207,-54,-0.206106870229,54,1.0,177,31,1,54,177,31,54,1.0,0.922894455037,2,4,4,0.994350282486,1.0,1.0,-0.0,1,0,0,54,0,54,-1.0,-1.0,0,9558,1674,0,-11232,11232,-1.0,261,207,-54,-0.206106870229,54,1.0
MOT17-09-FRCNN,23,40,473,v_to_u,40,23,1,474,14,21,21,40,23,1,453,473,219,487,21,269,21,255,1,14,14,14,1.0,0.440946995246,0.021023455324,0.148904877884,0.079706742611,0.076297199028,-1.0,-1.0,39,301,0.42457703377,1,"{""23"": 14}",14,21,30,1,14,17,26,14,1.0,0.82788267392,12,1,1,1.0,0.692307692308,1.0,-0.0,1,0,0,14,0,14,-1.0,-1.0,0,238,252,112,-378,602,-0.627906976744,49,35,-14,-0.245614035088,14,1.0,21,60,1,14,17,56,14,1.0,0.82788267392,12,12,1,1.0,0.678571428571,1.0,-0.0,1,1,0,0,0,0,0.0,0.0,0,238,252,532,42,1022,0.041095890411,49,52,3,0.034482758621,14,1.0,21,120,1,14,17,116,14,1.0,0.82788267392,12,12,1,1.0,0.844827586207,1.0,-0.0,1,1,0,0,0,0,0.0,0.0,0,238,252,1372,882,1862,0.473684210526,98,112,14,0.095238095238,14,1.0,21,255,1,14,17,251,14,1.0,0.82788267392,12,12,1,1.0,0.92828685259,1.0,-0.0,1,1,0,0,0,0,0.0,0.0,0,238,252,3262,2772,3752,0.738805970149,233,247,14,0.049645390071,14,1.0,21,255,1,14,17,251,14,1.0,0.82788267392,12,12,1,1.0,0.92828685259,1.0,-0.0,1,1,0,0,0,0,0.0,0.0,0,238,252,3262,2772,3752,0.738805970149,233,247,14,0.049645390071,14,1.0
MOT17-09-FRCNN,20,23,487,v_to_u,23,20,1,488,38,269,269,23,20,1,219,487,198,525,269,328,269,290,1,38,38,38,1.0,0.583855299684,0.090335244413,0.015547223168,0.287386869498,0.168766780436,-1.0,-1.0,40,310,0.648167669989,1,"{""20"": 38}",38,30,30,1,30,30,30,30,1.0,0.908975341916,1,11,11,1.0,1.0,1.0,-0.0,1,0,0,30,0,30,-1.0,-1.0,0,900,900,0,-1800,1800,-1.0,90,60,-30,-0.333333333333,30,1.0,60,60,1,38,56,60,38,1.0,0.907822920834,1,11,11,0.571428571429,1.0,1.0,-0.0,1,0,0,38,0,38,-1.0,-1.0,0,2128,2280,0,-4408,4408,-1.0,130,92,-38,-0.246753246753,38,1.0,120,120,1,38,116,120,38,1.0,0.907822920834,12,11,11,0.724137931034,1.0,1.0,-0.0,1,0,0,38,0,38,-1.0,-1.0,0,4408,4560,0,-8968,8968,-1.0,242,204,-38,-0.138686131387,38,1.0,269,290,1,38,265,290,38,1.0,0.907822920834,12,11,11,0.879245283019,0.98275862069,1.0,-0.0,1,0,0,38,0,38,-1.0,-1.0,0,10070,10830,190,-20710,21090,-0.981981981982,556,518,-38,-0.064080944351,38,1.0,269,290,1,38,265,290,38,1.0,0.907822920834,12,11,11,0.879245283019,0.98275862069,1.0,-0.0,1,0,0,38,0,38,-1.0,-1.0,0,10070,10830,190,-20710,21090,-0.981981981982,556,518,-38,-0.064080944351,38,1.0
MOT17-09-FRCNN,23,31,487,u_to_v,23,31,1,488,38,143,143,23,31,1,219,487,345,525,269,181,269,143,1,38,38,38,1.0,2.134055361585,0.261051940212,0.0,0.595887048887,0.391823893441,-1.0,-1.0,41,311,2.298089440871,1,"{""31"": 38}",38,30,30,1,30,30,30,30,1.0,0.789939072705,1,15,15,1.0,1.0,1.0,-0.0,1,0,0,30,0,30,-1.0,-1.0,0,900,900,0,-1800,1800,-1.0,90,60,-30,-0.333333333333,30,1.0,60,60,1,38,56,48,38,1.0,0.816517901098,1,15,15,0.571428571429,0.854166666667,0.973684210526,0.121692402678,2,0,0,37,0,37,-0.973684210526,-0.973684210526,0,2128,1517,307,-3338,3952,-0.84463562753,110,73,-37,-0.260563380282,38,1.0,120,120,1,38,116,108,38,1.0,0.816517901098,12,10,15,0.724137931034,0.564814814815,0.973684210526,0.121692402678,2,0,0,0,0,0,0.0,0.0,0,4408,1517,2587,-3338,8512,-0.392152255639,162,145,-17,-0.064885496183,38,1.0,269,143,1,38,265,131,38,1.0,0.816517901098,12,10,15,0.879245283019,0.641221374046,0.973684210526,0.121692402678,2,0,0,0,0,0,0.0,0.0,0,10070,1517,3461,-8126,15048,-0.540005316321,317,317,0,0.0,38,1.0,269,143,1,38,265,131,38,1.0,0.816517901098,12,10,15,0.879245283019,0.641221374046,0.973684210526,0.121692402678,2,0,0,0,0,0,0.0,0.0,0,10070,1517,3461,-8126,15048,-0.540005316321,317,317,0,0.0,38,1.0
MOT17-09-FRCNN,23,37,487,u_to_v,23,37,1,488,23,69,69,23,37,1,219,487,419,510,269,92,269,69,1,23,23,23,1.0,0.128977690788,0.104454980845,0.620697140054,0.240896980606,0.122980503438,-1.0,-1.0,42,314,0.03630489939,1,"{""37"": 23}",23,30,30,1,23,30,29,22,0.95652173913,0.894892035937,1,13,13,1.0,1.0,1.0,-0.0,1,0,0,22,0,22,-1.0,-1.0,0,660,638,0,-1298,1298,-1.0,81,59,-22,-0.271604938272,23,1.0,60,60,1,23,56,58,22,0.95652173913,0.894892035937,1,13,13,0.571428571429,0.51724137931,1.0,-0.0,1,0,0,22,0,22,-1.0,-1.0,0,1232,660,616,-1276,2508,-0.508771929825,84,62,-22,-0.161764705882,23,1.0,120,69,1,23,116,67,22,0.95652173913,0.894892035937,12,1,13,0.724137931034,0.55223880597,1.0,-0.0,1,0,0,0,0,0,0.0,0.0,0,2552,660,814,-2398,4026,-0.595628415301,136,121,-15,-0.073170731707,23,1.0,269,69,1,23,265,67,22,0.95652173913,0.894892035937,12,1,13,0.879245283019,0.55223880597,1.0,-0.0,1,0,0,0,0,0,0.0,0.0,0,5830,660,814,-5676,7304,-0.777108433735,285,270,-15,-0.042372881356,23,1.0,269,69,1,23,265,67,22,0.95652173913,0.894892035937,12,1,13,0.879245283019,0.55223880597,1.0,-0.0,1,0,0,0,0,0,0.0,0.0,0,5830,660,814,-5676,7304,-0.777108433735,285,270,-15,-0.042372881356,23,1.0
MOT17-09-FRCNN,31,38,501,v_to_u,38,31,1,502,24,77,77,38,31,1,425,501,345,525,77,181,77,157,1,24,24,24,1.0,0.079120731566,0.013008378238,0.758510270386,0.010623094257,0.019713551752,-1.0,-1.0,43,321,-0.10422107687,1,"{""31"": 24}",24,30,30,1,24,30,30,24,1.0,0.81138693698,17,15,15,1.0,1.0,0.958333333333,0.173205206749,2,0,0,23,0,23,-0.958333333333,-0.958333333333,0,720,690,30,-1380,1440,-0.958333333333,83,60,-23,-0.27380952381,24,1.0,60,60,1,24,60,59,24,1.0,0.81138693698,17,15,15,1.0,0.932203389831,0.958333333333,0.173205206749,2,0,0,23,0,23,-0.958333333333,-0.958333333333,0,1440,1265,151,-2554,2856,-0.894257703081,138,115,-23,-0.160839160839,24,1.0,77,120,1,24,77,108,24,1.0,0.81138693698,17,15,15,1.0,0.509259259259,0.958333333333,0.173205206749,2,0,0,23,0,23,-0.958333333333,-0.958333333333,0,1848,1265,1327,-1786,4440,-0.402252252252,155,132,-23,-0.11004784689,24,1.0,77,157,1,24,77,145,24,1.0,0.81138693698,17,10,15,1.0,0.579310344828,0.958333333333,0.173205206749,2,0,0,0,0,0,0.0,0.0,0,1848,1265,2215,-898,5328,-0.168543543544,161,161,0,0.0,24,1.0,77,157,1,24,77,145,24,1.0,0.81138693698,17,10,15,1.0,0.579310344828,0.958333333333,0.173205206749,2,0,0,0,0,0,0.0,0.0,0,1848,1265,2215,-898,5328,-0.168543543544,161,161,0,0.0,24,1.0
MOT17-09-FRCNN,36,43,504,v_to_u,43,36,1,505,21,1,1,43,36,1,504,504,381,525,1,145,1,124,1,21,21,21,1.0,0.827215129347,0.020843589318,0.0,0.032661806437,0.056071834967,-1.0,-1.0,44,332,0.841299390816,1,"{""36"": 21}",21,1,30,1,21,1,30,21,1.0,0.901274028488,17,3,3,1.0,1.0,1.0,-0.0,1,0,0,21,0,21,-1.0,-1.0,0,21,630,0,-651,651,-1.0,52,31,-21,-0.403846153846,21,1.0,1,60,1,21,1,60,21,1.0,0.901274028488,17,3,3,1.0,1.0,1.0,-0.0,1,0,0,21,0,21,-1.0,-1.0,0,21,1260,0,-1281,1281,-1.0,82,61,-21,-0.256097560976,21,1.0,1,120,1,21,1,120,21,1.0,0.901274028488,17,3,3,1.0,1.0,1.0,-0.0,1,0,0,21,0,21,-1.0,-1.0,0,21,2520,0,-2541,2541,-1.0,142,121,-21,-0.147887323944,21,1.0,1,124,1,21,1,124,21,1.0,0.901274028488,17,3,3,1.0,1.0,1.0,-0.0,1,0,0,21,0,21,-1.0,-1.0,0,21,2604,0,-2625,2625,-1.0,146,125,-21,-0.143835616438,21,1.0,1,124,1,21,1,124,21,1.0,0.901274028488,17,3,3,1.0,1.0,1.0,-0.0,1,0,0,21,0,21,-1.0,-1.0,0,21,2604,0,-2625,2625,-1.0,146,125,-21,-0.143835616438,21,1.0
MOT17-09-FRCNN,34,44,512,v_to_u,44,34,1,513,13,6,6,44,34,1,507,512,365,525,6,161,6,148,1,13,13,13,1.0,0.156208162051,0.139884081832,0.458495989741,0.129060240082,0.358408046626,-1.0,-1.0,45,349,0.125302013744,1,"{""34"": 13}",13,6,30,1,13,6,30,13,1.0,0.840639028542,17,6,6,1.0,1.0,1.0,-0.0,1,0,0,13,0,13,-1.0,-1.0,0,78,390,0,-468,468,-1.0,49,36,-13,-0.265306122449,13,1.0,6,60,1,13,6,60,13,1.0,0.840639028542,17,6,6,1.0,1.0,1.0,-0.0,1,0,0,13,0,13,-1.0,-1.0,0,78,780,0,-858,858,-1.0,79,66,-13,-0.164556962025,13,1.0,6,120,1,13,6,120,13,1.0,0.840639028542,17,6,6,1.0,0.991666666667,1.0,-0.0,1,0,0,13,0,13,-1.0,-1.0,0,78,1547,13,-1612,1638,-0.984126984127,138,125,-13,-0.093525179856,13,1.0,6,148,1,13,6,148,13,1.0,0.840639028542,17,6,6,1.0,0.993243243243,1.0,-0.0,1,0,0,13,0,13,-1.0,-1.0,0,78,1911,13,-1976,2002,-0.987012987013,166,153,-13,-0.077844311377,13,1.0,6,148,1,13,6,148,13,1.0,0.840639028542,17,6,6,1.0,0.993243243243,1.0,-0.0,1,0,0,13,0,13,-1.0,-1.0,0,78,1911,13,-1976,2002,-0.987012987013,166,153,-13,-0.077844311377,13,1.0
MOT17-09-FRCNN,39,46,524,v_to_u,46,39,1,525,1,1,1,46,39,1,524,524,441,525,1,85,1,84,1,1,1,1,1.0,0.126073293079,0.027345803339,0.669091210141,0.019406430778,0.047993811245,-1.0,-1.0,46,360,-0.02762303442,1,"{""39"": 1}",1,1,30,1,1,0,30,1,1.0,0.866025355975,-1,4,4,,1.0,1.0,-0.0,1,0,0,1,0,0,0.0,-1.0,0,0,30,0,-30,30,-1.0,31,30,-1,-0.032258064516,1,1.0,1,60,1,1,0,60,1,1.0,0.866025355975,-1,4,4,,1.0,1.0,-0.0,1,0,0,1,0,0,0.0,-1.0,0,0,60,0,-60,60,-1.0,61,60,-1,-0.016393442623,1,1.0,1,84,1,1,0,84,1,1.0,0.866025355975,-1,4,4,,1.0,1.0,-0.0,1,0,0,1,0,0,0.0,-1.0,0,0,84,0,-84,84,-1.0,85,84,-1,-0.011764705882,1,1.0,1,84,1,1,0,84,1,1.0,0.866025355975,-1,4,4,,1.0,1.0,-0.0,1,0,0,1,0,0,0.0,-1.0,0,0,84,0,-84,84,-1.0,85,84,-1,-0.011764705882,1,1.0,1,84,1,1,0,84,1,1.0,0.866025355975,-1,4,4,,1.0,1.0,-0.0,1,0,0,1,0,0,0.0,-1.0,0,0,84,0,-84,84,-1.0,85,84,-1,-0.011764705882,1,1.0
MOT17-10-FRCNN,19,20,17,v_to_u,20,19,1,18,54,1,1,20,19,1,17,17,3,71,1,69,1,15,1,54,54,54,1.0,0.827663465725,0.014819811287,0.0,0.006329135052,0.023568311027,-1.0,-1.0,1,19,0.834358163155,1,"{""19"": 54}",54,1,15,1,30,0,15,28,0.933333333333,0.801268907753,-1,40,40,,1.0,1.0,-0.0,1,0,0,28,0,0,0.0,-1.0,0,0,420,0,-420,420,-1.0,43,28,-15,-0.348837209302,30,1.0,1,15,1,54,0,15,51,0.944444444444,0.79155569853,-1,40,40,,1.0,1.0,-0.0,1,0,0,51,0,0,0.0,-1.0,0,0,765,0,-765,765,-1.0,66,51,-15,-0.227272727273,54,1.0,1,15,1,54,0,15,51,0.944444444444,0.79155569853,-1,40,40,,1.0,1.0,-0.0,1,0,0,51,0,0,0.0,-1.0,0,0,765,0,-765,765,-1.0,66,51,-15,-0.227272727273,54,1.0,1,15,1,54,0,15,51,0.944444444444,0.79155569853,-1,40,40,,1.0,1.0,-0.0,1,0,0,51,0,0,0.0,-1.0,0,0,765,0,-765,765,-1.0,66,51,-15,-0.227272727273,54,1.0,1,15,1,54,0,15,51,0.944444444444,0.79155569853,-1,40,40,,1.0,1.0,-0.0,1,0,0,51,0,0,0.0,-1.0,0,0,765,0,-765,765,-1.0,66,51,-15,-0.227272727273,54,1.0
MOT17-10-FRCNN,5,18,24,v_to_u,18,5,1,25,30,24,24,18,5,1,1,24,1,54,24,54,24,24,1,30,30,30,1.0,2.817325383832,0.894208106424,0.0,0.707533592103,0.832178616128,-1.0,-1.0,2,24,3.194848631261,1,"{""5"": 30}",30,24,24,1,30,24,24,29,0.966666666667,0.868345850485,22,8,8,1.0,1.0,1.0,-0.0,1,0,0,29,0,29,-1.0,-1.0,0,696,696,0,-1392,1392,-1.0,77,48,-29,-0.376623376623,30,1.0,24,24,1,30,24,24,29,0.966666666667,0.868345850485,22,8,8,1.0,1.0,1.0,-0.0,1,0,0,29,0,29,-1.0,-1.0,0,696,696,0,-1392,1392,-1.0,77,48,-29,-0.376623376623,30,1.0,24,24,1,30,24,24,29,0.966666666667,0.868345850485,22,8,8,1.0,1.0,1.0,-0.0,1,0,0,29,0,29,-1.0,-1.0,0,696,696,0,-1392,1392,-1.0,77,48,-29,-0.376623376623,30,1.0,24,24,1,30,24,24,29,0.966666666667,0.868345850485,22,8,8,1.0,1.0,1.0,-0.0,1,0,0,29,0,29,-1.0,-1.0,0,696,696,0,-1392,1392,-1.0,77,48,-29,-0.376623376623,30,1.0,24,24,1,30,24,24,29,0.966666666667,0.868345850485,22,8,8,1.0,1.0,1.0,-0.0,1,0,0,29,0,29,-1.0,-1.0,0,696,696,0,-1392,1392,-1.0,77,48,-29,-0.376623376623,30,1.0
MOT17-10-FRCNN,12,17,27,v_to_u,17,12,1,28,33,27,27,17,12,1,1,27,1,60,27,60,27,27,1,33,33,33,1.0,0.276806015743,0.010360692169,0.35594191966,0.046873119316,0.031080825465,-1.0,-1.0,3,49,0.198206103348,1,"{""12"": 33}",33,27,27,1,30,18,23,30,1.0,0.757371615169,27,38,38,0.833333333333,1.0,1.0,-0.0,1,0,0,30,0,30,-1.0,-1.0,90,450,690,0,-1050,1230,-0.853658536585,68,38,-30,-0.422535211268,30,1.0,27,27,1,33,18,23,32,0.969696969697,0.758490061637,27,38,38,0.833333333333,1.0,1.0,-0.0,1,0,0,32,0,32,-1.0,-1.0,96,480,736,0,-1120,1312,-0.853658536585,70,38,-32,-0.438356164384,33,1.0,27,27,1,33,18,23,32,0.969696969697,0.758490061637,27,38,38,0.833333333333,1.0,1.0,-0.0,1,0,0,32,0,32,-1.0,-1.0,96,480,736,0,-1120,1312,-0.853658536585,70,38,-32,-0.438356164384,33,1.0,27,27,1,33,18,23,32,0.969696969697,0.758490061637,27,38,38,0.833333333333,1.0,1.0,-0.0,1,0,0,32,0,32,-1.0,-1.0,96,480,736,0,-1120,1312,-0.853658536585,70,38,-32,-0.438356164384,33,1.0,27,27,1,33,18,23,32,0.969696969697,0.758490061637,27,38,38,0.833333333333,1.0,1.0,-0.0,1,0,0,32,0,32,-1.0,-1.0,96,480,736,0,-1120,1312,-0.853658536585,70,38,-32,-0.438356164384,33,1.0
MOT17-10-FRCNN,16,22,29,v_to_u,22,16,1,30,294,1,1,22,16,1,29,29,1,347,1,323,1,29,1,294,294,318,0.924528301887,0.404362562636,0.014655176569,0.161013873469,0.06415618506,0.06270757769,-1.0,-1.0,4,71,0.380459264686,1,"{""16"": 294}",294,1,29,1,30,1,25,27,0.9,0.767002098003,27,28,28,1.0,0.92,1.0,-0.0,1,0,0,27,0,27,-1.0,-1.0,0,27,621,54,-594,702,-0.846153846154,51,29,-22,-0.415094339623,30,1.0,1,29,1,41,1,25,33,0.80487804878,0.750068520829,27,28,28,1.0,0.92,1.0,-0.0,1,0,0,33,0,33,-1.0,-1.0,0,33,759,66,-726,858,-0.846153846154,57,35,-22,-0.372881355932,41,1.0,1,29,1,96,1,25,80,0.833333333333,0.763791832394,27,28,30,1.0,0.92,0.5875,0.677755549564,2,0,0,33,0,33,-0.4125,-0.4125,0,80,759,1241,402,2080,0.193269230769,57,70,13,0.122641509434,120,0.8,1,29,1,276,1,25,251,0.909420289855,0.763894755005,27,28,30,1.0,0.92,0.868525896414,0.38917934066,2,0,0,33,0,33,-0.131474103586,-0.131474103586,0,251,759,5516,4506,6526,0.690468893656,219,241,22,0.079422382671,300,0.92,1,29,1,294,1,25,266,0.904761904762,0.767136997264,27,28,30,1.0,0.92,0.875939849624,0.374937251604,2,0,0,33,0,33,-0.124060150376,-0.124060150376,0,266,759,5891,4866,6916,0.703585887796,234,256,22,0.075342465753,318,0.924528301887
MOT17-10-FRCNN,3,21,35,v_to_u,21,3,1,36,48,11,11,21,3,1,25,35,1,83,11,83,11,35,1,48,48,48,1.0,4.789863009132,0.898509314477,0.0,0.87878761756,0.919309037466,-1.0,-1.0,5,77,5.194300003254,1,"{""3"": 48}",48,11,30,1,30,10,25,29,0.966666666667,0.891879742095,22,6,6,1.0,1.0,1.0,-0.0,1,0,0,29,0,29,-1.0,-1.0,0,290,725,0,-1015,1015,-1.0,64,35,-29,-0.453125,30,1.0,11,35,1,48,10,30,46,0.958333333333,0.889034154944,22,6,6,1.0,1.0,1.0,-0.0,1,0,0,46,0,46,-1.0,-1.0,0,460,1380,0,-1840,1840,-1.0,86,46,-40,-0.46511627907,48,1.0,11,35,1,48,10,30,46,0.958333333333,0.889034154944,22,6,6,1.0,1.0,1.0,-0.0,1,0,0,46,0,46,-1.0,-1.0,0,460,1380,0,-1840,1840,-1.0,86,46,-40,-0.46511627907,48,1.0,11,35,1,48,10,30,46,0.958333333333,0.889034154944,22,6,6,1.0,1.0,1.0,-0.0,1,0,0,46,0,46,-1.0,-1.0,0,460,1380,0,-1840,1840,-1.0,86,46,-40,-0.46511627907,48,1.0,11,35,1,48,10,30,46,0.958333333333,0.889034154944,22,6,6,1.0,1.0,1.0,-0.0,1,0,0,46,0,46,-1.0,-1.0,0,460,1380,0,-1840,1840,-1.0,86,46,-40,-0.46511627907,48,1.0
MOT17-10-FRCNN,1,10,52,u_to_v,1,10,1,53,22,52,52,1,10,1,1,52,1,74,52,74,52,52,1,22,22,22,1.0,1.414948059071,0.059150204045,0.0,0.025701674623,0.045532334869,-1.0,-1.0,6,102,1.436859011032,1,"{""10"": 22}",22,30,30,1,22,29,30,18,0.818181818182,0.871861159828,5,15,15,1.0,1.0,1.0,-0.0,1,0,0,18,0,18,-1.0,-1.0,0,522,540,0,-1062,1062,-1.0,77,59,-18,-0.233766233766,22,1.0,52,52,1,22,51,52,18,0.818181818182,0.871861159828,5,15,15,1.0,1.0,1.0,-0.0,1,0,0,18,0,18,-1.0,-1.0,0,918,936,0,-1854,1854,-1.0,121,103,-18,-0.148760330579,22,1.0,52,52,1,22,51,52,18,0.818181818182,0.871861159828,5,15,15,1.0,1.0,1.0,-0.0,1,0,0,18,0,18,-1.0,-1.0,0,918,936,0,-1854,1854,-1.0,121,103,-18,-0.148760330579,22,1.0,52,52,1,22,51,52,18,0.818181818182,0.871861159828,5,15,15,1.0,1.0,1.0,-0.0,1,0,0,18,0,18,-1.0,-1.0,0,918,936,0,-1854,1854,-1.0,121,103,-18,-0.148760330579,22,1.0,52,52,1,22,51,52,18,0.818181818182,0.871861159828,5,15,15,1.0,1.0,1.0,-0.0,1,0,0,18,0,18,-1.0,-1.0,0,918,936,0,-1854,1854,-1.0,121,103,-18,-0.148760330579,22,1.0
MOT17-10-FRCNN,5,6,54,u_to_v,5,6,1,55,6,54,54,5,6,1,1,54,1,60,54,60,54,54,1,6,6,6,1.0,0.305762259625,0.470648239239,0.238808316536,0.829493829391,0.602600242313,-1.0,-1.0,7,118,0.506931647471,1,"{""6"": 6}",6,30,30,1,6,29,30,6,1.0,0.847723905869,8,3,3,1.0,1.0,1.0,-0.0,1,0,0,6,0,6,-1.0,-1.0,0,174,180,0,-354,354,-1.0,65,59,-6,-0.092307692308,6,1.0,54,54,1,6,53,54,6,1.0,0.847723905869,8,3,3,1.0,1.0,1.0,-0.0,1,0,0,6,0,6,-1.0,-1.0,0,318,324,0,-642,642,-1.0,113,107,-6,-0.053097345133,6,1.0,54,54,1,6,53,54,6,1.0,0.847723905869,8,3,3,1.0,1.0,1.0,-0.0,1,0,0,6,0,6,-1.0,-1.0,0,318,324,0,-642,642,-1.0,113,107,-6,-0.053097345133,6,1.0,54,54,1,6,53,54,6,1.0,0.847723905869,8,3,3,1.0,1.0,1.0,-0.0,1,0,0,6,0,6,-1.0,-1.0,0,318,324,0,-642,642,-1.0,113,107,-6,-0.053097345133,6,1.0,54,54,1,6,53,54,6,1.0,0.847723905869,8,3,3,1.0,1.0,1.0,-0.0,1,0,0,6,0,6,-1.0,-1.0,0,318,324,0,-642,642,-1.0,113,107,-6,-0.053097345133,6,1.0
MOT17-10-FRCNN,5,23,54,u_to_v,5,23,1,55,36,26,26,5,23,1,1,54,29,115,54,62,54,26,1,36,36,61,0.590163934426,5.088547138935,1.298818256179,0.0,1.24048610556,1.192533618509,-1.0,-1.0,8,130,5.656553675387,1,"{""23"": 36}",36,30,26,1,23,29,25,22,0.95652173913,0.773372378539,8,41,41,1.0,1.0,1.0,-0.0,1,0,0,22,0,22,-1.0,-1.0,0,638,550,0,-1188,1188,-1.0,76,54,-22,-0.289473684211,23,1.0,54,26,1,35,53,25,34,0.971428571429,0.774926217926,8,41,41,1.0,1.0,1.0,-0.0,1,0,0,34,0,34,-1.0,-1.0,0,1802,850,0,-2652,2652,-1.0,112,78,-34,-0.303571428571,60,0.583333333333,54,26,1,36,53,25,35,0.972222222222,0.77417947196,8,41,41,1.0,1.0,1.0,-0.0,1,0,0,35,0,35,-1.0,-1.0,0,1855,875,0,-2730,2730,-1.0,113,78,-35,-0.309734513274,61,0.590163934426,54,26,1,36,53,25,35,0.972222222222,0.77417947196,8,41,41,1.0,1.0,1.0,-0.0,1,0,0,35,0,35,-1.0,-1.0,0,1855,875,0,-2730,2730,-1.0,113,78,-35,-0.309734513274,61,0.590163934426,54,26,1,36,53,25,35,0.972222222222,0.77417947196,8,41,41,1.0,1.0,1.0,-0.0,1,0,0,35,0,35,-1.0,-1.0,0,1855,875,0,-2730,2730,-1.0,113,78,-35,-0.309734513274,61,0.590163934426
MOT17-10-FRCNN,14,26,56,u_to_v,14,26,1,57,156,15,15,14,26,1,1,56,42,212,56,171,56,15,1,156,156,156,1.0,2.092613513031,0.543268401601,0.0,0.518096730556,0.629436941537,-1.0,-1.0,9,152,2.343183980641,1,"{""26"": 156}",156,30,15,1,30,24,15,30,1.0,0.777047622975,12,43,43,1.0,1.0,1.0,-0.0,1,0,0,30,0,30,-1.0,-1.0,0,720,450,0,-1170,1170,-1.0,69,39,-30,-0.434782608696,30,1.0,56,15,1,60,50,15,60,1.0,0.789564481451,12,43,43,1.0,1.0,1.0,-0.0,1,0,0,60,0,60,-1.0,-1.0,0,3000,900,0,-3900,3900,-1.0,125,65,-60,-0.48,60,1.0,56,15,1,120,50,15,120,1.0,0.793029151036,12,43,43,1.0,1.0,1.0,-0.0,1,0,0,120,0,120,-1.0,-1.0,0,6000,1800,0,-7800,7800,-1.0,185,120,-65,-0.351351351351,120,1.0,56,15,1,156,50,15,153,0.980769230769,0.79667736446,12,43,43,1.0,1.0,1.0,-0.0,1,0,0,153,0,153,-1.0,-1.0,0,7650,2295,0,-9945,9945,-1.0,218,153,-65,-0.298165137615,156,1.0,56,15,1,156,50,15,153,0.980769230769,0.79667736446,12,43,43,1.0,1.0,1.0,-0.0,1,0,0,153,0,153,-1.0,-1.0,0,7650,2295,0,-9945,9945,-1.0,218,153,-65,-0.298165137615,156,1.0
MOT17-10-FRCNN,12,24,60,u_to_v,12,24,1,61,4,29,29,12,24,1,1,60,32,64,60,33,60,29,1,4,4,4,1.0,0.472302257271,0.034719047194,0.10602402336,0.10710130107,0.044880172619,-1.0,-1.0,10,190,0.469674160598,1,"{""24"": 4}",4,30,29,1,4,29,29,4,1.0,0.748161569111,38,27,27,1.0,1.0,1.0,-0.0,1,0,0,4,0,4,-1.0,-1.0,0,116,116,0,-232,232,-1.0,62,58,-4,-0.064516129032,4,1.0,60,29,1,4,55,29,4,1.0,0.748161569111,38,27,27,1.0,1.0,1.0,-0.0,1,0,0,4,0,4,-1.0,-1.0,0,220,116,0,-336,336,-1.0,88,84,-4,-0.045454545455,4,1.0,60,29,1,4,55,29,4,1.0,0.748161569111,38,27,27,1.0,1.0,1.0,-0.0,1,0,0,4,0,4,-1.0,-1.0,0,220,116,0,-336,336,-1.0,88,84,-4,-0.045454545455,4,1.0,60,29,1,4,55,29,4,1.0,0.748161569111,38,27,27,1.0,1.0,1.0,-0.0,1,0,0,4,0,4,-1.0,-1.0,0,220,116,0,-336,336,-1.0,88,84,-4,-0.045454545455,4,1.0,60,29,1,4,55,29,4,1.0,0.748161569111,38,27,27,1.0,1.0,1.0,-0.0,1,0,0,4,0,4,-1.0,-1.0,0,220,116,0,-336,336,-1.0,88,84,-4,-0.045454545455,4,1.0
MOT17-10-FRCNN,13,16,60,u_to_v,13,16,1,61,263,60,60,13,16,1,1,60,1,347,60,323,60,60,1,263,263,287,0.91637630662,0.131909066607,0.06609808097,0.590004809318,0.163275033772,0.087024787478,-1.0,-1.0,11,195,0.025962366645,1,"{""16"": 263}",263,30,30,1,10,22,27,6,0.6,0.673867423548,39,28,28,0.909090909091,1.0,1.0,-0.0,1,0,0,6,0,6,-1.0,-1.0,12,120,162,0,-270,294,-0.918367346939,53,47,-6,-0.109090909091,10,1.0,60,60,1,36,47,52,24,0.666666666667,0.69357757912,39,28,30,0.957446808511,0.961538461538,0.75,0.562335144619,2,0,0,6,0,6,-0.25,-0.25,12,1116,300,948,-456,2376,-0.191919191919,101,95,-6,-0.048780487805,60,0.6,60,60,1,96,47,52,80,0.833333333333,0.763754745622,39,28,30,0.957446808511,0.961538461538,0.925,0.266384463268,2,0,0,6,0,6,-0.075,-0.075,12,3748,300,3860,-176,7920,-0.022222222222,119,124,5,0.027932960894,120,0.8,60,60,1,263,47,52,239,0.908745247148,0.767152236929,39,28,30,0.957446808511,0.961538461538,0.97489539749,0.117289842742,2,0,0,6,0,6,-0.02510460251,-0.02510460251,12,11221,300,12128,619,23661,0.026161193525,278,283,5,0.014792899408,287,0.91637630662,60,60,1,263,47,52,239,0.908745247148,0.767152236929,39,28,30,0.957446808511,0.961538461538,0.97489539749,0.117289842742,2,0,0,6,0,6,-0.02510460251,-0.02510460251,12,11221,300,12128,619,23661,0.026161193525,278,283,5,0.014792899408,287,0.91637630662
MOT17-10-FRCNN,9,28,63,v_to_u,28,9,1,64,78,1,1,28,9,1,63,63,1,169,1,141,1,63,1,78,78,106,0.735849056604,0.082109909066,0.020271723284,0.73655022039,0.077085373189,0.046836104158,-1.0,-1.0,12,207,-0.084567567476,1,"{""9"": 78}",78,1,30,1,30,1,29,30,1.0,0.881399239092,23,11,11,1.0,0.793103448276,1.0,-0.0,1,0,0,30,0,30,-1.0,-1.0,0,30,690,180,-540,900,-0.6,54,35,-19,-0.316666666667,30,1.0,1,60,1,32,1,55,32,1.0,0.875217974451,23,23,11,1.0,0.563636363636,1.0,-0.0,1,1,0,0,0,0,0.0,0.0,0,32,736,1024,256,1792,0.142857142857,56,63,7,0.079545454545,60,0.533333333333,1,63,1,78,1,58,77,0.987179487179,0.87686159015,23,23,11,1.0,0.586206896552,1.0,-0.0,1,1,0,0,0,0,0.0,0.0,0,77,1771,2695,847,4543,0.186440677966,101,111,10,0.073529411765,106,0.735849056604,1,63,1,78,1,58,77,0.987179487179,0.87686159015,23,23,11,1.0,0.586206896552,1.0,-0.0,1,1,0,0,0,0,0.0,0.0,0,77,1771,2695,847,4543,0.186440677966,101,111,10,0.073529411765,106,0.735849056604,1,63,1,78,1,58,77,0.987179487179,0.87686159015,23,23,11,1.0,0.586206896552,1.0,-0.0,1,1,0,0,0,0,0.0,0.0,0,77,1771,2695,847,4543,0.186440677966,101,111,10,0.073529411765,106,0.735849056604
MOT17-10-FRCNN,16,19,70,u_to_v,16,19,1,71,1,68,68,16,19,1,1,347,3,71,323,69,70,68,1,1,1,1,1.0,0.492624966853,0.037854875858,0.089238868253,0.073835955831,0.039928651172,-1.0,-1.0,13,245,0.491155429455,1,"{""19"": 1}",1,30,30,1,1,23,30,0,0.0,,28,40,-1,1.0,1.0,,,0,0,0,0,0,0,0.0,0.0,0,0,0,0,0,0,0.0,53,53,0,0.0,1,1.0,60,60,1,1,48,58,0,0.0,,28,40,-1,0.958333333333,1.0,,,0,0,0,0,0,0,0.0,0.0,0,0,0,0,0,0,0.0,104,104,0,0.0,1,1.0,70,68,1,1,58,66,0,0.0,,28,40,-1,0.965517241379,1.0,,,0,0,0,0,0,0,0.0,0.0,0,0,0,0,0,0,0.0,122,122,0,0.0,1,1.0,70,68,1,1,58,66,0,0.0,,28,40,-1,0.965517241379,1.0,,,0,0,0,0,0,0,0.0,0.0,0,0,0,0,0,0,0.0,122,122,0,0.0,1,1.0,70,68,1,1,58,66,0,0.0,,28,40,-1,0.965517241379,1.0,,,0,0,0,0,0,0,0.0,0.0,0,0,0,0,0,0,0.0,122,122,0,0.0,1,1.0
MOT17-10-FRCNN,19,23,71,u_to_v,19,23,1,72,19,43,43,19,23,1,3,71,29,115,69,62,69,43,1,19,19,44,0.431818181818,1.002040643428,0.033001318246,0.0,0.07217179497,0.087475602612,-1.0,-1.0,14,265,1.026255712747,1,"{""23"": 19}",19,30,30,1,6,29,29,5,0.833333333333,0.714631435619,40,41,41,1.0,1.0,1.0,-0.0,1,0,0,5,0,5,-1.0,-1.0,0,145,145,0,-290,290,-1.0,63,58,-5,-0.079365079365,6,1.0,60,43,1,19,57,42,18,0.947368421053,0.758624798268,40,41,41,1.0,1.0,1.0,-0.0,1,0,0,18,0,18,-1.0,-1.0,0,1026,756,0,-1782,1782,-1.0,117,99,-18,-0.153846153846,44,0.431818181818,69,43,1,19,66,42,18,0.947368421053,0.758624798268,40,41,41,1.0,1.0,1.0,-0.0,1,0,0,18,0,18,-1.0,-1.0,0,1188,756,0,-1944,1944,-1.0,126,108,-18,-0.142857142857,44,0.431818181818,69,43,1,19,66,42,18,0.947368421053,0.758624798268,40,41,41,1.0,1.0,1.0,-0.0,1,0,0,18,0,18,-1.0,-1.0,0,1188,756,0,-1944,1944,-1.0,126,108,-18,-0.142857142857,44,0.431818181818,69,43,1,19,66,42,18,0.947368421053,0.758624798268,40,41,41,1.0,1.0,1.0,-0.0,1,0,0,18,0,18,-1.0,-1.0,0,1188,756,0,-1944,1944,-1.0,126,108,-18,-0.142857142857,44,0.431818181818
MOT17-10-FRCNN,23,27,71,v_to_u,27,23,1,72,19,20,20,27,23,1,52,71,29,115,20,62,20,43,1,19,19,44,0.431818181818,0.572400624885,0.006081681336,0.013202098399,0.04378057656,0.004170292751,-1.0,-1.0,15,271,0.57541560755,1,"{""23"": 19}",19,20,30,1,6,20,29,5,0.833333333333,0.714631435619,42,41,41,1.0,1.0,1.0,-0.0,1,0,0,5,0,5,-1.0,-1.0,0,100,145,0,-245,245,-1.0,54,49,-5,-0.092592592593,6,1.0,20,43,1,19,20,42,18,0.947368421053,0.758624798268,42,41,41,1.0,1.0,1.0,-0.0,1,0,0,18,0,18,-1.0,-1.0,0,360,756,0,-1116,1116,-1.0,80,62,-18,-0.225,44,0.431818181818,20,43,1,19,20,42,18,0.947368421053,0.758624798268,42,41,41,1.0,1.0,1.0,-0.0,1,0,0,18,0,18,-1.0,-1.0,0,360,756,0,-1116,1116,-1.0,80,62,-18,-0.225,44,0.431818181818,20,43,1,19,20,42,18,0.947368421053,0.758624798268,42,41,41,1.0,1.0,1.0,-0.0,1,0,0,18,0,18,-1.0,-1.0,0,360,756,0,-1116,1116,-1.0,80,62,-18,-0.225,44,0.431818181818,20,43,1,19,20,42,18,0.947368421053,0.758624798268,42,41,41,1.0,1.0,1.0,-0.0,1,0,0,18,0,18,-1.0,-1.0,0,360,756,0,-1116,1116,-1.0,80,62,-18,-0.225,44,0.431818181818
MOT17-10-FRCNN,9,23,77,v_to_u,23,9,1,78,64,49,49,23,9,1,29,115,1,169,62,141,49,77,1,64,64,92,0.695652173913,2.718331388516,0.763719897971,0.0,0.97416960684,0.888693325301,-1.0,-1.0,16,295,3.095547656223,1,"{""9"": 64}",64,30,30,1,17,28,30,17,1.0,0.893429913005,41,11,11,1.0,1.0,1.0,-0.0,1,0,0,17,0,17,-1.0,-1.0,0,476,510,0,-986,986,-1.0,75,58,-17,-0.226666666667,17,1.0,49,60,1,32,47,58,32,1.0,0.846746437494,41,11,11,1.0,0.637931034483,1.0,-0.0,1,0,0,32,0,32,-1.0,-1.0,0,1504,1184,672,-2016,3360,-0.6,116,84,-32,-0.233576642336,60,0.533333333333,49,77,1,64,47,72,63,0.984375,0.87841565708,41,11,11,1.0,0.513888888889,1.0,-0.0,1,0,0,63,0,63,-1.0,-1.0,0,2961,2331,2205,-3087,7497,-0.411764705882,147,97,-50,-0.274725274725,92,0.695652173913,49,77,1,64,47,72,63,0.984375,0.87841565708,41,11,11,1.0,0.513888888889,1.0,-0.0,1,0,0,63,0,63,-1.0,-1.0,0,2961,2331,2205,-3087,7497,-0.411764705882,147,97,-50,-0.274725274725,92,0.695652173913,49,77,1,64,47,72,63,0.984375,0.87841565708,41,11,11,1.0,0.513888888889,1.0,-0.0,1,0,0,63,0,63,-1.0,-1.0,0,2961,2331,2205,-3087,7497,-0.411764705882,147,97,-50,-0.274725274725,92,0.695652173913
MOT17-10-FRCNN,3,9,83,u_to_v,3,9,1,84,58,83,83,3,9,1,1,83,1,169,83,141,83,83,1,58,58,86,0.674418604651,0.510245321546,0.084160310574,0.101901632765,0.156069117761,0.024690240227,-1.0,-1.0,17,300,0.523885926797,1,"{""9"": 58}",58,30,30,1,11,29,30,11,1.0,0.894702453208,6,11,11,1.0,1.0,1.0,-0.0,1,0,0,11,0,11,-1.0,-1.0,0,319,330,0,-649,649,-1.0,70,59,-11,-0.157142857143,11,1.0,60,60,1,32,57,58,32,1.0,0.858237227951,6,11,11,1.0,0.741379310345,1.0,-0.0,1,0,0,32,0,32,-1.0,-1.0,0,1824,1376,480,-2720,3680,-0.739130434783,132,100,-32,-0.21768707483,60,0.533333333333,83,83,1,58,76,78,57,0.98275862069,0.877080787022,6,11,11,1.0,0.551282051282,1.0,-0.0,1,0,0,57,0,57,-1.0,-1.0,0,4332,2451,1995,-4788,8778,-0.545454545455,176,119,-57,-0.270142180095,86,0.674418604651,83,83,1,58,76,78,57,0.98275862069,0.877080787022,6,11,11,1.0,0.551282051282,1.0,-0.0,1,0,0,57,0,57,-1.0,-1.0,0,4332,2451,1995,-4788,8778,-0.545454545455,176,119,-57,-0.270142180095,86,0.674418604651,83,83,1,58,76,78,57,0.98275862069,0.877080787022,6,11,11,1.0,0.551282051282,1.0,-0.0,1,0,0,57,0,57,-1.0,-1.0,0,4332,2451,1995,-4788,8778,-0.545454545455,176,119,-57,-0.270142180095,86,0.674418604651
MOT17-10-FRCNN,3,30,83,u_to_v,3,30,1,84,328,14,14,3,30,1,1,83,70,411,83,342,83,14,1,328,328,328,1.0,6.527044001588,0.792423637541,0.0,0.774140781465,0.778693077946,-1.0,-1.0,18,305,6.880433296914,1,"{""30"": 328}",328,30,14,1,30,29,14,30,1.0,0.862216690787,6,7,7,1.0,1.0,1.0,-0.0,1,0,0,30,0,30,-1.0,-1.0,0,870,420,0,-1290,1290,-1.0,73,43,-30,-0.41095890411,30,1.0,60,14,1,60,57,14,60,1.0,0.845064833525,6,7,7,1.0,1.0,1.0,-0.0,1,0,0,60,0,60,-1.0,-1.0,0,3420,840,0,-4260,4260,-1.0,131,71,-60,-0.458015267176,60,1.0,83,14,1,120,76,14,120,1.0,0.844013205681,6,7,7,1.0,1.0,1.0,-0.0,1,0,0,120,0,120,-1.0,-1.0,0,9120,1680,0,-10800,10800,-1.0,210,120,-90,-0.428571428571,120,1.0,83,14,1,300,76,14,300,1.0,0.865898948371,6,7,7,1.0,1.0,1.0,-0.0,1,0,0,300,0,300,-1.0,-1.0,0,22800,4200,0,-27000,27000,-1.0,390,300,-90,-0.230769230769,300,1.0,83,14,1,328,76,14,327,0.996951219512,0.866317257201,6,7,7,1.0,1.0,1.0,-0.0,1,0,0,327,0,327,-1.0,-1.0,0,24852,4578,0,-29430,29430,-1.0,417,327,-90,-0.215827338129,328,1.0
MOT17-10-FRCNN,4,34,99,u_to_v,4,34,1,100,303,2,2,4,34,1,1,99,98,402,99,305,99,2,1,303,303,303,1.0,0.441222502794,0.497262467428,0.213011518811,0.679212554933,0.594396929942,-1.0,-1.0,19,322,0.639646188436,1,"{""34"": 303}",303,30,2,1,30,29,2,30,1.0,0.925499958074,1,9,9,1.0,1.0,1.0,-0.0,1,0,0,30,0,30,-1.0,-1.0,0,870,60,0,-930,930,-1.0,61,31,-30,-0.491803278689,30,1.0,60,2,1,60,59,2,60,1.0,0.903002238436,1,9,9,1.0,1.0,1.0,-0.0,1,0,0,60,0,60,-1.0,-1.0,0,3540,120,0,-3660,3660,-1.0,121,61,-60,-0.495867768595,60,1.0,99,2,1,120,98,2,120,1.0,0.89205300335,1,9,9,1.0,1.0,1.0,-0.0,1,0,0,120,0,120,-1.0,-1.0,0,11760,240,0,-12000,12000,-1.0,220,120,-100,-0.454545454545,120,1.0,99,2,1,300,98,2,300,1.0,0.892097707898,1,9,9,1.0,1.0,1.0,-0.0,1,0,0,300,0,300,-1.0,-1.0,0,29400,600,0,-30000,30000,-1.0,400,300,-100,-0.25,300,1.0,99,2,1,303,98,2,301,0.993399339934,0.8919447834,1,9,9,1.0,1.0,1.0,-0.0,1,0,0,301,0,301,-1.0,-1.0,0,29498,602,0,-30100,30100,-1.0,401,301,-100,-0.249376558603,303,1.0
MOT17-10-FRCNN,16,33,102,v_to_u,33,16,1,103,245,6,6,33,16,1,97,102,1,347,6,323,6,78,1,245,245,245,1.0,0.532910507033,0.215813151808,0.06953529013,0.209415438994,0.271730020455,-1.0,-1.0,20,329,0.617594518398,1,"{""16"": 245}",245,6,8,1,30,6,8,22,0.733333333333,0.719711076555,41,30,30,1.0,1.0,1.0,-0.0,1,0,0,22,0,22,-1.0,-1.0,0,132,176,0,-308,308,-1.0,36,22,-14,-0.388888888889,30,1.0,6,36,1,60,6,29,52,0.866666666667,0.793293703543,41,28,30,1.0,0.724137931034,1.0,-0.0,1,0,0,0,0,0,0.0,0.0,0,312,416,1092,364,1820,0.2,66,73,7,0.080459770115,60,1.0,6,78,1,120,6,66,104,0.866666666667,0.756058825498,41,28,30,1.0,0.848484848485,1.0,-0.0,1,0,0,0,0,0,0.0,0.0,0,624,832,6032,4576,7488,0.611111111111,118,160,42,0.238636363636,120,1.0,6,78,1,245,6,66,225,0.918367346939,0.770407733772,41,28,30,1.0,0.848484848485,1.0,-0.0,1,0,0,0,0,0,0.0,0.0,0,1350,1800,13050,9900,16200,0.611111111111,239,281,42,0.141414141414,245,1.0,6,78,1,245,6,66,225,0.918367346939,0.770407733772,41,28,30,1.0,0.848484848485,1.0,-0.0,1,0,0,0,0,0,0.0,0.0,0,1350,1800,13050,9900,16200,0.611111111111,239,281,42,0.141414141414,245,1.0
MOT17-10-FRCNN,16,23,115,v_to_u,23,16,1,116,232,55,87,23,16,1,29,115,1,347,62,323,62,91,1,232,232,232,1.0,0.213828658074,0.233780986582,0.484788311997,0.192534922836,0.274202191582,-1.0,-1.0,21,343,0.197750538162,1,"{""16"": 232}",232,13,21,1,30,13,18,25,0.833333333333,0.805221726081,41,30,30,1.0,1.0,1.0,-0.0,1,0,0,25,0,25,-1.0,-1.0,0,325,450,0,-775,775,-1.0,56,31,-25,-0.446428571429,30,1.0,35,36,1,60,34,27,54,0.9,0.802380161509,41,30,30,1.0,0.666666666667,1.0,-0.0,1,0,0,54,0,54,-1.0,-1.0,0,1836,972,486,-2322,3294,-0.704918032787,106,63,-43,-0.373913043478,60,1.0,62,91,1,120,60,76,107,0.891666666667,0.762638520266,41,28,30,1.0,0.736842105263,1.0,-0.0,1,0,0,0,0,0,0.0,0.0,0,6420,1926,6206,-2140,14552,-0.147058823529,185,163,-22,-0.090534979424,120,1.0,62,91,1,232,60,76,215,0.926724137931,0.775365221987,41,28,30,1.0,0.736842105263,1.0,-0.0,1,0,0,0,0,0,0.0,0.0,0,12900,3870,12470,-4300,29240,-0.147058823529,293,271,-22,-0.062678062678,232,1.0,62,91,1,232,60,76,215,0.926724137931,0.775365221987,41,28,30,1.0,0.736842105263,1.0,-0.0,1,0,0,0,0,0,0.0,0.0,0,12900,3870,12470,-4300,29240,-0.147058823529,293,271,-22,-0.062678062678,232,1.0
MOT17-10-FRCNN,23,29,115,u_to_v,23,29,1,116,260,25,50,23,29,1,29,115,66,375,62,310,62,50,1,260,260,260,1.0,3.519117496752,0.783937615842,0.0,0.942366016875,0.827272630711,-1.0,-1.0,22,346,3.892065765471,1,"{""29"": 260}",260,13,30,1,30,13,30,30,1.0,0.82250008324,41,23,23,1.0,1.0,1.0,-0.0,1,0,0,30,0,30,-1.0,-1.0,0,390,900,0,-1290,1290,-1.0,73,43,-30,-0.41095890411,30,1.0,35,50,1,60,34,50,60,1.0,0.802002938453,41,23,23,1.0,1.0,1.0,-0.0,1,0,0,60,0,60,-1.0,-1.0,0,2040,3000,0,-5040,5040,-1.0,144,84,-60,-0.416666666667,60,1.0,62,50,1,120,60,50,120,1.0,0.820510558843,41,23,23,1.0,1.0,1.0,-0.0,1,0,0,120,0,120,-1.0,-1.0,0,7200,6000,0,-13200,13200,-1.0,230,120,-110,-0.478260869565,120,1.0,62,50,1,260,60,50,254,0.976923076923,0.783222867539,41,23,23,1.0,1.0,0.933070866142,0.320702259274,5,0,0,237,0,237,-0.933070866142,-0.933070866142,0,15240,11850,850,-26240,27940,-0.939155332856,347,237,-110,-0.302197802198,260,1.0,62,50,1,260,60,50,254,0.976923076923,0.783222867539,41,23,23,1.0,1.0,0.933070866142,0.320702259274,5,0,0,237,0,237,-0.933070866142,-0.933070866142,0,15240,11850,850,-26240,27940,-0.939155332856,347,237,-110,-0.302197802198,260,1.0
MOT17-10-FRCNN,23,30,115,u_to_v,23,30,1,116,296,21,46,23,30,1,29,115,70,411,62,342,62,46,1,296,296,296,1.0,5.52897362629,0.363321216449,0.0,0.505844293416,0.5370393652,-1.0,-1.0,23,347,5.724092296264,1,"{""30"": 296}",296,13,30,1,30,13,30,30,1.0,0.826269205387,41,7,7,1.0,1.0,1.0,-0.0,1,0,0,30,0,30,-1.0,-1.0,0,390,900,0,-1290,1290,-1.0,73,43,-30,-0.41095890411,30,1.0,35,46,1,60,34,46,60,1.0,0.827089498483,41,7,7,1.0,1.0,1.0,-0.0,1,0,0,60,0,60,-1.0,-1.0,0,2040,2760,0,-4800,4800,-1.0,140,80,-60,-0.428571428571,60,1.0,62,46,1,120,60,46,120,1.0,0.838414395663,41,7,7,1.0,1.0,1.0,-0.0,1,0,0,120,0,120,-1.0,-1.0,0,7200,5520,0,-12720,12720,-1.0,226,120,-106,-0.469026548673,120,1.0,62,46,1,296,60,46,295,0.996621621622,0.867178271419,41,7,7,1.0,1.0,1.0,-0.0,1,0,0,295,0,295,-1.0,-1.0,0,17700,13570,0,-31270,31270,-1.0,401,295,-106,-0.26433915212,296,1.0,62,46,1,296,60,46,295,0.996621621622,0.867178271419,41,7,7,1.0,1.0,1.0,-0.0,1,0,0,295,0,295,-1.0,-1.0,0,17700,13570,0,-31270,31270,-1.0,401,295,-106,-0.26433915212,296,1.0
MOT17-10-FRCNN,23,31,115,u_to_v,23,31,1,116,418,21,46,23,31,1,29,115,70,533,62,464,62,46,1,418,418,418,1.0,1.364128888989,0.586195316384,0.0,0.797637752709,0.797326198033,-1.0,-1.0,24,348,1.67017411316,1,"{""31"": 418}",418,13,30,1,30,13,30,29,0.966666666667,0.776681209742,41,12,12,1.0,1.0,0.965517241379,0.14999492361,2,0,0,28,0,28,-0.965517241379,-0.965517241379,0,377,840,30,-1187,1247,-0.951884522855,71,43,-28,-0.388888888889,30,1.0,35,46,1,60,34,46,59,0.983333333333,0.798622040149,41,12,12,1.0,1.0,0.983050847458,0.085915501335,2,0,0,58,0,58,-0.983050847458,-0.983050847458,0,2006,2668,46,-4628,4720,-0.980508474576,138,80,-58,-0.41726618705,60,1.0,62,46,1,120,60,46,119,0.991666666667,0.818683027283,41,12,12,1.0,1.0,0.991596638655,0.048528655406,2,0,0,118,0,118,-0.991596638655,-0.991596638655,0,7140,5428,46,-12522,12614,-0.992706516569,224,118,-106,-0.471111111111,120,1.0,62,46,1,300,60,46,299,0.996666666667,0.823925355364,41,12,12,1.0,1.0,0.996655518395,0.022403911255,2,0,0,298,0,298,-0.996655518395,-0.996655518395,0,17940,13708,46,-31602,31694,-0.99709724238,404,298,-106,-0.261728395062,300,1.0,62,46,1,418,60,46,414,0.99043062201,0.842927885768,41,12,12,1.0,1.0,0.997584541063,0.016967771185,2,0,0,413,0,413,-0.997584541063,-0.997584541063,0,24840,18998,46,-43792,43884,-0.997903563941,519,413,-106,-0.203846153846,418,1.0
MOT17-10-FRCNN,23,32,115,u_to_v,23,32,1,116,237,13,13,23,32,1,29,115,90,352,62,263,62,26,1,237,237,237,1.0,0.76585585092,0.265041776548,0.0,0.266972201436,0.344284435389,-1.0,-1.0,25,349,0.893241958739,1,"{""32"": 237}",237,13,26,1,30,13,24,28,0.933333333333,0.776088264487,41,29,29,1.0,1.0,0.857142857143,0.410116318288,2,0,0,24,0,24,-0.857142857143,-0.857142857143,0,364,576,96,-844,1036,-0.814671814672,61,37,-24,-0.369230769231,30,1.0,35,26,1,60,34,24,58,0.966666666667,0.788388849434,41,29,29,1.0,1.0,0.931034482759,0.250954804358,2,0,0,54,0,54,-0.931034482759,-0.931034482759,0,1972,1296,96,-3172,3364,-0.94292508918,112,58,-54,-0.465517241379,60,1.0,62,26,1,120,60,24,118,0.983333333333,0.79604345681,41,29,29,1.0,1.0,0.966101694915,0.148042246826,2,0,0,114,0,114,-0.966101694915,-0.966101694915,0,7080,2736,96,-9720,9912,-0.980629539952,198,114,-84,-0.415841584158,120,1.0,62,26,1,237,60,24,234,0.987341772152,0.829912820013,41,29,29,1.0,1.0,0.974358974359,0.135567802506,3,0,0,228,0,228,-0.974358974359,-0.974358974359,0,14040,5472,144,-19368,19656,-0.985347985348,312,228,-84,-0.264150943396,237,1.0,62,26,1,237,60,24,234,0.987341772152,0.829912820013,41,29,29,1.0,1.0,0.974358974359,0.135567802506,3,0,0,228,0,228,-0.974358974359,-0.974358974359,0,14040,5472,144,-19368,19656,-0.985347985348,312,228,-84,-0.264150943396,237,1.0
MOT17-10-FRCNN,11,30,131,u_to_v,11,30,1,132,280,62,62,11,30,1,1,131,70,411,131,342,131,62,1,280,280,280,1.0,1.49142327101,0.001540773516,0.0,0.024936357019,0.019516154813,-1.0,-1.0,26,361,1.496253715572,1,"{""30"": 280}",280,30,30,1,30,27,30,30,1.0,0.823050962893,18,7,7,0.62962962963,1.0,1.0,-0.0,1,0,0,30,0,30,-1.0,-1.0,0,810,900,0,-1710,1710,-1.0,77,47,-30,-0.344827586207,30,1.0,60,60,1,60,54,60,60,1.0,0.844202935781,18,7,7,0.777777777778,1.0,1.0,-0.0,1,0,0,60,0,60,-1.0,-1.0,0,3240,3600,0,-6840,6840,-1.0,162,102,-60,-0.344827586207,60,1.0,120,62,1,120,114,62,120,1.0,0.846851980885,18,7,7,0.894736842105,1.0,1.0,-0.0,1,0,0,120,0,120,-1.0,-1.0,0,13680,7440,0,-21120,21120,-1.0,284,164,-120,-0.405405405405,120,1.0,131,62,1,280,121,62,279,0.996428571429,0.870173320033,18,7,7,0.900826446281,1.0,1.0,-0.0,1,0,0,279,0,279,-1.0,-1.0,0,33759,17298,0,-51057,51057,-1.0,450,279,-171,-0.37012987013,280,1.0,131,62,1,280,121,62,279,0.996428571429,0.870173320033,18,7,7,0.900826446281,1.0,1.0,-0.0,1,0,0,279,0,279,-1.0,-1.0,0,33759,17298,0,-51057,51057,-1.0,450,279,-171,-0.37012987013,280,1.0
MOT17-10-FRCNN,36,38,133,v_to_u,38,36,1,134,204,1,1,38,36,1,133,133,121,337,1,217,1,13,1,204,204,204,1.0,0.390569067017,0.436023083743,0.367725034369,0.51705907187,0.451588061995,-1.0,-1.0,27,382,0.504508292747,1,"{""36"": 204}",204,1,13,1,30,1,11,30,1.0,0.760095532094,54,45,45,1.0,1.0,1.0,-0.0,1,0,0,30,0,30,-1.0,-1.0,0,30,330,0,-360,360,-1.0,42,30,-12,-0.285714285714,30,1.0,1,13,1,60,1,11,53,0.883333333333,0.770799468807,54,45,45,1.0,1.0,1.0,-0.0,1,0,0,53,0,53,-1.0,-1.0,0,53,583,0,-636,636,-1.0,65,53,-12,-0.184615384615,60,1.0,1,13,1,120,1,11,113,0.941666666667,0.78510177759,54,45,45,1.0,1.0,1.0,-0.0,1,0,0,113,0,113,-1.0,-1.0,0,113,1243,0,-1356,1356,-1.0,125,113,-12,-0.096,120,1.0,1,13,1,204,1,11,188,0.921568627451,0.77888777597,54,45,45,1.0,1.0,1.0,-0.0,1,0,0,188,0,188,-1.0,-1.0,0,188,2068,0,-2256,2256,-1.0,200,188,-12,-0.06,204,1.0,1,13,1,204,1,11,188,0.921568627451,0.77888777597,54,45,45,1.0,1.0,1.0,-0.0,1,0,0,188,0,188,-1.0,-1.0,0,188,2068,0,-2256,2256,-1.0,200,188,-12,-0.06,204,1.0
MOT17-10-FRCNN,15,39,139,v_to_u,39,15,1,140,259,1,1,39,15,1,139,139,1,398,1,375,1,116,1,259,259,259,1.0,1.174186911879,0.005675059586,0.0,0.149012773363,0.001830664127,-1.0,-1.0,28,388,1.190690020525,1,"{""15"": 259}",259,1,30,1,30,1,30,29,0.966666666667,0.763725649462,18,26,26,1.0,1.0,1.0,-0.0,1,0,0,29,0,29,-1.0,-1.0,0,29,870,0,-899,899,-1.0,60,31,-29,-0.483333333333,30,1.0,1,50,1,60,1,50,57,0.95,0.765391567379,18,26,26,1.0,1.0,1.0,-0.0,1,0,0,57,0,57,-1.0,-1.0,0,57,2850,0,-2907,2907,-1.0,108,57,-51,-0.472222222222,60,1.0,1,97,1,120,1,97,117,0.975,0.786392451988,18,26,26,1.0,1.0,1.0,-0.0,1,0,0,117,0,117,-1.0,-1.0,0,117,11349,0,-11466,11466,-1.0,215,117,-98,-0.455813953488,120,1.0,1,116,1,259,1,116,254,0.980694980695,0.813559988582,18,26,26,1.0,1.0,1.0,-0.0,1,0,0,254,0,254,-1.0,-1.0,0,254,29464,0,-29718,29718,-1.0,371,254,-117,-0.315363881402,259,1.0,1,116,1,259,1,116,254,0.980694980695,0.813559988582,18,26,26,1.0,1.0,1.0,-0.0,1,0,0,254,0,254,-1.0,-1.0,0,254,29464,0,-29718,29718,-1.0,371,254,-117,-0.315363881402,259,1.0
MOT17-10-FRCNN,7,8,156,u_to_v,7,8,1,157,498,156,156,7,8,1,1,156,1,654,156,654,156,156,1,498,498,498,1.0,0.131364858396,0.093416224193,0.560322554403,0.237543402903,0.149143700906,-1.0,-1.0,29,401,0.053306986224,1,"{""8"": 498}",498,30,30,1,30,29,30,29,0.966666666667,0.782018018405,13,4,4,1.0,1.0,0.965517241379,0.14999492361,2,0,1,28,1,28,-0.931034482759,-0.931034482759,29,812,840,30,-1593,1711,-0.931034482759,87,60,-27,-0.306818181818,30,1.0,60,60,1,60,56,58,59,0.983333333333,0.787162262625,13,4,4,0.857142857143,1.0,0.881355932203,0.364214657302,2,0,7,52,7,52,-0.762711864407,-0.762711864407,336,2968,3016,406,-5242,6726,-0.779363663396,158,113,-45,-0.260115606936,60,1.0,120,120,1,120,116,118,119,0.991666666667,0.814453217186,13,4,4,0.931034482759,1.0,0.941176470588,0.223718076066,2,0,7,112,7,112,-0.882352941176,-0.882352941176,756,13048,13216,826,-24682,27846,-0.886375062846,338,233,-105,-0.297450424929,120,1.0,156,156,1,300,150,154,299,0.996666666667,0.834475183599,13,4,4,0.946666666667,1.0,0.976588628763,0.111033936917,2,0,7,292,7,292,-0.953177257525,-0.953177257525,994,43856,44968,1078,-86752,90896,-0.954409434959,588,303,-285,-0.47263681592,300,1.0,156,156,1,498,150,154,497,0.997991967871,0.846960739807,13,4,4,0.946666666667,1.0,0.985915492958,0.074022596148,2,0,7,490,7,490,-0.971830985915,-0.971830985915,994,73556,75460,1078,-146944,151088,-0.97257227576,786,490,-296,-0.369538077403,498,1.0
MOT17-10-FRCNN,9,41,164,v_to_u,41,9,1,165,5,18,18,41,9,1,147,164,1,169,18,141,18,136,1,5,5,5,1.0,0.439917533968,0.104863796752,0.169741819519,0.438179303539,0.21585415453,-1.0,-1.0,30,419,0.489101374083,1,"{""9"": 5}",5,18,30,1,5,16,30,4,0.8,0.915606244369,16,11,11,1.0,1.0,1.0,-0.0,1,0,0,4,0,4,-1.0,-1.0,0,64,120,0,-184,184,-1.0,50,46,-4,-0.08,5,1.0,18,42,1,5,16,42,4,0.8,0.915606244369,16,11,11,1.0,1.0,1.0,-0.0,1,0,0,4,0,4,-1.0,-1.0,0,64,168,0,-232,232,-1.0,62,58,-4,-0.064516129032,5,1.0,18,92,1,5,16,92,4,0.8,0.915606244369,16,11,11,1.0,1.0,1.0,-0.0,1,0,0,4,0,4,-1.0,-1.0,0,64,368,0,-432,432,-1.0,112,108,-4,-0.035714285714,5,1.0,18,136,1,5,16,131,4,0.8,0.915606244369,16,11,11,1.0,0.732824427481,1.0,-0.0,1,0,0,4,0,4,-1.0,-1.0,0,64,384,140,-308,588,-0.52380952381,116,112,-4,-0.026490066225,5,1.0,18,136,1,5,16,131,4,0.8,0.915606244369,16,11,11,1.0,0.732824427481,1.0,-0.0,1,0,0,4,0,4,-1.0,-1.0,0,64,384,140,-308,588,-0.52380952381,116,112,-4,-0.026490066225,5,1.0
MOT17-10-FRCNN,9,31,169,u_to_v,9,31,1,170,364,72,100,9,31,1,1,169,70,533,141,464,141,100,1,364,364,364,1.0,4.757145162163,0.57297256736,0.0,0.508799403183,0.542174927582,-1.0,-1.0,31,442,5.005485737079,1,"{""31"": 364}",364,30,30,1,30,29,30,30,1.0,0.823156568459,11,12,12,1.0,1.0,1.0,-0.0,1,0,0,30,0,30,-1.0,-1.0,0,870,900,0,-1770,1770,-1.0,89,59,-30,-0.337078651685,30,1.0,47,60,1,60,46,59,60,1.0,0.838241438015,11,12,12,1.0,0.983050847458,1.0,-0.0,1,0,0,60,0,60,-1.0,-1.0,0,2760,3480,60,-6180,6300,-0.980952380952,164,104,-60,-0.363636363636,60,1.0,92,100,1,120,91,99,120,1.0,0.829251600828,11,12,12,1.0,0.989898989899,1.0,-0.0,1,0,0,120,0,120,-1.0,-1.0,0,10920,11760,120,-22560,22800,-0.989473684211,309,189,-120,-0.387096774194,120,1.0,141,100,1,300,135,99,300,1.0,0.842354701948,11,12,12,0.740740740741,0.989898989899,1.0,-0.0,1,0,0,300,0,300,-1.0,-1.0,0,40500,29400,300,-69600,70200,-0.991452991453,498,301,-197,-0.368913857678,300,1.0,141,100,1,364,135,99,361,0.991758241758,0.849871275129,11,12,12,0.740740740741,0.989898989899,1.0,-0.0,1,0,0,361,0,361,-1.0,-1.0,0,48735,35378,361,-83752,84474,-0.991452991453,559,362,-197,-0.331092436975,364,1.0
MOT17-10-FRCNN,9,36,169,u_to_v,9,36,1,170,168,47,47,9,36,1,1,169,121,337,141,217,141,49,1,168,168,168,1.0,1.841627042318,0.765110634909,0.0,1.052901708785,0.871956145687,-1.0,-1.0,32,446,2.225390486493,1,"{""36"": 168}",168,30,30,1,30,29,30,23,0.766666666667,0.773856017796,11,45,45,1.0,1.0,1.0,-0.0,1,0,0,23,0,23,-1.0,-1.0,0,667,690,0,-1357,1357,-1.0,82,59,-23,-0.280487804878,30,1.0,47,49,1,60,46,47,53,0.883333333333,0.775181699368,11,45,45,1.0,1.0,1.0,-0.0,1,0,0,53,0,53,-1.0,-1.0,0,2438,2491,0,-4929,4929,-1.0,146,93,-53,-0.36301369863,60,1.0,92,49,1,120,91,47,107,0.891666666667,0.785346161494,11,45,45,1.0,1.0,1.0,-0.0,1,0,0,107,0,107,-1.0,-1.0,0,9737,5029,0,-14766,14766,-1.0,245,138,-107,-0.436734693878,120,1.0,141,49,1,168,135,47,152,0.904761904762,0.784360963904,11,45,45,0.740740740741,1.0,1.0,-0.0,1,0,0,152,0,152,-1.0,-1.0,0,20520,7144,0,-27664,27664,-1.0,299,152,-147,-0.440119760479,168,1.0,141,49,1,168,135,47,152,0.904761904762,0.784360963904,11,45,45,0.740740740741,1.0,1.0,-0.0,1,0,0,152,0,152,-1.0,-1.0,0,20520,7144,0,-27664,27664,-1.0,299,152,-147,-0.440119760479,168,1.0
MOT17-10-FRCNN,2,46,176,v_to_u,46,2,1,177,454,1,1,46,2,1,176,176,1,654,1,630,1,176,1,454,454,478,0.949790794979,0.792156722138,0.591067385774,0.001222603196,0.818310323514,0.616663637344,-1.0,-1.0,33,450,1.083115313868,1,"{""2"": 454}",454,1,30,1,30,1,30,30,1.0,0.885096666071,31,2,2,1.0,1.0,1.0,-0.0,1,0,0,30,0,30,-1.0,-1.0,0,30,900,0,-930,930,-1.0,61,31,-30,-0.491803278689,30,1.0,1,60,1,60,1,60,60,1.0,0.849644676347,31,2,2,1.0,1.0,1.0,-0.0,1,0,0,60,0,60,-1.0,-1.0,0,60,3600,0,-3660,3660,-1.0,121,61,-60,-0.495867768595,60,1.0,1,120,1,120,1,120,120,1.0,0.846656340567,31,2,2,1.0,1.0,1.0,-0.0,1,0,0,120,0,120,-1.0,-1.0,0,120,14400,0,-14520,14520,-1.0,241,121,-120,-0.497925311203,120,1.0,1,176,1,276,1,176,276,1.0,0.855819709674,31,2,2,1.0,1.0,1.0,-0.0,1,0,0,276,0,276,-1.0,-1.0,0,276,48576,0,-48852,48852,-1.0,453,276,-177,-0.390728476821,300,0.92,1,176,1,454,1,176,454,1.0,0.865729735146,31,2,2,1.0,1.0,1.0,-0.0,1,0,0,454,0,454,-1.0,-1.0,0,454,79904,0,-80358,80358,-1.0,631,454,-177,-0.280507131537,478,0.949790794979
MOT17-10-FRCNN,15,47,189,v_to_u,47,15,1,190,209,12,12,47,15,1,178,189,1,398,12,375,12,166,1,209,209,209,1.0,0.100920325356,0.040090852161,0.675690959854,0.059599945664,0.045395788423,-1.0,-1.0,34,471,-0.047480128158,1,"{""15"": 209}",209,12,30,1,30,12,27,30,1.0,0.795630360467,31,26,26,1.0,1.0,1.0,-0.0,1,0,0,30,0,30,-1.0,-1.0,0,360,810,0,-1170,1170,-1.0,69,39,-30,-0.434782608696,30,1.0,12,60,1,60,12,57,60,1.0,0.809476686069,31,26,26,1.0,1.0,1.0,-0.0,1,0,0,60,0,60,-1.0,-1.0,0,720,3420,0,-4140,4140,-1.0,129,69,-60,-0.46511627907,60,1.0,12,100,1,120,12,97,120,1.0,0.827949365595,31,26,26,1.0,1.0,1.0,-0.0,1,0,0,120,0,120,-1.0,-1.0,0,1440,11640,0,-13080,13080,-1.0,229,120,-109,-0.475982532751,120,1.0,12,166,1,209,12,163,207,0.99043062201,0.827275165941,31,26,26,1.0,1.0,1.0,-0.0,1,0,0,207,0,207,-1.0,-1.0,0,2484,33741,0,-36225,36225,-1.0,382,207,-175,-0.458115183246,209,1.0,12,166,1,209,12,163,207,0.99043062201,0.827275165941,31,26,26,1.0,1.0,1.0,-0.0,1,0,0,207,0,207,-1.0,-1.0,0,2484,33741,0,-36225,36225,-1.0,382,207,-175,-0.458115183246,209,1.0
MOT17-10-FRCNN,42,48,195,v_to_u,48,42,1,196,424,12,12,48,42,1,184,195,162,619,12,458,12,34,1,424,424,424,1.0,0.017094738799,0.001888128445,0.939128125824,0.006128721941,0.000472032107,-1.0,-1.0,35,504,-0.216555185141,1,"{""42"": 424}",424,12,30,1,30,0,30,30,1.0,0.737801960276,-1,25,25,,1.0,0.7,0.865469969373,4,0,0,21,0,0,0.0,-0.7,0,0,630,270,-360,900,-0.4,51,36,-15,-0.25,30,1.0,12,34,1,60,0,33,60,1.0,0.772664058998,-1,25,18,,0.969696969697,0.483333333333,1.016420765333,4,0,0,24,0,0,0.0,-0.4,0,0,797,1183,386,1980,0.194949494949,56,61,5,0.05376344086,60,1.0,12,34,1,120,0,33,120,1.0,0.785177217221,-1,25,18,,0.969696969697,0.725,0.754199466725,4,0,0,26,0,0,0.0,-0.216666666667,0,0,919,3041,2122,3960,0.535858585859,88,119,31,0.202614379085,120,1.0,12,34,1,300,0,33,300,1.0,0.830878112809,-1,25,18,,0.969696969697,0.616666666667,0.763160618042,4,0,0,108,0,0,0.0,-0.36,0,0,3641,6259,2618,9900,0.264444444444,186,217,31,0.093093093093,300,1.0,12,34,1,424,0,33,422,0.995283018868,0.850838765772,-1,25,25,,0.969696969697,0.545023696682,0.767103357858,4,0,0,230,0,0,0.0,-0.545023696682,0,0,7545,6381,-1164,13926,-0.083584661784,262,231,-31,-0.068131868132,424,1.0
MOT17-10-FRCNN,35,44,196,v_to_u,44,35,1,197,208,26,26,44,35,1,171,196,99,404,26,306,26,98,1,208,208,208,1.0,0.569023519728,0.581873178146,0.147651766072,0.47205818995,0.63481672094,-1.0,-1.0,36,519,0.788266363836,1,"{""35"": 208}",208,26,30,1,30,24,20,21,0.7,0.824676614389,41,34,34,1.0,1.0,1.0,-0.0,1,0,0,21,0,21,-1.0,-1.0,0,504,420,0,-924,924,-1.0,65,44,-21,-0.323076923077,30,1.0,26,60,1,60,24,49,51,0.85,0.819107506067,41,34,34,1.0,1.0,1.0,-0.0,1,0,0,51,0,51,-1.0,-1.0,0,1224,2499,0,-3723,3723,-1.0,124,73,-51,-0.411290322581,60,1.0,26,98,1,120,24,75,110,0.916666666667,0.79709671023,41,34,34,1.0,1.0,1.0,-0.0,1,0,0,110,0,110,-1.0,-1.0,0,2640,8250,0,-10890,10890,-1.0,209,110,-99,-0.473684210526,120,1.0,26,98,1,208,24,75,188,0.903846153846,0.794226194077,41,34,34,1.0,1.0,0.776595744681,0.573952392111,3,0,0,146,0,146,-0.776595744681,-0.776595744681,0,4512,10950,3150,-12312,18612,-0.661508704062,245,146,-99,-0.344947735192,208,1.0,26,98,1,208,24,75,188,0.903846153846,0.794226194077,41,34,34,1.0,1.0,0.776595744681,0.573952392111,3,0,0,146,0,146,-0.776595744681,-0.776595744681,0,4512,10950,3150,-12312,18612,-0.661508704062,245,146,-99,-0.344947735192,208,1.0
MOT17-10-FRCNN,8,26,212,v_to_u,26,8,1,213,442,171,171,26,8,1,42,212,1,654,171,654,171,212,1,442,442,442,1.0,0.473452081111,0.652123191431,0.236221543335,0.621191343942,0.768717782783,-1.0,-1.0,37,527,0.716418405808,1,"{""8"": 442}",442,30,30,1,30,27,30,30,1.0,0.81940192406,43,4,4,1.0,0.833333333333,0.966666666667,0.146144746009,2,0,0,29,0,29,-0.966666666667,-0.966666666667,0,810,730,170,-1370,1710,-0.801169590643,81,52,-29,-0.333333333333,30,1.0,60,60,1,60,57,59,60,1.0,0.841435342109,43,4,4,1.0,0.898305084746,0.983333333333,0.084766075715,2,0,0,59,0,59,-0.983333333333,-0.983333333333,0,3420,3133,407,-6146,6960,-0.883045977011,169,110,-59,-0.335227272727,60,1.0,120,120,1,120,117,117,120,1.0,0.828218150373,43,4,4,1.0,0.948717948718,0.991666666667,0.04819427878,2,0,0,119,0,119,-0.991666666667,-0.991666666667,0,14040,13215,825,-26430,28080,-0.941239316239,347,228,-119,-0.33615819209,120,1.0,171,212,1,300,168,209,300,1.0,0.850346255577,43,4,4,1.0,0.971291866029,0.996666666667,0.022340379843,2,0,0,299,0,299,-0.996666666667,-0.996666666667,0,50400,60703,1997,-109106,113100,-0.964686118479,670,371,-299,-0.441654357459,300,1.0,171,212,1,442,168,209,442,1.0,0.85469680555,43,4,4,1.0,0.971291866029,0.997737556561,0.016041126259,2,0,0,441,0,441,-0.997737556561,-0.997737556561,0,74256,89529,2849,-160936,166634,-0.965805297838,812,447,-365,-0.445665445665,442,1.0
MOT17-10-FRCNN,15,26,212,v_to_u,26,15,1,213,186,148,171,26,15,1,42,212,1,398,171,375,171,189,1,186,186,186,1.0,3.499511733462,0.498121781725,0.0,0.205714436369,0.596401544752,-1.0,-1.0,38,528,3.704253777005,1,"{""15"": 186}",186,30,30,1,30,27,30,30,1.0,0.805300715209,43,26,26,1.0,1.0,1.0,-0.0,1,0,0,30,0,30,-1.0,-1.0,0,810,900,0,-1710,1710,-1.0,87,57,-30,-0.344827586207,30,1.0,60,60,1,60,57,57,60,1.0,0.812164141909,43,26,26,1.0,1.0,1.0,-0.0,1,0,0,60,0,60,-1.0,-1.0,0,3420,3420,0,-6840,6840,-1.0,174,114,-60,-0.344827586207,60,1.0,120,120,1,120,117,117,120,1.0,0.839923729323,43,26,26,1.0,1.0,1.0,-0.0,1,0,0,120,0,120,-1.0,-1.0,0,14040,14040,0,-28080,28080,-1.0,354,234,-120,-0.338983050847,120,1.0,171,189,1,186,168,186,184,0.989247311828,0.83152084726,43,26,26,1.0,1.0,1.0,-0.0,1,0,0,184,0,184,-1.0,-1.0,0,30912,34224,0,-65136,65136,-1.0,538,354,-184,-0.342007434944,186,1.0,171,189,1,186,168,186,184,0.989247311828,0.83152084726,43,26,26,1.0,1.0,1.0,-0.0,1,0,0,184,0,184,-1.0,-1.0,0,30912,34224,0,-65136,65136,-1.0,538,354,-184,-0.342007434944,186,1.0
MOT17-10-FRCNN,49,50,225,v_to_u,50,49,1,226,429,14,14,50,49,1,212,225,199,654,14,456,14,27,1,429,429,429,1.0,0.100742345849,0.029718540061,0.684012804645,0.020004348734,0.041686651796,-1.0,-1.0,39,562,-0.056662120244,1,"{""49"": 429}",429,14,27,1,30,11,20,30,1.0,0.75695373016,32,13,13,1.0,1.0,0.9,0.388734390221,3,0,2,27,2,27,-0.833333333333,-0.833333333333,22,308,540,60,-766,930,-0.823655913978,58,33,-25,-0.409836065574,30,1.0,14,27,1,60,11,20,60,1.0,0.785429483578,32,13,13,1.0,1.0,0.95,0.230340951761,3,0,2,57,2,57,-0.916666666667,-0.916666666667,22,638,1140,60,-1696,1860,-0.911827956989,88,57,-31,-0.340659340659,60,1.0,14,27,1,120,11,20,116,0.966666666667,0.801325542698,32,13,13,1.0,1.0,0.974137931034,0.13651158873,3,0,2,113,2,113,-0.956896551724,-0.956896551724,22,1254,2260,60,-3432,3596,-0.954393770857,144,113,-31,-0.210884353741,120,1.0,14,27,1,300,11,20,296,0.986666666667,0.825007746495,32,13,13,1.0,1.0,0.989864864865,0.063072735395,3,0,2,293,2,293,-0.983108108108,-0.983108108108,22,3234,5860,60,-9012,9176,-0.982127288579,324,293,-31,-0.094801223242,300,1.0,14,27,1,429,11,20,425,0.990675990676,0.843410051796,32,13,13,1.0,1.0,0.992941176471,0.04649261155,3,0,2,422,2,422,-0.988235294118,-0.988235294118,22,4653,8440,60,-13011,13175,-0.987552182163,453,422,-31,-0.06798245614,429,1.0
MOT17-10-FRCNN,42,51,229,v_to_u,51,42,1,230,390,1,1,51,42,1,229,229,162,619,1,458,1,68,1,390,390,390,1.0,0.092836368471,0.038875057769,0.691767670514,0.027254189669,0.048567966635,-1.0,-1.0,40,577,-0.062804569085,1,"{""42"": 390}",390,1,30,1,30,1,30,30,1.0,0.812551170173,18,25,18,1.0,0.666666666667,0.933333333333,0.244930026795,2,0,28,2,28,2,0.866666666667,0.866666666667,28,2,180,720,566,930,0.608602150538,33,49,16,0.262295081967,30,1.0,1,60,1,60,1,60,60,1.0,0.794824948333,18,25,18,1.0,0.8,0.966666666667,0.146144746009,2,0,58,2,58,2,0.933333333333,0.933333333333,58,2,386,3214,2884,3660,0.787978142077,63,107,44,0.363636363636,60,1.0,1,68,1,120,1,67,120,1.0,0.811591608343,18,25,18,1.0,0.805970149254,0.966666666667,0.146144746009,2,0,116,4,116,4,0.933333333333,0.933333333333,116,4,912,7128,6328,8160,0.775490196078,122,171,49,0.260638297872,120,1.0,1,68,1,300,1,67,300,1.0,0.849162436969,18,25,18,1.0,0.805970149254,0.6,0.673011667009,2,0,180,120,180,120,0.2,0.2,180,120,7560,12540,5040,20400,0.247058823529,186,235,49,0.133152173913,300,1.0,1,68,1,390,1,67,388,0.994871794872,0.860798729546,18,25,25,1.0,0.805970149254,0.536082474227,0.690541025865,2,0,180,208,180,208,-0.072164948454,-0.072164948454,180,208,12312,13684,1344,26384,0.050939963614,263,235,-28,-0.061403508772,390,1.0
MOT17-10-FRCNN,40,55,255,v_to_u,55,40,1,256,99,9,9,55,40,1,247,255,141,354,9,214,9,115,1,99,99,99,1.0,0.115813253951,0.02615818603,0.66841343997,0.018908803676,0.015371691048,-1.0,-1.0,41,594,-0.041322510062,1,"{""40"": 99}",99,9,30,1,30,9,27,16,0.533333333333,0.65158279344,32,31,31,1.0,0.962962962963,0.5,0.69314718056,2,0,8,8,8,8,0.0,0.0,72,72,208,224,16,576,0.027777777778,43,43,0,0.0,30,1.0,9,60,1,60,9,57,46,0.766666666667,0.719664439346,32,31,31,1.0,0.561403508772,0.826086956522,0.462036909466,2,0,8,38,8,38,-0.652173913043,-0.652173913043,72,342,1232,1390,-112,3036,-0.036890645586,79,60,-19,-0.169642857143,60,1.0,9,115,1,99,9,111,83,0.838383838384,0.741196022801,32,18,31,1.0,0.666666666667,0.903614457831,0.317067826487,2,0,8,0,8,0,0.096385542169,0.096385542169,72,675,2416,6797,3778,9960,0.379317269076,116,149,33,0.162561576355,99,1.0,9,115,1,99,9,111,83,0.838383838384,0.741196022801,32,18,31,1.0,0.666666666667,0.903614457831,0.317067826487,2,0,8,0,8,0,0.096385542169,0.096385542169,72,675,2416,6797,3778,9960,0.379317269076,116,149,33,0.162561576355,99,1.0,9,115,1,99,9,111,83,0.838383838384,0.741196022801,32,18,31,1.0,0.666666666667,0.903614457831,0.317067826487,2,0,8,0,8,0,0.096385542169,0.096385542169,72,675,2416,6797,3778,9960,0.379317269076,116,149,33,0.162561576355,99,1.0
MOT17-10-FRCNN,25,43,267,u_to_v,25,43,1,268,58,98,98,25,43,1,38,267,170,325,230,156,230,98,1,58,58,58,1.0,0.28676388705,0.281956070472,0.625406610156,0.13927738755,0.23412923182,-1.0,-1.0,42,617,0.238241914066,1,"{""43"": 58}",58,30,30,1,30,28,30,30,1.0,0.947757104491,24,10,10,1.0,1.0,1.0,-0.0,1,0,0,30,0,30,-1.0,-1.0,0,840,900,0,-1740,1740,-1.0,88,58,-30,-0.340909090909,30,1.0,60,60,1,58,58,60,55,0.948275862069,0.935526257337,24,10,10,1.0,1.0,1.0,-0.0,1,0,0,55,0,55,-1.0,-1.0,0,3190,3300,0,-6490,6490,-1.0,173,118,-55,-0.317919075145,58,1.0,120,98,1,58,118,98,55,0.948275862069,0.935526257337,24,10,10,1.0,1.0,1.0,-0.0,1,0,0,55,0,55,-1.0,-1.0,0,6490,5390,0,-11880,11880,-1.0,271,216,-55,-0.20295202952,58,1.0,230,98,1,58,225,98,55,0.948275862069,0.935526257337,24,10,10,1.0,1.0,1.0,-0.0,1,0,0,55,0,55,-1.0,-1.0,0,12375,5390,0,-17765,17765,-1.0,378,323,-55,-0.145502645503,58,1.0,230,98,1,58,225,98,55,0.948275862069,0.935526257337,24,10,10,1.0,1.0,1.0,-0.0,1,0,0,55,0,55,-1.0,-1.0,0,12375,5390,0,-17765,17765,-1.0,378,323,-55,-0.145502645503,58,1.0
MOT17-10-FRCNN,52,58,276,v_to_u,58,52,1,277,7,16,16,58,52,1,261,276,233,283,16,51,16,44,1,7,7,7,1.0,0.604800268264,0.006880772747,0.025462718929,0.034691288499,0.034402167239,-1.0,-1.0,43,644,0.607064127292,1,"{""52"": 7}",7,16,30,1,7,14,30,3,0.428571428571,0.847447302879,70,17,17,1.0,1.0,1.0,-0.0,1,0,0,3,0,3,-1.0,-1.0,0,42,90,0,-132,132,-1.0,47,44,-3,-0.063829787234,7,1.0,16,44,1,7,14,44,3,0.428571428571,0.847447302879,70,17,17,1.0,1.0,1.0,-0.0,1,0,0,3,0,3,-1.0,-1.0,0,42,132,0,-174,174,-1.0,61,58,-3,-0.049180327869,7,1.0,16,44,1,7,14,44,3,0.428571428571,0.847447302879,70,17,17,1.0,1.0,1.0,-0.0,1,0,0,3,0,3,-1.0,-1.0,0,42,132,0,-174,174,-1.0,61,58,-3,-0.049180327869,7,1.0,16,44,1,7,14,44,3,0.428571428571,0.847447302879,70,17,17,1.0,1.0,1.0,-0.0,1,0,0,3,0,3,-1.0,-1.0,0,42,132,0,-174,174,-1.0,61,58,-3,-0.049180327869,7,1.0,16,44,1,7,14,44,3,0.428571428571,0.847447302879,70,17,17,1.0,1.0,1.0,-0.0,1,0,0,3,0,3,-1.0,-1.0,0,42,132,0,-174,174,-1.0,61,58,-3,-0.049180327869,7,1.0
MOT17-10-FRCNN,34,43,325,v_to_u,43,34,1,326,77,156,156,43,34,1,170,325,98,402,156,305,156,228,1,77,77,77,1.0,0.635757883991,0.008175940306,0.0,0.107869006067,0.143096833427,-1.0,-1.0,44,680,0.662898453017,1,"{""34"": 77}",77,30,30,1,30,27,30,30,1.0,0.923960655015,10,9,9,1.0,1.0,1.0,-0.0,1,0,0,30,0,30,-1.0,-1.0,0,810,900,0,-1710,1710,-1.0,87,57,-30,-0.344827586207,30,1.0,60,60,1,60,57,60,60,1.0,0.880444129099,10,9,9,1.0,1.0,1.0,-0.0,1,0,0,60,0,60,-1.0,-1.0,0,3420,3600,0,-7020,7020,-1.0,177,117,-60,-0.338983050847,60,1.0,120,120,1,77,117,120,75,0.974025974026,0.874505589326,10,9,9,1.0,1.0,1.0,-0.0,1,0,0,75,0,75,-1.0,-1.0,0,8775,9000,0,-17775,17775,-1.0,312,237,-75,-0.240384615385,77,1.0,156,228,1,77,153,228,75,0.974025974026,0.874505589326,10,9,9,1.0,1.0,1.0,-0.0,1,0,0,75,0,75,-1.0,-1.0,0,11475,17100,0,-28575,28575,-1.0,456,381,-75,-0.164473684211,77,1.0,156,228,1,77,153,228,75,0.974025974026,0.874505589326,10,9,9,1.0,1.0,1.0,-0.0,1,0,0,75,0,75,-1.0,-1.0,0,11475,17100,0,-28575,28575,-1.0,456,381,-75,-0.164473684211,77,1.0
MOT17-10-FRCNN,36,45,328,v_to_u,45,36,1,329,9,157,157,45,36,1,172,328,121,337,157,217,157,208,1,9,9,9,1.0,0.161672521489,0.207815988152,0.644141032194,0.212588684373,0.227248898391,-1.0,-1.0,45,703,0.096575018755,1,"{""36"": 9}",9,30,30,1,9,23,27,9,1.0,0.63107356221,54,45,45,1.0,1.0,1.0,-0.0,1,0,0,9,0,9,-1.0,-1.0,0,207,243,0,-450,450,-1.0,59,50,-9,-0.152542372881,9,1.0,60,60,1,9,49,51,9,1.0,0.63107356221,54,45,45,1.0,1.0,1.0,-0.0,1,0,0,9,0,9,-1.0,-1.0,0,441,459,0,-900,900,-1.0,109,100,-9,-0.082568807339,9,1.0,120,120,1,9,100,111,9,1.0,0.63107356221,54,45,45,1.0,1.0,1.0,-0.0,1,0,0,9,0,9,-1.0,-1.0,0,900,999,0,-1899,1899,-1.0,220,211,-9,-0.040909090909,9,1.0,157,208,1,9,123,190,9,1.0,0.63107356221,54,45,45,1.0,1.0,1.0,-0.0,1,0,0,9,0,9,-1.0,-1.0,0,1107,1710,0,-2817,2817,-1.0,322,313,-9,-0.027950310559,9,1.0,157,208,1,9,123,190,9,1.0,0.63107356221,54,45,45,1.0,1.0,1.0,-0.0,1,0,0,9,0,9,-1.0,-1.0,0,1107,1710,0,-2817,2817,-1.0,322,313,-9,-0.027950310559,9,1.0
MOT17-10-FRCNN,29,36,337,v_to_u,36,29,1,338,38,217,217,36,29,1,121,337,66,375,217,310,217,272,1,38,38,38,1.0,6.037501767241,0.246804319362,0.0,0.166766385493,0.27668556467,-1.0,-1.0,46,717,6.143548042098,1,"{""29"": 38}",38,30,30,1,30,27,28,30,1.0,0.756360894562,45,23,23,1.0,1.0,0.633333333333,1.02196309344,4,0,0,19,0,19,-0.633333333333,-0.633333333333,0,810,532,308,-1034,1650,-0.626666666667,74,55,-19,-0.223529411765,30,1.0,60,60,1,38,53,57,38,1.0,0.728942253848,45,23,23,1.0,1.0,0.605263157895,1.010629603847,4,0,0,23,0,23,-0.605263157895,-0.605263157895,0,2014,1311,855,-2470,4180,-0.590909090909,133,110,-23,-0.155405405405,38,1.0,120,120,1,38,111,114,38,1.0,0.728942253848,45,23,23,1.0,0.982456140351,0.605263157895,1.010629603847,4,0,0,23,0,23,-0.605263157895,-0.605263157895,0,4218,2576,1756,-5038,8550,-0.589239766082,246,223,-23,-0.087452471483,38,1.0,217,272,1,38,199,266,38,1.0,0.728942253848,45,23,23,1.0,0.992481203008,0.605263157895,1.010629603847,4,0,0,23,0,23,-0.605263157895,-0.605263157895,0,7562,6072,4036,-9598,17670,-0.543180531975,486,463,-23,-0.045725646123,38,1.0,217,272,1,38,199,266,38,1.0,0.728942253848,45,23,23,1.0,0.992481203008,0.605263157895,1.010629603847,4,0,0,23,0,23,-0.605263157895,-0.605263157895,0,7562,6072,4036,-9598,17670,-0.543180531975,486,463,-23,-0.045725646123,38,1.0
MOT17-10-FRCNN,36,37,337,u_to_v,36,37,1,338,5,211,211,36,37,1,121,337,127,342,217,216,217,211,1,5,5,5,1.0,0.837236786005,0.391978150285,0.0,0.340240265105,0.363736790394,-1.0,-1.0,47,723,1.005629029126,1,"{""37"": 5}",5,30,30,1,5,27,30,4,0.8,0.874939548908,45,44,44,1.0,1.0,1.0,-0.0,1,0,0,4,0,4,-1.0,-1.0,0,108,120,0,-228,228,-1.0,61,57,-4,-0.065573770492,5,1.0,60,60,1,5,53,60,4,0.8,0.874939548908,45,44,44,1.0,1.0,1.0,-0.0,1,0,0,4,0,4,-1.0,-1.0,0,212,240,0,-452,452,-1.0,117,113,-4,-0.034188034188,5,1.0,120,120,1,5,111,120,4,0.8,0.874939548908,45,44,44,1.0,1.0,1.0,-0.0,1,0,0,4,0,4,-1.0,-1.0,0,444,480,0,-924,924,-1.0,235,231,-4,-0.017021276596,5,1.0,217,211,1,5,199,204,4,0.8,0.874939548908,45,44,44,1.0,1.0,1.0,-0.0,1,0,0,4,0,4,-1.0,-1.0,0,796,816,0,-1612,1612,-1.0,407,403,-4,-0.009828009828,5,1.0,217,211,1,5,199,204,4,0.8,0.874939548908,45,44,44,1.0,1.0,1.0,-0.0,1,0,0,4,0,4,-1.0,-1.0,0,796,816,0,-1612,1612,-1.0,407,403,-4,-0.009828009828,5,1.0
MOT17-10-FRCNN,35,59,344,v_to_u,59,35,1,345,60,79,79,59,35,1,266,344,99,404,79,306,79,246,1,60,60,60,1.0,0.157831323168,0.085858335875,0.575663251786,0.073368442625,0.077374127244,-1.0,-1.0,48,759,0.050454351177,1,"{""35"": 60}",60,30,30,1,30,28,25,30,1.0,0.856049926081,32,34,31,1.0,1.0,0.5,0.889484414174,3,0,0,13,0,13,-0.433333333333,-0.433333333333,0,840,325,425,-740,1590,-0.465408805031,66,53,-13,-0.156626506024,30,1.0,60,60,1,60,57,54,55,0.916666666667,0.789571289495,32,34,31,1.0,1.0,0.727272727273,0.69304565482,3,0,0,13,0,13,-0.236363636364,-0.236363636364,0,3135,702,2268,-1569,6105,-0.257002457002,124,111,-13,-0.078313253012,60,1.0,79,120,1,60,69,114,55,0.916666666667,0.789571289495,32,34,31,1.0,1.0,0.727272727273,0.69304565482,3,0,0,13,0,13,-0.236363636364,-0.236363636364,0,3795,1482,4788,-489,10065,-0.048584202683,196,183,-13,-0.054621848739,60,1.0,79,246,1,60,69,208,55,0.916666666667,0.789571289495,32,34,31,1.0,1.0,0.727272727273,0.69304565482,3,0,0,13,0,13,-0.236363636364,-0.236363636364,0,3795,2704,8736,2237,15235,0.146832950443,290,277,-13,-0.039156626506,60,1.0,79,246,1,60,69,208,55,0.916666666667,0.789571289495,32,34,31,1.0,1.0,0.727272727273,0.69304565482,3,0,0,13,0,13,-0.236363636364,-0.236363636364,0,3795,2704,8736,2237,15235,0.146832950443,290,277,-13,-0.039156626506,60,1.0
MOT17-10-FRCNN,53,54,346,u_to_v,53,54,1,347,215,108,108,53,54,1,236,346,239,561,111,323,111,108,1,215,215,215,1.0,1.939551664493,0.164492727614,0.0,0.062054645016,0.1017772259,-1.0,-1.0,49,781,1.997058033488,1,"{""54"": 215}",215,30,30,1,30,18,29,25,0.833333333333,0.726244697145,56,71,71,1.0,0.551724137931,0.72,0.592953317447,2,0,0,18,0,18,-0.72,-0.72,0,450,288,437,-301,1175,-0.256170212766,52,34,-18,-0.25,30,1.0,60,60,1,60,42,54,55,0.916666666667,0.724745009567,56,59,57,1.0,0.703703703704,0.563636363636,0.685025998553,2,0,0,0,0,0,0.0,0.0,0,2310,384,2586,-108,5280,-0.020454545455,82,80,-2,-0.013245033113,60,1.0,111,108,1,120,88,95,110,0.916666666667,0.725985027164,56,59,71,1.0,0.810526315789,0.627272727273,0.867454883191,3,0,10,0,10,0,0.090909090909,0.090909090909,880,8800,1242,9208,46,20130,0.002285146547,175,175,0,0.0,120,1.0,111,108,1,215,88,95,193,0.897674418605,0.722160183694,56,59,71,1.0,0.810526315789,0.787564766839,0.635180896482,3,0,10,0,10,0,0.051813471503,0.051813471503,880,16104,2736,15599,-2361,35319,-0.06684787225,258,229,-29,-0.077127659574,215,1.0,111,108,1,215,88,95,193,0.897674418605,0.722160183694,56,59,71,1.0,0.810526315789,0.787564766839,0.635180896482,3,0,10,0,10,0,0.051813471503,0.051813471503,880,16104,2736,15599,-2361,35319,-0.06684787225,258,229,-29,-0.077127659574,215,1.0
MOT17-10-FRCNN,16,32,347,u_to_v,16,32,1,348,5,253,253,16,32,1,1,347,90,352,323,263,323,258,1,5,5,5,1.0,0.384608416471,0.185261095265,0.207428265823,0.450795630789,0.311272715202,-1.0,-1.0,50,791,0.455273458431,1,"{""32"": 5}",5,30,30,1,5,27,30,4,0.8,0.821819350798,30,29,29,1.0,1.0,1.0,-0.0,1,0,0,4,0,4,-1.0,-1.0,0,108,120,0,-228,228,-1.0,61,57,-4,-0.065573770492,5,1.0,60,60,1,5,57,60,4,0.8,0.821819350798,30,29,29,1.0,1.0,1.0,-0.0,1,0,0,4,0,4,-1.0,-1.0,0,228,240,0,-468,468,-1.0,121,117,-4,-0.03305785124,5,1.0,120,120,1,5,116,120,4,0.8,0.821819350798,30,29,29,1.0,0.983333333333,1.0,-0.0,1,0,0,4,0,4,-1.0,-1.0,0,464,472,8,-928,944,-0.983050847458,238,234,-4,-0.016666666667,5,1.0,276,258,1,5,249,254,4,0.8,0.821819350798,30,29,29,0.935742971888,0.976377952756,1.0,-0.0,1,0,0,4,0,4,-1.0,-1.0,0,996,992,24,-1964,2012,-0.976143141153,485,481,-4,-0.007889546351,5,1.0,323,258,1,5,291,254,4,0.8,0.821819350798,30,29,29,0.800687285223,0.976377952756,1.0,-0.0,1,0,0,4,0,4,-1.0,-1.0,0,1164,992,24,-2132,2180,-0.977981651376,485,481,-4,-0.007285974499,5,1.0
MOT17-10-FRCNN,16,61,347,u_to_v,16,61,1,348,42,1,1,16,61,1,1,347,347,389,323,43,323,1,1,42,42,42,1.0,0.69368812724,0.300013629921,0.0,0.399850676988,0.285339260783,-1.0,-1.0,51,801,0.837210528497,1,"{""61"": 42}",42,30,1,1,30,27,1,27,0.9,0.79393941443,30,45,45,1.0,1.0,1.0,-0.0,1,0,0,27,0,27,-1.0,-1.0,0,729,27,0,-756,756,-1.0,55,28,-27,-0.490909090909,30,1.0,60,1,1,42,57,1,38,0.904761904762,0.797927362865,30,45,45,1.0,1.0,1.0,-0.0,1,0,0,38,0,38,-1.0,-1.0,0,2166,38,0,-2204,2204,-1.0,96,58,-38,-0.395833333333,42,1.0,120,1,1,42,116,1,38,0.904761904762,0.797927362865,30,45,45,1.0,1.0,1.0,-0.0,1,0,0,38,0,38,-1.0,-1.0,0,4408,38,0,-4446,4446,-1.0,155,117,-38,-0.245161290323,42,1.0,276,1,1,42,249,1,38,0.904761904762,0.797927362865,30,45,45,0.935742971888,1.0,1.0,-0.0,1,0,0,38,0,38,-1.0,-1.0,0,9462,38,0,-9500,9500,-1.0,272,234,-38,-0.131944444444,42,1.0,323,1,1,42,291,1,38,0.904761904762,0.797927362865,30,45,45,0.800687285223,1.0,1.0,-0.0,1,0,0,38,0,38,-1.0,-1.0,0,11058,38,0,-11096,11096,-1.0,272,234,-38,-0.115151515152,42,1.0
MOT17-10-FRCNN,31,32,352,v_to_u,32,31,1,353,181,263,263,32,31,1,90,352,70,533,263,464,263,283,1,181,181,181,1.0,2.317126706906,0.040956146453,0.0,0.101275827538,0.025200434347,-1.0,-1.0,52,807,2.340013369708,1,"{""31"": 181}",181,30,30,1,30,29,30,30,1.0,0.838257530081,29,12,12,1.0,1.0,1.0,-0.0,1,0,0,30,0,30,-1.0,-1.0,0,870,900,0,-1770,1770,-1.0,89,59,-30,-0.337078651685,30,1.0,60,60,1,60,59,60,60,1.0,0.841827417805,29,12,12,1.0,1.0,1.0,-0.0,1,0,0,60,0,60,-1.0,-1.0,0,3540,3600,0,-7140,7140,-1.0,179,119,-60,-0.335195530726,60,1.0,120,120,1,120,119,120,120,1.0,0.87159814947,29,12,12,0.983193277311,1.0,1.0,-0.0,1,0,0,120,0,120,-1.0,-1.0,0,14280,14400,0,-28680,28680,-1.0,357,237,-120,-0.33426183844,120,1.0,263,283,1,181,258,282,178,0.983425414365,0.875906580116,29,12,12,0.976744186047,0.996453900709,1.0,-0.0,1,0,0,178,0,178,-1.0,-1.0,0,45924,50018,178,-95764,96120,-0.996296296296,711,533,-178,-0.24791086351,181,1.0,263,283,1,181,258,282,178,0.983425414365,0.875906580116,29,12,12,0.976744186047,0.996453900709,1.0,-0.0,1,0,0,178,0,178,-1.0,-1.0,0,45924,50018,178,-95764,96120,-0.996296296296,711,533,-178,-0.24791086351,181,1.0
MOT17-10-FRCNN,35,40,354,v_to_u,40,35,1,355,50,214,214,40,35,1,141,354,99,404,214,306,214,256,1,50,50,50,1.0,0.128428694234,0.100108032324,0.666191753877,0.077174539576,0.092957142084,-1.0,-1.0,53,825,0.003920932012,1,"{""35"": 50}",50,30,30,1,30,28,25,27,0.9,0.798646087413,31,34,31,1.0,1.0,0.814814814815,0.603797414115,3,0,22,3,22,3,0.703703703704,0.703703703704,616,140,75,600,1001,1431,0.699510831586,56,75,19,0.2375,30,1.0,60,60,1,50,58,54,45,0.9,0.767523831147,31,34,31,1.0,1.0,0.888888888889,0.423611169955,3,0,40,3,40,3,0.822222222222,0.822222222222,2320,290,162,2268,4136,5040,0.820634920635,115,152,37,0.235668789809,50,1.0,120,120,1,50,101,114,45,0.9,0.767523831147,31,34,31,0.910891089109,1.0,0.888888888889,0.423611169955,3,0,40,3,40,3,0.822222222222,0.822222222222,3680,865,342,4788,7261,9675,0.750490956072,209,246,37,0.142307692308,50,1.0,214,256,1,50,194,218,45,0.9,0.767523831147,31,34,31,0.551546391753,1.0,0.888888888889,0.423611169955,3,0,40,3,40,3,0.822222222222,0.822222222222,4280,4450,654,9156,8332,18540,0.449406688242,328,365,37,0.080962800875,50,1.0,214,256,1,50,194,218,45,0.9,0.767523831147,31,34,31,0.551546391753,1.0,0.888888888889,0.423611169955,3,0,40,3,40,3,0.822222222222,0.822222222222,4280,4450,654,9156,8332,18540,0.449406688242,328,365,37,0.080962800875,50,1.0
MOT17-10-FRCNN,29,30,375,u_to_v,29,30,1,376,36,306,306,29,30,1,66,375,70,411,310,342,310,306,1,36,36,36,1.0,0.587800722329,0.90586147232,0.098818033875,1.184323906089,1.130151255699,-1.0,-1.0,54,836,1.021009098119,1,"{""30"": 36}",36,30,30,1,30,30,30,30,1.0,0.873950013084,23,7,7,0.5,1.0,1.0,-0.0,1,0,0,30,0,30,-1.0,-1.0,0,900,900,0,-1800,1800,-1.0,75,45,-30,-0.333333333333,30,1.0,60,60,1,36,60,60,35,0.972222222222,0.883095322211,23,7,7,0.75,1.0,1.0,-0.0,1,0,0,35,0,35,-1.0,-1.0,0,2100,2100,0,-4200,4200,-1.0,140,105,-35,-0.225806451613,36,1.0,120,120,1,36,114,120,35,0.972222222222,0.883095322211,23,7,7,0.850877192982,1.0,1.0,-0.0,1,0,0,35,0,35,-1.0,-1.0,0,3990,4200,0,-8190,8190,-1.0,252,217,-35,-0.130111524164,36,1.0,300,300,1,36,294,300,35,0.972222222222,0.883095322211,23,7,7,0.942176870748,1.0,1.0,-0.0,1,0,0,35,0,35,-1.0,-1.0,0,10290,10500,0,-20790,20790,-1.0,612,577,-35,-0.055643879173,36,1.0,310,306,1,36,304,306,35,0.972222222222,0.883095322211,23,7,7,0.944078947368,1.0,1.0,-0.0,1,0,0,35,0,35,-1.0,-1.0,0,10640,10710,0,-21350,21350,-1.0,628,593,-35,-0.054263565891,36,1.0
MOT17-10-FRCNN,29,49,375,u_to_v,29,49,1,376,279,177,177,29,49,1,66,375,199,654,310,456,310,177,1,279,279,279,1.0,4.16596163384,0.101997425332,0.0,0.260748698493,0.143281193945,-1.0,-1.0,55,841,4.231863979417,1,"{""49"": 279}",279,30,30,1,30,30,30,30,1.0,0.877970990423,23,13,13,0.5,1.0,1.0,-0.0,1,0,0,30,0,30,-1.0,-1.0,0,900,900,0,-1800,1800,-1.0,75,45,-30,-0.333333333333,30,1.0,60,60,1,60,60,59,60,1.0,0.86895681353,23,13,13,0.75,1.0,1.0,-0.0,1,0,0,60,0,60,-1.0,-1.0,0,3600,3540,0,-7140,7140,-1.0,164,104,-60,-0.335195530726,60,1.0,120,120,1,120,114,116,120,1.0,0.85021160915,23,13,13,0.850877192982,1.0,1.0,-0.0,1,0,0,120,0,120,-1.0,-1.0,0,13680,13920,0,-27600,27600,-1.0,333,213,-120,-0.342857142857,120,1.0,300,177,1,279,294,166,279,1.0,0.863125103546,23,13,13,0.942176870748,0.981927710843,1.0,-0.0,1,0,0,279,0,279,-1.0,-1.0,0,82026,45477,837,-126666,128340,-0.986956521739,719,440,-279,-0.377537212449,279,1.0,310,177,1,279,304,166,279,1.0,0.863125103546,23,13,13,0.944078947368,0.981927710843,1.0,-0.0,1,0,0,279,0,279,-1.0,-1.0,0,84816,45477,837,-129456,131130,-0.987234042553,729,450,-279,-0.372496662216,279,1.0
MOT17-10-FRCNN,29,56,375,u_to_v,29,56,1,376,230,122,122,29,56,1,66,375,254,605,310,352,310,122,1,230,230,230,1.0,6.481517158671,0.163224475778,0.0,0.118188468461,0.252268854505,-1.0,-1.0,56,843,6.559369009913,1,"{""56"": 230}",230,30,30,1,30,30,30,30,1.0,0.831775377687,23,25,25,0.5,1.0,1.0,-0.0,1,0,0,30,0,30,-1.0,-1.0,0,900,900,0,-1800,1800,-1.0,75,45,-30,-0.333333333333,30,1.0,60,60,1,60,60,60,58,0.966666666667,0.806908509508,23,25,25,0.75,1.0,0.620689655172,0.663725497472,2,0,0,36,0,36,-0.620689655172,-0.620689655172,0,3480,2160,1320,-4320,6960,-0.620689655172,141,105,-36,-0.202247191011,60,1.0,120,120,1,120,114,113,118,0.983333333333,0.85258855818,23,25,18,0.850877192982,0.982300884956,0.694915254237,0.615111234126,2,0,0,36,0,36,-0.305084745763,-0.305084745763,0,13452,4160,9174,-8438,26786,-0.315015306503,244,208,-36,-0.104347826087,120,1.0,300,122,1,230,294,115,228,0.991304347826,0.882047388681,23,25,18,0.942176870748,0.982608695652,0.842105263158,0.436162325385,2,0,0,36,0,36,-0.157894736842,-0.157894736842,0,67032,4452,21768,-49716,93252,-0.53313601853,471,390,-81,-0.12715855573,230,1.0,310,122,1,230,304,115,228,0.991304347826,0.882047388681,23,25,18,0.944078947368,0.982608695652,0.842105263158,0.436162325385,2,0,0,36,0,36,-0.157894736842,-0.157894736842,0,69312,4452,21768,-51996,95532,-0.54427835699,481,400,-81,-0.125193199382,230,1.0
MOT17-10-FRCNN,31,61,389,v_to_u,61,31,1,390,144,43,43,61,31,1,347,389,70,533,43,464,43,320,1,144,144,144,1.0,3.002346594332,0.41326753605,0.0,0.642373297203,0.615942682332,-1.0,-1.0,57,853,3.231495076298,1,"{""31"": 144}",144,30,30,1,30,26,30,30,1.0,0.903516863377,45,12,12,1.0,1.0,1.0,-0.0,1,0,0,30,0,30,-1.0,-1.0,0,780,900,0,-1680,1680,-1.0,86,56,-30,-0.348837209302,30,1.0,43,60,1,60,39,60,60,1.0,0.904343345751,45,12,12,1.0,1.0,1.0,-0.0,1,0,0,60,0,60,-1.0,-1.0,0,2340,3600,0,-5940,5940,-1.0,159,99,-60,-0.377358490566,60,1.0,43,120,1,120,39,120,120,1.0,0.894587860014,45,12,12,1.0,1.0,1.0,-0.0,1,0,0,120,0,120,-1.0,-1.0,0,4680,14400,0,-19080,19080,-1.0,279,159,-120,-0.430107526882,120,1.0,43,300,1,144,39,299,141,0.979166666667,0.893620862065,45,12,12,1.0,0.996655518395,1.0,-0.0,1,0,0,141,0,141,-1.0,-1.0,0,5499,42018,141,-47376,47658,-0.994082840237,478,337,-141,-0.294363256785,144,1.0,43,320,1,144,39,319,141,0.979166666667,0.893620862065,45,12,12,1.0,0.996865203762,1.0,-0.0,1,0,0,141,0,141,-1.0,-1.0,0,5499,44838,141,-50196,50478,-0.994413407821,498,357,-141,-0.282565130261,144,1.0
MOT17-10-FRCNN,31,67,390,v_to_u,67,31,1,391,143,1,1,67,31,1,390,390,70,533,1,464,1,321,1,143,143,143,1.0,0.090010500704,0.055613918857,0.655554328347,0.223217159205,0.199056939234,-1.0,-1.0,58,871,-0.017747191824,1,"{""31"": 143}",143,1,30,1,30,0,30,30,1.0,0.903983346867,-1,12,12,,1.0,1.0,-0.0,1,0,0,30,0,0,0.0,-1.0,0,0,900,0,-900,900,-1.0,60,30,-30,-0.5,30,1.0,1,60,1,60,0,60,60,1.0,0.904181116609,-1,12,12,,1.0,1.0,-0.0,1,0,0,60,0,0,0.0,-1.0,0,0,3600,0,-3600,3600,-1.0,120,60,-60,-0.5,60,1.0,1,120,1,120,0,120,120,1.0,0.894824006282,-1,12,12,,1.0,1.0,-0.0,1,0,0,120,0,0,0.0,-1.0,0,0,14400,0,-14400,14400,-1.0,240,120,-120,-0.5,120,1.0,1,300,1,143,0,299,140,0.979020979021,0.893445838694,-1,12,12,,0.996655518395,1.0,-0.0,1,0,0,140,0,0,0.0,-1.0,0,0,41720,140,-41580,41860,-0.993311036789,438,298,-140,-0.318906605923,143,1.0,1,321,1,143,0,320,140,0.979020979021,0.893445838694,-1,12,12,,0.996875,1.0,-0.0,1,0,0,140,0,0,0.0,-1.0,0,0,44660,140,-44520,44800,-0.99375,459,319,-140,-0.304347826087,143,1.0
MOT17-10-FRCNN,2,15,398,v_to_u,15,2,1,399,232,375,398,15,2,1,1,398,1,654,375,630,375,398,1,232,232,256,0.90625,2.359924236907,0.1623621411,0.0,0.338640038845,0.245627500046,-1.0,-1.0,59,886,2.458941526071,1,"{""2"": 232}",232,30,30,1,23,28,30,23,1.0,0.834862341525,26,2,2,1.0,1.0,1.0,-0.0,1,0,0,23,0,23,-1.0,-1.0,0,644,690,0,-1334,1334,-1.0,81,58,-23,-0.283950617284,23,1.0,60,60,1,36,58,60,36,1.0,0.838740422384,26,2,2,1.0,1.0,1.0,-0.0,1,0,0,36,0,36,-1.0,-1.0,0,2088,2160,0,-4248,4248,-1.0,154,118,-36,-0.233766233766,60,0.6,120,120,1,96,118,120,96,1.0,0.876964676364,26,2,2,1.0,1.0,1.0,-0.0,1,0,0,96,0,96,-1.0,-1.0,0,11328,11520,0,-22848,22848,-1.0,334,238,-96,-0.287425149701,120,0.8,300,300,1,232,295,300,232,1.0,0.874428510352,26,2,2,1.0,1.0,1.0,-0.0,1,0,0,232,0,232,-1.0,-1.0,0,68440,69600,0,-138040,138040,-1.0,827,595,-232,-0.280532043531,256,0.90625,375,398,1,232,370,398,232,1.0,0.874428510352,26,2,2,1.0,1.0,1.0,-0.0,1,0,0,232,0,232,-1.0,-1.0,0,85840,92336,0,-178176,178176,-1.0,1000,768,-232,-0.232,256,0.90625
MOT17-10-FRCNN,15,34,398,u_to_v,15,34,1,399,4,301,301,15,34,1,1,398,98,402,375,305,375,301,1,4,4,4,1.0,3.437314644002,2.090707622528,0.0,2.081930726868,1.910737151101,-1.0,-1.0,60,890,4.359258337431,1,"{""34"": 4}",4,30,30,1,4,28,30,2,0.5,0.834806218196,26,9,9,1.0,1.0,1.0,-0.0,1,0,0,2,0,2,-1.0,-1.0,0,56,60,0,-116,116,-1.0,60,58,-2,-0.033333333333,4,1.0,60,60,1,4,58,60,2,0.5,0.834806218196,26,9,9,1.0,1.0,1.0,-0.0,1,0,0,2,0,2,-1.0,-1.0,0,116,120,0,-236,236,-1.0,120,118,-2,-0.016666666667,4,1.0,120,120,1,4,118,120,2,0.5,0.834806218196,26,9,9,1.0,1.0,1.0,-0.0,1,0,0,2,0,2,-1.0,-1.0,0,236,240,0,-476,476,-1.0,240,238,-2,-0.008333333333,4,1.0,300,300,1,4,295,300,2,0.5,0.834806218196,26,9,9,1.0,1.0,1.0,-0.0,1,0,0,2,0,2,-1.0,-1.0,0,590,600,0,-1190,1190,-1.0,597,595,-2,-0.003350083752,4,1.0,375,301,1,4,370,301,2,0.5,0.834806218196,26,9,9,1.0,1.0,1.0,-0.0,1,0,0,2,0,2,-1.0,-1.0,0,740,602,0,-1342,1342,-1.0,673,671,-2,-0.002971768202,4,1.0
MOT17-10-FRCNN,35,62,404,u_to_v,35,62,1,405,5,50,50,35,62,1,99,404,355,409,306,55,306,50,1,5,5,5,1.0,0.146846615035,0.016719551307,0.597737216901,0.02711847963,0.008908457339,-1.0,-1.0,61,933,0.005194892333,1,"{""62"": 5}",5,30,30,1,5,25,10,5,1.0,0.883478225741,31,32,31,1.0,0.9,1.0,-0.0,1,0,5,0,5,0,1.0,1.0,125,0,5,45,165,175,0.942857142857,34,39,5,0.125,5,1.0,60,50,1,5,55,30,5,1.0,0.883478225741,31,32,31,0.727272727273,0.966666666667,1.0,-0.0,1,0,5,0,5,0,1.0,1.0,200,75,5,145,265,425,0.623529411765,69,74,5,0.055555555556,5,1.0,120,50,1,5,109,30,5,1.0,0.883478225741,34,32,31,0.614678899083,0.966666666667,1.0,-0.0,1,0,0,0,0,0,0.0,0.0,200,345,5,145,-5,695,-0.007194244604,96,96,0,0.0,5,1.0,300,50,1,5,257,30,5,1.0,0.883478225741,34,32,31,0.836575875486,0.966666666667,1.0,-0.0,1,0,0,0,0,0,0.0,0.0,200,1085,5,145,-745,1435,-0.519163763066,244,244,0,0.0,5,1.0,306,50,1,5,263,30,5,1.0,0.883478225741,34,32,31,0.84030418251,0.966666666667,1.0,-0.0,1,0,0,0,0,0,0.0,0.0,200,1115,5,145,-775,1465,-0.529010238908,250,250,0,0.0,5,1.0
MOT17-10-FRCNN,35,65,404,u_to_v,35,65,1,405,173,26,26,35,65,1,99,404,379,577,306,199,306,26,1,173,173,173,1.0,1.865897113121,0.022432544446,0.0,0.222966387703,0.005526851742,-1.0,-1.0,62,936,1.894354573177,1,"{""65"": 173}",173,30,26,1,30,25,26,30,1.0,0.864841152881,31,34,34,1.0,1.0,1.0,-0.0,1,0,0,30,0,30,-1.0,-1.0,0,750,780,0,-1530,1530,-1.0,81,51,-30,-0.37037037037,30,1.0,60,26,1,60,55,26,57,0.95,0.819355531382,31,34,34,0.727272727273,1.0,1.0,-0.0,1,0,0,57,0,57,-1.0,-1.0,741,2394,1482,0,-3135,4617,-0.679012345679,123,70,-53,-0.384057971014,60,1.0,120,26,1,120,109,26,117,0.975,0.818420524219,34,34,34,0.614678899083,1.0,1.0,-0.0,1,1,117,117,0,0,0.0,0.0,7839,4914,3042,0,-117,15795,-0.007407407407,183,184,1,0.003968253968,120,1.0,300,26,1,173,257,26,170,0.982658959538,0.831442224883,34,34,34,0.836575875486,1.0,1.0,-0.0,1,1,170,170,0,0,0.0,0.0,36550,7140,4420,0,24990,48110,0.519434628975,236,385,149,0.328918322296,173,1.0,306,26,1,173,263,26,170,0.982658959538,0.831442224883,34,34,34,0.84030418251,1.0,1.0,-0.0,1,1,170,170,0,0,0.0,0.0,37570,7140,4420,0,26010,49130,0.529411764706,236,391,155,0.337690631808,173,1.0
MOT17-10-FRCNN,35,69,404,u_to_v,35,69,1,405,45,7,7,35,69,1,99,404,398,449,306,52,306,7,1,45,45,45,1.0,0.583253051755,0.003835165106,0.014156606661,0.038285643734,0.004940207655,-1.0,-1.0,63,939,0.584995276505,1,"{""69"": 45}",45,30,7,1,30,25,7,30,1.0,0.815092267171,31,32,32,1.0,1.0,1.0,-0.0,1,0,0,30,0,30,-1.0,-1.0,0,750,210,0,-960,960,-1.0,62,32,-30,-0.483870967742,30,1.0,60,7,1,45,55,7,42,0.933333333333,0.813473469782,31,32,32,0.727272727273,1.0,1.0,-0.0,1,0,0,42,0,42,-1.0,-1.0,0,2310,294,0,-2604,2604,-1.0,89,47,-42,-0.403846153846,45,1.0,120,7,1,45,109,7,42,0.933333333333,0.813473469782,34,32,32,0.614678899083,1.0,1.0,-0.0,1,0,0,42,0,42,-1.0,-1.0,0,4578,294,0,-4872,4872,-1.0,116,74,-42,-0.26582278481,45,1.0,300,7,1,45,257,7,42,0.933333333333,0.813473469782,34,32,32,0.836575875486,1.0,1.0,-0.0,1,0,0,42,0,42,-1.0,-1.0,0,10794,294,0,-11088,11088,-1.0,264,222,-42,-0.137254901961,45,1.0,306,7,1,45,263,7,42,0.933333333333,0.813473469782,34,32,32,0.84030418251,1.0,1.0,-0.0,1,0,0,42,0,42,-1.0,-1.0,0,11046,294,0,-11340,11340,-1.0,270,228,-42,-0.134615384615,45,1.0
MOT17-10-FRCNN,30,60,411,u_to_v,30,60,1,412,120,69,69,30,60,1,70,411,343,531,342,189,342,69,1,120,120,120,1.0,5.026115509284,2.091404683925,0.0,2.40969614169,2.209760270973,-1.0,-1.0,64,965,6.010912321532,1,"{""60"": 120}",120,30,30,1,30,29,30,29,0.966666666667,0.757858804599,7,59,59,1.0,0.833333333333,0.724137931034,0.692939201173,3,0,0,21,0,21,-0.724137931034,-0.724137931034,0,841,560,310,-1091,1711,-0.637638807715,75,54,-21,-0.238636363636,30,1.0,60,60,1,60,59,60,59,0.983333333333,0.796175088607,7,59,56,1.0,0.916666666667,0.525423728814,0.958724807048,3,0,0,21,0,21,-0.35593220339,-0.35593220339,0,3481,1190,2350,-2321,7021,-0.330579689503,135,114,-21,-0.11797752809,60,1.0,120,69,1,120,119,69,117,0.975,0.813500587218,7,59,56,1.0,0.927536231884,0.760683760684,0.684866420766,3,0,0,21,0,21,-0.179487179487,-0.179487179487,0,13923,1379,6694,-8608,21996,-0.391343880706,208,183,-25,-0.081967213115,120,1.0,300,69,1,120,299,69,117,0.975,0.813500587218,7,59,56,1.0,0.927536231884,0.760683760684,0.684866420766,3,0,0,21,0,21,-0.179487179487,-0.179487179487,0,34983,1379,6694,-29668,43056,-0.689056112969,388,363,-25,-0.051546391753,120,1.0,342,69,1,120,341,69,117,0.975,0.813500587218,7,59,56,1.0,0.927536231884,0.760683760684,0.684866420766,3,0,0,21,0,21,-0.179487179487,-0.179487179487,0,39897,1379,6694,-34582,47970,-0.720908901397,430,405,-25,-0.047438330171,120,1.0
MOT17-10-FRCNN,30,68,411,u_to_v,30,68,1,412,243,22,22,30,68,1,70,411,390,654,342,265,342,22,1,243,243,243,1.0,7.460972633243,2.310211850559,0.0,2.539786001559,2.393270652951,-1.0,-1.0,65,970,8.531831261334,1,"{""68"": 243}",243,30,22,1,30,29,22,28,0.933333333333,0.827289778969,7,33,33,1.0,1.0,1.0,-0.0,1,0,0,28,0,28,-1.0,-1.0,0,812,616,0,-1428,1428,-1.0,79,51,-28,-0.354430379747,30,1.0,60,22,1,60,59,22,58,0.966666666667,0.808778542046,7,33,33,1.0,1.0,1.0,-0.0,1,0,0,58,0,58,-1.0,-1.0,0,3422,1276,0,-4698,4698,-1.0,139,81,-58,-0.41726618705,60,1.0,120,22,1,120,119,22,116,0.966666666667,0.790487247887,7,33,33,1.0,1.0,1.0,-0.0,1,0,0,116,0,116,-1.0,-1.0,0,13804,2552,0,-16356,16356,-1.0,257,141,-116,-0.451361867704,120,1.0,300,22,1,243,299,22,239,0.98353909465,0.819462579988,7,33,33,1.0,1.0,1.0,-0.0,1,0,0,239,0,239,-1.0,-1.0,0,71461,5258,0,-76719,76719,-1.0,560,321,-239,-0.426785714286,243,1.0,342,22,1,243,341,22,239,0.98353909465,0.819462579988,7,33,33,1.0,1.0,1.0,-0.0,1,0,0,239,0,239,-1.0,-1.0,0,81499,5258,0,-86757,86757,-1.0,602,363,-239,-0.397009966777,243,1.0
MOT17-10-FRCNN,30,69,411,u_to_v,30,69,1,412,38,14,14,30,69,1,70,411,398,449,342,52,342,14,1,38,38,38,1.0,1.837586321376,1.244758138157,0.0,1.830763989536,1.484654018189,-1.0,-1.0,66,971,2.480317656688,1,"{""69"": 38}",38,30,14,1,30,29,14,30,1.0,0.797372780788,7,32,32,1.0,1.0,1.0,-0.0,1,0,0,30,0,30,-1.0,-1.0,0,870,420,0,-1290,1290,-1.0,73,43,-30,-0.41095890411,30,1.0,60,14,1,38,59,14,35,0.921052631579,0.810815668636,7,32,32,1.0,1.0,1.0,-0.0,1,0,0,35,0,35,-1.0,-1.0,0,2065,490,0,-2555,2555,-1.0,108,73,-35,-0.324074074074,38,1.0,120,14,1,38,119,14,35,0.921052631579,0.810815668636,7,32,32,1.0,1.0,1.0,-0.0,1,0,0,35,0,35,-1.0,-1.0,0,4165,490,0,-4655,4655,-1.0,168,133,-35,-0.208333333333,38,1.0,300,14,1,38,299,14,35,0.921052631579,0.810815668636,7,32,32,1.0,1.0,1.0,-0.0,1,0,0,35,0,35,-1.0,-1.0,0,10465,490,0,-10955,10955,-1.0,348,313,-35,-0.100574712644,38,1.0,342,14,1,38,341,14,35,0.921052631579,0.810815668636,7,32,32,1.0,1.0,1.0,-0.0,1,0,0,35,0,35,-1.0,-1.0,0,11935,490,0,-12425,12425,-1.0,390,355,-35,-0.089743589744,38,1.0
MOT17-10-FRCNN,54,63,423,v_to_u,63,54,1,424,138,67,67,63,54,1,357,423,239,561,67,323,67,185,1,138,138,138,1.0,0.07474369526,0.002173921285,0.774745586365,0.022286693065,0.005507260296,-1.0,-1.0,67,979,-0.115619825674,1,"{""54"": 138}",138,30,30,1,30,30,26,30,1.0,0.749477918402,56,71,71,1.0,0.730769230769,0.666666666667,0.636514168295,2,0,10,20,10,20,-0.333333333333,-0.333333333333,300,600,380,400,-280,1680,-0.166666666667,69,59,-10,-0.116279069767,30,1.0,60,60,1,60,60,51,53,0.883333333333,0.770035729581,56,57,71,1.0,0.607843137255,0.811320754717,0.4843021795,2,0,10,0,10,0,0.188679245283,0.188679245283,600,2580,860,1843,-997,5883,-0.169471358151,123,101,-22,-0.134146341463,60,1.0,67,120,1,120,67,110,107,0.891666666667,0.732761710263,56,71,71,1.0,0.481818181818,0.906542056075,0.310466069558,2,0,10,97,10,97,-0.81308411215,-0.81308411215,670,6499,5141,6629,-4341,18939,-0.229209567559,217,130,-87,-0.306338028169,120,1.0,67,185,1,138,67,163,125,0.905797101449,0.729947619391,56,59,71,1.0,0.472392638037,0.92,0.278769371769,2,0,10,0,10,0,0.08,0.08,670,7705,6325,14050,690,28750,0.024,237,192,-45,-0.12676056338,138,1.0,67,185,1,138,67,163,125,0.905797101449,0.729947619391,56,59,71,1.0,0.472392638037,0.92,0.278769371769,2,0,10,0,10,0,0.08,0.08,670,7705,6325,14050,690,28750,0.024,237,192,-45,-0.12676056338,138,1.0
MOT17-10-FRCNN,60,72,425,v_to_u,72,60,1,426,106,1,1,72,60,1,425,425,343,531,1,189,1,83,1,106,106,106,1.0,0.26437245626,0.050065722493,0.379956616987,0.080250988318,0.073742087257,-1.0,-1.0,68,997,0.197299040194,1,"{""60"": 106}",106,1,30,1,30,0,30,29,0.966666666667,0.774150013934,-1,59,56,,0.6,0.51724137931,0.692552532361,2,0,0,14,0,0,0.0,-0.48275862069,0,0,252,618,366,870,0.420689655172,32,33,1,0.016949152542,30,1.0,1,60,1,60,0,60,59,0.983333333333,0.810783498569,-1,59,56,,0.8,0.762711864407,0.547933805698,2,0,0,14,0,0,0.0,-0.237288135593,0,0,672,2868,2196,3540,0.620338983051,62,93,31,0.260504201681,60,1.0,1,83,1,106,0,83,103,0.971698113208,0.820589688883,-1,59,56,,0.855421686747,0.864077669903,0.397491711329,2,0,0,14,0,0,0.0,-0.135922330097,0,0,994,7555,6561,8549,0.767458182244,89,160,71,0.381720430108,106,1.0,1,83,1,106,0,83,103,0.971698113208,0.820589688883,-1,59,56,,0.855421686747,0.864077669903,0.397491711329,2,0,0,14,0,0,0.0,-0.135922330097,0,0,994,7555,6561,8549,0.767458182244,89,160,71,0.381720430108,106,1.0,1,83,1,106,0,83,103,0.971698113208,0.820589688883,-1,59,56,,0.855421686747,0.864077669903,0.397491711329,2,0,0,14,0,0,0.0,-0.135922330097,0,0,994,7555,6561,8549,0.767458182244,89,160,71,0.381720430108,106,1.0
MOT17-10-FRCNN,2,74,449,v_to_u,74,2,1,450,205,1,1,74,2,1,449,449,1,654,1,630,1,425,1,205,205,205,1.0,0.10582692258,0.021397588334,0.654216675268,0.189526578737,0.10087536276,-1.0,-1.0,69,1006,-0.023337655003,1,"{""2"": 205}",205,1,6,1,30,0,6,30,1.0,0.862156772963,-1,2,2,,1.0,1.0,-0.0,1,0,0,30,0,0,0.0,-1.0,0,0,180,0,-180,180,-1.0,36,30,-6,-0.166666666667,30,1.0,1,36,1,60,0,36,60,1.0,0.888600431252,-1,2,2,,1.0,1.0,-0.0,1,0,0,60,0,0,0.0,-1.0,0,0,2160,0,-2160,2160,-1.0,96,60,-36,-0.375,60,1.0,1,96,1,120,0,96,120,1.0,0.884623141534,-1,2,2,,1.0,1.0,-0.0,1,0,0,120,0,0,0.0,-1.0,0,0,11520,0,-11520,11520,-1.0,216,120,-96,-0.444444444444,120,1.0,1,276,1,205,0,276,205,1.0,0.879403651159,-1,2,2,,1.0,1.0,-0.0,1,0,0,205,0,0,0.0,-1.0,0,0,56580,0,-56580,56580,-1.0,481,276,-205,-0.426195426195,205,1.0,1,425,1,205,0,425,205,1.0,0.879403651159,-1,2,2,,1.0,1.0,-0.0,1,0,0,205,0,0,0.0,-1.0,0,0,87125,0,-87125,87125,-1.0,630,425,-205,-0.325396825397,205,1.0
MOT17-10-FRCNN,31,69,449,v_to_u,69,31,1,450,84,52,52,69,31,1,398,449,70,533,52,464,52,380,1,84,84,84,1.0,2.708191893971,0.723381900652,0.0,1.197256552925,1.048859999225,-1.0,-1.0,70,1009,3.113649024349,1,"{""31"": 84}",84,30,30,1,30,27,30,30,1.0,0.868766424823,32,12,12,1.0,1.0,1.0,-0.0,1,0,0,30,0,30,-1.0,-1.0,0,810,900,0,-1710,1710,-1.0,87,57,-30,-0.344827586207,30,1.0,52,60,1,60,49,60,60,1.0,0.884832374277,32,12,12,1.0,1.0,1.0,-0.0,1,0,0,60,0,60,-1.0,-1.0,0,2940,3600,0,-6540,6540,-1.0,169,109,-60,-0.355029585799,60,1.0,52,120,1,84,49,120,81,0.964285714286,0.885678281558,32,12,12,1.0,1.0,1.0,-0.0,1,0,0,81,0,81,-1.0,-1.0,0,3969,9720,0,-13689,13689,-1.0,250,169,-81,-0.324,84,1.0,52,300,1,84,49,300,81,0.964285714286,0.885678281558,32,12,12,1.0,1.0,1.0,-0.0,1,0,0,81,0,81,-1.0,-1.0,0,3969,24300,0,-28269,28269,-1.0,430,349,-81,-0.188372093023,84,1.0,52,380,1,84,49,379,81,0.964285714286,0.885678281558,32,12,12,1.0,0.997361477573,1.0,-0.0,1,0,0,81,0,81,-1.0,-1.0,0,3969,30618,81,-34506,34668,-0.995327102804,508,427,-81,-0.159135559921,84,1.0
MOT17-10-FRCNN,69,71,449,u_to_v,69,71,1,450,23,28,28,69,71,1,398,449,422,472,52,51,52,28,1,23,23,23,1.0,1.456185785731,0.102676090242,0.0,0.205396034427,0.007384888132,-1.0,-1.0,71,1032,1.503132900547,1,"{""71"": 23}",23,30,28,1,23,27,28,23,1.0,0.851819527466,32,31,31,1.0,1.0,1.0,-0.0,1,0,0,23,0,23,-1.0,-1.0,0,621,644,0,-1265,1265,-1.0,78,55,-23,-0.294871794872,23,1.0,52,28,1,23,49,28,23,1.0,0.851819527466,32,31,31,1.0,1.0,1.0,-0.0,1,0,0,23,0,23,-1.0,-1.0,0,1127,644,0,-1771,1771,-1.0,100,77,-23,-0.23,23,1.0,52,28,1,23,49,28,23,1.0,0.851819527466,32,31,31,1.0,1.0,1.0,-0.0,1,0,0,23,0,23,-1.0,-1.0,0,1127,644,0,-1771,1771,-1.0,100,77,-23,-0.23,23,1.0,52,28,1,23,49,28,23,1.0,0.851819527466,32,31,31,1.0,1.0,1.0,-0.0,1,0,0,23,0,23,-1.0,-1.0,0,1127,644,0,-1771,1771,-1.0,100,77,-23,-0.23,23,1.0,52,28,1,23,49,28,23,1.0,0.851819527466,32,31,31,1.0,1.0,1.0,-0.0,1,0,0,23,0,23,-1.0,-1.0,0,1127,644,0,-1771,1771,-1.0,100,77,-23,-0.23,23,1.0
MOT17-10-FRCNN,64,73,479,v_to_u,73,64,1,480,127,51,51,73,64,1,429,479,378,606,51,229,51,102,1,127,127,127,1.0,0.550203702397,0.173416246806,0.074195348689,0.092937995659,0.161183301568,-1.0,-1.0,72,1062,0.600421056649,1,"{""64"": 127}",127,30,30,1,30,26,30,30,1.0,0.833445663588,57,23,23,1.0,1.0,1.0,-0.0,1,0,0,30,0,30,-1.0,-1.0,0,780,900,0,-1680,1680,-1.0,86,56,-30,-0.348837209302,30,1.0,51,60,1,60,47,60,60,1.0,0.83468319401,57,23,23,1.0,1.0,1.0,-0.0,1,0,0,60,0,60,-1.0,-1.0,0,2820,3600,0,-6420,6420,-1.0,167,107,-60,-0.359281437126,60,1.0,51,102,1,120,47,102,120,1.0,0.827488097248,57,23,23,1.0,1.0,1.0,-0.0,1,0,0,120,0,120,-1.0,-1.0,0,5640,12240,0,-17880,17880,-1.0,269,149,-120,-0.446096654275,120,1.0,51,102,1,127,47,102,122,0.96062992126,0.828036131822,57,23,23,1.0,1.0,1.0,-0.0,1,0,0,122,0,122,-1.0,-1.0,0,5734,12444,0,-18178,18178,-1.0,271,149,-122,-0.450184501845,127,1.0,51,102,1,127,47,102,122,0.96062992126,0.828036131822,57,23,23,1.0,1.0,1.0,-0.0,1,0,0,122,0,122,-1.0,-1.0,0,5734,12444,0,-18178,18178,-1.0,271,149,-122,-0.450184501845,127,1.0
MOT17-10-FRCNN,76,77,502,v_to_u,77,76,1,503,87,5,5,77,76,1,498,502,491,589,5,99,5,12,1,87,87,87,1.0,0.264063934227,0.146280919603,0.339257854249,0.229008670767,0.21647635866,-1.0,-1.0,73,1083,0.260368203508,1,"{""76"": 87}",87,5,12,1,30,5,12,30,1.0,0.78834958216,48,46,46,1.0,1.0,1.0,-0.0,1,0,0,30,0,30,-1.0,-1.0,0,150,360,0,-510,510,-1.0,47,30,-17,-0.36170212766,30,1.0,5,12,1,60,5,12,50,0.833333333333,0.77709614506,48,46,46,1.0,1.0,0.98,0.09803911328,2,0,0,49,0,49,-0.98,-0.98,0,250,588,12,-826,850,-0.971764705882,66,49,-17,-0.253731343284,60,1.0,5,12,1,87,5,12,77,0.885057471264,0.774235716106,48,46,46,1.0,1.0,0.987012987013,0.069315371701,2,0,0,76,0,76,-0.987012987013,-0.987012987013,0,385,912,12,-1285,1309,-0.98166539343,93,76,-17,-0.18085106383,87,1.0,5,12,1,87,5,12,77,0.885057471264,0.774235716106,48,46,46,1.0,1.0,0.987012987013,0.069315371701,2,0,0,76,0,76,-0.987012987013,-0.987012987013,0,385,912,12,-1285,1309,-0.98166539343,93,76,-17,-0.18085106383,87,1.0,5,12,1,87,5,12,77,0.885057471264,0.774235716106,48,46,46,1.0,1.0,0.987012987013,0.069315371701,2,0,0,76,0,76,-0.987012987013,-0.987012987013,0,385,912,12,-1285,1309,-0.98166539343,93,76,-17,-0.18085106383,87,1.0
MOT17-10-FRCNN,2,60,531,v_to_u,60,2,1,532,123,165,189,60,2,1,343,531,1,654,189,630,189,507,1,123,123,123,1.0,8.711331602337,0.656627359788,0.0,0.703356391578,0.716365470662,-1.0,-1.0,74,1085,9.017460628508,1,"{""2"": 123}",123,30,30,1,30,28,30,30,1.0,0.894767989871,56,2,2,1.0,1.0,1.0,-0.0,1,0,0,30,0,30,-1.0,-1.0,0,840,900,0,-1740,1740,-1.0,88,58,-30,-0.340909090909,30,1.0,60,60,1,60,58,60,60,1.0,0.873339333966,56,2,2,1.0,1.0,1.0,-0.0,1,0,0,60,0,60,-1.0,-1.0,0,3480,3600,0,-7080,7080,-1.0,178,118,-60,-0.337078651685,60,1.0,120,96,1,120,117,96,120,1.0,0.876818253112,56,2,2,0.760683760684,1.0,1.0,-0.0,1,0,0,120,0,120,-1.0,-1.0,0,14040,11520,0,-25560,25560,-1.0,305,185,-120,-0.36036036036,120,1.0,189,276,1,123,186,276,123,1.0,0.876678479502,56,2,2,0.478494623656,1.0,1.0,-0.0,1,0,0,123,0,123,-1.0,-1.0,0,22878,33948,0,-56826,56826,-1.0,488,365,-123,-0.210256410256,123,1.0,189,507,1,123,186,507,123,1.0,0.876678479502,56,2,2,0.478494623656,1.0,1.0,-0.0,1,0,0,123,0,123,-1.0,-1.0,0,22878,62361,0,-85239,85239,-1.0,719,596,-123,-0.150735294118,123,1.0
MOT17-10-FRCNN,60,64,531,u_to_v,60,64,1,532,75,154,154,60,64,1,343,531,378,606,189,229,189,154,1,75,75,75,1.0,2.074290206126,0.437587740742,0.0,0.311478117382,0.448096117951,-1.0,-1.0,75,1093,2.259644564845,1,"{""64"": 75}",75,30,30,1,30,28,30,30,1.0,0.881881786529,56,23,23,1.0,1.0,1.0,-0.0,1,0,0,30,0,30,-1.0,-1.0,0,840,900,0,-1740,1740,-1.0,88,58,-30,-0.340909090909,30,1.0,60,60,1,60,58,60,60,1.0,0.821635805036,56,23,23,1.0,1.0,1.0,-0.0,1,0,0,60,0,60,-1.0,-1.0,0,3480,3600,0,-7080,7080,-1.0,178,118,-60,-0.337078651685,60,1.0,120,120,1,75,117,120,70,0.933333333333,0.826408233196,56,23,23,0.760683760684,1.0,1.0,-0.0,1,0,0,70,0,70,-1.0,-1.0,0,8190,8400,0,-16590,16590,-1.0,279,209,-70,-0.228013029316,75,1.0,189,154,1,75,186,154,70,0.933333333333,0.826408233196,56,23,23,0.478494623656,1.0,1.0,-0.0,1,0,0,70,0,70,-1.0,-1.0,0,13020,10780,0,-23800,23800,-1.0,313,243,-70,-0.170731707317,75,1.0,189,154,1,75,186,154,70,0.933333333333,0.826408233196,56,23,23,0.478494623656,1.0,1.0,-0.0,1,0,0,70,0,70,-1.0,-1.0,0,13020,10780,0,-23800,23800,-1.0,313,243,-70,-0.170731707317,75,1.0
MOT17-10-FRCNN,31,56,533,u_to_v,31,56,1,534,72,280,280,31,56,1,70,533,254,605,464,352,464,280,1,72,72,72,1.0,4.717180960731,0.784284852212,0.0,1.340328867603,0.68088926154,-1.0,-1.0,76,1106,5.115373986698,1,"{""56"": 72}",72,30,30,1,30,27,30,30,1.0,0.906195272706,12,18,18,1.0,1.0,1.0,-0.0,1,0,0,30,0,30,-1.0,-1.0,0,810,900,0,-1710,1710,-1.0,87,57,-30,-0.344827586207,30,1.0,60,60,1,60,57,60,60,1.0,0.919765589139,12,18,18,1.0,1.0,1.0,-0.0,1,0,0,60,0,60,-1.0,-1.0,0,3420,3600,0,-7020,7020,-1.0,177,117,-60,-0.338983050847,60,1.0,120,120,1,72,117,119,72,1.0,0.912076347345,12,18,18,1.0,0.991596638655,1.0,-0.0,1,0,0,72,0,72,-1.0,-1.0,0,8424,8496,72,-16848,16992,-0.991525423729,307,235,-72,-0.233766233766,72,1.0,300,280,1,72,297,271,72,1.0,0.912076347345,12,25,18,1.0,0.549815498155,1.0,-0.0,1,0,0,0,0,0,0.0,0.0,0,21384,8784,10728,-19440,40896,-0.475352112676,491,446,-45,-0.0703125,72,1.0,464,280,1,72,460,271,72,1.0,0.912076347345,12,25,18,0.997826086957,0.549815498155,1.0,-0.0,1,0,0,0,0,0,0.0,0.0,0,33120,8784,10728,-31176,52632,-0.592339261286,653,608,-45,-0.05603985056,72,1.0
MOT17-10-FRCNN,31,65,533,u_to_v,31,65,1,534,44,155,155,31,65,1,70,533,379,577,464,199,464,155,1,44,44,44,1.0,1.336310033812,0.995586370566,0.0,1.21391686701,0.965557137359,-1.0,-1.0,77,1109,1.80315402689,1,"{""65"": 44}",44,30,30,1,30,27,30,30,1.0,0.881936529589,12,34,34,1.0,1.0,1.0,-0.0,1,0,0,30,0,30,-1.0,-1.0,0,810,900,0,-1710,1710,-1.0,87,57,-30,-0.344827586207,30,1.0,60,60,1,44,57,60,44,1.0,0.861421116702,12,34,34,1.0,1.0,1.0,-0.0,1,0,0,44,0,44,-1.0,-1.0,0,2508,2640,0,-5148,5148,-1.0,161,117,-44,-0.273291925466,44,1.0,120,120,1,44,117,117,44,1.0,0.861421116702,12,34,34,1.0,1.0,1.0,-0.0,1,0,0,44,0,44,-1.0,-1.0,0,5148,5148,0,-10296,10296,-1.0,278,234,-44,-0.158273381295,44,1.0,300,155,1,44,297,152,44,1.0,0.861421116702,12,34,34,1.0,1.0,1.0,-0.0,1,0,0,44,0,44,-1.0,-1.0,0,13068,6688,0,-19756,19756,-1.0,493,449,-44,-0.089249492901,44,1.0,464,155,1,44,460,152,44,1.0,0.861421116702,12,34,34,0.997826086957,1.0,1.0,-0.0,1,0,0,44,0,44,-1.0,-1.0,44,20196,6688,0,-26840,26928,-0.996732026144,655,611,-44,-0.067073170732,44,1.0
MOT17-10-FRCNN,31,76,533,u_to_v,31,76,1,534,56,43,43,31,76,1,70,533,491,589,464,99,464,43,1,56,56,56,1.0,2.590094839236,2.341655556442,0.0,2.380346992005,2.036846902371,-1.0,-1.0,78,1114,3.617228117785,1,"{""76"": 56}",56,30,30,1,30,27,30,20,0.666666666667,0.753059126334,12,46,46,1.0,1.0,0.95,0.198515243346,2,0,0,19,0,19,-0.95,-0.95,0,540,570,30,-1080,1140,-0.947368421053,76,57,-19,-0.246753246753,30,1.0,60,43,1,56,57,43,46,0.821428571429,0.766996895286,12,46,46,1.0,1.0,0.978260869565,0.104732439105,2,0,0,45,0,45,-0.978260869565,-0.978260869565,0,2622,1935,43,-4514,4600,-0.981304347826,145,100,-45,-0.308219178082,56,1.0,120,43,1,56,117,43,46,0.821428571429,0.766996895286,12,46,46,1.0,1.0,0.978260869565,0.104732439105,2,0,0,45,0,45,-0.978260869565,-0.978260869565,0,5382,1935,43,-7274,7360,-0.988315217391,205,160,-45,-0.218446601942,56,1.0,300,43,1,56,297,43,46,0.821428571429,0.766996895286,12,46,46,1.0,1.0,0.978260869565,0.104732439105,2,0,0,45,0,45,-0.978260869565,-0.978260869565,0,13662,1935,43,-15554,15640,-0.994501278772,385,340,-45,-0.116580310881,56,1.0,464,43,1,56,460,43,46,0.821428571429,0.766996895286,12,46,46,0.997826086957,1.0,0.978260869565,0.104732439105,2,0,0,45,0,45,-0.978260869565,-0.978260869565,0,21160,1935,43,-23052,23138,-0.996283170542,547,502,-45,-0.081967213115,56,1.0
MOT17-10-FRCNN,64,75,539,v_to_u,75,64,1,540,67,83,83,75,64,1,457,539,378,606,83,229,83,162,1,67,67,67,1.0,0.377043619821,0.471192471322,0.280293696825,0.473494377401,0.56352723781,-1.0,-1.0,79,1123,0.528470474966,1,"{""64"": 67}",67,30,30,1,30,21,30,30,1.0,0.86167388683,59,23,23,1.0,1.0,1.0,-0.0,1,0,0,30,0,30,-1.0,-1.0,0,630,900,0,-1530,1530,-1.0,81,51,-30,-0.37037037037,30,1.0,60,60,1,60,51,60,60,1.0,0.820293000486,59,23,23,1.0,1.0,1.0,-0.0,1,0,0,60,0,60,-1.0,-1.0,0,3060,3600,0,-6660,6660,-1.0,171,111,-60,-0.350877192982,60,1.0,83,120,1,67,74,120,62,0.925373134328,0.821603490995,59,23,23,1.0,1.0,1.0,-0.0,1,0,0,62,0,62,-1.0,-1.0,0,4588,7440,0,-12028,12028,-1.0,256,194,-62,-0.2421875,67,1.0,83,162,1,67,74,162,62,0.925373134328,0.821603490995,59,23,23,1.0,1.0,1.0,-0.0,1,0,0,62,0,62,-1.0,-1.0,0,4588,10044,0,-14632,14632,-1.0,298,236,-62,-0.208053691275,67,1.0,83,162,1,67,74,162,62,0.925373134328,0.821603490995,59,23,23,1.0,1.0,1.0,-0.0,1,0,0,62,0,62,-1.0,-1.0,0,4588,10044,0,-14632,14632,-1.0,298,236,-62,-0.208053691275,67,1.0
MOT17-10-FRCNN,76,78,554,v_to_u,78,76,1,555,35,54,54,78,76,1,501,554,491,589,54,99,54,64,1,35,35,35,1.0,0.342074427824,0.076760623925,0.262820617214,0.03375098328,0.053795521326,-1.0,-1.0,80,1145,0.304314079962,1,"{""76"": 35}",35,30,30,1,30,18,22,28,0.933333333333,0.737783973253,47,46,46,0.5,0.954545454545,1.0,-0.0,1,0,0,28,0,28,-1.0,-1.0,224,280,588,28,-616,1120,-0.55,58,37,-21,-0.308823529412,30,1.0,54,60,1,35,37,52,33,0.942857142857,0.756829722094,47,46,46,0.621621621622,0.980769230769,1.0,-0.0,1,0,0,33,0,33,-1.0,-1.0,264,957,1683,33,-2343,2937,-0.797752808989,107,74,-33,-0.270491803279,35,1.0,54,64,1,35,37,56,33,0.942857142857,0.756829722094,47,46,46,0.621621621622,0.982142857143,1.0,-0.0,1,0,0,33,0,33,-1.0,-1.0,264,957,1815,33,-2475,3069,-0.806451612903,111,78,-33,-0.261904761905,35,1.0,54,64,1,35,37,56,33,0.942857142857,0.756829722094,47,46,46,0.621621621622,0.982142857143,1.0,-0.0,1,0,0,33,0,33,-1.0,-1.0,264,957,1815,33,-2475,3069,-0.806451612903,111,78,-33,-0.261904761905,35,1.0,54,64,1,35,37,56,33,0.942857142857,0.756829722094,47,46,46,0.621621621622,0.982142857143,1.0,-0.0,1,0,0,33,0,33,-1.0,-1.0,264,957,1815,33,-2475,3069,-0.806451612903,111,78,-33,-0.261904761905,35,1.0
MOT17-10-FRCNN,54,64,561,u_to_v,54,64,1,562,45,184,184,54,64,1,239,561,378,606,323,229,323,184,1,45,45,45,1.0,0.575254057253,0.401208708031,0.067439446376,0.548009343811,0.503210805336,-1.0,-1.0,81,1157,0.763818387581,1,"{""64"": 45}",45,30,30,1,30,27,30,30,1.0,0.761389823543,71,23,23,1.0,1.0,1.0,-0.0,1,0,0,30,0,30,-1.0,-1.0,0,810,900,0,-1710,1710,-1.0,87,57,-30,-0.344827586207,30,1.0,60,60,1,45,54,60,40,0.888888888889,0.784803068197,71,23,23,1.0,1.0,1.0,-0.0,1,0,0,40,0,40,-1.0,-1.0,0,2160,2400,0,-4560,4560,-1.0,154,114,-40,-0.25974025974,45,1.0,120,120,1,45,107,120,40,0.888888888889,0.784803068197,71,23,23,1.0,1.0,1.0,-0.0,1,0,0,40,0,40,-1.0,-1.0,0,4280,4800,0,-9080,9080,-1.0,267,227,-40,-0.149812734082,45,1.0,300,184,1,45,267,184,40,0.888888888889,0.784803068197,71,23,23,0.63670411985,1.0,1.0,-0.0,1,0,0,40,0,40,-1.0,-1.0,0,10680,7360,0,-18040,18040,-1.0,394,354,-40,-0.081466395112,45,1.0,323,184,1,45,288,184,40,0.888888888889,0.784803068197,71,23,23,0.590277777778,1.0,1.0,-0.0,1,0,0,40,0,40,-1.0,-1.0,0,11520,7360,0,-18880,18880,-1.0,394,354,-40,-0.078125,45,1.0
MOT17-10-FRCNN,54,80,561,u_to_v,54,80,1,562,93,23,23,54,80,1,239,561,539,654,323,116,323,23,1,93,93,93,1.0,2.150498517482,0.500433042224,0.0,0.196640057196,0.494059823837,-1.0,-1.0,82,1164,2.344676766141,1,"{""80"": 93}",93,30,23,1,30,27,23,29,0.966666666667,0.751991914647,71,72,72,1.0,1.0,1.0,-0.0,1,0,0,29,0,29,-1.0,-1.0,0,783,667,0,-1450,1450,-1.0,79,50,-29,-0.367088607595,30,1.0,60,23,1,60,54,23,59,0.983333333333,0.777161836566,71,72,72,1.0,1.0,1.0,-0.0,1,0,0,59,0,59,-1.0,-1.0,0,3186,1357,0,-4543,4543,-1.0,136,77,-59,-0.433823529412,60,1.0,120,23,1,93,107,23,92,0.989247311828,0.773710549884,71,72,72,1.0,1.0,1.0,-0.0,1,0,0,92,0,92,-1.0,-1.0,0,9844,2116,0,-11960,11960,-1.0,222,130,-92,-0.414414414414,93,1.0,300,23,1,93,267,23,92,0.989247311828,0.773710549884,71,72,72,0.63670411985,1.0,1.0,-0.0,1,0,0,92,0,92,-1.0,-1.0,0,24564,2116,0,-26680,26680,-1.0,285,193,-92,-0.240837696335,93,1.0,323,23,1,93,288,23,92,0.989247311828,0.773710549884,71,72,72,0.590277777778,1.0,1.0,-0.0,1,0,0,92,0,92,-1.0,-1.0,0,26496,2116,0,-28612,28612,-1.0,285,193,-92,-0.228287841191,93,1.0
MOT17-10-FRCNN,81,82,563,v_to_u,82,81,1,564,91,21,21,82,81,1,543,563,539,654,21,116,21,25,1,91,91,91,1.0,0.193536494319,0.023979180129,0.559198832133,0.004504512121,0.004162641956,-1.0,-1.0,83,1184,0.060598296726,1,"{""81"": 91}",91,21,25,1,30,21,24,30,1.0,0.804245296518,67,68,68,1.0,1.0,1.0,-0.0,1,0,0,30,0,30,-1.0,-1.0,0,630,720,0,-1350,1350,-1.0,75,45,-30,-0.4,30,1.0,21,25,1,60,21,24,60,1.0,0.780398485167,67,68,68,1.0,1.0,1.0,-0.0,1,0,0,60,0,60,-1.0,-1.0,0,1260,1440,0,-2700,2700,-1.0,105,60,-45,-0.428571428571,60,1.0,21,25,1,91,21,24,88,0.967032967033,0.777454228881,67,68,68,1.0,1.0,1.0,-0.0,1,0,0,88,0,88,-1.0,-1.0,0,1848,2112,0,-3960,3960,-1.0,133,88,-45,-0.338345864662,91,1.0,21,25,1,91,21,24,88,0.967032967033,0.777454228881,67,68,68,1.0,1.0,1.0,-0.0,1,0,0,88,0,88,-1.0,-1.0,0,1848,2112,0,-3960,3960,-1.0,133,88,-45,-0.338345864662,91,1.0,21,25,1,91,21,24,88,0.967032967033,0.777454228881,67,68,68,1.0,1.0,1.0,-0.0,1,0,0,88,0,88,-1.0,-1.0,0,1848,2112,0,-3960,3960,-1.0,133,88,-45,-0.338345864662,91,1.0
MOT17-10-FRCNN,65,79,577,u_to_v,65,79,1,578,77,40,40,65,79,1,379,577,538,654,199,117,199,40,1,77,77,77,1.0,1.856888601777,1.137128271866,0.0,0.987575084366,1.155436605564,-1.0,-1.0,84,1199,2.355471838737,1,"{""79"": 77}",77,30,30,1,30,30,30,30,1.0,0.845357353298,34,48,48,1.0,1.0,1.0,-0.0,1,0,0,30,0,30,-1.0,-1.0,0,900,900,0,-1800,1800,-1.0,90,60,-30,-0.333333333333,30,1.0,60,40,1,60,60,40,60,1.0,0.857223471612,34,48,48,1.0,1.0,1.0,-0.0,1,0,0,60,0,60,-1.0,-1.0,0,3600,2400,0,-6000,6000,-1.0,160,100,-60,-0.375,60,1.0,120,40,1,77,120,40,77,1.0,0.85266436047,34,48,48,1.0,1.0,1.0,-0.0,1,0,0,77,0,77,-1.0,-1.0,0,9240,3080,0,-12320,12320,-1.0,237,160,-77,-0.324894514768,77,1.0,199,40,1,77,196,40,77,1.0,0.85266436047,34,48,48,1.0,1.0,1.0,-0.0,1,0,0,77,0,77,-1.0,-1.0,0,15092,3080,0,-18172,18172,-1.0,313,236,-77,-0.246006389776,77,1.0,199,40,1,77,196,40,77,1.0,0.85266436047,34,48,48,1.0,1.0,1.0,-0.0,1,0,0,77,0,77,-1.0,-1.0,0,15092,3080,0,-18172,18172,-1.0,313,236,-77,-0.246006389776,77,1.0
MOT17-10-FRCNN,8,76,589,v_to_u,76,8,1,590,65,99,99,76,8,1,491,589,1,654,99,654,99,589,1,65,65,65,1.0,8.013272454133,0.26360245311,0.0,0.125341889938,0.209119665413,-1.0,-1.0,85,1208,8.112619222946,1,"{""8"": 65}",65,30,30,1,30,28,30,30,1.0,0.858845605957,46,4,4,1.0,1.0,1.0,-0.0,1,0,0,30,0,30,-1.0,-1.0,0,840,900,0,-1740,1740,-1.0,88,58,-30,-0.340909090909,30,1.0,60,60,1,60,50,60,60,1.0,0.865876108627,46,4,4,0.98,1.0,1.0,-0.0,1,0,0,60,0,60,-1.0,-1.0,0,3000,3600,0,-6600,6600,-1.0,169,109,-60,-0.352941176471,60,1.0,99,120,1,65,89,120,65,1.0,0.861669581457,46,4,4,0.988764044944,1.0,1.0,-0.0,1,0,0,65,0,65,-1.0,-1.0,0,5785,7800,0,-13585,13585,-1.0,273,208,-65,-0.237226277372,65,1.0,99,300,1,65,89,300,65,1.0,0.861669581457,46,4,4,0.988764044944,1.0,1.0,-0.0,1,0,0,65,0,65,-1.0,-1.0,0,5785,19500,0,-25285,25285,-1.0,453,388,-65,-0.143171806167,65,1.0,99,589,1,65,89,586,65,1.0,0.861669581457,46,4,4,0.988764044944,0.988054607509,1.0,-0.0,1,0,0,65,0,65,-1.0,-1.0,0,5785,37635,455,-42965,43875,-0.979259259259,732,667,-65,-0.087837837838,65,1.0
MOT17-10-FRCNN,76,85,589,u_to_v,76,85,1,590,46,30,30,76,85,1,491,589,560,635,99,76,99,30,1,46,46,46,1.0,0.998055415258,0.153168142739,0.0,0.39541566607,0.271819430272,-1.0,-1.0,86,1222,1.103070960577,1,"{""85"": 46}",46,30,30,1,30,28,30,30,1.0,0.838395274277,46,47,47,1.0,1.0,1.0,-0.0,1,0,0,30,0,30,-1.0,-1.0,0,840,900,0,-1740,1740,-1.0,88,58,-30,-0.340909090909,30,1.0,60,30,1,46,50,30,45,0.978260869565,0.854387814796,46,47,47,0.98,1.0,1.0,-0.0,1,0,0,45,0,45,-1.0,-1.0,45,2205,1350,0,-3510,3600,-0.975,124,79,-45,-0.36,46,1.0,99,30,1,46,89,30,45,0.978260869565,0.854387814796,46,47,47,0.988764044944,1.0,1.0,-0.0,1,0,0,45,0,45,-1.0,-1.0,45,3960,1350,0,-5265,5355,-0.983193277311,163,118,-45,-0.274390243902,46,1.0,99,30,1,46,89,30,45,0.978260869565,0.854387814796,46,47,47,0.988764044944,1.0,1.0,-0.0,1,0,0,45,0,45,-1.0,-1.0,45,3960,1350,0,-5265,5355,-0.983193277311,163,118,-45,-0.274390243902,46,1.0,99,30,1,46,89,30,45,0.978260869565,0.854387814796,46,47,47,0.988764044944,1.0,1.0,-0.0,1,0,0,45,0,45,-1.0,-1.0,45,3960,1350,0,-5265,5355,-0.983193277311,163,118,-45,-0.274390243902,46,1.0
MOT17-10-FRCNN,42,56,605,v_to_u,56,42,1,606,14,352,352,56,42,1,254,605,162,619,352,458,352,444,1,14,14,14,1.0,0.480246658037,0.187973872382,0.070864592152,0.26451845865,0.298434132483,-1.0,-1.0,87,1228,0.565819237208,1,"{""42"": 14}",14,30,30,1,14,30,30,12,0.857142857143,0.846636435265,18,25,25,1.0,1.0,1.0,-0.0,1,0,0,12,0,12,-1.0,-1.0,0,360,360,0,-720,720,-1.0,72,60,-12,-0.166666666667,14,1.0,60,60,1,14,60,60,12,0.857142857143,0.846636435265,18,25,25,1.0,1.0,1.0,-0.0,1,0,0,12,0,12,-1.0,-1.0,0,720,720,0,-1440,1440,-1.0,132,120,-12,-0.090909090909,14,1.0,120,120,1,14,120,120,12,0.857142857143,0.846636435265,18,25,25,1.0,1.0,1.0,-0.0,1,0,0,12,0,12,-1.0,-1.0,0,1440,1440,0,-2880,2880,-1.0,252,240,-12,-0.047619047619,14,1.0,300,300,1,14,297,300,12,0.857142857143,0.846636435265,18,25,25,0.646464646465,0.64,1.0,-0.0,1,0,0,12,0,12,-1.0,-1.0,1260,2304,2304,1296,-2052,7164,-0.286432160804,396,384,-12,-0.019704433498,14,1.0,352,444,1,14,343,443,12,0.857142857143,0.846636435265,18,25,25,0.565597667638,0.564334085779,1.0,-0.0,1,0,0,12,0,12,-1.0,-1.0,1788,2328,3000,2316,-1224,9432,-0.129770992366,456,444,-12,-0.015037593985,14,1.0
MOT17-10-FRCNN,49,56,605,v_to_u,56,49,1,606,49,352,352,56,49,1,254,605,199,654,352,456,352,407,1,49,49,49,1.0,5.186950627599,1.354880031156,0.0,1.55547663408,1.681207363204,-1.0,-1.0,88,1229,5.849339035117,1,"{""49"": 49}",49,30,30,1,30,30,30,30,1.0,0.89996501364,18,13,13,1.0,1.0,1.0,-0.0,1,0,0,30,0,30,-1.0,-1.0,0,900,900,0,-1800,1800,-1.0,90,60,-30,-0.333333333333,30,1.0,60,60,1,49,60,60,49,1.0,0.903381290896,18,13,13,1.0,1.0,1.0,-0.0,1,0,0,49,0,49,-1.0,-1.0,0,2940,2940,0,-5880,5880,-1.0,169,120,-49,-0.289940828402,49,1.0,120,120,1,49,120,120,49,1.0,0.903381290896,18,13,13,1.0,1.0,1.0,-0.0,1,0,0,49,0,49,-1.0,-1.0,0,5880,5880,0,-11760,11760,-1.0,289,240,-49,-0.16955017301,49,1.0,300,300,1,49,297,296,49,1.0,0.903381290896,18,13,13,0.646464646465,1.0,1.0,-0.0,1,0,0,49,0,49,-1.0,-1.0,0,14553,14504,0,-29057,29057,-1.0,537,488,-49,-0.076323987539,49,1.0,352,407,1,49,343,396,49,1.0,0.903381290896,18,13,13,0.565597667638,0.992424242424,1.0,-0.0,1,0,0,49,0,49,-1.0,-1.0,0,16807,19257,147,-35917,36211,-0.991880920162,636,587,-49,-0.062182741117,49,1.0
MOT17-10-FRCNN,56,66,605,u_to_v,56,66,1,606,37,226,226,56,66,1,254,605,380,642,352,263,352,226,1,37,37,37,1.0,6.219300460388,2.515552661632,0.0,2.358076526102,2.623187355906,-1.0,-1.0,89,1232,7.346315013997,1,"{""66"": 37}",37,30,30,1,30,30,30,30,1.0,0.766460087074,18,49,49,1.0,1.0,1.0,-0.0,1,0,0,30,0,30,-1.0,-1.0,0,900,900,0,-1800,1800,-1.0,90,60,-30,-0.333333333333,30,1.0,60,60,1,37,60,60,35,0.945945945946,0.761162102375,18,49,49,1.0,1.0,1.0,-0.0,1,0,0,35,0,35,-1.0,-1.0,0,2100,2100,0,-4200,4200,-1.0,155,120,-35,-0.225806451613,37,1.0,120,120,1,37,120,117,35,0.945945945946,0.761162102375,18,49,49,1.0,1.0,1.0,-0.0,1,0,0,35,0,35,-1.0,-1.0,0,4200,4095,0,-8295,8295,-1.0,272,237,-35,-0.128676470588,37,1.0,300,226,1,37,297,209,35,0.945945945946,0.761162102375,18,49,49,0.646464646465,1.0,1.0,-0.0,1,0,0,35,0,35,-1.0,-1.0,0,10395,7315,0,-17710,17710,-1.0,436,401,-35,-0.064695009242,37,1.0,352,226,1,37,343,209,35,0.945945945946,0.761162102375,18,49,49,0.565597667638,1.0,1.0,-0.0,1,0,0,35,0,35,-1.0,-1.0,0,12005,7315,0,-19320,19320,-1.0,438,403,-35,-0.059625212947,37,1.0
MOT17-10-FRCNN,8,64,606,v_to_u,64,8,1,607,48,229,229,64,8,1,378,606,1,654,229,654,229,606,1,48,48,48,1.0,0.203229590557,0.204944122609,0.429873190562,0.281916571479,0.283692326493,-1.0,-1.0,90,1245,0.203558213365,1,"{""8"": 48}",48,30,30,1,30,25,30,30,1.0,0.878144499649,23,4,4,1.0,1.0,1.0,-0.0,1,0,0,30,0,30,-1.0,-1.0,0,750,900,0,-1650,1650,-1.0,85,55,-30,-0.352941176471,30,1.0,60,60,1,48,55,60,48,1.0,0.861889585243,23,4,4,1.0,1.0,1.0,-0.0,1,0,0,48,0,48,-1.0,-1.0,0,2640,2880,0,-5520,5520,-1.0,163,115,-48,-0.294478527607,48,1.0,120,120,1,48,115,120,48,1.0,0.861889585243,23,4,4,1.0,1.0,1.0,-0.0,1,0,0,48,0,48,-1.0,-1.0,0,5520,5760,0,-11280,11280,-1.0,283,235,-48,-0.16961130742,48,1.0,229,300,1,48,224,300,48,1.0,0.861889585243,23,4,4,1.0,1.0,1.0,-0.0,1,0,0,48,0,48,-1.0,-1.0,0,10752,14400,0,-25152,25152,-1.0,572,524,-48,-0.083916083916,48,1.0,229,606,1,48,224,603,48,1.0,0.861889585243,23,4,4,1.0,0.988391376451,1.0,-0.0,1,0,0,48,0,48,-1.0,-1.0,0,10752,28608,336,-39024,39696,-0.983071342201,868,820,-48,-0.054857142857,48,1.0
MOT17-10-FRCNN,64,81,606,u_to_v,64,81,1,607,48,68,68,64,81,1,378,606,539,654,229,116,229,68,1,48,48,48,1.0,1.928835428443,0.903357687439,0.0,0.681817365268,1.005891040046,-1.0,-1.0,91,1254,2.323445690835,1,"{""81"": 48}",48,30,30,1,30,25,30,30,1.0,0.783532372924,23,68,68,1.0,1.0,1.0,-0.0,1,0,0,30,0,30,-1.0,-1.0,0,750,900,0,-1650,1650,-1.0,85,55,-30,-0.352941176471,30,1.0,60,60,1,48,55,59,45,0.9375,0.774303676463,23,68,68,1.0,1.0,1.0,-0.0,1,0,0,45,0,45,-1.0,-1.0,0,2475,2655,0,-5130,5130,-1.0,159,114,-45,-0.283018867925,48,1.0,120,68,1,48,115,67,45,0.9375,0.774303676463,23,68,68,1.0,1.0,1.0,-0.0,1,0,0,45,0,45,-1.0,-1.0,0,5175,3015,0,-8190,8190,-1.0,227,182,-45,-0.198237885463,48,1.0,229,68,1,48,224,67,45,0.9375,0.774303676463,23,68,68,1.0,1.0,1.0,-0.0,1,0,0,45,0,45,-1.0,-1.0,0,10080,3015,0,-13095,13095,-1.0,336,291,-45,-0.133928571429,48,1.0,229,68,1,48,224,67,45,0.9375,0.774303676463,23,68,68,1.0,1.0,1.0,-0.0,1,0,0,45,0,45,-1.0,-1.0,0,10080,3015,0,-13095,13095,-1.0,336,291,-45,-0.133928571429,48,1.0
MOT17-10-FRCNN,64,88,606,u_to_v,64,88,1,607,48,21,21,64,88,1,378,606,586,654,229,69,229,21,1,48,48,48,1.0,0.7144562443,0.644670096288,0.020980448315,0.568825249732,0.809395558229,-1.0,-1.0,92,1260,1.00820073709,1,"{""88"": 48}",48,30,21,1,30,25,15,30,1.0,0.78213322936,23,69,69,1.0,1.0,1.0,-0.0,1,0,0,30,0,30,-1.0,-1.0,0,750,450,0,-1200,1200,-1.0,70,40,-30,-0.428571428571,30,1.0,60,21,1,48,55,15,48,1.0,0.745920718188,23,69,69,1.0,1.0,1.0,-0.0,1,0,0,48,0,48,-1.0,-1.0,0,2640,720,0,-3360,3360,-1.0,118,70,-48,-0.406779661017,48,1.0,120,21,1,48,115,15,48,1.0,0.745920718188,23,69,69,1.0,1.0,1.0,-0.0,1,0,0,48,0,48,-1.0,-1.0,0,5520,720,0,-6240,6240,-1.0,178,130,-48,-0.269662921348,48,1.0,229,21,1,48,224,15,48,1.0,0.745920718188,23,69,69,1.0,1.0,1.0,-0.0,1,0,0,48,0,48,-1.0,-1.0,0,10752,720,0,-11472,11472,-1.0,287,239,-48,-0.16724738676,48,1.0,229,21,1,48,224,15,48,1.0,0.745920718188,23,69,69,1.0,1.0,1.0,-0.0,1,0,0,48,0,48,-1.0,-1.0,0,10752,720,0,-11472,11472,-1.0,287,239,-48,-0.16724738676,48,1.0
MOT17-10-FRCNN,84,86,616,v_to_u,86,84,1,617,38,49,49,86,84,1,568,616,555,654,49,100,49,62,1,38,38,38,1.0,0.171965737057,0.086689490856,0.579775318272,0.048090244426,0.051856461343,-1.0,-1.0,93,1273,0.05868895078,1,"{""84"": 38}",38,30,30,1,30,30,29,30,1.0,0.779338427916,67,66,66,1.0,1.0,0.966666666667,0.146144746009,2,0,1,29,1,29,-0.933333333333,-0.933333333333,30,870,841,29,-1652,1770,-0.933333333333,88,60,-28,-0.314606741573,30,1.0,49,60,1,38,48,58,38,1.0,0.789529152196,67,66,66,1.0,1.0,0.973684210526,0.121692402678,2,0,1,37,1,37,-0.947368421053,-0.947368421053,48,1776,2146,58,-3816,4028,-0.947368421053,143,107,-36,-0.25,38,1.0,49,62,1,38,48,60,38,1.0,0.789529152196,67,66,66,1.0,1.0,0.973684210526,0.121692402678,2,0,1,37,1,37,-0.947368421053,-0.947368421053,48,1776,2220,60,-3888,4104,-0.947368421053,145,109,-36,-0.246575342466,38,1.0,49,62,1,38,48,60,38,1.0,0.789529152196,67,66,66,1.0,1.0,0.973684210526,0.121692402678,2,0,1,37,1,37,-0.947368421053,-0.947368421053,48,1776,2220,60,-3888,4104,-0.947368421053,145,109,-36,-0.246575342466,38,1.0,49,62,1,38,48,60,38,1.0,0.789529152196,67,66,66,1.0,1.0,0.973684210526,0.121692402678,2,0,1,37,1,37,-0.947368421053,-0.947368421053,48,1776,2220,60,-3888,4104,-0.947368421053,145,109,-36,-0.246575342466,38,1.0
MOT17-10-FRCNN,8,85,635,v_to_u,85,8,1,636,19,76,76,85,8,1,560,635,1,654,76,654,76,635,1,19,19,19,1.0,9.460621133199,0.185762177626,0.0,0.304679950732,0.323162512467,-1.0,-1.0,94,1293,9.569845923925,1,"{""8"": 19}",19,30,30,1,19,29,30,19,1.0,0.839905547717,47,4,4,1.0,1.0,1.0,-0.0,1,0,0,19,0,19,-1.0,-1.0,0,551,570,0,-1121,1121,-1.0,78,59,-19,-0.24358974359,19,1.0,60,60,1,19,59,60,19,1.0,0.839905547717,47,4,4,1.0,1.0,1.0,-0.0,1,0,0,19,0,19,-1.0,-1.0,0,1121,1140,0,-2261,2261,-1.0,138,119,-19,-0.13768115942,19,1.0,76,120,1,19,75,120,19,1.0,0.839905547717,47,4,4,1.0,1.0,1.0,-0.0,1,0,0,19,0,19,-1.0,-1.0,0,1425,2280,0,-3705,3705,-1.0,214,195,-19,-0.088785046729,19,1.0,76,300,1,19,75,300,19,1.0,0.839905547717,47,4,4,1.0,1.0,1.0,-0.0,1,0,0,19,0,19,-1.0,-1.0,0,1425,5700,0,-7125,7125,-1.0,394,375,-19,-0.048223350254,19,1.0,76,635,1,19,75,632,19,1.0,0.839905547717,47,4,4,1.0,0.988924050633,1.0,-0.0,1,0,0,19,0,19,-1.0,-1.0,0,1425,11875,133,-13167,13433,-0.980198019802,719,700,-19,-0.026170798898,19,1.0
MOT17-10-FRCNN,79,85,635,v_to_u,85,79,1,636,19,76,76,85,79,1,560,635,538,654,76,117,76,98,1,19,19,19,1.0,0.663708459366,0.003487190261,0.0,0.050712730364,0.008911678956,-1.0,-1.0,95,1299,0.670542697863,1,"{""79"": 19}",19,30,30,1,19,29,30,19,1.0,0.840938970901,47,48,48,1.0,1.0,1.0,-0.0,1,0,0,19,0,19,-1.0,-1.0,0,551,570,0,-1121,1121,-1.0,78,59,-19,-0.24358974359,19,1.0,60,60,1,19,59,60,19,1.0,0.840938970901,47,48,48,1.0,1.0,1.0,-0.0,1,0,0,19,0,19,-1.0,-1.0,0,1121,1140,0,-2261,2261,-1.0,138,119,-19,-0.13768115942,19,1.0,76,98,1,19,75,98,19,1.0,0.840938970901,47,48,48,1.0,1.0,1.0,-0.0,1,0,0,19,0,19,-1.0,-1.0,0,1425,1862,0,-3287,3287,-1.0,192,173,-19,-0.098958333333,19,1.0,76,98,1,19,75,98,19,1.0,0.840938970901,47,48,48,1.0,1.0,1.0,-0.0,1,0,0,19,0,19,-1.0,-1.0,0,1425,1862,0,-3287,3287,-1.0,192,173,-19,-0.098958333333,19,1.0,76,98,1,19,75,98,19,1.0,0.840938970901,47,48,48,1.0,1.0,1.0,-0.0,1,0,0,19,0,19,-1.0,-1.0,0,1425,1862,0,-3287,3287,-1.0,192,173,-19,-0.098958333333,19,1.0
MOT17-10-FRCNN,2,66,642,v_to_u,66,2,1,643,12,239,263,66,2,1,380,642,1,654,263,630,263,618,1,12,12,12,1.0,0.374899540997,0.533443092446,0.262138298998,0.68578189785,0.653101157869,-1.0,-1.0,96,1306,0.576614044931,1,"{""2"": 12}",12,30,30,1,12,28,30,12,1.0,0.866290218252,49,2,2,1.0,1.0,1.0,-0.0,1,0,0,12,0,12,-1.0,-1.0,0,336,360,0,-696,696,-1.0,70,58,-12,-0.171428571429,12,1.0,60,60,1,12,58,60,12,1.0,0.866290218252,49,2,2,1.0,1.0,1.0,-0.0,1,0,0,12,0,12,-1.0,-1.0,0,696,720,0,-1416,1416,-1.0,130,118,-12,-0.092307692308,12,1.0,120,120,1,12,118,120,12,1.0,0.866290218252,49,2,2,1.0,1.0,1.0,-0.0,1,0,0,12,0,12,-1.0,-1.0,0,1416,1440,0,-2856,2856,-1.0,250,238,-12,-0.048,12,1.0,263,276,1,12,244,276,12,1.0,0.866290218252,49,2,2,1.0,1.0,1.0,-0.0,1,0,0,12,0,12,-1.0,-1.0,0,2928,3312,0,-6240,6240,-1.0,532,520,-12,-0.022556390977,12,1.0,263,618,1,12,244,618,12,1.0,0.866290218252,49,2,2,1.0,1.0,1.0,-0.0,1,0,0,12,0,12,-1.0,-1.0,0,2928,7416,0,-10344,10344,-1.0,874,862,-12,-0.013729977117,12,1.0
MOT17-10-FRCNN,66,88,642,u_to_v,66,88,1,643,12,57,57,66,88,1,380,642,586,654,263,69,263,57,1,12,12,12,1.0,9.410068375328,0.068583014808,0.0,0.054845820943,0.17506075361,-1.0,-1.0,97,1318,9.450204786486,1,"{""88"": 12}",12,30,30,1,12,28,30,12,1.0,0.648623019148,49,69,69,1.0,1.0,1.0,-0.0,1,0,0,12,0,12,-1.0,-1.0,0,336,360,0,-696,696,-1.0,70,58,-12,-0.171428571429,12,1.0,60,57,1,12,58,51,12,1.0,0.648623019148,49,69,69,1.0,1.0,1.0,-0.0,1,0,0,12,0,12,-1.0,-1.0,0,696,612,0,-1308,1308,-1.0,121,109,-12,-0.099173553719,12,1.0,120,57,1,12,118,51,12,1.0,0.648623019148,49,69,69,1.0,1.0,1.0,-0.0,1,0,0,12,0,12,-1.0,-1.0,0,1416,612,0,-2028,2028,-1.0,181,169,-12,-0.066298342541,12,1.0,263,57,1,12,244,51,12,1.0,0.648623019148,49,69,69,1.0,1.0,1.0,-0.0,1,0,0,12,0,12,-1.0,-1.0,0,2928,612,0,-3540,3540,-1.0,307,295,-12,-0.039087947883,12,1.0,263,57,1,12,244,51,12,1.0,0.648623019148,49,69,69,1.0,1.0,1.0,-0.0,1,0,0,12,0,12,-1.0,-1.0,0,2928,612,0,-3540,3540,-1.0,307,295,-12,-0.039087947883,12,1.0
MOT17-11-FRCNN,2,5,16,u_to_v,2,5,1,17,66,16,16,2,5,1,1,16,1,82,16,82,16,16,1,66,66,66,1.0,1.349975847403,0.827258576422,0.0,1.046676497225,1.189291943763,-1.0,-1.0,1,4,1.780387335607,1,"{""5"": 66}",66,16,16,1,30,13,16,30,1.0,0.940021298233,2,3,3,1.0,1.0,1.0,-0.0,1,0,0,30,0,30,-1.0,-1.0,0,390,480,0,-870,870,-1.0,59,30,-29,-0.491525423729,30,1.0,16,16,1,60,13,16,60,1.0,0.943378003182,2,3,3,1.0,1.0,1.0,-0.0,1,0,0,60,0,60,-1.0,-1.0,0,780,960,0,-1740,1740,-1.0,89,60,-29,-0.325842696629,60,1.0,16,16,1,66,13,16,61,0.924242424242,0.941259890497,2,3,3,1.0,1.0,1.0,-0.0,1,0,0,61,0,61,-1.0,-1.0,0,793,976,0,-1769,1769,-1.0,90,61,-29,-0.322222222222,66,1.0,16,16,1,66,13,16,61,0.924242424242,0.941259890497,2,3,3,1.0,1.0,1.0,-0.0,1,0,0,61,0,61,-1.0,-1.0,0,793,976,0,-1769,1769,-1.0,90,61,-29,-0.322222222222,66,1.0,16,16,1,66,13,16,61,0.924242424242,0.941259890497,2,3,3,1.0,1.0,1.0,-0.0,1,0,0,61,0,61,-1.0,-1.0,0,793,976,0,-1769,1769,-1.0,90,61,-29,-0.322222222222,66,1.0
MOT17-11-FRCNN,1,3,20,v_to_u,3,1,1,21,716,20,20,3,1,1,1,20,1,736,20,736,20,20,1,716,716,716,1.0,0.322017633525,0.592045001323,0.205735746366,0.764377671082,0.816785047216,-1.0,-1.0,2,18,0.576711219094,1,"{""1"": 716}",716,20,20,1,30,20,20,30,1.0,0.923078160588,25,1,1,1.0,1.0,1.0,-0.0,1,0,0,30,0,30,-1.0,-1.0,0,600,600,0,-1200,1200,-1.0,70,40,-30,-0.428571428571,30,1.0,20,20,1,60,20,20,60,1.0,0.936594818553,25,1,1,1.0,1.0,1.0,-0.0,1,0,0,60,0,60,-1.0,-1.0,0,1200,1200,0,-2400,2400,-1.0,100,60,-40,-0.4,60,1.0,20,20,1,120,20,20,120,1.0,0.928492857361,25,1,1,1.0,1.0,1.0,-0.0,1,0,0,120,0,120,-1.0,-1.0,0,2400,2400,0,-4800,4800,-1.0,160,120,-40,-0.25,120,1.0,20,20,1,300,20,20,300,1.0,0.936615991492,25,1,1,1.0,1.0,1.0,-0.0,1,0,0,300,0,300,-1.0,-1.0,0,6000,6000,0,-12000,12000,-1.0,340,300,-40,-0.117647058824,300,1.0,20,20,1,716,20,20,700,0.977653631285,0.930015585903,25,1,1,1.0,1.0,1.0,-0.0,1,0,0,700,0,700,-1.0,-1.0,0,14000,14000,0,-28000,28000,-1.0,740,700,-40,-0.054054054054,716,1.0
MOT17-11-FRCNN,15,16,21,v_to_u,16,15,1,22,2,19,19,16,15,1,3,21,1,23,19,23,19,21,1,2,2,2,1.0,0.12900183878,0.032403066429,0.608066453761,0.074230729279,0.048825397768,-1.0,-1.0,3,46,-0.002608395348,1,"{""15"": 2}",2,19,21,1,2,0,19,0,0.0,,-1,15,-1,,1.0,,,0,0,0,0,0,0,0.0,0.0,0,0,0,0,0,0,0.0,19,19,0,0.0,2,1.0,19,21,1,2,0,19,0,0.0,,-1,15,-1,,1.0,,,0,0,0,0,0,0,0.0,0.0,0,0,0,0,0,0,0.0,19,19,0,0.0,2,1.0,19,21,1,2,0,19,0,0.0,,-1,15,-1,,1.0,,,0,0,0,0,0,0,0.0,0.0,0,0,0,0,0,0,0.0,19,19,0,0.0,2,1.0,19,21,1,2,0,19,0,0.0,,-1,15,-1,,1.0,,,0,0,0,0,0,0,0.0,0.0,0,0,0,0,0,0,0.0,19,19,0,0.0,2,1.0,19,21,1,2,0,19,0,0.0,,-1,15,-1,,1.0,,,0,0,0,0,0,0,0.0,0.0,0,0,0,0,0,0,0.0,19,19,0,0.0,2,1.0
MOT17-11-FRCNN,1,17,23,v_to_u,17,1,1,24,713,17,17,17,1,1,7,23,1,736,17,736,17,23,1,713,713,713,1.0,0.730473597061,1.268126520688,0.036075519124,1.503333736446,1.709017573488,-1.0,-1.0,4,50,1.359721478445,1,"{""1"": 713}",713,17,23,1,30,17,23,30,1.0,0.924508598307,79,1,1,1.0,1.0,1.0,-0.0,1,0,0,30,0,30,-1.0,-1.0,0,510,690,0,-1200,1200,-1.0,70,40,-30,-0.428571428571,30,1.0,17,23,1,60,17,23,60,1.0,0.936312741949,79,1,1,1.0,1.0,1.0,-0.0,1,0,0,60,0,60,-1.0,-1.0,0,1020,1380,0,-2400,2400,-1.0,100,60,-40,-0.4,60,1.0,17,23,1,120,17,23,120,1.0,0.92960623187,79,1,1,1.0,1.0,1.0,-0.0,1,0,0,120,0,120,-1.0,-1.0,0,2040,2760,0,-4800,4800,-1.0,160,120,-40,-0.25,120,1.0,17,23,1,300,17,23,300,1.0,0.937322520131,79,1,1,1.0,1.0,1.0,-0.0,1,0,0,300,0,300,-1.0,-1.0,0,5100,6900,0,-12000,12000,-1.0,340,300,-40,-0.117647058824,300,1.0,17,23,1,713,17,23,697,0.977559607293,0.930172627362,79,1,1,1.0,1.0,1.0,-0.0,1,0,0,697,0,697,-1.0,-1.0,0,11849,16031,0,-27880,27880,-1.0,737,697,-40,-0.054274084125,713,1.0
MOT17-11-FRCNN,10,18,25,u_to_v,10,18,1,26,106,18,18,10,18,1,1,25,8,131,25,124,25,18,1,106,106,106,1.0,2.870860458468,0.179154277791,0.0,0.276264561372,0.251148462712,-1.0,-1.0,5,86,2.968390330324,1,"{""18"": 106}",106,25,18,1,30,23,10,30,1.0,0.798838273915,16,17,17,1.0,0.9,1.0,-0.0,1,0,0,30,0,30,-1.0,-1.0,0,690,270,30,-930,990,-0.939393939394,62,32,-30,-0.47619047619,30,1.0,25,18,1,60,23,10,60,1.0,0.824660160603,16,17,17,1.0,0.9,1.0,-0.0,1,0,0,60,0,60,-1.0,-1.0,0,1380,540,60,-1860,1980,-0.939393939394,92,61,-31,-0.333333333333,60,1.0,25,18,1,106,23,10,89,0.839622641509,0.809086104336,16,17,17,1.0,0.9,1.0,-0.0,1,0,0,89,0,89,-1.0,-1.0,0,2047,801,89,-2759,2937,-0.939393939394,121,90,-31,-0.254098360656,106,1.0,25,18,1,106,23,10,89,0.839622641509,0.809086104336,16,17,17,1.0,0.9,1.0,-0.0,1,0,0,89,0,89,-1.0,-1.0,0,2047,801,89,-2759,2937,-0.939393939394,121,90,-31,-0.254098360656,106,1.0,25,18,1,106,23,10,89,0.839622641509,0.809086104336,16,17,17,1.0,0.9,1.0,-0.0,1,0,0,89,0,89,-1.0,-1.0,0,2047,801,89,-2759,2937,-0.939393939394,121,90,-31,-0.254098360656,106,1.0
MOT17-11-FRCNN,9,20,34,u_to_v,9,20,1,35,24,6,6,9,20,1,1,34,29,58,34,30,34,6,1,24,24,24,1.0,0.41223157912,0.040644620583,0.160821193104,0.127339422377,0.097057382448,-1.0,-1.0,6,99,0.404627116472,1,"{""20"": 24}",24,30,6,1,24,30,6,23,0.958333333333,0.89011036475,28,19,19,1.0,1.0,1.0,-0.0,1,0,0,23,0,23,-1.0,-1.0,0,690,138,0,-828,828,-1.0,59,36,-23,-0.389830508475,24,1.0,34,6,1,24,34,6,23,0.958333333333,0.89011036475,28,19,19,1.0,1.0,1.0,-0.0,1,0,0,23,0,23,-1.0,-1.0,0,782,138,0,-920,920,-1.0,63,40,-23,-0.365079365079,24,1.0,34,6,1,24,34,6,23,0.958333333333,0.89011036475,28,19,19,1.0,1.0,1.0,-0.0,1,0,0,23,0,23,-1.0,-1.0,0,782,138,0,-920,920,-1.0,63,40,-23,-0.365079365079,24,1.0,34,6,1,24,34,6,23,0.958333333333,0.89011036475,28,19,19,1.0,1.0,1.0,-0.0,1,0,0,23,0,23,-1.0,-1.0,0,782,138,0,-920,920,-1.0,63,40,-23,-0.365079365079,24,1.0,34,6,1,24,34,6,23,0.958333333333,0.89011036475,28,19,19,1.0,1.0,1.0,-0.0,1,0,0,23,0,23,-1.0,-1.0,0,782,138,0,-920,920,-1.0,63,40,-23,-0.365079365079,24,1.0
MOT17-11-FRCNN,1,5,82,v_to_u,5,1,1,83,654,82,82,5,1,1,1,82,1,736,82,736,82,82,1,654,654,654,1.0,2.32690719372,0.24372301892,0.0,0.40752450707,0.263135009003,-1.0,-1.0,7,113,2.454903900057,1,"{""1"": 654}",654,30,30,1,30,25,30,30,1.0,0.908724210438,3,1,1,1.0,1.0,1.0,-0.0,1,0,0,30,0,30,-1.0,-1.0,0,750,900,0,-1650,1650,-1.0,85,55,-30,-0.352941176471,30,1.0,60,60,1,60,55,60,60,1.0,0.921448052602,3,1,1,1.0,1.0,1.0,-0.0,1,0,0,60,0,60,-1.0,-1.0,0,3300,3600,0,-6900,6900,-1.0,175,115,-60,-0.342857142857,60,1.0,82,82,1,120,77,82,120,1.0,0.928573282486,3,1,1,1.0,1.0,1.0,-0.0,1,0,0,120,0,120,-1.0,-1.0,0,9240,9840,0,-19080,19080,-1.0,279,159,-120,-0.430107526882,120,1.0,82,82,1,300,77,82,300,1.0,0.935269160187,3,1,1,1.0,1.0,1.0,-0.0,1,0,0,300,0,300,-1.0,-1.0,0,23100,24600,0,-47700,47700,-1.0,459,300,-159,-0.346405228758,300,1.0,82,82,1,654,77,82,638,0.975535168196,0.929467903495,3,1,1,1.0,1.0,1.0,-0.0,1,0,0,638,0,638,-1.0,-1.0,0,49126,52316,0,-101442,101442,-1.0,797,638,-159,-0.199498117942,654,1.0
MOT17-11-FRCNN,4,5,82,v_to_u,5,4,1,83,25,82,82,5,4,1,1,82,1,107,82,107,82,82,1,25,25,25,1.0,1.007002222798,0.021160035389,0.0,0.065606068452,0.003918522565,-1.0,-1.0,8,114,1.019244690747,1,"{""4"": 25}",25,30,30,1,25,25,30,20,0.8,0.91472657862,3,4,4,1.0,1.0,1.0,-0.0,1,0,0,20,0,20,-1.0,-1.0,0,500,600,0,-1100,1100,-1.0,75,55,-20,-0.266666666667,25,1.0,60,60,1,25,55,60,20,0.8,0.91472657862,3,4,4,1.0,1.0,1.0,-0.0,1,0,0,20,0,20,-1.0,-1.0,0,1100,1200,0,-2300,2300,-1.0,135,115,-20,-0.148148148148,25,1.0,82,82,1,25,77,82,20,0.8,0.91472657862,3,4,4,1.0,1.0,1.0,-0.0,1,0,0,20,0,20,-1.0,-1.0,0,1540,1640,0,-3180,3180,-1.0,179,159,-20,-0.111731843575,25,1.0,82,82,1,25,77,82,20,0.8,0.91472657862,3,4,4,1.0,1.0,1.0,-0.0,1,0,0,20,0,20,-1.0,-1.0,0,1540,1640,0,-3180,3180,-1.0,179,159,-20,-0.111731843575,25,1.0,82,82,1,25,77,82,20,0.8,0.91472657862,3,4,4,1.0,1.0,1.0,-0.0,1,0,0,20,0,20,-1.0,-1.0,0,1540,1640,0,-3180,3180,-1.0,179,159,-20,-0.111731843575,25,1.0
MOT17-11-FRCNN,7,24,93,v_to_u,24,7,1,94,180,1,1,24,7,1,93,93,1,273,1,273,1,93,1,180,180,180,1.0,0.441375748582,0.347258080029,0.10035768284,0.673548976812,0.65328465953,-1.0,-1.0,9,129,0.635784211513,1,"{""7"": 180}",180,1,30,1,30,1,30,30,1.0,0.821098135901,88,6,6,1.0,1.0,1.0,-0.0,1,0,0,30,0,30,-1.0,-1.0,0,30,900,0,-930,930,-1.0,61,31,-30,-0.491803278689,30,1.0,1,60,1,60,1,60,60,1.0,0.847583169825,88,6,6,1.0,1.0,1.0,-0.0,1,0,0,60,0,60,-1.0,-1.0,0,60,3600,0,-3660,3660,-1.0,121,61,-60,-0.495867768595,60,1.0,1,93,1,120,1,93,120,1.0,0.885496053596,88,6,6,1.0,1.0,1.0,-0.0,1,0,0,120,0,120,-1.0,-1.0,0,120,11160,0,-11280,11280,-1.0,214,120,-94,-0.439252336449,120,1.0,1,93,1,180,1,93,175,0.972222222222,0.903553579013,88,6,6,1.0,1.0,1.0,-0.0,1,0,0,175,0,175,-1.0,-1.0,0,175,16275,0,-16450,16450,-1.0,269,175,-94,-0.349442379182,180,1.0,1,93,1,180,1,93,175,0.972222222222,0.903553579013,88,6,6,1.0,1.0,1.0,-0.0,1,0,0,175,0,175,-1.0,-1.0,0,175,16275,0,-16450,16450,-1.0,269,175,-94,-0.349442379182,180,1.0
MOT17-11-FRCNN,14,18,98,u_to_v,14,18,1,99,33,91,91,14,18,1,1,98,8,131,98,124,98,91,1,33,33,33,1.0,0.369409820453,0.064913170601,0.207079025735,0.153232960537,0.118867006084,-1.0,-1.0,10,148,0.361078353331,1,"{""18"": 33}",33,30,30,1,30,30,30,16,0.533333333333,0.767682978876,18,17,17,1.0,1.0,1.0,-0.0,1,0,0,16,0,16,-1.0,-1.0,0,480,480,0,-960,960,-1.0,76,60,-16,-0.210526315789,30,1.0,60,60,1,33,60,60,16,0.484848484848,0.767682978876,18,17,17,1.0,1.0,1.0,-0.0,1,0,0,16,0,16,-1.0,-1.0,0,960,960,0,-1920,1920,-1.0,136,120,-16,-0.117647058824,33,1.0,98,91,1,33,96,83,16,0.484848484848,0.767682978876,18,17,17,1.0,0.987951807229,1.0,-0.0,1,0,0,16,0,16,-1.0,-1.0,0,1536,1312,16,-2832,2864,-0.988826815642,194,178,-16,-0.082051282051,33,1.0,98,91,1,33,96,83,16,0.484848484848,0.767682978876,18,17,17,1.0,0.987951807229,1.0,-0.0,1,0,0,16,0,16,-1.0,-1.0,0,1536,1312,16,-2832,2864,-0.988826815642,194,178,-16,-0.082051282051,33,1.0,98,91,1,33,96,83,16,0.484848484848,0.767682978876,18,17,17,1.0,0.987951807229,1.0,-0.0,1,0,0,16,0,16,-1.0,-1.0,0,1536,1312,16,-2832,2864,-0.988826815642,194,178,-16,-0.082051282051,33,1.0
MOT17-11-FRCNN,25,26,126,u_to_v,25,26,1,127,36,3,3,25,26,1,109,126,124,162,18,39,18,3,1,36,36,36,1.0,0.481335830637,0.10162985318,0.098651369763,0.053718159511,0.039806926498,-1.0,-1.0,11,177,0.491432960092,1,"{""26"": 36}",36,18,3,1,30,18,3,30,1.0,0.835095516484,76,77,77,1.0,1.0,1.0,-0.0,1,0,0,30,0,30,-1.0,-1.0,0,540,90,0,-630,630,-1.0,51,30,-21,-0.411764705882,30,1.0,18,3,1,36,18,3,34,0.944444444444,0.834797288278,76,77,77,1.0,1.0,1.0,-0.0,1,0,0,34,0,34,-1.0,-1.0,0,612,102,0,-714,714,-1.0,55,34,-21,-0.381818181818,36,1.0,18,3,1,36,18,3,34,0.944444444444,0.834797288278,76,77,77,1.0,1.0,1.0,-0.0,1,0,0,34,0,34,-1.0,-1.0,0,612,102,0,-714,714,-1.0,55,34,-21,-0.381818181818,36,1.0,18,3,1,36,18,3,34,0.944444444444,0.834797288278,76,77,77,1.0,1.0,1.0,-0.0,1,0,0,34,0,34,-1.0,-1.0,0,612,102,0,-714,714,-1.0,55,34,-21,-0.381818181818,36,1.0,18,3,1,36,18,3,34,0.944444444444,0.834797288278,76,77,77,1.0,1.0,1.0,-0.0,1,0,0,34,0,34,-1.0,-1.0,0,612,102,0,-714,714,-1.0,55,34,-21,-0.381818181818,36,1.0
MOT17-11-FRCNN,8,18,131,v_to_u,18,8,1,132,156,124,124,18,8,1,8,131,1,287,124,287,124,131,1,156,156,156,1.0,3.862904039778,0.031871703678,0.0,0.233785415237,0.19328385164,-1.0,-1.0,12,181,3.913578892385,1,"{""8"": 156}",156,30,30,1,30,13,30,30,1.0,0.837247574596,17,13,13,1.0,1.0,1.0,-0.0,1,0,0,30,0,30,-1.0,-1.0,0,390,900,0,-1290,1290,-1.0,73,43,-30,-0.41095890411,30,1.0,60,60,1,60,43,60,60,1.0,0.852083973902,17,13,13,1.0,1.0,1.0,-0.0,1,0,0,60,0,60,-1.0,-1.0,0,2580,3600,0,-6180,6180,-1.0,163,103,-60,-0.368098159509,60,1.0,120,120,1,120,98,120,120,1.0,0.869692040112,17,13,13,0.989795918367,1.0,1.0,-0.0,1,0,0,120,0,120,-1.0,-1.0,0,11760,14400,0,-26160,26160,-1.0,337,217,-120,-0.355029585799,120,1.0,124,131,1,156,99,131,154,0.987179487179,0.867691392466,17,13,13,0.989898989899,1.0,1.0,-0.0,1,0,0,154,0,154,-1.0,-1.0,0,15246,20174,0,-35420,35420,-1.0,383,229,-154,-0.401041666667,156,1.0,124,131,1,156,99,131,154,0.987179487179,0.867691392466,17,13,13,0.989898989899,1.0,1.0,-0.0,1,0,0,154,0,154,-1.0,-1.0,0,15246,20174,0,-35420,35420,-1.0,383,229,-154,-0.401041666667,156,1.0
MOT17-11-FRCNN,11,13,146,u_to_v,11,13,1,147,6,146,146,11,13,1,1,146,1,152,146,152,146,146,1,6,6,6,1.0,0.327363713247,0.032460144019,0.271798735137,0.043550425527,0.050299423178,-1.0,-1.0,13,195,0.276914050338,1,"{""13"": 6}",6,30,30,1,6,27,30,4,0.666666666667,0.801089165388,29,30,30,1.0,1.0,1.0,-0.0,1,0,0,4,0,4,-1.0,-1.0,0,108,120,0,-228,228,-1.0,61,57,-4,-0.065573770492,6,1.0,60,60,1,6,57,60,4,0.666666666667,0.801089165388,29,30,30,1.0,1.0,1.0,-0.0,1,0,0,4,0,4,-1.0,-1.0,0,228,240,0,-468,468,-1.0,121,117,-4,-0.03305785124,6,1.0,120,120,1,6,117,120,4,0.666666666667,0.801089165388,29,30,30,1.0,1.0,1.0,-0.0,1,0,0,4,0,4,-1.0,-1.0,0,468,480,0,-948,948,-1.0,241,237,-4,-0.016597510373,6,1.0,146,146,1,6,138,143,4,0.666666666667,0.801089165388,29,30,30,1.0,0.972027972028,1.0,-0.0,1,0,0,4,0,4,-1.0,-1.0,0,552,556,16,-1092,1124,-0.97153024911,281,277,-4,-0.014035087719,6,1.0,146,146,1,6,138,143,4,0.666666666667,0.801089165388,29,30,30,1.0,0.972027972028,1.0,-0.0,1,0,0,4,0,4,-1.0,-1.0,0,552,556,16,-1092,1124,-0.97153024911,281,277,-4,-0.014035087719,6,1.0
MOT17-11-FRCNN,21,26,162,v_to_u,26,21,1,163,738,39,39,26,21,1,124,162,42,900,39,859,39,121,1,738,738,738,1.0,0.281994181323,0.507817747321,0.217495685337,0.722226160113,0.786402501865,-1.0,-1.0,14,217,0.505437563017,1,"{""21"": 738}",738,30,30,1,30,28,30,30,1.0,0.935141603618,77,25,25,1.0,1.0,1.0,-0.0,1,0,0,30,0,30,-1.0,-1.0,0,840,900,0,-1740,1740,-1.0,88,58,-30,-0.340909090909,30,1.0,39,60,1,60,37,60,60,1.0,0.937015542307,77,25,25,1.0,1.0,1.0,-0.0,1,0,0,60,0,60,-1.0,-1.0,0,2220,3600,0,-5820,5820,-1.0,157,97,-60,-0.382165605096,60,1.0,39,120,1,120,37,120,120,1.0,0.907421726166,77,25,25,1.0,1.0,1.0,-0.0,1,0,0,120,0,120,-1.0,-1.0,0,4440,14400,0,-18840,18840,-1.0,277,157,-120,-0.43321299639,120,1.0,39,121,1,300,37,121,300,1.0,0.915594411916,77,25,25,1.0,1.0,1.0,-0.0,1,0,0,300,0,300,-1.0,-1.0,0,11100,36300,0,-47400,47400,-1.0,458,300,-158,-0.344978165939,300,1.0,39,121,1,738,37,121,738,1.0,0.917798171979,77,25,25,1.0,1.0,1.0,-0.0,1,0,0,738,0,738,-1.0,-1.0,0,27306,89298,0,-116604,116604,-1.0,896,738,-158,-0.176339285714,738,1.0
MOT17-11-FRCNN,1,22,187,v_to_u,22,1,1,188,549,108,108,22,1,1,80,187,1,736,108,736,108,187,1,549,549,549,1.0,2.410052385685,0.392050991006,0.0,0.26033223952,0.363658385896,-1.0,-1.0,15,221,2.570464195978,1,"{""1"": 549}",549,30,30,1,30,26,30,30,1.0,0.946759012716,24,1,1,1.0,1.0,1.0,-0.0,1,0,0,30,0,30,-1.0,-1.0,0,780,900,0,-1680,1680,-1.0,86,56,-30,-0.348837209302,30,1.0,60,60,1,60,56,60,60,1.0,0.952561354291,24,1,1,1.0,1.0,1.0,-0.0,1,0,0,60,0,60,-1.0,-1.0,0,3360,3600,0,-6960,6960,-1.0,176,116,-60,-0.340909090909,60,1.0,108,120,1,120,103,120,120,1.0,0.944587689682,24,1,1,1.0,1.0,1.0,-0.0,1,0,0,120,0,120,-1.0,-1.0,0,12360,14400,0,-26760,26760,-1.0,343,223,-120,-0.349854227405,120,1.0,108,187,1,300,103,187,300,1.0,0.936068706177,24,1,1,1.0,1.0,1.0,-0.0,1,0,0,300,0,300,-1.0,-1.0,0,30900,56100,0,-87000,87000,-1.0,590,300,-290,-0.491525423729,300,1.0,108,187,1,549,103,187,533,0.970856102004,0.929867446136,24,1,1,1.0,1.0,1.0,-0.0,1,0,0,533,0,533,-1.0,-1.0,0,54899,99671,0,-154570,154570,-1.0,823,533,-290,-0.352369380316,549,1.0
MOT17-11-FRCNN,6,19,187,v_to_u,19,6,1,188,503,161,161,19,6,1,27,187,1,690,161,690,161,187,1,503,503,503,1.0,3.274897912193,0.086834757808,0.0,2.102577186526,2.273581366028,-1.0,-1.0,16,222,3.7342224569,1,"{""6"": 503}",503,30,30,1,30,28,30,30,1.0,0.950306809688,80,14,14,1.0,1.0,1.0,-0.0,1,0,0,30,0,30,-1.0,-1.0,0,840,900,0,-1740,1740,-1.0,88,58,-30,-0.340909090909,30,1.0,60,60,1,60,58,60,60,1.0,0.952436267875,80,14,14,1.0,1.0,1.0,-0.0,1,0,0,60,0,60,-1.0,-1.0,0,3480,3600,0,-7080,7080,-1.0,178,118,-60,-0.337078651685,60,1.0,120,120,1,120,114,120,120,1.0,0.954249433862,80,14,14,1.0,1.0,1.0,-0.0,1,0,0,120,0,120,-1.0,-1.0,0,13680,14400,0,-28080,28080,-1.0,354,234,-120,-0.338983050847,120,1.0,161,187,1,300,154,187,300,1.0,0.958512762857,80,14,14,1.0,1.0,1.0,-0.0,1,0,0,300,0,300,-1.0,-1.0,0,46200,56100,0,-102300,102300,-1.0,641,341,-300,-0.468018720749,300,1.0,161,187,1,503,154,187,492,0.978131212724,0.950460074952,80,14,14,1.0,1.0,1.0,-0.0,1,0,0,492,0,492,-1.0,-1.0,0,75768,92004,0,-167772,167772,-1.0,833,492,-341,-0.409363745498,503,1.0
MOT17-11-FRCNN,21,27,225,v_to_u,27,21,1,226,675,51,51,27,21,1,175,225,42,900,51,859,51,184,1,675,675,675,1.0,0.662010064811,0.726557390805,0.010464702848,1.196179396944,1.084648668518,-1.0,-1.0,17,241,1.069116043346,1,"{""21"": 675}",675,30,30,1,30,27,30,30,1.0,0.887896880339,55,25,25,1.0,1.0,1.0,-0.0,1,0,0,30,0,30,-1.0,-1.0,0,810,900,0,-1710,1710,-1.0,87,57,-30,-0.344827586207,30,1.0,51,60,1,60,48,60,60,1.0,0.878354240075,55,25,25,1.0,1.0,1.0,-0.0,1,0,0,60,0,60,-1.0,-1.0,0,2880,3600,0,-6480,6480,-1.0,168,108,-60,-0.357142857143,60,1.0,51,120,1,120,48,120,120,1.0,0.888597762468,55,25,25,1.0,1.0,1.0,-0.0,1,0,0,120,0,120,-1.0,-1.0,0,5760,14400,0,-20160,20160,-1.0,288,168,-120,-0.416666666667,120,1.0,51,184,1,300,48,184,300,1.0,0.913509398949,55,25,25,1.0,1.0,1.0,-0.0,1,0,0,300,0,300,-1.0,-1.0,0,14400,55200,0,-69600,69600,-1.0,532,300,-232,-0.436090225564,300,1.0,51,184,1,675,48,184,675,1.0,0.916064479555,55,25,25,1.0,1.0,1.0,-0.0,1,0,0,675,0,675,-1.0,-1.0,0,32400,124200,0,-156600,156600,-1.0,907,675,-232,-0.25578831312,675,1.0
MOT17-11-FRCNN,23,32,252,u_to_v,23,32,1,253,93,2,2,23,32,1,91,252,251,345,162,95,162,2,1,93,93,93,1.0,0.2025603003,0.29045563526,0.419688698244,0.349407409844,0.406645452409,-1.0,-1.0,18,255,0.245857320779,1,"{""32"": 93}",93,30,2,1,30,29,2,30,1.0,0.925655063509,26,27,27,1.0,1.0,1.0,-0.0,1,0,0,30,0,30,-1.0,-1.0,0,870,60,0,-930,930,-1.0,61,31,-30,-0.491803278689,30,1.0,60,2,1,60,59,2,60,1.0,0.920680525858,26,27,27,1.0,1.0,1.0,-0.0,1,0,0,60,0,60,-1.0,-1.0,0,3540,120,0,-3660,3660,-1.0,121,61,-60,-0.495867768595,60,1.0,120,2,1,93,119,2,93,1.0,0.897743787907,26,27,27,1.0,1.0,1.0,-0.0,1,0,0,93,0,93,-1.0,-1.0,0,11067,186,0,-11253,11253,-1.0,214,121,-93,-0.434579439252,93,1.0,162,2,1,93,161,2,93,1.0,0.897743787907,26,27,27,1.0,1.0,1.0,-0.0,1,0,0,93,0,93,-1.0,-1.0,0,14973,186,0,-15159,15159,-1.0,256,163,-93,-0.36328125,93,1.0,162,2,1,93,161,2,93,1.0,0.897743787907,26,27,27,1.0,1.0,1.0,-0.0,1,0,0,93,0,93,-1.0,-1.0,0,14973,186,0,-15159,15159,-1.0,256,163,-93,-0.36328125,93,1.0
MOT17-11-FRCNN,7,12,258,v_to_u,12,7,1,259,15,258,258,12,7,1,1,258,1,273,258,273,258,258,1,15,15,15,1.0,0.427209605374,0.03075521787,0.169014818587,0.400122175387,0.197539053129,-1.0,-1.0,19,259,0.452410828046,1,"{""7"": 15}",15,30,30,1,15,27,30,10,0.666666666667,0.865120527945,5,6,6,1.0,1.0,1.0,-0.0,1,0,0,10,0,10,-1.0,-1.0,0,270,300,0,-570,570,-1.0,67,57,-10,-0.149253731343,15,1.0,60,60,1,15,57,60,10,0.666666666667,0.865120527945,5,6,6,1.0,1.0,1.0,-0.0,1,0,0,10,0,10,-1.0,-1.0,0,570,600,0,-1170,1170,-1.0,127,117,-10,-0.07874015748,15,1.0,120,120,1,15,117,120,10,0.666666666667,0.865120527945,5,6,6,1.0,1.0,1.0,-0.0,1,0,0,10,0,10,-1.0,-1.0,0,1170,1200,0,-2370,2370,-1.0,247,237,-10,-0.04048582996,15,1.0,258,258,1,15,255,258,10,0.666666666667,0.865120527945,5,6,6,1.0,1.0,1.0,-0.0,1,0,0,10,0,10,-1.0,-1.0,0,2550,2580,0,-5130,5130,-1.0,523,513,-10,-0.019120458891,15,1.0,258,258,1,15,255,258,10,0.666666666667,0.865120527945,5,6,6,1.0,1.0,1.0,-0.0,1,0,0,10,0,10,-1.0,-1.0,0,2550,2580,0,-5130,5130,-1.0,523,513,-10,-0.019120458891,15,1.0
MOT17-11-FRCNN,7,29,273,u_to_v,7,29,1,274,39,76,76,7,29,1,1,273,198,312,273,115,273,76,1,39,39,39,1.0,1.174648995416,0.598675505177,0.0,1.036261763836,1.006979273098,-1.0,-1.0,20,274,1.528641975403,1,"{""29"": 39}",39,30,30,1,30,25,30,30,1.0,0.940747830132,6,20,20,1.0,1.0,1.0,-0.0,1,0,0,30,0,30,-1.0,-1.0,0,750,900,0,-1650,1650,-1.0,85,55,-30,-0.352941176471,30,1.0,60,60,1,39,55,60,35,0.897435897436,0.937503564428,6,20,20,1.0,1.0,1.0,-0.0,1,0,0,35,0,35,-1.0,-1.0,0,1925,2100,0,-4025,4025,-1.0,150,115,-35,-0.233333333333,39,1.0,120,76,1,39,115,76,35,0.897435897436,0.937503564428,6,20,20,1.0,1.0,1.0,-0.0,1,0,0,35,0,35,-1.0,-1.0,0,4025,2660,0,-6685,6685,-1.0,226,191,-35,-0.154867256637,39,1.0,273,76,1,39,268,76,35,0.897435897436,0.937503564428,6,20,20,1.0,1.0,1.0,-0.0,1,0,0,35,0,35,-1.0,-1.0,0,9380,2660,0,-12040,12040,-1.0,379,344,-35,-0.09234828496,39,1.0,273,76,1,39,268,76,35,0.897435897436,0.937503564428,6,20,20,1.0,1.0,1.0,-0.0,1,0,0,35,0,35,-1.0,-1.0,0,9380,2660,0,-12040,12040,-1.0,379,344,-35,-0.09234828496,39,1.0
MOT17-11-FRCNN,30,34,281,u_to_v,30,34,1,282,42,29,29,30,34,1,231,281,253,323,51,71,51,29,1,42,42,42,1.0,4.006335245887,0.785256487747,0.0,0.194938861434,0.302521861245,-1.0,-1.0,21,289,4.252395440091,1,"{""34"": 42}",42,30,29,1,30,25,29,30,1.0,0.754125060582,56,59,59,1.0,1.0,1.0,-0.0,1,0,0,30,0,30,-1.0,-1.0,0,750,870,0,-1620,1620,-1.0,84,54,-30,-0.357142857143,30,1.0,51,29,1,42,46,29,37,0.880952380952,0.74862595114,56,59,59,1.0,1.0,1.0,-0.0,1,0,0,37,0,37,-1.0,-1.0,0,1702,1073,0,-2775,2775,-1.0,112,75,-37,-0.330357142857,42,1.0,51,29,1,42,46,29,37,0.880952380952,0.74862595114,56,59,59,1.0,1.0,1.0,-0.0,1,0,0,37,0,37,-1.0,-1.0,0,1702,1073,0,-2775,2775,-1.0,112,75,-37,-0.330357142857,42,1.0,51,29,1,42,46,29,37,0.880952380952,0.74862595114,56,59,59,1.0,1.0,1.0,-0.0,1,0,0,37,0,37,-1.0,-1.0,0,1702,1073,0,-2775,2775,-1.0,112,75,-37,-0.330357142857,42,1.0,51,29,1,42,46,29,37,0.880952380952,0.74862595114,56,59,59,1.0,1.0,1.0,-0.0,1,0,0,37,0,37,-1.0,-1.0,0,1702,1073,0,-2775,2775,-1.0,112,75,-37,-0.330357142857,42,1.0
MOT17-11-FRCNN,6,8,287,v_to_u,8,6,1,288,403,287,287,8,6,1,1,287,1,690,287,690,287,287,1,403,403,403,1.0,3.10792588108,0.738378149274,0.0,1.191274083397,1.007227694728,-1.0,-1.0,22,291,3.512370596212,1,"{""6"": 403}",403,30,30,1,30,28,30,30,1.0,0.937053924589,13,14,14,1.0,1.0,1.0,-0.0,1,0,0,30,0,30,-1.0,-1.0,0,840,900,0,-1740,1740,-1.0,88,58,-30,-0.340909090909,30,1.0,60,60,1,60,58,60,60,1.0,0.936000688232,13,14,14,1.0,1.0,1.0,-0.0,1,0,0,60,0,60,-1.0,-1.0,0,3480,3600,0,-7080,7080,-1.0,178,118,-60,-0.337078651685,60,1.0,120,120,1,120,118,120,120,1.0,0.953569281975,13,14,14,1.0,1.0,1.0,-0.0,1,0,0,120,0,120,-1.0,-1.0,0,14160,14400,0,-28560,28560,-1.0,358,238,-120,-0.335195530726,120,1.0,287,287,1,300,285,287,300,1.0,0.961444748861,13,14,14,1.0,1.0,1.0,-0.0,1,0,0,300,0,300,-1.0,-1.0,0,85500,86100,0,-171600,171600,-1.0,872,572,-300,-0.344036697248,300,1.0,287,287,1,403,285,287,392,0.97270471464,0.949117209756,13,14,14,1.0,1.0,1.0,-0.0,1,0,0,392,0,392,-1.0,-1.0,0,111720,112504,0,-224224,224224,-1.0,964,572,-392,-0.406639004149,403,1.0
MOT17-11-FRCNN,8,32,287,u_to_v,8,32,1,288,58,37,37,8,32,1,1,287,251,345,287,95,287,37,1,58,58,58,1.0,4.496477271093,0.55022907435,0.0,0.89434627762,0.718387991432,-1.0,-1.0,23,296,4.795307966586,1,"{""32"": 58}",58,30,30,1,30,28,30,30,1.0,0.916235488578,13,27,27,1.0,1.0,1.0,-0.0,1,0,0,30,0,30,-1.0,-1.0,0,840,900,0,-1740,1740,-1.0,88,58,-30,-0.340909090909,30,1.0,60,37,1,58,58,37,58,1.0,0.880348503334,13,27,27,1.0,1.0,1.0,-0.0,1,0,0,58,0,58,-1.0,-1.0,0,3364,2146,0,-5510,5510,-1.0,153,95,-58,-0.37908496732,58,1.0,120,37,1,58,118,37,58,1.0,0.880348503334,13,27,27,1.0,1.0,1.0,-0.0,1,0,0,58,0,58,-1.0,-1.0,0,6844,2146,0,-8990,8990,-1.0,213,155,-58,-0.272300469484,58,1.0,287,37,1,58,285,37,58,1.0,0.880348503334,13,27,27,1.0,1.0,1.0,-0.0,1,0,0,58,0,58,-1.0,-1.0,0,16530,2146,0,-18676,18676,-1.0,380,322,-58,-0.152631578947,58,1.0,287,37,1,58,285,37,58,1.0,0.880348503334,13,27,27,1.0,1.0,1.0,-0.0,1,0,0,58,0,58,-1.0,-1.0,0,16530,2146,0,-18676,18676,-1.0,380,322,-58,-0.152631578947,58,1.0
MOT17-11-FRCNN,1,29,312,v_to_u,29,1,1,313,424,115,115,29,1,1,198,312,1,736,115,736,115,312,1,424,424,424,1.0,2.20851937907,0.501437275425,0.0,0.701085452098,0.757687377569,-1.0,-1.0,24,299,2.479755980893,1,"{""1"": 424}",424,30,30,1,30,26,30,30,1.0,0.926081282104,20,1,1,1.0,1.0,1.0,-0.0,1,0,0,30,0,30,-1.0,-1.0,0,780,900,0,-1680,1680,-1.0,86,56,-30,-0.348837209302,30,1.0,60,60,1,60,56,60,60,1.0,0.927681523847,20,1,1,1.0,1.0,1.0,-0.0,1,0,0,60,0,60,-1.0,-1.0,0,3360,3600,0,-6960,6960,-1.0,176,116,-60,-0.340909090909,60,1.0,115,120,1,120,111,120,120,1.0,0.932105383943,20,1,1,1.0,1.0,1.0,-0.0,1,0,0,120,0,120,-1.0,-1.0,0,13320,14400,0,-27720,27720,-1.0,351,231,-120,-0.34188034188,120,1.0,115,300,1,300,111,300,300,1.0,0.929296831785,20,1,1,1.0,1.0,1.0,-0.0,1,0,0,300,0,300,-1.0,-1.0,0,33300,90000,0,-123300,123300,-1.0,711,411,-300,-0.42194092827,300,1.0,115,312,1,424,111,312,408,0.962264150943,0.925446175846,20,1,1,1.0,1.0,1.0,-0.0,1,0,0,408,0,408,-1.0,-1.0,0,45288,127296,0,-172584,172584,-1.0,831,423,-408,-0.490974729242,424,1.0
MOT17-11-FRCNN,28,29,312,v_to_u,29,28,1,313,17,115,115,29,28,1,198,312,195,329,115,135,115,118,1,17,17,17,1.0,0.719966566277,0.029892646583,0.0,0.038356903916,0.069836549001,-1.0,-1.0,25,302,0.738259073214,1,"{""28"": 17}",17,30,30,1,17,26,30,14,0.823529411765,0.903271148135,20,89,89,1.0,1.0,1.0,-0.0,1,0,0,14,0,14,-1.0,-1.0,0,364,420,0,-784,784,-1.0,70,56,-14,-0.2,17,1.0,60,60,1,17,56,60,14,0.823529411765,0.903271148135,20,89,89,1.0,1.0,1.0,-0.0,1,0,0,14,0,14,-1.0,-1.0,0,784,840,0,-1624,1624,-1.0,130,116,-14,-0.107692307692,17,1.0,115,118,1,17,111,118,14,0.823529411765,0.903271148135,20,89,89,1.0,1.0,1.0,-0.0,1,0,0,14,0,14,-1.0,-1.0,0,1554,1652,0,-3206,3206,-1.0,243,229,-14,-0.057613168724,17,1.0,115,118,1,17,111,118,14,0.823529411765,0.903271148135,20,89,89,1.0,1.0,1.0,-0.0,1,0,0,14,0,14,-1.0,-1.0,0,1554,1652,0,-3206,3206,-1.0,243,229,-14,-0.057613168724,17,1.0,115,118,1,17,111,118,14,0.823529411765,0.903271148135,20,89,89,1.0,1.0,1.0,-0.0,1,0,0,14,0,14,-1.0,-1.0,0,1554,1652,0,-3206,3206,-1.0,243,229,-14,-0.057613168724,17,1.0
MOT17-11-FRCNN,6,34,323,v_to_u,34,6,1,324,367,71,71,34,6,1,253,323,1,690,71,690,71,323,1,367,367,367,1.0,4.398610563857,0.725570750542,0.0,1.789376939974,2.067230222487,-1.0,-1.0,26,310,4.965663967738,1,"{""6"": 367}",367,30,30,1,30,25,30,30,1.0,0.941343318782,59,14,14,1.0,1.0,1.0,-0.0,1,0,0,30,0,30,-1.0,-1.0,0,750,900,0,-1650,1650,-1.0,85,55,-30,-0.352941176471,30,1.0,60,60,1,60,55,60,60,1.0,0.954814393179,59,14,14,1.0,1.0,1.0,-0.0,1,0,0,60,0,60,-1.0,-1.0,0,3300,3600,0,-6900,6900,-1.0,175,115,-60,-0.342857142857,60,1.0,71,120,1,120,66,120,120,1.0,0.963346592756,59,14,14,1.0,1.0,1.0,-0.0,1,0,0,120,0,120,-1.0,-1.0,0,7920,14400,0,-22320,22320,-1.0,306,186,-120,-0.392156862745,120,1.0,71,300,1,300,66,300,300,1.0,0.963144003659,59,14,14,1.0,1.0,1.0,-0.0,1,0,0,300,0,300,-1.0,-1.0,0,19800,90000,0,-109800,109800,-1.0,666,366,-300,-0.45045045045,300,1.0,71,323,1,367,66,323,356,0.970027247956,0.950206407135,59,14,14,1.0,1.0,1.0,-0.0,1,0,0,356,0,356,-1.0,-1.0,0,23496,114988,0,-138484,138484,-1.0,745,389,-356,-0.477852348993,367,1.0
MOT17-11-FRCNN,35,36,324,v_to_u,36,35,1,325,12,21,21,36,35,1,304,324,302,336,21,35,21,23,1,12,12,12,1.0,0.443737260503,0.02229222586,0.430313807311,0.311363179077,0.531877372936,-1.0,-1.0,27,325,0.426055920342,1,"{""35"": 12}",12,21,23,1,12,21,23,11,0.916666666667,0.821138768314,58,57,57,1.0,1.0,1.0,-0.0,1,0,0,11,0,11,-1.0,-1.0,0,231,253,0,-484,484,-1.0,55,44,-11,-0.2,12,1.0,21,23,1,12,21,23,11,0.916666666667,0.821138768314,58,57,57,1.0,1.0,1.0,-0.0,1,0,0,11,0,11,-1.0,-1.0,0,231,253,0,-484,484,-1.0,55,44,-11,-0.2,12,1.0,21,23,1,12,21,23,11,0.916666666667,0.821138768314,58,57,57,1.0,1.0,1.0,-0.0,1,0,0,11,0,11,-1.0,-1.0,0,231,253,0,-484,484,-1.0,55,44,-11,-0.2,12,1.0,21,23,1,12,21,23,11,0.916666666667,0.821138768314,58,57,57,1.0,1.0,1.0,-0.0,1,0,0,11,0,11,-1.0,-1.0,0,231,253,0,-484,484,-1.0,55,44,-11,-0.2,12,1.0,21,23,1,12,21,23,11,0.916666666667,0.821138768314,58,57,57,1.0,1.0,1.0,-0.0,1,0,0,11,0,11,-1.0,-1.0,0,231,253,0,-484,484,-1.0,55,44,-11,-0.2,12,1.0
MOT17-11-FRCNN,1,37,327,v_to_u,37,1,1,328,409,1,1,37,1,1,327,327,1,736,1,736,1,327,1,409,409,409,1.0,0.192525510194,0.302372670852,0.376152545406,0.516862918129,0.460770164223,-1.0,-1.0,28,326,0.271843849791,1,"{""1"": 409}",409,1,30,1,30,0,30,30,1.0,0.922787752017,-1,1,1,,1.0,1.0,-0.0,1,0,0,30,0,0,0.0,-1.0,0,0,900,0,-900,900,-1.0,60,30,-30,-0.5,30,1.0,1,60,1,60,0,60,60,1.0,0.927834835382,-1,1,1,,1.0,1.0,-0.0,1,0,0,60,0,0,0.0,-1.0,0,0,3600,0,-3600,3600,-1.0,120,60,-60,-0.5,60,1.0,1,120,1,120,0,120,120,1.0,0.926543825518,-1,1,1,,1.0,1.0,-0.0,1,0,0,120,0,0,0.0,-1.0,0,0,14400,0,-14400,14400,-1.0,240,120,-120,-0.5,120,1.0,1,300,1,300,0,300,300,1.0,0.929309318849,-1,1,1,,1.0,1.0,-0.0,1,0,0,300,0,0,0.0,-1.0,0,0,90000,0,-90000,90000,-1.0,600,300,-300,-0.5,300,1.0,1,327,1,409,0,327,393,0.960880195599,0.924657345165,-1,1,1,,1.0,1.0,-0.0,1,0,0,393,0,0,0.0,-1.0,0,0,128511,0,-128511,128511,-1.0,720,393,-327,-0.454166666667,409,1.0
MOT17-11-FRCNN,6,32,345,v_to_u,32,6,1,346,345,95,95,32,6,1,251,345,1,690,95,690,95,345,1,345,345,345,1.0,0.70983926845,0.533266101498,0.004696022287,1.115757862638,0.935668059659,-1.0,-1.0,29,350,1.047124380483,1,"{""6"": 345}",345,30,30,1,30,30,30,30,1.0,0.968945348576,27,14,14,1.0,1.0,1.0,-0.0,1,0,0,30,0,30,-1.0,-1.0,0,900,900,0,-1800,1800,-1.0,90,60,-30,-0.333333333333,30,1.0,60,60,1,60,60,60,60,1.0,0.971144313022,27,14,14,1.0,1.0,1.0,-0.0,1,0,0,60,0,60,-1.0,-1.0,0,3600,3600,0,-7200,7200,-1.0,180,120,-60,-0.333333333333,60,1.0,95,120,1,120,95,120,120,1.0,0.971422203156,27,14,14,1.0,1.0,1.0,-0.0,1,0,0,120,0,120,-1.0,-1.0,0,11400,14400,0,-25800,25800,-1.0,335,215,-120,-0.358208955224,120,1.0,95,300,1,300,95,300,300,1.0,0.95974444212,27,14,14,1.0,1.0,1.0,-0.0,1,0,0,300,0,300,-1.0,-1.0,0,28500,90000,0,-118500,118500,-1.0,695,395,-300,-0.431654676259,300,1.0,95,345,1,345,95,345,334,0.968115942029,0.951682960893,27,14,14,1.0,1.0,1.0,-0.0,1,0,0,334,0,334,-1.0,-1.0,0,31730,115230,0,-146960,146960,-1.0,774,440,-334,-0.431524547804,345,1.0
MOT17-11-FRCNN,38,40,351,v_to_u,40,38,1,352,188,1,1,40,38,1,351,351,330,539,1,210,1,22,1,188,188,188,1.0,0.134402334714,0.014892411637,0.616071312017,0.098203179985,0.034163282946,-1.0,-1.0,30,361,-0.002655744088,1,"{""38"": 188}",188,1,22,1,30,0,22,30,1.0,0.905785985218,-1,31,31,,1.0,1.0,-0.0,1,0,0,30,0,0,0.0,-1.0,0,0,660,0,-660,660,-1.0,52,30,-22,-0.423076923077,30,1.0,1,22,1,60,0,22,60,1.0,0.905691872085,-1,31,31,,1.0,1.0,-0.0,1,0,0,60,0,0,0.0,-1.0,0,0,1320,0,-1320,1320,-1.0,82,60,-22,-0.268292682927,60,1.0,1,22,1,120,0,22,117,0.975,0.896147781869,-1,31,31,,1.0,1.0,-0.0,1,0,0,117,0,0,0.0,-1.0,0,0,2574,0,-2574,2574,-1.0,139,117,-22,-0.158273381295,120,1.0,1,22,1,188,0,22,133,0.707446808511,0.872676206562,-1,31,31,,1.0,1.0,-0.0,1,0,0,133,0,0,0.0,-1.0,0,0,2926,0,-2926,2926,-1.0,155,133,-22,-0.141935483871,188,1.0,1,22,1,188,0,22,133,0.707446808511,0.872676206562,-1,31,31,,1.0,1.0,-0.0,1,0,0,133,0,0,0.0,-1.0,0,0,2926,0,-2926,2926,-1.0,155,133,-22,-0.141935483871,188,1.0
MOT17-11-FRCNN,33,39,428,u_to_v,33,39,1,429,21,95,95,33,39,1,251,428,334,449,178,116,178,95,1,21,21,21,1.0,0.563915035053,0.088045061609,0.033898647489,0.253653908897,0.146803845542,-1.0,-1.0,31,368,0.617497414027,1,"{""39"": 21}",21,30,30,1,21,29,30,20,0.952380952381,0.87961938101,7,45,45,1.0,1.0,1.0,-0.0,1,0,0,20,0,20,-1.0,-1.0,0,580,600,0,-1180,1180,-1.0,79,59,-20,-0.253164556962,21,1.0,60,60,1,21,59,60,20,0.952380952381,0.87961938101,7,45,45,1.0,1.0,1.0,-0.0,1,0,0,20,0,20,-1.0,-1.0,0,1180,1200,0,-2380,2380,-1.0,139,119,-20,-0.143884892086,21,1.0,120,95,1,21,119,89,20,0.952380952381,0.87961938101,7,45,45,1.0,1.0,1.0,-0.0,1,0,0,20,0,20,-1.0,-1.0,0,2380,1780,0,-4160,4160,-1.0,228,208,-20,-0.087719298246,21,1.0,178,95,1,21,177,89,20,0.952380952381,0.87961938101,7,45,45,1.0,1.0,1.0,-0.0,1,0,0,20,0,20,-1.0,-1.0,0,3540,1780,0,-5320,5320,-1.0,286,266,-20,-0.06993006993,21,1.0,178,95,1,21,177,89,20,0.952380952381,0.87961938101,7,45,45,1.0,1.0,1.0,-0.0,1,0,0,20,0,20,-1.0,-1.0,0,3540,1780,0,-5320,5320,-1.0,286,266,-20,-0.06993006993,21,1.0
MOT17-11-FRCNN,41,46,483,v_to_u,46,41,1,484,87,12,12,46,41,1,472,483,370,570,12,201,12,114,1,87,87,87,1.0,0.515378503808,0.388835714291,0.055371137367,0.681277180627,0.701467702608,-1.0,-1.0,32,388,0.737019136363,1,"{""41"": 87}",87,12,30,1,30,12,30,30,1.0,0.906625447447,46,10,10,1.0,1.0,1.0,-0.0,1,0,0,30,0,30,-1.0,-1.0,0,360,900,0,-1260,1260,-1.0,72,42,-30,-0.416666666667,30,1.0,12,60,1,60,12,60,60,1.0,0.913657270345,46,10,10,1.0,1.0,1.0,-0.0,1,0,0,60,0,60,-1.0,-1.0,0,720,3600,0,-4320,4320,-1.0,132,72,-60,-0.454545454545,60,1.0,12,114,1,87,12,114,87,1.0,0.914197417915,46,10,10,1.0,1.0,1.0,-0.0,1,0,0,87,0,87,-1.0,-1.0,0,1044,9918,0,-10962,10962,-1.0,213,126,-87,-0.408450704225,87,1.0,12,114,1,87,12,114,87,1.0,0.914197417915,46,10,10,1.0,1.0,1.0,-0.0,1,0,0,87,0,87,-1.0,-1.0,0,1044,9918,0,-10962,10962,-1.0,213,126,-87,-0.408450704225,87,1.0,12,114,1,87,12,114,87,1.0,0.914197417915,46,10,10,1.0,1.0,1.0,-0.0,1,0,0,87,0,87,-1.0,-1.0,0,1044,9918,0,-10962,10962,-1.0,213,126,-87,-0.408450704225,87,1.0
MOT17-11-FRCNN,21,43,494,v_to_u,43,21,1,495,406,69,69,43,21,1,426,494,42,900,69,859,69,453,1,406,406,406,1.0,0.24762885685,0.441767098589,0.202159172936,0.69664216009,0.782217261294,-1.0,-1.0,33,394,0.455416780401,1,"{""21"": 406}",406,30,30,1,30,25,30,30,1.0,0.927596947314,40,25,25,1.0,1.0,1.0,-0.0,1,0,0,30,0,30,-1.0,-1.0,0,750,900,0,-1650,1650,-1.0,85,55,-30,-0.352941176471,30,1.0,60,60,1,60,55,60,60,1.0,0.920004556437,40,25,25,1.0,1.0,1.0,-0.0,1,0,0,60,0,60,-1.0,-1.0,0,3300,3600,0,-6900,6900,-1.0,175,115,-60,-0.342857142857,60,1.0,69,120,1,120,62,120,120,1.0,0.907240826497,40,25,25,1.0,1.0,1.0,-0.0,1,0,0,120,0,120,-1.0,-1.0,0,7440,14400,0,-21840,21840,-1.0,302,182,-120,-0.397350993377,120,1.0,69,300,1,300,62,300,300,1.0,0.913510472342,40,25,25,1.0,1.0,1.0,-0.0,1,0,0,300,0,300,-1.0,-1.0,0,18600,90000,0,-108600,108600,-1.0,662,362,-300,-0.453172205438,300,1.0,69,453,1,406,62,453,406,1.0,0.918848609921,40,25,25,1.0,1.0,1.0,-0.0,1,0,0,406,0,406,-1.0,-1.0,0,25172,183918,0,-209090,209090,-1.0,921,515,-406,-0.440825190011,406,1.0
MOT17-11-FRCNN,31,45,513,u_to_v,31,45,1,514,221,55,79,31,45,1,249,513,435,734,236,276,236,55,1,221,221,221,1.0,0.350722015012,0.011305927741,0.246014140957,0.051713213846,0.019447576698,-1.0,-1.0,34,410,0.299161040763,1,"{""45"": 221}",221,30,30,1,30,27,25,30,1.0,0.878966638555,32,46,32,1.0,0.88,1.0,-0.0,1,0,30,0,30,0,1.0,1.0,810,0,90,660,1380,1560,0.884615384615,49,79,30,0.365853658537,30,1.0,60,36,1,60,57,25,60,1.0,0.873845378878,32,46,32,1.0,0.88,1.0,-0.0,1,0,60,0,60,0,1.0,1.0,3420,0,180,1320,4560,4920,0.926829268293,79,139,60,0.422535211268,60,1.0,100,55,1,120,97,35,120,1.0,0.902552895407,32,46,32,1.0,0.914285714286,1.0,-0.0,1,0,120,0,120,0,1.0,1.0,11640,0,360,3840,15120,15840,0.954545454545,129,249,120,0.47619047619,120,1.0,236,55,1,221,229,35,218,0.986425339367,0.919235550493,32,46,32,1.0,0.914285714286,1.0,-0.0,1,0,218,0,218,0,1.0,1.0,49922,0,654,6976,56244,57552,0.977272727273,261,479,218,0.452282157676,221,1.0,236,55,1,221,229,35,218,0.986425339367,0.919235550493,32,46,32,1.0,0.914285714286,1.0,-0.0,1,0,218,0,218,0,1.0,1.0,49922,0,654,6976,56244,57552,0.977272727273,261,479,218,0.452282157676,221,1.0
MOT17-11-FRCNN,6,38,539,v_to_u,38,6,1,540,151,210,210,38,6,1,330,539,1,690,210,690,210,539,1,151,151,151,1.0,0.310690465096,0.700185207421,0.164158863416,0.83605910241,0.970861538247,-1.0,-1.0,35,416,0.625389115163,1,"{""6"": 151}",151,30,30,1,30,0,30,30,1.0,0.96814399325,-1,14,14,,1.0,1.0,-0.0,1,0,0,30,0,0,0.0,-1.0,0,0,900,0,-900,900,-1.0,60,30,-30,-0.5,30,1.0,60,60,1,60,16,60,60,1.0,0.955869927112,31,14,14,1.0,1.0,1.0,-0.0,1,0,0,60,0,60,-1.0,-1.0,0,960,3600,0,-4560,4560,-1.0,136,76,-60,-0.441176470588,60,1.0,120,120,1,120,65,120,120,1.0,0.935408726273,31,14,14,1.0,1.0,1.0,-0.0,1,0,0,120,0,120,-1.0,-1.0,0,7800,14400,0,-22200,22200,-1.0,305,185,-120,-0.393442622951,120,1.0,210,300,1,151,155,300,140,0.927152317881,0.924414995759,31,14,14,1.0,1.0,1.0,-0.0,1,0,0,140,0,140,-1.0,-1.0,0,21700,42000,0,-63700,63700,-1.0,595,455,-140,-0.235294117647,151,1.0,210,539,1,151,155,539,140,0.927152317881,0.924414995759,31,14,14,1.0,1.0,1.0,-0.0,1,0,0,140,0,140,-1.0,-1.0,0,21700,75460,0,-97160,97160,-1.0,834,694,-140,-0.167865707434,151,1.0
MOT17-11-FRCNN,41,42,554,v_to_u,42,41,1,555,16,177,177,42,41,1,378,554,370,570,177,201,177,185,1,16,16,16,1.0,0.410322794282,0.088395642309,0.173144553782,0.262482716621,0.218713627297,-1.0,-1.0,36,427,0.437255200805,1,"{""41"": 16}",16,30,30,1,16,28,30,16,1.0,0.917898449603,12,10,10,1.0,1.0,1.0,-0.0,1,0,0,16,0,16,-1.0,-1.0,0,448,480,0,-928,928,-1.0,74,58,-16,-0.216216216216,16,1.0,60,60,1,16,58,60,16,1.0,0.917898449603,12,10,10,1.0,1.0,1.0,-0.0,1,0,0,16,0,16,-1.0,-1.0,0,928,960,0,-1888,1888,-1.0,134,118,-16,-0.119402985075,16,1.0,120,120,1,16,118,120,16,1.0,0.917898449603,12,10,10,1.0,1.0,1.0,-0.0,1,0,0,16,0,16,-1.0,-1.0,0,1888,1920,0,-3808,3808,-1.0,254,238,-16,-0.062992125984,16,1.0,177,185,1,16,175,185,16,1.0,0.917898449603,12,10,10,1.0,1.0,1.0,-0.0,1,0,0,16,0,16,-1.0,-1.0,0,2800,2960,0,-5760,5760,-1.0,376,360,-16,-0.042553191489,16,1.0,177,185,1,16,175,185,16,1.0,0.917898449603,12,10,10,1.0,1.0,1.0,-0.0,1,0,0,16,0,16,-1.0,-1.0,0,2800,2960,0,-5760,5760,-1.0,376,360,-16,-0.042553191489,16,1.0
MOT17-11-FRCNN,44,47,559,v_to_u,47,44,1,560,49,53,73,47,44,1,487,559,426,608,53,183,53,134,1,49,49,49,1.0,0.076682307033,0.043536726272,0.764092103126,0.043008656757,0.040327168548,-1.0,-1.0,37,437,-0.09512295465,1,"{""44"": 49}",49,13,30,1,30,13,29,30,1.0,0.884214704173,41,39,41,1.0,1.0,1.0,-0.0,1,0,30,0,30,0,1.0,1.0,390,0,0,870,1260,1260,1.0,42,72,30,0.416666666667,30,1.0,40,60,1,49,40,59,47,0.959183673469,0.851713414482,41,39,41,1.0,1.0,1.0,-0.0,1,0,47,0,47,0,1.0,1.0,1880,0,0,2773,4653,4653,1.0,99,146,47,0.321917808219,49,1.0,53,120,1,49,53,119,47,0.959183673469,0.851713414482,41,39,41,1.0,1.0,1.0,-0.0,1,0,47,0,47,0,1.0,1.0,2491,0,0,5593,8084,8084,1.0,172,219,47,0.214611872146,49,1.0,53,134,1,49,53,132,47,0.959183673469,0.851713414482,41,39,41,1.0,1.0,1.0,-0.0,1,0,47,0,47,0,1.0,1.0,2491,0,0,6204,8695,8695,1.0,185,232,47,0.202586206897,49,1.0,53,134,1,49,53,132,47,0.959183673469,0.851713414482,41,39,41,1.0,1.0,1.0,-0.0,1,0,47,0,47,0,1.0,1.0,2491,0,0,6204,8695,8695,1.0,185,232,47,0.202586206897,49,1.0
MOT17-11-FRCNN,6,41,570,v_to_u,41,6,1,571,120,201,201,41,6,1,370,570,1,690,201,690,201,570,1,120,120,120,1.0,2.018801212247,0.248546509884,0.0,0.316337328212,0.479342496421,-1.0,-1.0,38,442,2.160505822182,1,"{""6"": 120}",120,30,30,1,30,30,30,30,1.0,0.944253389354,10,14,14,1.0,1.0,1.0,-0.0,1,0,0,30,0,30,-1.0,-1.0,0,900,900,0,-1800,1800,-1.0,90,60,-30,-0.333333333333,30,1.0,60,60,1,60,60,60,60,1.0,0.940604549949,10,14,14,1.0,1.0,1.0,-0.0,1,0,0,60,0,60,-1.0,-1.0,0,3600,3600,0,-7200,7200,-1.0,180,120,-60,-0.333333333333,60,1.0,120,120,1,120,120,120,109,0.908333333333,0.912084532594,10,14,14,1.0,1.0,1.0,-0.0,1,0,0,109,0,109,-1.0,-1.0,0,13080,13080,0,-26160,26160,-1.0,349,240,-109,-0.312320916905,120,1.0,201,300,1,120,201,300,109,0.908333333333,0.912084532594,10,14,14,1.0,1.0,1.0,-0.0,1,0,0,109,0,109,-1.0,-1.0,0,21909,32700,0,-54609,54609,-1.0,610,501,-109,-0.17868852459,120,1.0,201,570,1,120,201,570,109,0.908333333333,0.912084532594,10,14,14,1.0,1.0,1.0,-0.0,1,0,0,109,0,109,-1.0,-1.0,0,21909,62130,0,-84039,84039,-1.0,880,771,-109,-0.123863636364,120,1.0
MOT17-11-FRCNN,6,49,592,v_to_u,49,6,1,593,98,79,79,49,6,1,514,592,1,690,79,690,79,592,1,98,98,98,1.0,0.619979539468,0.530856102847,0.0334226505,1.148023357745,0.845858592538,-1.0,-1.0,39,449,0.943726097584,1,"{""6"": 98}",98,30,30,1,30,27,30,30,1.0,0.949660604335,31,14,14,1.0,1.0,1.0,-0.0,1,0,0,30,0,30,-1.0,-1.0,0,810,900,0,-1710,1710,-1.0,87,57,-30,-0.344827586207,30,1.0,60,60,1,60,57,60,60,1.0,0.919975698072,31,14,14,1.0,1.0,1.0,-0.0,1,0,0,60,0,60,-1.0,-1.0,0,3420,3600,0,-7020,7020,-1.0,177,117,-60,-0.338983050847,60,1.0,79,120,1,98,76,120,87,0.887755102041,0.905502690381,31,14,14,1.0,1.0,1.0,-0.0,1,0,0,87,0,87,-1.0,-1.0,0,6612,10440,0,-17052,17052,-1.0,283,196,-87,-0.3074204947,98,1.0,79,300,1,98,76,300,87,0.887755102041,0.905502690381,31,14,14,1.0,1.0,1.0,-0.0,1,0,0,87,0,87,-1.0,-1.0,0,6612,26100,0,-32712,32712,-1.0,463,376,-87,-0.187904967603,98,1.0,79,592,1,98,76,592,87,0.887755102041,0.905502690381,31,14,14,1.0,1.0,1.0,-0.0,1,0,0,87,0,87,-1.0,-1.0,0,6612,51504,0,-58116,58116,-1.0,755,668,-87,-0.115231788079,98,1.0
MOT17-11-FRCNN,6,44,608,v_to_u,44,6,1,609,82,183,183,44,6,1,426,608,1,690,183,690,183,608,1,82,82,82,1.0,0.181215730554,0.409733040837,0.31894311529,0.555930748276,0.586811765797,-1.0,-1.0,40,457,0.318187463348,1,"{""6"": 82}",82,30,30,1,30,28,30,30,1.0,0.91341429299,41,14,14,1.0,1.0,1.0,-0.0,1,0,0,30,0,30,-1.0,-1.0,0,840,900,0,-1740,1740,-1.0,88,58,-30,-0.340909090909,30,1.0,60,60,1,60,57,60,60,1.0,0.903138605207,41,14,14,0.824561403509,1.0,1.0,-0.0,1,0,0,60,0,60,-1.0,-1.0,0,3420,3600,0,-7020,7020,-1.0,167,107,-60,-0.338983050847,60,1.0,120,120,1,82,117,120,71,0.865853658537,0.893339546751,39,14,14,0.598290598291,1.0,1.0,-0.0,1,0,0,71,0,71,-1.0,-1.0,0,8307,8520,0,-16827,16827,-1.0,261,190,-71,-0.230519480519,82,1.0,183,300,1,82,179,300,71,0.865853658537,0.893339546751,39,14,14,0.737430167598,1.0,1.0,-0.0,1,0,0,71,0,71,-1.0,-1.0,0,12709,21300,0,-34009,34009,-1.0,503,432,-71,-0.129090909091,82,1.0,183,608,1,82,179,608,71,0.865853658537,0.893339546751,39,14,14,0.737430167598,1.0,1.0,-0.0,1,0,0,71,0,71,-1.0,-1.0,0,12709,43168,0,-55877,55877,-1.0,811,740,-71,-0.082750582751,82,1.0
MOT17-11-FRCNN,51,53,630,u_to_v,51,53,1,631,99,13,13,51,53,1,590,630,618,729,41,112,41,13,1,99,99,99,1.0,0.374293843951,0.489275829822,0.211921034901,0.59146834564,0.661580847524,-1.0,-1.0,41,471,0.568937461998,1,"{""53"": 99}",99,30,13,1,30,30,12,30,1.0,0.853858509213,47,44,44,1.0,1.0,1.0,-0.0,1,0,0,30,0,30,-1.0,-1.0,0,900,360,0,-1260,1260,-1.0,72,42,-30,-0.416666666667,30,1.0,41,13,1,60,41,12,60,1.0,0.903396708011,47,44,44,1.0,1.0,1.0,-0.0,1,0,0,60,0,60,-1.0,-1.0,0,2460,720,0,-3180,3180,-1.0,113,60,-53,-0.469026548673,60,1.0,41,13,1,99,41,12,99,1.0,0.899726315922,47,44,44,1.0,1.0,1.0,-0.0,1,0,0,99,0,99,-1.0,-1.0,0,4059,1188,0,-5247,5247,-1.0,152,99,-53,-0.348684210526,99,1.0,41,13,1,99,41,12,99,1.0,0.899726315922,47,44,44,1.0,1.0,1.0,-0.0,1,0,0,99,0,99,-1.0,-1.0,0,4059,1188,0,-5247,5247,-1.0,152,99,-53,-0.348684210526,99,1.0,41,13,1,99,41,12,99,1.0,0.899726315922,47,44,44,1.0,1.0,1.0,-0.0,1,0,0,99,0,99,-1.0,-1.0,0,4059,1188,0,-5247,5247,-1.0,152,99,-53,-0.348684210526,99,1.0
MOT17-11-FRCNN,1,52,669,v_to_u,52,1,1,670,67,77,77,52,1,1,593,669,1,736,77,736,77,669,1,67,67,67,1.0,0.270472054585,0.567489018183,0.150793853059,0.970354505279,0.92148708117,-1.0,-1.0,42,473,0.563830004511,1,"{""1"": 67}",67,30,30,1,30,21,30,30,1.0,0.930071927129,60,1,1,1.0,1.0,1.0,-0.0,1,0,0,30,0,30,-1.0,-1.0,0,630,900,0,-1530,1530,-1.0,81,51,-30,-0.37037037037,30,1.0,60,60,1,60,51,60,51,0.85,0.881933690337,60,1,1,0.862745098039,1.0,1.0,-0.0,1,0,0,51,0,51,-1.0,-1.0,0,2601,3060,0,-5661,5661,-1.0,155,104,-51,-0.314814814815,60,1.0,77,120,1,67,68,120,51,0.761194029851,0.881933690337,60,1,1,0.838235294118,1.0,1.0,-0.0,1,0,0,51,0,51,-1.0,-1.0,0,3468,6120,0,-9588,9588,-1.0,228,177,-51,-0.213389121339,67,1.0,77,300,1,67,68,300,51,0.761194029851,0.881933690337,60,1,1,0.838235294118,1.0,1.0,-0.0,1,0,0,51,0,51,-1.0,-1.0,0,3468,15300,0,-18768,18768,-1.0,408,357,-51,-0.121718377088,67,1.0,77,669,1,67,68,669,51,0.761194029851,0.881933690337,60,1,1,0.838235294118,1.0,1.0,-0.0,1,0,0,51,0,51,-1.0,-1.0,0,3468,34119,0,-37587,37587,-1.0,777,726,-51,-0.064720812183,67,1.0
MOT17-11-FRCNN,6,21,690,u_to_v,6,21,1,691,210,649,649,6,21,1,1,690,42,900,690,859,690,649,1,210,210,210,1.0,2.234367509144,0.558955755277,0.0,0.880727208464,0.812861591609,-1.0,-1.0,43,483,2.543465327971,1,"{""21"": 210}",210,30,30,1,30,19,30,30,1.0,0.868100047889,14,25,25,1.0,1.0,1.0,-0.0,1,0,0,30,0,30,-1.0,-1.0,0,570,900,0,-1470,1470,-1.0,79,49,-30,-0.379746835443,30,1.0,60,60,1,60,49,60,60,1.0,0.856652677669,14,25,25,1.0,1.0,1.0,-0.0,1,0,0,60,0,60,-1.0,-1.0,0,2940,3600,0,-6540,6540,-1.0,169,109,-60,-0.355029585799,60,1.0,120,120,1,120,109,120,120,1.0,0.904909927812,14,25,25,1.0,1.0,1.0,-0.0,1,0,0,120,0,120,-1.0,-1.0,0,13080,14400,0,-27480,27480,-1.0,349,229,-120,-0.343839541547,120,1.0,300,300,1,210,289,300,210,1.0,0.916719808949,14,25,25,1.0,1.0,1.0,-0.0,1,0,0,210,0,210,-1.0,-1.0,0,60690,63000,0,-123690,123690,-1.0,799,589,-210,-0.26282853567,210,1.0,690,649,1,210,679,649,210,1.0,0.916719808949,14,25,25,1.0,1.0,1.0,-0.0,1,0,0,210,0,210,-1.0,-1.0,0,142590,136290,0,-278880,278880,-1.0,1538,1328,-210,-0.136540962289,210,1.0
MOT17-11-FRCNN,6,45,690,u_to_v,6,45,1,691,44,232,256,6,45,1,1,690,435,734,690,276,690,232,1,44,44,44,1.0,3.803859253191,0.53018642313,0.0,1.026373323098,0.831929901436,-1.0,-1.0,44,484,4.122236181427,1,"{""45"": 44}",44,30,30,1,30,19,30,30,1.0,0.948115571223,14,32,32,1.0,1.0,1.0,-0.0,1,0,0,30,0,30,-1.0,-1.0,0,570,900,0,-1470,1470,-1.0,79,49,-30,-0.379746835443,30,1.0,60,60,1,44,49,60,41,0.931818181818,0.946005824182,14,32,32,1.0,1.0,1.0,-0.0,1,0,0,41,0,41,-1.0,-1.0,0,2009,2460,0,-4469,4469,-1.0,150,109,-41,-0.273333333333,44,1.0,120,120,1,44,109,120,41,0.931818181818,0.946005824182,14,32,32,1.0,1.0,1.0,-0.0,1,0,0,41,0,41,-1.0,-1.0,0,4469,4920,0,-9389,9389,-1.0,270,229,-41,-0.151851851852,44,1.0,300,232,1,44,289,212,41,0.931818181818,0.946005824182,14,32,32,1.0,0.849056603774,1.0,-0.0,1,0,0,41,0,41,-1.0,-1.0,0,11849,7380,1312,-17917,20541,-0.872255489022,510,469,-41,-0.075645756458,44,1.0,690,232,1,44,679,212,41,0.931818181818,0.946005824182,14,32,32,1.0,0.849056603774,1.0,-0.0,1,0,0,41,0,41,-1.0,-1.0,0,27839,7380,1312,-33907,36531,-0.928170594837,900,859,-41,-0.043991416309,44,1.0
MOT17-11-FRCNN,6,48,690,u_to_v,6,48,1,691,105,199,199,6,48,1,1,690,492,795,690,304,690,199,1,105,105,105,1.0,0.849196283288,0.371159943775,0.0,0.4045260834,0.548449278448,-1.0,-1.0,45,485,1.037283805416,1,"{""48"": 105}",105,30,30,1,30,19,30,30,1.0,0.864533963673,14,39,39,1.0,1.0,1.0,-0.0,1,0,0,30,0,30,-1.0,-1.0,0,570,900,0,-1470,1470,-1.0,79,49,-30,-0.379746835443,30,1.0,60,60,1,60,49,60,60,1.0,0.854218517823,14,39,39,1.0,1.0,1.0,-0.0,1,0,0,60,0,60,-1.0,-1.0,0,2940,3600,0,-6540,6540,-1.0,169,109,-60,-0.355029585799,60,1.0,120,120,1,105,109,120,100,0.952380952381,0.877832955991,14,39,39,1.0,1.0,1.0,-0.0,1,0,0,100,0,100,-1.0,-1.0,0,10900,12000,0,-22900,22900,-1.0,329,229,-100,-0.303951367781,105,1.0,300,199,1,105,289,199,100,0.952380952381,0.877832955991,14,39,39,1.0,0.663316582915,1.0,-0.0,1,0,0,100,0,100,-1.0,-1.0,0,28900,13200,6700,-35400,48800,-0.725409836066,521,421,-100,-0.170068027211,105,1.0,690,199,1,105,679,199,100,0.952380952381,0.877832955991,14,39,39,1.0,0.663316582915,1.0,-0.0,1,0,0,100,0,100,-1.0,-1.0,0,67900,13200,6700,-74400,87800,-0.847380410023,911,811,-100,-0.102249488753,105,1.0
MOT17-11-FRCNN,6,53,690,u_to_v,6,53,1,691,39,73,73,6,53,1,1,690,618,729,690,112,690,73,1,39,39,39,1.0,1.247939829216,0.078489574946,0.0,0.069629109648,0.170716614665,-1.0,-1.0,46,487,1.291596795383,1,"{""53"": 39}",39,30,30,1,30,19,30,30,1.0,0.897752613205,14,44,44,1.0,1.0,1.0,-0.0,1,0,0,30,0,30,-1.0,-1.0,0,570,900,0,-1470,1470,-1.0,79,49,-30,-0.379746835443,30,1.0,60,60,1,39,49,60,39,1.0,0.894079558864,14,44,44,1.0,1.0,1.0,-0.0,1,0,0,39,0,39,-1.0,-1.0,0,1911,2340,0,-4251,4251,-1.0,148,109,-39,-0.263513513514,39,1.0,120,73,1,39,109,72,39,1.0,0.894079558864,14,44,44,1.0,1.0,1.0,-0.0,1,0,0,39,0,39,-1.0,-1.0,0,4251,2808,0,-7059,7059,-1.0,220,181,-39,-0.177272727273,39,1.0,300,73,1,39,289,72,39,1.0,0.894079558864,14,44,44,1.0,1.0,1.0,-0.0,1,0,0,39,0,39,-1.0,-1.0,0,11271,2808,0,-14079,14079,-1.0,400,361,-39,-0.0975,39,1.0,690,73,1,39,679,72,39,1.0,0.894079558864,14,44,44,1.0,1.0,1.0,-0.0,1,0,0,39,0,39,-1.0,-1.0,0,26481,2808,0,-29289,29289,-1.0,790,751,-39,-0.049367088608,39,1.0
MOT17-11-FRCNN,1,57,712,v_to_u,57,1,1,713,24,1,1,57,1,1,712,712,1,736,1,736,1,712,1,24,24,24,1.0,0.128323023092,0.164410166624,0.521273077488,0.246307526313,0.269467597572,-1.0,-1.0,47,491,0.090684807764,1,"{""1"": 24}",24,1,30,1,24,0,30,8,0.333333333333,0.762855045927,-1,1,1,,1.0,1.0,-0.0,1,0,0,8,0,0,0.0,-1.0,0,0,240,0,-240,240,-1.0,38,30,-8,-0.210526315789,24,1.0,1,60,1,24,0,60,8,0.333333333333,0.762855045927,-1,1,1,,1.0,1.0,-0.0,1,0,0,8,0,0,0.0,-1.0,0,0,480,0,-480,480,-1.0,68,60,-8,-0.117647058824,24,1.0,1,120,1,24,0,120,8,0.333333333333,0.762855045927,-1,1,1,,1.0,1.0,-0.0,1,0,0,8,0,0,0.0,-1.0,0,0,960,0,-960,960,-1.0,128,120,-8,-0.0625,24,1.0,1,300,1,24,0,300,8,0.333333333333,0.762855045927,-1,1,1,,1.0,1.0,-0.0,1,0,0,8,0,0,0.0,-1.0,0,0,2400,0,-2400,2400,-1.0,308,300,-8,-0.025974025974,24,1.0,1,712,1,24,0,712,8,0.333333333333,0.762855045927,-1,1,1,,1.0,1.0,-0.0,1,0,0,8,0,0,0.0,-1.0,0,0,5696,0,-5696,5696,-1.0,720,712,-8,-0.011111111111,24,1.0
MOT17-11-FRCNN,50,53,713,u_to_v,50,53,1,714,16,96,96,50,53,1,574,713,618,729,140,112,140,96,1,16,16,16,1.0,0.34076182339,0.116836732126,0.265873356246,0.266618072558,0.130172157181,-1.0,-1.0,48,504,0.343181690333,1,"{""53"": 16}",16,30,30,1,16,30,30,16,1.0,0.860206628188,42,44,44,1.0,1.0,1.0,-0.0,1,0,0,16,0,16,-1.0,-1.0,0,480,480,0,-960,960,-1.0,76,60,-16,-0.210526315789,16,1.0,60,60,1,16,60,60,16,1.0,0.860206628188,42,44,44,1.0,1.0,1.0,-0.0,1,0,0,16,0,16,-1.0,-1.0,0,960,960,0,-1920,1920,-1.0,136,120,-16,-0.117647058824,16,1.0,120,96,1,16,120,95,16,1.0,0.860206628188,42,44,44,1.0,1.0,1.0,-0.0,1,0,0,16,0,16,-1.0,-1.0,0,1920,1520,0,-3440,3440,-1.0,231,215,-16,-0.069264069264,16,1.0,140,96,1,16,140,95,16,1.0,0.860206628188,42,44,44,1.0,1.0,1.0,-0.0,1,0,0,16,0,16,-1.0,-1.0,0,2240,1520,0,-3760,3760,-1.0,251,235,-16,-0.06374501992,16,1.0,140,96,1,16,140,95,16,1.0,0.860206628188,42,44,44,1.0,1.0,1.0,-0.0,1,0,0,16,0,16,-1.0,-1.0,0,2240,1520,0,-3760,3760,-1.0,251,235,-16,-0.06374501992,16,1.0
MOT17-11-FRCNN,21,53,729,v_to_u,53,21,1,730,171,112,112,53,21,1,618,729,42,900,112,859,112,688,1,171,171,171,1.0,1.558531671154,0.673011857062,0.0,1.380599116622,1.087749624466,-1.0,-1.0,49,510,1.973619509528,1,"{""21"": 171}",171,30,30,1,30,30,30,30,1.0,0.859543825325,44,25,25,1.0,1.0,1.0,-0.0,1,0,0,30,0,30,-1.0,-1.0,0,900,900,0,-1800,1800,-1.0,90,60,-30,-0.333333333333,30,1.0,60,60,1,60,60,60,60,1.0,0.908363338237,44,25,25,1.0,1.0,1.0,-0.0,1,0,0,60,0,60,-1.0,-1.0,0,3600,3600,0,-7200,7200,-1.0,180,120,-60,-0.333333333333,60,1.0,112,120,1,120,111,120,120,1.0,0.919903524716,44,25,25,1.0,1.0,1.0,-0.0,1,0,0,120,0,120,-1.0,-1.0,0,13320,14400,0,-27720,27720,-1.0,351,231,-120,-0.34188034188,120,1.0,112,300,1,171,111,300,171,1.0,0.925385328384,44,25,25,1.0,1.0,1.0,-0.0,1,0,0,171,0,171,-1.0,-1.0,0,18981,51300,0,-70281,70281,-1.0,582,411,-171,-0.29381443299,171,1.0,112,688,1,171,111,688,171,1.0,0.925385328384,44,25,25,1.0,1.0,1.0,-0.0,1,0,0,171,0,171,-1.0,-1.0,0,18981,117648,0,-136629,136629,-1.0,970,799,-171,-0.176288659794,171,1.0
MOT17-11-FRCNN,48,53,729,v_to_u,53,48,1,730,66,112,112,53,48,1,618,729,492,795,112,304,112,238,1,66,66,66,1.0,0.967670481769,0.427188645524,0.0,0.706800949056,0.757741142019,-1.0,-1.0,50,512,1.220921852257,1,"{""48"": 66}",66,30,30,1,30,30,30,30,1.0,0.85487496562,44,39,39,1.0,1.0,1.0,-0.0,1,0,0,30,0,30,-1.0,-1.0,0,900,900,0,-1800,1800,-1.0,90,60,-30,-0.333333333333,30,1.0,60,60,1,60,60,60,60,1.0,0.888918761008,44,39,39,1.0,1.0,1.0,-0.0,1,0,0,60,0,60,-1.0,-1.0,0,3600,3600,0,-7200,7200,-1.0,180,120,-60,-0.333333333333,60,1.0,112,120,1,66,111,120,61,0.924242424242,0.889913049302,44,39,39,1.0,1.0,1.0,-0.0,1,0,0,61,0,61,-1.0,-1.0,0,6771,7320,0,-14091,14091,-1.0,292,231,-61,-0.208904109589,66,1.0,112,238,1,66,111,238,61,0.924242424242,0.889913049302,44,39,39,1.0,0.718487394958,1.0,-0.0,1,0,0,61,0,61,-1.0,-1.0,0,6771,10431,4087,-13115,21289,-0.616045845272,343,282,-61,-0.148780487805,66,1.0,112,238,1,66,111,238,61,0.924242424242,0.889913049302,44,39,39,1.0,0.718487394958,1.0,-0.0,1,0,0,61,0,61,-1.0,-1.0,0,6771,10431,4087,-13115,21289,-0.616045845272,343,282,-61,-0.148780487805,66,1.0
MOT17-11-FRCNN,45,54,734,u_to_v,45,54,1,735,82,106,106,45,54,1,435,734,629,816,276,188,276,106,1,82,82,82,1.0,1.364902575944,0.261761732016,0.0,0.35932801417,0.370871817012,-1.0,-1.0,51,521,1.503362992066,1,"{""54"": 82}",82,30,30,1,30,27,30,30,1.0,0.934956302377,32,33,33,1.0,1.0,1.0,-0.0,1,0,0,30,0,30,-1.0,-1.0,0,810,900,0,-1710,1710,-1.0,87,57,-30,-0.344827586207,30,1.0,60,60,1,60,57,60,60,1.0,0.909988657693,32,33,33,1.0,1.0,1.0,-0.0,1,0,0,60,0,60,-1.0,-1.0,0,3420,3600,0,-7020,7020,-1.0,177,117,-60,-0.338983050847,60,1.0,120,106,1,82,117,106,81,0.987804878049,0.888782653419,32,33,33,1.0,1.0,1.0,-0.0,1,0,0,81,0,81,-1.0,-1.0,0,9477,8586,0,-18063,18063,-1.0,304,223,-81,-0.266447368421,82,1.0,276,106,1,82,253,106,81,0.987804878049,0.888782653419,32,33,33,0.873517786561,1.0,1.0,-0.0,1,0,0,81,0,81,-1.0,-1.0,0,20493,8586,0,-29079,29079,-1.0,408,327,-81,-0.184090909091,82,1.0,276,106,1,82,253,106,81,0.987804878049,0.888782653419,32,33,33,0.873517786561,1.0,1.0,-0.0,1,0,0,81,0,81,-1.0,-1.0,0,20493,8586,0,-29079,29079,-1.0,408,327,-81,-0.184090909091,82,1.0
MOT17-11-FRCNN,1,48,736,u_to_v,1,48,1,737,59,245,245,1,48,1,1,736,492,795,736,304,736,245,1,59,59,59,1.0,1.430311970542,0.128655649435,0.0,0.343669910747,0.193166790815,-1.0,-1.0,52,527,1.516159553057,1,"{""48"": 59}",59,30,30,1,30,14,30,30,1.0,0.875848382396,1,39,39,1.0,1.0,1.0,-0.0,1,0,0,30,0,30,-1.0,-1.0,0,420,900,0,-1320,1320,-1.0,74,44,-30,-0.405405405405,30,1.0,60,60,1,59,44,60,54,0.915254237288,0.893119858331,1,39,39,1.0,1.0,1.0,-0.0,1,0,0,54,0,54,-1.0,-1.0,0,2376,3240,0,-5616,5616,-1.0,158,104,-54,-0.341772151899,59,1.0,120,120,1,59,104,120,54,0.915254237288,0.893119858331,1,39,39,1.0,1.0,1.0,-0.0,1,0,0,54,0,54,-1.0,-1.0,0,5616,6480,0,-12096,12096,-1.0,278,224,-54,-0.194244604317,59,1.0,300,245,1,59,284,245,54,0.915254237288,0.893119858331,1,39,39,1.0,0.726530612245,1.0,-0.0,1,0,0,54,0,54,-1.0,-1.0,0,15336,9612,3618,-21330,28566,-0.746691871456,516,462,-54,-0.092624356775,59,1.0,736,245,1,59,720,245,54,0.915254237288,0.893119858331,1,39,39,1.0,0.726530612245,1.0,-0.0,1,0,0,54,0,54,-1.0,-1.0,0,38880,9612,3618,-44874,52110,-0.861139896373,952,898,-54,-0.05299313052,59,1.0
MOT17-11-FRCNN,1,54,736,u_to_v,1,54,1,737,80,108,108,1,54,1,1,736,629,816,736,188,736,108,1,80,80,80,1.0,0.519194658773,0.228632067019,0.074760983354,0.332802283803,0.350606172948,-1.0,-1.0,53,528,0.626003275364,1,"{""54"": 80}",80,30,30,1,30,14,30,30,1.0,0.936953553936,1,33,33,1.0,1.0,1.0,-0.0,1,0,0,30,0,30,-1.0,-1.0,0,420,900,0,-1320,1320,-1.0,74,44,-30,-0.405405405405,30,1.0,60,60,1,60,44,60,60,1.0,0.909443133145,1,33,33,1.0,1.0,1.0,-0.0,1,0,0,60,0,60,-1.0,-1.0,0,2640,3600,0,-6240,6240,-1.0,164,104,-60,-0.365853658537,60,1.0,120,108,1,80,104,108,79,0.9875,0.888537213816,1,33,33,1.0,1.0,1.0,-0.0,1,0,0,79,0,79,-1.0,-1.0,0,8216,8532,0,-16748,16748,-1.0,291,212,-79,-0.27147766323,80,1.0,300,108,1,80,284,108,79,0.9875,0.888537213816,1,33,33,1.0,1.0,1.0,-0.0,1,0,0,79,0,79,-1.0,-1.0,0,22436,8532,0,-30968,30968,-1.0,471,392,-79,-0.167728237792,80,1.0,736,108,1,80,720,108,79,0.9875,0.888537213816,1,33,33,1.0,1.0,1.0,-0.0,1,0,0,79,0,79,-1.0,-1.0,0,56880,8532,0,-65412,65412,-1.0,907,828,-79,-0.087100330761,80,1.0
MOT17-11-FRCNN,1,58,736,u_to_v,1,58,1,737,101,24,24,1,58,1,1,736,713,837,736,125,736,24,1,101,101,101,1.0,2.307313722697,0.445706731466,0.0,0.682592190615,0.721727339229,-1.0,-1.0,54,531,2.559172358548,1,"{""58"": 101}",101,30,24,1,30,14,23,24,0.8,0.82782942174,1,43,37,1.0,1.0,1.0,-0.0,1,0,0,0,0,0,0.0,0.0,0,336,0,552,216,888,0.243243243243,38,47,9,0.147540983607,30,1.0,60,24,1,60,44,23,54,0.9,0.869073339077,1,43,37,1.0,1.0,1.0,-0.0,1,0,0,0,0,0,0.0,0.0,0,2376,0,1242,-1134,3618,-0.313432835821,98,77,-21,-0.173553719008,60,1.0,120,24,1,101,104,23,95,0.940594059406,0.873850879385,1,43,37,1.0,1.0,1.0,-0.0,1,0,0,0,0,0,0.0,0.0,0,9880,0,2185,-7695,12065,-0.637795275591,199,127,-72,-0.324324324324,101,1.0,300,24,1,101,284,23,95,0.940594059406,0.873850879385,1,43,37,1.0,1.0,1.0,-0.0,1,0,0,0,0,0,0.0,0.0,0,26980,0,2185,-24795,29165,-0.85016286645,379,307,-72,-0.179104477612,101,1.0,736,24,1,101,720,23,95,0.940594059406,0.873850879385,1,43,37,1.0,1.0,1.0,-0.0,1,0,0,0,0,0,0.0,0.0,0,68400,0,2185,-66215,70585,-0.938088829071,815,743,-72,-0.085918854415,101,1.0
MOT17-11-FRCNN,55,62,742,v_to_u,62,55,1,743,1,1,1,62,55,1,742,742,641,743,1,103,1,102,1,1,1,1,1.0,0.21786321028,0.600347059349,0.082601582211,1.478914724443,1.014811719099,-1.0,-1.0,55,537,0.596672223919,1,"{""55"": 1}",1,1,30,1,1,0,30,0,0.0,,-1,48,-1,,1.0,,,0,0,0,0,0,0,0.0,0.0,0,0,0,0,0,0,0.0,30,30,0,0.0,1,1.0,1,60,1,1,0,60,0,0.0,,-1,48,-1,,1.0,,,0,0,0,0,0,0,0.0,0.0,0,0,0,0,0,0,0.0,60,60,0,0.0,1,1.0,1,102,1,1,0,102,0,0.0,,-1,48,-1,,1.0,,,0,0,0,0,0,0,0.0,0.0,0,0,0,0,0,0,0.0,102,102,0,0.0,1,1.0,1,102,1,1,0,102,0,0.0,,-1,48,-1,,1.0,,,0,0,0,0,0,0,0.0,0.0,0,0,0,0,0,0,0.0,102,102,0,0.0,1,1.0,1,102,1,1,0,102,0,0.0,,-1,48,-1,,1.0,,,0,0,0,0,0,0,0.0,0.0,0,0,0,0,0,0,0.0,102,102,0,0.0,1,1.0
MOT17-11-FRCNN,54,63,752,v_to_u,63,54,1,753,64,9,9,63,54,1,744,752,629,816,9,188,9,124,1,64,64,64,1.0,1.566607219582,0.295035916716,0.0,0.3041854116,0.330592902062,-1.0,-1.0,56,553,1.703844030128,1,"{""54"": 64}",64,9,30,1,30,0,30,30,1.0,0.892016633528,-1,33,33,,1.0,1.0,-0.0,1,0,0,30,0,0,0.0,-1.0,0,0,900,0,-900,900,-1.0,60,30,-30,-0.5,30,1.0,9,60,1,60,0,60,60,1.0,0.884056352001,-1,33,33,,1.0,1.0,-0.0,1,0,0,60,0,0,0.0,-1.0,0,0,3600,0,-3600,3600,-1.0,120,60,-60,-0.5,60,1.0,9,120,1,64,0,120,63,0.984375,0.872613912943,-1,33,33,,1.0,1.0,-0.0,1,0,0,63,0,0,0.0,-1.0,0,0,7560,0,-7560,7560,-1.0,183,120,-63,-0.344262295082,64,1.0,9,124,1,64,0,124,63,0.984375,0.872613912943,-1,33,33,,1.0,1.0,-0.0,1,0,0,63,0,0,0.0,-1.0,0,0,7812,0,-7812,7812,-1.0,187,124,-63,-0.336898395722,64,1.0,9,124,1,64,0,124,63,0.984375,0.872613912943,-1,33,33,,1.0,1.0,-0.0,1,0,0,63,0,0,0.0,-1.0,0,0,7812,0,-7812,7812,-1.0,187,124,-63,-0.336898395722,64,1.0
MOT17-11-FRCNN,58,61,754,v_to_u,61,58,1,755,83,18,18,61,58,1,737,754,713,837,18,125,18,42,1,83,83,83,1.0,0.147411653867,0.053194541829,0.574109205438,0.306865280792,0.24807036659,-1.0,-1.0,57,564,0.072676552703,1,"{""58"": 83}",83,18,30,1,30,18,23,30,1.0,0.85793324654,43,37,37,1.0,0.521739130435,1.0,-0.0,1,0,0,30,0,30,-1.0,-1.0,0,540,360,330,-570,1230,-0.463414634146,60,41,-19,-0.267605633803,30,1.0,18,42,1,60,18,35,60,1.0,0.890558185527,43,43,37,1.0,0.657142857143,1.0,-0.0,1,1,0,0,0,0,0.0,0.0,0,1080,720,1380,-420,3180,-0.132075471698,90,83,-7,-0.061946902655,60,1.0,18,42,1,83,18,35,83,1.0,0.878605252112,43,43,37,1.0,0.657142857143,1.0,-0.0,1,1,0,0,0,0,0.0,0.0,0,1494,996,1909,-581,4399,-0.132075471698,113,106,-7,-0.051470588235,83,1.0,18,42,1,83,18,35,83,1.0,0.878605252112,43,43,37,1.0,0.657142857143,1.0,-0.0,1,1,0,0,0,0,0.0,0.0,0,1494,996,1909,-581,4399,-0.132075471698,113,106,-7,-0.051470588235,83,1.0,18,42,1,83,18,35,83,1.0,0.878605252112,43,43,37,1.0,0.657142857143,1.0,-0.0,1,1,0,0,0,0,0.0,0.0,0,1494,996,1909,-581,4399,-0.132075471698,113,106,-7,-0.051470588235,83,1.0
MOT17-11-FRCNN,56,60,763,v_to_u,60,56,1,764,87,29,29,60,56,1,735,763,679,850,29,172,29,85,1,87,87,87,1.0,0.389784248252,0.0388366015,0.201596372024,0.088601818366,0.088487037444,-1.0,-1.0,58,571,0.366803191202,1,"{""56"": 87}",87,29,30,1,30,28,29,25,0.833333333333,0.810135532104,35,34,34,1.0,1.0,1.0,-0.0,1,0,0,25,0,25,-1.0,-1.0,0,700,725,0,-1425,1425,-1.0,82,57,-25,-0.30487804878,30,1.0,29,60,1,60,28,52,55,0.916666666667,0.879384398805,35,34,34,1.0,1.0,1.0,-0.0,1,0,0,55,0,55,-1.0,-1.0,0,1540,2860,0,-4400,4400,-1.0,135,80,-55,-0.407407407407,60,1.0,29,85,1,87,28,77,82,0.942528735632,0.882036834163,35,34,34,1.0,1.0,1.0,-0.0,1,0,0,82,0,82,-1.0,-1.0,0,2296,6314,0,-8610,8610,-1.0,187,105,-82,-0.438502673797,87,1.0,29,85,1,87,28,77,82,0.942528735632,0.882036834163,35,34,34,1.0,1.0,1.0,-0.0,1,0,0,82,0,82,-1.0,-1.0,0,2296,6314,0,-8610,8610,-1.0,187,105,-82,-0.438502673797,87,1.0,29,85,1,87,28,77,82,0.942528735632,0.882036834163,35,34,34,1.0,1.0,1.0,-0.0,1,0,0,82,0,82,-1.0,-1.0,0,2296,6314,0,-8610,8610,-1.0,187,105,-82,-0.438502673797,87,1.0
MOT17-11-FRCNN,48,54,795,u_to_v,48,54,1,796,21,167,167,48,54,1,492,795,629,816,304,188,304,167,1,21,21,21,1.0,0.642950041727,0.048817054847,0.0,0.348477544577,0.115087438732,-1.0,-1.0,59,576,0.70151080377,1,"{""54"": 21}",21,30,30,1,21,25,30,20,0.952380952381,0.825903802888,39,33,33,1.0,1.0,1.0,-0.0,1,0,0,20,0,20,-1.0,-1.0,0,500,600,0,-1100,1100,-1.0,75,55,-20,-0.266666666667,21,1.0,60,60,1,21,55,60,20,0.952380952381,0.825903802888,39,33,33,1.0,1.0,1.0,-0.0,1,0,0,20,0,20,-1.0,-1.0,0,1100,1200,0,-2300,2300,-1.0,135,115,-20,-0.148148148148,21,1.0,120,120,1,21,115,120,20,0.952380952381,0.825903802888,39,33,33,1.0,1.0,1.0,-0.0,1,0,0,20,0,20,-1.0,-1.0,0,2300,2400,0,-4700,4700,-1.0,255,235,-20,-0.078431372549,21,1.0,300,167,1,21,295,167,20,0.952380952381,0.825903802888,39,33,33,0.786440677966,1.0,1.0,-0.0,1,0,0,20,0,20,-1.0,-1.0,0,5900,3340,0,-9240,9240,-1.0,419,399,-20,-0.041493775934,21,1.0,304,167,1,21,299,167,20,0.952380952381,0.825903802888,39,33,33,0.775919732441,1.0,1.0,-0.0,1,0,0,20,0,20,-1.0,-1.0,0,5980,3340,0,-9320,9320,-1.0,419,399,-20,-0.041152263374,21,1.0
MOT17-11-FRCNN,48,56,795,u_to_v,48,56,1,796,55,117,117,48,56,1,492,795,679,850,304,172,304,117,1,55,55,55,1.0,1.085804146273,0.34767255823,0.0,0.409425010577,0.503121452331,-1.0,-1.0,60,577,1.263976932122,1,"{""56"": 55}",55,30,30,1,30,25,27,30,1.0,0.941654744303,39,34,34,1.0,1.0,1.0,-0.0,1,0,0,30,0,30,-1.0,-1.0,0,750,810,0,-1560,1560,-1.0,82,52,-30,-0.365853658537,30,1.0,60,60,1,55,55,54,55,1.0,0.914379527373,39,34,34,1.0,1.0,1.0,-0.0,1,0,0,55,0,55,-1.0,-1.0,0,3025,2970,0,-5995,5995,-1.0,164,109,-55,-0.335365853659,55,1.0,120,117,1,55,115,104,55,1.0,0.914379527373,39,34,34,1.0,1.0,1.0,-0.0,1,0,0,55,0,55,-1.0,-1.0,0,6325,5720,0,-12045,12045,-1.0,274,219,-55,-0.200729927007,55,1.0,300,117,1,55,295,104,55,1.0,0.914379527373,39,34,34,0.786440677966,1.0,1.0,-0.0,1,0,0,55,0,55,-1.0,-1.0,0,16225,5720,0,-21945,21945,-1.0,391,336,-55,-0.121145374449,55,1.0,304,117,1,55,299,104,55,1.0,0.914379527373,39,34,34,0.775919732441,1.0,1.0,-0.0,1,0,0,55,0,55,-1.0,-1.0,0,16445,5720,0,-22165,22165,-1.0,391,336,-55,-0.120087336245,55,1.0
MOT17-11-FRCNN,48,65,795,u_to_v,48,65,1,796,80,32,32,48,65,1,492,795,764,875,304,112,304,32,1,80,80,80,1.0,1.724991132815,0.622228756827,0.0,0.891369257028,0.977447366935,-1.0,-1.0,61,581,2.067429984418,1,"{""65"": 80}",80,30,30,1,30,25,30,30,1.0,0.936026114743,39,35,35,1.0,1.0,1.0,-0.0,1,0,0,30,0,30,-1.0,-1.0,0,750,900,0,-1650,1650,-1.0,85,55,-30,-0.352941176471,30,1.0,60,32,1,60,55,32,60,1.0,0.935052810067,39,35,35,1.0,1.0,1.0,-0.0,1,0,0,60,0,60,-1.0,-1.0,0,3300,1920,0,-5220,5220,-1.0,147,87,-60,-0.408163265306,60,1.0,120,32,1,80,115,32,79,0.9875,0.914505995151,39,35,35,1.0,1.0,1.0,-0.0,1,0,0,79,0,79,-1.0,-1.0,0,9085,2528,0,-11613,11613,-1.0,226,147,-79,-0.349557522124,80,1.0,300,32,1,80,295,32,79,0.9875,0.914505995151,39,35,35,0.786440677966,1.0,1.0,-0.0,1,0,0,79,0,79,-1.0,-1.0,0,23305,2528,0,-25833,25833,-1.0,343,264,-79,-0.194581280788,80,1.0,304,32,1,80,299,32,79,0.9875,0.914505995151,39,35,35,0.775919732441,1.0,1.0,-0.0,1,0,0,79,0,79,-1.0,-1.0,0,23621,2528,0,-26149,26149,-1.0,343,264,-79,-0.192682926829,80,1.0
MOT17-11-FRCNN,54,65,816,u_to_v,54,65,1,817,59,53,53,54,65,1,629,816,764,875,188,112,188,53,1,59,59,59,1.0,1.203240310726,0.677911720626,0.0,1.300960832696,1.208110786563,-1.0,-1.0,62,589,1.623625402808,1,"{""65"": 59}",59,30,30,1,30,29,30,30,1.0,0.939108729101,33,35,35,1.0,1.0,1.0,-0.0,1,0,0,30,0,30,-1.0,-1.0,0,870,900,0,-1770,1770,-1.0,89,59,-30,-0.337078651685,30,1.0,60,53,1,59,59,53,58,0.983050847458,0.910604594027,33,35,35,1.0,1.0,1.0,-0.0,1,0,0,58,0,58,-1.0,-1.0,0,3422,3074,0,-6496,6496,-1.0,170,112,-58,-0.341176470588,59,1.0,120,53,1,59,119,53,58,0.983050847458,0.910604594027,33,35,35,1.0,1.0,1.0,-0.0,1,0,0,58,0,58,-1.0,-1.0,0,6902,3074,0,-9976,9976,-1.0,230,172,-58,-0.252173913043,59,1.0,188,53,1,59,187,53,58,0.983050847458,0.910604594027,33,35,35,1.0,1.0,1.0,-0.0,1,0,0,58,0,58,-1.0,-1.0,0,10846,3074,0,-13920,13920,-1.0,298,240,-58,-0.194630872483,59,1.0,188,53,1,59,187,53,58,0.983050847458,0.910604594027,33,35,35,1.0,1.0,1.0,-0.0,1,0,0,58,0,58,-1.0,-1.0,0,10846,3074,0,-13920,13920,-1.0,298,240,-58,-0.194630872483,59,1.0
MOT17-11-FRCNN,54,66,816,u_to_v,54,66,1,817,72,42,42,54,66,1,629,816,775,888,188,114,188,42,1,72,72,72,1.0,1.532781429918,0.725808845812,0.0,1.403499442669,1.298918902922,-1.0,-1.0,63,590,1.98447547593,1,"{""66"": 72}",72,30,30,1,30,29,30,30,1.0,0.966095677548,33,36,36,1.0,1.0,1.0,-0.0,1,0,0,30,0,30,-1.0,-1.0,0,870,900,0,-1770,1770,-1.0,89,59,-30,-0.337078651685,30,1.0,60,42,1,60,59,42,60,1.0,0.956276476834,33,36,36,1.0,1.0,1.0,-0.0,1,0,0,60,0,60,-1.0,-1.0,0,3540,2520,0,-6060,6060,-1.0,161,101,-60,-0.372670807453,60,1.0,120,42,1,72,119,42,71,0.986111111111,0.941154216471,33,36,36,1.0,1.0,1.0,-0.0,1,0,0,71,0,71,-1.0,-1.0,0,8449,2982,0,-11431,11431,-1.0,232,161,-71,-0.306034482759,72,1.0,188,42,1,72,187,42,71,0.986111111111,0.941154216471,33,36,36,1.0,1.0,1.0,-0.0,1,0,0,71,0,71,-1.0,-1.0,0,13277,2982,0,-16259,16259,-1.0,300,229,-71,-0.236666666667,72,1.0,188,42,1,72,187,42,71,0.986111111111,0.941154216471,33,36,36,1.0,1.0,1.0,-0.0,1,0,0,71,0,71,-1.0,-1.0,0,13277,2982,0,-16259,16259,-1.0,300,229,-71,-0.236666666667,72,1.0
MOT17-11-FRCNN,58,64,837,u_to_v,58,64,1,838,8,90,90,58,64,1,713,837,748,845,125,98,125,90,1,8,8,8,1.0,0.305959802935,0.166803139913,0.337037068554,0.592907036689,0.188620513822,-1.0,-1.0,64,596,0.341554075826,1,"{""64"": 8}",8,30,30,1,8,30,30,7,0.875,0.762739028773,37,38,38,1.0,1.0,1.0,-0.0,1,0,0,7,0,7,-1.0,-1.0,0,210,210,0,-420,420,-1.0,67,60,-7,-0.10447761194,8,1.0,60,60,1,8,60,60,7,0.875,0.762739028773,37,38,38,1.0,1.0,1.0,-0.0,1,0,0,7,0,7,-1.0,-1.0,0,420,420,0,-840,840,-1.0,127,120,-7,-0.055118110236,8,1.0,120,90,1,8,113,90,7,0.875,0.762739028773,37,38,38,0.840707964602,1.0,1.0,-0.0,1,0,0,7,0,7,-1.0,-1.0,0,791,630,0,-1421,1421,-1.0,192,185,-7,-0.033333333333,8,1.0,125,90,1,8,118,90,7,0.875,0.762739028773,37,38,38,0.805084745763,1.0,1.0,-0.0,1,0,0,7,0,7,-1.0,-1.0,0,826,630,0,-1456,1456,-1.0,192,185,-7,-0.032558139535,8,1.0,125,90,1,8,118,90,7,0.875,0.762739028773,37,38,38,0.805084745763,1.0,1.0,-0.0,1,0,0,7,0,7,-1.0,-1.0,0,826,630,0,-1456,1456,-1.0,192,185,-7,-0.032558139535,8,1.0
MOT17-11-FRCNN,58,65,837,u_to_v,58,65,1,838,38,74,74,58,65,1,713,837,764,875,125,112,125,74,1,38,38,38,1.0,2.427684556482,0.294051443739,0.0,0.608837512201,0.600877434422,-1.0,-1.0,65,597,2.622168912079,1,"{""65"": 38}",38,30,30,1,30,30,30,30,1.0,0.923799827082,37,35,35,1.0,1.0,1.0,-0.0,1,0,0,30,0,30,-1.0,-1.0,0,900,900,0,-1800,1800,-1.0,90,60,-30,-0.333333333333,30,1.0,60,60,1,38,60,60,37,0.973684210526,0.89191365943,37,35,35,1.0,1.0,1.0,-0.0,1,0,0,37,0,37,-1.0,-1.0,0,2220,2220,0,-4440,4440,-1.0,157,120,-37,-0.235668789809,38,1.0,120,74,1,38,113,74,37,0.973684210526,0.89191365943,37,35,35,0.840707964602,1.0,1.0,-0.0,1,0,0,37,0,37,-1.0,-1.0,0,4181,2738,0,-6919,6919,-1.0,206,169,-37,-0.165178571429,38,1.0,125,74,1,38,118,74,37,0.973684210526,0.89191365943,37,35,35,0.805084745763,1.0,1.0,-0.0,1,0,0,37,0,37,-1.0,-1.0,0,4366,2738,0,-7104,7104,-1.0,206,169,-37,-0.161572052402,38,1.0,125,74,1,38,118,74,37,0.973684210526,0.89191365943,37,35,35,0.805084745763,1.0,1.0,-0.0,1,0,0,37,0,37,-1.0,-1.0,0,4366,2738,0,-7104,7104,-1.0,206,169,-37,-0.161572052402,38,1.0
MOT17-11-FRCNN,56,59,850,u_to_v,56,59,1,851,50,126,126,56,59,1,679,850,725,900,172,176,172,126,1,50,50,50,1.0,1.827844546782,0.893900821073,0.0,1.260857172268,1.389362769321,-1.0,-1.0,66,615,2.316341746209,1,"{""59"": 50}",50,30,30,1,30,30,30,30,1.0,0.938496716822,34,1,1,1.0,1.0,1.0,-0.0,1,0,0,30,0,30,-1.0,-1.0,0,900,900,0,-1800,1800,-1.0,90,60,-30,-0.333333333333,30,1.0,60,60,1,50,60,60,50,1.0,0.907405456742,34,1,1,1.0,1.0,1.0,-0.0,1,0,0,50,0,50,-1.0,-1.0,0,3000,3000,0,-6000,6000,-1.0,170,120,-50,-0.294117647059,50,1.0,120,120,1,50,114,120,50,1.0,0.907405456742,34,1,1,1.0,1.0,1.0,-0.0,1,0,0,50,0,50,-1.0,-1.0,0,5700,6000,0,-11700,11700,-1.0,284,234,-50,-0.176056338028,50,1.0,172,126,1,50,159,126,50,1.0,0.907405456742,34,1,1,1.0,1.0,1.0,-0.0,1,0,0,50,0,50,-1.0,-1.0,0,7950,6300,0,-14250,14250,-1.0,335,285,-50,-0.149253731343,50,1.0,172,126,1,50,159,126,50,1.0,0.907405456742,34,1,1,1.0,1.0,1.0,-0.0,1,0,0,50,0,50,-1.0,-1.0,0,7950,6300,0,-14250,14250,-1.0,335,285,-50,-0.149253731343,50,1.0
MOT17-11-FRCNN,74,75,854,v_to_u,75,74,1,855,1,3,3,75,74,1,852,854,846,855,3,10,3,9,1,1,1,1,1.0,0.497803275816,0.035854642574,0.099129038953,0.018078831868,0.031432913147,-1.0,-1.0,67,637,0.486935851223,1,"{""74"": 1}",1,3,9,1,1,2,9,0,0.0,,87,86,-1,1.0,1.0,,,0,0,0,0,0,0,0.0,0.0,0,0,0,0,0,0,0.0,11,11,0,0.0,1,1.0,3,9,1,1,2,9,0,0.0,,87,86,-1,1.0,1.0,,,0,0,0,0,0,0,0.0,0.0,0,0,0,0,0,0,0.0,11,11,0,0.0,1,1.0,3,9,1,1,2,9,0,0.0,,87,86,-1,1.0,1.0,,,0,0,0,0,0,0,0.0,0.0,0,0,0,0,0,0,0.0,11,11,0,0.0,1,1.0,3,9,1,1,2,9,0,0.0,,87,86,-1,1.0,1.0,,,0,0,0,0,0,0,0.0,0.0,0,0,0,0,0,0,0.0,11,11,0,0.0,1,1.0,3,9,1,1,2,9,0,0.0,,87,86,-1,1.0,1.0,,,0,0,0,0,0,0,0.0,0.0,0,0,0,0,0,0,0.0,11,11,0,0.0,1,1.0
MOT17-11-FRCNN,65,69,871,v_to_u,69,65,1,872,4,42,42,69,65,1,830,871,764,875,42,112,42,108,1,4,4,4,1.0,2.381462852986,0.171396381882,0.0,0.220138694389,0.291010339778,-1.0,-1.0,68,651,2.475426851873,1,"{""65"": 4}",4,30,30,1,4,28,30,3,0.75,0.690062613987,62,35,35,1.0,1.0,1.0,-0.0,1,0,0,3,0,3,-1.0,-1.0,0,84,90,0,-174,174,-1.0,61,58,-3,-0.049180327869,4,1.0,42,60,1,4,39,60,3,0.75,0.690062613987,62,35,35,1.0,1.0,1.0,-0.0,1,0,0,3,0,3,-1.0,-1.0,0,117,180,0,-297,297,-1.0,102,99,-3,-0.029411764706,4,1.0,42,108,1,4,39,108,3,0.75,0.690062613987,62,35,35,1.0,1.0,1.0,-0.0,1,0,0,3,0,3,-1.0,-1.0,0,117,324,0,-441,441,-1.0,150,147,-3,-0.02,4,1.0,42,108,1,4,39,108,3,0.75,0.690062613987,62,35,35,1.0,1.0,1.0,-0.0,1,0,0,3,0,3,-1.0,-1.0,0,117,324,0,-441,441,-1.0,150,147,-3,-0.02,4,1.0,42,108,1,4,39,108,3,0.75,0.690062613987,62,35,35,1.0,1.0,1.0,-0.0,1,0,0,3,0,3,-1.0,-1.0,0,117,324,0,-441,441,-1.0,150,147,-3,-0.02,4,1.0
MOT17-11-FRCNN,21,65,875,v_to_u,65,21,1,876,25,112,112,65,21,1,764,875,42,900,112,859,112,834,1,25,25,25,1.0,2.252730370882,0.994790993608,0.0,1.335869696052,1.218619549875,-1.0,-1.0,69,663,2.756877043877,1,"{""21"": 25}",25,30,30,1,25,29,30,25,1.0,0.937015868554,35,25,25,1.0,1.0,1.0,-0.0,1,0,0,25,0,25,-1.0,-1.0,0,725,750,0,-1475,1475,-1.0,84,59,-25,-0.297619047619,25,1.0,60,60,1,25,59,60,25,1.0,0.937015868554,35,25,25,1.0,1.0,1.0,-0.0,1,0,0,25,0,25,-1.0,-1.0,0,1475,1500,0,-2975,2975,-1.0,144,119,-25,-0.173611111111,25,1.0,112,120,1,25,111,120,25,1.0,0.937015868554,35,25,25,1.0,1.0,1.0,-0.0,1,0,0,25,0,25,-1.0,-1.0,0,2775,3000,0,-5775,5775,-1.0,256,231,-25,-0.09765625,25,1.0,112,300,1,25,111,300,25,1.0,0.937015868554,35,25,25,1.0,1.0,1.0,-0.0,1,0,0,25,0,25,-1.0,-1.0,0,2775,7500,0,-10275,10275,-1.0,436,411,-25,-0.057339449541,25,1.0,112,834,1,25,111,834,25,1.0,0.937015868554,35,25,25,1.0,1.0,1.0,-0.0,1,0,0,25,0,25,-1.0,-1.0,0,2775,20850,0,-23625,23625,-1.0,970,945,-25,-0.025773195876,25,1.0
MOT17-11-FRCNN,65,66,875,u_to_v,65,66,1,876,13,101,101,65,66,1,764,875,775,888,112,114,112,101,1,13,13,13,1.0,0.48155622568,0.112479328529,0.111946690819,0.08963471044,0.132218515164,-1.0,-1.0,70,665,0.503874707668,1,"{""66"": 13}",13,30,30,1,13,29,30,12,0.923076923077,0.859993815663,35,36,36,1.0,1.0,1.0,-0.0,1,0,0,12,0,12,-1.0,-1.0,0,348,360,0,-708,708,-1.0,71,59,-12,-0.169014084507,13,1.0,60,60,1,13,59,60,12,0.923076923077,0.859993815663,35,36,36,1.0,1.0,1.0,-0.0,1,0,0,12,0,12,-1.0,-1.0,0,708,720,0,-1428,1428,-1.0,131,119,-12,-0.091603053435,13,1.0,112,101,1,13,111,101,12,0.923076923077,0.859993815663,35,36,36,1.0,1.0,1.0,-0.0,1,0,0,12,0,12,-1.0,-1.0,0,1332,1212,0,-2544,2544,-1.0,224,212,-12,-0.053571428571,13,1.0,112,101,1,13,111,101,12,0.923076923077,0.859993815663,35,36,36,1.0,1.0,1.0,-0.0,1,0,0,12,0,12,-1.0,-1.0,0,1332,1212,0,-2544,2544,-1.0,224,212,-12,-0.053571428571,13,1.0,112,101,1,13,111,101,12,0.923076923077,0.859993815663,35,36,36,1.0,1.0,1.0,-0.0,1,0,0,12,0,12,-1.0,-1.0,0,1332,1212,0,-2544,2544,-1.0,224,212,-12,-0.053571428571,13,1.0
MOT17-11-FRCNN,65,68,875,u_to_v,65,68,1,876,25,80,80,65,68,1,764,875,796,900,112,105,112,80,1,25,25,25,1.0,1.558822209817,1.015524593053,0.0,1.250894369829,1.260873340498,-1.0,-1.0,71,667,2.063880129113,1,"{""68"": 25}",25,30,30,1,25,29,30,25,1.0,0.947174470431,35,49,49,1.0,1.0,1.0,-0.0,1,0,0,25,0,25,-1.0,-1.0,0,725,750,0,-1475,1475,-1.0,84,59,-25,-0.297619047619,25,1.0,60,60,1,25,59,60,25,1.0,0.947174470431,35,49,49,1.0,1.0,1.0,-0.0,1,0,0,25,0,25,-1.0,-1.0,0,1475,1500,0,-2975,2975,-1.0,144,119,-25,-0.173611111111,25,1.0,112,80,1,25,111,80,25,1.0,0.947174470431,35,49,49,1.0,1.0,1.0,-0.0,1,0,0,25,0,25,-1.0,-1.0,0,2775,2000,0,-4775,4775,-1.0,216,191,-25,-0.115740740741,25,1.0,112,80,1,25,111,80,25,1.0,0.947174470431,35,49,49,1.0,1.0,1.0,-0.0,1,0,0,25,0,25,-1.0,-1.0,0,2775,2000,0,-4775,4775,-1.0,216,191,-25,-0.115740740741,25,1.0,112,80,1,25,111,80,25,1.0,0.947174470431,35,49,49,1.0,1.0,1.0,-0.0,1,0,0,25,0,25,-1.0,-1.0,0,2775,2000,0,-4775,4775,-1.0,216,191,-25,-0.115740740741,25,1.0
MOT17-11-FRCNN,59,66,888,v_to_u,66,59,1,889,12,114,114,66,59,1,775,888,725,900,114,176,114,164,1,12,12,12,1.0,1.642622312398,0.919753166012,0.0,1.531796076229,1.385552089788,-1.0,-1.0,72,677,2.164295420503,1,"{""59"": 12}",12,30,30,1,12,29,30,12,1.0,0.874107288526,36,1,1,1.0,1.0,1.0,-0.0,1,0,0,12,0,12,-1.0,-1.0,0,348,360,0,-708,708,-1.0,71,59,-12,-0.169014084507,12,1.0,60,60,1,12,59,60,12,1.0,0.874107288526,36,1,1,1.0,1.0,1.0,-0.0,1,0,0,12,0,12,-1.0,-1.0,0,708,720,0,-1428,1428,-1.0,131,119,-12,-0.091603053435,12,1.0,114,120,1,12,113,120,12,1.0,0.874107288526,36,1,1,1.0,1.0,1.0,-0.0,1,0,0,12,0,12,-1.0,-1.0,0,1356,1440,0,-2796,2796,-1.0,245,233,-12,-0.048979591837,12,1.0,114,164,1,12,113,164,12,1.0,0.874107288526,36,1,1,1.0,1.0,1.0,-0.0,1,0,0,12,0,12,-1.0,-1.0,0,1356,1968,0,-3324,3324,-1.0,289,277,-12,-0.041522491349,12,1.0,114,164,1,12,113,164,12,1.0,0.874107288526,36,1,1,1.0,1.0,1.0,-0.0,1,0,0,12,0,12,-1.0,-1.0,0,1356,1968,0,-3324,3324,-1.0,289,277,-12,-0.041522491349,12,1.0
MOT17-11-FRCNN,77,83,897,v_to_u,83,77,1,898,3,1,1,83,77,1,897,897,865,900,1,36,1,33,1,3,3,3,1.0,0.293109931636,0.277252305318,0.236602698521,0.539613594242,0.452623186863,-1.0,-1.0,73,699,0.402496011446,1,"{""77"": 3}",3,1,30,1,3,1,30,3,1.0,0.95045056581,65,50,50,1.0,1.0,1.0,-0.0,1,0,0,3,0,3,-1.0,-1.0,0,3,90,0,-93,93,-1.0,34,31,-3,-0.088235294118,3,1.0,1,33,1,3,1,33,3,1.0,0.95045056581,65,50,50,1.0,1.0,1.0,-0.0,1,0,0,3,0,3,-1.0,-1.0,0,3,99,0,-102,102,-1.0,37,34,-3,-0.081081081081,3,1.0,1,33,1,3,1,33,3,1.0,0.95045056581,65,50,50,1.0,1.0,1.0,-0.0,1,0,0,3,0,3,-1.0,-1.0,0,3,99,0,-102,102,-1.0,37,34,-3,-0.081081081081,3,1.0,1,33,1,3,1,33,3,1.0,0.95045056581,65,50,50,1.0,1.0,1.0,-0.0,1,0,0,3,0,3,-1.0,-1.0,0,3,99,0,-102,102,-1.0,37,34,-3,-0.081081081081,3,1.0,1,33,1,3,1,33,3,1.0,0.95045056581,65,50,50,1.0,1.0,1.0,-0.0,1,0,0,3,0,3,-1.0,-1.0,0,3,99,0,-102,102,-1.0,37,34,-3,-0.081081081081,3,1.0
MOT17-13-FRCNN,3,11,4,v_to_u,11,3,1,5,8,4,4,11,3,1,1,4,1,12,4,12,4,4,1,8,8,8,1.0,1.418351623008,0.36851659101,0.0,0.267172673712,0.651519265027,-1.0,-1.0,1,3,1.602349964634,1,"{""3"": 8}",8,4,4,1,8,2,4,7,0.875,0.846787746751,8,9,9,1.0,1.0,1.0,-0.0,1,0,0,7,0,7,-1.0,-1.0,0,14,28,0,-42,42,-1.0,13,7,-6,-0.461538461538,8,1.0,4,4,1,8,2,4,7,0.875,0.846787746751,8,9,9,1.0,1.0,1.0,-0.0,1,0,0,7,0,7,-1.0,-1.0,0,14,28,0,-42,42,-1.0,13,7,-6,-0.461538461538,8,1.0,4,4,1,8,2,4,7,0.875,0.846787746751,8,9,9,1.0,1.0,1.0,-0.0,1,0,0,7,0,7,-1.0,-1.0,0,14,28,0,-42,42,-1.0,13,7,-6,-0.461538461538,8,1.0,4,4,1,8,2,4,7,0.875,0.846787746751,8,9,9,1.0,1.0,1.0,-0.0,1,0,0,7,0,7,-1.0,-1.0,0,14,28,0,-42,42,-1.0,13,7,-6,-0.461538461538,8,1.0,4,4,1,8,2,4,7,0.875,0.846787746751,8,9,9,1.0,1.0,1.0,-0.0,1,0,0,7,0,7,-1.0,-1.0,0,14,28,0,-42,42,-1.0,13,7,-6,-0.461538461538,8,1.0
MOT17-13-FRCNN,18,23,7,v_to_u,23,18,1,8,361,1,1,23,18,1,7,7,1,368,1,368,1,7,1,361,361,361,1.0,0.288134487554,0.14672228094,0.650034383567,0.045462374077,0.039045436362,-1.0,-1.0,2,37,0.170757242941,1,"{""18"": 361}",361,1,7,1,30,1,6,30,1.0,0.837207654398,47,47,47,1.0,1.0,1.0,-0.0,1,1,30,30,0,0,0.0,0.0,30,0,180,0,-150,210,-0.714285714286,36,31,-5,-0.135135135135,30,1.0,1,7,1,60,1,6,60,1.0,0.860548447241,47,47,47,1.0,1.0,1.0,-0.0,1,1,60,60,0,0,0.0,0.0,60,0,360,0,-300,420,-0.714285714286,66,61,-5,-0.074626865672,60,1.0,1,7,1,120,1,6,120,1.0,0.862749906491,47,47,47,1.0,1.0,1.0,-0.0,1,1,120,120,0,0,0.0,0.0,120,0,720,0,-600,840,-0.714285714286,126,121,-5,-0.03937007874,120,1.0,1,7,1,300,1,6,300,1.0,0.867670928034,47,47,47,1.0,1.0,0.686666666667,0.621741806976,2,1,206,206,0,0,0.0,0.0,206,94,1236,564,-560,2100,-0.266666666667,212,207,-5,-0.016286644951,300,1.0,1,7,1,361,1,6,360,0.997229916898,0.871232304587,47,47,47,1.0,1.0,0.572222222222,0.682678499388,2,1,206,206,0,0,0.0,0.0,206,154,1236,924,-260,2520,-0.103174603175,212,207,-5,-0.013623978202,361,1.0
MOT17-13-FRCNN,8,25,20,v_to_u,25,8,1,21,126,1,1,25,8,1,20,20,1,146,1,146,1,20,1,126,126,126,1.0,2.802081444758,1.223101887537,0.0,0.772795333089,0.796175653227,-1.0,-1.0,3,68,3.264754015274,1,"{""8"": 126}",126,1,20,1,30,1,20,30,1.0,0.888616485503,33,2,2,1.0,1.0,1.0,-0.0,1,0,0,30,0,30,-1.0,-1.0,0,30,600,0,-630,630,-1.0,51,30,-21,-0.411764705882,30,1.0,1,20,1,60,1,20,60,1.0,0.87923209594,33,2,2,1.0,1.0,1.0,-0.0,1,0,0,60,0,60,-1.0,-1.0,0,60,1200,0,-1260,1260,-1.0,81,60,-21,-0.259259259259,60,1.0,1,20,1,120,1,20,120,1.0,0.895257333089,33,2,2,1.0,1.0,1.0,-0.0,1,0,0,120,0,120,-1.0,-1.0,0,120,2400,0,-2520,2520,-1.0,141,120,-21,-0.148936170213,120,1.0,1,20,1,126,1,20,125,0.992063492063,0.896481437714,33,2,2,1.0,1.0,1.0,-0.0,1,0,0,125,0,125,-1.0,-1.0,0,125,2500,0,-2625,2625,-1.0,146,125,-21,-0.143835616438,126,1.0,1,20,1,126,1,20,125,0.992063492063,0.896481437714,33,2,2,1.0,1.0,1.0,-0.0,1,0,0,125,0,125,-1.0,-1.0,0,125,2500,0,-2625,2625,-1.0,146,125,-21,-0.143835616438,126,1.0
MOT17-13-FRCNN,5,10,22,v_to_u,10,5,1,23,8,22,22,10,5,1,1,22,1,30,22,30,22,22,1,8,8,8,1.0,0.945321845822,0.060746180418,0.0,0.046331930128,0.000956632726,-1.0,-1.0,4,87,0.965237247212,1,"{""5"": 8}",8,22,22,1,8,20,22,7,0.875,0.899827451866,10,11,11,1.0,1.0,1.0,-0.0,1,0,0,7,0,7,-1.0,-1.0,0,140,154,0,-294,294,-1.0,49,42,-7,-0.142857142857,8,1.0,22,22,1,8,20,22,7,0.875,0.899827451866,10,11,11,1.0,1.0,1.0,-0.0,1,0,0,7,0,7,-1.0,-1.0,0,140,154,0,-294,294,-1.0,49,42,-7,-0.142857142857,8,1.0,22,22,1,8,20,22,7,0.875,0.899827451866,10,11,11,1.0,1.0,1.0,-0.0,1,0,0,7,0,7,-1.0,-1.0,0,140,154,0,-294,294,-1.0,49,42,-7,-0.142857142857,8,1.0,22,22,1,8,20,22,7,0.875,0.899827451866,10,11,11,1.0,1.0,1.0,-0.0,1,0,0,7,0,7,-1.0,-1.0,0,140,154,0,-294,294,-1.0,49,42,-7,-0.142857142857,8,1.0,22,22,1,8,20,22,7,0.875,0.899827451866,10,11,11,1.0,1.0,1.0,-0.0,1,0,0,7,0,7,-1.0,-1.0,0,140,154,0,-294,294,-1.0,49,42,-7,-0.142857142857,8,1.0
MOT17-13-FRCNN,19,27,31,u_to_v,19,27,1,32,257,9,9,19,27,1,1,31,23,288,31,266,31,9,1,257,257,257,1.0,1.190547487853,0.269887888331,0.0,0.044697372298,0.049943595756,-1.0,-1.0,5,146,1.267483556741,1,"{""27"": 257}",257,30,9,1,30,29,9,30,1.0,0.839325904595,44,33,33,1.0,1.0,1.0,-0.0,1,0,0,30,0,30,-1.0,-1.0,0,870,270,0,-1140,1140,-1.0,68,38,-30,-0.441176470588,30,1.0,31,9,1,60,30,9,60,1.0,0.844558026573,44,33,33,1.0,1.0,1.0,-0.0,1,0,0,60,0,60,-1.0,-1.0,0,1800,540,0,-2340,2340,-1.0,99,60,-39,-0.393939393939,60,1.0,31,9,1,120,30,9,120,1.0,0.856022247762,44,33,33,1.0,1.0,1.0,-0.0,1,0,0,120,0,120,-1.0,-1.0,0,3600,1080,0,-4680,4680,-1.0,159,120,-39,-0.245283018868,120,1.0,31,9,1,257,30,9,257,1.0,0.876845588186,44,33,33,1.0,1.0,1.0,-0.0,1,0,0,257,0,257,-1.0,-1.0,0,7710,2313,0,-10023,10023,-1.0,296,257,-39,-0.131756756757,257,1.0,31,9,1,257,30,9,257,1.0,0.876845588186,44,33,33,1.0,1.0,1.0,-0.0,1,0,0,257,0,257,-1.0,-1.0,0,7710,2313,0,-10023,10023,-1.0,296,257,-39,-0.131756756757,257,1.0
MOT17-13-FRCNN,6,29,32,v_to_u,29,6,1,33,211,1,1,29,6,1,32,32,1,243,1,243,1,32,1,211,211,211,1.0,1.142915309007,1.005606461278,0.095732918262,0.762633757315,0.553587666836,-1.0,-1.0,6,151,1.502005837176,1,"{""6"": 211}",211,1,30,1,30,0,30,30,1.0,0.807492197773,-1,4,4,,1.0,1.0,-0.0,1,0,0,30,0,0,0.0,-1.0,0,0,900,0,-900,900,-1.0,60,30,-30,-0.5,30,1.0,1,32,1,60,0,32,59,0.983333333333,0.803132011655,-1,4,4,,1.0,1.0,-0.0,1,0,0,59,0,0,0.0,-1.0,0,0,1888,0,-1888,1888,-1.0,91,59,-32,-0.351648351648,60,1.0,1,32,1,120,0,32,119,0.991666666667,0.823594841903,-1,4,4,,1.0,1.0,-0.0,1,0,0,119,0,0,0.0,-1.0,0,0,3808,0,-3808,3808,-1.0,151,119,-32,-0.211920529801,120,1.0,1,32,1,211,0,32,210,0.995260663507,0.841122492163,-1,4,4,,1.0,1.0,-0.0,1,0,0,210,0,0,0.0,-1.0,0,0,6720,0,-6720,6720,-1.0,242,210,-32,-0.132231404959,211,1.0,1,32,1,211,0,32,210,0.995260663507,0.841122492163,-1,4,4,,1.0,1.0,-0.0,1,0,0,210,0,0,0.0,-1.0,0,0,6720,0,-6720,6720,-1.0,242,210,-32,-0.132231404959,211,1.0
MOT17-13-FRCNN,1,2,35,u_to_v,1,2,1,36,10,35,35,1,2,1,1,35,1,45,35,45,35,35,1,10,10,10,1.0,1.030828951458,0.02871430065,0.0,0.0101342149,0.015375893399,-1.0,-1.0,7,169,1.040558537451,1,"{""2"": 10}",10,30,30,1,10,30,30,10,1.0,0.887272366818,6,5,5,1.0,1.0,1.0,-0.0,1,0,0,10,0,10,-1.0,-1.0,0,300,300,0,-600,600,-1.0,70,60,-10,-0.142857142857,10,1.0,35,35,1,10,35,35,10,1.0,0.887272366818,6,5,5,1.0,1.0,1.0,-0.0,1,0,0,10,0,10,-1.0,-1.0,0,350,350,0,-700,700,-1.0,80,70,-10,-0.125,10,1.0,35,35,1,10,35,35,10,1.0,0.887272366818,6,5,5,1.0,1.0,1.0,-0.0,1,0,0,10,0,10,-1.0,-1.0,0,350,350,0,-700,700,-1.0,80,70,-10,-0.125,10,1.0,35,35,1,10,35,35,10,1.0,0.887272366818,6,5,5,1.0,1.0,1.0,-0.0,1,0,0,10,0,10,-1.0,-1.0,0,350,350,0,-700,700,-1.0,80,70,-10,-0.125,10,1.0,35,35,1,10,35,35,10,1.0,0.887272366818,6,5,5,1.0,1.0,1.0,-0.0,1,0,0,10,0,10,-1.0,-1.0,0,350,350,0,-700,700,-1.0,80,70,-10,-0.125,10,1.0
MOT17-13-FRCNN,24,31,38,v_to_u,31,24,1,39,146,1,1,31,24,1,38,38,15,184,1,170,1,24,1,146,146,146,1.0,0.203305490348,0.088160878802,0.545686703085,0.107025794977,0.006311738352,-1.0,-1.0,8,206,0.10025778761,1,"{""24"": 146}",146,1,24,1,30,1,20,29,0.966666666667,0.772232982485,34,34,34,1.0,1.0,1.0,-0.0,1,1,29,29,0,0,0.0,0.0,29,0,580,0,-551,609,-0.904761904762,49,30,-19,-0.38,30,1.0,1,24,1,60,1,20,59,0.983333333333,0.820323511556,34,34,34,1.0,1.0,1.0,-0.0,1,1,59,59,0,0,0.0,0.0,59,0,1180,0,-1121,1239,-0.904761904762,79,60,-19,-0.2375,60,1.0,1,24,1,120,1,20,117,0.975,0.830149855991,34,34,34,1.0,1.0,1.0,-0.0,1,1,117,117,0,0,0.0,0.0,117,0,2340,0,-2223,2457,-0.904761904762,137,118,-19,-0.13768115942,120,1.0,1,24,1,146,1,20,132,0.904109589041,0.828946994226,34,34,34,1.0,1.0,0.954545454545,0.184907399168,2,1,126,126,0,0,0.0,0.0,126,6,2520,120,-2280,2772,-0.822510822511,146,127,-19,-0.124183006536,146,1.0,1,24,1,146,1,20,132,0.904109589041,0.828946994226,34,34,34,1.0,1.0,0.954545454545,0.184907399168,2,1,126,126,0,0,0.0,0.0,126,6,2520,120,-2280,2772,-0.822510822511,146,127,-19,-0.124183006536,146,1.0
MOT17-13-FRCNN,28,32,47,u_to_v,28,32,1,48,73,6,6,28,32,1,29,47,42,144,19,79,19,6,1,73,73,97,0.752577319588,0.3327206179,0.014020559456,0.285495047366,0.001060445486,0.016941306747,-1.0,-1.0,9,252,0.266652171146,1,"{""32"": 73}",73,19,6,1,6,15,3,4,0.666666666667,0.845045168593,63,63,32,0.933333333333,1.0,0.5,0.69314718056,2,1,2,2,0,0,0.0,0.0,30,30,6,6,0,72,0.0,16,16,0,0.0,30,0.2,19,6,1,36,15,3,34,0.944444444444,0.80159379673,63,63,32,0.933333333333,1.0,0.911764705882,0.354598827553,3,1,2,2,0,0,0.0,0.0,59,451,6,96,-302,612,-0.493464052288,45,35,-10,-0.192307692308,60,0.6,19,6,1,73,15,3,71,0.972602739726,0.804619203576,63,63,32,0.933333333333,1.0,0.929577464789,0.329020698225,4,1,2,2,0,0,0.0,0.0,94,971,6,207,-676,1278,-0.528951486698,80,70,-10,-0.112359550562,97,0.752577319588,19,6,1,73,15,3,71,0.972602739726,0.804619203576,63,63,32,0.933333333333,1.0,0.929577464789,0.329020698225,4,1,2,2,0,0,0.0,0.0,94,971,6,207,-676,1278,-0.528951486698,80,70,-10,-0.112359550562,97,0.752577319588,19,6,1,73,15,3,71,0.972602739726,0.804619203576,63,63,32,0.933333333333,1.0,0.929577464789,0.329020698225,4,1,2,2,0,0,0.0,0.0,94,971,6,207,-676,1278,-0.528951486698,80,70,-10,-0.112359550562,97,0.752577319588
MOT17-13-FRCNN,22,36,49,v_to_u,36,22,1,50,22,1,1,36,22,1,49,49,6,71,1,66,1,44,1,22,22,22,1.0,0.462553666079,0.007946414243,0.149457715397,0.122481556438,0.038179232484,-1.0,-1.0,10,270,0.443241919683,1,"{""22"": 22}",22,1,30,1,22,0,18,22,1.0,0.822538664804,-1,166,166,,0.888888888889,1.0,-0.0,1,0,0,22,0,0,0.0,-1.0,0,0,352,44,-308,396,-0.777777777778,38,24,-14,-0.35,22,1.0,1,44,1,22,0,32,22,1.0,0.822538664804,-1,71,166,,0.5,1.0,-0.0,1,0,0,0,0,0,0.0,0.0,0,0,352,352,0,704,0.0,38,38,0,0.0,22,1.0,1,44,1,22,0,32,22,1.0,0.822538664804,-1,71,166,,0.5,1.0,-0.0,1,0,0,0,0,0,0.0,0.0,0,0,352,352,0,704,0.0,38,38,0,0.0,22,1.0,1,44,1,22,0,32,22,1.0,0.822538664804,-1,71,166,,0.5,1.0,-0.0,1,0,0,0,0,0,0.0,0.0,0,0,352,352,0,704,0.0,38,38,0,0.0,22,1.0,1,44,1,22,0,32,22,1.0,0.822538664804,-1,71,166,,0.5,1.0,-0.0,1,0,0,0,0,0,0.0,0.0,0,0,352,352,0,704,0.0,38,38,0,0.0,22,1.0
MOT17-13-FRCNN,27,33,58,v_to_u,33,27,1,59,230,14,14,33,27,1,45,58,23,288,14,266,14,36,1,230,230,230,1.0,0.28415286132,0.165830836612,0.389498645206,0.132780154754,0.118613308736,-1.0,-1.0,11,302,0.25337525552,1,"{""27"": 230}",230,14,30,1,30,14,30,30,1.0,0.848285187099,67,33,33,1.0,1.0,1.0,-0.0,1,0,0,30,0,30,-1.0,-1.0,0,420,900,0,-1320,1320,-1.0,74,44,-30,-0.405405405405,30,1.0,14,36,1,60,14,36,60,1.0,0.86576138588,67,33,33,1.0,1.0,1.0,-0.0,1,0,0,60,0,60,-1.0,-1.0,0,840,2160,0,-3000,3000,-1.0,110,60,-50,-0.454545454545,60,1.0,14,36,1,120,14,36,120,1.0,0.8647341222,67,33,33,1.0,1.0,1.0,-0.0,1,0,0,120,0,120,-1.0,-1.0,0,1680,4320,0,-6000,6000,-1.0,170,120,-50,-0.294117647059,120,1.0,14,36,1,230,14,36,230,1.0,0.881654872592,67,33,33,1.0,1.0,1.0,-0.0,1,0,0,230,0,230,-1.0,-1.0,0,3220,8280,0,-11500,11500,-1.0,280,230,-50,-0.178571428571,230,1.0,14,36,1,230,14,36,230,1.0,0.881654872592,67,33,33,1.0,1.0,1.0,-0.0,1,0,0,230,0,230,-1.0,-1.0,0,3220,8280,0,-11500,11500,-1.0,280,230,-50,-0.178571428571,230,1.0
MOT17-13-FRCNN,24,26,59,v_to_u,26,24,1,60,125,40,40,26,24,1,20,59,15,184,40,170,40,45,1,125,125,125,1.0,0.788847130934,0.039171000163,0.0,0.103896275665,0.03346110241,-1.0,-1.0,12,323,0.812375618783,1,"{""24"": 125}",125,30,30,1,30,24,28,30,1.0,0.856870274464,32,34,34,1.0,1.0,1.0,-0.0,1,0,0,30,0,30,-1.0,-1.0,0,720,840,0,-1560,1560,-1.0,82,52,-30,-0.365853658537,30,1.0,40,45,1,60,34,40,60,1.0,0.861750899791,32,34,34,1.0,1.0,1.0,-0.0,1,0,0,60,0,60,-1.0,-1.0,0,2040,2400,0,-4440,4440,-1.0,134,74,-60,-0.44776119403,60,1.0,40,45,1,120,34,40,109,0.908333333333,0.840515803754,32,34,34,1.0,1.0,0.97247706422,0.126023287349,2,0,0,106,0,106,-0.97247706422,-0.97247706422,0,3706,4240,120,-7826,8066,-0.970245474833,180,106,-74,-0.404371584699,120,1.0,40,45,1,125,34,40,112,0.896,0.841342805569,32,34,34,1.0,1.0,0.946428571429,0.208899757088,2,0,0,106,0,106,-0.946428571429,-0.946428571429,0,3808,4240,240,-7808,8288,-0.942084942085,180,106,-74,-0.397849462366,125,1.0,40,45,1,125,34,40,112,0.896,0.841342805569,32,34,34,1.0,1.0,0.946428571429,0.208899757088,2,0,0,106,0,106,-0.946428571429,-0.946428571429,0,3808,4240,240,-7808,8288,-0.942084942085,180,106,-74,-0.397849462366,125,1.0
MOT17-13-FRCNN,34,39,64,v_to_u,39,34,1,65,112,4,4,39,34,1,61,64,46,176,4,131,4,19,1,112,112,112,1.0,1.775022623165,0.239657235026,0.0,0.018828112887,0.053903755802,-1.0,-1.0,13,348,1.842210118791,1,"{""34"": 112}",112,4,19,1,30,1,19,16,0.533333333333,0.871293550489,32,46,145,1.0,1.0,0.625,0.661563238158,2,0,0,6,0,6,-0.375,-0.375,0,16,114,190,60,320,0.1875,26,29,3,0.083333333333,30,1.0,4,19,1,60,1,19,46,0.766666666667,0.835802065813,32,46,145,1.0,1.0,0.739130434783,0.754785495018,3,0,0,6,0,6,-0.130434782609,-0.130434782609,0,46,114,760,600,920,0.652173913043,35,53,18,0.272727272727,60,1.0,4,19,1,112,1,19,98,0.875,0.827624716546,32,46,145,1.0,1.0,0.867346938776,0.482954369891,3,0,0,6,0,6,-0.061224489796,-0.061224489796,0,98,114,1748,1536,1960,0.783673469388,86,104,18,0.152542372881,112,1.0,4,19,1,112,1,19,98,0.875,0.827624716546,32,46,145,1.0,1.0,0.867346938776,0.482954369891,3,0,0,6,0,6,-0.061224489796,-0.061224489796,0,98,114,1748,1536,1960,0.783673469388,86,104,18,0.152542372881,112,1.0,4,19,1,112,1,19,98,0.875,0.827624716546,32,46,145,1.0,1.0,0.867346938776,0.482954369891,3,0,0,6,0,6,-0.061224489796,-0.061224489796,0,98,114,1748,1536,1960,0.783673469388,86,104,18,0.152542372881,112,1.0
MOT17-13-FRCNN,41,44,72,v_to_u,44,41,1,73,38,1,1,44,41,1,72,72,66,110,1,45,1,7,1,38,38,38,1.0,0.189135572601,0.047311795527,0.581547702521,0.007968169649,0.08479653666,-1.0,-1.0,14,400,0.064853066483,1,"{""41"": 38}",38,1,7,1,30,1,7,30,1.0,0.748564833979,60,32,60,1.0,1.0,0.533333333333,0.882310924515,3,0,16,2,16,2,0.466666666667,0.466666666667,16,14,14,196,184,240,0.766666666667,16,24,8,0.210526315789,30,1.0,1,7,1,38,1,7,35,0.921052631579,0.753257427671,60,32,61,1.0,1.0,0.485714285714,0.87213832532,3,0,16,2,16,2,0.4,0.4,16,19,14,231,214,280,0.764285714286,18,24,6,0.139534883721,38,1.0,1,7,1,38,1,7,35,0.921052631579,0.753257427671,60,32,61,1.0,1.0,0.485714285714,0.87213832532,3,0,16,2,16,2,0.4,0.4,16,19,14,231,214,280,0.764285714286,18,24,6,0.139534883721,38,1.0,1,7,1,38,1,7,35,0.921052631579,0.753257427671,60,32,61,1.0,1.0,0.485714285714,0.87213832532,3,0,16,2,16,2,0.4,0.4,16,19,14,231,214,280,0.764285714286,18,24,6,0.139534883721,38,1.0,1,7,1,38,1,7,35,0.921052631579,0.753257427671,60,32,61,1.0,1.0,0.485714285714,0.87213832532,3,0,16,2,16,2,0.4,0.4,16,19,14,231,214,280,0.764285714286,18,24,6,0.139534883721,38,1.0
MOT17-13-FRCNN,21,46,75,v_to_u,46,21,1,76,69,1,1,46,21,1,75,75,1,144,1,144,1,75,1,69,69,69,1.0,0.094626638519,0.023623763907,0.695551261174,0.091973231217,0.012704249822,-1.0,-1.0,15,430,-0.062887487694,1,"{""21"": 69}",69,1,30,1,30,0,30,30,1.0,0.816741777696,-1,36,36,,1.0,1.0,-0.0,1,0,0,30,0,0,0.0,-1.0,0,0,900,0,-900,900,-1.0,60,30,-30,-0.5,30,1.0,1,60,1,60,0,60,60,1.0,0.810465777733,-1,36,36,,1.0,1.0,-0.0,1,0,0,60,0,0,0.0,-1.0,0,0,3600,0,-3600,3600,-1.0,120,60,-60,-0.5,60,1.0,1,75,1,69,0,75,69,1.0,0.80236817569,-1,36,36,,1.0,1.0,-0.0,1,0,0,69,0,0,0.0,-1.0,0,0,5175,0,-5175,5175,-1.0,144,75,-69,-0.479166666667,69,1.0,1,75,1,69,0,75,69,1.0,0.80236817569,-1,36,36,,1.0,1.0,-0.0,1,0,0,69,0,0,0.0,-1.0,0,0,5175,0,-5175,5175,-1.0,144,75,-69,-0.479166666667,69,1.0,1,75,1,69,0,75,69,1.0,0.80236817569,-1,36,36,,1.0,1.0,-0.0,1,0,0,69,0,0,0.0,-1.0,0,0,5175,0,-5175,5175,-1.0,144,75,-69,-0.479166666667,69,1.0
MOT17-13-FRCNN,41,45,75,v_to_u,45,41,1,76,35,1,1,45,41,1,75,75,66,110,1,45,1,10,1,35,35,35,1.0,0.108646477091,0.040330723591,0.750273100219,0.102791801171,0.034167423261,-1.0,-1.0,16,447,-0.055143194623,1,"{""41"": 35}",35,1,10,1,30,1,10,30,1.0,0.755077062085,32,32,60,1.0,0.9,0.5,0.69314718056,2,1,0,0,0,0,0.0,0.0,0,30,15,285,240,330,0.727272727273,17,24,7,0.170731707317,30,1.0,1,10,1,35,1,10,32,0.914285714286,0.748528201711,32,32,61,1.0,0.9,0.53125,0.691192782003,2,1,0,0,0,0,0.0,0.0,0,32,15,305,258,352,0.732954545455,18,26,8,0.186046511628,35,1.0,1,10,1,35,1,10,32,0.914285714286,0.748528201711,32,32,61,1.0,0.9,0.53125,0.691192782003,2,1,0,0,0,0,0.0,0.0,0,32,15,305,258,352,0.732954545455,18,26,8,0.186046511628,35,1.0,1,10,1,35,1,10,32,0.914285714286,0.748528201711,32,32,61,1.0,0.9,0.53125,0.691192782003,2,1,0,0,0,0,0.0,0.0,0,32,15,305,258,352,0.732954545455,18,26,8,0.186046511628,35,1.0,1,10,1,35,1,10,32,0.914285714286,0.748528201711,32,32,61,1.0,0.9,0.53125,0.691192782003,2,1,0,0,0,0,0.0,0.0,0,32,15,305,258,352,0.732954545455,18,26,8,0.186046511628,35,1.0
MOT17-13-FRCNN,48,49,87,v_to_u,49,48,1,88,66,1,1,49,48,1,87,87,78,153,1,76,1,10,1,66,66,66,1.0,0.125109363532,0.008994507283,0.652971529136,0.033422739122,0.008634700168,-1.0,-1.0,17,480,-0.031679148003,1,"{""48"": 66}",66,1,10,1,30,0,10,30,1.0,0.816273923422,-1,156,156,,1.0,1.0,-0.0,1,0,0,30,0,0,0.0,-1.0,0,0,300,0,-300,300,-1.0,40,30,-10,-0.25,30,1.0,1,10,1,60,0,10,60,1.0,0.814173098529,-1,156,156,,1.0,1.0,-0.0,1,0,0,60,0,0,0.0,-1.0,0,0,600,0,-600,600,-1.0,70,60,-10,-0.142857142857,60,1.0,1,10,1,66,0,10,63,0.954545454545,0.815564846238,-1,156,156,,1.0,1.0,-0.0,1,0,0,63,0,0,0.0,-1.0,0,0,630,0,-630,630,-1.0,73,63,-10,-0.13698630137,66,1.0,1,10,1,66,0,10,63,0.954545454545,0.815564846238,-1,156,156,,1.0,1.0,-0.0,1,0,0,63,0,0,0.0,-1.0,0,0,630,0,-630,630,-1.0,73,63,-10,-0.13698630137,66,1.0,1,10,1,66,0,10,63,0.954545454545,0.815564846238,-1,156,156,,1.0,1.0,-0.0,1,0,0,63,0,0,0.0,-1.0,0,0,630,0,-630,630,-1.0,73,63,-10,-0.13698630137,66,1.0
MOT17-13-FRCNN,18,50,92,v_to_u,50,18,1,93,276,1,1,50,18,1,92,92,1,368,1,368,1,92,1,276,276,276,1.0,0.323036557473,0.133254543204,0.298463508013,0.074107972154,0.109316643817,-1.0,-1.0,18,492,0.300076777867,1,"{""18"": 276}",276,1,30,1,30,0,30,30,1.0,0.881699310103,-1,47,47,,1.0,1.0,-0.0,1,0,0,30,0,0,0.0,-1.0,0,0,900,0,-900,900,-1.0,60,30,-30,-0.5,30,1.0,1,60,1,60,0,60,60,1.0,0.871017526146,-1,47,47,,1.0,1.0,-0.0,1,0,0,60,0,0,0.0,-1.0,0,0,3600,0,-3600,3600,-1.0,120,60,-60,-0.5,60,1.0,1,92,1,120,0,91,120,1.0,0.866187453908,-1,47,47,,1.0,0.925,0.266384463268,2,0,0,111,0,0,0.0,-0.925,0,0,10101,819,-9282,10920,-0.85,202,111,-91,-0.431279620853,120,1.0,1,92,1,276,0,91,275,0.996376811594,0.874661697558,-1,47,49,,1.0,0.56,0.685929800252,2,0,0,121,0,0,0.0,-0.44,0,0,11011,14014,3003,25025,0.12,212,245,33,0.090163934426,276,1.0,1,92,1,276,0,91,275,0.996376811594,0.874661697558,-1,47,49,,1.0,0.56,0.685929800252,2,0,0,121,0,0,0.0,-0.44,0,0,11011,14014,3003,25025,0.12,212,245,33,0.090163934426,276,1.0
MOT17-13-FRCNN,41,54,107,v_to_u,54,41,1,108,3,1,1,54,41,1,107,107,66,110,1,45,1,42,1,3,3,3,1.0,0.067389480862,0.040759060647,0.806951059296,0.138611061825,0.02490767098,-1.0,-1.0,19,540,-0.10780664552,1,"{""41"": 3}",3,1,30,1,3,1,29,1,0.333333333333,0.609793470836,61,61,61,1.0,0.551724137931,1.0,-0.0,1,1,1,1,0,0,0.0,0.0,1,0,16,13,-2,30,-0.066666666667,17,16,-1,-0.032258064516,3,1.0,1,42,1,3,1,41,1,0.333333333333,0.609793470836,61,60,61,1.0,0.390243902439,1.0,-0.0,1,0,1,0,1,0,1.0,1.0,1,0,16,25,10,42,0.238095238095,17,18,1,0.023255813953,3,1.0,1,42,1,3,1,41,1,0.333333333333,0.609793470836,61,60,61,1.0,0.390243902439,1.0,-0.0,1,0,1,0,1,0,1.0,1.0,1,0,16,25,10,42,0.238095238095,17,18,1,0.023255813953,3,1.0,1,42,1,3,1,41,1,0.333333333333,0.609793470836,61,60,61,1.0,0.390243902439,1.0,-0.0,1,0,1,0,1,0,1.0,1.0,1,0,16,25,10,42,0.238095238095,17,18,1,0.023255813953,3,1.0,1,42,1,3,1,41,1,0.333333333333,0.609793470836,61,60,61,1.0,0.390243902439,1.0,-0.0,1,0,1,0,1,0,1.0,1.0,1,0,16,25,10,42,0.238095238095,17,18,1,0.023255813953,3,1.0
MOT17-13-FRCNN,24,41,110,v_to_u,41,24,1,111,74,45,45,41,24,1,66,110,15,184,45,170,45,96,1,74,74,74,1.0,0.133720635127,0.035692800713,0.643713796708,0.118187835431,0.026553284204,-1.0,-1.0,20,562,-0.003810501909,1,"{""24"": 74}",74,30,30,1,30,27,30,30,1.0,0.857849533659,61,34,34,0.62962962963,1.0,1.0,-0.0,1,0,0,30,0,30,-1.0,-1.0,0,810,900,0,-1710,1710,-1.0,77,47,-30,-0.344827586207,30,1.0,45,60,1,60,42,60,55,0.916666666667,0.822079742454,61,34,34,0.404761904762,1.0,1.0,-0.0,1,0,0,55,0,55,-1.0,-1.0,0,2310,3300,0,-5610,5610,-1.0,132,77,-55,-0.350318471338,60,1.0,45,96,1,74,42,91,61,0.824324324324,0.825963084748,61,34,34,0.404761904762,1.0,0.901639344262,0.321465962482,2,0,0,55,0,55,-0.901639344262,-0.901639344262,0,2562,5005,546,-7021,8113,-0.865401207938,163,108,-55,-0.283505154639,74,1.0,45,96,1,74,42,91,61,0.824324324324,0.825963084748,61,34,34,0.404761904762,1.0,0.901639344262,0.321465962482,2,0,0,55,0,55,-0.901639344262,-0.901639344262,0,2562,5005,546,-7021,8113,-0.865401207938,163,108,-55,-0.283505154639,74,1.0,45,96,1,74,42,91,61,0.824324324324,0.825963084748,61,34,34,0.404761904762,1.0,0.901639344262,0.321465962482,2,0,0,55,0,55,-0.901639344262,-0.901639344262,0,2562,5005,546,-7021,8113,-0.865401207938,163,108,-55,-0.283505154639,74,1.0
MOT17-13-FRCNN,32,41,110,v_to_u,41,32,1,111,34,35,35,41,32,1,66,110,42,144,45,79,45,45,1,34,34,34,1.0,0.714302025082,0.091716197626,0.0,0.240380908489,0.02620387819,-1.0,-1.0,21,565,0.763889553157,1,"{""32"": 34}",34,30,30,1,30,27,30,30,1.0,0.812006549245,61,32,32,0.62962962963,1.0,1.0,-0.0,1,0,0,30,0,30,-1.0,-1.0,0,810,900,0,-1710,1710,-1.0,77,47,-30,-0.344827586207,30,1.0,45,36,1,34,42,35,34,1.0,0.808827565152,61,32,32,0.404761904762,0.971428571429,0.941176470588,0.223718076066,2,0,0,32,0,32,-0.941176470588,-0.941176470588,288,1140,1088,102,-1838,2618,-0.702062643239,83,51,-32,-0.288288288288,34,1.0,45,45,1,34,42,40,34,1.0,0.808827565152,61,32,32,0.404761904762,0.85,0.941176470588,0.223718076066,2,0,0,32,0,32,-0.941176470588,-0.941176470588,288,1140,1088,272,-1668,2788,-0.598278335725,83,51,-32,-0.275862068966,34,1.0,45,45,1,34,42,40,34,1.0,0.808827565152,61,32,32,0.404761904762,0.85,0.941176470588,0.223718076066,2,0,0,32,0,32,-0.941176470588,-0.941176470588,288,1140,1088,272,-1668,2788,-0.598278335725,83,51,-32,-0.275862068966,34,1.0,45,45,1,34,42,40,34,1.0,0.808827565152,61,32,32,0.404761904762,0.85,0.941176470588,0.223718076066,2,0,0,32,0,32,-0.941176470588,-0.941176470588,288,1140,1088,272,-1668,2788,-0.598278335725,83,51,-32,-0.275862068966,34,1.0
MOT17-13-FRCNN,47,51,113,u_to_v,47,51,1,133,114,14,14,47,51,1,77,132,100,246,56,128,56,14,20,114,114,114,1.0,0.126614903168,0.027092977105,0.648453594445,0.063269779961,0.018798931788,-1.0,-1.0,22,585,-0.020518379992,1,"{""51"": 114}",114,30,11,1,30,26,9,25,0.833333333333,0.814919577299,167,167,167,0.769230769231,1.0,0.92,0.278769371769,2,1,23,23,0,0,0.0,0.0,472,178,207,18,105,875,0.12,38,43,5,0.083333333333,30,1.0,56,14,1,60,48,12,55,0.916666666667,0.835955635648,72,167,72,0.479166666667,1.0,0.581818181818,0.679698351488,2,0,32,23,32,23,0.163636363636,0.163636363636,1196,1444,276,384,-140,3300,-0.042424242424,58,67,9,0.078260869565,60,1.0,56,14,1,114,48,12,108,0.947368421053,0.812725100231,72,167,72,0.479166666667,1.0,0.787037037037,0.51785600705,2,0,85,23,85,23,0.574074074074,0.574074074074,2415,2769,276,1020,390,6480,0.060185185185,105,120,15,0.089285714286,114,1.0,56,14,1,114,48,12,108,0.947368421053,0.812725100231,72,167,72,0.479166666667,1.0,0.787037037037,0.51785600705,2,0,85,23,85,23,0.574074074074,0.574074074074,2415,2769,276,1020,390,6480,0.060185185185,105,120,15,0.089285714286,114,1.0,56,14,1,114,48,12,108,0.947368421053,0.812725100231,72,167,72,0.479166666667,1.0,0.787037037037,0.51785600705,2,0,85,23,85,23,0.574074074074,0.574074074074,2415,2769,276,1020,390,6480,0.060185185185,105,120,15,0.089285714286,114,1.0
MOT17-13-FRCNN,4,7,119,v_to_u,7,4,1,120,6,119,119,7,4,1,1,119,1,125,119,125,119,119,1,6,6,6,1.0,0.533413204291,0.051999534337,0.047091761639,0.156657896674,0.040362782389,-1.0,-1.0,23,587,0.554342215372,1,"{""4"": 6}",6,30,30,1,6,29,30,5,0.833333333333,0.885815756879,13,14,14,1.0,1.0,1.0,-0.0,1,0,0,5,0,5,-1.0,-1.0,0,145,150,0,-295,295,-1.0,64,59,-5,-0.078125,6,1.0,60,60,1,6,59,60,5,0.833333333333,0.885815756879,13,14,14,1.0,1.0,1.0,-0.0,1,0,0,5,0,5,-1.0,-1.0,0,295,300,0,-595,595,-1.0,124,119,-5,-0.040322580645,6,1.0,119,119,1,6,118,119,5,0.833333333333,0.885815756879,13,14,14,1.0,1.0,1.0,-0.0,1,0,0,5,0,5,-1.0,-1.0,0,590,595,0,-1185,1185,-1.0,242,237,-5,-0.020661157025,6,1.0,119,119,1,6,118,119,5,0.833333333333,0.885815756879,13,14,14,1.0,1.0,1.0,-0.0,1,0,0,5,0,5,-1.0,-1.0,0,590,595,0,-1185,1185,-1.0,242,237,-5,-0.020661157025,6,1.0,119,119,1,6,118,119,5,0.833333333333,0.885815756879,13,14,14,1.0,1.0,1.0,-0.0,1,0,0,5,0,5,-1.0,-1.0,0,590,595,0,-1185,1185,-1.0,242,237,-5,-0.020661157025,6,1.0
MOT17-13-FRCNN,34,57,122,v_to_u,57,34,1,123,54,1,1,57,34,1,122,122,46,176,1,131,1,77,1,54,54,54,1.0,0.125580435532,0.02243316428,0.640864715466,0.088553397341,0.023211572514,-1.0,-1.0,24,650,-0.017850955278,1,"{""34"": 54}",54,1,30,1,30,1,30,30,1.0,0.839708380036,145,145,145,1.0,0.866666666667,0.9,0.325082973391,2,1,27,27,0,0,0.0,0.0,27,3,714,186,-504,930,-0.541935483871,53,32,-21,-0.344262295082,30,1.0,1,60,1,54,1,46,54,1.0,0.821859730941,145,145,145,1.0,0.739130434783,0.944444444444,0.214559155176,2,1,51,51,0,0,0.0,0.0,51,3,1746,738,-960,2538,-0.378250591017,85,60,-25,-0.247524752475,54,1.0,1,77,1,54,1,63,54,1.0,0.821859730941,145,145,145,1.0,0.539682539683,0.944444444444,0.214559155176,2,1,51,51,0,0,0.0,0.0,51,3,1746,1656,-42,3456,-0.012152777778,85,77,-8,-0.067796610169,54,1.0,1,77,1,54,1,63,54,1.0,0.821859730941,145,145,145,1.0,0.539682539683,0.944444444444,0.214559155176,2,1,51,51,0,0,0.0,0.0,51,3,1746,1656,-42,3456,-0.012152777778,85,77,-8,-0.067796610169,54,1.0,1,77,1,54,1,63,54,1.0,0.821859730941,145,145,145,1.0,0.539682539683,0.944444444444,0.214559155176,2,1,51,51,0,0,0.0,0.0,51,3,1746,1656,-42,3456,-0.012152777778,85,77,-8,-0.067796610169,54,1.0
MOT17-13-FRCNN,56,58,122,v_to_u,58,56,1,123,40,1,1,58,56,1,122,122,117,162,1,46,1,6,1,40,40,40,1.0,0.713721447255,0.064910154917,0.0,0.012110068817,0.009324076875,-1.0,-1.0,25,673,0.732092400553,1,"{""56"": 40}",40,1,6,1,30,0,6,30,1.0,0.855775616136,-1,72,72,,1.0,1.0,-0.0,1,0,0,30,0,0,0.0,-1.0,0,0,180,0,-180,180,-1.0,36,30,-6,-0.166666666667,30,1.0,1,6,1,40,0,6,38,0.95,0.834226569239,-1,72,72,,1.0,1.0,-0.0,1,0,0,38,0,0,0.0,-1.0,0,0,228,0,-228,228,-1.0,44,38,-6,-0.136363636364,40,1.0,1,6,1,40,0,6,38,0.95,0.834226569239,-1,72,72,,1.0,1.0,-0.0,1,0,0,38,0,0,0.0,-1.0,0,0,228,0,-228,228,-1.0,44,38,-6,-0.136363636364,40,1.0,1,6,1,40,0,6,38,0.95,0.834226569239,-1,72,72,,1.0,1.0,-0.0,1,0,0,38,0,0,0.0,-1.0,0,0,228,0,-228,228,-1.0,44,38,-6,-0.136363636364,40,1.0,1,6,1,40,0,6,38,0.95,0.834226569239,-1,72,72,,1.0,1.0,-0.0,1,0,0,38,0,0,0.0,-1.0,0,0,228,0,-228,228,-1.0,44,38,-6,-0.136363636364,40,1.0
MOT17-13-FRCNN,20,37,129,v_to_u,37,20,1,130,3,76,76,37,20,1,54,129,1,132,76,132,76,129,1,3,3,3,1.0,0.382693648487,0.120779201891,0.199759071261,0.307927835893,0.147166455879,-1.0,-1.0,26,713,0.408458110322,1,"{""20"": 3}",3,30,30,1,3,28,30,2,0.666666666667,0.844097069717,132,16,16,1.0,1.0,1.0,-0.0,1,0,0,2,0,2,-1.0,-1.0,0,56,60,0,-116,116,-1.0,60,58,-2,-0.033333333333,3,1.0,60,60,1,3,58,60,2,0.666666666667,0.844097069717,132,16,16,1.0,1.0,1.0,-0.0,1,0,0,2,0,2,-1.0,-1.0,0,116,120,0,-236,236,-1.0,120,118,-2,-0.016666666667,3,1.0,76,120,1,3,74,120,2,0.666666666667,0.844097069717,132,16,16,1.0,1.0,1.0,-0.0,1,0,0,2,0,2,-1.0,-1.0,0,148,240,0,-388,388,-1.0,196,194,-2,-0.010204081633,3,1.0,76,129,1,3,74,129,2,0.666666666667,0.844097069717,132,16,16,1.0,1.0,1.0,-0.0,1,0,0,2,0,2,-1.0,-1.0,0,148,258,0,-406,406,-1.0,205,203,-2,-0.009756097561,3,1.0,76,129,1,3,74,129,2,0.666666666667,0.844097069717,132,16,16,1.0,1.0,1.0,-0.0,1,0,0,2,0,2,-1.0,-1.0,0,148,258,0,-406,406,-1.0,205,203,-2,-0.009756097561,3,1.0
MOT17-13-FRCNN,34,60,131,v_to_u,60,34,1,132,45,1,1,60,34,1,131,131,46,176,1,131,1,86,1,45,45,45,1.0,0.069472226236,0.011635992638,0.773690998801,0.000462855829,0.013873572266,-1.0,-1.0,27,747,-0.119607882495,1,"{""34"": 45}",45,1,30,1,30,1,30,30,1.0,0.807184838199,145,145,145,1.0,0.766666666667,1.0,-0.0,1,1,30,30,0,0,0.0,0.0,30,0,690,210,-450,930,-0.483870967742,53,38,-15,-0.245901639344,30,1.0,1,60,1,45,1,47,45,1.0,0.81378202402,145,145,145,1.0,0.851063829787,1.0,-0.0,1,1,45,45,0,0,0.0,0.0,45,0,1800,315,-1440,2160,-0.666666666667,85,53,-32,-0.344086021505,45,1.0,1,86,1,45,1,72,45,1.0,0.81378202402,145,145,145,1.0,0.555555555556,1.0,-0.0,1,1,45,45,0,0,0.0,0.0,45,0,1800,1440,-315,3285,-0.095890410959,85,71,-14,-0.118644067797,45,1.0,1,86,1,45,1,72,45,1.0,0.81378202402,145,145,145,1.0,0.555555555556,1.0,-0.0,1,1,45,45,0,0,0.0,0.0,45,0,1800,1440,-315,3285,-0.095890410959,85,71,-14,-0.118644067797,45,1.0,1,86,1,45,1,72,45,1.0,0.81378202402,145,145,145,1.0,0.555555555556,1.0,-0.0,1,1,45,45,0,0,0.0,0.0,45,0,1800,1440,-315,3285,-0.095890410959,85,71,-14,-0.118644067797,45,1.0
MOT17-13-FRCNN,16,30,135,v_to_u,30,16,1,136,3,101,101,30,16,1,35,135,1,138,101,138,101,135,1,3,3,3,1.0,0.372936784199,0.086936248602,0.278014294232,0.044515864108,0.098146689226,-1.0,-1.0,28,821,0.339433528125,1,"{""16"": 3}",3,30,30,1,3,30,30,2,0.666666666667,0.716313277278,38,15,15,1.0,1.0,0.5,0.69314718056,2,0,1,1,1,1,0.0,0.0,30,30,30,30,0,120,0.0,61,61,0,0.0,3,1.0,60,60,1,3,52,60,2,0.666666666667,0.716313277278,38,15,15,1.0,1.0,0.5,0.69314718056,2,0,1,1,1,1,0.0,0.0,52,52,60,60,0,224,0.0,113,113,0,0.0,3,1.0,101,120,1,3,93,120,2,0.666666666667,0.716313277278,38,15,15,1.0,1.0,0.5,0.69314718056,2,0,1,1,1,1,0.0,0.0,93,93,120,120,0,426,0.0,214,214,0,0.0,3,1.0,101,135,1,3,93,135,2,0.666666666667,0.716313277278,38,15,15,1.0,1.0,0.5,0.69314718056,2,0,1,1,1,1,0.0,0.0,93,93,135,135,0,456,0.0,229,229,0,0.0,3,1.0,101,135,1,3,93,135,2,0.666666666667,0.716313277278,38,15,15,1.0,1.0,0.5,0.69314718056,2,0,1,1,1,1,0.0,0.0,93,93,135,135,0,456,0.0,229,229,0,0.0,3,1.0
MOT17-13-FRCNN,21,35,142,v_to_u,35,21,1,143,2,96,96,35,21,1,47,142,1,144,96,144,96,142,1,2,2,2,1.0,0.874446247781,0.740042290332,0.225046647923,0.358420991526,0.456782148132,-1.0,-1.0,29,876,1.084715472349,1,"{""21"": 2}",2,30,30,1,2,30,30,2,1.0,0.811973299556,19,36,36,1.0,1.0,1.0,-0.0,1,0,0,2,0,2,-1.0,-1.0,0,60,60,0,-120,120,-1.0,62,60,-2,-0.032258064516,2,1.0,60,60,1,2,60,60,2,1.0,0.811973299556,19,36,36,1.0,1.0,1.0,-0.0,1,0,0,2,0,2,-1.0,-1.0,0,120,120,0,-240,240,-1.0,122,120,-2,-0.016393442623,2,1.0,96,120,1,2,96,120,2,1.0,0.811973299556,19,36,36,1.0,1.0,1.0,-0.0,1,0,0,2,0,2,-1.0,-1.0,0,192,240,0,-432,432,-1.0,218,216,-2,-0.009174311927,2,1.0,96,142,1,2,96,142,2,1.0,0.811973299556,19,36,36,1.0,1.0,1.0,-0.0,1,0,0,2,0,2,-1.0,-1.0,0,192,284,0,-476,476,-1.0,240,238,-2,-0.008333333333,2,1.0,96,142,1,2,96,142,2,1.0,0.811973299556,19,36,36,1.0,1.0,1.0,-0.0,1,0,0,2,0,2,-1.0,-1.0,0,192,284,0,-476,476,-1.0,240,238,-2,-0.008333333333,2,1.0
MOT17-13-FRCNN,24,32,144,v_to_u,32,24,1,145,40,79,103,32,24,1,42,144,15,184,79,170,79,130,1,40,40,40,1.0,0.053769405567,0.027192317046,0.914239468049,0.00565011807,0.009857299482,-1.0,-1.0,30,924,-0.166441640429,1,"{""24"": 40}",40,30,30,1,30,30,28,23,0.766666666667,0.77868568361,32,34,34,0.933333333333,1.0,1.0,-0.0,1,0,0,23,0,23,-1.0,-1.0,46,644,644,0,-1242,1334,-0.931034482759,79,56,-23,-0.283950617284,30,1.0,60,60,1,40,60,58,29,0.725,0.795832174403,32,34,34,0.966666666667,1.0,0.793103448276,0.509815699582,2,0,0,23,0,23,-0.793103448276,-0.793103448276,46,1694,1334,348,-2634,3422,-0.769725306838,139,116,-23,-0.156462585034,40,1.0,79,120,1,40,74,116,29,0.725,0.795832174403,32,34,34,0.891891891892,1.0,0.793103448276,0.509815699582,2,0,0,23,0,23,-0.793103448276,-0.793103448276,46,2100,2668,696,-4026,5510,-0.730671506352,205,182,-23,-0.10502283105,40,1.0,79,130,1,40,74,123,29,0.725,0.795832174403,32,34,34,0.891891891892,1.0,0.793103448276,0.509815699582,2,0,0,23,0,23,-0.793103448276,-0.793103448276,46,2100,2829,738,-4145,5713,-0.725538246105,212,189,-23,-0.101769911504,40,1.0,79,130,1,40,74,123,29,0.725,0.795832174403,32,34,34,0.891891891892,1.0,0.793103448276,0.509815699582,2,0,0,23,0,23,-0.793103448276,-0.793103448276,46,2100,2829,738,-4145,5713,-0.725538246105,212,189,-23,-0.101769911504,40,1.0
MOT17-13-FRCNN,32,55,144,u_to_v,32,55,1,145,41,30,30,32,55,1,42,144,115,185,79,71,79,30,1,41,41,41,1.0,0.902260030404,0.132240359174,0.0,0.000465441014,0.064885858485,-1.0,-1.0,31,935,0.941855250147,1,"{""55"": 41}",41,30,30,1,30,30,30,19,0.633333333333,0.673789139047,32,152,152,0.933333333333,0.7,1.0,-0.0,1,0,0,19,0,19,-1.0,-1.0,0,570,399,171,-798,1140,-0.7,68,49,-19,-0.240506329114,30,1.0,60,30,1,41,60,30,19,0.463414634146,0.673789139047,32,152,152,0.966666666667,0.7,1.0,-0.0,1,0,0,19,0,19,-1.0,-1.0,0,1140,399,171,-1368,1710,-0.8,98,79,-19,-0.174311926606,41,1.0,79,30,1,41,74,30,19,0.463414634146,0.673789139047,32,152,152,0.891891891892,0.7,1.0,-0.0,1,0,0,19,0,19,-1.0,-1.0,0,1406,399,171,-1634,1976,-0.826923076923,106,87,-19,-0.154471544715,41,1.0,79,30,1,41,74,30,19,0.463414634146,0.673789139047,32,152,152,0.891891891892,0.7,1.0,-0.0,1,0,0,19,0,19,-1.0,-1.0,0,1406,399,171,-1634,1976,-0.826923076923,106,87,-19,-0.154471544715,41,1.0,79,30,1,41,74,30,19,0.463414634146,0.673789139047,32,152,152,0.891891891892,0.7,1.0,-0.0,1,0,0,19,0,19,-1.0,-1.0,0,1406,399,171,-1634,1976,-0.826923076923,106,87,-19,-0.154471544715,41,1.0
MOT17-13-FRCNN,6,8,146,v_to_u,8,6,1,147,97,146,146,8,6,1,1,146,1,243,146,243,146,146,1,97,97,97,1.0,2.660930223043,1.805239579669,0.0,0.949663475145,1.058660237656,-1.0,-1.0,32,938,3.313072489241,1,"{""6"": 97}",97,30,30,1,30,29,30,30,1.0,0.834504027975,2,4,4,1.0,1.0,1.0,-0.0,1,0,0,30,0,30,-1.0,-1.0,0,870,900,0,-1770,1770,-1.0,89,59,-30,-0.337078651685,30,1.0,60,60,1,60,59,60,60,1.0,0.826301538016,2,4,4,1.0,1.0,1.0,-0.0,1,0,0,60,0,60,-1.0,-1.0,0,3540,3600,0,-7140,7140,-1.0,179,119,-60,-0.335195530726,60,1.0,120,120,1,97,119,119,97,1.0,0.863474114312,2,4,4,1.0,1.0,1.0,-0.0,1,0,0,97,0,97,-1.0,-1.0,0,11543,11543,0,-23086,23086,-1.0,335,238,-97,-0.289552238806,97,1.0,146,146,1,97,145,145,97,1.0,0.863474114312,2,4,4,1.0,1.0,1.0,-0.0,1,0,0,97,0,97,-1.0,-1.0,0,14065,14065,0,-28130,28130,-1.0,387,290,-97,-0.250645994832,97,1.0,146,146,1,97,145,145,97,1.0,0.863474114312,2,4,4,1.0,1.0,1.0,-0.0,1,0,0,97,0,97,-1.0,-1.0,0,14065,14065,0,-28130,28130,-1.0,387,290,-97,-0.250645994832,97,1.0
MOT17-13-FRCNN,24,62,147,v_to_u,62,24,1,148,37,1,1,62,24,1,147,147,15,184,1,170,1,133,1,37,37,37,1.0,0.567881022432,0.068332707144,0.031082482109,0.101709210825,0.085981192496,-1.0,-1.0,33,969,0.595962619023,1,"{""24"": 37}",37,1,30,1,30,1,28,21,0.7,0.773385950363,32,34,34,1.0,1.0,0.952380952381,0.191444081958,2,0,0,20,0,20,-0.952380952381,-0.952380952381,0,21,560,28,-553,609,-0.908045977011,49,29,-20,-0.4,30,1.0,1,60,1,37,1,58,26,0.702702702703,0.792761698044,32,34,34,1.0,1.0,0.769230769231,0.540204142389,2,0,0,20,0,20,-0.769230769231,-0.769230769231,0,26,1160,348,-838,1534,-0.54628422425,79,64,-15,-0.176470588235,37,1.0,1,120,1,37,1,116,26,0.702702702703,0.792761698044,32,34,34,1.0,1.0,0.769230769231,0.540204142389,2,0,0,20,0,20,-0.769230769231,-0.769230769231,0,26,2320,696,-1650,3042,-0.542406311637,137,122,-15,-0.104895104895,37,1.0,1,133,1,37,1,126,26,0.702702702703,0.792761698044,32,34,34,1.0,1.0,0.769230769231,0.540204142389,2,0,0,20,0,20,-0.769230769231,-0.769230769231,0,26,2520,756,-1790,3302,-0.542095699576,147,132,-15,-0.098039215686,37,1.0,1,133,1,37,1,126,26,0.702702702703,0.792761698044,32,34,34,1.0,1.0,0.769230769231,0.540204142389,2,0,0,20,0,20,-0.769230769231,-0.769230769231,0,26,2520,756,-1790,3302,-0.542095699576,147,132,-15,-0.098039215686,37,1.0
MOT17-13-FRCNN,48,59,153,u_to_v,48,59,1,154,67,30,30,48,59,1,78,153,124,220,76,97,76,30,1,67,67,67,1.0,0.123823936748,0.015638731766,0.641416574787,0.025094253586,0.003031997855,-1.0,-1.0,34,1004,-0.029807898863,1,"{""59"": 67}",67,30,30,1,30,27,28,12,0.4,0.792087085812,156,40,40,1.0,0.964285714286,1.0,-0.0,1,0,0,12,0,12,-1.0,-1.0,0,324,324,12,-636,660,-0.963636363636,66,54,-12,-0.179104477612,30,1.0,60,30,1,60,57,28,37,0.616666666667,0.802793491942,156,40,138,1.0,0.964285714286,0.459459459459,1.053646588864,3,0,0,12,0,12,-0.324324324324,-0.324324324324,0,2109,324,712,-1721,3145,-0.547217806041,96,84,-12,-0.098360655738,60,1.0,76,30,1,67,73,28,43,0.641791044776,0.806252860306,156,40,138,1.0,0.964285714286,0.395348837209,1.088402225902,3,0,0,12,0,12,-0.279069767442,-0.279069767442,0,3139,324,880,-2583,4343,-0.594750172692,112,100,-12,-0.083333333333,67,1.0,76,30,1,67,73,28,43,0.641791044776,0.806252860306,156,40,138,1.0,0.964285714286,0.395348837209,1.088402225902,3,0,0,12,0,12,-0.279069767442,-0.279069767442,0,3139,324,880,-2583,4343,-0.594750172692,112,100,-12,-0.083333333333,67,1.0,76,30,1,67,73,28,43,0.641791044776,0.806252860306,156,40,138,1.0,0.964285714286,0.395348837209,1.088402225902,3,0,0,12,0,12,-0.279069767442,-0.279069767442,0,3139,324,880,-2583,4343,-0.594750172692,112,100,-12,-0.083333333333,67,1.0
MOT17-13-FRCNN,38,42,154,v_to_u,42,38,1,155,156,65,88,42,38,1,67,154,56,310,65,255,65,99,1,156,156,156,1.0,1.489457211078,0.035753321739,0.0,0.058721321165,0.085344273315,-1.0,-1.0,35,1018,1.512802100961,1,"{""38"": 156}",156,24,30,1,30,20,30,30,1.0,0.858194486822,162,62,62,1.0,1.0,1.0,-0.0,1,0,0,30,0,30,-1.0,-1.0,0,600,900,0,-1500,1500,-1.0,80,50,-30,-0.375,30,1.0,37,60,1,60,33,60,60,1.0,0.82076560077,162,62,62,0.606060606061,1.0,0.75,0.562335144619,2,0,0,45,0,45,-0.75,-0.75,0,1980,2700,900,-3780,5580,-0.677419354839,125,80,-45,-0.294117647059,60,1.0,65,99,1,120,61,97,120,1.0,0.844760842925,67,62,168,0.672131147541,1.0,0.625,0.661563238158,2,0,0,45,0,45,-0.375,-0.375,0,7320,4365,7275,-4410,18960,-0.232594936709,183,172,-11,-0.039568345324,120,1.0,65,99,1,156,61,97,152,0.974358974359,0.839288792186,67,62,168,0.672131147541,1.0,0.703947368421,0.607482512115,2,0,0,45,0,45,-0.296052631579,-0.296052631579,0,9272,4365,10379,-3258,24016,-0.135659560293,183,204,21,0.067741935484,156,1.0,65,99,1,156,61,97,152,0.974358974359,0.839288792186,67,62,168,0.672131147541,1.0,0.703947368421,0.607482512115,2,0,0,45,0,45,-0.296052631579,-0.296052631579,0,9272,4365,10379,-3258,24016,-0.135659560293,183,204,21,0.067741935484,156,1.0
MOT17-13-FRCNN,12,14,155,v_to_u,14,12,1,156,222,155,155,14,12,1,1,155,1,377,155,377,155,155,1,222,222,222,1.0,7.583405341802,1.324513380259,0.0,0.529578094584,0.780478036163,-1.0,-1.0,36,1033,8.045539299942,1,"{""12"": 222}",222,30,30,1,30,29,30,30,1.0,0.792602135383,35,49,18,1.0,0.633333333333,1.0,-0.0,1,0,0,0,0,0,0.0,0.0,0,870,330,570,-630,1770,-0.35593220339,70,49,-21,-0.23595505618,30,1.0,60,60,1,60,59,60,60,1.0,0.814908051329,35,49,18,1.0,0.816666666667,1.0,-0.0,1,0,0,0,0,0,0.0,0.0,0,3540,660,2940,-1260,7140,-0.176470588235,130,109,-21,-0.117318435754,60,1.0,120,120,1,120,119,120,120,1.0,0.852166576073,35,49,18,1.0,0.908333333333,1.0,-0.0,1,0,0,0,0,0,0.0,0.0,0,14280,1320,13080,-2520,28680,-0.087866108787,250,229,-21,-0.058495821727,120,1.0,155,155,1,222,154,155,219,0.986486486486,0.882725494374,35,49,18,1.0,0.929032258065,1.0,-0.0,1,0,0,0,0,0,0.0,0.0,0,33726,2409,31536,-4599,67671,-0.067961165049,384,363,-21,-0.039772727273,222,1.0,155,155,1,222,154,155,219,0.986486486486,0.882725494374,35,49,18,1.0,0.929032258065,1.0,-0.0,1,0,0,0,0,0,0.0,0.0,0,33726,2409,31536,-4599,67671,-0.067961165049,384,363,-21,-0.039772727273,222,1.0
MOT17-13-FRCNN,55,61,155,v_to_u,61,55,1,156,30,11,11,61,55,1,145,155,115,185,11,71,11,41,1,30,30,30,1.0,0.143972960935,0.016615656551,0.589615806313,0.068535100822,0.033534616177,-1.0,-1.0,37,1065,0.010929895195,1,"{""55"": 30}",30,11,30,1,30,5,29,9,0.3,0.641121456089,150,152,152,1.0,1.0,1.0,-0.0,1,0,0,9,0,9,-1.0,-1.0,0,45,261,0,-306,306,-1.0,43,34,-9,-0.209302325581,30,1.0,11,41,1,30,5,40,9,0.3,0.641121456089,150,152,152,1.0,0.775,1.0,-0.0,1,0,0,9,0,9,-1.0,-1.0,0,45,279,81,-243,405,-0.6,45,36,-9,-0.166666666667,30,1.0,11,41,1,30,5,40,9,0.3,0.641121456089,150,152,152,1.0,0.775,1.0,-0.0,1,0,0,9,0,9,-1.0,-1.0,0,45,279,81,-243,405,-0.6,45,36,-9,-0.166666666667,30,1.0,11,41,1,30,5,40,9,0.3,0.641121456089,150,152,152,1.0,0.775,1.0,-0.0,1,0,0,9,0,9,-1.0,-1.0,0,45,279,81,-243,405,-0.6,45,36,-9,-0.166666666667,30,1.0,11,41,1,30,5,40,9,0.3,0.641121456089,150,152,152,1.0,0.775,1.0,-0.0,1,0,0,9,0,9,-1.0,-1.0,0,45,279,81,-243,405,-0.6,45,36,-9,-0.166666666667,30,1.0
MOT17-13-FRCNN,15,17,156,v_to_u,17,15,1,157,66,156,156,17,15,1,1,156,1,222,156,222,156,156,1,66,66,66,1.0,5.814556602056,1.316231044406,0.0,0.79698030507,0.745315967468,-1.0,-1.0,38,1073,6.297843990411,1,"{""15"": 66}",66,30,30,1,30,29,30,30,1.0,0.880572567547,17,50,50,1.0,1.0,1.0,-0.0,1,0,0,30,0,30,-1.0,-1.0,0,870,900,0,-1770,1770,-1.0,89,59,-30,-0.337078651685,30,1.0,60,60,1,60,59,60,60,1.0,0.828588785451,17,50,50,1.0,1.0,0.733333333333,0.579915171418,2,0,0,44,0,44,-0.733333333333,-0.733333333333,0,3540,2640,960,-5220,7140,-0.731092436975,163,119,-44,-0.245810055866,60,1.0,120,120,1,66,119,120,65,0.984848484848,0.820571821657,17,50,50,1.0,1.0,0.676923076923,0.629167037825,2,0,0,44,0,44,-0.676923076923,-0.676923076923,0,7735,5280,2520,-10495,15535,-0.675571290634,283,239,-44,-0.144736842105,66,1.0,156,156,1,66,155,156,65,0.984848484848,0.820571821657,17,50,50,1.0,1.0,0.676923076923,0.629167037825,2,0,0,44,0,44,-0.676923076923,-0.676923076923,0,10075,6864,3276,-13663,20215,-0.675884244373,355,311,-44,-0.117021276596,66,1.0,156,156,1,66,155,156,65,0.984848484848,0.820571821657,17,50,50,1.0,1.0,0.676923076923,0.629167037825,2,0,0,44,0,44,-0.676923076923,-0.676923076923,0,10075,6864,3276,-13663,20215,-0.675884244373,355,311,-44,-0.117021276596,66,1.0
MOT17-13-FRCNN,27,56,162,v_to_u,56,27,1,163,126,46,46,56,27,1,117,162,23,288,46,266,46,140,1,126,126,126,1.0,2.060664821518,0.593844938507,0.0,0.311346215034,0.364158608426,-1.0,-1.0,39,1096,2.276676538491,1,"{""27"": 126}",126,30,30,1,30,28,30,30,1.0,0.861904548853,72,33,33,1.0,1.0,1.0,-0.0,1,0,0,30,0,30,-1.0,-1.0,0,840,900,0,-1740,1740,-1.0,88,58,-30,-0.340909090909,30,1.0,46,60,1,60,44,60,60,1.0,0.87748946264,72,33,33,1.0,1.0,1.0,-0.0,1,0,0,60,0,60,-1.0,-1.0,0,2640,3600,0,-6240,6240,-1.0,164,104,-60,-0.365853658537,60,1.0,46,120,1,120,44,120,120,1.0,0.895693961656,72,33,33,1.0,1.0,1.0,-0.0,1,0,0,120,0,120,-1.0,-1.0,0,5280,14400,0,-19680,19680,-1.0,284,164,-120,-0.422535211268,120,1.0,46,140,1,126,44,140,126,1.0,0.894422554752,72,33,33,1.0,1.0,1.0,-0.0,1,0,0,126,0,126,-1.0,-1.0,0,5544,17640,0,-23184,23184,-1.0,310,184,-126,-0.406451612903,126,1.0,46,140,1,126,44,140,126,1.0,0.894422554752,72,33,33,1.0,1.0,1.0,-0.0,1,0,0,126,0,126,-1.0,-1.0,0,5544,17640,0,-23184,23184,-1.0,310,184,-126,-0.406451612903,126,1.0
MOT17-13-FRCNN,51,56,162,v_to_u,56,51,1,163,84,30,30,56,51,1,117,162,100,246,46,128,46,44,1,84,84,84,1.0,0.029362452826,0.021532624895,0.927428377778,0.039399528629,0.006560709881,-1.0,-1.0,40,1101,-0.192515461544,1,"{""51"": 84}",84,30,30,1,30,28,25,30,1.0,0.853485684273,72,167,72,1.0,0.92,1.0,-0.0,1,0,30,0,30,0,1.0,1.0,840,0,60,690,1470,1590,0.924528301887,51,81,30,0.361445783133,30,1.0,46,41,1,60,44,34,60,1.0,0.837820769956,72,167,72,1.0,0.941176470588,1.0,-0.0,1,0,60,0,60,0,1.0,1.0,2640,0,120,1920,4440,4680,0.948717948718,76,136,60,0.434782608696,60,1.0,46,44,1,84,44,37,83,0.988095238095,0.812064113162,72,167,72,1.0,0.945945945946,1.0,-0.0,1,0,83,0,83,0,1.0,1.0,3652,0,166,2905,6391,6723,0.950617283951,85,162,77,0.469512195122,84,1.0,46,44,1,84,44,37,83,0.988095238095,0.812064113162,72,167,72,1.0,0.945945945946,1.0,-0.0,1,0,83,0,83,0,1.0,1.0,3652,0,166,2905,6391,6723,0.950617283951,85,162,77,0.469512195122,84,1.0,46,44,1,84,44,37,83,0.988095238095,0.812064113162,72,167,72,1.0,0.945945945946,1.0,-0.0,1,0,83,0,83,0,1.0,1.0,3652,0,166,2905,6391,6723,0.950617283951,85,162,77,0.469512195122,84,1.0
MOT17-13-FRCNN,59,63,164,v_to_u,63,59,1,165,56,12,12,63,59,1,153,164,124,220,12,97,12,41,1,56,56,56,1.0,0.549954724046,0.035115579585,0.046037352302,0.025417669842,0.026139104323,-1.0,-1.0,41,1126,0.552379958283,1,"{""59"": 56}",56,12,30,1,30,8,29,8,0.266666666667,0.806743198921,32,40,138,1.0,1.0,0.875,0.376770161256,2,0,0,1,0,1,-0.125,-0.125,0,64,29,203,110,296,0.371621621622,38,37,-1,-0.022222222222,30,1.0,12,41,1,56,8,39,32,0.571428571429,0.809431052074,32,40,138,1.0,0.974358974359,0.53125,0.806003732063,3,0,0,1,0,1,-0.03125,-0.03125,0,256,38,1210,916,1504,0.609042553191,47,55,8,0.101265822785,56,1.0,12,41,1,56,8,39,32,0.571428571429,0.809431052074,32,40,138,1.0,0.974358974359,0.53125,0.806003732063,3,0,0,1,0,1,-0.03125,-0.03125,0,256,38,1210,916,1504,0.609042553191,47,55,8,0.101265822785,56,1.0,12,41,1,56,8,39,32,0.571428571429,0.809431052074,32,40,138,1.0,0.974358974359,0.53125,0.806003732063,3,0,0,1,0,1,-0.03125,-0.03125,0,256,38,1210,916,1504,0.609042553191,47,55,8,0.101265822785,56,1.0,12,41,1,56,8,39,32,0.571428571429,0.809431052074,32,40,138,1.0,0.974358974359,0.53125,0.806003732063,3,0,0,1,0,1,-0.03125,-0.03125,0,256,38,1210,916,1504,0.609042553191,47,55,8,0.101265822785,56,1.0
MOT17-13-FRCNN,40,65,170,v_to_u,65,40,1,171,62,11,11,65,40,1,160,170,62,232,11,171,11,109,1,62,62,62,1.0,0.417894735461,0.095659578461,0.182999552006,0.081146257537,0.018952829072,-1.0,-1.0,42,1141,0.406069650736,1,"{""40"": 62}",62,11,30,1,30,11,28,30,1.0,0.747452014627,162,64,158,1.0,0.964285714286,1.0,-0.0,1,0,0,0,0,0,0.0,0.0,0,330,30,810,450,1170,0.384615384615,42,57,15,0.217391304348,30,1.0,11,60,1,60,11,58,54,0.9,0.771467025819,162,64,158,1.0,0.98275862069,0.555555555556,0.686961576597,2,0,0,0,0,0,0.0,0.0,0,594,30,3102,2478,3726,0.665056360709,68,87,19,0.154471544715,60,1.0,11,109,1,62,11,106,55,0.887096774194,0.773581211881,162,64,158,1.0,0.990566037736,0.545454545455,0.689009238477,2,0,0,0,0,0,0.0,0.0,0,605,30,5800,5165,6435,0.802641802642,116,135,19,0.110465116279,62,1.0,11,109,1,62,11,106,55,0.887096774194,0.773581211881,162,64,158,1.0,0.990566037736,0.545454545455,0.689009238477,2,0,0,0,0,0,0.0,0.0,0,605,30,5800,5165,6435,0.802641802642,116,135,19,0.110465116279,62,1.0,11,109,1,62,11,106,55,0.887096774194,0.773581211881,162,64,158,1.0,0.990566037736,0.545454545455,0.689009238477,2,0,0,0,0,0,0.0,0.0,0,605,30,5800,5165,6435,0.802641802642,116,135,19,0.110465116279,62,1.0
MOT17-13-FRCNN,24,34,176,v_to_u,34,24,1,177,8,131,131,34,24,1,46,176,15,184,131,170,131,162,1,8,8,8,1.0,0.08258609449,6.6947891e-05,0.763420897731,0.084207924402,0.002276227802,-1.0,-1.0,43,1157,-0.09960397775,1,"{""24"": 8}",8,30,30,1,8,30,21,6,0.75,0.861560389109,145,34,145,1.0,1.0,1.0,-0.0,1,0,6,0,6,0,1.0,1.0,180,0,0,126,306,306,1.0,51,57,6,0.105263157895,8,1.0,60,60,1,8,60,49,6,0.75,0.861560389109,145,34,145,0.933333333333,1.0,1.0,-0.0,1,0,6,0,6,0,1.0,1.0,336,24,0,294,606,654,0.926605504587,105,111,6,0.052173913043,8,1.0,120,120,1,8,106,109,6,0.75,0.861560389109,145,34,145,0.801886792453,1.0,1.0,-0.0,1,0,6,0,6,0,1.0,1.0,510,126,0,654,1038,1290,0.804651162791,194,200,6,0.027149321267,8,1.0,131,162,1,8,117,146,6,0.75,0.861560389109,145,34,145,0.726495726496,1.0,1.0,-0.0,1,0,6,0,6,0,1.0,1.0,510,192,0,876,1194,1578,0.756653992395,231,237,6,0.022304832714,8,1.0,131,162,1,8,117,146,6,0.75,0.861560389109,145,34,145,0.726495726496,1.0,1.0,-0.0,1,0,6,0,6,0,1.0,1.0,510,192,0,876,1194,1578,0.756653992395,231,237,6,0.022304832714,8,1.0
MOT17-13-FRCNN,34,66,176,u_to_v,34,66,1,177,111,16,16,34,66,1,46,176,161,287,131,127,131,16,1,111,111,111,1.0,1.013978793276,0.086434318985,0.0,0.122254049993,0.095938971809,-1.0,-1.0,44,1168,1.057406675202,1,"{""66"": 111}",111,30,16,1,30,30,10,19,0.633333333333,0.816288525502,145,32,133,1.0,0.9,0.684210526316,0.765937336579,3,0,0,0,0,0,0.0,0.0,0,570,5,185,-390,760,-0.513157894737,43,39,-4,-0.067796610169,30,1.0,60,16,1,60,60,10,49,0.816666666667,0.810629970516,145,32,138,0.933333333333,0.9,0.632653061224,0.87457265427,3,0,0,0,0,0,0.0,0.0,0,2940,5,485,-2460,3430,-0.717201166181,87,65,-22,-0.18487394958,60,1.0,120,16,1,111,106,10,90,0.810810810811,0.819815029144,145,32,138,0.801886792453,0.9,0.666666666667,0.988631777439,5,0,0,0,0,0,0.0,0.0,0,9540,8,892,-8656,10440,-0.829118773946,145,94,-51,-0.247572815534,111,1.0,131,16,1,111,117,10,90,0.810810810811,0.819815029144,145,32,138,0.726495726496,0.9,0.666666666667,0.988631777439,5,0,0,0,0,0,0.0,0.0,0,10530,8,892,-9646,11430,-0.843919510061,145,94,-51,-0.235023041475,111,1.0,131,16,1,111,117,10,90,0.810810810811,0.819815029144,145,32,138,0.726495726496,0.9,0.666666666667,0.988631777439,5,0,0,0,0,0,0.0,0.0,0,10530,8,892,-9646,11430,-0.843919510061,145,94,-51,-0.235023041475,111,1.0
MOT17-13-FRCNN,34,67,176,u_to_v,34,67,1,177,79,13,13,34,67,1,46,176,164,255,131,92,131,13,1,79,79,79,1.0,2.343774287756,0.235418423959,0.0,0.074836569636,0.1647951573,-1.0,-1.0,45,1169,2.426592066439,1,"{""67"": 79}",79,30,13,1,30,30,13,30,1.0,0.80587911079,145,150,150,1.0,1.0,1.0,-0.0,1,0,0,30,0,30,-1.0,-1.0,0,900,390,0,-1290,1290,-1.0,73,43,-30,-0.41095890411,30,1.0,60,13,1,60,60,13,60,1.0,0.830202950228,145,150,150,0.933333333333,1.0,1.0,-0.0,1,0,0,60,0,60,-1.0,-1.0,0,3600,780,0,-4380,4380,-1.0,129,69,-60,-0.451127819549,60,1.0,120,13,1,79,106,13,77,0.974683544304,0.823778089649,145,150,150,0.801886792453,1.0,1.0,-0.0,1,0,0,77,0,77,-1.0,-1.0,0,8162,1001,0,-9163,9163,-1.0,175,98,-77,-0.392857142857,79,1.0,131,13,1,79,117,13,77,0.974683544304,0.823778089649,145,150,150,0.726495726496,1.0,1.0,-0.0,1,0,0,77,0,77,-1.0,-1.0,0,9009,1001,0,-10010,10010,-1.0,175,98,-77,-0.371980676329,79,1.0,131,13,1,79,117,13,77,0.974683544304,0.823778089649,145,150,150,0.726495726496,1.0,1.0,-0.0,1,0,0,77,0,77,-1.0,-1.0,0,9009,1001,0,-10010,10010,-1.0,175,98,-77,-0.371980676329,79,1.0
MOT17-13-FRCNN,24,27,184,u_to_v,24,27,1,185,104,162,162,24,27,1,15,184,23,288,170,266,170,162,1,104,104,104,1.0,0.741286465695,0.497515219723,0.108508629972,0.397736213125,0.2498663519,-1.0,-1.0,46,1176,0.903298369635,1,"{""27"": 104}",104,30,30,1,30,19,30,30,1.0,0.884032115772,34,33,33,0.684210526316,1.0,1.0,-0.0,1,0,0,30,0,30,-1.0,-1.0,0,570,900,0,-1470,1470,-1.0,73,43,-30,-0.379746835443,30,1.0,60,60,1,60,47,60,60,1.0,0.901612339515,34,33,33,0.872340425532,1.0,1.0,-0.0,1,0,0,60,0,60,-1.0,-1.0,0,2820,3600,0,-6420,6420,-1.0,161,101,-60,-0.359281437126,60,1.0,120,120,1,104,107,120,104,1.0,0.902353612872,34,33,33,0.943925233645,1.0,1.0,-0.0,1,0,0,104,0,104,-1.0,-1.0,0,11128,12480,0,-23608,23608,-1.0,325,221,-104,-0.31419939577,104,1.0,170,162,1,104,152,162,104,1.0,0.902353612872,34,33,33,0.960526315789,1.0,1.0,-0.0,1,0,0,104,0,104,-1.0,-1.0,0,15808,16848,0,-32656,32656,-1.0,412,308,-104,-0.248803827751,104,1.0,170,162,1,104,152,162,104,1.0,0.902353612872,34,33,33,0.960526315789,1.0,1.0,-0.0,1,0,0,104,0,104,-1.0,-1.0,0,15808,16848,0,-32656,32656,-1.0,412,308,-104,-0.248803827751,104,1.0
MOT17-13-FRCNN,55,67,185,u_to_v,55,67,1,186,70,22,22,55,67,1,115,185,164,255,71,92,71,22,1,70,70,70,1.0,1.181412115098,0.085758125644,0.0,0.142347264102,0.096218703823,-1.0,-1.0,47,1205,1.226708243302,1,"{""67"": 70}",70,30,22,1,30,9,22,30,1.0,0.787029071331,152,150,150,1.0,1.0,1.0,-0.0,1,0,0,30,0,30,-1.0,-1.0,0,270,660,0,-930,930,-1.0,61,31,-30,-0.491803278689,30,1.0,60,22,1,60,38,22,60,1.0,0.830038956965,152,150,150,1.0,1.0,1.0,-0.0,1,0,0,60,0,60,-1.0,-1.0,0,2280,1320,0,-3600,3600,-1.0,120,60,-60,-0.5,60,1.0,71,22,1,70,49,22,68,0.971428571429,0.820086291442,152,150,150,0.816326530612,1.0,1.0,-0.0,1,0,0,68,0,68,-1.0,-1.0,0,3332,1496,0,-4828,4828,-1.0,130,68,-62,-0.446043165468,70,1.0,71,22,1,70,49,22,68,0.971428571429,0.820086291442,152,150,150,0.816326530612,1.0,1.0,-0.0,1,0,0,68,0,68,-1.0,-1.0,0,3332,1496,0,-4828,4828,-1.0,130,68,-62,-0.446043165468,70,1.0,71,22,1,70,49,22,68,0.971428571429,0.820086291442,152,150,150,0.816326530612,1.0,1.0,-0.0,1,0,0,68,0,68,-1.0,-1.0,0,3332,1496,0,-4828,4828,-1.0,130,68,-62,-0.446043165468,70,1.0
MOT17-13-FRCNN,55,68,185,u_to_v,55,68,1,186,75,7,7,55,68,1,115,185,179,260,71,82,71,7,1,75,75,75,1.0,0.575574825455,0.052604881256,0.042738371813,0.045037347748,0.035622941064,-1.0,-1.0,48,1206,0.586107481697,1,"{""68"": 75}",75,30,7,1,30,9,7,30,1.0,0.843815606411,152,152,152,1.0,1.0,1.0,-0.0,1,1,30,30,0,0,0.0,0.0,270,0,210,0,60,480,0.125,37,39,2,0.04347826087,30,1.0,60,7,1,60,38,7,60,1.0,0.828413412666,152,152,152,1.0,1.0,1.0,-0.0,1,1,60,60,0,0,0.0,0.0,2280,0,420,0,1860,2700,0.688888888889,67,98,31,0.295238095238,60,1.0,71,7,1,75,49,7,74,0.986666666667,0.830199729262,152,152,152,0.816326530612,1.0,1.0,-0.0,1,1,74,74,0,0,0.0,0.0,2960,666,518,0,1776,4144,0.428571428571,90,114,24,0.184615384615,75,1.0,71,7,1,75,49,7,74,0.986666666667,0.830199729262,152,152,152,0.816326530612,1.0,1.0,-0.0,1,1,74,74,0,0,0.0,0.0,2960,666,518,0,1776,4144,0.428571428571,90,114,24,0.184615384615,75,1.0,71,7,1,75,49,7,74,0.986666666667,0.830199729262,152,152,152,0.816326530612,1.0,1.0,-0.0,1,1,74,74,0,0,0.0,0.0,2960,666,518,0,1776,4144,0.428571428571,90,114,24,0.184615384615,75,1.0
MOT17-13-FRCNN,18,64,192,v_to_u,64,18,1,193,176,37,37,64,18,1,156,192,1,368,37,368,37,192,1,176,176,176,1.0,7.923897675514,1.40459187512,0.0,0.483796951378,0.690317562018,-1.0,-1.0,49,1212,8.392457095634,1,"{""18"": 176}",176,30,30,1,30,27,30,30,1.0,0.837964811716,35,47,49,1.0,1.0,0.6,0.673011667009,2,0,0,12,0,12,-0.4,-0.4,0,810,360,540,-630,1710,-0.368421052632,69,57,-12,-0.137931034483,30,1.0,37,60,1,60,34,60,60,1.0,0.843754097446,35,47,49,1.0,1.0,0.65,0.647446639035,2,0,0,21,0,21,-0.35,-0.35,0,2040,1260,2340,-960,5640,-0.170212765957,115,99,-16,-0.103896103896,60,1.0,37,120,1,120,34,120,120,1.0,0.86726628392,35,47,49,1.0,1.0,0.825,0.463726439819,2,0,0,21,0,21,-0.175,-0.175,0,4080,2520,11880,5280,18480,0.285714285714,175,219,44,0.160583941606,120,1.0,37,192,1,176,34,191,175,0.994318181818,0.874608775501,35,47,49,1.0,1.0,0.88,0.366924991273,2,0,0,21,0,21,-0.12,-0.12,0,5950,4011,29414,19453,39375,0.494044444444,246,345,99,0.2475,176,1.0,37,192,1,176,34,191,175,0.994318181818,0.874608775501,35,47,49,1.0,1.0,0.88,0.366924991273,2,0,0,21,0,21,-0.12,-0.12,0,5950,4011,29414,19453,39375,0.494044444444,246,345,99,0.2475,176,1.0
MOT17-13-FRCNN,59,72,205,v_to_u,72,59,1,206,15,1,1,72,59,1,205,205,124,220,1,97,1,82,1,15,15,15,1.0,0.144899102825,0.014869991225,0.609759049772,0.059377412788,0.007434978488,-1.0,-1.0,50,1237,0.002858077316,1,"{""59"": 15}",15,1,30,1,15,1,17,14,0.933333333333,0.839516488794,146,138,146,1.0,1.0,1.0,-0.0,1,0,14,0,14,0,1.0,1.0,14,0,0,238,252,252,1.0,18,32,14,0.4375,15,1.0,1,60,1,15,1,36,14,0.933333333333,0.839516488794,146,40,146,1.0,0.527777777778,1.0,-0.0,1,0,14,0,14,0,1.0,1.0,14,0,0,504,518,518,1.0,20,34,14,0.274509803922,15,1.0,1,82,1,15,1,57,14,0.933333333333,0.839516488794,146,40,146,1.0,0.684210526316,1.0,-0.0,1,0,14,0,14,0,1.0,1.0,14,0,0,798,812,812,1.0,40,54,14,0.194444444444,15,1.0,1,82,1,15,1,57,14,0.933333333333,0.839516488794,146,40,146,1.0,0.684210526316,1.0,-0.0,1,0,14,0,14,0,1.0,1.0,14,0,0,798,812,812,1.0,40,54,14,0.194444444444,15,1.0,1,82,1,15,1,57,14,0.933333333333,0.839516488794,146,40,146,1.0,0.684210526316,1.0,-0.0,1,0,14,0,14,0,1.0,1.0,14,0,0,798,812,812,1.0,40,54,14,0.194444444444,15,1.0
MOT17-13-FRCNN,12,69,207,v_to_u,69,12,1,208,170,14,14,69,12,1,194,207,1,377,14,377,14,207,1,170,170,170,1.0,6.988763685894,1.493081876102,0.0,0.585316092508,0.725529803119,-1.0,-1.0,51,1246,7.493118744483,1,"{""12"": 170}",170,14,30,1,30,10,30,30,1.0,0.88244138086,35,18,18,1.0,1.0,1.0,-0.0,1,0,0,30,0,30,-1.0,-1.0,0,300,900,0,-1200,1200,-1.0,70,40,-30,-0.428571428571,30,1.0,14,60,1,60,10,60,60,1.0,0.891640469622,35,18,18,1.0,1.0,1.0,-0.0,1,0,0,60,0,60,-1.0,-1.0,0,600,3600,0,-4200,4200,-1.0,130,70,-60,-0.461538461538,60,1.0,14,120,1,120,10,120,120,1.0,0.901303927751,35,18,18,1.0,0.525,1.0,-0.0,1,0,0,120,0,120,-1.0,-1.0,0,1200,7560,6840,-1920,15600,-0.123076923077,193,177,-16,-0.064,120,1.0,14,207,1,170,10,207,167,0.982352941176,0.906717139781,35,49,18,1.0,0.695652173913,1.0,-0.0,1,0,0,0,0,0,0.0,0.0,0,1670,10521,24048,11857,36239,0.327188940092,240,311,71,0.184895833333,170,1.0,14,207,1,170,10,207,167,0.982352941176,0.906717139781,35,49,18,1.0,0.695652173913,1.0,-0.0,1,0,0,0,0,0,0.0,0.0,0,1670,10521,24048,11857,36239,0.327188940092,240,311,71,0.184895833333,170,1.0
MOT17-13-FRCNN,66,73,208,v_to_u,73,66,1,209,79,1,1,73,66,1,208,208,161,287,1,127,1,48,1,79,79,79,1.0,0.160085475238,0.014286212272,0.561128056197,0.15086856718,0.008501458635,-1.0,-1.0,52,1277,0.039312016839,1,"{""66"": 79}",79,1,30,1,30,0,21,30,1.0,0.809358214492,-1,133,138,,0.619047619048,1.0,-0.0,1,0,0,0,0,0,0.0,0.0,0,0,90,540,450,630,0.714285714286,33,43,10,0.196078431373,30,1.0,1,48,1,60,0,31,60,1.0,0.821704127395,-1,133,138,,0.41935483871,0.95,0.198515243346,2,0,0,0,0,0,0.0,0.0,0,0,189,1671,1482,1860,0.796774193548,60,70,10,0.10989010989,60,1.0,1,48,1,79,0,31,69,0.873417721519,0.822705362088,-1,133,138,,0.41935483871,0.826086956522,0.68569905501,5,0,0,4,0,0,0.0,-0.057971014493,0,0,241,1898,1657,2139,0.774661056568,60,70,10,0.1,79,1.0,1,48,1,79,0,31,69,0.873417721519,0.822705362088,-1,133,138,,0.41935483871,0.826086956522,0.68569905501,5,0,0,4,0,0,0.0,-0.057971014493,0,0,241,1898,1657,2139,0.774661056568,60,70,10,0.1,79,1.0,1,48,1,79,0,31,69,0.873417721519,0.822705362088,-1,133,138,,0.41935483871,0.826086956522,0.68569905501,5,0,0,4,0,0,0.0,-0.057971014493,0,0,241,1898,1657,2139,0.774661056568,60,70,10,0.1,79,1.0
MOT17-13-FRCNN,52,74,211,v_to_u,74,52,1,212,24,1,1,74,52,1,211,211,103,235,1,133,1,109,1,24,24,24,1.0,0.090563765193,0.004359777446,0.738383936885,0.014276686357,0.005490083223,-1.0,-1.0,53,1293,-0.090965597709,1,"{""52"": 24}",24,1,30,1,24,0,30,23,0.958333333333,0.798333452962,-1,73,73,,1.0,1.0,-0.0,1,0,0,23,0,0,0.0,-1.0,0,0,690,0,-690,690,-1.0,53,30,-23,-0.433962264151,24,1.0,1,60,1,24,0,60,23,0.958333333333,0.798333452962,-1,73,73,,1.0,1.0,-0.0,1,0,0,23,0,0,0.0,-1.0,0,0,1380,0,-1380,1380,-1.0,83,60,-23,-0.277108433735,24,1.0,1,109,1,24,0,109,23,0.958333333333,0.798333452962,-1,73,73,,1.0,1.0,-0.0,1,0,0,23,0,0,0.0,-1.0,0,0,2507,0,-2507,2507,-1.0,132,109,-23,-0.174242424242,24,1.0,1,109,1,24,0,109,23,0.958333333333,0.798333452962,-1,73,73,,1.0,1.0,-0.0,1,0,0,23,0,0,0.0,-1.0,0,0,2507,0,-2507,2507,-1.0,132,109,-23,-0.174242424242,24,1.0,1,109,1,24,0,109,23,0.958333333333,0.798333452962,-1,73,73,,1.0,1.0,-0.0,1,0,0,23,0,0,0.0,-1.0,0,0,2507,0,-2507,2507,-1.0,132,109,-23,-0.174242424242,24,1.0
MOT17-13-FRCNN,38,71,217,v_to_u,71,38,1,218,93,16,16,71,38,1,202,217,56,310,16,255,16,162,1,93,93,93,1.0,0.584525274599,0.008965407468,0.020263587114,0.037825310689,0.042333485185,-1.0,-1.0,54,1308,0.589716609275,1,"{""38"": 93}",93,16,30,1,30,0,30,30,1.0,0.849923246043,-1,168,168,,0.6,1.0,-0.0,1,0,0,30,0,0,0.0,-1.0,0,0,540,360,-180,900,-0.2,48,42,-6,-0.1,30,1.0,16,60,1,60,0,60,60,1.0,0.874418302795,-1,62,168,,0.7,1.0,-0.0,1,0,0,0,0,0,0.0,0.0,0,0,1080,2520,1440,3600,0.4,78,102,24,0.2,60,1.0,16,120,1,93,0,120,89,0.956989247312,0.853415450881,-1,62,168,,0.85,1.0,-0.0,1,0,0,0,0,0,0.0,0.0,0,0,1602,9078,7476,10680,0.7,107,191,84,0.401913875598,93,1.0,16,162,1,93,0,160,89,0.956989247312,0.853415450881,-1,62,168,,0.8875,1.0,-0.0,1,0,0,0,0,0,0.0,0.0,0,0,1602,12638,11036,14240,0.775,142,231,89,0.357429718876,93,1.0,16,162,1,93,0,160,89,0.956989247312,0.853415450881,-1,62,168,,0.8875,1.0,-0.0,1,0,0,0,0,0,0.0,0.0,0,0,1602,12638,11036,14240,0.775,142,231,89,0.357429718876,93,1.0
MOT17-13-FRCNN,59,66,220,u_to_v,59,66,1,221,67,60,60,59,66,1,124,220,161,287,97,127,97,60,1,67,67,67,1.0,0.692919761049,0.111473092737,0.0,0.014160139897,0.068288881898,-1.0,-1.0,55,1332,0.729032936413,1,"{""66"": 67}",67,30,30,1,30,28,21,30,1.0,0.836323032407,138,138,138,0.5,0.714285714286,1.0,-0.0,1,1,30,30,0,0,0.0,0.0,420,420,450,180,-270,1470,-0.183673469388,59,50,-9,-0.113924050633,30,1.0,60,60,1,60,36,43,53,0.883333333333,0.829825446892,138,138,138,0.472222222222,0.348837209302,0.849056603774,0.571408397512,4,1,45,45,0,0,0.0,0.0,765,1143,745,1534,411,4187,0.098160974445,74,75,1,0.007575757576,60,1.0,97,60,1,67,71,43,57,0.850746268657,0.832867804289,40,138,138,0.549295774648,0.348837209302,0.789473684211,0.785402078455,5,0,0,45,0,45,-0.789473684211,-0.789473684211,765,3282,745,1706,-1556,6498,-0.23945829486,99,75,-24,-0.140350877193,67,1.0,97,60,1,67,71,43,57,0.850746268657,0.832867804289,40,138,138,0.549295774648,0.348837209302,0.789473684211,0.785402078455,5,0,0,45,0,45,-0.789473684211,-0.789473684211,765,3282,745,1706,-1556,6498,-0.23945829486,99,75,-24,-0.140350877193,67,1.0,97,60,1,67,71,43,57,0.850746268657,0.832867804289,40,138,138,0.549295774648,0.348837209302,0.789473684211,0.785402078455,5,0,0,45,0,45,-0.789473684211,-0.789473684211,765,3282,745,1706,-1556,6498,-0.23945829486,99,75,-24,-0.140350877193,67,1.0
MOT17-13-FRCNN,15,27,222,u_to_v,15,27,1,223,66,200,200,15,27,1,1,222,23,288,222,266,222,200,1,66,66,66,1.0,21.102954755293,0.075689925093,0.0,0.609443642022,0.466642509783,-1.0,-1.0,56,1342,21.229485851747,1,"{""27"": 66}",66,30,30,1,30,29,30,30,1.0,0.91947075955,37,33,33,0.724137931034,1.0,1.0,-0.0,1,0,0,30,0,30,-1.0,-1.0,0,870,900,0,-1770,1770,-1.0,81,51,-30,-0.337078651685,30,1.0,60,60,1,60,59,60,60,1.0,0.913898460672,50,33,33,0.64406779661,1.0,1.0,-0.0,1,0,0,60,0,60,-1.0,-1.0,0,3540,3600,0,-7140,7140,-1.0,158,98,-60,-0.335195530726,60,1.0,120,120,1,66,119,120,66,1.0,0.909816274853,50,33,33,0.823529411765,1.0,1.0,-0.0,1,0,0,66,0,66,-1.0,-1.0,0,7854,7920,0,-15774,15774,-1.0,284,218,-66,-0.216393442623,66,1.0,222,200,1,66,221,200,66,1.0,0.909816274853,50,33,33,0.904977375566,1.0,1.0,-0.0,1,0,0,66,0,66,-1.0,-1.0,0,14586,13200,0,-27786,27786,-1.0,466,400,-66,-0.135523613963,66,1.0,222,200,1,66,221,200,66,1.0,0.909816274853,50,33,33,0.904977375566,1.0,1.0,-0.0,1,0,0,66,0,66,-1.0,-1.0,0,14586,13200,0,-27786,27786,-1.0,466,400,-66,-0.135523613963,66,1.0
MOT17-13-FRCNN,15,53,222,u_to_v,15,53,1,223,118,117,117,15,53,1,1,222,106,340,222,235,222,117,1,118,118,118,1.0,0.852469132184,0.029336033995,0.0,0.126769784082,0.207181694987,-1.0,-1.0,57,1348,0.893198288589,1,"{""53"": 118}",118,30,30,1,30,29,30,30,1.0,0.782443137038,37,51,52,0.724137931034,1.0,0.9,0.325082973391,2,0,0,3,0,3,-0.1,-0.1,0,870,90,810,-150,1770,-0.084745762712,54,57,3,0.033707865169,30,1.0,60,60,1,60,59,60,60,1.0,0.783586390855,50,51,52,0.64406779661,1.0,0.95,0.198515243346,2,0,0,3,0,3,-0.05,-0.05,0,3540,180,3420,-300,7140,-0.042016806723,101,117,16,0.08938547486,60,1.0,120,117,1,118,119,117,117,0.991525423729,0.848617660896,50,51,52,0.823529411765,1.0,0.974358974359,0.119246926396,2,0,0,3,0,3,-0.025641025641,-0.025641025641,0,13923,351,13338,-936,27612,-0.033898305085,218,231,13,0.036827195467,118,1.0,222,117,1,118,221,117,117,0.991525423729,0.848617660896,50,51,52,0.904977375566,1.0,0.974358974359,0.119246926396,2,0,0,3,0,3,-0.025641025641,-0.025641025641,0,25857,351,13338,-12870,39546,-0.325443786982,320,317,-3,-0.006593406593,118,1.0,222,117,1,118,221,117,117,0.991525423729,0.848617660896,50,51,52,0.904977375566,1.0,0.974358974359,0.119246926396,2,0,0,3,0,3,-0.025641025641,-0.025641025641,0,25857,351,13338,-12870,39546,-0.325443786982,320,317,-3,-0.006593406593,118,1.0
MOT17-13-FRCNN,43,53,231,u_to_v,43,53,1,232,109,126,126,43,53,1,67,231,106,340,165,235,165,126,1,109,109,109,1.0,0.185941696536,0.006180924643,0.491313753451,0.041315306964,0.004279098411,-1.0,-1.0,58,1364,0.069217929872,1,"{""53"": 109}",109,30,30,1,30,30,30,30,1.0,0.774246859523,50,51,52,0.966666666667,0.8,1.0,-0.0,1,0,0,0,0,0,0.0,0.0,0,900,180,720,-360,1800,-0.2,65,54,-11,-0.122222222222,30,1.0,60,60,1,60,59,60,60,1.0,0.796272598695,50,51,52,0.508474576271,0.9,1.0,-0.0,1,0,0,0,0,0,0.0,0.0,0,3540,360,3240,-660,7140,-0.09243697479,96,114,18,0.100558659218,60,1.0,120,120,1,109,119,120,108,0.990825688073,0.851752932899,37,51,52,0.739495798319,0.95,1.0,-0.0,1,0,0,0,0,0,0.0,0.0,0,12852,648,12312,-1188,25812,-0.046025104603,202,222,20,0.057636887608,109,1.0,165,126,1,109,164,126,108,0.990825688073,0.851752932899,37,51,52,0.810975609756,0.952380952381,1.0,-0.0,1,0,0,0,0,0,0.0,0.0,0,17712,648,12960,-5400,31320,-0.172413793103,253,253,0,0.0,109,1.0,165,126,1,109,164,126,108,0.990825688073,0.851752932899,37,51,52,0.810975609756,0.952380952381,1.0,-0.0,1,0,0,0,0,0,0.0,0.0,0,17712,648,12960,-5400,31320,-0.172413793103,253,253,0,0.0,109,1.0
MOT17-13-FRCNN,38,40,232,v_to_u,40,38,1,233,78,171,171,40,38,1,62,232,56,310,171,255,171,177,1,78,78,78,1.0,1.534349438138,0.171636676211,0.0,0.163441798977,0.149078264468,-1.0,-1.0,59,1377,1.608510613536,1,"{""38"": 78}",78,30,30,1,30,25,30,30,1.0,0.866817437213,159,168,168,1.0,1.0,1.0,-0.0,1,0,0,30,0,30,-1.0,-1.0,0,750,900,0,-1650,1650,-1.0,85,55,-30,-0.352941176471,30,1.0,60,60,1,60,53,60,60,1.0,0.868346630258,158,168,168,0.528301886792,0.55,1.0,-0.0,1,0,0,60,0,60,-1.0,-1.0,0,3180,1980,1620,-3540,6780,-0.522123893805,121,87,-34,-0.196531791908,60,1.0,120,120,1,78,111,120,74,0.948717948718,0.851882820321,64,62,168,0.495495495495,0.725,1.0,-0.0,1,0,0,0,0,0,0.0,0.0,0,8214,2442,6438,-4218,17094,-0.246753246753,162,161,-1,-0.003278688525,78,1.0,171,177,1,78,161,175,74,0.948717948718,0.851882820321,64,62,168,0.652173913043,0.811428571429,1.0,-0.0,1,0,0,0,0,0,0.0,0.0,0,11914,2442,10508,-3848,24864,-0.154761904762,247,247,0,0.0,78,1.0,171,177,1,78,161,175,74,0.948717948718,0.851882820321,64,62,168,0.652173913043,0.811428571429,1.0,-0.0,1,0,0,0,0,0,0.0,0.0,0,11914,2442,10508,-3848,24864,-0.154761904762,247,247,0,0.0,78,1.0
MOT17-13-FRCNN,6,9,243,u_to_v,6,9,1,244,51,243,243,6,9,1,1,243,1,294,243,294,243,243,1,51,51,51,1.0,5.886967926679,0.139384079962,0.0,0.094261254856,0.153499279856,-1.0,-1.0,60,1403,5.946590000141,1,"{""9"": 51}",51,30,30,1,30,30,30,30,1.0,0.889103273835,4,7,7,1.0,1.0,1.0,-0.0,1,0,0,30,0,30,-1.0,-1.0,0,900,900,0,-1800,1800,-1.0,90,60,-30,-0.333333333333,30,1.0,60,60,1,51,60,60,50,0.980392156863,0.868546386135,4,7,7,1.0,1.0,1.0,-0.0,1,0,0,50,0,50,-1.0,-1.0,0,3000,3000,0,-6000,6000,-1.0,170,120,-50,-0.294117647059,51,1.0,120,120,1,51,120,120,50,0.980392156863,0.868546386135,4,7,7,1.0,1.0,1.0,-0.0,1,0,0,50,0,50,-1.0,-1.0,0,6000,6000,0,-12000,12000,-1.0,290,240,-50,-0.172413793103,51,1.0,243,243,1,51,242,243,50,0.980392156863,0.868546386135,4,7,7,1.0,1.0,1.0,-0.0,1,0,0,50,0,50,-1.0,-1.0,0,12100,12150,0,-24250,24250,-1.0,535,485,-50,-0.093457943925,51,1.0,243,243,1,51,242,243,50,0.980392156863,0.868546386135,4,7,7,1.0,1.0,1.0,-0.0,1,0,0,50,0,50,-1.0,-1.0,0,12100,12150,0,-24250,24250,-1.0,535,485,-50,-0.093457943925,51,1.0
MOT17-13-FRCNN,51,67,246,u_to_v,51,67,1,247,9,83,83,51,67,1,100,246,164,255,128,92,128,83,1,9,9,9,1.0,0.598263382623,0.077892674255,0.016286815106,0.095894007786,0.028640490825,-1.0,-1.0,61,1426,0.626118297271,1,"{""67"": 9}",9,30,30,1,9,29,30,7,0.777777777778,0.741285556471,72,150,150,1.0,1.0,1.0,-0.0,1,0,0,7,0,7,-1.0,-1.0,0,203,210,0,-413,413,-1.0,66,59,-7,-0.106060606061,9,1.0,60,60,1,9,59,60,7,0.777777777778,0.741285556471,72,150,150,1.0,1.0,1.0,-0.0,1,0,0,7,0,7,-1.0,-1.0,0,413,420,0,-833,833,-1.0,126,119,-7,-0.055555555556,9,1.0,114,83,1,9,108,83,7,0.777777777778,0.741285556471,72,150,150,0.787037037037,1.0,1.0,-0.0,1,0,0,7,0,7,-1.0,-1.0,0,756,581,0,-1337,1337,-1.0,175,168,-7,-0.035353535354,9,1.0,128,83,1,9,120,83,7,0.777777777778,0.741285556471,72,150,150,0.708333333333,1.0,1.0,-0.0,1,0,0,7,0,7,-1.0,-1.0,0,840,581,0,-1421,1421,-1.0,175,168,-7,-0.033333333333,9,1.0,128,83,1,9,120,83,7,0.777777777778,0.741285556471,72,150,150,0.708333333333,1.0,1.0,-0.0,1,0,0,7,0,7,-1.0,-1.0,0,840,581,0,-1421,1421,-1.0,175,168,-7,-0.033333333333,9,1.0
MOT17-13-FRCNN,38,67,255,v_to_u,67,38,1,256,55,92,92,67,38,1,164,255,56,310,92,255,92,200,1,55,55,55,1.0,2.865475251083,0.064999496351,0.0,0.068069083892,0.119664503756,-1.0,-1.0,62,1437,2.900498483935,1,"{""38"": 55}",55,30,30,1,30,28,30,30,1.0,0.889851451778,150,168,168,1.0,1.0,1.0,-0.0,1,0,0,30,0,30,-1.0,-1.0,0,840,900,0,-1740,1740,-1.0,88,58,-30,-0.340909090909,30,1.0,60,60,1,55,58,60,51,0.927272727273,0.853375980262,150,168,168,1.0,0.933333333333,1.0,-0.0,1,0,0,51,0,51,-1.0,-1.0,0,2958,2856,204,-5610,6018,-0.932203389831,165,114,-51,-0.301775147929,55,1.0,92,120,1,55,90,120,51,0.927272727273,0.853375980262,150,62,168,1.0,0.533333333333,1.0,-0.0,1,0,0,0,0,0,0.0,0.0,0,4590,2856,3264,-4182,10710,-0.390476190476,197,154,-43,-0.164750957854,55,1.0,92,200,1,55,90,198,51,0.927272727273,0.853375980262,150,62,168,1.0,0.717171717172,1.0,-0.0,1,0,0,0,0,0,0.0,0.0,0,4590,2856,7242,-204,14688,-0.013888888889,232,232,0,0.0,55,1.0,92,200,1,55,90,198,51,0.927272727273,0.853375980262,150,62,168,1.0,0.717171717172,1.0,-0.0,1,0,0,0,0,0,0.0,0.0,0,4590,2856,7242,-204,14688,-0.013888888889,232,232,0,0.0,55,1.0
MOT17-13-FRCNN,66,67,255,v_to_u,67,66,1,256,32,92,92,67,66,1,164,255,161,287,92,127,92,95,1,32,32,32,1.0,1.566901894852,0.225450281172,0.0,0.207870391694,0.176418921632,-1.0,-1.0,63,1439,1.661693396477,1,"{""66"": 32}",32,30,30,1,30,28,30,20,0.666666666667,0.827811147984,150,138,138,1.0,1.0,0.5,1.333074293477,5,0,0,10,0,10,-0.5,-0.5,0,560,300,300,-560,1160,-0.48275862069,68,58,-10,-0.128205128205,30,1.0,60,60,1,32,58,51,22,0.6875,0.833156892037,150,138,138,1.0,0.980392156863,0.454545454545,1.39049505859,5,0,0,10,0,10,-0.454545454545,-0.454545454545,0,1276,504,618,-1162,2398,-0.484570475396,118,108,-10,-0.076335877863,32,1.0,92,95,1,32,90,78,22,0.6875,0.833156892037,150,138,138,1.0,0.641025641026,0.454545454545,1.39049505859,5,0,0,10,0,10,-0.454545454545,-0.454545454545,0,1980,570,1146,-1404,3696,-0.37987012987,150,140,-10,-0.052631578947,32,1.0,92,95,1,32,90,78,22,0.6875,0.833156892037,150,138,138,1.0,0.641025641026,0.454545454545,1.39049505859,5,0,0,10,0,10,-0.454545454545,-0.454545454545,0,1980,570,1146,-1404,3696,-0.37987012987,150,140,-10,-0.052631578947,32,1.0,92,95,1,32,90,78,22,0.6875,0.833156892037,150,138,138,1.0,0.641025641026,0.454545454545,1.39049505859,5,0,0,10,0,10,-0.454545454545,-0.454545454545,0,1980,570,1146,-1404,3696,-0.37987012987,150,140,-10,-0.052631578947,32,1.0
MOT17-13-FRCNN,68,70,260,u_to_v,68,70,1,261,158,64,64,68,70,1,179,260,197,418,82,222,82,64,1,158,158,158,1.0,0.861631257543,0.684528659049,0.138143811359,0.480129873149,0.402013717557,-1.0,-1.0,64,1461,1.086441828536,1,"{""70"": 158}",158,30,30,1,30,29,30,26,0.866666666667,0.811084642162,152,133,133,1.0,0.966666666667,1.0,-0.0,1,0,0,26,0,26,-1.0,-1.0,0,754,754,26,-1482,1534,-0.966101694915,84,58,-26,-0.305882352941,30,1.0,60,60,1,60,59,60,56,0.933333333333,0.801715436628,152,133,133,1.0,0.866666666667,0.75,0.562335144619,2,0,0,42,0,42,-0.75,-0.75,0,3304,2184,1176,-4312,6664,-0.647058823529,153,111,-42,-0.24,60,1.0,82,64,1,120,81,64,116,0.966666666667,0.844583984032,152,133,139,1.0,0.84375,0.637931034483,0.65459932158,2,0,0,42,0,42,-0.362068965517,-0.362068965517,0,9396,2268,5156,-6508,16820,-0.386920332937,177,135,-42,-0.16091954023,120,1.0,82,64,1,158,81,64,154,0.974683544304,0.848685139899,152,133,139,1.0,0.84375,0.727272727273,0.585952618304,2,0,0,42,0,42,-0.272727272727,-0.272727272727,0,12474,2268,7588,-7154,22330,-0.320376175549,193,166,-27,-0.090301003344,158,1.0,82,64,1,158,81,64,154,0.974683544304,0.848685139899,152,133,139,1.0,0.84375,0.727272727273,0.585952618304,2,0,0,42,0,42,-0.272727272727,-0.272727272727,0,12474,2268,7588,-7154,22330,-0.320376175549,193,166,-27,-0.090301003344,158,1.0
MOT17-13-FRCNN,70,79,260,v_to_u,79,70,1,261,158,4,4,79,70,1,257,260,197,418,4,222,4,64,1,158,158,158,1.0,0.057380790802,0.003153142808,0.825541139695,0.063354965459,0.003713699395,-1.0,-1.0,65,1466,-0.141509341935,1,"{""70"": 158}",158,4,30,1,30,4,30,26,0.866666666667,0.811084642162,34,133,133,1.0,0.966666666667,1.0,-0.0,1,0,0,26,0,26,-1.0,-1.0,0,104,754,26,-832,884,-0.941176470588,59,33,-26,-0.433333333333,30,1.0,4,60,1,60,4,60,56,0.933333333333,0.801715436628,34,133,133,1.0,0.866666666667,0.75,0.562335144619,2,0,0,42,0,42,-0.75,-0.75,0,224,2184,1176,-1232,3584,-0.34375,98,66,-32,-0.266666666667,60,1.0,4,64,1,120,4,64,116,0.966666666667,0.844583984032,34,133,139,1.0,0.84375,0.637931034483,0.65459932158,2,0,0,42,0,42,-0.362068965517,-0.362068965517,0,464,2268,5156,2424,7888,0.307302231237,100,128,28,0.152173913043,120,1.0,4,64,1,158,4,64,154,0.974683544304,0.848685139899,34,133,139,1.0,0.84375,0.727272727273,0.585952618304,2,0,0,42,0,42,-0.272727272727,-0.272727272727,0,616,2268,7588,4704,10472,0.449197860963,116,166,50,0.225225225225,158,1.0,4,64,1,158,4,64,154,0.974683544304,0.848685139899,34,133,139,1.0,0.84375,0.727272727273,0.585952618304,2,0,0,42,0,42,-0.272727272727,-0.272727272727,0,616,2268,7588,4704,10472,0.449197860963,116,166,50,0.225225225225,158,1.0
MOT17-13-FRCNN,77,83,279,v_to_u,83,77,1,280,72,1,1,83,77,1,279,279,235,351,1,117,1,45,1,72,72,72,1.0,0.462895639869,0.347851292439,0.500752076167,0.157551517855,0.153016493178,-1.0,-1.0,66,1482,0.455727245041,1,"{""77"": 72}",72,1,30,1,30,0,28,18,0.6,0.87045538972,-1,45,143,,1.0,1.0,-0.0,1,0,0,0,0,0,0.0,0.0,0,0,0,504,504,504,1.0,28,46,18,0.391304347826,30,1.0,1,45,1,60,0,43,48,0.8,0.874891328129,-1,45,143,,1.0,1.0,-0.0,1,0,0,0,0,0,0.0,0.0,0,0,0,2064,2064,2064,1.0,48,91,43,0.472527472527,60,1.0,1,45,1,72,0,43,60,0.833333333333,0.871753224482,-1,45,143,,1.0,1.0,-0.0,1,0,0,0,0,0,0.0,0.0,0,0,0,2580,2580,2580,1.0,60,103,43,0.417475728155,72,1.0,1,45,1,72,0,43,60,0.833333333333,0.871753224482,-1,45,143,,1.0,1.0,-0.0,1,0,0,0,0,0,0.0,0.0,0,0,0,2580,2580,2580,1.0,60,103,43,0.417475728155,72,1.0,1,45,1,72,0,43,60,0.833333333333,0.871753224482,-1,45,143,,1.0,1.0,-0.0,1,0,0,0,0,0,0.0,0.0,0,0,0,2580,2580,2580,1.0,60,103,43,0.417475728155,72,1.0
MOT17-13-FRCNN,12,76,286,v_to_u,76,12,1,287,91,60,60,76,12,1,227,286,1,377,60,377,60,286,1,91,91,91,1.0,8.288763533635,2.106446729559,0.0,0.824740512963,1.05524719696,-1.0,-1.0,67,1488,9.003373987017,1,"{""12"": 91}",91,30,30,1,30,22,30,30,1.0,0.9254787992,136,18,18,1.0,1.0,1.0,-0.0,1,0,0,30,0,30,-1.0,-1.0,0,660,900,0,-1560,1560,-1.0,82,52,-30,-0.365853658537,30,1.0,60,60,1,60,50,60,60,1.0,0.912555997456,136,18,18,1.0,1.0,1.0,-0.0,1,0,0,60,0,60,-1.0,-1.0,0,3000,3600,0,-6600,6600,-1.0,170,110,-60,-0.352941176471,60,1.0,60,120,1,91,50,120,88,0.967032967033,0.919415599122,136,18,18,1.0,1.0,1.0,-0.0,1,0,0,88,0,88,-1.0,-1.0,0,4400,10560,0,-14960,14960,-1.0,258,170,-88,-0.341085271318,91,1.0,60,286,1,91,50,286,88,0.967032967033,0.919415599122,136,49,18,1.0,0.503496503497,1.0,-0.0,1,0,0,0,0,0,0.0,0.0,0,4400,12496,12672,-4224,29568,-0.142857142857,280,232,-48,-0.11320754717,91,1.0,60,286,1,91,50,286,88,0.967032967033,0.919415599122,136,49,18,1.0,0.503496503497,1.0,-0.0,1,0,0,0,0,0,0.0,0.0,0,4400,12496,12672,-4224,29568,-0.142857142857,280,232,-48,-0.11320754717,91,1.0
MOT17-13-FRCNN,66,84,287,u_to_v,66,84,1,288,51,3,3,66,84,1,161,287,285,338,127,54,127,3,1,51,51,51,1.0,2.061507355552,0.584973252303,0.0,0.283090394985,0.391606244439,-1.0,-1.0,68,1517,2.27522033257,1,"{""84"": 51}",51,30,3,1,30,20,3,30,1.0,0.851646943253,138,169,169,0.4,1.0,1.0,-0.0,1,0,0,30,0,30,-1.0,-1.0,0,600,90,0,-690,690,-1.0,41,30,-11,-0.207547169811,30,1.0,60,3,1,51,50,3,49,0.960784313725,0.819644581195,138,169,169,0.76,1.0,1.0,-0.0,1,0,0,49,0,49,-1.0,-1.0,0,2450,147,0,-2597,2597,-1.0,90,49,-41,-0.401960784314,51,1.0,120,3,1,51,93,3,49,0.960784313725,0.819644581195,138,169,169,0.645161290323,1.0,1.0,-0.0,1,0,0,49,0,49,-1.0,-1.0,0,4557,147,0,-4704,4704,-1.0,112,63,-49,-0.337931034483,51,1.0,127,3,1,51,100,3,49,0.960784313725,0.819644581195,138,169,169,0.6,1.0,1.0,-0.0,1,0,0,49,0,49,-1.0,-1.0,0,4900,147,0,-5047,5047,-1.0,112,63,-49,-0.322368421053,51,1.0,127,3,1,51,100,3,49,0.960784313725,0.819644581195,138,169,169,0.6,1.0,1.0,-0.0,1,0,0,49,0,49,-1.0,-1.0,0,4900,147,0,-5047,5047,-1.0,112,63,-49,-0.322368421053,51,1.0
MOT17-13-FRCNN,66,85,287,u_to_v,66,85,1,288,151,1,1,66,85,1,161,287,287,438,127,152,127,1,1,151,151,151,1.0,0.244542822498,0.015670890609,0.390367746756,0.196589528592,0.068236486498,-1.0,-1.0,69,1518,0.177351209971,1,"{""85"": 151}",151,30,1,1,30,20,1,30,1.0,0.779267218363,138,147,147,0.4,1.0,1.0,-0.0,1,0,0,30,0,30,-1.0,-1.0,0,600,30,0,-630,630,-1.0,39,30,-9,-0.176470588235,30,1.0,60,1,1,60,50,1,60,1.0,0.788632602337,138,147,147,0.76,1.0,1.0,-0.0,1,0,0,60,0,60,-1.0,-1.0,0,3000,60,0,-3060,3060,-1.0,99,60,-39,-0.351351351351,60,1.0,120,1,1,120,93,1,120,1.0,0.830978237338,138,147,147,0.645161290323,1.0,1.0,-0.0,1,0,0,120,0,120,-1.0,-1.0,0,11160,120,0,-11280,11280,-1.0,181,120,-61,-0.285046728972,120,1.0,127,1,1,151,100,1,151,1.0,0.840625569918,138,147,147,0.6,1.0,0.966887417219,0.145400655811,2,0,0,146,0,146,-0.966887417219,-0.966887417219,5,15095,146,5,-15231,15251,-0.998688610583,207,146,-61,-0.242063492063,151,1.0,127,1,1,151,100,1,151,1.0,0.840625569918,138,147,147,0.6,1.0,0.966887417219,0.145400655811,2,0,0,146,0,146,-0.966887417219,-0.966887417219,5,15095,146,5,-15231,15251,-0.998688610583,207,146,-61,-0.242063492063,151,1.0
MOT17-13-FRCNN,9,27,288,v_to_u,27,9,1,289,6,266,266,27,9,1,23,288,1,294,266,294,266,288,1,6,6,6,1.0,0.980795162242,0.552601057911,0.0,0.068849636999,0.243024207887,-1.0,-1.0,70,1519,1.150132811208,1,"{""9"": 6}",6,30,30,1,6,30,30,5,0.833333333333,0.819023223933,33,7,7,1.0,1.0,1.0,-0.0,1,0,0,5,0,5,-1.0,-1.0,0,150,150,0,-300,300,-1.0,65,60,-5,-0.076923076923,6,1.0,60,60,1,6,60,60,5,0.833333333333,0.819023223933,33,7,7,1.0,1.0,1.0,-0.0,1,0,0,5,0,5,-1.0,-1.0,0,300,300,0,-600,600,-1.0,125,120,-5,-0.04,6,1.0,120,120,1,6,120,120,5,0.833333333333,0.819023223933,33,7,7,1.0,1.0,1.0,-0.0,1,0,0,5,0,5,-1.0,-1.0,0,600,600,0,-1200,1200,-1.0,245,240,-5,-0.020408163265,6,1.0,266,288,1,6,266,288,5,0.833333333333,0.819023223933,33,7,7,1.0,1.0,1.0,-0.0,1,0,0,5,0,5,-1.0,-1.0,0,1330,1440,0,-2770,2770,-1.0,559,554,-5,-0.008944543828,6,1.0,266,288,1,6,266,288,5,0.833333333333,0.819023223933,33,7,7,1.0,1.0,1.0,-0.0,1,0,0,5,0,5,-1.0,-1.0,0,1330,1440,0,-2770,2770,-1.0,559,554,-5,-0.008944543828,6,1.0
MOT17-13-FRCNN,27,77,288,u_to_v,27,77,1,289,63,54,54,27,77,1,23,288,235,351,266,117,266,54,1,63,63,63,1.0,5.178670804587,1.58501187775,0.0,0.961332293416,0.955606266211,-1.0,-1.0,71,1527,5.766617629987,1,"{""77"": 63}",63,30,30,1,30,30,19,27,0.9,0.873021974571,33,45,143,1.0,1.0,1.0,-0.0,1,0,0,0,0,0,0.0,0.0,0,810,0,513,-297,1323,-0.224489795918,57,49,-8,-0.105263157895,30,1.0,60,54,1,60,60,43,57,0.95,0.876057147196,33,45,143,1.0,1.0,1.0,-0.0,1,0,0,0,0,0,0.0,0.0,0,3420,0,2451,-969,5871,-0.165048543689,117,103,-14,-0.0875,60,1.0,120,54,1,63,120,43,60,0.952380952381,0.871753224482,33,45,143,1.0,1.0,1.0,-0.0,1,0,0,0,0,0,0.0,0.0,0,7200,0,2580,-4620,9780,-0.472392638037,180,163,-17,-0.076233183857,63,1.0,266,54,1,63,266,43,60,0.952380952381,0.871753224482,33,45,143,1.0,1.0,1.0,-0.0,1,0,0,0,0,0,0.0,0.0,0,15960,0,2580,-13380,18540,-0.721682847896,326,309,-17,-0.046070460705,63,1.0,266,54,1,63,266,43,60,0.952380952381,0.871753224482,33,45,143,1.0,1.0,1.0,-0.0,1,0,0,0,0,0,0.0,0.0,0,15960,0,2580,-13380,18540,-0.721682847896,326,309,-17,-0.046070460705,63,1.0
MOT17-13-FRCNN,86,87,291,u_to_v,86,87,1,292,172,1,1,86,87,1,289,291,291,463,3,173,3,1,1,172,172,172,1.0,1.13565477851,0.572013998328,0.0,0.600426238378,0.397186532473,-1.0,-1.0,72,1549,1.378419555177,1,"{""87"": 172}",172,3,1,1,30,3,1,30,1.0,0.816305794363,139,155,155,1.0,1.0,0.6,0.673011667009,2,0,0,18,0,18,-0.6,-0.6,0,90,18,12,-96,120,-0.8,22,18,-4,-0.117647058824,30,1.0,3,1,1,60,3,1,60,1.0,0.832206253475,139,155,153,1.0,1.0,0.7,0.610864302055,2,0,0,18,0,18,-0.3,-0.3,0,180,18,42,-156,240,-0.65,45,43,-2,-0.03125,60,1.0,3,1,1,120,3,1,120,1.0,0.853321394699,139,155,153,1.0,1.0,0.85,0.422709087806,2,0,0,18,0,18,-0.15,-0.15,0,360,18,102,-276,480,-0.575,105,103,-2,-0.016129032258,120,1.0,3,1,1,172,3,1,169,0.982558139535,0.847262517516,139,155,153,1.0,1.0,0.846153846154,0.524283294197,3,0,0,18,0,18,-0.10650887574,-0.10650887574,0,507,18,151,-374,676,-0.55325443787,146,144,-2,-0.011560693642,172,1.0,3,1,1,172,3,1,169,0.982558139535,0.847262517516,139,155,153,1.0,1.0,0.846153846154,0.524283294197,3,0,0,18,0,18,-0.10650887574,-0.10650887574,0,507,18,151,-374,676,-0.55325443787,146,144,-2,-0.011560693642,172,1.0
MOT17-13-FRCNN,70,88,293,v_to_u,88,70,1,294,125,1,1,88,70,1,293,293,197,418,1,222,1,97,1,125,125,125,1.0,0.239971233551,0.140232496296,0.558255691631,0.170345365747,0.025511587657,-1.0,-1.0,73,1556,0.155051130058,1,"{""70"": 125}",125,1,30,1,30,1,26,30,1.0,0.797304571654,139,133,139,1.0,1.0,0.566666666667,0.68423176513,2,0,17,13,17,13,0.133333333333,0.133333333333,17,13,338,442,108,810,0.133333333333,40,44,4,0.070175438596,30,1.0,1,60,1,60,1,56,60,1.0,0.841316247429,139,133,139,1.0,0.982142857143,0.783333333333,0.522656580099,2,0,47,13,47,13,0.566666666667,0.566666666667,47,13,715,2645,1964,3420,0.574269005848,69,103,34,0.290598290598,60,1.0,1,97,1,120,1,93,120,1.0,0.853822205205,139,133,139,1.0,0.89247311828,0.891666666667,0.343016518329,2,0,107,13,107,13,0.783333333333,0.783333333333,107,13,1079,10081,9096,11280,0.806382978723,107,191,84,0.392523364486,120,1.0,1,97,1,125,1,93,125,1.0,0.855243510101,139,133,139,1.0,0.89247311828,0.896,0.333784015446,2,0,112,13,112,13,0.792,0.792,112,13,1079,10546,9566,11750,0.814127659574,112,196,84,0.383561643836,125,1.0,1,97,1,125,1,93,125,1.0,0.855243510101,139,133,139,1.0,0.89247311828,0.896,0.333784015446,2,0,112,13,112,13,0.792,0.792,112,13,1079,10546,9566,11750,0.814127659574,112,196,84,0.383561643836,125,1.0
MOT17-13-FRCNN,9,70,294,u_to_v,9,70,1,295,124,98,98,9,70,1,1,294,197,418,294,222,294,98,1,124,124,124,1.0,6.597622891202,0.469392733749,0.0,0.258784751646,0.574280231394,-1.0,-1.0,74,1571,6.798277572943,1,"{""70"": 124}",124,30,30,1,30,29,26,30,1.0,0.798267617639,7,133,139,1.0,1.0,0.6,0.673011667009,2,0,0,12,0,12,-0.4,-0.4,0,870,312,468,-714,1650,-0.432727272727,67,55,-12,-0.141176470588,30,1.0,60,60,1,60,59,56,60,1.0,0.841241716684,7,133,139,1.0,0.982142857143,0.8,0.500402423538,2,0,0,12,0,12,-0.2,-0.2,0,3540,660,2700,-1500,6900,-0.217391304348,126,114,-12,-0.068571428571,60,1.0,120,98,1,120,119,94,120,1.0,0.853676553363,7,133,139,1.0,0.893617021277,0.9,0.325082973391,2,0,0,12,0,12,-0.1,-0.1,0,14280,1008,10272,-5016,25560,-0.196244131455,227,203,-24,-0.072072072072,120,1.0,294,98,1,124,293,94,124,1.0,0.85482461727,7,133,139,1.0,0.893617021277,0.903225806452,0.317936780262,2,0,0,12,0,12,-0.096774193548,-0.096774193548,0,36332,1008,10648,-26692,47988,-0.556222388931,405,377,-28,-0.054794520548,124,1.0,294,98,1,124,293,94,124,1.0,0.85482461727,7,133,139,1.0,0.893617021277,0.903225806452,0.317936780262,2,0,0,12,0,12,-0.096774193548,-0.096774193548,0,36332,1008,10648,-26692,47988,-0.556222388931,405,377,-28,-0.054794520548,124,1.0
MOT17-13-FRCNN,75,89,300,u_to_v,75,89,1,301,141,5,5,75,89,1,220,300,296,441,81,146,81,5,1,141,141,141,1.0,0.120725806568,0.021196530159,0.6550785998,0.049401513367,0.010126234301,-1.0,-1.0,75,1595,-0.031791936075,1,"{""89"": 141}",141,30,5,1,30,19,5,30,1.0,0.880079450603,157,135,135,0.842105263158,1.0,0.966666666667,0.146144746009,2,0,1,29,1,29,-0.933333333333,-0.933333333333,16,554,145,5,-678,720,-0.941666666667,50,29,-21,-0.388888888889,30,1.0,60,5,1,60,49,5,60,1.0,0.855799529489,146,135,135,0.632653061224,1.0,0.983333333333,0.084766075715,2,0,0,59,0,59,-0.983333333333,-0.983333333333,16,2924,295,5,-3198,3240,-0.987037037037,95,59,-36,-0.315789473684,60,1.0,81,5,1,120,70,5,120,1.0,0.867620444134,146,135,135,0.742857142857,1.0,0.991666666667,0.04819427878,2,0,0,119,0,119,-0.991666666667,-0.991666666667,16,8384,595,5,-8958,9000,-0.995333333333,176,119,-57,-0.292307692308,120,1.0,81,5,1,141,70,5,140,0.992907801418,0.861157909197,146,135,135,0.742857142857,1.0,0.992857142857,0.042414731858,2,0,0,139,0,139,-0.992857142857,-0.992857142857,16,9784,695,5,-10458,10500,-0.996,196,139,-57,-0.26511627907,141,1.0,81,5,1,141,70,5,140,0.992907801418,0.861157909197,146,135,135,0.742857142857,1.0,0.992857142857,0.042414731858,2,0,0,139,0,139,-0.992857142857,-0.992857142857,16,9784,695,5,-10458,10500,-0.996,196,139,-57,-0.26511627907,141,1.0
MOT17-13-FRCNN,38,81,310,u_to_v,38,81,1,311,144,46,46,38,81,1,56,310,265,454,255,190,255,46,1,144,144,144,1.0,0.388215803905,0.121213459748,0.283436308659,0.076296937205,0.020449261392,-1.0,-1.0,76,1606,0.357334711537,1,"{""81"": 144}",144,30,30,1,30,26,30,30,1.0,0.845821651615,168,163,163,1.0,1.0,1.0,-0.0,1,0,0,30,0,30,-1.0,-1.0,0,780,900,0,-1680,1680,-1.0,86,56,-30,-0.348837209302,30,1.0,60,46,1,60,56,46,60,1.0,0.85177729726,168,163,163,1.0,1.0,1.0,-0.0,1,0,0,60,0,60,-1.0,-1.0,0,3360,2760,0,-6120,6120,-1.0,162,102,-60,-0.37037037037,60,1.0,120,46,1,120,116,46,118,0.983333333333,0.807353111776,168,163,163,0.922413793103,1.0,1.0,-0.0,1,0,0,118,0,118,-1.0,-1.0,0,13688,5428,0,-19116,19116,-1.0,271,153,-118,-0.421428571429,120,1.0,255,46,1,144,249,46,141,0.979166666667,0.805003667251,62,163,163,0.570281124498,1.0,1.0,-0.0,1,0,0,141,0,141,-1.0,-1.0,0,35109,6486,0,-41595,41595,-1.0,329,188,-141,-0.323394495413,144,1.0,255,46,1,144,249,46,141,0.979166666667,0.805003667251,62,163,163,0.570281124498,1.0,1.0,-0.0,1,0,0,141,0,141,-1.0,-1.0,0,35109,6486,0,-41595,41595,-1.0,329,188,-141,-0.323394495413,144,1.0
MOT17-13-FRCNN,38,82,310,u_to_v,38,82,1,311,44,39,39,38,82,1,56,310,272,354,255,83,255,39,1,44,44,44,1.0,0.983533565009,0.14937950215,0.0,0.070693237845,0.058092850678,-1.0,-1.0,77,1607,1.033757049398,1,"{""82"": 44}",44,30,30,1,30,26,30,30,1.0,0.816827658022,168,170,170,1.0,1.0,1.0,-0.0,1,0,0,30,0,30,-1.0,-1.0,0,780,900,0,-1680,1680,-1.0,86,56,-30,-0.348837209302,30,1.0,60,39,1,44,56,39,43,0.977272727273,0.806615457566,168,170,170,1.0,1.0,1.0,-0.0,1,0,0,43,0,43,-1.0,-1.0,0,2408,1677,0,-4085,4085,-1.0,138,95,-43,-0.311594202899,44,1.0,120,39,1,44,116,39,43,0.977272727273,0.806615457566,168,170,170,0.922413793103,1.0,1.0,-0.0,1,0,0,43,0,43,-1.0,-1.0,0,4988,1677,0,-6665,6665,-1.0,189,146,-43,-0.217171717172,44,1.0,255,39,1,44,249,39,43,0.977272727273,0.806615457566,62,170,170,0.570281124498,1.0,1.0,-0.0,1,0,0,43,0,43,-1.0,-1.0,0,10707,1677,0,-12384,12384,-1.0,224,181,-43,-0.129909365559,44,1.0,255,39,1,44,249,39,43,0.977272727273,0.806615457566,62,170,170,0.570281124498,1.0,1.0,-0.0,1,0,0,43,0,43,-1.0,-1.0,0,10707,1677,0,-12384,12384,-1.0,224,181,-43,-0.129909365559,44,1.0
MOT17-13-FRCNN,38,91,310,u_to_v,38,91,1,311,151,13,13,38,91,1,56,310,298,461,255,164,255,13,1,151,151,151,1.0,1.906325112209,0.427208940957,0.0,0.079167294781,0.377646432642,-1.0,-1.0,78,1613,2.058808720191,1,"{""91"": 151}",151,30,13,1,30,26,13,30,1.0,0.813407707482,168,151,151,1.0,1.0,1.0,-0.0,1,0,0,30,0,30,-1.0,-1.0,0,780,390,0,-1170,1170,-1.0,69,39,-30,-0.434782608696,30,1.0,60,13,1,60,56,13,60,1.0,0.822625301217,168,151,151,1.0,1.0,1.0,-0.0,1,0,0,60,0,60,-1.0,-1.0,0,3360,780,0,-4140,4140,-1.0,129,69,-60,-0.46511627907,60,1.0,120,13,1,120,116,13,120,1.0,0.852142230167,168,151,151,0.922413793103,1.0,1.0,-0.0,1,0,0,120,0,120,-1.0,-1.0,0,13920,1560,0,-15480,15480,-1.0,240,120,-120,-0.481927710843,120,1.0,255,13,1,151,249,13,150,0.993377483444,0.862773100838,62,151,151,0.570281124498,1.0,1.0,-0.0,1,0,0,150,0,150,-1.0,-1.0,0,37350,1950,0,-39300,39300,-1.0,305,155,-150,-0.364077669903,151,1.0,255,13,1,151,249,13,150,0.993377483444,0.862773100838,62,151,151,0.570281124498,1.0,1.0,-0.0,1,0,0,150,0,150,-1.0,-1.0,0,37350,1950,0,-39300,39300,-1.0,305,155,-150,-0.364077669903,151,1.0
MOT17-13-FRCNN,38,93,310,u_to_v,38,93,1,311,131,3,3,38,93,1,56,310,308,441,255,134,255,3,1,131,131,131,1.0,2.638370507601,1.378320542887,0.0,0.494351473689,0.791980274264,-1.0,-1.0,79,1615,3.111583818119,1,"{""93"": 131}",131,30,3,1,30,26,3,30,1.0,0.874836827077,168,133,133,1.0,1.0,1.0,-0.0,1,0,0,30,0,30,-1.0,-1.0,0,780,90,0,-870,870,-1.0,59,30,-29,-0.491525423729,30,1.0,60,3,1,60,56,3,60,1.0,0.900386917383,168,133,133,1.0,1.0,1.0,-0.0,1,0,0,60,0,60,-1.0,-1.0,0,3360,180,0,-3540,3540,-1.0,119,60,-59,-0.495798319328,60,1.0,120,3,1,120,116,3,120,1.0,0.913340708162,168,133,133,0.922413793103,1.0,1.0,-0.0,1,0,0,120,0,120,-1.0,-1.0,0,13920,360,0,-14280,14280,-1.0,230,120,-110,-0.460251046025,120,1.0,255,3,1,131,249,3,128,0.977099236641,0.900515774831,62,133,133,0.570281124498,1.0,1.0,-0.0,1,0,0,128,0,128,-1.0,-1.0,0,31872,384,0,-32256,32256,-1.0,273,145,-128,-0.336842105263,131,1.0,255,3,1,131,249,3,128,0.977099236641,0.900515774831,62,133,133,0.570281124498,1.0,1.0,-0.0,1,0,0,128,0,128,-1.0,-1.0,0,31872,384,0,-32256,32256,-1.0,273,145,-128,-0.336842105263,131,1.0
MOT17-13-FRCNN,53,80,334,v_to_u,80,53,1,335,6,74,74,80,53,1,261,334,106,340,74,235,74,229,1,6,6,6,1.0,0.302490771875,0.029857059,0.32931565148,0.052518034283,0.014744093116,-1.0,-1.0,80,1619,0.234352336495,1,"{""53"": 6}",6,30,30,1,6,30,30,5,0.833333333333,0.911850502704,148,52,52,1.0,1.0,1.0,-0.0,1,0,0,5,0,5,-1.0,-1.0,0,150,150,0,-300,300,-1.0,65,60,-5,-0.076923076923,6,1.0,60,60,1,6,60,60,5,0.833333333333,0.911850502704,148,52,52,1.0,1.0,1.0,-0.0,1,0,0,5,0,5,-1.0,-1.0,0,300,300,0,-600,600,-1.0,125,120,-5,-0.04,6,1.0,74,120,1,6,74,120,5,0.833333333333,0.911850502704,148,52,52,1.0,0.908333333333,1.0,-0.0,1,0,0,5,0,5,-1.0,-1.0,0,370,545,55,-860,970,-0.886597938144,188,183,-5,-0.025125628141,6,1.0,74,229,1,6,74,229,5,0.833333333333,0.911850502704,148,51,52,1.0,0.524017467249,1.0,-0.0,1,0,0,0,0,0,0.0,0.0,0,370,545,600,-315,1515,-0.207920792079,194,194,0,0.0,6,1.0,74,229,1,6,74,229,5,0.833333333333,0.911850502704,148,51,52,1.0,0.524017467249,1.0,-0.0,1,0,0,0,0,0,0.0,0.0,0,370,545,600,-315,1515,-0.207920792079,194,194,0,0.0,6,1.0
MOT17-13-FRCNN,81,84,338,v_to_u,84,81,1,339,116,54,54,84,81,1,285,338,265,454,54,190,54,74,1,116,116,116,1.0,0.936933321757,0.119671553579,0.0,0.542343384086,0.176493528642,-1.0,-1.0,81,1648,1.038734901425,1,"{""81"": 116}",116,30,30,1,30,28,30,30,1.0,0.853517964438,169,163,163,1.0,1.0,1.0,-0.0,1,0,0,30,0,30,-1.0,-1.0,0,840,900,0,-1740,1740,-1.0,88,58,-30,-0.340909090909,30,1.0,54,60,1,60,52,60,60,1.0,0.861875494599,169,163,163,1.0,1.0,1.0,-0.0,1,0,0,60,0,60,-1.0,-1.0,0,3120,3600,0,-6720,6720,-1.0,172,112,-60,-0.348837209302,60,1.0,54,74,1,116,52,74,113,0.974137931034,0.794802151721,169,163,163,1.0,1.0,1.0,-0.0,1,0,0,113,0,113,-1.0,-1.0,0,5876,8362,0,-14238,14238,-1.0,239,126,-113,-0.47280334728,116,1.0,54,74,1,116,52,74,113,0.974137931034,0.794802151721,169,163,163,1.0,1.0,1.0,-0.0,1,0,0,113,0,113,-1.0,-1.0,0,5876,8362,0,-14238,14238,-1.0,239,126,-113,-0.47280334728,116,1.0,54,74,1,116,52,74,113,0.974137931034,0.794802151721,169,163,163,1.0,1.0,1.0,-0.0,1,0,0,113,0,113,-1.0,-1.0,0,5876,8362,0,-14238,14238,-1.0,239,126,-113,-0.47280334728,116,1.0
MOT17-13-FRCNN,84,100,338,u_to_v,84,100,1,339,134,14,14,84,100,1,285,338,325,472,54,148,54,14,1,134,134,134,1.0,2.37040917111,0.075961108197,0.0,0.196856893868,0.273486839693,-1.0,-1.0,82,1663,2.436433821515,1,"{""100"": 134}",134,30,14,1,30,28,12,30,1.0,0.897788686766,169,65,65,1.0,1.0,1.0,-0.0,1,0,0,30,0,30,-1.0,-1.0,0,840,360,0,-1200,1200,-1.0,70,40,-30,-0.428571428571,30,1.0,54,14,1,60,52,12,60,1.0,0.896694570887,169,65,65,1.0,1.0,1.0,-0.0,1,0,0,60,0,60,-1.0,-1.0,0,3120,720,0,-3840,3840,-1.0,124,64,-60,-0.483870967742,60,1.0,54,14,1,120,52,12,120,1.0,0.891467121586,169,65,65,1.0,1.0,1.0,-0.0,1,0,0,120,0,120,-1.0,-1.0,0,6240,1440,0,-7680,7680,-1.0,184,120,-64,-0.347826086957,120,1.0,54,14,1,134,52,12,133,0.992537313433,0.893330853572,169,65,65,1.0,1.0,1.0,-0.0,1,0,0,133,0,133,-1.0,-1.0,0,6916,1596,0,-8512,8512,-1.0,197,133,-64,-0.324873096447,134,1.0,54,14,1,134,52,12,133,0.992537313433,0.893330853572,169,65,65,1.0,1.0,1.0,-0.0,1,0,0,133,0,133,-1.0,-1.0,0,6916,1596,0,-8512,8512,-1.0,197,133,-64,-0.324873096447,134,1.0
MOT17-13-FRCNN,53,78,340,u_to_v,53,78,1,341,30,85,85,53,78,1,106,340,256,370,235,115,235,85,1,30,30,30,1.0,2.548739004993,0.124016259139,0.0,0.233131337923,0.024689108742,-1.0,-1.0,83,1671,2.605525114444,1,"{""78"": 30}",30,30,30,1,30,29,30,30,1.0,0.87068761319,52,47,47,1.0,1.0,0.966666666667,0.146144746009,2,0,0,29,0,29,-0.966666666667,-0.966666666667,0,870,870,30,-1710,1770,-0.966101694915,88,59,-29,-0.325842696629,30,1.0,60,60,1,30,59,60,30,1.0,0.87068761319,52,47,47,1.0,1.0,0.966666666667,0.146144746009,2,0,0,29,0,29,-0.966666666667,-0.966666666667,0,1770,1740,60,-3450,3570,-0.966386554622,148,119,-29,-0.194630872483,30,1.0,120,85,1,30,119,85,30,1.0,0.87068761319,52,47,47,0.957983193277,1.0,0.966666666667,0.146144746009,2,0,0,29,0,29,-0.966666666667,-0.966666666667,0,3570,2465,85,-5950,6120,-0.972222222222,228,199,-29,-0.123931623932,30,1.0,235,85,1,30,234,85,30,1.0,0.87068761319,51,47,47,0.512820512821,1.0,0.966666666667,0.146144746009,2,0,0,29,0,29,-0.966666666667,-0.966666666667,0,7020,2465,85,-9400,9570,-0.98223615465,234,205,-29,-0.083094555874,30,1.0,235,85,1,30,234,85,30,1.0,0.87068761319,51,47,47,0.512820512821,1.0,0.966666666667,0.146144746009,2,0,0,29,0,29,-0.966666666667,-0.966666666667,0,7020,2465,85,-9400,9570,-0.98223615465,234,205,-29,-0.083094555874,30,1.0
MOT17-13-FRCNN,77,89,351,u_to_v,77,89,1,352,90,56,56,77,89,1,235,351,296,441,117,146,117,56,1,90,90,90,1.0,3.292209178641,0.765782126628,0.0,0.458549390312,0.283437975516,-1.0,-1.0,84,1699,3.557853446881,1,"{""89"": 90}",90,30,30,1,30,30,30,30,1.0,0.884370229655,143,135,135,1.0,1.0,1.0,-0.0,1,0,0,30,0,30,-1.0,-1.0,0,900,900,0,-1800,1800,-1.0,90,60,-30,-0.333333333333,30,1.0,60,56,1,60,60,56,60,1.0,0.866257556844,143,135,135,1.0,0.982142857143,1.0,-0.0,1,0,0,60,0,60,-1.0,-1.0,0,3600,3300,60,-6840,6960,-0.98275862069,175,115,-60,-0.340909090909,60,1.0,117,56,1,90,103,56,89,0.988888888889,0.859391472547,143,135,135,0.582524271845,0.982142857143,1.0,-0.0,1,0,0,89,0,89,-1.0,-1.0,0,9167,4895,89,-13973,14151,-0.987421383648,204,115,-89,-0.358870967742,90,1.0,117,56,1,90,103,56,89,0.988888888889,0.859391472547,143,135,135,0.582524271845,0.982142857143,1.0,-0.0,1,0,0,89,0,89,-1.0,-1.0,0,9167,4895,89,-13973,14151,-0.987421383648,204,115,-89,-0.358870967742,90,1.0,117,56,1,90,103,56,89,0.988888888889,0.859391472547,143,135,135,0.582524271845,0.982142857143,1.0,-0.0,1,0,0,89,0,89,-1.0,-1.0,0,9167,4895,89,-13973,14151,-0.987421383648,204,115,-89,-0.358870967742,90,1.0
MOT17-13-FRCNN,77,100,351,u_to_v,77,100,1,352,121,27,27,77,100,1,235,351,325,472,117,148,117,27,1,121,121,121,1.0,5.692419131389,0.45434611996,0.0,0.332214646369,0.330904792439,-1.0,-1.0,85,1710,5.87231760526,1,"{""100"": 121}",121,30,27,1,30,30,25,30,1.0,0.897481667619,143,65,65,1.0,1.0,1.0,-0.0,1,0,0,30,0,30,-1.0,-1.0,0,900,750,0,-1650,1650,-1.0,85,55,-30,-0.352941176471,30,1.0,60,27,1,60,60,25,60,1.0,0.893865490759,143,65,65,1.0,1.0,1.0,-0.0,1,0,0,60,0,60,-1.0,-1.0,0,3600,1500,0,-5100,5100,-1.0,145,85,-60,-0.413793103448,60,1.0,117,27,1,120,103,25,120,1.0,0.894210524592,143,65,65,0.582524271845,1.0,1.0,-0.0,1,0,0,120,0,120,-1.0,-1.0,0,12360,3000,0,-15360,15360,-1.0,205,120,-85,-0.342741935484,120,1.0,117,27,1,121,103,25,120,0.99173553719,0.894210524592,143,65,65,0.582524271845,1.0,1.0,-0.0,1,0,0,120,0,120,-1.0,-1.0,0,12360,3000,0,-15360,15360,-1.0,205,120,-85,-0.342741935484,121,1.0,117,27,1,121,103,25,120,0.99173553719,0.894210524592,143,65,65,0.582524271845,1.0,1.0,-0.0,1,0,0,120,0,120,-1.0,-1.0,0,12360,3000,0,-15360,15360,-1.0,205,120,-85,-0.342741935484,121,1.0
MOT17-13-FRCNN,82,87,354,u_to_v,82,87,1,355,109,64,64,82,87,1,272,354,291,463,83,173,83,64,1,109,109,109,1.0,1.189017692121,0.002524782119,0.0,0.180032447619,0.050490279152,-1.0,-1.0,86,1721,1.212701160328,1,"{""87"": 109}",109,30,30,1,30,29,30,30,1.0,0.861518860485,170,153,153,1.0,1.0,1.0,-0.0,1,0,0,30,0,30,-1.0,-1.0,0,870,900,0,-1770,1770,-1.0,89,59,-30,-0.337078651685,30,1.0,60,60,1,60,59,60,60,1.0,0.878866263577,170,153,153,1.0,0.75,1.0,-0.0,1,0,0,60,0,60,-1.0,-1.0,0,3540,2700,900,-5340,7140,-0.747899159664,164,104,-60,-0.335195530726,60,1.0,83,64,1,109,82,64,106,0.97247706422,0.857061213205,170,153,153,1.0,0.703125,0.924528301887,0.267567912573,2,0,0,98,0,98,-0.924528301887,-0.924528301887,0,8692,4410,2374,-10728,15476,-0.693202377875,225,127,-98,-0.388888888889,109,1.0,83,64,1,109,82,64,106,0.97247706422,0.857061213205,170,153,153,1.0,0.703125,0.924528301887,0.267567912573,2,0,0,98,0,98,-0.924528301887,-0.924528301887,0,8692,4410,2374,-10728,15476,-0.693202377875,225,127,-98,-0.388888888889,109,1.0,83,64,1,109,82,64,106,0.97247706422,0.857061213205,170,153,153,1.0,0.703125,0.924528301887,0.267567912573,2,0,0,98,0,98,-0.924528301887,-0.924528301887,0,8692,4410,2374,-10728,15476,-0.693202377875,225,127,-98,-0.388888888889,109,1.0
MOT17-13-FRCNN,82,91,354,u_to_v,82,91,1,355,107,57,57,82,91,1,272,354,298,461,83,164,83,57,1,107,107,107,1.0,0.280115032509,0.059323680281,0.360404237893,0.165055568609,0.055034345921,-1.0,-1.0,87,1724,0.226853884559,1,"{""91"": 107}",107,30,30,1,30,29,30,30,1.0,0.839379052365,170,151,151,1.0,1.0,1.0,-0.0,1,0,0,30,0,30,-1.0,-1.0,0,870,900,0,-1770,1770,-1.0,89,59,-30,-0.337078651685,30,1.0,60,57,1,60,59,57,60,1.0,0.861315946371,170,151,151,1.0,1.0,1.0,-0.0,1,0,0,60,0,60,-1.0,-1.0,0,3540,3420,0,-6960,6960,-1.0,176,116,-60,-0.340909090909,60,1.0,83,57,1,107,82,57,106,0.990654205607,0.879781193284,170,151,151,1.0,1.0,1.0,-0.0,1,0,0,106,0,106,-1.0,-1.0,0,8692,6042,0,-14734,14734,-1.0,245,139,-106,-0.432653061224,107,1.0,83,57,1,107,82,57,106,0.990654205607,0.879781193284,170,151,151,1.0,1.0,1.0,-0.0,1,0,0,106,0,106,-1.0,-1.0,0,8692,6042,0,-14734,14734,-1.0,245,139,-106,-0.432653061224,107,1.0,83,57,1,107,82,57,106,0.990654205607,0.879781193284,170,151,151,1.0,1.0,1.0,-0.0,1,0,0,106,0,106,-1.0,-1.0,0,8692,6042,0,-14734,14734,-1.0,245,139,-106,-0.432653061224,107,1.0
MOT17-13-FRCNN,12,18,368,v_to_u,18,12,1,369,9,368,368,18,12,1,1,368,1,377,368,377,368,368,1,9,9,9,1.0,0.881410962696,0.183735736852,0.0,0.082451783598,0.045060105275,-1.0,-1.0,88,1737,0.940096085797,1,"{""12"": 9}",9,30,30,1,9,29,30,6,0.666666666667,0.919963493628,49,18,18,1.0,1.0,1.0,-0.0,1,0,0,6,0,6,-1.0,-1.0,0,174,180,0,-354,354,-1.0,65,59,-6,-0.092307692308,9,1.0,60,60,1,9,59,60,6,0.666666666667,0.919963493628,49,18,18,1.0,1.0,1.0,-0.0,1,0,0,6,0,6,-1.0,-1.0,0,354,360,0,-714,714,-1.0,125,119,-6,-0.048,9,1.0,120,120,1,9,119,120,6,0.666666666667,0.919963493628,49,18,18,0.991596638655,1.0,1.0,-0.0,1,0,0,6,0,6,-1.0,-1.0,0,714,720,0,-1434,1434,-1.0,244,238,-6,-0.024489795918,9,1.0,300,300,1,9,299,300,6,0.666666666667,0.919963493628,49,18,18,0.515050167224,0.746666666667,1.0,-0.0,1,0,0,6,0,6,-1.0,-1.0,0,1794,1344,456,-2682,3594,-0.746243739566,384,378,-6,-0.009917355372,9,1.0,368,368,1,9,366,368,6,0.666666666667,0.919963493628,47,18,18,0.579234972678,0.608695652174,1.0,-0.0,1,0,0,6,0,6,-1.0,-1.0,0,2196,1344,864,-2676,4404,-0.607629427793,442,436,-6,-0.008108108108,9,1.0
MOT17-13-FRCNN,18,93,368,u_to_v,18,93,1,369,73,61,61,18,93,1,1,368,308,441,368,134,368,61,1,73,73,73,1.0,13.842989749497,0.133747933278,0.0,0.655684452038,0.278302434176,-1.0,-1.0,89,1748,13.969825421438,1,"{""93"": 73}",73,30,30,1,30,29,30,30,1.0,0.943751753737,49,133,133,1.0,1.0,1.0,-0.0,1,0,0,30,0,30,-1.0,-1.0,0,870,900,0,-1770,1770,-1.0,89,59,-30,-0.337078651685,30,1.0,60,60,1,60,59,60,60,1.0,0.927839146102,49,133,133,1.0,1.0,1.0,-0.0,1,0,0,60,0,60,-1.0,-1.0,0,3540,3600,0,-7140,7140,-1.0,179,119,-60,-0.335195530726,60,1.0,120,61,1,73,119,61,70,0.958904109589,0.900991635646,49,133,133,0.991596638655,1.0,1.0,-0.0,1,0,0,70,0,70,-1.0,-1.0,0,8330,4270,0,-12600,12600,-1.0,249,179,-70,-0.28,73,1.0,300,61,1,73,299,61,70,0.958904109589,0.900991635646,49,133,133,0.515050167224,1.0,1.0,-0.0,1,0,0,70,0,70,-1.0,-1.0,0,20930,4270,0,-25200,25200,-1.0,285,215,-70,-0.162790697674,73,1.0,368,61,1,73,366,61,70,0.958904109589,0.900991635646,47,133,133,0.579234972678,1.0,1.0,-0.0,1,0,0,70,0,70,-1.0,-1.0,0,25620,4270,0,-29890,29890,-1.0,343,273,-70,-0.140845070423,73,1.0
MOT17-13-FRCNN,70,78,370,v_to_u,78,70,1,371,48,115,115,78,70,1,256,370,197,418,115,222,115,174,1,48,48,48,1.0,13.650866510579,0.254136096638,0.0,0.484529040622,0.226228209747,-1.0,-1.0,90,1761,13.785476259775,1,"{""70"": 48}",48,30,30,1,30,30,30,30,1.0,0.875265947447,47,139,139,0.966666666667,1.0,1.0,-0.0,1,0,0,30,0,30,-1.0,-1.0,0,900,900,0,-1800,1800,-1.0,89,59,-30,-0.333333333333,30,1.0,60,60,1,48,60,60,48,1.0,0.859512803952,47,139,139,0.983333333333,1.0,1.0,-0.0,1,0,0,48,0,48,-1.0,-1.0,0,2880,2880,0,-5760,5760,-1.0,167,119,-48,-0.285714285714,48,1.0,115,120,1,48,115,116,48,1.0,0.859512803952,47,139,139,0.991304347826,0.551724137931,1.0,-0.0,1,0,0,48,0,48,-1.0,-1.0,0,5520,3072,2496,-6096,11088,-0.549783549784,226,178,-48,-0.172043010753,48,1.0,115,174,1,48,115,170,48,1.0,0.859512803952,47,133,139,0.991304347826,0.564705882353,1.0,-0.0,1,0,0,0,0,0,0.0,0.0,0,5520,3072,5088,-3504,13680,-0.256140350877,226,210,-16,-0.048048048048,48,1.0,115,174,1,48,115,170,48,1.0,0.859512803952,47,133,139,0.991304347826,0.564705882353,1.0,-0.0,1,0,0,0,0,0,0.0,0.0,0,5520,3072,5088,-3504,13680,-0.256140350877,226,210,-16,-0.048048048048,48,1.0
MOT17-13-FRCNN,78,90,370,u_to_v,78,90,1,371,2,74,74,78,90,1,256,370,297,372,115,76,115,74,1,2,2,2,1.0,0.053483390278,0.004165587987,0.798152659654,0.055193096888,0.020392375907,-1.0,-1.0,91,1766,-0.13745483036,1,"{""90"": 2}",2,30,30,1,2,30,30,0,0.0,,47,48,-1,0.966666666667,0.966666666667,,,0,0,0,0,0,0,0.0,0.0,0,0,0,0,0,0,0.0,58,58,0,0.0,2,1.0,60,60,1,2,60,60,0,0.0,,47,48,-1,0.983333333333,0.983333333333,,,0,0,0,0,0,0,0.0,0.0,0,0,0,0,0,0,0.0,118,118,0,0.0,2,1.0,115,74,1,2,115,74,0,0.0,,47,48,-1,0.991304347826,0.986486486486,,,0,0,0,0,0,0,0.0,0.0,0,0,0,0,0,0,0.0,187,187,0,0.0,2,1.0,115,74,1,2,115,74,0,0.0,,47,48,-1,0.991304347826,0.986486486486,,,0,0,0,0,0,0,0.0,0.0,0,0,0,0,0,0,0.0,187,187,0,0.0,2,1.0,115,74,1,2,115,74,0,0.0,,47,48,-1,0.991304347826,0.986486486486,,,0,0,0,0,0,0,0.0,0.0,0,0,0,0,0,0,0.0,187,187,0,0.0,2,1.0
MOT17-13-FRCNN,95,96,375,u_to_v,95,96,1,376,58,64,64,95,96,1,311,375,312,433,65,122,65,64,1,58,58,58,1.0,0.428037813001,0.025527358795,0.158590635022,0.049466068217,0.063015741658,-1.0,-1.0,92,1812,0.406020174932,1,"{""96"": 58}",58,30,30,1,30,26,30,30,1.0,0.766880831811,126,74,74,1.0,1.0,1.0,-0.0,1,0,0,30,0,30,-1.0,-1.0,0,780,900,0,-1680,1680,-1.0,86,56,-30,-0.348837209302,30,1.0,60,60,1,58,56,60,45,0.775862068966,0.801869806634,126,74,74,1.0,1.0,1.0,-0.0,1,0,0,45,0,45,-1.0,-1.0,0,2520,2700,0,-5220,5220,-1.0,161,116,-45,-0.27950310559,58,1.0,65,64,1,58,60,64,45,0.775862068966,0.801869806634,126,74,74,1.0,1.0,1.0,-0.0,1,0,0,45,0,45,-1.0,-1.0,0,2700,2880,0,-5580,5580,-1.0,169,124,-45,-0.266272189349,58,1.0,65,64,1,58,60,64,45,0.775862068966,0.801869806634,126,74,74,1.0,1.0,1.0,-0.0,1,0,0,45,0,45,-1.0,-1.0,0,2700,2880,0,-5580,5580,-1.0,169,124,-45,-0.266272189349,58,1.0,65,64,1,58,60,64,45,0.775862068966,0.801869806634,126,74,74,1.0,1.0,1.0,-0.0,1,0,0,45,0,45,-1.0,-1.0,0,2700,2880,0,-5580,5580,-1.0,169,124,-45,-0.266272189349,58,1.0
MOT17-13-FRCNN,12,85,377,u_to_v,12,85,1,378,61,91,91,12,85,1,1,377,287,438,377,152,377,91,1,61,61,61,1.0,12.226151743464,0.190194281752,0.0,0.257805463516,0.236913266811,-1.0,-1.0,93,1824,12.323172186935,1,"{""85"": 61}",61,30,30,1,30,27,30,30,1.0,0.885806412429,18,147,147,1.0,1.0,1.0,-0.0,1,0,0,30,0,30,-1.0,-1.0,0,810,900,0,-1710,1710,-1.0,87,57,-30,-0.344827586207,30,1.0,60,60,1,60,57,60,60,1.0,0.883931800446,18,147,147,1.0,1.0,0.916666666667,0.286835983056,2,0,0,55,0,55,-0.916666666667,-0.916666666667,0,3420,3300,300,-6420,7020,-0.91452991453,172,117,-55,-0.310734463277,60,1.0,120,91,1,61,117,91,61,1.0,0.881824015572,18,147,147,1.0,1.0,0.918032786885,0.283547892971,2,0,0,56,0,56,-0.918032786885,-0.918032786885,0,7137,5096,455,-11778,12688,-0.928278688525,264,208,-56,-0.208178438662,61,1.0,300,91,1,61,297,91,61,1.0,0.881824015572,18,147,147,0.774410774411,1.0,0.918032786885,0.283547892971,2,0,0,56,0,56,-0.918032786885,-0.918032786885,0,18117,5096,455,-22758,23668,-0.961551461889,377,321,-56,-0.124721603563,61,1.0,377,91,1,61,374,91,61,1.0,0.881824015572,18,147,147,0.614973262032,1.0,0.918032786885,0.283547892971,2,0,0,56,0,56,-0.918032786885,-0.918032786885,0,22814,5096,455,-27455,28365,-0.96791820906,377,321,-56,-0.106463878327,61,1.0
MOT17-13-FRCNN,101,105,382,v_to_u,105,101,1,383,96,1,1,105,101,1,382,382,326,478,1,153,1,57,1,96,96,96,1.0,0.127960902107,0.079787413566,0.708241110319,0.203806758245,0.005997524632,-1.0,-1.0,94,1855,-0.008172093793,1,"{""101"": 96}",96,1,30,1,30,1,27,30,1.0,0.8310831427,155,161,161,1.0,0.925925925926,0.933333333333,0.244930026795,2,0,2,28,2,28,-0.866666666667,-0.866666666667,2,28,704,106,-624,840,-0.742857142857,54,30,-24,-0.413793103448,30,1.0,1,57,1,60,1,38,60,1.0,0.846990860196,155,161,161,1.0,0.657894736842,0.966666666667,0.146144746009,2,0,2,58,2,58,-0.933333333333,-0.933333333333,2,58,1454,826,-684,2340,-0.292307692308,84,69,-15,-0.151515151515,60,1.0,1,57,1,96,1,38,95,0.989583333333,0.829249377895,155,161,161,1.0,0.657894736842,0.978947368421,0.102107973449,2,0,2,93,2,93,-0.957894736842,-0.957894736842,2,93,2329,1281,-1139,3705,-0.307422402159,119,104,-15,-0.111940298507,96,1.0,1,57,1,96,1,38,95,0.989583333333,0.829249377895,155,161,161,1.0,0.657894736842,0.978947368421,0.102107973449,2,0,2,93,2,93,-0.957894736842,-0.957894736842,2,93,2329,1281,-1139,3705,-0.307422402159,119,104,-15,-0.111940298507,96,1.0,1,57,1,96,1,38,95,0.989583333333,0.829249377895,155,161,161,1.0,0.657894736842,0.978947368421,0.102107973449,2,0,2,93,2,93,-0.957894736842,-0.957894736842,2,93,2329,1281,-1139,3705,-0.307422402159,119,104,-15,-0.111940298507,96,1.0
MOT17-13-FRCNN,13,81,400,u_to_v,13,81,1,401,54,136,136,13,81,1,1,400,265,454,400,190,400,136,1,54,54,54,1.0,2.558011007125,0.917920245158,0.0,0.627226871169,0.583544536767,-1.0,-1.0,95,1860,2.908568209208,1,"{""81"": 54}",54,30,30,1,30,26,30,28,0.933333333333,0.647555959267,39,163,163,1.0,1.0,1.0,-0.0,1,0,0,28,0,28,-1.0,-1.0,0,728,840,0,-1568,1568,-1.0,84,56,-28,-0.333333333333,30,1.0,60,60,1,54,56,60,51,0.944444444444,0.713125818672,39,163,163,1.0,1.0,1.0,-0.0,1,0,0,51,0,51,-1.0,-1.0,0,2856,3060,0,-5916,5916,-1.0,167,116,-51,-0.305389221557,54,1.0,120,120,1,54,116,120,51,0.944444444444,0.713125818672,39,163,163,1.0,1.0,1.0,-0.0,1,0,0,51,0,51,-1.0,-1.0,0,5916,6120,0,-12036,12036,-1.0,287,236,-51,-0.177700348432,54,1.0,300,136,1,54,296,136,51,0.944444444444,0.713125818672,39,163,163,1.0,1.0,1.0,-0.0,1,0,0,51,0,51,-1.0,-1.0,0,15096,6936,0,-22032,22032,-1.0,483,432,-51,-0.105590062112,54,1.0,400,136,1,54,396,136,51,0.944444444444,0.713125818672,39,163,163,1.0,1.0,1.0,-0.0,1,0,0,51,0,51,-1.0,-1.0,0,20196,6936,0,-27132,27132,-1.0,583,532,-51,-0.087478559177,54,1.0
MOT17-13-FRCNN,107,108,417,v_to_u,108,107,1,418,32,1,1,108,107,1,417,417,413,449,1,37,1,5,1,32,32,32,1.0,1.085150736539,0.065338267588,0.0,0.099460793531,0.038368468707,-1.0,-1.0,96,1896,1.115268229659,1,"{""107"": 32}",32,1,5,1,30,1,5,30,1.0,0.830176138459,137,58,58,1.0,1.0,1.0,-0.0,1,0,0,30,0,30,-1.0,-1.0,0,30,150,0,-180,180,-1.0,36,30,-6,-0.166666666667,30,1.0,1,5,1,32,1,5,30,0.9375,0.830176138459,137,58,58,1.0,1.0,1.0,-0.0,1,0,0,30,0,30,-1.0,-1.0,0,30,150,0,-180,180,-1.0,36,30,-6,-0.166666666667,32,1.0,1,5,1,32,1,5,30,0.9375,0.830176138459,137,58,58,1.0,1.0,1.0,-0.0,1,0,0,30,0,30,-1.0,-1.0,0,30,150,0,-180,180,-1.0,36,30,-6,-0.166666666667,32,1.0,1,5,1,32,1,5,30,0.9375,0.830176138459,137,58,58,1.0,1.0,1.0,-0.0,1,0,0,30,0,30,-1.0,-1.0,0,30,150,0,-180,180,-1.0,36,30,-6,-0.166666666667,32,1.0,1,5,1,32,1,5,30,0.9375,0.830176138459,137,58,58,1.0,1.0,1.0,-0.0,1,0,0,30,0,30,-1.0,-1.0,0,30,150,0,-180,180,-1.0,36,30,-6,-0.166666666667,32,1.0
MOT17-13-FRCNN,70,85,418,u_to_v,70,85,1,419,20,132,132,70,85,1,197,418,287,438,222,152,222,132,1,20,20,20,1.0,0.135404276757,0.090791008151,0.652309146818,0.259261128158,0.067380578151,-1.0,-1.0,97,1898,0.027688912721,1,"{""85"": 20}",20,30,30,1,20,30,30,20,1.0,0.870635003758,139,147,147,1.0,1.0,0.75,0.562335144619,2,0,5,15,5,15,-0.5,-0.5,150,450,450,150,-600,1200,-0.5,75,65,-10,-0.125,20,1.0,60,60,1,20,60,60,20,1.0,0.870635003758,139,147,147,1.0,1.0,0.75,0.562335144619,2,0,5,15,5,15,-0.5,-0.5,300,900,900,300,-1200,2400,-0.5,135,125,-10,-0.071428571429,20,1.0,120,120,1,20,120,120,20,1.0,0.870635003758,139,147,147,0.933333333333,1.0,0.75,0.562335144619,2,0,5,15,5,15,-0.5,-0.5,560,1840,1800,600,-2480,4800,-0.516666666667,247,237,-10,-0.038461538462,20,1.0,222,132,1,20,218,132,20,1.0,0.870635003758,139,147,147,0.51376146789,1.0,0.75,0.562335144619,2,0,5,15,5,15,-0.5,-0.5,560,3800,1980,660,-4560,7000,-0.651428571429,259,249,-10,-0.027027027027,20,1.0,222,132,1,20,218,132,20,1.0,0.870635003758,139,147,147,0.51376146789,1.0,0.75,0.562335144619,2,0,5,15,5,15,-0.5,-0.5,560,3800,1980,660,-4560,7000,-0.651428571429,259,249,-10,-0.027027027027,20,1.0
MOT17-13-FRCNN,70,91,418,u_to_v,70,91,1,419,43,121,121,70,91,1,197,418,298,461,222,164,222,121,1,43,43,43,1.0,3.20573663126,1.552248536656,0.0,0.652150176111,0.909556931049,-1.0,-1.0,98,1901,3.74996947614,1,"{""91"": 43}",43,30,30,1,30,30,30,30,1.0,0.910433228839,139,151,151,1.0,1.0,1.0,-0.0,1,0,0,30,0,30,-1.0,-1.0,0,900,900,0,-1800,1800,-1.0,90,60,-30,-0.333333333333,30,1.0,60,60,1,43,60,60,42,0.976744186047,0.9054805382,139,151,151,1.0,1.0,1.0,-0.0,1,0,0,42,0,42,-1.0,-1.0,0,2520,2520,0,-5040,5040,-1.0,162,120,-42,-0.259259259259,43,1.0,120,120,1,43,120,120,42,0.976744186047,0.9054805382,139,151,151,0.933333333333,1.0,1.0,-0.0,1,0,0,42,0,42,-1.0,-1.0,0,5040,5040,0,-10080,10080,-1.0,274,232,-42,-0.148936170213,43,1.0,222,121,1,43,218,121,42,0.976744186047,0.9054805382,139,151,151,0.51376146789,1.0,1.0,-0.0,1,0,0,42,0,42,-1.0,-1.0,0,9156,5082,0,-14238,14238,-1.0,275,233,-42,-0.110236220472,43,1.0,222,121,1,43,218,121,42,0.976744186047,0.9054805382,139,151,151,0.51376146789,1.0,1.0,-0.0,1,0,0,42,0,42,-1.0,-1.0,0,9156,5082,0,-14238,14238,-1.0,275,233,-42,-0.110236220472,43,1.0
MOT17-13-FRCNN,70,92,418,u_to_v,70,92,1,419,62,118,118,70,92,1,197,418,301,480,222,180,222,118,1,62,62,62,1.0,6.561189574155,0.826384548088,0.0,0.244605245114,0.512343545884,-1.0,-1.0,99,1902,6.843480590276,1,"{""92"": 62}",62,30,30,1,30,30,30,30,1.0,0.922513507566,139,160,160,1.0,1.0,1.0,-0.0,1,0,0,30,0,30,-1.0,-1.0,0,900,900,0,-1800,1800,-1.0,90,60,-30,-0.333333333333,30,1.0,60,60,1,60,60,60,60,1.0,0.915491660554,139,160,160,1.0,1.0,1.0,-0.0,1,0,0,60,0,60,-1.0,-1.0,0,3600,3600,0,-7200,7200,-1.0,180,120,-60,-0.333333333333,60,1.0,120,118,1,62,120,118,61,0.983870967742,0.911875906939,139,160,160,0.933333333333,1.0,1.0,-0.0,1,0,0,61,0,61,-1.0,-1.0,0,7320,7198,0,-14518,14518,-1.0,291,230,-61,-0.204013377926,62,1.0,222,118,1,62,218,118,61,0.983870967742,0.911875906939,139,160,160,0.51376146789,1.0,1.0,-0.0,1,0,0,61,0,61,-1.0,-1.0,0,13298,7198,0,-20496,20496,-1.0,291,230,-61,-0.153652392947,62,1.0,222,118,1,62,218,118,61,0.983870967742,0.911875906939,139,160,160,0.51376146789,1.0,1.0,-0.0,1,0,0,61,0,61,-1.0,-1.0,0,13298,7198,0,-20496,20496,-1.0,291,230,-61,-0.153652392947,62,1.0
MOT17-13-FRCNN,96,97,420,v_to_u,97,96,1,421,13,104,104,97,96,1,317,420,312,433,104,122,104,109,1,13,13,13,1.0,0.379071717554,0.154895958487,0.231894516301,0.353464355979,0.173370448078,-1.0,-1.0,100,1924,0.412505558506,1,"{""96"": 13}",13,30,30,1,13,30,30,0,0.0,,59,74,-1,1.0,1.0,,,0,0,0,0,0,0,0.0,0.0,0,0,0,0,0,0,0.0,60,60,0,0.0,13,1.0,60,60,1,13,60,60,0,0.0,,59,74,-1,1.0,1.0,,,0,0,0,0,0,0,0.0,0.0,0,0,0,0,0,0,0.0,120,120,0,0.0,13,1.0,104,109,1,13,104,109,0,0.0,,59,74,-1,1.0,1.0,,,0,0,0,0,0,0,0.0,0.0,0,0,0,0,0,0,0.0,213,213,0,0.0,13,1.0,104,109,1,13,104,109,0,0.0,,59,74,-1,1.0,1.0,,,0,0,0,0,0,0,0.0,0.0,0,0,0,0,0,0,0.0,213,213,0,0.0,13,1.0,104,109,1,13,104,109,0,0.0,,59,74,-1,1.0,1.0,,,0,0,0,0,0,0,0.0,0.0,0,0,0,0,0,0,0.0,213,213,0,0.0,13,1.0
MOT17-13-FRCNN,99,102,429,v_to_u,102,99,1,430,40,95,95,102,99,1,335,429,320,469,95,150,95,110,1,40,40,40,1.0,0.243581715838,0.114196600556,0.417775941868,0.111955582643,0.086668382646,-1.0,-1.0,101,1945,0.187549277038,1,"{""99"": 40}",40,30,30,1,30,30,30,30,1.0,0.79095119558,68,142,142,1.0,1.0,0.966666666667,0.146144746009,2,0,0,29,0,29,-0.966666666667,-0.966666666667,0,900,870,30,-1740,1800,-0.966666666667,89,60,-29,-0.322222222222,30,1.0,60,60,1,40,60,60,39,0.975,0.784830191333,68,142,142,1.0,1.0,0.974358974359,0.119246926396,2,0,0,38,0,38,-0.974358974359,-0.974358974359,0,2340,2280,60,-4560,4680,-0.974358974359,158,120,-38,-0.238993710692,40,1.0,95,110,1,40,95,110,39,0.975,0.784830191333,68,142,142,1.0,1.0,0.974358974359,0.119246926396,2,0,0,38,0,38,-0.974358974359,-0.974358974359,0,3705,4180,110,-7775,7995,-0.972482801751,243,205,-38,-0.155737704918,40,1.0,95,110,1,40,95,110,39,0.975,0.784830191333,68,142,142,1.0,1.0,0.974358974359,0.119246926396,2,0,0,38,0,38,-0.974358974359,-0.974358974359,0,3705,4180,110,-7775,7995,-0.972482801751,243,205,-38,-0.155737704918,40,1.0,95,110,1,40,95,110,39,0.975,0.784830191333,68,142,142,1.0,1.0,0.974358974359,0.119246926396,2,0,0,38,0,38,-0.974358974359,-0.974358974359,0,3705,4180,110,-7775,7995,-0.972482801751,243,205,-38,-0.155737704918,40,1.0
MOT17-13-FRCNN,85,93,438,u_to_v,85,93,1,439,3,131,131,85,93,1,287,438,308,441,152,134,152,131,1,3,3,3,1.0,1.659483399453,0.796174773955,0.0,0.040311497413,0.207431032144,-1.0,-1.0,102,1975,1.883301345898,1,"{""93"": 3}",3,30,30,1,3,30,30,0,0.0,,147,133,-1,0.833333333333,1.0,,,0,0,0,0,0,0,0.0,0.0,0,0,0,0,0,0,0.0,55,55,0,0.0,3,1.0,60,60,1,3,60,60,0,0.0,,147,133,-1,0.916666666667,1.0,,,0,0,0,0,0,0,0.0,0.0,0,0,0,0,0,0,0.0,115,115,0,0.0,3,1.0,120,120,1,3,120,120,0,0.0,,147,133,-1,0.958333333333,1.0,,,0,0,0,0,0,0,0.0,0.0,0,0,0,0,0,0,0.0,235,235,0,0.0,3,1.0,152,131,1,3,152,131,0,0.0,,147,133,-1,0.967105263158,1.0,,,0,0,0,0,0,0,0.0,0.0,0,0,0,0,0,0,0.0,278,278,0,0.0,3,1.0,152,131,1,3,152,131,0,0.0,,147,133,-1,0.967105263158,1.0,,,0,0,0,0,0,0,0.0,0.0,0,0,0,0,0,0,0.0,278,278,0,0.0,3,1.0
MOT17-13-FRCNN,87,89,441,v_to_u,89,87,1,442,22,146,146,89,87,1,296,441,291,463,146,173,146,151,1,22,22,22,1.0,5.531765273951,2.866830659302,0.0,1.366604864507,1.357573152517,-1.0,-1.0,103,1988,6.520890740479,1,"{""87"": 22}",22,30,30,1,22,29,30,19,0.863636363636,0.829344430486,135,153,153,1.0,1.0,0.578947368421,0.680629487892,2,0,0,11,0,11,-0.578947368421,-0.578947368421,0,551,330,240,-641,1121,-0.57181088314,70,59,-11,-0.141025641026,22,1.0,60,60,1,22,59,60,19,0.863636363636,0.829344430486,135,153,153,1.0,1.0,0.578947368421,0.680629487892,2,0,0,11,0,11,-0.578947368421,-0.578947368421,0,1121,660,480,-1301,2261,-0.575409111013,130,119,-11,-0.079710144928,22,1.0,120,120,1,22,119,120,19,0.863636363636,0.829344430486,135,153,153,1.0,1.0,0.578947368421,0.680629487892,2,0,0,11,0,11,-0.578947368421,-0.578947368421,0,2261,1320,960,-2621,4541,-0.577185641929,250,239,-11,-0.042635658915,22,1.0,146,151,1,22,145,151,19,0.863636363636,0.829344430486,135,153,153,0.993103448276,0.87417218543,0.578947368421,0.680629487892,2,0,0,11,0,11,-0.578947368421,-0.578947368421,0,2755,1452,1417,-2790,5624,-0.496088193457,287,276,-11,-0.034920634921,22,1.0,146,151,1,22,145,151,19,0.863636363636,0.829344430486,135,153,153,0.993103448276,0.87417218543,0.578947368421,0.680629487892,2,0,0,11,0,11,-0.578947368421,-0.578947368421,0,2755,1452,1417,-2790,5624,-0.496088193457,287,276,-11,-0.034920634921,22,1.0
MOT17-13-FRCNN,89,94,441,u_to_v,89,94,1,442,1,131,131,89,94,1,296,441,311,442,146,132,146,131,1,1,1,1,1.0,0.546308861022,0.30558857061,0.157513563122,0.334994585817,0.156770485078,-1.0,-1.0,104,1992,0.632504119983,1,"{""94"": 1}",1,30,30,1,1,29,30,1,1.0,0.739607750196,135,157,157,1.0,1.0,1.0,-0.0,1,0,0,1,0,1,-1.0,-1.0,0,29,30,0,-59,59,-1.0,60,59,-1,-0.016666666667,1,1.0,60,60,1,1,59,60,1,1.0,0.739607750196,135,157,157,1.0,1.0,1.0,-0.0,1,0,0,1,0,1,-1.0,-1.0,0,59,60,0,-119,119,-1.0,120,119,-1,-0.008333333333,1,1.0,120,120,1,1,119,120,1,1.0,0.739607750196,135,157,157,1.0,1.0,1.0,-0.0,1,0,0,1,0,1,-1.0,-1.0,0,119,120,0,-239,239,-1.0,240,239,-1,-0.004166666667,1,1.0,146,131,1,1,145,131,1,1.0,0.739607750196,135,157,157,0.993103448276,1.0,1.0,-0.0,1,0,0,1,0,1,-1.0,-1.0,1,144,131,0,-274,276,-0.992753623188,276,275,-1,-0.003610108303,1,1.0,146,131,1,1,145,131,1,1.0,0.739607750196,135,157,157,0.993103448276,1.0,1.0,-0.0,1,0,0,1,0,1,-1.0,-1.0,1,144,131,0,-274,276,-0.992753623188,276,275,-1,-0.003610108303,1,1.0
MOT17-13-FRCNN,93,98,441,u_to_v,93,98,1,442,31,125,125,93,98,1,308,441,317,472,134,156,134,125,1,31,31,31,1.0,5.526409418832,1.759342768127,0.0,0.621602013397,0.69529251738,-1.0,-1.0,105,2005,6.097934563942,1,"{""98"": 31}",31,30,30,1,30,27,30,30,1.0,0.919542449737,133,155,155,1.0,1.0,1.0,-0.0,1,0,0,30,0,30,-1.0,-1.0,0,810,900,0,-1710,1710,-1.0,87,57,-30,-0.344827586207,30,1.0,60,60,1,31,57,59,31,1.0,0.915109497561,133,155,155,1.0,0.966101694915,1.0,-0.0,1,0,0,31,0,31,-1.0,-1.0,0,1767,1767,62,-3472,3596,-0.965517241379,145,114,-31,-0.210884353741,31,1.0,120,120,1,31,117,119,31,1.0,0.915109497561,133,155,155,1.0,0.966386554622,1.0,-0.0,1,0,0,31,0,31,-1.0,-1.0,0,3627,3565,124,-7068,7316,-0.966101694915,263,232,-31,-0.116104868914,31,1.0,134,125,1,31,131,124,31,1.0,0.915109497561,133,155,155,1.0,0.967741935484,1.0,-0.0,1,0,0,31,0,31,-1.0,-1.0,0,4061,3720,124,-7657,7905,-0.96862745098,282,251,-31,-0.108391608392,31,1.0,134,125,1,31,131,124,31,1.0,0.915109497561,133,155,155,1.0,0.967741935484,1.0,-0.0,1,0,0,31,0,31,-1.0,-1.0,0,4061,3720,124,-7657,7905,-0.96862745098,282,251,-31,-0.108391608392,31,1.0
MOT17-13-FRCNN,81,107,449,v_to_u,107,81,1,450,5,37,37,107,81,1,413,449,265,454,37,190,37,185,1,5,5,5,1.0,1.118237786795,0.851545028323,0.048644482888,0.260906503987,0.441217036812,-1.0,-1.0,106,2027,1.389175277234,1,"{""81"": 5}",5,30,30,1,5,28,29,4,0.8,0.731491498489,58,163,163,1.0,1.0,1.0,-0.0,1,0,0,4,0,4,-1.0,-1.0,0,112,116,0,-228,228,-1.0,61,57,-4,-0.065573770492,5,1.0,37,60,1,5,35,58,4,0.8,0.731491498489,58,163,163,1.0,1.0,1.0,-0.0,1,0,0,4,0,4,-1.0,-1.0,0,140,232,0,-372,372,-1.0,97,93,-4,-0.041237113402,5,1.0,37,120,1,5,35,118,4,0.8,0.731491498489,58,163,163,1.0,1.0,1.0,-0.0,1,0,0,4,0,4,-1.0,-1.0,0,140,472,0,-612,612,-1.0,157,153,-4,-0.025477707006,5,1.0,37,185,1,5,35,183,4,0.8,0.731491498489,58,163,163,1.0,1.0,1.0,-0.0,1,0,0,4,0,4,-1.0,-1.0,0,140,732,0,-872,872,-1.0,222,218,-4,-0.018018018018,5,1.0,37,185,1,5,35,183,4,0.8,0.731491498489,58,163,163,1.0,1.0,1.0,-0.0,1,0,0,4,0,4,-1.0,-1.0,0,140,732,0,-872,872,-1.0,222,218,-4,-0.018018018018,5,1.0
MOT17-13-FRCNN,107,109,449,u_to_v,107,109,1,450,6,31,31,107,109,1,413,449,419,455,37,37,37,31,1,6,6,6,1.0,0.744585962284,0.131580791999,0.0,0.002440513719,0.088005732641,-1.0,-1.0,107,2038,0.786525784919,1,"{""109"": 6}",6,30,30,1,6,28,30,5,0.833333333333,0.858953489066,58,137,137,1.0,1.0,1.0,-0.0,1,0,0,5,0,5,-1.0,-1.0,0,140,150,0,-290,290,-1.0,63,58,-5,-0.079365079365,6,1.0,37,31,1,6,35,31,5,0.833333333333,0.858953489066,58,137,137,1.0,1.0,1.0,-0.0,1,0,0,5,0,5,-1.0,-1.0,0,175,155,0,-330,330,-1.0,71,66,-5,-0.070422535211,6,1.0,37,31,1,6,35,31,5,0.833333333333,0.858953489066,58,137,137,1.0,1.0,1.0,-0.0,1,0,0,5,0,5,-1.0,-1.0,0,175,155,0,-330,330,-1.0,71,66,-5,-0.070422535211,6,1.0,37,31,1,6,35,31,5,0.833333333333,0.858953489066,58,137,137,1.0,1.0,1.0,-0.0,1,0,0,5,0,5,-1.0,-1.0,0,175,155,0,-330,330,-1.0,71,66,-5,-0.070422535211,6,1.0,37,31,1,6,35,31,5,0.833333333333,0.858953489066,58,137,137,1.0,1.0,1.0,-0.0,1,0,0,5,0,5,-1.0,-1.0,0,175,155,0,-330,330,-1.0,71,66,-5,-0.070422535211,6,1.0
MOT17-13-FRCNN,81,87,454,u_to_v,81,87,1,455,9,164,164,81,87,1,265,454,291,463,190,173,190,164,1,9,9,9,1.0,0.293800198767,0.107071212387,0.357893645602,0.114902957531,0.04542987172,-1.0,-1.0,108,2039,0.247127873389,1,"{""87"": 9}",9,30,30,1,9,29,28,8,0.888888888889,0.813034022056,163,153,154,1.0,1.0,1.0,-0.0,1,0,0,0,0,0,0.0,0.0,0,232,0,224,-8,456,-0.017543859649,57,57,0,0.0,9,1.0,60,60,1,9,57,58,8,0.888888888889,0.813034022056,163,153,154,1.0,1.0,1.0,-0.0,1,0,0,0,0,0,0.0,0.0,0,456,0,464,8,920,0.008695652174,115,115,0,0.0,9,1.0,120,120,1,9,117,118,8,0.888888888889,0.813034022056,163,153,154,1.0,1.0,1.0,-0.0,1,0,0,0,0,0,0.0,0.0,0,936,0,944,8,1880,0.004255319149,235,235,0,0.0,9,1.0,190,164,1,9,187,162,8,0.888888888889,0.813034022056,163,153,154,1.0,0.882716049383,1.0,-0.0,1,0,0,0,0,0,0.0,0.0,0,1496,0,1296,-200,2792,-0.071633237822,330,330,0,0.0,9,1.0,190,164,1,9,187,162,8,0.888888888889,0.813034022056,163,153,154,1.0,0.882716049383,1.0,-0.0,1,0,0,0,0,0,0.0,0.0,0,1496,0,1296,-200,2792,-0.071633237822,330,330,0,0.0,9,1.0
MOT17-13-FRCNN,81,91,454,u_to_v,81,91,1,455,7,157,157,81,91,1,265,454,298,461,190,164,190,157,1,7,7,7,1.0,0.58575058933,0.163304232951,0.052927758007,0.179391316897,0.071562628233,-1.0,-1.0,109,2040,0.638440102579,1,"{""91"": 7}",7,30,30,1,7,29,30,6,0.857142857143,0.86839905784,163,151,151,1.0,1.0,1.0,-0.0,1,0,0,6,0,6,-1.0,-1.0,0,174,180,0,-354,354,-1.0,65,59,-6,-0.092307692308,7,1.0,60,60,1,7,57,60,6,0.857142857143,0.86839905784,163,151,151,1.0,1.0,1.0,-0.0,1,0,0,6,0,6,-1.0,-1.0,0,342,360,0,-702,702,-1.0,123,117,-6,-0.048780487805,7,1.0,120,120,1,7,117,120,6,0.857142857143,0.86839905784,163,151,151,1.0,1.0,1.0,-0.0,1,0,0,6,0,6,-1.0,-1.0,0,702,720,0,-1422,1422,-1.0,243,237,-6,-0.024691358025,7,1.0,190,157,1,7,187,157,6,0.857142857143,0.86839905784,163,151,151,1.0,1.0,1.0,-0.0,1,0,0,6,0,6,-1.0,-1.0,0,1122,942,0,-2064,2064,-1.0,350,344,-6,-0.017142857143,7,1.0,190,157,1,7,187,157,6,0.857142857143,0.86839905784,163,151,151,1.0,1.0,1.0,-0.0,1,0,0,6,0,6,-1.0,-1.0,0,1122,942,0,-2064,2064,-1.0,350,344,-6,-0.017142857143,7,1.0
MOT17-13-FRCNN,100,111,459,v_to_u,111,100,1,460,13,1,1,111,100,1,459,459,325,472,1,148,1,135,1,13,13,13,1.0,2.553260805444,0.196025144582,0.0,0.726160992632,0.194528131108,-1.0,-1.0,110,2067,2.694336003964,1,"{""100"": 13}",13,1,30,1,13,1,30,12,0.923076923077,0.914331126471,128,65,65,1.0,1.0,1.0,-0.0,1,0,0,12,0,12,-1.0,-1.0,0,12,360,0,-372,372,-1.0,43,31,-12,-0.279069767442,13,1.0,1,60,1,13,1,60,12,0.923076923077,0.914331126471,128,65,65,1.0,1.0,1.0,-0.0,1,0,0,12,0,12,-1.0,-1.0,0,12,720,0,-732,732,-1.0,73,61,-12,-0.164383561644,13,1.0,1,120,1,13,1,120,12,0.923076923077,0.914331126471,128,65,65,1.0,1.0,1.0,-0.0,1,0,0,12,0,12,-1.0,-1.0,0,12,1440,0,-1452,1452,-1.0,133,121,-12,-0.09022556391,13,1.0,1,135,1,13,1,133,12,0.923076923077,0.914331126471,128,65,65,1.0,1.0,1.0,-0.0,1,0,0,12,0,12,-1.0,-1.0,0,12,1596,0,-1608,1608,-1.0,146,134,-12,-0.082191780822,13,1.0,1,135,1,13,1,133,12,0.923076923077,0.914331126471,128,65,65,1.0,1.0,1.0,-0.0,1,0,0,12,0,12,-1.0,-1.0,0,12,1596,0,-1608,1608,-1.0,146,134,-12,-0.082191780822,13,1.0
MOT17-13-FRCNN,91,92,461,u_to_v,91,92,1,462,19,161,161,91,92,1,298,461,301,480,164,180,164,161,1,19,19,19,1.0,6.606180492189,1.040554651042,0.0,0.544973695191,0.518055107727,-1.0,-1.0,111,2074,6.972622035242,1,"{""92"": 19}",19,30,30,1,19,29,30,18,0.947368421053,0.863840520392,151,160,160,1.0,1.0,1.0,-0.0,1,0,0,18,0,18,-1.0,-1.0,0,522,540,0,-1062,1062,-1.0,77,59,-18,-0.233766233766,19,1.0,60,60,1,19,59,60,18,0.947368421053,0.863840520392,151,160,160,1.0,1.0,1.0,-0.0,1,0,0,18,0,18,-1.0,-1.0,0,1062,1080,0,-2142,2142,-1.0,137,119,-18,-0.131386861314,19,1.0,120,120,1,19,119,120,18,0.947368421053,0.863840520392,151,160,160,1.0,1.0,1.0,-0.0,1,0,0,18,0,18,-1.0,-1.0,0,2142,2160,0,-4302,4302,-1.0,257,239,-18,-0.070038910506,19,1.0,164,161,1,19,163,161,18,0.947368421053,0.863840520392,151,160,160,1.0,1.0,1.0,-0.0,1,0,0,18,0,18,-1.0,-1.0,0,2934,2898,0,-5832,5832,-1.0,342,324,-18,-0.052631578947,19,1.0,164,161,1,19,163,161,18,0.947368421053,0.863840520392,151,160,160,1.0,1.0,1.0,-0.0,1,0,0,18,0,18,-1.0,-1.0,0,2934,2898,0,-5832,5832,-1.0,342,324,-18,-0.052631578947,19,1.0
MOT17-13-FRCNN,103,104,467,v_to_u,104,103,1,468,1,96,96,104,103,1,372,467,351,468,96,118,96,117,1,1,1,1,1.0,0.315541750433,0.052285452119,0.298922849843,0.081526020677,0.054334625453,-1.0,-1.0,112,2097,0.267468465615,1,"{""103"": 1}",1,30,30,1,1,27,30,0,0.0,,165,70,-1,0.555555555556,1.0,,,0,0,0,0,0,0,0.0,0.0,0,0,0,0,0,0,0.0,45,45,0,0.0,1,1.0,60,60,1,1,57,60,0,0.0,,69,70,-1,0.736842105263,1.0,,,0,0,0,0,0,0,0.0,0.0,0,0,0,0,0,0,0.0,102,102,0,0.0,1,1.0,96,117,1,1,93,110,0,0.0,,69,70,-1,0.838709677419,1.0,,,0,0,0,0,0,0,0.0,0.0,0,0,0,0,0,0,0.0,188,188,0,0.0,1,1.0,96,117,1,1,93,110,0,0.0,,69,70,-1,0.838709677419,1.0,,,0,0,0,0,0,0,0.0,0.0,0,0,0,0,0,0,0.0,188,188,0,0.0,1,1.0,96,117,1,1,93,110,0,0.0,,69,70,-1,0.838709677419,1.0,,,0,0,0,0,0,0,0.0,0.0,0,0,0,0,0,0,0.0,188,188,0,0.0,1,1.0
MOT17-13-FRCNN,99,100,469,u_to_v,99,100,1,470,3,145,145,99,100,1,320,469,325,472,150,148,150,145,1,3,3,3,1.0,0.877901236425,0.062780809639,0.0,0.122404937438,0.03789997575,-1.0,-1.0,113,2109,0.909626930153,1,"{""100"": 3}",3,30,30,1,3,29,30,2,0.666666666667,0.905004169989,142,65,65,0.965517241379,1.0,1.0,-0.0,1,0,0,2,0,2,-1.0,-1.0,0,58,60,0,-118,118,-1.0,60,58,-2,-0.032786885246,3,1.0,60,60,1,3,59,60,2,0.666666666667,0.905004169989,142,65,65,0.983050847458,1.0,1.0,-0.0,1,0,0,2,0,2,-1.0,-1.0,0,118,120,0,-238,238,-1.0,120,118,-2,-0.01652892562,3,1.0,120,120,1,3,119,120,2,0.666666666667,0.905004169989,142,65,65,0.991596638655,1.0,1.0,-0.0,1,0,0,2,0,2,-1.0,-1.0,0,238,240,0,-478,478,-1.0,240,238,-2,-0.008298755187,3,1.0,150,145,1,3,149,143,2,0.666666666667,0.905004169989,142,65,65,0.993288590604,1.0,1.0,-0.0,1,0,0,2,0,2,-1.0,-1.0,0,298,286,0,-584,584,-1.0,293,291,-2,-0.006802721088,3,1.0,150,145,1,3,149,143,2,0.666666666667,0.905004169989,142,65,65,0.993288590604,1.0,1.0,-0.0,1,0,0,2,0,2,-1.0,-1.0,0,298,286,0,-584,584,-1.0,293,291,-2,-0.006802721088,3,1.0
MOT17-13-FRCNN,92,98,472,v_to_u,98,92,1,473,8,156,156,98,92,1,317,472,301,480,156,180,156,172,1,8,8,8,1.0,1.84967676197,0.555334880244,0.0,0.506520136307,0.261191838521,-1.0,-1.0,114,2113,2.065281679513,1,"{""92"": 8}",8,30,30,1,8,30,30,7,0.875,0.839644386893,155,160,160,1.0,1.0,1.0,-0.0,1,0,0,7,0,7,-1.0,-1.0,0,210,210,0,-420,420,-1.0,67,60,-7,-0.10447761194,8,1.0,60,60,1,8,60,60,7,0.875,0.839644386893,155,160,160,1.0,1.0,1.0,-0.0,1,0,0,7,0,7,-1.0,-1.0,0,420,420,0,-840,840,-1.0,127,120,-7,-0.055118110236,8,1.0,120,120,1,8,119,120,7,0.875,0.839644386893,155,160,160,0.966386554622,1.0,1.0,-0.0,1,0,0,7,0,7,-1.0,-1.0,0,833,840,0,-1673,1673,-1.0,242,235,-7,-0.028455284553,8,1.0,156,172,1,8,155,172,7,0.875,0.839644386893,155,160,160,0.974193548387,1.0,1.0,-0.0,1,0,0,7,0,7,-1.0,-1.0,0,1085,1204,0,-2289,2289,-1.0,330,323,-7,-0.020958083832,8,1.0,156,172,1,8,155,172,7,0.875,0.839644386893,155,160,160,0.974193548387,1.0,1.0,-0.0,1,0,0,7,0,7,-1.0,-1.0,0,1085,1204,0,-2289,2289,-1.0,330,323,-7,-0.020958083832,8,1.0
MOT17-13-FRCNN,100,110,472,u_to_v,100,110,1,473,24,23,23,100,110,1,325,472,450,496,148,47,148,23,1,24,24,24,1.0,6.772265947954,1.764548607243,0.0,0.846900640918,0.767336773924,-1.0,-1.0,115,2120,7.374826841249,1,"{""110"": 24}",24,30,23,1,24,29,23,23,0.958333333333,0.88981324776,65,20,20,1.0,1.0,1.0,-0.0,1,0,0,23,0,23,-1.0,-1.0,0,667,529,0,-1196,1196,-1.0,75,52,-23,-0.306666666667,24,1.0,60,23,1,24,59,23,23,0.958333333333,0.88981324776,65,20,20,1.0,1.0,1.0,-0.0,1,0,0,23,0,23,-1.0,-1.0,0,1357,529,0,-1886,1886,-1.0,105,82,-23,-0.219047619048,24,1.0,120,23,1,24,119,23,23,0.958333333333,0.88981324776,65,20,20,1.0,1.0,1.0,-0.0,1,0,0,23,0,23,-1.0,-1.0,0,2737,529,0,-3266,3266,-1.0,165,142,-23,-0.139393939394,24,1.0,148,23,1,24,145,23,23,0.958333333333,0.88981324776,65,20,20,1.0,1.0,1.0,-0.0,1,0,0,23,0,23,-1.0,-1.0,0,3335,529,0,-3864,3864,-1.0,191,168,-23,-0.120418848168,24,1.0,148,23,1,24,145,23,23,0.958333333333,0.88981324776,65,20,20,1.0,1.0,1.0,-0.0,1,0,0,23,0,23,-1.0,-1.0,0,3335,529,0,-3864,3864,-1.0,191,168,-23,-0.120418848168,24,1.0
MOT17-13-FRCNN,101,106,475,v_to_u,106,101,1,476,3,64,64,106,101,1,412,475,326,478,64,153,64,150,1,3,3,3,1.0,0.230296373386,0.148718802456,0.551008437568,0.199586274191,0.05762699427,-1.0,-1.0,116,2122,0.155445291454,1,"{""101"": 3}",3,30,30,1,3,30,30,2,0.666666666667,0.870778439317,144,161,161,1.0,1.0,1.0,-0.0,1,0,0,2,0,2,-1.0,-1.0,0,60,60,0,-120,120,-1.0,62,60,-2,-0.032258064516,3,1.0,60,60,1,3,60,60,2,0.666666666667,0.870778439317,144,161,161,1.0,1.0,1.0,-0.0,1,0,0,2,0,2,-1.0,-1.0,0,120,120,0,-240,240,-1.0,122,120,-2,-0.016393442623,3,1.0,64,120,1,3,64,120,2,0.666666666667,0.870778439317,144,161,161,1.0,0.966666666667,1.0,-0.0,1,0,0,2,0,2,-1.0,-1.0,0,128,232,8,-352,368,-0.95652173913,182,180,-2,-0.010752688172,3,1.0,64,150,1,3,64,131,2,0.666666666667,0.870778439317,144,161,161,1.0,0.885496183206,1.0,-0.0,1,0,0,2,0,2,-1.0,-1.0,0,128,232,30,-330,390,-0.846153846154,182,180,-2,-0.010152284264,3,1.0,64,150,1,3,64,131,2,0.666666666667,0.870778439317,144,161,161,1.0,0.885496183206,1.0,-0.0,1,0,0,2,0,2,-1.0,-1.0,0,128,232,30,-330,390,-0.846153846154,182,180,-2,-0.010152284264,3,1.0
MOT17-13-FRCNN,112,113,518,u_to_v,112,113,1,519,2,38,38,112,113,1,480,518,481,520,39,40,39,38,1,2,2,2,1.0,0.368362486541,0.167698758907,0.286466001794,0.365267163514,0.116745135525,-1.0,-1.0,117,2130,0.386871905723,1,"{""113"": 2}",2,30,30,1,2,30,30,1,0.5,0.784728000327,21,22,22,1.0,1.0,1.0,-0.0,1,0,0,1,0,1,-1.0,-1.0,0,30,30,0,-60,60,-1.0,61,60,-1,-0.016393442623,2,1.0,39,38,1,2,39,38,1,0.5,0.784728000327,21,22,22,0.974358974359,1.0,1.0,-0.0,1,0,0,1,0,1,-1.0,-1.0,1,38,38,0,-75,77,-0.974025974026,77,76,-1,-0.012820512821,2,1.0,39,38,1,2,39,38,1,0.5,0.784728000327,21,22,22,0.974358974359,1.0,1.0,-0.0,1,0,0,1,0,1,-1.0,-1.0,1,38,38,0,-75,77,-0.974025974026,77,76,-1,-0.012820512821,2,1.0,39,38,1,2,39,38,1,0.5,0.784728000327,21,22,22,0.974358974359,1.0,1.0,-0.0,1,0,0,1,0,1,-1.0,-1.0,1,38,38,0,-75,77,-0.974025974026,77,76,-1,-0.012820512821,2,1.0,39,38,1,2,39,38,1,0.5,0.784728000327,21,22,22,0.974358974359,1.0,1.0,-0.0,1,0,0,1,0,1,-1.0,-1.0,1,38,38,0,-75,77,-0.974025974026,77,76,-1,-0.012820512821,2,1.0
MOT17-13-FRCNN,118,119,538,v_to_u,119,118,1,539,48,5,5,119,118,1,534,538,517,586,5,70,5,22,1,48,48,48,1.0,6.522310381967,2.82131011307,0.0,1.57027628173,1.403450902637,-1.0,-1.0,118,2145,7.525010628672,1,"{""118"": 48}",48,5,22,1,30,5,22,30,1.0,0.936343510377,53,25,25,1.0,1.0,1.0,-0.0,1,0,0,30,0,30,-1.0,-1.0,0,150,660,0,-810,810,-1.0,57,30,-27,-0.473684210526,30,1.0,5,22,1,48,5,22,47,0.979166666667,0.886645384108,53,25,25,1.0,1.0,1.0,-0.0,1,0,0,47,0,47,-1.0,-1.0,0,235,1034,0,-1269,1269,-1.0,74,47,-27,-0.364864864865,48,1.0,5,22,1,48,5,22,47,0.979166666667,0.886645384108,53,25,25,1.0,1.0,1.0,-0.0,1,0,0,47,0,47,-1.0,-1.0,0,235,1034,0,-1269,1269,-1.0,74,47,-27,-0.364864864865,48,1.0,5,22,1,48,5,22,47,0.979166666667,0.886645384108,53,25,25,1.0,1.0,1.0,-0.0,1,0,0,47,0,47,-1.0,-1.0,0,235,1034,0,-1269,1269,-1.0,74,47,-27,-0.364864864865,48,1.0,5,22,1,48,5,22,47,0.979166666667,0.886645384108,53,25,25,1.0,1.0,1.0,-0.0,1,0,0,47,0,47,-1.0,-1.0,0,235,1034,0,-1269,1269,-1.0,74,47,-27,-0.364864864865,48,1.0
MOT17-13-FRCNN,114,116,556,u_to_v,114,116,1,557,2,52,52,114,116,1,503,556,505,558,54,54,54,52,1,2,2,2,1.0,0.430925820221,0.077158476828,0.167133239301,0.217705728762,0.056470691482,-1.0,-1.0,119,2147,0.435849771627,1,"{""116"": 2}",2,30,30,1,2,29,30,1,0.5,0.867813945921,23,24,24,1.0,1.0,1.0,-0.0,1,0,0,1,0,1,-1.0,-1.0,0,29,30,0,-59,59,-1.0,60,59,-1,-0.016666666667,2,1.0,54,52,1,2,53,52,1,0.5,0.867813945921,23,24,24,1.0,1.0,1.0,-0.0,1,0,0,1,0,1,-1.0,-1.0,0,53,52,0,-105,105,-1.0,106,105,-1,-0.009433962264,2,1.0,54,52,1,2,53,52,1,0.5,0.867813945921,23,24,24,1.0,1.0,1.0,-0.0,1,0,0,1,0,1,-1.0,-1.0,0,53,52,0,-105,105,-1.0,106,105,-1,-0.009433962264,2,1.0,54,52,1,2,53,52,1,0.5,0.867813945921,23,24,24,1.0,1.0,1.0,-0.0,1,0,0,1,0,1,-1.0,-1.0,0,53,52,0,-105,105,-1.0,106,105,-1,-0.009433962264,2,1.0,54,52,1,2,53,52,1,0.5,0.867813945921,23,24,24,1.0,1.0,1.0,-0.0,1,0,0,1,0,1,-1.0,-1.0,0,53,52,0,-105,105,-1.0,106,105,-1,-0.009433962264,2,1.0
MOT17-13-FRCNN,115,118,586,v_to_u,118,115,1,587,18,70,70,118,115,1,517,586,505,604,70,100,70,82,1,18,18,18,1.0,2.486139600766,1.839666278462,0.0,0.59488077881,0.879713807198,-1.0,-1.0,120,2155,3.093515628982,1,"{""115"": 18}",18,30,30,1,18,29,30,18,1.0,0.934710621265,25,26,26,1.0,1.0,1.0,-0.0,1,0,0,18,0,18,-1.0,-1.0,0,522,540,0,-1062,1062,-1.0,77,59,-18,-0.233766233766,18,1.0,60,60,1,18,59,60,18,1.0,0.934710621265,25,26,26,1.0,1.0,1.0,-0.0,1,0,0,18,0,18,-1.0,-1.0,0,1062,1080,0,-2142,2142,-1.0,137,119,-18,-0.131386861314,18,1.0,70,82,1,18,69,82,18,1.0,0.934710621265,25,26,26,1.0,1.0,1.0,-0.0,1,0,0,18,0,18,-1.0,-1.0,0,1242,1476,0,-2718,2718,-1.0,169,151,-18,-0.10650887574,18,1.0,70,82,1,18,69,82,18,1.0,0.934710621265,25,26,26,1.0,1.0,1.0,-0.0,1,0,0,18,0,18,-1.0,-1.0,0,1242,1476,0,-2718,2718,-1.0,169,151,-18,-0.10650887574,18,1.0,70,82,1,18,69,82,18,1.0,0.934710621265,25,26,26,1.0,1.0,1.0,-0.0,1,0,0,18,0,18,-1.0,-1.0,0,1242,1476,0,-2718,2718,-1.0,169,151,-18,-0.10650887574,18,1.0
MOT17-13-FRCNN,118,121,586,u_to_v,118,121,1,587,55,27,27,118,121,1,517,586,560,641,70,82,70,27,1,55,55,55,1.0,11.292645405612,5.026081970906,0.0,1.918189891968,2.083608468209,-1.0,-1.0,121,2158,12.949345734356,1,"{""121"": 55}",55,30,27,1,30,29,27,30,1.0,0.818512323823,25,57,57,1.0,1.0,1.0,-0.0,1,0,0,30,0,30,-1.0,-1.0,0,870,810,0,-1680,1680,-1.0,86,56,-30,-0.348837209302,30,1.0,60,27,1,55,59,27,47,0.854545454545,0.790828420784,25,57,57,1.0,1.0,1.0,-0.0,1,0,0,47,0,47,-1.0,-1.0,0,2773,1269,0,-4042,4042,-1.0,133,86,-47,-0.353383458647,55,1.0,70,27,1,55,69,27,47,0.854545454545,0.790828420784,25,57,57,1.0,1.0,1.0,-0.0,1,0,0,47,0,47,-1.0,-1.0,0,3243,1269,0,-4512,4512,-1.0,143,96,-47,-0.328671328671,55,1.0,70,27,1,55,69,27,47,0.854545454545,0.790828420784,25,57,57,1.0,1.0,1.0,-0.0,1,0,0,47,0,47,-1.0,-1.0,0,3243,1269,0,-4512,4512,-1.0,143,96,-47,-0.328671328671,55,1.0,70,27,1,55,69,27,47,0.854545454545,0.790828420784,25,57,57,1.0,1.0,1.0,-0.0,1,0,0,47,0,47,-1.0,-1.0,0,3243,1269,0,-4512,4512,-1.0,143,96,-47,-0.328671328671,55,1.0
MOT17-13-FRCNN,120,122,624,v_to_u,122,120,1,625,45,55,55,122,120,1,570,624,539,669,55,131,55,86,1,45,45,45,1.0,7.763149595384,1.159928645236,0.0,0.475125587471,0.519363958701,-1.0,-1.0,122,2166,8.152580711311,1,"{""120"": 45}",45,30,30,1,30,30,30,30,1.0,0.857585501419,27,53,53,1.0,1.0,1.0,-0.0,1,0,0,30,0,30,-1.0,-1.0,0,900,900,0,-1800,1800,-1.0,90,60,-30,-0.333333333333,30,1.0,55,60,1,45,55,60,45,1.0,0.857009178282,27,53,53,1.0,1.0,1.0,-0.0,1,0,0,45,0,45,-1.0,-1.0,0,2475,2700,0,-5175,5175,-1.0,160,115,-45,-0.28125,45,1.0,55,86,1,45,55,86,45,1.0,0.857009178282,27,53,53,1.0,1.0,1.0,-0.0,1,0,0,45,0,45,-1.0,-1.0,0,2475,3870,0,-6345,6345,-1.0,186,141,-45,-0.241935483871,45,1.0,55,86,1,45,55,86,45,1.0,0.857009178282,27,53,53,1.0,1.0,1.0,-0.0,1,0,0,45,0,45,-1.0,-1.0,0,2475,3870,0,-6345,6345,-1.0,186,141,-45,-0.241935483871,45,1.0,55,86,1,45,55,86,45,1.0,0.857009178282,27,53,53,1.0,1.0,1.0,-0.0,1,0,0,45,0,45,-1.0,-1.0,0,2475,3870,0,-6345,6345,-1.0,186,141,-45,-0.241935483871,45,1.0
MOT17-13-FRCNN,117,121,641,v_to_u,121,117,1,642,101,82,82,121,117,1,560,641,506,742,82,237,82,136,1,101,101,101,1.0,11.498168725368,1.846515488189,0.0,0.838268013732,0.90105511642,-1.0,-1.0,123,2171,12.13372991043,1,"{""117"": 101}",101,30,30,1,30,22,30,30,1.0,0.890992126642,57,28,28,1.0,1.0,1.0,-0.0,1,0,0,30,0,30,-1.0,-1.0,0,660,900,0,-1560,1560,-1.0,82,52,-30,-0.365853658537,30,1.0,60,60,1,60,52,60,60,1.0,0.902744432283,57,28,28,1.0,1.0,1.0,-0.0,1,0,0,60,0,60,-1.0,-1.0,0,3120,3600,0,-6720,6720,-1.0,172,112,-60,-0.348837209302,60,1.0,82,120,1,101,74,120,101,1.0,0.906852190865,57,28,28,1.0,1.0,1.0,-0.0,1,0,0,101,0,101,-1.0,-1.0,0,7474,12120,0,-19594,19594,-1.0,295,194,-101,-0.342372881356,101,1.0,82,136,1,101,74,136,101,1.0,0.906852190865,57,28,28,1.0,1.0,1.0,-0.0,1,0,0,101,0,101,-1.0,-1.0,0,7474,13736,0,-21210,21210,-1.0,311,210,-101,-0.324758842444,101,1.0,82,136,1,101,74,136,101,1.0,0.906852190865,57,28,28,1.0,1.0,1.0,-0.0,1,0,0,101,0,101,-1.0,-1.0,0,7474,13736,0,-21210,21210,-1.0,311,210,-101,-0.324758842444,101,1.0
MOT17-13-FRCNN,121,125,641,u_to_v,121,125,1,642,109,27,27,121,125,1,560,641,615,750,82,136,82,27,1,109,109,109,1.0,15.824179284485,0.026728204546,0.0,0.170888745583,0.212988219996,-1.0,-1.0,124,2175,15.86924903218,1,"{""125"": 109}",109,30,27,1,30,22,27,30,1.0,0.748681110058,57,56,56,1.0,1.0,1.0,-0.0,1,0,0,30,0,30,-1.0,-1.0,0,660,810,0,-1470,1470,-1.0,79,49,-30,-0.379746835443,30,1.0,60,27,1,60,52,27,60,1.0,0.809398277705,57,56,56,1.0,1.0,1.0,-0.0,1,0,0,60,0,60,-1.0,-1.0,0,3120,1620,0,-4740,4740,-1.0,139,79,-60,-0.431654676259,60,1.0,82,27,1,109,74,27,109,1.0,0.823760357222,57,56,56,1.0,1.0,1.0,-0.0,1,0,0,109,0,109,-1.0,-1.0,0,8066,2943,0,-11009,11009,-1.0,210,109,-101,-0.480952380952,109,1.0,82,27,1,109,74,27,109,1.0,0.823760357222,57,56,56,1.0,1.0,1.0,-0.0,1,0,0,109,0,109,-1.0,-1.0,0,8066,2943,0,-11009,11009,-1.0,210,109,-101,-0.480952380952,109,1.0,82,27,1,109,74,27,109,1.0,0.823760357222,57,56,56,1.0,1.0,1.0,-0.0,1,0,0,109,0,109,-1.0,-1.0,0,8066,2943,0,-11009,11009,-1.0,210,109,-101,-0.480952380952,109,1.0
MOT17-13-FRCNN,124,127,657,v_to_u,127,124,1,658,93,1,1,127,124,1,657,657,614,750,1,137,1,44,1,93,93,93,1.0,0.567548835043,0.022250765143,0.074604344027,0.223637256582,0.18672970603,-1.0,-1.0,125,2179,0.595497136583,1,"{""124"": 93}",93,1,30,1,30,1,30,30,1.0,0.83412102841,55,43,43,1.0,1.0,1.0,-0.0,1,0,0,30,0,30,-1.0,-1.0,0,30,900,0,-930,930,-1.0,61,31,-30,-0.491803278689,30,1.0,1,44,1,60,1,40,60,1.0,0.854908550555,55,43,43,1.0,1.0,1.0,-0.0,1,0,0,60,0,60,-1.0,-1.0,0,60,2400,0,-2460,2460,-1.0,101,60,-41,-0.405940594059,60,1.0,1,44,1,93,1,40,93,1.0,0.870109330274,55,43,43,1.0,1.0,1.0,-0.0,1,0,0,93,0,93,-1.0,-1.0,0,93,3720,0,-3813,3813,-1.0,134,93,-41,-0.305970149254,93,1.0,1,44,1,93,1,40,93,1.0,0.870109330274,55,43,43,1.0,1.0,1.0,-0.0,1,0,0,93,0,93,-1.0,-1.0,0,93,3720,0,-3813,3813,-1.0,134,93,-41,-0.305970149254,93,1.0,1,44,1,93,1,40,93,1.0,0.870109330274,55,43,43,1.0,1.0,1.0,-0.0,1,0,0,93,0,93,-1.0,-1.0,0,93,3720,0,-3813,3813,-1.0,134,93,-41,-0.305970149254,93,1.0
MOT17-13-FRCNN,120,126,669,u_to_v,120,126,1,670,81,19,19,120,126,1,539,669,651,750,131,100,131,19,1,81,81,81,1.0,15.404289952005,2.280154208511,0.0,0.769270876033,0.792210102697,-1.0,-1.0,126,2186,16.130476602006,1,"{""126"": 81}",81,30,19,1,30,30,18,30,1.0,0.832593094116,53,54,54,1.0,1.0,1.0,-0.0,1,0,0,30,0,30,-1.0,-1.0,0,900,540,0,-1440,1440,-1.0,78,48,-30,-0.384615384615,30,1.0,60,19,1,60,60,18,60,1.0,0.850045825177,53,54,54,1.0,1.0,1.0,-0.0,1,0,0,60,0,60,-1.0,-1.0,0,3600,1080,0,-4680,4680,-1.0,138,78,-60,-0.434782608696,60,1.0,120,19,1,81,120,18,81,1.0,0.851958622839,53,54,54,1.0,1.0,1.0,-0.0,1,0,0,81,0,81,-1.0,-1.0,0,9720,1458,0,-11178,11178,-1.0,219,138,-81,-0.369863013699,81,1.0,131,19,1,81,131,18,81,1.0,0.851958622839,53,54,54,1.0,1.0,1.0,-0.0,1,0,0,81,0,81,-1.0,-1.0,0,10611,1458,0,-12069,12069,-1.0,230,149,-81,-0.352173913043,81,1.0,131,19,1,81,131,18,81,1.0,0.851958622839,53,54,54,1.0,1.0,1.0,-0.0,1,0,0,81,0,81,-1.0,-1.0,0,10611,1458,0,-12069,12069,-1.0,230,149,-81,-0.352173913043,81,1.0
MOT17-13-FRCNN,117,125,742,u_to_v,117,125,1,743,8,128,128,117,125,1,506,742,615,750,237,136,237,128,1,8,8,8,1.0,12.487488724774,3.228640102731,0.0,1.713849817027,1.436445639519,-1.0,-1.0,127,2190,13.609678296112,1,"{""125"": 8}",8,30,30,1,8,30,30,8,1.0,0.906917805378,28,56,56,1.0,1.0,1.0,-0.0,1,0,0,8,0,8,-1.0,-1.0,0,240,240,0,-480,480,-1.0,68,60,-8,-0.117647058824,8,1.0,60,60,1,8,60,60,8,1.0,0.906917805378,28,56,56,1.0,1.0,1.0,-0.0,1,0,0,8,0,8,-1.0,-1.0,0,480,480,0,-960,960,-1.0,128,120,-8,-0.0625,8,1.0,120,120,1,8,120,120,8,1.0,0.906917805378,28,56,56,1.0,1.0,1.0,-0.0,1,0,0,8,0,8,-1.0,-1.0,0,960,960,0,-1920,1920,-1.0,248,240,-8,-0.032258064516,8,1.0,237,128,1,8,237,128,8,1.0,0.906917805378,28,56,56,1.0,1.0,1.0,-0.0,1,0,0,8,0,8,-1.0,-1.0,0,1896,1024,0,-2920,2920,-1.0,373,365,-8,-0.02144772118,8,1.0,237,128,1,8,237,128,8,1.0,0.906917805378,28,56,56,1.0,1.0,1.0,-0.0,1,0,0,8,0,8,-1.0,-1.0,0,1896,1024,0,-2920,2920,-1.0,373,365,-8,-0.02144772118,8,1.0
MOT17-13-FRCNN,117,126,742,u_to_v,117,126,1,743,8,92,92,117,126,1,506,742,651,750,237,100,237,92,1,8,8,8,1.0,4.07316718829,2.518692611416,0.0,1.429607415095,1.20950606476,-1.0,-1.0,128,2191,4.966751689129,1,"{""126"": 8}",8,30,30,1,8,30,30,8,1.0,0.853189438321,28,54,54,1.0,1.0,1.0,-0.0,1,0,0,8,0,8,-1.0,-1.0,0,240,240,0,-480,480,-1.0,68,60,-8,-0.117647058824,8,1.0,60,60,1,8,60,60,8,1.0,0.853189438321,28,54,54,1.0,1.0,1.0,-0.0,1,0,0,8,0,8,-1.0,-1.0,0,480,480,0,-960,960,-1.0,128,120,-8,-0.0625,8,1.0,120,92,1,8,120,91,8,1.0,0.853189438321,28,54,54,1.0,1.0,1.0,-0.0,1,0,0,8,0,8,-1.0,-1.0,0,960,728,0,-1688,1688,-1.0,219,211,-8,-0.036529680365,8,1.0,237,92,1,8,237,91,8,1.0,0.853189438321,28,54,54,1.0,1.0,1.0,-0.0,1,0,0,8,0,8,-1.0,-1.0,0,1896,728,0,-2624,2624,-1.0,336,328,-8,-0.02380952381,8,1.0,237,92,1,8,237,91,8,1.0,0.853189438321,28,54,54,1.0,1.0,1.0,-0.0,1,0,0,8,0,8,-1.0,-1.0,0,1896,728,0,-2624,2624,-1.0,336,328,-8,-0.02380952381,8,1.0
