seq,canonical_rank,u,v,boundary_frame,transaction_type,delta_AssA,delta_HOTA,delta_IDF1,name,effective_start_frame,changed_rows,donor_anchor,receiver_anchor,receiver_anchor_count,receiver_anchor_counts,target_rows_with_receiver_anchor,h30_history_donor_rows,h30_history_receiver_rows,h30_receiver_anchor_count,h30_future_rows,h30_history_donor_matched,h30_history_receiver_matched,h30_future_matched,h30_future_match_rate,h30_future_mean_match_iou,h30_donor_dominant_gt,h30_receiver_dominant_gt,h30_future_dominant_gt,h30_donor_gt_purity,h30_receiver_gt_purity,h30_future_gt_purity,h30_future_gt_entropy,h30_future_unique_gt,h30_history_dominant_same_gt,h30_donor_future_support_rows,h30_receiver_future_support_rows,h30_benefit_rows,h30_harm_rows,h30_row_net,h30_donor_minus_receiver_support_frac,h30_donor_same_pairs,h30_donor_different_pairs,h30_receiver_same_pairs,h30_receiver_different_pairs,h30_pairwise_net_pairs,h30_pairwise_affected_pairs,h30_pairwise_net_norm,h30_baseline_local_idtp,h30_edited_local_idtp,h30_idtp_delta,h30_idtp_delta_norm,h30_future_span_frames,h30_future_density,h60_history_donor_rows,h60_history_receiver_rows,h60_receiver_anchor_count,h60_future_rows,h60_history_donor_matched,h60_history_receiver_matched,h60_future_matched,h60_future_match_rate,h60_future_mean_match_iou,h60_donor_dominant_gt,h60_receiver_dominant_gt,h60_future_dominant_gt,h60_donor_gt_purity,h60_receiver_gt_purity,h60_future_gt_purity,h60_future_gt_entropy,h60_future_unique_gt,h60_history_dominant_same_gt,h60_donor_future_support_rows,h60_receiver_future_support_rows,h60_benefit_rows,h60_harm_rows,h60_row_net,h60_donor_minus_receiver_support_frac,h60_donor_same_pairs,h60_donor_different_pairs,h60_receiver_same_pairs,h60_receiver_different_pairs,h60_pairwise_net_pairs,h60_pairwise_affected_pairs,h60_pairwise_net_norm,h60_baseline_local_idtp,h60_edited_local_idtp,h60_idtp_delta,h60_idtp_delta_norm,h60_future_span_frames,h60_future_density,h120_history_donor_rows,h120_history_receiver_rows,h120_receiver_anchor_count,h120_future_rows,h120_history_donor_matched,h120_history_receiver_matched,h120_future_matched,h120_future_match_rate,h120_future_mean_match_iou,h120_donor_dominant_gt,h120_receiver_dominant_gt,h120_future_dominant_gt,h120_donor_gt_purity,h120_receiver_gt_purity,h120_future_gt_purity,h120_future_gt_entropy,h120_future_unique_gt,h120_history_dominant_same_gt,h120_donor_future_support_rows,h120_receiver_future_support_rows,h120_benefit_rows,h120_harm_rows,h120_row_net,h120_donor_minus_receiver_support_frac,h120_donor_same_pairs,h120_donor_different_pairs,h120_receiver_same_pairs,h120_receiver_different_pairs,h120_pairwise_net_pairs,h120_pairwise_affected_pairs,h120_pairwise_net_norm,h120_baseline_local_idtp,h120_edited_local_idtp,h120_idtp_delta,h120_idtp_delta_norm,h120_future_span_frames,h120_future_density,h300_history_donor_rows,h300_history_receiver_rows,h300_receiver_anchor_count,h300_future_rows,h300_history_donor_matched,h300_history_receiver_matched,h300_future_matched,h300_future_match_rate,h300_future_mean_match_iou,h300_donor_dominant_gt,h300_receiver_dominant_gt,h300_future_dominant_gt,h300_donor_gt_purity,h300_receiver_gt_purity,h300_future_gt_purity,h300_future_gt_entropy,h300_future_unique_gt,h300_history_dominant_same_gt,h300_donor_future_support_rows,h300_receiver_future_support_rows,h300_benefit_rows,h300_harm_rows,h300_row_net,h300_donor_minus_receiver_support_frac,h300_donor_same_pairs,h300_donor_different_pairs,h300_receiver_same_pairs,h300_receiver_different_pairs,h300_pairwise_net_pairs,h300_pairwise_affected_pairs,h300_pairwise_net_norm,h300_baseline_local_idtp,h300_edited_local_idtp,h300_idtp_delta,h300_idtp_delta_norm,h300_future_span_frames,h300_future_density,full_history_donor_rows,full_history_receiver_rows,full_receiver_anchor_count,full_future_rows,full_history_donor_matched,full_history_receiver_matched,full_future_matched,full_future_match_rate,full_future_mean_match_iou,full_donor_dominant_gt,full_receiver_dominant_gt,full_future_dominant_gt,full_donor_gt_purity,full_receiver_gt_purity,full_future_gt_purity,full_future_gt_entropy,full_future_unique_gt,full_history_dominant_same_gt,full_donor_future_support_rows,full_receiver_future_support_rows,full_benefit_rows,full_harm_rows,full_row_net,full_donor_minus_receiver_support_frac,full_donor_same_pairs,full_donor_different_pairs,full_receiver_same_pairs,full_receiver_different_pairs,full_pairwise_net_pairs,full_pairwise_affected_pairs,full_pairwise_net_norm,full_baseline_local_idtp,full_edited_local_idtp,full_idtp_delta,full_idtp_delta_norm,full_future_span_frames,full_future_density,rank_start,rank_end,ranking_metric
MOT20-01,37,20,27,70,v_to_u,0.83944,0.436431,0.173332313731,mot20_01_r0037_20_27_f70_v_to_u,83,347,27,20,1,"{""20"": 347}",347,30,30,1,30,30,30,30,1.0,0.80894454277,8,7,8,1.0,1.0,0.9,0.325082973391,2,0,27,3,27,3,0.8,0.8,810,90,90,810,1440,1800,0.8,63,87,24,0.266666666667,30,1.0,60,60,1,60,60,60,60,1.0,0.83731958848,8,7,8,1.0,1.0,0.85,0.51818621305,3,0,51,3,51,3,0.8,0.8,3060,540,180,3420,5760,7200,0.8,123,171,48,0.266666666667,60,1.0,82,82,1,120,82,82,120,1.0,0.850229876179,8,7,8,1.0,1.0,0.925,0.31412302589,3,0,111,3,111,3,0.9,0.9,9102,738,246,9594,17712,19680,0.9,167,275,108,0.380281690141,120,1.0,82,82,1,300,82,82,300,1.0,0.884379393102,8,7,8,1.0,1.0,0.97,0.153837593229,3,0,291,3,291,3,0.96,0.96,23862,738,246,24354,47232,49200,0.96,291,455,164,0.353448275862,300,1.0,82,82,1,347,82,82,347,1.0,0.888480013832,8,7,8,1.0,1.0,0.974063400576,0.136829372585,3,0,338,3,338,3,0.965417867435,0.965417867435,27716,738,246,28208,54940,56908,0.965417867435,338,502,164,0.320939334638,347,1.0,21,40,h30_row_net
MOT20-01,49,17,28,347,u_to_v,0.075333,0.046867,0.0,mot20_01_r0049_17_28_f347_u_to_v,348,82,17,28,1,"{""28"": 82}",82,30,30,1,30,30,27,26,0.866666666667,0.878066901315,30,28,52,1.0,0.962962962963,0.807692307692,0.489551893623,2,0,5,0,5,0,0.192307692308,0.192307692308,150,630,0,702,222,1482,0.14979757085,56,61,5,0.060240963855,30,1.0,60,60,1,60,58,57,56,0.933333333333,0.895178151517,30,28,52,1.0,0.982456140351,0.910714285714,0.300882104465,2,0,5,0,5,0,0.089285714286,0.089285714286,290,2958,0,3192,524,6440,0.081366459627,114,119,5,0.029239766082,60,1.0,120,120,1,82,118,117,78,0.951219512195,0.881958791002,30,28,52,0.516949152542,0.991452991453,0.935897435897,0.238109739946,2,0,5,0,5,0,0.064102564103,0.064102564103,305,8899,0,9126,532,18330,0.029023458811,177,189,12,0.038338658147,82,1.0,300,300,1,82,298,297,78,0.951219512195,0.881958791002,29,28,52,0.741610738255,0.996632996633,0.935897435897,0.238109739946,2,0,0,0,0,0,0.0,0.0,385,22859,0,23166,692,46410,0.014910579616,517,517,0,0.0,82,1.0,347,347,1,82,345,344,78,0.951219512195,0.881958791002,29,28,52,0.776811594203,0.997093023256,0.935897435897,0.238109739946,2,0,0,0,0,0,0.0,0.0,385,26525,0,26832,692,53742,0.012876335082,611,611,0,0.0,82,1.0,41,60,h30_row_net
MOT20-01,66,24,57,213,v_to_u,-0.14479,-0.076203,-0.209018378323,mot20_01_r0066_24_57_f213_v_to_u,233,41,57,24,1,"{""24"": 41}",41,30,30,1,30,25,3,30,1.0,0.729088304178,77,77,77,0.6,1.0,1.0,-0.0,1,1,30,30,0,0,0.0,0.0,450,300,90,0,60,840,0.071428571429,43,45,2,0.034482758621,30,1.0,50,60,1,41,45,13,41,1.0,0.723820211478,77,77,77,0.755555555556,1.0,1.0,-0.0,1,1,41,41,0,0,0.0,0.0,1394,451,533,0,410,2378,0.172413793103,65,75,10,0.10101010101,41,1.0,50,120,1,41,45,73,41,1.0,0.723820211478,77,77,77,0.755555555556,1.0,1.0,-0.0,1,1,41,41,0,0,0.0,0.0,1394,451,2993,0,-2050,4838,-0.423728813559,125,84,-41,-0.25786163522,41,1.0,50,232,1,41,45,185,41,1.0,0.723820211478,77,77,77,0.755555555556,1.0,1.0,-0.0,1,1,41,41,0,0,0.0,0.0,1394,451,7585,0,-6642,9430,-0.704347826087,237,196,-41,-0.151291512915,41,1.0,50,232,1,41,45,185,41,1.0,0.723820211478,77,77,77,0.755555555556,1.0,1.0,-0.0,1,1,41,41,0,0,0.0,0.0,1394,451,7585,0,-6642,9430,-0.704347826087,237,196,-41,-0.151291512915,41,1.0,61,80,h30_row_net
MOT20-01,85,17,28,343,u_to_v,0.075333,0.046867,0.0,mot20_01_r0085_17_28_f343_u_to_v,348,82,17,28,1,"{""28"": 82}",82,30,30,1,30,30,27,26,0.866666666667,0.878066901315,30,28,52,1.0,0.962962962963,0.807692307692,0.489551893623,2,0,5,0,5,0,0.192307692308,0.192307692308,150,630,0,702,222,1482,0.14979757085,56,61,5,0.060240963855,30,1.0,60,60,1,60,58,57,56,0.933333333333,0.895178151517,30,28,52,1.0,0.982456140351,0.910714285714,0.300882104465,2,0,5,0,5,0,0.089285714286,0.089285714286,290,2958,0,3192,524,6440,0.081366459627,114,119,5,0.029239766082,60,1.0,120,120,1,82,118,117,78,0.951219512195,0.881958791002,30,28,52,0.516949152542,0.991452991453,0.935897435897,0.238109739946,2,0,5,0,5,0,0.064102564103,0.064102564103,305,8899,0,9126,532,18330,0.029023458811,177,189,12,0.038338658147,82,1.0,300,300,1,82,298,297,78,0.951219512195,0.881958791002,29,28,52,0.741610738255,0.996632996633,0.935897435897,0.238109739946,2,0,0,0,0,0,0.0,0.0,385,22859,0,23166,692,46410,0.014910579616,517,517,0,0.0,82,1.0,347,347,1,82,345,344,78,0.951219512195,0.881958791002,29,28,52,0.776811594203,0.997093023256,0.935897435897,0.238109739946,2,0,0,0,0,0,0.0,0.0,385,26525,0,26832,692,53742,0.012876335082,611,611,0,0.0,82,1.0,81,100,h30_row_net
MOT20-02,31,129,130,1047,v_to_u,0.005914,0.00325,0.003270207429,mot20_02_r0031_129_130_f1047_v_to_u,1067,6,130,129,1,"{""129"": 6}",6,30,30,1,6,30,30,6,1.0,0.67155966403,277,279,277,0.533333333333,0.933333333333,0.666666666667,0.867563228481,3,0,4,1,4,1,0.5,0.5,78,102,36,144,84,360,0.233333333333,45,48,3,0.045454545455,6,1.0,60,60,1,6,60,60,6,1.0,0.67155966403,277,279,277,0.766666666667,0.966666666667,0.666666666667,0.867563228481,3,0,4,1,4,1,0.5,0.5,198,162,66,294,264,720,0.366666666667,105,108,3,0.02380952381,6,1.0,120,120,1,6,120,120,6,1.0,0.67155966403,277,279,277,0.883333333333,0.983333333333,0.666666666667,0.867563228481,3,0,4,1,4,1,0.5,0.5,438,282,126,594,624,1440,0.433333333333,225,228,3,0.012195121951,6,1.0,300,300,1,6,300,300,6,1.0,0.67155966403,277,279,277,0.953333333333,0.993333333333,0.666666666667,0.867563228481,3,0,4,1,4,1,0.5,0.5,1158,642,306,1494,1704,3600,0.473333333333,585,588,3,0.00495049505,6,1.0,494,502,1,6,494,502,6,1.0,0.67155966403,277,279,277,0.971659919028,0.982071713147,0.666666666667,0.867563228481,3,0,4,1,4,1,0.5,0.5,1934,1030,529,2483,2858,5976,0.478246318608,974,977,3,0.002994011976,6,1.0,21,40,h30_row_net
MOT20-02,56,214,246,1536,v_to_u,0.10592,0.05033,0.033356115778,mot20_02_r0056_214_246_f1536_v_to_u,1537,298,246,214,1,"{""214"": 298}",298,30,30,1,30,28,30,30,1.0,0.878059643864,38,36,38,0.535714285714,0.5,0.933333333333,0.244930026795,2,0,28,0,28,0,0.933333333333,0.933333333333,420,420,420,480,60,1740,0.034482758621,56,58,2,0.022727272727,30,1.0,60,60,1,60,50,60,60,1.0,0.872285394379,38,36,38,0.68,0.75,0.966666666667,0.146144746009,2,0,58,0,58,0,0.966666666667,0.966666666667,1972,1028,870,2730,2804,6600,0.424848484848,86,137,51,0.3,60,1.0,120,120,1,120,91,120,120,1.0,0.878390428917,62,36,38,0.43956043956,0.875,0.983333333333,0.084766075715,2,0,0,0,0,0,0.0,0.0,4130,6790,1770,12630,8200,25320,0.323854660348,173,258,85,0.256797583082,120,1.0,145,300,1,298,116,300,298,1.0,0.86502922649,62,36,38,0.560344827586,0.95,0.993288590604,0.040272369589,2,0,0,0,0,0,0.0,0.0,10360,24208,4440,84960,66672,123968,0.537816210635,376,616,240,0.336134453782,298,1.0,145,315,1,298,116,314,298,1.0,0.86502922649,62,36,38,0.560344827586,0.945859872611,0.993288590604,0.040272369589,2,0,0,0,0,0,0.0,0.0,10360,24208,4444,89128,70836,128140,0.552801623225,376,628,252,0.346153846154,298,1.0,41,60,h30_row_net
MOT20-02,63,347,477,2185,u_to_v,0.00764,0.00436,0.005232331887,mot20_02_r0063_347_477_f2185_u_to_v,2757,8,347,477,1,"{""477"": 8}",8,30,30,1,8,30,22,8,1.0,0.686233852512,128,141,128,1.0,1.0,1.0,-0.0,1,0,8,0,8,0,1.0,1.0,240,0,0,176,416,416,1.0,52,60,8,0.133333333333,8,1.0,60,60,1,8,60,52,8,1.0,0.686233852512,128,141,128,1.0,1.0,1.0,-0.0,1,0,8,0,8,0,1.0,1.0,480,0,0,416,896,896,1.0,112,120,8,0.066666666667,8,1.0,120,120,1,8,120,112,8,1.0,0.686233852512,128,141,128,1.0,1.0,1.0,-0.0,1,0,8,0,8,0,1.0,1.0,960,0,0,896,1856,1856,1.0,232,240,8,0.033333333333,8,1.0,300,300,1,8,289,277,8,1.0,0.686233852512,128,141,128,1.0,0.996389891697,1.0,-0.0,1,0,8,0,8,0,1.0,1.0,2312,0,0,2216,4528,4528,1.0,565,573,8,0.01393728223,8,1.0,949,585,1,8,861,552,8,1.0,0.686233852512,128,141,128,0.638792102207,0.949275362319,1.0,-0.0,1,0,8,0,8,0,1.0,1.0,4400,2488,176,4240,5976,11304,0.528662420382,1074,1082,8,0.005629838142,8,1.0,61,80,h30_row_net
MOT20-02,92,270,341,2130,v_to_u,-0.00557,0.000435,-0.003924248915,mot20_02_r0092_270_341_f2130_v_to_u,2244,12,341,270,1,"{""270"": 12}",12,30,30,1,12,30,28,6,0.5,0.635064292649,187,107,187,1.0,1.0,1.0,-0.0,1,0,6,0,6,0,1.0,1.0,180,0,0,168,348,348,1.0,58,64,6,0.09375,12,1.0,60,60,1,12,60,58,6,0.5,0.635064292649,187,107,187,1.0,1.0,1.0,-0.0,1,0,6,0,6,0,1.0,1.0,360,0,0,348,708,708,1.0,118,124,6,0.048387096774,12,1.0,120,120,1,12,120,118,6,0.5,0.635064292649,187,107,187,1.0,1.0,1.0,-0.0,1,0,6,0,6,0,1.0,1.0,720,0,0,708,1428,1428,1.0,238,244,6,0.024590163934,12,1.0,300,300,1,12,300,283,6,0.5,0.635064292649,187,107,187,0.513333333333,0.957597173145,1.0,-0.0,1,0,6,0,6,0,1.0,1.0,924,876,0,1698,1746,3498,0.499142367067,425,431,6,0.010186757216,12,1.0,460,745,1,12,448,727,6,0.5,0.635064292649,81,187,187,0.524553571429,0.588720770289,1.0,-0.0,1,0,0,6,0,6,-1.0,-1.0,924,1764,2568,1794,-1614,7050,-0.228936170213,669,663,-6,-0.005080440305,12,1.0,81,100,h30_row_net
MOT20-03,27,355,403,2122,v_to_u,0.00012,5.5e-05,0.000968377629,mot20_03_r0027_355_403_f2122_v_to_u,2127,24,403,355,1,"{""355"": 24}",24,30,30,1,24,29,30,3,0.125,0.745929006245,678,677,678,1.0,1.0,0.666666666667,0.636514168295,2,0,2,1,2,1,0.333333333333,0.333333333333,58,29,30,60,59,177,0.333333333333,60,61,1,0.016129032258,24,1.0,60,60,1,24,59,60,3,0.125,0.745929006245,678,677,678,1.0,1.0,0.666666666667,0.636514168295,2,0,2,1,2,1,0.333333333333,0.333333333333,118,59,60,120,119,357,0.333333333333,120,121,1,0.008196721311,24,1.0,120,120,1,24,119,120,3,0.125,0.745929006245,678,677,678,0.991596638655,0.675,0.666666666667,0.636514168295,2,0,2,1,2,1,0.333333333333,0.333333333333,236,121,83,277,309,717,0.430962343096,200,201,1,0.004132231405,24,1.0,300,300,1,24,299,300,3,0.125,0.745929006245,678,679,678,0.996655518395,0.726666666667,0.666666666667,0.636514168295,2,0,2,0,2,0,0.666666666667,0.666666666667,596,301,83,817,1029,1797,0.572621035058,516,518,2,0.003322259136,24,1.0,745,897,1,24,744,897,3,0.125,0.745929006245,678,679,678,0.990591397849,0.908584169454,0.666666666667,0.636514168295,2,0,2,0,2,0,0.666666666667,0.666666666667,1474,758,83,2608,3241,4923,0.658338411538,1552,1554,2,0.001216545012,24,1.0,21,40,h30_row_net
MOT20-03,42,305,414,1760,v_to_u,-0.001,-0.000517,-0.000968377629,mot20_03_r0042_305_414_f1760_v_to_u,1784,3,414,305,1,"{""305"": 3}",3,30,30,1,3,29,1,3,1.0,0.602682829408,589,589,589,1.0,1.0,1.0,-0.0,1,1,3,3,0,0,0.0,0.0,87,0,3,0,84,90,0.933333333333,29,32,3,0.090909090909,3,1.0,60,60,1,3,29,31,3,1.0,0.602682829408,589,589,589,1.0,1.0,1.0,-0.0,1,1,3,3,0,0,0.0,0.0,87,0,93,0,-6,180,-0.033333333333,34,32,-2,-0.031746031746,3,1.0,120,120,1,3,72,91,3,1.0,0.602682829408,349,589,589,0.597222222222,1.0,1.0,-0.0,1,0,0,3,0,3,-1.0,-1.0,87,129,273,0,-315,489,-0.644171779141,137,134,-3,-0.018072289157,3,1.0,300,300,1,3,239,271,3,1.0,0.602682829408,349,589,589,0.878661087866,1.0,1.0,-0.0,1,0,0,3,0,3,-1.0,-1.0,87,630,813,0,-1356,1530,-0.886274509804,484,481,-3,-0.005847953216,3,1.0,381,672,1,3,320,643,3,1.0,0.602682829408,349,589,589,0.909375,1.0,1.0,-0.0,1,0,0,3,0,3,-1.0,-1.0,87,873,1929,0,-2715,2889,-0.939771547248,937,934,-3,-0.003105590062,3,1.0,41,60,h30_row_net
MOT20-03,73,302,322,1195,v_to_u,0.01164,0.005897,0.022595477999,mot20_03_r0073_302_322_f1195_v_to_u,1231,109,322,302,1,"{""302"": 109}",109,30,30,1,30,21,0,23,0.766666666667,0.799508747495,274,-1,276,1.0,,1.0,-0.0,1,0,0,0,0,0,0.0,0.0,0,483,0,0,-483,483,-1.0,44,23,-21,-0.477272727273,30,1.0,60,60,1,60,38,27,53,0.883333333333,0.814328322539,274,274,276,0.605263157895,1.0,1.0,-0.0,1,1,0,0,0,0,0.0,0.0,0,2014,0,1431,-583,3445,-0.169230769231,76,80,4,0.033898305085,60,1.0,73,120,1,109,51,87,87,0.798165137615,0.839101864922,277,274,276,0.470588235294,1.0,1.0,-0.0,1,0,0,0,0,0,0.0,0.0,0,4437,0,7569,3132,12006,0.260869565217,111,174,63,0.28,109,1.0,73,126,1,109,51,93,87,0.798165137615,0.839101864922,277,274,276,0.470588235294,1.0,1.0,-0.0,1,0,0,0,0,0,0.0,0.0,0,4437,0,8091,3654,12528,0.291666666667,117,180,63,0.272727272727,109,1.0,73,126,1,109,51,93,87,0.798165137615,0.839101864922,277,274,276,0.470588235294,1.0,1.0,-0.0,1,0,0,0,0,0,0.0,0.0,0,4437,0,8091,3654,12528,0.291666666667,117,180,63,0.272727272727,109,1.0,61,80,h30_row_net
MOT20-03,83,291,350,1891,v_to_u,-0.070803,-0.034194,-0.03066529157,mot20_03_r0083_291_350_f1891_v_to_u,1892,154,350,291,1,"{""291"": 154}",154,30,30,1,30,30,30,29,0.966666666667,0.648555416208,591,380,591,1.0,1.0,0.965517241379,0.14999492361,2,0,28,1,28,1,0.931034482759,0.931034482759,840,30,30,840,1620,1740,0.931034482759,61,88,27,0.303370786517,30,1.0,60,60,1,60,60,60,56,0.933333333333,0.624223832921,591,380,591,1.0,1.0,0.5,0.952937100125,3,0,28,22,28,22,0.107142857143,0.107142857143,1680,1680,1320,2040,720,6720,0.107142857143,142,148,6,0.034090909091,60,1.0,120,120,1,120,120,120,114,0.95,0.706758385092,591,380,380,1.0,1.0,0.552631578947,1.133659793794,4,0,28,63,28,63,-0.30701754386,-0.30701754386,3360,10320,7560,6120,-8400,27360,-0.30701754386,303,268,-35,-0.098870056497,120,1.0,300,300,1,154,300,300,143,0.928571428571,0.738410284879,591,380,380,1.0,1.0,0.643356643357,1.007065134104,4,0,28,92,28,92,-0.447552447552,-0.447552447552,8400,34500,27600,15300,-38400,85800,-0.447552447552,692,628,-64,-0.086137281292,154,1.0,685,825,1,154,685,821,143,0.928571428571,0.738410284879,591,380,380,1.0,1.0,0.643356643357,1.007065134104,4,0,28,92,28,92,-0.447552447552,-0.447552447552,19180,78775,75532,41871,-93256,215358,-0.433027795578,1598,1534,-64,-0.038811400849,154,1.0,81,100,h30_row_net
MOT20-05,24,1413,1421,2924,v_to_u,0.00062,0.000321,0.000155682004,mot20_05_r0024_1413_1421_f2924_v_to_u,2935,15,1421,1413,1,"{""1413"": 15}",15,30,30,1,15,29,30,1,0.066666666667,0.879422617792,601,598,601,0.620689655172,0.6,1.0,-0.0,1,0,1,0,1,0,1.0,1.0,18,11,12,18,13,59,0.220338983051,36,37,1,0.016666666667,15,1.0,60,60,1,15,59,60,1,0.066666666667,0.879422617792,601,598,601,0.813559322034,0.8,1.0,-0.0,1,0,1,0,1,0,1.0,1.0,48,11,12,48,73,119,0.613445378151,96,97,1,0.008333333333,15,1.0,120,120,1,15,119,120,1,0.066666666667,0.879422617792,601,598,601,0.90756302521,0.9,1.0,-0.0,1,0,1,0,1,0,1.0,1.0,108,11,12,108,193,239,0.807531380753,216,217,1,0.004166666667,15,1.0,300,300,1,15,295,300,1,0.066666666667,0.879422617792,601,598,601,0.962711864407,0.96,1.0,-0.0,1,0,1,0,1,0,1.0,1.0,284,11,12,288,549,595,0.92268907563,572,573,1,0.001677852349,15,1.0,301,324,1,15,296,324,1,0.066666666667,0.879422617792,601,598,601,0.962837837838,0.962962962963,1.0,-0.0,1,0,1,0,1,0,1.0,1.0,285,11,12,312,574,620,0.925806451613,597,598,1,0.001610305958,15,1.0,21,40,h30_row_net
MOT20-05,57,1054,1150,1952,v_to_u,-4.7e-05,-2.4e-05,0.0,mot20_05_r0057_1054_1150_f1952_v_to_u,2148,4,1150,1054,1,"{""1054"": 4}",4,30,30,1,4,0,30,4,1.0,0.885701705568,-1,475,475,,1.0,1.0,-0.0,1,0,0,4,0,0,0.0,-1.0,0,0,120,0,-120,120,-1.0,34,30,-4,-0.117647058824,4,1.0,60,60,1,4,25,60,4,1.0,0.885701705568,478,475,475,1.0,1.0,1.0,-0.0,1,0,0,4,0,4,-1.0,-1.0,0,100,240,0,-340,340,-1.0,89,85,-4,-0.044943820225,4,1.0,120,120,1,4,85,120,4,1.0,0.885701705568,478,475,475,1.0,1.0,1.0,-0.0,1,0,0,4,0,4,-1.0,-1.0,0,340,480,0,-820,820,-1.0,209,205,-4,-0.019138755981,4,1.0,220,300,1,4,182,300,4,1.0,0.885701705568,478,467,475,1.0,0.5,1.0,-0.0,1,0,0,0,0,0,0.0,0.0,0,728,596,604,-720,1928,-0.373443983402,335,332,-3,-0.006172839506,4,1.0,220,420,1,4,182,416,4,1.0,0.885701705568,478,467,475,1.0,0.639423076923,1.0,-0.0,1,0,0,0,0,0,0.0,0.0,0,728,596,1068,-256,2392,-0.107023411371,448,448,0,0.0,4,1.0,41,60,h30_row_net
MOT20-05,72,861,869,1906,v_to_u,0.003225,0.00112,0.000311364008,mot20_05_r0072_861_869_f1906_v_to_u,1915,75,869,861,1,"{""861"": 75}",75,30,30,1,30,25,30,28,0.933333333333,0.702846049082,969,967,968,0.88,0.733333333333,0.571428571429,0.992106827569,4,0,2,0,2,0,0.071428571429,0.071428571429,44,656,16,824,196,1540,0.127272727273,44,46,2,0.024096385542,30,1.0,60,60,1,60,55,60,58,0.966666666667,0.751475554052,969,967,965,0.945454545455,0.866666666667,0.672413793103,0.808259939581,4,0,2,0,2,0,0.034482758621,0.034482758621,104,3086,16,3464,466,6670,0.069865067466,104,106,2,0.011560693642,60,1.0,120,120,1,75,115,120,68,0.906666666667,0.763265553715,969,967,965,0.973913043478,0.933333333333,0.720588235294,0.7423472857,4,0,2,0,2,0,0.029411764706,0.029411764706,224,7596,16,8144,756,15980,0.047309136421,224,226,2,0.006600660066,75,1.0,300,300,1,75,295,300,68,0.906666666667,0.763265553715,969,967,965,0.989830508475,0.973333333333,0.720588235294,0.7423472857,4,0,2,0,2,0,0.029411764706,0.029411764706,584,19476,16,20384,1476,40460,0.036480474543,584,586,2,0.003016591252,75,1.0,617,631,1,75,612,631,68,0.906666666667,0.763265553715,969,967,965,0.995098039216,0.987321711569,0.720588235294,0.7423472857,4,0,2,0,2,0,0.029411764706,0.029411764706,1218,40398,16,42892,3696,84524,0.043727225403,1232,1234,2,0.001525553013,75,1.0,61,80,h30_row_net
MOT20-05,95,225,263,1216,v_to_u,0.0329,0.017851,0.020394342516,mot20_05_r0095_225_263_f1216_v_to_u,1218,455,263,225,1,"{""225"": 455}",455,30,30,1,30,30,28,30,1.0,0.795898572504,1167,1160,1167,1.0,1.0,1.0,-0.0,1,0,30,0,30,0,1.0,1.0,900,0,0,840,1740,1740,1.0,58,88,30,0.340909090909,30,1.0,60,60,1,60,60,58,60,1.0,0.811719854509,1167,1160,1167,1.0,1.0,0.666666666667,0.636514168295,2,0,40,0,40,0,0.666666666667,0.666666666667,2400,1200,0,3480,4680,7080,0.661016949153,118,158,40,0.224719101124,60,1.0,120,120,1,120,118,118,120,1.0,0.852155988522,1167,1160,1074,1.0,1.0,0.666666666667,0.636514168295,2,0,40,0,40,0,0.333333333333,0.333333333333,4720,9440,0,14160,9440,28320,0.333333333333,236,276,40,0.112359550562,120,1.0,300,300,1,300,298,298,300,1.0,0.85012760228,1167,1160,1074,1.0,1.0,0.866666666667,0.392674467228,2,0,40,0,40,0,0.133333333333,0.133333333333,11920,77480,0,89400,23840,178800,0.133333333333,596,636,40,0.044642857143,300,1.0,1150,1205,1,455,1148,1200,455,1.0,0.86030976367,1039,1160,1074,0.565331010453,1.0,0.912087912088,0.297680355082,2,0,0,0,0,0,0.0,0.0,19960,502380,0,546000,63580,1068340,0.059512889155,1849,1849,0,0.0,455,1.0,81,100,h30_row_net
MOT20-01,37,20,27,70,v_to_u,0.83944,0.436431,0.173332313731,mot20_01_r0037_20_27_f70_v_to_u,83,347,27,20,1,"{""20"": 347}",347,30,30,1,30,30,30,30,1.0,0.80894454277,8,7,8,1.0,1.0,0.9,0.325082973391,2,0,27,3,27,3,0.8,0.8,810,90,90,810,1440,1800,0.8,63,87,24,0.266666666667,30,1.0,60,60,1,60,60,60,60,1.0,0.83731958848,8,7,8,1.0,1.0,0.85,0.51818621305,3,0,51,3,51,3,0.8,0.8,3060,540,180,3420,5760,7200,0.8,123,171,48,0.266666666667,60,1.0,82,82,1,120,82,82,120,1.0,0.850229876179,8,7,8,1.0,1.0,0.925,0.31412302589,3,0,111,3,111,3,0.9,0.9,9102,738,246,9594,17712,19680,0.9,167,275,108,0.380281690141,120,1.0,82,82,1,300,82,82,300,1.0,0.884379393102,8,7,8,1.0,1.0,0.97,0.153837593229,3,0,291,3,291,3,0.96,0.96,23862,738,246,24354,47232,49200,0.96,291,455,164,0.353448275862,300,1.0,82,82,1,347,82,82,347,1.0,0.888480013832,8,7,8,1.0,1.0,0.974063400576,0.136829372585,3,0,338,3,338,3,0.965417867435,0.965417867435,27716,738,246,28208,54940,56908,0.965417867435,338,502,164,0.320939334638,347,1.0,21,40,h30_donor_minus_receiver_support_frac
MOT20-01,49,17,28,347,u_to_v,0.075333,0.046867,0.0,mot20_01_r0049_17_28_f347_u_to_v,348,82,17,28,1,"{""28"": 82}",82,30,30,1,30,30,27,26,0.866666666667,0.878066901315,30,28,52,1.0,0.962962962963,0.807692307692,0.489551893623,2,0,5,0,5,0,0.192307692308,0.192307692308,150,630,0,702,222,1482,0.14979757085,56,61,5,0.060240963855,30,1.0,60,60,1,60,58,57,56,0.933333333333,0.895178151517,30,28,52,1.0,0.982456140351,0.910714285714,0.300882104465,2,0,5,0,5,0,0.089285714286,0.089285714286,290,2958,0,3192,524,6440,0.081366459627,114,119,5,0.029239766082,60,1.0,120,120,1,82,118,117,78,0.951219512195,0.881958791002,30,28,52,0.516949152542,0.991452991453,0.935897435897,0.238109739946,2,0,5,0,5,0,0.064102564103,0.064102564103,305,8899,0,9126,532,18330,0.029023458811,177,189,12,0.038338658147,82,1.0,300,300,1,82,298,297,78,0.951219512195,0.881958791002,29,28,52,0.741610738255,0.996632996633,0.935897435897,0.238109739946,2,0,0,0,0,0,0.0,0.0,385,22859,0,23166,692,46410,0.014910579616,517,517,0,0.0,82,1.0,347,347,1,82,345,344,78,0.951219512195,0.881958791002,29,28,52,0.776811594203,0.997093023256,0.935897435897,0.238109739946,2,0,0,0,0,0,0.0,0.0,385,26525,0,26832,692,53742,0.012876335082,611,611,0,0.0,82,1.0,41,60,h30_donor_minus_receiver_support_frac
MOT20-01,66,24,57,213,v_to_u,-0.14479,-0.076203,-0.209018378323,mot20_01_r0066_24_57_f213_v_to_u,233,41,57,24,1,"{""24"": 41}",41,30,30,1,30,25,3,30,1.0,0.729088304178,77,77,77,0.6,1.0,1.0,-0.0,1,1,30,30,0,0,0.0,0.0,450,300,90,0,60,840,0.071428571429,43,45,2,0.034482758621,30,1.0,50,60,1,41,45,13,41,1.0,0.723820211478,77,77,77,0.755555555556,1.0,1.0,-0.0,1,1,41,41,0,0,0.0,0.0,1394,451,533,0,410,2378,0.172413793103,65,75,10,0.10101010101,41,1.0,50,120,1,41,45,73,41,1.0,0.723820211478,77,77,77,0.755555555556,1.0,1.0,-0.0,1,1,41,41,0,0,0.0,0.0,1394,451,2993,0,-2050,4838,-0.423728813559,125,84,-41,-0.25786163522,41,1.0,50,232,1,41,45,185,41,1.0,0.723820211478,77,77,77,0.755555555556,1.0,1.0,-0.0,1,1,41,41,0,0,0.0,0.0,1394,451,7585,0,-6642,9430,-0.704347826087,237,196,-41,-0.151291512915,41,1.0,50,232,1,41,45,185,41,1.0,0.723820211478,77,77,77,0.755555555556,1.0,1.0,-0.0,1,1,41,41,0,0,0.0,0.0,1394,451,7585,0,-6642,9430,-0.704347826087,237,196,-41,-0.151291512915,41,1.0,61,80,h30_donor_minus_receiver_support_frac
MOT20-01,85,17,28,343,u_to_v,0.075333,0.046867,0.0,mot20_01_r0085_17_28_f343_u_to_v,348,82,17,28,1,"{""28"": 82}",82,30,30,1,30,30,27,26,0.866666666667,0.878066901315,30,28,52,1.0,0.962962962963,0.807692307692,0.489551893623,2,0,5,0,5,0,0.192307692308,0.192307692308,150,630,0,702,222,1482,0.14979757085,56,61,5,0.060240963855,30,1.0,60,60,1,60,58,57,56,0.933333333333,0.895178151517,30,28,52,1.0,0.982456140351,0.910714285714,0.300882104465,2,0,5,0,5,0,0.089285714286,0.089285714286,290,2958,0,3192,524,6440,0.081366459627,114,119,5,0.029239766082,60,1.0,120,120,1,82,118,117,78,0.951219512195,0.881958791002,30,28,52,0.516949152542,0.991452991453,0.935897435897,0.238109739946,2,0,5,0,5,0,0.064102564103,0.064102564103,305,8899,0,9126,532,18330,0.029023458811,177,189,12,0.038338658147,82,1.0,300,300,1,82,298,297,78,0.951219512195,0.881958791002,29,28,52,0.741610738255,0.996632996633,0.935897435897,0.238109739946,2,0,0,0,0,0,0.0,0.0,385,22859,0,23166,692,46410,0.014910579616,517,517,0,0.0,82,1.0,347,347,1,82,345,344,78,0.951219512195,0.881958791002,29,28,52,0.776811594203,0.997093023256,0.935897435897,0.238109739946,2,0,0,0,0,0,0.0,0.0,385,26525,0,26832,692,53742,0.012876335082,611,611,0,0.0,82,1.0,81,100,h30_donor_minus_receiver_support_frac
MOT20-02,31,129,130,1047,v_to_u,0.005914,0.00325,0.003270207429,mot20_02_r0031_129_130_f1047_v_to_u,1067,6,130,129,1,"{""129"": 6}",6,30,30,1,6,30,30,6,1.0,0.67155966403,277,279,277,0.533333333333,0.933333333333,0.666666666667,0.867563228481,3,0,4,1,4,1,0.5,0.5,78,102,36,144,84,360,0.233333333333,45,48,3,0.045454545455,6,1.0,60,60,1,6,60,60,6,1.0,0.67155966403,277,279,277,0.766666666667,0.966666666667,0.666666666667,0.867563228481,3,0,4,1,4,1,0.5,0.5,198,162,66,294,264,720,0.366666666667,105,108,3,0.02380952381,6,1.0,120,120,1,6,120,120,6,1.0,0.67155966403,277,279,277,0.883333333333,0.983333333333,0.666666666667,0.867563228481,3,0,4,1,4,1,0.5,0.5,438,282,126,594,624,1440,0.433333333333,225,228,3,0.012195121951,6,1.0,300,300,1,6,300,300,6,1.0,0.67155966403,277,279,277,0.953333333333,0.993333333333,0.666666666667,0.867563228481,3,0,4,1,4,1,0.5,0.5,1158,642,306,1494,1704,3600,0.473333333333,585,588,3,0.00495049505,6,1.0,494,502,1,6,494,502,6,1.0,0.67155966403,277,279,277,0.971659919028,0.982071713147,0.666666666667,0.867563228481,3,0,4,1,4,1,0.5,0.5,1934,1030,529,2483,2858,5976,0.478246318608,974,977,3,0.002994011976,6,1.0,21,40,h30_donor_minus_receiver_support_frac
MOT20-02,56,214,246,1536,v_to_u,0.10592,0.05033,0.033356115778,mot20_02_r0056_214_246_f1536_v_to_u,1537,298,246,214,1,"{""214"": 298}",298,30,30,1,30,28,30,30,1.0,0.878059643864,38,36,38,0.535714285714,0.5,0.933333333333,0.244930026795,2,0,28,0,28,0,0.933333333333,0.933333333333,420,420,420,480,60,1740,0.034482758621,56,58,2,0.022727272727,30,1.0,60,60,1,60,50,60,60,1.0,0.872285394379,38,36,38,0.68,0.75,0.966666666667,0.146144746009,2,0,58,0,58,0,0.966666666667,0.966666666667,1972,1028,870,2730,2804,6600,0.424848484848,86,137,51,0.3,60,1.0,120,120,1,120,91,120,120,1.0,0.878390428917,62,36,38,0.43956043956,0.875,0.983333333333,0.084766075715,2,0,0,0,0,0,0.0,0.0,4130,6790,1770,12630,8200,25320,0.323854660348,173,258,85,0.256797583082,120,1.0,145,300,1,298,116,300,298,1.0,0.86502922649,62,36,38,0.560344827586,0.95,0.993288590604,0.040272369589,2,0,0,0,0,0,0.0,0.0,10360,24208,4440,84960,66672,123968,0.537816210635,376,616,240,0.336134453782,298,1.0,145,315,1,298,116,314,298,1.0,0.86502922649,62,36,38,0.560344827586,0.945859872611,0.993288590604,0.040272369589,2,0,0,0,0,0,0.0,0.0,10360,24208,4444,89128,70836,128140,0.552801623225,376,628,252,0.346153846154,298,1.0,41,60,h30_donor_minus_receiver_support_frac
MOT20-02,63,347,477,2185,u_to_v,0.00764,0.00436,0.005232331887,mot20_02_r0063_347_477_f2185_u_to_v,2757,8,347,477,1,"{""477"": 8}",8,30,30,1,8,30,22,8,1.0,0.686233852512,128,141,128,1.0,1.0,1.0,-0.0,1,0,8,0,8,0,1.0,1.0,240,0,0,176,416,416,1.0,52,60,8,0.133333333333,8,1.0,60,60,1,8,60,52,8,1.0,0.686233852512,128,141,128,1.0,1.0,1.0,-0.0,1,0,8,0,8,0,1.0,1.0,480,0,0,416,896,896,1.0,112,120,8,0.066666666667,8,1.0,120,120,1,8,120,112,8,1.0,0.686233852512,128,141,128,1.0,1.0,1.0,-0.0,1,0,8,0,8,0,1.0,1.0,960,0,0,896,1856,1856,1.0,232,240,8,0.033333333333,8,1.0,300,300,1,8,289,277,8,1.0,0.686233852512,128,141,128,1.0,0.996389891697,1.0,-0.0,1,0,8,0,8,0,1.0,1.0,2312,0,0,2216,4528,4528,1.0,565,573,8,0.01393728223,8,1.0,949,585,1,8,861,552,8,1.0,0.686233852512,128,141,128,0.638792102207,0.949275362319,1.0,-0.0,1,0,8,0,8,0,1.0,1.0,4400,2488,176,4240,5976,11304,0.528662420382,1074,1082,8,0.005629838142,8,1.0,61,80,h30_donor_minus_receiver_support_frac
MOT20-02,92,270,341,2130,v_to_u,-0.00557,0.000435,-0.003924248915,mot20_02_r0092_270_341_f2130_v_to_u,2244,12,341,270,1,"{""270"": 12}",12,30,30,1,12,30,28,6,0.5,0.635064292649,187,107,187,1.0,1.0,1.0,-0.0,1,0,6,0,6,0,1.0,1.0,180,0,0,168,348,348,1.0,58,64,6,0.09375,12,1.0,60,60,1,12,60,58,6,0.5,0.635064292649,187,107,187,1.0,1.0,1.0,-0.0,1,0,6,0,6,0,1.0,1.0,360,0,0,348,708,708,1.0,118,124,6,0.048387096774,12,1.0,120,120,1,12,120,118,6,0.5,0.635064292649,187,107,187,1.0,1.0,1.0,-0.0,1,0,6,0,6,0,1.0,1.0,720,0,0,708,1428,1428,1.0,238,244,6,0.024590163934,12,1.0,300,300,1,12,300,283,6,0.5,0.635064292649,187,107,187,0.513333333333,0.957597173145,1.0,-0.0,1,0,6,0,6,0,1.0,1.0,924,876,0,1698,1746,3498,0.499142367067,425,431,6,0.010186757216,12,1.0,460,745,1,12,448,727,6,0.5,0.635064292649,81,187,187,0.524553571429,0.588720770289,1.0,-0.0,1,0,0,6,0,6,-1.0,-1.0,924,1764,2568,1794,-1614,7050,-0.228936170213,669,663,-6,-0.005080440305,12,1.0,81,100,h30_donor_minus_receiver_support_frac
MOT20-03,27,355,403,2122,v_to_u,0.00012,5.5e-05,0.000968377629,mot20_03_r0027_355_403_f2122_v_to_u,2127,24,403,355,1,"{""355"": 24}",24,30,30,1,24,29,30,3,0.125,0.745929006245,678,677,678,1.0,1.0,0.666666666667,0.636514168295,2,0,2,1,2,1,0.333333333333,0.333333333333,58,29,30,60,59,177,0.333333333333,60,61,1,0.016129032258,24,1.0,60,60,1,24,59,60,3,0.125,0.745929006245,678,677,678,1.0,1.0,0.666666666667,0.636514168295,2,0,2,1,2,1,0.333333333333,0.333333333333,118,59,60,120,119,357,0.333333333333,120,121,1,0.008196721311,24,1.0,120,120,1,24,119,120,3,0.125,0.745929006245,678,677,678,0.991596638655,0.675,0.666666666667,0.636514168295,2,0,2,1,2,1,0.333333333333,0.333333333333,236,121,83,277,309,717,0.430962343096,200,201,1,0.004132231405,24,1.0,300,300,1,24,299,300,3,0.125,0.745929006245,678,679,678,0.996655518395,0.726666666667,0.666666666667,0.636514168295,2,0,2,0,2,0,0.666666666667,0.666666666667,596,301,83,817,1029,1797,0.572621035058,516,518,2,0.003322259136,24,1.0,745,897,1,24,744,897,3,0.125,0.745929006245,678,679,678,0.990591397849,0.908584169454,0.666666666667,0.636514168295,2,0,2,0,2,0,0.666666666667,0.666666666667,1474,758,83,2608,3241,4923,0.658338411538,1552,1554,2,0.001216545012,24,1.0,21,40,h30_donor_minus_receiver_support_frac
MOT20-03,42,305,414,1760,v_to_u,-0.001,-0.000517,-0.000968377629,mot20_03_r0042_305_414_f1760_v_to_u,1784,3,414,305,1,"{""305"": 3}",3,30,30,1,3,29,1,3,1.0,0.602682829408,589,589,589,1.0,1.0,1.0,-0.0,1,1,3,3,0,0,0.0,0.0,87,0,3,0,84,90,0.933333333333,29,32,3,0.090909090909,3,1.0,60,60,1,3,29,31,3,1.0,0.602682829408,589,589,589,1.0,1.0,1.0,-0.0,1,1,3,3,0,0,0.0,0.0,87,0,93,0,-6,180,-0.033333333333,34,32,-2,-0.031746031746,3,1.0,120,120,1,3,72,91,3,1.0,0.602682829408,349,589,589,0.597222222222,1.0,1.0,-0.0,1,0,0,3,0,3,-1.0,-1.0,87,129,273,0,-315,489,-0.644171779141,137,134,-3,-0.018072289157,3,1.0,300,300,1,3,239,271,3,1.0,0.602682829408,349,589,589,0.878661087866,1.0,1.0,-0.0,1,0,0,3,0,3,-1.0,-1.0,87,630,813,0,-1356,1530,-0.886274509804,484,481,-3,-0.005847953216,3,1.0,381,672,1,3,320,643,3,1.0,0.602682829408,349,589,589,0.909375,1.0,1.0,-0.0,1,0,0,3,0,3,-1.0,-1.0,87,873,1929,0,-2715,2889,-0.939771547248,937,934,-3,-0.003105590062,3,1.0,41,60,h30_donor_minus_receiver_support_frac
MOT20-03,73,302,322,1195,v_to_u,0.01164,0.005897,0.022595477999,mot20_03_r0073_302_322_f1195_v_to_u,1231,109,322,302,1,"{""302"": 109}",109,30,30,1,30,21,0,23,0.766666666667,0.799508747495,274,-1,276,1.0,,1.0,-0.0,1,0,0,0,0,0,0.0,0.0,0,483,0,0,-483,483,-1.0,44,23,-21,-0.477272727273,30,1.0,60,60,1,60,38,27,53,0.883333333333,0.814328322539,274,274,276,0.605263157895,1.0,1.0,-0.0,1,1,0,0,0,0,0.0,0.0,0,2014,0,1431,-583,3445,-0.169230769231,76,80,4,0.033898305085,60,1.0,73,120,1,109,51,87,87,0.798165137615,0.839101864922,277,274,276,0.470588235294,1.0,1.0,-0.0,1,0,0,0,0,0,0.0,0.0,0,4437,0,7569,3132,12006,0.260869565217,111,174,63,0.28,109,1.0,73,126,1,109,51,93,87,0.798165137615,0.839101864922,277,274,276,0.470588235294,1.0,1.0,-0.0,1,0,0,0,0,0,0.0,0.0,0,4437,0,8091,3654,12528,0.291666666667,117,180,63,0.272727272727,109,1.0,73,126,1,109,51,93,87,0.798165137615,0.839101864922,277,274,276,0.470588235294,1.0,1.0,-0.0,1,0,0,0,0,0,0.0,0.0,0,4437,0,8091,3654,12528,0.291666666667,117,180,63,0.272727272727,109,1.0,61,80,h30_donor_minus_receiver_support_frac
MOT20-03,83,291,350,1891,v_to_u,-0.070803,-0.034194,-0.03066529157,mot20_03_r0083_291_350_f1891_v_to_u,1892,154,350,291,1,"{""291"": 154}",154,30,30,1,30,30,30,29,0.966666666667,0.648555416208,591,380,591,1.0,1.0,0.965517241379,0.14999492361,2,0,28,1,28,1,0.931034482759,0.931034482759,840,30,30,840,1620,1740,0.931034482759,61,88,27,0.303370786517,30,1.0,60,60,1,60,60,60,56,0.933333333333,0.624223832921,591,380,591,1.0,1.0,0.5,0.952937100125,3,0,28,22,28,22,0.107142857143,0.107142857143,1680,1680,1320,2040,720,6720,0.107142857143,142,148,6,0.034090909091,60,1.0,120,120,1,120,120,120,114,0.95,0.706758385092,591,380,380,1.0,1.0,0.552631578947,1.133659793794,4,0,28,63,28,63,-0.30701754386,-0.30701754386,3360,10320,7560,6120,-8400,27360,-0.30701754386,303,268,-35,-0.098870056497,120,1.0,300,300,1,154,300,300,143,0.928571428571,0.738410284879,591,380,380,1.0,1.0,0.643356643357,1.007065134104,4,0,28,92,28,92,-0.447552447552,-0.447552447552,8400,34500,27600,15300,-38400,85800,-0.447552447552,692,628,-64,-0.086137281292,154,1.0,685,825,1,154,685,821,143,0.928571428571,0.738410284879,591,380,380,1.0,1.0,0.643356643357,1.007065134104,4,0,28,92,28,92,-0.447552447552,-0.447552447552,19180,78775,75532,41871,-93256,215358,-0.433027795578,1598,1534,-64,-0.038811400849,154,1.0,81,100,h30_donor_minus_receiver_support_frac
MOT20-05,24,1413,1421,2924,v_to_u,0.00062,0.000321,0.000155682004,mot20_05_r0024_1413_1421_f2924_v_to_u,2935,15,1421,1413,1,"{""1413"": 15}",15,30,30,1,15,29,30,1,0.066666666667,0.879422617792,601,598,601,0.620689655172,0.6,1.0,-0.0,1,0,1,0,1,0,1.0,1.0,18,11,12,18,13,59,0.220338983051,36,37,1,0.016666666667,15,1.0,60,60,1,15,59,60,1,0.066666666667,0.879422617792,601,598,601,0.813559322034,0.8,1.0,-0.0,1,0,1,0,1,0,1.0,1.0,48,11,12,48,73,119,0.613445378151,96,97,1,0.008333333333,15,1.0,120,120,1,15,119,120,1,0.066666666667,0.879422617792,601,598,601,0.90756302521,0.9,1.0,-0.0,1,0,1,0,1,0,1.0,1.0,108,11,12,108,193,239,0.807531380753,216,217,1,0.004166666667,15,1.0,300,300,1,15,295,300,1,0.066666666667,0.879422617792,601,598,601,0.962711864407,0.96,1.0,-0.0,1,0,1,0,1,0,1.0,1.0,284,11,12,288,549,595,0.92268907563,572,573,1,0.001677852349,15,1.0,301,324,1,15,296,324,1,0.066666666667,0.879422617792,601,598,601,0.962837837838,0.962962962963,1.0,-0.0,1,0,1,0,1,0,1.0,1.0,285,11,12,312,574,620,0.925806451613,597,598,1,0.001610305958,15,1.0,21,40,h30_donor_minus_receiver_support_frac
MOT20-05,51,321,383,837,u_to_v,-0.018643,-0.009621,-0.008873874225,mot20_05_r0051_321_383_f837_u_to_v,964,64,321,383,1,"{""383"": 64}",64,30,30,1,30,23,30,30,1.0,0.844221316905,87,65,65,1.0,1.0,0.933333333333,0.244930026795,2,0,0,28,0,28,-0.933333333333,-0.933333333333,0,690,840,60,-1470,1590,-0.924528301887,81,53,-28,-0.33734939759,30,1.0,60,60,1,60,53,60,57,0.95,0.868242464562,87,65,65,1.0,1.0,0.964912280702,0.152005310836,2,0,0,55,0,55,-0.964912280702,-0.964912280702,0,3021,3300,120,-6201,6441,-0.96273870517,168,113,-55,-0.323529411765,60,1.0,120,120,1,64,113,120,57,0.890625,0.868242464562,87,65,65,1.0,1.0,0.964912280702,0.152005310836,2,0,0,55,0,55,-0.964912280702,-0.964912280702,0,6441,6600,240,-12801,13281,-0.963858143212,288,233,-55,-0.189655172414,64,1.0,300,300,1,64,293,300,57,0.890625,0.868242464562,87,65,65,1.0,1.0,0.964912280702,0.152005310836,2,0,0,55,0,55,-0.964912280702,-0.964912280702,0,16701,16500,600,-32601,33801,-0.964498091772,648,593,-55,-0.084615384615,64,1.0,757,605,1,64,750,598,57,0.890625,0.868242464562,87,65,65,1.0,1.0,0.964912280702,0.152005310836,2,0,0,55,0,55,-0.964912280702,-0.964912280702,0,42750,32890,1196,-74444,76836,-0.968868759436,1403,1348,-55,-0.039145907473,64,1.0,41,60,h30_donor_minus_receiver_support_frac
MOT20-05,72,861,869,1906,v_to_u,0.003225,0.00112,0.000311364008,mot20_05_r0072_861_869_f1906_v_to_u,1915,75,869,861,1,"{""861"": 75}",75,30,30,1,30,25,30,28,0.933333333333,0.702846049082,969,967,968,0.88,0.733333333333,0.571428571429,0.992106827569,4,0,2,0,2,0,0.071428571429,0.071428571429,44,656,16,824,196,1540,0.127272727273,44,46,2,0.024096385542,30,1.0,60,60,1,60,55,60,58,0.966666666667,0.751475554052,969,967,965,0.945454545455,0.866666666667,0.672413793103,0.808259939581,4,0,2,0,2,0,0.034482758621,0.034482758621,104,3086,16,3464,466,6670,0.069865067466,104,106,2,0.011560693642,60,1.0,120,120,1,75,115,120,68,0.906666666667,0.763265553715,969,967,965,0.973913043478,0.933333333333,0.720588235294,0.7423472857,4,0,2,0,2,0,0.029411764706,0.029411764706,224,7596,16,8144,756,15980,0.047309136421,224,226,2,0.006600660066,75,1.0,300,300,1,75,295,300,68,0.906666666667,0.763265553715,969,967,965,0.989830508475,0.973333333333,0.720588235294,0.7423472857,4,0,2,0,2,0,0.029411764706,0.029411764706,584,19476,16,20384,1476,40460,0.036480474543,584,586,2,0.003016591252,75,1.0,617,631,1,75,612,631,68,0.906666666667,0.763265553715,969,967,965,0.995098039216,0.987321711569,0.720588235294,0.7423472857,4,0,2,0,2,0,0.029411764706,0.029411764706,1218,40398,16,42892,3696,84524,0.043727225403,1232,1234,2,0.001525553013,75,1.0,61,80,h30_donor_minus_receiver_support_frac
MOT20-05,95,225,263,1216,v_to_u,0.0329,0.017851,0.020394342516,mot20_05_r0095_225_263_f1216_v_to_u,1218,455,263,225,1,"{""225"": 455}",455,30,30,1,30,30,28,30,1.0,0.795898572504,1167,1160,1167,1.0,1.0,1.0,-0.0,1,0,30,0,30,0,1.0,1.0,900,0,0,840,1740,1740,1.0,58,88,30,0.340909090909,30,1.0,60,60,1,60,60,58,60,1.0,0.811719854509,1167,1160,1167,1.0,1.0,0.666666666667,0.636514168295,2,0,40,0,40,0,0.666666666667,0.666666666667,2400,1200,0,3480,4680,7080,0.661016949153,118,158,40,0.224719101124,60,1.0,120,120,1,120,118,118,120,1.0,0.852155988522,1167,1160,1074,1.0,1.0,0.666666666667,0.636514168295,2,0,40,0,40,0,0.333333333333,0.333333333333,4720,9440,0,14160,9440,28320,0.333333333333,236,276,40,0.112359550562,120,1.0,300,300,1,300,298,298,300,1.0,0.85012760228,1167,1160,1074,1.0,1.0,0.866666666667,0.392674467228,2,0,40,0,40,0,0.133333333333,0.133333333333,11920,77480,0,89400,23840,178800,0.133333333333,596,636,40,0.044642857143,300,1.0,1150,1205,1,455,1148,1200,455,1.0,0.86030976367,1039,1160,1074,0.565331010453,1.0,0.912087912088,0.297680355082,2,0,0,0,0,0,0.0,0.0,19960,502380,0,546000,63580,1068340,0.059512889155,1849,1849,0,0.0,455,1.0,81,100,h30_donor_minus_receiver_support_frac
MOT20-01,37,20,27,70,v_to_u,0.83944,0.436431,0.173332313731,mot20_01_r0037_20_27_f70_v_to_u,83,347,27,20,1,"{""20"": 347}",347,30,30,1,30,30,30,30,1.0,0.80894454277,8,7,8,1.0,1.0,0.9,0.325082973391,2,0,27,3,27,3,0.8,0.8,810,90,90,810,1440,1800,0.8,63,87,24,0.266666666667,30,1.0,60,60,1,60,60,60,60,1.0,0.83731958848,8,7,8,1.0,1.0,0.85,0.51818621305,3,0,51,3,51,3,0.8,0.8,3060,540,180,3420,5760,7200,0.8,123,171,48,0.266666666667,60,1.0,82,82,1,120,82,82,120,1.0,0.850229876179,8,7,8,1.0,1.0,0.925,0.31412302589,3,0,111,3,111,3,0.9,0.9,9102,738,246,9594,17712,19680,0.9,167,275,108,0.380281690141,120,1.0,82,82,1,300,82,82,300,1.0,0.884379393102,8,7,8,1.0,1.0,0.97,0.153837593229,3,0,291,3,291,3,0.96,0.96,23862,738,246,24354,47232,49200,0.96,291,455,164,0.353448275862,300,1.0,82,82,1,347,82,82,347,1.0,0.888480013832,8,7,8,1.0,1.0,0.974063400576,0.136829372585,3,0,338,3,338,3,0.965417867435,0.965417867435,27716,738,246,28208,54940,56908,0.965417867435,338,502,164,0.320939334638,347,1.0,21,40,h30_pairwise_net_norm
MOT20-01,49,17,28,347,u_to_v,0.075333,0.046867,0.0,mot20_01_r0049_17_28_f347_u_to_v,348,82,17,28,1,"{""28"": 82}",82,30,30,1,30,30,27,26,0.866666666667,0.878066901315,30,28,52,1.0,0.962962962963,0.807692307692,0.489551893623,2,0,5,0,5,0,0.192307692308,0.192307692308,150,630,0,702,222,1482,0.14979757085,56,61,5,0.060240963855,30,1.0,60,60,1,60,58,57,56,0.933333333333,0.895178151517,30,28,52,1.0,0.982456140351,0.910714285714,0.300882104465,2,0,5,0,5,0,0.089285714286,0.089285714286,290,2958,0,3192,524,6440,0.081366459627,114,119,5,0.029239766082,60,1.0,120,120,1,82,118,117,78,0.951219512195,0.881958791002,30,28,52,0.516949152542,0.991452991453,0.935897435897,0.238109739946,2,0,5,0,5,0,0.064102564103,0.064102564103,305,8899,0,9126,532,18330,0.029023458811,177,189,12,0.038338658147,82,1.0,300,300,1,82,298,297,78,0.951219512195,0.881958791002,29,28,52,0.741610738255,0.996632996633,0.935897435897,0.238109739946,2,0,0,0,0,0,0.0,0.0,385,22859,0,23166,692,46410,0.014910579616,517,517,0,0.0,82,1.0,347,347,1,82,345,344,78,0.951219512195,0.881958791002,29,28,52,0.776811594203,0.997093023256,0.935897435897,0.238109739946,2,0,0,0,0,0,0.0,0.0,385,26525,0,26832,692,53742,0.012876335082,611,611,0,0.0,82,1.0,41,60,h30_pairwise_net_norm
MOT20-01,66,24,57,213,v_to_u,-0.14479,-0.076203,-0.209018378323,mot20_01_r0066_24_57_f213_v_to_u,233,41,57,24,1,"{""24"": 41}",41,30,30,1,30,25,3,30,1.0,0.729088304178,77,77,77,0.6,1.0,1.0,-0.0,1,1,30,30,0,0,0.0,0.0,450,300,90,0,60,840,0.071428571429,43,45,2,0.034482758621,30,1.0,50,60,1,41,45,13,41,1.0,0.723820211478,77,77,77,0.755555555556,1.0,1.0,-0.0,1,1,41,41,0,0,0.0,0.0,1394,451,533,0,410,2378,0.172413793103,65,75,10,0.10101010101,41,1.0,50,120,1,41,45,73,41,1.0,0.723820211478,77,77,77,0.755555555556,1.0,1.0,-0.0,1,1,41,41,0,0,0.0,0.0,1394,451,2993,0,-2050,4838,-0.423728813559,125,84,-41,-0.25786163522,41,1.0,50,232,1,41,45,185,41,1.0,0.723820211478,77,77,77,0.755555555556,1.0,1.0,-0.0,1,1,41,41,0,0,0.0,0.0,1394,451,7585,0,-6642,9430,-0.704347826087,237,196,-41,-0.151291512915,41,1.0,50,232,1,41,45,185,41,1.0,0.723820211478,77,77,77,0.755555555556,1.0,1.0,-0.0,1,1,41,41,0,0,0.0,0.0,1394,451,7585,0,-6642,9430,-0.704347826087,237,196,-41,-0.151291512915,41,1.0,61,80,h30_pairwise_net_norm
MOT20-01,97,5,16,206,v_to_u,-0.03273,-0.015819,0.0,mot20_01_r0097_5_16_f206_v_to_u,293,137,16,5,1,"{""5"": 137}",137,30,30,1,30,19,27,21,0.7,0.871109977344,27,24,50,1.0,0.592592592593,1.0,-0.0,1,0,0,0,0,0,0.0,0.0,0,399,0,567,168,966,0.173913043478,40,37,-3,-0.044776119403,30,1.0,60,60,1,60,49,57,51,0.85,0.890953789706,27,24,50,1.0,0.631578947368,1.0,-0.0,1,0,0,0,0,0,0.0,0.0,0,2499,0,2907,408,5406,0.075471698113,100,87,-13,-0.082802547771,60,1.0,120,120,1,120,109,117,111,0.925,0.896249240572,27,26,50,1.0,0.666666666667,1.0,-0.0,1,0,0,0,0,0,0.0,0.0,0,12099,0,12987,888,25086,0.035398230088,220,189,-31,-0.091988130564,120,1.0,292,292,1,137,281,289,128,0.934306569343,0.882367217117,27,26,50,1.0,0.865051903114,0.9296875,0.254446538324,2,0,0,0,0,0,0.0,0.0,0,35968,0,36992,1024,72960,0.014035087719,531,531,0,0.0,137,1.0,292,292,1,137,281,289,128,0.934306569343,0.882367217117,27,26,50,1.0,0.865051903114,0.9296875,0.254446538324,2,0,0,0,0,0,0.0,0.0,0,35968,0,36992,1024,72960,0.014035087719,531,531,0,0.0,137,1.0,81,100,h30_pairwise_net_norm
MOT20-02,31,129,130,1047,v_to_u,0.005914,0.00325,0.003270207429,mot20_02_r0031_129_130_f1047_v_to_u,1067,6,130,129,1,"{""129"": 6}",6,30,30,1,6,30,30,6,1.0,0.67155966403,277,279,277,0.533333333333,0.933333333333,0.666666666667,0.867563228481,3,0,4,1,4,1,0.5,0.5,78,102,36,144,84,360,0.233333333333,45,48,3,0.045454545455,6,1.0,60,60,1,6,60,60,6,1.0,0.67155966403,277,279,277,0.766666666667,0.966666666667,0.666666666667,0.867563228481,3,0,4,1,4,1,0.5,0.5,198,162,66,294,264,720,0.366666666667,105,108,3,0.02380952381,6,1.0,120,120,1,6,120,120,6,1.0,0.67155966403,277,279,277,0.883333333333,0.983333333333,0.666666666667,0.867563228481,3,0,4,1,4,1,0.5,0.5,438,282,126,594,624,1440,0.433333333333,225,228,3,0.012195121951,6,1.0,300,300,1,6,300,300,6,1.0,0.67155966403,277,279,277,0.953333333333,0.993333333333,0.666666666667,0.867563228481,3,0,4,1,4,1,0.5,0.5,1158,642,306,1494,1704,3600,0.473333333333,585,588,3,0.00495049505,6,1.0,494,502,1,6,494,502,6,1.0,0.67155966403,277,279,277,0.971659919028,0.982071713147,0.666666666667,0.867563228481,3,0,4,1,4,1,0.5,0.5,1934,1030,529,2483,2858,5976,0.478246318608,974,977,3,0.002994011976,6,1.0,21,40,h30_pairwise_net_norm
MOT20-02,56,214,246,1536,v_to_u,0.10592,0.05033,0.033356115778,mot20_02_r0056_214_246_f1536_v_to_u,1537,298,246,214,1,"{""214"": 298}",298,30,30,1,30,28,30,30,1.0,0.878059643864,38,36,38,0.535714285714,0.5,0.933333333333,0.244930026795,2,0,28,0,28,0,0.933333333333,0.933333333333,420,420,420,480,60,1740,0.034482758621,56,58,2,0.022727272727,30,1.0,60,60,1,60,50,60,60,1.0,0.872285394379,38,36,38,0.68,0.75,0.966666666667,0.146144746009,2,0,58,0,58,0,0.966666666667,0.966666666667,1972,1028,870,2730,2804,6600,0.424848484848,86,137,51,0.3,60,1.0,120,120,1,120,91,120,120,1.0,0.878390428917,62,36,38,0.43956043956,0.875,0.983333333333,0.084766075715,2,0,0,0,0,0,0.0,0.0,4130,6790,1770,12630,8200,25320,0.323854660348,173,258,85,0.256797583082,120,1.0,145,300,1,298,116,300,298,1.0,0.86502922649,62,36,38,0.560344827586,0.95,0.993288590604,0.040272369589,2,0,0,0,0,0,0.0,0.0,10360,24208,4440,84960,66672,123968,0.537816210635,376,616,240,0.336134453782,298,1.0,145,315,1,298,116,314,298,1.0,0.86502922649,62,36,38,0.560344827586,0.945859872611,0.993288590604,0.040272369589,2,0,0,0,0,0,0.0,0.0,10360,24208,4444,89128,70836,128140,0.552801623225,376,628,252,0.346153846154,298,1.0,41,60,h30_pairwise_net_norm
MOT20-02,63,347,477,2185,u_to_v,0.00764,0.00436,0.005232331887,mot20_02_r0063_347_477_f2185_u_to_v,2757,8,347,477,1,"{""477"": 8}",8,30,30,1,8,30,22,8,1.0,0.686233852512,128,141,128,1.0,1.0,1.0,-0.0,1,0,8,0,8,0,1.0,1.0,240,0,0,176,416,416,1.0,52,60,8,0.133333333333,8,1.0,60,60,1,8,60,52,8,1.0,0.686233852512,128,141,128,1.0,1.0,1.0,-0.0,1,0,8,0,8,0,1.0,1.0,480,0,0,416,896,896,1.0,112,120,8,0.066666666667,8,1.0,120,120,1,8,120,112,8,1.0,0.686233852512,128,141,128,1.0,1.0,1.0,-0.0,1,0,8,0,8,0,1.0,1.0,960,0,0,896,1856,1856,1.0,232,240,8,0.033333333333,8,1.0,300,300,1,8,289,277,8,1.0,0.686233852512,128,141,128,1.0,0.996389891697,1.0,-0.0,1,0,8,0,8,0,1.0,1.0,2312,0,0,2216,4528,4528,1.0,565,573,8,0.01393728223,8,1.0,949,585,1,8,861,552,8,1.0,0.686233852512,128,141,128,0.638792102207,0.949275362319,1.0,-0.0,1,0,8,0,8,0,1.0,1.0,4400,2488,176,4240,5976,11304,0.528662420382,1074,1082,8,0.005629838142,8,1.0,61,80,h30_pairwise_net_norm
MOT20-02,92,270,341,2130,v_to_u,-0.00557,0.000435,-0.003924248915,mot20_02_r0092_270_341_f2130_v_to_u,2244,12,341,270,1,"{""270"": 12}",12,30,30,1,12,30,28,6,0.5,0.635064292649,187,107,187,1.0,1.0,1.0,-0.0,1,0,6,0,6,0,1.0,1.0,180,0,0,168,348,348,1.0,58,64,6,0.09375,12,1.0,60,60,1,12,60,58,6,0.5,0.635064292649,187,107,187,1.0,1.0,1.0,-0.0,1,0,6,0,6,0,1.0,1.0,360,0,0,348,708,708,1.0,118,124,6,0.048387096774,12,1.0,120,120,1,12,120,118,6,0.5,0.635064292649,187,107,187,1.0,1.0,1.0,-0.0,1,0,6,0,6,0,1.0,1.0,720,0,0,708,1428,1428,1.0,238,244,6,0.024590163934,12,1.0,300,300,1,12,300,283,6,0.5,0.635064292649,187,107,187,0.513333333333,0.957597173145,1.0,-0.0,1,0,6,0,6,0,1.0,1.0,924,876,0,1698,1746,3498,0.499142367067,425,431,6,0.010186757216,12,1.0,460,745,1,12,448,727,6,0.5,0.635064292649,81,187,187,0.524553571429,0.588720770289,1.0,-0.0,1,0,0,6,0,6,-1.0,-1.0,924,1764,2568,1794,-1614,7050,-0.228936170213,669,663,-6,-0.005080440305,12,1.0,81,100,h30_pairwise_net_norm
MOT20-03,27,355,403,2122,v_to_u,0.00012,5.5e-05,0.000968377629,mot20_03_r0027_355_403_f2122_v_to_u,2127,24,403,355,1,"{""355"": 24}",24,30,30,1,24,29,30,3,0.125,0.745929006245,678,677,678,1.0,1.0,0.666666666667,0.636514168295,2,0,2,1,2,1,0.333333333333,0.333333333333,58,29,30,60,59,177,0.333333333333,60,61,1,0.016129032258,24,1.0,60,60,1,24,59,60,3,0.125,0.745929006245,678,677,678,1.0,1.0,0.666666666667,0.636514168295,2,0,2,1,2,1,0.333333333333,0.333333333333,118,59,60,120,119,357,0.333333333333,120,121,1,0.008196721311,24,1.0,120,120,1,24,119,120,3,0.125,0.745929006245,678,677,678,0.991596638655,0.675,0.666666666667,0.636514168295,2,0,2,1,2,1,0.333333333333,0.333333333333,236,121,83,277,309,717,0.430962343096,200,201,1,0.004132231405,24,1.0,300,300,1,24,299,300,3,0.125,0.745929006245,678,679,678,0.996655518395,0.726666666667,0.666666666667,0.636514168295,2,0,2,0,2,0,0.666666666667,0.666666666667,596,301,83,817,1029,1797,0.572621035058,516,518,2,0.003322259136,24,1.0,745,897,1,24,744,897,3,0.125,0.745929006245,678,679,678,0.990591397849,0.908584169454,0.666666666667,0.636514168295,2,0,2,0,2,0,0.666666666667,0.666666666667,1474,758,83,2608,3241,4923,0.658338411538,1552,1554,2,0.001216545012,24,1.0,21,40,h30_pairwise_net_norm
MOT20-03,42,305,414,1760,v_to_u,-0.001,-0.000517,-0.000968377629,mot20_03_r0042_305_414_f1760_v_to_u,1784,3,414,305,1,"{""305"": 3}",3,30,30,1,3,29,1,3,1.0,0.602682829408,589,589,589,1.0,1.0,1.0,-0.0,1,1,3,3,0,0,0.0,0.0,87,0,3,0,84,90,0.933333333333,29,32,3,0.090909090909,3,1.0,60,60,1,3,29,31,3,1.0,0.602682829408,589,589,589,1.0,1.0,1.0,-0.0,1,1,3,3,0,0,0.0,0.0,87,0,93,0,-6,180,-0.033333333333,34,32,-2,-0.031746031746,3,1.0,120,120,1,3,72,91,3,1.0,0.602682829408,349,589,589,0.597222222222,1.0,1.0,-0.0,1,0,0,3,0,3,-1.0,-1.0,87,129,273,0,-315,489,-0.644171779141,137,134,-3,-0.018072289157,3,1.0,300,300,1,3,239,271,3,1.0,0.602682829408,349,589,589,0.878661087866,1.0,1.0,-0.0,1,0,0,3,0,3,-1.0,-1.0,87,630,813,0,-1356,1530,-0.886274509804,484,481,-3,-0.005847953216,3,1.0,381,672,1,3,320,643,3,1.0,0.602682829408,349,589,589,0.909375,1.0,1.0,-0.0,1,0,0,3,0,3,-1.0,-1.0,87,873,1929,0,-2715,2889,-0.939771547248,937,934,-3,-0.003105590062,3,1.0,41,60,h30_pairwise_net_norm
MOT20-03,76,415,417,2297,v_to_u,0.000674,0.00034,0.0,mot20_03_r0076_415_417_f2297_v_to_u,2315,4,417,415,1,"{""415"": 4}",4,30,30,1,4,27,29,0,0.0,,638,653,-1,1.0,1.0,,,0,0,0,0,0,0,0.0,0.0,0,0,0,0,0,0,0.0,56,56,0,0.0,4,1.0,60,60,1,4,57,59,0,0.0,,638,653,-1,1.0,1.0,,,0,0,0,0,0,0,0.0,0.0,0,0,0,0,0,0,0.0,116,116,0,0.0,4,1.0,120,120,1,4,117,119,0,0.0,,638,653,-1,1.0,1.0,,,0,0,0,0,0,0,0.0,0.0,0,0,0,0,0,0,0.0,236,236,0,0.0,4,1.0,300,300,1,4,297,299,0,0.0,,638,653,-1,1.0,1.0,,,0,0,0,0,0,0,0.0,0.0,0,0,0,0,0,0,0.0,596,596,0,0.0,4,1.0,905,912,1,4,902,911,0,0.0,,638,653,-1,1.0,1.0,,,0,0,0,0,0,0,0.0,0.0,0,0,0,0,0,0,0.0,1813,1813,0,0.0,4,1.0,61,80,h30_pairwise_net_norm
MOT20-03,83,291,350,1891,v_to_u,-0.070803,-0.034194,-0.03066529157,mot20_03_r0083_291_350_f1891_v_to_u,1892,154,350,291,1,"{""291"": 154}",154,30,30,1,30,30,30,29,0.966666666667,0.648555416208,591,380,591,1.0,1.0,0.965517241379,0.14999492361,2,0,28,1,28,1,0.931034482759,0.931034482759,840,30,30,840,1620,1740,0.931034482759,61,88,27,0.303370786517,30,1.0,60,60,1,60,60,60,56,0.933333333333,0.624223832921,591,380,591,1.0,1.0,0.5,0.952937100125,3,0,28,22,28,22,0.107142857143,0.107142857143,1680,1680,1320,2040,720,6720,0.107142857143,142,148,6,0.034090909091,60,1.0,120,120,1,120,120,120,114,0.95,0.706758385092,591,380,380,1.0,1.0,0.552631578947,1.133659793794,4,0,28,63,28,63,-0.30701754386,-0.30701754386,3360,10320,7560,6120,-8400,27360,-0.30701754386,303,268,-35,-0.098870056497,120,1.0,300,300,1,154,300,300,143,0.928571428571,0.738410284879,591,380,380,1.0,1.0,0.643356643357,1.007065134104,4,0,28,92,28,92,-0.447552447552,-0.447552447552,8400,34500,27600,15300,-38400,85800,-0.447552447552,692,628,-64,-0.086137281292,154,1.0,685,825,1,154,685,821,143,0.928571428571,0.738410284879,591,380,380,1.0,1.0,0.643356643357,1.007065134104,4,0,28,92,28,92,-0.447552447552,-0.447552447552,19180,78775,75532,41871,-93256,215358,-0.433027795578,1598,1534,-64,-0.038811400849,154,1.0,81,100,h30_pairwise_net_norm
MOT20-05,28,525,874,1582,v_to_u,0.0097,0.005942,0.005448870138,mot20_05_r0028_525_874_f1582_v_to_u,1583,52,874,525,1,"{""525"": 52}",52,30,30,1,30,30,27,30,1.0,0.788181715605,1075,1098,1075,0.866666666667,0.888888888889,1.0,-0.0,1,0,30,0,30,0,1.0,1.0,780,120,90,720,1290,1710,0.754385964912,50,80,30,0.344827586207,30,1.0,60,60,1,52,60,57,35,0.673076923077,0.792866344956,1075,1098,1075,0.933333333333,0.947368421053,1.0,-0.0,1,0,35,0,35,0,1.0,1.0,1960,140,105,1890,3605,4095,0.880341880342,110,145,35,0.230263157895,52,1.0,120,120,1,52,120,117,35,0.673076923077,0.792866344956,1075,1098,1075,0.966666666667,0.974358974359,1.0,-0.0,1,0,35,0,35,0,1.0,1.0,4060,140,105,3990,7805,8295,0.940928270042,230,265,35,0.128676470588,52,1.0,273,300,1,52,273,297,35,0.673076923077,0.792866344956,1075,1098,1075,0.985347985348,0.989898989899,1.0,-0.0,1,0,35,0,35,0,1.0,1.0,9415,140,105,10290,19460,19950,0.975438596491,563,598,35,0.057851239669,52,1.0,273,910,1,52,273,907,35,0.673076923077,0.792866344956,1075,1098,1075,0.985347985348,0.996692392503,1.0,-0.0,1,0,35,0,35,0,1.0,1.0,9415,140,105,31640,40810,41300,0.98813559322,1173,1208,35,0.028806584362,52,1.0,21,40,h30_pairwise_net_norm
MOT20-05,48,489,806,1198,v_to_u,-0.021916,-0.010598,0.0,mot20_05_r0048_489_806_f1198_v_to_u,1211,208,489,802,1,"{""802"": 208}",208,30,30,1,30,28,23,30,1.0,0.876147947108,1159,1176,1176,0.892857142857,0.521739130435,1.0,-0.0,1,0,0,30,0,30,-1.0,-1.0,0,840,360,330,-870,1530,-0.56862745098,67,38,-29,-0.358024691358,30,1.0,60,35,1,60,58,23,60,1.0,0.862339940993,1159,1176,1176,0.931034482759,0.521739130435,1.0,-0.0,1,0,0,60,0,60,-1.0,-1.0,60,3420,720,660,-3420,4860,-0.703703703704,126,69,-57,-0.404255319149,60,1.0,120,35,1,120,118,23,113,0.941666666667,0.887619161777,1159,1176,1176,0.966101694915,0.521739130435,1.0,-0.0,1,0,0,113,0,113,-1.0,-1.0,113,13221,1356,1243,-13221,15933,-0.829787234043,239,126,-113,-0.444881889764,120,1.0,300,35,1,208,298,23,133,0.639423076923,0.852989587548,1159,1176,1176,0.963087248322,0.521739130435,1.0,-0.0,1,0,0,133,0,133,-1.0,-1.0,133,39501,1596,1463,-39501,42693,-0.92523364486,432,299,-133,-0.29295154185,208,1.0,603,35,1,208,601,23,133,0.639423076923,0.852989587548,1159,1176,1176,0.981697171381,0.521739130435,1.0,-0.0,1,0,0,133,0,133,-1.0,-1.0,133,79800,1596,1463,-79800,82992,-0.961538461538,735,602,-133,-0.175693527081,208,1.0,41,60,h30_pairwise_net_norm
MOT20-05,72,861,869,1906,v_to_u,0.003225,0.00112,0.000311364008,mot20_05_r0072_861_869_f1906_v_to_u,1915,75,869,861,1,"{""861"": 75}",75,30,30,1,30,25,30,28,0.933333333333,0.702846049082,969,967,968,0.88,0.733333333333,0.571428571429,0.992106827569,4,0,2,0,2,0,0.071428571429,0.071428571429,44,656,16,824,196,1540,0.127272727273,44,46,2,0.024096385542,30,1.0,60,60,1,60,55,60,58,0.966666666667,0.751475554052,969,967,965,0.945454545455,0.866666666667,0.672413793103,0.808259939581,4,0,2,0,2,0,0.034482758621,0.034482758621,104,3086,16,3464,466,6670,0.069865067466,104,106,2,0.011560693642,60,1.0,120,120,1,75,115,120,68,0.906666666667,0.763265553715,969,967,965,0.973913043478,0.933333333333,0.720588235294,0.7423472857,4,0,2,0,2,0,0.029411764706,0.029411764706,224,7596,16,8144,756,15980,0.047309136421,224,226,2,0.006600660066,75,1.0,300,300,1,75,295,300,68,0.906666666667,0.763265553715,969,967,965,0.989830508475,0.973333333333,0.720588235294,0.7423472857,4,0,2,0,2,0,0.029411764706,0.029411764706,584,19476,16,20384,1476,40460,0.036480474543,584,586,2,0.003016591252,75,1.0,617,631,1,75,612,631,68,0.906666666667,0.763265553715,969,967,965,0.995098039216,0.987321711569,0.720588235294,0.7423472857,4,0,2,0,2,0,0.029411764706,0.029411764706,1218,40398,16,42892,3696,84524,0.043727225403,1232,1234,2,0.001525553013,75,1.0,61,80,h30_pairwise_net_norm
MOT20-05,95,225,263,1216,v_to_u,0.0329,0.017851,0.020394342516,mot20_05_r0095_225_263_f1216_v_to_u,1218,455,263,225,1,"{""225"": 455}",455,30,30,1,30,30,28,30,1.0,0.795898572504,1167,1160,1167,1.0,1.0,1.0,-0.0,1,0,30,0,30,0,1.0,1.0,900,0,0,840,1740,1740,1.0,58,88,30,0.340909090909,30,1.0,60,60,1,60,60,58,60,1.0,0.811719854509,1167,1160,1167,1.0,1.0,0.666666666667,0.636514168295,2,0,40,0,40,0,0.666666666667,0.666666666667,2400,1200,0,3480,4680,7080,0.661016949153,118,158,40,0.224719101124,60,1.0,120,120,1,120,118,118,120,1.0,0.852155988522,1167,1160,1074,1.0,1.0,0.666666666667,0.636514168295,2,0,40,0,40,0,0.333333333333,0.333333333333,4720,9440,0,14160,9440,28320,0.333333333333,236,276,40,0.112359550562,120,1.0,300,300,1,300,298,298,300,1.0,0.85012760228,1167,1160,1074,1.0,1.0,0.866666666667,0.392674467228,2,0,40,0,40,0,0.133333333333,0.133333333333,11920,77480,0,89400,23840,178800,0.133333333333,596,636,40,0.044642857143,300,1.0,1150,1205,1,455,1148,1200,455,1.0,0.86030976367,1039,1160,1074,0.565331010453,1.0,0.912087912088,0.297680355082,2,0,0,0,0,0,0.0,0.0,19960,502380,0,546000,63580,1068340,0.059512889155,1849,1849,0,0.0,455,1.0,81,100,h30_pairwise_net_norm
MOT20-01,37,20,27,70,v_to_u,0.83944,0.436431,0.173332313731,mot20_01_r0037_20_27_f70_v_to_u,83,347,27,20,1,"{""20"": 347}",347,30,30,1,30,30,30,30,1.0,0.80894454277,8,7,8,1.0,1.0,0.9,0.325082973391,2,0,27,3,27,3,0.8,0.8,810,90,90,810,1440,1800,0.8,63,87,24,0.266666666667,30,1.0,60,60,1,60,60,60,60,1.0,0.83731958848,8,7,8,1.0,1.0,0.85,0.51818621305,3,0,51,3,51,3,0.8,0.8,3060,540,180,3420,5760,7200,0.8,123,171,48,0.266666666667,60,1.0,82,82,1,120,82,82,120,1.0,0.850229876179,8,7,8,1.0,1.0,0.925,0.31412302589,3,0,111,3,111,3,0.9,0.9,9102,738,246,9594,17712,19680,0.9,167,275,108,0.380281690141,120,1.0,82,82,1,300,82,82,300,1.0,0.884379393102,8,7,8,1.0,1.0,0.97,0.153837593229,3,0,291,3,291,3,0.96,0.96,23862,738,246,24354,47232,49200,0.96,291,455,164,0.353448275862,300,1.0,82,82,1,347,82,82,347,1.0,0.888480013832,8,7,8,1.0,1.0,0.974063400576,0.136829372585,3,0,338,3,338,3,0.965417867435,0.965417867435,27716,738,246,28208,54940,56908,0.965417867435,338,502,164,0.320939334638,347,1.0,21,40,h30_idtp_delta_norm
MOT20-01,49,17,28,347,u_to_v,0.075333,0.046867,0.0,mot20_01_r0049_17_28_f347_u_to_v,348,82,17,28,1,"{""28"": 82}",82,30,30,1,30,30,27,26,0.866666666667,0.878066901315,30,28,52,1.0,0.962962962963,0.807692307692,0.489551893623,2,0,5,0,5,0,0.192307692308,0.192307692308,150,630,0,702,222,1482,0.14979757085,56,61,5,0.060240963855,30,1.0,60,60,1,60,58,57,56,0.933333333333,0.895178151517,30,28,52,1.0,0.982456140351,0.910714285714,0.300882104465,2,0,5,0,5,0,0.089285714286,0.089285714286,290,2958,0,3192,524,6440,0.081366459627,114,119,5,0.029239766082,60,1.0,120,120,1,82,118,117,78,0.951219512195,0.881958791002,30,28,52,0.516949152542,0.991452991453,0.935897435897,0.238109739946,2,0,5,0,5,0,0.064102564103,0.064102564103,305,8899,0,9126,532,18330,0.029023458811,177,189,12,0.038338658147,82,1.0,300,300,1,82,298,297,78,0.951219512195,0.881958791002,29,28,52,0.741610738255,0.996632996633,0.935897435897,0.238109739946,2,0,0,0,0,0,0.0,0.0,385,22859,0,23166,692,46410,0.014910579616,517,517,0,0.0,82,1.0,347,347,1,82,345,344,78,0.951219512195,0.881958791002,29,28,52,0.776811594203,0.997093023256,0.935897435897,0.238109739946,2,0,0,0,0,0,0.0,0.0,385,26525,0,26832,692,53742,0.012876335082,611,611,0,0.0,82,1.0,41,60,h30_idtp_delta_norm
MOT20-01,66,24,57,213,v_to_u,-0.14479,-0.076203,-0.209018378323,mot20_01_r0066_24_57_f213_v_to_u,233,41,57,24,1,"{""24"": 41}",41,30,30,1,30,25,3,30,1.0,0.729088304178,77,77,77,0.6,1.0,1.0,-0.0,1,1,30,30,0,0,0.0,0.0,450,300,90,0,60,840,0.071428571429,43,45,2,0.034482758621,30,1.0,50,60,1,41,45,13,41,1.0,0.723820211478,77,77,77,0.755555555556,1.0,1.0,-0.0,1,1,41,41,0,0,0.0,0.0,1394,451,533,0,410,2378,0.172413793103,65,75,10,0.10101010101,41,1.0,50,120,1,41,45,73,41,1.0,0.723820211478,77,77,77,0.755555555556,1.0,1.0,-0.0,1,1,41,41,0,0,0.0,0.0,1394,451,2993,0,-2050,4838,-0.423728813559,125,84,-41,-0.25786163522,41,1.0,50,232,1,41,45,185,41,1.0,0.723820211478,77,77,77,0.755555555556,1.0,1.0,-0.0,1,1,41,41,0,0,0.0,0.0,1394,451,7585,0,-6642,9430,-0.704347826087,237,196,-41,-0.151291512915,41,1.0,50,232,1,41,45,185,41,1.0,0.723820211478,77,77,77,0.755555555556,1.0,1.0,-0.0,1,1,41,41,0,0,0.0,0.0,1394,451,7585,0,-6642,9430,-0.704347826087,237,196,-41,-0.151291512915,41,1.0,61,80,h30_idtp_delta_norm
MOT20-01,85,17,28,343,u_to_v,0.075333,0.046867,0.0,mot20_01_r0085_17_28_f343_u_to_v,348,82,17,28,1,"{""28"": 82}",82,30,30,1,30,30,27,26,0.866666666667,0.878066901315,30,28,52,1.0,0.962962962963,0.807692307692,0.489551893623,2,0,5,0,5,0,0.192307692308,0.192307692308,150,630,0,702,222,1482,0.14979757085,56,61,5,0.060240963855,30,1.0,60,60,1,60,58,57,56,0.933333333333,0.895178151517,30,28,52,1.0,0.982456140351,0.910714285714,0.300882104465,2,0,5,0,5,0,0.089285714286,0.089285714286,290,2958,0,3192,524,6440,0.081366459627,114,119,5,0.029239766082,60,1.0,120,120,1,82,118,117,78,0.951219512195,0.881958791002,30,28,52,0.516949152542,0.991452991453,0.935897435897,0.238109739946,2,0,5,0,5,0,0.064102564103,0.064102564103,305,8899,0,9126,532,18330,0.029023458811,177,189,12,0.038338658147,82,1.0,300,300,1,82,298,297,78,0.951219512195,0.881958791002,29,28,52,0.741610738255,0.996632996633,0.935897435897,0.238109739946,2,0,0,0,0,0,0.0,0.0,385,22859,0,23166,692,46410,0.014910579616,517,517,0,0.0,82,1.0,347,347,1,82,345,344,78,0.951219512195,0.881958791002,29,28,52,0.776811594203,0.997093023256,0.935897435897,0.238109739946,2,0,0,0,0,0,0.0,0.0,385,26525,0,26832,692,53742,0.012876335082,611,611,0,0.0,82,1.0,81,100,h30_idtp_delta_norm
MOT20-02,31,129,130,1047,v_to_u,0.005914,0.00325,0.003270207429,mot20_02_r0031_129_130_f1047_v_to_u,1067,6,130,129,1,"{""129"": 6}",6,30,30,1,6,30,30,6,1.0,0.67155966403,277,279,277,0.533333333333,0.933333333333,0.666666666667,0.867563228481,3,0,4,1,4,1,0.5,0.5,78,102,36,144,84,360,0.233333333333,45,48,3,0.045454545455,6,1.0,60,60,1,6,60,60,6,1.0,0.67155966403,277,279,277,0.766666666667,0.966666666667,0.666666666667,0.867563228481,3,0,4,1,4,1,0.5,0.5,198,162,66,294,264,720,0.366666666667,105,108,3,0.02380952381,6,1.0,120,120,1,6,120,120,6,1.0,0.67155966403,277,279,277,0.883333333333,0.983333333333,0.666666666667,0.867563228481,3,0,4,1,4,1,0.5,0.5,438,282,126,594,624,1440,0.433333333333,225,228,3,0.012195121951,6,1.0,300,300,1,6,300,300,6,1.0,0.67155966403,277,279,277,0.953333333333,0.993333333333,0.666666666667,0.867563228481,3,0,4,1,4,1,0.5,0.5,1158,642,306,1494,1704,3600,0.473333333333,585,588,3,0.00495049505,6,1.0,494,502,1,6,494,502,6,1.0,0.67155966403,277,279,277,0.971659919028,0.982071713147,0.666666666667,0.867563228481,3,0,4,1,4,1,0.5,0.5,1934,1030,529,2483,2858,5976,0.478246318608,974,977,3,0.002994011976,6,1.0,21,40,h30_idtp_delta_norm
MOT20-02,56,214,246,1536,v_to_u,0.10592,0.05033,0.033356115778,mot20_02_r0056_214_246_f1536_v_to_u,1537,298,246,214,1,"{""214"": 298}",298,30,30,1,30,28,30,30,1.0,0.878059643864,38,36,38,0.535714285714,0.5,0.933333333333,0.244930026795,2,0,28,0,28,0,0.933333333333,0.933333333333,420,420,420,480,60,1740,0.034482758621,56,58,2,0.022727272727,30,1.0,60,60,1,60,50,60,60,1.0,0.872285394379,38,36,38,0.68,0.75,0.966666666667,0.146144746009,2,0,58,0,58,0,0.966666666667,0.966666666667,1972,1028,870,2730,2804,6600,0.424848484848,86,137,51,0.3,60,1.0,120,120,1,120,91,120,120,1.0,0.878390428917,62,36,38,0.43956043956,0.875,0.983333333333,0.084766075715,2,0,0,0,0,0,0.0,0.0,4130,6790,1770,12630,8200,25320,0.323854660348,173,258,85,0.256797583082,120,1.0,145,300,1,298,116,300,298,1.0,0.86502922649,62,36,38,0.560344827586,0.95,0.993288590604,0.040272369589,2,0,0,0,0,0,0.0,0.0,10360,24208,4440,84960,66672,123968,0.537816210635,376,616,240,0.336134453782,298,1.0,145,315,1,298,116,314,298,1.0,0.86502922649,62,36,38,0.560344827586,0.945859872611,0.993288590604,0.040272369589,2,0,0,0,0,0,0.0,0.0,10360,24208,4444,89128,70836,128140,0.552801623225,376,628,252,0.346153846154,298,1.0,41,60,h30_idtp_delta_norm
MOT20-02,63,347,477,2185,u_to_v,0.00764,0.00436,0.005232331887,mot20_02_r0063_347_477_f2185_u_to_v,2757,8,347,477,1,"{""477"": 8}",8,30,30,1,8,30,22,8,1.0,0.686233852512,128,141,128,1.0,1.0,1.0,-0.0,1,0,8,0,8,0,1.0,1.0,240,0,0,176,416,416,1.0,52,60,8,0.133333333333,8,1.0,60,60,1,8,60,52,8,1.0,0.686233852512,128,141,128,1.0,1.0,1.0,-0.0,1,0,8,0,8,0,1.0,1.0,480,0,0,416,896,896,1.0,112,120,8,0.066666666667,8,1.0,120,120,1,8,120,112,8,1.0,0.686233852512,128,141,128,1.0,1.0,1.0,-0.0,1,0,8,0,8,0,1.0,1.0,960,0,0,896,1856,1856,1.0,232,240,8,0.033333333333,8,1.0,300,300,1,8,289,277,8,1.0,0.686233852512,128,141,128,1.0,0.996389891697,1.0,-0.0,1,0,8,0,8,0,1.0,1.0,2312,0,0,2216,4528,4528,1.0,565,573,8,0.01393728223,8,1.0,949,585,1,8,861,552,8,1.0,0.686233852512,128,141,128,0.638792102207,0.949275362319,1.0,-0.0,1,0,8,0,8,0,1.0,1.0,4400,2488,176,4240,5976,11304,0.528662420382,1074,1082,8,0.005629838142,8,1.0,61,80,h30_idtp_delta_norm
MOT20-02,92,270,341,2130,v_to_u,-0.00557,0.000435,-0.003924248915,mot20_02_r0092_270_341_f2130_v_to_u,2244,12,341,270,1,"{""270"": 12}",12,30,30,1,12,30,28,6,0.5,0.635064292649,187,107,187,1.0,1.0,1.0,-0.0,1,0,6,0,6,0,1.0,1.0,180,0,0,168,348,348,1.0,58,64,6,0.09375,12,1.0,60,60,1,12,60,58,6,0.5,0.635064292649,187,107,187,1.0,1.0,1.0,-0.0,1,0,6,0,6,0,1.0,1.0,360,0,0,348,708,708,1.0,118,124,6,0.048387096774,12,1.0,120,120,1,12,120,118,6,0.5,0.635064292649,187,107,187,1.0,1.0,1.0,-0.0,1,0,6,0,6,0,1.0,1.0,720,0,0,708,1428,1428,1.0,238,244,6,0.024590163934,12,1.0,300,300,1,12,300,283,6,0.5,0.635064292649,187,107,187,0.513333333333,0.957597173145,1.0,-0.0,1,0,6,0,6,0,1.0,1.0,924,876,0,1698,1746,3498,0.499142367067,425,431,6,0.010186757216,12,1.0,460,745,1,12,448,727,6,0.5,0.635064292649,81,187,187,0.524553571429,0.588720770289,1.0,-0.0,1,0,0,6,0,6,-1.0,-1.0,924,1764,2568,1794,-1614,7050,-0.228936170213,669,663,-6,-0.005080440305,12,1.0,81,100,h30_idtp_delta_norm
MOT20-03,27,355,403,2122,v_to_u,0.00012,5.5e-05,0.000968377629,mot20_03_r0027_355_403_f2122_v_to_u,2127,24,403,355,1,"{""355"": 24}",24,30,30,1,24,29,30,3,0.125,0.745929006245,678,677,678,1.0,1.0,0.666666666667,0.636514168295,2,0,2,1,2,1,0.333333333333,0.333333333333,58,29,30,60,59,177,0.333333333333,60,61,1,0.016129032258,24,1.0,60,60,1,24,59,60,3,0.125,0.745929006245,678,677,678,1.0,1.0,0.666666666667,0.636514168295,2,0,2,1,2,1,0.333333333333,0.333333333333,118,59,60,120,119,357,0.333333333333,120,121,1,0.008196721311,24,1.0,120,120,1,24,119,120,3,0.125,0.745929006245,678,677,678,0.991596638655,0.675,0.666666666667,0.636514168295,2,0,2,1,2,1,0.333333333333,0.333333333333,236,121,83,277,309,717,0.430962343096,200,201,1,0.004132231405,24,1.0,300,300,1,24,299,300,3,0.125,0.745929006245,678,679,678,0.996655518395,0.726666666667,0.666666666667,0.636514168295,2,0,2,0,2,0,0.666666666667,0.666666666667,596,301,83,817,1029,1797,0.572621035058,516,518,2,0.003322259136,24,1.0,745,897,1,24,744,897,3,0.125,0.745929006245,678,679,678,0.990591397849,0.908584169454,0.666666666667,0.636514168295,2,0,2,0,2,0,0.666666666667,0.666666666667,1474,758,83,2608,3241,4923,0.658338411538,1552,1554,2,0.001216545012,24,1.0,21,40,h30_idtp_delta_norm
MOT20-03,42,305,414,1760,v_to_u,-0.001,-0.000517,-0.000968377629,mot20_03_r0042_305_414_f1760_v_to_u,1784,3,414,305,1,"{""305"": 3}",3,30,30,1,3,29,1,3,1.0,0.602682829408,589,589,589,1.0,1.0,1.0,-0.0,1,1,3,3,0,0,0.0,0.0,87,0,3,0,84,90,0.933333333333,29,32,3,0.090909090909,3,1.0,60,60,1,3,29,31,3,1.0,0.602682829408,589,589,589,1.0,1.0,1.0,-0.0,1,1,3,3,0,0,0.0,0.0,87,0,93,0,-6,180,-0.033333333333,34,32,-2,-0.031746031746,3,1.0,120,120,1,3,72,91,3,1.0,0.602682829408,349,589,589,0.597222222222,1.0,1.0,-0.0,1,0,0,3,0,3,-1.0,-1.0,87,129,273,0,-315,489,-0.644171779141,137,134,-3,-0.018072289157,3,1.0,300,300,1,3,239,271,3,1.0,0.602682829408,349,589,589,0.878661087866,1.0,1.0,-0.0,1,0,0,3,0,3,-1.0,-1.0,87,630,813,0,-1356,1530,-0.886274509804,484,481,-3,-0.005847953216,3,1.0,381,672,1,3,320,643,3,1.0,0.602682829408,349,589,589,0.909375,1.0,1.0,-0.0,1,0,0,3,0,3,-1.0,-1.0,87,873,1929,0,-2715,2889,-0.939771547248,937,934,-3,-0.003105590062,3,1.0,41,60,h30_idtp_delta_norm
MOT20-03,76,415,417,2297,v_to_u,0.000674,0.00034,0.0,mot20_03_r0076_415_417_f2297_v_to_u,2315,4,417,415,1,"{""415"": 4}",4,30,30,1,4,27,29,0,0.0,,638,653,-1,1.0,1.0,,,0,0,0,0,0,0,0.0,0.0,0,0,0,0,0,0,0.0,56,56,0,0.0,4,1.0,60,60,1,4,57,59,0,0.0,,638,653,-1,1.0,1.0,,,0,0,0,0,0,0,0.0,0.0,0,0,0,0,0,0,0.0,116,116,0,0.0,4,1.0,120,120,1,4,117,119,0,0.0,,638,653,-1,1.0,1.0,,,0,0,0,0,0,0,0.0,0.0,0,0,0,0,0,0,0.0,236,236,0,0.0,4,1.0,300,300,1,4,297,299,0,0.0,,638,653,-1,1.0,1.0,,,0,0,0,0,0,0,0.0,0.0,0,0,0,0,0,0,0.0,596,596,0,0.0,4,1.0,905,912,1,4,902,911,0,0.0,,638,653,-1,1.0,1.0,,,0,0,0,0,0,0,0.0,0.0,0,0,0,0,0,0,0.0,1813,1813,0,0.0,4,1.0,61,80,h30_idtp_delta_norm
MOT20-03,87,433,458,2341,u_to_v,0.010515,0.005324,0.004841888143,mot20_03_r0087_433_458_f2341_u_to_v,2346,15,433,458,1,"{""458"": 15}",15,30,30,1,15,28,2,15,1.0,0.762633230399,236,236,236,1.0,1.0,1.0,-0.0,1,1,15,15,0,0,0.0,0.0,420,0,30,0,390,450,0.866666666667,28,43,15,0.333333333333,15,1.0,60,60,1,15,58,13,15,1.0,0.762633230399,236,646,236,1.0,0.846153846154,1.0,-0.0,1,0,15,0,15,0,1.0,1.0,870,0,30,165,1005,1065,0.943661971831,69,84,15,0.174418604651,15,1.0,120,120,1,15,118,73,15,1.0,0.762633230399,236,646,236,1.0,0.972602739726,1.0,-0.0,1,0,15,0,15,0,1.0,1.0,1770,0,30,1065,2805,2865,0.979057591623,189,204,15,0.072815533981,15,1.0,300,300,1,15,298,253,15,1.0,0.762633230399,236,646,236,1.0,0.99209486166,1.0,-0.0,1,0,15,0,15,0,1.0,1.0,4470,0,30,3765,8205,8265,0.992740471869,549,564,15,0.026501766784,15,1.0,867,808,1,15,865,761,15,1.0,0.762633230399,236,646,236,1.0,0.997371879106,1.0,-0.0,1,0,15,0,15,0,1.0,1.0,12975,0,30,11385,24330,24390,0.9975399754,1624,1639,15,0.009140767824,15,1.0,81,100,h30_idtp_delta_norm
MOT20-05,28,525,874,1582,v_to_u,0.0097,0.005942,0.005448870138,mot20_05_r0028_525_874_f1582_v_to_u,1583,52,874,525,1,"{""525"": 52}",52,30,30,1,30,30,27,30,1.0,0.788181715605,1075,1098,1075,0.866666666667,0.888888888889,1.0,-0.0,1,0,30,0,30,0,1.0,1.0,780,120,90,720,1290,1710,0.754385964912,50,80,30,0.344827586207,30,1.0,60,60,1,52,60,57,35,0.673076923077,0.792866344956,1075,1098,1075,0.933333333333,0.947368421053,1.0,-0.0,1,0,35,0,35,0,1.0,1.0,1960,140,105,1890,3605,4095,0.880341880342,110,145,35,0.230263157895,52,1.0,120,120,1,52,120,117,35,0.673076923077,0.792866344956,1075,1098,1075,0.966666666667,0.974358974359,1.0,-0.0,1,0,35,0,35,0,1.0,1.0,4060,140,105,3990,7805,8295,0.940928270042,230,265,35,0.128676470588,52,1.0,273,300,1,52,273,297,35,0.673076923077,0.792866344956,1075,1098,1075,0.985347985348,0.989898989899,1.0,-0.0,1,0,35,0,35,0,1.0,1.0,9415,140,105,10290,19460,19950,0.975438596491,563,598,35,0.057851239669,52,1.0,273,910,1,52,273,907,35,0.673076923077,0.792866344956,1075,1098,1075,0.985347985348,0.996692392503,1.0,-0.0,1,0,35,0,35,0,1.0,1.0,9415,140,105,31640,40810,41300,0.98813559322,1173,1208,35,0.028806584362,52,1.0,21,40,h30_idtp_delta_norm
MOT20-05,57,1054,1150,1952,v_to_u,-4.7e-05,-2.4e-05,0.0,mot20_05_r0057_1054_1150_f1952_v_to_u,2148,4,1150,1054,1,"{""1054"": 4}",4,30,30,1,4,0,30,4,1.0,0.885701705568,-1,475,475,,1.0,1.0,-0.0,1,0,0,4,0,0,0.0,-1.0,0,0,120,0,-120,120,-1.0,34,30,-4,-0.117647058824,4,1.0,60,60,1,4,25,60,4,1.0,0.885701705568,478,475,475,1.0,1.0,1.0,-0.0,1,0,0,4,0,4,-1.0,-1.0,0,100,240,0,-340,340,-1.0,89,85,-4,-0.044943820225,4,1.0,120,120,1,4,85,120,4,1.0,0.885701705568,478,475,475,1.0,1.0,1.0,-0.0,1,0,0,4,0,4,-1.0,-1.0,0,340,480,0,-820,820,-1.0,209,205,-4,-0.019138755981,4,1.0,220,300,1,4,182,300,4,1.0,0.885701705568,478,467,475,1.0,0.5,1.0,-0.0,1,0,0,0,0,0,0.0,0.0,0,728,596,604,-720,1928,-0.373443983402,335,332,-3,-0.006172839506,4,1.0,220,420,1,4,182,416,4,1.0,0.885701705568,478,467,475,1.0,0.639423076923,1.0,-0.0,1,0,0,0,0,0,0.0,0.0,0,728,596,1068,-256,2392,-0.107023411371,448,448,0,0.0,4,1.0,41,60,h30_idtp_delta_norm
MOT20-05,67,142,394,395,v_to_u,-0.00326,-0.002394,-0.008095464205,mot20_05_r0067_142_394_f395_v_to_u,408,332,393,142,1,"{""142"": 332}",332,24,30,1,30,4,26,30,1.0,0.819406027202,170,170,169,1.0,1.0,0.533333333333,0.690923309314,2,1,14,14,0,0,0.0,0.0,56,64,364,416,44,900,0.048888888889,40,42,2,0.033333333333,30,1.0,24,60,1,60,4,56,60,1.0,0.863196583117,170,170,169,1.0,1.0,0.766666666667,0.543272781337,2,1,14,14,0,0,0.0,0.0,56,184,784,2576,1664,3600,0.462222222222,70,102,32,0.266666666667,60,1.0,24,120,1,120,4,116,120,1.0,0.876472073444,170,170,169,1.0,1.0,0.883333333333,0.360230521195,2,1,14,14,0,0,0.0,0.0,56,424,1624,12296,10304,14400,0.715555555556,130,222,92,0.383333333333,120,1.0,24,300,1,300,4,263,300,1.0,0.816052393367,170,170,169,1.0,0.920152091255,0.953333333333,0.188580939626,2,1,14,14,0,0,0.0,0.0,56,1144,9394,69506,59024,80100,0.736878901373,311,528,217,0.382716049383,300,1.0,24,407,1,332,4,369,321,0.96686746988,0.813761753519,170,170,169,1.0,0.655826558266,0.943925233645,0.245730780051,3,1,14,14,0,0,0.0,0.0,56,1228,41869,76580,33539,119733,0.280114922369,434,545,111,0.159942363112,332,1.0,61,80,h30_idtp_delta_norm
MOT20-05,95,225,263,1216,v_to_u,0.0329,0.017851,0.020394342516,mot20_05_r0095_225_263_f1216_v_to_u,1218,455,263,225,1,"{""225"": 455}",455,30,30,1,30,30,28,30,1.0,0.795898572504,1167,1160,1167,1.0,1.0,1.0,-0.0,1,0,30,0,30,0,1.0,1.0,900,0,0,840,1740,1740,1.0,58,88,30,0.340909090909,30,1.0,60,60,1,60,60,58,60,1.0,0.811719854509,1167,1160,1167,1.0,1.0,0.666666666667,0.636514168295,2,0,40,0,40,0,0.666666666667,0.666666666667,2400,1200,0,3480,4680,7080,0.661016949153,118,158,40,0.224719101124,60,1.0,120,120,1,120,118,118,120,1.0,0.852155988522,1167,1160,1074,1.0,1.0,0.666666666667,0.636514168295,2,0,40,0,40,0,0.333333333333,0.333333333333,4720,9440,0,14160,9440,28320,0.333333333333,236,276,40,0.112359550562,120,1.0,300,300,1,300,298,298,300,1.0,0.85012760228,1167,1160,1074,1.0,1.0,0.866666666667,0.392674467228,2,0,40,0,40,0,0.133333333333,0.133333333333,11920,77480,0,89400,23840,178800,0.133333333333,596,636,40,0.044642857143,300,1.0,1150,1205,1,455,1148,1200,455,1.0,0.86030976367,1039,1160,1074,0.565331010453,1.0,0.912087912088,0.297680355082,2,0,0,0,0,0,0.0,0.0,19960,502380,0,546000,63580,1068340,0.059512889155,1849,1849,0,0.0,455,1.0,81,100,h30_idtp_delta_norm
MOT20-01,37,20,27,70,v_to_u,0.83944,0.436431,0.173332313731,mot20_01_r0037_20_27_f70_v_to_u,83,347,27,20,1,"{""20"": 347}",347,30,30,1,30,30,30,30,1.0,0.80894454277,8,7,8,1.0,1.0,0.9,0.325082973391,2,0,27,3,27,3,0.8,0.8,810,90,90,810,1440,1800,0.8,63,87,24,0.266666666667,30,1.0,60,60,1,60,60,60,60,1.0,0.83731958848,8,7,8,1.0,1.0,0.85,0.51818621305,3,0,51,3,51,3,0.8,0.8,3060,540,180,3420,5760,7200,0.8,123,171,48,0.266666666667,60,1.0,82,82,1,120,82,82,120,1.0,0.850229876179,8,7,8,1.0,1.0,0.925,0.31412302589,3,0,111,3,111,3,0.9,0.9,9102,738,246,9594,17712,19680,0.9,167,275,108,0.380281690141,120,1.0,82,82,1,300,82,82,300,1.0,0.884379393102,8,7,8,1.0,1.0,0.97,0.153837593229,3,0,291,3,291,3,0.96,0.96,23862,738,246,24354,47232,49200,0.96,291,455,164,0.353448275862,300,1.0,82,82,1,347,82,82,347,1.0,0.888480013832,8,7,8,1.0,1.0,0.974063400576,0.136829372585,3,0,338,3,338,3,0.965417867435,0.965417867435,27716,738,246,28208,54940,56908,0.965417867435,338,502,164,0.320939334638,347,1.0,21,40,h60_row_net
MOT20-01,49,17,28,347,u_to_v,0.075333,0.046867,0.0,mot20_01_r0049_17_28_f347_u_to_v,348,82,17,28,1,"{""28"": 82}",82,30,30,1,30,30,27,26,0.866666666667,0.878066901315,30,28,52,1.0,0.962962962963,0.807692307692,0.489551893623,2,0,5,0,5,0,0.192307692308,0.192307692308,150,630,0,702,222,1482,0.14979757085,56,61,5,0.060240963855,30,1.0,60,60,1,60,58,57,56,0.933333333333,0.895178151517,30,28,52,1.0,0.982456140351,0.910714285714,0.300882104465,2,0,5,0,5,0,0.089285714286,0.089285714286,290,2958,0,3192,524,6440,0.081366459627,114,119,5,0.029239766082,60,1.0,120,120,1,82,118,117,78,0.951219512195,0.881958791002,30,28,52,0.516949152542,0.991452991453,0.935897435897,0.238109739946,2,0,5,0,5,0,0.064102564103,0.064102564103,305,8899,0,9126,532,18330,0.029023458811,177,189,12,0.038338658147,82,1.0,300,300,1,82,298,297,78,0.951219512195,0.881958791002,29,28,52,0.741610738255,0.996632996633,0.935897435897,0.238109739946,2,0,0,0,0,0,0.0,0.0,385,22859,0,23166,692,46410,0.014910579616,517,517,0,0.0,82,1.0,347,347,1,82,345,344,78,0.951219512195,0.881958791002,29,28,52,0.776811594203,0.997093023256,0.935897435897,0.238109739946,2,0,0,0,0,0,0.0,0.0,385,26525,0,26832,692,53742,0.012876335082,611,611,0,0.0,82,1.0,41,60,h60_row_net
MOT20-01,66,24,57,213,v_to_u,-0.14479,-0.076203,-0.209018378323,mot20_01_r0066_24_57_f213_v_to_u,233,41,57,24,1,"{""24"": 41}",41,30,30,1,30,25,3,30,1.0,0.729088304178,77,77,77,0.6,1.0,1.0,-0.0,1,1,30,30,0,0,0.0,0.0,450,300,90,0,60,840,0.071428571429,43,45,2,0.034482758621,30,1.0,50,60,1,41,45,13,41,1.0,0.723820211478,77,77,77,0.755555555556,1.0,1.0,-0.0,1,1,41,41,0,0,0.0,0.0,1394,451,533,0,410,2378,0.172413793103,65,75,10,0.10101010101,41,1.0,50,120,1,41,45,73,41,1.0,0.723820211478,77,77,77,0.755555555556,1.0,1.0,-0.0,1,1,41,41,0,0,0.0,0.0,1394,451,2993,0,-2050,4838,-0.423728813559,125,84,-41,-0.25786163522,41,1.0,50,232,1,41,45,185,41,1.0,0.723820211478,77,77,77,0.755555555556,1.0,1.0,-0.0,1,1,41,41,0,0,0.0,0.0,1394,451,7585,0,-6642,9430,-0.704347826087,237,196,-41,-0.151291512915,41,1.0,50,232,1,41,45,185,41,1.0,0.723820211478,77,77,77,0.755555555556,1.0,1.0,-0.0,1,1,41,41,0,0,0.0,0.0,1394,451,7585,0,-6642,9430,-0.704347826087,237,196,-41,-0.151291512915,41,1.0,61,80,h60_row_net
MOT20-01,85,17,28,343,u_to_v,0.075333,0.046867,0.0,mot20_01_r0085_17_28_f343_u_to_v,348,82,17,28,1,"{""28"": 82}",82,30,30,1,30,30,27,26,0.866666666667,0.878066901315,30,28,52,1.0,0.962962962963,0.807692307692,0.489551893623,2,0,5,0,5,0,0.192307692308,0.192307692308,150,630,0,702,222,1482,0.14979757085,56,61,5,0.060240963855,30,1.0,60,60,1,60,58,57,56,0.933333333333,0.895178151517,30,28,52,1.0,0.982456140351,0.910714285714,0.300882104465,2,0,5,0,5,0,0.089285714286,0.089285714286,290,2958,0,3192,524,6440,0.081366459627,114,119,5,0.029239766082,60,1.0,120,120,1,82,118,117,78,0.951219512195,0.881958791002,30,28,52,0.516949152542,0.991452991453,0.935897435897,0.238109739946,2,0,5,0,5,0,0.064102564103,0.064102564103,305,8899,0,9126,532,18330,0.029023458811,177,189,12,0.038338658147,82,1.0,300,300,1,82,298,297,78,0.951219512195,0.881958791002,29,28,52,0.741610738255,0.996632996633,0.935897435897,0.238109739946,2,0,0,0,0,0,0.0,0.0,385,22859,0,23166,692,46410,0.014910579616,517,517,0,0.0,82,1.0,347,347,1,82,345,344,78,0.951219512195,0.881958791002,29,28,52,0.776811594203,0.997093023256,0.935897435897,0.238109739946,2,0,0,0,0,0,0.0,0.0,385,26525,0,26832,692,53742,0.012876335082,611,611,0,0.0,82,1.0,81,100,h60_row_net
MOT20-02,31,129,130,1047,v_to_u,0.005914,0.00325,0.003270207429,mot20_02_r0031_129_130_f1047_v_to_u,1067,6,130,129,1,"{""129"": 6}",6,30,30,1,6,30,30,6,1.0,0.67155966403,277,279,277,0.533333333333,0.933333333333,0.666666666667,0.867563228481,3,0,4,1,4,1,0.5,0.5,78,102,36,144,84,360,0.233333333333,45,48,3,0.045454545455,6,1.0,60,60,1,6,60,60,6,1.0,0.67155966403,277,279,277,0.766666666667,0.966666666667,0.666666666667,0.867563228481,3,0,4,1,4,1,0.5,0.5,198,162,66,294,264,720,0.366666666667,105,108,3,0.02380952381,6,1.0,120,120,1,6,120,120,6,1.0,0.67155966403,277,279,277,0.883333333333,0.983333333333,0.666666666667,0.867563228481,3,0,4,1,4,1,0.5,0.5,438,282,126,594,624,1440,0.433333333333,225,228,3,0.012195121951,6,1.0,300,300,1,6,300,300,6,1.0,0.67155966403,277,279,277,0.953333333333,0.993333333333,0.666666666667,0.867563228481,3,0,4,1,4,1,0.5,0.5,1158,642,306,1494,1704,3600,0.473333333333,585,588,3,0.00495049505,6,1.0,494,502,1,6,494,502,6,1.0,0.67155966403,277,279,277,0.971659919028,0.982071713147,0.666666666667,0.867563228481,3,0,4,1,4,1,0.5,0.5,1934,1030,529,2483,2858,5976,0.478246318608,974,977,3,0.002994011976,6,1.0,21,40,h60_row_net
MOT20-02,48,233,249,1540,u_to_v,0.21713,0.10687,0.189017989411,mot20_02_r0048_233_249_f1540_u_to_v,1808,374,233,249,1,"{""249"": 374}",374,30,30,1,30,30,30,30,1.0,0.868627149917,33,62,62,0.733333333333,0.733333333333,1.0,-0.0,1,0,0,30,0,30,-1.0,-1.0,240,660,660,240,-840,1800,-0.466666666667,74,46,-28,-0.311111111111,30,1.0,60,60,1,60,60,60,60,1.0,0.86450652704,62,33,62,0.633333333333,0.633333333333,1.0,-0.0,1,0,60,0,60,0,1.0,1.0,2280,1320,1320,2280,1920,7200,0.266666666667,104,136,32,0.177777777778,60,1.0,120,120,1,120,120,120,120,1.0,0.870325567621,62,33,62,0.816666666667,0.816666666667,1.0,-0.0,1,0,120,0,120,0,1.0,1.0,11760,2640,2640,11760,18240,28800,0.633333333333,196,316,120,0.333333333333,120,1.0,300,300,1,300,300,300,300,1.0,0.870710031809,62,33,62,0.923333333333,0.593333333333,1.0,-0.0,1,0,300,0,300,0,1.0,1.0,83100,6900,6600,83400,153000,180000,0.85,455,755,300,0.333333333333,300,1.0,483,403,1,374,483,403,368,0.983957219251,0.87113302628,62,33,62,0.679089026915,0.441687344913,1.0,-0.0,1,0,368,0,368,0,1.0,1.0,120704,57040,8096,140208,195776,326048,0.600451467269,522,874,352,0.280701754386,374,1.0,41,60,h60_row_net
MOT20-02,63,347,477,2185,u_to_v,0.00764,0.00436,0.005232331887,mot20_02_r0063_347_477_f2185_u_to_v,2757,8,347,477,1,"{""477"": 8}",8,30,30,1,8,30,22,8,1.0,0.686233852512,128,141,128,1.0,1.0,1.0,-0.0,1,0,8,0,8,0,1.0,1.0,240,0,0,176,416,416,1.0,52,60,8,0.133333333333,8,1.0,60,60,1,8,60,52,8,1.0,0.686233852512,128,141,128,1.0,1.0,1.0,-0.0,1,0,8,0,8,0,1.0,1.0,480,0,0,416,896,896,1.0,112,120,8,0.066666666667,8,1.0,120,120,1,8,120,112,8,1.0,0.686233852512,128,141,128,1.0,1.0,1.0,-0.0,1,0,8,0,8,0,1.0,1.0,960,0,0,896,1856,1856,1.0,232,240,8,0.033333333333,8,1.0,300,300,1,8,289,277,8,1.0,0.686233852512,128,141,128,1.0,0.996389891697,1.0,-0.0,1,0,8,0,8,0,1.0,1.0,2312,0,0,2216,4528,4528,1.0,565,573,8,0.01393728223,8,1.0,949,585,1,8,861,552,8,1.0,0.686233852512,128,141,128,0.638792102207,0.949275362319,1.0,-0.0,1,0,8,0,8,0,1.0,1.0,4400,2488,176,4240,5976,11304,0.528662420382,1074,1082,8,0.005629838142,8,1.0,61,80,h60_row_net
MOT20-02,86,233,249,1784,u_to_v,0.21713,0.10687,0.189017989411,mot20_02_r0086_233_249_f1784_u_to_v,1808,374,233,249,1,"{""249"": 374}",374,30,30,1,30,30,30,30,1.0,0.868627149917,33,62,62,0.733333333333,0.733333333333,1.0,-0.0,1,0,0,30,0,30,-1.0,-1.0,240,660,660,240,-840,1800,-0.466666666667,74,46,-28,-0.311111111111,30,1.0,60,60,1,60,60,60,60,1.0,0.86450652704,62,33,62,0.633333333333,0.633333333333,1.0,-0.0,1,0,60,0,60,0,1.0,1.0,2280,1320,1320,2280,1920,7200,0.266666666667,104,136,32,0.177777777778,60,1.0,120,120,1,120,120,120,120,1.0,0.870325567621,62,33,62,0.816666666667,0.816666666667,1.0,-0.0,1,0,120,0,120,0,1.0,1.0,11760,2640,2640,11760,18240,28800,0.633333333333,196,316,120,0.333333333333,120,1.0,300,300,1,300,300,300,300,1.0,0.870710031809,62,33,62,0.923333333333,0.593333333333,1.0,-0.0,1,0,300,0,300,0,1.0,1.0,83100,6900,6600,83400,153000,180000,0.85,455,755,300,0.333333333333,300,1.0,483,403,1,374,483,403,368,0.983957219251,0.87113302628,62,33,62,0.679089026915,0.441687344913,1.0,-0.0,1,0,368,0,368,0,1.0,1.0,120704,57040,8096,140208,195776,326048,0.600451467269,522,874,352,0.280701754386,374,1.0,81,100,h60_row_net
MOT20-03,27,355,403,2122,v_to_u,0.00012,5.5e-05,0.000968377629,mot20_03_r0027_355_403_f2122_v_to_u,2127,24,403,355,1,"{""355"": 24}",24,30,30,1,24,29,30,3,0.125,0.745929006245,678,677,678,1.0,1.0,0.666666666667,0.636514168295,2,0,2,1,2,1,0.333333333333,0.333333333333,58,29,30,60,59,177,0.333333333333,60,61,1,0.016129032258,24,1.0,60,60,1,24,59,60,3,0.125,0.745929006245,678,677,678,1.0,1.0,0.666666666667,0.636514168295,2,0,2,1,2,1,0.333333333333,0.333333333333,118,59,60,120,119,357,0.333333333333,120,121,1,0.008196721311,24,1.0,120,120,1,24,119,120,3,0.125,0.745929006245,678,677,678,0.991596638655,0.675,0.666666666667,0.636514168295,2,0,2,1,2,1,0.333333333333,0.333333333333,236,121,83,277,309,717,0.430962343096,200,201,1,0.004132231405,24,1.0,300,300,1,24,299,300,3,0.125,0.745929006245,678,679,678,0.996655518395,0.726666666667,0.666666666667,0.636514168295,2,0,2,0,2,0,0.666666666667,0.666666666667,596,301,83,817,1029,1797,0.572621035058,516,518,2,0.003322259136,24,1.0,745,897,1,24,744,897,3,0.125,0.745929006245,678,679,678,0.990591397849,0.908584169454,0.666666666667,0.636514168295,2,0,2,0,2,0,0.666666666667,0.666666666667,1474,758,83,2608,3241,4923,0.658338411538,1552,1554,2,0.001216545012,24,1.0,21,40,h60_row_net
MOT20-03,42,305,414,1760,v_to_u,-0.001,-0.000517,-0.000968377629,mot20_03_r0042_305_414_f1760_v_to_u,1784,3,414,305,1,"{""305"": 3}",3,30,30,1,3,29,1,3,1.0,0.602682829408,589,589,589,1.0,1.0,1.0,-0.0,1,1,3,3,0,0,0.0,0.0,87,0,3,0,84,90,0.933333333333,29,32,3,0.090909090909,3,1.0,60,60,1,3,29,31,3,1.0,0.602682829408,589,589,589,1.0,1.0,1.0,-0.0,1,1,3,3,0,0,0.0,0.0,87,0,93,0,-6,180,-0.033333333333,34,32,-2,-0.031746031746,3,1.0,120,120,1,3,72,91,3,1.0,0.602682829408,349,589,589,0.597222222222,1.0,1.0,-0.0,1,0,0,3,0,3,-1.0,-1.0,87,129,273,0,-315,489,-0.644171779141,137,134,-3,-0.018072289157,3,1.0,300,300,1,3,239,271,3,1.0,0.602682829408,349,589,589,0.878661087866,1.0,1.0,-0.0,1,0,0,3,0,3,-1.0,-1.0,87,630,813,0,-1356,1530,-0.886274509804,484,481,-3,-0.005847953216,3,1.0,381,672,1,3,320,643,3,1.0,0.602682829408,349,589,589,0.909375,1.0,1.0,-0.0,1,0,0,3,0,3,-1.0,-1.0,87,873,1929,0,-2715,2889,-0.939771547248,937,934,-3,-0.003105590062,3,1.0,41,60,h60_row_net
MOT20-03,73,302,322,1195,v_to_u,0.01164,0.005897,0.022595477999,mot20_03_r0073_302_322_f1195_v_to_u,1231,109,322,302,1,"{""302"": 109}",109,30,30,1,30,21,0,23,0.766666666667,0.799508747495,274,-1,276,1.0,,1.0,-0.0,1,0,0,0,0,0,0.0,0.0,0,483,0,0,-483,483,-1.0,44,23,-21,-0.477272727273,30,1.0,60,60,1,60,38,27,53,0.883333333333,0.814328322539,274,274,276,0.605263157895,1.0,1.0,-0.0,1,1,0,0,0,0,0.0,0.0,0,2014,0,1431,-583,3445,-0.169230769231,76,80,4,0.033898305085,60,1.0,73,120,1,109,51,87,87,0.798165137615,0.839101864922,277,274,276,0.470588235294,1.0,1.0,-0.0,1,0,0,0,0,0,0.0,0.0,0,4437,0,7569,3132,12006,0.260869565217,111,174,63,0.28,109,1.0,73,126,1,109,51,93,87,0.798165137615,0.839101864922,277,274,276,0.470588235294,1.0,1.0,-0.0,1,0,0,0,0,0,0.0,0.0,0,4437,0,8091,3654,12528,0.291666666667,117,180,63,0.272727272727,109,1.0,73,126,1,109,51,93,87,0.798165137615,0.839101864922,277,274,276,0.470588235294,1.0,1.0,-0.0,1,0,0,0,0,0,0.0,0.0,0,4437,0,8091,3654,12528,0.291666666667,117,180,63,0.272727272727,109,1.0,61,80,h60_row_net
MOT20-03,87,433,458,2341,u_to_v,0.010515,0.005324,0.004841888143,mot20_03_r0087_433_458_f2341_u_to_v,2346,15,433,458,1,"{""458"": 15}",15,30,30,1,15,28,2,15,1.0,0.762633230399,236,236,236,1.0,1.0,1.0,-0.0,1,1,15,15,0,0,0.0,0.0,420,0,30,0,390,450,0.866666666667,28,43,15,0.333333333333,15,1.0,60,60,1,15,58,13,15,1.0,0.762633230399,236,646,236,1.0,0.846153846154,1.0,-0.0,1,0,15,0,15,0,1.0,1.0,870,0,30,165,1005,1065,0.943661971831,69,84,15,0.174418604651,15,1.0,120,120,1,15,118,73,15,1.0,0.762633230399,236,646,236,1.0,0.972602739726,1.0,-0.0,1,0,15,0,15,0,1.0,1.0,1770,0,30,1065,2805,2865,0.979057591623,189,204,15,0.072815533981,15,1.0,300,300,1,15,298,253,15,1.0,0.762633230399,236,646,236,1.0,0.99209486166,1.0,-0.0,1,0,15,0,15,0,1.0,1.0,4470,0,30,3765,8205,8265,0.992740471869,549,564,15,0.026501766784,15,1.0,867,808,1,15,865,761,15,1.0,0.762633230399,236,646,236,1.0,0.997371879106,1.0,-0.0,1,0,15,0,15,0,1.0,1.0,12975,0,30,11385,24330,24390,0.9975399754,1624,1639,15,0.009140767824,15,1.0,81,100,h60_row_net
MOT20-05,22,655,666,1698,v_to_u,0.0009,0.000116,0.0,mot20_05_r0022_655_666_f1698_v_to_u,1709,58,666,655,1,"{""655"": 58}",58,30,30,1,30,19,11,30,1.0,0.876886956888,1094,1094,1094,1.0,1.0,1.0,-0.0,1,1,30,30,0,0,0.0,0.0,570,0,330,0,240,900,0.266666666667,41,49,8,0.133333333333,30,1.0,60,60,1,58,49,40,31,0.534482758621,0.876041894056,1094,1065,1094,0.571428571429,0.725,1.0,-0.0,1,0,31,0,31,0,1.0,1.0,868,651,341,899,775,2759,0.280898876404,63,88,25,0.208333333333,58,1.0,120,120,1,58,109,100,31,0.534482758621,0.876041894056,1087,1065,1094,0.743119266055,0.89,1.0,-0.0,1,0,0,0,0,0,0.0,0.0,868,2511,341,2759,775,6479,0.11961722488,170,170,0,0.0,58,1.0,300,300,1,58,289,280,31,0.534482758621,0.876041894056,1087,1065,1094,0.903114186851,0.960714285714,1.0,-0.0,1,0,0,0,0,0,0.0,0.0,868,8091,341,8339,775,17639,0.043936731107,530,530,0,0.0,58,1.0,798,812,1,58,787,791,31,0.534482758621,0.876041894056,1087,1065,1094,0.964421855146,0.986093552465,1.0,-0.0,1,0,0,0,0,0,0.0,0.0,868,23529,341,24180,1178,48918,0.024081115336,1539,1539,0,0.0,58,1.0,21,40,h60_row_net
MOT20-05,58,142,346,307,v_to_u,-0.010054,-0.005329,-0.019927296504,mot20_05_r0058_142_346_f307_v_to_u,313,427,334,142,1,"{""142"": 427}",427,30,30,1,30,0,30,30,1.0,0.681485819567,-1,170,170,,1.0,1.0,-0.0,1,0,0,30,0,0,0.0,-1.0,0,0,900,0,-900,900,-1.0,60,30,-30,-0.5,30,1.0,38,60,1,60,0,60,60,1.0,0.745038631151,-1,170,170,,1.0,1.0,-0.0,1,0,0,60,0,0,0.0,-1.0,0,0,3600,0,-3600,3600,-1.0,120,60,-60,-0.5,60,1.0,38,120,1,120,0,120,116,0.966666666667,0.780536898701,-1,170,170,,1.0,0.905172413793,0.31356704656,2,0,0,105,0,0,0.0,-0.905172413793,0,0,12600,1320,-11280,13920,-0.810344827586,225,131,-94,-0.398305084746,120,1.0,38,300,1,300,0,266,296,0.986666666667,0.820315960267,-1,170,169,,0.567669172932,0.64527027027,0.650325462691,2,0,0,105,0,0,0.0,-0.35472972973,0,0,37820,40916,3096,78736,0.039321276163,306,342,36,0.064056939502,300,1.0,38,312,1,427,0,278,412,0.964871194379,0.804809967821,-1,170,169,,0.543165467626,0.735436893204,0.61939214964,3,0,0,105,0,0,0.0,-0.254854368932,0,0,54336,60200,5864,114536,0.05119787665,430,454,24,0.034782608696,427,1.0,41,60,h60_row_net
MOT20-05,72,861,869,1906,v_to_u,0.003225,0.00112,0.000311364008,mot20_05_r0072_861_869_f1906_v_to_u,1915,75,869,861,1,"{""861"": 75}",75,30,30,1,30,25,30,28,0.933333333333,0.702846049082,969,967,968,0.88,0.733333333333,0.571428571429,0.992106827569,4,0,2,0,2,0,0.071428571429,0.071428571429,44,656,16,824,196,1540,0.127272727273,44,46,2,0.024096385542,30,1.0,60,60,1,60,55,60,58,0.966666666667,0.751475554052,969,967,965,0.945454545455,0.866666666667,0.672413793103,0.808259939581,4,0,2,0,2,0,0.034482758621,0.034482758621,104,3086,16,3464,466,6670,0.069865067466,104,106,2,0.011560693642,60,1.0,120,120,1,75,115,120,68,0.906666666667,0.763265553715,969,967,965,0.973913043478,0.933333333333,0.720588235294,0.7423472857,4,0,2,0,2,0,0.029411764706,0.029411764706,224,7596,16,8144,756,15980,0.047309136421,224,226,2,0.006600660066,75,1.0,300,300,1,75,295,300,68,0.906666666667,0.763265553715,969,967,965,0.989830508475,0.973333333333,0.720588235294,0.7423472857,4,0,2,0,2,0,0.029411764706,0.029411764706,584,19476,16,20384,1476,40460,0.036480474543,584,586,2,0.003016591252,75,1.0,617,631,1,75,612,631,68,0.906666666667,0.763265553715,969,967,965,0.995098039216,0.987321711569,0.720588235294,0.7423472857,4,0,2,0,2,0,0.029411764706,0.029411764706,1218,40398,16,42892,3696,84524,0.043727225403,1232,1234,2,0.001525553013,75,1.0,61,80,h60_row_net
MOT20-05,89,137,142,158,u_to_v,0.00617,-0.00242,0.002490912063,mot20_05_r0089_137_142_f158_u_to_v,168,572,137,142,1,"{""142"": 572}",572,30,30,1,30,24,6,30,1.0,0.7914921728,170,170,170,1.0,1.0,1.0,-0.0,1,1,30,30,0,0,0.0,0.0,720,0,180,0,540,900,0.6,36,54,18,0.3,30,1.0,60,60,1,60,54,27,60,1.0,0.820913859088,170,169,170,1.0,0.777777777778,1.0,-0.0,1,0,60,0,60,0,1.0,1.0,3240,0,360,1260,4140,4860,0.851851851852,75,135,60,0.425531914894,60,1.0,120,120,1,120,114,86,120,1.0,0.804840204358,170,169,170,1.0,0.93023255814,1.0,-0.0,1,0,120,0,120,0,1.0,1.0,13680,0,720,9600,22560,24000,0.94,194,314,120,0.375,120,1.0,167,167,1,300,161,133,296,0.986666666667,0.806672936093,170,169,170,1.0,0.954887218045,0.844594594595,0.431971840459,2,0,250,46,250,46,0.689189189189,0.689189189189,40250,7406,7342,32026,57528,87024,0.661059018202,334,538,204,0.345762711864,300,1.0,167,167,1,572,161,133,557,0.973776223776,0.804669509832,170,169,169,1.0,0.954887218045,0.543985637343,0.726207166356,3,0,250,303,250,303,-0.095152603232,-0.095152603232,40250,49427,39981,34100,-15058,163758,-0.09195275956,591,538,-53,-0.062279670975,572,1.0,81,100,h60_row_net
MOT20-01,37,20,27,70,v_to_u,0.83944,0.436431,0.173332313731,mot20_01_r0037_20_27_f70_v_to_u,83,347,27,20,1,"{""20"": 347}",347,30,30,1,30,30,30,30,1.0,0.80894454277,8,7,8,1.0,1.0,0.9,0.325082973391,2,0,27,3,27,3,0.8,0.8,810,90,90,810,1440,1800,0.8,63,87,24,0.266666666667,30,1.0,60,60,1,60,60,60,60,1.0,0.83731958848,8,7,8,1.0,1.0,0.85,0.51818621305,3,0,51,3,51,3,0.8,0.8,3060,540,180,3420,5760,7200,0.8,123,171,48,0.266666666667,60,1.0,82,82,1,120,82,82,120,1.0,0.850229876179,8,7,8,1.0,1.0,0.925,0.31412302589,3,0,111,3,111,3,0.9,0.9,9102,738,246,9594,17712,19680,0.9,167,275,108,0.380281690141,120,1.0,82,82,1,300,82,82,300,1.0,0.884379393102,8,7,8,1.0,1.0,0.97,0.153837593229,3,0,291,3,291,3,0.96,0.96,23862,738,246,24354,47232,49200,0.96,291,455,164,0.353448275862,300,1.0,82,82,1,347,82,82,347,1.0,0.888480013832,8,7,8,1.0,1.0,0.974063400576,0.136829372585,3,0,338,3,338,3,0.965417867435,0.965417867435,27716,738,246,28208,54940,56908,0.965417867435,338,502,164,0.320939334638,347,1.0,21,40,h60_donor_minus_receiver_support_frac
MOT20-01,49,17,28,347,u_to_v,0.075333,0.046867,0.0,mot20_01_r0049_17_28_f347_u_to_v,348,82,17,28,1,"{""28"": 82}",82,30,30,1,30,30,27,26,0.866666666667,0.878066901315,30,28,52,1.0,0.962962962963,0.807692307692,0.489551893623,2,0,5,0,5,0,0.192307692308,0.192307692308,150,630,0,702,222,1482,0.14979757085,56,61,5,0.060240963855,30,1.0,60,60,1,60,58,57,56,0.933333333333,0.895178151517,30,28,52,1.0,0.982456140351,0.910714285714,0.300882104465,2,0,5,0,5,0,0.089285714286,0.089285714286,290,2958,0,3192,524,6440,0.081366459627,114,119,5,0.029239766082,60,1.0,120,120,1,82,118,117,78,0.951219512195,0.881958791002,30,28,52,0.516949152542,0.991452991453,0.935897435897,0.238109739946,2,0,5,0,5,0,0.064102564103,0.064102564103,305,8899,0,9126,532,18330,0.029023458811,177,189,12,0.038338658147,82,1.0,300,300,1,82,298,297,78,0.951219512195,0.881958791002,29,28,52,0.741610738255,0.996632996633,0.935897435897,0.238109739946,2,0,0,0,0,0,0.0,0.0,385,22859,0,23166,692,46410,0.014910579616,517,517,0,0.0,82,1.0,347,347,1,82,345,344,78,0.951219512195,0.881958791002,29,28,52,0.776811594203,0.997093023256,0.935897435897,0.238109739946,2,0,0,0,0,0,0.0,0.0,385,26525,0,26832,692,53742,0.012876335082,611,611,0,0.0,82,1.0,41,60,h60_donor_minus_receiver_support_frac
MOT20-01,66,24,57,213,v_to_u,-0.14479,-0.076203,-0.209018378323,mot20_01_r0066_24_57_f213_v_to_u,233,41,57,24,1,"{""24"": 41}",41,30,30,1,30,25,3,30,1.0,0.729088304178,77,77,77,0.6,1.0,1.0,-0.0,1,1,30,30,0,0,0.0,0.0,450,300,90,0,60,840,0.071428571429,43,45,2,0.034482758621,30,1.0,50,60,1,41,45,13,41,1.0,0.723820211478,77,77,77,0.755555555556,1.0,1.0,-0.0,1,1,41,41,0,0,0.0,0.0,1394,451,533,0,410,2378,0.172413793103,65,75,10,0.10101010101,41,1.0,50,120,1,41,45,73,41,1.0,0.723820211478,77,77,77,0.755555555556,1.0,1.0,-0.0,1,1,41,41,0,0,0.0,0.0,1394,451,2993,0,-2050,4838,-0.423728813559,125,84,-41,-0.25786163522,41,1.0,50,232,1,41,45,185,41,1.0,0.723820211478,77,77,77,0.755555555556,1.0,1.0,-0.0,1,1,41,41,0,0,0.0,0.0,1394,451,7585,0,-6642,9430,-0.704347826087,237,196,-41,-0.151291512915,41,1.0,50,232,1,41,45,185,41,1.0,0.723820211478,77,77,77,0.755555555556,1.0,1.0,-0.0,1,1,41,41,0,0,0.0,0.0,1394,451,7585,0,-6642,9430,-0.704347826087,237,196,-41,-0.151291512915,41,1.0,61,80,h60_donor_minus_receiver_support_frac
MOT20-01,85,17,28,343,u_to_v,0.075333,0.046867,0.0,mot20_01_r0085_17_28_f343_u_to_v,348,82,17,28,1,"{""28"": 82}",82,30,30,1,30,30,27,26,0.866666666667,0.878066901315,30,28,52,1.0,0.962962962963,0.807692307692,0.489551893623,2,0,5,0,5,0,0.192307692308,0.192307692308,150,630,0,702,222,1482,0.14979757085,56,61,5,0.060240963855,30,1.0,60,60,1,60,58,57,56,0.933333333333,0.895178151517,30,28,52,1.0,0.982456140351,0.910714285714,0.300882104465,2,0,5,0,5,0,0.089285714286,0.089285714286,290,2958,0,3192,524,6440,0.081366459627,114,119,5,0.029239766082,60,1.0,120,120,1,82,118,117,78,0.951219512195,0.881958791002,30,28,52,0.516949152542,0.991452991453,0.935897435897,0.238109739946,2,0,5,0,5,0,0.064102564103,0.064102564103,305,8899,0,9126,532,18330,0.029023458811,177,189,12,0.038338658147,82,1.0,300,300,1,82,298,297,78,0.951219512195,0.881958791002,29,28,52,0.741610738255,0.996632996633,0.935897435897,0.238109739946,2,0,0,0,0,0,0.0,0.0,385,22859,0,23166,692,46410,0.014910579616,517,517,0,0.0,82,1.0,347,347,1,82,345,344,78,0.951219512195,0.881958791002,29,28,52,0.776811594203,0.997093023256,0.935897435897,0.238109739946,2,0,0,0,0,0,0.0,0.0,385,26525,0,26832,692,53742,0.012876335082,611,611,0,0.0,82,1.0,81,100,h60_donor_minus_receiver_support_frac
MOT20-02,31,129,130,1047,v_to_u,0.005914,0.00325,0.003270207429,mot20_02_r0031_129_130_f1047_v_to_u,1067,6,130,129,1,"{""129"": 6}",6,30,30,1,6,30,30,6,1.0,0.67155966403,277,279,277,0.533333333333,0.933333333333,0.666666666667,0.867563228481,3,0,4,1,4,1,0.5,0.5,78,102,36,144,84,360,0.233333333333,45,48,3,0.045454545455,6,1.0,60,60,1,6,60,60,6,1.0,0.67155966403,277,279,277,0.766666666667,0.966666666667,0.666666666667,0.867563228481,3,0,4,1,4,1,0.5,0.5,198,162,66,294,264,720,0.366666666667,105,108,3,0.02380952381,6,1.0,120,120,1,6,120,120,6,1.0,0.67155966403,277,279,277,0.883333333333,0.983333333333,0.666666666667,0.867563228481,3,0,4,1,4,1,0.5,0.5,438,282,126,594,624,1440,0.433333333333,225,228,3,0.012195121951,6,1.0,300,300,1,6,300,300,6,1.0,0.67155966403,277,279,277,0.953333333333,0.993333333333,0.666666666667,0.867563228481,3,0,4,1,4,1,0.5,0.5,1158,642,306,1494,1704,3600,0.473333333333,585,588,3,0.00495049505,6,1.0,494,502,1,6,494,502,6,1.0,0.67155966403,277,279,277,0.971659919028,0.982071713147,0.666666666667,0.867563228481,3,0,4,1,4,1,0.5,0.5,1934,1030,529,2483,2858,5976,0.478246318608,974,977,3,0.002994011976,6,1.0,21,40,h60_donor_minus_receiver_support_frac
MOT20-02,48,233,249,1540,u_to_v,0.21713,0.10687,0.189017989411,mot20_02_r0048_233_249_f1540_u_to_v,1808,374,233,249,1,"{""249"": 374}",374,30,30,1,30,30,30,30,1.0,0.868627149917,33,62,62,0.733333333333,0.733333333333,1.0,-0.0,1,0,0,30,0,30,-1.0,-1.0,240,660,660,240,-840,1800,-0.466666666667,74,46,-28,-0.311111111111,30,1.0,60,60,1,60,60,60,60,1.0,0.86450652704,62,33,62,0.633333333333,0.633333333333,1.0,-0.0,1,0,60,0,60,0,1.0,1.0,2280,1320,1320,2280,1920,7200,0.266666666667,104,136,32,0.177777777778,60,1.0,120,120,1,120,120,120,120,1.0,0.870325567621,62,33,62,0.816666666667,0.816666666667,1.0,-0.0,1,0,120,0,120,0,1.0,1.0,11760,2640,2640,11760,18240,28800,0.633333333333,196,316,120,0.333333333333,120,1.0,300,300,1,300,300,300,300,1.0,0.870710031809,62,33,62,0.923333333333,0.593333333333,1.0,-0.0,1,0,300,0,300,0,1.0,1.0,83100,6900,6600,83400,153000,180000,0.85,455,755,300,0.333333333333,300,1.0,483,403,1,374,483,403,368,0.983957219251,0.87113302628,62,33,62,0.679089026915,0.441687344913,1.0,-0.0,1,0,368,0,368,0,1.0,1.0,120704,57040,8096,140208,195776,326048,0.600451467269,522,874,352,0.280701754386,374,1.0,41,60,h60_donor_minus_receiver_support_frac
MOT20-02,63,347,477,2185,u_to_v,0.00764,0.00436,0.005232331887,mot20_02_r0063_347_477_f2185_u_to_v,2757,8,347,477,1,"{""477"": 8}",8,30,30,1,8,30,22,8,1.0,0.686233852512,128,141,128,1.0,1.0,1.0,-0.0,1,0,8,0,8,0,1.0,1.0,240,0,0,176,416,416,1.0,52,60,8,0.133333333333,8,1.0,60,60,1,8,60,52,8,1.0,0.686233852512,128,141,128,1.0,1.0,1.0,-0.0,1,0,8,0,8,0,1.0,1.0,480,0,0,416,896,896,1.0,112,120,8,0.066666666667,8,1.0,120,120,1,8,120,112,8,1.0,0.686233852512,128,141,128,1.0,1.0,1.0,-0.0,1,0,8,0,8,0,1.0,1.0,960,0,0,896,1856,1856,1.0,232,240,8,0.033333333333,8,1.0,300,300,1,8,289,277,8,1.0,0.686233852512,128,141,128,1.0,0.996389891697,1.0,-0.0,1,0,8,0,8,0,1.0,1.0,2312,0,0,2216,4528,4528,1.0,565,573,8,0.01393728223,8,1.0,949,585,1,8,861,552,8,1.0,0.686233852512,128,141,128,0.638792102207,0.949275362319,1.0,-0.0,1,0,8,0,8,0,1.0,1.0,4400,2488,176,4240,5976,11304,0.528662420382,1074,1082,8,0.005629838142,8,1.0,61,80,h60_donor_minus_receiver_support_frac
MOT20-02,86,233,249,1784,u_to_v,0.21713,0.10687,0.189017989411,mot20_02_r0086_233_249_f1784_u_to_v,1808,374,233,249,1,"{""249"": 374}",374,30,30,1,30,30,30,30,1.0,0.868627149917,33,62,62,0.733333333333,0.733333333333,1.0,-0.0,1,0,0,30,0,30,-1.0,-1.0,240,660,660,240,-840,1800,-0.466666666667,74,46,-28,-0.311111111111,30,1.0,60,60,1,60,60,60,60,1.0,0.86450652704,62,33,62,0.633333333333,0.633333333333,1.0,-0.0,1,0,60,0,60,0,1.0,1.0,2280,1320,1320,2280,1920,7200,0.266666666667,104,136,32,0.177777777778,60,1.0,120,120,1,120,120,120,120,1.0,0.870325567621,62,33,62,0.816666666667,0.816666666667,1.0,-0.0,1,0,120,0,120,0,1.0,1.0,11760,2640,2640,11760,18240,28800,0.633333333333,196,316,120,0.333333333333,120,1.0,300,300,1,300,300,300,300,1.0,0.870710031809,62,33,62,0.923333333333,0.593333333333,1.0,-0.0,1,0,300,0,300,0,1.0,1.0,83100,6900,6600,83400,153000,180000,0.85,455,755,300,0.333333333333,300,1.0,483,403,1,374,483,403,368,0.983957219251,0.87113302628,62,33,62,0.679089026915,0.441687344913,1.0,-0.0,1,0,368,0,368,0,1.0,1.0,120704,57040,8096,140208,195776,326048,0.600451467269,522,874,352,0.280701754386,374,1.0,81,100,h60_donor_minus_receiver_support_frac
MOT20-03,27,355,403,2122,v_to_u,0.00012,5.5e-05,0.000968377629,mot20_03_r0027_355_403_f2122_v_to_u,2127,24,403,355,1,"{""355"": 24}",24,30,30,1,24,29,30,3,0.125,0.745929006245,678,677,678,1.0,1.0,0.666666666667,0.636514168295,2,0,2,1,2,1,0.333333333333,0.333333333333,58,29,30,60,59,177,0.333333333333,60,61,1,0.016129032258,24,1.0,60,60,1,24,59,60,3,0.125,0.745929006245,678,677,678,1.0,1.0,0.666666666667,0.636514168295,2,0,2,1,2,1,0.333333333333,0.333333333333,118,59,60,120,119,357,0.333333333333,120,121,1,0.008196721311,24,1.0,120,120,1,24,119,120,3,0.125,0.745929006245,678,677,678,0.991596638655,0.675,0.666666666667,0.636514168295,2,0,2,1,2,1,0.333333333333,0.333333333333,236,121,83,277,309,717,0.430962343096,200,201,1,0.004132231405,24,1.0,300,300,1,24,299,300,3,0.125,0.745929006245,678,679,678,0.996655518395,0.726666666667,0.666666666667,0.636514168295,2,0,2,0,2,0,0.666666666667,0.666666666667,596,301,83,817,1029,1797,0.572621035058,516,518,2,0.003322259136,24,1.0,745,897,1,24,744,897,3,0.125,0.745929006245,678,679,678,0.990591397849,0.908584169454,0.666666666667,0.636514168295,2,0,2,0,2,0,0.666666666667,0.666666666667,1474,758,83,2608,3241,4923,0.658338411538,1552,1554,2,0.001216545012,24,1.0,21,40,h60_donor_minus_receiver_support_frac
MOT20-03,42,305,414,1760,v_to_u,-0.001,-0.000517,-0.000968377629,mot20_03_r0042_305_414_f1760_v_to_u,1784,3,414,305,1,"{""305"": 3}",3,30,30,1,3,29,1,3,1.0,0.602682829408,589,589,589,1.0,1.0,1.0,-0.0,1,1,3,3,0,0,0.0,0.0,87,0,3,0,84,90,0.933333333333,29,32,3,0.090909090909,3,1.0,60,60,1,3,29,31,3,1.0,0.602682829408,589,589,589,1.0,1.0,1.0,-0.0,1,1,3,3,0,0,0.0,0.0,87,0,93,0,-6,180,-0.033333333333,34,32,-2,-0.031746031746,3,1.0,120,120,1,3,72,91,3,1.0,0.602682829408,349,589,589,0.597222222222,1.0,1.0,-0.0,1,0,0,3,0,3,-1.0,-1.0,87,129,273,0,-315,489,-0.644171779141,137,134,-3,-0.018072289157,3,1.0,300,300,1,3,239,271,3,1.0,0.602682829408,349,589,589,0.878661087866,1.0,1.0,-0.0,1,0,0,3,0,3,-1.0,-1.0,87,630,813,0,-1356,1530,-0.886274509804,484,481,-3,-0.005847953216,3,1.0,381,672,1,3,320,643,3,1.0,0.602682829408,349,589,589,0.909375,1.0,1.0,-0.0,1,0,0,3,0,3,-1.0,-1.0,87,873,1929,0,-2715,2889,-0.939771547248,937,934,-3,-0.003105590062,3,1.0,41,60,h60_donor_minus_receiver_support_frac
MOT20-03,73,302,322,1195,v_to_u,0.01164,0.005897,0.022595477999,mot20_03_r0073_302_322_f1195_v_to_u,1231,109,322,302,1,"{""302"": 109}",109,30,30,1,30,21,0,23,0.766666666667,0.799508747495,274,-1,276,1.0,,1.0,-0.0,1,0,0,0,0,0,0.0,0.0,0,483,0,0,-483,483,-1.0,44,23,-21,-0.477272727273,30,1.0,60,60,1,60,38,27,53,0.883333333333,0.814328322539,274,274,276,0.605263157895,1.0,1.0,-0.0,1,1,0,0,0,0,0.0,0.0,0,2014,0,1431,-583,3445,-0.169230769231,76,80,4,0.033898305085,60,1.0,73,120,1,109,51,87,87,0.798165137615,0.839101864922,277,274,276,0.470588235294,1.0,1.0,-0.0,1,0,0,0,0,0,0.0,0.0,0,4437,0,7569,3132,12006,0.260869565217,111,174,63,0.28,109,1.0,73,126,1,109,51,93,87,0.798165137615,0.839101864922,277,274,276,0.470588235294,1.0,1.0,-0.0,1,0,0,0,0,0,0.0,0.0,0,4437,0,8091,3654,12528,0.291666666667,117,180,63,0.272727272727,109,1.0,73,126,1,109,51,93,87,0.798165137615,0.839101864922,277,274,276,0.470588235294,1.0,1.0,-0.0,1,0,0,0,0,0,0.0,0.0,0,4437,0,8091,3654,12528,0.291666666667,117,180,63,0.272727272727,109,1.0,61,80,h60_donor_minus_receiver_support_frac
MOT20-03,87,433,458,2341,u_to_v,0.010515,0.005324,0.004841888143,mot20_03_r0087_433_458_f2341_u_to_v,2346,15,433,458,1,"{""458"": 15}",15,30,30,1,15,28,2,15,1.0,0.762633230399,236,236,236,1.0,1.0,1.0,-0.0,1,1,15,15,0,0,0.0,0.0,420,0,30,0,390,450,0.866666666667,28,43,15,0.333333333333,15,1.0,60,60,1,15,58,13,15,1.0,0.762633230399,236,646,236,1.0,0.846153846154,1.0,-0.0,1,0,15,0,15,0,1.0,1.0,870,0,30,165,1005,1065,0.943661971831,69,84,15,0.174418604651,15,1.0,120,120,1,15,118,73,15,1.0,0.762633230399,236,646,236,1.0,0.972602739726,1.0,-0.0,1,0,15,0,15,0,1.0,1.0,1770,0,30,1065,2805,2865,0.979057591623,189,204,15,0.072815533981,15,1.0,300,300,1,15,298,253,15,1.0,0.762633230399,236,646,236,1.0,0.99209486166,1.0,-0.0,1,0,15,0,15,0,1.0,1.0,4470,0,30,3765,8205,8265,0.992740471869,549,564,15,0.026501766784,15,1.0,867,808,1,15,865,761,15,1.0,0.762633230399,236,646,236,1.0,0.997371879106,1.0,-0.0,1,0,15,0,15,0,1.0,1.0,12975,0,30,11385,24330,24390,0.9975399754,1624,1639,15,0.009140767824,15,1.0,81,100,h60_donor_minus_receiver_support_frac
MOT20-05,22,655,666,1698,v_to_u,0.0009,0.000116,0.0,mot20_05_r0022_655_666_f1698_v_to_u,1709,58,666,655,1,"{""655"": 58}",58,30,30,1,30,19,11,30,1.0,0.876886956888,1094,1094,1094,1.0,1.0,1.0,-0.0,1,1,30,30,0,0,0.0,0.0,570,0,330,0,240,900,0.266666666667,41,49,8,0.133333333333,30,1.0,60,60,1,58,49,40,31,0.534482758621,0.876041894056,1094,1065,1094,0.571428571429,0.725,1.0,-0.0,1,0,31,0,31,0,1.0,1.0,868,651,341,899,775,2759,0.280898876404,63,88,25,0.208333333333,58,1.0,120,120,1,58,109,100,31,0.534482758621,0.876041894056,1087,1065,1094,0.743119266055,0.89,1.0,-0.0,1,0,0,0,0,0,0.0,0.0,868,2511,341,2759,775,6479,0.11961722488,170,170,0,0.0,58,1.0,300,300,1,58,289,280,31,0.534482758621,0.876041894056,1087,1065,1094,0.903114186851,0.960714285714,1.0,-0.0,1,0,0,0,0,0,0.0,0.0,868,8091,341,8339,775,17639,0.043936731107,530,530,0,0.0,58,1.0,798,812,1,58,787,791,31,0.534482758621,0.876041894056,1087,1065,1094,0.964421855146,0.986093552465,1.0,-0.0,1,0,0,0,0,0,0.0,0.0,868,23529,341,24180,1178,48918,0.024081115336,1539,1539,0,0.0,58,1.0,21,40,h60_donor_minus_receiver_support_frac
MOT20-05,54,799,813,1690,v_to_u,0.015355,0.007516,0.009029556228,mot20_05_r0054_799_813_f1690_v_to_u,1759,75,813,796,1,"{""796"": 75}",75,30,30,1,30,29,30,30,1.0,0.84580237613,958,1053,1053,0.551724137931,1.0,1.0,-0.0,1,0,0,30,0,30,-1.0,-1.0,0,870,900,0,-1770,1770,-1.0,76,46,-30,-0.337078651685,30,1.0,60,60,1,60,59,60,60,1.0,0.827981777548,956,1053,1053,0.728813559322,1.0,0.766666666667,0.682869018673,3,0,0,46,0,46,-0.766666666667,-0.766666666667,0,3540,2760,840,-5460,7140,-0.764705882353,149,103,-46,-0.256983240223,60,1.0,120,120,1,75,119,120,64,0.853333333333,0.809627490831,956,1053,1053,0.470588235294,0.608333333333,0.75,0.727725954158,3,0,0,48,0,48,-0.75,-0.75,2256,5360,3504,4176,-2432,15296,-0.1589958159,177,142,-35,-0.115511551155,75,1.0,300,300,1,75,299,300,64,0.853333333333,0.809627490831,1053,956,1053,0.759197324415,0.756666666667,0.75,0.727725954158,3,0,48,0,48,0,0.75,0.75,10896,8240,3504,15696,14848,38336,0.387312186978,454,502,48,0.072398190045,75,1.0,570,598,1,75,569,597,64,0.853333333333,0.809627490831,1053,956,1053,0.873462214411,0.877721943049,0.75,0.727725954158,3,0,48,0,48,0,0.75,0.75,23856,12560,3504,34704,42496,74624,0.569468267581,1021,1069,48,0.039024390244,75,1.0,41,60,h60_donor_minus_receiver_support_frac
MOT20-05,72,861,869,1906,v_to_u,0.003225,0.00112,0.000311364008,mot20_05_r0072_861_869_f1906_v_to_u,1915,75,869,861,1,"{""861"": 75}",75,30,30,1,30,25,30,28,0.933333333333,0.702846049082,969,967,968,0.88,0.733333333333,0.571428571429,0.992106827569,4,0,2,0,2,0,0.071428571429,0.071428571429,44,656,16,824,196,1540,0.127272727273,44,46,2,0.024096385542,30,1.0,60,60,1,60,55,60,58,0.966666666667,0.751475554052,969,967,965,0.945454545455,0.866666666667,0.672413793103,0.808259939581,4,0,2,0,2,0,0.034482758621,0.034482758621,104,3086,16,3464,466,6670,0.069865067466,104,106,2,0.011560693642,60,1.0,120,120,1,75,115,120,68,0.906666666667,0.763265553715,969,967,965,0.973913043478,0.933333333333,0.720588235294,0.7423472857,4,0,2,0,2,0,0.029411764706,0.029411764706,224,7596,16,8144,756,15980,0.047309136421,224,226,2,0.006600660066,75,1.0,300,300,1,75,295,300,68,0.906666666667,0.763265553715,969,967,965,0.989830508475,0.973333333333,0.720588235294,0.7423472857,4,0,2,0,2,0,0.029411764706,0.029411764706,584,19476,16,20384,1476,40460,0.036480474543,584,586,2,0.003016591252,75,1.0,617,631,1,75,612,631,68,0.906666666667,0.763265553715,969,967,965,0.995098039216,0.987321711569,0.720588235294,0.7423472857,4,0,2,0,2,0,0.029411764706,0.029411764706,1218,40398,16,42892,3696,84524,0.043727225403,1232,1234,2,0.001525553013,75,1.0,61,80,h60_donor_minus_receiver_support_frac
MOT20-05,89,137,142,158,u_to_v,0.00617,-0.00242,0.002490912063,mot20_05_r0089_137_142_f158_u_to_v,168,572,137,142,1,"{""142"": 572}",572,30,30,1,30,24,6,30,1.0,0.7914921728,170,170,170,1.0,1.0,1.0,-0.0,1,1,30,30,0,0,0.0,0.0,720,0,180,0,540,900,0.6,36,54,18,0.3,30,1.0,60,60,1,60,54,27,60,1.0,0.820913859088,170,169,170,1.0,0.777777777778,1.0,-0.0,1,0,60,0,60,0,1.0,1.0,3240,0,360,1260,4140,4860,0.851851851852,75,135,60,0.425531914894,60,1.0,120,120,1,120,114,86,120,1.0,0.804840204358,170,169,170,1.0,0.93023255814,1.0,-0.0,1,0,120,0,120,0,1.0,1.0,13680,0,720,9600,22560,24000,0.94,194,314,120,0.375,120,1.0,167,167,1,300,161,133,296,0.986666666667,0.806672936093,170,169,170,1.0,0.954887218045,0.844594594595,0.431971840459,2,0,250,46,250,46,0.689189189189,0.689189189189,40250,7406,7342,32026,57528,87024,0.661059018202,334,538,204,0.345762711864,300,1.0,167,167,1,572,161,133,557,0.973776223776,0.804669509832,170,169,169,1.0,0.954887218045,0.543985637343,0.726207166356,3,0,250,303,250,303,-0.095152603232,-0.095152603232,40250,49427,39981,34100,-15058,163758,-0.09195275956,591,538,-53,-0.062279670975,572,1.0,81,100,h60_donor_minus_receiver_support_frac
MOT20-01,37,20,27,70,v_to_u,0.83944,0.436431,0.173332313731,mot20_01_r0037_20_27_f70_v_to_u,83,347,27,20,1,"{""20"": 347}",347,30,30,1,30,30,30,30,1.0,0.80894454277,8,7,8,1.0,1.0,0.9,0.325082973391,2,0,27,3,27,3,0.8,0.8,810,90,90,810,1440,1800,0.8,63,87,24,0.266666666667,30,1.0,60,60,1,60,60,60,60,1.0,0.83731958848,8,7,8,1.0,1.0,0.85,0.51818621305,3,0,51,3,51,3,0.8,0.8,3060,540,180,3420,5760,7200,0.8,123,171,48,0.266666666667,60,1.0,82,82,1,120,82,82,120,1.0,0.850229876179,8,7,8,1.0,1.0,0.925,0.31412302589,3,0,111,3,111,3,0.9,0.9,9102,738,246,9594,17712,19680,0.9,167,275,108,0.380281690141,120,1.0,82,82,1,300,82,82,300,1.0,0.884379393102,8,7,8,1.0,1.0,0.97,0.153837593229,3,0,291,3,291,3,0.96,0.96,23862,738,246,24354,47232,49200,0.96,291,455,164,0.353448275862,300,1.0,82,82,1,347,82,82,347,1.0,0.888480013832,8,7,8,1.0,1.0,0.974063400576,0.136829372585,3,0,338,3,338,3,0.965417867435,0.965417867435,27716,738,246,28208,54940,56908,0.965417867435,338,502,164,0.320939334638,347,1.0,21,40,h60_pairwise_net_norm
MOT20-01,49,17,28,347,u_to_v,0.075333,0.046867,0.0,mot20_01_r0049_17_28_f347_u_to_v,348,82,17,28,1,"{""28"": 82}",82,30,30,1,30,30,27,26,0.866666666667,0.878066901315,30,28,52,1.0,0.962962962963,0.807692307692,0.489551893623,2,0,5,0,5,0,0.192307692308,0.192307692308,150,630,0,702,222,1482,0.14979757085,56,61,5,0.060240963855,30,1.0,60,60,1,60,58,57,56,0.933333333333,0.895178151517,30,28,52,1.0,0.982456140351,0.910714285714,0.300882104465,2,0,5,0,5,0,0.089285714286,0.089285714286,290,2958,0,3192,524,6440,0.081366459627,114,119,5,0.029239766082,60,1.0,120,120,1,82,118,117,78,0.951219512195,0.881958791002,30,28,52,0.516949152542,0.991452991453,0.935897435897,0.238109739946,2,0,5,0,5,0,0.064102564103,0.064102564103,305,8899,0,9126,532,18330,0.029023458811,177,189,12,0.038338658147,82,1.0,300,300,1,82,298,297,78,0.951219512195,0.881958791002,29,28,52,0.741610738255,0.996632996633,0.935897435897,0.238109739946,2,0,0,0,0,0,0.0,0.0,385,22859,0,23166,692,46410,0.014910579616,517,517,0,0.0,82,1.0,347,347,1,82,345,344,78,0.951219512195,0.881958791002,29,28,52,0.776811594203,0.997093023256,0.935897435897,0.238109739946,2,0,0,0,0,0,0.0,0.0,385,26525,0,26832,692,53742,0.012876335082,611,611,0,0.0,82,1.0,41,60,h60_pairwise_net_norm
MOT20-01,66,24,57,213,v_to_u,-0.14479,-0.076203,-0.209018378323,mot20_01_r0066_24_57_f213_v_to_u,233,41,57,24,1,"{""24"": 41}",41,30,30,1,30,25,3,30,1.0,0.729088304178,77,77,77,0.6,1.0,1.0,-0.0,1,1,30,30,0,0,0.0,0.0,450,300,90,0,60,840,0.071428571429,43,45,2,0.034482758621,30,1.0,50,60,1,41,45,13,41,1.0,0.723820211478,77,77,77,0.755555555556,1.0,1.0,-0.0,1,1,41,41,0,0,0.0,0.0,1394,451,533,0,410,2378,0.172413793103,65,75,10,0.10101010101,41,1.0,50,120,1,41,45,73,41,1.0,0.723820211478,77,77,77,0.755555555556,1.0,1.0,-0.0,1,1,41,41,0,0,0.0,0.0,1394,451,2993,0,-2050,4838,-0.423728813559,125,84,-41,-0.25786163522,41,1.0,50,232,1,41,45,185,41,1.0,0.723820211478,77,77,77,0.755555555556,1.0,1.0,-0.0,1,1,41,41,0,0,0.0,0.0,1394,451,7585,0,-6642,9430,-0.704347826087,237,196,-41,-0.151291512915,41,1.0,50,232,1,41,45,185,41,1.0,0.723820211478,77,77,77,0.755555555556,1.0,1.0,-0.0,1,1,41,41,0,0,0.0,0.0,1394,451,7585,0,-6642,9430,-0.704347826087,237,196,-41,-0.151291512915,41,1.0,61,80,h60_pairwise_net_norm
MOT20-01,85,17,28,343,u_to_v,0.075333,0.046867,0.0,mot20_01_r0085_17_28_f343_u_to_v,348,82,17,28,1,"{""28"": 82}",82,30,30,1,30,30,27,26,0.866666666667,0.878066901315,30,28,52,1.0,0.962962962963,0.807692307692,0.489551893623,2,0,5,0,5,0,0.192307692308,0.192307692308,150,630,0,702,222,1482,0.14979757085,56,61,5,0.060240963855,30,1.0,60,60,1,60,58,57,56,0.933333333333,0.895178151517,30,28,52,1.0,0.982456140351,0.910714285714,0.300882104465,2,0,5,0,5,0,0.089285714286,0.089285714286,290,2958,0,3192,524,6440,0.081366459627,114,119,5,0.029239766082,60,1.0,120,120,1,82,118,117,78,0.951219512195,0.881958791002,30,28,52,0.516949152542,0.991452991453,0.935897435897,0.238109739946,2,0,5,0,5,0,0.064102564103,0.064102564103,305,8899,0,9126,532,18330,0.029023458811,177,189,12,0.038338658147,82,1.0,300,300,1,82,298,297,78,0.951219512195,0.881958791002,29,28,52,0.741610738255,0.996632996633,0.935897435897,0.238109739946,2,0,0,0,0,0,0.0,0.0,385,22859,0,23166,692,46410,0.014910579616,517,517,0,0.0,82,1.0,347,347,1,82,345,344,78,0.951219512195,0.881958791002,29,28,52,0.776811594203,0.997093023256,0.935897435897,0.238109739946,2,0,0,0,0,0,0.0,0.0,385,26525,0,26832,692,53742,0.012876335082,611,611,0,0.0,82,1.0,81,100,h60_pairwise_net_norm
MOT20-02,31,129,130,1047,v_to_u,0.005914,0.00325,0.003270207429,mot20_02_r0031_129_130_f1047_v_to_u,1067,6,130,129,1,"{""129"": 6}",6,30,30,1,6,30,30,6,1.0,0.67155966403,277,279,277,0.533333333333,0.933333333333,0.666666666667,0.867563228481,3,0,4,1,4,1,0.5,0.5,78,102,36,144,84,360,0.233333333333,45,48,3,0.045454545455,6,1.0,60,60,1,6,60,60,6,1.0,0.67155966403,277,279,277,0.766666666667,0.966666666667,0.666666666667,0.867563228481,3,0,4,1,4,1,0.5,0.5,198,162,66,294,264,720,0.366666666667,105,108,3,0.02380952381,6,1.0,120,120,1,6,120,120,6,1.0,0.67155966403,277,279,277,0.883333333333,0.983333333333,0.666666666667,0.867563228481,3,0,4,1,4,1,0.5,0.5,438,282,126,594,624,1440,0.433333333333,225,228,3,0.012195121951,6,1.0,300,300,1,6,300,300,6,1.0,0.67155966403,277,279,277,0.953333333333,0.993333333333,0.666666666667,0.867563228481,3,0,4,1,4,1,0.5,0.5,1158,642,306,1494,1704,3600,0.473333333333,585,588,3,0.00495049505,6,1.0,494,502,1,6,494,502,6,1.0,0.67155966403,277,279,277,0.971659919028,0.982071713147,0.666666666667,0.867563228481,3,0,4,1,4,1,0.5,0.5,1934,1030,529,2483,2858,5976,0.478246318608,974,977,3,0.002994011976,6,1.0,21,40,h60_pairwise_net_norm
MOT20-02,56,214,246,1536,v_to_u,0.10592,0.05033,0.033356115778,mot20_02_r0056_214_246_f1536_v_to_u,1537,298,246,214,1,"{""214"": 298}",298,30,30,1,30,28,30,30,1.0,0.878059643864,38,36,38,0.535714285714,0.5,0.933333333333,0.244930026795,2,0,28,0,28,0,0.933333333333,0.933333333333,420,420,420,480,60,1740,0.034482758621,56,58,2,0.022727272727,30,1.0,60,60,1,60,50,60,60,1.0,0.872285394379,38,36,38,0.68,0.75,0.966666666667,0.146144746009,2,0,58,0,58,0,0.966666666667,0.966666666667,1972,1028,870,2730,2804,6600,0.424848484848,86,137,51,0.3,60,1.0,120,120,1,120,91,120,120,1.0,0.878390428917,62,36,38,0.43956043956,0.875,0.983333333333,0.084766075715,2,0,0,0,0,0,0.0,0.0,4130,6790,1770,12630,8200,25320,0.323854660348,173,258,85,0.256797583082,120,1.0,145,300,1,298,116,300,298,1.0,0.86502922649,62,36,38,0.560344827586,0.95,0.993288590604,0.040272369589,2,0,0,0,0,0,0.0,0.0,10360,24208,4440,84960,66672,123968,0.537816210635,376,616,240,0.336134453782,298,1.0,145,315,1,298,116,314,298,1.0,0.86502922649,62,36,38,0.560344827586,0.945859872611,0.993288590604,0.040272369589,2,0,0,0,0,0,0.0,0.0,10360,24208,4444,89128,70836,128140,0.552801623225,376,628,252,0.346153846154,298,1.0,41,60,h60_pairwise_net_norm
MOT20-02,63,347,477,2185,u_to_v,0.00764,0.00436,0.005232331887,mot20_02_r0063_347_477_f2185_u_to_v,2757,8,347,477,1,"{""477"": 8}",8,30,30,1,8,30,22,8,1.0,0.686233852512,128,141,128,1.0,1.0,1.0,-0.0,1,0,8,0,8,0,1.0,1.0,240,0,0,176,416,416,1.0,52,60,8,0.133333333333,8,1.0,60,60,1,8,60,52,8,1.0,0.686233852512,128,141,128,1.0,1.0,1.0,-0.0,1,0,8,0,8,0,1.0,1.0,480,0,0,416,896,896,1.0,112,120,8,0.066666666667,8,1.0,120,120,1,8,120,112,8,1.0,0.686233852512,128,141,128,1.0,1.0,1.0,-0.0,1,0,8,0,8,0,1.0,1.0,960,0,0,896,1856,1856,1.0,232,240,8,0.033333333333,8,1.0,300,300,1,8,289,277,8,1.0,0.686233852512,128,141,128,1.0,0.996389891697,1.0,-0.0,1,0,8,0,8,0,1.0,1.0,2312,0,0,2216,4528,4528,1.0,565,573,8,0.01393728223,8,1.0,949,585,1,8,861,552,8,1.0,0.686233852512,128,141,128,0.638792102207,0.949275362319,1.0,-0.0,1,0,8,0,8,0,1.0,1.0,4400,2488,176,4240,5976,11304,0.528662420382,1074,1082,8,0.005629838142,8,1.0,61,80,h60_pairwise_net_norm
MOT20-02,92,270,341,2130,v_to_u,-0.00557,0.000435,-0.003924248915,mot20_02_r0092_270_341_f2130_v_to_u,2244,12,341,270,1,"{""270"": 12}",12,30,30,1,12,30,28,6,0.5,0.635064292649,187,107,187,1.0,1.0,1.0,-0.0,1,0,6,0,6,0,1.0,1.0,180,0,0,168,348,348,1.0,58,64,6,0.09375,12,1.0,60,60,1,12,60,58,6,0.5,0.635064292649,187,107,187,1.0,1.0,1.0,-0.0,1,0,6,0,6,0,1.0,1.0,360,0,0,348,708,708,1.0,118,124,6,0.048387096774,12,1.0,120,120,1,12,120,118,6,0.5,0.635064292649,187,107,187,1.0,1.0,1.0,-0.0,1,0,6,0,6,0,1.0,1.0,720,0,0,708,1428,1428,1.0,238,244,6,0.024590163934,12,1.0,300,300,1,12,300,283,6,0.5,0.635064292649,187,107,187,0.513333333333,0.957597173145,1.0,-0.0,1,0,6,0,6,0,1.0,1.0,924,876,0,1698,1746,3498,0.499142367067,425,431,6,0.010186757216,12,1.0,460,745,1,12,448,727,6,0.5,0.635064292649,81,187,187,0.524553571429,0.588720770289,1.0,-0.0,1,0,0,6,0,6,-1.0,-1.0,924,1764,2568,1794,-1614,7050,-0.228936170213,669,663,-6,-0.005080440305,12,1.0,81,100,h60_pairwise_net_norm
MOT20-03,27,355,403,2122,v_to_u,0.00012,5.5e-05,0.000968377629,mot20_03_r0027_355_403_f2122_v_to_u,2127,24,403,355,1,"{""355"": 24}",24,30,30,1,24,29,30,3,0.125,0.745929006245,678,677,678,1.0,1.0,0.666666666667,0.636514168295,2,0,2,1,2,1,0.333333333333,0.333333333333,58,29,30,60,59,177,0.333333333333,60,61,1,0.016129032258,24,1.0,60,60,1,24,59,60,3,0.125,0.745929006245,678,677,678,1.0,1.0,0.666666666667,0.636514168295,2,0,2,1,2,1,0.333333333333,0.333333333333,118,59,60,120,119,357,0.333333333333,120,121,1,0.008196721311,24,1.0,120,120,1,24,119,120,3,0.125,0.745929006245,678,677,678,0.991596638655,0.675,0.666666666667,0.636514168295,2,0,2,1,2,1,0.333333333333,0.333333333333,236,121,83,277,309,717,0.430962343096,200,201,1,0.004132231405,24,1.0,300,300,1,24,299,300,3,0.125,0.745929006245,678,679,678,0.996655518395,0.726666666667,0.666666666667,0.636514168295,2,0,2,0,2,0,0.666666666667,0.666666666667,596,301,83,817,1029,1797,0.572621035058,516,518,2,0.003322259136,24,1.0,745,897,1,24,744,897,3,0.125,0.745929006245,678,679,678,0.990591397849,0.908584169454,0.666666666667,0.636514168295,2,0,2,0,2,0,0.666666666667,0.666666666667,1474,758,83,2608,3241,4923,0.658338411538,1552,1554,2,0.001216545012,24,1.0,21,40,h60_pairwise_net_norm
MOT20-03,42,305,414,1760,v_to_u,-0.001,-0.000517,-0.000968377629,mot20_03_r0042_305_414_f1760_v_to_u,1784,3,414,305,1,"{""305"": 3}",3,30,30,1,3,29,1,3,1.0,0.602682829408,589,589,589,1.0,1.0,1.0,-0.0,1,1,3,3,0,0,0.0,0.0,87,0,3,0,84,90,0.933333333333,29,32,3,0.090909090909,3,1.0,60,60,1,3,29,31,3,1.0,0.602682829408,589,589,589,1.0,1.0,1.0,-0.0,1,1,3,3,0,0,0.0,0.0,87,0,93,0,-6,180,-0.033333333333,34,32,-2,-0.031746031746,3,1.0,120,120,1,3,72,91,3,1.0,0.602682829408,349,589,589,0.597222222222,1.0,1.0,-0.0,1,0,0,3,0,3,-1.0,-1.0,87,129,273,0,-315,489,-0.644171779141,137,134,-3,-0.018072289157,3,1.0,300,300,1,3,239,271,3,1.0,0.602682829408,349,589,589,0.878661087866,1.0,1.0,-0.0,1,0,0,3,0,3,-1.0,-1.0,87,630,813,0,-1356,1530,-0.886274509804,484,481,-3,-0.005847953216,3,1.0,381,672,1,3,320,643,3,1.0,0.602682829408,349,589,589,0.909375,1.0,1.0,-0.0,1,0,0,3,0,3,-1.0,-1.0,87,873,1929,0,-2715,2889,-0.939771547248,937,934,-3,-0.003105590062,3,1.0,41,60,h60_pairwise_net_norm
MOT20-03,76,415,417,2297,v_to_u,0.000674,0.00034,0.0,mot20_03_r0076_415_417_f2297_v_to_u,2315,4,417,415,1,"{""415"": 4}",4,30,30,1,4,27,29,0,0.0,,638,653,-1,1.0,1.0,,,0,0,0,0,0,0,0.0,0.0,0,0,0,0,0,0,0.0,56,56,0,0.0,4,1.0,60,60,1,4,57,59,0,0.0,,638,653,-1,1.0,1.0,,,0,0,0,0,0,0,0.0,0.0,0,0,0,0,0,0,0.0,116,116,0,0.0,4,1.0,120,120,1,4,117,119,0,0.0,,638,653,-1,1.0,1.0,,,0,0,0,0,0,0,0.0,0.0,0,0,0,0,0,0,0.0,236,236,0,0.0,4,1.0,300,300,1,4,297,299,0,0.0,,638,653,-1,1.0,1.0,,,0,0,0,0,0,0,0.0,0.0,0,0,0,0,0,0,0.0,596,596,0,0.0,4,1.0,905,912,1,4,902,911,0,0.0,,638,653,-1,1.0,1.0,,,0,0,0,0,0,0,0.0,0.0,0,0,0,0,0,0,0.0,1813,1813,0,0.0,4,1.0,61,80,h60_pairwise_net_norm
MOT20-03,87,433,458,2341,u_to_v,0.010515,0.005324,0.004841888143,mot20_03_r0087_433_458_f2341_u_to_v,2346,15,433,458,1,"{""458"": 15}",15,30,30,1,15,28,2,15,1.0,0.762633230399,236,236,236,1.0,1.0,1.0,-0.0,1,1,15,15,0,0,0.0,0.0,420,0,30,0,390,450,0.866666666667,28,43,15,0.333333333333,15,1.0,60,60,1,15,58,13,15,1.0,0.762633230399,236,646,236,1.0,0.846153846154,1.0,-0.0,1,0,15,0,15,0,1.0,1.0,870,0,30,165,1005,1065,0.943661971831,69,84,15,0.174418604651,15,1.0,120,120,1,15,118,73,15,1.0,0.762633230399,236,646,236,1.0,0.972602739726,1.0,-0.0,1,0,15,0,15,0,1.0,1.0,1770,0,30,1065,2805,2865,0.979057591623,189,204,15,0.072815533981,15,1.0,300,300,1,15,298,253,15,1.0,0.762633230399,236,646,236,1.0,0.99209486166,1.0,-0.0,1,0,15,0,15,0,1.0,1.0,4470,0,30,3765,8205,8265,0.992740471869,549,564,15,0.026501766784,15,1.0,867,808,1,15,865,761,15,1.0,0.762633230399,236,646,236,1.0,0.997371879106,1.0,-0.0,1,0,15,0,15,0,1.0,1.0,12975,0,30,11385,24330,24390,0.9975399754,1624,1639,15,0.009140767824,15,1.0,81,100,h60_pairwise_net_norm
MOT20-05,28,525,874,1582,v_to_u,0.0097,0.005942,0.005448870138,mot20_05_r0028_525_874_f1582_v_to_u,1583,52,874,525,1,"{""525"": 52}",52,30,30,1,30,30,27,30,1.0,0.788181715605,1075,1098,1075,0.866666666667,0.888888888889,1.0,-0.0,1,0,30,0,30,0,1.0,1.0,780,120,90,720,1290,1710,0.754385964912,50,80,30,0.344827586207,30,1.0,60,60,1,52,60,57,35,0.673076923077,0.792866344956,1075,1098,1075,0.933333333333,0.947368421053,1.0,-0.0,1,0,35,0,35,0,1.0,1.0,1960,140,105,1890,3605,4095,0.880341880342,110,145,35,0.230263157895,52,1.0,120,120,1,52,120,117,35,0.673076923077,0.792866344956,1075,1098,1075,0.966666666667,0.974358974359,1.0,-0.0,1,0,35,0,35,0,1.0,1.0,4060,140,105,3990,7805,8295,0.940928270042,230,265,35,0.128676470588,52,1.0,273,300,1,52,273,297,35,0.673076923077,0.792866344956,1075,1098,1075,0.985347985348,0.989898989899,1.0,-0.0,1,0,35,0,35,0,1.0,1.0,9415,140,105,10290,19460,19950,0.975438596491,563,598,35,0.057851239669,52,1.0,273,910,1,52,273,907,35,0.673076923077,0.792866344956,1075,1098,1075,0.985347985348,0.996692392503,1.0,-0.0,1,0,35,0,35,0,1.0,1.0,9415,140,105,31640,40810,41300,0.98813559322,1173,1208,35,0.028806584362,52,1.0,21,40,h60_pairwise_net_norm
MOT20-05,48,489,806,1198,v_to_u,-0.021916,-0.010598,0.0,mot20_05_r0048_489_806_f1198_v_to_u,1211,208,489,802,1,"{""802"": 208}",208,30,30,1,30,28,23,30,1.0,0.876147947108,1159,1176,1176,0.892857142857,0.521739130435,1.0,-0.0,1,0,0,30,0,30,-1.0,-1.0,0,840,360,330,-870,1530,-0.56862745098,67,38,-29,-0.358024691358,30,1.0,60,35,1,60,58,23,60,1.0,0.862339940993,1159,1176,1176,0.931034482759,0.521739130435,1.0,-0.0,1,0,0,60,0,60,-1.0,-1.0,60,3420,720,660,-3420,4860,-0.703703703704,126,69,-57,-0.404255319149,60,1.0,120,35,1,120,118,23,113,0.941666666667,0.887619161777,1159,1176,1176,0.966101694915,0.521739130435,1.0,-0.0,1,0,0,113,0,113,-1.0,-1.0,113,13221,1356,1243,-13221,15933,-0.829787234043,239,126,-113,-0.444881889764,120,1.0,300,35,1,208,298,23,133,0.639423076923,0.852989587548,1159,1176,1176,0.963087248322,0.521739130435,1.0,-0.0,1,0,0,133,0,133,-1.0,-1.0,133,39501,1596,1463,-39501,42693,-0.92523364486,432,299,-133,-0.29295154185,208,1.0,603,35,1,208,601,23,133,0.639423076923,0.852989587548,1159,1176,1176,0.981697171381,0.521739130435,1.0,-0.0,1,0,0,133,0,133,-1.0,-1.0,133,79800,1596,1463,-79800,82992,-0.961538461538,735,602,-133,-0.175693527081,208,1.0,41,60,h60_pairwise_net_norm
MOT20-05,67,142,394,395,v_to_u,-0.00326,-0.002394,-0.008095464205,mot20_05_r0067_142_394_f395_v_to_u,408,332,393,142,1,"{""142"": 332}",332,24,30,1,30,4,26,30,1.0,0.819406027202,170,170,169,1.0,1.0,0.533333333333,0.690923309314,2,1,14,14,0,0,0.0,0.0,56,64,364,416,44,900,0.048888888889,40,42,2,0.033333333333,30,1.0,24,60,1,60,4,56,60,1.0,0.863196583117,170,170,169,1.0,1.0,0.766666666667,0.543272781337,2,1,14,14,0,0,0.0,0.0,56,184,784,2576,1664,3600,0.462222222222,70,102,32,0.266666666667,60,1.0,24,120,1,120,4,116,120,1.0,0.876472073444,170,170,169,1.0,1.0,0.883333333333,0.360230521195,2,1,14,14,0,0,0.0,0.0,56,424,1624,12296,10304,14400,0.715555555556,130,222,92,0.383333333333,120,1.0,24,300,1,300,4,263,300,1.0,0.816052393367,170,170,169,1.0,0.920152091255,0.953333333333,0.188580939626,2,1,14,14,0,0,0.0,0.0,56,1144,9394,69506,59024,80100,0.736878901373,311,528,217,0.382716049383,300,1.0,24,407,1,332,4,369,321,0.96686746988,0.813761753519,170,170,169,1.0,0.655826558266,0.943925233645,0.245730780051,3,1,14,14,0,0,0.0,0.0,56,1228,41869,76580,33539,119733,0.280114922369,434,545,111,0.159942363112,332,1.0,61,80,h60_pairwise_net_norm
MOT20-05,89,137,142,158,u_to_v,0.00617,-0.00242,0.002490912063,mot20_05_r0089_137_142_f158_u_to_v,168,572,137,142,1,"{""142"": 572}",572,30,30,1,30,24,6,30,1.0,0.7914921728,170,170,170,1.0,1.0,1.0,-0.0,1,1,30,30,0,0,0.0,0.0,720,0,180,0,540,900,0.6,36,54,18,0.3,30,1.0,60,60,1,60,54,27,60,1.0,0.820913859088,170,169,170,1.0,0.777777777778,1.0,-0.0,1,0,60,0,60,0,1.0,1.0,3240,0,360,1260,4140,4860,0.851851851852,75,135,60,0.425531914894,60,1.0,120,120,1,120,114,86,120,1.0,0.804840204358,170,169,170,1.0,0.93023255814,1.0,-0.0,1,0,120,0,120,0,1.0,1.0,13680,0,720,9600,22560,24000,0.94,194,314,120,0.375,120,1.0,167,167,1,300,161,133,296,0.986666666667,0.806672936093,170,169,170,1.0,0.954887218045,0.844594594595,0.431971840459,2,0,250,46,250,46,0.689189189189,0.689189189189,40250,7406,7342,32026,57528,87024,0.661059018202,334,538,204,0.345762711864,300,1.0,167,167,1,572,161,133,557,0.973776223776,0.804669509832,170,169,169,1.0,0.954887218045,0.543985637343,0.726207166356,3,0,250,303,250,303,-0.095152603232,-0.095152603232,40250,49427,39981,34100,-15058,163758,-0.09195275956,591,538,-53,-0.062279670975,572,1.0,81,100,h60_pairwise_net_norm
MOT20-01,37,20,27,70,v_to_u,0.83944,0.436431,0.173332313731,mot20_01_r0037_20_27_f70_v_to_u,83,347,27,20,1,"{""20"": 347}",347,30,30,1,30,30,30,30,1.0,0.80894454277,8,7,8,1.0,1.0,0.9,0.325082973391,2,0,27,3,27,3,0.8,0.8,810,90,90,810,1440,1800,0.8,63,87,24,0.266666666667,30,1.0,60,60,1,60,60,60,60,1.0,0.83731958848,8,7,8,1.0,1.0,0.85,0.51818621305,3,0,51,3,51,3,0.8,0.8,3060,540,180,3420,5760,7200,0.8,123,171,48,0.266666666667,60,1.0,82,82,1,120,82,82,120,1.0,0.850229876179,8,7,8,1.0,1.0,0.925,0.31412302589,3,0,111,3,111,3,0.9,0.9,9102,738,246,9594,17712,19680,0.9,167,275,108,0.380281690141,120,1.0,82,82,1,300,82,82,300,1.0,0.884379393102,8,7,8,1.0,1.0,0.97,0.153837593229,3,0,291,3,291,3,0.96,0.96,23862,738,246,24354,47232,49200,0.96,291,455,164,0.353448275862,300,1.0,82,82,1,347,82,82,347,1.0,0.888480013832,8,7,8,1.0,1.0,0.974063400576,0.136829372585,3,0,338,3,338,3,0.965417867435,0.965417867435,27716,738,246,28208,54940,56908,0.965417867435,338,502,164,0.320939334638,347,1.0,21,40,h60_idtp_delta_norm
MOT20-01,49,17,28,347,u_to_v,0.075333,0.046867,0.0,mot20_01_r0049_17_28_f347_u_to_v,348,82,17,28,1,"{""28"": 82}",82,30,30,1,30,30,27,26,0.866666666667,0.878066901315,30,28,52,1.0,0.962962962963,0.807692307692,0.489551893623,2,0,5,0,5,0,0.192307692308,0.192307692308,150,630,0,702,222,1482,0.14979757085,56,61,5,0.060240963855,30,1.0,60,60,1,60,58,57,56,0.933333333333,0.895178151517,30,28,52,1.0,0.982456140351,0.910714285714,0.300882104465,2,0,5,0,5,0,0.089285714286,0.089285714286,290,2958,0,3192,524,6440,0.081366459627,114,119,5,0.029239766082,60,1.0,120,120,1,82,118,117,78,0.951219512195,0.881958791002,30,28,52,0.516949152542,0.991452991453,0.935897435897,0.238109739946,2,0,5,0,5,0,0.064102564103,0.064102564103,305,8899,0,9126,532,18330,0.029023458811,177,189,12,0.038338658147,82,1.0,300,300,1,82,298,297,78,0.951219512195,0.881958791002,29,28,52,0.741610738255,0.996632996633,0.935897435897,0.238109739946,2,0,0,0,0,0,0.0,0.0,385,22859,0,23166,692,46410,0.014910579616,517,517,0,0.0,82,1.0,347,347,1,82,345,344,78,0.951219512195,0.881958791002,29,28,52,0.776811594203,0.997093023256,0.935897435897,0.238109739946,2,0,0,0,0,0,0.0,0.0,385,26525,0,26832,692,53742,0.012876335082,611,611,0,0.0,82,1.0,41,60,h60_idtp_delta_norm
MOT20-01,66,24,57,213,v_to_u,-0.14479,-0.076203,-0.209018378323,mot20_01_r0066_24_57_f213_v_to_u,233,41,57,24,1,"{""24"": 41}",41,30,30,1,30,25,3,30,1.0,0.729088304178,77,77,77,0.6,1.0,1.0,-0.0,1,1,30,30,0,0,0.0,0.0,450,300,90,0,60,840,0.071428571429,43,45,2,0.034482758621,30,1.0,50,60,1,41,45,13,41,1.0,0.723820211478,77,77,77,0.755555555556,1.0,1.0,-0.0,1,1,41,41,0,0,0.0,0.0,1394,451,533,0,410,2378,0.172413793103,65,75,10,0.10101010101,41,1.0,50,120,1,41,45,73,41,1.0,0.723820211478,77,77,77,0.755555555556,1.0,1.0,-0.0,1,1,41,41,0,0,0.0,0.0,1394,451,2993,0,-2050,4838,-0.423728813559,125,84,-41,-0.25786163522,41,1.0,50,232,1,41,45,185,41,1.0,0.723820211478,77,77,77,0.755555555556,1.0,1.0,-0.0,1,1,41,41,0,0,0.0,0.0,1394,451,7585,0,-6642,9430,-0.704347826087,237,196,-41,-0.151291512915,41,1.0,50,232,1,41,45,185,41,1.0,0.723820211478,77,77,77,0.755555555556,1.0,1.0,-0.0,1,1,41,41,0,0,0.0,0.0,1394,451,7585,0,-6642,9430,-0.704347826087,237,196,-41,-0.151291512915,41,1.0,61,80,h60_idtp_delta_norm
MOT20-01,85,17,28,343,u_to_v,0.075333,0.046867,0.0,mot20_01_r0085_17_28_f343_u_to_v,348,82,17,28,1,"{""28"": 82}",82,30,30,1,30,30,27,26,0.866666666667,0.878066901315,30,28,52,1.0,0.962962962963,0.807692307692,0.489551893623,2,0,5,0,5,0,0.192307692308,0.192307692308,150,630,0,702,222,1482,0.14979757085,56,61,5,0.060240963855,30,1.0,60,60,1,60,58,57,56,0.933333333333,0.895178151517,30,28,52,1.0,0.982456140351,0.910714285714,0.300882104465,2,0,5,0,5,0,0.089285714286,0.089285714286,290,2958,0,3192,524,6440,0.081366459627,114,119,5,0.029239766082,60,1.0,120,120,1,82,118,117,78,0.951219512195,0.881958791002,30,28,52,0.516949152542,0.991452991453,0.935897435897,0.238109739946,2,0,5,0,5,0,0.064102564103,0.064102564103,305,8899,0,9126,532,18330,0.029023458811,177,189,12,0.038338658147,82,1.0,300,300,1,82,298,297,78,0.951219512195,0.881958791002,29,28,52,0.741610738255,0.996632996633,0.935897435897,0.238109739946,2,0,0,0,0,0,0.0,0.0,385,22859,0,23166,692,46410,0.014910579616,517,517,0,0.0,82,1.0,347,347,1,82,345,344,78,0.951219512195,0.881958791002,29,28,52,0.776811594203,0.997093023256,0.935897435897,0.238109739946,2,0,0,0,0,0,0.0,0.0,385,26525,0,26832,692,53742,0.012876335082,611,611,0,0.0,82,1.0,81,100,h60_idtp_delta_norm
MOT20-02,34,310,453,2119,u_to_v,0.004084,0.00223,-0.003924248915,mot20_02_r0034_310_453_f2119_u_to_v,2131,68,440,453,1,"{""453"": 68}",68,30,30,1,30,21,30,30,1.0,0.882888887105,180,78,78,0.619047619048,0.666666666667,1.0,-0.0,1,0,0,30,0,30,-1.0,-1.0,240,390,600,300,-450,1530,-0.294117647059,63,46,-17,-0.20987654321,30,1.0,60,37,1,60,51,37,60,1.0,0.885726690694,78,78,78,0.666666666667,0.540540540541,1.0,-0.0,1,1,60,60,0,0,0.0,0.0,2040,1020,1200,1020,840,5280,0.159090909091,97,109,12,0.081081081081,60,1.0,61,37,1,68,52,37,66,0.970588235294,0.883394695159,78,78,78,0.673076923077,0.540540540541,1.0,-0.0,1,1,66,66,0,0,0.0,0.0,2310,1122,1320,1122,990,5874,0.168539325843,103,116,13,0.083870967742,68,1.0,61,37,1,68,52,37,66,0.970588235294,0.883394695159,78,78,78,0.673076923077,0.540540540541,1.0,-0.0,1,1,66,66,0,0,0.0,0.0,2310,1122,1320,1122,990,5874,0.168539325843,103,116,13,0.083870967742,68,1.0,61,37,1,68,52,37,66,0.970588235294,0.883394695159,78,78,78,0.673076923077,0.540540540541,1.0,-0.0,1,1,66,66,0,0,0.0,0.0,2310,1122,1320,1122,990,5874,0.168539325843,103,116,13,0.083870967742,68,1.0,21,40,h60_idtp_delta_norm
MOT20-02,56,214,246,1536,v_to_u,0.10592,0.05033,0.033356115778,mot20_02_r0056_214_246_f1536_v_to_u,1537,298,246,214,1,"{""214"": 298}",298,30,30,1,30,28,30,30,1.0,0.878059643864,38,36,38,0.535714285714,0.5,0.933333333333,0.244930026795,2,0,28,0,28,0,0.933333333333,0.933333333333,420,420,420,480,60,1740,0.034482758621,56,58,2,0.022727272727,30,1.0,60,60,1,60,50,60,60,1.0,0.872285394379,38,36,38,0.68,0.75,0.966666666667,0.146144746009,2,0,58,0,58,0,0.966666666667,0.966666666667,1972,1028,870,2730,2804,6600,0.424848484848,86,137,51,0.3,60,1.0,120,120,1,120,91,120,120,1.0,0.878390428917,62,36,38,0.43956043956,0.875,0.983333333333,0.084766075715,2,0,0,0,0,0,0.0,0.0,4130,6790,1770,12630,8200,25320,0.323854660348,173,258,85,0.256797583082,120,1.0,145,300,1,298,116,300,298,1.0,0.86502922649,62,36,38,0.560344827586,0.95,0.993288590604,0.040272369589,2,0,0,0,0,0,0.0,0.0,10360,24208,4440,84960,66672,123968,0.537816210635,376,616,240,0.336134453782,298,1.0,145,315,1,298,116,314,298,1.0,0.86502922649,62,36,38,0.560344827586,0.945859872611,0.993288590604,0.040272369589,2,0,0,0,0,0,0.0,0.0,10360,24208,4444,89128,70836,128140,0.552801623225,376,628,252,0.346153846154,298,1.0,41,60,h60_idtp_delta_norm
MOT20-02,77,104,117,513,v_to_u,0.015433,0.00826,-0.010464663774,mot20_02_r0077_104_117_f513_v_to_u,514,617,117,104,1,"{""104"": 617}",617,1,30,1,30,1,29,30,1.0,0.918382229372,276,276,276,1.0,0.551724137931,1.0,-0.0,1,1,30,30,0,0,0.0,0.0,30,0,480,390,-60,900,-0.066666666667,46,41,-5,-0.083333333333,30,1.0,1,60,1,60,1,59,60,1.0,0.900825592477,276,55,276,1.0,0.661016949153,1.0,-0.0,1,0,60,0,60,0,1.0,1.0,60,0,960,2580,1680,3600,0.466666666667,76,100,24,0.2,60,1.0,1,86,1,120,1,85,120,1.0,0.854508086107,276,55,276,1.0,0.6,1.0,-0.0,1,0,120,0,120,0,1.0,1.0,120,0,1920,8280,6480,10320,0.627906976744,136,172,36,0.174757281553,120,1.0,1,86,1,300,1,85,300,1.0,0.866772477041,276,55,276,1.0,0.6,1.0,-0.0,1,0,300,0,300,0,1.0,1.0,300,0,4800,20700,16200,25800,0.627906976744,316,352,36,0.093264248705,300,1.0,1,86,1,617,1,85,589,0.954619124797,0.854583981244,276,55,276,1.0,0.6,1.0,-0.0,1,0,589,0,589,0,1.0,1.0,589,0,9424,40641,31806,50654,0.627906976744,605,641,36,0.053333333333,617,1.0,61,80,h60_idtp_delta_norm
MOT20-02,86,233,249,1784,u_to_v,0.21713,0.10687,0.189017989411,mot20_02_r0086_233_249_f1784_u_to_v,1808,374,233,249,1,"{""249"": 374}",374,30,30,1,30,30,30,30,1.0,0.868627149917,33,62,62,0.733333333333,0.733333333333,1.0,-0.0,1,0,0,30,0,30,-1.0,-1.0,240,660,660,240,-840,1800,-0.466666666667,74,46,-28,-0.311111111111,30,1.0,60,60,1,60,60,60,60,1.0,0.86450652704,62,33,62,0.633333333333,0.633333333333,1.0,-0.0,1,0,60,0,60,0,1.0,1.0,2280,1320,1320,2280,1920,7200,0.266666666667,104,136,32,0.177777777778,60,1.0,120,120,1,120,120,120,120,1.0,0.870325567621,62,33,62,0.816666666667,0.816666666667,1.0,-0.0,1,0,120,0,120,0,1.0,1.0,11760,2640,2640,11760,18240,28800,0.633333333333,196,316,120,0.333333333333,120,1.0,300,300,1,300,300,300,300,1.0,0.870710031809,62,33,62,0.923333333333,0.593333333333,1.0,-0.0,1,0,300,0,300,0,1.0,1.0,83100,6900,6600,83400,153000,180000,0.85,455,755,300,0.333333333333,300,1.0,483,403,1,374,483,403,368,0.983957219251,0.87113302628,62,33,62,0.679089026915,0.441687344913,1.0,-0.0,1,0,368,0,368,0,1.0,1.0,120704,57040,8096,140208,195776,326048,0.600451467269,522,874,352,0.280701754386,374,1.0,81,100,h60_idtp_delta_norm
MOT20-03,27,355,403,2122,v_to_u,0.00012,5.5e-05,0.000968377629,mot20_03_r0027_355_403_f2122_v_to_u,2127,24,403,355,1,"{""355"": 24}",24,30,30,1,24,29,30,3,0.125,0.745929006245,678,677,678,1.0,1.0,0.666666666667,0.636514168295,2,0,2,1,2,1,0.333333333333,0.333333333333,58,29,30,60,59,177,0.333333333333,60,61,1,0.016129032258,24,1.0,60,60,1,24,59,60,3,0.125,0.745929006245,678,677,678,1.0,1.0,0.666666666667,0.636514168295,2,0,2,1,2,1,0.333333333333,0.333333333333,118,59,60,120,119,357,0.333333333333,120,121,1,0.008196721311,24,1.0,120,120,1,24,119,120,3,0.125,0.745929006245,678,677,678,0.991596638655,0.675,0.666666666667,0.636514168295,2,0,2,1,2,1,0.333333333333,0.333333333333,236,121,83,277,309,717,0.430962343096,200,201,1,0.004132231405,24,1.0,300,300,1,24,299,300,3,0.125,0.745929006245,678,679,678,0.996655518395,0.726666666667,0.666666666667,0.636514168295,2,0,2,0,2,0,0.666666666667,0.666666666667,596,301,83,817,1029,1797,0.572621035058,516,518,2,0.003322259136,24,1.0,745,897,1,24,744,897,3,0.125,0.745929006245,678,679,678,0.990591397849,0.908584169454,0.666666666667,0.636514168295,2,0,2,0,2,0,0.666666666667,0.666666666667,1474,758,83,2608,3241,4923,0.658338411538,1552,1554,2,0.001216545012,24,1.0,21,40,h60_idtp_delta_norm
MOT20-03,42,305,414,1760,v_to_u,-0.001,-0.000517,-0.000968377629,mot20_03_r0042_305_414_f1760_v_to_u,1784,3,414,305,1,"{""305"": 3}",3,30,30,1,3,29,1,3,1.0,0.602682829408,589,589,589,1.0,1.0,1.0,-0.0,1,1,3,3,0,0,0.0,0.0,87,0,3,0,84,90,0.933333333333,29,32,3,0.090909090909,3,1.0,60,60,1,3,29,31,3,1.0,0.602682829408,589,589,589,1.0,1.0,1.0,-0.0,1,1,3,3,0,0,0.0,0.0,87,0,93,0,-6,180,-0.033333333333,34,32,-2,-0.031746031746,3,1.0,120,120,1,3,72,91,3,1.0,0.602682829408,349,589,589,0.597222222222,1.0,1.0,-0.0,1,0,0,3,0,3,-1.0,-1.0,87,129,273,0,-315,489,-0.644171779141,137,134,-3,-0.018072289157,3,1.0,300,300,1,3,239,271,3,1.0,0.602682829408,349,589,589,0.878661087866,1.0,1.0,-0.0,1,0,0,3,0,3,-1.0,-1.0,87,630,813,0,-1356,1530,-0.886274509804,484,481,-3,-0.005847953216,3,1.0,381,672,1,3,320,643,3,1.0,0.602682829408,349,589,589,0.909375,1.0,1.0,-0.0,1,0,0,3,0,3,-1.0,-1.0,87,873,1929,0,-2715,2889,-0.939771547248,937,934,-3,-0.003105590062,3,1.0,41,60,h60_idtp_delta_norm
MOT20-03,73,302,322,1195,v_to_u,0.01164,0.005897,0.022595477999,mot20_03_r0073_302_322_f1195_v_to_u,1231,109,322,302,1,"{""302"": 109}",109,30,30,1,30,21,0,23,0.766666666667,0.799508747495,274,-1,276,1.0,,1.0,-0.0,1,0,0,0,0,0,0.0,0.0,0,483,0,0,-483,483,-1.0,44,23,-21,-0.477272727273,30,1.0,60,60,1,60,38,27,53,0.883333333333,0.814328322539,274,274,276,0.605263157895,1.0,1.0,-0.0,1,1,0,0,0,0,0.0,0.0,0,2014,0,1431,-583,3445,-0.169230769231,76,80,4,0.033898305085,60,1.0,73,120,1,109,51,87,87,0.798165137615,0.839101864922,277,274,276,0.470588235294,1.0,1.0,-0.0,1,0,0,0,0,0,0.0,0.0,0,4437,0,7569,3132,12006,0.260869565217,111,174,63,0.28,109,1.0,73,126,1,109,51,93,87,0.798165137615,0.839101864922,277,274,276,0.470588235294,1.0,1.0,-0.0,1,0,0,0,0,0,0.0,0.0,0,4437,0,8091,3654,12528,0.291666666667,117,180,63,0.272727272727,109,1.0,73,126,1,109,51,93,87,0.798165137615,0.839101864922,277,274,276,0.470588235294,1.0,1.0,-0.0,1,0,0,0,0,0,0.0,0.0,0,4437,0,8091,3654,12528,0.291666666667,117,180,63,0.272727272727,109,1.0,61,80,h60_idtp_delta_norm
MOT20-03,87,433,458,2341,u_to_v,0.010515,0.005324,0.004841888143,mot20_03_r0087_433_458_f2341_u_to_v,2346,15,433,458,1,"{""458"": 15}",15,30,30,1,15,28,2,15,1.0,0.762633230399,236,236,236,1.0,1.0,1.0,-0.0,1,1,15,15,0,0,0.0,0.0,420,0,30,0,390,450,0.866666666667,28,43,15,0.333333333333,15,1.0,60,60,1,15,58,13,15,1.0,0.762633230399,236,646,236,1.0,0.846153846154,1.0,-0.0,1,0,15,0,15,0,1.0,1.0,870,0,30,165,1005,1065,0.943661971831,69,84,15,0.174418604651,15,1.0,120,120,1,15,118,73,15,1.0,0.762633230399,236,646,236,1.0,0.972602739726,1.0,-0.0,1,0,15,0,15,0,1.0,1.0,1770,0,30,1065,2805,2865,0.979057591623,189,204,15,0.072815533981,15,1.0,300,300,1,15,298,253,15,1.0,0.762633230399,236,646,236,1.0,0.99209486166,1.0,-0.0,1,0,15,0,15,0,1.0,1.0,4470,0,30,3765,8205,8265,0.992740471869,549,564,15,0.026501766784,15,1.0,867,808,1,15,865,761,15,1.0,0.762633230399,236,646,236,1.0,0.997371879106,1.0,-0.0,1,0,15,0,15,0,1.0,1.0,12975,0,30,11385,24330,24390,0.9975399754,1624,1639,15,0.009140767824,15,1.0,81,100,h60_idtp_delta_norm
MOT20-05,28,525,874,1582,v_to_u,0.0097,0.005942,0.005448870138,mot20_05_r0028_525_874_f1582_v_to_u,1583,52,874,525,1,"{""525"": 52}",52,30,30,1,30,30,27,30,1.0,0.788181715605,1075,1098,1075,0.866666666667,0.888888888889,1.0,-0.0,1,0,30,0,30,0,1.0,1.0,780,120,90,720,1290,1710,0.754385964912,50,80,30,0.344827586207,30,1.0,60,60,1,52,60,57,35,0.673076923077,0.792866344956,1075,1098,1075,0.933333333333,0.947368421053,1.0,-0.0,1,0,35,0,35,0,1.0,1.0,1960,140,105,1890,3605,4095,0.880341880342,110,145,35,0.230263157895,52,1.0,120,120,1,52,120,117,35,0.673076923077,0.792866344956,1075,1098,1075,0.966666666667,0.974358974359,1.0,-0.0,1,0,35,0,35,0,1.0,1.0,4060,140,105,3990,7805,8295,0.940928270042,230,265,35,0.128676470588,52,1.0,273,300,1,52,273,297,35,0.673076923077,0.792866344956,1075,1098,1075,0.985347985348,0.989898989899,1.0,-0.0,1,0,35,0,35,0,1.0,1.0,9415,140,105,10290,19460,19950,0.975438596491,563,598,35,0.057851239669,52,1.0,273,910,1,52,273,907,35,0.673076923077,0.792866344956,1075,1098,1075,0.985347985348,0.996692392503,1.0,-0.0,1,0,35,0,35,0,1.0,1.0,9415,140,105,31640,40810,41300,0.98813559322,1173,1208,35,0.028806584362,52,1.0,21,40,h60_idtp_delta_norm
MOT20-05,57,1054,1150,1952,v_to_u,-4.7e-05,-2.4e-05,0.0,mot20_05_r0057_1054_1150_f1952_v_to_u,2148,4,1150,1054,1,"{""1054"": 4}",4,30,30,1,4,0,30,4,1.0,0.885701705568,-1,475,475,,1.0,1.0,-0.0,1,0,0,4,0,0,0.0,-1.0,0,0,120,0,-120,120,-1.0,34,30,-4,-0.117647058824,4,1.0,60,60,1,4,25,60,4,1.0,0.885701705568,478,475,475,1.0,1.0,1.0,-0.0,1,0,0,4,0,4,-1.0,-1.0,0,100,240,0,-340,340,-1.0,89,85,-4,-0.044943820225,4,1.0,120,120,1,4,85,120,4,1.0,0.885701705568,478,475,475,1.0,1.0,1.0,-0.0,1,0,0,4,0,4,-1.0,-1.0,0,340,480,0,-820,820,-1.0,209,205,-4,-0.019138755981,4,1.0,220,300,1,4,182,300,4,1.0,0.885701705568,478,467,475,1.0,0.5,1.0,-0.0,1,0,0,0,0,0,0.0,0.0,0,728,596,604,-720,1928,-0.373443983402,335,332,-3,-0.006172839506,4,1.0,220,420,1,4,182,416,4,1.0,0.885701705568,478,467,475,1.0,0.639423076923,1.0,-0.0,1,0,0,0,0,0,0.0,0.0,0,728,596,1068,-256,2392,-0.107023411371,448,448,0,0.0,4,1.0,41,60,h60_idtp_delta_norm
MOT20-05,67,142,394,395,v_to_u,-0.00326,-0.002394,-0.008095464205,mot20_05_r0067_142_394_f395_v_to_u,408,332,393,142,1,"{""142"": 332}",332,24,30,1,30,4,26,30,1.0,0.819406027202,170,170,169,1.0,1.0,0.533333333333,0.690923309314,2,1,14,14,0,0,0.0,0.0,56,64,364,416,44,900,0.048888888889,40,42,2,0.033333333333,30,1.0,24,60,1,60,4,56,60,1.0,0.863196583117,170,170,169,1.0,1.0,0.766666666667,0.543272781337,2,1,14,14,0,0,0.0,0.0,56,184,784,2576,1664,3600,0.462222222222,70,102,32,0.266666666667,60,1.0,24,120,1,120,4,116,120,1.0,0.876472073444,170,170,169,1.0,1.0,0.883333333333,0.360230521195,2,1,14,14,0,0,0.0,0.0,56,424,1624,12296,10304,14400,0.715555555556,130,222,92,0.383333333333,120,1.0,24,300,1,300,4,263,300,1.0,0.816052393367,170,170,169,1.0,0.920152091255,0.953333333333,0.188580939626,2,1,14,14,0,0,0.0,0.0,56,1144,9394,69506,59024,80100,0.736878901373,311,528,217,0.382716049383,300,1.0,24,407,1,332,4,369,321,0.96686746988,0.813761753519,170,170,169,1.0,0.655826558266,0.943925233645,0.245730780051,3,1,14,14,0,0,0.0,0.0,56,1228,41869,76580,33539,119733,0.280114922369,434,545,111,0.159942363112,332,1.0,61,80,h60_idtp_delta_norm
MOT20-05,89,137,142,158,u_to_v,0.00617,-0.00242,0.002490912063,mot20_05_r0089_137_142_f158_u_to_v,168,572,137,142,1,"{""142"": 572}",572,30,30,1,30,24,6,30,1.0,0.7914921728,170,170,170,1.0,1.0,1.0,-0.0,1,1,30,30,0,0,0.0,0.0,720,0,180,0,540,900,0.6,36,54,18,0.3,30,1.0,60,60,1,60,54,27,60,1.0,0.820913859088,170,169,170,1.0,0.777777777778,1.0,-0.0,1,0,60,0,60,0,1.0,1.0,3240,0,360,1260,4140,4860,0.851851851852,75,135,60,0.425531914894,60,1.0,120,120,1,120,114,86,120,1.0,0.804840204358,170,169,170,1.0,0.93023255814,1.0,-0.0,1,0,120,0,120,0,1.0,1.0,13680,0,720,9600,22560,24000,0.94,194,314,120,0.375,120,1.0,167,167,1,300,161,133,296,0.986666666667,0.806672936093,170,169,170,1.0,0.954887218045,0.844594594595,0.431971840459,2,0,250,46,250,46,0.689189189189,0.689189189189,40250,7406,7342,32026,57528,87024,0.661059018202,334,538,204,0.345762711864,300,1.0,167,167,1,572,161,133,557,0.973776223776,0.804669509832,170,169,169,1.0,0.954887218045,0.543985637343,0.726207166356,3,0,250,303,250,303,-0.095152603232,-0.095152603232,40250,49427,39981,34100,-15058,163758,-0.09195275956,591,538,-53,-0.062279670975,572,1.0,81,100,h60_idtp_delta_norm
MOT20-01,21,17,29,141,v_to_u,0.0829,0.040357,0.040784073819,mot20_01_r0021_17_29_f141_v_to_u,340,8,29,17,1,"{""17"": 8}",8,30,30,1,8,23,30,8,1.0,0.870533002732,29,30,30,1.0,1.0,1.0,-0.0,1,0,0,8,0,8,-1.0,-1.0,0,184,240,0,-424,424,-1.0,61,53,-8,-0.131147540984,8,1.0,60,60,1,8,53,58,8,1.0,0.870533002732,29,30,30,0.905660377358,0.913793103448,1.0,-0.0,1,0,0,8,0,8,-1.0,-1.0,40,384,424,40,-728,888,-0.81981981982,109,101,-8,-0.067226890756,8,1.0,120,120,1,8,113,118,8,1.0,0.870533002732,30,29,30,0.575221238938,0.550847457627,1.0,-0.0,1,0,8,0,8,0,1.0,1.0,520,384,424,520,232,1848,0.125541125541,130,138,8,0.033472803347,8,1.0,300,300,1,8,286,298,8,1.0,0.870533002732,30,29,30,0.786713286713,0.768456375839,1.0,-0.0,1,0,8,0,8,0,1.0,1.0,1800,488,552,1832,2592,4672,0.554794520548,454,462,8,0.013513513514,8,1.0,339,339,1,8,325,337,8,1.0,0.870533002732,30,29,30,0.812307692308,0.795252225519,1.0,-0.0,1,0,8,0,8,0,1.0,1.0,2112,488,552,2144,3216,5296,0.607250755287,532,540,8,0.011940298507,8,1.0,21,40,h120_row_net
MOT20-01,49,17,28,347,u_to_v,0.075333,0.046867,0.0,mot20_01_r0049_17_28_f347_u_to_v,348,82,17,28,1,"{""28"": 82}",82,30,30,1,30,30,27,26,0.866666666667,0.878066901315,30,28,52,1.0,0.962962962963,0.807692307692,0.489551893623,2,0,5,0,5,0,0.192307692308,0.192307692308,150,630,0,702,222,1482,0.14979757085,56,61,5,0.060240963855,30,1.0,60,60,1,60,58,57,56,0.933333333333,0.895178151517,30,28,52,1.0,0.982456140351,0.910714285714,0.300882104465,2,0,5,0,5,0,0.089285714286,0.089285714286,290,2958,0,3192,524,6440,0.081366459627,114,119,5,0.029239766082,60,1.0,120,120,1,82,118,117,78,0.951219512195,0.881958791002,30,28,52,0.516949152542,0.991452991453,0.935897435897,0.238109739946,2,0,5,0,5,0,0.064102564103,0.064102564103,305,8899,0,9126,532,18330,0.029023458811,177,189,12,0.038338658147,82,1.0,300,300,1,82,298,297,78,0.951219512195,0.881958791002,29,28,52,0.741610738255,0.996632996633,0.935897435897,0.238109739946,2,0,0,0,0,0,0.0,0.0,385,22859,0,23166,692,46410,0.014910579616,517,517,0,0.0,82,1.0,347,347,1,82,345,344,78,0.951219512195,0.881958791002,29,28,52,0.776811594203,0.997093023256,0.935897435897,0.238109739946,2,0,0,0,0,0,0.0,0.0,385,26525,0,26832,692,53742,0.012876335082,611,611,0,0.0,82,1.0,41,60,h120_row_net
MOT20-01,74,17,29,181,v_to_u,0.0829,0.040357,0.040784073819,mot20_01_r0074_17_29_f181_v_to_u,340,8,29,17,1,"{""17"": 8}",8,30,30,1,8,23,30,8,1.0,0.870533002732,29,30,30,1.0,1.0,1.0,-0.0,1,0,0,8,0,8,-1.0,-1.0,0,184,240,0,-424,424,-1.0,61,53,-8,-0.131147540984,8,1.0,60,60,1,8,53,58,8,1.0,0.870533002732,29,30,30,0.905660377358,0.913793103448,1.0,-0.0,1,0,0,8,0,8,-1.0,-1.0,40,384,424,40,-728,888,-0.81981981982,109,101,-8,-0.067226890756,8,1.0,120,120,1,8,113,118,8,1.0,0.870533002732,30,29,30,0.575221238938,0.550847457627,1.0,-0.0,1,0,8,0,8,0,1.0,1.0,520,384,424,520,232,1848,0.125541125541,130,138,8,0.033472803347,8,1.0,300,300,1,8,286,298,8,1.0,0.870533002732,30,29,30,0.786713286713,0.768456375839,1.0,-0.0,1,0,8,0,8,0,1.0,1.0,1800,488,552,1832,2592,4672,0.554794520548,454,462,8,0.013513513514,8,1.0,339,339,1,8,325,337,8,1.0,0.870533002732,30,29,30,0.812307692308,0.795252225519,1.0,-0.0,1,0,8,0,8,0,1.0,1.0,2112,488,552,2144,3216,5296,0.607250755287,532,540,8,0.011940298507,8,1.0,61,80,h120_row_net
MOT20-01,81,17,29,35,v_to_u,0.0829,0.040357,0.040784073819,mot20_01_r0081_17_29_f35_v_to_u,340,8,29,17,1,"{""17"": 8}",8,30,30,1,8,23,30,8,1.0,0.870533002732,29,30,30,1.0,1.0,1.0,-0.0,1,0,0,8,0,8,-1.0,-1.0,0,184,240,0,-424,424,-1.0,61,53,-8,-0.131147540984,8,1.0,60,60,1,8,53,58,8,1.0,0.870533002732,29,30,30,0.905660377358,0.913793103448,1.0,-0.0,1,0,0,8,0,8,-1.0,-1.0,40,384,424,40,-728,888,-0.81981981982,109,101,-8,-0.067226890756,8,1.0,120,120,1,8,113,118,8,1.0,0.870533002732,30,29,30,0.575221238938,0.550847457627,1.0,-0.0,1,0,8,0,8,0,1.0,1.0,520,384,424,520,232,1848,0.125541125541,130,138,8,0.033472803347,8,1.0,300,300,1,8,286,298,8,1.0,0.870533002732,30,29,30,0.786713286713,0.768456375839,1.0,-0.0,1,0,8,0,8,0,1.0,1.0,1800,488,552,1832,2592,4672,0.554794520548,454,462,8,0.013513513514,8,1.0,339,339,1,8,325,337,8,1.0,0.870533002732,30,29,30,0.812307692308,0.795252225519,1.0,-0.0,1,0,8,0,8,0,1.0,1.0,2112,488,552,2144,3216,5296,0.607250755287,532,540,8,0.011940298507,8,1.0,81,100,h120_row_net
MOT20-02,31,129,130,1047,v_to_u,0.005914,0.00325,0.003270207429,mot20_02_r0031_129_130_f1047_v_to_u,1067,6,130,129,1,"{""129"": 6}",6,30,30,1,6,30,30,6,1.0,0.67155966403,277,279,277,0.533333333333,0.933333333333,0.666666666667,0.867563228481,3,0,4,1,4,1,0.5,0.5,78,102,36,144,84,360,0.233333333333,45,48,3,0.045454545455,6,1.0,60,60,1,6,60,60,6,1.0,0.67155966403,277,279,277,0.766666666667,0.966666666667,0.666666666667,0.867563228481,3,0,4,1,4,1,0.5,0.5,198,162,66,294,264,720,0.366666666667,105,108,3,0.02380952381,6,1.0,120,120,1,6,120,120,6,1.0,0.67155966403,277,279,277,0.883333333333,0.983333333333,0.666666666667,0.867563228481,3,0,4,1,4,1,0.5,0.5,438,282,126,594,624,1440,0.433333333333,225,228,3,0.012195121951,6,1.0,300,300,1,6,300,300,6,1.0,0.67155966403,277,279,277,0.953333333333,0.993333333333,0.666666666667,0.867563228481,3,0,4,1,4,1,0.5,0.5,1158,642,306,1494,1704,3600,0.473333333333,585,588,3,0.00495049505,6,1.0,494,502,1,6,494,502,6,1.0,0.67155966403,277,279,277,0.971659919028,0.982071713147,0.666666666667,0.867563228481,3,0,4,1,4,1,0.5,0.5,1934,1030,529,2483,2858,5976,0.478246318608,974,977,3,0.002994011976,6,1.0,21,40,h120_row_net
MOT20-02,48,233,249,1540,u_to_v,0.21713,0.10687,0.189017989411,mot20_02_r0048_233_249_f1540_u_to_v,1808,374,233,249,1,"{""249"": 374}",374,30,30,1,30,30,30,30,1.0,0.868627149917,33,62,62,0.733333333333,0.733333333333,1.0,-0.0,1,0,0,30,0,30,-1.0,-1.0,240,660,660,240,-840,1800,-0.466666666667,74,46,-28,-0.311111111111,30,1.0,60,60,1,60,60,60,60,1.0,0.86450652704,62,33,62,0.633333333333,0.633333333333,1.0,-0.0,1,0,60,0,60,0,1.0,1.0,2280,1320,1320,2280,1920,7200,0.266666666667,104,136,32,0.177777777778,60,1.0,120,120,1,120,120,120,120,1.0,0.870325567621,62,33,62,0.816666666667,0.816666666667,1.0,-0.0,1,0,120,0,120,0,1.0,1.0,11760,2640,2640,11760,18240,28800,0.633333333333,196,316,120,0.333333333333,120,1.0,300,300,1,300,300,300,300,1.0,0.870710031809,62,33,62,0.923333333333,0.593333333333,1.0,-0.0,1,0,300,0,300,0,1.0,1.0,83100,6900,6600,83400,153000,180000,0.85,455,755,300,0.333333333333,300,1.0,483,403,1,374,483,403,368,0.983957219251,0.87113302628,62,33,62,0.679089026915,0.441687344913,1.0,-0.0,1,0,368,0,368,0,1.0,1.0,120704,57040,8096,140208,195776,326048,0.600451467269,522,874,352,0.280701754386,374,1.0,41,60,h120_row_net
MOT20-02,63,347,477,2185,u_to_v,0.00764,0.00436,0.005232331887,mot20_02_r0063_347_477_f2185_u_to_v,2757,8,347,477,1,"{""477"": 8}",8,30,30,1,8,30,22,8,1.0,0.686233852512,128,141,128,1.0,1.0,1.0,-0.0,1,0,8,0,8,0,1.0,1.0,240,0,0,176,416,416,1.0,52,60,8,0.133333333333,8,1.0,60,60,1,8,60,52,8,1.0,0.686233852512,128,141,128,1.0,1.0,1.0,-0.0,1,0,8,0,8,0,1.0,1.0,480,0,0,416,896,896,1.0,112,120,8,0.066666666667,8,1.0,120,120,1,8,120,112,8,1.0,0.686233852512,128,141,128,1.0,1.0,1.0,-0.0,1,0,8,0,8,0,1.0,1.0,960,0,0,896,1856,1856,1.0,232,240,8,0.033333333333,8,1.0,300,300,1,8,289,277,8,1.0,0.686233852512,128,141,128,1.0,0.996389891697,1.0,-0.0,1,0,8,0,8,0,1.0,1.0,2312,0,0,2216,4528,4528,1.0,565,573,8,0.01393728223,8,1.0,949,585,1,8,861,552,8,1.0,0.686233852512,128,141,128,0.638792102207,0.949275362319,1.0,-0.0,1,0,8,0,8,0,1.0,1.0,4400,2488,176,4240,5976,11304,0.528662420382,1074,1082,8,0.005629838142,8,1.0,61,80,h120_row_net
MOT20-02,86,233,249,1784,u_to_v,0.21713,0.10687,0.189017989411,mot20_02_r0086_233_249_f1784_u_to_v,1808,374,233,249,1,"{""249"": 374}",374,30,30,1,30,30,30,30,1.0,0.868627149917,33,62,62,0.733333333333,0.733333333333,1.0,-0.0,1,0,0,30,0,30,-1.0,-1.0,240,660,660,240,-840,1800,-0.466666666667,74,46,-28,-0.311111111111,30,1.0,60,60,1,60,60,60,60,1.0,0.86450652704,62,33,62,0.633333333333,0.633333333333,1.0,-0.0,1,0,60,0,60,0,1.0,1.0,2280,1320,1320,2280,1920,7200,0.266666666667,104,136,32,0.177777777778,60,1.0,120,120,1,120,120,120,120,1.0,0.870325567621,62,33,62,0.816666666667,0.816666666667,1.0,-0.0,1,0,120,0,120,0,1.0,1.0,11760,2640,2640,11760,18240,28800,0.633333333333,196,316,120,0.333333333333,120,1.0,300,300,1,300,300,300,300,1.0,0.870710031809,62,33,62,0.923333333333,0.593333333333,1.0,-0.0,1,0,300,0,300,0,1.0,1.0,83100,6900,6600,83400,153000,180000,0.85,455,755,300,0.333333333333,300,1.0,483,403,1,374,483,403,368,0.983957219251,0.87113302628,62,33,62,0.679089026915,0.441687344913,1.0,-0.0,1,0,368,0,368,0,1.0,1.0,120704,57040,8096,140208,195776,326048,0.600451467269,522,874,352,0.280701754386,374,1.0,81,100,h120_row_net
MOT20-03,27,355,403,2122,v_to_u,0.00012,5.5e-05,0.000968377629,mot20_03_r0027_355_403_f2122_v_to_u,2127,24,403,355,1,"{""355"": 24}",24,30,30,1,24,29,30,3,0.125,0.745929006245,678,677,678,1.0,1.0,0.666666666667,0.636514168295,2,0,2,1,2,1,0.333333333333,0.333333333333,58,29,30,60,59,177,0.333333333333,60,61,1,0.016129032258,24,1.0,60,60,1,24,59,60,3,0.125,0.745929006245,678,677,678,1.0,1.0,0.666666666667,0.636514168295,2,0,2,1,2,1,0.333333333333,0.333333333333,118,59,60,120,119,357,0.333333333333,120,121,1,0.008196721311,24,1.0,120,120,1,24,119,120,3,0.125,0.745929006245,678,677,678,0.991596638655,0.675,0.666666666667,0.636514168295,2,0,2,1,2,1,0.333333333333,0.333333333333,236,121,83,277,309,717,0.430962343096,200,201,1,0.004132231405,24,1.0,300,300,1,24,299,300,3,0.125,0.745929006245,678,679,678,0.996655518395,0.726666666667,0.666666666667,0.636514168295,2,0,2,0,2,0,0.666666666667,0.666666666667,596,301,83,817,1029,1797,0.572621035058,516,518,2,0.003322259136,24,1.0,745,897,1,24,744,897,3,0.125,0.745929006245,678,679,678,0.990591397849,0.908584169454,0.666666666667,0.636514168295,2,0,2,0,2,0,0.666666666667,0.666666666667,1474,758,83,2608,3241,4923,0.658338411538,1552,1554,2,0.001216545012,24,1.0,21,40,h120_row_net
MOT20-03,52,174,180,1198,v_to_u,0.0091,0.001957,0.0022595478,mot20_03_r0052_174_180_f1198_v_to_u,1203,19,180,174,1,"{""174"": 19}",19,30,30,1,19,30,30,19,1.0,0.756593415779,310,428,428,1.0,1.0,0.684210526316,0.623654849568,2,0,6,13,6,13,-0.368421052632,-0.368421052632,180,390,390,180,-420,1140,-0.368421052632,73,66,-7,-0.088607594937,19,1.0,60,60,1,19,60,60,19,1.0,0.756593415779,310,428,428,1.0,0.8,0.684210526316,0.623654849568,2,0,6,13,6,13,-0.368421052632,-0.368421052632,360,780,624,516,-528,2280,-0.231578947368,121,114,-7,-0.05035971223,19,1.0,120,120,1,19,120,120,19,1.0,0.756593415779,310,325,428,1.0,0.6,0.684210526316,0.623654849568,2,0,6,0,6,0,0.315789473684,0.315789473684,720,1560,624,1656,192,4560,0.042105263158,192,198,6,0.023166023166,19,1.0,300,300,1,19,300,300,19,1.0,0.756593415779,310,325,428,1.0,0.84,0.684210526316,0.623654849568,2,0,6,0,6,0,0.315789473684,0.315789473684,1800,3900,624,5076,2352,11400,0.206315789474,552,558,6,0.009693053312,19,1.0,636,656,1,19,635,656,19,1.0,0.756593415779,310,325,428,1.0,0.926829268293,0.684210526316,0.623654849568,2,0,6,0,6,0,0.315789473684,0.315789473684,3810,8255,624,11840,6771,24529,0.276040604998,1243,1249,6,0.004580152672,19,1.0,41,60,h120_row_net
MOT20-03,73,302,322,1195,v_to_u,0.01164,0.005897,0.022595477999,mot20_03_r0073_302_322_f1195_v_to_u,1231,109,322,302,1,"{""302"": 109}",109,30,30,1,30,21,0,23,0.766666666667,0.799508747495,274,-1,276,1.0,,1.0,-0.0,1,0,0,0,0,0,0.0,0.0,0,483,0,0,-483,483,-1.0,44,23,-21,-0.477272727273,30,1.0,60,60,1,60,38,27,53,0.883333333333,0.814328322539,274,274,276,0.605263157895,1.0,1.0,-0.0,1,1,0,0,0,0,0.0,0.0,0,2014,0,1431,-583,3445,-0.169230769231,76,80,4,0.033898305085,60,1.0,73,120,1,109,51,87,87,0.798165137615,0.839101864922,277,274,276,0.470588235294,1.0,1.0,-0.0,1,0,0,0,0,0,0.0,0.0,0,4437,0,7569,3132,12006,0.260869565217,111,174,63,0.28,109,1.0,73,126,1,109,51,93,87,0.798165137615,0.839101864922,277,274,276,0.470588235294,1.0,1.0,-0.0,1,0,0,0,0,0,0.0,0.0,0,4437,0,8091,3654,12528,0.291666666667,117,180,63,0.272727272727,109,1.0,73,126,1,109,51,93,87,0.798165137615,0.839101864922,277,274,276,0.470588235294,1.0,1.0,-0.0,1,0,0,0,0,0,0.0,0.0,0,4437,0,8091,3654,12528,0.291666666667,117,180,63,0.272727272727,109,1.0,61,80,h120_row_net
MOT20-03,87,433,458,2341,u_to_v,0.010515,0.005324,0.004841888143,mot20_03_r0087_433_458_f2341_u_to_v,2346,15,433,458,1,"{""458"": 15}",15,30,30,1,15,28,2,15,1.0,0.762633230399,236,236,236,1.0,1.0,1.0,-0.0,1,1,15,15,0,0,0.0,0.0,420,0,30,0,390,450,0.866666666667,28,43,15,0.333333333333,15,1.0,60,60,1,15,58,13,15,1.0,0.762633230399,236,646,236,1.0,0.846153846154,1.0,-0.0,1,0,15,0,15,0,1.0,1.0,870,0,30,165,1005,1065,0.943661971831,69,84,15,0.174418604651,15,1.0,120,120,1,15,118,73,15,1.0,0.762633230399,236,646,236,1.0,0.972602739726,1.0,-0.0,1,0,15,0,15,0,1.0,1.0,1770,0,30,1065,2805,2865,0.979057591623,189,204,15,0.072815533981,15,1.0,300,300,1,15,298,253,15,1.0,0.762633230399,236,646,236,1.0,0.99209486166,1.0,-0.0,1,0,15,0,15,0,1.0,1.0,4470,0,30,3765,8205,8265,0.992740471869,549,564,15,0.026501766784,15,1.0,867,808,1,15,865,761,15,1.0,0.762633230399,236,646,236,1.0,0.997371879106,1.0,-0.0,1,0,15,0,15,0,1.0,1.0,12975,0,30,11385,24330,24390,0.9975399754,1624,1639,15,0.009140767824,15,1.0,81,100,h120_row_net
MOT20-05,24,1413,1421,2924,v_to_u,0.00062,0.000321,0.000155682004,mot20_05_r0024_1413_1421_f2924_v_to_u,2935,15,1421,1413,1,"{""1413"": 15}",15,30,30,1,15,29,30,1,0.066666666667,0.879422617792,601,598,601,0.620689655172,0.6,1.0,-0.0,1,0,1,0,1,0,1.0,1.0,18,11,12,18,13,59,0.220338983051,36,37,1,0.016666666667,15,1.0,60,60,1,15,59,60,1,0.066666666667,0.879422617792,601,598,601,0.813559322034,0.8,1.0,-0.0,1,0,1,0,1,0,1.0,1.0,48,11,12,48,73,119,0.613445378151,96,97,1,0.008333333333,15,1.0,120,120,1,15,119,120,1,0.066666666667,0.879422617792,601,598,601,0.90756302521,0.9,1.0,-0.0,1,0,1,0,1,0,1.0,1.0,108,11,12,108,193,239,0.807531380753,216,217,1,0.004166666667,15,1.0,300,300,1,15,295,300,1,0.066666666667,0.879422617792,601,598,601,0.962711864407,0.96,1.0,-0.0,1,0,1,0,1,0,1.0,1.0,284,11,12,288,549,595,0.92268907563,572,573,1,0.001677852349,15,1.0,301,324,1,15,296,324,1,0.066666666667,0.879422617792,601,598,601,0.962837837838,0.962962962963,1.0,-0.0,1,0,1,0,1,0,1.0,1.0,285,11,12,312,574,620,0.925806451613,597,598,1,0.001610305958,15,1.0,21,40,h120_row_net
MOT20-05,50,879,1054,1998,u_to_v,0.018484,0.008761,0.011676150295,mot20_05_r0050_879_1054_f1998_u_to_v,2077,75,879,1054,1,"{""1054"": 75}",75,30,30,1,30,30,30,30,1.0,0.831905515321,1015,475,475,1.0,1.0,1.0,-0.0,1,0,0,30,0,30,-1.0,-1.0,0,900,900,0,-1800,1800,-1.0,90,60,-30,-0.333333333333,30,1.0,60,60,1,60,60,60,60,1.0,0.858302096118,1015,475,475,0.583333333333,1.0,1.0,-0.0,1,0,0,60,0,60,-1.0,-1.0,0,3600,3600,0,-7200,7200,-1.0,155,95,-60,-0.333333333333,60,1.0,120,120,1,75,120,120,75,1.0,0.86759402236,475,475,475,0.35,0.65,1.0,-0.0,1,1,75,75,0,0,0.0,0.0,3150,5850,5850,3150,-5400,18000,-0.3,188,158,-30,-0.095238095238,75,1.0,300,300,1,75,300,300,75,1.0,0.86759402236,475,467,475,0.74,0.736666666667,1.0,-0.0,1,0,75,0,75,0,1.0,1.0,16650,5850,5850,16650,21600,45000,0.48,443,518,75,0.111111111111,75,1.0,751,349,1,75,751,345,75,1.0,0.86759402236,475,467,475,0.896138482024,0.771014492754,1.0,-0.0,1,0,75,0,75,0,1.0,1.0,50475,5850,5850,20025,58800,82200,0.715328467153,939,1014,75,0.064047822374,75,1.0,41,60,h120_row_net
MOT20-05,72,861,869,1906,v_to_u,0.003225,0.00112,0.000311364008,mot20_05_r0072_861_869_f1906_v_to_u,1915,75,869,861,1,"{""861"": 75}",75,30,30,1,30,25,30,28,0.933333333333,0.702846049082,969,967,968,0.88,0.733333333333,0.571428571429,0.992106827569,4,0,2,0,2,0,0.071428571429,0.071428571429,44,656,16,824,196,1540,0.127272727273,44,46,2,0.024096385542,30,1.0,60,60,1,60,55,60,58,0.966666666667,0.751475554052,969,967,965,0.945454545455,0.866666666667,0.672413793103,0.808259939581,4,0,2,0,2,0,0.034482758621,0.034482758621,104,3086,16,3464,466,6670,0.069865067466,104,106,2,0.011560693642,60,1.0,120,120,1,75,115,120,68,0.906666666667,0.763265553715,969,967,965,0.973913043478,0.933333333333,0.720588235294,0.7423472857,4,0,2,0,2,0,0.029411764706,0.029411764706,224,7596,16,8144,756,15980,0.047309136421,224,226,2,0.006600660066,75,1.0,300,300,1,75,295,300,68,0.906666666667,0.763265553715,969,967,965,0.989830508475,0.973333333333,0.720588235294,0.7423472857,4,0,2,0,2,0,0.029411764706,0.029411764706,584,19476,16,20384,1476,40460,0.036480474543,584,586,2,0.003016591252,75,1.0,617,631,1,75,612,631,68,0.906666666667,0.763265553715,969,967,965,0.995098039216,0.987321711569,0.720588235294,0.7423472857,4,0,2,0,2,0,0.029411764706,0.029411764706,1218,40398,16,42892,3696,84524,0.043727225403,1232,1234,2,0.001525553013,75,1.0,61,80,h120_row_net
MOT20-05,89,137,142,158,u_to_v,0.00617,-0.00242,0.002490912063,mot20_05_r0089_137_142_f158_u_to_v,168,572,137,142,1,"{""142"": 572}",572,30,30,1,30,24,6,30,1.0,0.7914921728,170,170,170,1.0,1.0,1.0,-0.0,1,1,30,30,0,0,0.0,0.0,720,0,180,0,540,900,0.6,36,54,18,0.3,30,1.0,60,60,1,60,54,27,60,1.0,0.820913859088,170,169,170,1.0,0.777777777778,1.0,-0.0,1,0,60,0,60,0,1.0,1.0,3240,0,360,1260,4140,4860,0.851851851852,75,135,60,0.425531914894,60,1.0,120,120,1,120,114,86,120,1.0,0.804840204358,170,169,170,1.0,0.93023255814,1.0,-0.0,1,0,120,0,120,0,1.0,1.0,13680,0,720,9600,22560,24000,0.94,194,314,120,0.375,120,1.0,167,167,1,300,161,133,296,0.986666666667,0.806672936093,170,169,170,1.0,0.954887218045,0.844594594595,0.431971840459,2,0,250,46,250,46,0.689189189189,0.689189189189,40250,7406,7342,32026,57528,87024,0.661059018202,334,538,204,0.345762711864,300,1.0,167,167,1,572,161,133,557,0.973776223776,0.804669509832,170,169,169,1.0,0.954887218045,0.543985637343,0.726207166356,3,0,250,303,250,303,-0.095152603232,-0.095152603232,40250,49427,39981,34100,-15058,163758,-0.09195275956,591,538,-53,-0.062279670975,572,1.0,81,100,h120_row_net
MOT20-01,21,17,29,141,v_to_u,0.0829,0.040357,0.040784073819,mot20_01_r0021_17_29_f141_v_to_u,340,8,29,17,1,"{""17"": 8}",8,30,30,1,8,23,30,8,1.0,0.870533002732,29,30,30,1.0,1.0,1.0,-0.0,1,0,0,8,0,8,-1.0,-1.0,0,184,240,0,-424,424,-1.0,61,53,-8,-0.131147540984,8,1.0,60,60,1,8,53,58,8,1.0,0.870533002732,29,30,30,0.905660377358,0.913793103448,1.0,-0.0,1,0,0,8,0,8,-1.0,-1.0,40,384,424,40,-728,888,-0.81981981982,109,101,-8,-0.067226890756,8,1.0,120,120,1,8,113,118,8,1.0,0.870533002732,30,29,30,0.575221238938,0.550847457627,1.0,-0.0,1,0,8,0,8,0,1.0,1.0,520,384,424,520,232,1848,0.125541125541,130,138,8,0.033472803347,8,1.0,300,300,1,8,286,298,8,1.0,0.870533002732,30,29,30,0.786713286713,0.768456375839,1.0,-0.0,1,0,8,0,8,0,1.0,1.0,1800,488,552,1832,2592,4672,0.554794520548,454,462,8,0.013513513514,8,1.0,339,339,1,8,325,337,8,1.0,0.870533002732,30,29,30,0.812307692308,0.795252225519,1.0,-0.0,1,0,8,0,8,0,1.0,1.0,2112,488,552,2144,3216,5296,0.607250755287,532,540,8,0.011940298507,8,1.0,21,40,h120_donor_minus_receiver_support_frac
MOT20-01,49,17,28,347,u_to_v,0.075333,0.046867,0.0,mot20_01_r0049_17_28_f347_u_to_v,348,82,17,28,1,"{""28"": 82}",82,30,30,1,30,30,27,26,0.866666666667,0.878066901315,30,28,52,1.0,0.962962962963,0.807692307692,0.489551893623,2,0,5,0,5,0,0.192307692308,0.192307692308,150,630,0,702,222,1482,0.14979757085,56,61,5,0.060240963855,30,1.0,60,60,1,60,58,57,56,0.933333333333,0.895178151517,30,28,52,1.0,0.982456140351,0.910714285714,0.300882104465,2,0,5,0,5,0,0.089285714286,0.089285714286,290,2958,0,3192,524,6440,0.081366459627,114,119,5,0.029239766082,60,1.0,120,120,1,82,118,117,78,0.951219512195,0.881958791002,30,28,52,0.516949152542,0.991452991453,0.935897435897,0.238109739946,2,0,5,0,5,0,0.064102564103,0.064102564103,305,8899,0,9126,532,18330,0.029023458811,177,189,12,0.038338658147,82,1.0,300,300,1,82,298,297,78,0.951219512195,0.881958791002,29,28,52,0.741610738255,0.996632996633,0.935897435897,0.238109739946,2,0,0,0,0,0,0.0,0.0,385,22859,0,23166,692,46410,0.014910579616,517,517,0,0.0,82,1.0,347,347,1,82,345,344,78,0.951219512195,0.881958791002,29,28,52,0.776811594203,0.997093023256,0.935897435897,0.238109739946,2,0,0,0,0,0,0.0,0.0,385,26525,0,26832,692,53742,0.012876335082,611,611,0,0.0,82,1.0,41,60,h120_donor_minus_receiver_support_frac
MOT20-01,74,17,29,181,v_to_u,0.0829,0.040357,0.040784073819,mot20_01_r0074_17_29_f181_v_to_u,340,8,29,17,1,"{""17"": 8}",8,30,30,1,8,23,30,8,1.0,0.870533002732,29,30,30,1.0,1.0,1.0,-0.0,1,0,0,8,0,8,-1.0,-1.0,0,184,240,0,-424,424,-1.0,61,53,-8,-0.131147540984,8,1.0,60,60,1,8,53,58,8,1.0,0.870533002732,29,30,30,0.905660377358,0.913793103448,1.0,-0.0,1,0,0,8,0,8,-1.0,-1.0,40,384,424,40,-728,888,-0.81981981982,109,101,-8,-0.067226890756,8,1.0,120,120,1,8,113,118,8,1.0,0.870533002732,30,29,30,0.575221238938,0.550847457627,1.0,-0.0,1,0,8,0,8,0,1.0,1.0,520,384,424,520,232,1848,0.125541125541,130,138,8,0.033472803347,8,1.0,300,300,1,8,286,298,8,1.0,0.870533002732,30,29,30,0.786713286713,0.768456375839,1.0,-0.0,1,0,8,0,8,0,1.0,1.0,1800,488,552,1832,2592,4672,0.554794520548,454,462,8,0.013513513514,8,1.0,339,339,1,8,325,337,8,1.0,0.870533002732,30,29,30,0.812307692308,0.795252225519,1.0,-0.0,1,0,8,0,8,0,1.0,1.0,2112,488,552,2144,3216,5296,0.607250755287,532,540,8,0.011940298507,8,1.0,61,80,h120_donor_minus_receiver_support_frac
MOT20-01,81,17,29,35,v_to_u,0.0829,0.040357,0.040784073819,mot20_01_r0081_17_29_f35_v_to_u,340,8,29,17,1,"{""17"": 8}",8,30,30,1,8,23,30,8,1.0,0.870533002732,29,30,30,1.0,1.0,1.0,-0.0,1,0,0,8,0,8,-1.0,-1.0,0,184,240,0,-424,424,-1.0,61,53,-8,-0.131147540984,8,1.0,60,60,1,8,53,58,8,1.0,0.870533002732,29,30,30,0.905660377358,0.913793103448,1.0,-0.0,1,0,0,8,0,8,-1.0,-1.0,40,384,424,40,-728,888,-0.81981981982,109,101,-8,-0.067226890756,8,1.0,120,120,1,8,113,118,8,1.0,0.870533002732,30,29,30,0.575221238938,0.550847457627,1.0,-0.0,1,0,8,0,8,0,1.0,1.0,520,384,424,520,232,1848,0.125541125541,130,138,8,0.033472803347,8,1.0,300,300,1,8,286,298,8,1.0,0.870533002732,30,29,30,0.786713286713,0.768456375839,1.0,-0.0,1,0,8,0,8,0,1.0,1.0,1800,488,552,1832,2592,4672,0.554794520548,454,462,8,0.013513513514,8,1.0,339,339,1,8,325,337,8,1.0,0.870533002732,30,29,30,0.812307692308,0.795252225519,1.0,-0.0,1,0,8,0,8,0,1.0,1.0,2112,488,552,2144,3216,5296,0.607250755287,532,540,8,0.011940298507,8,1.0,81,100,h120_donor_minus_receiver_support_frac
MOT20-02,31,129,130,1047,v_to_u,0.005914,0.00325,0.003270207429,mot20_02_r0031_129_130_f1047_v_to_u,1067,6,130,129,1,"{""129"": 6}",6,30,30,1,6,30,30,6,1.0,0.67155966403,277,279,277,0.533333333333,0.933333333333,0.666666666667,0.867563228481,3,0,4,1,4,1,0.5,0.5,78,102,36,144,84,360,0.233333333333,45,48,3,0.045454545455,6,1.0,60,60,1,6,60,60,6,1.0,0.67155966403,277,279,277,0.766666666667,0.966666666667,0.666666666667,0.867563228481,3,0,4,1,4,1,0.5,0.5,198,162,66,294,264,720,0.366666666667,105,108,3,0.02380952381,6,1.0,120,120,1,6,120,120,6,1.0,0.67155966403,277,279,277,0.883333333333,0.983333333333,0.666666666667,0.867563228481,3,0,4,1,4,1,0.5,0.5,438,282,126,594,624,1440,0.433333333333,225,228,3,0.012195121951,6,1.0,300,300,1,6,300,300,6,1.0,0.67155966403,277,279,277,0.953333333333,0.993333333333,0.666666666667,0.867563228481,3,0,4,1,4,1,0.5,0.5,1158,642,306,1494,1704,3600,0.473333333333,585,588,3,0.00495049505,6,1.0,494,502,1,6,494,502,6,1.0,0.67155966403,277,279,277,0.971659919028,0.982071713147,0.666666666667,0.867563228481,3,0,4,1,4,1,0.5,0.5,1934,1030,529,2483,2858,5976,0.478246318608,974,977,3,0.002994011976,6,1.0,21,40,h120_donor_minus_receiver_support_frac
MOT20-02,48,233,249,1540,u_to_v,0.21713,0.10687,0.189017989411,mot20_02_r0048_233_249_f1540_u_to_v,1808,374,233,249,1,"{""249"": 374}",374,30,30,1,30,30,30,30,1.0,0.868627149917,33,62,62,0.733333333333,0.733333333333,1.0,-0.0,1,0,0,30,0,30,-1.0,-1.0,240,660,660,240,-840,1800,-0.466666666667,74,46,-28,-0.311111111111,30,1.0,60,60,1,60,60,60,60,1.0,0.86450652704,62,33,62,0.633333333333,0.633333333333,1.0,-0.0,1,0,60,0,60,0,1.0,1.0,2280,1320,1320,2280,1920,7200,0.266666666667,104,136,32,0.177777777778,60,1.0,120,120,1,120,120,120,120,1.0,0.870325567621,62,33,62,0.816666666667,0.816666666667,1.0,-0.0,1,0,120,0,120,0,1.0,1.0,11760,2640,2640,11760,18240,28800,0.633333333333,196,316,120,0.333333333333,120,1.0,300,300,1,300,300,300,300,1.0,0.870710031809,62,33,62,0.923333333333,0.593333333333,1.0,-0.0,1,0,300,0,300,0,1.0,1.0,83100,6900,6600,83400,153000,180000,0.85,455,755,300,0.333333333333,300,1.0,483,403,1,374,483,403,368,0.983957219251,0.87113302628,62,33,62,0.679089026915,0.441687344913,1.0,-0.0,1,0,368,0,368,0,1.0,1.0,120704,57040,8096,140208,195776,326048,0.600451467269,522,874,352,0.280701754386,374,1.0,41,60,h120_donor_minus_receiver_support_frac
MOT20-02,63,347,477,2185,u_to_v,0.00764,0.00436,0.005232331887,mot20_02_r0063_347_477_f2185_u_to_v,2757,8,347,477,1,"{""477"": 8}",8,30,30,1,8,30,22,8,1.0,0.686233852512,128,141,128,1.0,1.0,1.0,-0.0,1,0,8,0,8,0,1.0,1.0,240,0,0,176,416,416,1.0,52,60,8,0.133333333333,8,1.0,60,60,1,8,60,52,8,1.0,0.686233852512,128,141,128,1.0,1.0,1.0,-0.0,1,0,8,0,8,0,1.0,1.0,480,0,0,416,896,896,1.0,112,120,8,0.066666666667,8,1.0,120,120,1,8,120,112,8,1.0,0.686233852512,128,141,128,1.0,1.0,1.0,-0.0,1,0,8,0,8,0,1.0,1.0,960,0,0,896,1856,1856,1.0,232,240,8,0.033333333333,8,1.0,300,300,1,8,289,277,8,1.0,0.686233852512,128,141,128,1.0,0.996389891697,1.0,-0.0,1,0,8,0,8,0,1.0,1.0,2312,0,0,2216,4528,4528,1.0,565,573,8,0.01393728223,8,1.0,949,585,1,8,861,552,8,1.0,0.686233852512,128,141,128,0.638792102207,0.949275362319,1.0,-0.0,1,0,8,0,8,0,1.0,1.0,4400,2488,176,4240,5976,11304,0.528662420382,1074,1082,8,0.005629838142,8,1.0,61,80,h120_donor_minus_receiver_support_frac
MOT20-02,86,233,249,1784,u_to_v,0.21713,0.10687,0.189017989411,mot20_02_r0086_233_249_f1784_u_to_v,1808,374,233,249,1,"{""249"": 374}",374,30,30,1,30,30,30,30,1.0,0.868627149917,33,62,62,0.733333333333,0.733333333333,1.0,-0.0,1,0,0,30,0,30,-1.0,-1.0,240,660,660,240,-840,1800,-0.466666666667,74,46,-28,-0.311111111111,30,1.0,60,60,1,60,60,60,60,1.0,0.86450652704,62,33,62,0.633333333333,0.633333333333,1.0,-0.0,1,0,60,0,60,0,1.0,1.0,2280,1320,1320,2280,1920,7200,0.266666666667,104,136,32,0.177777777778,60,1.0,120,120,1,120,120,120,120,1.0,0.870325567621,62,33,62,0.816666666667,0.816666666667,1.0,-0.0,1,0,120,0,120,0,1.0,1.0,11760,2640,2640,11760,18240,28800,0.633333333333,196,316,120,0.333333333333,120,1.0,300,300,1,300,300,300,300,1.0,0.870710031809,62,33,62,0.923333333333,0.593333333333,1.0,-0.0,1,0,300,0,300,0,1.0,1.0,83100,6900,6600,83400,153000,180000,0.85,455,755,300,0.333333333333,300,1.0,483,403,1,374,483,403,368,0.983957219251,0.87113302628,62,33,62,0.679089026915,0.441687344913,1.0,-0.0,1,0,368,0,368,0,1.0,1.0,120704,57040,8096,140208,195776,326048,0.600451467269,522,874,352,0.280701754386,374,1.0,81,100,h120_donor_minus_receiver_support_frac
MOT20-03,27,355,403,2122,v_to_u,0.00012,5.5e-05,0.000968377629,mot20_03_r0027_355_403_f2122_v_to_u,2127,24,403,355,1,"{""355"": 24}",24,30,30,1,24,29,30,3,0.125,0.745929006245,678,677,678,1.0,1.0,0.666666666667,0.636514168295,2,0,2,1,2,1,0.333333333333,0.333333333333,58,29,30,60,59,177,0.333333333333,60,61,1,0.016129032258,24,1.0,60,60,1,24,59,60,3,0.125,0.745929006245,678,677,678,1.0,1.0,0.666666666667,0.636514168295,2,0,2,1,2,1,0.333333333333,0.333333333333,118,59,60,120,119,357,0.333333333333,120,121,1,0.008196721311,24,1.0,120,120,1,24,119,120,3,0.125,0.745929006245,678,677,678,0.991596638655,0.675,0.666666666667,0.636514168295,2,0,2,1,2,1,0.333333333333,0.333333333333,236,121,83,277,309,717,0.430962343096,200,201,1,0.004132231405,24,1.0,300,300,1,24,299,300,3,0.125,0.745929006245,678,679,678,0.996655518395,0.726666666667,0.666666666667,0.636514168295,2,0,2,0,2,0,0.666666666667,0.666666666667,596,301,83,817,1029,1797,0.572621035058,516,518,2,0.003322259136,24,1.0,745,897,1,24,744,897,3,0.125,0.745929006245,678,679,678,0.990591397849,0.908584169454,0.666666666667,0.636514168295,2,0,2,0,2,0,0.666666666667,0.666666666667,1474,758,83,2608,3241,4923,0.658338411538,1552,1554,2,0.001216545012,24,1.0,21,40,h120_donor_minus_receiver_support_frac
MOT20-03,52,174,180,1198,v_to_u,0.0091,0.001957,0.0022595478,mot20_03_r0052_174_180_f1198_v_to_u,1203,19,180,174,1,"{""174"": 19}",19,30,30,1,19,30,30,19,1.0,0.756593415779,310,428,428,1.0,1.0,0.684210526316,0.623654849568,2,0,6,13,6,13,-0.368421052632,-0.368421052632,180,390,390,180,-420,1140,-0.368421052632,73,66,-7,-0.088607594937,19,1.0,60,60,1,19,60,60,19,1.0,0.756593415779,310,428,428,1.0,0.8,0.684210526316,0.623654849568,2,0,6,13,6,13,-0.368421052632,-0.368421052632,360,780,624,516,-528,2280,-0.231578947368,121,114,-7,-0.05035971223,19,1.0,120,120,1,19,120,120,19,1.0,0.756593415779,310,325,428,1.0,0.6,0.684210526316,0.623654849568,2,0,6,0,6,0,0.315789473684,0.315789473684,720,1560,624,1656,192,4560,0.042105263158,192,198,6,0.023166023166,19,1.0,300,300,1,19,300,300,19,1.0,0.756593415779,310,325,428,1.0,0.84,0.684210526316,0.623654849568,2,0,6,0,6,0,0.315789473684,0.315789473684,1800,3900,624,5076,2352,11400,0.206315789474,552,558,6,0.009693053312,19,1.0,636,656,1,19,635,656,19,1.0,0.756593415779,310,325,428,1.0,0.926829268293,0.684210526316,0.623654849568,2,0,6,0,6,0,0.315789473684,0.315789473684,3810,8255,624,11840,6771,24529,0.276040604998,1243,1249,6,0.004580152672,19,1.0,41,60,h120_donor_minus_receiver_support_frac
MOT20-03,73,302,322,1195,v_to_u,0.01164,0.005897,0.022595477999,mot20_03_r0073_302_322_f1195_v_to_u,1231,109,322,302,1,"{""302"": 109}",109,30,30,1,30,21,0,23,0.766666666667,0.799508747495,274,-1,276,1.0,,1.0,-0.0,1,0,0,0,0,0,0.0,0.0,0,483,0,0,-483,483,-1.0,44,23,-21,-0.477272727273,30,1.0,60,60,1,60,38,27,53,0.883333333333,0.814328322539,274,274,276,0.605263157895,1.0,1.0,-0.0,1,1,0,0,0,0,0.0,0.0,0,2014,0,1431,-583,3445,-0.169230769231,76,80,4,0.033898305085,60,1.0,73,120,1,109,51,87,87,0.798165137615,0.839101864922,277,274,276,0.470588235294,1.0,1.0,-0.0,1,0,0,0,0,0,0.0,0.0,0,4437,0,7569,3132,12006,0.260869565217,111,174,63,0.28,109,1.0,73,126,1,109,51,93,87,0.798165137615,0.839101864922,277,274,276,0.470588235294,1.0,1.0,-0.0,1,0,0,0,0,0,0.0,0.0,0,4437,0,8091,3654,12528,0.291666666667,117,180,63,0.272727272727,109,1.0,73,126,1,109,51,93,87,0.798165137615,0.839101864922,277,274,276,0.470588235294,1.0,1.0,-0.0,1,0,0,0,0,0,0.0,0.0,0,4437,0,8091,3654,12528,0.291666666667,117,180,63,0.272727272727,109,1.0,61,80,h120_donor_minus_receiver_support_frac
MOT20-03,87,433,458,2341,u_to_v,0.010515,0.005324,0.004841888143,mot20_03_r0087_433_458_f2341_u_to_v,2346,15,433,458,1,"{""458"": 15}",15,30,30,1,15,28,2,15,1.0,0.762633230399,236,236,236,1.0,1.0,1.0,-0.0,1,1,15,15,0,0,0.0,0.0,420,0,30,0,390,450,0.866666666667,28,43,15,0.333333333333,15,1.0,60,60,1,15,58,13,15,1.0,0.762633230399,236,646,236,1.0,0.846153846154,1.0,-0.0,1,0,15,0,15,0,1.0,1.0,870,0,30,165,1005,1065,0.943661971831,69,84,15,0.174418604651,15,1.0,120,120,1,15,118,73,15,1.0,0.762633230399,236,646,236,1.0,0.972602739726,1.0,-0.0,1,0,15,0,15,0,1.0,1.0,1770,0,30,1065,2805,2865,0.979057591623,189,204,15,0.072815533981,15,1.0,300,300,1,15,298,253,15,1.0,0.762633230399,236,646,236,1.0,0.99209486166,1.0,-0.0,1,0,15,0,15,0,1.0,1.0,4470,0,30,3765,8205,8265,0.992740471869,549,564,15,0.026501766784,15,1.0,867,808,1,15,865,761,15,1.0,0.762633230399,236,646,236,1.0,0.997371879106,1.0,-0.0,1,0,15,0,15,0,1.0,1.0,12975,0,30,11385,24330,24390,0.9975399754,1624,1639,15,0.009140767824,15,1.0,81,100,h120_donor_minus_receiver_support_frac
MOT20-05,24,1413,1421,2924,v_to_u,0.00062,0.000321,0.000155682004,mot20_05_r0024_1413_1421_f2924_v_to_u,2935,15,1421,1413,1,"{""1413"": 15}",15,30,30,1,15,29,30,1,0.066666666667,0.879422617792,601,598,601,0.620689655172,0.6,1.0,-0.0,1,0,1,0,1,0,1.0,1.0,18,11,12,18,13,59,0.220338983051,36,37,1,0.016666666667,15,1.0,60,60,1,15,59,60,1,0.066666666667,0.879422617792,601,598,601,0.813559322034,0.8,1.0,-0.0,1,0,1,0,1,0,1.0,1.0,48,11,12,48,73,119,0.613445378151,96,97,1,0.008333333333,15,1.0,120,120,1,15,119,120,1,0.066666666667,0.879422617792,601,598,601,0.90756302521,0.9,1.0,-0.0,1,0,1,0,1,0,1.0,1.0,108,11,12,108,193,239,0.807531380753,216,217,1,0.004166666667,15,1.0,300,300,1,15,295,300,1,0.066666666667,0.879422617792,601,598,601,0.962711864407,0.96,1.0,-0.0,1,0,1,0,1,0,1.0,1.0,284,11,12,288,549,595,0.92268907563,572,573,1,0.001677852349,15,1.0,301,324,1,15,296,324,1,0.066666666667,0.879422617792,601,598,601,0.962837837838,0.962962962963,1.0,-0.0,1,0,1,0,1,0,1.0,1.0,285,11,12,312,574,620,0.925806451613,597,598,1,0.001610305958,15,1.0,21,40,h120_donor_minus_receiver_support_frac
MOT20-05,50,879,1054,1998,u_to_v,0.018484,0.008761,0.011676150295,mot20_05_r0050_879_1054_f1998_u_to_v,2077,75,879,1054,1,"{""1054"": 75}",75,30,30,1,30,30,30,30,1.0,0.831905515321,1015,475,475,1.0,1.0,1.0,-0.0,1,0,0,30,0,30,-1.0,-1.0,0,900,900,0,-1800,1800,-1.0,90,60,-30,-0.333333333333,30,1.0,60,60,1,60,60,60,60,1.0,0.858302096118,1015,475,475,0.583333333333,1.0,1.0,-0.0,1,0,0,60,0,60,-1.0,-1.0,0,3600,3600,0,-7200,7200,-1.0,155,95,-60,-0.333333333333,60,1.0,120,120,1,75,120,120,75,1.0,0.86759402236,475,475,475,0.35,0.65,1.0,-0.0,1,1,75,75,0,0,0.0,0.0,3150,5850,5850,3150,-5400,18000,-0.3,188,158,-30,-0.095238095238,75,1.0,300,300,1,75,300,300,75,1.0,0.86759402236,475,467,475,0.74,0.736666666667,1.0,-0.0,1,0,75,0,75,0,1.0,1.0,16650,5850,5850,16650,21600,45000,0.48,443,518,75,0.111111111111,75,1.0,751,349,1,75,751,345,75,1.0,0.86759402236,475,467,475,0.896138482024,0.771014492754,1.0,-0.0,1,0,75,0,75,0,1.0,1.0,50475,5850,5850,20025,58800,82200,0.715328467153,939,1014,75,0.064047822374,75,1.0,41,60,h120_donor_minus_receiver_support_frac
MOT20-05,72,861,869,1906,v_to_u,0.003225,0.00112,0.000311364008,mot20_05_r0072_861_869_f1906_v_to_u,1915,75,869,861,1,"{""861"": 75}",75,30,30,1,30,25,30,28,0.933333333333,0.702846049082,969,967,968,0.88,0.733333333333,0.571428571429,0.992106827569,4,0,2,0,2,0,0.071428571429,0.071428571429,44,656,16,824,196,1540,0.127272727273,44,46,2,0.024096385542,30,1.0,60,60,1,60,55,60,58,0.966666666667,0.751475554052,969,967,965,0.945454545455,0.866666666667,0.672413793103,0.808259939581,4,0,2,0,2,0,0.034482758621,0.034482758621,104,3086,16,3464,466,6670,0.069865067466,104,106,2,0.011560693642,60,1.0,120,120,1,75,115,120,68,0.906666666667,0.763265553715,969,967,965,0.973913043478,0.933333333333,0.720588235294,0.7423472857,4,0,2,0,2,0,0.029411764706,0.029411764706,224,7596,16,8144,756,15980,0.047309136421,224,226,2,0.006600660066,75,1.0,300,300,1,75,295,300,68,0.906666666667,0.763265553715,969,967,965,0.989830508475,0.973333333333,0.720588235294,0.7423472857,4,0,2,0,2,0,0.029411764706,0.029411764706,584,19476,16,20384,1476,40460,0.036480474543,584,586,2,0.003016591252,75,1.0,617,631,1,75,612,631,68,0.906666666667,0.763265553715,969,967,965,0.995098039216,0.987321711569,0.720588235294,0.7423472857,4,0,2,0,2,0,0.029411764706,0.029411764706,1218,40398,16,42892,3696,84524,0.043727225403,1232,1234,2,0.001525553013,75,1.0,61,80,h120_donor_minus_receiver_support_frac
MOT20-05,89,137,142,158,u_to_v,0.00617,-0.00242,0.002490912063,mot20_05_r0089_137_142_f158_u_to_v,168,572,137,142,1,"{""142"": 572}",572,30,30,1,30,24,6,30,1.0,0.7914921728,170,170,170,1.0,1.0,1.0,-0.0,1,1,30,30,0,0,0.0,0.0,720,0,180,0,540,900,0.6,36,54,18,0.3,30,1.0,60,60,1,60,54,27,60,1.0,0.820913859088,170,169,170,1.0,0.777777777778,1.0,-0.0,1,0,60,0,60,0,1.0,1.0,3240,0,360,1260,4140,4860,0.851851851852,75,135,60,0.425531914894,60,1.0,120,120,1,120,114,86,120,1.0,0.804840204358,170,169,170,1.0,0.93023255814,1.0,-0.0,1,0,120,0,120,0,1.0,1.0,13680,0,720,9600,22560,24000,0.94,194,314,120,0.375,120,1.0,167,167,1,300,161,133,296,0.986666666667,0.806672936093,170,169,170,1.0,0.954887218045,0.844594594595,0.431971840459,2,0,250,46,250,46,0.689189189189,0.689189189189,40250,7406,7342,32026,57528,87024,0.661059018202,334,538,204,0.345762711864,300,1.0,167,167,1,572,161,133,557,0.973776223776,0.804669509832,170,169,169,1.0,0.954887218045,0.543985637343,0.726207166356,3,0,250,303,250,303,-0.095152603232,-0.095152603232,40250,49427,39981,34100,-15058,163758,-0.09195275956,591,538,-53,-0.062279670975,572,1.0,81,100,h120_donor_minus_receiver_support_frac
MOT20-01,37,20,27,70,v_to_u,0.83944,0.436431,0.173332313731,mot20_01_r0037_20_27_f70_v_to_u,83,347,27,20,1,"{""20"": 347}",347,30,30,1,30,30,30,30,1.0,0.80894454277,8,7,8,1.0,1.0,0.9,0.325082973391,2,0,27,3,27,3,0.8,0.8,810,90,90,810,1440,1800,0.8,63,87,24,0.266666666667,30,1.0,60,60,1,60,60,60,60,1.0,0.83731958848,8,7,8,1.0,1.0,0.85,0.51818621305,3,0,51,3,51,3,0.8,0.8,3060,540,180,3420,5760,7200,0.8,123,171,48,0.266666666667,60,1.0,82,82,1,120,82,82,120,1.0,0.850229876179,8,7,8,1.0,1.0,0.925,0.31412302589,3,0,111,3,111,3,0.9,0.9,9102,738,246,9594,17712,19680,0.9,167,275,108,0.380281690141,120,1.0,82,82,1,300,82,82,300,1.0,0.884379393102,8,7,8,1.0,1.0,0.97,0.153837593229,3,0,291,3,291,3,0.96,0.96,23862,738,246,24354,47232,49200,0.96,291,455,164,0.353448275862,300,1.0,82,82,1,347,82,82,347,1.0,0.888480013832,8,7,8,1.0,1.0,0.974063400576,0.136829372585,3,0,338,3,338,3,0.965417867435,0.965417867435,27716,738,246,28208,54940,56908,0.965417867435,338,502,164,0.320939334638,347,1.0,21,40,h120_pairwise_net_norm
MOT20-01,49,17,28,347,u_to_v,0.075333,0.046867,0.0,mot20_01_r0049_17_28_f347_u_to_v,348,82,17,28,1,"{""28"": 82}",82,30,30,1,30,30,27,26,0.866666666667,0.878066901315,30,28,52,1.0,0.962962962963,0.807692307692,0.489551893623,2,0,5,0,5,0,0.192307692308,0.192307692308,150,630,0,702,222,1482,0.14979757085,56,61,5,0.060240963855,30,1.0,60,60,1,60,58,57,56,0.933333333333,0.895178151517,30,28,52,1.0,0.982456140351,0.910714285714,0.300882104465,2,0,5,0,5,0,0.089285714286,0.089285714286,290,2958,0,3192,524,6440,0.081366459627,114,119,5,0.029239766082,60,1.0,120,120,1,82,118,117,78,0.951219512195,0.881958791002,30,28,52,0.516949152542,0.991452991453,0.935897435897,0.238109739946,2,0,5,0,5,0,0.064102564103,0.064102564103,305,8899,0,9126,532,18330,0.029023458811,177,189,12,0.038338658147,82,1.0,300,300,1,82,298,297,78,0.951219512195,0.881958791002,29,28,52,0.741610738255,0.996632996633,0.935897435897,0.238109739946,2,0,0,0,0,0,0.0,0.0,385,22859,0,23166,692,46410,0.014910579616,517,517,0,0.0,82,1.0,347,347,1,82,345,344,78,0.951219512195,0.881958791002,29,28,52,0.776811594203,0.997093023256,0.935897435897,0.238109739946,2,0,0,0,0,0,0.0,0.0,385,26525,0,26832,692,53742,0.012876335082,611,611,0,0.0,82,1.0,41,60,h120_pairwise_net_norm
MOT20-01,74,17,29,181,v_to_u,0.0829,0.040357,0.040784073819,mot20_01_r0074_17_29_f181_v_to_u,340,8,29,17,1,"{""17"": 8}",8,30,30,1,8,23,30,8,1.0,0.870533002732,29,30,30,1.0,1.0,1.0,-0.0,1,0,0,8,0,8,-1.0,-1.0,0,184,240,0,-424,424,-1.0,61,53,-8,-0.131147540984,8,1.0,60,60,1,8,53,58,8,1.0,0.870533002732,29,30,30,0.905660377358,0.913793103448,1.0,-0.0,1,0,0,8,0,8,-1.0,-1.0,40,384,424,40,-728,888,-0.81981981982,109,101,-8,-0.067226890756,8,1.0,120,120,1,8,113,118,8,1.0,0.870533002732,30,29,30,0.575221238938,0.550847457627,1.0,-0.0,1,0,8,0,8,0,1.0,1.0,520,384,424,520,232,1848,0.125541125541,130,138,8,0.033472803347,8,1.0,300,300,1,8,286,298,8,1.0,0.870533002732,30,29,30,0.786713286713,0.768456375839,1.0,-0.0,1,0,8,0,8,0,1.0,1.0,1800,488,552,1832,2592,4672,0.554794520548,454,462,8,0.013513513514,8,1.0,339,339,1,8,325,337,8,1.0,0.870533002732,30,29,30,0.812307692308,0.795252225519,1.0,-0.0,1,0,8,0,8,0,1.0,1.0,2112,488,552,2144,3216,5296,0.607250755287,532,540,8,0.011940298507,8,1.0,61,80,h120_pairwise_net_norm
MOT20-01,81,17,29,35,v_to_u,0.0829,0.040357,0.040784073819,mot20_01_r0081_17_29_f35_v_to_u,340,8,29,17,1,"{""17"": 8}",8,30,30,1,8,23,30,8,1.0,0.870533002732,29,30,30,1.0,1.0,1.0,-0.0,1,0,0,8,0,8,-1.0,-1.0,0,184,240,0,-424,424,-1.0,61,53,-8,-0.131147540984,8,1.0,60,60,1,8,53,58,8,1.0,0.870533002732,29,30,30,0.905660377358,0.913793103448,1.0,-0.0,1,0,0,8,0,8,-1.0,-1.0,40,384,424,40,-728,888,-0.81981981982,109,101,-8,-0.067226890756,8,1.0,120,120,1,8,113,118,8,1.0,0.870533002732,30,29,30,0.575221238938,0.550847457627,1.0,-0.0,1,0,8,0,8,0,1.0,1.0,520,384,424,520,232,1848,0.125541125541,130,138,8,0.033472803347,8,1.0,300,300,1,8,286,298,8,1.0,0.870533002732,30,29,30,0.786713286713,0.768456375839,1.0,-0.0,1,0,8,0,8,0,1.0,1.0,1800,488,552,1832,2592,4672,0.554794520548,454,462,8,0.013513513514,8,1.0,339,339,1,8,325,337,8,1.0,0.870533002732,30,29,30,0.812307692308,0.795252225519,1.0,-0.0,1,0,8,0,8,0,1.0,1.0,2112,488,552,2144,3216,5296,0.607250755287,532,540,8,0.011940298507,8,1.0,81,100,h120_pairwise_net_norm
MOT20-02,31,129,130,1047,v_to_u,0.005914,0.00325,0.003270207429,mot20_02_r0031_129_130_f1047_v_to_u,1067,6,130,129,1,"{""129"": 6}",6,30,30,1,6,30,30,6,1.0,0.67155966403,277,279,277,0.533333333333,0.933333333333,0.666666666667,0.867563228481,3,0,4,1,4,1,0.5,0.5,78,102,36,144,84,360,0.233333333333,45,48,3,0.045454545455,6,1.0,60,60,1,6,60,60,6,1.0,0.67155966403,277,279,277,0.766666666667,0.966666666667,0.666666666667,0.867563228481,3,0,4,1,4,1,0.5,0.5,198,162,66,294,264,720,0.366666666667,105,108,3,0.02380952381,6,1.0,120,120,1,6,120,120,6,1.0,0.67155966403,277,279,277,0.883333333333,0.983333333333,0.666666666667,0.867563228481,3,0,4,1,4,1,0.5,0.5,438,282,126,594,624,1440,0.433333333333,225,228,3,0.012195121951,6,1.0,300,300,1,6,300,300,6,1.0,0.67155966403,277,279,277,0.953333333333,0.993333333333,0.666666666667,0.867563228481,3,0,4,1,4,1,0.5,0.5,1158,642,306,1494,1704,3600,0.473333333333,585,588,3,0.00495049505,6,1.0,494,502,1,6,494,502,6,1.0,0.67155966403,277,279,277,0.971659919028,0.982071713147,0.666666666667,0.867563228481,3,0,4,1,4,1,0.5,0.5,1934,1030,529,2483,2858,5976,0.478246318608,974,977,3,0.002994011976,6,1.0,21,40,h120_pairwise_net_norm
MOT20-02,48,233,249,1540,u_to_v,0.21713,0.10687,0.189017989411,mot20_02_r0048_233_249_f1540_u_to_v,1808,374,233,249,1,"{""249"": 374}",374,30,30,1,30,30,30,30,1.0,0.868627149917,33,62,62,0.733333333333,0.733333333333,1.0,-0.0,1,0,0,30,0,30,-1.0,-1.0,240,660,660,240,-840,1800,-0.466666666667,74,46,-28,-0.311111111111,30,1.0,60,60,1,60,60,60,60,1.0,0.86450652704,62,33,62,0.633333333333,0.633333333333,1.0,-0.0,1,0,60,0,60,0,1.0,1.0,2280,1320,1320,2280,1920,7200,0.266666666667,104,136,32,0.177777777778,60,1.0,120,120,1,120,120,120,120,1.0,0.870325567621,62,33,62,0.816666666667,0.816666666667,1.0,-0.0,1,0,120,0,120,0,1.0,1.0,11760,2640,2640,11760,18240,28800,0.633333333333,196,316,120,0.333333333333,120,1.0,300,300,1,300,300,300,300,1.0,0.870710031809,62,33,62,0.923333333333,0.593333333333,1.0,-0.0,1,0,300,0,300,0,1.0,1.0,83100,6900,6600,83400,153000,180000,0.85,455,755,300,0.333333333333,300,1.0,483,403,1,374,483,403,368,0.983957219251,0.87113302628,62,33,62,0.679089026915,0.441687344913,1.0,-0.0,1,0,368,0,368,0,1.0,1.0,120704,57040,8096,140208,195776,326048,0.600451467269,522,874,352,0.280701754386,374,1.0,41,60,h120_pairwise_net_norm
MOT20-02,63,347,477,2185,u_to_v,0.00764,0.00436,0.005232331887,mot20_02_r0063_347_477_f2185_u_to_v,2757,8,347,477,1,"{""477"": 8}",8,30,30,1,8,30,22,8,1.0,0.686233852512,128,141,128,1.0,1.0,1.0,-0.0,1,0,8,0,8,0,1.0,1.0,240,0,0,176,416,416,1.0,52,60,8,0.133333333333,8,1.0,60,60,1,8,60,52,8,1.0,0.686233852512,128,141,128,1.0,1.0,1.0,-0.0,1,0,8,0,8,0,1.0,1.0,480,0,0,416,896,896,1.0,112,120,8,0.066666666667,8,1.0,120,120,1,8,120,112,8,1.0,0.686233852512,128,141,128,1.0,1.0,1.0,-0.0,1,0,8,0,8,0,1.0,1.0,960,0,0,896,1856,1856,1.0,232,240,8,0.033333333333,8,1.0,300,300,1,8,289,277,8,1.0,0.686233852512,128,141,128,1.0,0.996389891697,1.0,-0.0,1,0,8,0,8,0,1.0,1.0,2312,0,0,2216,4528,4528,1.0,565,573,8,0.01393728223,8,1.0,949,585,1,8,861,552,8,1.0,0.686233852512,128,141,128,0.638792102207,0.949275362319,1.0,-0.0,1,0,8,0,8,0,1.0,1.0,4400,2488,176,4240,5976,11304,0.528662420382,1074,1082,8,0.005629838142,8,1.0,61,80,h120_pairwise_net_norm
MOT20-02,92,270,341,2130,v_to_u,-0.00557,0.000435,-0.003924248915,mot20_02_r0092_270_341_f2130_v_to_u,2244,12,341,270,1,"{""270"": 12}",12,30,30,1,12,30,28,6,0.5,0.635064292649,187,107,187,1.0,1.0,1.0,-0.0,1,0,6,0,6,0,1.0,1.0,180,0,0,168,348,348,1.0,58,64,6,0.09375,12,1.0,60,60,1,12,60,58,6,0.5,0.635064292649,187,107,187,1.0,1.0,1.0,-0.0,1,0,6,0,6,0,1.0,1.0,360,0,0,348,708,708,1.0,118,124,6,0.048387096774,12,1.0,120,120,1,12,120,118,6,0.5,0.635064292649,187,107,187,1.0,1.0,1.0,-0.0,1,0,6,0,6,0,1.0,1.0,720,0,0,708,1428,1428,1.0,238,244,6,0.024590163934,12,1.0,300,300,1,12,300,283,6,0.5,0.635064292649,187,107,187,0.513333333333,0.957597173145,1.0,-0.0,1,0,6,0,6,0,1.0,1.0,924,876,0,1698,1746,3498,0.499142367067,425,431,6,0.010186757216,12,1.0,460,745,1,12,448,727,6,0.5,0.635064292649,81,187,187,0.524553571429,0.588720770289,1.0,-0.0,1,0,0,6,0,6,-1.0,-1.0,924,1764,2568,1794,-1614,7050,-0.228936170213,669,663,-6,-0.005080440305,12,1.0,81,100,h120_pairwise_net_norm
MOT20-03,27,355,403,2122,v_to_u,0.00012,5.5e-05,0.000968377629,mot20_03_r0027_355_403_f2122_v_to_u,2127,24,403,355,1,"{""355"": 24}",24,30,30,1,24,29,30,3,0.125,0.745929006245,678,677,678,1.0,1.0,0.666666666667,0.636514168295,2,0,2,1,2,1,0.333333333333,0.333333333333,58,29,30,60,59,177,0.333333333333,60,61,1,0.016129032258,24,1.0,60,60,1,24,59,60,3,0.125,0.745929006245,678,677,678,1.0,1.0,0.666666666667,0.636514168295,2,0,2,1,2,1,0.333333333333,0.333333333333,118,59,60,120,119,357,0.333333333333,120,121,1,0.008196721311,24,1.0,120,120,1,24,119,120,3,0.125,0.745929006245,678,677,678,0.991596638655,0.675,0.666666666667,0.636514168295,2,0,2,1,2,1,0.333333333333,0.333333333333,236,121,83,277,309,717,0.430962343096,200,201,1,0.004132231405,24,1.0,300,300,1,24,299,300,3,0.125,0.745929006245,678,679,678,0.996655518395,0.726666666667,0.666666666667,0.636514168295,2,0,2,0,2,0,0.666666666667,0.666666666667,596,301,83,817,1029,1797,0.572621035058,516,518,2,0.003322259136,24,1.0,745,897,1,24,744,897,3,0.125,0.745929006245,678,679,678,0.990591397849,0.908584169454,0.666666666667,0.636514168295,2,0,2,0,2,0,0.666666666667,0.666666666667,1474,758,83,2608,3241,4923,0.658338411538,1552,1554,2,0.001216545012,24,1.0,21,40,h120_pairwise_net_norm
MOT20-03,52,174,180,1198,v_to_u,0.0091,0.001957,0.0022595478,mot20_03_r0052_174_180_f1198_v_to_u,1203,19,180,174,1,"{""174"": 19}",19,30,30,1,19,30,30,19,1.0,0.756593415779,310,428,428,1.0,1.0,0.684210526316,0.623654849568,2,0,6,13,6,13,-0.368421052632,-0.368421052632,180,390,390,180,-420,1140,-0.368421052632,73,66,-7,-0.088607594937,19,1.0,60,60,1,19,60,60,19,1.0,0.756593415779,310,428,428,1.0,0.8,0.684210526316,0.623654849568,2,0,6,13,6,13,-0.368421052632,-0.368421052632,360,780,624,516,-528,2280,-0.231578947368,121,114,-7,-0.05035971223,19,1.0,120,120,1,19,120,120,19,1.0,0.756593415779,310,325,428,1.0,0.6,0.684210526316,0.623654849568,2,0,6,0,6,0,0.315789473684,0.315789473684,720,1560,624,1656,192,4560,0.042105263158,192,198,6,0.023166023166,19,1.0,300,300,1,19,300,300,19,1.0,0.756593415779,310,325,428,1.0,0.84,0.684210526316,0.623654849568,2,0,6,0,6,0,0.315789473684,0.315789473684,1800,3900,624,5076,2352,11400,0.206315789474,552,558,6,0.009693053312,19,1.0,636,656,1,19,635,656,19,1.0,0.756593415779,310,325,428,1.0,0.926829268293,0.684210526316,0.623654849568,2,0,6,0,6,0,0.315789473684,0.315789473684,3810,8255,624,11840,6771,24529,0.276040604998,1243,1249,6,0.004580152672,19,1.0,41,60,h120_pairwise_net_norm
MOT20-03,73,302,322,1195,v_to_u,0.01164,0.005897,0.022595477999,mot20_03_r0073_302_322_f1195_v_to_u,1231,109,322,302,1,"{""302"": 109}",109,30,30,1,30,21,0,23,0.766666666667,0.799508747495,274,-1,276,1.0,,1.0,-0.0,1,0,0,0,0,0,0.0,0.0,0,483,0,0,-483,483,-1.0,44,23,-21,-0.477272727273,30,1.0,60,60,1,60,38,27,53,0.883333333333,0.814328322539,274,274,276,0.605263157895,1.0,1.0,-0.0,1,1,0,0,0,0,0.0,0.0,0,2014,0,1431,-583,3445,-0.169230769231,76,80,4,0.033898305085,60,1.0,73,120,1,109,51,87,87,0.798165137615,0.839101864922,277,274,276,0.470588235294,1.0,1.0,-0.0,1,0,0,0,0,0,0.0,0.0,0,4437,0,7569,3132,12006,0.260869565217,111,174,63,0.28,109,1.0,73,126,1,109,51,93,87,0.798165137615,0.839101864922,277,274,276,0.470588235294,1.0,1.0,-0.0,1,0,0,0,0,0,0.0,0.0,0,4437,0,8091,3654,12528,0.291666666667,117,180,63,0.272727272727,109,1.0,73,126,1,109,51,93,87,0.798165137615,0.839101864922,277,274,276,0.470588235294,1.0,1.0,-0.0,1,0,0,0,0,0,0.0,0.0,0,4437,0,8091,3654,12528,0.291666666667,117,180,63,0.272727272727,109,1.0,61,80,h120_pairwise_net_norm
MOT20-03,87,433,458,2341,u_to_v,0.010515,0.005324,0.004841888143,mot20_03_r0087_433_458_f2341_u_to_v,2346,15,433,458,1,"{""458"": 15}",15,30,30,1,15,28,2,15,1.0,0.762633230399,236,236,236,1.0,1.0,1.0,-0.0,1,1,15,15,0,0,0.0,0.0,420,0,30,0,390,450,0.866666666667,28,43,15,0.333333333333,15,1.0,60,60,1,15,58,13,15,1.0,0.762633230399,236,646,236,1.0,0.846153846154,1.0,-0.0,1,0,15,0,15,0,1.0,1.0,870,0,30,165,1005,1065,0.943661971831,69,84,15,0.174418604651,15,1.0,120,120,1,15,118,73,15,1.0,0.762633230399,236,646,236,1.0,0.972602739726,1.0,-0.0,1,0,15,0,15,0,1.0,1.0,1770,0,30,1065,2805,2865,0.979057591623,189,204,15,0.072815533981,15,1.0,300,300,1,15,298,253,15,1.0,0.762633230399,236,646,236,1.0,0.99209486166,1.0,-0.0,1,0,15,0,15,0,1.0,1.0,4470,0,30,3765,8205,8265,0.992740471869,549,564,15,0.026501766784,15,1.0,867,808,1,15,865,761,15,1.0,0.762633230399,236,646,236,1.0,0.997371879106,1.0,-0.0,1,0,15,0,15,0,1.0,1.0,12975,0,30,11385,24330,24390,0.9975399754,1624,1639,15,0.009140767824,15,1.0,81,100,h120_pairwise_net_norm
MOT20-05,28,525,874,1582,v_to_u,0.0097,0.005942,0.005448870138,mot20_05_r0028_525_874_f1582_v_to_u,1583,52,874,525,1,"{""525"": 52}",52,30,30,1,30,30,27,30,1.0,0.788181715605,1075,1098,1075,0.866666666667,0.888888888889,1.0,-0.0,1,0,30,0,30,0,1.0,1.0,780,120,90,720,1290,1710,0.754385964912,50,80,30,0.344827586207,30,1.0,60,60,1,52,60,57,35,0.673076923077,0.792866344956,1075,1098,1075,0.933333333333,0.947368421053,1.0,-0.0,1,0,35,0,35,0,1.0,1.0,1960,140,105,1890,3605,4095,0.880341880342,110,145,35,0.230263157895,52,1.0,120,120,1,52,120,117,35,0.673076923077,0.792866344956,1075,1098,1075,0.966666666667,0.974358974359,1.0,-0.0,1,0,35,0,35,0,1.0,1.0,4060,140,105,3990,7805,8295,0.940928270042,230,265,35,0.128676470588,52,1.0,273,300,1,52,273,297,35,0.673076923077,0.792866344956,1075,1098,1075,0.985347985348,0.989898989899,1.0,-0.0,1,0,35,0,35,0,1.0,1.0,9415,140,105,10290,19460,19950,0.975438596491,563,598,35,0.057851239669,52,1.0,273,910,1,52,273,907,35,0.673076923077,0.792866344956,1075,1098,1075,0.985347985348,0.996692392503,1.0,-0.0,1,0,35,0,35,0,1.0,1.0,9415,140,105,31640,40810,41300,0.98813559322,1173,1208,35,0.028806584362,52,1.0,21,40,h120_pairwise_net_norm
MOT20-05,54,799,813,1690,v_to_u,0.015355,0.007516,0.009029556228,mot20_05_r0054_799_813_f1690_v_to_u,1759,75,813,796,1,"{""796"": 75}",75,30,30,1,30,29,30,30,1.0,0.84580237613,958,1053,1053,0.551724137931,1.0,1.0,-0.0,1,0,0,30,0,30,-1.0,-1.0,0,870,900,0,-1770,1770,-1.0,76,46,-30,-0.337078651685,30,1.0,60,60,1,60,59,60,60,1.0,0.827981777548,956,1053,1053,0.728813559322,1.0,0.766666666667,0.682869018673,3,0,0,46,0,46,-0.766666666667,-0.766666666667,0,3540,2760,840,-5460,7140,-0.764705882353,149,103,-46,-0.256983240223,60,1.0,120,120,1,75,119,120,64,0.853333333333,0.809627490831,956,1053,1053,0.470588235294,0.608333333333,0.75,0.727725954158,3,0,0,48,0,48,-0.75,-0.75,2256,5360,3504,4176,-2432,15296,-0.1589958159,177,142,-35,-0.115511551155,75,1.0,300,300,1,75,299,300,64,0.853333333333,0.809627490831,1053,956,1053,0.759197324415,0.756666666667,0.75,0.727725954158,3,0,48,0,48,0,0.75,0.75,10896,8240,3504,15696,14848,38336,0.387312186978,454,502,48,0.072398190045,75,1.0,570,598,1,75,569,597,64,0.853333333333,0.809627490831,1053,956,1053,0.873462214411,0.877721943049,0.75,0.727725954158,3,0,48,0,48,0,0.75,0.75,23856,12560,3504,34704,42496,74624,0.569468267581,1021,1069,48,0.039024390244,75,1.0,41,60,h120_pairwise_net_norm
MOT20-05,67,142,394,395,v_to_u,-0.00326,-0.002394,-0.008095464205,mot20_05_r0067_142_394_f395_v_to_u,408,332,393,142,1,"{""142"": 332}",332,24,30,1,30,4,26,30,1.0,0.819406027202,170,170,169,1.0,1.0,0.533333333333,0.690923309314,2,1,14,14,0,0,0.0,0.0,56,64,364,416,44,900,0.048888888889,40,42,2,0.033333333333,30,1.0,24,60,1,60,4,56,60,1.0,0.863196583117,170,170,169,1.0,1.0,0.766666666667,0.543272781337,2,1,14,14,0,0,0.0,0.0,56,184,784,2576,1664,3600,0.462222222222,70,102,32,0.266666666667,60,1.0,24,120,1,120,4,116,120,1.0,0.876472073444,170,170,169,1.0,1.0,0.883333333333,0.360230521195,2,1,14,14,0,0,0.0,0.0,56,424,1624,12296,10304,14400,0.715555555556,130,222,92,0.383333333333,120,1.0,24,300,1,300,4,263,300,1.0,0.816052393367,170,170,169,1.0,0.920152091255,0.953333333333,0.188580939626,2,1,14,14,0,0,0.0,0.0,56,1144,9394,69506,59024,80100,0.736878901373,311,528,217,0.382716049383,300,1.0,24,407,1,332,4,369,321,0.96686746988,0.813761753519,170,170,169,1.0,0.655826558266,0.943925233645,0.245730780051,3,1,14,14,0,0,0.0,0.0,56,1228,41869,76580,33539,119733,0.280114922369,434,545,111,0.159942363112,332,1.0,61,80,h120_pairwise_net_norm
MOT20-05,89,137,142,158,u_to_v,0.00617,-0.00242,0.002490912063,mot20_05_r0089_137_142_f158_u_to_v,168,572,137,142,1,"{""142"": 572}",572,30,30,1,30,24,6,30,1.0,0.7914921728,170,170,170,1.0,1.0,1.0,-0.0,1,1,30,30,0,0,0.0,0.0,720,0,180,0,540,900,0.6,36,54,18,0.3,30,1.0,60,60,1,60,54,27,60,1.0,0.820913859088,170,169,170,1.0,0.777777777778,1.0,-0.0,1,0,60,0,60,0,1.0,1.0,3240,0,360,1260,4140,4860,0.851851851852,75,135,60,0.425531914894,60,1.0,120,120,1,120,114,86,120,1.0,0.804840204358,170,169,170,1.0,0.93023255814,1.0,-0.0,1,0,120,0,120,0,1.0,1.0,13680,0,720,9600,22560,24000,0.94,194,314,120,0.375,120,1.0,167,167,1,300,161,133,296,0.986666666667,0.806672936093,170,169,170,1.0,0.954887218045,0.844594594595,0.431971840459,2,0,250,46,250,46,0.689189189189,0.689189189189,40250,7406,7342,32026,57528,87024,0.661059018202,334,538,204,0.345762711864,300,1.0,167,167,1,572,161,133,557,0.973776223776,0.804669509832,170,169,169,1.0,0.954887218045,0.543985637343,0.726207166356,3,0,250,303,250,303,-0.095152603232,-0.095152603232,40250,49427,39981,34100,-15058,163758,-0.09195275956,591,538,-53,-0.062279670975,572,1.0,81,100,h120_pairwise_net_norm
MOT20-01,37,20,27,70,v_to_u,0.83944,0.436431,0.173332313731,mot20_01_r0037_20_27_f70_v_to_u,83,347,27,20,1,"{""20"": 347}",347,30,30,1,30,30,30,30,1.0,0.80894454277,8,7,8,1.0,1.0,0.9,0.325082973391,2,0,27,3,27,3,0.8,0.8,810,90,90,810,1440,1800,0.8,63,87,24,0.266666666667,30,1.0,60,60,1,60,60,60,60,1.0,0.83731958848,8,7,8,1.0,1.0,0.85,0.51818621305,3,0,51,3,51,3,0.8,0.8,3060,540,180,3420,5760,7200,0.8,123,171,48,0.266666666667,60,1.0,82,82,1,120,82,82,120,1.0,0.850229876179,8,7,8,1.0,1.0,0.925,0.31412302589,3,0,111,3,111,3,0.9,0.9,9102,738,246,9594,17712,19680,0.9,167,275,108,0.380281690141,120,1.0,82,82,1,300,82,82,300,1.0,0.884379393102,8,7,8,1.0,1.0,0.97,0.153837593229,3,0,291,3,291,3,0.96,0.96,23862,738,246,24354,47232,49200,0.96,291,455,164,0.353448275862,300,1.0,82,82,1,347,82,82,347,1.0,0.888480013832,8,7,8,1.0,1.0,0.974063400576,0.136829372585,3,0,338,3,338,3,0.965417867435,0.965417867435,27716,738,246,28208,54940,56908,0.965417867435,338,502,164,0.320939334638,347,1.0,21,40,h120_idtp_delta_norm
MOT20-01,49,17,28,347,u_to_v,0.075333,0.046867,0.0,mot20_01_r0049_17_28_f347_u_to_v,348,82,17,28,1,"{""28"": 82}",82,30,30,1,30,30,27,26,0.866666666667,0.878066901315,30,28,52,1.0,0.962962962963,0.807692307692,0.489551893623,2,0,5,0,5,0,0.192307692308,0.192307692308,150,630,0,702,222,1482,0.14979757085,56,61,5,0.060240963855,30,1.0,60,60,1,60,58,57,56,0.933333333333,0.895178151517,30,28,52,1.0,0.982456140351,0.910714285714,0.300882104465,2,0,5,0,5,0,0.089285714286,0.089285714286,290,2958,0,3192,524,6440,0.081366459627,114,119,5,0.029239766082,60,1.0,120,120,1,82,118,117,78,0.951219512195,0.881958791002,30,28,52,0.516949152542,0.991452991453,0.935897435897,0.238109739946,2,0,5,0,5,0,0.064102564103,0.064102564103,305,8899,0,9126,532,18330,0.029023458811,177,189,12,0.038338658147,82,1.0,300,300,1,82,298,297,78,0.951219512195,0.881958791002,29,28,52,0.741610738255,0.996632996633,0.935897435897,0.238109739946,2,0,0,0,0,0,0.0,0.0,385,22859,0,23166,692,46410,0.014910579616,517,517,0,0.0,82,1.0,347,347,1,82,345,344,78,0.951219512195,0.881958791002,29,28,52,0.776811594203,0.997093023256,0.935897435897,0.238109739946,2,0,0,0,0,0,0.0,0.0,385,26525,0,26832,692,53742,0.012876335082,611,611,0,0.0,82,1.0,41,60,h120_idtp_delta_norm
MOT20-01,74,17,29,181,v_to_u,0.0829,0.040357,0.040784073819,mot20_01_r0074_17_29_f181_v_to_u,340,8,29,17,1,"{""17"": 8}",8,30,30,1,8,23,30,8,1.0,0.870533002732,29,30,30,1.0,1.0,1.0,-0.0,1,0,0,8,0,8,-1.0,-1.0,0,184,240,0,-424,424,-1.0,61,53,-8,-0.131147540984,8,1.0,60,60,1,8,53,58,8,1.0,0.870533002732,29,30,30,0.905660377358,0.913793103448,1.0,-0.0,1,0,0,8,0,8,-1.0,-1.0,40,384,424,40,-728,888,-0.81981981982,109,101,-8,-0.067226890756,8,1.0,120,120,1,8,113,118,8,1.0,0.870533002732,30,29,30,0.575221238938,0.550847457627,1.0,-0.0,1,0,8,0,8,0,1.0,1.0,520,384,424,520,232,1848,0.125541125541,130,138,8,0.033472803347,8,1.0,300,300,1,8,286,298,8,1.0,0.870533002732,30,29,30,0.786713286713,0.768456375839,1.0,-0.0,1,0,8,0,8,0,1.0,1.0,1800,488,552,1832,2592,4672,0.554794520548,454,462,8,0.013513513514,8,1.0,339,339,1,8,325,337,8,1.0,0.870533002732,30,29,30,0.812307692308,0.795252225519,1.0,-0.0,1,0,8,0,8,0,1.0,1.0,2112,488,552,2144,3216,5296,0.607250755287,532,540,8,0.011940298507,8,1.0,61,80,h120_idtp_delta_norm
MOT20-01,85,17,28,343,u_to_v,0.075333,0.046867,0.0,mot20_01_r0085_17_28_f343_u_to_v,348,82,17,28,1,"{""28"": 82}",82,30,30,1,30,30,27,26,0.866666666667,0.878066901315,30,28,52,1.0,0.962962962963,0.807692307692,0.489551893623,2,0,5,0,5,0,0.192307692308,0.192307692308,150,630,0,702,222,1482,0.14979757085,56,61,5,0.060240963855,30,1.0,60,60,1,60,58,57,56,0.933333333333,0.895178151517,30,28,52,1.0,0.982456140351,0.910714285714,0.300882104465,2,0,5,0,5,0,0.089285714286,0.089285714286,290,2958,0,3192,524,6440,0.081366459627,114,119,5,0.029239766082,60,1.0,120,120,1,82,118,117,78,0.951219512195,0.881958791002,30,28,52,0.516949152542,0.991452991453,0.935897435897,0.238109739946,2,0,5,0,5,0,0.064102564103,0.064102564103,305,8899,0,9126,532,18330,0.029023458811,177,189,12,0.038338658147,82,1.0,300,300,1,82,298,297,78,0.951219512195,0.881958791002,29,28,52,0.741610738255,0.996632996633,0.935897435897,0.238109739946,2,0,0,0,0,0,0.0,0.0,385,22859,0,23166,692,46410,0.014910579616,517,517,0,0.0,82,1.0,347,347,1,82,345,344,78,0.951219512195,0.881958791002,29,28,52,0.776811594203,0.997093023256,0.935897435897,0.238109739946,2,0,0,0,0,0,0.0,0.0,385,26525,0,26832,692,53742,0.012876335082,611,611,0,0.0,82,1.0,81,100,h120_idtp_delta_norm
MOT20-02,34,310,453,2119,u_to_v,0.004084,0.00223,-0.003924248915,mot20_02_r0034_310_453_f2119_u_to_v,2131,68,440,453,1,"{""453"": 68}",68,30,30,1,30,21,30,30,1.0,0.882888887105,180,78,78,0.619047619048,0.666666666667,1.0,-0.0,1,0,0,30,0,30,-1.0,-1.0,240,390,600,300,-450,1530,-0.294117647059,63,46,-17,-0.20987654321,30,1.0,60,37,1,60,51,37,60,1.0,0.885726690694,78,78,78,0.666666666667,0.540540540541,1.0,-0.0,1,1,60,60,0,0,0.0,0.0,2040,1020,1200,1020,840,5280,0.159090909091,97,109,12,0.081081081081,60,1.0,61,37,1,68,52,37,66,0.970588235294,0.883394695159,78,78,78,0.673076923077,0.540540540541,1.0,-0.0,1,1,66,66,0,0,0.0,0.0,2310,1122,1320,1122,990,5874,0.168539325843,103,116,13,0.083870967742,68,1.0,61,37,1,68,52,37,66,0.970588235294,0.883394695159,78,78,78,0.673076923077,0.540540540541,1.0,-0.0,1,1,66,66,0,0,0.0,0.0,2310,1122,1320,1122,990,5874,0.168539325843,103,116,13,0.083870967742,68,1.0,61,37,1,68,52,37,66,0.970588235294,0.883394695159,78,78,78,0.673076923077,0.540540540541,1.0,-0.0,1,1,66,66,0,0,0.0,0.0,2310,1122,1320,1122,990,5874,0.168539325843,103,116,13,0.083870967742,68,1.0,21,40,h120_idtp_delta_norm
MOT20-02,48,233,249,1540,u_to_v,0.21713,0.10687,0.189017989411,mot20_02_r0048_233_249_f1540_u_to_v,1808,374,233,249,1,"{""249"": 374}",374,30,30,1,30,30,30,30,1.0,0.868627149917,33,62,62,0.733333333333,0.733333333333,1.0,-0.0,1,0,0,30,0,30,-1.0,-1.0,240,660,660,240,-840,1800,-0.466666666667,74,46,-28,-0.311111111111,30,1.0,60,60,1,60,60,60,60,1.0,0.86450652704,62,33,62,0.633333333333,0.633333333333,1.0,-0.0,1,0,60,0,60,0,1.0,1.0,2280,1320,1320,2280,1920,7200,0.266666666667,104,136,32,0.177777777778,60,1.0,120,120,1,120,120,120,120,1.0,0.870325567621,62,33,62,0.816666666667,0.816666666667,1.0,-0.0,1,0,120,0,120,0,1.0,1.0,11760,2640,2640,11760,18240,28800,0.633333333333,196,316,120,0.333333333333,120,1.0,300,300,1,300,300,300,300,1.0,0.870710031809,62,33,62,0.923333333333,0.593333333333,1.0,-0.0,1,0,300,0,300,0,1.0,1.0,83100,6900,6600,83400,153000,180000,0.85,455,755,300,0.333333333333,300,1.0,483,403,1,374,483,403,368,0.983957219251,0.87113302628,62,33,62,0.679089026915,0.441687344913,1.0,-0.0,1,0,368,0,368,0,1.0,1.0,120704,57040,8096,140208,195776,326048,0.600451467269,522,874,352,0.280701754386,374,1.0,41,60,h120_idtp_delta_norm
MOT20-02,77,104,117,513,v_to_u,0.015433,0.00826,-0.010464663774,mot20_02_r0077_104_117_f513_v_to_u,514,617,117,104,1,"{""104"": 617}",617,1,30,1,30,1,29,30,1.0,0.918382229372,276,276,276,1.0,0.551724137931,1.0,-0.0,1,1,30,30,0,0,0.0,0.0,30,0,480,390,-60,900,-0.066666666667,46,41,-5,-0.083333333333,30,1.0,1,60,1,60,1,59,60,1.0,0.900825592477,276,55,276,1.0,0.661016949153,1.0,-0.0,1,0,60,0,60,0,1.0,1.0,60,0,960,2580,1680,3600,0.466666666667,76,100,24,0.2,60,1.0,1,86,1,120,1,85,120,1.0,0.854508086107,276,55,276,1.0,0.6,1.0,-0.0,1,0,120,0,120,0,1.0,1.0,120,0,1920,8280,6480,10320,0.627906976744,136,172,36,0.174757281553,120,1.0,1,86,1,300,1,85,300,1.0,0.866772477041,276,55,276,1.0,0.6,1.0,-0.0,1,0,300,0,300,0,1.0,1.0,300,0,4800,20700,16200,25800,0.627906976744,316,352,36,0.093264248705,300,1.0,1,86,1,617,1,85,589,0.954619124797,0.854583981244,276,55,276,1.0,0.6,1.0,-0.0,1,0,589,0,589,0,1.0,1.0,589,0,9424,40641,31806,50654,0.627906976744,605,641,36,0.053333333333,617,1.0,61,80,h120_idtp_delta_norm
MOT20-02,86,233,249,1784,u_to_v,0.21713,0.10687,0.189017989411,mot20_02_r0086_233_249_f1784_u_to_v,1808,374,233,249,1,"{""249"": 374}",374,30,30,1,30,30,30,30,1.0,0.868627149917,33,62,62,0.733333333333,0.733333333333,1.0,-0.0,1,0,0,30,0,30,-1.0,-1.0,240,660,660,240,-840,1800,-0.466666666667,74,46,-28,-0.311111111111,30,1.0,60,60,1,60,60,60,60,1.0,0.86450652704,62,33,62,0.633333333333,0.633333333333,1.0,-0.0,1,0,60,0,60,0,1.0,1.0,2280,1320,1320,2280,1920,7200,0.266666666667,104,136,32,0.177777777778,60,1.0,120,120,1,120,120,120,120,1.0,0.870325567621,62,33,62,0.816666666667,0.816666666667,1.0,-0.0,1,0,120,0,120,0,1.0,1.0,11760,2640,2640,11760,18240,28800,0.633333333333,196,316,120,0.333333333333,120,1.0,300,300,1,300,300,300,300,1.0,0.870710031809,62,33,62,0.923333333333,0.593333333333,1.0,-0.0,1,0,300,0,300,0,1.0,1.0,83100,6900,6600,83400,153000,180000,0.85,455,755,300,0.333333333333,300,1.0,483,403,1,374,483,403,368,0.983957219251,0.87113302628,62,33,62,0.679089026915,0.441687344913,1.0,-0.0,1,0,368,0,368,0,1.0,1.0,120704,57040,8096,140208,195776,326048,0.600451467269,522,874,352,0.280701754386,374,1.0,81,100,h120_idtp_delta_norm
MOT20-03,27,355,403,2122,v_to_u,0.00012,5.5e-05,0.000968377629,mot20_03_r0027_355_403_f2122_v_to_u,2127,24,403,355,1,"{""355"": 24}",24,30,30,1,24,29,30,3,0.125,0.745929006245,678,677,678,1.0,1.0,0.666666666667,0.636514168295,2,0,2,1,2,1,0.333333333333,0.333333333333,58,29,30,60,59,177,0.333333333333,60,61,1,0.016129032258,24,1.0,60,60,1,24,59,60,3,0.125,0.745929006245,678,677,678,1.0,1.0,0.666666666667,0.636514168295,2,0,2,1,2,1,0.333333333333,0.333333333333,118,59,60,120,119,357,0.333333333333,120,121,1,0.008196721311,24,1.0,120,120,1,24,119,120,3,0.125,0.745929006245,678,677,678,0.991596638655,0.675,0.666666666667,0.636514168295,2,0,2,1,2,1,0.333333333333,0.333333333333,236,121,83,277,309,717,0.430962343096,200,201,1,0.004132231405,24,1.0,300,300,1,24,299,300,3,0.125,0.745929006245,678,679,678,0.996655518395,0.726666666667,0.666666666667,0.636514168295,2,0,2,0,2,0,0.666666666667,0.666666666667,596,301,83,817,1029,1797,0.572621035058,516,518,2,0.003322259136,24,1.0,745,897,1,24,744,897,3,0.125,0.745929006245,678,679,678,0.990591397849,0.908584169454,0.666666666667,0.636514168295,2,0,2,0,2,0,0.666666666667,0.666666666667,1474,758,83,2608,3241,4923,0.658338411538,1552,1554,2,0.001216545012,24,1.0,21,40,h120_idtp_delta_norm
MOT20-03,52,174,180,1198,v_to_u,0.0091,0.001957,0.0022595478,mot20_03_r0052_174_180_f1198_v_to_u,1203,19,180,174,1,"{""174"": 19}",19,30,30,1,19,30,30,19,1.0,0.756593415779,310,428,428,1.0,1.0,0.684210526316,0.623654849568,2,0,6,13,6,13,-0.368421052632,-0.368421052632,180,390,390,180,-420,1140,-0.368421052632,73,66,-7,-0.088607594937,19,1.0,60,60,1,19,60,60,19,1.0,0.756593415779,310,428,428,1.0,0.8,0.684210526316,0.623654849568,2,0,6,13,6,13,-0.368421052632,-0.368421052632,360,780,624,516,-528,2280,-0.231578947368,121,114,-7,-0.05035971223,19,1.0,120,120,1,19,120,120,19,1.0,0.756593415779,310,325,428,1.0,0.6,0.684210526316,0.623654849568,2,0,6,0,6,0,0.315789473684,0.315789473684,720,1560,624,1656,192,4560,0.042105263158,192,198,6,0.023166023166,19,1.0,300,300,1,19,300,300,19,1.0,0.756593415779,310,325,428,1.0,0.84,0.684210526316,0.623654849568,2,0,6,0,6,0,0.315789473684,0.315789473684,1800,3900,624,5076,2352,11400,0.206315789474,552,558,6,0.009693053312,19,1.0,636,656,1,19,635,656,19,1.0,0.756593415779,310,325,428,1.0,0.926829268293,0.684210526316,0.623654849568,2,0,6,0,6,0,0.315789473684,0.315789473684,3810,8255,624,11840,6771,24529,0.276040604998,1243,1249,6,0.004580152672,19,1.0,41,60,h120_idtp_delta_norm
MOT20-03,73,302,322,1195,v_to_u,0.01164,0.005897,0.022595477999,mot20_03_r0073_302_322_f1195_v_to_u,1231,109,322,302,1,"{""302"": 109}",109,30,30,1,30,21,0,23,0.766666666667,0.799508747495,274,-1,276,1.0,,1.0,-0.0,1,0,0,0,0,0,0.0,0.0,0,483,0,0,-483,483,-1.0,44,23,-21,-0.477272727273,30,1.0,60,60,1,60,38,27,53,0.883333333333,0.814328322539,274,274,276,0.605263157895,1.0,1.0,-0.0,1,1,0,0,0,0,0.0,0.0,0,2014,0,1431,-583,3445,-0.169230769231,76,80,4,0.033898305085,60,1.0,73,120,1,109,51,87,87,0.798165137615,0.839101864922,277,274,276,0.470588235294,1.0,1.0,-0.0,1,0,0,0,0,0,0.0,0.0,0,4437,0,7569,3132,12006,0.260869565217,111,174,63,0.28,109,1.0,73,126,1,109,51,93,87,0.798165137615,0.839101864922,277,274,276,0.470588235294,1.0,1.0,-0.0,1,0,0,0,0,0,0.0,0.0,0,4437,0,8091,3654,12528,0.291666666667,117,180,63,0.272727272727,109,1.0,73,126,1,109,51,93,87,0.798165137615,0.839101864922,277,274,276,0.470588235294,1.0,1.0,-0.0,1,0,0,0,0,0,0.0,0.0,0,4437,0,8091,3654,12528,0.291666666667,117,180,63,0.272727272727,109,1.0,61,80,h120_idtp_delta_norm
MOT20-03,87,433,458,2341,u_to_v,0.010515,0.005324,0.004841888143,mot20_03_r0087_433_458_f2341_u_to_v,2346,15,433,458,1,"{""458"": 15}",15,30,30,1,15,28,2,15,1.0,0.762633230399,236,236,236,1.0,1.0,1.0,-0.0,1,1,15,15,0,0,0.0,0.0,420,0,30,0,390,450,0.866666666667,28,43,15,0.333333333333,15,1.0,60,60,1,15,58,13,15,1.0,0.762633230399,236,646,236,1.0,0.846153846154,1.0,-0.0,1,0,15,0,15,0,1.0,1.0,870,0,30,165,1005,1065,0.943661971831,69,84,15,0.174418604651,15,1.0,120,120,1,15,118,73,15,1.0,0.762633230399,236,646,236,1.0,0.972602739726,1.0,-0.0,1,0,15,0,15,0,1.0,1.0,1770,0,30,1065,2805,2865,0.979057591623,189,204,15,0.072815533981,15,1.0,300,300,1,15,298,253,15,1.0,0.762633230399,236,646,236,1.0,0.99209486166,1.0,-0.0,1,0,15,0,15,0,1.0,1.0,4470,0,30,3765,8205,8265,0.992740471869,549,564,15,0.026501766784,15,1.0,867,808,1,15,865,761,15,1.0,0.762633230399,236,646,236,1.0,0.997371879106,1.0,-0.0,1,0,15,0,15,0,1.0,1.0,12975,0,30,11385,24330,24390,0.9975399754,1624,1639,15,0.009140767824,15,1.0,81,100,h120_idtp_delta_norm
MOT20-05,28,525,874,1582,v_to_u,0.0097,0.005942,0.005448870138,mot20_05_r0028_525_874_f1582_v_to_u,1583,52,874,525,1,"{""525"": 52}",52,30,30,1,30,30,27,30,1.0,0.788181715605,1075,1098,1075,0.866666666667,0.888888888889,1.0,-0.0,1,0,30,0,30,0,1.0,1.0,780,120,90,720,1290,1710,0.754385964912,50,80,30,0.344827586207,30,1.0,60,60,1,52,60,57,35,0.673076923077,0.792866344956,1075,1098,1075,0.933333333333,0.947368421053,1.0,-0.0,1,0,35,0,35,0,1.0,1.0,1960,140,105,1890,3605,4095,0.880341880342,110,145,35,0.230263157895,52,1.0,120,120,1,52,120,117,35,0.673076923077,0.792866344956,1075,1098,1075,0.966666666667,0.974358974359,1.0,-0.0,1,0,35,0,35,0,1.0,1.0,4060,140,105,3990,7805,8295,0.940928270042,230,265,35,0.128676470588,52,1.0,273,300,1,52,273,297,35,0.673076923077,0.792866344956,1075,1098,1075,0.985347985348,0.989898989899,1.0,-0.0,1,0,35,0,35,0,1.0,1.0,9415,140,105,10290,19460,19950,0.975438596491,563,598,35,0.057851239669,52,1.0,273,910,1,52,273,907,35,0.673076923077,0.792866344956,1075,1098,1075,0.985347985348,0.996692392503,1.0,-0.0,1,0,35,0,35,0,1.0,1.0,9415,140,105,31640,40810,41300,0.98813559322,1173,1208,35,0.028806584362,52,1.0,21,40,h120_idtp_delta_norm
MOT20-05,57,1054,1150,1952,v_to_u,-4.7e-05,-2.4e-05,0.0,mot20_05_r0057_1054_1150_f1952_v_to_u,2148,4,1150,1054,1,"{""1054"": 4}",4,30,30,1,4,0,30,4,1.0,0.885701705568,-1,475,475,,1.0,1.0,-0.0,1,0,0,4,0,0,0.0,-1.0,0,0,120,0,-120,120,-1.0,34,30,-4,-0.117647058824,4,1.0,60,60,1,4,25,60,4,1.0,0.885701705568,478,475,475,1.0,1.0,1.0,-0.0,1,0,0,4,0,4,-1.0,-1.0,0,100,240,0,-340,340,-1.0,89,85,-4,-0.044943820225,4,1.0,120,120,1,4,85,120,4,1.0,0.885701705568,478,475,475,1.0,1.0,1.0,-0.0,1,0,0,4,0,4,-1.0,-1.0,0,340,480,0,-820,820,-1.0,209,205,-4,-0.019138755981,4,1.0,220,300,1,4,182,300,4,1.0,0.885701705568,478,467,475,1.0,0.5,1.0,-0.0,1,0,0,0,0,0,0.0,0.0,0,728,596,604,-720,1928,-0.373443983402,335,332,-3,-0.006172839506,4,1.0,220,420,1,4,182,416,4,1.0,0.885701705568,478,467,475,1.0,0.639423076923,1.0,-0.0,1,0,0,0,0,0,0.0,0.0,0,728,596,1068,-256,2392,-0.107023411371,448,448,0,0.0,4,1.0,41,60,h120_idtp_delta_norm
MOT20-05,67,142,394,395,v_to_u,-0.00326,-0.002394,-0.008095464205,mot20_05_r0067_142_394_f395_v_to_u,408,332,393,142,1,"{""142"": 332}",332,24,30,1,30,4,26,30,1.0,0.819406027202,170,170,169,1.0,1.0,0.533333333333,0.690923309314,2,1,14,14,0,0,0.0,0.0,56,64,364,416,44,900,0.048888888889,40,42,2,0.033333333333,30,1.0,24,60,1,60,4,56,60,1.0,0.863196583117,170,170,169,1.0,1.0,0.766666666667,0.543272781337,2,1,14,14,0,0,0.0,0.0,56,184,784,2576,1664,3600,0.462222222222,70,102,32,0.266666666667,60,1.0,24,120,1,120,4,116,120,1.0,0.876472073444,170,170,169,1.0,1.0,0.883333333333,0.360230521195,2,1,14,14,0,0,0.0,0.0,56,424,1624,12296,10304,14400,0.715555555556,130,222,92,0.383333333333,120,1.0,24,300,1,300,4,263,300,1.0,0.816052393367,170,170,169,1.0,0.920152091255,0.953333333333,0.188580939626,2,1,14,14,0,0,0.0,0.0,56,1144,9394,69506,59024,80100,0.736878901373,311,528,217,0.382716049383,300,1.0,24,407,1,332,4,369,321,0.96686746988,0.813761753519,170,170,169,1.0,0.655826558266,0.943925233645,0.245730780051,3,1,14,14,0,0,0.0,0.0,56,1228,41869,76580,33539,119733,0.280114922369,434,545,111,0.159942363112,332,1.0,61,80,h120_idtp_delta_norm
MOT20-05,89,137,142,158,u_to_v,0.00617,-0.00242,0.002490912063,mot20_05_r0089_137_142_f158_u_to_v,168,572,137,142,1,"{""142"": 572}",572,30,30,1,30,24,6,30,1.0,0.7914921728,170,170,170,1.0,1.0,1.0,-0.0,1,1,30,30,0,0,0.0,0.0,720,0,180,0,540,900,0.6,36,54,18,0.3,30,1.0,60,60,1,60,54,27,60,1.0,0.820913859088,170,169,170,1.0,0.777777777778,1.0,-0.0,1,0,60,0,60,0,1.0,1.0,3240,0,360,1260,4140,4860,0.851851851852,75,135,60,0.425531914894,60,1.0,120,120,1,120,114,86,120,1.0,0.804840204358,170,169,170,1.0,0.93023255814,1.0,-0.0,1,0,120,0,120,0,1.0,1.0,13680,0,720,9600,22560,24000,0.94,194,314,120,0.375,120,1.0,167,167,1,300,161,133,296,0.986666666667,0.806672936093,170,169,170,1.0,0.954887218045,0.844594594595,0.431971840459,2,0,250,46,250,46,0.689189189189,0.689189189189,40250,7406,7342,32026,57528,87024,0.661059018202,334,538,204,0.345762711864,300,1.0,167,167,1,572,161,133,557,0.973776223776,0.804669509832,170,169,169,1.0,0.954887218045,0.543985637343,0.726207166356,3,0,250,303,250,303,-0.095152603232,-0.095152603232,40250,49427,39981,34100,-15058,163758,-0.09195275956,591,538,-53,-0.062279670975,572,1.0,81,100,h120_idtp_delta_norm
MOT20-01,21,17,29,141,v_to_u,0.0829,0.040357,0.040784073819,mot20_01_r0021_17_29_f141_v_to_u,340,8,29,17,1,"{""17"": 8}",8,30,30,1,8,23,30,8,1.0,0.870533002732,29,30,30,1.0,1.0,1.0,-0.0,1,0,0,8,0,8,-1.0,-1.0,0,184,240,0,-424,424,-1.0,61,53,-8,-0.131147540984,8,1.0,60,60,1,8,53,58,8,1.0,0.870533002732,29,30,30,0.905660377358,0.913793103448,1.0,-0.0,1,0,0,8,0,8,-1.0,-1.0,40,384,424,40,-728,888,-0.81981981982,109,101,-8,-0.067226890756,8,1.0,120,120,1,8,113,118,8,1.0,0.870533002732,30,29,30,0.575221238938,0.550847457627,1.0,-0.0,1,0,8,0,8,0,1.0,1.0,520,384,424,520,232,1848,0.125541125541,130,138,8,0.033472803347,8,1.0,300,300,1,8,286,298,8,1.0,0.870533002732,30,29,30,0.786713286713,0.768456375839,1.0,-0.0,1,0,8,0,8,0,1.0,1.0,1800,488,552,1832,2592,4672,0.554794520548,454,462,8,0.013513513514,8,1.0,339,339,1,8,325,337,8,1.0,0.870533002732,30,29,30,0.812307692308,0.795252225519,1.0,-0.0,1,0,8,0,8,0,1.0,1.0,2112,488,552,2144,3216,5296,0.607250755287,532,540,8,0.011940298507,8,1.0,21,40,h300_row_net
MOT20-01,49,17,28,347,u_to_v,0.075333,0.046867,0.0,mot20_01_r0049_17_28_f347_u_to_v,348,82,17,28,1,"{""28"": 82}",82,30,30,1,30,30,27,26,0.866666666667,0.878066901315,30,28,52,1.0,0.962962962963,0.807692307692,0.489551893623,2,0,5,0,5,0,0.192307692308,0.192307692308,150,630,0,702,222,1482,0.14979757085,56,61,5,0.060240963855,30,1.0,60,60,1,60,58,57,56,0.933333333333,0.895178151517,30,28,52,1.0,0.982456140351,0.910714285714,0.300882104465,2,0,5,0,5,0,0.089285714286,0.089285714286,290,2958,0,3192,524,6440,0.081366459627,114,119,5,0.029239766082,60,1.0,120,120,1,82,118,117,78,0.951219512195,0.881958791002,30,28,52,0.516949152542,0.991452991453,0.935897435897,0.238109739946,2,0,5,0,5,0,0.064102564103,0.064102564103,305,8899,0,9126,532,18330,0.029023458811,177,189,12,0.038338658147,82,1.0,300,300,1,82,298,297,78,0.951219512195,0.881958791002,29,28,52,0.741610738255,0.996632996633,0.935897435897,0.238109739946,2,0,0,0,0,0,0.0,0.0,385,22859,0,23166,692,46410,0.014910579616,517,517,0,0.0,82,1.0,347,347,1,82,345,344,78,0.951219512195,0.881958791002,29,28,52,0.776811594203,0.997093023256,0.935897435897,0.238109739946,2,0,0,0,0,0,0.0,0.0,385,26525,0,26832,692,53742,0.012876335082,611,611,0,0.0,82,1.0,41,60,h300_row_net
MOT20-01,74,17,29,181,v_to_u,0.0829,0.040357,0.040784073819,mot20_01_r0074_17_29_f181_v_to_u,340,8,29,17,1,"{""17"": 8}",8,30,30,1,8,23,30,8,1.0,0.870533002732,29,30,30,1.0,1.0,1.0,-0.0,1,0,0,8,0,8,-1.0,-1.0,0,184,240,0,-424,424,-1.0,61,53,-8,-0.131147540984,8,1.0,60,60,1,8,53,58,8,1.0,0.870533002732,29,30,30,0.905660377358,0.913793103448,1.0,-0.0,1,0,0,8,0,8,-1.0,-1.0,40,384,424,40,-728,888,-0.81981981982,109,101,-8,-0.067226890756,8,1.0,120,120,1,8,113,118,8,1.0,0.870533002732,30,29,30,0.575221238938,0.550847457627,1.0,-0.0,1,0,8,0,8,0,1.0,1.0,520,384,424,520,232,1848,0.125541125541,130,138,8,0.033472803347,8,1.0,300,300,1,8,286,298,8,1.0,0.870533002732,30,29,30,0.786713286713,0.768456375839,1.0,-0.0,1,0,8,0,8,0,1.0,1.0,1800,488,552,1832,2592,4672,0.554794520548,454,462,8,0.013513513514,8,1.0,339,339,1,8,325,337,8,1.0,0.870533002732,30,29,30,0.812307692308,0.795252225519,1.0,-0.0,1,0,8,0,8,0,1.0,1.0,2112,488,552,2144,3216,5296,0.607250755287,532,540,8,0.011940298507,8,1.0,61,80,h300_row_net
MOT20-01,81,17,29,35,v_to_u,0.0829,0.040357,0.040784073819,mot20_01_r0081_17_29_f35_v_to_u,340,8,29,17,1,"{""17"": 8}",8,30,30,1,8,23,30,8,1.0,0.870533002732,29,30,30,1.0,1.0,1.0,-0.0,1,0,0,8,0,8,-1.0,-1.0,0,184,240,0,-424,424,-1.0,61,53,-8,-0.131147540984,8,1.0,60,60,1,8,53,58,8,1.0,0.870533002732,29,30,30,0.905660377358,0.913793103448,1.0,-0.0,1,0,0,8,0,8,-1.0,-1.0,40,384,424,40,-728,888,-0.81981981982,109,101,-8,-0.067226890756,8,1.0,120,120,1,8,113,118,8,1.0,0.870533002732,30,29,30,0.575221238938,0.550847457627,1.0,-0.0,1,0,8,0,8,0,1.0,1.0,520,384,424,520,232,1848,0.125541125541,130,138,8,0.033472803347,8,1.0,300,300,1,8,286,298,8,1.0,0.870533002732,30,29,30,0.786713286713,0.768456375839,1.0,-0.0,1,0,8,0,8,0,1.0,1.0,1800,488,552,1832,2592,4672,0.554794520548,454,462,8,0.013513513514,8,1.0,339,339,1,8,325,337,8,1.0,0.870533002732,30,29,30,0.812307692308,0.795252225519,1.0,-0.0,1,0,8,0,8,0,1.0,1.0,2112,488,552,2144,3216,5296,0.607250755287,532,540,8,0.011940298507,8,1.0,81,100,h300_row_net
MOT20-02,31,129,130,1047,v_to_u,0.005914,0.00325,0.003270207429,mot20_02_r0031_129_130_f1047_v_to_u,1067,6,130,129,1,"{""129"": 6}",6,30,30,1,6,30,30,6,1.0,0.67155966403,277,279,277,0.533333333333,0.933333333333,0.666666666667,0.867563228481,3,0,4,1,4,1,0.5,0.5,78,102,36,144,84,360,0.233333333333,45,48,3,0.045454545455,6,1.0,60,60,1,6,60,60,6,1.0,0.67155966403,277,279,277,0.766666666667,0.966666666667,0.666666666667,0.867563228481,3,0,4,1,4,1,0.5,0.5,198,162,66,294,264,720,0.366666666667,105,108,3,0.02380952381,6,1.0,120,120,1,6,120,120,6,1.0,0.67155966403,277,279,277,0.883333333333,0.983333333333,0.666666666667,0.867563228481,3,0,4,1,4,1,0.5,0.5,438,282,126,594,624,1440,0.433333333333,225,228,3,0.012195121951,6,1.0,300,300,1,6,300,300,6,1.0,0.67155966403,277,279,277,0.953333333333,0.993333333333,0.666666666667,0.867563228481,3,0,4,1,4,1,0.5,0.5,1158,642,306,1494,1704,3600,0.473333333333,585,588,3,0.00495049505,6,1.0,494,502,1,6,494,502,6,1.0,0.67155966403,277,279,277,0.971659919028,0.982071713147,0.666666666667,0.867563228481,3,0,4,1,4,1,0.5,0.5,1934,1030,529,2483,2858,5976,0.478246318608,974,977,3,0.002994011976,6,1.0,21,40,h300_row_net
MOT20-02,48,233,249,1540,u_to_v,0.21713,0.10687,0.189017989411,mot20_02_r0048_233_249_f1540_u_to_v,1808,374,233,249,1,"{""249"": 374}",374,30,30,1,30,30,30,30,1.0,0.868627149917,33,62,62,0.733333333333,0.733333333333,1.0,-0.0,1,0,0,30,0,30,-1.0,-1.0,240,660,660,240,-840,1800,-0.466666666667,74,46,-28,-0.311111111111,30,1.0,60,60,1,60,60,60,60,1.0,0.86450652704,62,33,62,0.633333333333,0.633333333333,1.0,-0.0,1,0,60,0,60,0,1.0,1.0,2280,1320,1320,2280,1920,7200,0.266666666667,104,136,32,0.177777777778,60,1.0,120,120,1,120,120,120,120,1.0,0.870325567621,62,33,62,0.816666666667,0.816666666667,1.0,-0.0,1,0,120,0,120,0,1.0,1.0,11760,2640,2640,11760,18240,28800,0.633333333333,196,316,120,0.333333333333,120,1.0,300,300,1,300,300,300,300,1.0,0.870710031809,62,33,62,0.923333333333,0.593333333333,1.0,-0.0,1,0,300,0,300,0,1.0,1.0,83100,6900,6600,83400,153000,180000,0.85,455,755,300,0.333333333333,300,1.0,483,403,1,374,483,403,368,0.983957219251,0.87113302628,62,33,62,0.679089026915,0.441687344913,1.0,-0.0,1,0,368,0,368,0,1.0,1.0,120704,57040,8096,140208,195776,326048,0.600451467269,522,874,352,0.280701754386,374,1.0,41,60,h300_row_net
MOT20-02,63,347,477,2185,u_to_v,0.00764,0.00436,0.005232331887,mot20_02_r0063_347_477_f2185_u_to_v,2757,8,347,477,1,"{""477"": 8}",8,30,30,1,8,30,22,8,1.0,0.686233852512,128,141,128,1.0,1.0,1.0,-0.0,1,0,8,0,8,0,1.0,1.0,240,0,0,176,416,416,1.0,52,60,8,0.133333333333,8,1.0,60,60,1,8,60,52,8,1.0,0.686233852512,128,141,128,1.0,1.0,1.0,-0.0,1,0,8,0,8,0,1.0,1.0,480,0,0,416,896,896,1.0,112,120,8,0.066666666667,8,1.0,120,120,1,8,120,112,8,1.0,0.686233852512,128,141,128,1.0,1.0,1.0,-0.0,1,0,8,0,8,0,1.0,1.0,960,0,0,896,1856,1856,1.0,232,240,8,0.033333333333,8,1.0,300,300,1,8,289,277,8,1.0,0.686233852512,128,141,128,1.0,0.996389891697,1.0,-0.0,1,0,8,0,8,0,1.0,1.0,2312,0,0,2216,4528,4528,1.0,565,573,8,0.01393728223,8,1.0,949,585,1,8,861,552,8,1.0,0.686233852512,128,141,128,0.638792102207,0.949275362319,1.0,-0.0,1,0,8,0,8,0,1.0,1.0,4400,2488,176,4240,5976,11304,0.528662420382,1074,1082,8,0.005629838142,8,1.0,61,80,h300_row_net
MOT20-02,86,233,249,1784,u_to_v,0.21713,0.10687,0.189017989411,mot20_02_r0086_233_249_f1784_u_to_v,1808,374,233,249,1,"{""249"": 374}",374,30,30,1,30,30,30,30,1.0,0.868627149917,33,62,62,0.733333333333,0.733333333333,1.0,-0.0,1,0,0,30,0,30,-1.0,-1.0,240,660,660,240,-840,1800,-0.466666666667,74,46,-28,-0.311111111111,30,1.0,60,60,1,60,60,60,60,1.0,0.86450652704,62,33,62,0.633333333333,0.633333333333,1.0,-0.0,1,0,60,0,60,0,1.0,1.0,2280,1320,1320,2280,1920,7200,0.266666666667,104,136,32,0.177777777778,60,1.0,120,120,1,120,120,120,120,1.0,0.870325567621,62,33,62,0.816666666667,0.816666666667,1.0,-0.0,1,0,120,0,120,0,1.0,1.0,11760,2640,2640,11760,18240,28800,0.633333333333,196,316,120,0.333333333333,120,1.0,300,300,1,300,300,300,300,1.0,0.870710031809,62,33,62,0.923333333333,0.593333333333,1.0,-0.0,1,0,300,0,300,0,1.0,1.0,83100,6900,6600,83400,153000,180000,0.85,455,755,300,0.333333333333,300,1.0,483,403,1,374,483,403,368,0.983957219251,0.87113302628,62,33,62,0.679089026915,0.441687344913,1.0,-0.0,1,0,368,0,368,0,1.0,1.0,120704,57040,8096,140208,195776,326048,0.600451467269,522,874,352,0.280701754386,374,1.0,81,100,h300_row_net
MOT20-03,22,273,281,1205,u_to_v,0.03773,0.01216,0.033570424456,mot20_03_r0022_273_281_f1205_u_to_v,1318,369,273,281,1,"{""281"": 369}",369,30,30,1,30,25,30,30,1.0,0.920524491161,316,410,410,1.0,1.0,1.0,-0.0,1,0,0,30,0,30,-1.0,-1.0,0,750,900,0,-1650,1650,-1.0,85,55,-30,-0.352941176471,30,1.0,60,60,1,60,55,60,60,1.0,0.927147010994,316,410,410,1.0,1.0,1.0,-0.0,1,0,0,60,0,60,-1.0,-1.0,0,3300,3600,0,-6900,6900,-1.0,175,115,-60,-0.342857142857,60,1.0,120,120,1,120,115,118,120,1.0,0.930128825812,316,410,410,0.921739130435,0.940677966102,1.0,-0.0,1,0,0,120,0,120,-1.0,-1.0,1080,12720,13320,840,-24120,27960,-0.862660944206,337,217,-120,-0.339943342776,120,1.0,300,277,1,300,291,272,300,1.0,0.895512882108,410,316,410,0.635738831615,0.591911764706,1.0,-0.0,1,0,300,0,300,0,1.0,1.0,55500,31800,33300,48300,38700,168900,0.229129662522,517,646,129,0.149478563152,300,1.0,301,277,1,369,291,272,367,0.994579945799,0.881800711935,410,316,410,0.635738831615,0.591911764706,1.0,-0.0,1,0,367,0,367,0,1.0,1.0,67895,38902,40737,59087,47343,206621,0.229129662522,584,713,129,0.138709677419,369,1.0,21,40,h300_row_net
MOT20-03,41,552,566,2155,v_to_u,0.016386,0.007583,0.016785212228,mot20_03_r0041_552_566_f2155_v_to_u,2276,52,566,552,1,"{""552"": 52}",52,30,30,1,30,30,30,30,1.0,0.852269707503,731,633,633,1.0,1.0,1.0,-0.0,1,0,0,30,0,30,-1.0,-1.0,0,900,900,0,-1800,1800,-1.0,90,60,-30,-0.333333333333,30,1.0,60,60,1,52,60,60,52,1.0,0.850255576094,731,633,633,1.0,1.0,1.0,-0.0,1,0,0,52,0,52,-1.0,-1.0,0,3120,3120,0,-6240,6240,-1.0,172,120,-52,-0.302325581395,52,1.0,120,120,1,52,120,120,52,1.0,0.850255576094,731,633,633,1.0,1.0,1.0,-0.0,1,0,0,52,0,52,-1.0,-1.0,0,6240,6240,0,-12480,12480,-1.0,292,240,-52,-0.178082191781,52,1.0,300,300,1,52,300,300,52,1.0,0.850255576094,633,731,633,0.59,0.59,1.0,-0.0,1,0,52,0,52,0,1.0,1.0,9204,6396,6396,9204,5616,31200,0.18,354,406,52,0.079754601227,52,1.0,450,490,1,52,450,490,52,1.0,0.850255576094,633,731,633,0.726666666667,0.742857142857,1.0,-0.0,1,0,52,0,52,0,1.0,1.0,17004,6396,6396,19084,23296,48880,0.476595744681,691,743,52,0.052419354839,52,1.0,41,60,h300_row_net
MOT20-03,64,288,337,1994,v_to_u,-0.00165,-0.000344,-0.000968377629,mot20_03_r0064_288_337_f1994_v_to_u,2134,12,337,288,1,"{""288"": 12}",12,30,30,1,12,30,30,11,0.916666666667,0.748365962316,706,673,673,1.0,1.0,0.636363636364,0.655481773901,2,0,4,7,4,7,-0.272727272727,-0.272727272727,120,210,210,120,-180,660,-0.272727272727,67,64,-3,-0.042253521127,12,1.0,60,60,1,12,60,60,11,0.916666666667,0.748365962316,706,673,673,1.0,1.0,0.636363636364,0.655481773901,2,0,4,7,4,7,-0.272727272727,-0.272727272727,240,420,420,240,-360,1320,-0.272727272727,127,124,-3,-0.022900763359,12,1.0,120,120,1,12,120,120,11,0.916666666667,0.748365962316,706,673,673,1.0,1.0,0.636363636364,0.655481773901,2,0,4,7,4,7,-0.272727272727,-0.272727272727,480,840,840,480,-720,2640,-0.272727272727,247,244,-3,-0.011952191235,12,1.0,300,300,1,12,300,300,11,0.916666666667,0.748365962316,673,706,673,0.556666666667,0.556666666667,0.636363636364,0.655481773901,2,0,7,4,7,4,0.272727272727,0.272727272727,1701,1599,1599,1701,204,6600,0.030909090909,338,341,3,0.004909983633,12,1.0,939,1074,1,12,939,1074,11,0.916666666667,0.748365962316,673,706,673,0.858359957401,0.876163873371,0.636363636364,0.655481773901,2,0,7,4,7,4,0.272727272727,0.272727272727,6174,4155,4695,7119,4443,22143,0.200650318385,1751,1754,3,0.001482213439,12,1.0,61,80,h300_row_net
MOT20-03,87,433,458,2341,u_to_v,0.010515,0.005324,0.004841888143,mot20_03_r0087_433_458_f2341_u_to_v,2346,15,433,458,1,"{""458"": 15}",15,30,30,1,15,28,2,15,1.0,0.762633230399,236,236,236,1.0,1.0,1.0,-0.0,1,1,15,15,0,0,0.0,0.0,420,0,30,0,390,450,0.866666666667,28,43,15,0.333333333333,15,1.0,60,60,1,15,58,13,15,1.0,0.762633230399,236,646,236,1.0,0.846153846154,1.0,-0.0,1,0,15,0,15,0,1.0,1.0,870,0,30,165,1005,1065,0.943661971831,69,84,15,0.174418604651,15,1.0,120,120,1,15,118,73,15,1.0,0.762633230399,236,646,236,1.0,0.972602739726,1.0,-0.0,1,0,15,0,15,0,1.0,1.0,1770,0,30,1065,2805,2865,0.979057591623,189,204,15,0.072815533981,15,1.0,300,300,1,15,298,253,15,1.0,0.762633230399,236,646,236,1.0,0.99209486166,1.0,-0.0,1,0,15,0,15,0,1.0,1.0,4470,0,30,3765,8205,8265,0.992740471869,549,564,15,0.026501766784,15,1.0,867,808,1,15,865,761,15,1.0,0.762633230399,236,646,236,1.0,0.997371879106,1.0,-0.0,1,0,15,0,15,0,1.0,1.0,12975,0,30,11385,24330,24390,0.9975399754,1624,1639,15,0.009140767824,15,1.0,81,100,h300_row_net
MOT20-05,24,1413,1421,2924,v_to_u,0.00062,0.000321,0.000155682004,mot20_05_r0024_1413_1421_f2924_v_to_u,2935,15,1421,1413,1,"{""1413"": 15}",15,30,30,1,15,29,30,1,0.066666666667,0.879422617792,601,598,601,0.620689655172,0.6,1.0,-0.0,1,0,1,0,1,0,1.0,1.0,18,11,12,18,13,59,0.220338983051,36,37,1,0.016666666667,15,1.0,60,60,1,15,59,60,1,0.066666666667,0.879422617792,601,598,601,0.813559322034,0.8,1.0,-0.0,1,0,1,0,1,0,1.0,1.0,48,11,12,48,73,119,0.613445378151,96,97,1,0.008333333333,15,1.0,120,120,1,15,119,120,1,0.066666666667,0.879422617792,601,598,601,0.90756302521,0.9,1.0,-0.0,1,0,1,0,1,0,1.0,1.0,108,11,12,108,193,239,0.807531380753,216,217,1,0.004166666667,15,1.0,300,300,1,15,295,300,1,0.066666666667,0.879422617792,601,598,601,0.962711864407,0.96,1.0,-0.0,1,0,1,0,1,0,1.0,1.0,284,11,12,288,549,595,0.92268907563,572,573,1,0.001677852349,15,1.0,301,324,1,15,296,324,1,0.066666666667,0.879422617792,601,598,601,0.962837837838,0.962962962963,1.0,-0.0,1,0,1,0,1,0,1.0,1.0,285,11,12,312,574,620,0.925806451613,597,598,1,0.001610305958,15,1.0,21,40,h300_row_net
MOT20-05,41,613,614,1756,u_to_v,0.02457,0.012171,0.014945472378,mot20_05_r0041_613_614_f1756_u_to_v,1893,97,613,614,1,"{""614"": 97}",97,30,30,1,30,30,30,30,1.0,0.866627957695,979,1002,1002,1.0,1.0,1.0,-0.0,1,0,0,30,0,30,-1.0,-1.0,0,900,900,0,-1800,1800,-1.0,90,60,-30,-0.333333333333,30,1.0,60,60,1,60,60,60,60,1.0,0.885125727624,979,1002,1002,1.0,1.0,1.0,-0.0,1,0,0,60,0,60,-1.0,-1.0,0,3600,3600,0,-7200,7200,-1.0,180,120,-60,-0.333333333333,60,1.0,120,120,1,97,120,120,96,0.989690721649,0.874537877861,979,1002,1002,0.966666666667,1.0,1.0,-0.0,1,0,0,96,0,96,-1.0,-1.0,0,11520,11520,0,-23040,23040,-1.0,332,236,-96,-0.285714285714,97,1.0,300,300,1,97,300,300,96,0.989690721649,0.874537877861,1002,979,1002,0.546666666667,0.546666666667,1.0,-0.0,1,0,96,0,96,0,1.0,1.0,15744,13056,13056,15744,5376,57600,0.093333333333,364,424,60,0.086206896552,97,1.0,1060,1059,1,97,1053,1054,96,0.989690721649,0.874537877861,1002,979,1002,0.862298195632,0.870967741935,1.0,-0.0,1,0,96,0,96,0,1.0,1.0,87168,13920,13056,88128,148320,202272,0.733270052207,1826,1922,96,0.043576940536,97,1.0,41,60,h300_row_net
MOT20-05,72,861,869,1906,v_to_u,0.003225,0.00112,0.000311364008,mot20_05_r0072_861_869_f1906_v_to_u,1915,75,869,861,1,"{""861"": 75}",75,30,30,1,30,25,30,28,0.933333333333,0.702846049082,969,967,968,0.88,0.733333333333,0.571428571429,0.992106827569,4,0,2,0,2,0,0.071428571429,0.071428571429,44,656,16,824,196,1540,0.127272727273,44,46,2,0.024096385542,30,1.0,60,60,1,60,55,60,58,0.966666666667,0.751475554052,969,967,965,0.945454545455,0.866666666667,0.672413793103,0.808259939581,4,0,2,0,2,0,0.034482758621,0.034482758621,104,3086,16,3464,466,6670,0.069865067466,104,106,2,0.011560693642,60,1.0,120,120,1,75,115,120,68,0.906666666667,0.763265553715,969,967,965,0.973913043478,0.933333333333,0.720588235294,0.7423472857,4,0,2,0,2,0,0.029411764706,0.029411764706,224,7596,16,8144,756,15980,0.047309136421,224,226,2,0.006600660066,75,1.0,300,300,1,75,295,300,68,0.906666666667,0.763265553715,969,967,965,0.989830508475,0.973333333333,0.720588235294,0.7423472857,4,0,2,0,2,0,0.029411764706,0.029411764706,584,19476,16,20384,1476,40460,0.036480474543,584,586,2,0.003016591252,75,1.0,617,631,1,75,612,631,68,0.906666666667,0.763265553715,969,967,965,0.995098039216,0.987321711569,0.720588235294,0.7423472857,4,0,2,0,2,0,0.029411764706,0.029411764706,1218,40398,16,42892,3696,84524,0.043727225403,1232,1234,2,0.001525553013,75,1.0,61,80,h300_row_net
MOT20-05,89,137,142,158,u_to_v,0.00617,-0.00242,0.002490912063,mot20_05_r0089_137_142_f158_u_to_v,168,572,137,142,1,"{""142"": 572}",572,30,30,1,30,24,6,30,1.0,0.7914921728,170,170,170,1.0,1.0,1.0,-0.0,1,1,30,30,0,0,0.0,0.0,720,0,180,0,540,900,0.6,36,54,18,0.3,30,1.0,60,60,1,60,54,27,60,1.0,0.820913859088,170,169,170,1.0,0.777777777778,1.0,-0.0,1,0,60,0,60,0,1.0,1.0,3240,0,360,1260,4140,4860,0.851851851852,75,135,60,0.425531914894,60,1.0,120,120,1,120,114,86,120,1.0,0.804840204358,170,169,170,1.0,0.93023255814,1.0,-0.0,1,0,120,0,120,0,1.0,1.0,13680,0,720,9600,22560,24000,0.94,194,314,120,0.375,120,1.0,167,167,1,300,161,133,296,0.986666666667,0.806672936093,170,169,170,1.0,0.954887218045,0.844594594595,0.431971840459,2,0,250,46,250,46,0.689189189189,0.689189189189,40250,7406,7342,32026,57528,87024,0.661059018202,334,538,204,0.345762711864,300,1.0,167,167,1,572,161,133,557,0.973776223776,0.804669509832,170,169,169,1.0,0.954887218045,0.543985637343,0.726207166356,3,0,250,303,250,303,-0.095152603232,-0.095152603232,40250,49427,39981,34100,-15058,163758,-0.09195275956,591,538,-53,-0.062279670975,572,1.0,81,100,h300_row_net
MOT20-01,21,17,29,141,v_to_u,0.0829,0.040357,0.040784073819,mot20_01_r0021_17_29_f141_v_to_u,340,8,29,17,1,"{""17"": 8}",8,30,30,1,8,23,30,8,1.0,0.870533002732,29,30,30,1.0,1.0,1.0,-0.0,1,0,0,8,0,8,-1.0,-1.0,0,184,240,0,-424,424,-1.0,61,53,-8,-0.131147540984,8,1.0,60,60,1,8,53,58,8,1.0,0.870533002732,29,30,30,0.905660377358,0.913793103448,1.0,-0.0,1,0,0,8,0,8,-1.0,-1.0,40,384,424,40,-728,888,-0.81981981982,109,101,-8,-0.067226890756,8,1.0,120,120,1,8,113,118,8,1.0,0.870533002732,30,29,30,0.575221238938,0.550847457627,1.0,-0.0,1,0,8,0,8,0,1.0,1.0,520,384,424,520,232,1848,0.125541125541,130,138,8,0.033472803347,8,1.0,300,300,1,8,286,298,8,1.0,0.870533002732,30,29,30,0.786713286713,0.768456375839,1.0,-0.0,1,0,8,0,8,0,1.0,1.0,1800,488,552,1832,2592,4672,0.554794520548,454,462,8,0.013513513514,8,1.0,339,339,1,8,325,337,8,1.0,0.870533002732,30,29,30,0.812307692308,0.795252225519,1.0,-0.0,1,0,8,0,8,0,1.0,1.0,2112,488,552,2144,3216,5296,0.607250755287,532,540,8,0.011940298507,8,1.0,21,40,h300_donor_minus_receiver_support_frac
MOT20-01,49,17,28,347,u_to_v,0.075333,0.046867,0.0,mot20_01_r0049_17_28_f347_u_to_v,348,82,17,28,1,"{""28"": 82}",82,30,30,1,30,30,27,26,0.866666666667,0.878066901315,30,28,52,1.0,0.962962962963,0.807692307692,0.489551893623,2,0,5,0,5,0,0.192307692308,0.192307692308,150,630,0,702,222,1482,0.14979757085,56,61,5,0.060240963855,30,1.0,60,60,1,60,58,57,56,0.933333333333,0.895178151517,30,28,52,1.0,0.982456140351,0.910714285714,0.300882104465,2,0,5,0,5,0,0.089285714286,0.089285714286,290,2958,0,3192,524,6440,0.081366459627,114,119,5,0.029239766082,60,1.0,120,120,1,82,118,117,78,0.951219512195,0.881958791002,30,28,52,0.516949152542,0.991452991453,0.935897435897,0.238109739946,2,0,5,0,5,0,0.064102564103,0.064102564103,305,8899,0,9126,532,18330,0.029023458811,177,189,12,0.038338658147,82,1.0,300,300,1,82,298,297,78,0.951219512195,0.881958791002,29,28,52,0.741610738255,0.996632996633,0.935897435897,0.238109739946,2,0,0,0,0,0,0.0,0.0,385,22859,0,23166,692,46410,0.014910579616,517,517,0,0.0,82,1.0,347,347,1,82,345,344,78,0.951219512195,0.881958791002,29,28,52,0.776811594203,0.997093023256,0.935897435897,0.238109739946,2,0,0,0,0,0,0.0,0.0,385,26525,0,26832,692,53742,0.012876335082,611,611,0,0.0,82,1.0,41,60,h300_donor_minus_receiver_support_frac
MOT20-01,74,17,29,181,v_to_u,0.0829,0.040357,0.040784073819,mot20_01_r0074_17_29_f181_v_to_u,340,8,29,17,1,"{""17"": 8}",8,30,30,1,8,23,30,8,1.0,0.870533002732,29,30,30,1.0,1.0,1.0,-0.0,1,0,0,8,0,8,-1.0,-1.0,0,184,240,0,-424,424,-1.0,61,53,-8,-0.131147540984,8,1.0,60,60,1,8,53,58,8,1.0,0.870533002732,29,30,30,0.905660377358,0.913793103448,1.0,-0.0,1,0,0,8,0,8,-1.0,-1.0,40,384,424,40,-728,888,-0.81981981982,109,101,-8,-0.067226890756,8,1.0,120,120,1,8,113,118,8,1.0,0.870533002732,30,29,30,0.575221238938,0.550847457627,1.0,-0.0,1,0,8,0,8,0,1.0,1.0,520,384,424,520,232,1848,0.125541125541,130,138,8,0.033472803347,8,1.0,300,300,1,8,286,298,8,1.0,0.870533002732,30,29,30,0.786713286713,0.768456375839,1.0,-0.0,1,0,8,0,8,0,1.0,1.0,1800,488,552,1832,2592,4672,0.554794520548,454,462,8,0.013513513514,8,1.0,339,339,1,8,325,337,8,1.0,0.870533002732,30,29,30,0.812307692308,0.795252225519,1.0,-0.0,1,0,8,0,8,0,1.0,1.0,2112,488,552,2144,3216,5296,0.607250755287,532,540,8,0.011940298507,8,1.0,61,80,h300_donor_minus_receiver_support_frac
MOT20-01,81,17,29,35,v_to_u,0.0829,0.040357,0.040784073819,mot20_01_r0081_17_29_f35_v_to_u,340,8,29,17,1,"{""17"": 8}",8,30,30,1,8,23,30,8,1.0,0.870533002732,29,30,30,1.0,1.0,1.0,-0.0,1,0,0,8,0,8,-1.0,-1.0,0,184,240,0,-424,424,-1.0,61,53,-8,-0.131147540984,8,1.0,60,60,1,8,53,58,8,1.0,0.870533002732,29,30,30,0.905660377358,0.913793103448,1.0,-0.0,1,0,0,8,0,8,-1.0,-1.0,40,384,424,40,-728,888,-0.81981981982,109,101,-8,-0.067226890756,8,1.0,120,120,1,8,113,118,8,1.0,0.870533002732,30,29,30,0.575221238938,0.550847457627,1.0,-0.0,1,0,8,0,8,0,1.0,1.0,520,384,424,520,232,1848,0.125541125541,130,138,8,0.033472803347,8,1.0,300,300,1,8,286,298,8,1.0,0.870533002732,30,29,30,0.786713286713,0.768456375839,1.0,-0.0,1,0,8,0,8,0,1.0,1.0,1800,488,552,1832,2592,4672,0.554794520548,454,462,8,0.013513513514,8,1.0,339,339,1,8,325,337,8,1.0,0.870533002732,30,29,30,0.812307692308,0.795252225519,1.0,-0.0,1,0,8,0,8,0,1.0,1.0,2112,488,552,2144,3216,5296,0.607250755287,532,540,8,0.011940298507,8,1.0,81,100,h300_donor_minus_receiver_support_frac
MOT20-02,31,129,130,1047,v_to_u,0.005914,0.00325,0.003270207429,mot20_02_r0031_129_130_f1047_v_to_u,1067,6,130,129,1,"{""129"": 6}",6,30,30,1,6,30,30,6,1.0,0.67155966403,277,279,277,0.533333333333,0.933333333333,0.666666666667,0.867563228481,3,0,4,1,4,1,0.5,0.5,78,102,36,144,84,360,0.233333333333,45,48,3,0.045454545455,6,1.0,60,60,1,6,60,60,6,1.0,0.67155966403,277,279,277,0.766666666667,0.966666666667,0.666666666667,0.867563228481,3,0,4,1,4,1,0.5,0.5,198,162,66,294,264,720,0.366666666667,105,108,3,0.02380952381,6,1.0,120,120,1,6,120,120,6,1.0,0.67155966403,277,279,277,0.883333333333,0.983333333333,0.666666666667,0.867563228481,3,0,4,1,4,1,0.5,0.5,438,282,126,594,624,1440,0.433333333333,225,228,3,0.012195121951,6,1.0,300,300,1,6,300,300,6,1.0,0.67155966403,277,279,277,0.953333333333,0.993333333333,0.666666666667,0.867563228481,3,0,4,1,4,1,0.5,0.5,1158,642,306,1494,1704,3600,0.473333333333,585,588,3,0.00495049505,6,1.0,494,502,1,6,494,502,6,1.0,0.67155966403,277,279,277,0.971659919028,0.982071713147,0.666666666667,0.867563228481,3,0,4,1,4,1,0.5,0.5,1934,1030,529,2483,2858,5976,0.478246318608,974,977,3,0.002994011976,6,1.0,21,40,h300_donor_minus_receiver_support_frac
MOT20-02,48,233,249,1540,u_to_v,0.21713,0.10687,0.189017989411,mot20_02_r0048_233_249_f1540_u_to_v,1808,374,233,249,1,"{""249"": 374}",374,30,30,1,30,30,30,30,1.0,0.868627149917,33,62,62,0.733333333333,0.733333333333,1.0,-0.0,1,0,0,30,0,30,-1.0,-1.0,240,660,660,240,-840,1800,-0.466666666667,74,46,-28,-0.311111111111,30,1.0,60,60,1,60,60,60,60,1.0,0.86450652704,62,33,62,0.633333333333,0.633333333333,1.0,-0.0,1,0,60,0,60,0,1.0,1.0,2280,1320,1320,2280,1920,7200,0.266666666667,104,136,32,0.177777777778,60,1.0,120,120,1,120,120,120,120,1.0,0.870325567621,62,33,62,0.816666666667,0.816666666667,1.0,-0.0,1,0,120,0,120,0,1.0,1.0,11760,2640,2640,11760,18240,28800,0.633333333333,196,316,120,0.333333333333,120,1.0,300,300,1,300,300,300,300,1.0,0.870710031809,62,33,62,0.923333333333,0.593333333333,1.0,-0.0,1,0,300,0,300,0,1.0,1.0,83100,6900,6600,83400,153000,180000,0.85,455,755,300,0.333333333333,300,1.0,483,403,1,374,483,403,368,0.983957219251,0.87113302628,62,33,62,0.679089026915,0.441687344913,1.0,-0.0,1,0,368,0,368,0,1.0,1.0,120704,57040,8096,140208,195776,326048,0.600451467269,522,874,352,0.280701754386,374,1.0,41,60,h300_donor_minus_receiver_support_frac
MOT20-02,63,347,477,2185,u_to_v,0.00764,0.00436,0.005232331887,mot20_02_r0063_347_477_f2185_u_to_v,2757,8,347,477,1,"{""477"": 8}",8,30,30,1,8,30,22,8,1.0,0.686233852512,128,141,128,1.0,1.0,1.0,-0.0,1,0,8,0,8,0,1.0,1.0,240,0,0,176,416,416,1.0,52,60,8,0.133333333333,8,1.0,60,60,1,8,60,52,8,1.0,0.686233852512,128,141,128,1.0,1.0,1.0,-0.0,1,0,8,0,8,0,1.0,1.0,480,0,0,416,896,896,1.0,112,120,8,0.066666666667,8,1.0,120,120,1,8,120,112,8,1.0,0.686233852512,128,141,128,1.0,1.0,1.0,-0.0,1,0,8,0,8,0,1.0,1.0,960,0,0,896,1856,1856,1.0,232,240,8,0.033333333333,8,1.0,300,300,1,8,289,277,8,1.0,0.686233852512,128,141,128,1.0,0.996389891697,1.0,-0.0,1,0,8,0,8,0,1.0,1.0,2312,0,0,2216,4528,4528,1.0,565,573,8,0.01393728223,8,1.0,949,585,1,8,861,552,8,1.0,0.686233852512,128,141,128,0.638792102207,0.949275362319,1.0,-0.0,1,0,8,0,8,0,1.0,1.0,4400,2488,176,4240,5976,11304,0.528662420382,1074,1082,8,0.005629838142,8,1.0,61,80,h300_donor_minus_receiver_support_frac
MOT20-02,86,233,249,1784,u_to_v,0.21713,0.10687,0.189017989411,mot20_02_r0086_233_249_f1784_u_to_v,1808,374,233,249,1,"{""249"": 374}",374,30,30,1,30,30,30,30,1.0,0.868627149917,33,62,62,0.733333333333,0.733333333333,1.0,-0.0,1,0,0,30,0,30,-1.0,-1.0,240,660,660,240,-840,1800,-0.466666666667,74,46,-28,-0.311111111111,30,1.0,60,60,1,60,60,60,60,1.0,0.86450652704,62,33,62,0.633333333333,0.633333333333,1.0,-0.0,1,0,60,0,60,0,1.0,1.0,2280,1320,1320,2280,1920,7200,0.266666666667,104,136,32,0.177777777778,60,1.0,120,120,1,120,120,120,120,1.0,0.870325567621,62,33,62,0.816666666667,0.816666666667,1.0,-0.0,1,0,120,0,120,0,1.0,1.0,11760,2640,2640,11760,18240,28800,0.633333333333,196,316,120,0.333333333333,120,1.0,300,300,1,300,300,300,300,1.0,0.870710031809,62,33,62,0.923333333333,0.593333333333,1.0,-0.0,1,0,300,0,300,0,1.0,1.0,83100,6900,6600,83400,153000,180000,0.85,455,755,300,0.333333333333,300,1.0,483,403,1,374,483,403,368,0.983957219251,0.87113302628,62,33,62,0.679089026915,0.441687344913,1.0,-0.0,1,0,368,0,368,0,1.0,1.0,120704,57040,8096,140208,195776,326048,0.600451467269,522,874,352,0.280701754386,374,1.0,81,100,h300_donor_minus_receiver_support_frac
MOT20-03,22,273,281,1205,u_to_v,0.03773,0.01216,0.033570424456,mot20_03_r0022_273_281_f1205_u_to_v,1318,369,273,281,1,"{""281"": 369}",369,30,30,1,30,25,30,30,1.0,0.920524491161,316,410,410,1.0,1.0,1.0,-0.0,1,0,0,30,0,30,-1.0,-1.0,0,750,900,0,-1650,1650,-1.0,85,55,-30,-0.352941176471,30,1.0,60,60,1,60,55,60,60,1.0,0.927147010994,316,410,410,1.0,1.0,1.0,-0.0,1,0,0,60,0,60,-1.0,-1.0,0,3300,3600,0,-6900,6900,-1.0,175,115,-60,-0.342857142857,60,1.0,120,120,1,120,115,118,120,1.0,0.930128825812,316,410,410,0.921739130435,0.940677966102,1.0,-0.0,1,0,0,120,0,120,-1.0,-1.0,1080,12720,13320,840,-24120,27960,-0.862660944206,337,217,-120,-0.339943342776,120,1.0,300,277,1,300,291,272,300,1.0,0.895512882108,410,316,410,0.635738831615,0.591911764706,1.0,-0.0,1,0,300,0,300,0,1.0,1.0,55500,31800,33300,48300,38700,168900,0.229129662522,517,646,129,0.149478563152,300,1.0,301,277,1,369,291,272,367,0.994579945799,0.881800711935,410,316,410,0.635738831615,0.591911764706,1.0,-0.0,1,0,367,0,367,0,1.0,1.0,67895,38902,40737,59087,47343,206621,0.229129662522,584,713,129,0.138709677419,369,1.0,21,40,h300_donor_minus_receiver_support_frac
MOT20-03,41,552,566,2155,v_to_u,0.016386,0.007583,0.016785212228,mot20_03_r0041_552_566_f2155_v_to_u,2276,52,566,552,1,"{""552"": 52}",52,30,30,1,30,30,30,30,1.0,0.852269707503,731,633,633,1.0,1.0,1.0,-0.0,1,0,0,30,0,30,-1.0,-1.0,0,900,900,0,-1800,1800,-1.0,90,60,-30,-0.333333333333,30,1.0,60,60,1,52,60,60,52,1.0,0.850255576094,731,633,633,1.0,1.0,1.0,-0.0,1,0,0,52,0,52,-1.0,-1.0,0,3120,3120,0,-6240,6240,-1.0,172,120,-52,-0.302325581395,52,1.0,120,120,1,52,120,120,52,1.0,0.850255576094,731,633,633,1.0,1.0,1.0,-0.0,1,0,0,52,0,52,-1.0,-1.0,0,6240,6240,0,-12480,12480,-1.0,292,240,-52,-0.178082191781,52,1.0,300,300,1,52,300,300,52,1.0,0.850255576094,633,731,633,0.59,0.59,1.0,-0.0,1,0,52,0,52,0,1.0,1.0,9204,6396,6396,9204,5616,31200,0.18,354,406,52,0.079754601227,52,1.0,450,490,1,52,450,490,52,1.0,0.850255576094,633,731,633,0.726666666667,0.742857142857,1.0,-0.0,1,0,52,0,52,0,1.0,1.0,17004,6396,6396,19084,23296,48880,0.476595744681,691,743,52,0.052419354839,52,1.0,41,60,h300_donor_minus_receiver_support_frac
MOT20-03,64,288,337,1994,v_to_u,-0.00165,-0.000344,-0.000968377629,mot20_03_r0064_288_337_f1994_v_to_u,2134,12,337,288,1,"{""288"": 12}",12,30,30,1,12,30,30,11,0.916666666667,0.748365962316,706,673,673,1.0,1.0,0.636363636364,0.655481773901,2,0,4,7,4,7,-0.272727272727,-0.272727272727,120,210,210,120,-180,660,-0.272727272727,67,64,-3,-0.042253521127,12,1.0,60,60,1,12,60,60,11,0.916666666667,0.748365962316,706,673,673,1.0,1.0,0.636363636364,0.655481773901,2,0,4,7,4,7,-0.272727272727,-0.272727272727,240,420,420,240,-360,1320,-0.272727272727,127,124,-3,-0.022900763359,12,1.0,120,120,1,12,120,120,11,0.916666666667,0.748365962316,706,673,673,1.0,1.0,0.636363636364,0.655481773901,2,0,4,7,4,7,-0.272727272727,-0.272727272727,480,840,840,480,-720,2640,-0.272727272727,247,244,-3,-0.011952191235,12,1.0,300,300,1,12,300,300,11,0.916666666667,0.748365962316,673,706,673,0.556666666667,0.556666666667,0.636363636364,0.655481773901,2,0,7,4,7,4,0.272727272727,0.272727272727,1701,1599,1599,1701,204,6600,0.030909090909,338,341,3,0.004909983633,12,1.0,939,1074,1,12,939,1074,11,0.916666666667,0.748365962316,673,706,673,0.858359957401,0.876163873371,0.636363636364,0.655481773901,2,0,7,4,7,4,0.272727272727,0.272727272727,6174,4155,4695,7119,4443,22143,0.200650318385,1751,1754,3,0.001482213439,12,1.0,61,80,h300_donor_minus_receiver_support_frac
MOT20-03,87,433,458,2341,u_to_v,0.010515,0.005324,0.004841888143,mot20_03_r0087_433_458_f2341_u_to_v,2346,15,433,458,1,"{""458"": 15}",15,30,30,1,15,28,2,15,1.0,0.762633230399,236,236,236,1.0,1.0,1.0,-0.0,1,1,15,15,0,0,0.0,0.0,420,0,30,0,390,450,0.866666666667,28,43,15,0.333333333333,15,1.0,60,60,1,15,58,13,15,1.0,0.762633230399,236,646,236,1.0,0.846153846154,1.0,-0.0,1,0,15,0,15,0,1.0,1.0,870,0,30,165,1005,1065,0.943661971831,69,84,15,0.174418604651,15,1.0,120,120,1,15,118,73,15,1.0,0.762633230399,236,646,236,1.0,0.972602739726,1.0,-0.0,1,0,15,0,15,0,1.0,1.0,1770,0,30,1065,2805,2865,0.979057591623,189,204,15,0.072815533981,15,1.0,300,300,1,15,298,253,15,1.0,0.762633230399,236,646,236,1.0,0.99209486166,1.0,-0.0,1,0,15,0,15,0,1.0,1.0,4470,0,30,3765,8205,8265,0.992740471869,549,564,15,0.026501766784,15,1.0,867,808,1,15,865,761,15,1.0,0.762633230399,236,646,236,1.0,0.997371879106,1.0,-0.0,1,0,15,0,15,0,1.0,1.0,12975,0,30,11385,24330,24390,0.9975399754,1624,1639,15,0.009140767824,15,1.0,81,100,h300_donor_minus_receiver_support_frac
MOT20-05,24,1413,1421,2924,v_to_u,0.00062,0.000321,0.000155682004,mot20_05_r0024_1413_1421_f2924_v_to_u,2935,15,1421,1413,1,"{""1413"": 15}",15,30,30,1,15,29,30,1,0.066666666667,0.879422617792,601,598,601,0.620689655172,0.6,1.0,-0.0,1,0,1,0,1,0,1.0,1.0,18,11,12,18,13,59,0.220338983051,36,37,1,0.016666666667,15,1.0,60,60,1,15,59,60,1,0.066666666667,0.879422617792,601,598,601,0.813559322034,0.8,1.0,-0.0,1,0,1,0,1,0,1.0,1.0,48,11,12,48,73,119,0.613445378151,96,97,1,0.008333333333,15,1.0,120,120,1,15,119,120,1,0.066666666667,0.879422617792,601,598,601,0.90756302521,0.9,1.0,-0.0,1,0,1,0,1,0,1.0,1.0,108,11,12,108,193,239,0.807531380753,216,217,1,0.004166666667,15,1.0,300,300,1,15,295,300,1,0.066666666667,0.879422617792,601,598,601,0.962711864407,0.96,1.0,-0.0,1,0,1,0,1,0,1.0,1.0,284,11,12,288,549,595,0.92268907563,572,573,1,0.001677852349,15,1.0,301,324,1,15,296,324,1,0.066666666667,0.879422617792,601,598,601,0.962837837838,0.962962962963,1.0,-0.0,1,0,1,0,1,0,1.0,1.0,285,11,12,312,574,620,0.925806451613,597,598,1,0.001610305958,15,1.0,21,40,h300_donor_minus_receiver_support_frac
MOT20-05,41,613,614,1756,u_to_v,0.02457,0.012171,0.014945472378,mot20_05_r0041_613_614_f1756_u_to_v,1893,97,613,614,1,"{""614"": 97}",97,30,30,1,30,30,30,30,1.0,0.866627957695,979,1002,1002,1.0,1.0,1.0,-0.0,1,0,0,30,0,30,-1.0,-1.0,0,900,900,0,-1800,1800,-1.0,90,60,-30,-0.333333333333,30,1.0,60,60,1,60,60,60,60,1.0,0.885125727624,979,1002,1002,1.0,1.0,1.0,-0.0,1,0,0,60,0,60,-1.0,-1.0,0,3600,3600,0,-7200,7200,-1.0,180,120,-60,-0.333333333333,60,1.0,120,120,1,97,120,120,96,0.989690721649,0.874537877861,979,1002,1002,0.966666666667,1.0,1.0,-0.0,1,0,0,96,0,96,-1.0,-1.0,0,11520,11520,0,-23040,23040,-1.0,332,236,-96,-0.285714285714,97,1.0,300,300,1,97,300,300,96,0.989690721649,0.874537877861,1002,979,1002,0.546666666667,0.546666666667,1.0,-0.0,1,0,96,0,96,0,1.0,1.0,15744,13056,13056,15744,5376,57600,0.093333333333,364,424,60,0.086206896552,97,1.0,1060,1059,1,97,1053,1054,96,0.989690721649,0.874537877861,1002,979,1002,0.862298195632,0.870967741935,1.0,-0.0,1,0,96,0,96,0,1.0,1.0,87168,13920,13056,88128,148320,202272,0.733270052207,1826,1922,96,0.043576940536,97,1.0,41,60,h300_donor_minus_receiver_support_frac
MOT20-05,72,861,869,1906,v_to_u,0.003225,0.00112,0.000311364008,mot20_05_r0072_861_869_f1906_v_to_u,1915,75,869,861,1,"{""861"": 75}",75,30,30,1,30,25,30,28,0.933333333333,0.702846049082,969,967,968,0.88,0.733333333333,0.571428571429,0.992106827569,4,0,2,0,2,0,0.071428571429,0.071428571429,44,656,16,824,196,1540,0.127272727273,44,46,2,0.024096385542,30,1.0,60,60,1,60,55,60,58,0.966666666667,0.751475554052,969,967,965,0.945454545455,0.866666666667,0.672413793103,0.808259939581,4,0,2,0,2,0,0.034482758621,0.034482758621,104,3086,16,3464,466,6670,0.069865067466,104,106,2,0.011560693642,60,1.0,120,120,1,75,115,120,68,0.906666666667,0.763265553715,969,967,965,0.973913043478,0.933333333333,0.720588235294,0.7423472857,4,0,2,0,2,0,0.029411764706,0.029411764706,224,7596,16,8144,756,15980,0.047309136421,224,226,2,0.006600660066,75,1.0,300,300,1,75,295,300,68,0.906666666667,0.763265553715,969,967,965,0.989830508475,0.973333333333,0.720588235294,0.7423472857,4,0,2,0,2,0,0.029411764706,0.029411764706,584,19476,16,20384,1476,40460,0.036480474543,584,586,2,0.003016591252,75,1.0,617,631,1,75,612,631,68,0.906666666667,0.763265553715,969,967,965,0.995098039216,0.987321711569,0.720588235294,0.7423472857,4,0,2,0,2,0,0.029411764706,0.029411764706,1218,40398,16,42892,3696,84524,0.043727225403,1232,1234,2,0.001525553013,75,1.0,61,80,h300_donor_minus_receiver_support_frac
MOT20-05,89,137,142,158,u_to_v,0.00617,-0.00242,0.002490912063,mot20_05_r0089_137_142_f158_u_to_v,168,572,137,142,1,"{""142"": 572}",572,30,30,1,30,24,6,30,1.0,0.7914921728,170,170,170,1.0,1.0,1.0,-0.0,1,1,30,30,0,0,0.0,0.0,720,0,180,0,540,900,0.6,36,54,18,0.3,30,1.0,60,60,1,60,54,27,60,1.0,0.820913859088,170,169,170,1.0,0.777777777778,1.0,-0.0,1,0,60,0,60,0,1.0,1.0,3240,0,360,1260,4140,4860,0.851851851852,75,135,60,0.425531914894,60,1.0,120,120,1,120,114,86,120,1.0,0.804840204358,170,169,170,1.0,0.93023255814,1.0,-0.0,1,0,120,0,120,0,1.0,1.0,13680,0,720,9600,22560,24000,0.94,194,314,120,0.375,120,1.0,167,167,1,300,161,133,296,0.986666666667,0.806672936093,170,169,170,1.0,0.954887218045,0.844594594595,0.431971840459,2,0,250,46,250,46,0.689189189189,0.689189189189,40250,7406,7342,32026,57528,87024,0.661059018202,334,538,204,0.345762711864,300,1.0,167,167,1,572,161,133,557,0.973776223776,0.804669509832,170,169,169,1.0,0.954887218045,0.543985637343,0.726207166356,3,0,250,303,250,303,-0.095152603232,-0.095152603232,40250,49427,39981,34100,-15058,163758,-0.09195275956,591,538,-53,-0.062279670975,572,1.0,81,100,h300_donor_minus_receiver_support_frac
MOT20-01,37,20,27,70,v_to_u,0.83944,0.436431,0.173332313731,mot20_01_r0037_20_27_f70_v_to_u,83,347,27,20,1,"{""20"": 347}",347,30,30,1,30,30,30,30,1.0,0.80894454277,8,7,8,1.0,1.0,0.9,0.325082973391,2,0,27,3,27,3,0.8,0.8,810,90,90,810,1440,1800,0.8,63,87,24,0.266666666667,30,1.0,60,60,1,60,60,60,60,1.0,0.83731958848,8,7,8,1.0,1.0,0.85,0.51818621305,3,0,51,3,51,3,0.8,0.8,3060,540,180,3420,5760,7200,0.8,123,171,48,0.266666666667,60,1.0,82,82,1,120,82,82,120,1.0,0.850229876179,8,7,8,1.0,1.0,0.925,0.31412302589,3,0,111,3,111,3,0.9,0.9,9102,738,246,9594,17712,19680,0.9,167,275,108,0.380281690141,120,1.0,82,82,1,300,82,82,300,1.0,0.884379393102,8,7,8,1.0,1.0,0.97,0.153837593229,3,0,291,3,291,3,0.96,0.96,23862,738,246,24354,47232,49200,0.96,291,455,164,0.353448275862,300,1.0,82,82,1,347,82,82,347,1.0,0.888480013832,8,7,8,1.0,1.0,0.974063400576,0.136829372585,3,0,338,3,338,3,0.965417867435,0.965417867435,27716,738,246,28208,54940,56908,0.965417867435,338,502,164,0.320939334638,347,1.0,21,40,h300_pairwise_net_norm
MOT20-01,49,17,28,347,u_to_v,0.075333,0.046867,0.0,mot20_01_r0049_17_28_f347_u_to_v,348,82,17,28,1,"{""28"": 82}",82,30,30,1,30,30,27,26,0.866666666667,0.878066901315,30,28,52,1.0,0.962962962963,0.807692307692,0.489551893623,2,0,5,0,5,0,0.192307692308,0.192307692308,150,630,0,702,222,1482,0.14979757085,56,61,5,0.060240963855,30,1.0,60,60,1,60,58,57,56,0.933333333333,0.895178151517,30,28,52,1.0,0.982456140351,0.910714285714,0.300882104465,2,0,5,0,5,0,0.089285714286,0.089285714286,290,2958,0,3192,524,6440,0.081366459627,114,119,5,0.029239766082,60,1.0,120,120,1,82,118,117,78,0.951219512195,0.881958791002,30,28,52,0.516949152542,0.991452991453,0.935897435897,0.238109739946,2,0,5,0,5,0,0.064102564103,0.064102564103,305,8899,0,9126,532,18330,0.029023458811,177,189,12,0.038338658147,82,1.0,300,300,1,82,298,297,78,0.951219512195,0.881958791002,29,28,52,0.741610738255,0.996632996633,0.935897435897,0.238109739946,2,0,0,0,0,0,0.0,0.0,385,22859,0,23166,692,46410,0.014910579616,517,517,0,0.0,82,1.0,347,347,1,82,345,344,78,0.951219512195,0.881958791002,29,28,52,0.776811594203,0.997093023256,0.935897435897,0.238109739946,2,0,0,0,0,0,0.0,0.0,385,26525,0,26832,692,53742,0.012876335082,611,611,0,0.0,82,1.0,41,60,h300_pairwise_net_norm
MOT20-01,74,17,29,181,v_to_u,0.0829,0.040357,0.040784073819,mot20_01_r0074_17_29_f181_v_to_u,340,8,29,17,1,"{""17"": 8}",8,30,30,1,8,23,30,8,1.0,0.870533002732,29,30,30,1.0,1.0,1.0,-0.0,1,0,0,8,0,8,-1.0,-1.0,0,184,240,0,-424,424,-1.0,61,53,-8,-0.131147540984,8,1.0,60,60,1,8,53,58,8,1.0,0.870533002732,29,30,30,0.905660377358,0.913793103448,1.0,-0.0,1,0,0,8,0,8,-1.0,-1.0,40,384,424,40,-728,888,-0.81981981982,109,101,-8,-0.067226890756,8,1.0,120,120,1,8,113,118,8,1.0,0.870533002732,30,29,30,0.575221238938,0.550847457627,1.0,-0.0,1,0,8,0,8,0,1.0,1.0,520,384,424,520,232,1848,0.125541125541,130,138,8,0.033472803347,8,1.0,300,300,1,8,286,298,8,1.0,0.870533002732,30,29,30,0.786713286713,0.768456375839,1.0,-0.0,1,0,8,0,8,0,1.0,1.0,1800,488,552,1832,2592,4672,0.554794520548,454,462,8,0.013513513514,8,1.0,339,339,1,8,325,337,8,1.0,0.870533002732,30,29,30,0.812307692308,0.795252225519,1.0,-0.0,1,0,8,0,8,0,1.0,1.0,2112,488,552,2144,3216,5296,0.607250755287,532,540,8,0.011940298507,8,1.0,61,80,h300_pairwise_net_norm
MOT20-01,81,17,29,35,v_to_u,0.0829,0.040357,0.040784073819,mot20_01_r0081_17_29_f35_v_to_u,340,8,29,17,1,"{""17"": 8}",8,30,30,1,8,23,30,8,1.0,0.870533002732,29,30,30,1.0,1.0,1.0,-0.0,1,0,0,8,0,8,-1.0,-1.0,0,184,240,0,-424,424,-1.0,61,53,-8,-0.131147540984,8,1.0,60,60,1,8,53,58,8,1.0,0.870533002732,29,30,30,0.905660377358,0.913793103448,1.0,-0.0,1,0,0,8,0,8,-1.0,-1.0,40,384,424,40,-728,888,-0.81981981982,109,101,-8,-0.067226890756,8,1.0,120,120,1,8,113,118,8,1.0,0.870533002732,30,29,30,0.575221238938,0.550847457627,1.0,-0.0,1,0,8,0,8,0,1.0,1.0,520,384,424,520,232,1848,0.125541125541,130,138,8,0.033472803347,8,1.0,300,300,1,8,286,298,8,1.0,0.870533002732,30,29,30,0.786713286713,0.768456375839,1.0,-0.0,1,0,8,0,8,0,1.0,1.0,1800,488,552,1832,2592,4672,0.554794520548,454,462,8,0.013513513514,8,1.0,339,339,1,8,325,337,8,1.0,0.870533002732,30,29,30,0.812307692308,0.795252225519,1.0,-0.0,1,0,8,0,8,0,1.0,1.0,2112,488,552,2144,3216,5296,0.607250755287,532,540,8,0.011940298507,8,1.0,81,100,h300_pairwise_net_norm
MOT20-02,31,129,130,1047,v_to_u,0.005914,0.00325,0.003270207429,mot20_02_r0031_129_130_f1047_v_to_u,1067,6,130,129,1,"{""129"": 6}",6,30,30,1,6,30,30,6,1.0,0.67155966403,277,279,277,0.533333333333,0.933333333333,0.666666666667,0.867563228481,3,0,4,1,4,1,0.5,0.5,78,102,36,144,84,360,0.233333333333,45,48,3,0.045454545455,6,1.0,60,60,1,6,60,60,6,1.0,0.67155966403,277,279,277,0.766666666667,0.966666666667,0.666666666667,0.867563228481,3,0,4,1,4,1,0.5,0.5,198,162,66,294,264,720,0.366666666667,105,108,3,0.02380952381,6,1.0,120,120,1,6,120,120,6,1.0,0.67155966403,277,279,277,0.883333333333,0.983333333333,0.666666666667,0.867563228481,3,0,4,1,4,1,0.5,0.5,438,282,126,594,624,1440,0.433333333333,225,228,3,0.012195121951,6,1.0,300,300,1,6,300,300,6,1.0,0.67155966403,277,279,277,0.953333333333,0.993333333333,0.666666666667,0.867563228481,3,0,4,1,4,1,0.5,0.5,1158,642,306,1494,1704,3600,0.473333333333,585,588,3,0.00495049505,6,1.0,494,502,1,6,494,502,6,1.0,0.67155966403,277,279,277,0.971659919028,0.982071713147,0.666666666667,0.867563228481,3,0,4,1,4,1,0.5,0.5,1934,1030,529,2483,2858,5976,0.478246318608,974,977,3,0.002994011976,6,1.0,21,40,h300_pairwise_net_norm
MOT20-02,48,233,249,1540,u_to_v,0.21713,0.10687,0.189017989411,mot20_02_r0048_233_249_f1540_u_to_v,1808,374,233,249,1,"{""249"": 374}",374,30,30,1,30,30,30,30,1.0,0.868627149917,33,62,62,0.733333333333,0.733333333333,1.0,-0.0,1,0,0,30,0,30,-1.0,-1.0,240,660,660,240,-840,1800,-0.466666666667,74,46,-28,-0.311111111111,30,1.0,60,60,1,60,60,60,60,1.0,0.86450652704,62,33,62,0.633333333333,0.633333333333,1.0,-0.0,1,0,60,0,60,0,1.0,1.0,2280,1320,1320,2280,1920,7200,0.266666666667,104,136,32,0.177777777778,60,1.0,120,120,1,120,120,120,120,1.0,0.870325567621,62,33,62,0.816666666667,0.816666666667,1.0,-0.0,1,0,120,0,120,0,1.0,1.0,11760,2640,2640,11760,18240,28800,0.633333333333,196,316,120,0.333333333333,120,1.0,300,300,1,300,300,300,300,1.0,0.870710031809,62,33,62,0.923333333333,0.593333333333,1.0,-0.0,1,0,300,0,300,0,1.0,1.0,83100,6900,6600,83400,153000,180000,0.85,455,755,300,0.333333333333,300,1.0,483,403,1,374,483,403,368,0.983957219251,0.87113302628,62,33,62,0.679089026915,0.441687344913,1.0,-0.0,1,0,368,0,368,0,1.0,1.0,120704,57040,8096,140208,195776,326048,0.600451467269,522,874,352,0.280701754386,374,1.0,41,60,h300_pairwise_net_norm
MOT20-02,63,347,477,2185,u_to_v,0.00764,0.00436,0.005232331887,mot20_02_r0063_347_477_f2185_u_to_v,2757,8,347,477,1,"{""477"": 8}",8,30,30,1,8,30,22,8,1.0,0.686233852512,128,141,128,1.0,1.0,1.0,-0.0,1,0,8,0,8,0,1.0,1.0,240,0,0,176,416,416,1.0,52,60,8,0.133333333333,8,1.0,60,60,1,8,60,52,8,1.0,0.686233852512,128,141,128,1.0,1.0,1.0,-0.0,1,0,8,0,8,0,1.0,1.0,480,0,0,416,896,896,1.0,112,120,8,0.066666666667,8,1.0,120,120,1,8,120,112,8,1.0,0.686233852512,128,141,128,1.0,1.0,1.0,-0.0,1,0,8,0,8,0,1.0,1.0,960,0,0,896,1856,1856,1.0,232,240,8,0.033333333333,8,1.0,300,300,1,8,289,277,8,1.0,0.686233852512,128,141,128,1.0,0.996389891697,1.0,-0.0,1,0,8,0,8,0,1.0,1.0,2312,0,0,2216,4528,4528,1.0,565,573,8,0.01393728223,8,1.0,949,585,1,8,861,552,8,1.0,0.686233852512,128,141,128,0.638792102207,0.949275362319,1.0,-0.0,1,0,8,0,8,0,1.0,1.0,4400,2488,176,4240,5976,11304,0.528662420382,1074,1082,8,0.005629838142,8,1.0,61,80,h300_pairwise_net_norm
MOT20-02,91,262,454,2111,v_to_u,0.14551,0.07349,0.141272960944,mot20_02_r0091_262_454_f2111_v_to_u,2136,593,454,262,1,"{""262"": 593}",593,30,30,1,30,7,28,30,1.0,0.843545944074,133,126,126,0.714285714286,1.0,1.0,-0.0,1,0,0,30,0,30,-1.0,-1.0,60,150,840,0,-930,1050,-0.885714285714,63,33,-30,-0.461538461538,30,1.0,40,60,1,60,8,58,60,1.0,0.845316218314,133,126,126,0.625,0.568965517241,1.0,-0.0,1,0,0,60,0,60,-1.0,-1.0,120,360,1980,1500,-720,3960,-0.181818181818,98,87,-11,-0.087301587302,60,1.0,40,120,1,120,8,118,120,1.0,0.820915690745,133,19,126,0.625,0.720338983051,0.816666666667,0.563336059479,3,0,0,0,0,0,0.0,0.0,196,764,3234,10926,7124,15120,0.471164021164,136,185,49,0.19918699187,120,1.0,40,300,1,300,8,298,300,1.0,0.848220258916,133,19,160,0.625,0.671140939597,0.66,0.69728626655,3,0,0,0,0,0,0.0,0.0,196,2204,3234,86166,80924,91800,0.881525054466,205,398,193,0.318481848185,300,1.0,40,683,1,593,8,679,586,0.988195615514,0.831673977201,133,105,160,0.625,0.653902798233,0.757679180887,0.752325817242,5,0,0,0,0,0,0.0,0.0,231,4457,3234,394660,387200,402582,0.961791634996,449,888,439,0.344854673998,593,1.0,81,100,h300_pairwise_net_norm
MOT20-03,27,355,403,2122,v_to_u,0.00012,5.5e-05,0.000968377629,mot20_03_r0027_355_403_f2122_v_to_u,2127,24,403,355,1,"{""355"": 24}",24,30,30,1,24,29,30,3,0.125,0.745929006245,678,677,678,1.0,1.0,0.666666666667,0.636514168295,2,0,2,1,2,1,0.333333333333,0.333333333333,58,29,30,60,59,177,0.333333333333,60,61,1,0.016129032258,24,1.0,60,60,1,24,59,60,3,0.125,0.745929006245,678,677,678,1.0,1.0,0.666666666667,0.636514168295,2,0,2,1,2,1,0.333333333333,0.333333333333,118,59,60,120,119,357,0.333333333333,120,121,1,0.008196721311,24,1.0,120,120,1,24,119,120,3,0.125,0.745929006245,678,677,678,0.991596638655,0.675,0.666666666667,0.636514168295,2,0,2,1,2,1,0.333333333333,0.333333333333,236,121,83,277,309,717,0.430962343096,200,201,1,0.004132231405,24,1.0,300,300,1,24,299,300,3,0.125,0.745929006245,678,679,678,0.996655518395,0.726666666667,0.666666666667,0.636514168295,2,0,2,0,2,0,0.666666666667,0.666666666667,596,301,83,817,1029,1797,0.572621035058,516,518,2,0.003322259136,24,1.0,745,897,1,24,744,897,3,0.125,0.745929006245,678,679,678,0.990591397849,0.908584169454,0.666666666667,0.636514168295,2,0,2,0,2,0,0.666666666667,0.666666666667,1474,758,83,2608,3241,4923,0.658338411538,1552,1554,2,0.001216545012,24,1.0,21,40,h300_pairwise_net_norm
MOT20-03,52,174,180,1198,v_to_u,0.0091,0.001957,0.0022595478,mot20_03_r0052_174_180_f1198_v_to_u,1203,19,180,174,1,"{""174"": 19}",19,30,30,1,19,30,30,19,1.0,0.756593415779,310,428,428,1.0,1.0,0.684210526316,0.623654849568,2,0,6,13,6,13,-0.368421052632,-0.368421052632,180,390,390,180,-420,1140,-0.368421052632,73,66,-7,-0.088607594937,19,1.0,60,60,1,19,60,60,19,1.0,0.756593415779,310,428,428,1.0,0.8,0.684210526316,0.623654849568,2,0,6,13,6,13,-0.368421052632,-0.368421052632,360,780,624,516,-528,2280,-0.231578947368,121,114,-7,-0.05035971223,19,1.0,120,120,1,19,120,120,19,1.0,0.756593415779,310,325,428,1.0,0.6,0.684210526316,0.623654849568,2,0,6,0,6,0,0.315789473684,0.315789473684,720,1560,624,1656,192,4560,0.042105263158,192,198,6,0.023166023166,19,1.0,300,300,1,19,300,300,19,1.0,0.756593415779,310,325,428,1.0,0.84,0.684210526316,0.623654849568,2,0,6,0,6,0,0.315789473684,0.315789473684,1800,3900,624,5076,2352,11400,0.206315789474,552,558,6,0.009693053312,19,1.0,636,656,1,19,635,656,19,1.0,0.756593415779,310,325,428,1.0,0.926829268293,0.684210526316,0.623654849568,2,0,6,0,6,0,0.315789473684,0.315789473684,3810,8255,624,11840,6771,24529,0.276040604998,1243,1249,6,0.004580152672,19,1.0,41,60,h300_pairwise_net_norm
MOT20-03,73,302,322,1195,v_to_u,0.01164,0.005897,0.022595477999,mot20_03_r0073_302_322_f1195_v_to_u,1231,109,322,302,1,"{""302"": 109}",109,30,30,1,30,21,0,23,0.766666666667,0.799508747495,274,-1,276,1.0,,1.0,-0.0,1,0,0,0,0,0,0.0,0.0,0,483,0,0,-483,483,-1.0,44,23,-21,-0.477272727273,30,1.0,60,60,1,60,38,27,53,0.883333333333,0.814328322539,274,274,276,0.605263157895,1.0,1.0,-0.0,1,1,0,0,0,0,0.0,0.0,0,2014,0,1431,-583,3445,-0.169230769231,76,80,4,0.033898305085,60,1.0,73,120,1,109,51,87,87,0.798165137615,0.839101864922,277,274,276,0.470588235294,1.0,1.0,-0.0,1,0,0,0,0,0,0.0,0.0,0,4437,0,7569,3132,12006,0.260869565217,111,174,63,0.28,109,1.0,73,126,1,109,51,93,87,0.798165137615,0.839101864922,277,274,276,0.470588235294,1.0,1.0,-0.0,1,0,0,0,0,0,0.0,0.0,0,4437,0,8091,3654,12528,0.291666666667,117,180,63,0.272727272727,109,1.0,73,126,1,109,51,93,87,0.798165137615,0.839101864922,277,274,276,0.470588235294,1.0,1.0,-0.0,1,0,0,0,0,0,0.0,0.0,0,4437,0,8091,3654,12528,0.291666666667,117,180,63,0.272727272727,109,1.0,61,80,h300_pairwise_net_norm
MOT20-03,87,433,458,2341,u_to_v,0.010515,0.005324,0.004841888143,mot20_03_r0087_433_458_f2341_u_to_v,2346,15,433,458,1,"{""458"": 15}",15,30,30,1,15,28,2,15,1.0,0.762633230399,236,236,236,1.0,1.0,1.0,-0.0,1,1,15,15,0,0,0.0,0.0,420,0,30,0,390,450,0.866666666667,28,43,15,0.333333333333,15,1.0,60,60,1,15,58,13,15,1.0,0.762633230399,236,646,236,1.0,0.846153846154,1.0,-0.0,1,0,15,0,15,0,1.0,1.0,870,0,30,165,1005,1065,0.943661971831,69,84,15,0.174418604651,15,1.0,120,120,1,15,118,73,15,1.0,0.762633230399,236,646,236,1.0,0.972602739726,1.0,-0.0,1,0,15,0,15,0,1.0,1.0,1770,0,30,1065,2805,2865,0.979057591623,189,204,15,0.072815533981,15,1.0,300,300,1,15,298,253,15,1.0,0.762633230399,236,646,236,1.0,0.99209486166,1.0,-0.0,1,0,15,0,15,0,1.0,1.0,4470,0,30,3765,8205,8265,0.992740471869,549,564,15,0.026501766784,15,1.0,867,808,1,15,865,761,15,1.0,0.762633230399,236,646,236,1.0,0.997371879106,1.0,-0.0,1,0,15,0,15,0,1.0,1.0,12975,0,30,11385,24330,24390,0.9975399754,1624,1639,15,0.009140767824,15,1.0,81,100,h300_pairwise_net_norm
MOT20-05,28,525,874,1582,v_to_u,0.0097,0.005942,0.005448870138,mot20_05_r0028_525_874_f1582_v_to_u,1583,52,874,525,1,"{""525"": 52}",52,30,30,1,30,30,27,30,1.0,0.788181715605,1075,1098,1075,0.866666666667,0.888888888889,1.0,-0.0,1,0,30,0,30,0,1.0,1.0,780,120,90,720,1290,1710,0.754385964912,50,80,30,0.344827586207,30,1.0,60,60,1,52,60,57,35,0.673076923077,0.792866344956,1075,1098,1075,0.933333333333,0.947368421053,1.0,-0.0,1,0,35,0,35,0,1.0,1.0,1960,140,105,1890,3605,4095,0.880341880342,110,145,35,0.230263157895,52,1.0,120,120,1,52,120,117,35,0.673076923077,0.792866344956,1075,1098,1075,0.966666666667,0.974358974359,1.0,-0.0,1,0,35,0,35,0,1.0,1.0,4060,140,105,3990,7805,8295,0.940928270042,230,265,35,0.128676470588,52,1.0,273,300,1,52,273,297,35,0.673076923077,0.792866344956,1075,1098,1075,0.985347985348,0.989898989899,1.0,-0.0,1,0,35,0,35,0,1.0,1.0,9415,140,105,10290,19460,19950,0.975438596491,563,598,35,0.057851239669,52,1.0,273,910,1,52,273,907,35,0.673076923077,0.792866344956,1075,1098,1075,0.985347985348,0.996692392503,1.0,-0.0,1,0,35,0,35,0,1.0,1.0,9415,140,105,31640,40810,41300,0.98813559322,1173,1208,35,0.028806584362,52,1.0,21,40,h300_pairwise_net_norm
MOT20-05,50,879,1054,1998,u_to_v,0.018484,0.008761,0.011676150295,mot20_05_r0050_879_1054_f1998_u_to_v,2077,75,879,1054,1,"{""1054"": 75}",75,30,30,1,30,30,30,30,1.0,0.831905515321,1015,475,475,1.0,1.0,1.0,-0.0,1,0,0,30,0,30,-1.0,-1.0,0,900,900,0,-1800,1800,-1.0,90,60,-30,-0.333333333333,30,1.0,60,60,1,60,60,60,60,1.0,0.858302096118,1015,475,475,0.583333333333,1.0,1.0,-0.0,1,0,0,60,0,60,-1.0,-1.0,0,3600,3600,0,-7200,7200,-1.0,155,95,-60,-0.333333333333,60,1.0,120,120,1,75,120,120,75,1.0,0.86759402236,475,475,475,0.35,0.65,1.0,-0.0,1,1,75,75,0,0,0.0,0.0,3150,5850,5850,3150,-5400,18000,-0.3,188,158,-30,-0.095238095238,75,1.0,300,300,1,75,300,300,75,1.0,0.86759402236,475,467,475,0.74,0.736666666667,1.0,-0.0,1,0,75,0,75,0,1.0,1.0,16650,5850,5850,16650,21600,45000,0.48,443,518,75,0.111111111111,75,1.0,751,349,1,75,751,345,75,1.0,0.86759402236,475,467,475,0.896138482024,0.771014492754,1.0,-0.0,1,0,75,0,75,0,1.0,1.0,50475,5850,5850,20025,58800,82200,0.715328467153,939,1014,75,0.064047822374,75,1.0,41,60,h300_pairwise_net_norm
MOT20-05,67,142,394,395,v_to_u,-0.00326,-0.002394,-0.008095464205,mot20_05_r0067_142_394_f395_v_to_u,408,332,393,142,1,"{""142"": 332}",332,24,30,1,30,4,26,30,1.0,0.819406027202,170,170,169,1.0,1.0,0.533333333333,0.690923309314,2,1,14,14,0,0,0.0,0.0,56,64,364,416,44,900,0.048888888889,40,42,2,0.033333333333,30,1.0,24,60,1,60,4,56,60,1.0,0.863196583117,170,170,169,1.0,1.0,0.766666666667,0.543272781337,2,1,14,14,0,0,0.0,0.0,56,184,784,2576,1664,3600,0.462222222222,70,102,32,0.266666666667,60,1.0,24,120,1,120,4,116,120,1.0,0.876472073444,170,170,169,1.0,1.0,0.883333333333,0.360230521195,2,1,14,14,0,0,0.0,0.0,56,424,1624,12296,10304,14400,0.715555555556,130,222,92,0.383333333333,120,1.0,24,300,1,300,4,263,300,1.0,0.816052393367,170,170,169,1.0,0.920152091255,0.953333333333,0.188580939626,2,1,14,14,0,0,0.0,0.0,56,1144,9394,69506,59024,80100,0.736878901373,311,528,217,0.382716049383,300,1.0,24,407,1,332,4,369,321,0.96686746988,0.813761753519,170,170,169,1.0,0.655826558266,0.943925233645,0.245730780051,3,1,14,14,0,0,0.0,0.0,56,1228,41869,76580,33539,119733,0.280114922369,434,545,111,0.159942363112,332,1.0,61,80,h300_pairwise_net_norm
MOT20-05,89,137,142,158,u_to_v,0.00617,-0.00242,0.002490912063,mot20_05_r0089_137_142_f158_u_to_v,168,572,137,142,1,"{""142"": 572}",572,30,30,1,30,24,6,30,1.0,0.7914921728,170,170,170,1.0,1.0,1.0,-0.0,1,1,30,30,0,0,0.0,0.0,720,0,180,0,540,900,0.6,36,54,18,0.3,30,1.0,60,60,1,60,54,27,60,1.0,0.820913859088,170,169,170,1.0,0.777777777778,1.0,-0.0,1,0,60,0,60,0,1.0,1.0,3240,0,360,1260,4140,4860,0.851851851852,75,135,60,0.425531914894,60,1.0,120,120,1,120,114,86,120,1.0,0.804840204358,170,169,170,1.0,0.93023255814,1.0,-0.0,1,0,120,0,120,0,1.0,1.0,13680,0,720,9600,22560,24000,0.94,194,314,120,0.375,120,1.0,167,167,1,300,161,133,296,0.986666666667,0.806672936093,170,169,170,1.0,0.954887218045,0.844594594595,0.431971840459,2,0,250,46,250,46,0.689189189189,0.689189189189,40250,7406,7342,32026,57528,87024,0.661059018202,334,538,204,0.345762711864,300,1.0,167,167,1,572,161,133,557,0.973776223776,0.804669509832,170,169,169,1.0,0.954887218045,0.543985637343,0.726207166356,3,0,250,303,250,303,-0.095152603232,-0.095152603232,40250,49427,39981,34100,-15058,163758,-0.09195275956,591,538,-53,-0.062279670975,572,1.0,81,100,h300_pairwise_net_norm
MOT20-01,37,20,27,70,v_to_u,0.83944,0.436431,0.173332313731,mot20_01_r0037_20_27_f70_v_to_u,83,347,27,20,1,"{""20"": 347}",347,30,30,1,30,30,30,30,1.0,0.80894454277,8,7,8,1.0,1.0,0.9,0.325082973391,2,0,27,3,27,3,0.8,0.8,810,90,90,810,1440,1800,0.8,63,87,24,0.266666666667,30,1.0,60,60,1,60,60,60,60,1.0,0.83731958848,8,7,8,1.0,1.0,0.85,0.51818621305,3,0,51,3,51,3,0.8,0.8,3060,540,180,3420,5760,7200,0.8,123,171,48,0.266666666667,60,1.0,82,82,1,120,82,82,120,1.0,0.850229876179,8,7,8,1.0,1.0,0.925,0.31412302589,3,0,111,3,111,3,0.9,0.9,9102,738,246,9594,17712,19680,0.9,167,275,108,0.380281690141,120,1.0,82,82,1,300,82,82,300,1.0,0.884379393102,8,7,8,1.0,1.0,0.97,0.153837593229,3,0,291,3,291,3,0.96,0.96,23862,738,246,24354,47232,49200,0.96,291,455,164,0.353448275862,300,1.0,82,82,1,347,82,82,347,1.0,0.888480013832,8,7,8,1.0,1.0,0.974063400576,0.136829372585,3,0,338,3,338,3,0.965417867435,0.965417867435,27716,738,246,28208,54940,56908,0.965417867435,338,502,164,0.320939334638,347,1.0,21,40,h300_idtp_delta_norm
MOT20-01,49,17,28,347,u_to_v,0.075333,0.046867,0.0,mot20_01_r0049_17_28_f347_u_to_v,348,82,17,28,1,"{""28"": 82}",82,30,30,1,30,30,27,26,0.866666666667,0.878066901315,30,28,52,1.0,0.962962962963,0.807692307692,0.489551893623,2,0,5,0,5,0,0.192307692308,0.192307692308,150,630,0,702,222,1482,0.14979757085,56,61,5,0.060240963855,30,1.0,60,60,1,60,58,57,56,0.933333333333,0.895178151517,30,28,52,1.0,0.982456140351,0.910714285714,0.300882104465,2,0,5,0,5,0,0.089285714286,0.089285714286,290,2958,0,3192,524,6440,0.081366459627,114,119,5,0.029239766082,60,1.0,120,120,1,82,118,117,78,0.951219512195,0.881958791002,30,28,52,0.516949152542,0.991452991453,0.935897435897,0.238109739946,2,0,5,0,5,0,0.064102564103,0.064102564103,305,8899,0,9126,532,18330,0.029023458811,177,189,12,0.038338658147,82,1.0,300,300,1,82,298,297,78,0.951219512195,0.881958791002,29,28,52,0.741610738255,0.996632996633,0.935897435897,0.238109739946,2,0,0,0,0,0,0.0,0.0,385,22859,0,23166,692,46410,0.014910579616,517,517,0,0.0,82,1.0,347,347,1,82,345,344,78,0.951219512195,0.881958791002,29,28,52,0.776811594203,0.997093023256,0.935897435897,0.238109739946,2,0,0,0,0,0,0.0,0.0,385,26525,0,26832,692,53742,0.012876335082,611,611,0,0.0,82,1.0,41,60,h300_idtp_delta_norm
MOT20-01,74,17,29,181,v_to_u,0.0829,0.040357,0.040784073819,mot20_01_r0074_17_29_f181_v_to_u,340,8,29,17,1,"{""17"": 8}",8,30,30,1,8,23,30,8,1.0,0.870533002732,29,30,30,1.0,1.0,1.0,-0.0,1,0,0,8,0,8,-1.0,-1.0,0,184,240,0,-424,424,-1.0,61,53,-8,-0.131147540984,8,1.0,60,60,1,8,53,58,8,1.0,0.870533002732,29,30,30,0.905660377358,0.913793103448,1.0,-0.0,1,0,0,8,0,8,-1.0,-1.0,40,384,424,40,-728,888,-0.81981981982,109,101,-8,-0.067226890756,8,1.0,120,120,1,8,113,118,8,1.0,0.870533002732,30,29,30,0.575221238938,0.550847457627,1.0,-0.0,1,0,8,0,8,0,1.0,1.0,520,384,424,520,232,1848,0.125541125541,130,138,8,0.033472803347,8,1.0,300,300,1,8,286,298,8,1.0,0.870533002732,30,29,30,0.786713286713,0.768456375839,1.0,-0.0,1,0,8,0,8,0,1.0,1.0,1800,488,552,1832,2592,4672,0.554794520548,454,462,8,0.013513513514,8,1.0,339,339,1,8,325,337,8,1.0,0.870533002732,30,29,30,0.812307692308,0.795252225519,1.0,-0.0,1,0,8,0,8,0,1.0,1.0,2112,488,552,2144,3216,5296,0.607250755287,532,540,8,0.011940298507,8,1.0,61,80,h300_idtp_delta_norm
MOT20-01,93,62,95,368,v_to_u,0.00134,0.000733,0.0,mot20_01_r0093_62_95_f368_v_to_u,422,8,95,62,1,"{""62"": 8}",8,30,30,1,8,30,30,8,1.0,0.885525552937,48,20,20,1.0,1.0,1.0,-0.0,1,0,0,8,0,8,-1.0,-1.0,0,240,240,0,-480,480,-1.0,68,60,-8,-0.117647058824,8,1.0,54,60,1,8,54,55,8,1.0,0.885525552937,48,20,20,1.0,1.0,1.0,-0.0,1,0,0,8,0,8,-1.0,-1.0,0,432,440,0,-872,872,-1.0,117,109,-8,-0.068376068376,8,1.0,54,120,1,8,54,109,8,1.0,0.885525552937,48,20,20,1.0,0.504587155963,1.0,-0.0,1,0,0,8,0,8,-1.0,-1.0,0,432,440,432,-440,1304,-0.337423312883,117,109,-8,-0.046783625731,8,1.0,54,221,1,8,54,210,8,1.0,0.885525552937,48,48,20,1.0,0.738095238095,1.0,-0.0,1,1,0,0,0,0,0.0,0.0,0,432,440,1240,368,2112,0.174242424242,155,163,8,0.029411764706,8,1.0,54,221,1,8,54,210,8,1.0,0.885525552937,48,48,20,1.0,0.738095238095,1.0,-0.0,1,1,0,0,0,0,0.0,0.0,0,432,440,1240,368,2112,0.174242424242,155,163,8,0.029411764706,8,1.0,81,100,h300_idtp_delta_norm
MOT20-02,34,310,453,2119,u_to_v,0.004084,0.00223,-0.003924248915,mot20_02_r0034_310_453_f2119_u_to_v,2131,68,440,453,1,"{""453"": 68}",68,30,30,1,30,21,30,30,1.0,0.882888887105,180,78,78,0.619047619048,0.666666666667,1.0,-0.0,1,0,0,30,0,30,-1.0,-1.0,240,390,600,300,-450,1530,-0.294117647059,63,46,-17,-0.20987654321,30,1.0,60,37,1,60,51,37,60,1.0,0.885726690694,78,78,78,0.666666666667,0.540540540541,1.0,-0.0,1,1,60,60,0,0,0.0,0.0,2040,1020,1200,1020,840,5280,0.159090909091,97,109,12,0.081081081081,60,1.0,61,37,1,68,52,37,66,0.970588235294,0.883394695159,78,78,78,0.673076923077,0.540540540541,1.0,-0.0,1,1,66,66,0,0,0.0,0.0,2310,1122,1320,1122,990,5874,0.168539325843,103,116,13,0.083870967742,68,1.0,61,37,1,68,52,37,66,0.970588235294,0.883394695159,78,78,78,0.673076923077,0.540540540541,1.0,-0.0,1,1,66,66,0,0,0.0,0.0,2310,1122,1320,1122,990,5874,0.168539325843,103,116,13,0.083870967742,68,1.0,61,37,1,68,52,37,66,0.970588235294,0.883394695159,78,78,78,0.673076923077,0.540540540541,1.0,-0.0,1,1,66,66,0,0,0.0,0.0,2310,1122,1320,1122,990,5874,0.168539325843,103,116,13,0.083870967742,68,1.0,21,40,h300_idtp_delta_norm
MOT20-02,56,214,246,1536,v_to_u,0.10592,0.05033,0.033356115778,mot20_02_r0056_214_246_f1536_v_to_u,1537,298,246,214,1,"{""214"": 298}",298,30,30,1,30,28,30,30,1.0,0.878059643864,38,36,38,0.535714285714,0.5,0.933333333333,0.244930026795,2,0,28,0,28,0,0.933333333333,0.933333333333,420,420,420,480,60,1740,0.034482758621,56,58,2,0.022727272727,30,1.0,60,60,1,60,50,60,60,1.0,0.872285394379,38,36,38,0.68,0.75,0.966666666667,0.146144746009,2,0,58,0,58,0,0.966666666667,0.966666666667,1972,1028,870,2730,2804,6600,0.424848484848,86,137,51,0.3,60,1.0,120,120,1,120,91,120,120,1.0,0.878390428917,62,36,38,0.43956043956,0.875,0.983333333333,0.084766075715,2,0,0,0,0,0,0.0,0.0,4130,6790,1770,12630,8200,25320,0.323854660348,173,258,85,0.256797583082,120,1.0,145,300,1,298,116,300,298,1.0,0.86502922649,62,36,38,0.560344827586,0.95,0.993288590604,0.040272369589,2,0,0,0,0,0,0.0,0.0,10360,24208,4440,84960,66672,123968,0.537816210635,376,616,240,0.336134453782,298,1.0,145,315,1,298,116,314,298,1.0,0.86502922649,62,36,38,0.560344827586,0.945859872611,0.993288590604,0.040272369589,2,0,0,0,0,0,0.0,0.0,10360,24208,4444,89128,70836,128140,0.552801623225,376,628,252,0.346153846154,298,1.0,41,60,h300_idtp_delta_norm
MOT20-02,77,104,117,513,v_to_u,0.015433,0.00826,-0.010464663774,mot20_02_r0077_104_117_f513_v_to_u,514,617,117,104,1,"{""104"": 617}",617,1,30,1,30,1,29,30,1.0,0.918382229372,276,276,276,1.0,0.551724137931,1.0,-0.0,1,1,30,30,0,0,0.0,0.0,30,0,480,390,-60,900,-0.066666666667,46,41,-5,-0.083333333333,30,1.0,1,60,1,60,1,59,60,1.0,0.900825592477,276,55,276,1.0,0.661016949153,1.0,-0.0,1,0,60,0,60,0,1.0,1.0,60,0,960,2580,1680,3600,0.466666666667,76,100,24,0.2,60,1.0,1,86,1,120,1,85,120,1.0,0.854508086107,276,55,276,1.0,0.6,1.0,-0.0,1,0,120,0,120,0,1.0,1.0,120,0,1920,8280,6480,10320,0.627906976744,136,172,36,0.174757281553,120,1.0,1,86,1,300,1,85,300,1.0,0.866772477041,276,55,276,1.0,0.6,1.0,-0.0,1,0,300,0,300,0,1.0,1.0,300,0,4800,20700,16200,25800,0.627906976744,316,352,36,0.093264248705,300,1.0,1,86,1,617,1,85,589,0.954619124797,0.854583981244,276,55,276,1.0,0.6,1.0,-0.0,1,0,589,0,589,0,1.0,1.0,589,0,9424,40641,31806,50654,0.627906976744,605,641,36,0.053333333333,617,1.0,61,80,h300_idtp_delta_norm
MOT20-02,86,233,249,1784,u_to_v,0.21713,0.10687,0.189017989411,mot20_02_r0086_233_249_f1784_u_to_v,1808,374,233,249,1,"{""249"": 374}",374,30,30,1,30,30,30,30,1.0,0.868627149917,33,62,62,0.733333333333,0.733333333333,1.0,-0.0,1,0,0,30,0,30,-1.0,-1.0,240,660,660,240,-840,1800,-0.466666666667,74,46,-28,-0.311111111111,30,1.0,60,60,1,60,60,60,60,1.0,0.86450652704,62,33,62,0.633333333333,0.633333333333,1.0,-0.0,1,0,60,0,60,0,1.0,1.0,2280,1320,1320,2280,1920,7200,0.266666666667,104,136,32,0.177777777778,60,1.0,120,120,1,120,120,120,120,1.0,0.870325567621,62,33,62,0.816666666667,0.816666666667,1.0,-0.0,1,0,120,0,120,0,1.0,1.0,11760,2640,2640,11760,18240,28800,0.633333333333,196,316,120,0.333333333333,120,1.0,300,300,1,300,300,300,300,1.0,0.870710031809,62,33,62,0.923333333333,0.593333333333,1.0,-0.0,1,0,300,0,300,0,1.0,1.0,83100,6900,6600,83400,153000,180000,0.85,455,755,300,0.333333333333,300,1.0,483,403,1,374,483,403,368,0.983957219251,0.87113302628,62,33,62,0.679089026915,0.441687344913,1.0,-0.0,1,0,368,0,368,0,1.0,1.0,120704,57040,8096,140208,195776,326048,0.600451467269,522,874,352,0.280701754386,374,1.0,81,100,h300_idtp_delta_norm
MOT20-03,22,273,281,1205,u_to_v,0.03773,0.01216,0.033570424456,mot20_03_r0022_273_281_f1205_u_to_v,1318,369,273,281,1,"{""281"": 369}",369,30,30,1,30,25,30,30,1.0,0.920524491161,316,410,410,1.0,1.0,1.0,-0.0,1,0,0,30,0,30,-1.0,-1.0,0,750,900,0,-1650,1650,-1.0,85,55,-30,-0.352941176471,30,1.0,60,60,1,60,55,60,60,1.0,0.927147010994,316,410,410,1.0,1.0,1.0,-0.0,1,0,0,60,0,60,-1.0,-1.0,0,3300,3600,0,-6900,6900,-1.0,175,115,-60,-0.342857142857,60,1.0,120,120,1,120,115,118,120,1.0,0.930128825812,316,410,410,0.921739130435,0.940677966102,1.0,-0.0,1,0,0,120,0,120,-1.0,-1.0,1080,12720,13320,840,-24120,27960,-0.862660944206,337,217,-120,-0.339943342776,120,1.0,300,277,1,300,291,272,300,1.0,0.895512882108,410,316,410,0.635738831615,0.591911764706,1.0,-0.0,1,0,300,0,300,0,1.0,1.0,55500,31800,33300,48300,38700,168900,0.229129662522,517,646,129,0.149478563152,300,1.0,301,277,1,369,291,272,367,0.994579945799,0.881800711935,410,316,410,0.635738831615,0.591911764706,1.0,-0.0,1,0,367,0,367,0,1.0,1.0,67895,38902,40737,59087,47343,206621,0.229129662522,584,713,129,0.138709677419,369,1.0,21,40,h300_idtp_delta_norm
MOT20-03,41,552,566,2155,v_to_u,0.016386,0.007583,0.016785212228,mot20_03_r0041_552_566_f2155_v_to_u,2276,52,566,552,1,"{""552"": 52}",52,30,30,1,30,30,30,30,1.0,0.852269707503,731,633,633,1.0,1.0,1.0,-0.0,1,0,0,30,0,30,-1.0,-1.0,0,900,900,0,-1800,1800,-1.0,90,60,-30,-0.333333333333,30,1.0,60,60,1,52,60,60,52,1.0,0.850255576094,731,633,633,1.0,1.0,1.0,-0.0,1,0,0,52,0,52,-1.0,-1.0,0,3120,3120,0,-6240,6240,-1.0,172,120,-52,-0.302325581395,52,1.0,120,120,1,52,120,120,52,1.0,0.850255576094,731,633,633,1.0,1.0,1.0,-0.0,1,0,0,52,0,52,-1.0,-1.0,0,6240,6240,0,-12480,12480,-1.0,292,240,-52,-0.178082191781,52,1.0,300,300,1,52,300,300,52,1.0,0.850255576094,633,731,633,0.59,0.59,1.0,-0.0,1,0,52,0,52,0,1.0,1.0,9204,6396,6396,9204,5616,31200,0.18,354,406,52,0.079754601227,52,1.0,450,490,1,52,450,490,52,1.0,0.850255576094,633,731,633,0.726666666667,0.742857142857,1.0,-0.0,1,0,52,0,52,0,1.0,1.0,17004,6396,6396,19084,23296,48880,0.476595744681,691,743,52,0.052419354839,52,1.0,41,60,h300_idtp_delta_norm
MOT20-03,73,302,322,1195,v_to_u,0.01164,0.005897,0.022595477999,mot20_03_r0073_302_322_f1195_v_to_u,1231,109,322,302,1,"{""302"": 109}",109,30,30,1,30,21,0,23,0.766666666667,0.799508747495,274,-1,276,1.0,,1.0,-0.0,1,0,0,0,0,0,0.0,0.0,0,483,0,0,-483,483,-1.0,44,23,-21,-0.477272727273,30,1.0,60,60,1,60,38,27,53,0.883333333333,0.814328322539,274,274,276,0.605263157895,1.0,1.0,-0.0,1,1,0,0,0,0,0.0,0.0,0,2014,0,1431,-583,3445,-0.169230769231,76,80,4,0.033898305085,60,1.0,73,120,1,109,51,87,87,0.798165137615,0.839101864922,277,274,276,0.470588235294,1.0,1.0,-0.0,1,0,0,0,0,0,0.0,0.0,0,4437,0,7569,3132,12006,0.260869565217,111,174,63,0.28,109,1.0,73,126,1,109,51,93,87,0.798165137615,0.839101864922,277,274,276,0.470588235294,1.0,1.0,-0.0,1,0,0,0,0,0,0.0,0.0,0,4437,0,8091,3654,12528,0.291666666667,117,180,63,0.272727272727,109,1.0,73,126,1,109,51,93,87,0.798165137615,0.839101864922,277,274,276,0.470588235294,1.0,1.0,-0.0,1,0,0,0,0,0,0.0,0.0,0,4437,0,8091,3654,12528,0.291666666667,117,180,63,0.272727272727,109,1.0,61,80,h300_idtp_delta_norm
MOT20-03,99,355,606,2119,u_to_v,0.01408,0.006475,0.016785212228,mot20_03_r0099_355_606_f2119_u_to_v,2151,137,355,606,1,"{""606"": 137}",137,30,30,1,30,9,17,30,1.0,0.788309762232,677,679,679,0.777777777778,1.0,1.0,-0.0,1,0,0,30,0,30,-1.0,-1.0,0,270,510,0,-780,780,-1.0,54,30,-24,-0.428571428571,30,1.0,60,60,1,60,39,17,52,0.866666666667,0.772927655312,677,679,679,0.948717948718,1.0,1.0,-0.0,1,0,0,52,0,52,-1.0,-1.0,0,2028,884,0,-2912,2912,-1.0,106,54,-52,-0.481481481481,60,1.0,120,120,1,120,99,74,108,0.9,0.792400461867,677,364,679,0.828282828283,0.77027027027,0.481481481481,0.89404777157,4,0,0,0,0,0,0.0,0.0,728,9964,884,7108,-3012,18684,-0.161207450225,151,139,-12,-0.042704626335,120,1.0,300,186,1,137,279,139,125,0.912408759124,0.782709832668,679,364,679,0.695340501792,0.877697841727,0.416,1.148465678887,4,0,52,0,52,0,0.416,0.416,10088,24787,884,16491,908,52250,0.017377990431,316,368,52,0.09576427256,137,1.0,921,186,1,137,900,139,125,0.912408759124,0.782709832668,679,364,679,0.905555555556,0.877697841727,0.416,1.148465678887,4,0,52,0,52,0,0.416,0.416,42380,70120,884,16491,-12133,129875,-0.093420596728,937,989,52,0.044673539519,137,1.0,81,100,h300_idtp_delta_norm
MOT20-05,28,525,874,1582,v_to_u,0.0097,0.005942,0.005448870138,mot20_05_r0028_525_874_f1582_v_to_u,1583,52,874,525,1,"{""525"": 52}",52,30,30,1,30,30,27,30,1.0,0.788181715605,1075,1098,1075,0.866666666667,0.888888888889,1.0,-0.0,1,0,30,0,30,0,1.0,1.0,780,120,90,720,1290,1710,0.754385964912,50,80,30,0.344827586207,30,1.0,60,60,1,52,60,57,35,0.673076923077,0.792866344956,1075,1098,1075,0.933333333333,0.947368421053,1.0,-0.0,1,0,35,0,35,0,1.0,1.0,1960,140,105,1890,3605,4095,0.880341880342,110,145,35,0.230263157895,52,1.0,120,120,1,52,120,117,35,0.673076923077,0.792866344956,1075,1098,1075,0.966666666667,0.974358974359,1.0,-0.0,1,0,35,0,35,0,1.0,1.0,4060,140,105,3990,7805,8295,0.940928270042,230,265,35,0.128676470588,52,1.0,273,300,1,52,273,297,35,0.673076923077,0.792866344956,1075,1098,1075,0.985347985348,0.989898989899,1.0,-0.0,1,0,35,0,35,0,1.0,1.0,9415,140,105,10290,19460,19950,0.975438596491,563,598,35,0.057851239669,52,1.0,273,910,1,52,273,907,35,0.673076923077,0.792866344956,1075,1098,1075,0.985347985348,0.996692392503,1.0,-0.0,1,0,35,0,35,0,1.0,1.0,9415,140,105,31640,40810,41300,0.98813559322,1173,1208,35,0.028806584362,52,1.0,21,40,h300_idtp_delta_norm
MOT20-05,50,879,1054,1998,u_to_v,0.018484,0.008761,0.011676150295,mot20_05_r0050_879_1054_f1998_u_to_v,2077,75,879,1054,1,"{""1054"": 75}",75,30,30,1,30,30,30,30,1.0,0.831905515321,1015,475,475,1.0,1.0,1.0,-0.0,1,0,0,30,0,30,-1.0,-1.0,0,900,900,0,-1800,1800,-1.0,90,60,-30,-0.333333333333,30,1.0,60,60,1,60,60,60,60,1.0,0.858302096118,1015,475,475,0.583333333333,1.0,1.0,-0.0,1,0,0,60,0,60,-1.0,-1.0,0,3600,3600,0,-7200,7200,-1.0,155,95,-60,-0.333333333333,60,1.0,120,120,1,75,120,120,75,1.0,0.86759402236,475,475,475,0.35,0.65,1.0,-0.0,1,1,75,75,0,0,0.0,0.0,3150,5850,5850,3150,-5400,18000,-0.3,188,158,-30,-0.095238095238,75,1.0,300,300,1,75,300,300,75,1.0,0.86759402236,475,467,475,0.74,0.736666666667,1.0,-0.0,1,0,75,0,75,0,1.0,1.0,16650,5850,5850,16650,21600,45000,0.48,443,518,75,0.111111111111,75,1.0,751,349,1,75,751,345,75,1.0,0.86759402236,475,467,475,0.896138482024,0.771014492754,1.0,-0.0,1,0,75,0,75,0,1.0,1.0,50475,5850,5850,20025,58800,82200,0.715328467153,939,1014,75,0.064047822374,75,1.0,41,60,h300_idtp_delta_norm
MOT20-05,67,142,394,395,v_to_u,-0.00326,-0.002394,-0.008095464205,mot20_05_r0067_142_394_f395_v_to_u,408,332,393,142,1,"{""142"": 332}",332,24,30,1,30,4,26,30,1.0,0.819406027202,170,170,169,1.0,1.0,0.533333333333,0.690923309314,2,1,14,14,0,0,0.0,0.0,56,64,364,416,44,900,0.048888888889,40,42,2,0.033333333333,30,1.0,24,60,1,60,4,56,60,1.0,0.863196583117,170,170,169,1.0,1.0,0.766666666667,0.543272781337,2,1,14,14,0,0,0.0,0.0,56,184,784,2576,1664,3600,0.462222222222,70,102,32,0.266666666667,60,1.0,24,120,1,120,4,116,120,1.0,0.876472073444,170,170,169,1.0,1.0,0.883333333333,0.360230521195,2,1,14,14,0,0,0.0,0.0,56,424,1624,12296,10304,14400,0.715555555556,130,222,92,0.383333333333,120,1.0,24,300,1,300,4,263,300,1.0,0.816052393367,170,170,169,1.0,0.920152091255,0.953333333333,0.188580939626,2,1,14,14,0,0,0.0,0.0,56,1144,9394,69506,59024,80100,0.736878901373,311,528,217,0.382716049383,300,1.0,24,407,1,332,4,369,321,0.96686746988,0.813761753519,170,170,169,1.0,0.655826558266,0.943925233645,0.245730780051,3,1,14,14,0,0,0.0,0.0,56,1228,41869,76580,33539,119733,0.280114922369,434,545,111,0.159942363112,332,1.0,61,80,h300_idtp_delta_norm
MOT20-05,89,137,142,158,u_to_v,0.00617,-0.00242,0.002490912063,mot20_05_r0089_137_142_f158_u_to_v,168,572,137,142,1,"{""142"": 572}",572,30,30,1,30,24,6,30,1.0,0.7914921728,170,170,170,1.0,1.0,1.0,-0.0,1,1,30,30,0,0,0.0,0.0,720,0,180,0,540,900,0.6,36,54,18,0.3,30,1.0,60,60,1,60,54,27,60,1.0,0.820913859088,170,169,170,1.0,0.777777777778,1.0,-0.0,1,0,60,0,60,0,1.0,1.0,3240,0,360,1260,4140,4860,0.851851851852,75,135,60,0.425531914894,60,1.0,120,120,1,120,114,86,120,1.0,0.804840204358,170,169,170,1.0,0.93023255814,1.0,-0.0,1,0,120,0,120,0,1.0,1.0,13680,0,720,9600,22560,24000,0.94,194,314,120,0.375,120,1.0,167,167,1,300,161,133,296,0.986666666667,0.806672936093,170,169,170,1.0,0.954887218045,0.844594594595,0.431971840459,2,0,250,46,250,46,0.689189189189,0.689189189189,40250,7406,7342,32026,57528,87024,0.661059018202,334,538,204,0.345762711864,300,1.0,167,167,1,572,161,133,557,0.973776223776,0.804669509832,170,169,169,1.0,0.954887218045,0.543985637343,0.726207166356,3,0,250,303,250,303,-0.095152603232,-0.095152603232,40250,49427,39981,34100,-15058,163758,-0.09195275956,591,538,-53,-0.062279670975,572,1.0,81,100,h300_idtp_delta_norm
MOT20-01,21,17,29,141,v_to_u,0.0829,0.040357,0.040784073819,mot20_01_r0021_17_29_f141_v_to_u,340,8,29,17,1,"{""17"": 8}",8,30,30,1,8,23,30,8,1.0,0.870533002732,29,30,30,1.0,1.0,1.0,-0.0,1,0,0,8,0,8,-1.0,-1.0,0,184,240,0,-424,424,-1.0,61,53,-8,-0.131147540984,8,1.0,60,60,1,8,53,58,8,1.0,0.870533002732,29,30,30,0.905660377358,0.913793103448,1.0,-0.0,1,0,0,8,0,8,-1.0,-1.0,40,384,424,40,-728,888,-0.81981981982,109,101,-8,-0.067226890756,8,1.0,120,120,1,8,113,118,8,1.0,0.870533002732,30,29,30,0.575221238938,0.550847457627,1.0,-0.0,1,0,8,0,8,0,1.0,1.0,520,384,424,520,232,1848,0.125541125541,130,138,8,0.033472803347,8,1.0,300,300,1,8,286,298,8,1.0,0.870533002732,30,29,30,0.786713286713,0.768456375839,1.0,-0.0,1,0,8,0,8,0,1.0,1.0,1800,488,552,1832,2592,4672,0.554794520548,454,462,8,0.013513513514,8,1.0,339,339,1,8,325,337,8,1.0,0.870533002732,30,29,30,0.812307692308,0.795252225519,1.0,-0.0,1,0,8,0,8,0,1.0,1.0,2112,488,552,2144,3216,5296,0.607250755287,532,540,8,0.011940298507,8,1.0,21,40,full_row_net
MOT20-01,49,17,28,347,u_to_v,0.075333,0.046867,0.0,mot20_01_r0049_17_28_f347_u_to_v,348,82,17,28,1,"{""28"": 82}",82,30,30,1,30,30,27,26,0.866666666667,0.878066901315,30,28,52,1.0,0.962962962963,0.807692307692,0.489551893623,2,0,5,0,5,0,0.192307692308,0.192307692308,150,630,0,702,222,1482,0.14979757085,56,61,5,0.060240963855,30,1.0,60,60,1,60,58,57,56,0.933333333333,0.895178151517,30,28,52,1.0,0.982456140351,0.910714285714,0.300882104465,2,0,5,0,5,0,0.089285714286,0.089285714286,290,2958,0,3192,524,6440,0.081366459627,114,119,5,0.029239766082,60,1.0,120,120,1,82,118,117,78,0.951219512195,0.881958791002,30,28,52,0.516949152542,0.991452991453,0.935897435897,0.238109739946,2,0,5,0,5,0,0.064102564103,0.064102564103,305,8899,0,9126,532,18330,0.029023458811,177,189,12,0.038338658147,82,1.0,300,300,1,82,298,297,78,0.951219512195,0.881958791002,29,28,52,0.741610738255,0.996632996633,0.935897435897,0.238109739946,2,0,0,0,0,0,0.0,0.0,385,22859,0,23166,692,46410,0.014910579616,517,517,0,0.0,82,1.0,347,347,1,82,345,344,78,0.951219512195,0.881958791002,29,28,52,0.776811594203,0.997093023256,0.935897435897,0.238109739946,2,0,0,0,0,0,0.0,0.0,385,26525,0,26832,692,53742,0.012876335082,611,611,0,0.0,82,1.0,41,60,full_row_net
MOT20-01,74,17,29,181,v_to_u,0.0829,0.040357,0.040784073819,mot20_01_r0074_17_29_f181_v_to_u,340,8,29,17,1,"{""17"": 8}",8,30,30,1,8,23,30,8,1.0,0.870533002732,29,30,30,1.0,1.0,1.0,-0.0,1,0,0,8,0,8,-1.0,-1.0,0,184,240,0,-424,424,-1.0,61,53,-8,-0.131147540984,8,1.0,60,60,1,8,53,58,8,1.0,0.870533002732,29,30,30,0.905660377358,0.913793103448,1.0,-0.0,1,0,0,8,0,8,-1.0,-1.0,40,384,424,40,-728,888,-0.81981981982,109,101,-8,-0.067226890756,8,1.0,120,120,1,8,113,118,8,1.0,0.870533002732,30,29,30,0.575221238938,0.550847457627,1.0,-0.0,1,0,8,0,8,0,1.0,1.0,520,384,424,520,232,1848,0.125541125541,130,138,8,0.033472803347,8,1.0,300,300,1,8,286,298,8,1.0,0.870533002732,30,29,30,0.786713286713,0.768456375839,1.0,-0.0,1,0,8,0,8,0,1.0,1.0,1800,488,552,1832,2592,4672,0.554794520548,454,462,8,0.013513513514,8,1.0,339,339,1,8,325,337,8,1.0,0.870533002732,30,29,30,0.812307692308,0.795252225519,1.0,-0.0,1,0,8,0,8,0,1.0,1.0,2112,488,552,2144,3216,5296,0.607250755287,532,540,8,0.011940298507,8,1.0,61,80,full_row_net
MOT20-01,81,17,29,35,v_to_u,0.0829,0.040357,0.040784073819,mot20_01_r0081_17_29_f35_v_to_u,340,8,29,17,1,"{""17"": 8}",8,30,30,1,8,23,30,8,1.0,0.870533002732,29,30,30,1.0,1.0,1.0,-0.0,1,0,0,8,0,8,-1.0,-1.0,0,184,240,0,-424,424,-1.0,61,53,-8,-0.131147540984,8,1.0,60,60,1,8,53,58,8,1.0,0.870533002732,29,30,30,0.905660377358,0.913793103448,1.0,-0.0,1,0,0,8,0,8,-1.0,-1.0,40,384,424,40,-728,888,-0.81981981982,109,101,-8,-0.067226890756,8,1.0,120,120,1,8,113,118,8,1.0,0.870533002732,30,29,30,0.575221238938,0.550847457627,1.0,-0.0,1,0,8,0,8,0,1.0,1.0,520,384,424,520,232,1848,0.125541125541,130,138,8,0.033472803347,8,1.0,300,300,1,8,286,298,8,1.0,0.870533002732,30,29,30,0.786713286713,0.768456375839,1.0,-0.0,1,0,8,0,8,0,1.0,1.0,1800,488,552,1832,2592,4672,0.554794520548,454,462,8,0.013513513514,8,1.0,339,339,1,8,325,337,8,1.0,0.870533002732,30,29,30,0.812307692308,0.795252225519,1.0,-0.0,1,0,8,0,8,0,1.0,1.0,2112,488,552,2144,3216,5296,0.607250755287,532,540,8,0.011940298507,8,1.0,81,100,full_row_net
MOT20-02,24,267,270,1932,u_to_v,0.018646,0.00821,0.020929327547,mot20_02_r0024_267_270_f1932_u_to_v,2204,52,267,270,1,"{""270"": 52}",52,30,30,1,30,25,30,30,1.0,0.841022725251,79,107,107,1.0,1.0,1.0,-0.0,1,0,0,30,0,30,-1.0,-1.0,0,750,900,0,-1650,1650,-1.0,85,55,-30,-0.352941176471,30,1.0,60,60,1,52,55,60,44,0.846153846154,0.80244924636,79,107,107,1.0,1.0,0.863636363636,0.398307113805,2,0,0,38,0,38,-0.863636363636,-0.863636363636,0,2420,2280,360,-4340,5060,-0.857707509881,153,115,-38,-0.238993710692,52,1.0,120,120,1,52,115,120,44,0.846153846154,0.80244924636,79,107,107,1.0,1.0,0.863636363636,0.398307113805,2,0,0,38,0,38,-0.863636363636,-0.863636363636,0,5060,4560,720,-8900,10340,-0.860735009671,273,235,-38,-0.136200716846,52,1.0,300,300,1,52,295,285,44,0.846153846154,0.80244924636,187,107,107,0.508474576271,0.873684210526,0.863636363636,0.398307113805,2,0,6,38,6,38,-0.727272727273,-0.727272727273,1812,11168,9606,2934,-16028,25520,-0.628056426332,437,405,-32,-0.051282051282,52,1.0,715,705,1,52,710,689,44,0.846153846154,0.80244924636,107,187,107,0.618309859155,0.621190130624,0.863636363636,0.398307113805,2,0,38,6,38,6,0.727272727273,0.727272727273,17582,13658,12030,18286,10180,61556,0.165377867308,873,905,32,0.022176022176,52,1.0,21,40,full_row_net
MOT20-02,48,233,249,1540,u_to_v,0.21713,0.10687,0.189017989411,mot20_02_r0048_233_249_f1540_u_to_v,1808,374,233,249,1,"{""249"": 374}",374,30,30,1,30,30,30,30,1.0,0.868627149917,33,62,62,0.733333333333,0.733333333333,1.0,-0.0,1,0,0,30,0,30,-1.0,-1.0,240,660,660,240,-840,1800,-0.466666666667,74,46,-28,-0.311111111111,30,1.0,60,60,1,60,60,60,60,1.0,0.86450652704,62,33,62,0.633333333333,0.633333333333,1.0,-0.0,1,0,60,0,60,0,1.0,1.0,2280,1320,1320,2280,1920,7200,0.266666666667,104,136,32,0.177777777778,60,1.0,120,120,1,120,120,120,120,1.0,0.870325567621,62,33,62,0.816666666667,0.816666666667,1.0,-0.0,1,0,120,0,120,0,1.0,1.0,11760,2640,2640,11760,18240,28800,0.633333333333,196,316,120,0.333333333333,120,1.0,300,300,1,300,300,300,300,1.0,0.870710031809,62,33,62,0.923333333333,0.593333333333,1.0,-0.0,1,0,300,0,300,0,1.0,1.0,83100,6900,6600,83400,153000,180000,0.85,455,755,300,0.333333333333,300,1.0,483,403,1,374,483,403,368,0.983957219251,0.87113302628,62,33,62,0.679089026915,0.441687344913,1.0,-0.0,1,0,368,0,368,0,1.0,1.0,120704,57040,8096,140208,195776,326048,0.600451467269,522,874,352,0.280701754386,374,1.0,41,60,full_row_net
MOT20-02,63,347,477,2185,u_to_v,0.00764,0.00436,0.005232331887,mot20_02_r0063_347_477_f2185_u_to_v,2757,8,347,477,1,"{""477"": 8}",8,30,30,1,8,30,22,8,1.0,0.686233852512,128,141,128,1.0,1.0,1.0,-0.0,1,0,8,0,8,0,1.0,1.0,240,0,0,176,416,416,1.0,52,60,8,0.133333333333,8,1.0,60,60,1,8,60,52,8,1.0,0.686233852512,128,141,128,1.0,1.0,1.0,-0.0,1,0,8,0,8,0,1.0,1.0,480,0,0,416,896,896,1.0,112,120,8,0.066666666667,8,1.0,120,120,1,8,120,112,8,1.0,0.686233852512,128,141,128,1.0,1.0,1.0,-0.0,1,0,8,0,8,0,1.0,1.0,960,0,0,896,1856,1856,1.0,232,240,8,0.033333333333,8,1.0,300,300,1,8,289,277,8,1.0,0.686233852512,128,141,128,1.0,0.996389891697,1.0,-0.0,1,0,8,0,8,0,1.0,1.0,2312,0,0,2216,4528,4528,1.0,565,573,8,0.01393728223,8,1.0,949,585,1,8,861,552,8,1.0,0.686233852512,128,141,128,0.638792102207,0.949275362319,1.0,-0.0,1,0,8,0,8,0,1.0,1.0,4400,2488,176,4240,5976,11304,0.528662420382,1074,1082,8,0.005629838142,8,1.0,61,80,full_row_net
MOT20-02,86,233,249,1784,u_to_v,0.21713,0.10687,0.189017989411,mot20_02_r0086_233_249_f1784_u_to_v,1808,374,233,249,1,"{""249"": 374}",374,30,30,1,30,30,30,30,1.0,0.868627149917,33,62,62,0.733333333333,0.733333333333,1.0,-0.0,1,0,0,30,0,30,-1.0,-1.0,240,660,660,240,-840,1800,-0.466666666667,74,46,-28,-0.311111111111,30,1.0,60,60,1,60,60,60,60,1.0,0.86450652704,62,33,62,0.633333333333,0.633333333333,1.0,-0.0,1,0,60,0,60,0,1.0,1.0,2280,1320,1320,2280,1920,7200,0.266666666667,104,136,32,0.177777777778,60,1.0,120,120,1,120,120,120,120,1.0,0.870325567621,62,33,62,0.816666666667,0.816666666667,1.0,-0.0,1,0,120,0,120,0,1.0,1.0,11760,2640,2640,11760,18240,28800,0.633333333333,196,316,120,0.333333333333,120,1.0,300,300,1,300,300,300,300,1.0,0.870710031809,62,33,62,0.923333333333,0.593333333333,1.0,-0.0,1,0,300,0,300,0,1.0,1.0,83100,6900,6600,83400,153000,180000,0.85,455,755,300,0.333333333333,300,1.0,483,403,1,374,483,403,368,0.983957219251,0.87113302628,62,33,62,0.679089026915,0.441687344913,1.0,-0.0,1,0,368,0,368,0,1.0,1.0,120704,57040,8096,140208,195776,326048,0.600451467269,522,874,352,0.280701754386,374,1.0,81,100,full_row_net
MOT20-03,22,273,281,1205,u_to_v,0.03773,0.01216,0.033570424456,mot20_03_r0022_273_281_f1205_u_to_v,1318,369,273,281,1,"{""281"": 369}",369,30,30,1,30,25,30,30,1.0,0.920524491161,316,410,410,1.0,1.0,1.0,-0.0,1,0,0,30,0,30,-1.0,-1.0,0,750,900,0,-1650,1650,-1.0,85,55,-30,-0.352941176471,30,1.0,60,60,1,60,55,60,60,1.0,0.927147010994,316,410,410,1.0,1.0,1.0,-0.0,1,0,0,60,0,60,-1.0,-1.0,0,3300,3600,0,-6900,6900,-1.0,175,115,-60,-0.342857142857,60,1.0,120,120,1,120,115,118,120,1.0,0.930128825812,316,410,410,0.921739130435,0.940677966102,1.0,-0.0,1,0,0,120,0,120,-1.0,-1.0,1080,12720,13320,840,-24120,27960,-0.862660944206,337,217,-120,-0.339943342776,120,1.0,300,277,1,300,291,272,300,1.0,0.895512882108,410,316,410,0.635738831615,0.591911764706,1.0,-0.0,1,0,300,0,300,0,1.0,1.0,55500,31800,33300,48300,38700,168900,0.229129662522,517,646,129,0.149478563152,300,1.0,301,277,1,369,291,272,367,0.994579945799,0.881800711935,410,316,410,0.635738831615,0.591911764706,1.0,-0.0,1,0,367,0,367,0,1.0,1.0,67895,38902,40737,59087,47343,206621,0.229129662522,584,713,129,0.138709677419,369,1.0,21,40,full_row_net
MOT20-03,41,552,566,2155,v_to_u,0.016386,0.007583,0.016785212228,mot20_03_r0041_552_566_f2155_v_to_u,2276,52,566,552,1,"{""552"": 52}",52,30,30,1,30,30,30,30,1.0,0.852269707503,731,633,633,1.0,1.0,1.0,-0.0,1,0,0,30,0,30,-1.0,-1.0,0,900,900,0,-1800,1800,-1.0,90,60,-30,-0.333333333333,30,1.0,60,60,1,52,60,60,52,1.0,0.850255576094,731,633,633,1.0,1.0,1.0,-0.0,1,0,0,52,0,52,-1.0,-1.0,0,3120,3120,0,-6240,6240,-1.0,172,120,-52,-0.302325581395,52,1.0,120,120,1,52,120,120,52,1.0,0.850255576094,731,633,633,1.0,1.0,1.0,-0.0,1,0,0,52,0,52,-1.0,-1.0,0,6240,6240,0,-12480,12480,-1.0,292,240,-52,-0.178082191781,52,1.0,300,300,1,52,300,300,52,1.0,0.850255576094,633,731,633,0.59,0.59,1.0,-0.0,1,0,52,0,52,0,1.0,1.0,9204,6396,6396,9204,5616,31200,0.18,354,406,52,0.079754601227,52,1.0,450,490,1,52,450,490,52,1.0,0.850255576094,633,731,633,0.726666666667,0.742857142857,1.0,-0.0,1,0,52,0,52,0,1.0,1.0,17004,6396,6396,19084,23296,48880,0.476595744681,691,743,52,0.052419354839,52,1.0,41,60,full_row_net
MOT20-03,64,288,337,1994,v_to_u,-0.00165,-0.000344,-0.000968377629,mot20_03_r0064_288_337_f1994_v_to_u,2134,12,337,288,1,"{""288"": 12}",12,30,30,1,12,30,30,11,0.916666666667,0.748365962316,706,673,673,1.0,1.0,0.636363636364,0.655481773901,2,0,4,7,4,7,-0.272727272727,-0.272727272727,120,210,210,120,-180,660,-0.272727272727,67,64,-3,-0.042253521127,12,1.0,60,60,1,12,60,60,11,0.916666666667,0.748365962316,706,673,673,1.0,1.0,0.636363636364,0.655481773901,2,0,4,7,4,7,-0.272727272727,-0.272727272727,240,420,420,240,-360,1320,-0.272727272727,127,124,-3,-0.022900763359,12,1.0,120,120,1,12,120,120,11,0.916666666667,0.748365962316,706,673,673,1.0,1.0,0.636363636364,0.655481773901,2,0,4,7,4,7,-0.272727272727,-0.272727272727,480,840,840,480,-720,2640,-0.272727272727,247,244,-3,-0.011952191235,12,1.0,300,300,1,12,300,300,11,0.916666666667,0.748365962316,673,706,673,0.556666666667,0.556666666667,0.636363636364,0.655481773901,2,0,7,4,7,4,0.272727272727,0.272727272727,1701,1599,1599,1701,204,6600,0.030909090909,338,341,3,0.004909983633,12,1.0,939,1074,1,12,939,1074,11,0.916666666667,0.748365962316,673,706,673,0.858359957401,0.876163873371,0.636363636364,0.655481773901,2,0,7,4,7,4,0.272727272727,0.272727272727,6174,4155,4695,7119,4443,22143,0.200650318385,1751,1754,3,0.001482213439,12,1.0,61,80,full_row_net
MOT20-03,87,433,458,2341,u_to_v,0.010515,0.005324,0.004841888143,mot20_03_r0087_433_458_f2341_u_to_v,2346,15,433,458,1,"{""458"": 15}",15,30,30,1,15,28,2,15,1.0,0.762633230399,236,236,236,1.0,1.0,1.0,-0.0,1,1,15,15,0,0,0.0,0.0,420,0,30,0,390,450,0.866666666667,28,43,15,0.333333333333,15,1.0,60,60,1,15,58,13,15,1.0,0.762633230399,236,646,236,1.0,0.846153846154,1.0,-0.0,1,0,15,0,15,0,1.0,1.0,870,0,30,165,1005,1065,0.943661971831,69,84,15,0.174418604651,15,1.0,120,120,1,15,118,73,15,1.0,0.762633230399,236,646,236,1.0,0.972602739726,1.0,-0.0,1,0,15,0,15,0,1.0,1.0,1770,0,30,1065,2805,2865,0.979057591623,189,204,15,0.072815533981,15,1.0,300,300,1,15,298,253,15,1.0,0.762633230399,236,646,236,1.0,0.99209486166,1.0,-0.0,1,0,15,0,15,0,1.0,1.0,4470,0,30,3765,8205,8265,0.992740471869,549,564,15,0.026501766784,15,1.0,867,808,1,15,865,761,15,1.0,0.762633230399,236,646,236,1.0,0.997371879106,1.0,-0.0,1,0,15,0,15,0,1.0,1.0,12975,0,30,11385,24330,24390,0.9975399754,1624,1639,15,0.009140767824,15,1.0,81,100,full_row_net
MOT20-05,24,1413,1421,2924,v_to_u,0.00062,0.000321,0.000155682004,mot20_05_r0024_1413_1421_f2924_v_to_u,2935,15,1421,1413,1,"{""1413"": 15}",15,30,30,1,15,29,30,1,0.066666666667,0.879422617792,601,598,601,0.620689655172,0.6,1.0,-0.0,1,0,1,0,1,0,1.0,1.0,18,11,12,18,13,59,0.220338983051,36,37,1,0.016666666667,15,1.0,60,60,1,15,59,60,1,0.066666666667,0.879422617792,601,598,601,0.813559322034,0.8,1.0,-0.0,1,0,1,0,1,0,1.0,1.0,48,11,12,48,73,119,0.613445378151,96,97,1,0.008333333333,15,1.0,120,120,1,15,119,120,1,0.066666666667,0.879422617792,601,598,601,0.90756302521,0.9,1.0,-0.0,1,0,1,0,1,0,1.0,1.0,108,11,12,108,193,239,0.807531380753,216,217,1,0.004166666667,15,1.0,300,300,1,15,295,300,1,0.066666666667,0.879422617792,601,598,601,0.962711864407,0.96,1.0,-0.0,1,0,1,0,1,0,1.0,1.0,284,11,12,288,549,595,0.92268907563,572,573,1,0.001677852349,15,1.0,301,324,1,15,296,324,1,0.066666666667,0.879422617792,601,598,601,0.962837837838,0.962962962963,1.0,-0.0,1,0,1,0,1,0,1.0,1.0,285,11,12,312,574,620,0.925806451613,597,598,1,0.001610305958,15,1.0,21,40,full_row_net
MOT20-05,41,613,614,1756,u_to_v,0.02457,0.012171,0.014945472378,mot20_05_r0041_613_614_f1756_u_to_v,1893,97,613,614,1,"{""614"": 97}",97,30,30,1,30,30,30,30,1.0,0.866627957695,979,1002,1002,1.0,1.0,1.0,-0.0,1,0,0,30,0,30,-1.0,-1.0,0,900,900,0,-1800,1800,-1.0,90,60,-30,-0.333333333333,30,1.0,60,60,1,60,60,60,60,1.0,0.885125727624,979,1002,1002,1.0,1.0,1.0,-0.0,1,0,0,60,0,60,-1.0,-1.0,0,3600,3600,0,-7200,7200,-1.0,180,120,-60,-0.333333333333,60,1.0,120,120,1,97,120,120,96,0.989690721649,0.874537877861,979,1002,1002,0.966666666667,1.0,1.0,-0.0,1,0,0,96,0,96,-1.0,-1.0,0,11520,11520,0,-23040,23040,-1.0,332,236,-96,-0.285714285714,97,1.0,300,300,1,97,300,300,96,0.989690721649,0.874537877861,1002,979,1002,0.546666666667,0.546666666667,1.0,-0.0,1,0,96,0,96,0,1.0,1.0,15744,13056,13056,15744,5376,57600,0.093333333333,364,424,60,0.086206896552,97,1.0,1060,1059,1,97,1053,1054,96,0.989690721649,0.874537877861,1002,979,1002,0.862298195632,0.870967741935,1.0,-0.0,1,0,96,0,96,0,1.0,1.0,87168,13920,13056,88128,148320,202272,0.733270052207,1826,1922,96,0.043576940536,97,1.0,41,60,full_row_net
MOT20-05,72,861,869,1906,v_to_u,0.003225,0.00112,0.000311364008,mot20_05_r0072_861_869_f1906_v_to_u,1915,75,869,861,1,"{""861"": 75}",75,30,30,1,30,25,30,28,0.933333333333,0.702846049082,969,967,968,0.88,0.733333333333,0.571428571429,0.992106827569,4,0,2,0,2,0,0.071428571429,0.071428571429,44,656,16,824,196,1540,0.127272727273,44,46,2,0.024096385542,30,1.0,60,60,1,60,55,60,58,0.966666666667,0.751475554052,969,967,965,0.945454545455,0.866666666667,0.672413793103,0.808259939581,4,0,2,0,2,0,0.034482758621,0.034482758621,104,3086,16,3464,466,6670,0.069865067466,104,106,2,0.011560693642,60,1.0,120,120,1,75,115,120,68,0.906666666667,0.763265553715,969,967,965,0.973913043478,0.933333333333,0.720588235294,0.7423472857,4,0,2,0,2,0,0.029411764706,0.029411764706,224,7596,16,8144,756,15980,0.047309136421,224,226,2,0.006600660066,75,1.0,300,300,1,75,295,300,68,0.906666666667,0.763265553715,969,967,965,0.989830508475,0.973333333333,0.720588235294,0.7423472857,4,0,2,0,2,0,0.029411764706,0.029411764706,584,19476,16,20384,1476,40460,0.036480474543,584,586,2,0.003016591252,75,1.0,617,631,1,75,612,631,68,0.906666666667,0.763265553715,969,967,965,0.995098039216,0.987321711569,0.720588235294,0.7423472857,4,0,2,0,2,0,0.029411764706,0.029411764706,1218,40398,16,42892,3696,84524,0.043727225403,1232,1234,2,0.001525553013,75,1.0,61,80,full_row_net
MOT20-05,84,17,254,436,v_to_u,-0.00041,0.000306,0.0,mot20_05_r0084_17_254_f436_v_to_u,454,54,254,17,1,"{""17"": 54}",54,30,30,1,30,25,29,25,0.833333333333,0.775616214502,222,223,224,0.64,0.448275862069,1.0,-0.0,1,0,0,0,0,0,0.0,0.0,125,500,250,475,-150,1350,-0.111111111111,51,43,-8,-0.101265822785,30,1.0,60,60,1,54,55,59,34,0.62962962963,0.789890912838,222,242,224,0.836363636364,0.440677966102,1.0,-0.0,1,0,0,0,0,0,0.0,0.0,170,1700,340,1666,-204,3876,-0.052631578947,90,72,-18,-0.121621621622,54,1.0,120,120,1,54,115,119,34,0.62962962963,0.789890912838,222,242,224,0.921739130435,0.72268907563,1.0,-0.0,1,0,0,0,0,0,0.0,0.0,170,3740,340,3706,-204,7956,-0.025641025641,192,192,0,0.0,54,1.0,300,300,1,54,295,299,34,0.62962962963,0.789890912838,222,242,224,0.969491525424,0.889632107023,1.0,-0.0,1,0,0,0,0,0,0.0,0.0,170,9860,340,9826,-204,20196,-0.010101010101,552,552,0,0.0,54,1.0,405,453,1,54,400,452,34,0.62962962963,0.789890912838,222,242,224,0.9775,0.926991150442,1.0,-0.0,1,0,0,0,0,0,0.0,0.0,170,13430,340,15028,1428,28968,0.049295774648,810,810,0,0.0,54,1.0,81,100,full_row_net
MOT20-01,21,17,29,141,v_to_u,0.0829,0.040357,0.040784073819,mot20_01_r0021_17_29_f141_v_to_u,340,8,29,17,1,"{""17"": 8}",8,30,30,1,8,23,30,8,1.0,0.870533002732,29,30,30,1.0,1.0,1.0,-0.0,1,0,0,8,0,8,-1.0,-1.0,0,184,240,0,-424,424,-1.0,61,53,-8,-0.131147540984,8,1.0,60,60,1,8,53,58,8,1.0,0.870533002732,29,30,30,0.905660377358,0.913793103448,1.0,-0.0,1,0,0,8,0,8,-1.0,-1.0,40,384,424,40,-728,888,-0.81981981982,109,101,-8,-0.067226890756,8,1.0,120,120,1,8,113,118,8,1.0,0.870533002732,30,29,30,0.575221238938,0.550847457627,1.0,-0.0,1,0,8,0,8,0,1.0,1.0,520,384,424,520,232,1848,0.125541125541,130,138,8,0.033472803347,8,1.0,300,300,1,8,286,298,8,1.0,0.870533002732,30,29,30,0.786713286713,0.768456375839,1.0,-0.0,1,0,8,0,8,0,1.0,1.0,1800,488,552,1832,2592,4672,0.554794520548,454,462,8,0.013513513514,8,1.0,339,339,1,8,325,337,8,1.0,0.870533002732,30,29,30,0.812307692308,0.795252225519,1.0,-0.0,1,0,8,0,8,0,1.0,1.0,2112,488,552,2144,3216,5296,0.607250755287,532,540,8,0.011940298507,8,1.0,21,40,full_donor_minus_receiver_support_frac
MOT20-01,49,17,28,347,u_to_v,0.075333,0.046867,0.0,mot20_01_r0049_17_28_f347_u_to_v,348,82,17,28,1,"{""28"": 82}",82,30,30,1,30,30,27,26,0.866666666667,0.878066901315,30,28,52,1.0,0.962962962963,0.807692307692,0.489551893623,2,0,5,0,5,0,0.192307692308,0.192307692308,150,630,0,702,222,1482,0.14979757085,56,61,5,0.060240963855,30,1.0,60,60,1,60,58,57,56,0.933333333333,0.895178151517,30,28,52,1.0,0.982456140351,0.910714285714,0.300882104465,2,0,5,0,5,0,0.089285714286,0.089285714286,290,2958,0,3192,524,6440,0.081366459627,114,119,5,0.029239766082,60,1.0,120,120,1,82,118,117,78,0.951219512195,0.881958791002,30,28,52,0.516949152542,0.991452991453,0.935897435897,0.238109739946,2,0,5,0,5,0,0.064102564103,0.064102564103,305,8899,0,9126,532,18330,0.029023458811,177,189,12,0.038338658147,82,1.0,300,300,1,82,298,297,78,0.951219512195,0.881958791002,29,28,52,0.741610738255,0.996632996633,0.935897435897,0.238109739946,2,0,0,0,0,0,0.0,0.0,385,22859,0,23166,692,46410,0.014910579616,517,517,0,0.0,82,1.0,347,347,1,82,345,344,78,0.951219512195,0.881958791002,29,28,52,0.776811594203,0.997093023256,0.935897435897,0.238109739946,2,0,0,0,0,0,0.0,0.0,385,26525,0,26832,692,53742,0.012876335082,611,611,0,0.0,82,1.0,41,60,full_donor_minus_receiver_support_frac
MOT20-01,74,17,29,181,v_to_u,0.0829,0.040357,0.040784073819,mot20_01_r0074_17_29_f181_v_to_u,340,8,29,17,1,"{""17"": 8}",8,30,30,1,8,23,30,8,1.0,0.870533002732,29,30,30,1.0,1.0,1.0,-0.0,1,0,0,8,0,8,-1.0,-1.0,0,184,240,0,-424,424,-1.0,61,53,-8,-0.131147540984,8,1.0,60,60,1,8,53,58,8,1.0,0.870533002732,29,30,30,0.905660377358,0.913793103448,1.0,-0.0,1,0,0,8,0,8,-1.0,-1.0,40,384,424,40,-728,888,-0.81981981982,109,101,-8,-0.067226890756,8,1.0,120,120,1,8,113,118,8,1.0,0.870533002732,30,29,30,0.575221238938,0.550847457627,1.0,-0.0,1,0,8,0,8,0,1.0,1.0,520,384,424,520,232,1848,0.125541125541,130,138,8,0.033472803347,8,1.0,300,300,1,8,286,298,8,1.0,0.870533002732,30,29,30,0.786713286713,0.768456375839,1.0,-0.0,1,0,8,0,8,0,1.0,1.0,1800,488,552,1832,2592,4672,0.554794520548,454,462,8,0.013513513514,8,1.0,339,339,1,8,325,337,8,1.0,0.870533002732,30,29,30,0.812307692308,0.795252225519,1.0,-0.0,1,0,8,0,8,0,1.0,1.0,2112,488,552,2144,3216,5296,0.607250755287,532,540,8,0.011940298507,8,1.0,61,80,full_donor_minus_receiver_support_frac
MOT20-01,81,17,29,35,v_to_u,0.0829,0.040357,0.040784073819,mot20_01_r0081_17_29_f35_v_to_u,340,8,29,17,1,"{""17"": 8}",8,30,30,1,8,23,30,8,1.0,0.870533002732,29,30,30,1.0,1.0,1.0,-0.0,1,0,0,8,0,8,-1.0,-1.0,0,184,240,0,-424,424,-1.0,61,53,-8,-0.131147540984,8,1.0,60,60,1,8,53,58,8,1.0,0.870533002732,29,30,30,0.905660377358,0.913793103448,1.0,-0.0,1,0,0,8,0,8,-1.0,-1.0,40,384,424,40,-728,888,-0.81981981982,109,101,-8,-0.067226890756,8,1.0,120,120,1,8,113,118,8,1.0,0.870533002732,30,29,30,0.575221238938,0.550847457627,1.0,-0.0,1,0,8,0,8,0,1.0,1.0,520,384,424,520,232,1848,0.125541125541,130,138,8,0.033472803347,8,1.0,300,300,1,8,286,298,8,1.0,0.870533002732,30,29,30,0.786713286713,0.768456375839,1.0,-0.0,1,0,8,0,8,0,1.0,1.0,1800,488,552,1832,2592,4672,0.554794520548,454,462,8,0.013513513514,8,1.0,339,339,1,8,325,337,8,1.0,0.870533002732,30,29,30,0.812307692308,0.795252225519,1.0,-0.0,1,0,8,0,8,0,1.0,1.0,2112,488,552,2144,3216,5296,0.607250755287,532,540,8,0.011940298507,8,1.0,81,100,full_donor_minus_receiver_support_frac
MOT20-02,24,267,270,1932,u_to_v,0.018646,0.00821,0.020929327547,mot20_02_r0024_267_270_f1932_u_to_v,2204,52,267,270,1,"{""270"": 52}",52,30,30,1,30,25,30,30,1.0,0.841022725251,79,107,107,1.0,1.0,1.0,-0.0,1,0,0,30,0,30,-1.0,-1.0,0,750,900,0,-1650,1650,-1.0,85,55,-30,-0.352941176471,30,1.0,60,60,1,52,55,60,44,0.846153846154,0.80244924636,79,107,107,1.0,1.0,0.863636363636,0.398307113805,2,0,0,38,0,38,-0.863636363636,-0.863636363636,0,2420,2280,360,-4340,5060,-0.857707509881,153,115,-38,-0.238993710692,52,1.0,120,120,1,52,115,120,44,0.846153846154,0.80244924636,79,107,107,1.0,1.0,0.863636363636,0.398307113805,2,0,0,38,0,38,-0.863636363636,-0.863636363636,0,5060,4560,720,-8900,10340,-0.860735009671,273,235,-38,-0.136200716846,52,1.0,300,300,1,52,295,285,44,0.846153846154,0.80244924636,187,107,107,0.508474576271,0.873684210526,0.863636363636,0.398307113805,2,0,6,38,6,38,-0.727272727273,-0.727272727273,1812,11168,9606,2934,-16028,25520,-0.628056426332,437,405,-32,-0.051282051282,52,1.0,715,705,1,52,710,689,44,0.846153846154,0.80244924636,107,187,107,0.618309859155,0.621190130624,0.863636363636,0.398307113805,2,0,38,6,38,6,0.727272727273,0.727272727273,17582,13658,12030,18286,10180,61556,0.165377867308,873,905,32,0.022176022176,52,1.0,21,40,full_donor_minus_receiver_support_frac
MOT20-02,48,233,249,1540,u_to_v,0.21713,0.10687,0.189017989411,mot20_02_r0048_233_249_f1540_u_to_v,1808,374,233,249,1,"{""249"": 374}",374,30,30,1,30,30,30,30,1.0,0.868627149917,33,62,62,0.733333333333,0.733333333333,1.0,-0.0,1,0,0,30,0,30,-1.0,-1.0,240,660,660,240,-840,1800,-0.466666666667,74,46,-28,-0.311111111111,30,1.0,60,60,1,60,60,60,60,1.0,0.86450652704,62,33,62,0.633333333333,0.633333333333,1.0,-0.0,1,0,60,0,60,0,1.0,1.0,2280,1320,1320,2280,1920,7200,0.266666666667,104,136,32,0.177777777778,60,1.0,120,120,1,120,120,120,120,1.0,0.870325567621,62,33,62,0.816666666667,0.816666666667,1.0,-0.0,1,0,120,0,120,0,1.0,1.0,11760,2640,2640,11760,18240,28800,0.633333333333,196,316,120,0.333333333333,120,1.0,300,300,1,300,300,300,300,1.0,0.870710031809,62,33,62,0.923333333333,0.593333333333,1.0,-0.0,1,0,300,0,300,0,1.0,1.0,83100,6900,6600,83400,153000,180000,0.85,455,755,300,0.333333333333,300,1.0,483,403,1,374,483,403,368,0.983957219251,0.87113302628,62,33,62,0.679089026915,0.441687344913,1.0,-0.0,1,0,368,0,368,0,1.0,1.0,120704,57040,8096,140208,195776,326048,0.600451467269,522,874,352,0.280701754386,374,1.0,41,60,full_donor_minus_receiver_support_frac
MOT20-02,63,347,477,2185,u_to_v,0.00764,0.00436,0.005232331887,mot20_02_r0063_347_477_f2185_u_to_v,2757,8,347,477,1,"{""477"": 8}",8,30,30,1,8,30,22,8,1.0,0.686233852512,128,141,128,1.0,1.0,1.0,-0.0,1,0,8,0,8,0,1.0,1.0,240,0,0,176,416,416,1.0,52,60,8,0.133333333333,8,1.0,60,60,1,8,60,52,8,1.0,0.686233852512,128,141,128,1.0,1.0,1.0,-0.0,1,0,8,0,8,0,1.0,1.0,480,0,0,416,896,896,1.0,112,120,8,0.066666666667,8,1.0,120,120,1,8,120,112,8,1.0,0.686233852512,128,141,128,1.0,1.0,1.0,-0.0,1,0,8,0,8,0,1.0,1.0,960,0,0,896,1856,1856,1.0,232,240,8,0.033333333333,8,1.0,300,300,1,8,289,277,8,1.0,0.686233852512,128,141,128,1.0,0.996389891697,1.0,-0.0,1,0,8,0,8,0,1.0,1.0,2312,0,0,2216,4528,4528,1.0,565,573,8,0.01393728223,8,1.0,949,585,1,8,861,552,8,1.0,0.686233852512,128,141,128,0.638792102207,0.949275362319,1.0,-0.0,1,0,8,0,8,0,1.0,1.0,4400,2488,176,4240,5976,11304,0.528662420382,1074,1082,8,0.005629838142,8,1.0,61,80,full_donor_minus_receiver_support_frac
MOT20-02,86,233,249,1784,u_to_v,0.21713,0.10687,0.189017989411,mot20_02_r0086_233_249_f1784_u_to_v,1808,374,233,249,1,"{""249"": 374}",374,30,30,1,30,30,30,30,1.0,0.868627149917,33,62,62,0.733333333333,0.733333333333,1.0,-0.0,1,0,0,30,0,30,-1.0,-1.0,240,660,660,240,-840,1800,-0.466666666667,74,46,-28,-0.311111111111,30,1.0,60,60,1,60,60,60,60,1.0,0.86450652704,62,33,62,0.633333333333,0.633333333333,1.0,-0.0,1,0,60,0,60,0,1.0,1.0,2280,1320,1320,2280,1920,7200,0.266666666667,104,136,32,0.177777777778,60,1.0,120,120,1,120,120,120,120,1.0,0.870325567621,62,33,62,0.816666666667,0.816666666667,1.0,-0.0,1,0,120,0,120,0,1.0,1.0,11760,2640,2640,11760,18240,28800,0.633333333333,196,316,120,0.333333333333,120,1.0,300,300,1,300,300,300,300,1.0,0.870710031809,62,33,62,0.923333333333,0.593333333333,1.0,-0.0,1,0,300,0,300,0,1.0,1.0,83100,6900,6600,83400,153000,180000,0.85,455,755,300,0.333333333333,300,1.0,483,403,1,374,483,403,368,0.983957219251,0.87113302628,62,33,62,0.679089026915,0.441687344913,1.0,-0.0,1,0,368,0,368,0,1.0,1.0,120704,57040,8096,140208,195776,326048,0.600451467269,522,874,352,0.280701754386,374,1.0,81,100,full_donor_minus_receiver_support_frac
MOT20-03,22,273,281,1205,u_to_v,0.03773,0.01216,0.033570424456,mot20_03_r0022_273_281_f1205_u_to_v,1318,369,273,281,1,"{""281"": 369}",369,30,30,1,30,25,30,30,1.0,0.920524491161,316,410,410,1.0,1.0,1.0,-0.0,1,0,0,30,0,30,-1.0,-1.0,0,750,900,0,-1650,1650,-1.0,85,55,-30,-0.352941176471,30,1.0,60,60,1,60,55,60,60,1.0,0.927147010994,316,410,410,1.0,1.0,1.0,-0.0,1,0,0,60,0,60,-1.0,-1.0,0,3300,3600,0,-6900,6900,-1.0,175,115,-60,-0.342857142857,60,1.0,120,120,1,120,115,118,120,1.0,0.930128825812,316,410,410,0.921739130435,0.940677966102,1.0,-0.0,1,0,0,120,0,120,-1.0,-1.0,1080,12720,13320,840,-24120,27960,-0.862660944206,337,217,-120,-0.339943342776,120,1.0,300,277,1,300,291,272,300,1.0,0.895512882108,410,316,410,0.635738831615,0.591911764706,1.0,-0.0,1,0,300,0,300,0,1.0,1.0,55500,31800,33300,48300,38700,168900,0.229129662522,517,646,129,0.149478563152,300,1.0,301,277,1,369,291,272,367,0.994579945799,0.881800711935,410,316,410,0.635738831615,0.591911764706,1.0,-0.0,1,0,367,0,367,0,1.0,1.0,67895,38902,40737,59087,47343,206621,0.229129662522,584,713,129,0.138709677419,369,1.0,21,40,full_donor_minus_receiver_support_frac
MOT20-03,41,552,566,2155,v_to_u,0.016386,0.007583,0.016785212228,mot20_03_r0041_552_566_f2155_v_to_u,2276,52,566,552,1,"{""552"": 52}",52,30,30,1,30,30,30,30,1.0,0.852269707503,731,633,633,1.0,1.0,1.0,-0.0,1,0,0,30,0,30,-1.0,-1.0,0,900,900,0,-1800,1800,-1.0,90,60,-30,-0.333333333333,30,1.0,60,60,1,52,60,60,52,1.0,0.850255576094,731,633,633,1.0,1.0,1.0,-0.0,1,0,0,52,0,52,-1.0,-1.0,0,3120,3120,0,-6240,6240,-1.0,172,120,-52,-0.302325581395,52,1.0,120,120,1,52,120,120,52,1.0,0.850255576094,731,633,633,1.0,1.0,1.0,-0.0,1,0,0,52,0,52,-1.0,-1.0,0,6240,6240,0,-12480,12480,-1.0,292,240,-52,-0.178082191781,52,1.0,300,300,1,52,300,300,52,1.0,0.850255576094,633,731,633,0.59,0.59,1.0,-0.0,1,0,52,0,52,0,1.0,1.0,9204,6396,6396,9204,5616,31200,0.18,354,406,52,0.079754601227,52,1.0,450,490,1,52,450,490,52,1.0,0.850255576094,633,731,633,0.726666666667,0.742857142857,1.0,-0.0,1,0,52,0,52,0,1.0,1.0,17004,6396,6396,19084,23296,48880,0.476595744681,691,743,52,0.052419354839,52,1.0,41,60,full_donor_minus_receiver_support_frac
MOT20-03,64,288,337,1994,v_to_u,-0.00165,-0.000344,-0.000968377629,mot20_03_r0064_288_337_f1994_v_to_u,2134,12,337,288,1,"{""288"": 12}",12,30,30,1,12,30,30,11,0.916666666667,0.748365962316,706,673,673,1.0,1.0,0.636363636364,0.655481773901,2,0,4,7,4,7,-0.272727272727,-0.272727272727,120,210,210,120,-180,660,-0.272727272727,67,64,-3,-0.042253521127,12,1.0,60,60,1,12,60,60,11,0.916666666667,0.748365962316,706,673,673,1.0,1.0,0.636363636364,0.655481773901,2,0,4,7,4,7,-0.272727272727,-0.272727272727,240,420,420,240,-360,1320,-0.272727272727,127,124,-3,-0.022900763359,12,1.0,120,120,1,12,120,120,11,0.916666666667,0.748365962316,706,673,673,1.0,1.0,0.636363636364,0.655481773901,2,0,4,7,4,7,-0.272727272727,-0.272727272727,480,840,840,480,-720,2640,-0.272727272727,247,244,-3,-0.011952191235,12,1.0,300,300,1,12,300,300,11,0.916666666667,0.748365962316,673,706,673,0.556666666667,0.556666666667,0.636363636364,0.655481773901,2,0,7,4,7,4,0.272727272727,0.272727272727,1701,1599,1599,1701,204,6600,0.030909090909,338,341,3,0.004909983633,12,1.0,939,1074,1,12,939,1074,11,0.916666666667,0.748365962316,673,706,673,0.858359957401,0.876163873371,0.636363636364,0.655481773901,2,0,7,4,7,4,0.272727272727,0.272727272727,6174,4155,4695,7119,4443,22143,0.200650318385,1751,1754,3,0.001482213439,12,1.0,61,80,full_donor_minus_receiver_support_frac
MOT20-03,87,433,458,2341,u_to_v,0.010515,0.005324,0.004841888143,mot20_03_r0087_433_458_f2341_u_to_v,2346,15,433,458,1,"{""458"": 15}",15,30,30,1,15,28,2,15,1.0,0.762633230399,236,236,236,1.0,1.0,1.0,-0.0,1,1,15,15,0,0,0.0,0.0,420,0,30,0,390,450,0.866666666667,28,43,15,0.333333333333,15,1.0,60,60,1,15,58,13,15,1.0,0.762633230399,236,646,236,1.0,0.846153846154,1.0,-0.0,1,0,15,0,15,0,1.0,1.0,870,0,30,165,1005,1065,0.943661971831,69,84,15,0.174418604651,15,1.0,120,120,1,15,118,73,15,1.0,0.762633230399,236,646,236,1.0,0.972602739726,1.0,-0.0,1,0,15,0,15,0,1.0,1.0,1770,0,30,1065,2805,2865,0.979057591623,189,204,15,0.072815533981,15,1.0,300,300,1,15,298,253,15,1.0,0.762633230399,236,646,236,1.0,0.99209486166,1.0,-0.0,1,0,15,0,15,0,1.0,1.0,4470,0,30,3765,8205,8265,0.992740471869,549,564,15,0.026501766784,15,1.0,867,808,1,15,865,761,15,1.0,0.762633230399,236,646,236,1.0,0.997371879106,1.0,-0.0,1,0,15,0,15,0,1.0,1.0,12975,0,30,11385,24330,24390,0.9975399754,1624,1639,15,0.009140767824,15,1.0,81,100,full_donor_minus_receiver_support_frac
MOT20-05,24,1413,1421,2924,v_to_u,0.00062,0.000321,0.000155682004,mot20_05_r0024_1413_1421_f2924_v_to_u,2935,15,1421,1413,1,"{""1413"": 15}",15,30,30,1,15,29,30,1,0.066666666667,0.879422617792,601,598,601,0.620689655172,0.6,1.0,-0.0,1,0,1,0,1,0,1.0,1.0,18,11,12,18,13,59,0.220338983051,36,37,1,0.016666666667,15,1.0,60,60,1,15,59,60,1,0.066666666667,0.879422617792,601,598,601,0.813559322034,0.8,1.0,-0.0,1,0,1,0,1,0,1.0,1.0,48,11,12,48,73,119,0.613445378151,96,97,1,0.008333333333,15,1.0,120,120,1,15,119,120,1,0.066666666667,0.879422617792,601,598,601,0.90756302521,0.9,1.0,-0.0,1,0,1,0,1,0,1.0,1.0,108,11,12,108,193,239,0.807531380753,216,217,1,0.004166666667,15,1.0,300,300,1,15,295,300,1,0.066666666667,0.879422617792,601,598,601,0.962711864407,0.96,1.0,-0.0,1,0,1,0,1,0,1.0,1.0,284,11,12,288,549,595,0.92268907563,572,573,1,0.001677852349,15,1.0,301,324,1,15,296,324,1,0.066666666667,0.879422617792,601,598,601,0.962837837838,0.962962962963,1.0,-0.0,1,0,1,0,1,0,1.0,1.0,285,11,12,312,574,620,0.925806451613,597,598,1,0.001610305958,15,1.0,21,40,full_donor_minus_receiver_support_frac
MOT20-05,41,613,614,1756,u_to_v,0.02457,0.012171,0.014945472378,mot20_05_r0041_613_614_f1756_u_to_v,1893,97,613,614,1,"{""614"": 97}",97,30,30,1,30,30,30,30,1.0,0.866627957695,979,1002,1002,1.0,1.0,1.0,-0.0,1,0,0,30,0,30,-1.0,-1.0,0,900,900,0,-1800,1800,-1.0,90,60,-30,-0.333333333333,30,1.0,60,60,1,60,60,60,60,1.0,0.885125727624,979,1002,1002,1.0,1.0,1.0,-0.0,1,0,0,60,0,60,-1.0,-1.0,0,3600,3600,0,-7200,7200,-1.0,180,120,-60,-0.333333333333,60,1.0,120,120,1,97,120,120,96,0.989690721649,0.874537877861,979,1002,1002,0.966666666667,1.0,1.0,-0.0,1,0,0,96,0,96,-1.0,-1.0,0,11520,11520,0,-23040,23040,-1.0,332,236,-96,-0.285714285714,97,1.0,300,300,1,97,300,300,96,0.989690721649,0.874537877861,1002,979,1002,0.546666666667,0.546666666667,1.0,-0.0,1,0,96,0,96,0,1.0,1.0,15744,13056,13056,15744,5376,57600,0.093333333333,364,424,60,0.086206896552,97,1.0,1060,1059,1,97,1053,1054,96,0.989690721649,0.874537877861,1002,979,1002,0.862298195632,0.870967741935,1.0,-0.0,1,0,96,0,96,0,1.0,1.0,87168,13920,13056,88128,148320,202272,0.733270052207,1826,1922,96,0.043576940536,97,1.0,41,60,full_donor_minus_receiver_support_frac
MOT20-05,72,861,869,1906,v_to_u,0.003225,0.00112,0.000311364008,mot20_05_r0072_861_869_f1906_v_to_u,1915,75,869,861,1,"{""861"": 75}",75,30,30,1,30,25,30,28,0.933333333333,0.702846049082,969,967,968,0.88,0.733333333333,0.571428571429,0.992106827569,4,0,2,0,2,0,0.071428571429,0.071428571429,44,656,16,824,196,1540,0.127272727273,44,46,2,0.024096385542,30,1.0,60,60,1,60,55,60,58,0.966666666667,0.751475554052,969,967,965,0.945454545455,0.866666666667,0.672413793103,0.808259939581,4,0,2,0,2,0,0.034482758621,0.034482758621,104,3086,16,3464,466,6670,0.069865067466,104,106,2,0.011560693642,60,1.0,120,120,1,75,115,120,68,0.906666666667,0.763265553715,969,967,965,0.973913043478,0.933333333333,0.720588235294,0.7423472857,4,0,2,0,2,0,0.029411764706,0.029411764706,224,7596,16,8144,756,15980,0.047309136421,224,226,2,0.006600660066,75,1.0,300,300,1,75,295,300,68,0.906666666667,0.763265553715,969,967,965,0.989830508475,0.973333333333,0.720588235294,0.7423472857,4,0,2,0,2,0,0.029411764706,0.029411764706,584,19476,16,20384,1476,40460,0.036480474543,584,586,2,0.003016591252,75,1.0,617,631,1,75,612,631,68,0.906666666667,0.763265553715,969,967,965,0.995098039216,0.987321711569,0.720588235294,0.7423472857,4,0,2,0,2,0,0.029411764706,0.029411764706,1218,40398,16,42892,3696,84524,0.043727225403,1232,1234,2,0.001525553013,75,1.0,61,80,full_donor_minus_receiver_support_frac
MOT20-05,84,17,254,436,v_to_u,-0.00041,0.000306,0.0,mot20_05_r0084_17_254_f436_v_to_u,454,54,254,17,1,"{""17"": 54}",54,30,30,1,30,25,29,25,0.833333333333,0.775616214502,222,223,224,0.64,0.448275862069,1.0,-0.0,1,0,0,0,0,0,0.0,0.0,125,500,250,475,-150,1350,-0.111111111111,51,43,-8,-0.101265822785,30,1.0,60,60,1,54,55,59,34,0.62962962963,0.789890912838,222,242,224,0.836363636364,0.440677966102,1.0,-0.0,1,0,0,0,0,0,0.0,0.0,170,1700,340,1666,-204,3876,-0.052631578947,90,72,-18,-0.121621621622,54,1.0,120,120,1,54,115,119,34,0.62962962963,0.789890912838,222,242,224,0.921739130435,0.72268907563,1.0,-0.0,1,0,0,0,0,0,0.0,0.0,170,3740,340,3706,-204,7956,-0.025641025641,192,192,0,0.0,54,1.0,300,300,1,54,295,299,34,0.62962962963,0.789890912838,222,242,224,0.969491525424,0.889632107023,1.0,-0.0,1,0,0,0,0,0,0.0,0.0,170,9860,340,9826,-204,20196,-0.010101010101,552,552,0,0.0,54,1.0,405,453,1,54,400,452,34,0.62962962963,0.789890912838,222,242,224,0.9775,0.926991150442,1.0,-0.0,1,0,0,0,0,0,0.0,0.0,170,13430,340,15028,1428,28968,0.049295774648,810,810,0,0.0,54,1.0,81,100,full_donor_minus_receiver_support_frac
MOT20-01,37,20,27,70,v_to_u,0.83944,0.436431,0.173332313731,mot20_01_r0037_20_27_f70_v_to_u,83,347,27,20,1,"{""20"": 347}",347,30,30,1,30,30,30,30,1.0,0.80894454277,8,7,8,1.0,1.0,0.9,0.325082973391,2,0,27,3,27,3,0.8,0.8,810,90,90,810,1440,1800,0.8,63,87,24,0.266666666667,30,1.0,60,60,1,60,60,60,60,1.0,0.83731958848,8,7,8,1.0,1.0,0.85,0.51818621305,3,0,51,3,51,3,0.8,0.8,3060,540,180,3420,5760,7200,0.8,123,171,48,0.266666666667,60,1.0,82,82,1,120,82,82,120,1.0,0.850229876179,8,7,8,1.0,1.0,0.925,0.31412302589,3,0,111,3,111,3,0.9,0.9,9102,738,246,9594,17712,19680,0.9,167,275,108,0.380281690141,120,1.0,82,82,1,300,82,82,300,1.0,0.884379393102,8,7,8,1.0,1.0,0.97,0.153837593229,3,0,291,3,291,3,0.96,0.96,23862,738,246,24354,47232,49200,0.96,291,455,164,0.353448275862,300,1.0,82,82,1,347,82,82,347,1.0,0.888480013832,8,7,8,1.0,1.0,0.974063400576,0.136829372585,3,0,338,3,338,3,0.965417867435,0.965417867435,27716,738,246,28208,54940,56908,0.965417867435,338,502,164,0.320939334638,347,1.0,21,40,full_pairwise_net_norm
MOT20-01,49,17,28,347,u_to_v,0.075333,0.046867,0.0,mot20_01_r0049_17_28_f347_u_to_v,348,82,17,28,1,"{""28"": 82}",82,30,30,1,30,30,27,26,0.866666666667,0.878066901315,30,28,52,1.0,0.962962962963,0.807692307692,0.489551893623,2,0,5,0,5,0,0.192307692308,0.192307692308,150,630,0,702,222,1482,0.14979757085,56,61,5,0.060240963855,30,1.0,60,60,1,60,58,57,56,0.933333333333,0.895178151517,30,28,52,1.0,0.982456140351,0.910714285714,0.300882104465,2,0,5,0,5,0,0.089285714286,0.089285714286,290,2958,0,3192,524,6440,0.081366459627,114,119,5,0.029239766082,60,1.0,120,120,1,82,118,117,78,0.951219512195,0.881958791002,30,28,52,0.516949152542,0.991452991453,0.935897435897,0.238109739946,2,0,5,0,5,0,0.064102564103,0.064102564103,305,8899,0,9126,532,18330,0.029023458811,177,189,12,0.038338658147,82,1.0,300,300,1,82,298,297,78,0.951219512195,0.881958791002,29,28,52,0.741610738255,0.996632996633,0.935897435897,0.238109739946,2,0,0,0,0,0,0.0,0.0,385,22859,0,23166,692,46410,0.014910579616,517,517,0,0.0,82,1.0,347,347,1,82,345,344,78,0.951219512195,0.881958791002,29,28,52,0.776811594203,0.997093023256,0.935897435897,0.238109739946,2,0,0,0,0,0,0.0,0.0,385,26525,0,26832,692,53742,0.012876335082,611,611,0,0.0,82,1.0,41,60,full_pairwise_net_norm
MOT20-01,74,17,29,181,v_to_u,0.0829,0.040357,0.040784073819,mot20_01_r0074_17_29_f181_v_to_u,340,8,29,17,1,"{""17"": 8}",8,30,30,1,8,23,30,8,1.0,0.870533002732,29,30,30,1.0,1.0,1.0,-0.0,1,0,0,8,0,8,-1.0,-1.0,0,184,240,0,-424,424,-1.0,61,53,-8,-0.131147540984,8,1.0,60,60,1,8,53,58,8,1.0,0.870533002732,29,30,30,0.905660377358,0.913793103448,1.0,-0.0,1,0,0,8,0,8,-1.0,-1.0,40,384,424,40,-728,888,-0.81981981982,109,101,-8,-0.067226890756,8,1.0,120,120,1,8,113,118,8,1.0,0.870533002732,30,29,30,0.575221238938,0.550847457627,1.0,-0.0,1,0,8,0,8,0,1.0,1.0,520,384,424,520,232,1848,0.125541125541,130,138,8,0.033472803347,8,1.0,300,300,1,8,286,298,8,1.0,0.870533002732,30,29,30,0.786713286713,0.768456375839,1.0,-0.0,1,0,8,0,8,0,1.0,1.0,1800,488,552,1832,2592,4672,0.554794520548,454,462,8,0.013513513514,8,1.0,339,339,1,8,325,337,8,1.0,0.870533002732,30,29,30,0.812307692308,0.795252225519,1.0,-0.0,1,0,8,0,8,0,1.0,1.0,2112,488,552,2144,3216,5296,0.607250755287,532,540,8,0.011940298507,8,1.0,61,80,full_pairwise_net_norm
MOT20-01,81,17,29,35,v_to_u,0.0829,0.040357,0.040784073819,mot20_01_r0081_17_29_f35_v_to_u,340,8,29,17,1,"{""17"": 8}",8,30,30,1,8,23,30,8,1.0,0.870533002732,29,30,30,1.0,1.0,1.0,-0.0,1,0,0,8,0,8,-1.0,-1.0,0,184,240,0,-424,424,-1.0,61,53,-8,-0.131147540984,8,1.0,60,60,1,8,53,58,8,1.0,0.870533002732,29,30,30,0.905660377358,0.913793103448,1.0,-0.0,1,0,0,8,0,8,-1.0,-1.0,40,384,424,40,-728,888,-0.81981981982,109,101,-8,-0.067226890756,8,1.0,120,120,1,8,113,118,8,1.0,0.870533002732,30,29,30,0.575221238938,0.550847457627,1.0,-0.0,1,0,8,0,8,0,1.0,1.0,520,384,424,520,232,1848,0.125541125541,130,138,8,0.033472803347,8,1.0,300,300,1,8,286,298,8,1.0,0.870533002732,30,29,30,0.786713286713,0.768456375839,1.0,-0.0,1,0,8,0,8,0,1.0,1.0,1800,488,552,1832,2592,4672,0.554794520548,454,462,8,0.013513513514,8,1.0,339,339,1,8,325,337,8,1.0,0.870533002732,30,29,30,0.812307692308,0.795252225519,1.0,-0.0,1,0,8,0,8,0,1.0,1.0,2112,488,552,2144,3216,5296,0.607250755287,532,540,8,0.011940298507,8,1.0,81,100,full_pairwise_net_norm
MOT20-02,31,129,130,1047,v_to_u,0.005914,0.00325,0.003270207429,mot20_02_r0031_129_130_f1047_v_to_u,1067,6,130,129,1,"{""129"": 6}",6,30,30,1,6,30,30,6,1.0,0.67155966403,277,279,277,0.533333333333,0.933333333333,0.666666666667,0.867563228481,3,0,4,1,4,1,0.5,0.5,78,102,36,144,84,360,0.233333333333,45,48,3,0.045454545455,6,1.0,60,60,1,6,60,60,6,1.0,0.67155966403,277,279,277,0.766666666667,0.966666666667,0.666666666667,0.867563228481,3,0,4,1,4,1,0.5,0.5,198,162,66,294,264,720,0.366666666667,105,108,3,0.02380952381,6,1.0,120,120,1,6,120,120,6,1.0,0.67155966403,277,279,277,0.883333333333,0.983333333333,0.666666666667,0.867563228481,3,0,4,1,4,1,0.5,0.5,438,282,126,594,624,1440,0.433333333333,225,228,3,0.012195121951,6,1.0,300,300,1,6,300,300,6,1.0,0.67155966403,277,279,277,0.953333333333,0.993333333333,0.666666666667,0.867563228481,3,0,4,1,4,1,0.5,0.5,1158,642,306,1494,1704,3600,0.473333333333,585,588,3,0.00495049505,6,1.0,494,502,1,6,494,502,6,1.0,0.67155966403,277,279,277,0.971659919028,0.982071713147,0.666666666667,0.867563228481,3,0,4,1,4,1,0.5,0.5,1934,1030,529,2483,2858,5976,0.478246318608,974,977,3,0.002994011976,6,1.0,21,40,full_pairwise_net_norm
MOT20-02,48,233,249,1540,u_to_v,0.21713,0.10687,0.189017989411,mot20_02_r0048_233_249_f1540_u_to_v,1808,374,233,249,1,"{""249"": 374}",374,30,30,1,30,30,30,30,1.0,0.868627149917,33,62,62,0.733333333333,0.733333333333,1.0,-0.0,1,0,0,30,0,30,-1.0,-1.0,240,660,660,240,-840,1800,-0.466666666667,74,46,-28,-0.311111111111,30,1.0,60,60,1,60,60,60,60,1.0,0.86450652704,62,33,62,0.633333333333,0.633333333333,1.0,-0.0,1,0,60,0,60,0,1.0,1.0,2280,1320,1320,2280,1920,7200,0.266666666667,104,136,32,0.177777777778,60,1.0,120,120,1,120,120,120,120,1.0,0.870325567621,62,33,62,0.816666666667,0.816666666667,1.0,-0.0,1,0,120,0,120,0,1.0,1.0,11760,2640,2640,11760,18240,28800,0.633333333333,196,316,120,0.333333333333,120,1.0,300,300,1,300,300,300,300,1.0,0.870710031809,62,33,62,0.923333333333,0.593333333333,1.0,-0.0,1,0,300,0,300,0,1.0,1.0,83100,6900,6600,83400,153000,180000,0.85,455,755,300,0.333333333333,300,1.0,483,403,1,374,483,403,368,0.983957219251,0.87113302628,62,33,62,0.679089026915,0.441687344913,1.0,-0.0,1,0,368,0,368,0,1.0,1.0,120704,57040,8096,140208,195776,326048,0.600451467269,522,874,352,0.280701754386,374,1.0,41,60,full_pairwise_net_norm
MOT20-02,77,104,117,513,v_to_u,0.015433,0.00826,-0.010464663774,mot20_02_r0077_104_117_f513_v_to_u,514,617,117,104,1,"{""104"": 617}",617,1,30,1,30,1,29,30,1.0,0.918382229372,276,276,276,1.0,0.551724137931,1.0,-0.0,1,1,30,30,0,0,0.0,0.0,30,0,480,390,-60,900,-0.066666666667,46,41,-5,-0.083333333333,30,1.0,1,60,1,60,1,59,60,1.0,0.900825592477,276,55,276,1.0,0.661016949153,1.0,-0.0,1,0,60,0,60,0,1.0,1.0,60,0,960,2580,1680,3600,0.466666666667,76,100,24,0.2,60,1.0,1,86,1,120,1,85,120,1.0,0.854508086107,276,55,276,1.0,0.6,1.0,-0.0,1,0,120,0,120,0,1.0,1.0,120,0,1920,8280,6480,10320,0.627906976744,136,172,36,0.174757281553,120,1.0,1,86,1,300,1,85,300,1.0,0.866772477041,276,55,276,1.0,0.6,1.0,-0.0,1,0,300,0,300,0,1.0,1.0,300,0,4800,20700,16200,25800,0.627906976744,316,352,36,0.093264248705,300,1.0,1,86,1,617,1,85,589,0.954619124797,0.854583981244,276,55,276,1.0,0.6,1.0,-0.0,1,0,589,0,589,0,1.0,1.0,589,0,9424,40641,31806,50654,0.627906976744,605,641,36,0.053333333333,617,1.0,61,80,full_pairwise_net_norm
MOT20-02,91,262,454,2111,v_to_u,0.14551,0.07349,0.141272960944,mot20_02_r0091_262_454_f2111_v_to_u,2136,593,454,262,1,"{""262"": 593}",593,30,30,1,30,7,28,30,1.0,0.843545944074,133,126,126,0.714285714286,1.0,1.0,-0.0,1,0,0,30,0,30,-1.0,-1.0,60,150,840,0,-930,1050,-0.885714285714,63,33,-30,-0.461538461538,30,1.0,40,60,1,60,8,58,60,1.0,0.845316218314,133,126,126,0.625,0.568965517241,1.0,-0.0,1,0,0,60,0,60,-1.0,-1.0,120,360,1980,1500,-720,3960,-0.181818181818,98,87,-11,-0.087301587302,60,1.0,40,120,1,120,8,118,120,1.0,0.820915690745,133,19,126,0.625,0.720338983051,0.816666666667,0.563336059479,3,0,0,0,0,0,0.0,0.0,196,764,3234,10926,7124,15120,0.471164021164,136,185,49,0.19918699187,120,1.0,40,300,1,300,8,298,300,1.0,0.848220258916,133,19,160,0.625,0.671140939597,0.66,0.69728626655,3,0,0,0,0,0,0.0,0.0,196,2204,3234,86166,80924,91800,0.881525054466,205,398,193,0.318481848185,300,1.0,40,683,1,593,8,679,586,0.988195615514,0.831673977201,133,105,160,0.625,0.653902798233,0.757679180887,0.752325817242,5,0,0,0,0,0,0.0,0.0,231,4457,3234,394660,387200,402582,0.961791634996,449,888,439,0.344854673998,593,1.0,81,100,full_pairwise_net_norm
MOT20-03,27,355,403,2122,v_to_u,0.00012,5.5e-05,0.000968377629,mot20_03_r0027_355_403_f2122_v_to_u,2127,24,403,355,1,"{""355"": 24}",24,30,30,1,24,29,30,3,0.125,0.745929006245,678,677,678,1.0,1.0,0.666666666667,0.636514168295,2,0,2,1,2,1,0.333333333333,0.333333333333,58,29,30,60,59,177,0.333333333333,60,61,1,0.016129032258,24,1.0,60,60,1,24,59,60,3,0.125,0.745929006245,678,677,678,1.0,1.0,0.666666666667,0.636514168295,2,0,2,1,2,1,0.333333333333,0.333333333333,118,59,60,120,119,357,0.333333333333,120,121,1,0.008196721311,24,1.0,120,120,1,24,119,120,3,0.125,0.745929006245,678,677,678,0.991596638655,0.675,0.666666666667,0.636514168295,2,0,2,1,2,1,0.333333333333,0.333333333333,236,121,83,277,309,717,0.430962343096,200,201,1,0.004132231405,24,1.0,300,300,1,24,299,300,3,0.125,0.745929006245,678,679,678,0.996655518395,0.726666666667,0.666666666667,0.636514168295,2,0,2,0,2,0,0.666666666667,0.666666666667,596,301,83,817,1029,1797,0.572621035058,516,518,2,0.003322259136,24,1.0,745,897,1,24,744,897,3,0.125,0.745929006245,678,679,678,0.990591397849,0.908584169454,0.666666666667,0.636514168295,2,0,2,0,2,0,0.666666666667,0.666666666667,1474,758,83,2608,3241,4923,0.658338411538,1552,1554,2,0.001216545012,24,1.0,21,40,full_pairwise_net_norm
MOT20-03,41,552,566,2155,v_to_u,0.016386,0.007583,0.016785212228,mot20_03_r0041_552_566_f2155_v_to_u,2276,52,566,552,1,"{""552"": 52}",52,30,30,1,30,30,30,30,1.0,0.852269707503,731,633,633,1.0,1.0,1.0,-0.0,1,0,0,30,0,30,-1.0,-1.0,0,900,900,0,-1800,1800,-1.0,90,60,-30,-0.333333333333,30,1.0,60,60,1,52,60,60,52,1.0,0.850255576094,731,633,633,1.0,1.0,1.0,-0.0,1,0,0,52,0,52,-1.0,-1.0,0,3120,3120,0,-6240,6240,-1.0,172,120,-52,-0.302325581395,52,1.0,120,120,1,52,120,120,52,1.0,0.850255576094,731,633,633,1.0,1.0,1.0,-0.0,1,0,0,52,0,52,-1.0,-1.0,0,6240,6240,0,-12480,12480,-1.0,292,240,-52,-0.178082191781,52,1.0,300,300,1,52,300,300,52,1.0,0.850255576094,633,731,633,0.59,0.59,1.0,-0.0,1,0,52,0,52,0,1.0,1.0,9204,6396,6396,9204,5616,31200,0.18,354,406,52,0.079754601227,52,1.0,450,490,1,52,450,490,52,1.0,0.850255576094,633,731,633,0.726666666667,0.742857142857,1.0,-0.0,1,0,52,0,52,0,1.0,1.0,17004,6396,6396,19084,23296,48880,0.476595744681,691,743,52,0.052419354839,52,1.0,41,60,full_pairwise_net_norm
MOT20-03,73,302,322,1195,v_to_u,0.01164,0.005897,0.022595477999,mot20_03_r0073_302_322_f1195_v_to_u,1231,109,322,302,1,"{""302"": 109}",109,30,30,1,30,21,0,23,0.766666666667,0.799508747495,274,-1,276,1.0,,1.0,-0.0,1,0,0,0,0,0,0.0,0.0,0,483,0,0,-483,483,-1.0,44,23,-21,-0.477272727273,30,1.0,60,60,1,60,38,27,53,0.883333333333,0.814328322539,274,274,276,0.605263157895,1.0,1.0,-0.0,1,1,0,0,0,0,0.0,0.0,0,2014,0,1431,-583,3445,-0.169230769231,76,80,4,0.033898305085,60,1.0,73,120,1,109,51,87,87,0.798165137615,0.839101864922,277,274,276,0.470588235294,1.0,1.0,-0.0,1,0,0,0,0,0,0.0,0.0,0,4437,0,7569,3132,12006,0.260869565217,111,174,63,0.28,109,1.0,73,126,1,109,51,93,87,0.798165137615,0.839101864922,277,274,276,0.470588235294,1.0,1.0,-0.0,1,0,0,0,0,0,0.0,0.0,0,4437,0,8091,3654,12528,0.291666666667,117,180,63,0.272727272727,109,1.0,73,126,1,109,51,93,87,0.798165137615,0.839101864922,277,274,276,0.470588235294,1.0,1.0,-0.0,1,0,0,0,0,0,0.0,0.0,0,4437,0,8091,3654,12528,0.291666666667,117,180,63,0.272727272727,109,1.0,61,80,full_pairwise_net_norm
MOT20-03,87,433,458,2341,u_to_v,0.010515,0.005324,0.004841888143,mot20_03_r0087_433_458_f2341_u_to_v,2346,15,433,458,1,"{""458"": 15}",15,30,30,1,15,28,2,15,1.0,0.762633230399,236,236,236,1.0,1.0,1.0,-0.0,1,1,15,15,0,0,0.0,0.0,420,0,30,0,390,450,0.866666666667,28,43,15,0.333333333333,15,1.0,60,60,1,15,58,13,15,1.0,0.762633230399,236,646,236,1.0,0.846153846154,1.0,-0.0,1,0,15,0,15,0,1.0,1.0,870,0,30,165,1005,1065,0.943661971831,69,84,15,0.174418604651,15,1.0,120,120,1,15,118,73,15,1.0,0.762633230399,236,646,236,1.0,0.972602739726,1.0,-0.0,1,0,15,0,15,0,1.0,1.0,1770,0,30,1065,2805,2865,0.979057591623,189,204,15,0.072815533981,15,1.0,300,300,1,15,298,253,15,1.0,0.762633230399,236,646,236,1.0,0.99209486166,1.0,-0.0,1,0,15,0,15,0,1.0,1.0,4470,0,30,3765,8205,8265,0.992740471869,549,564,15,0.026501766784,15,1.0,867,808,1,15,865,761,15,1.0,0.762633230399,236,646,236,1.0,0.997371879106,1.0,-0.0,1,0,15,0,15,0,1.0,1.0,12975,0,30,11385,24330,24390,0.9975399754,1624,1639,15,0.009140767824,15,1.0,81,100,full_pairwise_net_norm
MOT20-05,28,525,874,1582,v_to_u,0.0097,0.005942,0.005448870138,mot20_05_r0028_525_874_f1582_v_to_u,1583,52,874,525,1,"{""525"": 52}",52,30,30,1,30,30,27,30,1.0,0.788181715605,1075,1098,1075,0.866666666667,0.888888888889,1.0,-0.0,1,0,30,0,30,0,1.0,1.0,780,120,90,720,1290,1710,0.754385964912,50,80,30,0.344827586207,30,1.0,60,60,1,52,60,57,35,0.673076923077,0.792866344956,1075,1098,1075,0.933333333333,0.947368421053,1.0,-0.0,1,0,35,0,35,0,1.0,1.0,1960,140,105,1890,3605,4095,0.880341880342,110,145,35,0.230263157895,52,1.0,120,120,1,52,120,117,35,0.673076923077,0.792866344956,1075,1098,1075,0.966666666667,0.974358974359,1.0,-0.0,1,0,35,0,35,0,1.0,1.0,4060,140,105,3990,7805,8295,0.940928270042,230,265,35,0.128676470588,52,1.0,273,300,1,52,273,297,35,0.673076923077,0.792866344956,1075,1098,1075,0.985347985348,0.989898989899,1.0,-0.0,1,0,35,0,35,0,1.0,1.0,9415,140,105,10290,19460,19950,0.975438596491,563,598,35,0.057851239669,52,1.0,273,910,1,52,273,907,35,0.673076923077,0.792866344956,1075,1098,1075,0.985347985348,0.996692392503,1.0,-0.0,1,0,35,0,35,0,1.0,1.0,9415,140,105,31640,40810,41300,0.98813559322,1173,1208,35,0.028806584362,52,1.0,21,40,full_pairwise_net_norm
MOT20-05,41,613,614,1756,u_to_v,0.02457,0.012171,0.014945472378,mot20_05_r0041_613_614_f1756_u_to_v,1893,97,613,614,1,"{""614"": 97}",97,30,30,1,30,30,30,30,1.0,0.866627957695,979,1002,1002,1.0,1.0,1.0,-0.0,1,0,0,30,0,30,-1.0,-1.0,0,900,900,0,-1800,1800,-1.0,90,60,-30,-0.333333333333,30,1.0,60,60,1,60,60,60,60,1.0,0.885125727624,979,1002,1002,1.0,1.0,1.0,-0.0,1,0,0,60,0,60,-1.0,-1.0,0,3600,3600,0,-7200,7200,-1.0,180,120,-60,-0.333333333333,60,1.0,120,120,1,97,120,120,96,0.989690721649,0.874537877861,979,1002,1002,0.966666666667,1.0,1.0,-0.0,1,0,0,96,0,96,-1.0,-1.0,0,11520,11520,0,-23040,23040,-1.0,332,236,-96,-0.285714285714,97,1.0,300,300,1,97,300,300,96,0.989690721649,0.874537877861,1002,979,1002,0.546666666667,0.546666666667,1.0,-0.0,1,0,96,0,96,0,1.0,1.0,15744,13056,13056,15744,5376,57600,0.093333333333,364,424,60,0.086206896552,97,1.0,1060,1059,1,97,1053,1054,96,0.989690721649,0.874537877861,1002,979,1002,0.862298195632,0.870967741935,1.0,-0.0,1,0,96,0,96,0,1.0,1.0,87168,13920,13056,88128,148320,202272,0.733270052207,1826,1922,96,0.043576940536,97,1.0,41,60,full_pairwise_net_norm
MOT20-05,67,142,394,395,v_to_u,-0.00326,-0.002394,-0.008095464205,mot20_05_r0067_142_394_f395_v_to_u,408,332,393,142,1,"{""142"": 332}",332,24,30,1,30,4,26,30,1.0,0.819406027202,170,170,169,1.0,1.0,0.533333333333,0.690923309314,2,1,14,14,0,0,0.0,0.0,56,64,364,416,44,900,0.048888888889,40,42,2,0.033333333333,30,1.0,24,60,1,60,4,56,60,1.0,0.863196583117,170,170,169,1.0,1.0,0.766666666667,0.543272781337,2,1,14,14,0,0,0.0,0.0,56,184,784,2576,1664,3600,0.462222222222,70,102,32,0.266666666667,60,1.0,24,120,1,120,4,116,120,1.0,0.876472073444,170,170,169,1.0,1.0,0.883333333333,0.360230521195,2,1,14,14,0,0,0.0,0.0,56,424,1624,12296,10304,14400,0.715555555556,130,222,92,0.383333333333,120,1.0,24,300,1,300,4,263,300,1.0,0.816052393367,170,170,169,1.0,0.920152091255,0.953333333333,0.188580939626,2,1,14,14,0,0,0.0,0.0,56,1144,9394,69506,59024,80100,0.736878901373,311,528,217,0.382716049383,300,1.0,24,407,1,332,4,369,321,0.96686746988,0.813761753519,170,170,169,1.0,0.655826558266,0.943925233645,0.245730780051,3,1,14,14,0,0,0.0,0.0,56,1228,41869,76580,33539,119733,0.280114922369,434,545,111,0.159942363112,332,1.0,61,80,full_pairwise_net_norm
MOT20-05,90,509,813,1482,v_to_u,-0.01367,-0.007404,-0.007005690177,mot20_05_r0090_509_813_f1482_v_to_u,1759,412,813,509,1,"{""509"": 412}",412,30,30,1,30,29,30,30,1.0,0.911309588147,958,477,477,0.551724137931,1.0,1.0,-0.0,1,0,0,30,0,30,-1.0,-1.0,0,870,900,0,-1770,1770,-1.0,76,46,-30,-0.337078651685,30,1.0,60,60,1,60,59,60,60,1.0,0.881982242697,956,477,477,0.728813559322,1.0,1.0,-0.0,1,0,0,60,0,60,-1.0,-1.0,0,3540,3600,0,-7140,7140,-1.0,163,103,-60,-0.335195530726,60,1.0,120,120,1,120,119,120,120,1.0,0.887022433578,956,477,477,0.470588235294,0.75,1.0,-0.0,1,0,0,120,0,120,-1.0,-1.0,0,14280,10800,3600,-21480,28680,-0.748953974895,266,150,-116,-0.323119777159,120,1.0,300,300,1,300,299,300,300,1.0,0.896228221911,1053,642,477,0.759197324415,0.7,1.0,-0.0,1,0,0,0,0,0,0.0,0.0,0,89700,27000,63000,-53700,179700,-0.298831385643,617,510,-107,-0.119021134594,300,1.0,570,1114,1,412,569,1114,407,0.98786407767,0.890602490831,1053,642,477,0.873462214411,0.91921005386,0.936117936118,0.268791753802,3,0,0,0,0,0,0.0,0.0,0,231583,34290,419108,153235,684981,0.223706934937,1521,1521,0,0.0,412,1.0,81,100,full_pairwise_net_norm
MOT20-01,37,20,27,70,v_to_u,0.83944,0.436431,0.173332313731,mot20_01_r0037_20_27_f70_v_to_u,83,347,27,20,1,"{""20"": 347}",347,30,30,1,30,30,30,30,1.0,0.80894454277,8,7,8,1.0,1.0,0.9,0.325082973391,2,0,27,3,27,3,0.8,0.8,810,90,90,810,1440,1800,0.8,63,87,24,0.266666666667,30,1.0,60,60,1,60,60,60,60,1.0,0.83731958848,8,7,8,1.0,1.0,0.85,0.51818621305,3,0,51,3,51,3,0.8,0.8,3060,540,180,3420,5760,7200,0.8,123,171,48,0.266666666667,60,1.0,82,82,1,120,82,82,120,1.0,0.850229876179,8,7,8,1.0,1.0,0.925,0.31412302589,3,0,111,3,111,3,0.9,0.9,9102,738,246,9594,17712,19680,0.9,167,275,108,0.380281690141,120,1.0,82,82,1,300,82,82,300,1.0,0.884379393102,8,7,8,1.0,1.0,0.97,0.153837593229,3,0,291,3,291,3,0.96,0.96,23862,738,246,24354,47232,49200,0.96,291,455,164,0.353448275862,300,1.0,82,82,1,347,82,82,347,1.0,0.888480013832,8,7,8,1.0,1.0,0.974063400576,0.136829372585,3,0,338,3,338,3,0.965417867435,0.965417867435,27716,738,246,28208,54940,56908,0.965417867435,338,502,164,0.320939334638,347,1.0,21,40,full_idtp_delta_norm
MOT20-01,49,17,28,347,u_to_v,0.075333,0.046867,0.0,mot20_01_r0049_17_28_f347_u_to_v,348,82,17,28,1,"{""28"": 82}",82,30,30,1,30,30,27,26,0.866666666667,0.878066901315,30,28,52,1.0,0.962962962963,0.807692307692,0.489551893623,2,0,5,0,5,0,0.192307692308,0.192307692308,150,630,0,702,222,1482,0.14979757085,56,61,5,0.060240963855,30,1.0,60,60,1,60,58,57,56,0.933333333333,0.895178151517,30,28,52,1.0,0.982456140351,0.910714285714,0.300882104465,2,0,5,0,5,0,0.089285714286,0.089285714286,290,2958,0,3192,524,6440,0.081366459627,114,119,5,0.029239766082,60,1.0,120,120,1,82,118,117,78,0.951219512195,0.881958791002,30,28,52,0.516949152542,0.991452991453,0.935897435897,0.238109739946,2,0,5,0,5,0,0.064102564103,0.064102564103,305,8899,0,9126,532,18330,0.029023458811,177,189,12,0.038338658147,82,1.0,300,300,1,82,298,297,78,0.951219512195,0.881958791002,29,28,52,0.741610738255,0.996632996633,0.935897435897,0.238109739946,2,0,0,0,0,0,0.0,0.0,385,22859,0,23166,692,46410,0.014910579616,517,517,0,0.0,82,1.0,347,347,1,82,345,344,78,0.951219512195,0.881958791002,29,28,52,0.776811594203,0.997093023256,0.935897435897,0.238109739946,2,0,0,0,0,0,0.0,0.0,385,26525,0,26832,692,53742,0.012876335082,611,611,0,0.0,82,1.0,41,60,full_idtp_delta_norm
MOT20-01,74,17,29,181,v_to_u,0.0829,0.040357,0.040784073819,mot20_01_r0074_17_29_f181_v_to_u,340,8,29,17,1,"{""17"": 8}",8,30,30,1,8,23,30,8,1.0,0.870533002732,29,30,30,1.0,1.0,1.0,-0.0,1,0,0,8,0,8,-1.0,-1.0,0,184,240,0,-424,424,-1.0,61,53,-8,-0.131147540984,8,1.0,60,60,1,8,53,58,8,1.0,0.870533002732,29,30,30,0.905660377358,0.913793103448,1.0,-0.0,1,0,0,8,0,8,-1.0,-1.0,40,384,424,40,-728,888,-0.81981981982,109,101,-8,-0.067226890756,8,1.0,120,120,1,8,113,118,8,1.0,0.870533002732,30,29,30,0.575221238938,0.550847457627,1.0,-0.0,1,0,8,0,8,0,1.0,1.0,520,384,424,520,232,1848,0.125541125541,130,138,8,0.033472803347,8,1.0,300,300,1,8,286,298,8,1.0,0.870533002732,30,29,30,0.786713286713,0.768456375839,1.0,-0.0,1,0,8,0,8,0,1.0,1.0,1800,488,552,1832,2592,4672,0.554794520548,454,462,8,0.013513513514,8,1.0,339,339,1,8,325,337,8,1.0,0.870533002732,30,29,30,0.812307692308,0.795252225519,1.0,-0.0,1,0,8,0,8,0,1.0,1.0,2112,488,552,2144,3216,5296,0.607250755287,532,540,8,0.011940298507,8,1.0,61,80,full_idtp_delta_norm
MOT20-01,93,62,95,368,v_to_u,0.00134,0.000733,0.0,mot20_01_r0093_62_95_f368_v_to_u,422,8,95,62,1,"{""62"": 8}",8,30,30,1,8,30,30,8,1.0,0.885525552937,48,20,20,1.0,1.0,1.0,-0.0,1,0,0,8,0,8,-1.0,-1.0,0,240,240,0,-480,480,-1.0,68,60,-8,-0.117647058824,8,1.0,54,60,1,8,54,55,8,1.0,0.885525552937,48,20,20,1.0,1.0,1.0,-0.0,1,0,0,8,0,8,-1.0,-1.0,0,432,440,0,-872,872,-1.0,117,109,-8,-0.068376068376,8,1.0,54,120,1,8,54,109,8,1.0,0.885525552937,48,20,20,1.0,0.504587155963,1.0,-0.0,1,0,0,8,0,8,-1.0,-1.0,0,432,440,432,-440,1304,-0.337423312883,117,109,-8,-0.046783625731,8,1.0,54,221,1,8,54,210,8,1.0,0.885525552937,48,48,20,1.0,0.738095238095,1.0,-0.0,1,1,0,0,0,0,0.0,0.0,0,432,440,1240,368,2112,0.174242424242,155,163,8,0.029411764706,8,1.0,54,221,1,8,54,210,8,1.0,0.885525552937,48,48,20,1.0,0.738095238095,1.0,-0.0,1,1,0,0,0,0,0.0,0.0,0,432,440,1240,368,2112,0.174242424242,155,163,8,0.029411764706,8,1.0,81,100,full_idtp_delta_norm
MOT20-02,34,310,453,2119,u_to_v,0.004084,0.00223,-0.003924248915,mot20_02_r0034_310_453_f2119_u_to_v,2131,68,440,453,1,"{""453"": 68}",68,30,30,1,30,21,30,30,1.0,0.882888887105,180,78,78,0.619047619048,0.666666666667,1.0,-0.0,1,0,0,30,0,30,-1.0,-1.0,240,390,600,300,-450,1530,-0.294117647059,63,46,-17,-0.20987654321,30,1.0,60,37,1,60,51,37,60,1.0,0.885726690694,78,78,78,0.666666666667,0.540540540541,1.0,-0.0,1,1,60,60,0,0,0.0,0.0,2040,1020,1200,1020,840,5280,0.159090909091,97,109,12,0.081081081081,60,1.0,61,37,1,68,52,37,66,0.970588235294,0.883394695159,78,78,78,0.673076923077,0.540540540541,1.0,-0.0,1,1,66,66,0,0,0.0,0.0,2310,1122,1320,1122,990,5874,0.168539325843,103,116,13,0.083870967742,68,1.0,61,37,1,68,52,37,66,0.970588235294,0.883394695159,78,78,78,0.673076923077,0.540540540541,1.0,-0.0,1,1,66,66,0,0,0.0,0.0,2310,1122,1320,1122,990,5874,0.168539325843,103,116,13,0.083870967742,68,1.0,61,37,1,68,52,37,66,0.970588235294,0.883394695159,78,78,78,0.673076923077,0.540540540541,1.0,-0.0,1,1,66,66,0,0,0.0,0.0,2310,1122,1320,1122,990,5874,0.168539325843,103,116,13,0.083870967742,68,1.0,21,40,full_idtp_delta_norm
MOT20-02,56,214,246,1536,v_to_u,0.10592,0.05033,0.033356115778,mot20_02_r0056_214_246_f1536_v_to_u,1537,298,246,214,1,"{""214"": 298}",298,30,30,1,30,28,30,30,1.0,0.878059643864,38,36,38,0.535714285714,0.5,0.933333333333,0.244930026795,2,0,28,0,28,0,0.933333333333,0.933333333333,420,420,420,480,60,1740,0.034482758621,56,58,2,0.022727272727,30,1.0,60,60,1,60,50,60,60,1.0,0.872285394379,38,36,38,0.68,0.75,0.966666666667,0.146144746009,2,0,58,0,58,0,0.966666666667,0.966666666667,1972,1028,870,2730,2804,6600,0.424848484848,86,137,51,0.3,60,1.0,120,120,1,120,91,120,120,1.0,0.878390428917,62,36,38,0.43956043956,0.875,0.983333333333,0.084766075715,2,0,0,0,0,0,0.0,0.0,4130,6790,1770,12630,8200,25320,0.323854660348,173,258,85,0.256797583082,120,1.0,145,300,1,298,116,300,298,1.0,0.86502922649,62,36,38,0.560344827586,0.95,0.993288590604,0.040272369589,2,0,0,0,0,0,0.0,0.0,10360,24208,4440,84960,66672,123968,0.537816210635,376,616,240,0.336134453782,298,1.0,145,315,1,298,116,314,298,1.0,0.86502922649,62,36,38,0.560344827586,0.945859872611,0.993288590604,0.040272369589,2,0,0,0,0,0,0.0,0.0,10360,24208,4444,89128,70836,128140,0.552801623225,376,628,252,0.346153846154,298,1.0,41,60,full_idtp_delta_norm
MOT20-02,77,104,117,513,v_to_u,0.015433,0.00826,-0.010464663774,mot20_02_r0077_104_117_f513_v_to_u,514,617,117,104,1,"{""104"": 617}",617,1,30,1,30,1,29,30,1.0,0.918382229372,276,276,276,1.0,0.551724137931,1.0,-0.0,1,1,30,30,0,0,0.0,0.0,30,0,480,390,-60,900,-0.066666666667,46,41,-5,-0.083333333333,30,1.0,1,60,1,60,1,59,60,1.0,0.900825592477,276,55,276,1.0,0.661016949153,1.0,-0.0,1,0,60,0,60,0,1.0,1.0,60,0,960,2580,1680,3600,0.466666666667,76,100,24,0.2,60,1.0,1,86,1,120,1,85,120,1.0,0.854508086107,276,55,276,1.0,0.6,1.0,-0.0,1,0,120,0,120,0,1.0,1.0,120,0,1920,8280,6480,10320,0.627906976744,136,172,36,0.174757281553,120,1.0,1,86,1,300,1,85,300,1.0,0.866772477041,276,55,276,1.0,0.6,1.0,-0.0,1,0,300,0,300,0,1.0,1.0,300,0,4800,20700,16200,25800,0.627906976744,316,352,36,0.093264248705,300,1.0,1,86,1,617,1,85,589,0.954619124797,0.854583981244,276,55,276,1.0,0.6,1.0,-0.0,1,0,589,0,589,0,1.0,1.0,589,0,9424,40641,31806,50654,0.627906976744,605,641,36,0.053333333333,617,1.0,61,80,full_idtp_delta_norm
MOT20-02,91,262,454,2111,v_to_u,0.14551,0.07349,0.141272960944,mot20_02_r0091_262_454_f2111_v_to_u,2136,593,454,262,1,"{""262"": 593}",593,30,30,1,30,7,28,30,1.0,0.843545944074,133,126,126,0.714285714286,1.0,1.0,-0.0,1,0,0,30,0,30,-1.0,-1.0,60,150,840,0,-930,1050,-0.885714285714,63,33,-30,-0.461538461538,30,1.0,40,60,1,60,8,58,60,1.0,0.845316218314,133,126,126,0.625,0.568965517241,1.0,-0.0,1,0,0,60,0,60,-1.0,-1.0,120,360,1980,1500,-720,3960,-0.181818181818,98,87,-11,-0.087301587302,60,1.0,40,120,1,120,8,118,120,1.0,0.820915690745,133,19,126,0.625,0.720338983051,0.816666666667,0.563336059479,3,0,0,0,0,0,0.0,0.0,196,764,3234,10926,7124,15120,0.471164021164,136,185,49,0.19918699187,120,1.0,40,300,1,300,8,298,300,1.0,0.848220258916,133,19,160,0.625,0.671140939597,0.66,0.69728626655,3,0,0,0,0,0,0.0,0.0,196,2204,3234,86166,80924,91800,0.881525054466,205,398,193,0.318481848185,300,1.0,40,683,1,593,8,679,586,0.988195615514,0.831673977201,133,105,160,0.625,0.653902798233,0.757679180887,0.752325817242,5,0,0,0,0,0,0.0,0.0,231,4457,3234,394660,387200,402582,0.961791634996,449,888,439,0.344854673998,593,1.0,81,100,full_idtp_delta_norm
MOT20-03,22,273,281,1205,u_to_v,0.03773,0.01216,0.033570424456,mot20_03_r0022_273_281_f1205_u_to_v,1318,369,273,281,1,"{""281"": 369}",369,30,30,1,30,25,30,30,1.0,0.920524491161,316,410,410,1.0,1.0,1.0,-0.0,1,0,0,30,0,30,-1.0,-1.0,0,750,900,0,-1650,1650,-1.0,85,55,-30,-0.352941176471,30,1.0,60,60,1,60,55,60,60,1.0,0.927147010994,316,410,410,1.0,1.0,1.0,-0.0,1,0,0,60,0,60,-1.0,-1.0,0,3300,3600,0,-6900,6900,-1.0,175,115,-60,-0.342857142857,60,1.0,120,120,1,120,115,118,120,1.0,0.930128825812,316,410,410,0.921739130435,0.940677966102,1.0,-0.0,1,0,0,120,0,120,-1.0,-1.0,1080,12720,13320,840,-24120,27960,-0.862660944206,337,217,-120,-0.339943342776,120,1.0,300,277,1,300,291,272,300,1.0,0.895512882108,410,316,410,0.635738831615,0.591911764706,1.0,-0.0,1,0,300,0,300,0,1.0,1.0,55500,31800,33300,48300,38700,168900,0.229129662522,517,646,129,0.149478563152,300,1.0,301,277,1,369,291,272,367,0.994579945799,0.881800711935,410,316,410,0.635738831615,0.591911764706,1.0,-0.0,1,0,367,0,367,0,1.0,1.0,67895,38902,40737,59087,47343,206621,0.229129662522,584,713,129,0.138709677419,369,1.0,21,40,full_idtp_delta_norm
MOT20-03,41,552,566,2155,v_to_u,0.016386,0.007583,0.016785212228,mot20_03_r0041_552_566_f2155_v_to_u,2276,52,566,552,1,"{""552"": 52}",52,30,30,1,30,30,30,30,1.0,0.852269707503,731,633,633,1.0,1.0,1.0,-0.0,1,0,0,30,0,30,-1.0,-1.0,0,900,900,0,-1800,1800,-1.0,90,60,-30,-0.333333333333,30,1.0,60,60,1,52,60,60,52,1.0,0.850255576094,731,633,633,1.0,1.0,1.0,-0.0,1,0,0,52,0,52,-1.0,-1.0,0,3120,3120,0,-6240,6240,-1.0,172,120,-52,-0.302325581395,52,1.0,120,120,1,52,120,120,52,1.0,0.850255576094,731,633,633,1.0,1.0,1.0,-0.0,1,0,0,52,0,52,-1.0,-1.0,0,6240,6240,0,-12480,12480,-1.0,292,240,-52,-0.178082191781,52,1.0,300,300,1,52,300,300,52,1.0,0.850255576094,633,731,633,0.59,0.59,1.0,-0.0,1,0,52,0,52,0,1.0,1.0,9204,6396,6396,9204,5616,31200,0.18,354,406,52,0.079754601227,52,1.0,450,490,1,52,450,490,52,1.0,0.850255576094,633,731,633,0.726666666667,0.742857142857,1.0,-0.0,1,0,52,0,52,0,1.0,1.0,17004,6396,6396,19084,23296,48880,0.476595744681,691,743,52,0.052419354839,52,1.0,41,60,full_idtp_delta_norm
MOT20-03,73,302,322,1195,v_to_u,0.01164,0.005897,0.022595477999,mot20_03_r0073_302_322_f1195_v_to_u,1231,109,322,302,1,"{""302"": 109}",109,30,30,1,30,21,0,23,0.766666666667,0.799508747495,274,-1,276,1.0,,1.0,-0.0,1,0,0,0,0,0,0.0,0.0,0,483,0,0,-483,483,-1.0,44,23,-21,-0.477272727273,30,1.0,60,60,1,60,38,27,53,0.883333333333,0.814328322539,274,274,276,0.605263157895,1.0,1.0,-0.0,1,1,0,0,0,0,0.0,0.0,0,2014,0,1431,-583,3445,-0.169230769231,76,80,4,0.033898305085,60,1.0,73,120,1,109,51,87,87,0.798165137615,0.839101864922,277,274,276,0.470588235294,1.0,1.0,-0.0,1,0,0,0,0,0,0.0,0.0,0,4437,0,7569,3132,12006,0.260869565217,111,174,63,0.28,109,1.0,73,126,1,109,51,93,87,0.798165137615,0.839101864922,277,274,276,0.470588235294,1.0,1.0,-0.0,1,0,0,0,0,0,0.0,0.0,0,4437,0,8091,3654,12528,0.291666666667,117,180,63,0.272727272727,109,1.0,73,126,1,109,51,93,87,0.798165137615,0.839101864922,277,274,276,0.470588235294,1.0,1.0,-0.0,1,0,0,0,0,0,0.0,0.0,0,4437,0,8091,3654,12528,0.291666666667,117,180,63,0.272727272727,109,1.0,61,80,full_idtp_delta_norm
MOT20-03,99,355,606,2119,u_to_v,0.01408,0.006475,0.016785212228,mot20_03_r0099_355_606_f2119_u_to_v,2151,137,355,606,1,"{""606"": 137}",137,30,30,1,30,9,17,30,1.0,0.788309762232,677,679,679,0.777777777778,1.0,1.0,-0.0,1,0,0,30,0,30,-1.0,-1.0,0,270,510,0,-780,780,-1.0,54,30,-24,-0.428571428571,30,1.0,60,60,1,60,39,17,52,0.866666666667,0.772927655312,677,679,679,0.948717948718,1.0,1.0,-0.0,1,0,0,52,0,52,-1.0,-1.0,0,2028,884,0,-2912,2912,-1.0,106,54,-52,-0.481481481481,60,1.0,120,120,1,120,99,74,108,0.9,0.792400461867,677,364,679,0.828282828283,0.77027027027,0.481481481481,0.89404777157,4,0,0,0,0,0,0.0,0.0,728,9964,884,7108,-3012,18684,-0.161207450225,151,139,-12,-0.042704626335,120,1.0,300,186,1,137,279,139,125,0.912408759124,0.782709832668,679,364,679,0.695340501792,0.877697841727,0.416,1.148465678887,4,0,52,0,52,0,0.416,0.416,10088,24787,884,16491,908,52250,0.017377990431,316,368,52,0.09576427256,137,1.0,921,186,1,137,900,139,125,0.912408759124,0.782709832668,679,364,679,0.905555555556,0.877697841727,0.416,1.148465678887,4,0,52,0,52,0,0.416,0.416,42380,70120,884,16491,-12133,129875,-0.093420596728,937,989,52,0.044673539519,137,1.0,81,100,full_idtp_delta_norm
MOT20-05,28,525,874,1582,v_to_u,0.0097,0.005942,0.005448870138,mot20_05_r0028_525_874_f1582_v_to_u,1583,52,874,525,1,"{""525"": 52}",52,30,30,1,30,30,27,30,1.0,0.788181715605,1075,1098,1075,0.866666666667,0.888888888889,1.0,-0.0,1,0,30,0,30,0,1.0,1.0,780,120,90,720,1290,1710,0.754385964912,50,80,30,0.344827586207,30,1.0,60,60,1,52,60,57,35,0.673076923077,0.792866344956,1075,1098,1075,0.933333333333,0.947368421053,1.0,-0.0,1,0,35,0,35,0,1.0,1.0,1960,140,105,1890,3605,4095,0.880341880342,110,145,35,0.230263157895,52,1.0,120,120,1,52,120,117,35,0.673076923077,0.792866344956,1075,1098,1075,0.966666666667,0.974358974359,1.0,-0.0,1,0,35,0,35,0,1.0,1.0,4060,140,105,3990,7805,8295,0.940928270042,230,265,35,0.128676470588,52,1.0,273,300,1,52,273,297,35,0.673076923077,0.792866344956,1075,1098,1075,0.985347985348,0.989898989899,1.0,-0.0,1,0,35,0,35,0,1.0,1.0,9415,140,105,10290,19460,19950,0.975438596491,563,598,35,0.057851239669,52,1.0,273,910,1,52,273,907,35,0.673076923077,0.792866344956,1075,1098,1075,0.985347985348,0.996692392503,1.0,-0.0,1,0,35,0,35,0,1.0,1.0,9415,140,105,31640,40810,41300,0.98813559322,1173,1208,35,0.028806584362,52,1.0,21,40,full_idtp_delta_norm
MOT20-05,50,879,1054,1998,u_to_v,0.018484,0.008761,0.011676150295,mot20_05_r0050_879_1054_f1998_u_to_v,2077,75,879,1054,1,"{""1054"": 75}",75,30,30,1,30,30,30,30,1.0,0.831905515321,1015,475,475,1.0,1.0,1.0,-0.0,1,0,0,30,0,30,-1.0,-1.0,0,900,900,0,-1800,1800,-1.0,90,60,-30,-0.333333333333,30,1.0,60,60,1,60,60,60,60,1.0,0.858302096118,1015,475,475,0.583333333333,1.0,1.0,-0.0,1,0,0,60,0,60,-1.0,-1.0,0,3600,3600,0,-7200,7200,-1.0,155,95,-60,-0.333333333333,60,1.0,120,120,1,75,120,120,75,1.0,0.86759402236,475,475,475,0.35,0.65,1.0,-0.0,1,1,75,75,0,0,0.0,0.0,3150,5850,5850,3150,-5400,18000,-0.3,188,158,-30,-0.095238095238,75,1.0,300,300,1,75,300,300,75,1.0,0.86759402236,475,467,475,0.74,0.736666666667,1.0,-0.0,1,0,75,0,75,0,1.0,1.0,16650,5850,5850,16650,21600,45000,0.48,443,518,75,0.111111111111,75,1.0,751,349,1,75,751,345,75,1.0,0.86759402236,475,467,475,0.896138482024,0.771014492754,1.0,-0.0,1,0,75,0,75,0,1.0,1.0,50475,5850,5850,20025,58800,82200,0.715328467153,939,1014,75,0.064047822374,75,1.0,41,60,full_idtp_delta_norm
MOT20-05,67,142,394,395,v_to_u,-0.00326,-0.002394,-0.008095464205,mot20_05_r0067_142_394_f395_v_to_u,408,332,393,142,1,"{""142"": 332}",332,24,30,1,30,4,26,30,1.0,0.819406027202,170,170,169,1.0,1.0,0.533333333333,0.690923309314,2,1,14,14,0,0,0.0,0.0,56,64,364,416,44,900,0.048888888889,40,42,2,0.033333333333,30,1.0,24,60,1,60,4,56,60,1.0,0.863196583117,170,170,169,1.0,1.0,0.766666666667,0.543272781337,2,1,14,14,0,0,0.0,0.0,56,184,784,2576,1664,3600,0.462222222222,70,102,32,0.266666666667,60,1.0,24,120,1,120,4,116,120,1.0,0.876472073444,170,170,169,1.0,1.0,0.883333333333,0.360230521195,2,1,14,14,0,0,0.0,0.0,56,424,1624,12296,10304,14400,0.715555555556,130,222,92,0.383333333333,120,1.0,24,300,1,300,4,263,300,1.0,0.816052393367,170,170,169,1.0,0.920152091255,0.953333333333,0.188580939626,2,1,14,14,0,0,0.0,0.0,56,1144,9394,69506,59024,80100,0.736878901373,311,528,217,0.382716049383,300,1.0,24,407,1,332,4,369,321,0.96686746988,0.813761753519,170,170,169,1.0,0.655826558266,0.943925233645,0.245730780051,3,1,14,14,0,0,0.0,0.0,56,1228,41869,76580,33539,119733,0.280114922369,434,545,111,0.159942363112,332,1.0,61,80,full_idtp_delta_norm
MOT20-05,84,17,254,436,v_to_u,-0.00041,0.000306,0.0,mot20_05_r0084_17_254_f436_v_to_u,454,54,254,17,1,"{""17"": 54}",54,30,30,1,30,25,29,25,0.833333333333,0.775616214502,222,223,224,0.64,0.448275862069,1.0,-0.0,1,0,0,0,0,0,0.0,0.0,125,500,250,475,-150,1350,-0.111111111111,51,43,-8,-0.101265822785,30,1.0,60,60,1,54,55,59,34,0.62962962963,0.789890912838,222,242,224,0.836363636364,0.440677966102,1.0,-0.0,1,0,0,0,0,0,0.0,0.0,170,1700,340,1666,-204,3876,-0.052631578947,90,72,-18,-0.121621621622,54,1.0,120,120,1,54,115,119,34,0.62962962963,0.789890912838,222,242,224,0.921739130435,0.72268907563,1.0,-0.0,1,0,0,0,0,0,0.0,0.0,170,3740,340,3706,-204,7956,-0.025641025641,192,192,0,0.0,54,1.0,300,300,1,54,295,299,34,0.62962962963,0.789890912838,222,242,224,0.969491525424,0.889632107023,1.0,-0.0,1,0,0,0,0,0,0.0,0.0,170,9860,340,9826,-204,20196,-0.010101010101,552,552,0,0.0,54,1.0,405,453,1,54,400,452,34,0.62962962963,0.789890912838,222,242,224,0.9775,0.926991150442,1.0,-0.0,1,0,0,0,0,0,0.0,0.0,170,13430,340,15028,1428,28968,0.049295774648,810,810,0,0.0,54,1.0,81,100,full_idtp_delta_norm
