{
  "config": {
    "input_shape": [
      1,
      18,
      50,
      256
    ],
    "device": "cuda",
    "batch_sizes": [
      1,
      2,
      4,
      8
    ]
  },
  "parameters": {
    "total": 8895521,
    "trainable": 8895521,
    "frozen": 0,
    "by_module": {
      "lfd": 526336,
      "ftt": 1579520,
      "cross_band": 263168,
      "id_decoder": 6320640,
      "output_head": 205857
    }
  },
  "flops": {
    "flops": 3504153600.0,
    "flops_str": "3.504G",
    "params": 3894817.0,
    "params_str": "3.895M"
  },
  "memory": {
    "baseline_mb": 42.05908203125,
    "peak_mb": 72.06298828125,
    "model_mb": 33.933719635009766,
    "activation_mb": -3.9298133850097656
  },
  "fps": {
    "mean_ms": 7.215699404478073,
    "std_ms": 1.6850502038836415,
    "min_ms": 6.182696670293808,
    "max_ms": 13.073287904262543,
    "fps": 138.58670434350392,
    "p50_ms": 6.757980212569237,
    "p95_ms": 12.950319983065128,
    "p99_ms": 13.065410256385803
  },
  "batch_scaling": {
    "1": {
      "mean_ms": 8.023698814213276,
      "fps": 124.63079972899631,
      "throughput": 124.63079972899631,
      "memory_mb": 72.06298828125
    },
    "2": {
      "mean_ms": 14.160615019500256,
      "fps": 70.61840171651606,
      "throughput": 141.23680343303212,
      "memory_mb": 101.52734375
    },
    "4": {
      "mean_ms": 23.100917786359787,
      "fps": 43.28832340117941,
      "throughput": 173.15329360471765,
      "memory_mb": 159.07470703125
    },
    "8": {
      "mean_ms": 45.932865142822266,
      "fps": 21.770904055094977,
      "throughput": 174.16723244075982,
      "memory_mb": 275.09033203125
    }
  }
}