seq,u,v,boundary_frame,transaction_type,donor_raw_tid,receiver_raw_tid,accepted,effective_start_frame,changed_rows,pair_common_frames,pair_common_span,donor_anchor,receiver_anchor,candidate_policy_version,donor_first_frame,donor_last_frame,receiver_first_frame,receiver_last_frame,donor_track_rows,receiver_track_rows,donor_history_rows,receiver_history_rows,handoff_gap,future_receiver_rows,future_receiver_unique_frames,future_receiver_span,future_receiver_density,boundary_center_distance_norm,boundary_bottom_gap_norm,boundary_iou,boundary_log_width_ratio_abs,boundary_log_height_ratio_abs,boundary_donor_score,boundary_receiver_score,canonical_rank,receiver_anchor_count,receiver_anchor_counts,target_rows_with_receiver_anchor,h30_history_donor_rows,h30_history_receiver_rows,h30_receiver_anchor_count,h30_future_rows,h30_history_donor_matched,h30_history_receiver_matched,h30_future_matched,h30_future_match_rate,h30_future_mean_match_iou,h30_donor_dominant_gt,h30_receiver_dominant_gt,h30_future_dominant_gt,h30_donor_gt_purity,h30_receiver_gt_purity,h30_future_gt_purity,h30_future_gt_entropy,h30_future_unique_gt,h30_history_dominant_same_gt,h30_donor_future_support_rows,h30_receiver_future_support_rows,h30_benefit_rows,h30_harm_rows,h30_row_net,h30_donor_minus_receiver_support_frac,h30_donor_same_pairs,h30_donor_different_pairs,h30_receiver_same_pairs,h30_receiver_different_pairs,h30_pairwise_net_pairs,h30_pairwise_affected_pairs,h30_pairwise_net_norm,h30_baseline_local_idtp,h30_edited_local_idtp,h30_idtp_delta,h30_idtp_delta_norm,h30_future_span_frames,h30_future_density,h60_history_donor_rows,h60_history_receiver_rows,h60_receiver_anchor_count,h60_future_rows,h60_history_donor_matched,h60_history_receiver_matched,h60_future_matched,h60_future_match_rate,h60_future_mean_match_iou,h60_donor_dominant_gt,h60_receiver_dominant_gt,h60_future_dominant_gt,h60_donor_gt_purity,h60_receiver_gt_purity,h60_future_gt_purity,h60_future_gt_entropy,h60_future_unique_gt,h60_history_dominant_same_gt,h60_donor_future_support_rows,h60_receiver_future_support_rows,h60_benefit_rows,h60_harm_rows,h60_row_net,h60_donor_minus_receiver_support_frac,h60_donor_same_pairs,h60_donor_different_pairs,h60_receiver_same_pairs,h60_receiver_different_pairs,h60_pairwise_net_pairs,h60_pairwise_affected_pairs,h60_pairwise_net_norm,h60_baseline_local_idtp,h60_edited_local_idtp,h60_idtp_delta,h60_idtp_delta_norm,h60_future_span_frames,h60_future_density,h120_history_donor_rows,h120_history_receiver_rows,h120_receiver_anchor_count,h120_future_rows,h120_history_donor_matched,h120_history_receiver_matched,h120_future_matched,h120_future_match_rate,h120_future_mean_match_iou,h120_donor_dominant_gt,h120_receiver_dominant_gt,h120_future_dominant_gt,h120_donor_gt_purity,h120_receiver_gt_purity,h120_future_gt_purity,h120_future_gt_entropy,h120_future_unique_gt,h120_history_dominant_same_gt,h120_donor_future_support_rows,h120_receiver_future_support_rows,h120_benefit_rows,h120_harm_rows,h120_row_net,h120_donor_minus_receiver_support_frac,h120_donor_same_pairs,h120_donor_different_pairs,h120_receiver_same_pairs,h120_receiver_different_pairs,h120_pairwise_net_pairs,h120_pairwise_affected_pairs,h120_pairwise_net_norm,h120_baseline_local_idtp,h120_edited_local_idtp,h120_idtp_delta,h120_idtp_delta_norm,h120_future_span_frames,h120_future_density,h300_history_donor_rows,h300_history_receiver_rows,h300_receiver_anchor_count,h300_future_rows,h300_history_donor_matched,h300_history_receiver_matched,h300_future_matched,h300_future_match_rate,h300_future_mean_match_iou,h300_donor_dominant_gt,h300_receiver_dominant_gt,h300_future_dominant_gt,h300_donor_gt_purity,h300_receiver_gt_purity,h300_future_gt_purity,h300_future_gt_entropy,h300_future_unique_gt,h300_history_dominant_same_gt,h300_donor_future_support_rows,h300_receiver_future_support_rows,h300_benefit_rows,h300_harm_rows,h300_row_net,h300_donor_minus_receiver_support_frac,h300_donor_same_pairs,h300_donor_different_pairs,h300_receiver_same_pairs,h300_receiver_different_pairs,h300_pairwise_net_pairs,h300_pairwise_affected_pairs,h300_pairwise_net_norm,h300_baseline_local_idtp,h300_edited_local_idtp,h300_idtp_delta,h300_idtp_delta_norm,h300_future_span_frames,h300_future_density,full_history_donor_rows,full_history_receiver_rows,full_receiver_anchor_count,full_future_rows,full_history_donor_matched,full_history_receiver_matched,full_future_matched,full_future_match_rate,full_future_mean_match_iou,full_donor_dominant_gt,full_receiver_dominant_gt,full_future_dominant_gt,full_donor_gt_purity,full_receiver_gt_purity,full_future_gt_purity,full_future_gt_entropy,full_future_unique_gt,full_history_dominant_same_gt,full_donor_future_support_rows,full_receiver_future_support_rows,full_benefit_rows,full_harm_rows,full_row_net,full_donor_minus_receiver_support_frac,full_donor_same_pairs,full_donor_different_pairs,full_receiver_same_pairs,full_receiver_different_pairs,full_pairwise_net_pairs,full_pairwise_affected_pairs,full_pairwise_net_norm,full_baseline_local_idtp,full_edited_local_idtp,full_idtp_delta,full_idtp_delta_norm,full_future_span_frames,full_future_density
MOT17-09-FRCNN,1,8,42,v_to_u,8,1,1,43,162,1,1,8,1,1,42,42,1,204,1,204,1,42,1,162,162,162,1.0,7.230839384304,0.240873997084,0.0,0.591618273043,0.508661120756,-1.0,-1.0,1,1,"{""1"": 162}",162,1,30,1,30,1,30,30,1.0,0.946899690496,43,19,19,1.0,1.0,1.0,-0.0,1,0,0,30,0,30,-1.0,-1.0,0,30,900,0,-930,930,-1.0,61,31,-30,-0.491803278689,30,1.0,1,42,1,60,1,42,60,1.0,0.93968390018,43,19,19,1.0,1.0,1.0,-0.0,1,0,0,60,0,60,-1.0,-1.0,0,60,2520,0,-2580,2580,-1.0,103,60,-43,-0.417475728155,60,1.0,1,42,1,120,1,42,120,1.0,0.93166625545,43,19,19,1.0,1.0,1.0,-0.0,1,0,0,120,0,120,-1.0,-1.0,0,120,5040,0,-5160,5160,-1.0,163,120,-43,-0.263803680982,120,1.0,1,42,1,162,1,42,158,0.975308641975,0.916412323747,43,19,19,1.0,1.0,1.0,-0.0,1,0,0,158,0,158,-1.0,-1.0,0,158,6636,0,-6794,6794,-1.0,201,158,-43,-0.213930348259,162,1.0,1,42,1,162,1,42,158,0.975308641975,0.916412323747,43,19,19,1.0,1.0,1.0,-0.0,1,0,0,158,0,158,-1.0,-1.0,0,158,6636,0,-6794,6794,-1.0,201,158,-43,-0.213930348259,162,1.0
MOT17-09-FRCNN,2,8,42,v_to_u,8,2,1,43,350,1,1,8,2,1,42,42,1,392,1,392,1,42,1,350,350,350,1.0,8.039641280914,0.169333908144,0.0,0.135626616595,0.189917903686,-1.0,-1.0,2,1,"{""2"": 350}",350,1,30,1,30,1,30,30,1.0,0.94795264877,43,22,22,1.0,1.0,1.0,-0.0,1,0,0,30,0,30,-1.0,-1.0,0,30,900,0,-930,930,-1.0,61,31,-30,-0.491803278689,30,1.0,1,42,1,60,1,42,60,1.0,0.954379720646,43,22,22,1.0,1.0,1.0,-0.0,1,0,0,60,0,60,-1.0,-1.0,0,60,2520,0,-2580,2580,-1.0,103,60,-43,-0.417475728155,60,1.0,1,42,1,120,1,42,120,1.0,0.832043818081,43,22,22,1.0,1.0,1.0,-0.0,1,0,0,120,0,120,-1.0,-1.0,0,120,5040,0,-5160,5160,-1.0,163,120,-43,-0.263803680982,120,1.0,1,42,1,300,1,42,300,1.0,0.887146695795,43,22,22,1.0,1.0,0.996666666667,0.022340379843,2,0,0,299,0,299,-0.996666666667,-0.996666666667,0,300,12558,42,-12816,12900,-0.993488372093,342,299,-43,-0.125364431487,300,1.0,1,42,1,350,1,42,350,1.0,0.889735375603,43,22,22,1.0,1.0,0.997142857143,0.019590009202,2,0,0,349,0,349,-0.997142857143,-0.997142857143,0,350,14658,42,-14966,15050,-0.994418604651,392,349,-43,-0.10941475827,350,1.0
MOT17-09-FRCNN,3,8,42,v_to_u,8,3,1,43,77,1,1,8,3,1,42,42,1,119,1,119,1,42,1,77,77,77,1.0,9.819981934708,0.232051320472,0.0,0.605279693717,0.658325131751,-1.0,-1.0,3,1,"{""3"": 77}",77,1,30,1,30,1,30,30,1.0,0.90462288356,43,21,21,1.0,1.0,1.0,-0.0,1,0,0,30,0,30,-1.0,-1.0,0,30,900,0,-930,930,-1.0,61,31,-30,-0.491803278689,30,1.0,1,42,1,60,1,42,60,1.0,0.917255011295,43,21,21,1.0,1.0,1.0,-0.0,1,0,0,60,0,60,-1.0,-1.0,0,60,2520,0,-2580,2580,-1.0,103,60,-43,-0.417475728155,60,1.0,1,42,1,77,1,42,72,0.935064935065,0.890799791362,43,21,21,1.0,1.0,1.0,-0.0,1,0,0,72,0,72,-1.0,-1.0,0,72,3024,0,-3096,3096,-1.0,115,72,-43,-0.373913043478,77,1.0,1,42,1,77,1,42,72,0.935064935065,0.890799791362,43,21,21,1.0,1.0,1.0,-0.0,1,0,0,72,0,72,-1.0,-1.0,0,72,3024,0,-3096,3096,-1.0,115,72,-43,-0.373913043478,77,1.0,1,42,1,77,1,42,72,0.935064935065,0.890799791362,43,21,21,1.0,1.0,1.0,-0.0,1,0,0,72,0,72,-1.0,-1.0,0,72,3024,0,-3096,3096,-1.0,115,72,-43,-0.373913043478,77,1.0
MOT17-09-FRCNN,4,8,42,v_to_u,8,4,1,43,483,1,1,8,4,1,42,42,1,525,1,525,1,42,1,483,483,483,1.0,0.944898769658,0.030651263191,0.0,0.047925504224,0.029782301759,-1.0,-1.0,4,1,"{""4"": 483}",483,1,30,1,30,1,30,30,1.0,0.889971785537,43,1,1,1.0,1.0,1.0,-0.0,1,0,0,30,0,30,-1.0,-1.0,0,30,900,0,-930,930,-1.0,61,31,-30,-0.491803278689,30,1.0,1,42,1,60,1,42,60,1.0,0.91753644253,43,1,1,1.0,1.0,1.0,-0.0,1,0,0,60,0,60,-1.0,-1.0,0,60,2520,0,-2580,2580,-1.0,103,60,-43,-0.417475728155,60,1.0,1,42,1,120,1,42,120,1.0,0.926352385843,43,1,1,1.0,1.0,1.0,-0.0,1,0,0,120,0,120,-1.0,-1.0,0,120,5040,0,-5160,5160,-1.0,163,120,-43,-0.263803680982,120,1.0,1,42,1,300,1,42,299,0.996666666667,0.876058183863,43,1,1,1.0,1.0,0.588628762542,0.894295027383,4,0,0,176,0,176,-0.588628762542,-0.588628762542,0,299,7392,5166,-2525,12857,-0.196391071012,219,176,-43,-0.125730994152,300,1.0,1,42,1,483,1,42,482,0.997929606625,0.880705761367,43,1,1,1.0,1.0,0.365145228216,1.35802455627,5,0,0,176,0,176,-0.365145228216,-0.365145228216,0,482,7392,12852,4978,20726,0.240181414648,219,176,-43,-0.081904761905,483,1.0
MOT17-09-FRCNN,5,8,42,v_to_u,8,5,1,43,179,1,1,8,5,1,42,42,1,221,1,221,1,42,1,179,179,179,1.0,7.649071771196,0.244480171926,0.0,0.668630859012,0.666324172159,-1.0,-1.0,5,1,"{""5"": 179}",179,1,30,1,30,1,30,30,1.0,0.946050981176,43,20,20,1.0,1.0,1.0,-0.0,1,0,0,30,0,30,-1.0,-1.0,0,30,900,0,-930,930,-1.0,61,31,-30,-0.491803278689,30,1.0,1,42,1,60,1,42,60,1.0,0.947731502015,43,20,20,1.0,1.0,1.0,-0.0,1,0,0,60,0,60,-1.0,-1.0,0,60,2520,0,-2580,2580,-1.0,103,60,-43,-0.417475728155,60,1.0,1,42,1,120,1,42,120,1.0,0.953282835791,43,20,20,1.0,1.0,1.0,-0.0,1,0,0,120,0,120,-1.0,-1.0,0,120,5040,0,-5160,5160,-1.0,163,120,-43,-0.263803680982,120,1.0,1,42,1,179,1,42,178,0.994413407821,0.939368313077,43,20,20,1.0,1.0,1.0,-0.0,1,0,0,178,0,178,-1.0,-1.0,0,178,7476,0,-7654,7654,-1.0,221,178,-43,-0.194570135747,179,1.0,1,42,1,179,1,42,178,0.994413407821,0.939368313077,43,20,20,1.0,1.0,1.0,-0.0,1,0,0,178,0,178,-1.0,-1.0,0,178,7476,0,-7654,7654,-1.0,221,178,-43,-0.194570135747,179,1.0
MOT17-09-FRCNN,6,8,42,v_to_u,8,6,1,43,208,1,1,8,6,1,42,42,1,250,1,250,1,42,1,208,208,208,1.0,0.242591848238,0.503062442081,0.088807448976,1.445618952505,0.975665795127,-1.0,-1.0,6,1,"{""6"": 208}",208,1,30,1,30,1,30,30,1.0,0.910924440676,43,23,23,1.0,1.0,1.0,-0.0,1,0,0,30,0,30,-1.0,-1.0,0,30,900,0,-930,930,-1.0,61,31,-30,-0.491803278689,30,1.0,1,42,1,60,1,42,60,1.0,0.916290074836,43,23,23,1.0,1.0,1.0,-0.0,1,0,0,60,0,60,-1.0,-1.0,0,60,2520,0,-2580,2580,-1.0,103,60,-43,-0.417475728155,60,1.0,1,42,1,120,1,42,120,1.0,0.895851348369,43,23,23,1.0,1.0,1.0,-0.0,1,0,0,120,0,120,-1.0,-1.0,0,120,5040,0,-5160,5160,-1.0,163,120,-43,-0.263803680982,120,1.0,1,42,1,208,1,42,208,1.0,0.909541744483,43,23,23,1.0,1.0,1.0,-0.0,1,0,0,208,0,208,-1.0,-1.0,0,208,8736,0,-8944,8944,-1.0,251,208,-43,-0.171314741036,208,1.0,1,42,1,208,1,42,208,1.0,0.909541744483,43,23,23,1.0,1.0,1.0,-0.0,1,0,0,208,0,208,-1.0,-1.0,0,208,8736,0,-8944,8944,-1.0,251,208,-43,-0.171314741036,208,1.0
MOT17-09-FRCNN,7,8,42,v_to_u,8,7,1,43,25,1,1,8,7,1,42,42,10,67,1,58,1,33,1,25,25,25,1.0,12.682563447479,0.386129482083,0.0,0.349546620032,0.342448014024,-1.0,-1.0,7,1,"{""7"": 25}",25,1,30,1,25,1,30,10,0.4,0.687234954901,43,16,16,1.0,1.0,1.0,-0.0,1,0,0,10,0,10,-1.0,-1.0,0,10,300,0,-310,310,-1.0,41,31,-10,-0.243902439024,25,1.0,1,33,1,25,1,33,10,0.4,0.687234954901,43,16,16,1.0,1.0,1.0,-0.0,1,0,0,10,0,10,-1.0,-1.0,0,10,330,0,-340,340,-1.0,44,34,-10,-0.227272727273,25,1.0,1,33,1,25,1,33,10,0.4,0.687234954901,43,16,16,1.0,1.0,1.0,-0.0,1,0,0,10,0,10,-1.0,-1.0,0,10,330,0,-340,340,-1.0,44,34,-10,-0.227272727273,25,1.0,1,33,1,25,1,33,10,0.4,0.687234954901,43,16,16,1.0,1.0,1.0,-0.0,1,0,0,10,0,10,-1.0,-1.0,0,10,330,0,-340,340,-1.0,44,34,-10,-0.227272727273,25,1.0,1,33,1,25,1,33,10,0.4,0.687234954901,43,16,16,1.0,1.0,1.0,-0.0,1,0,0,10,0,10,-1.0,-1.0,0,10,330,0,-340,340,-1.0,44,34,-10,-0.227272727273,25,1.0
MOT17-09-FRCNN,1,7,67,v_to_u,7,1,1,68,137,58,58,7,1,1,10,67,1,204,58,204,58,67,1,137,137,137,1.0,1.358965139532,0.443973004755,0.0,0.895733349915,0.648735335203,-1.0,-1.0,8,1,"{""1"": 137}",137,30,30,1,30,15,30,30,1.0,0.935231576275,16,19,19,1.0,1.0,1.0,-0.0,1,0,0,30,0,30,-1.0,-1.0,0,450,900,0,-1350,1350,-1.0,75,45,-30,-0.4,30,1.0,58,60,1,60,43,60,60,1.0,0.932488376664,16,19,19,1.0,1.0,1.0,-0.0,1,0,0,60,0,60,-1.0,-1.0,0,2580,3600,0,-6180,6180,-1.0,163,103,-60,-0.368098159509,60,1.0,58,67,1,120,43,67,120,1.0,0.923184158834,16,19,19,1.0,1.0,1.0,-0.0,1,0,0,120,0,120,-1.0,-1.0,0,5160,8040,0,-13200,13200,-1.0,230,120,-110,-0.478260869565,120,1.0,58,67,1,137,43,67,133,0.970802919708,0.910942833443,16,19,19,1.0,1.0,1.0,-0.0,1,0,0,133,0,133,-1.0,-1.0,0,5719,8911,0,-14630,14630,-1.0,243,133,-110,-0.452674897119,137,1.0,58,67,1,137,43,67,133,0.970802919708,0.910942833443,16,19,19,1.0,1.0,1.0,-0.0,1,0,0,133,0,133,-1.0,-1.0,0,5719,8911,0,-14630,14630,-1.0,243,133,-110,-0.452674897119,137,1.0
MOT17-09-FRCNN,2,7,67,v_to_u,7,2,1,68,325,58,58,7,2,1,10,67,1,392,58,392,58,67,1,325,325,325,1.0,3.820639463074,0.027041490159,0.0,0.033155036824,0.170271261569,-1.0,-1.0,9,1,"{""2"": 325}",325,30,30,1,30,15,30,30,1.0,0.959378661076,16,22,22,1.0,1.0,1.0,-0.0,1,0,0,30,0,30,-1.0,-1.0,0,450,900,0,-1350,1350,-1.0,75,45,-30,-0.4,30,1.0,58,60,1,60,43,60,60,1.0,0.842911085126,16,22,22,1.0,1.0,1.0,-0.0,1,0,0,60,0,60,-1.0,-1.0,0,2580,3600,0,-6180,6180,-1.0,163,103,-60,-0.368098159509,60,1.0,58,67,1,120,43,67,120,1.0,0.830461560589,16,22,22,1.0,1.0,1.0,-0.0,1,0,0,120,0,120,-1.0,-1.0,0,5160,8040,0,-13200,13200,-1.0,230,120,-110,-0.478260869565,120,1.0,58,67,1,300,43,67,300,1.0,0.883090522046,16,22,22,1.0,1.0,0.996666666667,0.022340379843,2,0,0,299,0,299,-0.996666666667,-0.996666666667,0,12900,20033,67,-32866,33000,-0.995939393939,409,299,-110,-0.268292682927,300,1.0,58,67,1,325,43,67,325,1.0,0.885260537832,16,22,22,1.0,1.0,0.996923076923,0.020868569663,2,0,0,324,0,324,-0.996923076923,-0.996923076923,0,13975,21708,67,-35616,35750,-0.996251748252,434,324,-110,-0.252873563218,325,1.0
MOT17-09-FRCNN,3,7,67,v_to_u,7,3,1,68,52,58,58,7,3,1,10,67,1,119,58,119,58,67,1,52,52,52,1.0,5.176553791629,0.017167197409,0.0,0.457341747999,0.641253625225,-1.0,-1.0,10,1,"{""3"": 52}",52,30,30,1,30,15,30,30,1.0,0.939264193854,16,21,21,1.0,1.0,1.0,-0.0,1,0,0,30,0,30,-1.0,-1.0,0,450,900,0,-1350,1350,-1.0,75,45,-30,-0.4,30,1.0,58,60,1,52,43,60,47,0.903846153846,0.885739677841,16,21,21,1.0,1.0,1.0,-0.0,1,0,0,47,0,47,-1.0,-1.0,0,2021,2820,0,-4841,4841,-1.0,150,103,-47,-0.313333333333,52,1.0,58,67,1,52,43,67,47,0.903846153846,0.885739677841,16,21,21,1.0,1.0,1.0,-0.0,1,0,0,47,0,47,-1.0,-1.0,0,2021,3149,0,-5170,5170,-1.0,157,110,-47,-0.299363057325,52,1.0,58,67,1,52,43,67,47,0.903846153846,0.885739677841,16,21,21,1.0,1.0,1.0,-0.0,1,0,0,47,0,47,-1.0,-1.0,0,2021,3149,0,-5170,5170,-1.0,157,110,-47,-0.299363057325,52,1.0,58,67,1,52,43,67,47,0.903846153846,0.885739677841,16,21,21,1.0,1.0,1.0,-0.0,1,0,0,47,0,47,-1.0,-1.0,0,2021,3149,0,-5170,5170,-1.0,157,110,-47,-0.299363057325,52,1.0
MOT17-09-FRCNN,4,7,67,v_to_u,7,4,1,68,458,58,58,7,4,1,10,67,1,525,58,525,58,67,1,458,458,458,1.0,9.316692489445,0.195895104588,0.0,0.272233463098,0.106417876559,-1.0,-1.0,11,1,"{""4"": 458}",458,30,30,1,30,15,30,30,1.0,0.945602167136,16,1,1,1.0,1.0,1.0,-0.0,1,0,0,30,0,30,-1.0,-1.0,0,450,900,0,-1350,1350,-1.0,75,45,-30,-0.4,30,1.0,58,60,1,60,43,60,60,1.0,0.936674330202,16,1,1,1.0,1.0,1.0,-0.0,1,0,0,60,0,60,-1.0,-1.0,0,2580,3600,0,-6180,6180,-1.0,163,103,-60,-0.368098159509,60,1.0,58,67,1,120,43,67,120,1.0,0.909517963351,16,1,1,1.0,1.0,0.991666666667,0.04819427878,2,0,0,119,0,119,-0.991666666667,-0.991666666667,0,5160,7973,67,-13066,13200,-0.989848484848,229,119,-110,-0.478260869565,120,1.0,58,67,1,300,43,67,299,0.996666666667,0.876997895995,16,1,1,1.0,1.0,0.505016722408,1.023708559859,4,0,0,151,0,151,-0.505016722408,-0.505016722408,0,12857,10117,9916,-13058,32890,-0.397020370933,261,166,-95,-0.232273838631,300,1.0,58,67,1,458,43,67,457,0.997816593886,0.880765331834,16,1,1,1.0,1.0,0.330415754923,1.374562386337,5,0,0,151,0,151,-0.330415754923,-0.330415754923,0,19651,10117,20502,-9266,50270,-0.184324646907,261,189,-72,-0.126984126984,458,1.0
MOT17-09-FRCNN,5,7,67,v_to_u,7,5,1,68,154,58,58,7,5,1,10,67,1,221,58,221,58,67,1,154,154,154,1.0,0.269388010379,0.454934904871,0.163657725672,0.98682359048,0.823154480161,-1.0,-1.0,12,1,"{""5"": 154}",154,30,30,1,30,15,30,30,1.0,0.944887121233,16,20,20,1.0,1.0,1.0,-0.0,1,0,0,30,0,30,-1.0,-1.0,0,450,900,0,-1350,1350,-1.0,75,45,-30,-0.4,30,1.0,58,60,1,60,43,60,60,1.0,0.954640747902,16,20,20,1.0,1.0,1.0,-0.0,1,0,0,60,0,60,-1.0,-1.0,0,2580,3600,0,-6180,6180,-1.0,163,103,-60,-0.368098159509,60,1.0,58,67,1,120,43,67,120,1.0,0.952277582613,16,20,20,1.0,1.0,1.0,-0.0,1,0,0,120,0,120,-1.0,-1.0,0,5160,8040,0,-13200,13200,-1.0,230,120,-110,-0.478260869565,120,1.0,58,67,1,154,43,67,153,0.993506493506,0.938186336229,16,20,20,1.0,1.0,1.0,-0.0,1,0,0,153,0,153,-1.0,-1.0,0,6579,10251,0,-16830,16830,-1.0,263,153,-110,-0.41825095057,154,1.0,58,67,1,154,43,67,153,0.993506493506,0.938186336229,16,20,20,1.0,1.0,1.0,-0.0,1,0,0,153,0,153,-1.0,-1.0,0,6579,10251,0,-16830,16830,-1.0,263,153,-110,-0.41825095057,154,1.0
MOT17-09-FRCNN,6,7,67,v_to_u,7,6,1,68,183,58,58,7,6,1,10,67,1,250,58,250,58,67,1,183,183,183,1.0,4.690970866743,0.492815947781,0.0,1.264209242909,0.833164823823,-1.0,-1.0,13,1,"{""6"": 183}",183,30,30,1,30,15,30,30,1.0,0.927555862448,16,23,23,1.0,1.0,1.0,-0.0,1,0,0,30,0,30,-1.0,-1.0,0,450,900,0,-1350,1350,-1.0,75,45,-30,-0.4,30,1.0,58,60,1,60,43,60,60,1.0,0.912352412524,16,23,23,1.0,1.0,1.0,-0.0,1,0,0,60,0,60,-1.0,-1.0,0,2580,3600,0,-6180,6180,-1.0,163,103,-60,-0.368098159509,60,1.0,58,67,1,120,43,67,120,1.0,0.905170941673,16,23,23,1.0,1.0,1.0,-0.0,1,0,0,120,0,120,-1.0,-1.0,0,5160,8040,0,-13200,13200,-1.0,230,120,-110,-0.478260869565,120,1.0,58,67,1,183,43,67,183,1.0,0.910250614115,16,23,23,1.0,1.0,1.0,-0.0,1,0,0,183,0,183,-1.0,-1.0,0,7869,12261,0,-20130,20130,-1.0,293,183,-110,-0.37542662116,183,1.0,58,67,1,183,43,67,183,1.0,0.910250614115,16,23,23,1.0,1.0,1.0,-0.0,1,0,0,183,0,183,-1.0,-1.0,0,7869,12261,0,-20130,20130,-1.0,293,183,-110,-0.37542662116,183,1.0
MOT17-09-FRCNN,7,9,67,u_to_v,7,9,1,68,144,23,23,7,9,1,10,67,45,211,58,167,58,23,1,144,144,144,1.0,11.134376559744,0.206998318525,0.0,0.200991149594,0.041363354982,-1.0,-1.0,14,1,"{""9"": 144}",144,30,23,1,30,15,22,30,1.0,0.895735496793,16,43,7,1.0,0.727272727273,1.0,-0.0,1,0,0,0,0,0,0.0,0.0,0,450,180,480,-150,1110,-0.135135135135,51,46,-5,-0.074626865672,30,1.0,58,23,1,60,43,22,60,1.0,0.902425431589,16,43,7,1.0,0.727272727273,1.0,-0.0,1,0,0,0,0,0,0.0,0.0,0,2580,360,960,-1980,3900,-0.507692307692,109,76,-33,-0.264,60,1.0,58,23,1,120,43,22,120,1.0,0.899006493336,16,43,7,1.0,0.727272727273,1.0,-0.0,1,0,0,0,0,0,0.0,0.0,0,5160,720,1920,-3960,7800,-0.507692307692,169,136,-33,-0.178378378378,120,1.0,58,23,1,144,43,22,144,1.0,0.891111567521,16,43,7,1.0,0.727272727273,1.0,-0.0,1,0,0,0,0,0,0.0,0.0,0,6192,864,2304,-4752,9360,-0.507692307692,193,160,-33,-0.157894736842,144,1.0,58,23,1,144,43,22,144,1.0,0.891111567521,16,43,7,1.0,0.727272727273,1.0,-0.0,1,0,0,0,0,0,0.0,0.0,0,6192,864,2304,-4752,9360,-0.507692307692,193,160,-33,-0.157894736842,144,1.0
MOT17-09-FRCNN,1,10,83,v_to_u,10,1,1,84,121,16,16,10,1,1,68,83,1,204,16,204,16,83,1,121,121,121,1.0,2.146649888121,0.901988592399,0.0,1.552659667444,1.318128550488,-1.0,-1.0,15,1,"{""1"": 121}",121,16,30,1,30,12,30,30,1.0,0.939012675686,16,19,19,1.0,1.0,1.0,-0.0,1,0,0,30,0,30,-1.0,-1.0,0,360,900,0,-1260,1260,-1.0,72,42,-30,-0.416666666667,30,1.0,16,60,1,60,12,60,60,1.0,0.935023461963,16,19,19,1.0,1.0,1.0,-0.0,1,0,0,60,0,60,-1.0,-1.0,0,720,3600,0,-4320,4320,-1.0,132,72,-60,-0.454545454545,60,1.0,16,83,1,120,12,83,117,0.975,0.908922386002,16,19,19,1.0,1.0,1.0,-0.0,1,0,0,117,0,117,-1.0,-1.0,0,1404,9711,0,-11115,11115,-1.0,212,117,-95,-0.448113207547,120,1.0,16,83,1,121,12,83,117,0.96694214876,0.908922386002,16,19,19,1.0,1.0,1.0,-0.0,1,0,0,117,0,117,-1.0,-1.0,0,1404,9711,0,-11115,11115,-1.0,212,117,-95,-0.448113207547,121,1.0,16,83,1,121,12,83,117,0.96694214876,0.908922386002,16,19,19,1.0,1.0,1.0,-0.0,1,0,0,117,0,117,-1.0,-1.0,0,1404,9711,0,-11115,11115,-1.0,212,117,-95,-0.448113207547,121,1.0
MOT17-09-FRCNN,2,10,83,v_to_u,10,2,1,84,309,16,16,10,2,1,68,83,1,392,16,392,16,83,1,309,309,309,1.0,5.251358483197,0.396801524271,0.0,0.422035654565,0.402730121591,-1.0,-1.0,16,1,"{""2"": 309}",309,16,30,1,30,12,30,30,1.0,0.865759374194,16,22,22,1.0,1.0,1.0,-0.0,1,0,0,30,0,30,-1.0,-1.0,0,360,900,0,-1260,1260,-1.0,72,42,-30,-0.416666666667,30,1.0,16,60,1,60,12,60,60,1.0,0.780412311462,16,22,22,1.0,1.0,1.0,-0.0,1,0,0,60,0,60,-1.0,-1.0,0,720,3600,0,-4320,4320,-1.0,132,72,-60,-0.454545454545,60,1.0,16,83,1,120,12,83,120,1.0,0.828657989893,16,22,22,1.0,1.0,1.0,-0.0,1,0,0,120,0,120,-1.0,-1.0,0,1440,9960,0,-11400,11400,-1.0,215,120,-95,-0.441860465116,120,1.0,16,83,1,300,12,83,300,1.0,0.882096999577,16,22,22,1.0,1.0,0.996666666667,0.022340379843,2,0,0,299,0,299,-0.996666666667,-0.996666666667,0,3600,24817,83,-28334,28500,-0.994175438596,394,299,-95,-0.240506329114,300,1.0,16,83,1,309,12,83,309,1.0,0.882080111695,16,22,22,1.0,1.0,0.996763754045,0.021785506167,2,0,0,308,0,308,-0.996763754045,-0.996763754045,0,3708,25564,83,-29189,29355,-0.994345086016,403,308,-95,-0.235148514851,309,1.0
MOT17-09-FRCNN,3,10,83,v_to_u,10,3,1,84,36,16,16,10,3,1,68,83,1,119,16,119,16,83,1,36,36,36,1.0,7.206546635013,0.484084721742,0.0,0.062283147562,0.067331677063,-1.0,-1.0,17,1,"{""3"": 36}",36,16,30,1,30,12,30,29,0.966666666667,0.876257814111,16,21,21,1.0,1.0,1.0,-0.0,1,0,0,29,0,29,-1.0,-1.0,0,348,870,0,-1218,1218,-1.0,71,42,-29,-0.408450704225,30,1.0,16,60,1,36,12,60,31,0.861111111111,0.852846448876,16,21,21,1.0,1.0,1.0,-0.0,1,0,0,31,0,31,-1.0,-1.0,0,372,1860,0,-2232,2232,-1.0,103,72,-31,-0.300970873786,36,1.0,16,83,1,36,12,83,31,0.861111111111,0.852846448876,16,21,21,1.0,1.0,1.0,-0.0,1,0,0,31,0,31,-1.0,-1.0,0,372,2573,0,-2945,2945,-1.0,126,95,-31,-0.246031746032,36,1.0,16,83,1,36,12,83,31,0.861111111111,0.852846448876,16,21,21,1.0,1.0,1.0,-0.0,1,0,0,31,0,31,-1.0,-1.0,0,372,2573,0,-2945,2945,-1.0,126,95,-31,-0.246031746032,36,1.0,16,83,1,36,12,83,31,0.861111111111,0.852846448876,16,21,21,1.0,1.0,1.0,-0.0,1,0,0,31,0,31,-1.0,-1.0,0,372,2573,0,-2945,2945,-1.0,126,95,-31,-0.246031746032,36,1.0
MOT17-09-FRCNN,4,10,83,v_to_u,10,4,1,84,442,16,16,10,4,1,68,83,1,525,16,525,16,83,1,442,442,442,1.0,11.902823855375,0.57249458162,0.0,0.711461130263,0.71796181651,-1.0,-1.0,18,1,"{""4"": 442}",442,16,30,1,30,12,30,30,1.0,0.93373793802,16,1,1,1.0,1.0,1.0,-0.0,1,0,0,30,0,30,-1.0,-1.0,0,360,900,0,-1260,1260,-1.0,72,42,-30,-0.416666666667,30,1.0,16,60,1,60,12,60,60,1.0,0.934170147094,16,1,1,1.0,1.0,1.0,-0.0,1,0,0,60,0,60,-1.0,-1.0,0,720,3600,0,-4320,4320,-1.0,132,72,-60,-0.454545454545,60,1.0,16,83,1,120,12,83,120,1.0,0.891343018091,16,1,1,1.0,1.0,0.991666666667,0.04819427878,2,0,0,119,0,119,-0.991666666667,-0.991666666667,0,1440,9877,83,-11234,11400,-0.985438596491,214,119,-95,-0.441860465116,120,1.0,16,83,1,300,12,83,299,0.996666666667,0.874552823391,16,1,1,1.0,1.0,0.451505016722,1.074030604871,4,0,0,135,0,135,-0.451505016722,-0.451505016722,0,3588,11205,13612,-1181,28405,-0.041577187115,230,182,-48,-0.121827411168,300,1.0,16,83,1,442,12,83,441,0.997737556561,0.878164148446,16,1,1,1.0,1.0,0.30612244898,1.382903971109,5,0,0,135,0,135,-0.30612244898,-0.30612244898,0,5292,11205,25398,8901,41895,0.21245972073,230,205,-25,-0.046641791045,442,1.0
MOT17-09-FRCNN,5,10,83,v_to_u,10,5,1,84,138,16,16,10,5,1,68,83,1,221,16,221,16,83,1,138,138,138,1.0,0.8226594841,0.91531613425,0.0,1.435112172893,1.479073340983,-1.0,-1.0,19,1,"{""5"": 138}",138,16,30,1,30,12,30,30,1.0,0.960030402254,16,20,20,1.0,1.0,1.0,-0.0,1,0,0,30,0,30,-1.0,-1.0,0,360,900,0,-1260,1260,-1.0,72,42,-30,-0.416666666667,30,1.0,16,60,1,60,12,60,60,1.0,0.94991654509,16,20,20,1.0,1.0,1.0,-0.0,1,0,0,60,0,60,-1.0,-1.0,0,720,3600,0,-4320,4320,-1.0,132,72,-60,-0.454545454545,60,1.0,16,83,1,120,12,83,120,1.0,0.95001255476,16,20,20,1.0,1.0,1.0,-0.0,1,0,0,120,0,120,-1.0,-1.0,0,1440,9960,0,-11400,11400,-1.0,215,120,-95,-0.441860465116,120,1.0,16,83,1,138,12,83,137,0.992753623188,0.937006053859,16,20,20,1.0,1.0,1.0,-0.0,1,0,0,137,0,137,-1.0,-1.0,0,1644,11371,0,-13015,13015,-1.0,232,137,-95,-0.409482758621,138,1.0,16,83,1,138,12,83,137,0.992753623188,0.937006053859,16,20,20,1.0,1.0,1.0,-0.0,1,0,0,137,0,137,-1.0,-1.0,0,1644,11371,0,-13015,13015,-1.0,232,137,-95,-0.409482758621,138,1.0
MOT17-09-FRCNN,6,10,83,v_to_u,10,6,1,84,167,16,16,10,6,1,68,83,1,250,16,250,16,83,1,167,167,167,1.0,5.550930160653,0.764054997516,0.0,1.547690151908,1.278360422884,-1.0,-1.0,20,1,"{""6"": 167}",167,16,30,1,30,12,30,30,1.0,0.92494251628,16,23,23,1.0,1.0,1.0,-0.0,1,0,0,30,0,30,-1.0,-1.0,0,360,900,0,-1260,1260,-1.0,72,42,-30,-0.416666666667,30,1.0,16,60,1,60,12,60,60,1.0,0.894860240649,16,23,23,1.0,1.0,1.0,-0.0,1,0,0,60,0,60,-1.0,-1.0,0,720,3600,0,-4320,4320,-1.0,132,72,-60,-0.454545454545,60,1.0,16,83,1,120,12,83,120,1.0,0.909325087397,16,23,23,1.0,1.0,1.0,-0.0,1,0,0,120,0,120,-1.0,-1.0,0,1440,9960,0,-11400,11400,-1.0,215,120,-95,-0.441860465116,120,1.0,16,83,1,167,12,83,167,1.0,0.908527379256,16,23,23,1.0,1.0,1.0,-0.0,1,0,0,167,0,167,-1.0,-1.0,0,2004,13861,0,-15865,15865,-1.0,262,167,-95,-0.362595419847,167,1.0,16,83,1,167,12,83,167,1.0,0.908527379256,16,23,23,1.0,1.0,1.0,-0.0,1,0,0,167,0,167,-1.0,-1.0,0,2004,13861,0,-15865,15865,-1.0,262,167,-95,-0.362595419847,167,1.0
MOT17-09-FRCNN,9,10,83,v_to_u,10,9,1,84,128,16,16,10,9,1,68,83,45,211,16,167,16,39,1,128,128,128,1.0,13.599656406186,0.61091804925,0.0,0.741227461185,0.557739099273,-1.0,-1.0,21,1,"{""9"": 128}",128,16,30,1,30,12,29,30,1.0,0.916084125718,16,7,7,1.0,0.758620689655,1.0,-0.0,1,0,0,30,0,30,-1.0,-1.0,0,360,660,210,-810,1230,-0.658536585366,64,37,-27,-0.380281690141,30,1.0,16,39,1,60,12,38,60,1.0,0.916945343903,16,7,7,1.0,0.578947368421,1.0,-0.0,1,0,0,60,0,60,-1.0,-1.0,0,720,1320,960,-1080,3000,-0.36,94,76,-18,-0.163636363636,60,1.0,16,39,1,120,12,38,120,1.0,0.898322223987,16,7,7,1.0,0.578947368421,1.0,-0.0,1,0,0,120,0,120,-1.0,-1.0,0,1440,2640,1920,-2160,6000,-0.36,154,136,-18,-0.105882352941,120,1.0,16,39,1,128,12,38,128,1.0,0.893423190309,16,7,7,1.0,0.578947368421,1.0,-0.0,1,0,0,128,0,128,-1.0,-1.0,0,1536,2816,2048,-2304,6400,-0.36,162,144,-18,-0.101123595506,128,1.0,16,39,1,128,12,38,128,1.0,0.893423190309,16,7,7,1.0,0.578947368421,1.0,-0.0,1,0,0,128,0,128,-1.0,-1.0,0,1536,2816,2048,-2304,6400,-0.36,162,144,-18,-0.101123595506,128,1.0
MOT17-09-FRCNN,1,11,110,v_to_u,11,1,1,111,94,1,1,11,1,1,110,110,1,204,1,204,1,110,1,94,94,94,1.0,0.345220896507,0.709354211775,0.081497270251,1.291408927699,1.215776825455,-1.0,-1.0,22,1,"{""1"": 94}",94,1,30,1,30,0,30,30,1.0,0.924346809399,-1,19,19,,1.0,1.0,-0.0,1,0,0,30,0,0,0.0,-1.0,0,0,900,0,-900,900,-1.0,60,30,-30,-0.5,30,1.0,1,60,1,60,0,60,60,1.0,0.91133142209,-1,19,19,,1.0,1.0,-0.0,1,0,0,60,0,0,0.0,-1.0,0,0,3600,0,-3600,3600,-1.0,120,60,-60,-0.5,60,1.0,1,110,1,94,0,110,90,0.957446808511,0.89893431114,-1,19,19,,1.0,1.0,-0.0,1,0,0,90,0,0,0.0,-1.0,0,0,9900,0,-9900,9900,-1.0,200,110,-90,-0.45,94,1.0,1,110,1,94,0,110,90,0.957446808511,0.89893431114,-1,19,19,,1.0,1.0,-0.0,1,0,0,90,0,0,0.0,-1.0,0,0,9900,0,-9900,9900,-1.0,200,110,-90,-0.45,94,1.0,1,110,1,94,0,110,90,0.957446808511,0.89893431114,-1,19,19,,1.0,1.0,-0.0,1,0,0,90,0,0,0.0,-1.0,0,0,9900,0,-9900,9900,-1.0,200,110,-90,-0.45,94,1.0
MOT17-09-FRCNN,2,11,110,v_to_u,11,2,1,111,282,1,1,11,2,1,110,110,1,392,1,392,1,110,1,282,282,282,1.0,0.28821673113,0.024810654059,0.363511889029,0.074294696083,0.017116354646,-1.0,-1.0,23,1,"{""2"": 282}",282,1,30,1,30,0,30,30,1.0,0.689984535449,-1,22,22,,1.0,1.0,-0.0,1,0,0,30,0,0,0.0,-1.0,0,0,900,0,-900,900,-1.0,60,30,-30,-0.5,30,1.0,1,60,1,60,0,60,60,1.0,0.73395635705,-1,22,22,,1.0,1.0,-0.0,1,0,0,60,0,0,0.0,-1.0,0,0,3600,0,-3600,3600,-1.0,120,60,-60,-0.5,60,1.0,1,110,1,120,0,110,120,1.0,0.837495338605,-1,22,22,,1.0,1.0,-0.0,1,0,0,120,0,0,0.0,-1.0,0,0,13200,0,-13200,13200,-1.0,230,120,-110,-0.478260869565,120,1.0,1,110,1,282,0,110,282,1.0,0.880660179455,-1,22,22,,1.0,0.996453900709,0.023546567098,2,0,0,281,0,0,0.0,-0.996453900709,0,0,30910,110,-30800,31020,-0.992907801418,391,281,-110,-0.280612244898,282,1.0,1,110,1,282,0,110,282,1.0,0.880660179455,-1,22,22,,1.0,0.996453900709,0.023546567098,2,0,0,281,0,0,0.0,-0.996453900709,0,0,30910,110,-30800,31020,-0.992907801418,391,281,-110,-0.280612244898,282,1.0
MOT17-09-FRCNN,3,11,110,v_to_u,11,3,1,111,9,1,1,11,3,1,110,110,1,119,1,119,1,110,1,9,9,9,1.0,0.166851886566,0.005302895847,0.69771318125,0.15456228716,0.195408476562,-1.0,-1.0,24,1,"{""3"": 9}",9,1,30,1,9,0,30,4,0.444444444444,0.61615007727,-1,21,21,,1.0,1.0,-0.0,1,0,0,4,0,0,0.0,-1.0,0,0,120,0,-120,120,-1.0,34,30,-4,-0.117647058824,9,1.0,1,60,1,9,0,60,4,0.444444444444,0.61615007727,-1,21,21,,1.0,1.0,-0.0,1,0,0,4,0,0,0.0,-1.0,0,0,240,0,-240,240,-1.0,64,60,-4,-0.0625,9,1.0,1,110,1,9,0,110,4,0.444444444444,0.61615007727,-1,21,21,,1.0,1.0,-0.0,1,0,0,4,0,0,0.0,-1.0,0,0,440,0,-440,440,-1.0,114,110,-4,-0.035087719298,9,1.0,1,110,1,9,0,110,4,0.444444444444,0.61615007727,-1,21,21,,1.0,1.0,-0.0,1,0,0,4,0,0,0.0,-1.0,0,0,440,0,-440,440,-1.0,114,110,-4,-0.035087719298,9,1.0,1,110,1,9,0,110,4,0.444444444444,0.61615007727,-1,21,21,,1.0,1.0,-0.0,1,0,0,4,0,0,0.0,-1.0,0,0,440,0,-440,440,-1.0,114,110,-4,-0.035087719298,9,1.0
MOT17-09-FRCNN,4,11,110,v_to_u,11,4,1,111,415,1,1,11,4,1,110,110,1,525,1,525,1,110,1,415,415,415,1.0,5.565194933347,0.239722668528,0.0,0.573646985154,0.513144657437,-1.0,-1.0,25,1,"{""4"": 415}",415,1,30,1,30,0,30,30,1.0,0.92920078167,-1,1,1,,1.0,1.0,-0.0,1,0,0,30,0,0,0.0,-1.0,0,0,900,0,-900,900,-1.0,60,30,-30,-0.5,30,1.0,1,60,1,60,0,60,60,1.0,0.930731578799,-1,1,1,,1.0,1.0,-0.0,1,0,0,60,0,0,0.0,-1.0,0,0,3600,0,-3600,3600,-1.0,120,60,-60,-0.5,60,1.0,1,110,1,120,0,110,120,1.0,0.875137835439,-1,1,1,,1.0,0.833333333333,0.483647082757,3,0,0,100,0,0,0.0,-0.833333333333,0,0,11000,2200,-8800,13200,-0.666666666667,210,129,-81,-0.352173913043,120,1.0,1,110,1,300,0,110,299,0.996666666667,0.870793416832,-1,1,1,,1.0,0.361204013378,1.114907610896,4,0,0,108,0,0,0.0,-0.361204013378,0,0,11880,21010,9130,32890,0.277591973244,218,209,-9,-0.022004889976,300,1.0,1,110,1,415,0,110,414,0.997590361446,0.874359883448,-1,1,29,,1.0,0.294685990338,1.390923422489,5,0,0,108,0,0,0.0,-0.260869565217,0,0,11880,33660,21780,45540,0.478260869565,218,232,14,0.026717557252,415,1.0
MOT17-09-FRCNN,5,11,110,v_to_u,11,5,1,111,111,1,1,11,5,1,110,110,1,221,1,221,1,110,1,111,111,111,1.0,1.515191645296,0.708218375698,0.0,1.238111074532,1.364923340358,-1.0,-1.0,26,1,"{""5"": 111}",111,1,30,1,30,0,30,30,1.0,0.94304071526,-1,20,20,,1.0,1.0,-0.0,1,0,0,30,0,0,0.0,-1.0,0,0,900,0,-900,900,-1.0,60,30,-30,-0.5,30,1.0,1,60,1,60,0,60,60,1.0,0.954097369406,-1,20,20,,1.0,1.0,-0.0,1,0,0,60,0,0,0.0,-1.0,0,0,3600,0,-3600,3600,-1.0,120,60,-60,-0.5,60,1.0,1,110,1,111,0,110,110,0.990990990991,0.931691022477,-1,20,20,,1.0,1.0,-0.0,1,0,0,110,0,0,0.0,-1.0,0,0,12100,0,-12100,12100,-1.0,220,110,-110,-0.5,111,1.0,1,110,1,111,0,110,110,0.990990990991,0.931691022477,-1,20,20,,1.0,1.0,-0.0,1,0,0,110,0,0,0.0,-1.0,0,0,12100,0,-12100,12100,-1.0,220,110,-110,-0.5,111,1.0,1,110,1,111,0,110,110,0.990990990991,0.931691022477,-1,20,20,,1.0,1.0,-0.0,1,0,0,110,0,0,0.0,-1.0,0,0,12100,0,-12100,12100,-1.0,220,110,-110,-0.5,111,1.0
MOT17-09-FRCNN,6,11,110,v_to_u,11,6,1,111,140,1,1,11,6,1,110,110,1,250,1,250,1,110,1,140,140,140,1.0,0.647876323068,0.273841491842,0.03289640624,0.87981657029,0.810475595356,-1.0,-1.0,27,1,"{""6"": 140}",140,1,30,1,30,0,30,30,1.0,0.868261483824,-1,23,23,,1.0,1.0,-0.0,1,0,0,30,0,0,0.0,-1.0,0,0,900,0,-900,900,-1.0,60,30,-30,-0.5,30,1.0,1,60,1,60,0,60,60,1.0,0.875957190202,-1,23,23,,1.0,1.0,-0.0,1,0,0,60,0,0,0.0,-1.0,0,0,3600,0,-3600,3600,-1.0,120,60,-60,-0.5,60,1.0,1,110,1,120,0,110,120,1.0,0.913370384683,-1,23,23,,1.0,1.0,-0.0,1,0,0,120,0,0,0.0,-1.0,0,0,13200,0,-13200,13200,-1.0,230,120,-110,-0.478260869565,120,1.0,1,110,1,140,0,110,140,1.0,0.904832441115,-1,23,23,,1.0,1.0,-0.0,1,0,0,140,0,0,0.0,-1.0,0,0,15400,0,-15400,15400,-1.0,250,140,-110,-0.44,140,1.0,1,110,1,140,0,110,140,1.0,0.904832441115,-1,23,23,,1.0,1.0,-0.0,1,0,0,140,0,0,0.0,-1.0,0,0,15400,0,-15400,15400,-1.0,250,140,-110,-0.44,140,1.0
MOT17-09-FRCNN,9,11,110,v_to_u,11,9,1,111,101,1,1,11,9,1,110,110,45,211,1,167,1,66,1,101,101,101,1.0,7.076512884893,0.246833913735,0.0,0.347922152829,0.390502050242,-1.0,-1.0,28,1,"{""9"": 101}",101,1,30,1,30,0,30,30,1.0,0.919217728627,-1,7,7,,1.0,1.0,-0.0,1,0,0,30,0,0,0.0,-1.0,0,0,900,0,-900,900,-1.0,60,30,-30,-0.5,30,1.0,1,60,1,60,0,59,60,1.0,0.910407302849,-1,7,7,,0.830508474576,1.0,-0.0,1,0,0,60,0,0,0.0,-1.0,0,0,2940,600,-2340,3540,-0.661016949153,109,70,-39,-0.327731092437,60,1.0,1,66,1,101,0,65,101,1.0,0.888036425751,-1,7,7,,0.753846153846,1.0,-0.0,1,0,0,101,0,0,0.0,-1.0,0,0,4949,1616,-3333,6565,-0.507692307692,150,117,-33,-0.198795180723,101,1.0,1,66,1,101,0,65,101,1.0,0.888036425751,-1,7,7,,0.753846153846,1.0,-0.0,1,0,0,101,0,0,0.0,-1.0,0,0,4949,1616,-3333,6565,-0.507692307692,150,117,-33,-0.198795180723,101,1.0,1,66,1,101,0,65,101,1.0,0.888036425751,-1,7,7,,0.753846153846,1.0,-0.0,1,0,0,101,0,0,0.0,-1.0,0,0,4949,1616,-3333,6565,-0.507692307692,150,117,-33,-0.198795180723,101,1.0
MOT17-09-FRCNN,1,3,119,v_to_u,3,1,1,120,85,119,119,3,1,1,1,119,1,204,119,204,119,119,1,85,85,85,1.0,0.133124870751,0.778604116728,0.072269229575,1.312186388966,1.315170445142,-1.0,-1.0,29,1,"{""1"": 85}",85,30,30,1,30,25,30,30,1.0,0.939900814583,21,19,19,1.0,1.0,1.0,-0.0,1,0,0,30,0,30,-1.0,-1.0,0,750,900,0,-1650,1650,-1.0,85,55,-30,-0.352941176471,30,1.0,60,60,1,60,55,60,60,1.0,0.914085254246,21,19,19,1.0,1.0,1.0,-0.0,1,0,0,60,0,60,-1.0,-1.0,0,3300,3600,0,-6900,6900,-1.0,175,115,-60,-0.342857142857,60,1.0,119,119,1,85,114,119,81,0.952941176471,0.896947240469,21,19,19,1.0,1.0,1.0,-0.0,1,0,0,81,0,81,-1.0,-1.0,0,9234,9639,0,-18873,18873,-1.0,314,233,-81,-0.257961783439,85,1.0,119,119,1,85,114,119,81,0.952941176471,0.896947240469,21,19,19,1.0,1.0,1.0,-0.0,1,0,0,81,0,81,-1.0,-1.0,0,9234,9639,0,-18873,18873,-1.0,314,233,-81,-0.257961783439,85,1.0,119,119,1,85,114,119,81,0.952941176471,0.896947240469,21,19,19,1.0,1.0,1.0,-0.0,1,0,0,81,0,81,-1.0,-1.0,0,9234,9639,0,-18873,18873,-1.0,314,233,-81,-0.257961783439,85,1.0
MOT17-09-FRCNN,2,3,119,v_to_u,3,2,1,120,273,119,119,3,2,1,1,119,1,392,119,392,119,119,1,273,273,273,1.0,0.117927600307,0.015717786367,0.664842981826,0.045737832458,0.028678112519,-1.0,-1.0,30,1,"{""2"": 273}",273,30,30,1,30,25,30,30,1.0,0.705209456255,21,22,22,1.0,1.0,1.0,-0.0,1,0,0,30,0,30,-1.0,-1.0,0,750,900,0,-1650,1650,-1.0,85,55,-30,-0.352941176471,30,1.0,60,60,1,60,55,60,60,1.0,0.786010351679,21,22,22,1.0,1.0,1.0,-0.0,1,0,0,60,0,60,-1.0,-1.0,0,3300,3600,0,-6900,6900,-1.0,175,115,-60,-0.342857142857,60,1.0,119,119,1,120,114,119,120,1.0,0.863535397422,21,22,22,1.0,1.0,1.0,-0.0,1,0,0,120,0,120,-1.0,-1.0,0,13680,14280,0,-27960,27960,-1.0,353,233,-120,-0.339943342776,120,1.0,119,119,1,273,114,119,273,1.0,0.889688591003,21,22,22,1.0,1.0,0.996336996337,0.024203802392,2,0,0,272,0,272,-0.996336996337,-0.996336996337,0,31122,32368,119,-63371,63609,-0.996258391108,505,272,-233,-0.4604743083,273,1.0,119,119,1,273,114,119,273,1.0,0.889688591003,21,22,22,1.0,1.0,0.996336996337,0.024203802392,2,0,0,272,0,272,-0.996336996337,-0.996336996337,0,31122,32368,119,-63371,63609,-0.996258391108,505,272,-233,-0.4604743083,273,1.0
MOT17-09-FRCNN,3,4,119,u_to_v,3,4,1,120,406,119,119,3,4,1,1,119,1,525,119,525,119,119,1,406,406,406,1.0,5.879424375148,0.205289422187,0.0,0.554335933429,0.603667803423,-1.0,-1.0,31,1,"{""4"": 406}",406,30,30,1,30,25,30,30,1.0,0.935512722151,21,1,1,1.0,1.0,1.0,-0.0,1,0,0,30,0,30,-1.0,-1.0,0,750,900,0,-1650,1650,-1.0,85,55,-30,-0.352941176471,30,1.0,60,60,1,60,55,60,60,1.0,0.912969441631,21,1,1,1.0,1.0,0.983333333333,0.084766075715,2,0,0,59,0,59,-0.983333333333,-0.983333333333,0,3300,3540,60,-6780,6900,-0.982608695652,174,115,-59,-0.337142857143,60,1.0,119,119,1,120,114,119,119,0.991666666667,0.868172667426,21,1,1,1.0,1.0,0.764705882353,0.581847774833,3,0,0,91,0,91,-0.764705882353,-0.764705882353,0,13566,10829,3332,-21063,27727,-0.759656652361,324,233,-91,-0.258522727273,120,1.0,119,119,1,300,114,119,299,0.996666666667,0.870156383715,21,1,29,1.0,1.0,0.334448160535,1.11733070073,4,0,0,99,0,99,-0.33110367893,-0.33110367893,0,34086,11781,23800,-22067,69667,-0.316749680624,332,233,-99,-0.186090225564,300,1.0,119,119,1,406,114,119,405,0.997536945813,0.873589653019,21,1,29,1.0,1.0,0.301234567901,1.391262600719,5,0,0,99,0,99,-0.244444444444,-0.244444444444,0,46170,11781,36414,-21537,94365,-0.228230805913,332,241,-91,-0.14263322884,406,1.0
MOT17-09-FRCNN,3,5,119,u_to_v,3,5,1,120,102,119,119,3,5,1,1,119,1,221,119,221,119,119,1,102,102,102,1.0,1.186629743199,0.758513063317,0.0,1.295426556924,1.478277364005,-1.0,-1.0,32,1,"{""5"": 102}",102,30,30,1,30,25,30,30,1.0,0.942237370721,21,20,20,1.0,1.0,1.0,-0.0,1,0,0,30,0,30,-1.0,-1.0,0,750,900,0,-1650,1650,-1.0,85,55,-30,-0.352941176471,30,1.0,60,60,1,60,55,60,60,1.0,0.950625953603,21,20,20,1.0,1.0,1.0,-0.0,1,0,0,60,0,60,-1.0,-1.0,0,3300,3600,0,-6900,6900,-1.0,175,115,-60,-0.342857142857,60,1.0,119,119,1,102,114,119,101,0.990196078431,0.928427209881,21,20,20,1.0,1.0,1.0,-0.0,1,0,0,101,0,101,-1.0,-1.0,0,11514,12019,0,-23533,23533,-1.0,334,233,-101,-0.302395209581,102,1.0,119,119,1,102,114,119,101,0.990196078431,0.928427209881,21,20,20,1.0,1.0,1.0,-0.0,1,0,0,101,0,101,-1.0,-1.0,0,11514,12019,0,-23533,23533,-1.0,334,233,-101,-0.302395209581,102,1.0,119,119,1,102,114,119,101,0.990196078431,0.928427209881,21,20,20,1.0,1.0,1.0,-0.0,1,0,0,101,0,101,-1.0,-1.0,0,11514,12019,0,-23533,23533,-1.0,334,233,-101,-0.302395209581,102,1.0
MOT17-09-FRCNN,3,6,119,u_to_v,3,6,1,120,131,119,119,3,6,1,1,119,1,250,119,250,119,119,1,131,131,131,1.0,0.532892801619,0.201389837314,0.121192078243,0.99601681481,0.760871204773,-1.0,-1.0,33,1,"{""6"": 131}",131,30,30,1,30,25,30,30,1.0,0.859760770629,21,23,23,1.0,1.0,1.0,-0.0,1,0,0,30,0,30,-1.0,-1.0,0,750,900,0,-1650,1650,-1.0,85,55,-30,-0.352941176471,30,1.0,60,60,1,60,55,60,60,1.0,0.886952604021,21,23,23,1.0,1.0,1.0,-0.0,1,0,0,60,0,60,-1.0,-1.0,0,3300,3600,0,-6900,6900,-1.0,175,115,-60,-0.342857142857,60,1.0,119,119,1,120,114,119,120,1.0,0.910958807094,21,23,23,1.0,1.0,1.0,-0.0,1,0,0,120,0,120,-1.0,-1.0,0,13680,14280,0,-27960,27960,-1.0,353,233,-120,-0.339943342776,120,1.0,119,119,1,131,114,119,131,1.0,0.906211214589,21,23,23,1.0,1.0,1.0,-0.0,1,0,0,131,0,131,-1.0,-1.0,0,14934,15589,0,-30523,30523,-1.0,364,233,-131,-0.35989010989,131,1.0,119,119,1,131,114,119,131,1.0,0.906211214589,21,23,23,1.0,1.0,1.0,-0.0,1,0,0,131,0,131,-1.0,-1.0,0,14934,15589,0,-30523,30523,-1.0,364,233,-131,-0.35989010989,131,1.0
MOT17-09-FRCNN,3,9,119,u_to_v,3,9,1,120,92,75,75,3,9,1,1,119,45,211,119,167,119,75,1,92,92,92,1.0,7.258575056886,0.220190017687,0.0,0.33657797281,0.496982195351,-1.0,-1.0,34,1,"{""9"": 92}",92,30,30,1,30,25,30,30,1.0,0.918619012781,21,7,7,1.0,1.0,1.0,-0.0,1,0,0,30,0,30,-1.0,-1.0,0,750,900,0,-1650,1650,-1.0,85,55,-30,-0.352941176471,30,1.0,60,60,1,60,55,59,60,1.0,0.914679730889,21,7,7,1.0,0.983050847458,1.0,-0.0,1,0,0,60,0,60,-1.0,-1.0,0,3300,3480,60,-6720,6840,-0.982456140351,173,113,-60,-0.344827586207,60,1.0,119,75,1,92,114,74,92,1.0,0.885352902879,21,7,7,1.0,0.783783783784,1.0,-0.0,1,0,0,92,0,92,-1.0,-1.0,0,10488,5336,1472,-14352,17296,-0.829787234043,264,172,-92,-0.328571428571,92,1.0,119,75,1,92,114,74,92,1.0,0.885352902879,21,7,7,1.0,0.783783783784,1.0,-0.0,1,0,0,92,0,92,-1.0,-1.0,0,10488,5336,1472,-14352,17296,-0.829787234043,264,172,-92,-0.328571428571,92,1.0,119,75,1,92,114,74,92,1.0,0.885352902879,21,7,7,1.0,0.783783783784,1.0,-0.0,1,0,0,92,0,92,-1.0,-1.0,0,10488,5336,1472,-14352,17296,-0.829787234043,264,172,-92,-0.328571428571,92,1.0
MOT17-09-FRCNN,1,13,168,v_to_u,13,1,1,169,36,31,31,13,1,1,138,168,1,204,31,204,31,168,1,36,36,36,1.0,1.665599496041,0.967173384503,0.0,1.293455814975,1.386540868927,-1.0,-1.0,35,1,"{""1"": 36}",36,30,30,1,30,20,30,30,1.0,0.882662862944,21,19,19,0.7,1.0,1.0,-0.0,1,0,0,30,0,30,-1.0,-1.0,0,600,900,0,-1500,1500,-1.0,74,44,-30,-0.375,30,1.0,31,60,1,36,21,60,32,0.888888888889,0.871621537815,21,19,19,0.714285714286,1.0,1.0,-0.0,1,0,0,32,0,32,-1.0,-1.0,0,672,1920,0,-2592,2592,-1.0,107,75,-32,-0.283185840708,36,1.0,31,120,1,36,21,120,32,0.888888888889,0.871621537815,21,19,19,0.714285714286,1.0,1.0,-0.0,1,0,0,32,0,32,-1.0,-1.0,0,672,3840,0,-4512,4512,-1.0,167,135,-32,-0.184971098266,36,1.0,31,168,1,36,21,168,32,0.888888888889,0.871621537815,21,19,19,0.714285714286,1.0,1.0,-0.0,1,0,0,32,0,32,-1.0,-1.0,0,672,5376,0,-6048,6048,-1.0,215,183,-32,-0.14479638009,36,1.0,31,168,1,36,21,168,32,0.888888888889,0.871621537815,21,19,19,0.714285714286,1.0,1.0,-0.0,1,0,0,32,0,32,-1.0,-1.0,0,672,5376,0,-6048,6048,-1.0,215,183,-32,-0.14479638009,36,1.0
MOT17-09-FRCNN,2,13,168,v_to_u,13,2,1,169,224,31,31,13,2,1,138,168,1,392,31,392,31,168,1,224,224,224,1.0,0.477339362304,0.011364418911,0.132463849809,0.098239099325,0.055547545567,-1.0,-1.0,36,1,"{""2"": 224}",224,30,30,1,30,20,30,30,1.0,0.945744891947,21,22,22,0.7,1.0,1.0,-0.0,1,0,0,30,0,30,-1.0,-1.0,0,600,900,0,-1500,1500,-1.0,74,44,-30,-0.375,30,1.0,31,60,1,60,21,60,60,1.0,0.941399625926,21,22,22,0.714285714286,1.0,1.0,-0.0,1,0,0,60,0,60,-1.0,-1.0,0,1260,3600,0,-4860,4860,-1.0,135,75,-60,-0.425531914894,60,1.0,31,120,1,120,21,120,120,1.0,0.933937181794,21,22,22,0.714285714286,1.0,1.0,-0.0,1,0,0,120,0,120,-1.0,-1.0,0,2520,14400,0,-16920,16920,-1.0,255,135,-120,-0.459770114943,120,1.0,31,168,1,224,21,168,224,1.0,0.920352419131,21,22,22,0.714285714286,1.0,0.995535714286,0.028613440089,2,0,0,223,0,223,-0.995535714286,-0.995535714286,0,4704,37464,168,-42000,42336,-0.992063492063,406,223,-183,-0.443099273608,224,1.0,31,168,1,224,21,168,224,1.0,0.920352419131,21,22,22,0.714285714286,1.0,0.995535714286,0.028613440089,2,0,0,223,0,223,-0.995535714286,-0.995535714286,0,4704,37464,168,-42000,42336,-0.992063492063,406,223,-183,-0.443099273608,224,1.0
MOT17-09-FRCNN,4,13,168,v_to_u,13,4,1,169,357,31,31,13,4,1,138,168,1,525,31,525,31,168,1,357,357,357,1.0,4.127463366004,0.292255073192,0.0,0.412563961009,0.449711401078,-1.0,-1.0,37,1,"{""4"": 357}",357,30,30,1,30,20,30,30,1.0,0.797127393624,21,1,1,0.7,1.0,0.966666666667,0.146144746009,2,0,0,29,0,29,-0.966666666667,-0.966666666667,0,600,870,30,-1440,1500,-0.96,73,44,-29,-0.3625,30,1.0,31,60,1,60,21,60,60,1.0,0.821399423053,21,1,1,0.714285714286,1.0,0.7,0.675232048608,3,0,0,42,0,42,-0.7,-0.7,0,1260,2520,1080,-2700,4860,-0.555555555556,117,77,-40,-0.283687943262,60,1.0,31,120,1,120,21,120,119,0.991666666667,0.83161618905,21,1,7,0.714285714286,1.0,0.638655462185,0.694099477736,3,0,0,42,0,42,-0.352941176471,-0.352941176471,0,2499,5040,9240,1701,16779,0.101376720901,177,196,19,0.073076923077,120,1.0,31,168,1,300,21,168,299,0.996666666667,0.861212212092,21,1,29,0.714285714286,1.0,0.408026755853,1.267011539028,5,0,0,50,0,50,-0.167224080268,-0.167224080268,0,6279,8400,41832,27153,56511,0.480490523969,233,290,57,0.116803278689,300,1.0,31,168,1,357,21,168,356,0.997198879552,0.864883194259,21,1,29,0.714285714286,1.0,0.342696629213,1.355837489293,5,0,0,50,0,50,-0.140449438202,-0.140449438202,0,7476,8400,51408,35532,67284,0.52808988764,233,290,57,0.104587155963,357,1.0
MOT17-09-FRCNN,5,13,168,v_to_u,13,5,1,169,53,31,31,13,5,1,138,168,1,221,31,221,31,168,1,53,53,53,1.0,0.415690224659,0.911732272034,0.052413772665,1.430477099391,1.518108785673,-1.0,-1.0,38,1,"{""5"": 53}",53,30,30,1,30,20,30,30,1.0,0.941347060263,21,20,20,0.7,1.0,1.0,-0.0,1,0,0,30,0,30,-1.0,-1.0,0,600,900,0,-1500,1500,-1.0,74,44,-30,-0.375,30,1.0,31,60,1,53,21,60,52,0.981132075472,0.906216796092,21,20,20,0.714285714286,1.0,1.0,-0.0,1,0,0,52,0,52,-1.0,-1.0,0,1092,3120,0,-4212,4212,-1.0,127,75,-52,-0.390977443609,53,1.0,31,120,1,53,21,120,52,0.981132075472,0.906216796092,21,20,20,0.714285714286,1.0,1.0,-0.0,1,0,0,52,0,52,-1.0,-1.0,0,1092,6240,0,-7332,7332,-1.0,187,135,-52,-0.269430051813,53,1.0,31,168,1,53,21,168,52,0.981132075472,0.906216796092,21,20,20,0.714285714286,1.0,1.0,-0.0,1,0,0,52,0,52,-1.0,-1.0,0,1092,8736,0,-9828,9828,-1.0,235,183,-52,-0.215767634855,53,1.0,31,168,1,53,21,168,52,0.981132075472,0.906216796092,21,20,20,0.714285714286,1.0,1.0,-0.0,1,0,0,52,0,52,-1.0,-1.0,0,1092,8736,0,-9828,9828,-1.0,235,183,-52,-0.215767634855,53,1.0
MOT17-09-FRCNN,6,13,168,v_to_u,13,6,1,169,82,31,31,13,6,1,138,168,1,250,31,250,31,168,1,82,82,82,1.0,1.250935693297,0.01705058228,0.0,0.384278969748,0.1930024207,-1.0,-1.0,39,1,"{""6"": 82}",82,30,30,1,30,20,30,30,1.0,0.952714171571,21,23,23,0.7,1.0,1.0,-0.0,1,0,0,30,0,30,-1.0,-1.0,0,600,900,0,-1500,1500,-1.0,74,44,-30,-0.375,30,1.0,31,60,1,60,21,60,60,1.0,0.951786593178,21,23,23,0.714285714286,1.0,1.0,-0.0,1,0,0,60,0,60,-1.0,-1.0,0,1260,3600,0,-4860,4860,-1.0,135,75,-60,-0.425531914894,60,1.0,31,120,1,82,21,120,82,1.0,0.927124126916,21,23,23,0.714285714286,1.0,1.0,-0.0,1,0,0,82,0,82,-1.0,-1.0,0,1722,9840,0,-11562,11562,-1.0,217,135,-82,-0.367713004484,82,1.0,31,168,1,82,21,168,82,1.0,0.927124126916,21,23,23,0.714285714286,1.0,1.0,-0.0,1,0,0,82,0,82,-1.0,-1.0,0,1722,13776,0,-15498,15498,-1.0,265,183,-82,-0.30258302583,82,1.0,31,168,1,82,21,168,82,1.0,0.927124126916,21,23,23,0.714285714286,1.0,1.0,-0.0,1,0,0,82,0,82,-1.0,-1.0,0,1722,13776,0,-15498,15498,-1.0,265,183,-82,-0.30258302583,82,1.0
MOT17-09-FRCNN,9,13,168,v_to_u,13,9,1,169,43,31,31,13,9,1,138,168,45,211,31,167,31,124,1,43,43,43,1.0,4.980353776629,0.341527168928,0.0,0.370254477911,0.466267769436,-1.0,-1.0,40,1,"{""9"": 43}",43,30,30,1,30,20,30,30,1.0,0.872264654705,21,7,7,0.7,1.0,1.0,-0.0,1,0,0,30,0,30,-1.0,-1.0,0,600,900,0,-1500,1500,-1.0,74,44,-30,-0.375,30,1.0,31,60,1,43,21,60,43,1.0,0.857387129274,21,7,7,0.714285714286,1.0,1.0,-0.0,1,0,0,43,0,43,-1.0,-1.0,0,903,2580,0,-3483,3483,-1.0,118,75,-43,-0.346774193548,43,1.0,31,120,1,43,21,119,43,1.0,0.857387129274,21,7,7,0.714285714286,0.899159663866,1.0,-0.0,1,0,0,43,0,43,-1.0,-1.0,0,903,4601,516,-4988,6020,-0.828571428571,165,122,-43,-0.234972677596,43,1.0,31,124,1,43,21,123,43,1.0,0.857387129274,21,7,7,0.714285714286,0.869918699187,1.0,-0.0,1,0,0,43,0,43,-1.0,-1.0,0,903,4601,688,-4816,6192,-0.777777777778,165,122,-43,-0.229946524064,43,1.0,31,124,1,43,21,123,43,1.0,0.857387129274,21,7,7,0.714285714286,0.869918699187,1.0,-0.0,1,0,0,43,0,43,-1.0,-1.0,0,903,4601,688,-4816,6192,-0.777777777778,165,122,-43,-0.229946524064,43,1.0
MOT17-09-FRCNN,12,13,168,v_to_u,13,12,1,169,224,31,31,13,12,1,138,168,137,392,31,256,31,32,1,224,224,224,1.0,3.17480230702,0.539401502166,0.0,1.088264769494,0.85481827571,-1.0,-1.0,41,1,"{""12"": 224}",224,30,30,1,30,20,30,30,1.0,0.852787738448,21,8,8,0.7,1.0,1.0,-0.0,1,0,0,30,0,30,-1.0,-1.0,0,600,900,0,-1500,1500,-1.0,74,44,-30,-0.375,30,1.0,31,32,1,60,21,32,60,1.0,0.884439022931,21,8,8,0.714285714286,1.0,1.0,-0.0,1,0,0,60,0,60,-1.0,-1.0,0,1260,1920,0,-3180,3180,-1.0,107,60,-47,-0.41592920354,60,1.0,31,32,1,120,21,32,120,1.0,0.885551323294,21,8,8,0.714285714286,1.0,1.0,-0.0,1,0,0,120,0,120,-1.0,-1.0,0,2520,3840,0,-6360,6360,-1.0,167,120,-47,-0.271676300578,120,1.0,31,32,1,224,21,32,214,0.955357142857,0.874655511932,21,8,8,0.714285714286,1.0,1.0,-0.0,1,0,0,214,0,214,-1.0,-1.0,0,4494,6848,0,-11342,11342,-1.0,261,214,-47,-0.176029962547,224,1.0,31,32,1,224,21,32,214,0.955357142857,0.874655511932,21,8,8,0.714285714286,1.0,1.0,-0.0,1,0,0,214,0,214,-1.0,-1.0,0,4494,6848,0,-11342,11342,-1.0,261,214,-47,-0.176029962547,224,1.0
MOT17-09-FRCNN,13,14,168,u_to_v,13,14,1,169,172,24,24,13,14,1,138,168,145,340,31,196,31,24,1,172,172,172,1.0,4.416418936779,0.534455801418,0.0,0.518810836594,0.676031493682,-1.0,-1.0,42,1,"{""14"": 172}",172,30,24,1,30,20,24,30,1.0,0.817061066161,21,10,10,0.7,1.0,0.966666666667,0.146144746009,2,0,0,29,0,29,-0.966666666667,-0.966666666667,0,600,696,24,-1272,1320,-0.963636363636,67,38,-29,-0.391891891892,30,1.0,31,24,1,60,21,24,60,1.0,0.853849691246,21,10,10,0.714285714286,1.0,0.983333333333,0.084766075715,2,0,0,59,0,59,-0.983333333333,-0.983333333333,0,1260,1416,24,-2652,2700,-0.982222222222,98,59,-39,-0.371428571429,60,1.0,31,24,1,120,21,24,120,1.0,0.885892821063,21,10,10,0.714285714286,1.0,0.991666666667,0.04819427878,2,0,0,119,0,119,-0.991666666667,-0.991666666667,0,2520,2856,24,-5352,5400,-0.991111111111,158,119,-39,-0.236363636364,120,1.0,31,24,1,172,21,24,172,1.0,0.871283319137,21,10,10,0.714285714286,1.0,0.988372093023,0.071414626241,3,0,0,170,0,170,-0.988372093023,-0.988372093023,0,3612,4080,48,-7644,7740,-0.987596899225,209,170,-39,-0.179723502304,172,1.0,31,24,1,172,21,24,172,1.0,0.871283319137,21,10,10,0.714285714286,1.0,0.988372093023,0.071414626241,3,0,0,170,0,170,-0.988372093023,-0.988372093023,0,3612,4080,48,-7644,7740,-0.987596899225,209,170,-39,-0.179723502304,172,1.0
MOT17-09-FRCNN,13,15,168,u_to_v,13,15,1,169,4,20,20,13,15,1,138,168,149,172,31,24,31,20,1,4,4,4,1.0,0.20003310241,0.018957759526,0.512146910781,0.02715755624,0.067784390857,-1.0,-1.0,43,1,"{""15"": 4}",4,30,20,1,4,20,11,0,0.0,,21,18,-1,0.7,1.0,,,0,0,0,0,0,0,0.0,0.0,0,0,0,0,0,0,0.0,25,25,0,0.0,4,1.0,31,20,1,4,21,11,0,0.0,,21,18,-1,0.714285714286,1.0,,,0,0,0,0,0,0,0.0,0.0,0,0,0,0,0,0,0.0,26,26,0,0.0,4,1.0,31,20,1,4,21,11,0,0.0,,21,18,-1,0.714285714286,1.0,,,0,0,0,0,0,0,0.0,0.0,0,0,0,0,0,0,0.0,26,26,0,0.0,4,1.0,31,20,1,4,21,11,0,0.0,,21,18,-1,0.714285714286,1.0,,,0,0,0,0,0,0,0.0,0.0,0,0,0,0,0,0,0.0,26,26,0,0.0,4,1.0,31,20,1,4,21,11,0,0.0,,21,18,-1,0.714285714286,1.0,,,0,0,0,0,0,0,0.0,0.0,0,0,0,0,0,0,0.0,26,26,0,0.0,4,1.0
MOT17-09-FRCNN,1,15,172,v_to_u,15,1,1,173,32,24,24,15,1,1,149,172,1,204,24,204,24,172,1,32,32,32,1.0,1.667050359849,0.975254076738,0.0,1.420066302283,1.427403203044,-1.0,-1.0,44,1,"{""1"": 32}",32,24,30,1,30,11,30,28,0.933333333333,0.870080672964,18,19,19,1.0,1.0,1.0,-0.0,1,0,0,28,0,28,-1.0,-1.0,0,308,840,0,-1148,1148,-1.0,69,41,-28,-0.405797101449,30,1.0,24,60,1,32,11,60,28,0.875,0.870080672964,18,19,19,1.0,1.0,1.0,-0.0,1,0,0,28,0,28,-1.0,-1.0,0,308,1680,0,-1988,1988,-1.0,99,71,-28,-0.282828282828,32,1.0,24,120,1,32,11,120,28,0.875,0.870080672964,18,19,19,1.0,1.0,1.0,-0.0,1,0,0,28,0,28,-1.0,-1.0,0,308,3360,0,-3668,3668,-1.0,159,131,-28,-0.176100628931,32,1.0,24,172,1,32,11,172,28,0.875,0.870080672964,18,19,19,1.0,1.0,1.0,-0.0,1,0,0,28,0,28,-1.0,-1.0,0,308,4816,0,-5124,5124,-1.0,211,183,-28,-0.132701421801,32,1.0,24,172,1,32,11,172,28,0.875,0.870080672964,18,19,19,1.0,1.0,1.0,-0.0,1,0,0,28,0,28,-1.0,-1.0,0,308,4816,0,-5124,5124,-1.0,211,183,-28,-0.132701421801,32,1.0
MOT17-09-FRCNN,2,15,172,v_to_u,15,2,1,173,220,24,24,15,2,1,149,172,1,392,24,392,24,172,1,220,220,220,1.0,0.889094639382,0.039846686184,0.0,0.126888255663,0.082399284569,-1.0,-1.0,45,1,"{""2"": 220}",220,24,30,1,30,11,30,30,1.0,0.94560308669,18,22,22,1.0,1.0,1.0,-0.0,1,0,0,30,0,30,-1.0,-1.0,0,330,900,0,-1230,1230,-1.0,71,41,-30,-0.422535211268,30,1.0,24,60,1,60,11,60,60,1.0,0.941629009294,18,22,22,1.0,1.0,1.0,-0.0,1,0,0,60,0,60,-1.0,-1.0,0,660,3600,0,-4260,4260,-1.0,131,71,-60,-0.458015267176,60,1.0,24,120,1,120,11,120,120,1.0,0.933493191486,18,22,22,1.0,1.0,1.0,-0.0,1,0,0,120,0,120,-1.0,-1.0,0,1320,14400,0,-15720,15720,-1.0,251,131,-120,-0.478087649402,120,1.0,24,172,1,220,11,172,220,1.0,0.920141720191,18,22,22,1.0,1.0,0.995454545455,0.029051597126,2,0,0,219,0,219,-0.995454545455,-0.995454545455,0,2420,37668,172,-39916,40260,-0.991455538997,402,219,-183,-0.454094292804,220,1.0,24,172,1,220,11,172,220,1.0,0.920141720191,18,22,22,1.0,1.0,0.995454545455,0.029051597126,2,0,0,219,0,219,-0.995454545455,-0.995454545455,0,2420,37668,172,-39916,40260,-0.991455538997,402,219,-183,-0.454094292804,220,1.0
MOT17-09-FRCNN,4,15,172,v_to_u,15,4,1,173,353,24,24,15,4,1,149,172,1,525,24,525,24,172,1,353,353,353,1.0,3.732011294521,0.313627880753,0.0,0.358792561521,0.474957492178,-1.0,-1.0,46,1,"{""4"": 353}",353,24,30,1,30,11,30,30,1.0,0.777513614888,18,1,1,1.0,1.0,0.966666666667,0.146144746009,2,0,0,29,0,29,-0.966666666667,-0.966666666667,0,330,870,30,-1170,1230,-0.951219512195,70,41,-29,-0.408450704225,30,1.0,24,60,1,60,11,60,59,0.983333333333,0.817508744826,18,1,1,1.0,1.0,0.64406779661,0.71918287542,3,0,0,38,0,38,-0.64406779661,-0.64406779661,0,649,2280,1260,-1669,4189,-0.398424444975,109,80,-29,-0.223076923077,60,1.0,24,120,1,120,11,120,119,0.991666666667,0.827844031523,18,1,7,1.0,1.0,0.672268907563,0.671641099469,3,0,0,38,0,38,-0.319327731092,-0.319327731092,0,1309,4560,9720,3851,15589,0.247033164411,169,200,31,0.124,120,1.0,24,172,1,300,11,172,299,0.996666666667,0.861562457441,18,1,29,1.0,1.0,0.408026755853,1.27375949246,5,0,0,46,0,46,-0.153846153846,-0.153846153846,0,3289,7912,43516,32315,54717,0.590584279109,229,294,65,0.134854771784,300,1.0,24,172,1,353,11,172,352,0.99716713881,0.864878959406,18,1,29,1.0,1.0,0.346590909091,1.348535868888,5,0,0,46,0,46,-0.130681818182,-0.130681818182,0,3872,7912,52632,40848,64416,0.634128166915,229,294,65,0.121495327103,353,1.0
MOT17-09-FRCNN,5,15,172,v_to_u,15,5,1,173,49,24,24,15,5,1,149,172,1,221,24,221,24,172,1,49,49,49,1.0,0.325690244098,0.895449195348,0.049435070331,1.468597627589,1.538497553339,-1.0,-1.0,47,1,"{""5"": 49}",49,24,30,1,30,11,30,30,1.0,0.936586721273,18,20,20,1.0,1.0,1.0,-0.0,1,0,0,30,0,30,-1.0,-1.0,0,330,900,0,-1230,1230,-1.0,71,41,-30,-0.422535211268,30,1.0,24,60,1,49,11,60,48,0.979591836735,0.903724908869,18,20,20,1.0,1.0,1.0,-0.0,1,0,0,48,0,48,-1.0,-1.0,0,528,2880,0,-3408,3408,-1.0,119,71,-48,-0.403361344538,49,1.0,24,120,1,49,11,120,48,0.979591836735,0.903724908869,18,20,20,1.0,1.0,1.0,-0.0,1,0,0,48,0,48,-1.0,-1.0,0,528,5760,0,-6288,6288,-1.0,179,131,-48,-0.268156424581,49,1.0,24,172,1,49,11,172,48,0.979591836735,0.903724908869,18,20,20,1.0,1.0,1.0,-0.0,1,0,0,48,0,48,-1.0,-1.0,0,528,8256,0,-8784,8784,-1.0,231,183,-48,-0.207792207792,49,1.0,24,172,1,49,11,172,48,0.979591836735,0.903724908869,18,20,20,1.0,1.0,1.0,-0.0,1,0,0,48,0,48,-1.0,-1.0,0,528,8256,0,-8784,8784,-1.0,231,183,-48,-0.207792207792,49,1.0
MOT17-09-FRCNN,6,15,172,v_to_u,15,6,1,173,78,24,24,15,6,1,149,172,1,250,24,250,24,172,1,78,78,78,1.0,1.651625358895,0.057962332279,0.0,0.304187015351,0.15444995696,-1.0,-1.0,48,1,"{""6"": 78}",78,24,30,1,30,11,30,30,1.0,0.953996340146,18,23,23,1.0,1.0,1.0,-0.0,1,0,0,30,0,30,-1.0,-1.0,0,330,900,0,-1230,1230,-1.0,71,41,-30,-0.422535211268,30,1.0,24,60,1,60,11,60,60,1.0,0.948362180849,18,23,23,1.0,1.0,1.0,-0.0,1,0,0,60,0,60,-1.0,-1.0,0,660,3600,0,-4260,4260,-1.0,131,71,-60,-0.458015267176,60,1.0,24,120,1,78,11,120,78,1.0,0.925691055113,18,23,23,1.0,1.0,1.0,-0.0,1,0,0,78,0,78,-1.0,-1.0,0,858,9360,0,-10218,10218,-1.0,209,131,-78,-0.373205741627,78,1.0,24,172,1,78,11,172,78,1.0,0.925691055113,18,23,23,1.0,1.0,1.0,-0.0,1,0,0,78,0,78,-1.0,-1.0,0,858,13416,0,-14274,14274,-1.0,261,183,-78,-0.298850574713,78,1.0,24,172,1,78,11,172,78,1.0,0.925691055113,18,23,23,1.0,1.0,1.0,-0.0,1,0,0,78,0,78,-1.0,-1.0,0,858,13416,0,-14274,14274,-1.0,261,183,-78,-0.298850574713,78,1.0
MOT17-09-FRCNN,9,15,172,v_to_u,15,9,1,173,39,24,24,15,9,1,149,172,45,211,24,167,24,128,1,39,39,39,1.0,4.574390439135,0.318762241729,0.0,0.358169616354,0.429877921327,-1.0,-1.0,49,1,"{""9"": 39}",39,24,30,1,30,11,30,30,1.0,0.85994489529,18,7,7,1.0,1.0,1.0,-0.0,1,0,0,30,0,30,-1.0,-1.0,0,330,900,0,-1230,1230,-1.0,71,41,-30,-0.422535211268,30,1.0,24,60,1,39,11,60,39,1.0,0.85083363546,18,7,7,1.0,1.0,1.0,-0.0,1,0,0,39,0,39,-1.0,-1.0,0,429,2340,0,-2769,2769,-1.0,110,71,-39,-0.354545454545,39,1.0,24,120,1,39,11,119,39,1.0,0.85083363546,18,7,7,1.0,0.932773109244,1.0,-0.0,1,0,0,39,0,39,-1.0,-1.0,0,429,4329,312,-4446,5070,-0.876923076923,161,122,-39,-0.230769230769,39,1.0,24,128,1,39,11,127,39,1.0,0.85083363546,18,7,7,1.0,0.874015748031,1.0,-0.0,1,0,0,39,0,39,-1.0,-1.0,0,429,4329,624,-4134,5382,-0.768115942029,161,122,-39,-0.220338983051,39,1.0,24,128,1,39,11,127,39,1.0,0.85083363546,18,7,7,1.0,0.874015748031,1.0,-0.0,1,0,0,39,0,39,-1.0,-1.0,0,429,4329,624,-4134,5382,-0.768115942029,161,122,-39,-0.220338983051,39,1.0
MOT17-09-FRCNN,12,15,172,v_to_u,15,12,1,173,220,24,24,15,12,1,149,172,137,392,24,256,24,36,1,220,220,220,1.0,3.049292164425,0.478200920813,0.0,0.574658100765,0.799665459147,-1.0,-1.0,50,1,"{""12"": 220}",220,24,30,1,30,11,30,30,1.0,0.853672595409,18,8,8,1.0,1.0,1.0,-0.0,1,0,0,30,0,30,-1.0,-1.0,0,330,900,0,-1230,1230,-1.0,71,41,-30,-0.422535211268,30,1.0,24,36,1,60,11,36,60,1.0,0.880798836031,18,8,8,1.0,1.0,1.0,-0.0,1,0,0,60,0,60,-1.0,-1.0,0,660,2160,0,-2820,2820,-1.0,107,60,-47,-0.439252336449,60,1.0,24,36,1,120,11,36,120,1.0,0.885748003121,18,8,8,1.0,1.0,1.0,-0.0,1,0,0,120,0,120,-1.0,-1.0,0,1320,4320,0,-5640,5640,-1.0,167,120,-47,-0.281437125749,120,1.0,24,36,1,220,11,36,210,0.954545454545,0.873876039551,18,8,8,1.0,1.0,1.0,-0.0,1,0,0,210,0,210,-1.0,-1.0,0,2310,7560,0,-9870,9870,-1.0,257,210,-47,-0.182879377432,220,1.0,24,36,1,220,11,36,210,0.954545454545,0.873876039551,18,8,8,1.0,1.0,1.0,-0.0,1,0,0,210,0,210,-1.0,-1.0,0,2310,7560,0,-9870,9870,-1.0,257,210,-47,-0.182879377432,220,1.0
MOT17-09-FRCNN,14,15,172,v_to_u,15,14,1,173,168,24,24,15,14,1,149,172,145,340,24,196,24,28,1,168,168,168,1.0,3.554050491573,0.515067668571,0.0,0.821582649129,0.628291634936,-1.0,-1.0,51,1,"{""14"": 168}",168,24,28,1,30,11,28,30,1.0,0.808570052858,18,10,10,1.0,1.0,0.966666666667,0.146144746009,2,0,0,29,0,29,-0.966666666667,-0.966666666667,0,330,812,28,-1114,1170,-0.952136752137,68,39,-29,-0.420289855072,30,1.0,24,28,1,60,11,28,60,1.0,0.856419395055,18,10,10,1.0,1.0,0.983333333333,0.084766075715,2,0,0,59,0,59,-0.983333333333,-0.983333333333,0,660,1652,28,-2284,2340,-0.976068376068,98,59,-39,-0.393939393939,60,1.0,24,28,1,120,11,28,120,1.0,0.886496789908,18,10,10,1.0,1.0,0.991666666667,0.04819427878,2,0,0,119,0,119,-0.991666666667,-0.991666666667,0,1320,3332,28,-4624,4680,-0.988034188034,158,119,-39,-0.245283018868,120,1.0,24,28,1,168,11,28,168,1.0,0.870087953412,18,10,10,1.0,1.0,0.988095238095,0.072833188527,3,0,0,166,0,166,-0.988095238095,-0.988095238095,0,1848,4648,56,-6440,6552,-0.982905982906,205,166,-39,-0.188405797101,168,1.0,24,28,1,168,11,28,168,1.0,0.870087953412,18,10,10,1.0,1.0,0.988095238095,0.072833188527,3,0,0,166,0,166,-0.988095238095,-0.988095238095,0,1848,4648,56,-6440,6552,-0.982905982906,205,166,-39,-0.188405797101,168,1.0
MOT17-09-FRCNN,15,16,172,u_to_v,15,16,1,173,165,4,4,15,16,1,149,172,169,337,24,169,24,4,1,165,165,165,1.0,0.806294694946,0.134886232716,0.0,0.158535381785,0.077728520681,-1.0,-1.0,52,1,"{""16"": 165}",165,24,4,1,30,11,4,30,1.0,0.804976788997,18,18,18,1.0,1.0,1.0,-0.0,1,1,30,30,0,0,0.0,0.0,330,0,120,0,210,450,0.466666666667,34,41,7,0.155555555556,30,1.0,24,4,1,60,11,4,60,1.0,0.84694766257,18,18,18,1.0,1.0,1.0,-0.0,1,1,60,60,0,0,0.0,0.0,660,0,240,0,420,900,0.466666666667,64,71,7,0.093333333333,60,1.0,24,4,1,120,11,4,120,1.0,0.875187782028,18,18,18,1.0,1.0,0.95,0.198515243346,2,1,114,114,0,0,0.0,0.0,1254,66,456,24,756,1800,0.42,118,125,7,0.051851851852,120,1.0,24,4,1,165,11,4,165,1.0,0.869658513999,18,18,18,1.0,1.0,0.963636363636,0.156210171062,2,1,159,159,0,0,0.0,0.0,1749,66,636,24,1071,2475,0.432727272727,163,170,7,0.038888888889,165,1.0,24,4,1,165,11,4,165,1.0,0.869658513999,18,18,18,1.0,1.0,0.963636363636,0.156210171062,2,1,159,159,0,0,0.0,0.0,1749,66,636,24,1071,2475,0.432727272727,163,170,7,0.038888888889,165,1.0
MOT17-09-FRCNN,15,17,172,u_to_v,15,17,1,173,210,3,3,15,17,1,149,172,170,382,24,213,24,3,1,210,210,210,1.0,0.672402768306,0.010023766091,0.072907088018,0.441777721049,0.539008013181,-1.0,-1.0,53,1,"{""17"": 210}",210,24,3,1,30,11,3,30,1.0,0.888178072649,18,21,21,1.0,1.0,1.0,-0.0,1,0,0,30,0,30,-1.0,-1.0,0,330,90,0,-420,420,-1.0,44,30,-14,-0.318181818182,30,1.0,24,3,1,60,11,3,60,1.0,0.9132740306,18,21,21,1.0,1.0,1.0,-0.0,1,0,0,60,0,60,-1.0,-1.0,0,660,180,0,-840,840,-1.0,74,60,-14,-0.189189189189,60,1.0,24,3,1,120,11,3,120,1.0,0.905454963053,18,21,21,1.0,1.0,1.0,-0.0,1,0,0,120,0,120,-1.0,-1.0,0,1320,360,0,-1680,1680,-1.0,134,120,-14,-0.10447761194,120,1.0,24,3,1,210,11,3,210,1.0,0.904738127448,18,21,21,1.0,1.0,1.0,-0.0,1,0,0,210,0,210,-1.0,-1.0,0,2310,630,0,-2940,2940,-1.0,224,210,-14,-0.0625,210,1.0,24,3,1,210,11,3,210,1.0,0.904738127448,18,21,21,1.0,1.0,1.0,-0.0,1,0,0,210,0,210,-1.0,-1.0,0,2310,630,0,-2940,2940,-1.0,224,210,-14,-0.0625,210,1.0
MOT17-09-FRCNN,1,19,198,v_to_u,19,1,1,199,6,12,12,19,1,1,187,198,1,204,12,204,12,198,1,6,6,6,1.0,0.165091671514,0.477369928143,0.200166979244,0.847746977471,0.760856387076,-1.0,-1.0,54,1,"{""1"": 6}",6,12,30,1,6,10,30,2,0.333333333333,0.706001660872,11,19,19,1.0,1.0,1.0,-0.0,1,0,0,2,0,2,-1.0,-1.0,0,20,60,0,-80,80,-1.0,42,40,-2,-0.047619047619,6,1.0,12,60,1,6,10,60,2,0.333333333333,0.706001660872,11,19,19,1.0,1.0,1.0,-0.0,1,0,0,2,0,2,-1.0,-1.0,0,20,120,0,-140,140,-1.0,72,70,-2,-0.027777777778,6,1.0,12,120,1,6,10,120,2,0.333333333333,0.706001660872,11,19,19,1.0,1.0,1.0,-0.0,1,0,0,2,0,2,-1.0,-1.0,0,20,240,0,-260,260,-1.0,132,130,-2,-0.015151515152,6,1.0,12,198,1,6,10,198,2,0.333333333333,0.706001660872,11,19,19,1.0,1.0,1.0,-0.0,1,0,0,2,0,2,-1.0,-1.0,0,20,396,0,-416,416,-1.0,210,208,-2,-0.009523809524,6,1.0,12,198,1,6,10,198,2,0.333333333333,0.706001660872,11,19,19,1.0,1.0,1.0,-0.0,1,0,0,2,0,2,-1.0,-1.0,0,20,396,0,-416,416,-1.0,210,208,-2,-0.009523809524,6,1.0
MOT17-09-FRCNN,2,19,198,v_to_u,19,2,1,199,194,12,12,19,2,1,187,198,1,392,12,392,12,198,1,194,194,194,1.0,5.318602433697,0.571192571244,0.0,0.867261402332,0.849605984405,-1.0,-1.0,55,1,"{""2"": 194}",194,12,30,1,30,10,30,30,1.0,0.937054359905,11,22,22,1.0,1.0,1.0,-0.0,1,0,0,30,0,30,-1.0,-1.0,0,300,900,0,-1200,1200,-1.0,70,40,-30,-0.428571428571,30,1.0,12,60,1,60,10,60,60,1.0,0.931452748402,11,22,22,1.0,1.0,1.0,-0.0,1,0,0,60,0,60,-1.0,-1.0,0,600,3600,0,-4200,4200,-1.0,130,70,-60,-0.461538461538,60,1.0,12,120,1,120,10,120,120,1.0,0.927730756551,11,22,22,1.0,1.0,1.0,-0.0,1,0,0,120,0,120,-1.0,-1.0,0,1200,14400,0,-15600,15600,-1.0,250,130,-120,-0.48,120,1.0,12,198,1,194,10,198,194,1.0,0.916425748078,11,22,22,1.0,1.0,0.994845360825,0.032295239173,2,0,0,193,0,193,-0.994845360825,-0.994845360825,0,1940,38214,198,-39956,40352,-0.990186360032,401,208,-193,-0.480099502488,194,1.0,12,198,1,194,10,198,194,1.0,0.916425748078,11,22,22,1.0,1.0,0.994845360825,0.032295239173,2,0,0,193,0,193,-0.994845360825,-0.994845360825,0,1940,38214,198,-39956,40352,-0.990186360032,401,208,-193,-0.480099502488,194,1.0
MOT17-09-FRCNN,4,19,198,v_to_u,19,4,1,199,327,12,12,19,4,1,187,198,1,525,12,525,12,198,1,327,327,327,1.0,1.657079098152,0.21075707472,0.0,0.434089973264,0.303580804842,-1.0,-1.0,56,1,"{""4"": 327}",327,12,30,1,30,10,30,30,1.0,0.845671452482,11,1,7,1.0,0.966666666667,0.566666666667,0.68423176513,2,0,0,13,0,13,-0.433333333333,-0.433333333333,0,300,377,523,-154,1200,-0.128333333333,52,46,-6,-0.085714285714,30,1.0,12,60,1,60,10,60,59,0.983333333333,0.836612942751,11,1,7,1.0,0.983333333333,0.779661016949,0.527336666185,2,0,0,13,0,13,-0.220338983051,-0.220338983051,0,590,767,2773,1416,4130,0.342857142857,82,105,23,0.178294573643,60,1.0,12,120,1,120,10,120,119,0.991666666667,0.849035094463,11,1,7,1.0,0.991666666667,0.831932773109,0.561622838879,3,0,0,13,0,13,-0.109243697479,-0.109243697479,0,1190,1547,12733,9996,15470,0.646153846154,142,218,76,0.305220883534,120,1.0,12,198,1,300,10,198,299,0.996666666667,0.869193222834,11,1,29,1.0,0.994949494949,0.408026755853,1.234235124964,4,0,0,21,0,21,-0.070234113712,-0.070234113712,0,2990,4137,55065,47938,62192,0.770806534603,228,319,91,0.179487179487,300,1.0,12,198,1,327,10,198,326,0.996941896024,0.871118390636,11,1,29,1.0,0.994949494949,0.374233128834,1.255820648496,4,0,0,21,0,21,-0.064417177914,-0.064417177914,0,3260,4137,60411,53014,67808,0.781825153374,228,319,91,0.170411985019,327,1.0
MOT17-09-FRCNN,5,19,198,v_to_u,19,5,1,199,23,12,12,19,5,1,187,198,1,221,12,221,12,198,1,23,23,23,1.0,1.119465273165,0.391270371861,0.0,0.770657871034,0.853451785978,-1.0,-1.0,57,1,"{""5"": 23}",23,12,30,1,23,10,30,22,0.95652173913,0.858311890406,11,20,20,1.0,1.0,1.0,-0.0,1,0,0,22,0,22,-1.0,-1.0,0,220,660,0,-880,880,-1.0,62,40,-22,-0.354838709677,23,1.0,12,60,1,23,10,60,22,0.95652173913,0.858311890406,11,20,20,1.0,1.0,1.0,-0.0,1,0,0,22,0,22,-1.0,-1.0,0,220,1320,0,-1540,1540,-1.0,92,70,-22,-0.239130434783,23,1.0,12,120,1,23,10,120,22,0.95652173913,0.858311890406,11,20,20,1.0,1.0,1.0,-0.0,1,0,0,22,0,22,-1.0,-1.0,0,220,2640,0,-2860,2860,-1.0,152,130,-22,-0.144736842105,23,1.0,12,198,1,23,10,198,22,0.95652173913,0.858311890406,11,20,20,1.0,1.0,1.0,-0.0,1,0,0,22,0,22,-1.0,-1.0,0,220,4356,0,-4576,4576,-1.0,230,208,-22,-0.095652173913,23,1.0,12,198,1,23,10,198,22,0.95652173913,0.858311890406,11,20,20,1.0,1.0,1.0,-0.0,1,0,0,22,0,22,-1.0,-1.0,0,220,4356,0,-4576,4576,-1.0,230,208,-22,-0.095652173913,23,1.0
MOT17-09-FRCNN,6,19,198,v_to_u,19,6,1,199,52,12,12,19,6,1,187,198,1,250,12,250,12,198,1,52,52,52,1.0,5.972319314948,0.653148625219,0.0,0.735566535178,0.821769929305,-1.0,-1.0,58,1,"{""6"": 52}",52,12,30,1,30,10,30,30,1.0,0.950859014785,11,23,23,1.0,1.0,1.0,-0.0,1,0,0,30,0,30,-1.0,-1.0,0,300,900,0,-1200,1200,-1.0,70,40,-30,-0.428571428571,30,1.0,12,60,1,52,10,60,52,1.0,0.912360639615,11,23,23,1.0,1.0,1.0,-0.0,1,0,0,52,0,52,-1.0,-1.0,0,520,3120,0,-3640,3640,-1.0,122,70,-52,-0.426229508197,52,1.0,12,120,1,52,10,120,52,1.0,0.912360639615,11,23,23,1.0,1.0,1.0,-0.0,1,0,0,52,0,52,-1.0,-1.0,0,520,6240,0,-6760,6760,-1.0,182,130,-52,-0.285714285714,52,1.0,12,198,1,52,10,198,52,1.0,0.912360639615,11,23,23,1.0,1.0,1.0,-0.0,1,0,0,52,0,52,-1.0,-1.0,0,520,10296,0,-10816,10816,-1.0,260,208,-52,-0.2,52,1.0,12,198,1,52,10,198,52,1.0,0.912360639615,11,23,23,1.0,1.0,1.0,-0.0,1,0,0,52,0,52,-1.0,-1.0,0,520,10296,0,-10816,10816,-1.0,260,208,-52,-0.2,52,1.0
MOT17-09-FRCNN,9,19,198,v_to_u,19,9,1,199,13,12,12,19,9,1,187,198,45,211,12,167,12,154,1,13,13,13,1.0,1.431339070062,0.192031524098,0.0,0.415170236862,0.326381567403,-1.0,-1.0,59,1,"{""9"": 13}",13,12,30,1,13,10,30,13,1.0,0.82305437828,11,7,7,1.0,1.0,1.0,-0.0,1,0,0,13,0,13,-1.0,-1.0,0,130,390,0,-520,520,-1.0,53,40,-13,-0.245283018868,13,1.0,12,60,1,13,10,60,13,1.0,0.82305437828,11,7,7,1.0,1.0,1.0,-0.0,1,0,0,13,0,13,-1.0,-1.0,0,130,780,0,-910,910,-1.0,83,70,-13,-0.156626506024,13,1.0,12,120,1,13,10,120,13,1.0,0.82305437828,11,7,7,1.0,1.0,1.0,-0.0,1,0,0,13,0,13,-1.0,-1.0,0,130,1560,0,-1690,1690,-1.0,143,130,-13,-0.090909090909,13,1.0,12,154,1,13,10,153,13,1.0,0.82305437828,11,7,7,1.0,0.895424836601,1.0,-0.0,1,0,0,13,0,13,-1.0,-1.0,0,130,1781,208,-1703,2119,-0.803680981595,160,147,-13,-0.073863636364,13,1.0,12,154,1,13,10,153,13,1.0,0.82305437828,11,7,7,1.0,0.895424836601,1.0,-0.0,1,0,0,13,0,13,-1.0,-1.0,0,130,1781,208,-1703,2119,-0.803680981595,160,147,-13,-0.073863636364,13,1.0
MOT17-09-FRCNN,12,19,198,v_to_u,19,12,1,199,194,12,12,19,12,1,187,198,137,392,12,256,12,62,1,194,194,194,1.0,2.606179227056,0.192358474188,0.0,0.400251459379,0.261281169791,-1.0,-1.0,60,1,"{""12"": 194}",194,12,30,1,30,10,30,30,1.0,0.916090307414,11,8,8,1.0,1.0,1.0,-0.0,1,0,0,30,0,30,-1.0,-1.0,0,300,900,0,-1200,1200,-1.0,70,40,-30,-0.428571428571,30,1.0,12,60,1,60,10,60,60,1.0,0.909305680176,11,8,8,1.0,1.0,1.0,-0.0,1,0,0,60,0,60,-1.0,-1.0,0,600,3600,0,-4200,4200,-1.0,130,70,-60,-0.461538461538,60,1.0,12,62,1,120,10,62,120,1.0,0.894951872574,11,8,8,1.0,1.0,1.0,-0.0,1,0,0,120,0,120,-1.0,-1.0,0,1200,7440,0,-8640,8640,-1.0,192,120,-72,-0.375,120,1.0,12,62,1,194,10,62,184,0.948453608247,0.878220909783,11,8,8,1.0,1.0,1.0,-0.0,1,0,0,184,0,184,-1.0,-1.0,0,1840,11408,0,-13248,13248,-1.0,256,184,-72,-0.28125,194,1.0,12,62,1,194,10,62,184,0.948453608247,0.878220909783,11,8,8,1.0,1.0,1.0,-0.0,1,0,0,184,0,184,-1.0,-1.0,0,1840,11408,0,-13248,13248,-1.0,256,184,-72,-0.28125,194,1.0
MOT17-09-FRCNN,14,19,198,v_to_u,19,14,1,199,142,12,12,19,14,1,187,198,145,340,12,196,12,54,1,142,142,142,1.0,2.172844363534,0.214191398035,0.0,0.329902611443,0.289555587897,-1.0,-1.0,61,1,"{""14"": 142}",142,12,30,1,30,10,30,30,1.0,0.89063831633,11,10,10,1.0,0.966666666667,1.0,-0.0,1,0,0,30,0,30,-1.0,-1.0,0,300,870,30,-1140,1200,-0.95,69,39,-30,-0.428571428571,30,1.0,12,54,1,60,10,54,60,1.0,0.897124915937,11,10,10,1.0,0.981481481481,1.0,-0.0,1,0,0,60,0,60,-1.0,-1.0,0,600,3180,60,-3720,3840,-0.96875,123,63,-60,-0.483870967742,60,1.0,12,54,1,120,10,54,120,1.0,0.910707897085,11,10,10,1.0,0.981481481481,1.0,-0.0,1,0,0,120,0,120,-1.0,-1.0,0,1200,6360,120,-7440,7680,-0.96875,183,121,-62,-0.336956521739,120,1.0,12,54,1,142,10,54,142,1.0,0.882738724696,11,10,10,1.0,0.981481481481,0.992957746479,0.041917588986,2,0,0,141,0,141,-0.992957746479,-0.992957746479,0,1420,7473,195,-8698,9088,-0.957086267606,204,142,-62,-0.300970873786,142,1.0,12,54,1,142,10,54,142,1.0,0.882738724696,11,10,10,1.0,0.981481481481,0.992957746479,0.041917588986,2,0,0,141,0,141,-0.992957746479,-0.992957746479,0,1420,7473,195,-8698,9088,-0.957086267606,204,142,-62,-0.300970873786,142,1.0
MOT17-09-FRCNN,16,19,198,v_to_u,19,16,1,199,139,12,12,19,16,1,187,198,169,337,12,169,12,30,1,139,139,139,1.0,5.841488391239,0.669782736967,0.0,0.957007233803,0.916838714626,-1.0,-1.0,62,1,"{""16"": 139}",139,12,30,1,30,10,30,30,1.0,0.897581135543,11,18,18,1.0,1.0,1.0,-0.0,1,0,0,30,0,30,-1.0,-1.0,0,300,900,0,-1200,1200,-1.0,70,40,-30,-0.428571428571,30,1.0,12,30,1,60,10,30,60,1.0,0.898215193633,11,18,18,1.0,1.0,0.983333333333,0.084766075715,2,0,0,59,0,59,-0.983333333333,-0.983333333333,0,600,1770,30,-2340,2400,-0.975,99,59,-40,-0.4,60,1.0,12,30,1,120,10,30,120,1.0,0.884241115603,11,18,18,1.0,1.0,0.95,0.198515243346,2,0,0,114,0,114,-0.95,-0.95,0,1200,3420,180,-4440,4800,-0.925,154,114,-40,-0.25,120,1.0,12,30,1,139,10,30,139,1.0,0.886391087277,11,18,18,1.0,1.0,0.956834532374,0.17787687652,2,0,0,133,0,133,-0.956834532374,-0.956834532374,0,1390,3990,180,-5200,5560,-0.935251798561,173,133,-40,-0.223463687151,139,1.0,12,30,1,139,10,30,139,1.0,0.886391087277,11,18,18,1.0,1.0,0.956834532374,0.17787687652,2,0,0,133,0,133,-0.956834532374,-0.956834532374,0,1390,3990,180,-5200,5560,-0.935251798561,173,133,-40,-0.223463687151,139,1.0
MOT17-09-FRCNN,17,19,198,v_to_u,19,17,1,199,184,12,12,19,17,1,187,198,170,382,12,213,12,29,1,184,184,184,1.0,6.423343676662,0.706883414572,0.0,1.264594022982,1.327326693749,-1.0,-1.0,63,1,"{""17"": 184}",184,12,29,1,30,10,29,30,1.0,0.938943944841,11,21,21,1.0,1.0,1.0,-0.0,1,0,0,30,0,30,-1.0,-1.0,0,300,870,0,-1170,1170,-1.0,69,39,-30,-0.434782608696,30,1.0,12,29,1,60,10,29,60,1.0,0.920103920972,11,21,21,1.0,1.0,1.0,-0.0,1,0,0,60,0,60,-1.0,-1.0,0,600,1740,0,-2340,2340,-1.0,99,60,-39,-0.393939393939,60,1.0,12,29,1,120,10,29,120,1.0,0.910682582581,11,21,21,1.0,1.0,1.0,-0.0,1,0,0,120,0,120,-1.0,-1.0,0,1200,3480,0,-4680,4680,-1.0,159,120,-39,-0.245283018868,120,1.0,12,29,1,184,10,29,184,1.0,0.907871464689,11,21,21,1.0,1.0,1.0,-0.0,1,0,0,184,0,184,-1.0,-1.0,0,1840,5336,0,-7176,7176,-1.0,223,184,-39,-0.174887892377,184,1.0,12,29,1,184,10,29,184,1.0,0.907871464689,11,21,21,1.0,1.0,1.0,-0.0,1,0,0,184,0,184,-1.0,-1.0,0,1840,5336,0,-7176,7176,-1.0,223,184,-39,-0.174887892377,184,1.0
MOT17-09-FRCNN,18,19,198,v_to_u,19,18,1,199,203,12,12,19,18,1,187,198,181,401,12,221,12,18,1,203,203,203,1.0,0.603751677578,0.089503071751,0.038966791048,0.277822295754,0.247243059436,-1.0,-1.0,64,1,"{""18"": 203}",203,12,18,1,30,10,18,30,1.0,0.892585451227,11,29,29,1.0,1.0,1.0,-0.0,1,0,0,30,0,30,-1.0,-1.0,0,300,540,0,-840,840,-1.0,58,30,-28,-0.48275862069,30,1.0,12,18,1,60,10,18,60,1.0,0.912475262526,11,29,29,1.0,1.0,1.0,-0.0,1,0,0,60,0,60,-1.0,-1.0,0,600,1080,0,-1680,1680,-1.0,88,60,-28,-0.318181818182,60,1.0,12,18,1,120,10,18,119,0.991666666667,0.869479192068,11,29,29,1.0,1.0,0.941176470588,0.223718076066,2,0,0,112,0,112,-0.941176470588,-0.941176470588,0,1190,2016,126,-3080,3332,-0.924369747899,140,112,-28,-0.190476190476,120,1.0,12,18,1,203,10,18,199,0.980295566502,0.86882559168,11,29,29,1.0,1.0,0.562814070352,0.685235076443,2,0,0,112,0,112,-0.562814070352,-0.562814070352,0,1990,2016,1566,-2440,5572,-0.437903804738,140,112,-28,-0.123348017621,203,1.0,12,18,1,203,10,18,199,0.980295566502,0.86882559168,11,29,29,1.0,1.0,0.562814070352,0.685235076443,2,0,0,112,0,112,-0.562814070352,-0.562814070352,0,1990,2016,1566,-2440,5572,-0.437903804738,140,112,-28,-0.123348017621,203,1.0
MOT17-09-FRCNN,19,20,198,u_to_v,19,20,1,199,327,1,1,19,20,1,187,198,198,525,12,328,12,1,1,327,327,327,1.0,0.212927390286,0.014188707743,0.482365943591,0.180707153517,0.11079664782,-1.0,-1.0,65,1,"{""20"": 327}",327,12,1,1,30,10,1,30,1.0,0.87705569779,11,11,11,1.0,1.0,1.0,-0.0,1,1,30,30,0,0,0.0,0.0,300,0,30,0,270,330,0.818181818182,31,40,9,0.219512195122,30,1.0,12,1,1,60,10,1,60,1.0,0.904711916413,11,11,11,1.0,1.0,1.0,-0.0,1,1,60,60,0,0,0.0,0.0,600,0,60,0,540,660,0.818181818182,61,70,9,0.12676056338,60,1.0,12,1,1,120,10,1,120,1.0,0.884888756347,11,11,11,1.0,1.0,1.0,-0.0,1,1,120,120,0,0,0.0,0.0,1200,0,120,0,1080,1320,0.818181818182,121,130,9,0.068702290076,120,1.0,12,1,1,300,10,1,300,1.0,0.89171073172,11,11,11,1.0,1.0,0.983333333333,0.084766075715,2,1,295,295,0,0,0.0,0.0,2950,50,295,5,2610,3300,0.790909090909,296,305,9,0.028938906752,300,1.0,12,1,1,327,10,1,327,1.0,0.892896569655,11,11,11,1.0,1.0,0.984709480122,0.079095378153,2,1,322,322,0,0,0.0,0.0,3220,50,322,5,2853,3597,0.793160967473,323,332,9,0.026627218935,327,1.0
MOT17-09-FRCNN,1,2,204,u_to_v,1,2,1,205,188,204,204,1,2,1,1,204,1,392,204,392,204,204,1,188,188,188,1.0,4.799112520693,0.918182508187,0.0,1.302695378851,1.483730747344,-1.0,-1.0,66,1,"{""2"": 188}",188,30,30,1,30,26,30,30,1.0,0.937960192598,19,22,22,1.0,1.0,1.0,-0.0,1,0,0,30,0,30,-1.0,-1.0,0,780,900,0,-1680,1680,-1.0,86,56,-30,-0.348837209302,30,1.0,60,60,1,60,56,60,60,1.0,0.927068126663,19,22,22,1.0,1.0,1.0,-0.0,1,0,0,60,0,60,-1.0,-1.0,0,3360,3600,0,-6960,6960,-1.0,176,116,-60,-0.340909090909,60,1.0,120,120,1,120,116,120,120,1.0,0.92731610722,19,22,22,1.0,1.0,1.0,-0.0,1,0,0,120,0,120,-1.0,-1.0,0,13920,14400,0,-28320,28320,-1.0,356,236,-120,-0.337078651685,120,1.0,204,204,1,188,200,204,188,1.0,0.915751183436,19,22,22,1.0,1.0,0.994680851064,0.03315839181,2,0,0,187,0,187,-0.994680851064,-0.994680851064,0,37600,38148,204,-75544,75952,-0.994628186223,591,404,-187,-0.315878378378,188,1.0,204,204,1,188,200,204,188,1.0,0.915751183436,19,22,22,1.0,1.0,0.994680851064,0.03315839181,2,0,0,187,0,187,-0.994680851064,-0.994680851064,0,37600,38148,204,-75544,75952,-0.994628186223,591,404,-187,-0.315878378378,188,1.0
MOT17-09-FRCNN,1,4,204,u_to_v,1,4,1,205,321,204,204,1,4,1,1,204,1,525,204,525,204,204,1,321,321,321,1.0,1.998149196543,0.593142422065,0.0,0.86620737473,1.035950421102,-1.0,-1.0,67,1,"{""4"": 321}",321,30,30,1,30,26,30,29,0.966666666667,0.857295630798,19,1,7,1.0,0.966666666667,0.758620689655,0.552664622494,2,0,0,7,0,7,-0.241379310345,-0.241379310345,0,754,203,667,-290,1624,-0.178571428571,62,55,-7,-0.082352941176,30,1.0,60,60,1,60,56,60,59,0.983333333333,0.850530936634,19,1,7,1.0,0.983333333333,0.881355932203,0.364214657302,2,0,0,7,0,7,-0.118644067797,-0.118644067797,0,3304,413,3127,-590,6844,-0.086206896552,122,115,-7,-0.04,60,1.0,120,120,1,120,116,120,119,0.991666666667,0.855227775581,19,1,7,1.0,0.991666666667,0.831932773109,0.561622838879,3,0,0,7,0,7,-0.058823529412,-0.058823529412,0,13804,833,13447,-1190,28084,-0.042372881356,242,235,-7,-0.019718309859,120,1.0,204,204,1,300,200,204,299,0.996666666667,0.871183979441,19,1,29,1.0,0.995098039216,0.408026755853,1.2099898162,4,0,0,15,0,15,-0.05016722408,-0.05016722408,0,59800,3045,57951,-4894,120796,-0.040514586576,418,403,-15,-0.0213371266,300,1.0,204,204,1,321,200,204,320,0.996884735202,0.873150371534,19,1,29,1.0,0.995098039216,0.38125,1.225143505981,4,0,0,15,0,15,-0.046875,-0.046875,0,64000,3045,62235,-4810,129280,-0.037206064356,418,403,-15,-0.020718232044,321,1.0
MOT17-09-FRCNN,1,5,204,u_to_v,1,5,1,205,17,204,204,1,5,1,1,204,1,221,204,221,204,204,1,17,17,17,1.0,0.922388187366,0.107172647459,0.0,0.492899689716,0.253975015556,-1.0,-1.0,68,1,"{""5"": 17}",17,30,30,1,17,26,30,16,0.941176470588,0.844410580244,19,20,20,1.0,1.0,1.0,-0.0,1,0,0,16,0,16,-1.0,-1.0,0,416,480,0,-896,896,-1.0,72,56,-16,-0.222222222222,17,1.0,60,60,1,17,56,60,16,0.941176470588,0.844410580244,19,20,20,1.0,1.0,1.0,-0.0,1,0,0,16,0,16,-1.0,-1.0,0,896,960,0,-1856,1856,-1.0,132,116,-16,-0.121212121212,17,1.0,120,120,1,17,116,120,16,0.941176470588,0.844410580244,19,20,20,1.0,1.0,1.0,-0.0,1,0,0,16,0,16,-1.0,-1.0,0,1856,1920,0,-3776,3776,-1.0,252,236,-16,-0.063492063492,17,1.0,204,204,1,17,200,204,16,0.941176470588,0.844410580244,19,20,20,1.0,1.0,1.0,-0.0,1,0,0,16,0,16,-1.0,-1.0,0,3200,3264,0,-6464,6464,-1.0,420,404,-16,-0.038095238095,17,1.0,204,204,1,17,200,204,16,0.941176470588,0.844410580244,19,20,20,1.0,1.0,1.0,-0.0,1,0,0,16,0,16,-1.0,-1.0,0,3200,3264,0,-6464,6464,-1.0,420,404,-16,-0.038095238095,17,1.0
MOT17-09-FRCNN,1,6,204,u_to_v,1,6,1,205,46,204,204,1,6,1,1,204,1,250,204,250,204,204,1,46,46,46,1.0,5.340480779809,0.995979367044,0.0,1.185720595924,1.487168738519,-1.0,-1.0,69,1,"{""6"": 46}",46,30,30,1,30,26,30,30,1.0,0.933921439522,19,23,23,1.0,1.0,1.0,-0.0,1,0,0,30,0,30,-1.0,-1.0,0,780,900,0,-1680,1680,-1.0,86,56,-30,-0.348837209302,30,1.0,60,60,1,46,56,60,46,1.0,0.905078076907,19,23,23,1.0,1.0,1.0,-0.0,1,0,0,46,0,46,-1.0,-1.0,0,2576,2760,0,-5336,5336,-1.0,162,116,-46,-0.283950617284,46,1.0,120,120,1,46,116,120,46,1.0,0.905078076907,19,23,23,1.0,1.0,1.0,-0.0,1,0,0,46,0,46,-1.0,-1.0,0,5336,5520,0,-10856,10856,-1.0,282,236,-46,-0.163120567376,46,1.0,204,204,1,46,200,204,46,1.0,0.905078076907,19,23,23,1.0,1.0,1.0,-0.0,1,0,0,46,0,46,-1.0,-1.0,0,9200,9384,0,-18584,18584,-1.0,450,404,-46,-0.102222222222,46,1.0,204,204,1,46,200,204,46,1.0,0.905078076907,19,23,23,1.0,1.0,1.0,-0.0,1,0,0,46,0,46,-1.0,-1.0,0,9200,9384,0,-18584,18584,-1.0,450,404,-46,-0.102222222222,46,1.0
MOT17-09-FRCNN,1,9,204,u_to_v,1,9,1,205,7,160,160,1,9,1,1,204,45,211,204,167,204,160,1,7,7,7,1.0,1.796405437728,0.510504392737,0.0,0.705049747343,0.923636047037,-1.0,-1.0,70,1,"{""9"": 7}",7,30,30,1,7,26,30,7,1.0,0.844392323228,19,7,7,1.0,1.0,1.0,-0.0,1,0,0,7,0,7,-1.0,-1.0,0,182,210,0,-392,392,-1.0,63,56,-7,-0.111111111111,7,1.0,60,60,1,7,56,60,7,1.0,0.844392323228,19,7,7,1.0,1.0,1.0,-0.0,1,0,0,7,0,7,-1.0,-1.0,0,392,420,0,-812,812,-1.0,123,116,-7,-0.056910569106,7,1.0,120,120,1,7,116,120,7,1.0,0.844392323228,19,7,7,1.0,1.0,1.0,-0.0,1,0,0,7,0,7,-1.0,-1.0,0,812,840,0,-1652,1652,-1.0,243,236,-7,-0.028806584362,7,1.0,204,160,1,7,200,159,7,1.0,0.844392323228,19,7,7,1.0,0.899371069182,1.0,-0.0,1,0,0,7,0,7,-1.0,-1.0,0,1400,1001,112,-2289,2513,-0.910863509749,350,343,-7,-0.01912568306,7,1.0,204,160,1,7,200,159,7,1.0,0.844392323228,19,7,7,1.0,0.899371069182,1.0,-0.0,1,0,0,7,0,7,-1.0,-1.0,0,1400,1001,112,-2289,2513,-0.910863509749,350,343,-7,-0.01912568306,7,1.0
MOT17-09-FRCNN,1,12,204,u_to_v,1,12,1,205,188,68,68,1,12,1,1,204,137,392,204,256,204,68,1,188,188,188,1.0,2.556531267195,0.526617971486,0.0,0.572683506929,0.873839974951,-1.0,-1.0,71,1,"{""12"": 188}",188,30,30,1,30,26,30,30,1.0,0.907689504407,19,8,8,1.0,1.0,1.0,-0.0,1,0,0,30,0,30,-1.0,-1.0,0,780,900,0,-1680,1680,-1.0,86,56,-30,-0.348837209302,30,1.0,60,60,1,60,56,60,60,1.0,0.895930086067,19,8,8,1.0,1.0,1.0,-0.0,1,0,0,60,0,60,-1.0,-1.0,0,3360,3600,0,-6960,6960,-1.0,176,116,-60,-0.340909090909,60,1.0,120,68,1,120,116,68,120,1.0,0.889823226918,19,8,8,1.0,1.0,1.0,-0.0,1,0,0,120,0,120,-1.0,-1.0,0,13920,8160,0,-22080,22080,-1.0,304,184,-120,-0.394736842105,120,1.0,204,68,1,188,200,68,178,0.946808510638,0.876428989824,19,8,8,1.0,1.0,1.0,-0.0,1,0,0,178,0,178,-1.0,-1.0,0,35600,12104,0,-47704,47704,-1.0,446,268,-178,-0.399103139013,188,1.0,204,68,1,188,200,68,178,0.946808510638,0.876428989824,19,8,8,1.0,1.0,1.0,-0.0,1,0,0,178,0,178,-1.0,-1.0,0,35600,12104,0,-47704,47704,-1.0,446,268,-178,-0.399103139013,188,1.0
MOT17-09-FRCNN,1,14,204,u_to_v,1,14,1,205,136,60,60,1,14,1,1,204,145,340,204,196,204,60,1,136,136,136,1.0,2.509094468678,0.578218131931,0.0,0.858753158788,1.029843109811,-1.0,-1.0,72,1,"{""14"": 136}",136,30,30,1,30,26,30,30,1.0,0.90751065025,19,10,10,1.0,0.966666666667,1.0,-0.0,1,0,0,30,0,30,-1.0,-1.0,0,780,870,30,-1620,1680,-0.964285714286,85,55,-30,-0.348837209302,30,1.0,60,60,1,60,56,60,60,1.0,0.903174350169,19,10,10,1.0,0.983333333333,1.0,-0.0,1,0,0,60,0,60,-1.0,-1.0,0,3360,3540,60,-6840,6960,-0.98275862069,175,115,-60,-0.340909090909,60,1.0,120,60,1,120,116,60,120,1.0,0.909521944598,19,10,10,1.0,0.983333333333,1.0,-0.0,1,0,0,120,0,120,-1.0,-1.0,0,13920,7080,120,-20880,21120,-0.988636363636,295,175,-120,-0.405405405405,120,1.0,204,60,1,136,200,60,136,1.0,0.883265143162,19,10,10,1.0,0.983333333333,0.992647058824,0.043448304198,2,0,0,135,0,135,-0.992647058824,-0.992647058824,0,27200,7965,195,-34970,35360,-0.988970588235,394,259,-135,-0.340909090909,136,1.0,204,60,1,136,200,60,136,1.0,0.883265143162,19,10,10,1.0,0.983333333333,0.992647058824,0.043448304198,2,0,0,135,0,135,-0.992647058824,-0.992647058824,0,27200,7965,195,-34970,35360,-0.988970588235,394,259,-135,-0.340909090909,136,1.0
MOT17-09-FRCNN,1,16,204,u_to_v,1,16,1,205,133,36,36,1,16,1,1,204,169,337,204,169,204,36,1,133,133,133,1.0,5.391921968997,1.021177182674,0.0,1.450931703939,1.563691272378,-1.0,-1.0,73,1,"{""16"": 133}",133,30,30,1,30,26,30,30,1.0,0.888237494431,19,18,18,1.0,1.0,1.0,-0.0,1,0,0,30,0,30,-1.0,-1.0,0,780,900,0,-1680,1680,-1.0,86,56,-30,-0.348837209302,30,1.0,60,36,1,60,56,36,60,1.0,0.89129398838,19,18,18,1.0,1.0,0.95,0.198515243346,2,0,0,57,0,57,-0.95,-0.95,0,3360,2052,108,-5304,5520,-0.960869565217,149,92,-57,-0.375,60,1.0,120,36,1,120,116,36,120,1.0,0.883244264528,19,18,18,1.0,1.0,0.95,0.198515243346,2,0,0,114,0,114,-0.95,-0.95,0,13920,4104,216,-17808,18240,-0.976315789474,266,152,-114,-0.419117647059,120,1.0,204,36,1,133,200,36,133,1.0,0.883313378803,19,18,18,1.0,1.0,0.954887218045,0.183865543292,2,0,0,127,0,127,-0.954887218045,-0.954887218045,0,26600,4572,216,-30956,31388,-0.986236778387,363,236,-127,-0.344173441734,133,1.0,204,36,1,133,200,36,133,1.0,0.883313378803,19,18,18,1.0,1.0,0.954887218045,0.183865543292,2,0,0,127,0,127,-0.954887218045,-0.954887218045,0,26600,4572,216,-30956,31388,-0.986236778387,363,236,-127,-0.344173441734,133,1.0
MOT17-09-FRCNN,1,17,204,u_to_v,1,17,1,205,178,35,35,1,17,1,1,204,170,382,204,213,204,35,1,178,178,178,1.0,5.895684320811,1.142937759623,0.0,1.756828672345,1.938831577999,-1.0,-1.0,74,1,"{""17"": 178}",178,30,30,1,30,26,30,30,1.0,0.933194056582,19,21,21,1.0,1.0,1.0,-0.0,1,0,0,30,0,30,-1.0,-1.0,0,780,900,0,-1680,1680,-1.0,86,56,-30,-0.348837209302,30,1.0,60,35,1,60,56,35,60,1.0,0.919260683772,19,21,21,1.0,1.0,1.0,-0.0,1,0,0,60,0,60,-1.0,-1.0,0,3360,2100,0,-5460,5460,-1.0,151,91,-60,-0.397350993377,60,1.0,120,35,1,120,116,35,120,1.0,0.908523860951,19,21,21,1.0,1.0,1.0,-0.0,1,0,0,120,0,120,-1.0,-1.0,0,13920,4200,0,-18120,18120,-1.0,271,151,-120,-0.442804428044,120,1.0,204,35,1,178,200,35,178,1.0,0.907083643225,19,21,21,1.0,1.0,1.0,-0.0,1,0,0,178,0,178,-1.0,-1.0,0,35600,6230,0,-41830,41830,-1.0,413,235,-178,-0.430992736077,178,1.0,204,35,1,178,200,35,178,1.0,0.907083643225,19,21,21,1.0,1.0,1.0,-0.0,1,0,0,178,0,178,-1.0,-1.0,0,35600,6230,0,-41830,41830,-1.0,413,235,-178,-0.430992736077,178,1.0
MOT17-09-FRCNN,1,18,204,u_to_v,1,18,1,205,197,24,24,1,18,1,1,204,181,401,204,221,204,24,1,197,197,197,1.0,1.096938236626,0.242439088168,0.0,0.198929915309,0.418300659721,-1.0,-1.0,75,1,"{""18"": 197}",197,30,24,1,30,26,24,30,1.0,0.895507712753,19,29,29,1.0,1.0,1.0,-0.0,1,0,0,30,0,30,-1.0,-1.0,0,780,720,0,-1500,1500,-1.0,80,50,-30,-0.375,30,1.0,60,24,1,60,56,24,60,1.0,0.91532510195,19,29,29,1.0,1.0,1.0,-0.0,1,0,0,60,0,60,-1.0,-1.0,0,3360,1440,0,-4800,4800,-1.0,140,80,-60,-0.428571428571,60,1.0,120,24,1,120,116,24,119,0.991666666667,0.860265774363,19,29,29,1.0,1.0,0.890756302521,0.344931176953,2,0,0,106,0,106,-0.890756302521,-0.890756302521,0,13804,2544,312,-16036,16660,-0.962545018007,246,140,-106,-0.409266409266,120,1.0,204,24,1,197,200,24,193,0.979695431472,0.867521828495,19,29,29,1.0,1.0,0.549222797927,0.688293555232,2,0,0,106,0,106,-0.549222797927,-0.549222797927,0,38600,2544,2088,-39056,43232,-0.90340488527,330,224,-106,-0.254196642686,197,1.0,204,24,1,197,200,24,193,0.979695431472,0.867521828495,19,29,29,1.0,1.0,0.549222797927,0.688293555232,2,0,0,106,0,106,-0.549222797927,-0.549222797927,0,38600,2544,2088,-39056,43232,-0.90340488527,330,224,-106,-0.254196642686,197,1.0
MOT17-09-FRCNN,1,20,204,u_to_v,1,20,1,205,321,7,7,1,20,1,1,204,198,525,204,328,204,7,1,321,321,321,1.0,0.882905570762,0.314287390384,0.0,0.587921897033,0.53930201345,-1.0,-1.0,76,1,"{""20"": 321}",321,30,7,1,30,26,7,30,1.0,0.875075420662,19,11,11,1.0,1.0,1.0,-0.0,1,0,0,30,0,30,-1.0,-1.0,0,780,210,0,-990,990,-1.0,63,33,-30,-0.47619047619,30,1.0,60,7,1,60,56,7,60,1.0,0.893670636256,19,11,11,1.0,1.0,1.0,-0.0,1,0,0,60,0,60,-1.0,-1.0,0,3360,420,0,-3780,3780,-1.0,123,63,-60,-0.487804878049,60,1.0,120,7,1,120,116,7,120,1.0,0.882971787099,19,11,11,1.0,1.0,1.0,-0.0,1,0,0,120,0,120,-1.0,-1.0,0,13920,840,0,-14760,14760,-1.0,243,123,-120,-0.493827160494,120,1.0,204,7,1,300,200,7,300,1.0,0.891423116259,19,11,11,1.0,1.0,0.983333333333,0.084766075715,2,0,0,295,0,295,-0.983333333333,-0.983333333333,0,60000,2065,35,-62030,62100,-0.998872785829,502,295,-207,-0.408284023669,300,1.0,204,7,1,321,200,7,321,1.0,0.892258488315,19,11,11,1.0,1.0,0.984423676012,0.080283088689,2,0,0,316,0,316,-0.984423676012,-0.984423676012,0,64200,2212,35,-66377,66447,-0.998946528812,523,316,-207,-0.392045454545,321,1.0
MOT17-09-FRCNN,2,9,211,v_to_u,9,2,1,212,181,167,167,9,2,1,45,211,1,392,167,392,167,211,1,181,181,181,1.0,3.374203390489,0.339824027605,0.0,0.623047409636,0.496805040487,-1.0,-1.0,77,1,"{""2"": 181}",181,30,30,1,30,30,30,30,1.0,0.932390979051,7,22,22,1.0,1.0,1.0,-0.0,1,0,0,30,0,30,-1.0,-1.0,0,900,900,0,-1800,1800,-1.0,90,60,-30,-0.333333333333,30,1.0,60,60,1,60,60,60,60,1.0,0.924453767462,7,22,22,1.0,1.0,1.0,-0.0,1,0,0,60,0,60,-1.0,-1.0,0,3600,3600,0,-7200,7200,-1.0,180,120,-60,-0.333333333333,60,1.0,120,120,1,120,120,120,120,1.0,0.923249722601,7,22,22,1.0,1.0,1.0,-0.0,1,0,0,120,0,120,-1.0,-1.0,0,14400,14400,0,-28800,28800,-1.0,360,240,-120,-0.333333333333,120,1.0,167,211,1,181,166,211,181,1.0,0.91392476392,7,22,22,0.903614457831,1.0,0.994475138122,0.034230549718,2,0,0,180,0,180,-0.994475138122,-0.994475138122,0,30046,37980,211,-67815,68237,-0.99381567185,541,361,-180,-0.322580645161,181,1.0,167,211,1,181,166,211,181,1.0,0.91392476392,7,22,22,0.903614457831,1.0,0.994475138122,0.034230549718,2,0,0,180,0,180,-0.994475138122,-0.994475138122,0,30046,37980,211,-67815,68237,-0.99381567185,541,361,-180,-0.322580645161,181,1.0
MOT17-09-FRCNN,4,9,211,v_to_u,9,4,1,212,314,167,167,9,4,1,45,211,1,525,167,525,167,211,1,314,314,314,1.0,0.028532833029,0.012760731579,0.899497935148,0.028226018877,0.022611254216,-1.0,-1.0,78,1,"{""4"": 314}",314,30,30,1,30,30,30,29,0.966666666667,0.864119675868,7,1,7,1.0,1.0,1.0,-0.0,1,0,29,0,29,0,1.0,1.0,870,0,0,870,1740,1740,1.0,60,89,29,0.325842696629,30,1.0,60,60,1,60,60,60,59,0.983333333333,0.867597720855,7,1,7,1.0,0.983333333333,1.0,-0.0,1,0,59,0,59,0,1.0,1.0,3540,0,0,3540,7080,7080,1.0,119,178,59,0.329608938547,60,1.0,120,120,1,120,120,120,119,0.991666666667,0.859830461628,7,1,7,1.0,0.991666666667,0.831932773109,0.452808277696,2,0,99,0,99,0,0.831932773109,0.831932773109,11880,2400,0,14280,23760,28560,0.831932773109,239,338,99,0.275766016713,120,1.0,167,211,1,300,166,211,299,0.996666666667,0.87524240975,7,1,29,0.903614457831,0.995260663507,0.408026755853,1.16854513895,4,0,99,8,99,8,0.304347826087,0.304347826087,14850,34784,1680,61409,39795,112723,0.3530335424,368,459,91,0.134615384615,300,1.0,167,211,1,314,166,211,313,0.996815286624,0.87523911931,7,1,29,0.903614457831,0.995260663507,0.389776357827,1.178051190358,4,0,99,8,99,8,0.290734824281,0.290734824281,14850,37108,1680,64363,40425,118001,0.342581842527,368,459,91,0.131884057971,314,1.0
MOT17-09-FRCNN,5,9,211,v_to_u,9,5,1,212,10,167,167,9,5,1,45,211,1,221,167,221,167,211,1,10,10,10,1.0,0.806881522264,0.683232469139,0.0,1.159038169518,1.272719770459,-1.0,-1.0,79,1,"{""5"": 10}",10,30,30,1,10,30,30,9,0.9,0.822067025838,7,20,20,1.0,1.0,1.0,-0.0,1,0,0,9,0,9,-1.0,-1.0,0,270,270,0,-540,540,-1.0,69,60,-9,-0.130434782609,10,1.0,60,60,1,10,60,60,9,0.9,0.822067025838,7,20,20,1.0,1.0,1.0,-0.0,1,0,0,9,0,9,-1.0,-1.0,0,540,540,0,-1080,1080,-1.0,129,120,-9,-0.06976744186,10,1.0,120,120,1,10,120,120,9,0.9,0.822067025838,7,20,20,1.0,1.0,1.0,-0.0,1,0,0,9,0,9,-1.0,-1.0,0,1080,1080,0,-2160,2160,-1.0,249,240,-9,-0.036144578313,10,1.0,167,211,1,10,166,211,9,0.9,0.822067025838,7,20,20,0.903614457831,1.0,1.0,-0.0,1,0,0,9,0,9,-1.0,-1.0,0,1494,1899,0,-3393,3393,-1.0,370,361,-9,-0.023316062176,10,1.0,167,211,1,10,166,211,9,0.9,0.822067025838,7,20,20,0.903614457831,1.0,1.0,-0.0,1,0,0,9,0,9,-1.0,-1.0,0,1494,1899,0,-3393,3393,-1.0,370,361,-9,-0.023316062176,10,1.0
MOT17-09-FRCNN,6,9,211,v_to_u,9,6,1,212,39,167,167,9,6,1,45,211,1,250,167,250,167,211,1,39,39,39,1.0,4.397466470716,0.500969511454,0.0,0.513545859802,0.567166057211,-1.0,-1.0,80,1,"{""6"": 39}",39,30,30,1,30,30,30,30,1.0,0.908373217207,7,23,23,1.0,1.0,1.0,-0.0,1,0,0,30,0,30,-1.0,-1.0,0,900,900,0,-1800,1800,-1.0,90,60,-30,-0.333333333333,30,1.0,60,60,1,39,60,60,39,1.0,0.89739528544,7,23,23,1.0,1.0,1.0,-0.0,1,0,0,39,0,39,-1.0,-1.0,0,2340,2340,0,-4680,4680,-1.0,159,120,-39,-0.245283018868,39,1.0,120,120,1,39,120,120,39,1.0,0.89739528544,7,23,23,1.0,1.0,1.0,-0.0,1,0,0,39,0,39,-1.0,-1.0,0,4680,4680,0,-9360,9360,-1.0,279,240,-39,-0.139784946237,39,1.0,167,211,1,39,166,211,39,1.0,0.89739528544,7,23,23,0.903614457831,1.0,1.0,-0.0,1,0,0,39,0,39,-1.0,-1.0,0,6474,8229,0,-14703,14703,-1.0,400,361,-39,-0.09375,39,1.0,167,211,1,39,166,211,39,1.0,0.89739528544,7,23,23,0.903614457831,1.0,1.0,-0.0,1,0,0,39,0,39,-1.0,-1.0,0,6474,8229,0,-14703,14703,-1.0,400,361,-39,-0.09375,39,1.0
MOT17-09-FRCNN,9,12,211,u_to_v,9,12,1,212,181,75,75,9,12,1,45,211,137,392,167,256,167,75,1,181,181,181,1.0,1.36120712098,0.041882784496,0.0,0.049913980034,0.060393509472,-1.0,-1.0,81,1,"{""12"": 181}",181,30,30,1,30,30,30,30,1.0,0.913580907132,7,8,8,1.0,1.0,1.0,-0.0,1,0,0,30,0,30,-1.0,-1.0,0,900,900,0,-1800,1800,-1.0,90,60,-30,-0.333333333333,30,1.0,60,60,1,60,60,60,60,1.0,0.893925452735,7,8,8,1.0,1.0,1.0,-0.0,1,0,0,60,0,60,-1.0,-1.0,0,3600,3600,0,-7200,7200,-1.0,180,120,-60,-0.333333333333,60,1.0,120,75,1,120,120,75,120,1.0,0.889703150426,7,8,8,1.0,1.0,1.0,-0.0,1,0,0,120,0,120,-1.0,-1.0,0,14400,9000,0,-23400,23400,-1.0,315,195,-120,-0.380952380952,120,1.0,167,75,1,181,166,75,171,0.944751381215,0.875009372565,7,8,8,0.903614457831,1.0,1.0,-0.0,1,0,0,171,0,171,-1.0,-1.0,0,28386,12825,0,-41211,41211,-1.0,396,225,-171,-0.415048543689,181,1.0,167,75,1,181,166,75,171,0.944751381215,0.875009372565,7,8,8,0.903614457831,1.0,1.0,-0.0,1,0,0,171,0,171,-1.0,-1.0,0,28386,12825,0,-41211,41211,-1.0,396,225,-171,-0.415048543689,181,1.0
MOT17-09-FRCNN,9,14,211,u_to_v,9,14,1,212,129,67,67,9,14,1,45,211,145,340,167,196,167,67,1,129,129,129,1.0,0.932384596557,0.074661855807,0.0,0.349936203554,0.160343654796,-1.0,-1.0,82,1,"{""14"": 129}",129,30,30,1,30,30,30,30,1.0,0.920821191046,7,10,10,1.0,1.0,1.0,-0.0,1,0,0,30,0,30,-1.0,-1.0,0,900,900,0,-1800,1800,-1.0,90,60,-30,-0.333333333333,30,1.0,60,60,1,60,60,60,60,1.0,0.913352209602,7,10,10,1.0,0.983333333333,1.0,-0.0,1,0,0,60,0,60,-1.0,-1.0,0,3600,3540,60,-7080,7200,-0.983333333333,179,119,-60,-0.333333333333,60,1.0,120,67,1,120,120,67,120,1.0,0.905069217,7,10,10,1.0,0.985074626866,1.0,-0.0,1,0,0,120,0,120,-1.0,-1.0,0,14400,7920,120,-22200,22440,-0.989304812834,306,186,-120,-0.390879478827,120,1.0,167,67,1,129,166,67,129,1.0,0.884874311944,7,10,10,0.903614457831,0.985074626866,0.992248062016,0.045394778147,2,0,0,128,0,128,-0.992248062016,-0.992248062016,0,21414,8448,195,-29667,30057,-0.987024653159,344,216,-128,-0.353591160221,129,1.0,167,67,1,129,166,67,129,1.0,0.884874311944,7,10,10,0.903614457831,0.985074626866,0.992248062016,0.045394778147,2,0,0,128,0,128,-0.992248062016,-0.992248062016,0,21414,8448,195,-29667,30057,-0.987024653159,344,216,-128,-0.353591160221,129,1.0
MOT17-09-FRCNN,9,16,211,u_to_v,9,16,1,212,126,43,43,9,16,1,45,211,169,337,167,169,167,43,1,126,126,126,1.0,3.938531780967,0.480526901295,0.0,0.533296105023,0.633754868255,-1.0,-1.0,83,1,"{""16"": 126}",126,30,30,1,30,30,30,30,1.0,0.88985640476,7,18,18,1.0,1.0,1.0,-0.0,1,0,0,30,0,30,-1.0,-1.0,0,900,900,0,-1800,1800,-1.0,90,60,-30,-0.333333333333,30,1.0,60,43,1,60,60,43,60,1.0,0.892442614063,7,18,18,1.0,1.0,0.9,0.325082973391,2,0,0,54,0,54,-0.9,-0.9,0,3600,2322,258,-5664,6180,-0.916504854369,157,103,-54,-0.331288343558,60,1.0,120,43,1,120,120,43,120,1.0,0.884014735492,7,18,18,1.0,1.0,0.95,0.198515243346,2,0,0,114,0,114,-0.95,-0.95,0,14400,4902,258,-19044,19560,-0.973619631902,277,163,-114,-0.402826855124,120,1.0,167,43,1,126,166,43,126,1.0,0.883063691004,7,18,18,0.903614457831,1.0,0.952380952381,0.191444081958,2,0,0,120,0,120,-0.952380952381,-0.952380952381,0,20916,5160,258,-25818,26334,-0.980405559353,313,193,-120,-0.358208955224,126,1.0,167,43,1,126,166,43,126,1.0,0.883063691004,7,18,18,0.903614457831,1.0,0.952380952381,0.191444081958,2,0,0,120,0,120,-0.952380952381,-0.952380952381,0,20916,5160,258,-25818,26334,-0.980405559353,313,193,-120,-0.358208955224,126,1.0
MOT17-09-FRCNN,9,17,211,u_to_v,9,17,1,212,171,42,42,9,17,1,45,211,170,382,167,213,167,42,1,171,171,171,1.0,4.086672824871,0.409194938789,0.0,1.104848389056,0.971368821672,-1.0,-1.0,84,1,"{""17"": 171}",171,30,30,1,30,30,30,30,1.0,0.921265340523,7,21,21,1.0,1.0,1.0,-0.0,1,0,0,30,0,30,-1.0,-1.0,0,900,900,0,-1800,1800,-1.0,90,60,-30,-0.333333333333,30,1.0,60,42,1,60,60,42,60,1.0,0.911124695494,7,21,21,1.0,1.0,1.0,-0.0,1,0,0,60,0,60,-1.0,-1.0,0,3600,2520,0,-6120,6120,-1.0,162,102,-60,-0.37037037037,60,1.0,120,42,1,120,120,42,120,1.0,0.90679738637,7,21,21,1.0,1.0,1.0,-0.0,1,0,0,120,0,120,-1.0,-1.0,0,14400,5040,0,-19440,19440,-1.0,282,162,-120,-0.425531914894,120,1.0,167,42,1,171,166,42,171,1.0,0.905165302198,7,21,21,0.903614457831,1.0,1.0,-0.0,1,0,0,171,0,171,-1.0,-1.0,0,28386,7182,0,-35568,35568,-1.0,363,192,-171,-0.451187335092,171,1.0,167,42,1,171,166,42,171,1.0,0.905165302198,7,21,21,0.903614457831,1.0,1.0,-0.0,1,0,0,171,0,171,-1.0,-1.0,0,28386,7182,0,-35568,35568,-1.0,363,192,-171,-0.451187335092,171,1.0
MOT17-09-FRCNN,9,18,211,u_to_v,9,18,1,212,190,31,31,9,18,1,45,211,181,401,167,221,167,31,1,190,190,190,1.0,0.363612289237,0.188258848254,0.216799440592,0.359351329965,0.394279863687,-1.0,-1.0,85,1,"{""18"": 190}",190,30,30,1,30,30,30,30,1.0,0.937050567757,7,29,29,1.0,1.0,1.0,-0.0,1,0,0,30,0,30,-1.0,-1.0,0,900,900,0,-1800,1800,-1.0,90,60,-30,-0.333333333333,30,1.0,60,31,1,60,60,31,60,1.0,0.936035004066,7,29,29,1.0,1.0,1.0,-0.0,1,0,0,60,0,60,-1.0,-1.0,0,3600,1860,0,-5460,5460,-1.0,151,91,-60,-0.397350993377,60,1.0,120,31,1,120,120,31,119,0.991666666667,0.866384503266,7,29,29,1.0,1.0,0.831932773109,0.452808277696,2,0,20,99,20,99,-0.663865546218,-0.663865546218,2400,11880,3069,620,-11929,17969,-0.663865546218,250,171,-79,-0.292592592593,120,1.0,167,31,1,190,166,31,186,0.978947368421,0.871509867812,7,29,29,0.903614457831,1.0,0.532258064516,0.691064568948,2,0,87,99,87,99,-0.064516129032,-0.064516129032,13050,17826,3069,2697,-5148,36642,-0.140494514492,280,268,-12,-0.031331592689,190,1.0,167,31,1,190,166,31,186,0.978947368421,0.871509867812,7,29,29,0.903614457831,1.0,0.532258064516,0.691064568948,2,0,87,99,87,99,-0.064516129032,-0.064516129032,13050,17826,3069,2697,-5148,36642,-0.140494514492,280,268,-12,-0.031331592689,190,1.0
MOT17-09-FRCNN,9,20,211,u_to_v,9,20,1,212,314,14,14,9,20,1,45,211,198,525,167,328,167,14,1,314,314,314,1.0,0.783435869665,0.193022444922,0.0,0.424233987512,0.375900143564,-1.0,-1.0,86,1,"{""20"": 314}",314,30,14,1,30,30,14,30,1.0,0.92187534869,7,11,11,1.0,1.0,1.0,-0.0,1,0,0,30,0,30,-1.0,-1.0,0,900,420,0,-1320,1320,-1.0,74,44,-30,-0.405405405405,30,1.0,60,14,1,60,60,14,60,1.0,0.888688781453,7,11,11,1.0,1.0,1.0,-0.0,1,0,0,60,0,60,-1.0,-1.0,0,3600,840,0,-4440,4440,-1.0,134,74,-60,-0.44776119403,60,1.0,120,14,1,120,120,14,120,1.0,0.887120988175,7,11,11,1.0,1.0,1.0,-0.0,1,0,0,120,0,120,-1.0,-1.0,0,14400,1680,0,-16080,16080,-1.0,254,134,-120,-0.472440944882,120,1.0,167,14,1,300,166,14,300,1.0,0.894688149947,7,11,11,0.903614457831,1.0,0.983333333333,0.084766075715,2,0,0,295,0,295,-0.983333333333,-0.983333333333,0,49800,4130,70,-53860,54000,-0.997407407407,459,295,-164,-0.341666666667,300,1.0,167,14,1,314,166,14,314,1.0,0.895354039905,7,11,11,0.903614457831,1.0,0.984076433121,0.081718960037,2,0,0,309,0,309,-0.984076433121,-0.984076433121,0,52124,4326,70,-56380,56520,-0.997523000708,473,309,-164,-0.331983805668,314,1.0
MOT17-09-FRCNN,9,21,211,u_to_v,9,21,1,212,5,4,4,9,21,1,45,211,208,216,167,9,167,4,1,5,5,5,1.0,1.879243611219,0.359839436504,0.0,0.482843991097,0.539670273481,-1.0,-1.0,87,1,"{""21"": 5}",5,30,4,1,5,30,4,5,1.0,0.810931839323,7,12,13,1.0,1.0,0.8,0.500402423538,2,0,0,1,0,1,-0.2,-0.2,0,150,4,16,-138,170,-0.811764705882,35,34,-1,-0.025641025641,5,1.0,60,4,1,5,60,4,5,1.0,0.810931839323,7,12,13,1.0,1.0,0.8,0.500402423538,2,0,0,1,0,1,-0.2,-0.2,0,300,4,16,-288,320,-0.9,65,64,-1,-0.014492753623,5,1.0,120,4,1,5,120,4,5,1.0,0.810931839323,7,12,13,1.0,1.0,0.8,0.500402423538,2,0,0,1,0,1,-0.2,-0.2,0,600,4,16,-588,620,-0.948387096774,125,124,-1,-0.007751937984,5,1.0,167,4,1,5,166,4,5,1.0,0.810931839323,7,12,13,0.903614457831,1.0,0.8,0.500402423538,2,0,0,1,0,1,-0.2,-0.2,0,830,4,16,-818,850,-0.962352941176,155,154,-1,-0.005714285714,5,1.0,167,4,1,5,166,4,5,1.0,0.810931839323,7,12,13,0.903614457831,1.0,0.8,0.500402423538,2,0,0,1,0,1,-0.2,-0.2,0,830,4,16,-818,850,-0.962352941176,155,154,-1,-0.005714285714,5,1.0
MOT17-09-FRCNN,2,21,216,v_to_u,21,2,1,217,176,9,9,21,2,1,208,216,1,392,9,392,9,216,1,176,176,176,1.0,5.56776799656,0.56243089169,0.0,0.959896310709,0.875022066639,-1.0,-1.0,88,1,"{""2"": 176}",176,9,30,1,30,9,30,30,1.0,0.927364841413,12,22,22,0.555555555556,1.0,1.0,-0.0,1,0,0,30,0,30,-1.0,-1.0,0,270,900,0,-1170,1170,-1.0,65,35,-30,-0.434782608696,30,1.0,9,60,1,60,9,60,60,1.0,0.924887399278,12,22,22,0.555555555556,1.0,1.0,-0.0,1,0,0,60,0,60,-1.0,-1.0,0,540,3600,0,-4140,4140,-1.0,125,65,-60,-0.46511627907,60,1.0,9,120,1,120,9,120,120,1.0,0.918374924138,12,22,22,0.555555555556,1.0,0.991666666667,0.04819427878,2,0,0,119,0,119,-0.991666666667,-0.991666666667,0,1080,14280,120,-15240,15480,-0.984496124031,244,125,-119,-0.477911646586,120,1.0,9,216,1,176,9,216,176,1.0,0.91335018,12,22,22,0.555555555556,1.0,0.994318181818,0.035043395966,2,0,0,175,0,175,-0.994318181818,-0.994318181818,0,1584,37800,216,-39168,39600,-0.989090909091,396,221,-175,-0.436408977556,176,1.0,9,216,1,176,9,216,176,1.0,0.91335018,12,22,22,0.555555555556,1.0,0.994318181818,0.035043395966,2,0,0,175,0,175,-0.994318181818,-0.994318181818,0,1584,37800,216,-39168,39600,-0.989090909091,396,221,-175,-0.436408977556,176,1.0
MOT17-09-FRCNN,4,21,216,v_to_u,21,4,1,217,309,9,9,21,4,1,208,216,1,525,9,525,9,216,1,309,309,309,1.0,2.078259541384,0.232774420496,0.0,0.333811899572,0.376528632023,-1.0,-1.0,89,1,"{""4"": 309}",309,9,30,1,30,9,30,29,0.966666666667,0.847308894937,12,1,7,0.555555555556,0.833333333333,1.0,-0.0,1,0,0,0,0,0,0.0,0.0,0,261,145,725,319,1131,0.282051282051,39,54,15,0.220588235294,30,1.0,9,60,1,60,9,60,59,0.983333333333,0.867646479265,12,1,7,0.555555555556,0.9,1.0,-0.0,1,0,0,0,0,0,0.0,0.0,0,531,295,3245,2419,4071,0.594202898551,69,113,44,0.34375,60,1.0,9,120,1,120,9,120,119,0.991666666667,0.858481922885,12,1,7,0.555555555556,0.95,0.789915966387,0.619194547173,3,0,0,5,0,5,-0.042016806723,-0.042016806723,0,1071,1040,13240,11129,15351,0.72496905739,124,208,84,0.338709677419,120,1.0,9,216,1,300,9,216,299,0.996666666667,0.874789957418,12,1,29,0.555555555556,0.972222222222,0.408026755853,1.17332846356,4,0,0,8,0,8,-0.026755852843,-0.026755852843,0,2691,2150,62434,57593,67275,0.856083240431,223,332,109,0.208015267176,300,1.0,9,216,1,309,9,216,308,0.996763754045,0.874885544932,12,1,29,0.555555555556,0.972222222222,0.396103896104,1.178202314054,4,0,0,8,0,8,-0.025974025974,-0.025974025974,0,2772,2150,64378,59456,69300,0.857950937951,223,332,109,0.204502814259,309,1.0
MOT17-09-FRCNN,5,21,216,v_to_u,21,5,1,217,5,9,9,21,5,1,208,216,1,221,9,221,9,216,1,5,5,5,1.0,0.045380039309,0.473768031242,0.147201269607,0.965834713779,0.950119733901,-1.0,-1.0,90,1,"{""5"": 5}",5,9,30,1,5,9,30,4,0.8,0.728610350551,12,20,20,0.555555555556,1.0,1.0,-0.0,1,0,0,4,0,4,-1.0,-1.0,0,36,120,0,-156,156,-1.0,39,35,-4,-0.093023255814,5,1.0,9,60,1,5,9,60,4,0.8,0.728610350551,12,20,20,0.555555555556,1.0,1.0,-0.0,1,0,0,4,0,4,-1.0,-1.0,0,36,240,0,-276,276,-1.0,69,65,-4,-0.054794520548,5,1.0,9,120,1,5,9,120,4,0.8,0.728610350551,12,20,20,0.555555555556,1.0,1.0,-0.0,1,0,0,4,0,4,-1.0,-1.0,0,36,480,0,-516,516,-1.0,129,125,-4,-0.03007518797,5,1.0,9,216,1,5,9,216,4,0.8,0.728610350551,12,20,20,0.555555555556,1.0,1.0,-0.0,1,0,0,4,0,4,-1.0,-1.0,0,36,864,0,-900,900,-1.0,225,221,-4,-0.017467248908,5,1.0,9,216,1,5,9,216,4,0.8,0.728610350551,12,20,20,0.555555555556,1.0,1.0,-0.0,1,0,0,4,0,4,-1.0,-1.0,0,36,864,0,-900,900,-1.0,225,221,-4,-0.017467248908,5,1.0
MOT17-09-FRCNN,6,21,216,v_to_u,21,6,1,217,34,9,9,21,6,1,208,216,1,250,9,250,9,216,1,34,34,34,1.0,6.344493966783,0.715971669362,0.0,0.800070590085,0.955371041303,-1.0,-1.0,91,1,"{""6"": 34}",34,9,30,1,30,9,30,30,1.0,0.890050822845,12,23,23,0.555555555556,1.0,1.0,-0.0,1,0,0,30,0,30,-1.0,-1.0,0,270,900,0,-1170,1170,-1.0,65,35,-30,-0.434782608696,30,1.0,9,60,1,34,9,60,34,1.0,0.887725889763,12,23,23,0.555555555556,1.0,1.0,-0.0,1,0,0,34,0,34,-1.0,-1.0,0,306,2040,0,-2346,2346,-1.0,99,65,-34,-0.330097087379,34,1.0,9,120,1,34,9,120,34,1.0,0.887725889763,12,23,23,0.555555555556,1.0,1.0,-0.0,1,0,0,34,0,34,-1.0,-1.0,0,306,4080,0,-4386,4386,-1.0,159,125,-34,-0.208588957055,34,1.0,9,216,1,34,9,216,34,1.0,0.887725889763,12,23,23,0.555555555556,1.0,1.0,-0.0,1,0,0,34,0,34,-1.0,-1.0,0,306,7344,0,-7650,7650,-1.0,255,221,-34,-0.131274131274,34,1.0,9,216,1,34,9,216,34,1.0,0.887725889763,12,23,23,0.555555555556,1.0,1.0,-0.0,1,0,0,34,0,34,-1.0,-1.0,0,306,7344,0,-7650,7650,-1.0,255,221,-34,-0.131274131274,34,1.0
MOT17-09-FRCNN,12,21,216,v_to_u,21,12,1,217,176,9,9,21,12,1,208,216,137,392,9,256,9,80,1,176,176,176,1.0,3.237725007582,0.257435379847,0.0,0.278189448136,0.341863947748,-1.0,-1.0,92,1,"{""12"": 176}",176,9,30,1,30,9,30,30,1.0,0.912176512311,12,8,8,0.555555555556,1.0,1.0,-0.0,1,0,0,30,0,30,-1.0,-1.0,0,270,900,0,-1170,1170,-1.0,65,35,-30,-0.434782608696,30,1.0,9,60,1,60,9,60,60,1.0,0.889133845718,12,8,8,0.555555555556,1.0,1.0,-0.0,1,0,0,60,0,60,-1.0,-1.0,0,540,3600,0,-4140,4140,-1.0,125,65,-60,-0.46511627907,60,1.0,9,80,1,120,9,80,120,1.0,0.8887857604,12,8,8,0.555555555556,1.0,1.0,-0.0,1,0,0,120,0,120,-1.0,-1.0,0,1080,9600,0,-10680,10680,-1.0,205,120,-85,-0.406698564593,120,1.0,9,80,1,176,9,80,166,0.943181818182,0.873054159851,12,8,8,0.555555555556,1.0,1.0,-0.0,1,0,0,166,0,166,-1.0,-1.0,0,1494,13280,0,-14774,14774,-1.0,251,166,-85,-0.333333333333,176,1.0,9,80,1,176,9,80,166,0.943181818182,0.873054159851,12,8,8,0.555555555556,1.0,1.0,-0.0,1,0,0,166,0,166,-1.0,-1.0,0,1494,13280,0,-14774,14774,-1.0,251,166,-85,-0.333333333333,176,1.0
MOT17-09-FRCNN,14,21,216,v_to_u,21,14,1,217,124,9,9,21,14,1,208,216,145,340,9,196,9,72,1,124,124,124,1.0,3.266523542015,0.312534455515,0.0,0.731951362207,0.549712378563,-1.0,-1.0,93,1,"{""14"": 124}",124,9,30,1,30,9,30,30,1.0,0.932174912175,12,10,10,0.555555555556,1.0,1.0,-0.0,1,0,0,30,0,30,-1.0,-1.0,0,270,900,0,-1170,1170,-1.0,65,35,-30,-0.434782608696,30,1.0,9,60,1,60,9,60,60,1.0,0.921621737463,12,10,10,0.555555555556,0.983333333333,1.0,-0.0,1,0,0,60,0,60,-1.0,-1.0,0,540,3540,60,-4020,4140,-0.971014492754,124,64,-60,-0.46511627907,60,1.0,9,72,1,120,9,72,120,1.0,0.898967635639,12,10,10,0.555555555556,0.986111111111,0.991666666667,0.04819427878,2,0,0,119,0,119,-0.991666666667,-0.991666666667,0,1080,8449,191,-9338,9720,-0.960699588477,195,120,-75,-0.373134328358,120,1.0,9,72,1,124,9,72,124,1.0,0.886808487049,12,10,10,0.555555555556,0.986111111111,0.991935483871,0.046905148582,2,0,0,123,0,123,-0.991935483871,-0.991935483871,0,1116,8733,195,-9654,10044,-0.961170848268,199,124,-75,-0.365853658537,124,1.0,9,72,1,124,9,72,124,1.0,0.886808487049,12,10,10,0.555555555556,0.986111111111,0.991935483871,0.046905148582,2,0,0,123,0,123,-0.991935483871,-0.991935483871,0,1116,8733,195,-9654,10044,-0.961170848268,199,124,-75,-0.365853658537,124,1.0
MOT17-09-FRCNN,16,21,216,v_to_u,21,16,1,217,121,9,9,21,16,1,208,216,169,337,9,169,9,48,1,121,121,121,1.0,6.429903303216,0.704043429712,0.0,1.069422326339,0.998688403731,-1.0,-1.0,94,1,"{""16"": 121}",121,9,30,1,30,9,30,30,1.0,0.888467728089,12,18,18,0.555555555556,1.0,1.0,-0.0,1,0,0,30,0,30,-1.0,-1.0,0,270,900,0,-1170,1170,-1.0,65,35,-30,-0.434782608696,30,1.0,9,48,1,60,9,48,60,1.0,0.894967926669,12,18,18,0.555555555556,1.0,0.9,0.325082973391,2,0,0,54,0,54,-0.9,-0.9,0,540,2592,288,-2844,3420,-0.831578947368,107,54,-53,-0.452991452991,60,1.0,9,48,1,120,9,48,120,1.0,0.88366069518,12,18,18,0.555555555556,1.0,0.95,0.198515243346,2,0,0,114,0,114,-0.95,-0.95,0,1080,5472,288,-6264,6840,-0.915789473684,167,114,-53,-0.299435028249,120,1.0,9,48,1,121,9,48,121,1.0,0.883037833338,12,18,18,0.555555555556,1.0,0.95041322314,0.19729673091,2,0,0,115,0,115,-0.95041322314,-0.95041322314,0,1089,5520,288,-6321,6897,-0.916485428447,168,115,-53,-0.297752808989,121,1.0,9,48,1,121,9,48,121,1.0,0.883037833338,12,18,18,0.555555555556,1.0,0.95041322314,0.19729673091,2,0,0,115,0,115,-0.95041322314,-0.95041322314,0,1089,5520,288,-6321,6897,-0.916485428447,168,115,-53,-0.297752808989,121,1.0
MOT17-09-FRCNN,17,21,216,v_to_u,21,17,1,217,166,9,9,21,17,1,208,216,170,382,9,213,9,47,1,166,166,166,1.0,6.633349918798,0.674447745191,0.0,1.333468961878,1.311666811362,-1.0,-1.0,95,1,"{""17"": 166}",166,9,30,1,30,9,30,30,1.0,0.914122434341,12,21,21,0.555555555556,1.0,1.0,-0.0,1,0,0,30,0,30,-1.0,-1.0,0,270,900,0,-1170,1170,-1.0,65,35,-30,-0.434782608696,30,1.0,9,47,1,60,9,47,60,1.0,0.910744668043,12,21,21,0.555555555556,1.0,1.0,-0.0,1,0,0,60,0,60,-1.0,-1.0,0,540,2820,0,-3360,3360,-1.0,112,60,-52,-0.448275862069,60,1.0,9,47,1,120,9,47,120,1.0,0.908291824775,12,21,21,0.555555555556,1.0,1.0,-0.0,1,0,0,120,0,120,-1.0,-1.0,0,1080,5640,0,-6720,6720,-1.0,172,120,-52,-0.295454545455,120,1.0,9,47,1,166,9,47,166,1.0,0.905174081532,12,21,21,0.555555555556,1.0,1.0,-0.0,1,0,0,166,0,166,-1.0,-1.0,0,1494,7802,0,-9296,9296,-1.0,218,166,-52,-0.234234234234,166,1.0,9,47,1,166,9,47,166,1.0,0.905174081532,12,21,21,0.555555555556,1.0,1.0,-0.0,1,0,0,166,0,166,-1.0,-1.0,0,1494,7802,0,-9296,9296,-1.0,218,166,-52,-0.234234234234,166,1.0
MOT17-09-FRCNN,18,21,216,v_to_u,21,18,1,217,185,9,9,21,18,1,208,216,181,401,9,221,9,36,1,185,185,185,1.0,1.41810128844,0.033045618618,0.0,0.20050172481,0.017273990848,-1.0,-1.0,96,1,"{""18"": 185}",185,9,30,1,30,9,30,30,1.0,0.92826471518,12,29,29,0.555555555556,1.0,1.0,-0.0,1,0,0,30,0,30,-1.0,-1.0,0,270,900,0,-1170,1170,-1.0,65,35,-30,-0.434782608696,30,1.0,9,36,1,60,9,36,60,1.0,0.93523930037,12,29,29,0.555555555556,1.0,1.0,-0.0,1,0,0,60,0,60,-1.0,-1.0,0,540,2160,0,-2700,2700,-1.0,101,60,-41,-0.390476190476,60,1.0,9,36,1,120,9,36,119,0.991666666667,0.864468317234,12,29,29,0.555555555556,1.0,0.789915966387,0.514067987607,2,0,0,94,0,94,-0.789915966387,-0.789915966387,0,1071,3384,900,-3555,5355,-0.663865546218,135,94,-41,-0.25,120,1.0,9,36,1,185,9,36,181,0.978378378378,0.869250953847,12,29,29,0.555555555556,1.0,0.519337016575,0.692399153607,2,0,0,94,0,94,-0.519337016575,-0.519337016575,0,1629,3384,3132,-1881,8145,-0.230939226519,135,123,-12,-0.053097345133,185,1.0,9,36,1,185,9,36,181,0.978378378378,0.869250953847,12,29,29,0.555555555556,1.0,0.519337016575,0.692399153607,2,0,0,94,0,94,-0.519337016575,-0.519337016575,0,1629,3384,3132,-1881,8145,-0.230939226519,135,123,-12,-0.053097345133,185,1.0
MOT17-09-FRCNN,20,21,216,v_to_u,21,20,1,217,309,9,9,21,20,1,208,216,198,525,9,328,9,19,1,309,309,309,1.0,1.173257502786,0.064765632649,0.0,0.205185200617,0.038300789209,-1.0,-1.0,97,1,"{""20"": 309}",309,9,19,1,30,9,19,30,1.0,0.926591447987,12,11,11,0.555555555556,1.0,1.0,-0.0,1,0,0,30,0,30,-1.0,-1.0,0,270,570,0,-840,840,-1.0,54,30,-24,-0.413793103448,30,1.0,9,19,1,60,9,19,60,1.0,0.884010048364,12,11,11,0.555555555556,1.0,1.0,-0.0,1,0,0,60,0,60,-1.0,-1.0,0,540,1140,0,-1680,1680,-1.0,84,60,-24,-0.272727272727,60,1.0,9,19,1,120,9,19,120,1.0,0.885941897642,12,11,11,0.555555555556,1.0,1.0,-0.0,1,0,0,120,0,120,-1.0,-1.0,0,1080,2280,0,-3360,3360,-1.0,144,120,-24,-0.162162162162,120,1.0,9,19,1,300,9,19,300,1.0,0.894557609098,12,11,11,0.555555555556,1.0,0.983333333333,0.084766075715,2,0,0,295,0,295,-0.983333333333,-0.983333333333,20,2680,5605,95,-8170,8400,-0.972619047619,319,295,-24,-0.073170731707,300,1.0,9,19,1,309,9,19,309,1.0,0.8948356143,12,11,11,0.555555555556,1.0,0.983818770227,0.082779429682,2,0,0,304,0,304,-0.983818770227,-0.983818770227,20,2761,5776,95,-8422,8652,-0.973416551086,328,304,-24,-0.071216617211,309,1.0
MOT17-09-FRCNN,21,22,216,u_to_v,21,22,1,217,133,1,1,21,22,1,208,216,216,349,9,134,9,1,1,133,133,133,1.0,0.260859528797,0.130750023001,0.360222570999,0.095567101288,0.199519744422,-1.0,-1.0,98,1,"{""22"": 133}",133,9,1,1,30,9,1,30,1.0,0.875818798296,12,12,13,0.555555555556,1.0,0.933333333333,0.244930026795,2,1,2,2,0,0,0.0,0.0,122,148,2,28,0,300,0.0,33,33,0,0.0,30,1.0,9,1,1,60,9,1,60,1.0,0.894906160005,12,12,13,0.555555555556,1.0,0.966666666667,0.146144746009,2,1,2,2,0,0,0.0,0.0,242,298,2,58,0,600,0.0,63,63,0,0.0,60,1.0,9,1,1,120,9,1,120,1.0,0.884497194793,12,12,13,0.555555555556,1.0,0.983333333333,0.084766075715,2,1,2,2,0,0,0.0,0.0,482,598,2,118,0,1200,0.0,123,123,0,0.0,120,1.0,9,1,1,133,9,1,133,1.0,0.878575816919,12,12,13,0.555555555556,1.0,0.984962406015,0.07803977709,2,1,2,2,0,0,0.0,0.0,534,663,2,131,0,1330,0.0,136,136,0,0.0,133,1.0,9,1,1,133,9,1,133,1.0,0.878575816919,12,12,13,0.555555555556,1.0,0.984962406015,0.07803977709,2,1,2,2,0,0,0.0,0.0,534,663,2,131,0,1330,0.0,136,136,0,0.0,133,1.0
MOT17-09-FRCNN,2,5,221,v_to_u,5,2,1,222,171,221,221,5,2,1,1,221,1,392,221,392,221,221,1,171,171,171,1.0,3.684373014372,1.073544810894,0.0,2.019532581343,1.809630707372,-1.0,-1.0,99,1,"{""2"": 171}",171,30,30,1,30,29,30,30,1.0,0.919643836943,20,22,22,1.0,1.0,1.0,-0.0,1,0,0,30,0,30,-1.0,-1.0,0,870,900,0,-1770,1770,-1.0,89,59,-30,-0.337078651685,30,1.0,60,60,1,60,59,60,60,1.0,0.923429788184,20,22,22,1.0,1.0,1.0,-0.0,1,0,0,60,0,60,-1.0,-1.0,0,3540,3600,0,-7140,7140,-1.0,179,119,-60,-0.335195530726,60,1.0,120,120,1,120,119,120,120,1.0,0.914812852108,20,22,22,1.0,1.0,0.991666666667,0.04819427878,2,0,0,119,0,119,-0.991666666667,-0.991666666667,0,14280,14280,120,-28440,28680,-0.991631799163,358,239,-119,-0.33147632312,120,1.0,221,221,1,171,220,221,171,1.0,0.912290086005,20,22,22,1.0,1.0,0.994152046784,0.035899028441,2,0,0,170,0,170,-0.994152046784,-0.994152046784,0,37620,37570,221,-74969,75411,-0.994138786119,611,441,-170,-0.277777777778,171,1.0,221,221,1,171,220,221,171,1.0,0.912290086005,20,22,22,1.0,1.0,0.994152046784,0.035899028441,2,0,0,170,0,170,-0.994152046784,-0.994152046784,0,37620,37570,221,-74969,75411,-0.994138786119,611,441,-170,-0.277777777778,171,1.0
MOT17-09-FRCNN,4,5,221,v_to_u,5,4,1,222,304,221,221,5,4,1,1,221,1,525,221,525,221,221,1,304,304,304,1.0,1.667018022426,0.731948886102,0.0,1.566701091237,1.352349379334,-1.0,-1.0,100,1,"{""4"": 304}",304,30,30,1,30,29,30,29,0.966666666667,0.831872183244,20,1,7,1.0,0.666666666667,1.0,-0.0,1,0,0,0,0,0,0.0,0.0,0,841,290,580,-551,1711,-0.322033898305,68,49,-19,-0.215909090909,30,1.0,60,60,1,60,59,60,59,0.983333333333,0.85424483728,20,1,7,1.0,0.816666666667,1.0,-0.0,1,0,0,0,0,0,0.0,0.0,0,3481,590,2950,-1121,7021,-0.159663865546,128,108,-20,-0.112359550562,60,1.0,120,120,1,120,119,120,119,0.991666666667,0.853191749919,20,1,7,1.0,0.908333333333,0.747899159664,0.710828508124,3,0,0,8,0,8,-0.067226890756,-0.067226890756,0,14161,1762,12518,-3405,28441,-0.119721528779,236,228,-8,-0.022346368715,120,1.0,221,221,1,300,220,221,299,0.996666666667,0.873712281666,20,1,29,1.0,0.950226244344,0.408026755853,1.176106223989,4,0,0,8,0,8,-0.026755852843,-0.026755852843,0,65780,2570,63509,-4841,131859,-0.036713459074,438,430,-8,-0.010810810811,300,1.0,221,221,1,304,220,221,303,0.996710526316,0.874259396458,20,1,29,1.0,0.950226244344,0.402640264026,1.177748159305,4,0,0,8,0,8,-0.026402640264,-0.026402640264,0,66660,2570,64393,-4837,133623,-0.036198857981,438,430,-8,-0.010752688172,304,1.0
MOT17-09-FRCNN,5,6,221,u_to_v,5,6,1,222,29,221,221,5,6,1,1,221,1,250,221,250,221,221,1,29,29,29,1.0,4.254320053741,1.226588761468,0.0,1.938943048898,1.924850209856,-1.0,-1.0,101,1,"{""6"": 29}",29,30,30,1,29,29,30,29,1.0,0.877757891464,20,23,23,1.0,1.0,1.0,-0.0,1,0,0,29,0,29,-1.0,-1.0,0,841,870,0,-1711,1711,-1.0,88,59,-29,-0.329545454545,29,1.0,60,60,1,29,59,60,29,1.0,0.877757891464,20,23,23,1.0,1.0,1.0,-0.0,1,0,0,29,0,29,-1.0,-1.0,0,1711,1740,0,-3451,3451,-1.0,148,119,-29,-0.195945945946,29,1.0,120,120,1,29,119,120,29,1.0,0.877757891464,20,23,23,1.0,1.0,1.0,-0.0,1,0,0,29,0,29,-1.0,-1.0,0,3451,3480,0,-6931,6931,-1.0,268,239,-29,-0.108208955224,29,1.0,221,221,1,29,220,221,29,1.0,0.877757891464,20,23,23,1.0,1.0,1.0,-0.0,1,0,0,29,0,29,-1.0,-1.0,0,6380,6409,0,-12789,12789,-1.0,470,441,-29,-0.06170212766,29,1.0,221,221,1,29,220,221,29,1.0,0.877757891464,20,23,23,1.0,1.0,1.0,-0.0,1,0,0,29,0,29,-1.0,-1.0,0,6380,6409,0,-12789,12789,-1.0,470,441,-29,-0.06170212766,29,1.0
MOT17-09-FRCNN,5,12,221,u_to_v,5,12,1,222,171,85,85,5,12,1,1,221,137,392,221,256,221,85,1,171,171,171,1.0,2.314705146796,0.757293934188,0.0,1.426142106731,1.337887657792,-1.0,-1.0,102,1,"{""12"": 171}",171,30,30,1,30,29,30,30,1.0,0.908316166381,20,8,8,1.0,1.0,1.0,-0.0,1,0,0,30,0,30,-1.0,-1.0,0,870,900,0,-1770,1770,-1.0,89,59,-30,-0.337078651685,30,1.0,60,60,1,60,59,60,60,1.0,0.886408336271,20,8,8,1.0,1.0,1.0,-0.0,1,0,0,60,0,60,-1.0,-1.0,0,3540,3600,0,-7140,7140,-1.0,179,119,-60,-0.335195530726,60,1.0,120,85,1,120,119,85,120,1.0,0.886601284177,20,8,8,1.0,1.0,1.0,-0.0,1,0,0,120,0,120,-1.0,-1.0,0,14280,10200,0,-24480,24480,-1.0,324,204,-120,-0.37037037037,120,1.0,221,85,1,171,220,85,161,0.941520467836,0.871494656789,20,8,8,1.0,1.0,1.0,-0.0,1,0,0,161,0,161,-1.0,-1.0,0,35420,13685,0,-49105,49105,-1.0,466,305,-161,-0.345493562232,171,1.0,221,85,1,171,220,85,161,0.941520467836,0.871494656789,20,8,8,1.0,1.0,1.0,-0.0,1,0,0,161,0,161,-1.0,-1.0,0,35420,13685,0,-49105,49105,-1.0,466,305,-161,-0.345493562232,171,1.0
MOT17-09-FRCNN,5,14,221,u_to_v,5,14,1,222,119,77,77,5,14,1,1,221,145,340,221,196,221,77,1,119,119,119,1.0,2.321203193559,0.844819562472,0.0,1.750756192543,1.535136801958,-1.0,-1.0,103,1,"{""14"": 119}",119,30,30,1,30,29,30,30,1.0,0.9301968576,20,10,10,1.0,1.0,1.0,-0.0,1,0,0,30,0,30,-1.0,-1.0,0,870,900,0,-1770,1770,-1.0,89,59,-30,-0.337078651685,30,1.0,60,60,1,60,59,60,60,1.0,0.918271544884,20,10,10,1.0,0.983333333333,1.0,-0.0,1,0,0,60,0,60,-1.0,-1.0,0,3540,3540,60,-7020,7140,-0.983193277311,178,118,-60,-0.335195530726,60,1.0,120,77,1,119,119,77,119,1.0,0.884880904959,20,10,10,1.0,0.987012987013,0.991596638655,0.048528655406,2,0,0,118,0,118,-0.991596638655,-0.991596638655,0,14161,8968,195,-22934,23324,-0.983279025896,313,195,-118,-0.374603174603,119,1.0,221,77,1,119,220,77,119,1.0,0.884880904959,20,10,10,1.0,0.987012987013,0.991596638655,0.048528655406,2,0,0,118,0,118,-0.991596638655,-0.991596638655,0,26180,8968,195,-34953,35343,-0.988965283083,414,296,-118,-0.283653846154,119,1.0,221,77,1,119,220,77,119,1.0,0.884880904959,20,10,10,1.0,0.987012987013,0.991596638655,0.048528655406,2,0,0,118,0,118,-0.991596638655,-0.991596638655,0,26180,8968,195,-34953,35343,-0.988965283083,414,296,-118,-0.283653846154,119,1.0
MOT17-09-FRCNN,5,16,221,u_to_v,5,16,1,222,116,53,53,5,16,1,1,221,169,337,221,169,221,53,1,116,116,116,1.0,4.045950078807,1.233765253607,0.0,1.864795479318,1.966306032005,-1.0,-1.0,104,1,"{""16"": 116}",116,30,30,1,30,29,30,30,1.0,0.881948375665,20,18,18,1.0,1.0,0.966666666667,0.146144746009,2,0,0,29,0,29,-0.966666666667,-0.966666666667,0,870,870,30,-1710,1770,-0.966101694915,88,59,-29,-0.325842696629,30,1.0,60,53,1,60,59,53,60,1.0,0.898070734067,20,18,18,1.0,1.0,0.9,0.325082973391,2,0,0,54,0,54,-0.9,-0.9,0,3540,2862,318,-6084,6720,-0.905357142857,166,112,-54,-0.313953488372,60,1.0,120,53,1,116,119,53,116,1.0,0.882393013099,20,18,18,1.0,1.0,0.948275862069,0.203560906171,2,0,0,110,0,110,-0.948275862069,-0.948275862069,0,13804,5830,318,-19316,19952,-0.968123496391,282,172,-110,-0.381944444444,116,1.0,221,53,1,116,220,53,116,1.0,0.882393013099,20,18,18,1.0,1.0,0.948275862069,0.203560906171,2,0,0,110,0,110,-0.948275862069,-0.948275862069,0,25520,5830,318,-31032,31668,-0.979916635089,383,273,-110,-0.282776349614,116,1.0,221,53,1,116,220,53,116,1.0,0.882393013099,20,18,18,1.0,1.0,0.948275862069,0.203560906171,2,0,0,110,0,110,-0.948275862069,-0.948275862069,0,25520,5830,318,-31032,31668,-0.979916635089,383,273,-110,-0.282776349614,116,1.0
MOT17-09-FRCNN,5,17,221,u_to_v,5,17,1,222,161,52,52,5,17,1,1,221,170,382,221,213,221,52,1,161,161,161,1.0,4.455426587985,1.336051382455,0.0,2.41433862554,2.267500131034,-1.0,-1.0,105,1,"{""17"": 161}",161,30,30,1,30,29,30,30,1.0,0.908109202082,20,21,21,1.0,1.0,1.0,-0.0,1,0,0,30,0,30,-1.0,-1.0,0,870,900,0,-1770,1770,-1.0,89,59,-30,-0.337078651685,30,1.0,60,52,1,60,59,52,60,1.0,0.904946592015,20,21,21,1.0,1.0,1.0,-0.0,1,0,0,60,0,60,-1.0,-1.0,0,3540,3120,0,-6660,6660,-1.0,171,111,-60,-0.350877192982,60,1.0,120,52,1,120,119,52,120,1.0,0.909083291147,20,21,21,1.0,1.0,1.0,-0.0,1,0,0,120,0,120,-1.0,-1.0,0,14280,6240,0,-20520,20520,-1.0,291,171,-120,-0.412371134021,120,1.0,221,52,1,161,220,52,161,1.0,0.903916581179,20,21,21,1.0,1.0,1.0,-0.0,1,0,0,161,0,161,-1.0,-1.0,0,35420,8372,0,-43792,43792,-1.0,433,272,-161,-0.37182448037,161,1.0,221,52,1,161,220,52,161,1.0,0.903916581179,20,21,21,1.0,1.0,1.0,-0.0,1,0,0,161,0,161,-1.0,-1.0,0,35420,8372,0,-43792,43792,-1.0,433,272,-161,-0.37182448037,161,1.0
MOT17-09-FRCNN,5,18,221,u_to_v,5,18,1,222,180,41,41,5,18,1,1,221,181,401,221,221,221,41,1,180,180,180,1.0,1.308292404521,0.518646138423,0.0,1.234678006771,0.961051932698,-1.0,-1.0,106,1,"{""18"": 180}",180,30,30,1,30,29,30,30,1.0,0.928056307398,20,29,29,1.0,1.0,1.0,-0.0,1,0,0,30,0,30,-1.0,-1.0,0,870,900,0,-1770,1770,-1.0,89,59,-30,-0.337078651685,30,1.0,60,41,1,60,59,41,60,1.0,0.936092493684,20,29,29,1.0,1.0,1.0,-0.0,1,0,0,60,0,60,-1.0,-1.0,0,3540,2460,0,-6000,6000,-1.0,160,100,-60,-0.375,60,1.0,120,41,1,120,119,41,119,0.991666666667,0.860783007118,20,29,29,1.0,1.0,0.747899159664,0.564631406086,2,0,0,89,0,89,-0.747899159664,-0.747899159664,0,14161,3649,1230,-16580,19040,-0.870798319328,249,160,-89,-0.318996415771,120,1.0,221,41,1,180,220,41,176,0.977777777778,0.867081503095,20,29,29,1.0,1.0,0.505681818182,0.693082613055,2,0,0,89,0,89,-0.505681818182,-0.505681818182,0,38720,3649,3567,-38802,45936,-0.844696969697,350,261,-89,-0.203661327231,180,1.0,221,41,1,180,220,41,176,0.977777777778,0.867081503095,20,29,29,1.0,1.0,0.505681818182,0.693082613055,2,0,0,89,0,89,-0.505681818182,-0.505681818182,0,38720,3649,3567,-38802,45936,-0.844696969697,350,261,-89,-0.203661327231,180,1.0
MOT17-09-FRCNN,5,20,221,u_to_v,5,20,1,222,304,24,24,5,20,1,1,221,198,525,221,328,221,24,1,304,304,304,1.0,1.074408604947,0.555224080665,0.0,1.264165539622,1.034098735576,-1.0,-1.0,107,1,"{""20"": 304}",304,30,24,1,30,29,24,30,1.0,0.924097655552,20,11,11,1.0,1.0,1.0,-0.0,1,0,0,30,0,30,-1.0,-1.0,0,870,720,0,-1590,1590,-1.0,83,53,-30,-0.361445783133,30,1.0,60,24,1,60,59,24,60,1.0,0.884383379775,20,11,11,1.0,1.0,1.0,-0.0,1,0,0,60,0,60,-1.0,-1.0,0,3540,1440,0,-4980,4980,-1.0,143,83,-60,-0.41958041958,60,1.0,120,24,1,120,119,24,120,1.0,0.88671458876,20,11,11,1.0,1.0,1.0,-0.0,1,0,0,120,0,120,-1.0,-1.0,0,14280,2880,0,-17160,17160,-1.0,263,143,-120,-0.456273764259,120,1.0,221,24,1,300,220,24,300,1.0,0.894932918749,20,11,11,1.0,1.0,0.983333333333,0.084766075715,2,0,0,295,0,295,-0.983333333333,-0.983333333333,0,66000,7080,120,-72960,73200,-0.996721311475,539,295,-244,-0.448529411765,300,1.0,221,24,1,304,220,24,304,1.0,0.894593323853,20,11,11,1.0,1.0,0.983552631579,0.083870405334,2,0,0,299,0,299,-0.983552631579,-0.983552631579,0,66880,7176,120,-73936,74176,-0.996764452114,543,299,-244,-0.445255474453,304,1.0
MOT17-09-FRCNN,5,22,221,u_to_v,5,22,1,222,128,6,6,5,22,1,1,221,216,349,221,134,221,6,1,128,128,128,1.0,0.41295904025,0.449972227853,0.11643677751,1.181130311012,0.950979905106,-1.0,-1.0,108,1,"{""22"": 128}",128,30,6,1,30,29,6,30,1.0,0.8753994779,20,12,13,1.0,0.5,1.0,-0.0,1,0,0,0,0,0,0.0,0.0,0,870,90,90,-870,1050,-0.828571428571,62,33,-29,-0.446153846154,30,1.0,60,6,1,60,59,6,60,1.0,0.902913880562,20,12,13,1.0,0.5,1.0,-0.0,1,0,0,0,0,0,0.0,0.0,0,3540,180,180,-3540,3900,-0.907692307692,122,63,-59,-0.472,60,1.0,120,6,1,120,119,6,120,1.0,0.885272743415,20,12,13,1.0,0.5,1.0,-0.0,1,0,0,0,0,0,0.0,0.0,0,14280,360,360,-14280,15000,-0.952,242,123,-119,-0.485714285714,120,1.0,221,6,1,128,220,6,128,1.0,0.879547310746,20,12,13,1.0,0.5,1.0,-0.0,1,0,0,0,0,0,0.0,0.0,0,28160,384,384,-28160,28928,-0.973451327434,351,223,-128,-0.361581920904,128,1.0,221,6,1,128,220,6,128,1.0,0.879547310746,20,12,13,1.0,0.5,1.0,-0.0,1,0,0,0,0,0,0.0,0.0,0,28160,384,384,-28160,28928,-0.973451327434,351,223,-128,-0.361581920904,128,1.0
MOT17-09-FRCNN,5,23,221,u_to_v,5,23,1,222,266,3,3,5,23,1,1,221,219,487,221,269,221,3,1,266,266,266,1.0,0.503591510352,0.366459762173,0.100356268894,0.639391313034,0.802400841613,-1.0,-1.0,109,1,"{""23"": 266}",266,30,3,1,30,29,3,30,1.0,0.907190584387,20,12,12,1.0,1.0,1.0,-0.0,1,0,0,30,0,30,-1.0,-1.0,0,870,90,0,-960,960,-1.0,62,32,-30,-0.483870967742,30,1.0,60,3,1,60,59,3,60,1.0,0.918658289484,20,12,12,1.0,1.0,1.0,-0.0,1,0,0,60,0,60,-1.0,-1.0,0,3540,180,0,-3720,3720,-1.0,122,62,-60,-0.491803278689,60,1.0,120,3,1,120,119,3,120,1.0,0.907944539694,20,12,12,1.0,1.0,1.0,-0.0,1,0,0,120,0,120,-1.0,-1.0,0,14280,360,0,-14640,14640,-1.0,242,122,-120,-0.495867768595,120,1.0,221,3,1,266,220,3,262,0.984962406015,0.883417350503,20,12,12,1.0,1.0,0.87786259542,0.371162099403,2,0,0,230,0,230,-0.87786259542,-0.87786259542,0,57640,690,96,-58234,58426,-0.996713791805,453,230,-223,-0.459793814433,266,1.0,221,3,1,266,220,3,262,0.984962406015,0.883417350503,20,12,12,1.0,1.0,0.87786259542,0.371162099403,2,0,0,230,0,230,-0.87786259542,-0.87786259542,0,57640,690,96,-58234,58426,-0.996713791805,453,230,-223,-0.459793814433,266,1.0
MOT17-09-FRCNN,5,24,221,u_to_v,5,24,1,222,53,1,1,5,24,1,1,221,221,274,221,54,221,1,1,53,53,53,1.0,3.325619260802,1.244452022109,0.0,2.39127141603,1.994583547871,-1.0,-1.0,110,1,"{""24"": 53}",53,30,1,1,30,29,0,30,1.0,0.836270461979,20,-1,2,1.0,,1.0,-0.0,1,0,0,0,0,0,0.0,0.0,0,870,0,0,-870,870,-1.0,59,30,-29,-0.491525423729,30,1.0,60,1,1,53,59,0,51,0.962264150943,0.798340237539,20,-1,2,1.0,,1.0,-0.0,1,0,0,0,0,0,0.0,0.0,0,3009,0,0,-3009,3009,-1.0,110,59,-51,-0.463636363636,53,1.0,120,1,1,53,119,0,51,0.962264150943,0.798340237539,20,-1,2,1.0,,1.0,-0.0,1,0,0,0,0,0,0.0,0.0,0,6069,0,0,-6069,6069,-1.0,170,119,-51,-0.3,53,1.0,221,1,1,53,220,0,51,0.962264150943,0.798340237539,20,-1,2,1.0,,1.0,-0.0,1,0,0,0,0,0,0.0,0.0,0,11220,0,0,-11220,11220,-1.0,271,220,-51,-0.188191881919,53,1.0,221,1,1,53,220,0,51,0.962264150943,0.798340237539,20,-1,2,1.0,,1.0,-0.0,1,0,0,0,0,0,0.0,0.0,0,11220,0,0,-11220,11220,-1.0,271,220,-51,-0.188191881919,53,1.0
MOT17-09-FRCNN,2,26,247,v_to_u,26,2,1,248,145,1,1,26,2,1,247,247,1,392,1,392,1,247,1,145,145,145,1.0,2.455577798309,0.1056279314,0.0,0.422853207242,0.169167697548,-1.0,-1.0,111,1,"{""2"": 145}",145,1,30,1,30,0,30,30,1.0,0.924830121103,-1,22,22,,1.0,1.0,-0.0,1,0,0,30,0,0,0.0,-1.0,0,0,900,0,-900,900,-1.0,60,30,-30,-0.5,30,1.0,1,60,1,60,0,60,60,1.0,0.919551035757,-1,22,22,,1.0,1.0,-0.0,1,0,0,60,0,0,0.0,-1.0,0,0,3600,0,-3600,3600,-1.0,120,60,-60,-0.5,60,1.0,1,120,1,120,0,120,120,1.0,0.910489205337,-1,22,22,,1.0,0.991666666667,0.04819427878,2,0,0,119,0,0,0.0,-0.991666666667,0,0,14280,120,-14160,14400,-0.983333333333,239,121,-118,-0.491666666667,120,1.0,1,247,1,145,0,247,145,1.0,0.910629122911,-1,22,22,,1.0,0.993103448276,0.041195017324,2,0,0,144,0,0,0.0,-0.993103448276,0,0,35568,247,-35321,35815,-0.986206896552,391,248,-143,-0.364795918367,145,1.0,1,247,1,145,0,247,145,1.0,0.910629122911,-1,22,22,,1.0,0.993103448276,0.041195017324,2,0,0,144,0,0,0.0,-0.993103448276,0,0,35568,247,-35321,35815,-0.986206896552,391,248,-143,-0.364795918367,145,1.0
MOT17-09-FRCNN,4,26,247,v_to_u,26,4,1,248,278,1,1,26,4,1,247,247,1,525,1,525,1,247,1,278,278,278,1.0,0.21134735423,0.058358159553,0.467017914777,0.052076972063,0.095277529053,-1.0,-1.0,112,1,"{""4"": 278}",278,1,30,1,30,0,29,30,1.0,0.886086527077,-1,7,7,,1.0,1.0,-0.0,1,0,0,30,0,0,0.0,-1.0,0,0,870,0,-870,870,-1.0,59,30,-29,-0.491525423729,30,1.0,1,60,1,60,0,59,60,1.0,0.853636706605,-1,7,7,,0.593220338983,1.0,-0.0,1,0,0,60,0,0,0.0,-1.0,0,0,2100,1440,-660,3540,-0.186440677966,95,84,-11,-0.09243697479,60,1.0,1,120,1,120,0,119,120,1.0,0.864683974134,-1,1,7,,0.697478991597,0.533333333333,0.882310924515,3,0,0,8,0,0,0.0,-0.066666666667,0,0,2904,11376,8472,14280,0.593277310924,99,147,48,0.200836820084,120,1.0,1,247,1,278,0,246,278,1.0,0.877875764899,-1,1,29,,0.853658536585,0.438848920863,1.163292954594,4,0,0,8,0,0,0.0,-0.028776978417,0,0,3920,64468,60548,68388,0.885360004679,218,332,114,0.217557251908,278,1.0,1,247,1,278,0,246,278,1.0,0.877875764899,-1,1,29,,0.853658536585,0.438848920863,1.163292954594,4,0,0,8,0,0,0.0,-0.028776978417,0,0,3920,64468,60548,68388,0.885360004679,218,332,114,0.217557251908,278,1.0
MOT17-09-FRCNN,6,26,247,v_to_u,26,6,1,248,3,1,1,26,6,1,247,247,1,250,1,250,1,247,1,3,3,3,1.0,3.913328066618,0.350185702359,0.0,0.397655598789,0.384295027951,-1.0,-1.0,113,1,"{""6"": 3}",3,1,30,1,3,0,30,3,1.0,0.8650371381,-1,23,23,,1.0,1.0,-0.0,1,0,0,3,0,0,0.0,-1.0,0,0,90,0,-90,90,-1.0,33,30,-3,-0.090909090909,3,1.0,1,60,1,3,0,60,3,1.0,0.8650371381,-1,23,23,,1.0,1.0,-0.0,1,0,0,3,0,0,0.0,-1.0,0,0,180,0,-180,180,-1.0,63,60,-3,-0.047619047619,3,1.0,1,120,1,3,0,120,3,1.0,0.8650371381,-1,23,23,,1.0,1.0,-0.0,1,0,0,3,0,0,0.0,-1.0,0,0,360,0,-360,360,-1.0,123,120,-3,-0.024390243902,3,1.0,1,247,1,3,0,247,3,1.0,0.8650371381,-1,23,23,,1.0,1.0,-0.0,1,0,0,3,0,0,0.0,-1.0,0,0,741,0,-741,741,-1.0,250,247,-3,-0.012,3,1.0,1,247,1,3,0,247,3,1.0,0.8650371381,-1,23,23,,1.0,1.0,-0.0,1,0,0,3,0,0,0.0,-1.0,0,0,741,0,-741,741,-1.0,250,247,-3,-0.012,3,1.0
MOT17-09-FRCNN,12,26,247,v_to_u,26,12,1,248,145,1,1,26,12,1,247,247,137,392,1,256,1,111,1,145,145,145,1.0,1.177431916274,0.006847668382,0.0,0.010018869027,0.095631188755,-1.0,-1.0,114,1,"{""12"": 145}",145,1,30,1,30,0,30,30,1.0,0.867266724557,-1,8,8,,1.0,1.0,-0.0,1,0,0,30,0,0,0.0,-1.0,0,0,900,0,-900,900,-1.0,60,30,-30,-0.5,30,1.0,1,60,1,60,0,60,60,1.0,0.883624947206,-1,8,8,,1.0,1.0,-0.0,1,0,0,60,0,0,0.0,-1.0,0,0,3600,0,-3600,3600,-1.0,120,60,-60,-0.5,60,1.0,1,111,1,120,0,111,120,1.0,0.879683616379,-1,8,8,,1.0,1.0,-0.0,1,0,0,120,0,0,0.0,-1.0,0,0,13320,0,-13320,13320,-1.0,231,120,-111,-0.480519480519,120,1.0,1,111,1,145,0,111,135,0.931034482759,0.864560783105,-1,8,8,,1.0,1.0,-0.0,1,0,0,135,0,0,0.0,-1.0,0,0,14985,0,-14985,14985,-1.0,246,135,-111,-0.451219512195,145,1.0,1,111,1,145,0,111,135,0.931034482759,0.864560783105,-1,8,8,,1.0,1.0,-0.0,1,0,0,135,0,0,0.0,-1.0,0,0,14985,0,-14985,14985,-1.0,246,135,-111,-0.451219512195,145,1.0
MOT17-09-FRCNN,14,26,247,v_to_u,26,14,1,248,93,1,1,26,14,1,247,247,145,340,1,196,1,103,1,93,93,93,1.0,0.73514034967,0.021368518296,0.0,0.24971357415,0.082830019724,-1.0,-1.0,115,1,"{""14"": 93}",93,1,30,1,30,0,30,30,1.0,0.911331799482,-1,10,10,,1.0,1.0,-0.0,1,0,0,30,0,0,0.0,-1.0,0,0,900,0,-900,900,-1.0,60,30,-30,-0.5,30,1.0,1,60,1,60,0,60,60,1.0,0.919336513003,-1,10,10,,1.0,1.0,-0.0,1,0,0,60,0,0,0.0,-1.0,0,0,3600,0,-3600,3600,-1.0,120,60,-60,-0.5,60,1.0,1,103,1,93,0,103,93,1.0,0.872264828699,-1,10,10,,0.990291262136,0.989247311828,0.059432298653,2,0,0,92,0,0,0.0,-0.989247311828,0,0,9384,195,-9189,9579,-0.959285937989,194,103,-91,-0.464285714286,93,1.0,1,103,1,93,0,103,93,1.0,0.872264828699,-1,10,10,,0.990291262136,0.989247311828,0.059432298653,2,0,0,92,0,0,0.0,-0.989247311828,0,0,9384,195,-9189,9579,-0.959285937989,194,103,-91,-0.464285714286,93,1.0,1,103,1,93,0,103,93,1.0,0.872264828699,-1,10,10,,0.990291262136,0.989247311828,0.059432298653,2,0,0,92,0,0,0.0,-0.989247311828,0,0,9384,195,-9189,9579,-0.959285937989,194,103,-91,-0.464285714286,93,1.0
MOT17-09-FRCNN,16,26,247,v_to_u,26,16,1,248,90,1,1,26,16,1,247,247,169,337,1,169,1,79,1,90,90,90,1.0,3.798714501845,0.335210255798,0.0,0.317165188161,0.387784433945,-1.0,-1.0,116,1,"{""16"": 90}",90,1,30,1,30,0,30,30,1.0,0.907783160736,-1,18,18,,1.0,0.8,0.500402423538,2,0,0,24,0,0,0.0,-0.8,0,0,720,180,-540,900,-0.6,54,36,-18,-0.3,30,1.0,1,60,1,60,0,60,60,1.0,0.881606050556,-1,18,18,,1.0,0.9,0.325082973391,2,0,0,54,0,0,0.0,-0.9,0,0,3240,360,-2880,3600,-0.8,114,66,-48,-0.4,60,1.0,1,79,1,90,0,79,90,1.0,0.882813756002,-1,18,18,,1.0,0.933333333333,0.244930026795,2,0,0,84,0,0,0.0,-0.933333333333,0,0,6636,474,-6162,7110,-0.866666666667,163,85,-78,-0.461538461538,90,1.0,1,79,1,90,0,79,90,1.0,0.882813756002,-1,18,18,,1.0,0.933333333333,0.244930026795,2,0,0,84,0,0,0.0,-0.933333333333,0,0,6636,474,-6162,7110,-0.866666666667,163,85,-78,-0.461538461538,90,1.0,1,79,1,90,0,79,90,1.0,0.882813756002,-1,18,18,,1.0,0.933333333333,0.244930026795,2,0,0,84,0,0,0.0,-0.933333333333,0,0,6636,474,-6162,7110,-0.866666666667,163,85,-78,-0.461538461538,90,1.0
MOT17-09-FRCNN,17,26,247,v_to_u,26,17,1,248,135,1,1,26,17,1,247,247,170,382,1,213,1,78,1,135,135,135,1.0,3.031285712363,0.098777867452,0.0,0.511056410751,0.64130034612,-1.0,-1.0,117,1,"{""17"": 135}",135,1,30,1,30,0,30,30,1.0,0.904918355176,-1,21,21,,1.0,1.0,-0.0,1,0,0,30,0,0,0.0,-1.0,0,0,900,0,-900,900,-1.0,60,30,-30,-0.5,30,1.0,1,60,1,60,0,60,60,1.0,0.898548350617,-1,21,21,,1.0,1.0,-0.0,1,0,0,60,0,0,0.0,-1.0,0,0,3600,0,-3600,3600,-1.0,120,60,-60,-0.5,60,1.0,1,78,1,120,0,78,120,1.0,0.911469537849,-1,21,21,,1.0,1.0,-0.0,1,0,0,120,0,0,0.0,-1.0,0,0,9360,0,-9360,9360,-1.0,198,120,-78,-0.393939393939,120,1.0,1,78,1,135,0,78,135,1.0,0.902992688879,-1,21,21,,1.0,1.0,-0.0,1,0,0,135,0,0,0.0,-1.0,0,0,10530,0,-10530,10530,-1.0,213,135,-78,-0.366197183099,135,1.0,1,78,1,135,0,78,135,1.0,0.902992688879,-1,21,21,,1.0,1.0,-0.0,1,0,0,135,0,0,0.0,-1.0,0,0,10530,0,-10530,10530,-1.0,213,135,-78,-0.366197183099,135,1.0
MOT17-09-FRCNN,18,26,247,v_to_u,26,18,1,248,154,1,1,26,18,1,247,247,181,401,1,221,1,67,1,154,154,154,1.0,0.063467723166,0.209963376918,0.484344054313,0.252867008797,0.472092759989,-1.0,-1.0,118,1,"{""18"": 154}",154,1,30,1,30,0,30,30,1.0,0.942008409767,-1,29,29,,1.0,1.0,-0.0,1,0,0,30,0,0,0.0,-1.0,0,0,900,0,-900,900,-1.0,60,30,-30,-0.5,30,1.0,1,60,1,60,0,60,60,1.0,0.891325340716,-1,29,29,,1.0,1.0,-0.0,1,0,0,60,0,0,0.0,-1.0,0,0,3600,0,-3600,3600,-1.0,120,60,-60,-0.5,60,1.0,1,67,1,120,0,67,119,0.991666666667,0.855416385865,-1,29,29,,1.0,0.529411764706,0.691416077617,2,0,0,63,0,0,0.0,-0.529411764706,0,0,4221,3752,-469,7973,-0.058823529412,130,123,-7,-0.037634408602,120,1.0,1,67,1,154,0,67,150,0.974025974026,0.856876545928,-1,29,7,,1.0,0.58,0.680292000192,2,0,0,63,0,0,0.0,-0.42,0,0,4221,5829,1608,10050,0.16,130,154,24,0.110599078341,154,1.0,1,67,1,154,0,67,150,0.974025974026,0.856876545928,-1,29,7,,1.0,0.58,0.680292000192,2,0,0,63,0,0,0.0,-0.42,0,0,4221,5829,1608,10050,0.16,130,154,24,0.110599078341,154,1.0
MOT17-09-FRCNN,20,26,247,v_to_u,26,20,1,248,278,1,1,26,20,1,247,247,198,525,1,328,1,50,1,278,278,278,1.0,0.797617538671,0.187015590817,0.0,0.047586189258,0.409408001083,-1.0,-1.0,119,1,"{""20"": 278}",278,1,30,1,30,0,30,30,1.0,0.839467283046,-1,11,11,,1.0,1.0,-0.0,1,0,0,30,0,0,0.0,-1.0,0,0,900,0,-900,900,-1.0,60,30,-30,-0.5,30,1.0,1,50,1,60,0,50,60,1.0,0.86932027809,-1,11,11,,1.0,1.0,-0.0,1,0,0,60,0,0,0.0,-1.0,0,0,3000,0,-3000,3000,-1.0,110,60,-50,-0.454545454545,60,1.0,1,50,1,120,0,50,120,1.0,0.873638501973,-1,11,11,,1.0,0.958333333333,0.173205206749,2,0,0,115,0,0,0.0,-0.958333333333,0,0,5750,250,-5500,6000,-0.916666666667,165,115,-50,-0.294117647059,120,1.0,1,50,1,278,0,50,278,1.0,0.891247059707,-1,11,11,,1.0,0.982014388489,0.090092373951,2,0,0,273,0,0,0.0,-0.982014388489,0,0,13650,250,-13400,13900,-0.964028776978,323,273,-50,-0.15243902439,278,1.0,1,50,1,278,0,50,278,1.0,0.891247059707,-1,11,11,,1.0,0.982014388489,0.090092373951,2,0,0,273,0,0,0.0,-0.982014388489,0,0,13650,250,-13400,13900,-0.964028776978,323,273,-50,-0.15243902439,278,1.0
MOT17-09-FRCNN,22,26,247,v_to_u,26,22,1,248,102,1,1,26,22,1,247,247,216,349,1,134,1,32,1,102,102,102,1.0,1.593698298762,0.312174190215,0.0,0.245203722508,0.482473443915,-1.0,-1.0,120,1,"{""22"": 102}",102,1,30,1,30,0,30,30,1.0,0.917845695677,-1,13,13,,0.966666666667,1.0,-0.0,1,0,0,30,0,0,0.0,-1.0,0,0,870,30,-840,900,-0.933333333333,59,31,-28,-0.466666666667,30,1.0,1,32,1,60,0,32,60,1.0,0.914504800071,-1,13,13,,0.90625,1.0,-0.0,1,0,0,60,0,0,0.0,-1.0,0,0,1740,180,-1560,1920,-0.8125,89,63,-26,-0.282608695652,60,1.0,1,32,1,102,0,32,102,1.0,0.879686644135,-1,13,13,,0.90625,1.0,-0.0,1,0,0,102,0,0,0.0,-1.0,0,0,2958,306,-2652,3264,-0.8125,131,105,-26,-0.194029850746,102,1.0,1,32,1,102,0,32,102,1.0,0.879686644135,-1,13,13,,0.90625,1.0,-0.0,1,0,0,102,0,0,0.0,-1.0,0,0,2958,306,-2652,3264,-0.8125,131,105,-26,-0.194029850746,102,1.0,1,32,1,102,0,32,102,1.0,0.879686644135,-1,13,13,,0.90625,1.0,-0.0,1,0,0,102,0,0,0.0,-1.0,0,0,2958,306,-2652,3264,-0.8125,131,105,-26,-0.194029850746,102,1.0
MOT17-09-FRCNN,23,26,247,v_to_u,26,23,1,248,240,1,1,26,23,1,247,247,219,487,1,269,1,29,1,240,240,240,1.0,1.032318993512,0.365858267561,0.0,0.748426980018,0.531729749105,-1.0,-1.0,121,1,"{""23"": 240}",240,1,29,1,30,0,29,30,1.0,0.932782178665,-1,12,12,,1.0,1.0,-0.0,1,0,0,30,0,0,0.0,-1.0,0,0,870,0,-870,870,-1.0,59,30,-29,-0.491525423729,30,1.0,1,29,1,60,0,29,60,1.0,0.922660066353,-1,12,12,,1.0,1.0,-0.0,1,0,0,60,0,0,0.0,-1.0,0,0,1740,0,-1740,1740,-1.0,89,60,-29,-0.325842696629,60,1.0,1,29,1,120,0,29,120,1.0,0.918463750531,-1,12,12,,1.0,1.0,-0.0,1,0,0,120,0,0,0.0,-1.0,0,0,3480,0,-3480,3480,-1.0,149,120,-29,-0.194630872483,120,1.0,1,29,1,240,0,29,236,0.983333333333,0.881572843144,-1,12,12,,1.0,0.864406779661,0.396882535391,2,0,0,204,0,0,0.0,-0.864406779661,0,0,5916,928,-4988,6844,-0.728813559322,233,204,-29,-0.109433962264,240,1.0,1,29,1,240,0,29,236,0.983333333333,0.881572843144,-1,12,12,,1.0,0.864406779661,0.396882535391,2,0,0,204,0,0,0.0,-0.864406779661,0,0,5916,928,-4988,6844,-0.728813559322,233,204,-29,-0.109433962264,240,1.0
MOT17-09-FRCNN,24,26,247,v_to_u,26,24,1,248,27,1,1,26,24,1,247,247,221,274,1,54,1,27,1,27,27,27,1.0,0.721308626067,0.243717876332,0.0,0.389702148443,0.327824236388,-1.0,-1.0,122,1,"{""24"": 27}",27,1,27,1,27,0,26,25,0.925925925926,0.760682309363,-1,2,2,,1.0,1.0,-0.0,1,0,0,25,0,0,0.0,-1.0,0,0,650,0,-650,650,-1.0,51,26,-25,-0.490196078431,27,1.0,1,27,1,27,0,26,25,0.925925925926,0.760682309363,-1,2,2,,1.0,1.0,-0.0,1,0,0,25,0,0,0.0,-1.0,0,0,650,0,-650,650,-1.0,51,26,-25,-0.490196078431,27,1.0,1,27,1,27,0,26,25,0.925925925926,0.760682309363,-1,2,2,,1.0,1.0,-0.0,1,0,0,25,0,0,0.0,-1.0,0,0,650,0,-650,650,-1.0,51,26,-25,-0.490196078431,27,1.0,1,27,1,27,0,26,25,0.925925925926,0.760682309363,-1,2,2,,1.0,1.0,-0.0,1,0,0,25,0,0,0.0,-1.0,0,0,650,0,-650,650,-1.0,51,26,-25,-0.490196078431,27,1.0,1,27,1,27,0,26,25,0.925925925926,0.760682309363,-1,2,2,,1.0,1.0,-0.0,1,0,0,25,0,0,0.0,-1.0,0,0,650,0,-650,650,-1.0,51,26,-25,-0.490196078431,27,1.0
MOT17-09-FRCNN,25,26,247,v_to_u,26,25,1,248,38,1,1,26,25,1,247,247,223,285,1,63,1,25,1,38,38,38,1.0,0.464132018126,0.066333079992,0.153386014695,0.074676469975,0.129013089591,-1.0,-1.0,123,1,"{""25"": 38}",38,1,25,1,30,0,25,29,0.966666666667,0.851945471564,-1,1,1,,0.96,1.0,-0.0,1,0,0,29,0,0,0.0,-1.0,0,0,696,29,-667,725,-0.92,53,30,-23,-0.425925925926,30,1.0,1,25,1,38,0,25,34,0.894736842105,0.827383768694,-1,1,1,,0.96,0.852941176471,0.417573211917,2,0,0,29,0,0,0.0,-0.852941176471,0,0,696,154,-542,850,-0.637647058824,53,30,-23,-0.389830508475,38,1.0,1,25,1,38,0,25,34,0.894736842105,0.827383768694,-1,1,1,,0.96,0.852941176471,0.417573211917,2,0,0,29,0,0,0.0,-0.852941176471,0,0,696,154,-542,850,-0.637647058824,53,30,-23,-0.389830508475,38,1.0,1,25,1,38,0,25,34,0.894736842105,0.827383768694,-1,1,1,,0.96,0.852941176471,0.417573211917,2,0,0,29,0,0,0.0,-0.852941176471,0,0,696,154,-542,850,-0.637647058824,53,30,-23,-0.389830508475,38,1.0,1,25,1,38,0,25,34,0.894736842105,0.827383768694,-1,1,1,,0.96,0.852941176471,0.417573211917,2,0,0,29,0,0,0.0,-0.852941176471,0,0,696,154,-542,850,-0.637647058824,53,30,-23,-0.389830508475,38,1.0
MOT17-09-FRCNN,2,6,250,v_to_u,6,2,1,251,142,250,250,6,2,1,1,250,1,392,250,392,250,250,1,142,142,142,1.0,1.598291611335,0.293969584112,0.0,0.041733688608,0.286732521659,-1.0,-1.0,124,1,"{""2"": 142}",142,30,30,1,30,30,30,30,1.0,0.927254737373,23,22,22,1.0,1.0,1.0,-0.0,1,0,0,30,0,30,-1.0,-1.0,0,900,900,0,-1800,1800,-1.0,90,60,-30,-0.333333333333,30,1.0,60,60,1,60,60,60,60,1.0,0.922244990646,23,22,22,1.0,1.0,1.0,-0.0,1,0,0,60,0,60,-1.0,-1.0,0,3600,3600,0,-7200,7200,-1.0,180,120,-60,-0.333333333333,60,1.0,120,120,1,120,120,120,120,1.0,0.911939701635,23,22,22,1.0,1.0,0.991666666667,0.04819427878,2,0,0,119,0,119,-0.991666666667,-0.991666666667,0,14400,14280,120,-28560,28800,-0.991666666667,359,240,-119,-0.330555555556,120,1.0,250,250,1,142,250,250,142,1.0,0.910814249458,23,22,22,1.0,1.0,0.992957746479,0.041917588986,2,0,0,141,0,141,-0.992957746479,-0.992957746479,0,35500,35250,250,-70500,71000,-0.992957746479,641,500,-141,-0.219626168224,142,1.0,250,250,1,142,250,250,142,1.0,0.910814249458,23,22,22,1.0,1.0,0.992957746479,0.041917588986,2,0,0,141,0,141,-0.992957746479,-0.992957746479,0,35500,35250,250,-70500,71000,-0.992957746479,641,500,-141,-0.219626168224,142,1.0
MOT17-09-FRCNN,4,6,250,v_to_u,6,4,1,251,275,250,250,6,4,1,1,250,1,525,250,525,250,250,1,275,275,275,1.0,4.044066065041,0.456126231619,0.0,0.446242824473,0.560686509168,-1.0,-1.0,125,1,"{""4"": 275}",275,30,30,1,30,30,29,30,1.0,0.875380904644,23,7,7,1.0,1.0,1.0,-0.0,1,0,0,30,0,30,-1.0,-1.0,0,900,870,0,-1770,1770,-1.0,89,59,-30,-0.337078651685,30,1.0,60,60,1,60,60,59,60,1.0,0.860433579425,23,7,7,1.0,0.64406779661,1.0,-0.0,1,0,0,60,0,60,-1.0,-1.0,0,3600,2280,1260,-4620,7140,-0.647058823529,158,98,-60,-0.335195530726,60,1.0,120,120,1,120,120,119,120,1.0,0.865458146228,23,1,7,1.0,0.672268907563,0.508333333333,0.888142198474,3,0,0,8,0,8,-0.066666666667,-0.066666666667,0,14400,2958,11322,-6036,28680,-0.210460251046,219,200,-19,-0.052924791086,120,1.0,250,250,1,275,250,249,275,1.0,0.878536311113,23,1,29,1.0,0.843373493976,0.443636363636,1.159760128182,4,0,0,8,0,8,-0.029090909091,-0.029090909091,0,68750,3998,64477,-8271,137225,-0.06027327382,468,460,-8,-0.010335917313,275,1.0,250,250,1,275,250,249,275,1.0,0.878536311113,23,1,29,1.0,0.843373493976,0.443636363636,1.159760128182,4,0,0,8,0,8,-0.029090909091,-0.029090909091,0,68750,3998,64477,-8271,137225,-0.06027327382,468,460,-8,-0.010335917313,275,1.0
MOT17-09-FRCNN,6,12,250,u_to_v,6,12,1,251,142,114,114,6,12,1,1,250,137,392,250,256,250,114,1,142,142,142,1.0,2.498104385731,0.36084084826,0.0,0.367409681356,0.543905690759,-1.0,-1.0,126,1,"{""12"": 142}",142,30,30,1,30,30,30,30,1.0,0.86399121538,23,8,8,1.0,1.0,1.0,-0.0,1,0,0,30,0,30,-1.0,-1.0,0,900,900,0,-1800,1800,-1.0,90,60,-30,-0.333333333333,30,1.0,60,60,1,60,60,60,60,1.0,0.881617581908,23,8,8,1.0,1.0,1.0,-0.0,1,0,0,60,0,60,-1.0,-1.0,0,3600,3600,0,-7200,7200,-1.0,180,120,-60,-0.333333333333,60,1.0,120,114,1,120,120,114,120,1.0,0.877375713907,23,8,8,1.0,1.0,1.0,-0.0,1,0,0,120,0,120,-1.0,-1.0,0,14400,13680,0,-28080,28080,-1.0,354,234,-120,-0.338983050847,120,1.0,250,114,1,142,250,114,132,0.929577464789,0.863355297086,23,8,8,1.0,1.0,1.0,-0.0,1,0,0,132,0,132,-1.0,-1.0,0,33000,15048,0,-48048,48048,-1.0,496,364,-132,-0.266129032258,142,1.0,250,114,1,142,250,114,132,0.929577464789,0.863355297086,23,8,8,1.0,1.0,1.0,-0.0,1,0,0,132,0,132,-1.0,-1.0,0,33000,15048,0,-48048,48048,-1.0,496,364,-132,-0.266129032258,142,1.0
MOT17-09-FRCNN,6,14,250,u_to_v,6,14,1,251,90,106,106,6,14,1,1,250,145,340,250,196,250,106,1,90,90,90,1.0,3.292115168476,0.375715552644,0.0,0.285493493738,0.349298725036,-1.0,-1.0,127,1,"{""14"": 90}",90,30,30,1,30,30,30,30,1.0,0.909009665787,23,10,10,1.0,1.0,1.0,-0.0,1,0,0,30,0,30,-1.0,-1.0,0,900,900,0,-1800,1800,-1.0,90,60,-30,-0.333333333333,30,1.0,60,60,1,60,60,60,60,1.0,0.919721199265,23,10,10,1.0,1.0,1.0,-0.0,1,0,0,60,0,60,-1.0,-1.0,0,3600,3600,0,-7200,7200,-1.0,180,120,-60,-0.333333333333,60,1.0,120,106,1,90,120,106,90,1.0,0.870362855924,23,10,10,1.0,0.990566037736,0.988888888889,0.06104703804,2,0,0,89,0,89,-0.988888888889,-0.988888888889,0,10800,9345,195,-19950,20340,-0.980825958702,314,225,-89,-0.28164556962,90,1.0,250,106,1,90,250,106,90,1.0,0.870362855924,23,10,10,1.0,0.990566037736,0.988888888889,0.06104703804,2,0,0,89,0,89,-0.988888888889,-0.988888888889,0,22500,9345,195,-31650,32040,-0.987827715356,444,355,-89,-0.199551569507,90,1.0,250,106,1,90,250,106,90,1.0,0.870362855924,23,10,10,1.0,0.990566037736,0.988888888889,0.06104703804,2,0,0,89,0,89,-0.988888888889,-0.988888888889,0,22500,9345,195,-31650,32040,-0.987827715356,444,355,-89,-0.199551569507,90,1.0
MOT17-09-FRCNN,6,16,250,u_to_v,6,16,1,251,87,82,82,6,16,1,1,250,169,337,250,169,250,82,1,87,87,87,1.0,0.038292092247,0.03354930676,0.872957983829,0.102089730803,0.033778121986,-1.0,-1.0,128,1,"{""16"": 87}",87,30,30,1,30,30,30,30,1.0,0.913315428885,23,18,18,1.0,1.0,0.8,0.500402423538,2,0,6,24,6,24,-0.6,-0.6,180,720,720,180,-1080,1800,-0.6,84,66,-18,-0.2,30,1.0,60,60,1,60,60,60,60,1.0,0.878180753724,23,18,18,1.0,1.0,0.9,0.325082973391,2,0,6,54,6,54,-0.8,-0.8,360,3240,3240,360,-5760,7200,-0.8,174,126,-48,-0.266666666667,60,1.0,120,82,1,87,120,82,87,1.0,0.882563234936,23,18,18,1.0,1.0,0.931034482759,0.250954804358,2,0,6,81,6,81,-0.862068965517,-0.862068965517,720,9720,6642,492,-15150,17574,-0.862068965517,283,208,-75,-0.259515570934,87,1.0,250,82,1,87,250,82,87,1.0,0.882563234936,23,18,18,1.0,1.0,0.931034482759,0.250954804358,2,0,6,81,6,81,-0.862068965517,-0.862068965517,1500,20250,6642,492,-24900,28884,-0.862068965517,413,338,-75,-0.178997613365,87,1.0,250,82,1,87,250,82,87,1.0,0.882563234936,23,18,18,1.0,1.0,0.931034482759,0.250954804358,2,0,6,81,6,81,-0.862068965517,-0.862068965517,1500,20250,6642,492,-24900,28884,-0.862068965517,413,338,-75,-0.178997613365,87,1.0
MOT17-09-FRCNN,6,17,250,u_to_v,6,17,1,251,132,81,81,6,17,1,1,250,170,382,250,213,250,81,1,132,132,132,1.0,1.668032609201,0.42176022454,0.0,0.132361894269,0.158754436725,-1.0,-1.0,129,1,"{""17"": 132}",132,30,30,1,30,30,30,30,1.0,0.903691267036,23,21,21,1.0,1.0,1.0,-0.0,1,0,0,30,0,30,-1.0,-1.0,0,900,900,0,-1800,1800,-1.0,90,60,-30,-0.333333333333,30,1.0,60,60,1,60,60,60,60,1.0,0.901573500365,23,21,21,1.0,1.0,1.0,-0.0,1,0,0,60,0,60,-1.0,-1.0,0,3600,3600,0,-7200,7200,-1.0,180,120,-60,-0.333333333333,60,1.0,120,81,1,120,120,81,120,1.0,0.909578271854,23,21,21,1.0,1.0,1.0,-0.0,1,0,0,120,0,120,-1.0,-1.0,0,14400,9720,0,-24120,24120,-1.0,321,201,-120,-0.373831775701,120,1.0,250,81,1,132,250,81,132,1.0,0.903078437188,23,21,21,1.0,1.0,1.0,-0.0,1,0,0,132,0,132,-1.0,-1.0,0,33000,10692,0,-43692,43692,-1.0,463,331,-132,-0.285097192225,132,1.0,250,81,1,132,250,81,132,1.0,0.903078437188,23,21,21,1.0,1.0,1.0,-0.0,1,0,0,132,0,132,-1.0,-1.0,0,33000,10692,0,-43692,43692,-1.0,463,331,-132,-0.285097192225,132,1.0
MOT17-09-FRCNN,6,18,250,u_to_v,6,18,1,251,151,70,70,6,18,1,1,250,181,401,250,221,250,70,1,151,151,151,1.0,3.108906716498,0.563476688569,0.0,0.855596924578,0.908385552367,-1.0,-1.0,130,1,"{""18"": 151}",151,30,30,1,30,30,30,30,1.0,0.943003614445,23,29,29,1.0,1.0,1.0,-0.0,1,0,0,30,0,30,-1.0,-1.0,0,900,900,0,-1800,1800,-1.0,90,60,-30,-0.333333333333,30,1.0,60,60,1,60,60,60,60,1.0,0.86959513997,23,29,29,1.0,1.0,1.0,-0.0,1,0,0,60,0,60,-1.0,-1.0,0,3600,3600,0,-7200,7200,-1.0,180,120,-60,-0.333333333333,60,1.0,120,70,1,120,120,70,119,0.991666666667,0.854200354803,23,29,29,1.0,1.0,0.504201680672,0.693111871903,2,0,0,60,0,60,-0.504201680672,-0.504201680672,0,14280,4200,4130,-14350,22610,-0.634674922601,250,190,-60,-0.194174757282,120,1.0,250,70,1,151,250,70,147,0.973509933775,0.855135138047,23,29,7,1.0,1.0,0.591836734694,0.676183062586,2,0,0,60,0,60,-0.408163265306,-0.408163265306,0,36750,4200,6090,-34860,47040,-0.741071428571,380,320,-60,-0.128479657388,151,1.0,250,70,1,151,250,70,147,0.973509933775,0.855135138047,23,29,7,1.0,1.0,0.591836734694,0.676183062586,2,0,0,60,0,60,-0.408163265306,-0.408163265306,0,36750,4200,6090,-34860,47040,-0.741071428571,380,320,-60,-0.128479657388,151,1.0
MOT17-09-FRCNN,6,20,250,u_to_v,6,20,1,251,275,53,53,6,20,1,1,250,198,525,250,328,250,53,1,275,275,275,1.0,4.316764270974,0.535015193868,0.0,0.658172476865,0.827375508746,-1.0,-1.0,131,1,"{""20"": 275}",275,30,30,1,30,30,30,30,1.0,0.843479012433,23,11,11,1.0,1.0,1.0,-0.0,1,0,0,30,0,30,-1.0,-1.0,0,900,900,0,-1800,1800,-1.0,90,60,-30,-0.333333333333,30,1.0,60,53,1,60,60,53,60,1.0,0.867676700602,23,11,11,1.0,1.0,1.0,-0.0,1,0,0,60,0,60,-1.0,-1.0,0,3600,3180,0,-6780,6780,-1.0,173,113,-60,-0.346820809249,60,1.0,120,53,1,120,120,53,120,1.0,0.870730438794,23,11,11,1.0,1.0,0.958333333333,0.173205206749,2,0,0,115,0,115,-0.958333333333,-0.958333333333,0,14400,6095,265,-20230,20760,-0.974470134875,288,173,-115,-0.392491467577,120,1.0,250,53,1,275,250,53,275,1.0,0.891334129473,23,11,11,1.0,1.0,0.981818181818,0.090876121333,2,0,0,270,0,270,-0.981818181818,-0.981818181818,0,68750,14310,265,-82795,83325,-0.993639363936,573,303,-270,-0.467128027682,275,1.0,250,53,1,275,250,53,275,1.0,0.891334129473,23,11,11,1.0,1.0,0.981818181818,0.090876121333,2,0,0,270,0,270,-0.981818181818,-0.981818181818,0,68750,14310,265,-82795,83325,-0.993639363936,573,303,-270,-0.467128027682,275,1.0
MOT17-09-FRCNN,6,22,250,u_to_v,6,22,1,251,99,35,35,6,22,1,1,250,216,349,250,134,250,35,1,99,99,99,1.0,4.823379853439,0.692214852967,0.0,0.998738542107,0.898224503925,-1.0,-1.0,132,1,"{""22"": 99}",99,30,30,1,30,30,30,30,1.0,0.929133809092,23,13,13,1.0,1.0,1.0,-0.0,1,0,0,30,0,30,-1.0,-1.0,0,900,900,0,-1800,1800,-1.0,90,60,-30,-0.333333333333,30,1.0,60,35,1,60,60,35,60,1.0,0.916941472054,23,13,13,1.0,0.914285714286,1.0,-0.0,1,0,0,60,0,60,-1.0,-1.0,0,3600,1920,180,-5340,5700,-0.936842105263,152,92,-60,-0.387096774194,60,1.0,120,35,1,99,120,35,99,1.0,0.880817593114,23,13,13,1.0,0.914285714286,1.0,-0.0,1,0,0,99,0,99,-1.0,-1.0,0,11880,3168,297,-14751,15345,-0.961290322581,251,152,-99,-0.389763779528,99,1.0,250,35,1,99,250,35,99,1.0,0.880817593114,23,13,13,1.0,0.914285714286,1.0,-0.0,1,0,0,99,0,99,-1.0,-1.0,0,24750,3168,297,-27621,28215,-0.978947368421,381,282,-99,-0.2578125,99,1.0,250,35,1,99,250,35,99,1.0,0.880817593114,23,13,13,1.0,0.914285714286,1.0,-0.0,1,0,0,99,0,99,-1.0,-1.0,0,24750,3168,297,-27621,28215,-0.978947368421,381,282,-99,-0.2578125,99,1.0
MOT17-09-FRCNN,6,23,250,u_to_v,6,23,1,251,237,32,32,6,23,1,1,250,219,487,250,269,250,32,1,237,237,237,1.0,4.264061533439,0.731580897518,0.0,1.055369032047,0.963776637365,-1.0,-1.0,133,1,"{""23"": 237}",237,30,30,1,30,30,30,30,1.0,0.931028491364,23,12,12,1.0,1.0,1.0,-0.0,1,0,0,30,0,30,-1.0,-1.0,0,900,900,0,-1800,1800,-1.0,90,60,-30,-0.333333333333,30,1.0,60,32,1,60,60,32,60,1.0,0.919827331024,23,12,12,1.0,1.0,1.0,-0.0,1,0,0,60,0,60,-1.0,-1.0,0,3600,1920,0,-5520,5520,-1.0,152,92,-60,-0.394736842105,60,1.0,120,32,1,120,120,32,120,1.0,0.918846091845,23,12,12,1.0,1.0,1.0,-0.0,1,0,0,120,0,120,-1.0,-1.0,0,14400,3840,0,-18240,18240,-1.0,272,152,-120,-0.441176470588,120,1.0,250,32,1,237,250,32,233,0.983122362869,0.880680124044,23,12,12,1.0,1.0,0.862660944206,0.400103537645,2,0,0,201,0,201,-0.862660944206,-0.862660944206,0,58250,6432,1024,-63658,65706,-0.968830852586,483,282,-201,-0.390291262136,237,1.0,250,32,1,237,250,32,233,0.983122362869,0.880680124044,23,12,12,1.0,1.0,0.862660944206,0.400103537645,2,0,0,201,0,201,-0.862660944206,-0.862660944206,0,58250,6432,1024,-63658,65706,-0.968830852586,483,282,-201,-0.390291262136,237,1.0
MOT17-09-FRCNN,6,24,250,u_to_v,6,24,1,251,24,30,30,6,24,1,1,250,221,274,250,54,250,30,1,24,24,24,1.0,3.945820508495,0.158316940915,0.0,0.05397400182,0.114569946869,-1.0,-1.0,134,1,"{""24"": 24}",24,30,30,1,24,30,29,22,0.916666666667,0.749656555987,23,2,2,1.0,1.0,1.0,-0.0,1,0,0,22,0,22,-1.0,-1.0,0,660,638,0,-1298,1298,-1.0,81,59,-22,-0.271604938272,24,1.0,60,30,1,24,60,29,22,0.916666666667,0.749656555987,23,2,2,1.0,1.0,1.0,-0.0,1,0,0,22,0,22,-1.0,-1.0,0,1320,638,0,-1958,1958,-1.0,111,89,-22,-0.198198198198,24,1.0,120,30,1,24,120,29,22,0.916666666667,0.749656555987,23,2,2,1.0,1.0,1.0,-0.0,1,0,0,22,0,22,-1.0,-1.0,0,2640,638,0,-3278,3278,-1.0,171,149,-22,-0.12865497076,24,1.0,250,30,1,24,250,29,22,0.916666666667,0.749656555987,23,2,2,1.0,1.0,1.0,-0.0,1,0,0,22,0,22,-1.0,-1.0,0,5500,638,0,-6138,6138,-1.0,301,279,-22,-0.073089700997,24,1.0,250,30,1,24,250,29,22,0.916666666667,0.749656555987,23,2,2,1.0,1.0,1.0,-0.0,1,0,0,22,0,22,-1.0,-1.0,0,5500,638,0,-6138,6138,-1.0,301,279,-22,-0.073089700997,24,1.0
MOT17-09-FRCNN,6,25,250,u_to_v,6,25,1,251,35,28,28,6,25,1,1,250,223,285,250,63,250,28,1,35,35,35,1.0,4.584591684121,0.422405882047,0.0,0.366489365316,0.559053200016,-1.0,-1.0,135,1,"{""25"": 35}",35,30,28,1,30,30,28,29,0.966666666667,0.831837718524,23,1,1,1.0,0.964285714286,0.896551724138,0.332594214312,2,0,0,26,0,26,-0.896551724138,-0.896551724138,0,870,702,110,-1462,1682,-0.86920332937,83,57,-26,-0.298850574713,30,1.0,60,28,1,35,60,28,31,0.885714285714,0.821530767649,23,1,1,1.0,0.964285714286,0.838709677419,0.44180334801,2,0,0,26,0,26,-0.838709677419,-0.838709677419,0,1860,702,166,-2396,2728,-0.878299120235,113,87,-26,-0.218487394958,35,1.0,120,28,1,35,120,28,31,0.885714285714,0.821530767649,23,1,1,1.0,0.964285714286,0.838709677419,0.44180334801,2,0,0,26,0,26,-0.838709677419,-0.838709677419,0,3720,702,166,-4256,4588,-0.927637314734,173,147,-26,-0.145251396648,35,1.0,250,28,1,35,250,28,31,0.885714285714,0.821530767649,23,1,1,1.0,0.964285714286,0.838709677419,0.44180334801,2,0,0,26,0,26,-0.838709677419,-0.838709677419,0,7750,702,166,-8286,8618,-0.961475980506,303,277,-26,-0.084142394822,35,1.0,250,28,1,35,250,28,31,0.885714285714,0.821530767649,23,1,1,1.0,0.964285714286,0.838709677419,0.44180334801,2,0,0,26,0,26,-0.838709677419,-0.838709677419,0,7750,702,166,-8286,8618,-0.961475980506,303,277,-26,-0.084142394822,35,1.0
MOT17-09-FRCNN,2,27,255,v_to_u,27,2,1,256,137,1,1,27,2,1,255,255,1,392,1,392,1,255,1,137,137,137,1.0,2.227975569786,0.130807753805,0.0,0.341935159925,0.235149184936,-1.0,-1.0,136,1,"{""2"": 137}",137,1,30,1,30,0,30,30,1.0,0.925508656988,-1,22,22,,1.0,1.0,-0.0,1,0,0,30,0,0,0.0,-1.0,0,0,900,0,-900,900,-1.0,60,30,-30,-0.5,30,1.0,1,60,1,60,0,60,60,1.0,0.923103290155,-1,22,22,,1.0,1.0,-0.0,1,0,0,60,0,0,0.0,-1.0,0,0,3600,0,-3600,3600,-1.0,120,60,-60,-0.5,60,1.0,1,120,1,120,0,120,120,1.0,0.912034790095,-1,22,22,,1.0,0.991666666667,0.04819427878,2,0,0,119,0,0,0.0,-0.991666666667,0,0,14280,120,-14160,14400,-0.983333333333,239,121,-118,-0.491666666667,120,1.0,1,255,1,137,0,255,137,1.0,0.909978193109,-1,22,22,,1.0,0.992700729927,0.043184834878,2,0,0,136,0,0,0.0,-0.992700729927,0,0,34680,255,-34425,34935,-0.985401459854,391,256,-135,-0.344387755102,137,1.0,1,255,1,137,0,255,137,1.0,0.909978193109,-1,22,22,,1.0,0.992700729927,0.043184834878,2,0,0,136,0,0,0.0,-0.992700729927,0,0,34680,255,-34425,34935,-0.985401459854,391,256,-135,-0.344387755102,137,1.0
MOT17-09-FRCNN,4,27,255,v_to_u,27,4,1,256,270,1,1,27,4,1,255,255,1,525,1,525,1,255,1,270,270,270,1.0,0.160364940652,0.029167451808,0.571805288843,0.13523245396,0.005041282628,-1.0,-1.0,137,1,"{""4"": 270}",270,1,30,1,30,0,29,30,1.0,0.879548249727,-1,7,7,,1.0,1.0,-0.0,1,0,0,30,0,0,0.0,-1.0,0,0,870,0,-870,870,-1.0,59,30,-29,-0.491525423729,30,1.0,1,60,1,60,0,59,60,1.0,0.864377357963,-1,7,7,,0.728813559322,0.933333333333,0.244930026795,2,0,0,56,0,0,0.0,-0.933333333333,0,0,2408,1132,-1276,3540,-0.360451977401,99,72,-27,-0.226890756303,60,1.0,1,120,1,120,0,119,120,1.0,0.867349922021,-1,1,7,,0.63025210084,0.466666666667,0.891867395317,3,0,0,8,0,0,0.0,-0.066666666667,0,0,3008,11272,8264,14280,0.578711484594,99,131,32,0.133891213389,120,1.0,1,255,1,270,0,254,270,1.0,0.879185630697,-1,1,29,,0.826771653543,0.451851851852,1.152738975388,4,0,0,8,0,0,0.0,-0.02962962963,0,0,4088,64492,60404,68580,0.880781568971,218,332,114,0.217557251908,270,1.0,1,255,1,270,0,254,270,1.0,0.879185630697,-1,1,29,,0.826771653543,0.451851851852,1.152738975388,4,0,0,8,0,0,0.0,-0.02962962963,0,0,4088,64492,60404,68580,0.880781568971,218,332,114,0.217557251908,270,1.0
MOT17-09-FRCNN,12,27,255,v_to_u,27,12,1,256,137,1,1,27,12,1,255,255,137,392,1,256,1,119,1,137,137,137,1.0,1.142608201442,0.055715731974,0.0,0.06423979074,0.012378090117,-1.0,-1.0,138,1,"{""12"": 137}",137,1,30,1,30,0,30,30,1.0,0.872135926769,-1,8,8,,1.0,1.0,-0.0,1,0,0,30,0,0,0.0,-1.0,0,0,900,0,-900,900,-1.0,60,30,-30,-0.5,30,1.0,1,60,1,60,0,60,60,1.0,0.878681664423,-1,8,8,,1.0,1.0,-0.0,1,0,0,60,0,0,0.0,-1.0,0,0,3600,0,-3600,3600,-1.0,120,60,-60,-0.5,60,1.0,1,119,1,120,0,119,120,1.0,0.872476609832,-1,8,8,,1.0,1.0,-0.0,1,0,0,120,0,0,0.0,-1.0,0,0,14280,0,-14280,14280,-1.0,239,120,-119,-0.497907949791,120,1.0,1,119,1,137,0,119,127,0.92700729927,0.862908664264,-1,8,8,,1.0,1.0,-0.0,1,0,0,127,0,0,0.0,-1.0,0,0,15113,0,-15113,15113,-1.0,246,127,-119,-0.483739837398,137,1.0,1,119,1,137,0,119,127,0.92700729927,0.862908664264,-1,8,8,,1.0,1.0,-0.0,1,0,0,127,0,0,0.0,-1.0,0,0,15113,0,-15113,15113,-1.0,246,127,-119,-0.483739837398,137,1.0
MOT17-09-FRCNN,14,27,255,v_to_u,27,14,1,256,85,1,1,27,14,1,255,255,145,340,1,196,1,111,1,85,85,85,1.0,0.75454910561,0.083069665272,0.0,0.132678368603,0.215391333271,-1.0,-1.0,139,1,"{""14"": 85}",85,1,30,1,30,0,30,30,1.0,0.920262787555,-1,10,10,,1.0,1.0,-0.0,1,0,0,30,0,0,0.0,-1.0,0,0,900,0,-900,900,-1.0,60,30,-30,-0.5,30,1.0,1,60,1,60,0,60,60,1.0,0.920800550913,-1,10,10,,1.0,1.0,-0.0,1,0,0,60,0,0,0.0,-1.0,0,0,3600,0,-3600,3600,-1.0,120,60,-60,-0.5,60,1.0,1,111,1,85,0,111,85,1.0,0.870712468007,-1,10,10,,0.990990990991,0.988235294118,0.063961714104,2,0,0,84,0,0,0.0,-0.988235294118,0,0,9240,195,-9045,9435,-0.9586645469,194,111,-83,-0.423469387755,85,1.0,1,111,1,85,0,111,85,1.0,0.870712468007,-1,10,10,,0.990990990991,0.988235294118,0.063961714104,2,0,0,84,0,0,0.0,-0.988235294118,0,0,9240,195,-9045,9435,-0.9586645469,194,111,-83,-0.423469387755,85,1.0,1,111,1,85,0,111,85,1.0,0.870712468007,-1,10,10,,0.990990990991,0.988235294118,0.063961714104,2,0,0,84,0,0,0.0,-0.988235294118,0,0,9240,195,-9045,9435,-0.9586645469,194,111,-83,-0.423469387755,85,1.0
MOT17-09-FRCNN,16,27,255,v_to_u,27,16,1,256,82,1,1,27,16,1,255,255,169,337,1,169,1,87,1,82,82,82,1.0,3.795595862001,0.377263723775,0.0,0.238493739852,0.484092583767,-1.0,-1.0,140,1,"{""16"": 82}",82,1,30,1,30,0,30,30,1.0,0.906730245796,-1,18,18,,0.966666666667,0.833333333333,0.450561208866,2,0,0,25,0,0,0.0,-0.833333333333,0,0,730,170,-560,900,-0.622222222222,54,34,-20,-0.333333333333,30,1.0,1,60,1,60,0,60,60,1.0,0.871859080229,-1,18,18,,0.983333333333,0.916666666667,0.286835983056,2,0,0,55,0,0,0.0,-0.916666666667,0,0,3250,350,-2900,3600,-0.805555555556,114,64,-50,-0.416666666667,60,1.0,1,87,1,82,0,87,82,1.0,0.879897563684,-1,18,18,,0.988505747126,0.939024390244,0.229643551595,2,0,0,77,0,0,0.0,-0.939024390244,0,0,6627,507,-6120,7134,-0.857863751051,163,91,-72,-0.426035502959,82,1.0,1,87,1,82,0,87,82,1.0,0.879897563684,-1,18,18,,0.988505747126,0.939024390244,0.229643551595,2,0,0,77,0,0,0.0,-0.939024390244,0,0,6627,507,-6120,7134,-0.857863751051,163,91,-72,-0.426035502959,82,1.0,1,87,1,82,0,87,82,1.0,0.879897563684,-1,18,18,,0.988505747126,0.939024390244,0.229643551595,2,0,0,77,0,0,0.0,-0.939024390244,0,0,6627,507,-6120,7134,-0.857863751051,163,91,-72,-0.426035502959,82,1.0
MOT17-09-FRCNN,17,27,255,v_to_u,27,17,1,256,127,1,1,27,17,1,255,255,170,382,1,213,1,86,1,127,127,127,1.0,3.001153824687,0.119068010678,0.0,0.341598855903,0.63906972855,-1.0,-1.0,141,1,"{""17"": 127}",127,1,30,1,30,0,30,30,1.0,0.892297513282,-1,21,21,,1.0,1.0,-0.0,1,0,0,30,0,0,0.0,-1.0,0,0,900,0,-900,900,-1.0,60,30,-30,-0.5,30,1.0,1,60,1,60,0,60,60,1.0,0.902895448803,-1,21,21,,1.0,1.0,-0.0,1,0,0,60,0,0,0.0,-1.0,0,0,3600,0,-3600,3600,-1.0,120,60,-60,-0.5,60,1.0,1,86,1,120,0,86,120,1.0,0.902529482089,-1,21,21,,1.0,1.0,-0.0,1,0,0,120,0,0,0.0,-1.0,0,0,10320,0,-10320,10320,-1.0,206,120,-86,-0.417475728155,120,1.0,1,86,1,127,0,86,127,1.0,0.902589531721,-1,21,21,,1.0,1.0,-0.0,1,0,0,127,0,0,0.0,-1.0,0,0,10922,0,-10922,10922,-1.0,213,127,-86,-0.403755868545,127,1.0,1,86,1,127,0,86,127,1.0,0.902589531721,-1,21,21,,1.0,1.0,-0.0,1,0,0,127,0,0,0.0,-1.0,0,0,10922,0,-10922,10922,-1.0,213,127,-86,-0.403755868545,127,1.0
MOT17-09-FRCNN,18,27,255,v_to_u,27,18,1,256,146,1,1,27,18,1,255,255,181,401,1,221,1,75,1,146,146,146,1.0,0.118905826481,0.163721409369,0.392772753152,0.584329214649,0.350194855961,-1.0,-1.0,142,1,"{""18"": 146}",146,1,30,1,30,0,30,30,1.0,0.946557321123,-1,29,29,,1.0,1.0,-0.0,1,0,0,30,0,0,0.0,-1.0,0,0,900,0,-900,900,-1.0,60,30,-30,-0.5,30,1.0,1,60,1,60,0,60,59,0.983333333333,0.844995468192,-1,29,29,,1.0,0.932203389831,0.247901806071,2,0,0,55,0,0,0.0,-0.932203389831,0,0,3300,240,-3060,3540,-0.864406779661,115,64,-51,-0.428571428571,60,1.0,1,75,1,120,0,75,119,0.991666666667,0.851586302069,-1,29,7,,1.0,0.53781512605,0.690284480315,2,0,0,55,0,0,0.0,-0.46218487395,0,0,4125,4800,675,8925,0.075630252101,130,139,9,0.046391752577,120,1.0,1,75,1,146,0,75,142,0.972602739726,0.852271230812,-1,29,7,,1.0,0.612676056338,0.667535990624,2,0,0,55,0,0,0.0,-0.387323943662,0,0,4125,6525,2400,10650,0.225352112676,130,162,32,0.147465437788,146,1.0,1,75,1,146,0,75,142,0.972602739726,0.852271230812,-1,29,7,,1.0,0.612676056338,0.667535990624,2,0,0,55,0,0,0.0,-0.387323943662,0,0,4125,6525,2400,10650,0.225352112676,130,162,32,0.147465437788,146,1.0
MOT17-09-FRCNN,20,27,255,v_to_u,27,20,1,256,270,1,1,27,20,1,255,255,198,525,1,328,1,58,1,270,270,270,1.0,0.756464920711,0.130788265376,0.0,0.244031010197,0.273129724261,-1.0,-1.0,143,1,"{""20"": 270}",270,1,30,1,30,0,30,30,1.0,0.844994869468,-1,11,11,,1.0,1.0,-0.0,1,0,0,30,0,0,0.0,-1.0,0,0,900,0,-900,900,-1.0,60,30,-30,-0.5,30,1.0,1,58,1,60,0,58,60,1.0,0.866005468351,-1,11,11,,1.0,1.0,-0.0,1,0,0,60,0,0,0.0,-1.0,0,0,3480,0,-3480,3480,-1.0,118,60,-58,-0.491525423729,60,1.0,1,58,1,120,0,58,120,1.0,0.867853709892,-1,11,11,,1.0,0.958333333333,0.173205206749,2,0,0,115,0,0,0.0,-0.958333333333,0,0,6670,290,-6380,6960,-0.916666666667,173,115,-58,-0.325842696629,120,1.0,1,58,1,270,0,58,270,1.0,0.890726823522,-1,11,11,,1.0,0.981481481481,0.092216057337,2,0,0,265,0,0,0.0,-0.981481481481,0,0,15370,290,-15080,15660,-0.962962962963,323,265,-58,-0.176829268293,270,1.0,1,58,1,270,0,58,270,1.0,0.890726823522,-1,11,11,,1.0,0.981481481481,0.092216057337,2,0,0,265,0,0,0.0,-0.981481481481,0,0,15370,290,-15080,15660,-0.962962962963,323,265,-58,-0.176829268293,270,1.0
MOT17-09-FRCNN,22,27,255,v_to_u,27,22,1,256,94,1,1,27,22,1,255,255,216,349,1,134,1,40,1,94,94,94,1.0,1.436343935318,0.23809346143,0.0,0.549218864799,0.352988726896,-1.0,-1.0,144,1,"{""22"": 94}",94,1,30,1,30,0,30,30,1.0,0.938660714683,-1,13,13,,1.0,1.0,-0.0,1,0,0,30,0,0,0.0,-1.0,0,0,900,0,-900,900,-1.0,60,30,-30,-0.5,30,1.0,1,40,1,60,0,40,60,1.0,0.912078170586,-1,13,13,,0.925,1.0,-0.0,1,0,0,60,0,0,0.0,-1.0,0,0,2220,180,-2040,2400,-0.85,97,63,-34,-0.34,60,1.0,1,40,1,94,0,40,94,1.0,0.880133637835,-1,13,13,,0.925,1.0,-0.0,1,0,0,94,0,0,0.0,-1.0,0,0,3478,282,-3196,3760,-0.85,131,97,-34,-0.253731343284,94,1.0,1,40,1,94,0,40,94,1.0,0.880133637835,-1,13,13,,0.925,1.0,-0.0,1,0,0,94,0,0,0.0,-1.0,0,0,3478,282,-3196,3760,-0.85,131,97,-34,-0.253731343284,94,1.0,1,40,1,94,0,40,94,1.0,0.880133637835,-1,13,13,,0.925,1.0,-0.0,1,0,0,94,0,0,0.0,-1.0,0,0,3478,282,-3196,3760,-0.85,131,97,-34,-0.253731343284,94,1.0
MOT17-09-FRCNN,23,27,255,v_to_u,27,23,1,256,232,1,1,27,23,1,255,255,219,487,1,269,1,37,1,232,232,232,1.0,0.866850477595,0.297222836393,0.0,0.435669404571,0.44133079553,-1.0,-1.0,145,1,"{""23"": 232}",232,1,30,1,30,0,30,30,1.0,0.924770296851,-1,12,12,,1.0,1.0,-0.0,1,0,0,30,0,0,0.0,-1.0,0,0,900,0,-900,900,-1.0,60,30,-30,-0.5,30,1.0,1,37,1,60,0,37,60,1.0,0.913918124562,-1,12,12,,1.0,1.0,-0.0,1,0,0,60,0,0,0.0,-1.0,0,0,2220,0,-2220,2220,-1.0,97,60,-37,-0.381443298969,60,1.0,1,37,1,120,0,37,120,1.0,0.919024536973,-1,12,12,,1.0,1.0,-0.0,1,0,0,120,0,0,0.0,-1.0,0,0,4440,0,-4440,4440,-1.0,157,120,-37,-0.235668789809,120,1.0,1,37,1,232,0,37,228,0.98275862069,0.879617879385,-1,12,12,,1.0,0.859649122807,0.405599917995,2,0,0,196,0,0,0.0,-0.859649122807,0,0,7252,1184,-6068,8436,-0.719298245614,233,196,-37,-0.139622641509,232,1.0,1,37,1,232,0,37,228,0.98275862069,0.879617879385,-1,12,12,,1.0,0.859649122807,0.405599917995,2,0,0,196,0,0,0.0,-0.859649122807,0,0,7252,1184,-6068,8436,-0.719298245614,233,196,-37,-0.139622641509,232,1.0
MOT17-09-FRCNN,24,27,255,v_to_u,27,24,1,256,19,1,1,27,24,1,255,255,221,274,1,54,1,35,1,19,19,19,1.0,0.506482254385,0.262044451007,0.078840243433,0.303335613032,0.40568728713,-1.0,-1.0,146,1,"{""24"": 19}",19,1,30,1,19,0,30,17,0.894736842105,0.717108856359,-1,2,2,,1.0,1.0,-0.0,1,0,0,17,0,0,0.0,-1.0,0,0,510,0,-510,510,-1.0,47,30,-17,-0.36170212766,19,1.0,1,35,1,19,0,34,17,0.894736842105,0.717108856359,-1,2,2,,1.0,1.0,-0.0,1,0,0,17,0,0,0.0,-1.0,0,0,578,0,-578,578,-1.0,51,34,-17,-0.333333333333,19,1.0,1,35,1,19,0,34,17,0.894736842105,0.717108856359,-1,2,2,,1.0,1.0,-0.0,1,0,0,17,0,0,0.0,-1.0,0,0,578,0,-578,578,-1.0,51,34,-17,-0.333333333333,19,1.0,1,35,1,19,0,34,17,0.894736842105,0.717108856359,-1,2,2,,1.0,1.0,-0.0,1,0,0,17,0,0,0.0,-1.0,0,0,578,0,-578,578,-1.0,51,34,-17,-0.333333333333,19,1.0,1,35,1,19,0,34,17,0.894736842105,0.717108856359,-1,2,2,,1.0,1.0,-0.0,1,0,0,17,0,0,0.0,-1.0,0,0,578,0,-578,578,-1.0,51,34,-17,-0.333333333333,19,1.0
MOT17-09-FRCNN,25,27,255,v_to_u,27,25,1,256,30,1,1,27,25,1,255,255,223,285,1,63,1,33,1,30,30,30,1.0,0.537585372911,0.003072175769,0.053375919824,0.077889854312,0.024576787613,-1.0,-1.0,147,1,"{""25"": 30}",30,1,30,1,30,0,30,26,0.866666666667,0.812900141598,-1,1,1,,0.966666666667,0.807692307692,0.489551893623,2,0,0,21,0,0,0.0,-0.807692307692,0,0,609,171,-438,780,-0.561538461538,50,34,-16,-0.285714285714,30,1.0,1,33,1,30,0,33,26,0.866666666667,0.812900141598,-1,1,1,,0.969696969697,0.807692307692,0.489551893623,2,0,0,21,0,0,0.0,-0.807692307692,0,0,672,186,-486,858,-0.566433566434,53,37,-16,-0.271186440678,30,1.0,1,33,1,30,0,33,26,0.866666666667,0.812900141598,-1,1,1,,0.969696969697,0.807692307692,0.489551893623,2,0,0,21,0,0,0.0,-0.807692307692,0,0,672,186,-486,858,-0.566433566434,53,37,-16,-0.271186440678,30,1.0,1,33,1,30,0,33,26,0.866666666667,0.812900141598,-1,1,1,,0.969696969697,0.807692307692,0.489551893623,2,0,0,21,0,0,0.0,-0.807692307692,0,0,672,186,-486,858,-0.566433566434,53,37,-16,-0.271186440678,30,1.0,1,33,1,30,0,33,26,0.866666666667,0.812900141598,-1,1,1,,0.969696969697,0.807692307692,0.489551893623,2,0,0,21,0,0,0.0,-0.807692307692,0,0,672,186,-486,858,-0.566433566434,53,37,-16,-0.271186440678,30,1.0
MOT17-09-FRCNN,2,24,274,v_to_u,24,2,1,275,118,54,54,24,2,1,221,274,1,392,54,392,54,274,1,118,118,118,1.0,1.815572677561,0.019999703363,0.0,0.162287497761,0.012905244879,-1.0,-1.0,148,1,"{""2"": 118}",118,30,30,1,30,28,30,30,1.0,0.915569458887,2,22,22,1.0,1.0,1.0,-0.0,1,0,0,30,0,30,-1.0,-1.0,0,840,900,0,-1740,1740,-1.0,88,58,-30,-0.340909090909,30,1.0,54,60,1,60,51,60,60,1.0,0.920045750983,2,22,22,1.0,1.0,1.0,-0.0,1,0,0,60,0,60,-1.0,-1.0,0,3060,3600,0,-6660,6660,-1.0,171,111,-60,-0.350877192982,60,1.0,54,120,1,118,51,120,118,1.0,0.907857826744,2,22,22,1.0,1.0,0.991525423729,0.048868095895,2,0,0,117,0,117,-0.991525423729,-0.991525423729,0,6018,14040,120,-19938,20178,-0.988105857865,288,171,-117,-0.404844290657,118,1.0,54,274,1,118,51,274,118,1.0,0.907857826744,2,22,22,1.0,1.0,0.991525423729,0.048868095895,2,0,0,117,0,117,-0.991525423729,-0.991525423729,0,6018,32058,274,-37802,38350,-0.985710560626,442,325,-117,-0.264108352144,118,1.0,54,274,1,118,51,274,118,1.0,0.907857826744,2,22,22,1.0,1.0,0.991525423729,0.048868095895,2,0,0,117,0,117,-0.991525423729,-0.991525423729,0,6018,32058,274,-37802,38350,-0.985710560626,442,325,-117,-0.264108352144,118,1.0
MOT17-09-FRCNN,4,24,274,v_to_u,24,4,1,275,251,54,54,24,4,1,221,274,1,525,54,525,54,274,1,251,251,251,1.0,0.244920991144,0.114691500074,0.37063541491,0.143981100658,0.190189362476,-1.0,-1.0,149,1,"{""4"": 251}",251,30,30,1,30,28,30,30,1.0,0.815960241696,2,7,7,1.0,1.0,1.0,-0.0,1,0,0,30,0,30,-1.0,-1.0,0,840,900,0,-1740,1740,-1.0,88,58,-30,-0.340909090909,30,1.0,54,60,1,60,51,59,60,1.0,0.850062750865,2,7,7,1.0,1.0,0.616666666667,0.814103810473,3,0,0,37,0,37,-0.616666666667,-0.616666666667,0,3060,2183,1357,-3886,6600,-0.588787878788,147,110,-37,-0.217647058824,60,1.0,54,120,1,120,51,119,120,1.0,0.871568319464,2,7,29,1.0,0.521008403361,0.625,0.837065879311,3,0,0,37,0,37,-0.308333333333,-0.308333333333,0,6120,2742,11538,2676,20400,0.131176470588,150,137,-13,-0.044827586207,120,1.0,54,274,1,251,51,273,251,1.0,0.876777360999,2,1,29,1.0,0.769230769231,0.486055776892,1.109043880719,4,0,0,8,0,8,-0.03187250996,-0.03187250996,0,12801,3974,64549,47774,81324,0.587452658502,269,332,63,0.109565217391,251,1.0,54,274,1,251,51,273,251,1.0,0.876777360999,2,1,29,1.0,0.769230769231,0.486055776892,1.109043880719,4,0,0,8,0,8,-0.03187250996,-0.03187250996,0,12801,3974,64549,47774,81324,0.587452658502,269,332,63,0.109565217391,251,1.0
MOT17-09-FRCNN,12,24,274,v_to_u,24,12,1,275,118,54,54,24,12,1,221,274,137,392,54,256,54,138,1,118,118,118,1.0,1.043994075229,0.029507299142,0.0,0.07514466793,0.132255430163,-1.0,-1.0,150,1,"{""12"": 118}",118,30,30,1,30,28,30,30,1.0,0.898975186767,2,8,8,1.0,1.0,1.0,-0.0,1,0,0,30,0,30,-1.0,-1.0,0,840,900,0,-1740,1740,-1.0,88,58,-30,-0.340909090909,30,1.0,54,60,1,60,51,60,60,1.0,0.886970047451,2,8,8,1.0,1.0,1.0,-0.0,1,0,0,60,0,60,-1.0,-1.0,0,3060,3600,0,-6660,6660,-1.0,171,111,-60,-0.350877192982,60,1.0,54,120,1,118,51,120,108,0.915254237288,0.864434458694,2,8,8,1.0,1.0,1.0,-0.0,1,0,0,108,0,108,-1.0,-1.0,0,5508,12960,0,-18468,18468,-1.0,279,171,-108,-0.387096774194,118,1.0,54,138,1,118,51,138,108,0.915254237288,0.864434458694,2,8,8,1.0,1.0,1.0,-0.0,1,0,0,108,0,108,-1.0,-1.0,0,5508,14904,0,-20412,20412,-1.0,297,189,-108,-0.363636363636,118,1.0,54,138,1,118,51,138,108,0.915254237288,0.864434458694,2,8,8,1.0,1.0,1.0,-0.0,1,0,0,108,0,108,-1.0,-1.0,0,5508,14904,0,-20412,20412,-1.0,297,189,-108,-0.363636363636,118,1.0
MOT17-09-FRCNN,14,24,274,v_to_u,24,14,1,275,66,54,54,24,14,1,221,274,145,340,54,196,54,130,1,66,66,66,1.0,0.639113488589,0.014363351477,0.0,0.015103175514,0.04239946363,-1.0,-1.0,151,1,"{""14"": 66}",66,30,30,1,30,28,30,30,1.0,0.920600531083,2,10,10,1.0,1.0,1.0,-0.0,1,0,0,30,0,30,-1.0,-1.0,0,840,900,0,-1740,1740,-1.0,88,58,-30,-0.340909090909,30,1.0,54,60,1,60,51,60,60,1.0,0.882569056989,2,10,10,1.0,1.0,1.0,-0.0,1,0,0,60,0,60,-1.0,-1.0,0,3060,3600,0,-6660,6660,-1.0,171,111,-60,-0.350877192982,60,1.0,54,120,1,66,51,120,66,1.0,0.855801600284,2,10,10,1.0,0.991666666667,0.984848484848,0.078515764099,2,0,0,65,0,65,-0.984848484848,-0.984848484848,0,3366,7735,185,-10916,11286,-0.967216019848,235,170,-65,-0.274261603376,66,1.0,54,130,1,66,51,130,66,1.0,0.855801600284,2,10,10,1.0,0.992307692308,0.984848484848,0.078515764099,2,0,0,65,0,65,-0.984848484848,-0.984848484848,0,3366,8385,195,-11556,11946,-0.9673530889,245,180,-65,-0.263157894737,66,1.0,54,130,1,66,51,130,66,1.0,0.855801600284,2,10,10,1.0,0.992307692308,0.984848484848,0.078515764099,2,0,0,65,0,65,-0.984848484848,-0.984848484848,0,3366,8385,195,-11556,11946,-0.9673530889,245,180,-65,-0.263157894737,66,1.0
MOT17-09-FRCNN,16,24,274,v_to_u,24,16,1,275,63,54,54,24,16,1,221,274,169,337,54,169,54,106,1,63,63,63,1.0,3.827641805544,0.269116084167,0.0,0.182096736649,0.294315910275,-1.0,-1.0,152,1,"{""16"": 63}",63,30,30,1,30,28,30,30,1.0,0.865913572476,2,18,18,1.0,0.8,1.0,-0.0,1,0,0,30,0,30,-1.0,-1.0,0,840,720,180,-1380,1740,-0.793103448276,82,52,-30,-0.340909090909,30,1.0,54,60,1,60,51,60,60,1.0,0.874185247183,2,18,18,1.0,0.9,1.0,-0.0,1,0,0,60,0,60,-1.0,-1.0,0,3060,3240,360,-5940,6660,-0.891891891892,165,105,-60,-0.350877192982,60,1.0,54,106,1,63,51,106,63,1.0,0.87305424132,2,18,18,1.0,0.943396226415,1.0,-0.0,1,0,0,63,0,63,-1.0,-1.0,0,3213,6300,378,-9135,9891,-0.923566878981,214,151,-63,-0.286363636364,63,1.0,54,106,1,63,51,106,63,1.0,0.87305424132,2,18,18,1.0,0.943396226415,1.0,-0.0,1,0,0,63,0,63,-1.0,-1.0,0,3213,6300,378,-9135,9891,-0.923566878981,214,151,-63,-0.286363636364,63,1.0,54,106,1,63,51,106,63,1.0,0.87305424132,2,18,18,1.0,0.943396226415,1.0,-0.0,1,0,0,63,0,63,-1.0,-1.0,0,3213,6300,378,-9135,9891,-0.923566878981,214,151,-63,-0.286363636364,63,1.0
MOT17-09-FRCNN,17,24,274,v_to_u,24,17,1,275,108,54,54,24,17,1,221,274,170,382,54,213,54,105,1,108,108,108,1.0,3.048965849131,0.129577810419,0.0,0.086858085045,0.32536245934,-1.0,-1.0,153,1,"{""17"": 108}",108,30,30,1,30,28,30,30,1.0,0.884107014852,2,21,21,1.0,1.0,1.0,-0.0,1,0,0,30,0,30,-1.0,-1.0,0,840,900,0,-1740,1740,-1.0,88,58,-30,-0.340909090909,30,1.0,54,60,1,60,51,60,60,1.0,0.903782044167,2,21,21,1.0,1.0,1.0,-0.0,1,0,0,60,0,60,-1.0,-1.0,0,3060,3600,0,-6660,6660,-1.0,171,111,-60,-0.350877192982,60,1.0,54,105,1,108,51,105,108,1.0,0.901701866667,2,21,21,1.0,1.0,1.0,-0.0,1,0,0,108,0,108,-1.0,-1.0,0,5508,11340,0,-16848,16848,-1.0,264,156,-108,-0.409090909091,108,1.0,54,105,1,108,51,105,108,1.0,0.901701866667,2,21,21,1.0,1.0,1.0,-0.0,1,0,0,108,0,108,-1.0,-1.0,0,5508,11340,0,-16848,16848,-1.0,264,156,-108,-0.409090909091,108,1.0,54,105,1,108,51,105,108,1.0,0.901701866667,2,21,21,1.0,1.0,1.0,-0.0,1,0,0,108,0,108,-1.0,-1.0,0,5508,11340,0,-16848,16848,-1.0,264,156,-108,-0.409090909091,108,1.0
MOT17-09-FRCNN,18,24,274,v_to_u,24,18,1,275,127,54,54,24,18,1,221,274,181,401,54,221,54,94,1,127,127,127,1.0,0.11792588159,0.220471469213,0.363686398888,0.522560879984,0.488902444218,-1.0,-1.0,154,1,"{""18"": 127}",127,30,30,1,30,28,30,30,1.0,0.883674496201,2,29,29,1.0,1.0,1.0,-0.0,1,0,0,30,0,30,-1.0,-1.0,0,840,900,0,-1740,1740,-1.0,88,58,-30,-0.340909090909,30,1.0,54,60,1,60,51,60,59,0.983333333333,0.792076772877,2,29,29,1.0,1.0,0.610169491525,0.668672210841,2,0,0,36,0,36,-0.610169491525,-0.610169491525,0,3009,2160,1380,-3789,6549,-0.57856161246,147,111,-36,-0.211764705882,60,1.0,54,94,1,120,51,94,119,0.991666666667,0.836013950372,2,29,7,1.0,1.0,0.697478991597,0.612985239065,2,0,0,36,0,36,-0.302521008403,-0.302521008403,0,6069,3384,7802,-1651,17255,-0.095682410895,181,177,-4,-0.015151515152,120,1.0,54,94,1,127,51,94,123,0.968503937008,0.838182663867,2,29,7,1.0,1.0,0.707317073171,0.604536484581,2,0,0,36,0,36,-0.292682926829,-0.292682926829,0,6273,3384,8178,-1479,17835,-0.082926829268,181,181,0,0.0,127,1.0,54,94,1,127,51,94,123,0.968503937008,0.838182663867,2,29,7,1.0,1.0,0.707317073171,0.604536484581,2,0,0,36,0,36,-0.292682926829,-0.292682926829,0,6273,3384,8178,-1479,17835,-0.082926829268,181,181,0,0.0,127,1.0
MOT17-09-FRCNN,20,24,274,v_to_u,24,20,1,275,251,54,54,24,20,1,221,274,198,525,54,328,54,77,1,251,251,251,1.0,0.67902190693,0.14812988372,0.0,0.237320269183,0.3898291918,-1.0,-1.0,155,1,"{""20"": 251}",251,30,30,1,30,28,30,30,1.0,0.899416006031,2,11,11,1.0,1.0,1.0,-0.0,1,0,0,30,0,30,-1.0,-1.0,0,840,900,0,-1740,1740,-1.0,88,58,-30,-0.340909090909,30,1.0,54,60,1,60,51,60,60,1.0,0.886156131919,2,11,11,1.0,1.0,1.0,-0.0,1,0,0,60,0,60,-1.0,-1.0,0,3060,3600,0,-6660,6660,-1.0,171,111,-60,-0.350877192982,60,1.0,54,77,1,120,51,77,120,1.0,0.877915235014,2,11,11,1.0,1.0,0.958333333333,0.173205206749,2,0,0,115,0,115,-0.958333333333,-0.958333333333,0,6120,8855,385,-14590,15360,-0.949869791667,243,128,-115,-0.463709677419,120,1.0,54,77,1,251,51,77,251,1.0,0.896961605313,2,11,11,1.0,1.0,0.980079681275,0.097728845899,2,0,0,246,0,246,-0.980079681275,-0.980079681275,0,12801,18942,385,-31358,32128,-0.976033366534,374,246,-128,-0.337730870712,251,1.0,54,77,1,251,51,77,251,1.0,0.896961605313,2,11,11,1.0,1.0,0.980079681275,0.097728845899,2,0,0,246,0,246,-0.980079681275,-0.980079681275,0,12801,18942,385,-31358,32128,-0.976033366534,374,246,-128,-0.337730870712,251,1.0
MOT17-09-FRCNN,22,24,274,v_to_u,24,22,1,275,75,54,54,24,22,1,221,274,216,349,54,134,54,59,1,75,75,75,1.0,1.234879428535,0.322065580283,0.0,0.458140870343,0.492263937717,-1.0,-1.0,156,1,"{""22"": 75}",75,30,30,1,30,28,30,30,1.0,0.919533748762,2,13,13,1.0,1.0,1.0,-0.0,1,0,0,30,0,30,-1.0,-1.0,0,840,900,0,-1740,1740,-1.0,88,58,-30,-0.340909090909,30,1.0,54,59,1,60,51,59,60,1.0,0.877442377612,2,13,13,1.0,0.949152542373,1.0,-0.0,1,0,0,60,0,60,-1.0,-1.0,0,3060,3360,180,-6240,6600,-0.945454545455,167,107,-60,-0.352941176471,60,1.0,54,59,1,75,51,59,75,1.0,0.867883534015,2,13,13,1.0,0.949152542373,1.0,-0.0,1,0,0,75,0,75,-1.0,-1.0,0,3825,4200,225,-7800,8250,-0.945454545455,182,107,-75,-0.405405405405,75,1.0,54,59,1,75,51,59,75,1.0,0.867883534015,2,13,13,1.0,0.949152542373,1.0,-0.0,1,0,0,75,0,75,-1.0,-1.0,0,3825,4200,225,-7800,8250,-0.945454545455,182,107,-75,-0.405405405405,75,1.0,54,59,1,75,51,59,75,1.0,0.867883534015,2,13,13,1.0,0.949152542373,1.0,-0.0,1,0,0,75,0,75,-1.0,-1.0,0,3825,4200,225,-7800,8250,-0.945454545455,182,107,-75,-0.405405405405,75,1.0
MOT17-09-FRCNN,23,24,274,v_to_u,24,23,1,275,213,54,54,24,23,1,221,274,219,487,54,269,54,56,1,213,213,213,1.0,0.483852389993,0.362383166994,0.103062609414,0.63051802149,0.575060808309,-1.0,-1.0,157,1,"{""23"": 213}",213,30,30,1,30,28,30,30,1.0,0.91565705537,2,12,12,1.0,1.0,1.0,-0.0,1,0,0,30,0,30,-1.0,-1.0,0,840,900,0,-1740,1740,-1.0,88,58,-30,-0.340909090909,30,1.0,54,56,1,60,51,56,60,1.0,0.898131350942,2,12,12,1.0,1.0,1.0,-0.0,1,0,0,60,0,60,-1.0,-1.0,0,3060,3360,0,-6420,6420,-1.0,167,107,-60,-0.359281437126,60,1.0,54,56,1,120,51,56,120,1.0,0.91872810664,2,12,12,1.0,1.0,1.0,-0.0,1,0,0,120,0,120,-1.0,-1.0,0,6120,6720,0,-12840,12840,-1.0,227,120,-107,-0.471365638767,120,1.0,54,56,1,213,51,56,209,0.981220657277,0.875111402249,2,12,12,1.0,1.0,0.846889952153,0.428066062706,2,0,0,177,0,177,-0.846889952153,-0.846889952153,0,10659,9912,1792,-18779,22363,-0.83973527702,284,177,-107,-0.338607594937,213,1.0,54,56,1,213,51,56,209,0.981220657277,0.875111402249,2,12,12,1.0,1.0,0.846889952153,0.428066062706,2,0,0,177,0,177,-0.846889952153,-0.846889952153,0,10659,9912,1792,-18779,22363,-0.83973527702,284,177,-107,-0.338607594937,213,1.0
MOT17-09-FRCNN,24,25,274,u_to_v,24,25,1,275,11,52,52,24,25,1,221,274,223,285,54,63,54,52,1,11,11,11,1.0,0.585404085895,0.113394236656,0.030037943672,0.178661127534,0.150764797937,-1.0,-1.0,158,1,"{""25"": 11}",11,30,30,1,11,28,30,7,0.636363636364,0.648442814279,2,1,2,1.0,1.0,0.714285714286,0.598269588585,2,0,5,2,5,2,0.428571428571,0.428571428571,140,56,60,150,174,406,0.428571428571,60,63,3,0.046153846154,11,1.0,54,52,1,11,51,52,7,0.636363636364,0.648442814279,2,1,2,1.0,0.980769230769,0.714285714286,0.598269588585,2,0,5,2,5,2,0.428571428571,0.428571428571,255,102,102,262,313,721,0.434119278779,104,107,3,0.027272727273,11,1.0,54,52,1,11,51,52,7,0.636363636364,0.648442814279,2,1,2,1.0,0.980769230769,0.714285714286,0.598269588585,2,0,5,2,5,2,0.428571428571,0.428571428571,255,102,102,262,313,721,0.434119278779,104,107,3,0.027272727273,11,1.0,54,52,1,11,51,52,7,0.636363636364,0.648442814279,2,1,2,1.0,0.980769230769,0.714285714286,0.598269588585,2,0,5,2,5,2,0.428571428571,0.428571428571,255,102,102,262,313,721,0.434119278779,104,107,3,0.027272727273,11,1.0,54,52,1,11,51,52,7,0.636363636364,0.648442814279,2,1,2,1.0,0.980769230769,0.714285714286,0.598269588585,2,0,5,2,5,2,0.428571428571,0.428571428571,255,102,102,262,313,721,0.434119278779,104,107,3,0.027272727273,11,1.0
MOT17-09-FRCNN,2,28,277,v_to_u,28,2,1,278,115,1,1,28,2,1,277,277,1,392,1,392,1,277,1,115,115,115,1.0,2.126421493486,0.119593981578,0.0,0.311418352351,0.267484563328,-1.0,-1.0,159,1,"{""2"": 115}",115,1,30,1,30,1,30,30,1.0,0.914271950411,1,22,22,1.0,1.0,1.0,-0.0,1,0,0,30,0,30,-1.0,-1.0,0,30,900,0,-930,930,-1.0,61,31,-30,-0.491803278689,30,1.0,1,60,1,60,1,60,60,1.0,0.909169800634,1,22,22,1.0,1.0,0.983333333333,0.084766075715,2,0,0,59,0,59,-0.983333333333,-0.983333333333,0,60,3540,60,-3540,3660,-0.967213114754,120,61,-59,-0.487603305785,60,1.0,1,120,1,115,1,120,115,1.0,0.906924514687,1,22,22,1.0,1.0,0.991304347826,0.049918014303,2,0,0,114,0,114,-0.991304347826,-0.991304347826,0,115,13680,120,-13675,13915,-0.98275242544,235,121,-114,-0.483050847458,115,1.0,1,277,1,115,1,277,115,1.0,0.906924514687,1,22,22,1.0,1.0,0.991304347826,0.049918014303,2,0,0,114,0,114,-0.991304347826,-0.991304347826,0,115,31578,277,-31416,31970,-0.982671254301,392,278,-114,-0.290076335878,115,1.0,1,277,1,115,1,277,115,1.0,0.906924514687,1,22,22,1.0,1.0,0.991304347826,0.049918014303,2,0,0,114,0,114,-0.991304347826,-0.991304347826,0,115,31578,277,-31416,31970,-0.982671254301,392,278,-114,-0.290076335878,115,1.0
MOT17-09-FRCNN,4,28,277,v_to_u,28,4,1,278,248,1,1,28,4,1,277,277,1,525,1,525,1,277,1,248,248,248,1.0,0.337991043418,0.1042703376,0.267241022901,0.203134951153,0.153338793771,-1.0,-1.0,160,1,"{""4"": 248}",248,1,30,1,30,1,30,30,1.0,0.821186886133,1,7,7,1.0,1.0,1.0,-0.0,1,0,0,30,0,30,-1.0,-1.0,0,30,900,0,-930,930,-1.0,61,31,-30,-0.491803278689,30,1.0,1,60,1,60,1,59,60,1.0,0.849980571574,1,7,7,1.0,1.0,0.566666666667,0.918320226832,3,0,6,34,6,34,-0.466666666667,-0.466666666667,6,54,2006,1534,-520,3600,-0.144444444444,94,79,-15,-0.125,60,1.0,1,120,1,120,1,119,120,1.0,0.873077916322,1,7,29,1.0,0.546218487395,0.65,0.817866087347,3,0,8,34,8,34,-0.216666666667,-0.216666666667,8,112,2634,11646,8908,14400,0.618611111111,100,143,43,0.179166666667,120,1.0,1,277,1,248,1,276,248,1.0,0.876882527539,1,1,29,1.0,0.760869565217,0.491935483871,1.09886838838,4,1,8,8,0,0,0.0,0.0,8,240,3890,64558,60436,68696,0.87976010248,218,332,114,0.217142857143,248,1.0,1,277,1,248,1,276,248,1.0,0.876882527539,1,1,29,1.0,0.760869565217,0.491935483871,1.09886838838,4,1,8,8,0,0,0.0,0.0,8,240,3890,64558,60436,68696,0.87976010248,218,332,114,0.217142857143,248,1.0
MOT17-09-FRCNN,12,28,277,v_to_u,28,12,1,278,115,1,1,28,12,1,277,277,137,392,1,256,1,141,1,115,115,115,1.0,1.478470348809,0.103701176073,0.0,0.250216130532,0.110354554916,-1.0,-1.0,161,1,"{""12"": 115}",115,1,30,1,30,1,30,30,1.0,0.899983169855,1,8,8,1.0,1.0,1.0,-0.0,1,0,0,30,0,30,-1.0,-1.0,0,30,900,0,-930,930,-1.0,61,31,-30,-0.491803278689,30,1.0,1,60,1,60,1,60,60,1.0,0.888472610541,1,8,8,1.0,1.0,1.0,-0.0,1,0,0,60,0,60,-1.0,-1.0,0,60,3600,0,-3660,3660,-1.0,121,61,-60,-0.495867768595,60,1.0,1,120,1,115,1,120,105,0.913043478261,0.863787656976,1,8,8,1.0,1.0,1.0,-0.0,1,0,0,105,0,105,-1.0,-1.0,0,105,12600,0,-12705,12705,-1.0,226,121,-105,-0.464601769912,115,1.0,1,141,1,115,1,141,105,0.913043478261,0.863787656976,1,8,8,1.0,1.0,1.0,-0.0,1,0,0,105,0,105,-1.0,-1.0,0,105,14805,0,-14910,14910,-1.0,247,142,-105,-0.425101214575,115,1.0,1,141,1,115,1,141,105,0.913043478261,0.863787656976,1,8,8,1.0,1.0,1.0,-0.0,1,0,0,105,0,105,-1.0,-1.0,0,105,14805,0,-14910,14910,-1.0,247,142,-105,-0.425101214575,115,1.0
MOT17-09-FRCNN,14,28,277,v_to_u,28,14,1,278,63,1,1,28,14,1,277,277,145,340,1,196,1,133,1,63,63,63,1.0,1.16344715262,0.135094426718,0.0,0.367827666076,0.30311664292,-1.0,-1.0,162,1,"{""14"": 63}",63,1,30,1,30,1,30,30,1.0,0.927341226524,1,10,10,1.0,1.0,1.0,-0.0,1,0,0,30,0,30,-1.0,-1.0,0,30,900,0,-930,930,-1.0,61,31,-30,-0.491803278689,30,1.0,1,60,1,60,1,60,60,1.0,0.870454903134,1,10,10,1.0,1.0,0.983333333333,0.084766075715,2,0,0,59,0,59,-0.983333333333,-0.983333333333,0,60,3540,60,-3540,3660,-0.967213114754,120,61,-59,-0.487603305785,60,1.0,1,120,1,63,1,120,63,1.0,0.853661509279,1,10,10,1.0,0.991666666667,0.984126984127,0.08151041095,2,0,0,62,0,62,-0.984126984127,-0.984126984127,0,63,7378,182,-7259,7623,-0.952249770432,182,120,-62,-0.336956521739,63,1.0,1,133,1,63,1,133,63,1.0,0.853661509279,1,10,10,1.0,0.992481203008,0.984126984127,0.08151041095,2,0,0,62,0,62,-0.984126984127,-0.984126984127,0,63,8184,195,-8052,8442,-0.953802416489,195,133,-62,-0.314720812183,63,1.0,1,133,1,63,1,133,63,1.0,0.853661509279,1,10,10,1.0,0.992481203008,0.984126984127,0.08151041095,2,0,0,62,0,62,-0.984126984127,-0.984126984127,0,63,8184,195,-8052,8442,-0.953802416489,195,133,-62,-0.314720812183,63,1.0
MOT17-09-FRCNN,16,28,277,v_to_u,28,16,1,278,60,1,1,28,16,1,277,277,169,337,1,169,1,109,1,60,60,60,1.0,4.00435180041,0.39600497324,0.0,0.486781775071,0.53497072081,-1.0,-1.0,163,1,"{""16"": 60}",60,1,30,1,30,1,30,30,1.0,0.855428940376,1,18,18,1.0,0.8,1.0,-0.0,1,0,0,30,0,30,-1.0,-1.0,0,30,720,180,-570,930,-0.612903225806,55,36,-19,-0.311475409836,30,1.0,1,60,1,60,1,60,60,1.0,0.870329053635,1,18,18,1.0,0.9,1.0,-0.0,1,0,0,60,0,60,-1.0,-1.0,0,60,3240,360,-2940,3660,-0.803278688525,115,66,-49,-0.404958677686,60,1.0,1,109,1,60,1,109,60,1.0,0.870329053635,1,18,18,1.0,0.94495412844,1.0,-0.0,1,0,0,60,0,60,-1.0,-1.0,0,60,6180,360,-5880,6600,-0.890909090909,164,104,-60,-0.352941176471,60,1.0,1,109,1,60,1,109,60,1.0,0.870329053635,1,18,18,1.0,0.94495412844,1.0,-0.0,1,0,0,60,0,60,-1.0,-1.0,0,60,6180,360,-5880,6600,-0.890909090909,164,104,-60,-0.352941176471,60,1.0,1,109,1,60,1,109,60,1.0,0.870329053635,1,18,18,1.0,0.94495412844,1.0,-0.0,1,0,0,60,0,60,-1.0,-1.0,0,60,6180,360,-5880,6600,-0.890909090909,164,104,-60,-0.352941176471,60,1.0
MOT17-09-FRCNN,17,28,277,v_to_u,28,17,1,278,105,1,1,28,17,1,277,277,170,382,1,213,1,108,1,105,105,105,1.0,3.35713800257,0.041703394031,0.0,0.454399513449,0.573898589817,-1.0,-1.0,164,1,"{""17"": 105}",105,1,30,1,30,1,30,30,1.0,0.892178346059,1,21,21,1.0,1.0,1.0,-0.0,1,0,0,30,0,30,-1.0,-1.0,0,30,900,0,-930,930,-1.0,61,31,-30,-0.491803278689,30,1.0,1,60,1,60,1,60,60,1.0,0.907226801026,1,21,21,1.0,1.0,1.0,-0.0,1,0,0,60,0,60,-1.0,-1.0,0,60,3600,0,-3660,3660,-1.0,121,61,-60,-0.495867768595,60,1.0,1,108,1,105,1,108,105,1.0,0.902442498509,1,21,21,1.0,1.0,1.0,-0.0,1,0,0,105,0,105,-1.0,-1.0,0,105,11340,0,-11445,11445,-1.0,214,109,-105,-0.490654205607,105,1.0,1,108,1,105,1,108,105,1.0,0.902442498509,1,21,21,1.0,1.0,1.0,-0.0,1,0,0,105,0,105,-1.0,-1.0,0,105,11340,0,-11445,11445,-1.0,214,109,-105,-0.490654205607,105,1.0,1,108,1,105,1,108,105,1.0,0.902442498509,1,21,21,1.0,1.0,1.0,-0.0,1,0,0,105,0,105,-1.0,-1.0,0,105,11340,0,-11445,11445,-1.0,214,109,-105,-0.490654205607,105,1.0
MOT17-09-FRCNN,18,28,277,v_to_u,28,18,1,278,124,1,1,28,18,1,277,277,181,401,1,221,1,97,1,124,124,124,1.0,0.588327880587,0.087373812024,0.039983741245,0.305209195036,0.237948480939,-1.0,-1.0,165,1,"{""18"": 124}",124,1,30,1,30,1,30,30,1.0,0.840642271665,1,29,29,1.0,1.0,1.0,-0.0,1,0,0,30,0,30,-1.0,-1.0,0,30,900,0,-930,930,-1.0,61,31,-30,-0.491803278689,30,1.0,1,60,1,60,1,60,59,0.983333333333,0.79153034712,1,29,29,1.0,1.0,0.559322033898,0.686092367347,2,0,0,33,0,33,-0.559322033898,-0.559322033898,0,59,1980,1560,-479,3599,-0.133092525702,94,86,-8,-0.066666666667,60,1.0,1,97,1,120,1,97,119,0.991666666667,0.835715618588,1,29,7,1.0,1.0,0.72268907563,0.59039561911,2,0,0,33,0,33,-0.27731092437,-0.27731092437,0,119,3201,8342,5022,11662,0.430629394615,131,183,52,0.239631336406,120,1.0,1,97,1,124,1,97,120,0.967741935484,0.835593579968,1,29,7,1.0,1.0,0.725,0.588168777354,2,0,0,33,0,33,-0.275,-0.275,0,120,3201,8439,5118,11760,0.435204081633,131,184,53,0.243119266055,124,1.0,1,97,1,124,1,97,120,0.967741935484,0.835593579968,1,29,7,1.0,1.0,0.725,0.588168777354,2,0,0,33,0,33,-0.275,-0.275,0,120,3201,8439,5118,11760,0.435204081633,131,184,53,0.243119266055,124,1.0
MOT17-09-FRCNN,20,28,277,v_to_u,28,20,1,278,248,1,1,28,20,1,277,277,198,525,1,328,1,80,1,248,248,248,1.0,0.11057712393,0.024123438558,0.695090356705,0.026633597648,0.152693597794,-1.0,-1.0,166,1,"{""20"": 248}",248,1,30,1,30,1,30,30,1.0,0.899173273135,1,11,11,1.0,1.0,1.0,-0.0,1,0,0,30,0,30,-1.0,-1.0,0,30,900,0,-930,930,-1.0,61,31,-30,-0.491803278689,30,1.0,1,60,1,60,1,60,60,1.0,0.888341530843,1,11,11,1.0,1.0,1.0,-0.0,1,0,0,60,0,60,-1.0,-1.0,0,60,3600,0,-3660,3660,-1.0,121,61,-60,-0.495867768595,60,1.0,1,80,1,120,1,80,120,1.0,0.878785886837,1,11,11,1.0,1.0,0.958333333333,0.173205206749,2,0,0,115,0,115,-0.958333333333,-0.958333333333,0,120,9200,400,-8920,9720,-0.917695473251,196,115,-81,-0.402985074627,120,1.0,1,80,1,248,1,80,248,1.0,0.897510742368,1,11,11,1.0,1.0,0.979838709677,0.098666164335,2,0,0,243,0,243,-0.979838709677,-0.979838709677,0,248,19440,400,-19288,20088,-0.960175228992,324,243,-81,-0.246200607903,248,1.0,1,80,1,248,1,80,248,1.0,0.897510742368,1,11,11,1.0,1.0,0.979838709677,0.098666164335,2,0,0,243,0,243,-0.979838709677,-0.979838709677,0,248,19440,400,-19288,20088,-0.960175228992,324,243,-81,-0.246200607903,248,1.0
MOT17-09-FRCNN,22,28,277,v_to_u,28,22,1,278,72,1,1,28,22,1,277,277,216,349,1,134,1,62,1,72,72,72,1.0,0.540522032681,0.166195346634,0.080477538119,0.295132878608,0.223889583183,-1.0,-1.0,167,1,"{""22"": 72}",72,1,30,1,30,1,30,30,1.0,0.911163904465,1,13,13,1.0,1.0,1.0,-0.0,1,0,0,30,0,30,-1.0,-1.0,0,30,900,0,-930,930,-1.0,61,31,-30,-0.491803278689,30,1.0,1,60,1,60,1,60,60,1.0,0.872760129511,1,13,13,1.0,0.983333333333,1.0,-0.0,1,0,0,60,0,60,-1.0,-1.0,0,60,3540,60,-3540,3660,-0.967213114754,120,61,-59,-0.487603305785,60,1.0,1,62,1,72,1,62,72,1.0,0.863787039325,1,13,13,1.0,0.951612903226,1.0,-0.0,1,0,0,72,0,72,-1.0,-1.0,0,72,4248,216,-4104,4536,-0.904761904762,132,75,-57,-0.422222222222,72,1.0,1,62,1,72,1,62,72,1.0,0.863787039325,1,13,13,1.0,0.951612903226,1.0,-0.0,1,0,0,72,0,72,-1.0,-1.0,0,72,4248,216,-4104,4536,-0.904761904762,132,75,-57,-0.422222222222,72,1.0,1,62,1,72,1,62,72,1.0,0.863787039325,1,13,13,1.0,0.951612903226,1.0,-0.0,1,0,0,72,0,72,-1.0,-1.0,0,72,4248,216,-4104,4536,-0.904761904762,132,75,-57,-0.422222222222,72,1.0
MOT17-09-FRCNN,23,28,277,v_to_u,28,23,1,278,210,1,1,28,23,1,277,277,219,487,1,269,1,59,1,210,210,210,1.0,0.117367423492,0.202861136498,0.538272094482,0.243113752972,0.318894129306,-1.0,-1.0,168,1,"{""23"": 210}",210,1,30,1,30,1,30,30,1.0,0.912537954041,1,12,12,1.0,1.0,1.0,-0.0,1,0,0,30,0,30,-1.0,-1.0,0,30,900,0,-930,930,-1.0,61,31,-30,-0.491803278689,30,1.0,1,59,1,60,1,59,60,1.0,0.896032802896,1,12,12,1.0,1.0,1.0,-0.0,1,0,0,60,0,60,-1.0,-1.0,0,60,3540,0,-3600,3600,-1.0,120,60,-60,-0.5,60,1.0,1,59,1,120,1,59,120,1.0,0.918111528183,1,12,12,1.0,1.0,1.0,-0.0,1,0,0,120,0,120,-1.0,-1.0,0,120,7080,0,-7200,7200,-1.0,180,120,-60,-0.333333333333,120,1.0,1,59,1,210,1,59,206,0.980952380952,0.874115172922,1,12,12,1.0,1.0,0.844660194175,0.431860775814,2,0,32,174,32,174,-0.68932038835,-0.68932038835,32,174,10266,1888,-8520,12360,-0.68932038835,234,174,-60,-0.225563909774,210,1.0,1,59,1,210,1,59,206,0.980952380952,0.874115172922,1,12,12,1.0,1.0,0.844660194175,0.431860775814,2,0,32,174,32,174,-0.68932038835,-0.68932038835,32,174,10266,1888,-8520,12360,-0.68932038835,234,174,-60,-0.225563909774,210,1.0
MOT17-09-FRCNN,25,28,277,v_to_u,28,25,1,278,8,1,1,28,25,1,277,277,223,285,1,63,1,55,1,8,8,8,1.0,0.138161529054,0.13983402013,0.47737621626,0.321976667269,0.353933746823,-1.0,-1.0,169,1,"{""25"": 8}",8,1,30,1,8,1,29,5,0.625,0.68492589205,1,1,2,1.0,1.0,1.0,-0.0,1,1,0,0,0,0,0.0,0.0,0,5,0,145,140,150,0.933333333333,29,34,5,0.142857142857,8,1.0,1,55,1,8,1,54,5,0.625,0.68492589205,1,1,2,1.0,0.981481481481,1.0,-0.0,1,1,0,0,0,0,0.0,0.0,0,5,0,270,265,275,0.963636363636,53,58,5,0.083333333333,8,1.0,1,55,1,8,1,54,5,0.625,0.68492589205,1,1,2,1.0,0.981481481481,1.0,-0.0,1,1,0,0,0,0,0.0,0.0,0,5,0,270,265,275,0.963636363636,53,58,5,0.083333333333,8,1.0,1,55,1,8,1,54,5,0.625,0.68492589205,1,1,2,1.0,0.981481481481,1.0,-0.0,1,1,0,0,0,0,0.0,0.0,0,5,0,270,265,275,0.963636363636,53,58,5,0.083333333333,8,1.0,1,55,1,8,1,54,5,0.625,0.68492589205,1,1,2,1.0,0.981481481481,1.0,-0.0,1,1,0,0,0,0,0.0,0.0,0,5,0,270,265,275,0.963636363636,53,58,5,0.083333333333,8,1.0
MOT17-09-FRCNN,2,25,285,v_to_u,25,2,1,286,107,63,63,25,2,1,223,285,1,392,63,392,63,285,1,107,107,107,1.0,2.029670320884,0.043936004238,0.0,0.040558726678,0.080547517757,-1.0,-1.0,170,1,"{""2"": 107}",107,30,30,1,30,26,30,30,1.0,0.920697923322,1,22,22,0.807692307692,1.0,1.0,-0.0,1,0,0,30,0,30,-1.0,-1.0,0,780,900,0,-1680,1680,-1.0,81,51,-30,-0.348837209302,30,1.0,60,60,1,60,56,60,60,1.0,0.906370372996,1,22,22,0.892857142857,1.0,0.983333333333,0.084766075715,2,0,0,59,0,59,-0.983333333333,-0.983333333333,0,3360,3540,60,-6840,6960,-0.98275862069,169,110,-59,-0.335227272727,60,1.0,63,120,1,107,59,120,107,1.0,0.905623857442,1,22,22,0.898305084746,1.0,0.990654205607,0.052973283285,2,0,0,106,0,106,-0.990654205607,-0.990654205607,0,6313,12720,120,-18913,19153,-0.987469325954,279,173,-106,-0.370629370629,107,1.0,63,285,1,107,59,285,107,1.0,0.905623857442,1,22,22,0.898305084746,1.0,0.990654205607,0.052973283285,2,0,0,106,0,106,-0.990654205607,-0.990654205607,0,6313,30210,285,-36238,36808,-0.984514236036,444,338,-106,-0.235033259424,107,1.0,63,285,1,107,59,285,107,1.0,0.905623857442,1,22,22,0.898305084746,1.0,0.990654205607,0.052973283285,2,0,0,106,0,106,-0.990654205607,-0.990654205607,0,6313,30210,285,-36238,36808,-0.984514236036,444,338,-106,-0.235033259424,107,1.0
MOT17-09-FRCNN,4,25,285,v_to_u,25,4,1,286,240,63,63,25,4,1,223,285,1,525,63,525,63,285,1,240,240,240,1.0,0.179046861635,0.123790295711,0.462321154482,0.254150439028,0.226594984099,-1.0,-1.0,171,1,"{""4"": 240}",240,30,30,1,30,26,30,30,1.0,0.849206466199,1,7,7,0.807692307692,1.0,0.866666666667,0.392674467228,2,0,0,26,0,26,-0.866666666667,-0.866666666667,0,780,780,120,-1440,1680,-0.857142857143,77,51,-26,-0.302325581395,30,1.0,60,60,1,60,56,59,60,1.0,0.849563728786,1,7,7,0.892857142857,1.0,0.433333333333,0.993402023713,3,0,8,26,8,26,-0.3,-0.3,426,2934,1534,2006,-2036,6900,-0.295072463768,135,117,-18,-0.102857142857,60,1.0,63,120,1,120,59,119,120,1.0,0.876349226267,1,7,29,0.898305084746,0.613445378151,0.716666666667,0.750659161117,3,0,8,26,8,26,-0.15,-0.15,450,6630,2258,12022,3584,21360,0.167790262172,152,159,7,0.023489932886,120,1.0,63,285,1,240,59,284,240,1.0,0.879140303319,1,1,29,0.898305084746,0.739436619718,0.508333333333,1.065533836332,4,1,8,8,0,0,0.0,0.0,450,13710,3578,64582,47744,82320,0.579980563654,223,332,109,0.186963979417,240,1.0,63,285,1,240,59,284,240,1.0,0.879140303319,1,1,29,0.898305084746,0.739436619718,0.508333333333,1.065533836332,4,1,8,8,0,0,0.0,0.0,450,13710,3578,64582,47744,82320,0.579980563654,223,332,109,0.186963979417,240,1.0
MOT17-09-FRCNN,12,25,285,v_to_u,25,12,1,286,107,63,63,25,12,1,223,285,137,392,63,256,63,149,1,107,107,107,1.0,1.335110311878,0.029532009783,0.0,0.082263196434,0.182327945162,-1.0,-1.0,172,1,"{""12"": 107}",107,30,30,1,30,26,30,30,1.0,0.885227402077,1,8,8,0.807692307692,1.0,1.0,-0.0,1,0,0,30,0,30,-1.0,-1.0,0,780,900,0,-1680,1680,-1.0,81,51,-30,-0.348837209302,30,1.0,60,60,1,60,56,60,60,1.0,0.886082891844,1,8,8,0.892857142857,1.0,1.0,-0.0,1,0,0,60,0,60,-1.0,-1.0,0,3360,3600,0,-6960,6960,-1.0,170,110,-60,-0.340909090909,60,1.0,63,120,1,107,59,120,97,0.906542056075,0.860054871737,1,8,8,0.898305084746,1.0,1.0,-0.0,1,0,0,97,0,97,-1.0,-1.0,0,5723,11640,0,-17363,17363,-1.0,270,173,-97,-0.351449275362,107,1.0,63,149,1,107,59,149,97,0.906542056075,0.860054871737,1,8,8,0.898305084746,1.0,1.0,-0.0,1,0,0,97,0,97,-1.0,-1.0,0,5723,14453,0,-20176,20176,-1.0,299,202,-97,-0.318032786885,107,1.0,63,149,1,107,59,149,97,0.906542056075,0.860054871737,1,8,8,0.898305084746,1.0,1.0,-0.0,1,0,0,97,0,97,-1.0,-1.0,0,5723,14453,0,-20176,20176,-1.0,299,202,-97,-0.318032786885,107,1.0
MOT17-09-FRCNN,14,25,285,v_to_u,25,14,1,286,55,63,63,25,14,1,223,285,145,340,63,196,63,141,1,55,55,55,1.0,0.991301076226,0.003468795458,0.0,0.202611856631,0.011023005315,-1.0,-1.0,173,1,"{""14"": 55}",55,30,30,1,30,26,30,30,1.0,0.92133831427,1,10,10,0.807692307692,1.0,1.0,-0.0,1,0,0,30,0,30,-1.0,-1.0,0,780,900,0,-1680,1680,-1.0,81,51,-30,-0.348837209302,30,1.0,60,60,1,55,56,60,55,1.0,0.84368502098,1,10,10,0.892857142857,1.0,0.981818181818,0.090876121333,2,0,0,54,0,54,-0.981818181818,-0.981818181818,0,3080,3240,60,-6260,6380,-0.981191222571,164,110,-54,-0.315789473684,55,1.0,63,120,1,55,59,120,55,1.0,0.84368502098,1,10,10,0.898305084746,0.991666666667,0.981818181818,0.090876121333,2,0,0,54,0,54,-0.981818181818,-0.981818181818,0,3245,6426,174,-9497,9845,-0.964652107669,226,172,-54,-0.230769230769,55,1.0,63,141,1,55,59,141,55,1.0,0.84368502098,1,10,10,0.898305084746,0.992907801418,0.981818181818,0.090876121333,2,0,0,54,0,54,-0.981818181818,-0.981818181818,0,3245,7560,195,-10610,11000,-0.964545454545,247,193,-54,-0.211764705882,55,1.0,63,141,1,55,59,141,55,1.0,0.84368502098,1,10,10,0.898305084746,0.992907801418,0.981818181818,0.090876121333,2,0,0,54,0,54,-0.981818181818,-0.981818181818,0,3245,7560,195,-10610,11000,-0.964545454545,247,193,-54,-0.211764705882,55,1.0
MOT17-09-FRCNN,16,25,285,v_to_u,25,16,1,286,52,63,63,25,16,1,223,285,169,337,63,169,63,117,1,52,52,52,1.0,4.257248225816,0.304172086903,0.0,0.346440688764,0.257466164395,-1.0,-1.0,174,1,"{""16"": 52}",52,30,30,1,30,26,30,30,1.0,0.836987914663,1,18,18,0.807692307692,0.833333333333,1.0,-0.0,1,0,0,30,0,30,-1.0,-1.0,0,780,750,150,-1380,1680,-0.821428571429,76,46,-30,-0.348837209302,30,1.0,60,60,1,52,56,60,52,1.0,0.864417170158,1,18,18,0.892857142857,0.9,1.0,-0.0,1,0,0,52,0,52,-1.0,-1.0,0,2912,2808,312,-5408,6032,-0.896551724138,156,104,-52,-0.309523809524,52,1.0,63,117,1,52,59,117,52,1.0,0.864417170158,1,18,18,0.898305084746,0.948717948718,1.0,-0.0,1,0,0,52,0,52,-1.0,-1.0,0,3068,5772,312,-8528,9152,-0.931818181818,216,164,-52,-0.228070175439,52,1.0,63,117,1,52,59,117,52,1.0,0.864417170158,1,18,18,0.898305084746,0.948717948718,1.0,-0.0,1,0,0,52,0,52,-1.0,-1.0,0,3068,5772,312,-8528,9152,-0.931818181818,216,164,-52,-0.228070175439,52,1.0,63,117,1,52,59,117,52,1.0,0.864417170158,1,18,18,0.898305084746,0.948717948718,1.0,-0.0,1,0,0,52,0,52,-1.0,-1.0,0,3068,5772,312,-8528,9152,-0.931818181818,216,164,-52,-0.228070175439,52,1.0
MOT17-09-FRCNN,17,25,285,v_to_u,25,17,1,286,97,63,63,25,17,1,223,285,170,382,63,213,63,116,1,97,97,97,1.0,2.975983464711,0.169803726994,0.0,0.015474382498,0.21072529025,-1.0,-1.0,175,1,"{""17"": 97}",97,30,30,1,30,26,30,30,1.0,0.913493384324,1,21,21,0.807692307692,1.0,1.0,-0.0,1,0,0,30,0,30,-1.0,-1.0,0,780,900,0,-1680,1680,-1.0,81,51,-30,-0.348837209302,30,1.0,60,60,1,60,56,60,60,1.0,0.920084152078,1,21,21,0.892857142857,1.0,1.0,-0.0,1,0,0,60,0,60,-1.0,-1.0,0,3360,3600,0,-6960,6960,-1.0,170,110,-60,-0.340909090909,60,1.0,63,116,1,97,59,116,97,1.0,0.905772630208,1,21,21,0.898305084746,1.0,1.0,-0.0,1,0,0,97,0,97,-1.0,-1.0,0,5723,11252,0,-16975,16975,-1.0,266,169,-97,-0.356617647059,97,1.0,63,116,1,97,59,116,97,1.0,0.905772630208,1,21,21,0.898305084746,1.0,1.0,-0.0,1,0,0,97,0,97,-1.0,-1.0,0,5723,11252,0,-16975,16975,-1.0,266,169,-97,-0.356617647059,97,1.0,63,116,1,97,59,116,97,1.0,0.905772630208,1,21,21,0.898305084746,1.0,1.0,-0.0,1,0,0,97,0,97,-1.0,-1.0,0,5723,11252,0,-16975,16975,-1.0,266,169,-97,-0.356617647059,97,1.0
MOT17-09-FRCNN,18,25,285,v_to_u,25,18,1,286,116,63,63,25,18,1,223,285,181,401,63,221,63,105,1,116,116,116,1.0,0.394514972139,0.21355691167,0.165899313834,0.485500479267,0.508945671554,-1.0,-1.0,176,1,"{""18"": 116}",116,30,30,1,30,26,30,29,0.966666666667,0.739931482401,1,29,29,0.807692307692,1.0,0.862068965517,0.401189862187,2,0,0,25,0,25,-0.862068965517,-0.862068965517,0,754,750,120,-1384,1624,-0.852216748768,76,51,-25,-0.294117647059,30,1.0,60,60,1,60,56,60,59,0.983333333333,0.782411793802,1,29,7,0.892857142857,1.0,0.576271186441,0.681467046301,2,0,0,25,0,25,-0.423728813559,-0.423728813559,34,3270,1500,2040,-2696,6844,-0.393921683226,135,110,-25,-0.142857142857,60,1.0,63,105,1,116,59,105,112,0.965517241379,0.82701602805,1,29,7,0.898305084746,1.0,0.776785714286,0.530946175361,2,0,0,25,0,25,-0.223214285714,-0.223214285714,87,6521,2625,9135,76,18368,0.004137630662,183,193,10,0.036231884058,116,1.0,63,105,1,116,59,105,112,0.965517241379,0.82701602805,1,29,7,0.898305084746,1.0,0.776785714286,0.530946175361,2,0,0,25,0,25,-0.223214285714,-0.223214285714,87,6521,2625,9135,76,18368,0.004137630662,183,193,10,0.036231884058,116,1.0,63,105,1,116,59,105,112,0.965517241379,0.82701602805,1,29,7,0.898305084746,1.0,0.776785714286,0.530946175361,2,0,0,25,0,25,-0.223214285714,-0.223214285714,87,6521,2625,9135,76,18368,0.004137630662,183,193,10,0.036231884058,116,1.0
MOT17-09-FRCNN,20,25,285,v_to_u,25,20,1,286,240,63,63,25,20,1,223,285,198,525,63,328,63,88,1,240,240,240,1.0,0.334804090033,0.223203540525,0.204156829181,0.333196901042,0.483864158467,-1.0,-1.0,177,1,"{""20"": 240}",240,30,30,1,30,26,30,30,1.0,0.887016067234,1,11,11,0.807692307692,1.0,1.0,-0.0,1,0,0,30,0,30,-1.0,-1.0,0,780,900,0,-1680,1680,-1.0,81,51,-30,-0.348837209302,30,1.0,60,60,1,60,56,60,60,1.0,0.883328982807,1,11,11,0.892857142857,1.0,1.0,-0.0,1,0,0,60,0,60,-1.0,-1.0,0,3360,3600,0,-6960,6960,-1.0,170,110,-60,-0.340909090909,60,1.0,63,88,1,120,59,88,120,1.0,0.8768298433,1,11,11,0.898305084746,1.0,0.958333333333,0.173205206749,2,0,0,115,0,115,-0.958333333333,-0.958333333333,0,7080,10120,440,-16760,17640,-0.950113378685,256,141,-115,-0.430711610487,120,1.0,63,88,1,240,59,88,240,1.0,0.896443317778,1,11,11,0.898305084746,1.0,0.979166666667,0.101264817567,2,0,0,235,0,235,-0.979166666667,-0.979166666667,0,14160,20680,440,-34400,35280,-0.975056689342,376,235,-141,-0.364341085271,240,1.0,63,88,1,240,59,88,240,1.0,0.896443317778,1,11,11,0.898305084746,1.0,0.979166666667,0.101264817567,2,0,0,235,0,235,-0.979166666667,-0.979166666667,0,14160,20680,440,-34400,35280,-0.975056689342,376,235,-141,-0.364341085271,240,1.0
MOT17-09-FRCNN,22,25,285,v_to_u,25,22,1,286,64,63,63,25,22,1,223,285,216,349,63,134,63,70,1,64,64,64,1.0,0.865080068281,0.287489154566,0.0,0.409557818337,0.51085628756,-1.0,-1.0,178,1,"{""22"": 64}",64,30,30,1,30,26,30,30,1.0,0.885495626489,1,13,13,0.807692307692,1.0,1.0,-0.0,1,0,0,30,0,30,-1.0,-1.0,0,780,900,0,-1680,1680,-1.0,81,51,-30,-0.348837209302,30,1.0,60,60,1,60,56,60,60,1.0,0.857481929447,1,13,13,0.892857142857,1.0,1.0,-0.0,1,0,0,60,0,60,-1.0,-1.0,0,3360,3600,0,-6960,6960,-1.0,170,110,-60,-0.340909090909,60,1.0,63,70,1,64,59,70,64,1.0,0.852699070562,1,13,13,0.898305084746,0.957142857143,1.0,-0.0,1,0,0,64,0,64,-1.0,-1.0,0,3776,4288,192,-7872,8256,-0.953488372093,184,120,-64,-0.331606217617,64,1.0,63,70,1,64,59,70,64,1.0,0.852699070562,1,13,13,0.898305084746,0.957142857143,1.0,-0.0,1,0,0,64,0,64,-1.0,-1.0,0,3776,4288,192,-7872,8256,-0.953488372093,184,120,-64,-0.331606217617,64,1.0,63,70,1,64,59,70,64,1.0,0.852699070562,1,13,13,0.898305084746,0.957142857143,1.0,-0.0,1,0,0,64,0,64,-1.0,-1.0,0,3776,4288,192,-7872,8256,-0.953488372093,184,120,-64,-0.331606217617,64,1.0
MOT17-09-FRCNN,23,25,285,v_to_u,25,23,1,286,202,63,63,25,23,1,223,285,219,487,63,269,63,67,1,202,202,202,1.0,0.102955614333,0.368321652262,0.301712128686,0.583379149071,0.614902783406,-1.0,-1.0,179,1,"{""23"": 202}",202,30,30,1,30,26,30,30,1.0,0.903065952273,1,12,12,0.807692307692,1.0,1.0,-0.0,1,0,0,30,0,30,-1.0,-1.0,0,780,900,0,-1680,1680,-1.0,81,51,-30,-0.348837209302,30,1.0,60,60,1,60,56,60,60,1.0,0.902196894454,1,12,12,0.892857142857,1.0,1.0,-0.0,1,0,0,60,0,60,-1.0,-1.0,0,3360,3600,0,-6960,6960,-1.0,170,110,-60,-0.340909090909,60,1.0,63,67,1,120,59,67,120,1.0,0.918832369637,1,12,12,0.898305084746,1.0,1.0,-0.0,1,0,0,120,0,120,-1.0,-1.0,0,7080,8040,0,-15120,15120,-1.0,240,120,-120,-0.487804878049,120,1.0,63,67,1,202,59,67,198,0.980198019802,0.872776604011,1,12,12,0.898305084746,1.0,0.838383838384,0.442340153135,2,0,32,166,32,166,-0.676767676768,-0.676767676768,1696,9986,11122,2144,-17268,24948,-0.69215969216,286,166,-120,-0.37037037037,202,1.0,63,67,1,202,59,67,198,0.980198019802,0.872776604011,1,12,12,0.898305084746,1.0,0.838383838384,0.442340153135,2,0,32,166,32,166,-0.676767676768,-0.676767676768,1696,9986,11122,2144,-17268,24948,-0.69215969216,286,166,-120,-0.37037037037,202,1.0
MOT17-09-FRCNN,2,29,331,v_to_u,29,2,1,332,61,46,46,29,2,1,286,331,1,392,46,392,46,331,1,61,61,61,1.0,0.928762852755,0.032424258565,0.0,0.06649093254,0.003208649211,-1.0,-1.0,180,1,"{""2"": 61}",61,30,30,1,30,30,30,30,1.0,0.873246859844,1,22,22,1.0,1.0,0.966666666667,0.146144746009,2,0,0,29,0,29,-0.966666666667,-0.966666666667,0,900,870,30,-1740,1800,-0.966666666667,89,60,-29,-0.322222222222,30,1.0,46,60,1,60,46,60,60,1.0,0.896037703267,1,22,22,1.0,1.0,0.983333333333,0.084766075715,2,0,0,59,0,59,-0.983333333333,-0.983333333333,0,2760,3540,60,-6240,6360,-0.981132075472,165,106,-59,-0.355421686747,60,1.0,46,120,1,61,46,120,61,1.0,0.895580582907,1,22,22,1.0,1.0,0.983606557377,0.083649704611,2,0,0,60,0,60,-0.983606557377,-0.983606557377,0,2806,7200,120,-9886,10126,-0.976298637172,226,166,-60,-0.264317180617,61,1.0,46,300,1,61,46,300,61,1.0,0.895580582907,1,22,22,1.0,1.0,0.983606557377,0.083649704611,2,0,0,60,0,60,-0.983606557377,-0.983606557377,0,2806,18000,300,-20506,21106,-0.971572064816,406,346,-60,-0.14742014742,61,1.0,46,331,1,61,46,331,61,1.0,0.895580582907,1,22,22,1.0,1.0,0.983606557377,0.083649704611,2,0,0,60,0,60,-0.983606557377,-0.983606557377,0,2806,19860,331,-22335,22997,-0.971213636561,437,377,-60,-0.13698630137,61,1.0
MOT17-09-FRCNN,4,29,331,v_to_u,29,4,1,332,194,46,46,29,4,1,286,331,1,525,46,525,46,331,1,194,194,194,1.0,0.108350403645,0.041624132583,0.632048871544,0.165616196057,0.136018992868,-1.0,-1.0,181,1,"{""4"": 194}",194,30,30,1,30,30,30,30,1.0,0.860624079878,1,29,29,1.0,0.666666666667,0.733333333333,0.579915171418,2,0,8,22,8,22,-0.466666666667,-0.466666666667,240,660,440,460,-400,1800,-0.222222222222,72,58,-14,-0.155555555556,30,1.0,46,60,1,60,46,60,60,1.0,0.8888939466,1,7,29,1.0,0.666666666667,0.866666666667,0.392674467228,2,0,8,0,8,0,0.133333333333,0.133333333333,368,2392,1040,2560,-504,6360,-0.079245283019,118,94,-24,-0.144578313253,60,1.0,46,120,1,120,46,119,120,1.0,0.879968631173,1,7,29,1.0,0.831932773109,0.85,0.525753324296,3,0,8,0,8,0,0.066666666667,0.066666666667,368,5152,2040,12240,5416,19800,0.273535353535,168,201,33,0.115789473684,120,1.0,46,300,1,194,46,299,194,1.0,0.884690821702,1,1,29,1.0,0.598662207358,0.525773195876,0.831923260139,3,1,8,8,0,0,0.0,0.0,368,8556,3472,54534,42874,66930,0.640579710145,187,281,94,0.17439703154,194,1.0,46,331,1,194,46,330,194,1.0,0.884690821702,1,1,29,1.0,0.636363636364,0.525773195876,0.831923260139,3,1,8,8,0,0,0.0,0.0,368,8556,3720,60300,48392,72944,0.663413029173,218,312,94,0.164912280702,194,1.0
MOT17-09-FRCNN,12,29,331,v_to_u,29,12,1,332,61,46,46,29,12,1,286,331,137,392,46,256,46,195,1,61,61,61,1.0,1.551197844822,0.121655672419,0.0,0.012971824178,0.12456341304,-1.0,-1.0,182,1,"{""12"": 61}",61,30,30,1,30,30,30,30,1.0,0.886307375299,1,8,8,1.0,1.0,1.0,-0.0,1,0,0,30,0,30,-1.0,-1.0,0,900,900,0,-1800,1800,-1.0,90,60,-30,-0.333333333333,30,1.0,46,60,1,60,46,60,51,0.85,0.840435777598,1,8,8,1.0,1.0,1.0,-0.0,1,0,0,51,0,51,-1.0,-1.0,0,2346,3060,0,-5406,5406,-1.0,157,106,-51,-0.324840764331,60,1.0,46,120,1,61,46,120,51,0.83606557377,0.840435777598,1,8,8,1.0,1.0,1.0,-0.0,1,0,0,51,0,51,-1.0,-1.0,0,2346,6120,0,-8466,8466,-1.0,217,166,-51,-0.235023041475,61,1.0,46,195,1,61,46,195,51,0.83606557377,0.840435777598,1,8,8,1.0,1.0,1.0,-0.0,1,0,0,51,0,51,-1.0,-1.0,0,2346,9945,0,-12291,12291,-1.0,292,241,-51,-0.174657534247,61,1.0,46,195,1,61,46,195,51,0.83606557377,0.840435777598,1,8,8,1.0,1.0,1.0,-0.0,1,0,0,51,0,51,-1.0,-1.0,0,2346,9945,0,-12291,12291,-1.0,292,241,-51,-0.174657534247,61,1.0
MOT17-09-FRCNN,14,29,331,v_to_u,29,14,1,332,9,46,46,29,14,1,286,331,145,340,46,196,46,187,1,9,9,9,1.0,0.873197265913,0.049849272473,0.0,0.105752388018,0.207993336027,-1.0,-1.0,183,1,"{""14"": 9}",9,30,30,1,9,30,30,9,1.0,0.61560891119,1,10,10,1.0,1.0,0.888888888889,0.348832095843,2,0,0,8,0,8,-0.888888888889,-0.888888888889,0,270,240,30,-480,540,-0.888888888889,68,60,-8,-0.115942028986,9,1.0,46,60,1,9,46,60,9,1.0,0.61560891119,1,10,10,1.0,1.0,0.888888888889,0.348832095843,2,0,0,8,0,8,-0.888888888889,-0.888888888889,0,414,480,60,-834,954,-0.874213836478,114,106,-8,-0.069565217391,9,1.0,46,120,1,9,46,120,9,1.0,0.61560891119,1,10,10,1.0,1.0,0.888888888889,0.348832095843,2,0,0,8,0,8,-0.888888888889,-0.888888888889,0,414,960,120,-1254,1494,-0.839357429719,174,166,-8,-0.045714285714,9,1.0,46,187,1,9,46,187,9,1.0,0.61560891119,1,10,10,1.0,0.994652406417,0.888888888889,0.348832095843,2,0,0,8,0,8,-0.888888888889,-0.888888888889,0,414,1488,195,-1707,2097,-0.814020028612,240,232,-8,-0.03305785124,9,1.0,46,187,1,9,46,187,9,1.0,0.61560891119,1,10,10,1.0,0.994652406417,0.888888888889,0.348832095843,2,0,0,8,0,8,-0.888888888889,-0.888888888889,0,414,1488,195,-1707,2097,-0.814020028612,240,232,-8,-0.03305785124,9,1.0
MOT17-09-FRCNN,16,29,331,v_to_u,29,16,1,332,6,46,46,29,16,1,286,331,169,337,46,169,46,163,1,6,6,6,1.0,3.120524204828,0.339413264627,0.0,0.442648443252,0.486925430407,-1.0,-1.0,184,1,"{""16"": 6}",6,30,30,1,6,30,30,6,1.0,0.864042801239,1,18,18,1.0,1.0,1.0,-0.0,1,0,0,6,0,6,-1.0,-1.0,0,180,180,0,-360,360,-1.0,66,60,-6,-0.090909090909,6,1.0,46,60,1,6,46,60,6,1.0,0.864042801239,1,18,18,1.0,1.0,1.0,-0.0,1,0,0,6,0,6,-1.0,-1.0,0,276,360,0,-636,636,-1.0,112,106,-6,-0.053571428571,6,1.0,46,120,1,6,46,120,6,1.0,0.864042801239,1,18,18,1.0,0.95,1.0,-0.0,1,0,0,6,0,6,-1.0,-1.0,0,276,684,36,-924,996,-0.927710843373,166,160,-6,-0.03488372093,6,1.0,46,163,1,6,46,163,6,1.0,0.864042801239,1,18,18,1.0,0.963190184049,1.0,-0.0,1,0,0,6,0,6,-1.0,-1.0,0,276,942,36,-1182,1254,-0.942583732057,209,203,-6,-0.027906976744,6,1.0,46,163,1,6,46,163,6,1.0,0.864042801239,1,18,18,1.0,0.963190184049,1.0,-0.0,1,0,0,6,0,6,-1.0,-1.0,0,276,942,36,-1182,1254,-0.942583732057,209,203,-6,-0.027906976744,6,1.0
MOT17-09-FRCNN,17,29,331,v_to_u,29,17,1,332,51,46,46,29,17,1,286,331,170,382,46,213,46,162,1,51,51,51,1.0,1.541786091355,0.139153291301,0.0,0.029792318497,0.362199552126,-1.0,-1.0,185,1,"{""17"": 51}",51,30,30,1,30,30,30,30,1.0,0.949203567287,1,21,21,1.0,1.0,1.0,-0.0,1,0,0,30,0,30,-1.0,-1.0,0,900,900,0,-1800,1800,-1.0,90,60,-30,-0.333333333333,30,1.0,46,60,1,51,46,60,51,1.0,0.901325104145,1,21,21,1.0,1.0,1.0,-0.0,1,0,0,51,0,51,-1.0,-1.0,0,2346,3060,0,-5406,5406,-1.0,157,106,-51,-0.324840764331,51,1.0,46,120,1,51,46,120,51,1.0,0.901325104145,1,21,21,1.0,1.0,1.0,-0.0,1,0,0,51,0,51,-1.0,-1.0,0,2346,6120,0,-8466,8466,-1.0,217,166,-51,-0.235023041475,51,1.0,46,162,1,51,46,162,51,1.0,0.901325104145,1,21,21,1.0,1.0,1.0,-0.0,1,0,0,51,0,51,-1.0,-1.0,0,2346,8262,0,-10608,10608,-1.0,259,208,-51,-0.196911196911,51,1.0,46,162,1,51,46,162,51,1.0,0.901325104145,1,21,21,1.0,1.0,1.0,-0.0,1,0,0,51,0,51,-1.0,-1.0,0,2346,8262,0,-10608,10608,-1.0,259,208,-51,-0.196911196911,51,1.0
MOT17-09-FRCNN,18,29,331,v_to_u,29,18,1,332,70,46,46,29,18,1,286,331,181,401,46,221,46,151,1,70,70,70,1.0,0.606132806952,0.107770442379,0.0,0.131613585681,0.161882341587,-1.0,-1.0,186,1,"{""18"": 70}",70,30,30,1,30,30,29,30,1.0,0.891170517185,1,7,7,1.0,0.689655172414,1.0,-0.0,1,0,0,30,0,30,-1.0,-1.0,0,900,600,270,-1230,1770,-0.694915254237,80,50,-30,-0.337078651685,30,1.0,46,60,1,60,46,59,60,1.0,0.88133043016,1,29,7,1.0,0.661016949153,1.0,-0.0,1,0,0,0,0,0,0.0,0.0,0,2760,1200,2340,-1620,6300,-0.257142857143,126,99,-27,-0.163636363636,60,1.0,46,120,1,70,46,119,67,0.957142857143,0.880613127229,1,29,7,1.0,0.831932773109,1.0,-0.0,1,0,0,0,0,0,0.0,0.0,0,3082,1340,6633,2211,11055,0.2,145,166,21,0.090517241379,70,1.0,46,151,1,70,46,150,67,0.957142857143,0.880613127229,1,29,7,1.0,0.866666666667,1.0,-0.0,1,0,0,0,0,0,0.0,0.0,0,3082,1340,8710,4288,13132,0.326530612245,176,197,21,0.079847908745,70,1.0,46,151,1,70,46,150,67,0.957142857143,0.880613127229,1,29,7,1.0,0.866666666667,1.0,-0.0,1,0,0,0,0,0,0.0,0.0,0,3082,1340,8710,4288,13132,0.326530612245,176,197,21,0.079847908745,70,1.0
MOT17-09-FRCNN,20,29,331,v_to_u,29,20,1,332,194,46,46,29,20,1,286,331,198,525,46,328,46,134,1,194,194,194,1.0,0.44559640597,0.061068116916,0.127513212117,0.091551706891,0.14096731082,-1.0,-1.0,187,1,"{""20"": 194}",194,30,30,1,30,30,30,30,1.0,0.887432574851,1,11,11,1.0,1.0,0.833333333333,0.450561208866,2,0,0,25,0,25,-0.833333333333,-0.833333333333,0,900,750,150,-1500,1800,-0.833333333333,85,60,-25,-0.277777777778,30,1.0,46,60,1,60,46,60,60,1.0,0.868328419319,1,11,11,1.0,1.0,0.916666666667,0.286835983056,2,0,0,55,0,55,-0.916666666667,-0.916666666667,0,2760,3300,300,-5760,6360,-0.905660377358,161,106,-55,-0.331325301205,60,1.0,46,120,1,120,46,120,120,1.0,0.890269960937,1,11,11,1.0,1.0,0.958333333333,0.173205206749,2,0,0,115,0,115,-0.958333333333,-0.958333333333,0,5520,13800,600,-18720,19920,-0.939759036145,281,166,-115,-0.402097902098,120,1.0,46,134,1,194,46,134,194,1.0,0.900446649222,1,11,11,1.0,1.0,0.974226804124,0.119727357989,2,0,0,189,0,189,-0.974226804124,-0.974226804124,0,8924,25326,670,-33580,34920,-0.961626575029,369,189,-180,-0.48128342246,194,1.0,46,134,1,194,46,134,194,1.0,0.900446649222,1,11,11,1.0,1.0,0.974226804124,0.119727357989,2,0,0,189,0,189,-0.974226804124,-0.974226804124,0,8924,25326,670,-33580,34920,-0.961626575029,369,189,-180,-0.48128342246,194,1.0
MOT17-09-FRCNN,22,29,331,v_to_u,29,22,1,332,18,46,46,29,22,1,286,331,216,349,46,134,46,116,1,18,18,18,1.0,0.778248201711,0.132837424767,0.0,0.203879804813,0.169982549885,-1.0,-1.0,188,1,"{""22"": 18}",18,30,30,1,18,30,30,18,1.0,0.830388965781,1,13,13,1.0,1.0,1.0,-0.0,1,0,0,18,0,18,-1.0,-1.0,0,540,540,0,-1080,1080,-1.0,78,60,-18,-0.230769230769,18,1.0,46,60,1,18,46,60,18,1.0,0.830388965781,1,13,13,1.0,1.0,1.0,-0.0,1,0,0,18,0,18,-1.0,-1.0,0,828,1080,0,-1908,1908,-1.0,124,106,-18,-0.145161290323,18,1.0,46,116,1,18,46,116,18,1.0,0.830388965781,1,13,13,1.0,0.974137931034,1.0,-0.0,1,0,0,18,0,18,-1.0,-1.0,0,828,2034,54,-2808,2916,-0.962962962963,177,159,-18,-0.1,18,1.0,46,116,1,18,46,116,18,1.0,0.830388965781,1,13,13,1.0,0.974137931034,1.0,-0.0,1,0,0,18,0,18,-1.0,-1.0,0,828,2034,54,-2808,2916,-0.962962962963,177,159,-18,-0.1,18,1.0,46,116,1,18,46,116,18,1.0,0.830388965781,1,13,13,1.0,0.974137931034,1.0,-0.0,1,0,0,18,0,18,-1.0,-1.0,0,828,2034,54,-2808,2916,-0.962962962963,177,159,-18,-0.1,18,1.0
MOT17-09-FRCNN,23,29,331,v_to_u,29,23,1,332,156,46,46,29,23,1,286,331,219,487,46,269,46,113,1,156,156,156,1.0,0.208173769023,0.164020074775,0.426250360823,0.446207046055,0.238318756918,-1.0,-1.0,189,1,"{""23"": 156}",156,30,30,1,30,30,30,30,1.0,0.935884714096,1,12,12,1.0,1.0,1.0,-0.0,1,0,0,30,0,30,-1.0,-1.0,0,900,900,0,-1800,1800,-1.0,90,60,-30,-0.333333333333,30,1.0,46,60,1,60,46,60,60,1.0,0.935945942172,1,12,12,1.0,1.0,1.0,-0.0,1,0,0,60,0,60,-1.0,-1.0,0,2760,3600,0,-6360,6360,-1.0,166,106,-60,-0.361445783133,60,1.0,46,113,1,120,46,113,119,0.991666666667,0.893370983742,1,12,12,1.0,1.0,1.0,-0.0,1,0,0,119,0,119,-1.0,-1.0,0,5474,13447,0,-18921,18921,-1.0,278,159,-119,-0.428057553957,120,1.0,46,113,1,156,46,113,152,0.974358974359,0.866040596944,1,12,12,1.0,1.0,0.789473684211,0.514653165429,2,0,32,120,32,120,-0.578947368421,-0.578947368421,1472,5520,13560,3616,-13992,24168,-0.578947368421,279,191,-88,-0.282958199357,156,1.0,46,113,1,156,46,113,152,0.974358974359,0.866040596944,1,12,12,1.0,1.0,0.789473684211,0.514653165429,2,0,32,120,32,120,-0.578947368421,-0.578947368421,1472,5520,13560,3616,-13992,24168,-0.578947368421,279,191,-88,-0.282958199357,156,1.0
MOT17-09-FRCNN,29,30,331,u_to_v,29,30,1,332,140,37,37,29,30,1,286,331,295,471,46,177,46,37,1,140,140,140,1.0,1.394222500438,0.098545128746,0.0,0.259434951275,0.113443457379,-1.0,-1.0,190,1,"{""30"": 140}",140,30,30,1,30,30,30,30,1.0,0.941783680584,1,2,2,1.0,1.0,1.0,-0.0,1,0,0,30,0,30,-1.0,-1.0,0,900,900,0,-1800,1800,-1.0,90,60,-30,-0.333333333333,30,1.0,46,37,1,60,46,37,60,1.0,0.950349379017,1,2,2,1.0,1.0,1.0,-0.0,1,0,0,60,0,60,-1.0,-1.0,0,2760,2220,0,-4980,4980,-1.0,143,83,-60,-0.41958041958,60,1.0,46,37,1,120,46,37,120,1.0,0.93509391871,1,2,2,1.0,1.0,0.991666666667,0.04819427878,2,0,0,119,0,119,-0.991666666667,-0.991666666667,0,5520,4403,37,-9886,9960,-0.992570281124,202,119,-83,-0.408866995074,120,1.0,46,37,1,140,46,37,140,1.0,0.923133194857,1,2,2,1.0,1.0,0.992857142857,0.042414731858,2,0,0,139,0,139,-0.992857142857,-0.992857142857,0,6440,5143,37,-11546,11620,-0.993631669535,222,139,-83,-0.372197309417,140,1.0,46,37,1,140,46,37,140,1.0,0.923133194857,1,2,2,1.0,1.0,0.992857142857,0.042414731858,2,0,0,139,0,139,-0.992857142857,-0.992857142857,0,6440,5143,37,-11546,11620,-0.993631669535,222,139,-83,-0.372197309417,140,1.0
MOT17-09-FRCNN,2,16,337,v_to_u,16,2,1,338,55,169,169,16,2,1,169,337,1,392,169,392,169,337,1,55,55,55,1.0,1.905113404683,0.371537066789,0.0,0.523991204146,0.508070864859,-1.0,-1.0,191,1,"{""2"": 55}",55,30,30,1,30,30,30,30,1.0,0.898787098977,18,22,22,1.0,0.966666666667,1.0,-0.0,1,0,0,30,0,30,-1.0,-1.0,0,900,870,30,-1740,1800,-0.966666666667,89,59,-30,-0.333333333333,30,1.0,60,60,1,55,60,60,55,1.0,0.904475111837,18,22,22,1.0,0.983333333333,1.0,-0.0,1,0,0,55,0,55,-1.0,-1.0,0,3300,3245,55,-6490,6600,-0.983333333333,174,119,-55,-0.314285714286,55,1.0,120,120,1,55,120,120,55,1.0,0.904475111837,18,22,22,0.95,0.991666666667,1.0,-0.0,1,0,0,55,0,55,-1.0,-1.0,0,6600,6545,55,-13090,13200,-0.991666666667,288,233,-55,-0.186440677966,55,1.0,169,300,1,55,169,300,55,1.0,0.904475111837,18,22,22,0.96449704142,0.996666666667,1.0,-0.0,1,0,0,55,0,55,-1.0,-1.0,0,9295,16445,55,-25685,25795,-0.995735607676,517,462,-55,-0.104961832061,55,1.0,169,337,1,55,169,337,55,1.0,0.904475111837,18,22,22,0.96449704142,0.99703264095,1.0,-0.0,1,0,0,55,0,55,-1.0,-1.0,0,9295,18480,55,-27720,27830,-0.99604743083,554,499,-55,-0.098039215686,55,1.0
MOT17-09-FRCNN,4,16,337,v_to_u,16,4,1,338,188,169,169,16,4,1,169,337,1,525,169,525,169,337,1,188,188,188,1.0,3.021957602469,0.366173989638,0.0,0.589342920301,0.530624851442,-1.0,-1.0,192,1,"{""4"": 188}",188,30,30,1,30,30,30,30,1.0,0.872688226313,18,29,29,1.0,0.666666666667,0.933333333333,0.244930026795,2,0,0,28,0,28,-0.933333333333,-0.933333333333,0,900,572,328,-1144,1800,-0.635555555556,78,50,-28,-0.311111111111,30,1.0,60,60,1,60,60,60,60,1.0,0.896175261071,18,7,29,1.0,0.566666666667,0.966666666667,0.146144746009,2,0,0,0,0,0,0.0,0.0,0,3600,1172,2428,-2344,7200,-0.325555555556,138,94,-44,-0.244444444444,60,1.0,120,120,1,120,120,119,120,1.0,0.884141306504,18,7,29,0.95,0.781512605042,0.85,0.475033902182,3,0,0,0,0,0,0.0,0.0,0,14400,2052,12228,-4224,28680,-0.147280334728,236,207,-29,-0.08077994429,120,1.0,169,300,1,188,169,299,188,1.0,0.885468258166,18,1,29,0.96449704142,0.598662207358,0.542553191489,0.740047641453,3,0,0,2,0,2,-0.010638297872,-0.010638297872,0,31772,2398,53814,19644,87984,0.223267866885,344,342,-2,-0.003048780488,188,1.0,169,337,1,188,169,336,188,1.0,0.885468258166,18,1,29,0.96449704142,0.642857142857,0.542553191489,0.740047641453,3,0,0,2,0,2,-0.010638297872,-0.010638297872,0,31772,2472,60696,26452,94940,0.278618074573,381,379,-2,-0.002886002886,188,1.0
MOT17-09-FRCNN,12,16,337,v_to_u,16,12,1,338,55,169,169,16,12,1,169,337,137,392,169,256,169,201,1,55,55,55,1.0,1.210472174464,0.220329029608,0.0,0.465533634574,0.397671228303,-1.0,-1.0,193,1,"{""12"": 55}",55,30,30,1,30,30,30,30,1.0,0.874522519877,18,8,8,1.0,1.0,1.0,-0.0,1,0,0,30,0,30,-1.0,-1.0,0,900,900,0,-1800,1800,-1.0,90,60,-30,-0.333333333333,30,1.0,60,60,1,55,60,60,45,0.818181818182,0.830874385557,18,8,8,1.0,1.0,1.0,-0.0,1,0,0,45,0,45,-1.0,-1.0,0,2700,2700,0,-5400,5400,-1.0,165,120,-45,-0.272727272727,55,1.0,120,120,1,55,120,120,45,0.818181818182,0.830874385557,18,8,8,0.95,1.0,1.0,-0.0,1,0,0,45,0,45,-1.0,-1.0,0,5400,5400,0,-10800,10800,-1.0,279,234,-45,-0.157894736842,55,1.0,169,201,1,55,169,201,45,0.818181818182,0.830874385557,18,8,8,0.96449704142,1.0,1.0,-0.0,1,0,0,45,0,45,-1.0,-1.0,0,7605,9045,0,-16650,16650,-1.0,409,364,-45,-0.10843373494,55,1.0,169,201,1,55,169,201,45,0.818181818182,0.830874385557,18,8,8,0.96449704142,1.0,1.0,-0.0,1,0,0,45,0,45,-1.0,-1.0,0,7605,9045,0,-16650,16650,-1.0,409,364,-45,-0.10843373494,55,1.0
MOT17-09-FRCNN,14,16,337,v_to_u,16,14,1,338,3,169,169,16,14,1,169,337,145,340,169,196,169,193,1,3,3,3,1.0,1.975878490749,0.306726968048,0.0,0.401421689107,0.415261120461,-1.0,-1.0,194,1,"{""14"": 3}",3,30,30,1,3,30,30,3,1.0,0.517793632181,18,10,10,1.0,0.966666666667,1.0,-0.0,1,0,0,3,0,3,-1.0,-1.0,0,90,87,3,-174,180,-0.966666666667,62,59,-3,-0.047619047619,3,1.0,60,60,1,3,60,60,3,1.0,0.517793632181,18,10,10,1.0,0.983333333333,1.0,-0.0,1,0,0,3,0,3,-1.0,-1.0,0,180,177,3,-354,360,-0.983333333333,122,119,-3,-0.024390243902,3,1.0,120,120,1,3,120,120,3,1.0,0.517793632181,18,10,10,0.95,0.991666666667,1.0,-0.0,1,0,0,3,0,3,-1.0,-1.0,0,360,357,3,-714,720,-0.991666666667,236,233,-3,-0.012345679012,3,1.0,169,193,1,3,169,193,3,1.0,0.517793632181,18,10,10,0.96449704142,0.989637305699,1.0,-0.0,1,0,0,3,0,3,-1.0,-1.0,0,507,573,6,-1074,1086,-0.988950276243,357,354,-3,-0.008219178082,3,1.0,169,193,1,3,169,193,3,1.0,0.517793632181,18,10,10,0.96449704142,0.989637305699,1.0,-0.0,1,0,0,3,0,3,-1.0,-1.0,0,507,573,6,-1074,1086,-0.988950276243,357,354,-3,-0.008219178082,3,1.0
MOT17-09-FRCNN,16,17,337,u_to_v,16,17,1,338,45,168,168,16,17,1,169,337,170,382,169,213,169,168,1,45,45,45,1.0,1.946365669823,0.614897174516,0.0,0.280287806263,0.185226270818,-1.0,-1.0,195,1,"{""17"": 45}",45,30,30,1,30,30,30,30,1.0,0.926506194168,18,21,21,1.0,1.0,1.0,-0.0,1,0,0,30,0,30,-1.0,-1.0,0,900,900,0,-1800,1800,-1.0,90,60,-30,-0.333333333333,30,1.0,60,60,1,45,60,60,45,1.0,0.896063428485,18,21,21,1.0,1.0,1.0,-0.0,1,0,0,45,0,45,-1.0,-1.0,0,2700,2700,0,-5400,5400,-1.0,165,120,-45,-0.272727272727,45,1.0,120,120,1,45,120,120,45,1.0,0.896063428485,18,21,21,0.95,1.0,1.0,-0.0,1,0,0,45,0,45,-1.0,-1.0,0,5400,5400,0,-10800,10800,-1.0,279,234,-45,-0.157894736842,45,1.0,169,168,1,45,169,168,45,1.0,0.896063428485,18,21,21,0.96449704142,1.0,1.0,-0.0,1,0,0,45,0,45,-1.0,-1.0,0,7605,7560,0,-15165,15165,-1.0,376,331,-45,-0.11780104712,45,1.0,169,168,1,45,169,168,45,1.0,0.896063428485,18,21,21,0.96449704142,1.0,1.0,-0.0,1,0,0,45,0,45,-1.0,-1.0,0,7605,7560,0,-15165,15165,-1.0,376,331,-45,-0.11780104712,45,1.0
MOT17-09-FRCNN,16,18,337,u_to_v,16,18,1,338,64,157,157,16,18,1,169,337,181,401,169,221,169,157,1,64,64,64,1.0,2.402567711084,0.311354019417,0.0,0.45153612493,0.440279379579,-1.0,-1.0,196,1,"{""18"": 64}",64,30,30,1,30,30,29,30,1.0,0.894466904828,18,7,7,1.0,0.896551724138,1.0,-0.0,1,0,0,30,0,30,-1.0,-1.0,0,900,780,90,-1590,1770,-0.898305084746,86,56,-30,-0.337078651685,30,1.0,60,60,1,60,60,59,60,1.0,0.879164468865,18,29,7,1.0,0.559322033898,1.0,-0.0,1,0,0,0,0,0,0.0,0.0,0,3600,1560,1980,-3180,7140,-0.445378151261,146,93,-53,-0.296089385475,60,1.0,120,120,1,64,120,119,61,0.953125,0.878212116657,18,29,7,0.95,0.781512605042,1.0,-0.0,1,0,0,0,0,0,0.0,0.0,0,7320,1586,5673,-3233,14579,-0.221757322176,207,207,0,0.0,64,1.0,169,157,1,64,169,156,61,0.953125,0.878212116657,18,29,7,0.96449704142,0.833333333333,1.0,-0.0,1,0,0,0,0,0,0.0,0.0,0,10309,1586,7930,-3965,19825,-0.2,293,293,0,0.0,64,1.0,169,157,1,64,169,156,61,0.953125,0.878212116657,18,29,7,0.96449704142,0.833333333333,1.0,-0.0,1,0,0,0,0,0,0.0,0.0,0,10309,1586,7930,-3965,19825,-0.2,293,293,0,0.0,64,1.0
MOT17-09-FRCNN,16,20,337,u_to_v,16,20,1,338,188,140,140,16,20,1,169,337,198,525,169,328,169,140,1,188,188,188,1.0,3.552742849698,0.396511310064,0.0,0.642507585042,0.670408965045,-1.0,-1.0,197,1,"{""20"": 188}",188,30,30,1,30,30,30,30,1.0,0.878403663159,18,11,11,1.0,1.0,0.833333333333,0.450561208866,2,0,0,25,0,25,-0.833333333333,-0.833333333333,0,900,750,150,-1500,1800,-0.833333333333,85,60,-25,-0.277777777778,30,1.0,60,60,1,60,60,60,60,1.0,0.869230242832,18,11,11,1.0,1.0,0.916666666667,0.286835983056,2,0,0,55,0,55,-0.916666666667,-0.916666666667,0,3600,3300,300,-6600,7200,-0.916666666667,175,120,-55,-0.305555555556,60,1.0,120,120,1,120,120,120,120,1.0,0.892284365269,18,11,11,0.95,1.0,0.958333333333,0.173205206749,2,0,0,115,0,115,-0.958333333333,-0.958333333333,0,14400,13800,600,-27600,28800,-0.958333333333,349,234,-115,-0.319444444444,120,1.0,169,140,1,188,169,140,188,1.0,0.900437086471,18,11,11,0.96449704142,1.0,0.973404255319,0.122701773829,2,0,0,183,0,183,-0.973404255319,-0.973404255319,0,31772,25620,700,-56692,58092,-0.975900296082,486,303,-183,-0.368209255533,188,1.0,169,140,1,188,169,140,188,1.0,0.900437086471,18,11,11,0.96449704142,1.0,0.973404255319,0.122701773829,2,0,0,183,0,183,-0.973404255319,-0.973404255319,0,31772,25620,700,-56692,58092,-0.975900296082,486,303,-183,-0.368209255533,188,1.0
MOT17-09-FRCNN,16,22,337,u_to_v,16,22,1,338,12,122,122,16,22,1,169,337,216,349,169,134,169,122,1,12,12,12,1.0,3.867300682617,0.485467386008,0.0,0.684910099319,0.680234018341,-1.0,-1.0,198,1,"{""22"": 12}",12,30,30,1,12,30,30,12,1.0,0.818921588397,18,13,13,1.0,1.0,1.0,-0.0,1,0,0,12,0,12,-1.0,-1.0,0,360,360,0,-720,720,-1.0,72,60,-12,-0.166666666667,12,1.0,60,60,1,12,60,60,12,1.0,0.818921588397,18,13,13,1.0,1.0,1.0,-0.0,1,0,0,12,0,12,-1.0,-1.0,0,720,720,0,-1440,1440,-1.0,132,120,-12,-0.090909090909,12,1.0,120,120,1,12,120,120,12,1.0,0.818921588397,18,13,13,0.95,0.991666666667,1.0,-0.0,1,0,0,12,0,12,-1.0,-1.0,0,1440,1428,12,-2856,2880,-0.991666666667,245,233,-12,-0.047619047619,12,1.0,169,122,1,12,169,122,12,1.0,0.818921588397,18,13,13,0.96449704142,0.975409836066,1.0,-0.0,1,0,0,12,0,12,-1.0,-1.0,0,2028,1428,36,-3420,3492,-0.979381443299,294,282,-12,-0.039603960396,12,1.0,169,122,1,12,169,122,12,1.0,0.818921588397,18,13,13,0.96449704142,0.975409836066,1.0,-0.0,1,0,0,12,0,12,-1.0,-1.0,0,2028,1428,36,-3420,3492,-0.979381443299,294,282,-12,-0.039603960396,12,1.0
MOT17-09-FRCNN,16,23,337,u_to_v,16,23,1,338,150,119,119,16,23,1,169,337,219,487,169,269,169,119,1,150,150,150,1.0,2.649246152209,0.494412504226,0.0,0.826837846897,0.737073638649,-1.0,-1.0,199,1,"{""23"": 150}",150,30,30,1,30,30,30,30,1.0,0.949007217665,18,12,12,1.0,1.0,1.0,-0.0,1,0,0,30,0,30,-1.0,-1.0,0,900,900,0,-1800,1800,-1.0,90,60,-30,-0.333333333333,30,1.0,60,60,1,60,60,60,60,1.0,0.940190253471,18,12,12,1.0,1.0,1.0,-0.0,1,0,0,60,0,60,-1.0,-1.0,0,3600,3600,0,-7200,7200,-1.0,180,120,-60,-0.333333333333,60,1.0,120,119,1,120,120,119,116,0.966666666667,0.885958819021,18,12,12,0.95,1.0,0.98275862069,0.087099523192,2,0,0,114,0,114,-0.98275862069,-0.98275862069,0,13920,13566,238,-27248,27724,-0.982830760352,347,233,-114,-0.321126760563,120,1.0,169,119,1,150,169,119,146,0.973333333333,0.865107927727,18,12,12,0.96449704142,1.0,0.780821917808,0.525865717554,2,0,0,114,0,114,-0.780821917808,-0.780821917808,0,24674,13566,3808,-34432,42048,-0.818873668189,396,282,-114,-0.26267281106,150,1.0,169,119,1,150,169,119,146,0.973333333333,0.865107927727,18,12,12,0.96449704142,1.0,0.780821917808,0.525865717554,2,0,0,114,0,114,-0.780821917808,-0.780821917808,0,24674,13566,3808,-34432,42048,-0.818873668189,396,282,-114,-0.26267281106,150,1.0
MOT17-09-FRCNN,16,30,337,u_to_v,16,30,1,338,134,43,43,16,30,1,169,337,295,471,169,177,169,43,1,134,134,134,1.0,4.753021406449,0.488629153841,0.0,0.799645945904,0.678740016042,-1.0,-1.0,200,1,"{""30"": 134}",134,30,30,1,30,30,30,30,1.0,0.946249275324,18,2,2,1.0,1.0,1.0,-0.0,1,0,0,30,0,30,-1.0,-1.0,0,900,900,0,-1800,1800,-1.0,90,60,-30,-0.333333333333,30,1.0,60,43,1,60,60,43,60,1.0,0.942552761359,18,2,2,1.0,1.0,1.0,-0.0,1,0,0,60,0,60,-1.0,-1.0,0,3600,2580,0,-6180,6180,-1.0,163,103,-60,-0.368098159509,60,1.0,120,43,1,120,120,43,120,1.0,0.929988590566,18,2,2,0.95,1.0,0.991666666667,0.04819427878,2,0,0,119,0,119,-0.991666666667,-0.991666666667,0,14400,5117,43,-19474,19560,-0.995603271984,276,157,-119,-0.420494699647,120,1.0,169,43,1,134,169,43,134,1.0,0.922427718698,18,2,2,0.96449704142,1.0,0.992537313433,0.043985814477,2,0,0,133,0,133,-0.992537313433,-0.992537313433,0,22646,5719,43,-28322,28408,-0.996972683751,339,206,-133,-0.384393063584,134,1.0,169,43,1,134,169,43,134,1.0,0.922427718698,18,2,2,0.96449704142,1.0,0.992537313433,0.043985814477,2,0,0,133,0,133,-0.992537313433,-0.992537313433,0,22646,5719,43,-28322,28408,-0.996972683751,339,206,-133,-0.384393063584,134,1.0
MOT17-09-FRCNN,2,14,340,v_to_u,14,2,1,341,52,196,196,14,2,1,145,340,1,392,196,392,196,340,1,52,52,52,1.0,0.094305582535,0.155034335247,0.505837372377,0.484971907654,0.196568152165,-1.0,-1.0,201,1,"{""2"": 52}",52,30,30,1,30,30,30,30,1.0,0.907610347625,10,22,22,0.966666666667,0.966666666667,1.0,-0.0,1,0,0,30,0,30,-1.0,-1.0,30,870,870,30,-1680,1800,-0.933333333333,88,58,-30,-0.333333333333,30,1.0,60,60,1,52,60,60,52,1.0,0.906368647223,10,22,22,0.983333333333,0.983333333333,1.0,-0.0,1,0,0,52,0,52,-1.0,-1.0,52,3068,3068,52,-6032,6240,-0.966666666667,170,118,-52,-0.302325581395,52,1.0,120,120,1,52,120,120,52,1.0,0.906368647223,10,22,22,0.991666666667,0.991666666667,1.0,-0.0,1,0,0,52,0,52,-1.0,-1.0,52,6188,6188,52,-12272,12480,-0.983333333333,290,238,-52,-0.178082191781,52,1.0,196,300,1,52,196,300,52,1.0,0.906368647223,10,22,22,0.989795918367,0.996666666667,1.0,-0.0,1,0,0,52,0,52,-1.0,-1.0,52,10140,15548,52,-25584,25792,-0.991935483871,545,493,-52,-0.094890510949,52,1.0,196,340,1,52,196,340,52,1.0,0.906368647223,10,22,22,0.989795918367,0.997058823529,1.0,-0.0,1,0,0,52,0,52,-1.0,-1.0,52,10140,17628,52,-27664,27872,-0.992537313433,585,533,-52,-0.08843537415,52,1.0
MOT17-09-FRCNN,4,14,340,v_to_u,14,4,1,341,185,196,196,14,4,1,145,340,1,525,196,525,196,340,1,185,185,185,1.0,1.037912130791,0.12073538106,0.0,0.246778915389,0.240494684064,-1.0,-1.0,202,1,"{""4"": 185}",185,30,30,1,30,30,30,30,1.0,0.880604410755,10,29,29,0.966666666667,0.7,1.0,-0.0,1,0,0,30,0,30,-1.0,-1.0,0,900,630,270,-1260,1800,-0.7,80,50,-30,-0.333333333333,30,1.0,60,60,1,60,60,60,60,1.0,0.902982415309,10,7,29,0.983333333333,0.516666666667,1.0,-0.0,1,0,0,0,0,0,0.0,0.0,0,3600,1260,2340,-2520,7200,-0.35,140,91,-49,-0.272222222222,60,1.0,120,120,1,120,120,119,120,1.0,0.887630028473,10,7,29,0.991666666667,0.756302521008,0.841666666667,0.436895802739,2,0,0,0,0,0,0.0,0.0,0,14400,2121,12159,-4362,28680,-0.152092050209,241,209,-32,-0.089136490251,120,1.0,196,300,1,185,196,299,185,1.0,0.887354812602,10,1,29,0.989795918367,0.595317725753,0.545945945946,0.688919158571,2,0,0,0,0,0,0.0,0.0,0,36260,2121,53194,14813,91575,0.161758121758,372,372,0,0.0,185,1.0,196,340,1,185,196,339,185,1.0,0.887354812602,10,1,29,0.989795918367,0.643067846608,0.545945945946,0.688919158571,2,0,0,0,0,0,0.0,0.0,0,36260,2121,60594,22213,98975,0.22443041172,412,412,0,0.0,185,1.0
MOT17-09-FRCNN,12,14,340,v_to_u,14,12,1,341,52,196,196,14,12,1,145,340,137,392,196,256,196,204,1,52,52,52,1.0,0.614493011926,0.005975568031,0.008499699972,0.260610141147,0.051676977117,-1.0,-1.0,203,1,"{""12"": 52}",52,30,30,1,30,30,30,30,1.0,0.872643707692,10,8,8,0.966666666667,1.0,1.0,-0.0,1,0,0,30,0,30,-1.0,-1.0,0,900,900,0,-1800,1800,-1.0,89,59,-30,-0.333333333333,30,1.0,60,60,1,52,60,60,42,0.807692307692,0.829931542317,10,8,8,0.983333333333,1.0,1.0,-0.0,1,0,0,42,0,42,-1.0,-1.0,0,2520,2520,0,-5040,5040,-1.0,161,119,-42,-0.259259259259,52,1.0,120,120,1,52,120,120,42,0.807692307692,0.829931542317,10,8,8,0.991666666667,1.0,1.0,-0.0,1,0,0,42,0,42,-1.0,-1.0,0,5040,5040,0,-10080,10080,-1.0,281,239,-42,-0.148936170213,52,1.0,196,204,1,52,196,204,42,0.807692307692,0.829931542317,10,8,8,0.989795918367,1.0,1.0,-0.0,1,0,0,42,0,42,-1.0,-1.0,0,8232,8568,0,-16800,16800,-1.0,440,398,-42,-0.095022624434,52,1.0,196,204,1,52,196,204,42,0.807692307692,0.829931542317,10,8,8,0.989795918367,1.0,1.0,-0.0,1,0,0,42,0,42,-1.0,-1.0,0,8232,8568,0,-16800,16800,-1.0,440,398,-42,-0.095022624434,52,1.0
MOT17-09-FRCNN,14,17,340,u_to_v,14,17,1,341,42,171,171,14,17,1,145,340,170,382,196,213,196,171,1,42,42,42,1.0,0.675165028792,0.301757270059,0.229852288473,0.010323437871,0.165976677273,-1.0,-1.0,204,1,"{""17"": 42}",42,30,30,1,30,30,30,30,1.0,0.91221537808,10,21,21,0.966666666667,1.0,1.0,-0.0,1,0,0,30,0,30,-1.0,-1.0,0,900,900,0,-1800,1800,-1.0,89,59,-30,-0.333333333333,30,1.0,60,60,1,42,60,60,42,1.0,0.891033867349,10,21,21,0.983333333333,1.0,1.0,-0.0,1,0,0,42,0,42,-1.0,-1.0,0,2520,2520,0,-5040,5040,-1.0,161,119,-42,-0.259259259259,42,1.0,120,120,1,42,120,120,42,1.0,0.891033867349,10,21,21,0.991666666667,1.0,1.0,-0.0,1,0,0,42,0,42,-1.0,-1.0,0,5040,5040,0,-10080,10080,-1.0,281,239,-42,-0.148936170213,42,1.0,196,171,1,42,196,171,42,1.0,0.891033867349,10,21,21,0.989795918367,1.0,1.0,-0.0,1,0,0,42,0,42,-1.0,-1.0,0,8232,7182,0,-15414,15414,-1.0,407,365,-42,-0.102689486553,42,1.0,196,171,1,42,196,171,42,1.0,0.891033867349,10,21,21,0.989795918367,1.0,1.0,-0.0,1,0,0,42,0,42,-1.0,-1.0,0,8232,7182,0,-15414,15414,-1.0,407,365,-42,-0.102689486553,42,1.0
MOT17-09-FRCNN,14,18,340,u_to_v,14,18,1,341,61,160,160,14,18,1,145,340,181,401,196,221,196,160,1,61,61,61,1.0,0.397888780643,0.07435905889,0.191922854436,0.155886191691,0.092741123489,-1.0,-1.0,205,1,"{""18"": 61}",61,30,30,1,30,30,29,30,1.0,0.901510905235,10,7,7,0.966666666667,1.0,1.0,-0.0,1,0,0,30,0,30,-1.0,-1.0,0,900,870,0,-1770,1770,-1.0,88,58,-30,-0.337078651685,30,1.0,60,60,1,60,60,59,58,0.966666666667,0.881040521178,10,29,7,0.983333333333,0.508474576271,1.0,-0.0,1,0,0,0,0,0,0.0,0.0,0,3480,1682,1740,-3422,6902,-0.495798319328,146,89,-57,-0.322033898305,60,1.0,120,120,1,61,120,119,58,0.950819672131,0.881040521178,10,29,7,0.991666666667,0.756302521008,1.0,-0.0,1,0,0,0,0,0,0.0,0.0,0,6960,1682,5220,-3422,13862,-0.246861924686,209,209,0,0.0,61,1.0,196,160,1,61,196,159,58,0.950819672131,0.881040521178,10,29,7,0.989795918367,0.817610062893,1.0,-0.0,1,0,0,0,0,0,0.0,0.0,0,11368,1682,7540,-5510,20590,-0.267605633803,324,324,0,0.0,61,1.0,196,160,1,61,196,159,58,0.950819672131,0.881040521178,10,29,7,0.989795918367,0.817610062893,1.0,-0.0,1,0,0,0,0,0,0.0,0.0,0,11368,1682,7540,-5510,20590,-0.267605633803,324,324,0,0.0,61,1.0
MOT17-09-FRCNN,14,20,340,u_to_v,14,20,1,341,185,143,143,14,20,1,145,340,198,525,196,328,196,143,1,185,185,185,1.0,1.634044981524,0.162041785167,0.0,0.298542492093,0.297823368635,-1.0,-1.0,206,1,"{""20"": 185}",185,30,30,1,30,30,30,30,1.0,0.860838022262,10,11,11,0.966666666667,1.0,0.833333333333,0.450561208866,2,0,0,25,0,25,-0.833333333333,-0.833333333333,0,900,750,150,-1500,1800,-0.833333333333,84,59,-25,-0.277777777778,30,1.0,60,60,1,60,60,60,60,1.0,0.868040618788,10,11,11,0.983333333333,1.0,0.916666666667,0.286835983056,2,0,0,55,0,55,-0.916666666667,-0.916666666667,0,3600,3300,300,-6600,7200,-0.916666666667,174,119,-55,-0.305555555556,60,1.0,120,120,1,120,120,120,120,1.0,0.892387278561,10,11,11,0.991666666667,1.0,0.958333333333,0.173205206749,2,0,0,115,0,115,-0.958333333333,-0.958333333333,0,14400,13800,600,-27600,28800,-0.958333333333,354,239,-115,-0.319444444444,120,1.0,196,143,1,185,196,143,185,1.0,0.899753370907,10,11,11,0.989795918367,1.0,0.972972972973,0.12425083739,2,0,0,180,0,180,-0.972972972973,-0.972972972973,0,36260,25740,715,-61285,62715,-0.977198437375,517,337,-180,-0.343511450382,185,1.0,196,143,1,185,196,143,185,1.0,0.899753370907,10,11,11,0.989795918367,1.0,0.972972972973,0.12425083739,2,0,0,180,0,180,-0.972972972973,-0.972972972973,0,36260,25740,715,-61285,62715,-0.977198437375,517,337,-180,-0.343511450382,185,1.0
MOT17-09-FRCNN,14,22,340,u_to_v,14,22,1,341,9,125,125,14,22,1,145,340,216,349,196,134,196,125,1,9,9,9,1.0,1.824294017968,0.225376354551,0.0,0.387398666076,0.319121712861,-1.0,-1.0,207,1,"{""22"": 9}",9,30,30,1,9,30,30,9,1.0,0.800764008781,10,13,13,0.966666666667,1.0,1.0,-0.0,1,0,0,9,0,9,-1.0,-1.0,0,270,270,0,-540,540,-1.0,68,59,-9,-0.130434782609,9,1.0,60,60,1,9,60,60,9,1.0,0.800764008781,10,13,13,0.983333333333,1.0,1.0,-0.0,1,0,0,9,0,9,-1.0,-1.0,0,540,540,0,-1080,1080,-1.0,128,119,-9,-0.06976744186,9,1.0,120,120,1,9,120,120,9,1.0,0.800764008781,10,13,13,0.991666666667,1.0,1.0,-0.0,1,0,0,9,0,9,-1.0,-1.0,0,1080,1080,0,-2160,2160,-1.0,248,239,-9,-0.036144578313,9,1.0,196,125,1,9,196,125,9,1.0,0.800764008781,10,13,13,0.989795918367,0.976,1.0,-0.0,1,0,0,9,0,9,-1.0,-1.0,0,1764,1098,27,-2835,2889,-0.981308411215,325,316,-9,-0.027272727273,9,1.0,196,125,1,9,196,125,9,1.0,0.800764008781,10,13,13,0.989795918367,0.976,1.0,-0.0,1,0,0,9,0,9,-1.0,-1.0,0,1764,1098,27,-2835,2889,-0.981308411215,325,316,-9,-0.027272727273,9,1.0
MOT17-09-FRCNN,14,23,340,u_to_v,14,23,1,341,147,122,122,14,23,1,145,340,219,487,196,269,196,122,1,147,147,147,1.0,0.958765974788,0.244254763262,0.0,0.520248682294,0.367487344677,-1.0,-1.0,208,1,"{""23"": 147}",147,30,30,1,30,30,30,30,1.0,0.950673998625,10,12,12,0.966666666667,1.0,1.0,-0.0,1,0,0,30,0,30,-1.0,-1.0,0,900,900,0,-1800,1800,-1.0,89,59,-30,-0.333333333333,30,1.0,60,60,1,60,60,60,60,1.0,0.938548646289,10,12,12,0.983333333333,1.0,1.0,-0.0,1,0,0,60,0,60,-1.0,-1.0,0,3600,3600,0,-7200,7200,-1.0,179,119,-60,-0.333333333333,60,1.0,120,120,1,120,120,120,116,0.966666666667,0.880329915729,10,12,12,0.991666666667,1.0,0.956896551724,0.177684657418,2,0,0,111,0,111,-0.956896551724,-0.956896551724,0,13920,13320,600,-26640,27840,-0.956896551724,350,239,-111,-0.311797752809,120,1.0,196,122,1,147,196,122,143,0.972789115646,0.863336768109,10,12,12,0.989795918367,1.0,0.776223776224,0.531646020223,2,0,0,111,0,111,-0.776223776224,-0.776223776224,32,27996,13542,3904,-37602,45474,-0.826890091041,427,316,-111,-0.240780911063,147,1.0,196,122,1,147,196,122,143,0.972789115646,0.863336768109,10,12,12,0.989795918367,1.0,0.776223776224,0.531646020223,2,0,0,111,0,111,-0.776223776224,-0.776223776224,32,27996,13542,3904,-37602,45474,-0.826890091041,427,316,-111,-0.240780911063,147,1.0
MOT17-09-FRCNN,14,30,340,u_to_v,14,30,1,341,131,46,46,14,30,1,145,340,295,471,196,177,196,46,1,131,131,131,1.0,2.657163388417,0.262563757962,0.0,0.550041796531,0.345539057801,-1.0,-1.0,209,1,"{""30"": 131}",131,30,30,1,30,30,30,30,1.0,0.943099928912,10,2,2,0.966666666667,1.0,1.0,-0.0,1,0,0,30,0,30,-1.0,-1.0,0,900,900,0,-1800,1800,-1.0,89,59,-30,-0.333333333333,30,1.0,60,46,1,60,60,46,60,1.0,0.940192710397,10,2,2,0.983333333333,1.0,1.0,-0.0,1,0,0,60,0,60,-1.0,-1.0,0,3600,2760,0,-6360,6360,-1.0,165,105,-60,-0.361445783133,60,1.0,120,46,1,120,120,46,120,1.0,0.929268190874,10,2,2,0.991666666667,1.0,0.991666666667,0.04819427878,2,0,0,119,0,119,-0.991666666667,-0.991666666667,0,14400,5474,46,-19828,19920,-0.995381526104,284,165,-119,-0.416083916084,120,1.0,196,46,1,131,196,46,131,1.0,0.921609419209,10,2,2,0.989795918367,1.0,0.992366412214,0.044819624276,2,0,0,130,0,130,-0.992366412214,-0.992366412214,0,25676,5980,46,-31610,31702,-0.997097974891,370,240,-130,-0.348525469169,131,1.0,196,46,1,131,196,46,131,1.0,0.921609419209,10,2,2,0.989795918367,1.0,0.992366412214,0.044819624276,2,0,0,130,0,130,-0.992366412214,-0.992366412214,0,25676,5980,46,-31610,31702,-0.997097974891,370,240,-130,-0.348525469169,131,1.0
MOT17-09-FRCNN,2,22,349,v_to_u,22,2,1,350,43,134,134,22,2,1,216,349,1,392,134,392,134,349,1,43,43,43,1.0,1.617493776395,0.045705562539,0.0,0.189323485019,0.089202169062,-1.0,-1.0,210,1,"{""2"": 43}",43,30,30,1,30,30,30,30,1.0,0.916638714991,13,22,22,1.0,0.966666666667,1.0,-0.0,1,0,0,30,0,30,-1.0,-1.0,0,900,870,30,-1740,1800,-0.966666666667,89,59,-30,-0.333333333333,30,1.0,60,60,1,43,60,60,43,1.0,0.907576272443,13,22,22,1.0,0.983333333333,1.0,-0.0,1,0,0,43,0,43,-1.0,-1.0,0,2580,2537,43,-5074,5160,-0.983333333333,162,119,-43,-0.263803680982,43,1.0,120,120,1,43,120,120,43,1.0,0.907576272443,13,22,22,1.0,0.991666666667,1.0,-0.0,1,0,0,43,0,43,-1.0,-1.0,0,5160,5117,43,-10234,10320,-0.991666666667,282,239,-43,-0.151943462898,43,1.0,134,300,1,43,134,300,43,1.0,0.907576272443,13,22,22,0.977611940299,0.996666666667,1.0,-0.0,1,0,0,43,0,43,-1.0,-1.0,0,5762,12857,43,-18576,18662,-0.995391705069,473,430,-43,-0.090146750524,43,1.0,134,349,1,43,134,349,43,1.0,0.907576272443,13,22,22,0.977611940299,0.997134670487,1.0,-0.0,1,0,0,43,0,43,-1.0,-1.0,0,5762,14964,43,-20683,20769,-0.995859213251,522,479,-43,-0.08174904943,43,1.0
MOT17-09-FRCNN,4,22,349,v_to_u,22,4,1,350,176,134,134,22,4,1,216,349,1,525,134,525,134,349,1,176,176,176,1.0,0.678998749104,0.096953743046,0.0,0.039164394339,0.087662769765,-1.0,-1.0,211,1,"{""4"": 176}",176,30,30,1,30,30,30,30,1.0,0.903460582903,13,29,29,1.0,0.733333333333,1.0,-0.0,1,0,0,30,0,30,-1.0,-1.0,0,900,660,240,-1320,1800,-0.733333333333,82,52,-30,-0.333333333333,30,1.0,60,60,1,60,60,60,60,1.0,0.902005444677,13,29,29,1.0,0.5,1.0,-0.0,1,0,0,60,0,60,-1.0,-1.0,0,3600,1800,1800,-3600,7200,-0.5,150,90,-60,-0.333333333333,60,1.0,120,120,1,120,120,119,120,1.0,0.892587752525,13,7,29,1.0,0.680672268908,0.766666666667,0.543272781337,2,0,0,0,0,0,0.0,0.0,0,14400,2760,11520,-5640,28680,-0.196652719665,242,201,-41,-0.114206128134,120,1.0,134,300,1,176,134,299,176,1.0,0.889927789067,13,1,29,0.977611940299,0.565217391304,0.522727272727,0.692113766678,2,0,0,0,0,0,0.0,0.0,0,23584,2760,49864,23520,76208,0.308629015326,300,300,0,0.0,176,1.0,134,349,1,176,134,348,176,1.0,0.889927789067,13,1,29,0.977611940299,0.626436781609,0.522727272727,0.692113766678,2,0,0,0,0,0,0.0,0.0,0,23584,2760,58488,32144,84832,0.378913617503,349,349,0,0.0,176,1.0
MOT17-09-FRCNN,12,22,349,v_to_u,22,12,1,350,43,134,134,22,12,1,216,349,137,392,134,256,134,213,1,43,43,43,1.0,2.155439125248,0.244290130881,0.0,0.27421455304,0.32257211077,-1.0,-1.0,212,1,"{""12"": 43}",43,30,30,1,30,30,30,30,1.0,0.823862582679,13,8,8,1.0,1.0,1.0,-0.0,1,0,0,30,0,30,-1.0,-1.0,0,900,900,0,-1800,1800,-1.0,90,60,-30,-0.333333333333,30,1.0,60,60,1,43,60,60,33,0.767441860465,0.811038560989,13,8,8,1.0,1.0,1.0,-0.0,1,0,0,33,0,33,-1.0,-1.0,0,1980,1980,0,-3960,3960,-1.0,153,120,-33,-0.21568627451,43,1.0,120,120,1,43,120,120,33,0.767441860465,0.811038560989,13,8,8,1.0,1.0,1.0,-0.0,1,0,0,33,0,33,-1.0,-1.0,0,3960,3960,0,-7920,7920,-1.0,273,240,-33,-0.120879120879,43,1.0,134,213,1,43,134,213,33,0.767441860465,0.811038560989,13,8,8,0.977611940299,1.0,1.0,-0.0,1,0,0,33,0,33,-1.0,-1.0,0,4422,7029,0,-11451,11451,-1.0,377,344,-33,-0.086842105263,43,1.0,134,213,1,43,134,213,33,0.767441860465,0.811038560989,13,8,8,0.977611940299,1.0,1.0,-0.0,1,0,0,33,0,33,-1.0,-1.0,0,4422,7029,0,-11451,11451,-1.0,377,344,-33,-0.086842105263,43,1.0
MOT17-09-FRCNN,17,22,349,v_to_u,22,17,1,350,33,134,134,22,17,1,216,349,170,382,134,213,134,180,1,33,33,33,1.0,1.808808700125,0.027443237551,0.0,0.352860486777,0.491894861712,-1.0,-1.0,213,1,"{""17"": 33}",33,30,30,1,30,30,30,30,1.0,0.879344464614,13,21,21,1.0,1.0,1.0,-0.0,1,0,0,30,0,30,-1.0,-1.0,0,900,900,0,-1800,1800,-1.0,90,60,-30,-0.333333333333,30,1.0,60,60,1,33,60,60,33,1.0,0.878487040639,13,21,21,1.0,1.0,1.0,-0.0,1,0,0,33,0,33,-1.0,-1.0,0,1980,1980,0,-3960,3960,-1.0,153,120,-33,-0.21568627451,33,1.0,120,120,1,33,120,120,33,1.0,0.878487040639,13,21,21,1.0,1.0,1.0,-0.0,1,0,0,33,0,33,-1.0,-1.0,0,3960,3960,0,-7920,7920,-1.0,273,240,-33,-0.120879120879,33,1.0,134,180,1,33,134,180,33,1.0,0.878487040639,13,21,21,0.977611940299,1.0,1.0,-0.0,1,0,0,33,0,33,-1.0,-1.0,0,4422,5940,0,-10362,10362,-1.0,344,311,-33,-0.095100864553,33,1.0,134,180,1,33,134,180,33,1.0,0.878487040639,13,21,21,0.977611940299,1.0,1.0,-0.0,1,0,0,33,0,33,-1.0,-1.0,0,4422,5940,0,-10362,10362,-1.0,344,311,-33,-0.095100864553,33,1.0
MOT17-09-FRCNN,18,22,349,v_to_u,22,18,1,350,52,134,134,22,18,1,216,349,181,401,134,221,134,169,1,52,52,52,1.0,1.279622041799,0.174378719845,0.0,0.256872488309,0.288935401771,-1.0,-1.0,214,1,"{""18"": 52}",52,30,30,1,30,30,30,30,1.0,0.890736080696,13,7,7,1.0,1.0,1.0,-0.0,1,0,0,30,0,30,-1.0,-1.0,0,900,900,0,-1800,1800,-1.0,90,60,-30,-0.333333333333,30,1.0,60,60,1,52,60,59,49,0.942307692308,0.88223227591,13,7,7,1.0,0.64406779661,1.0,-0.0,1,0,0,49,0,49,-1.0,-1.0,0,2940,1862,1029,-3773,5831,-0.647058823529,147,98,-49,-0.291666666667,52,1.0,120,120,1,52,120,119,49,0.942307692308,0.88223227591,13,29,7,1.0,0.680672268908,1.0,-0.0,1,0,0,0,0,0,0.0,0.0,0,5880,1862,3969,-3773,11711,-0.322175732218,207,201,-6,-0.020833333333,52,1.0,134,169,1,52,134,168,49,0.942307692308,0.88223227591,13,29,7,0.977611940299,0.77380952381,1.0,-0.0,1,0,0,0,0,0,0.0,0.0,0,6566,1862,6370,-2058,14798,-0.139072847682,261,261,0,0.0,52,1.0,134,169,1,52,134,168,49,0.942307692308,0.88223227591,13,29,7,0.977611940299,0.77380952381,1.0,-0.0,1,0,0,0,0,0,0.0,0.0,0,6566,1862,6370,-2058,14798,-0.139072847682,261,261,0,0.0,52,1.0
MOT17-09-FRCNN,20,22,349,v_to_u,22,20,1,350,176,134,134,22,20,1,216,349,198,525,134,328,134,152,1,176,176,176,1.0,0.019728794676,0.026854124822,0.874665080025,0.081282002608,0.052632228975,-1.0,-1.0,215,1,"{""20"": 176}",176,30,30,1,30,30,30,30,1.0,0.864568200361,13,11,11,1.0,1.0,0.833333333333,0.450561208866,2,0,5,25,5,25,-0.666666666667,-0.666666666667,150,750,750,150,-1200,1800,-0.666666666667,85,65,-20,-0.222222222222,30,1.0,60,60,1,60,60,60,60,1.0,0.873649812505,13,11,11,1.0,1.0,0.916666666667,0.286835983056,2,0,5,55,5,55,-0.833333333333,-0.833333333333,300,3300,3300,300,-6000,7200,-0.833333333333,175,125,-50,-0.277777777778,60,1.0,120,120,1,120,120,120,120,1.0,0.893504432932,13,11,11,1.0,1.0,0.958333333333,0.173205206749,2,0,5,115,5,115,-0.916666666667,-0.916666666667,600,13800,13800,600,-26400,28800,-0.916666666667,355,245,-110,-0.305555555556,120,1.0,134,152,1,176,134,152,176,1.0,0.901637084168,13,11,11,0.977611940299,1.0,0.971590909091,0.129167757969,2,0,5,171,5,171,-0.943181818182,-0.943181818182,655,22929,25992,760,-47506,50336,-0.943777813096,454,288,-166,-0.359307359307,176,1.0,134,152,1,176,134,152,176,1.0,0.901637084168,13,11,11,0.977611940299,1.0,0.971590909091,0.129167757969,2,0,5,171,5,171,-0.943181818182,-0.943181818182,655,22929,25992,760,-47506,50336,-0.943777813096,454,288,-166,-0.359307359307,176,1.0
MOT17-09-FRCNN,22,23,349,u_to_v,22,23,1,350,138,131,131,22,23,1,216,349,219,487,134,269,134,131,1,138,138,138,1.0,0.524823051811,0.003300352559,0.095788230068,0.125195351815,0.02548041108,-1.0,-1.0,216,1,"{""23"": 138}",138,30,30,1,30,30,30,30,1.0,0.938643495823,13,12,12,1.0,1.0,1.0,-0.0,1,0,0,30,0,30,-1.0,-1.0,0,900,900,0,-1800,1800,-1.0,90,60,-30,-0.333333333333,30,1.0,60,60,1,60,60,60,60,1.0,0.929888519647,13,12,12,1.0,1.0,1.0,-0.0,1,0,0,60,0,60,-1.0,-1.0,0,3600,3600,0,-7200,7200,-1.0,180,120,-60,-0.333333333333,60,1.0,120,120,1,120,120,120,116,0.966666666667,0.863617826773,13,12,12,1.0,1.0,0.879310344828,0.368296832748,2,0,0,102,0,102,-0.879310344828,-0.879310344828,0,13920,12240,1680,-24480,27840,-0.879310344828,342,240,-102,-0.286516853933,120,1.0,134,131,1,138,134,131,134,0.971014492754,0.857030110432,13,12,12,0.977611940299,1.0,0.761194029851,0.549699681708,2,0,0,102,0,102,-0.761194029851,-0.761194029851,306,17650,13362,4192,-26514,35510,-0.746662911856,364,262,-102,-0.255639097744,138,1.0,134,131,1,138,134,131,134,0.971014492754,0.857030110432,13,12,12,0.977611940299,1.0,0.761194029851,0.549699681708,2,0,0,102,0,102,-0.761194029851,-0.761194029851,306,17650,13362,4192,-26514,35510,-0.746662911856,364,262,-102,-0.255639097744,138,1.0
MOT17-09-FRCNN,22,30,349,u_to_v,22,30,1,350,122,55,55,22,30,1,216,349,295,471,134,177,134,55,1,122,122,122,1.0,0.987856094629,0.064359659779,0.0,0.088144964524,0.07049479611,-1.0,-1.0,217,1,"{""30"": 122}",122,30,30,1,30,30,30,30,1.0,0.945263029867,13,2,2,1.0,1.0,1.0,-0.0,1,0,0,30,0,30,-1.0,-1.0,0,900,900,0,-1800,1800,-1.0,90,60,-30,-0.333333333333,30,1.0,60,55,1,60,60,55,60,1.0,0.935274946923,13,2,2,1.0,1.0,1.0,-0.0,1,0,0,60,0,60,-1.0,-1.0,0,3600,3300,0,-6900,6900,-1.0,175,115,-60,-0.342857142857,60,1.0,120,55,1,120,120,55,120,1.0,0.923444395152,13,2,2,1.0,1.0,0.991666666667,0.04819427878,2,0,0,119,0,119,-0.991666666667,-0.991666666667,0,14400,6545,55,-20890,21000,-0.994761904762,294,175,-119,-0.403389830508,120,1.0,134,55,1,122,134,55,122,1.0,0.919983583436,13,2,2,0.977611940299,1.0,0.991803278689,0.047540257707,2,0,0,121,0,121,-0.991803278689,-0.991803278689,0,16348,6655,55,-22948,23058,-0.995229421459,307,186,-121,-0.389067524116,122,1.0,134,55,1,122,134,55,122,1.0,0.919983583436,13,2,2,0.977611940299,1.0,0.991803278689,0.047540257707,2,0,0,121,0,121,-0.991803278689,-0.991803278689,0,16348,6655,55,-22948,23058,-0.995229421459,307,186,-121,-0.389067524116,122,1.0
MOT17-09-FRCNN,22,31,349,u_to_v,22,31,1,350,176,5,5,22,31,1,216,349,345,525,134,181,134,5,1,176,176,176,1.0,1.821086449658,0.283177278597,0.0,0.591061734232,0.499315867241,-1.0,-1.0,218,1,"{""31"": 176}",176,30,5,1,30,30,5,30,1.0,0.890800408356,13,10,10,1.0,1.0,1.0,-0.0,1,0,0,30,0,30,-1.0,-1.0,0,900,150,0,-1050,1050,-1.0,65,35,-30,-0.461538461538,30,1.0,60,5,1,60,60,5,60,1.0,0.887829895909,13,10,10,1.0,1.0,1.0,-0.0,1,0,0,60,0,60,-1.0,-1.0,0,3600,300,0,-3900,3900,-1.0,125,65,-60,-0.48,60,1.0,120,5,1,120,120,5,108,0.9,0.870155066142,13,10,10,1.0,1.0,0.731481481481,0.77486383325,5,0,0,79,0,79,-0.731481481481,-0.731481481481,0,12960,395,145,-13210,13500,-0.978518518519,204,125,-79,-0.339055793991,120,1.0,134,5,1,176,134,5,164,0.931818181818,0.863321777603,13,10,10,0.977611940299,1.0,0.481707317073,0.894428622618,6,0,0,79,0,79,-0.481707317073,-0.481707317073,3,21973,395,425,-21940,22796,-0.962449552553,215,136,-79,-0.260726072607,176,1.0,134,5,1,176,134,5,164,0.931818181818,0.863321777603,13,10,10,0.977611940299,1.0,0.481707317073,0.894428622618,6,0,0,79,0,79,-0.481707317073,-0.481707317073,3,21973,395,425,-21940,22796,-0.962449552553,215,136,-79,-0.260726072607,176,1.0
MOT17-09-FRCNN,2,33,363,v_to_u,33,2,1,364,29,1,1,33,2,1,363,363,1,392,1,392,1,363,1,29,29,29,1.0,5.603782229679,0.558917326577,0.0,1.043968790179,0.836945363727,-1.0,-1.0,219,1,"{""2"": 29}",29,1,30,1,29,1,30,29,1.0,0.918491792272,6,22,22,1.0,0.966666666667,1.0,-0.0,1,0,0,29,0,29,-1.0,-1.0,0,29,841,29,-841,899,-0.935483870968,59,30,-29,-0.483333333333,29,1.0,1,60,1,29,1,60,29,1.0,0.918491792272,6,22,22,1.0,0.983333333333,1.0,-0.0,1,0,0,29,0,29,-1.0,-1.0,0,29,1711,29,-1711,1769,-0.967213114754,89,60,-29,-0.322222222222,29,1.0,1,120,1,29,1,120,29,1.0,0.918491792272,6,22,22,1.0,0.991666666667,1.0,-0.0,1,0,0,29,0,29,-1.0,-1.0,0,29,3451,29,-3451,3509,-0.98347107438,149,120,-29,-0.193333333333,29,1.0,1,300,1,29,1,300,29,1.0,0.918491792272,6,22,22,1.0,0.996666666667,1.0,-0.0,1,0,0,29,0,29,-1.0,-1.0,0,29,8671,29,-8671,8729,-0.993355481728,329,300,-29,-0.087878787879,29,1.0,1,363,1,29,1,363,29,1.0,0.918491792272,6,22,22,1.0,0.997245179063,1.0,-0.0,1,0,0,29,0,29,-1.0,-1.0,0,29,10498,29,-10498,10556,-0.994505494505,392,363,-29,-0.073791348601,29,1.0
MOT17-09-FRCNN,4,33,363,v_to_u,33,4,1,364,162,1,1,33,4,1,363,363,1,525,1,525,1,363,1,162,162,162,1.0,5.161708044622,0.654332902389,0.0,1.025637752041,0.937059152428,-1.0,-1.0,220,1,"{""4"": 162}",162,1,30,1,30,1,30,30,1.0,0.91517740764,6,29,29,1.0,0.8,1.0,-0.0,1,0,0,30,0,30,-1.0,-1.0,0,30,720,180,-570,930,-0.612903225806,55,36,-19,-0.311475409836,30,1.0,1,60,1,60,1,60,60,1.0,0.89797525623,6,29,29,1.0,0.733333333333,1.0,-0.0,1,0,0,60,0,60,-1.0,-1.0,0,60,2640,960,-1740,3660,-0.475409836066,105,68,-37,-0.305785123967,60,1.0,1,120,1,120,1,120,120,1.0,0.891354735796,6,7,29,1.0,0.566666666667,0.65,0.647446639035,2,0,0,0,0,0,0.0,0.0,0,120,3432,10968,7416,14520,0.510743801653,123,146,23,0.095435684647,120,1.0,1,300,1,162,1,299,162,1.0,0.888153454863,6,1,14,1.0,0.518394648829,0.518518518519,0.692461152611,2,0,0,0,0,0,0.0,0.0,0,162,3432,45006,41412,48600,0.852098765432,156,239,83,0.179653679654,162,1.0,1,363,1,162,1,362,162,1.0,0.888153454863,6,1,14,1.0,0.602209944751,0.518518518519,0.692461152611,2,0,0,0,0,0,0.0,0.0,0,162,3432,55212,51618,58806,0.877767574737,219,302,83,0.158095238095,162,1.0
MOT17-09-FRCNN,12,33,363,v_to_u,33,12,1,364,29,1,1,33,12,1,363,363,137,392,1,256,1,227,1,29,29,29,1.0,6.778902744684,0.828657689102,0.0,1.365798463924,1.173532859788,-1.0,-1.0,221,1,"{""12"": 29}",29,1,30,1,29,1,30,19,0.655172413793,0.772269181328,6,8,8,1.0,1.0,1.0,-0.0,1,0,0,19,0,19,-1.0,-1.0,0,19,570,0,-589,589,-1.0,50,31,-19,-0.38,29,1.0,1,60,1,29,1,60,19,0.655172413793,0.772269181328,6,8,8,1.0,1.0,1.0,-0.0,1,0,0,19,0,19,-1.0,-1.0,0,19,1140,0,-1159,1159,-1.0,80,61,-19,-0.2375,29,1.0,1,120,1,29,1,120,19,0.655172413793,0.772269181328,6,8,8,1.0,1.0,1.0,-0.0,1,0,0,19,0,19,-1.0,-1.0,0,19,2280,0,-2299,2299,-1.0,140,121,-19,-0.135714285714,29,1.0,1,227,1,29,1,227,19,0.655172413793,0.772269181328,6,8,8,1.0,1.0,1.0,-0.0,1,0,0,19,0,19,-1.0,-1.0,0,19,4313,0,-4332,4332,-1.0,247,228,-19,-0.076923076923,29,1.0,1,227,1,29,1,227,19,0.655172413793,0.772269181328,6,8,8,1.0,1.0,1.0,-0.0,1,0,0,19,0,19,-1.0,-1.0,0,19,4313,0,-4332,4332,-1.0,247,228,-19,-0.076923076923,29,1.0
MOT17-09-FRCNN,17,33,363,v_to_u,33,17,1,364,19,1,1,33,17,1,363,363,170,382,1,213,1,194,1,19,19,19,1.0,6.714538618162,0.64240406265,0.0,1.438912045939,1.260343506428,-1.0,-1.0,222,1,"{""17"": 19}",19,1,30,1,19,1,30,19,1.0,0.83444306285,6,21,21,1.0,1.0,1.0,-0.0,1,0,0,19,0,19,-1.0,-1.0,0,19,570,0,-589,589,-1.0,50,31,-19,-0.38,19,1.0,1,60,1,19,1,60,19,1.0,0.83444306285,6,21,21,1.0,1.0,1.0,-0.0,1,0,0,19,0,19,-1.0,-1.0,0,19,1140,0,-1159,1159,-1.0,80,61,-19,-0.2375,19,1.0,1,120,1,19,1,120,19,1.0,0.83444306285,6,21,21,1.0,1.0,1.0,-0.0,1,0,0,19,0,19,-1.0,-1.0,0,19,2280,0,-2299,2299,-1.0,140,121,-19,-0.135714285714,19,1.0,1,194,1,19,1,194,19,1.0,0.83444306285,6,21,21,1.0,1.0,1.0,-0.0,1,0,0,19,0,19,-1.0,-1.0,0,19,3686,0,-3705,3705,-1.0,214,195,-19,-0.088785046729,19,1.0,1,194,1,19,1,194,19,1.0,0.83444306285,6,21,21,1.0,1.0,1.0,-0.0,1,0,0,19,0,19,-1.0,-1.0,0,19,3686,0,-3705,3705,-1.0,214,195,-19,-0.088785046729,19,1.0
MOT17-09-FRCNN,18,33,363,v_to_u,33,18,1,364,38,1,1,33,18,1,363,363,181,401,1,221,1,183,1,38,38,38,1.0,6.093397129665,0.778770080465,0.0,1.273896543319,1.152813044815,-1.0,-1.0,223,1,"{""18"": 38}",38,1,30,1,30,1,30,30,1.0,0.864750774071,6,7,7,1.0,1.0,1.0,-0.0,1,0,0,30,0,30,-1.0,-1.0,0,30,900,0,-930,930,-1.0,61,31,-30,-0.491803278689,30,1.0,1,60,1,38,1,59,35,0.921052631579,0.86772244935,6,7,7,1.0,0.881355932203,1.0,-0.0,1,0,0,35,0,35,-1.0,-1.0,0,35,1820,245,-1610,2100,-0.766666666667,88,53,-35,-0.368421052632,38,1.0,1,120,1,38,1,119,35,0.921052631579,0.86772244935,6,29,7,1.0,0.563025210084,1.0,-0.0,1,0,0,0,0,0,0.0,0.0,0,35,1820,2345,490,4200,0.116666666667,88,102,14,0.090322580645,38,1.0,1,183,1,38,1,182,35,0.921052631579,0.86772244935,6,29,7,1.0,0.714285714286,1.0,-0.0,1,0,0,0,0,0,0.0,0.0,0,35,1820,4550,2695,6405,0.420765027322,131,165,34,0.155963302752,38,1.0,1,183,1,38,1,182,35,0.921052631579,0.86772244935,6,29,7,1.0,0.714285714286,1.0,-0.0,1,0,0,0,0,0,0.0,0.0,0,35,1820,4550,2695,6405,0.420765027322,131,165,34,0.155963302752,38,1.0
MOT17-09-FRCNN,20,33,363,v_to_u,33,20,1,364,162,1,1,33,20,1,363,363,198,525,1,328,1,166,1,162,162,162,1.0,4.732765244648,0.61979389742,0.0,1.138748166799,0.904150383039,-1.0,-1.0,224,1,"{""20"": 162}",162,1,30,1,30,1,30,30,1.0,0.84906495359,6,11,11,1.0,0.833333333333,1.0,-0.0,1,0,0,30,0,30,-1.0,-1.0,0,30,750,150,-630,930,-0.677419354839,56,35,-21,-0.344262295082,30,1.0,1,60,1,60,1,60,60,1.0,0.880486569092,6,11,11,1.0,0.916666666667,1.0,-0.0,1,0,0,60,0,60,-1.0,-1.0,0,60,3300,300,-3060,3660,-0.83606557377,116,65,-51,-0.421487603306,60,1.0,1,120,1,120,1,120,120,1.0,0.899088432586,6,11,11,1.0,0.958333333333,1.0,-0.0,1,0,0,120,0,120,-1.0,-1.0,0,120,13800,600,-13320,14520,-0.917355371901,236,125,-111,-0.460580912863,120,1.0,1,166,1,162,1,166,162,1.0,0.902594677967,6,11,11,1.0,0.969879518072,1.0,-0.0,1,0,0,162,0,162,-1.0,-1.0,0,162,26082,810,-25434,27054,-0.940119760479,324,167,-157,-0.477203647416,162,1.0,1,166,1,162,1,166,162,1.0,0.902594677967,6,11,11,1.0,0.969879518072,1.0,-0.0,1,0,0,162,0,162,-1.0,-1.0,0,162,26082,810,-25434,27054,-0.940119760479,324,167,-157,-0.477203647416,162,1.0
MOT17-09-FRCNN,23,33,363,v_to_u,33,23,1,364,124,1,1,33,23,1,363,363,219,487,1,269,1,145,1,124,124,124,1.0,4.869893859764,0.589831353838,0.0,0.948537948544,0.89607357759,-1.0,-1.0,225,1,"{""23"": 124}",124,1,30,1,30,1,30,30,1.0,0.936252943876,6,12,12,1.0,1.0,1.0,-0.0,1,0,0,30,0,30,-1.0,-1.0,0,30,900,0,-930,930,-1.0,61,31,-30,-0.491803278689,30,1.0,1,60,1,60,1,60,60,1.0,0.919527473747,6,12,12,1.0,1.0,1.0,-0.0,1,0,0,60,0,60,-1.0,-1.0,0,60,3600,0,-3660,3660,-1.0,121,61,-60,-0.495867768595,60,1.0,1,120,1,120,1,120,116,0.966666666667,0.84703537079,6,12,12,1.0,1.0,0.758620689655,0.552664622494,2,0,0,88,0,88,-0.758620689655,-0.758620689655,0,116,10560,3360,-7316,14036,-0.521231119977,209,148,-61,-0.257383966245,120,1.0,1,145,1,124,1,145,120,0.967741935484,0.847472169,6,12,12,1.0,1.0,0.733333333333,0.579915171418,2,0,0,88,0,88,-0.733333333333,-0.733333333333,0,120,12760,4640,-8240,17520,-0.470319634703,234,177,-57,-0.214285714286,124,1.0,1,145,1,124,1,145,120,0.967741935484,0.847472169,6,12,12,1.0,1.0,0.733333333333,0.579915171418,2,0,0,88,0,88,-0.733333333333,-0.733333333333,0,120,12760,4640,-8240,17520,-0.470319634703,234,177,-57,-0.214285714286,124,1.0
MOT17-09-FRCNN,30,33,363,v_to_u,33,30,1,364,108,1,1,33,30,1,363,363,295,471,1,177,1,69,1,108,108,108,1.0,3.224621380554,0.412005482035,0.0,0.738587140628,0.636172655442,-1.0,-1.0,226,1,"{""30"": 108}",108,1,30,1,30,1,30,30,1.0,0.954631730202,6,2,2,1.0,1.0,1.0,-0.0,1,0,0,30,0,30,-1.0,-1.0,0,30,900,0,-930,930,-1.0,61,31,-30,-0.491803278689,30,1.0,1,60,1,60,1,60,60,1.0,0.932756613679,6,2,2,1.0,1.0,0.983333333333,0.084766075715,2,0,1,59,1,59,-0.966666666667,-0.966666666667,1,59,3540,60,-3538,3660,-0.966666666667,120,62,-58,-0.479338842975,60,1.0,1,69,1,108,1,69,108,1.0,0.917007730874,6,2,2,1.0,1.0,0.990740740741,0.052569326315,2,0,1,107,1,107,-0.981481481481,-0.981481481481,1,107,7383,69,-7420,7560,-0.981481481481,177,107,-70,-0.393258426966,108,1.0,1,69,1,108,1,69,108,1.0,0.917007730874,6,2,2,1.0,1.0,0.990740740741,0.052569326315,2,0,1,107,1,107,-0.981481481481,-0.981481481481,1,107,7383,69,-7420,7560,-0.981481481481,177,107,-70,-0.393258426966,108,1.0,1,69,1,108,1,69,108,1.0,0.917007730874,6,2,2,1.0,1.0,0.990740740741,0.052569326315,2,0,1,107,1,107,-0.981481481481,-0.981481481481,1,107,7383,69,-7420,7560,-0.981481481481,177,107,-70,-0.393258426966,108,1.0
MOT17-09-FRCNN,31,33,363,v_to_u,33,31,1,364,162,1,1,33,31,1,363,363,345,525,1,181,1,19,1,162,162,162,1.0,7.010252905695,0.859086046588,0.0,1.579628759935,1.294644428701,-1.0,-1.0,227,1,"{""31"": 162}",162,1,19,1,30,1,19,30,1.0,0.879309447984,6,10,10,1.0,1.0,1.0,-0.0,1,0,0,30,0,30,-1.0,-1.0,0,30,570,0,-600,600,-1.0,50,30,-20,-0.4,30,1.0,1,19,1,60,1,19,60,1.0,0.883074537694,6,10,10,1.0,1.0,1.0,-0.0,1,0,0,60,0,60,-1.0,-1.0,0,60,1140,0,-1200,1200,-1.0,80,60,-20,-0.25,60,1.0,1,19,1,120,1,19,108,0.9,0.874087540495,6,10,10,1.0,1.0,0.601851851852,0.889341722141,5,0,0,65,0,65,-0.601851851852,-0.601851851852,0,108,1235,817,-526,2160,-0.243518518519,85,65,-20,-0.15625,120,1.0,1,19,1,162,1,19,150,0.925925925926,0.860822858973,6,10,15,1.0,1.0,0.52,0.905031345749,6,0,0,65,0,65,-0.433333333333,-0.433333333333,0,150,1235,1615,230,3000,0.076666666667,85,97,12,0.070588235294,162,1.0,1,19,1,162,1,19,150,0.925925925926,0.860822858973,6,10,15,1.0,1.0,0.52,0.905031345749,6,0,0,65,0,65,-0.433333333333,-0.433333333333,0,150,1235,1615,230,3000,0.076666666667,85,97,12,0.070588235294,162,1.0
MOT17-09-FRCNN,32,33,363,v_to_u,33,32,1,364,98,1,1,33,32,1,363,363,357,461,1,105,1,7,1,98,98,98,1.0,4.752222398473,0.620033522876,0.0,1.046211222911,0.948759924903,-1.0,-1.0,228,1,"{""32"": 98}",98,1,7,1,30,1,7,30,1.0,0.853260086059,6,13,13,1.0,1.0,1.0,-0.0,1,0,0,30,0,30,-1.0,-1.0,0,30,210,0,-240,240,-1.0,38,30,-8,-0.210526315789,30,1.0,1,7,1,60,1,7,60,1.0,0.847285485268,6,13,13,1.0,1.0,1.0,-0.0,1,0,0,60,0,60,-1.0,-1.0,0,60,420,0,-480,480,-1.0,68,60,-8,-0.117647058824,60,1.0,1,7,1,98,1,7,94,0.959183673469,0.866356038462,6,13,13,1.0,1.0,1.0,-0.0,1,0,0,94,0,94,-1.0,-1.0,0,94,658,0,-752,752,-1.0,102,94,-8,-0.078431372549,98,1.0,1,7,1,98,1,7,94,0.959183673469,0.866356038462,6,13,13,1.0,1.0,1.0,-0.0,1,0,0,94,0,94,-1.0,-1.0,0,94,658,0,-752,752,-1.0,102,94,-8,-0.078431372549,98,1.0,1,7,1,98,1,7,94,0.959183673469,0.866356038462,6,13,13,1.0,1.0,1.0,-0.0,1,0,0,94,0,94,-1.0,-1.0,0,94,658,0,-752,752,-1.0,102,94,-8,-0.078431372549,98,1.0
MOT17-09-FRCNN,2,35,366,v_to_u,35,2,1,367,26,2,2,35,2,1,365,366,1,392,2,392,2,366,1,26,26,26,1.0,0.986405530814,0.213901759159,0.0,0.377274754859,0.330764030046,-1.0,-1.0,229,1,"{""2"": 26}",26,2,30,1,26,2,30,26,1.0,0.912806236009,1,22,22,1.0,1.0,1.0,-0.0,1,0,0,26,0,26,-1.0,-1.0,0,52,780,0,-832,832,-1.0,58,32,-26,-0.448275862069,26,1.0,2,60,1,26,2,60,26,1.0,0.912806236009,1,22,22,1.0,0.983333333333,1.0,-0.0,1,0,0,26,0,26,-1.0,-1.0,0,52,1534,26,-1560,1612,-0.967741935484,87,61,-26,-0.295454545455,26,1.0,2,120,1,26,2,120,26,1.0,0.912806236009,1,22,22,1.0,0.991666666667,1.0,-0.0,1,0,0,26,0,26,-1.0,-1.0,0,52,3094,26,-3120,3172,-0.983606557377,147,121,-26,-0.175675675676,26,1.0,2,300,1,26,2,300,26,1.0,0.912806236009,1,22,22,1.0,0.996666666667,1.0,-0.0,1,0,0,26,0,26,-1.0,-1.0,0,52,7774,26,-7800,7852,-0.993377483444,327,301,-26,-0.079268292683,26,1.0,2,366,1,26,2,366,26,1.0,0.912806236009,1,22,22,1.0,0.997267759563,1.0,-0.0,1,0,0,26,0,26,-1.0,-1.0,0,52,9490,26,-9516,9568,-0.994565217391,393,367,-26,-0.065989847716,26,1.0
MOT17-09-FRCNN,4,35,366,v_to_u,35,4,1,367,159,2,2,35,4,1,365,366,1,525,2,525,2,366,1,159,159,159,1.0,0.093059410286,0.094384995256,0.582142139764,0.332341276236,0.208699358434,-1.0,-1.0,230,1,"{""4"": 159}",159,2,30,1,30,2,30,30,1.0,0.918448079563,1,29,29,1.0,0.9,1.0,-0.0,1,0,0,30,0,30,-1.0,-1.0,0,60,810,90,-780,960,-0.8125,59,33,-26,-0.41935483871,30,1.0,2,60,1,60,2,60,60,1.0,0.898818058932,1,29,29,1.0,0.783333333333,1.0,-0.0,1,0,0,60,0,60,-1.0,-1.0,0,120,2820,780,-2160,3720,-0.58064516129,109,68,-41,-0.33606557377,60,1.0,2,120,1,120,2,120,120,1.0,0.889965070804,1,7,29,1.0,0.541666666667,0.625,0.661563238158,2,0,0,0,0,0,0.0,0.0,0,240,3525,10875,7110,14640,0.485655737705,124,140,16,0.066115702479,120,1.0,2,300,1,159,2,299,159,1.0,0.887883618214,1,1,14,1.0,0.508361204013,0.528301886792,0.691544330409,2,1,0,0,0,0,0.0,0.0,0,318,3525,44016,40173,47859,0.839403247038,152,236,84,0.182608695652,159,1.0,2,366,1,159,2,365,159,1.0,0.887883618214,1,1,14,1.0,0.597260273973,0.528301886792,0.691544330409,2,1,0,0,0,0,0.0,0.0,0,318,3525,54510,50667,58353,0.868284406971,218,302,84,0.15969581749,159,1.0
MOT17-09-FRCNN,12,35,366,v_to_u,35,12,1,367,26,2,2,35,12,1,365,366,137,392,2,256,2,230,1,26,26,26,1.0,1.418579811845,0.047676456655,0.0,0.085011726973,0.001163854151,-1.0,-1.0,231,1,"{""12"": 26}",26,2,30,1,26,2,30,16,0.615384615385,0.751274230791,1,8,8,1.0,1.0,1.0,-0.0,1,0,0,16,0,16,-1.0,-1.0,0,32,480,0,-512,512,-1.0,48,32,-16,-0.333333333333,26,1.0,2,60,1,26,2,60,16,0.615384615385,0.751274230791,1,8,8,1.0,1.0,1.0,-0.0,1,0,0,16,0,16,-1.0,-1.0,0,32,960,0,-992,992,-1.0,78,62,-16,-0.205128205128,26,1.0,2,120,1,26,2,120,16,0.615384615385,0.751274230791,1,8,8,1.0,1.0,1.0,-0.0,1,0,0,16,0,16,-1.0,-1.0,0,32,1920,0,-1952,1952,-1.0,138,122,-16,-0.115942028986,26,1.0,2,230,1,26,2,230,16,0.615384615385,0.751274230791,1,8,8,1.0,1.0,1.0,-0.0,1,0,0,16,0,16,-1.0,-1.0,0,32,3680,0,-3712,3712,-1.0,248,232,-16,-0.064516129032,26,1.0,2,230,1,26,2,230,16,0.615384615385,0.751274230791,1,8,8,1.0,1.0,1.0,-0.0,1,0,0,16,0,16,-1.0,-1.0,0,32,3680,0,-3712,3712,-1.0,248,232,-16,-0.064516129032,26,1.0
MOT17-09-FRCNN,17,35,366,v_to_u,35,17,1,367,16,2,2,35,17,1,365,366,170,382,2,213,2,197,1,16,16,16,1.0,1.074755649712,0.333257041371,0.0,0.119473141375,0.091893133198,-1.0,-1.0,232,1,"{""17"": 16}",16,2,30,1,16,2,30,16,1.0,0.840760065172,1,21,21,1.0,1.0,1.0,-0.0,1,0,0,16,0,16,-1.0,-1.0,0,32,480,0,-512,512,-1.0,48,32,-16,-0.333333333333,16,1.0,2,60,1,16,2,60,16,1.0,0.840760065172,1,21,21,1.0,1.0,1.0,-0.0,1,0,0,16,0,16,-1.0,-1.0,0,32,960,0,-992,992,-1.0,78,62,-16,-0.205128205128,16,1.0,2,120,1,16,2,120,16,1.0,0.840760065172,1,21,21,1.0,1.0,1.0,-0.0,1,0,0,16,0,16,-1.0,-1.0,0,32,1920,0,-1952,1952,-1.0,138,122,-16,-0.115942028986,16,1.0,2,197,1,16,2,197,16,1.0,0.840760065172,1,21,21,1.0,1.0,1.0,-0.0,1,0,0,16,0,16,-1.0,-1.0,0,32,3152,0,-3184,3184,-1.0,215,199,-16,-0.074418604651,16,1.0,2,197,1,16,2,197,16,1.0,0.840760065172,1,21,21,1.0,1.0,1.0,-0.0,1,0,0,16,0,16,-1.0,-1.0,0,32,3152,0,-3184,3184,-1.0,215,199,-16,-0.074418604651,16,1.0
MOT17-09-FRCNN,18,35,366,v_to_u,35,18,1,367,35,2,2,35,18,1,365,366,181,401,2,221,2,186,1,35,35,35,1.0,0.473136178746,0.018831845661,0.126255591509,0.045310881878,0.000914570839,-1.0,-1.0,233,1,"{""18"": 35}",35,2,30,1,30,2,30,30,1.0,0.863912287625,1,7,7,1.0,1.0,1.0,-0.0,1,0,0,30,0,30,-1.0,-1.0,0,60,900,0,-960,960,-1.0,62,32,-30,-0.483870967742,30,1.0,2,60,1,35,2,59,32,0.914285714286,0.864868598895,1,7,7,1.0,0.932203389831,1.0,-0.0,1,0,0,32,0,32,-1.0,-1.0,0,64,1760,128,-1696,1952,-0.868852459016,89,57,-32,-0.344086021505,35,1.0,2,120,1,35,2,119,32,0.914285714286,0.864868598895,1,29,7,1.0,0.53781512605,1.0,-0.0,1,0,0,0,0,0,0.0,0.0,0,64,1760,2048,224,3872,0.057851239669,89,96,7,0.045751633987,35,1.0,2,186,1,35,2,185,32,0.914285714286,0.864868598895,1,29,7,1.0,0.702702702703,1.0,-0.0,1,0,0,0,0,0,0.0,0.0,0,64,1760,4160,2336,5984,0.390374331551,132,162,30,0.13698630137,35,1.0,2,186,1,35,2,185,32,0.914285714286,0.864868598895,1,29,7,1.0,0.702702702703,1.0,-0.0,1,0,0,0,0,0,0.0,0.0,0,64,1760,4160,2336,5984,0.390374331551,132,162,30,0.13698630137,35,1.0
MOT17-09-FRCNN,20,35,366,v_to_u,35,20,1,367,159,2,2,35,20,1,365,366,198,525,2,328,2,169,1,159,159,159,1.0,1.080639126,0.110891153388,0.0,0.19787817759,0.221145215928,-1.0,-1.0,234,1,"{""20"": 159}",159,2,30,1,30,2,30,30,1.0,0.857177324455,1,11,11,1.0,0.833333333333,1.0,-0.0,1,0,0,30,0,30,-1.0,-1.0,0,60,750,150,-660,960,-0.6875,57,35,-22,-0.354838709677,30,1.0,2,60,1,60,2,60,60,1.0,0.88293836175,1,11,11,1.0,0.916666666667,1.0,-0.0,1,0,0,60,0,60,-1.0,-1.0,0,120,3300,300,-3120,3720,-0.838709677419,117,65,-52,-0.426229508197,60,1.0,2,120,1,120,2,120,120,1.0,0.901831480004,1,11,11,1.0,0.958333333333,1.0,-0.0,1,0,0,120,0,120,-1.0,-1.0,0,240,13800,600,-13440,14640,-0.918032786885,237,125,-112,-0.462809917355,120,1.0,2,169,1,159,2,169,159,1.0,0.903676710353,1,11,11,1.0,0.970414201183,1.0,-0.0,1,0,0,159,0,159,-1.0,-1.0,0,318,26076,795,-25599,27189,-0.941520467836,325,166,-159,-0.481818181818,159,1.0,2,169,1,159,2,169,159,1.0,0.903676710353,1,11,11,1.0,0.970414201183,1.0,-0.0,1,0,0,159,0,159,-1.0,-1.0,0,318,26076,795,-25599,27189,-0.941520467836,325,166,-159,-0.481818181818,159,1.0
MOT17-09-FRCNN,23,35,366,v_to_u,35,23,1,367,121,2,2,35,23,1,365,366,219,487,2,269,2,148,1,121,121,121,1.0,0.334108201836,0.180865467998,0.267546853996,0.357526660198,0.246849680273,-1.0,-1.0,235,1,"{""23"": 121}",121,2,30,1,30,2,30,30,1.0,0.934294555758,1,12,12,1.0,1.0,1.0,-0.0,1,0,0,30,0,30,-1.0,-1.0,0,60,900,0,-960,960,-1.0,62,32,-30,-0.483870967742,30,1.0,2,60,1,60,2,60,60,1.0,0.910967885295,1,12,12,1.0,1.0,1.0,-0.0,1,0,0,60,0,60,-1.0,-1.0,0,120,3600,0,-3720,3720,-1.0,122,62,-60,-0.491803278689,60,1.0,2,120,1,120,2,120,116,0.966666666667,0.844399959465,1,12,12,1.0,1.0,0.73275862069,0.580495707135,2,0,31,85,31,85,-0.465517241379,-0.465517241379,62,170,10200,3720,-6588,14152,-0.465517241379,207,153,-54,-0.226890756303,120,1.0,2,148,1,121,2,148,117,0.96694214876,0.844557436057,1,12,12,1.0,1.0,0.726495726496,0.586713202394,2,0,32,85,32,85,-0.452991452991,-0.452991452991,64,170,12580,4736,-7950,17550,-0.452991452991,235,182,-53,-0.198501872659,121,1.0,2,148,1,121,2,148,117,0.96694214876,0.844557436057,1,12,12,1.0,1.0,0.726495726496,0.586713202394,2,0,32,85,32,85,-0.452991452991,-0.452991452991,64,170,12580,4736,-7950,17550,-0.452991452991,235,182,-53,-0.198501872659,121,1.0
MOT17-09-FRCNN,30,35,366,v_to_u,35,30,1,367,105,2,2,35,30,1,365,366,295,471,2,177,2,72,1,105,105,105,1.0,2.411537166087,0.360064015312,0.0,0.657940214759,0.526932114068,-1.0,-1.0,236,1,"{""30"": 105}",105,2,30,1,30,2,30,30,1.0,0.94196514412,1,2,2,1.0,1.0,1.0,-0.0,1,0,0,30,0,30,-1.0,-1.0,0,60,900,0,-960,960,-1.0,62,32,-30,-0.483870967742,30,1.0,2,60,1,60,2,60,60,1.0,0.931459049235,1,2,2,1.0,1.0,0.983333333333,0.084766075715,2,0,0,59,0,59,-0.983333333333,-0.983333333333,0,120,3540,60,-3600,3720,-0.967741935484,121,62,-59,-0.483606557377,60,1.0,2,72,1,105,2,72,105,1.0,0.91572001401,1,2,2,1.0,1.0,0.990476190476,0.053801745294,2,0,0,104,0,104,-0.990476190476,-0.990476190476,0,210,7488,72,-7626,7770,-0.981467181467,178,104,-74,-0.413407821229,105,1.0,2,72,1,105,2,72,105,1.0,0.91572001401,1,2,2,1.0,1.0,0.990476190476,0.053801745294,2,0,0,104,0,104,-0.990476190476,-0.990476190476,0,210,7488,72,-7626,7770,-0.981467181467,178,104,-74,-0.413407821229,105,1.0,2,72,1,105,2,72,105,1.0,0.91572001401,1,2,2,1.0,1.0,0.990476190476,0.053801745294,2,0,0,104,0,104,-0.990476190476,-0.990476190476,0,210,7488,72,-7626,7770,-0.981467181467,178,104,-74,-0.413407821229,105,1.0
MOT17-09-FRCNN,31,35,366,v_to_u,35,31,1,367,159,2,2,35,31,1,365,366,345,525,2,181,2,22,1,159,159,159,1.0,0.924612348738,0.013467936249,0.0,0.158610355685,0.119770952694,-1.0,-1.0,237,1,"{""31"": 159}",159,2,22,1,30,2,22,30,1.0,0.873772595263,1,10,10,1.0,1.0,1.0,-0.0,1,0,0,30,0,30,-1.0,-1.0,0,60,660,0,-720,720,-1.0,54,30,-24,-0.444444444444,30,1.0,2,22,1,60,2,22,60,1.0,0.88264396295,1,10,10,1.0,1.0,1.0,-0.0,1,0,0,60,0,60,-1.0,-1.0,0,120,1320,0,-1440,1440,-1.0,84,60,-24,-0.285714285714,60,1.0,2,22,1,120,2,22,108,0.9,0.873708470202,1,10,10,1.0,1.0,0.574074074074,0.903245659861,5,0,0,62,0,62,-0.574074074074,-0.574074074074,0,216,1364,1012,-568,2592,-0.219135802469,86,62,-24,-0.181818181818,120,1.0,2,22,1,159,2,22,147,0.924528301887,0.85952656951,1,10,15,1.0,1.0,0.530612244898,0.906162167856,6,0,0,62,0,62,-0.421768707483,-0.421768707483,0,294,1364,1870,212,3528,0.060090702948,86,100,14,0.081871345029,159,1.0,2,22,1,159,2,22,147,0.924528301887,0.85952656951,1,10,15,1.0,1.0,0.530612244898,0.906162167856,6,0,0,62,0,62,-0.421768707483,-0.421768707483,0,294,1364,1870,212,3528,0.060090702948,86,100,14,0.081871345029,159,1.0
MOT17-09-FRCNN,32,35,366,v_to_u,35,32,1,367,95,2,2,35,32,1,365,366,357,461,2,105,2,10,1,95,95,95,1.0,0.933326485724,0.160408058821,0.0,0.258458933024,0.209138095554,-1.0,-1.0,238,1,"{""32"": 95}",95,2,10,1,30,2,10,30,1.0,0.845654238593,1,13,13,1.0,1.0,1.0,-0.0,1,0,0,30,0,30,-1.0,-1.0,0,60,300,0,-360,360,-1.0,42,30,-12,-0.285714285714,30,1.0,2,10,1,60,2,10,60,1.0,0.85005238006,1,13,13,1.0,1.0,1.0,-0.0,1,0,0,60,0,60,-1.0,-1.0,0,120,600,0,-720,720,-1.0,72,60,-12,-0.166666666667,60,1.0,2,10,1,95,2,10,91,0.957894736842,0.865480663582,1,13,13,1.0,1.0,1.0,-0.0,1,0,0,91,0,91,-1.0,-1.0,0,182,910,0,-1092,1092,-1.0,103,91,-12,-0.116504854369,95,1.0,2,10,1,95,2,10,91,0.957894736842,0.865480663582,1,13,13,1.0,1.0,1.0,-0.0,1,0,0,91,0,91,-1.0,-1.0,0,182,910,0,-1092,1092,-1.0,103,91,-12,-0.116504854369,95,1.0,2,10,1,95,2,10,91,0.957894736842,0.865480663582,1,13,13,1.0,1.0,1.0,-0.0,1,0,0,91,0,91,-1.0,-1.0,0,182,910,0,-1092,1092,-1.0,103,91,-12,-0.116504854369,95,1.0
MOT17-09-FRCNN,34,35,366,v_to_u,35,34,1,367,159,2,2,35,34,1,365,366,365,525,2,161,2,2,1,159,159,159,1.0,6.130770929548,0.786685146143,0.0,1.203154473675,1.15650288786,-1.0,-1.0,239,1,"{""34"": 159}",159,2,2,1,30,2,2,30,1.0,0.923140433163,1,6,6,1.0,1.0,1.0,-0.0,1,0,0,30,0,30,-1.0,-1.0,0,60,60,0,-120,120,-1.0,34,30,-4,-0.117647058824,30,1.0,2,2,1,60,2,2,60,1.0,0.911323825054,1,6,6,1.0,1.0,0.983333333333,0.084766075715,2,0,0,59,0,59,-0.983333333333,-0.983333333333,0,120,118,2,-236,240,-0.983333333333,63,59,-4,-0.0625,60,1.0,2,2,1,120,2,2,120,1.0,0.925726081556,1,6,6,1.0,1.0,0.991666666667,0.04819427878,2,0,0,119,0,119,-0.991666666667,-0.991666666667,0,240,238,2,-476,480,-0.991666666667,123,119,-4,-0.032258064516,120,1.0,2,2,1,159,2,2,159,1.0,0.900214791361,1,6,6,1.0,1.0,0.993710691824,0.038149389527,2,0,0,158,0,158,-0.993710691824,-0.993710691824,0,318,316,2,-632,636,-0.993710691824,162,158,-4,-0.024539877301,159,1.0,2,2,1,159,2,2,159,1.0,0.900214791361,1,6,6,1.0,1.0,0.993710691824,0.038149389527,2,0,0,158,0,158,-0.993710691824,-0.993710691824,0,318,316,2,-632,636,-0.993710691824,162,158,-4,-0.024539877301,159,1.0
MOT17-09-FRCNN,2,17,382,v_to_u,17,2,1,383,10,213,213,17,2,1,170,382,1,392,213,392,213,382,1,10,10,10,1.0,0.444822222499,0.036337843414,0.426100477572,0.254370342085,0.447277042893,-1.0,-1.0,240,1,"{""2"": 10}",10,30,30,1,10,30,30,10,1.0,0.88006773257,21,22,22,1.0,1.0,1.0,-0.0,1,0,0,10,0,10,-1.0,-1.0,0,300,300,0,-600,600,-1.0,70,60,-10,-0.142857142857,10,1.0,60,60,1,10,60,60,10,1.0,0.88006773257,21,22,22,1.0,0.983333333333,1.0,-0.0,1,0,0,10,0,10,-1.0,-1.0,0,600,590,10,-1180,1200,-0.983333333333,129,119,-10,-0.076923076923,10,1.0,120,120,1,10,120,120,10,1.0,0.88006773257,21,22,22,1.0,0.991666666667,1.0,-0.0,1,0,0,10,0,10,-1.0,-1.0,0,1200,1190,10,-2380,2400,-0.991666666667,249,239,-10,-0.04,10,1.0,213,300,1,10,213,300,10,1.0,0.88006773257,21,22,22,1.0,0.996666666667,1.0,-0.0,1,0,0,10,0,10,-1.0,-1.0,0,2130,2990,10,-5110,5130,-0.996101364522,522,512,-10,-0.019120458891,10,1.0,213,382,1,10,213,382,10,1.0,0.88006773257,21,22,22,1.0,0.997382198953,1.0,-0.0,1,0,0,10,0,10,-1.0,-1.0,0,2130,3810,10,-5930,5950,-0.996638655462,604,594,-10,-0.01652892562,10,1.0
MOT17-09-FRCNN,4,17,382,v_to_u,17,4,1,383,143,213,213,17,4,1,170,382,1,525,213,525,213,382,1,143,143,143,1.0,1.436438030805,0.281470060186,0.0,0.205723928365,0.203880108332,-1.0,-1.0,241,1,"{""4"": 143}",143,30,30,1,30,30,30,30,1.0,0.896750370513,21,29,29,1.0,1.0,1.0,-0.0,1,0,0,30,0,30,-1.0,-1.0,0,900,900,0,-1800,1800,-1.0,90,60,-30,-0.333333333333,30,1.0,60,60,1,60,60,60,60,1.0,0.882856423516,21,29,29,1.0,0.866666666667,0.983333333333,0.084766075715,2,0,0,59,0,59,-0.983333333333,-0.983333333333,0,3600,3068,532,-6136,7200,-0.852222222222,171,112,-59,-0.327777777778,60,1.0,120,120,1,120,120,120,120,1.0,0.883615098651,21,29,14,1.0,0.525,0.508333333333,0.69300828524,2,0,0,59,0,59,-0.491666666667,-0.491666666667,0,14400,3717,10683,-7434,28800,-0.258125,242,183,-59,-0.163888888889,120,1.0,213,300,1,143,213,299,143,1.0,0.886277461752,21,1,14,1.0,0.454849498328,0.587412587413,0.677786446391,2,0,0,0,0,0,0.0,0.0,0,30459,3717,39040,4864,73216,0.066433566434,349,349,0,0.0,143,1.0,213,382,1,143,213,381,143,1.0,0.886277461752,21,1,14,1.0,0.57217847769,0.587412587413,0.677786446391,2,0,0,0,0,0,0.0,0.0,0,30459,3717,50766,16590,84942,0.195309740764,431,431,0,0.0,143,1.0
MOT17-09-FRCNN,12,17,382,v_to_u,17,12,1,383,10,213,213,17,12,1,170,382,137,392,213,256,213,246,1,10,10,10,1.0,0.75494755186,0.521207942697,0.174462927579,0.186759826574,0.163910781454,-1.0,-1.0,242,1,"{""12"": 10}",10,30,30,1,10,30,30,0,0.0,,21,8,-1,1.0,1.0,,,0,0,0,0,0,0,0.0,0.0,0,0,0,0,0,0,0.0,60,60,0,0.0,10,1.0,60,60,1,10,60,60,0,0.0,,21,8,-1,1.0,1.0,,,0,0,0,0,0,0,0.0,0.0,0,0,0,0,0,0,0.0,120,120,0,0.0,10,1.0,120,120,1,10,120,120,0,0.0,,21,8,-1,1.0,1.0,,,0,0,0,0,0,0,0.0,0.0,0,0,0,0,0,0,0.0,240,240,0,0.0,10,1.0,213,246,1,10,213,246,0,0.0,,21,8,-1,1.0,1.0,,,0,0,0,0,0,0,0.0,0.0,0,0,0,0,0,0,0.0,459,459,0,0.0,10,1.0,213,246,1,10,213,246,0,0.0,,21,8,-1,1.0,1.0,,,0,0,0,0,0,0,0.0,0.0,0,0,0,0,0,0,0.0,459,459,0,0.0,10,1.0
MOT17-09-FRCNN,17,18,382,u_to_v,17,18,1,383,19,202,202,17,18,1,170,382,181,401,213,221,213,202,1,19,19,19,1.0,1.291070628303,0.416276998186,0.0,0.119479568775,0.027716103337,-1.0,-1.0,243,1,"{""18"": 19}",19,30,30,1,19,30,30,16,0.842105263158,0.872628855931,21,7,7,1.0,1.0,1.0,-0.0,1,0,0,16,0,16,-1.0,-1.0,0,480,480,0,-960,960,-1.0,76,60,-16,-0.210526315789,19,1.0,60,60,1,19,60,60,16,0.842105263158,0.872628855931,21,7,7,1.0,1.0,1.0,-0.0,1,0,0,16,0,16,-1.0,-1.0,0,960,960,0,-1920,1920,-1.0,136,120,-16,-0.117647058824,19,1.0,120,120,1,19,120,119,16,0.842105263158,0.872628855931,21,7,7,1.0,0.596638655462,1.0,-0.0,1,0,0,16,0,16,-1.0,-1.0,0,1920,1136,768,-2288,3824,-0.598326359833,207,191,-16,-0.062745098039,19,1.0,213,202,1,19,213,201,16,0.842105263158,0.872628855931,21,29,7,1.0,0.646766169154,1.0,-0.0,1,0,0,0,0,0,0.0,0.0,0,3408,1136,2080,-2464,6624,-0.371980676329,343,343,0,0.0,19,1.0,213,202,1,19,213,201,16,0.842105263158,0.872628855931,21,29,7,1.0,0.646766169154,1.0,-0.0,1,0,0,0,0,0,0.0,0.0,0,3408,1136,2080,-2464,6624,-0.371980676329,343,343,0,0.0,19,1.0
MOT17-09-FRCNN,17,20,382,u_to_v,17,20,1,383,143,185,185,17,20,1,170,382,198,525,213,328,213,185,1,143,143,143,1.0,2.571919086653,0.263930865696,0.0,0.092909125659,0.198757290111,-1.0,-1.0,244,1,"{""20"": 143}",143,30,30,1,30,30,30,30,1.0,0.891585941728,21,11,11,1.0,0.9,1.0,-0.0,1,0,0,30,0,30,-1.0,-1.0,0,900,810,90,-1620,1800,-0.9,87,57,-30,-0.333333333333,30,1.0,60,60,1,60,60,60,60,1.0,0.903683710767,21,11,11,1.0,0.916666666667,1.0,-0.0,1,0,0,60,0,60,-1.0,-1.0,0,3600,3300,300,-6600,7200,-0.916666666667,175,115,-60,-0.333333333333,60,1.0,120,120,1,120,120,120,120,1.0,0.910766008796,21,11,11,1.0,0.958333333333,1.0,-0.0,1,0,0,120,0,120,-1.0,-1.0,0,14400,13800,600,-27600,28800,-0.958333333333,355,235,-120,-0.333333333333,120,1.0,213,185,1,143,213,185,143,1.0,0.910185568052,21,11,11,1.0,0.972972972973,1.0,-0.0,1,0,0,143,0,143,-1.0,-1.0,0,30459,25740,715,-55484,56914,-0.974874371859,536,393,-143,-0.264325323475,143,1.0,213,185,1,143,213,185,143,1.0,0.910185568052,21,11,11,1.0,0.972972972973,1.0,-0.0,1,0,0,143,0,143,-1.0,-1.0,0,30459,25740,715,-55484,56914,-0.974874371859,536,393,-143,-0.264325323475,143,1.0
MOT17-09-FRCNN,17,23,382,u_to_v,17,23,1,383,105,164,164,17,23,1,170,382,219,487,213,269,213,164,1,105,105,105,1.0,1.537381484334,0.193659789391,0.0,0.28183814146,0.220952593505,-1.0,-1.0,245,1,"{""23"": 105}",105,30,30,1,30,30,30,30,1.0,0.91591303701,21,12,12,1.0,1.0,1.0,-0.0,1,0,0,30,0,30,-1.0,-1.0,0,900,900,0,-1800,1800,-1.0,90,60,-30,-0.333333333333,30,1.0,60,60,1,60,60,60,60,1.0,0.881215575525,21,12,12,1.0,1.0,1.0,-0.0,1,0,0,60,0,60,-1.0,-1.0,0,3600,3600,0,-7200,7200,-1.0,180,120,-60,-0.333333333333,60,1.0,120,120,1,105,120,120,101,0.961904761905,0.829414813405,21,12,12,1.0,1.0,0.683168316832,0.624458163309,2,0,0,69,0,69,-0.683168316832,-0.683168316832,0,12120,8280,3840,-16560,24240,-0.683168316832,309,240,-69,-0.202346041056,105,1.0,213,164,1,105,213,164,101,0.961904761905,0.829414813405,21,12,12,1.0,1.0,0.683168316832,0.624458163309,2,0,0,69,0,69,-0.683168316832,-0.683168316832,0,21513,11316,5248,-27581,38077,-0.72434803162,446,377,-69,-0.144351464435,105,1.0,213,164,1,105,213,164,101,0.961904761905,0.829414813405,21,12,12,1.0,1.0,0.683168316832,0.624458163309,2,0,0,69,0,69,-0.683168316832,-0.683168316832,0,21513,11316,5248,-27581,38077,-0.72434803162,446,377,-69,-0.144351464435,105,1.0
MOT17-09-FRCNN,17,30,382,u_to_v,17,30,1,383,89,88,88,17,30,1,170,382,295,471,213,177,213,88,1,89,89,89,1.0,3.916257817595,0.144415262348,0.0,0.618435963911,0.677425388386,-1.0,-1.0,246,1,"{""30"": 89}",89,30,30,1,30,30,30,30,1.0,0.923832965557,21,2,2,1.0,1.0,1.0,-0.0,1,0,0,30,0,30,-1.0,-1.0,0,900,900,0,-1800,1800,-1.0,90,60,-30,-0.333333333333,30,1.0,60,60,1,60,60,60,60,1.0,0.928287968773,21,2,2,1.0,1.0,0.983333333333,0.084766075715,2,0,0,59,0,59,-0.983333333333,-0.983333333333,0,3600,3540,60,-7080,7200,-0.983333333333,179,120,-59,-0.327777777778,60,1.0,120,88,1,89,120,88,89,1.0,0.909795150622,21,2,2,1.0,1.0,0.988764044944,0.061606710473,2,0,0,88,0,88,-0.988764044944,-0.988764044944,0,10680,7744,88,-18336,18512,-0.990492653414,296,208,-88,-0.296296296296,89,1.0,213,88,1,89,213,88,89,1.0,0.909795150622,21,2,2,1.0,1.0,0.988764044944,0.061606710473,2,0,0,88,0,88,-0.988764044944,-0.988764044944,0,18957,7744,88,-26613,26789,-0.993430139236,389,301,-88,-0.225641025641,89,1.0,213,88,1,89,213,88,89,1.0,0.909795150622,21,2,2,1.0,1.0,0.988764044944,0.061606710473,2,0,0,88,0,88,-0.988764044944,-0.988764044944,0,18957,7744,88,-26613,26789,-0.993430139236,389,301,-88,-0.225641025641,89,1.0
MOT17-09-FRCNN,17,31,382,u_to_v,17,31,1,383,143,38,38,17,31,1,170,382,345,525,213,181,213,38,1,143,143,143,1.0,1.059438419244,0.537855482248,0.0,0.33782923278,0.228759428195,-1.0,-1.0,247,1,"{""31"": 143}",143,30,30,1,30,30,30,30,1.0,0.884184190799,21,10,10,1.0,1.0,1.0,-0.0,1,0,0,30,0,30,-1.0,-1.0,0,900,900,0,-1800,1800,-1.0,90,60,-30,-0.333333333333,30,1.0,60,38,1,60,60,38,49,0.816666666667,0.874323004596,21,10,10,1.0,1.0,0.938775510204,0.269293796078,3,0,0,46,0,46,-0.938775510204,-0.938775510204,0,2940,1748,114,-4574,4802,-0.952519783424,144,98,-46,-0.312925170068,60,1.0,120,38,1,120,120,38,108,0.9,0.86493143688,21,10,15,1.0,1.0,0.518518518519,0.920841133172,5,0,0,46,0,46,-0.425925925926,-0.425925925926,0,12960,1748,2356,-12352,17064,-0.72386310361,204,158,-46,-0.172932330827,120,1.0,213,38,1,143,213,38,131,0.916083916084,0.856241522434,21,10,15,1.0,1.0,0.595419847328,0.900976529709,6,0,0,46,0,46,-0.351145038168,-0.351145038168,0,27903,1748,3230,-26421,32881,-0.80353395578,297,251,-46,-0.120418848168,143,1.0,213,38,1,143,213,38,131,0.916083916084,0.856241522434,21,10,15,1.0,1.0,0.595419847328,0.900976529709,6,0,0,46,0,46,-0.351145038168,-0.351145038168,0,27903,1748,3230,-26421,32881,-0.80353395578,297,251,-46,-0.120418848168,143,1.0
MOT17-09-FRCNN,17,32,382,u_to_v,17,32,1,383,79,26,26,17,32,1,170,382,357,461,213,105,213,26,1,79,79,79,1.0,2.397428301285,0.238911506084,0.0,0.105953622922,0.173535990987,-1.0,-1.0,248,1,"{""32"": 79}",79,30,26,1,30,30,26,30,1.0,0.801628155518,21,13,13,1.0,1.0,1.0,-0.0,1,0,0,30,0,30,-1.0,-1.0,0,900,780,0,-1680,1680,-1.0,86,56,-30,-0.348837209302,30,1.0,60,26,1,60,60,26,60,1.0,0.87155211311,21,13,13,1.0,1.0,1.0,-0.0,1,0,0,60,0,60,-1.0,-1.0,0,3600,1560,0,-5160,5160,-1.0,146,86,-60,-0.41095890411,60,1.0,120,26,1,79,120,26,75,0.949367088608,0.865179138799,21,13,13,1.0,1.0,1.0,-0.0,1,0,0,75,0,75,-1.0,-1.0,0,9000,1950,0,-10950,10950,-1.0,221,146,-75,-0.339366515837,79,1.0,213,26,1,79,213,26,75,0.949367088608,0.865179138799,21,13,13,1.0,1.0,1.0,-0.0,1,0,0,75,0,75,-1.0,-1.0,0,15975,1950,0,-17925,17925,-1.0,314,239,-75,-0.238853503185,79,1.0,213,26,1,79,213,26,75,0.949367088608,0.865179138799,21,13,13,1.0,1.0,1.0,-0.0,1,0,0,75,0,75,-1.0,-1.0,0,15975,1950,0,-17925,17925,-1.0,314,239,-75,-0.238853503185,79,1.0
MOT17-09-FRCNN,17,34,382,u_to_v,17,34,1,383,143,18,18,17,34,1,170,382,365,525,213,161,213,18,1,143,143,143,1.0,6.528633498526,0.42700439525,0.0,0.710008152001,1.010144713503,-1.0,-1.0,249,1,"{""34"": 143}",143,30,18,1,30,30,18,30,1.0,0.926645908237,21,6,6,1.0,1.0,1.0,-0.0,1,0,0,30,0,30,-1.0,-1.0,0,900,540,0,-1440,1440,-1.0,78,48,-30,-0.384615384615,30,1.0,60,18,1,60,60,18,60,1.0,0.919092837166,21,6,6,1.0,1.0,0.983333333333,0.084766075715,2,0,0,59,0,59,-0.983333333333,-0.983333333333,0,3600,1062,18,-4644,4680,-0.992307692308,137,78,-59,-0.427536231884,60,1.0,120,18,1,120,120,18,120,1.0,0.917766915257,21,6,6,1.0,1.0,0.991666666667,0.04819427878,2,0,0,119,0,119,-0.991666666667,-0.991666666667,0,14400,2142,18,-16524,16560,-0.997826086957,257,138,-119,-0.461240310078,120,1.0,213,18,1,143,213,18,143,1.0,0.898434520247,21,6,6,1.0,1.0,0.993006993007,0.041673705929,2,0,0,142,0,142,-0.993006993007,-0.993006993007,0,30459,2556,18,-32997,33033,-0.998910180728,373,231,-142,-0.379679144385,143,1.0,213,18,1,143,213,18,143,1.0,0.898434520247,21,6,6,1.0,1.0,0.993006993007,0.041673705929,2,0,0,142,0,142,-0.993006993007,-0.993006993007,0,30459,2556,18,-32997,33033,-0.998910180728,373,231,-142,-0.379679144385,143,1.0
MOT17-09-FRCNN,17,36,382,u_to_v,17,36,1,383,143,2,2,17,36,1,170,382,381,525,213,145,213,2,1,143,143,143,1.0,5.960960411229,0.532359108924,0.0,0.331315516189,0.375306121628,-1.0,-1.0,250,1,"{""36"": 143}",143,30,2,1,30,30,2,30,1.0,0.83446296679,21,3,3,1.0,1.0,1.0,-0.0,1,0,0,30,0,30,-1.0,-1.0,0,900,60,0,-960,960,-1.0,62,32,-30,-0.483870967742,30,1.0,60,2,1,60,60,2,60,1.0,0.835798912591,21,3,3,1.0,1.0,1.0,-0.0,1,0,0,60,0,60,-1.0,-1.0,0,3600,120,0,-3720,3720,-1.0,122,62,-60,-0.491803278689,60,1.0,120,2,1,120,120,2,120,1.0,0.850585151417,21,3,3,1.0,1.0,1.0,-0.0,1,0,0,120,0,120,-1.0,-1.0,0,14400,240,0,-14640,14640,-1.0,242,122,-120,-0.495867768595,120,1.0,213,2,1,143,213,2,143,1.0,0.858865008456,21,3,3,1.0,1.0,1.0,-0.0,1,0,0,143,0,143,-1.0,-1.0,0,30459,286,0,-30745,30745,-1.0,358,215,-143,-0.399441340782,143,1.0,213,2,1,143,213,2,143,1.0,0.858865008456,21,3,3,1.0,1.0,1.0,-0.0,1,0,0,143,0,143,-1.0,-1.0,0,30459,286,0,-30745,30745,-1.0,358,215,-143,-0.399441340782,143,1.0
MOT17-09-FRCNN,2,4,392,u_to_v,2,4,1,393,133,392,392,2,4,1,1,392,1,525,392,525,392,392,1,133,133,133,1.0,1.070454140266,0.117207650626,0.0,0.012560551608,0.234447422854,-1.0,-1.0,251,1,"{""4"": 133}",133,30,30,1,30,30,30,30,1.0,0.881289390579,22,29,29,1.0,1.0,1.0,-0.0,1,0,0,30,0,30,-1.0,-1.0,0,900,900,0,-1800,1800,-1.0,90,60,-30,-0.333333333333,30,1.0,60,60,1,60,60,60,60,1.0,0.870481230012,22,29,29,0.983333333333,0.883333333333,0.816666666667,0.476410518752,2,0,0,49,0,49,-0.816666666667,-0.816666666667,0,3600,2597,1003,-5194,7200,-0.721388888889,161,112,-49,-0.272222222222,60,1.0,120,120,1,120,120,120,120,1.0,0.883583576209,22,29,14,0.991666666667,0.608333333333,0.591666666667,0.676246193804,2,0,0,49,0,49,-0.408333333333,-0.408333333333,0,14400,3577,10823,-7154,28800,-0.248402777778,241,192,-49,-0.136111111111,120,1.0,300,300,1,133,300,299,133,1.0,0.882422870842,22,1,14,0.996666666667,0.421404682274,0.631578947368,0.658109987543,2,0,0,0,0,0,0.0,0.0,0,39900,3577,36190,-7287,79667,-0.091468236535,425,425,0,0.0,133,1.0,392,392,1,133,392,391,133,1.0,0.882422870842,22,1,14,0.997448979592,0.557544757033,0.631578947368,0.658109987543,2,0,0,0,0,0,0.0,0.0,0,52136,3577,48426,-7287,104139,-0.069973785037,609,609,0,0.0,133,1.0
MOT17-09-FRCNN,2,18,392,u_to_v,2,18,1,393,9,212,212,2,18,1,1,392,181,401,392,221,392,212,1,9,9,9,1.0,0.986007193798,0.223245091714,0.0,0.394958803253,0.466128417297,-1.0,-1.0,252,1,"{""18"": 9}",9,30,30,1,9,30,30,6,0.666666666667,0.882761582573,22,7,7,1.0,1.0,1.0,-0.0,1,0,0,6,0,6,-1.0,-1.0,0,180,180,0,-360,360,-1.0,66,60,-6,-0.090909090909,9,1.0,60,60,1,9,60,60,6,0.666666666667,0.882761582573,22,7,7,0.983333333333,1.0,1.0,-0.0,1,0,0,6,0,6,-1.0,-1.0,0,360,360,0,-720,720,-1.0,125,119,-6,-0.047619047619,9,1.0,120,120,1,9,120,119,6,0.666666666667,0.882761582573,22,7,7,0.991666666667,0.680672268908,1.0,-0.0,1,0,0,6,0,6,-1.0,-1.0,0,720,486,228,-978,1434,-0.682008368201,206,200,-6,-0.024489795918,9,1.0,300,212,1,9,300,211,6,0.666666666667,0.882761582573,22,29,7,0.996666666667,0.616113744076,1.0,-0.0,1,0,0,0,0,0,0.0,0.0,0,1800,486,780,-1506,3066,-0.491193737769,429,429,0,0.0,9,1.0,392,212,1,9,392,211,6,0.666666666667,0.882761582573,22,29,7,0.997448979592,0.616113744076,1.0,-0.0,1,0,0,0,0,0,0.0,0.0,0,2352,486,780,-2058,3618,-0.568822553897,521,521,0,0.0,9,1.0
MOT17-09-FRCNN,2,20,392,u_to_v,2,20,1,393,133,195,195,2,20,1,1,392,198,525,392,328,392,195,1,133,133,133,1.0,2.086299779567,0.122119780827,0.0,0.21293420266,0.246542757285,-1.0,-1.0,253,1,"{""20"": 133}",133,30,30,1,30,30,30,30,1.0,0.914309371126,22,11,11,1.0,1.0,1.0,-0.0,1,0,0,30,0,30,-1.0,-1.0,0,900,900,0,-1800,1800,-1.0,90,60,-30,-0.333333333333,30,1.0,60,60,1,60,60,60,60,1.0,0.912483250853,22,11,11,0.983333333333,0.916666666667,1.0,-0.0,1,0,0,60,0,60,-1.0,-1.0,0,3600,3300,300,-6600,7200,-0.916666666667,174,114,-60,-0.333333333333,60,1.0,120,120,1,120,120,120,120,1.0,0.914861126477,22,11,11,0.991666666667,0.958333333333,1.0,-0.0,1,0,0,120,0,120,-1.0,-1.0,0,14400,13800,600,-27600,28800,-0.958333333333,354,234,-120,-0.333333333333,120,1.0,300,195,1,133,300,195,133,1.0,0.914880977082,22,11,11,0.996666666667,0.974358974359,1.0,-0.0,1,0,0,133,0,133,-1.0,-1.0,0,39900,25270,665,-64505,65835,-0.979797979798,622,489,-133,-0.21178343949,133,1.0,392,195,1,133,392,195,133,1.0,0.914880977082,22,11,11,0.997448979592,0.974358974359,1.0,-0.0,1,0,0,133,0,133,-1.0,-1.0,0,52136,25270,665,-76741,78071,-0.982964224872,714,581,-133,-0.184722222222,133,1.0
MOT17-09-FRCNN,2,23,392,u_to_v,2,23,1,393,95,174,174,2,23,1,1,392,219,487,392,269,392,174,1,95,95,95,1.0,1.251706513772,0.076732107592,0.0,0.025198821666,0.24398985512,-1.0,-1.0,254,1,"{""23"": 95}",95,30,30,1,30,30,30,30,1.0,0.908291671662,22,12,12,1.0,1.0,1.0,-0.0,1,0,0,30,0,30,-1.0,-1.0,0,900,900,0,-1800,1800,-1.0,90,60,-30,-0.333333333333,30,1.0,60,60,1,60,60,60,59,0.983333333333,0.843546873325,22,12,12,0.983333333333,1.0,1.0,-0.0,1,0,0,59,0,59,-1.0,-1.0,0,3540,3540,0,-7080,7080,-1.0,178,119,-59,-0.329608938547,60,1.0,120,120,1,95,120,120,91,0.957894736842,0.819499712865,22,12,12,0.991666666667,1.0,0.648351648352,0.648461066077,2,0,0,59,0,59,-0.648351648352,-0.648351648352,0,10920,7080,3840,-14160,21840,-0.648351648352,298,239,-59,-0.178247734139,95,1.0,300,174,1,95,300,174,91,0.957894736842,0.819499712865,22,12,12,0.996666666667,1.0,0.648351648352,0.648461066077,2,0,0,59,0,59,-0.648351648352,-0.648351648352,0,27300,10266,5568,-31998,43134,-0.741827792461,532,473,-59,-0.104424778761,95,1.0,392,174,1,95,392,174,91,0.957894736842,0.819499712865,22,12,12,0.997448979592,1.0,0.648351648352,0.648461066077,2,0,0,59,0,59,-0.648351648352,-0.648351648352,0,35672,10266,5568,-40370,51506,-0.783792179552,624,565,-59,-0.089802130898,95,1.0
MOT17-09-FRCNN,2,30,392,u_to_v,2,30,1,393,79,98,98,2,30,1,1,392,295,471,392,177,392,98,1,79,79,79,1.0,3.371279452481,0.267832532537,0.0,0.510297399787,0.335692170879,-1.0,-1.0,255,1,"{""30"": 79}",79,30,30,1,30,30,30,30,1.0,0.909704279558,22,2,2,1.0,1.0,0.966666666667,0.146144746009,2,0,0,29,0,29,-0.966666666667,-0.966666666667,0,900,870,30,-1740,1800,-0.966666666667,89,60,-29,-0.322222222222,30,1.0,60,60,1,60,60,60,60,1.0,0.916853936673,22,2,2,0.983333333333,1.0,0.983333333333,0.084766075715,2,0,0,59,0,59,-0.983333333333,-0.983333333333,0,3600,3540,60,-7080,7200,-0.983333333333,178,119,-59,-0.327777777778,60,1.0,120,98,1,79,120,98,79,1.0,0.902340830483,22,2,2,0.991666666667,1.0,0.987341772152,0.067887238774,2,0,0,78,0,78,-0.987341772152,-0.987341772152,0,9480,7644,98,-17026,17222,-0.98861920799,295,217,-78,-0.262626262626,79,1.0,300,98,1,79,300,98,79,1.0,0.902340830483,22,2,2,0.996666666667,1.0,0.987341772152,0.067887238774,2,0,0,78,0,78,-0.987341772152,-0.987341772152,0,23700,7644,98,-31246,31442,-0.993766299854,475,397,-78,-0.163522012579,79,1.0,392,98,1,79,392,98,79,1.0,0.902340830483,22,2,2,0.997448979592,1.0,0.987341772152,0.067887238774,2,0,0,78,0,78,-0.987341772152,-0.987341772152,0,30968,7644,98,-38514,38710,-0.994936708861,567,489,-78,-0.137082601054,79,1.0
MOT17-09-FRCNN,2,31,392,u_to_v,2,31,1,393,133,48,48,2,31,1,1,392,345,525,392,181,392,48,1,133,133,133,1.0,0.744695201144,0.315377627409,0.0,0.571973799693,0.688375509564,-1.0,-1.0,256,1,"{""31"": 133}",133,30,30,1,30,30,30,30,1.0,0.886963786627,22,10,10,1.0,1.0,1.0,-0.0,1,0,0,30,0,30,-1.0,-1.0,0,900,900,0,-1800,1800,-1.0,90,60,-30,-0.333333333333,30,1.0,60,48,1,60,60,48,48,0.8,0.858928441312,22,10,10,0.983333333333,1.0,0.75,0.862047472847,5,0,0,36,0,36,-0.75,-0.75,36,2844,1728,576,-3960,5184,-0.763888888889,143,107,-36,-0.230769230769,60,1.0,120,48,1,120,120,48,108,0.9,0.851391226567,22,10,15,0.991666666667,1.0,0.611111111111,0.883927282816,5,0,0,36,0,36,-0.333333333333,-0.333333333333,36,12924,1728,3456,-11160,18144,-0.615079365079,203,167,-36,-0.130434782609,120,1.0,300,48,1,133,300,48,121,0.90977443609,0.856002841007,22,10,15,0.996666666667,1.0,0.644628099174,0.882467392759,6,0,0,36,0,36,-0.297520661157,-0.297520661157,36,36264,1728,4080,-33876,42108,-0.804502707324,383,347,-36,-0.076759061834,133,1.0,392,48,1,133,392,48,121,0.90977443609,0.856002841007,22,10,15,0.997448979592,1.0,0.644628099174,0.882467392759,6,0,0,36,0,36,-0.297520661157,-0.297520661157,36,47396,1728,4080,-45008,53240,-0.845379413974,475,439,-36,-0.064171122995,133,1.0
MOT17-09-FRCNN,2,32,392,u_to_v,2,32,1,393,69,36,36,2,32,1,1,392,357,461,392,105,392,36,1,69,69,69,1.0,2.021953692332,0.106457461167,0.0,0.191775611389,0.301640575362,-1.0,-1.0,257,1,"{""32"": 69}",69,30,30,1,30,30,30,30,1.0,0.837113871847,22,13,13,1.0,1.0,1.0,-0.0,1,0,0,30,0,30,-1.0,-1.0,0,900,900,0,-1800,1800,-1.0,90,60,-30,-0.333333333333,30,1.0,60,36,1,60,60,36,60,1.0,0.880592023157,22,13,13,0.983333333333,1.0,1.0,-0.0,1,0,0,60,0,60,-1.0,-1.0,0,3600,2160,0,-5760,5760,-1.0,155,95,-60,-0.384615384615,60,1.0,120,36,1,69,120,36,65,0.942028985507,0.871468700994,22,13,13,0.991666666667,1.0,1.0,-0.0,1,0,0,65,0,65,-1.0,-1.0,0,7800,2340,0,-10140,10140,-1.0,220,155,-65,-0.294117647059,69,1.0,300,36,1,69,300,36,65,0.942028985507,0.871468700994,22,13,13,0.996666666667,1.0,1.0,-0.0,1,0,0,65,0,65,-1.0,-1.0,0,19500,2340,0,-21840,21840,-1.0,400,335,-65,-0.162094763092,69,1.0,392,36,1,69,392,36,65,0.942028985507,0.871468700994,22,13,13,0.997448979592,1.0,1.0,-0.0,1,0,0,65,0,65,-1.0,-1.0,0,25480,2340,0,-27820,27820,-1.0,492,427,-65,-0.131845841785,69,1.0
MOT17-09-FRCNN,2,34,392,u_to_v,2,34,1,393,133,28,28,2,34,1,1,392,365,525,392,161,392,28,1,133,133,133,1.0,4.995976828391,0.367603135359,0.0,0.539596416762,0.487293920538,-1.0,-1.0,258,1,"{""34"": 133}",133,30,28,1,30,30,28,30,1.0,0.90363163083,22,6,6,1.0,1.0,0.966666666667,0.146144746009,2,0,0,29,0,29,-0.966666666667,-0.966666666667,0,900,812,28,-1684,1740,-0.967816091954,87,58,-29,-0.329545454545,30,1.0,60,28,1,60,60,28,60,1.0,0.92356795525,22,6,6,0.983333333333,1.0,0.983333333333,0.084766075715,2,0,0,59,0,59,-0.983333333333,-0.983333333333,0,3600,1652,28,-5224,5280,-0.989393939394,146,87,-59,-0.398648648649,60,1.0,120,28,1,120,120,28,120,1.0,0.902008276693,22,6,6,0.991666666667,1.0,0.991666666667,0.04819427878,2,0,0,119,0,119,-0.991666666667,-0.991666666667,0,14400,3332,28,-17704,17760,-0.996846846847,266,147,-119,-0.444029850746,120,1.0,300,28,1,133,300,28,133,1.0,0.896009778754,22,6,6,0.996666666667,1.0,0.992481203008,0.044260002046,2,0,0,132,0,132,-0.992481203008,-0.992481203008,0,39900,3696,28,-43568,43624,-0.998716302953,459,327,-132,-0.286334056399,133,1.0,392,28,1,133,392,28,133,1.0,0.896009778754,22,6,6,0.997448979592,1.0,0.992481203008,0.044260002046,2,0,0,132,0,132,-0.992481203008,-0.992481203008,0,52136,3696,28,-55804,55860,-0.998997493734,551,419,-132,-0.23869801085,133,1.0
MOT17-09-FRCNN,2,36,392,u_to_v,2,36,1,393,133,12,12,2,36,1,1,392,381,525,392,145,392,12,1,133,133,133,1.0,4.836834740761,0.241000939834,0.0,0.659475025226,0.581051197611,-1.0,-1.0,259,1,"{""36"": 133}",133,30,12,1,30,30,12,30,1.0,0.769037304943,22,3,3,1.0,1.0,1.0,-0.0,1,0,0,30,0,30,-1.0,-1.0,0,900,360,0,-1260,1260,-1.0,72,42,-30,-0.416666666667,30,1.0,60,12,1,60,60,12,60,1.0,0.836476786339,22,3,3,0.983333333333,1.0,1.0,-0.0,1,0,0,60,0,60,-1.0,-1.0,0,3600,720,0,-4320,4320,-1.0,131,71,-60,-0.454545454545,60,1.0,120,12,1,120,120,12,120,1.0,0.852320442631,22,3,3,0.991666666667,1.0,1.0,-0.0,1,0,0,120,0,120,-1.0,-1.0,0,14400,1440,0,-15840,15840,-1.0,251,131,-120,-0.47619047619,120,1.0,300,12,1,133,300,12,133,1.0,0.856258802673,22,3,3,0.996666666667,1.0,1.0,-0.0,1,0,0,133,0,133,-1.0,-1.0,0,39900,1596,0,-41496,41496,-1.0,444,311,-133,-0.298876404494,133,1.0,392,12,1,133,392,12,133,1.0,0.856258802673,22,3,3,0.997448979592,1.0,1.0,-0.0,1,0,0,133,0,133,-1.0,-1.0,0,52136,1596,0,-53732,53732,-1.0,536,403,-133,-0.247672253259,133,1.0
MOT17-09-FRCNN,4,12,392,v_to_u,12,4,1,393,133,256,256,12,4,1,137,392,1,525,256,525,256,392,1,133,133,133,1.0,1.189418403696,0.148699060823,0.0,0.410094182034,0.201425843651,-1.0,-1.0,260,1,"{""4"": 133}",133,30,30,1,30,20,30,30,1.0,0.881289390579,8,29,29,1.0,1.0,1.0,-0.0,1,0,0,30,0,30,-1.0,-1.0,0,600,900,0,-1500,1500,-1.0,80,50,-30,-0.375,30,1.0,60,60,1,60,50,60,60,1.0,0.870481230012,8,29,29,1.0,0.883333333333,0.816666666667,0.476410518752,2,0,0,49,0,49,-0.816666666667,-0.816666666667,0,3000,2597,1003,-4594,6600,-0.696060606061,152,103,-49,-0.288235294118,60,1.0,120,120,1,120,110,120,120,1.0,0.883583576209,8,29,14,1.0,0.608333333333,0.591666666667,0.676246193804,2,0,0,49,0,49,-0.408333333333,-0.408333333333,0,13200,3577,10823,-5954,27600,-0.215724637681,232,183,-49,-0.14,120,1.0,256,300,1,133,246,299,133,1.0,0.882422870842,8,1,14,1.0,0.421404682274,0.631578947368,0.658109987543,2,0,0,0,0,0,0.0,0.0,0,32718,3577,36190,-105,72485,-0.001448575567,372,372,0,0.0,133,1.0,256,392,1,133,246,391,133,1.0,0.882422870842,8,1,14,1.0,0.557544757033,0.631578947368,0.658109987543,2,0,0,0,0,0,0.0,0.0,0,32718,3577,48426,12131,84721,0.143187639428,464,464,0,0.0,133,1.0
MOT17-09-FRCNN,12,18,392,u_to_v,12,18,1,393,9,212,212,12,18,1,137,392,181,401,256,221,256,212,1,9,9,9,1.0,1.064847872419,0.053003745556,0.0,0.027695930389,0.030255150792,-1.0,-1.0,261,1,"{""18"": 9}",9,30,30,1,9,20,30,6,0.666666666667,0.882761582573,8,7,7,1.0,1.0,1.0,-0.0,1,0,0,6,0,6,-1.0,-1.0,0,120,180,0,-300,300,-1.0,56,50,-6,-0.107142857143,9,1.0,60,60,1,9,50,60,6,0.666666666667,0.882761582573,8,7,7,1.0,1.0,1.0,-0.0,1,0,0,6,0,6,-1.0,-1.0,0,300,360,0,-660,660,-1.0,116,110,-6,-0.051724137931,9,1.0,120,120,1,9,110,119,6,0.666666666667,0.882761582573,8,7,7,1.0,0.680672268908,1.0,-0.0,1,0,0,6,0,6,-1.0,-1.0,0,660,486,228,-918,1374,-0.668122270742,197,191,-6,-0.025531914894,9,1.0,256,212,1,9,246,211,6,0.666666666667,0.882761582573,8,29,7,1.0,0.616113744076,1.0,-0.0,1,0,0,0,0,0,0.0,0.0,0,1476,486,780,-1182,2742,-0.431072210066,376,376,0,0.0,9,1.0,256,212,1,9,246,211,6,0.666666666667,0.882761582573,8,29,7,1.0,0.616113744076,1.0,-0.0,1,0,0,0,0,0,0.0,0.0,0,1476,486,780,-1182,2742,-0.431072210066,376,376,0,0.0,9,1.0
MOT17-09-FRCNN,12,20,392,u_to_v,12,20,1,393,133,195,195,12,20,1,137,392,198,525,256,328,256,195,1,133,133,133,1.0,2.43980500307,0.144376903749,0.0,0.209720530982,0.18933050922,-1.0,-1.0,262,1,"{""20"": 133}",133,30,30,1,30,20,30,30,1.0,0.914309371126,8,11,11,1.0,1.0,1.0,-0.0,1,0,0,30,0,30,-1.0,-1.0,0,600,900,0,-1500,1500,-1.0,80,50,-30,-0.375,30,1.0,60,60,1,60,50,60,60,1.0,0.912483250853,8,11,11,1.0,0.916666666667,1.0,-0.0,1,0,0,60,0,60,-1.0,-1.0,0,3000,3300,300,-6000,6600,-0.909090909091,165,105,-60,-0.352941176471,60,1.0,120,120,1,120,110,120,120,1.0,0.914861126477,8,11,11,1.0,0.958333333333,1.0,-0.0,1,0,0,120,0,120,-1.0,-1.0,0,13200,13800,600,-26400,27600,-0.95652173913,345,225,-120,-0.342857142857,120,1.0,256,195,1,133,246,195,133,1.0,0.914880977082,8,11,11,1.0,0.974358974359,1.0,-0.0,1,0,0,133,0,133,-1.0,-1.0,0,32718,25270,665,-57323,58653,-0.977324263039,569,436,-133,-0.231707317073,133,1.0,256,195,1,133,246,195,133,1.0,0.914880977082,8,11,11,1.0,0.974358974359,1.0,-0.0,1,0,0,133,0,133,-1.0,-1.0,0,32718,25270,665,-57323,58653,-0.977324263039,569,436,-133,-0.231707317073,133,1.0
MOT17-09-FRCNN,12,23,392,u_to_v,12,23,1,393,95,174,174,12,23,1,137,392,219,487,256,269,256,174,1,95,95,95,1.0,1.417988245528,0.200438963879,0.0,0.397455911976,0.191883411385,-1.0,-1.0,263,1,"{""23"": 95}",95,30,30,1,30,20,30,30,1.0,0.908291671662,8,12,12,1.0,1.0,1.0,-0.0,1,0,0,30,0,30,-1.0,-1.0,0,600,900,0,-1500,1500,-1.0,80,50,-30,-0.375,30,1.0,60,60,1,60,50,60,59,0.983333333333,0.843546873325,8,12,12,1.0,1.0,1.0,-0.0,1,0,0,59,0,59,-1.0,-1.0,0,2950,3540,0,-6490,6490,-1.0,169,110,-59,-0.349112426036,60,1.0,120,120,1,95,110,120,91,0.957894736842,0.819499712865,8,12,12,1.0,1.0,0.648351648352,0.648461066077,2,0,0,59,0,59,-0.648351648352,-0.648351648352,0,10010,7080,3840,-13250,20930,-0.633062589584,289,230,-59,-0.183800623053,95,1.0,256,174,1,95,246,174,91,0.957894736842,0.819499712865,8,12,12,1.0,1.0,0.648351648352,0.648461066077,2,0,0,59,0,59,-0.648351648352,-0.648351648352,0,22386,10266,5568,-27084,38220,-0.70863422292,479,420,-59,-0.115459882583,95,1.0,256,174,1,95,246,174,91,0.957894736842,0.819499712865,8,12,12,1.0,1.0,0.648351648352,0.648461066077,2,0,0,59,0,59,-0.648351648352,-0.648351648352,0,22386,10266,5568,-27084,38220,-0.70863422292,479,420,-59,-0.115459882583,95,1.0
MOT17-09-FRCNN,12,30,392,u_to_v,12,30,1,393,79,98,98,12,30,1,137,392,295,471,256,177,256,98,1,79,79,79,1.0,4.075379240571,0.554465414389,0.0,0.932952133429,0.771565437384,-1.0,-1.0,264,1,"{""30"": 79}",79,30,30,1,30,20,30,30,1.0,0.909704279558,8,2,2,1.0,1.0,0.966666666667,0.146144746009,2,0,0,29,0,29,-0.966666666667,-0.966666666667,0,600,870,30,-1440,1500,-0.96,79,50,-29,-0.3625,30,1.0,60,60,1,60,50,60,60,1.0,0.916853936673,8,2,2,1.0,1.0,0.983333333333,0.084766075715,2,0,0,59,0,59,-0.983333333333,-0.983333333333,0,3000,3540,60,-6480,6600,-0.981818181818,169,110,-59,-0.347058823529,60,1.0,120,98,1,79,110,98,79,1.0,0.902340830483,8,2,2,1.0,1.0,0.987341772152,0.067887238774,2,0,0,78,0,78,-0.987341772152,-0.987341772152,0,8690,7644,98,-16236,16432,-0.988072054528,286,208,-78,-0.271777003484,79,1.0,256,98,1,79,246,98,79,1.0,0.902340830483,8,2,2,1.0,1.0,0.987341772152,0.067887238774,2,0,0,78,0,78,-0.987341772152,-0.987341772152,0,19434,7644,98,-26980,27176,-0.992787753901,422,344,-78,-0.184397163121,79,1.0,256,98,1,79,246,98,79,1.0,0.902340830483,8,2,2,1.0,1.0,0.987341772152,0.067887238774,2,0,0,78,0,78,-0.987341772152,-0.987341772152,0,19434,7644,98,-26980,27176,-0.992787753901,422,344,-78,-0.184397163121,79,1.0
MOT17-09-FRCNN,12,31,392,u_to_v,12,31,1,393,133,48,48,12,31,1,137,392,345,525,256,181,256,48,1,133,133,133,1.0,0.759290179037,0.022706149293,0.0,0.149319066051,0.252502243059,-1.0,-1.0,265,1,"{""31"": 133}",133,30,30,1,30,20,30,30,1.0,0.886963786627,8,10,10,1.0,1.0,1.0,-0.0,1,0,0,30,0,30,-1.0,-1.0,0,600,900,0,-1500,1500,-1.0,80,50,-30,-0.375,30,1.0,60,48,1,60,50,48,48,0.8,0.858928441312,8,10,10,1.0,1.0,0.75,0.862047472847,5,0,0,36,0,36,-0.75,-0.75,0,2400,1728,576,-3552,4704,-0.755102040816,134,98,-36,-0.246575342466,60,1.0,120,48,1,120,110,48,108,0.9,0.851391226567,8,10,15,1.0,1.0,0.611111111111,0.883927282816,5,0,0,36,0,36,-0.333333333333,-0.333333333333,0,11880,1728,3456,-10152,17064,-0.594936708861,194,158,-36,-0.135338345865,120,1.0,256,48,1,133,246,48,121,0.90977443609,0.856002841007,8,10,15,1.0,1.0,0.644628099174,0.882467392759,6,0,0,36,0,36,-0.297520661157,-0.297520661157,0,29766,1728,4080,-27414,35574,-0.770618991398,330,294,-36,-0.086746987952,133,1.0,256,48,1,133,246,48,121,0.90977443609,0.856002841007,8,10,15,1.0,1.0,0.644628099174,0.882467392759,6,0,0,36,0,36,-0.297520661157,-0.297520661157,0,29766,1728,4080,-27414,35574,-0.770618991398,330,294,-36,-0.086746987952,133,1.0
MOT17-09-FRCNN,12,32,392,u_to_v,12,32,1,393,69,36,36,12,32,1,137,392,357,461,256,105,256,36,1,69,69,69,1.0,2.361978984297,0.172127499074,0.0,0.230879122253,0.134232691143,-1.0,-1.0,266,1,"{""32"": 69}",69,30,30,1,30,20,30,30,1.0,0.837113871847,8,13,13,1.0,1.0,1.0,-0.0,1,0,0,30,0,30,-1.0,-1.0,0,600,900,0,-1500,1500,-1.0,80,50,-30,-0.375,30,1.0,60,36,1,60,50,36,60,1.0,0.880592023157,8,13,13,1.0,1.0,1.0,-0.0,1,0,0,60,0,60,-1.0,-1.0,0,3000,2160,0,-5160,5160,-1.0,146,86,-60,-0.41095890411,60,1.0,120,36,1,69,110,36,65,0.942028985507,0.871468700994,8,13,13,1.0,1.0,1.0,-0.0,1,0,0,65,0,65,-1.0,-1.0,0,7150,2340,0,-9490,9490,-1.0,211,146,-65,-0.308056872038,69,1.0,256,36,1,69,246,36,65,0.942028985507,0.871468700994,8,13,13,1.0,1.0,1.0,-0.0,1,0,0,65,0,65,-1.0,-1.0,0,15990,2340,0,-18330,18330,-1.0,347,282,-65,-0.187319884726,69,1.0,256,36,1,69,246,36,65,0.942028985507,0.871468700994,8,13,13,1.0,1.0,1.0,-0.0,1,0,0,65,0,65,-1.0,-1.0,0,15990,2340,0,-18330,18330,-1.0,347,282,-65,-0.187319884726,69,1.0
MOT17-09-FRCNN,12,34,392,u_to_v,12,34,1,393,133,28,28,12,34,1,137,392,365,525,256,161,256,28,1,133,133,133,1.0,6.093005450213,0.662367974488,0.0,0.962251150404,0.923167187043,-1.0,-1.0,267,1,"{""34"": 133}",133,30,28,1,30,20,28,30,1.0,0.90363163083,8,6,6,1.0,1.0,0.966666666667,0.146144746009,2,0,0,29,0,29,-0.966666666667,-0.966666666667,0,600,812,28,-1384,1440,-0.961111111111,77,48,-29,-0.371794871795,30,1.0,60,28,1,60,50,28,60,1.0,0.92356795525,8,6,6,1.0,1.0,0.983333333333,0.084766075715,2,0,0,59,0,59,-0.983333333333,-0.983333333333,0,3000,1652,28,-4624,4680,-0.988034188034,137,78,-59,-0.427536231884,60,1.0,120,28,1,120,110,28,120,1.0,0.902008276693,8,6,6,1.0,1.0,0.991666666667,0.04819427878,2,0,0,119,0,119,-0.991666666667,-0.991666666667,0,13200,3332,28,-16504,16560,-0.996618357488,257,138,-119,-0.461240310078,120,1.0,256,28,1,133,246,28,133,1.0,0.896009778754,8,6,6,1.0,1.0,0.992481203008,0.044260002046,2,0,0,132,0,132,-0.992481203008,-0.992481203008,0,32718,3696,28,-36386,36442,-0.998463311564,406,274,-132,-0.324324324324,133,1.0,256,28,1,133,246,28,133,1.0,0.896009778754,8,6,6,1.0,1.0,0.992481203008,0.044260002046,2,0,0,132,0,132,-0.992481203008,-0.992481203008,0,32718,3696,28,-36386,36442,-0.998463311564,406,274,-132,-0.324324324324,133,1.0
MOT17-09-FRCNN,12,36,392,u_to_v,12,36,1,393,133,12,12,12,36,1,137,392,381,525,256,145,256,12,1,133,133,133,1.0,5.81839930071,0.050477974951,0.0,0.236820291584,0.145177931106,-1.0,-1.0,268,1,"{""36"": 133}",133,30,12,1,30,20,12,30,1.0,0.769037304943,8,3,3,1.0,1.0,1.0,-0.0,1,0,0,30,0,30,-1.0,-1.0,0,600,360,0,-960,960,-1.0,62,32,-30,-0.483870967742,30,1.0,60,12,1,60,50,12,60,1.0,0.836476786339,8,3,3,1.0,1.0,1.0,-0.0,1,0,0,60,0,60,-1.0,-1.0,0,3000,720,0,-3720,3720,-1.0,122,62,-60,-0.491803278689,60,1.0,120,12,1,120,110,12,120,1.0,0.852320442631,8,3,3,1.0,1.0,1.0,-0.0,1,0,0,120,0,120,-1.0,-1.0,0,13200,1440,0,-14640,14640,-1.0,242,122,-120,-0.495867768595,120,1.0,256,12,1,133,246,12,133,1.0,0.856258802673,8,3,3,1.0,1.0,1.0,-0.0,1,0,0,133,0,133,-1.0,-1.0,0,32718,1596,0,-34314,34314,-1.0,391,258,-133,-0.340153452685,133,1.0,256,12,1,133,246,12,133,1.0,0.856258802673,8,3,3,1.0,1.0,1.0,-0.0,1,0,0,133,0,133,-1.0,-1.0,0,32718,1596,0,-34314,34314,-1.0,391,258,-133,-0.340153452685,133,1.0
MOT17-09-FRCNN,4,18,401,v_to_u,18,4,1,402,124,221,221,18,4,1,181,401,1,525,221,525,221,401,1,124,124,124,1.0,0.143370811169,0.100019850469,0.50588525748,0.307902541601,0.247898921545,-1.0,-1.0,269,1,"{""4"": 124}",124,30,30,1,30,27,30,30,1.0,0.876711770948,7,29,29,1.0,1.0,1.0,-0.0,1,0,0,30,0,30,-1.0,-1.0,0,810,900,0,-1710,1710,-1.0,87,57,-30,-0.344827586207,30,1.0,60,60,1,60,57,60,60,1.0,0.871615199168,7,29,29,1.0,1.0,0.666666666667,0.636514168295,2,0,0,40,0,40,-0.666666666667,-0.666666666667,0,3420,2400,1200,-4620,7020,-0.65811965812,157,117,-40,-0.225988700565,60,1.0,120,120,1,120,116,120,120,1.0,0.878455685909,7,29,14,0.75,0.683333333333,0.666666666667,0.636514168295,2,0,0,40,0,40,-0.333333333333,-0.333333333333,1160,12760,3280,11120,-3760,28320,-0.132768361582,209,169,-40,-0.112359550562,120,1.0,221,300,1,124,217,299,124,1.0,0.879639574335,29,1,14,0.599078341014,0.391304347826,0.677419354839,0.628799394094,2,0,40,0,40,0,0.322580645161,0.322580645161,5200,21708,3280,33796,14008,63984,0.218929732433,247,287,40,0.0625,124,1.0,221,401,1,124,217,400,124,1.0,0.879639574335,29,1,14,0.599078341014,0.545,0.677419354839,0.628799394094,2,0,40,0,40,0,0.322580645161,0.322580645161,5200,21708,3280,46320,26532,76508,0.346787264077,348,388,40,0.053981106613,124,1.0
MOT17-09-FRCNN,18,20,401,u_to_v,18,20,1,402,124,204,204,18,20,1,181,401,198,525,221,328,221,204,1,124,124,124,1.0,1.410993664963,0.117456083425,0.0,0.215567895334,0.252050097972,-1.0,-1.0,270,1,"{""20"": 124}",124,30,30,1,30,27,30,30,1.0,0.908690243995,7,11,11,1.0,1.0,1.0,-0.0,1,0,0,30,0,30,-1.0,-1.0,0,810,900,0,-1710,1710,-1.0,87,57,-30,-0.344827586207,30,1.0,60,60,1,60,57,60,60,1.0,0.917523173234,7,11,11,1.0,0.916666666667,1.0,-0.0,1,0,0,60,0,60,-1.0,-1.0,0,3420,3300,300,-6420,7020,-0.91452991453,172,112,-60,-0.338983050847,60,1.0,120,120,1,120,116,120,120,1.0,0.916680890741,7,11,11,0.75,0.958333333333,1.0,-0.0,1,0,0,120,0,120,-1.0,-1.0,0,13920,13800,600,-27120,28320,-0.957627118644,322,202,-120,-0.337078651685,120,1.0,221,204,1,124,217,204,124,1.0,0.915146788029,29,11,11,0.599078341014,0.975490196078,1.0,-0.0,1,0,0,124,0,124,-1.0,-1.0,0,26908,24676,620,-50964,52204,-0.976247030879,453,329,-124,-0.22752293578,124,1.0,221,204,1,124,217,204,124,1.0,0.915146788029,29,11,11,0.599078341014,0.975490196078,1.0,-0.0,1,0,0,124,0,124,-1.0,-1.0,0,26908,24676,620,-50964,52204,-0.976247030879,453,329,-124,-0.22752293578,124,1.0
MOT17-09-FRCNN,18,23,401,u_to_v,18,23,1,402,86,183,183,18,23,1,181,401,219,487,221,269,221,183,1,86,86,86,1.0,0.367685071706,0.171777756876,0.228765259335,0.415731102005,0.268073365168,-1.0,-1.0,271,1,"{""23"": 86}",86,30,30,1,30,27,30,30,1.0,0.873591962551,7,12,12,1.0,1.0,1.0,-0.0,1,0,0,30,0,30,-1.0,-1.0,0,810,900,0,-1710,1710,-1.0,87,57,-30,-0.344827586207,30,1.0,60,60,1,60,57,60,56,0.933333333333,0.815802783063,7,12,12,1.0,1.0,0.892857142857,0.340499778471,2,0,0,50,0,50,-0.892857142857,-0.892857142857,0,3192,3000,360,-5832,6552,-0.89010989011,167,117,-50,-0.28901734104,60,1.0,120,120,1,86,116,120,82,0.953488372093,0.807979373033,7,12,12,0.75,1.0,0.609756097561,0.668857062374,2,0,0,50,0,50,-0.609756097561,-0.609756097561,0,9512,6000,3840,-11672,19352,-0.60314179413,257,207,-50,-0.157232704403,86,1.0,221,183,1,86,217,183,82,0.953488372093,0.807979373033,29,12,12,0.599078341014,1.0,0.609756097561,0.668857062374,2,0,0,50,0,50,-0.609756097561,-0.609756097561,0,17794,9150,5856,-21088,32800,-0.642926829268,363,313,-50,-0.103734439834,86,1.0,221,183,1,86,217,183,82,0.953488372093,0.807979373033,29,12,12,0.599078341014,1.0,0.609756097561,0.668857062374,2,0,0,50,0,50,-0.609756097561,-0.609756097561,0,17794,9150,5856,-21088,32800,-0.642926829268,363,313,-50,-0.103734439834,86,1.0
MOT17-09-FRCNN,18,30,401,u_to_v,18,30,1,402,70,107,107,18,30,1,181,401,295,471,221,177,221,107,1,70,70,70,1.0,3.813191982758,0.615316569885,0.0,0.983790482105,0.914497454275,-1.0,-1.0,272,1,"{""30"": 70}",70,30,30,1,30,27,30,30,1.0,0.929730380622,7,2,2,1.0,1.0,0.966666666667,0.146144746009,2,0,0,29,0,29,-0.966666666667,-0.966666666667,0,810,870,30,-1650,1710,-0.964912280702,86,57,-29,-0.333333333333,30,1.0,60,60,1,60,57,60,60,1.0,0.918651486814,7,2,2,1.0,1.0,0.983333333333,0.084766075715,2,0,0,59,0,59,-0.983333333333,-0.983333333333,0,3420,3540,60,-6900,7020,-0.982905982906,176,117,-59,-0.333333333333,60,1.0,120,107,1,70,116,107,70,1.0,0.905838239224,7,2,2,0.75,1.0,0.985714285714,0.074875973232,2,0,0,69,0,69,-0.985714285714,-0.985714285714,0,8120,7383,107,-15396,15610,-0.986290839206,263,194,-69,-0.235494880546,70,1.0,221,107,1,70,217,107,70,1.0,0.905838239224,29,2,2,0.599078341014,1.0,0.985714285714,0.074875973232,2,0,0,69,0,69,-0.985714285714,-0.985714285714,0,15190,7383,107,-22466,22680,-0.990564373898,306,237,-69,-0.175126903553,70,1.0,221,107,1,70,217,107,70,1.0,0.905838239224,29,2,2,0.599078341014,1.0,0.985714285714,0.074875973232,2,0,0,69,0,69,-0.985714285714,-0.985714285714,0,15190,7383,107,-22466,22680,-0.990564373898,306,237,-69,-0.175126903553,70,1.0
MOT17-09-FRCNN,18,31,401,u_to_v,18,31,1,402,124,57,57,18,31,1,181,401,345,525,221,181,221,57,1,124,124,124,1.0,0.475137725313,0.054369574577,0.112815573025,0.199726654474,0.14915981936,-1.0,-1.0,273,1,"{""31"": 124}",124,30,30,1,30,27,30,27,0.9,0.890121504447,7,10,10,1.0,1.0,1.0,-0.0,1,0,0,27,0,27,-1.0,-1.0,0,729,810,0,-1539,1539,-1.0,84,57,-27,-0.321428571429,30,1.0,60,57,1,60,57,57,48,0.8,0.855106108727,7,10,10,1.0,1.0,0.5625,1.073482685371,5,0,0,27,0,27,-0.5625,-0.5625,0,2736,1539,1197,-3078,5472,-0.5625,141,114,-27,-0.166666666667,60,1.0,120,57,1,120,116,57,108,0.9,0.850635557824,7,10,15,0.75,1.0,0.685185185185,0.865737305769,6,0,0,27,0,27,-0.25,-0.25,87,12441,1539,4617,-9276,18684,-0.496467565832,171,144,-27,-0.096085409253,120,1.0,221,57,1,124,217,57,112,0.903225806452,0.854008950396,29,10,15,0.599078341014,1.0,0.696428571429,0.848025522268,6,0,3,27,3,27,-0.214285714286,-0.214285714286,390,23914,1539,4845,-20218,30688,-0.658824296142,214,190,-24,-0.062176165803,124,1.0,221,57,1,124,217,57,112,0.903225806452,0.854008950396,29,10,15,0.599078341014,1.0,0.696428571429,0.848025522268,6,0,3,27,3,27,-0.214285714286,-0.214285714286,390,23914,1539,4845,-20218,30688,-0.658824296142,214,190,-24,-0.062176165803,124,1.0
MOT17-09-FRCNN,18,32,401,u_to_v,18,32,1,402,60,45,45,18,32,1,181,401,357,461,221,105,221,45,1,60,60,60,1.0,1.30960191646,0.14747605927,0.0,0.28945669581,0.205588277699,-1.0,-1.0,274,1,"{""32"": 60}",60,30,30,1,30,27,30,30,1.0,0.885908819904,7,13,13,1.0,1.0,1.0,-0.0,1,0,0,30,0,30,-1.0,-1.0,0,810,900,0,-1710,1710,-1.0,87,57,-30,-0.344827586207,30,1.0,60,45,1,60,57,45,56,0.933333333333,0.884667289137,7,13,13,1.0,1.0,1.0,-0.0,1,0,0,56,0,56,-1.0,-1.0,0,3192,2520,0,-5712,5712,-1.0,158,102,-56,-0.354430379747,60,1.0,120,45,1,60,116,45,56,0.933333333333,0.884667289137,7,13,13,0.75,1.0,1.0,-0.0,1,0,0,56,0,56,-1.0,-1.0,0,6496,2520,0,-9016,9016,-1.0,188,132,-56,-0.258064516129,60,1.0,221,45,1,60,217,45,56,0.933333333333,0.884667289137,29,13,13,0.599078341014,1.0,1.0,-0.0,1,0,0,56,0,56,-1.0,-1.0,0,12152,2520,0,-14672,14672,-1.0,231,175,-56,-0.176100628931,60,1.0,221,45,1,60,217,45,56,0.933333333333,0.884667289137,29,13,13,0.599078341014,1.0,1.0,-0.0,1,0,0,56,0,56,-1.0,-1.0,0,12152,2520,0,-14672,14672,-1.0,231,175,-56,-0.176100628931,60,1.0
MOT17-09-FRCNN,18,34,401,u_to_v,18,34,1,402,124,37,37,18,34,1,181,401,365,525,221,161,221,37,1,124,124,124,1.0,4.890360703821,0.6316709084,0.0,1.175429218625,0.922106248663,-1.0,-1.0,275,1,"{""34"": 124}",124,30,30,1,30,27,30,30,1.0,0.900362137339,7,6,6,1.0,1.0,0.966666666667,0.146144746009,2,0,0,29,0,29,-0.966666666667,-0.966666666667,0,810,870,30,-1650,1710,-0.964912280702,86,57,-29,-0.333333333333,30,1.0,60,37,1,60,57,37,60,1.0,0.922197654937,7,6,6,1.0,1.0,0.983333333333,0.084766075715,2,0,0,59,0,59,-0.983333333333,-0.983333333333,0,3420,2183,37,-5566,5640,-0.986879432624,153,94,-59,-0.383116883117,60,1.0,120,37,1,120,116,37,120,1.0,0.893352264672,7,6,6,0.75,1.0,0.991666666667,0.04819427878,2,0,0,119,0,119,-0.991666666667,-0.991666666667,0,13920,4403,37,-18286,18360,-0.995969498911,243,124,-119,-0.435897435897,120,1.0,221,37,1,124,217,37,124,1.0,0.892593972143,29,6,6,0.599078341014,1.0,0.991935483871,0.046905148582,2,0,0,123,0,123,-0.991935483871,-0.991935483871,0,26908,4551,37,-31422,31496,-0.997650495301,290,167,-123,-0.325396825397,124,1.0,221,37,1,124,217,37,124,1.0,0.892593972143,29,6,6,0.599078341014,1.0,0.991935483871,0.046905148582,2,0,0,123,0,123,-0.991935483871,-0.991935483871,0,26908,4551,37,-31422,31496,-0.997650495301,290,167,-123,-0.325396825397,124,1.0
MOT17-09-FRCNN,18,36,401,u_to_v,18,36,1,402,124,21,21,18,36,1,181,401,381,525,221,145,221,21,1,124,124,124,1.0,4.379184270613,0.037141314217,0.0,0.071948829891,0.069040523437,-1.0,-1.0,276,1,"{""36"": 124}",124,30,21,1,30,27,21,30,1.0,0.800141296666,7,3,3,1.0,1.0,1.0,-0.0,1,0,0,30,0,30,-1.0,-1.0,0,810,630,0,-1440,1440,-1.0,78,48,-30,-0.384615384615,30,1.0,60,21,1,60,57,21,60,1.0,0.844990163918,7,3,3,1.0,1.0,1.0,-0.0,1,0,0,60,0,60,-1.0,-1.0,0,3420,1260,0,-4680,4680,-1.0,138,78,-60,-0.434782608696,60,1.0,120,21,1,120,116,21,120,1.0,0.859363881777,7,3,3,0.75,1.0,1.0,-0.0,1,0,0,120,0,120,-1.0,-1.0,0,13920,2520,0,-16440,16440,-1.0,228,120,-108,-0.420233463035,120,1.0,221,21,1,124,217,21,124,1.0,0.860132478998,29,3,3,0.599078341014,1.0,1.0,-0.0,1,0,0,124,0,124,-1.0,-1.0,0,26908,2604,0,-29512,29512,-1.0,275,151,-124,-0.342541436464,124,1.0,221,21,1,124,217,21,124,1.0,0.860132478998,29,3,3,0.599078341014,1.0,1.0,-0.0,1,0,0,124,0,124,-1.0,-1.0,0,26908,2604,0,-29512,29512,-1.0,275,151,-124,-0.342541436464,124,1.0
MOT17-09-FRCNN,4,32,461,v_to_u,32,4,1,462,64,105,105,32,4,1,357,461,1,525,105,525,105,461,1,64,64,64,1.0,0.352980877556,0.150038796679,0.237941351866,0.49208549001,0.240326891791,-1.0,-1.0,277,1,"{""4"": 64}",64,30,30,1,30,26,30,30,1.0,0.895699129453,13,14,14,1.0,0.666666666667,1.0,-0.0,1,0,0,30,0,30,-1.0,-1.0,0,780,600,300,-1080,1680,-0.642857142857,76,46,-30,-0.348837209302,30,1.0,60,60,1,60,56,60,60,1.0,0.885296172649,13,29,14,1.0,0.666666666667,1.0,-0.0,1,0,0,0,0,0,0.0,0.0,0,3360,1200,2400,-2160,6960,-0.310344827586,136,100,-36,-0.204545454545,60,1.0,105,120,1,64,101,120,64,1.0,0.887162426055,13,29,14,1.0,0.833333333333,1.0,-0.0,1,0,0,0,0,0,0.0,0.0,0,6464,1280,6400,-1344,14144,-0.095022624434,201,201,0,0.0,64,1.0,105,300,1,64,101,299,64,1.0,0.887162426055,13,29,14,1.0,0.408026755853,1.0,-0.0,1,0,0,0,0,0,0.0,0.0,0,6464,1280,17856,10112,25600,0.395,223,223,0,0.0,64,1.0,105,461,1,64,101,460,64,1.0,0.887162426055,13,1,14,1.0,0.473913043478,1.0,-0.0,1,0,0,0,0,0,0.0,0.0,0,6464,1280,28160,20416,35904,0.56862745098,319,319,0,0.0,64,1.0
MOT17-09-FRCNN,20,32,461,v_to_u,32,20,1,462,64,105,105,32,20,1,357,461,198,525,105,328,105,264,1,64,64,64,1.0,0.049139539109,0.012615435542,0.833840655246,0.127246460475,0.017975631262,-1.0,-1.0,278,1,"{""20"": 64}",64,30,30,1,30,26,30,30,1.0,0.924589824741,13,11,11,1.0,1.0,1.0,-0.0,1,0,0,30,0,30,-1.0,-1.0,0,780,900,0,-1680,1680,-1.0,86,56,-30,-0.348837209302,30,1.0,60,60,1,60,56,60,60,1.0,0.915838608248,13,11,11,1.0,1.0,1.0,-0.0,1,0,0,60,0,60,-1.0,-1.0,0,3360,3600,0,-6960,6960,-1.0,176,116,-60,-0.340909090909,60,1.0,105,120,1,64,101,120,64,1.0,0.9129189269,13,11,11,1.0,0.958333333333,1.0,-0.0,1,0,0,64,0,64,-1.0,-1.0,0,6464,7360,320,-13504,14144,-0.954751131222,280,216,-64,-0.224561403509,64,1.0,105,264,1,64,101,264,64,1.0,0.9129189269,13,11,11,1.0,0.981060606061,1.0,-0.0,1,0,0,64,0,64,-1.0,-1.0,0,6464,16576,320,-22720,23360,-0.972602739726,424,360,-64,-0.149184149184,64,1.0,105,264,1,64,101,264,64,1.0,0.9129189269,13,11,11,1.0,0.981060606061,1.0,-0.0,1,0,0,64,0,64,-1.0,-1.0,0,6464,16576,320,-22720,23360,-0.972602739726,424,360,-64,-0.149184149184,64,1.0
MOT17-09-FRCNN,23,32,461,v_to_u,32,23,1,462,26,105,105,32,23,1,357,461,219,487,105,269,105,243,1,26,26,26,1.0,0.600699931064,0.075927987575,0.0,0.165308776272,0.165494506626,-1.0,-1.0,279,1,"{""23"": 26}",26,30,30,1,26,26,26,26,1.0,0.79112895143,13,12,1,1.0,0.769230769231,1.0,-0.0,1,0,0,0,0,0,0.0,0.0,0,676,156,520,-312,1352,-0.230769230769,58,46,-12,-0.153846153846,26,1.0,60,60,1,26,56,56,26,1.0,0.79112895143,13,12,1,1.0,0.892857142857,1.0,-0.0,1,0,0,0,0,0,0.0,0.0,0,1456,156,1300,-312,2912,-0.107142857143,106,106,0,0.0,26,1.0,105,120,1,26,101,116,26,1.0,0.79112895143,13,12,1,1.0,0.948275862069,1.0,-0.0,1,0,0,0,0,0,0.0,0.0,0,2626,156,2860,78,5642,0.013824884793,211,211,0,0.0,26,1.0,105,243,1,26,101,239,26,1.0,0.79112895143,13,12,1,1.0,0.97489539749,1.0,-0.0,1,0,0,0,0,0,0.0,0.0,0,2626,156,6058,3276,8840,0.370588235294,334,334,0,0.0,26,1.0,105,243,1,26,101,239,26,1.0,0.79112895143,13,12,1,1.0,0.97489539749,1.0,-0.0,1,0,0,0,0,0,0.0,0.0,0,2626,156,6058,3276,8840,0.370588235294,334,334,0,0.0,26,1.0
MOT17-09-FRCNN,30,32,461,v_to_u,32,30,1,462,10,105,105,32,30,1,357,461,295,471,105,177,105,167,1,10,10,10,1.0,5.827854354786,1.023959727736,0.0,1.68454287438,1.484329128139,-1.0,-1.0,280,1,"{""30"": 10}",10,30,30,1,10,26,30,10,1.0,0.828958753681,13,2,2,1.0,1.0,1.0,-0.0,1,0,0,10,0,10,-1.0,-1.0,0,260,300,0,-560,560,-1.0,66,56,-10,-0.151515151515,10,1.0,60,60,1,10,56,60,10,1.0,0.828958753681,13,2,2,1.0,0.983333333333,1.0,-0.0,1,0,0,10,0,10,-1.0,-1.0,0,560,590,10,-1140,1160,-0.98275862069,125,115,-10,-0.079365079365,10,1.0,105,120,1,10,101,120,10,1.0,0.828958753681,13,2,2,1.0,0.991666666667,1.0,-0.0,1,0,0,10,0,10,-1.0,-1.0,0,1010,1190,10,-2190,2210,-0.990950226244,230,220,-10,-0.04329004329,10,1.0,105,167,1,10,101,167,10,1.0,0.828958753681,13,2,2,1.0,0.994011976048,1.0,-0.0,1,0,0,10,0,10,-1.0,-1.0,0,1010,1660,10,-2660,2680,-0.992537313433,277,267,-10,-0.035971223022,10,1.0,105,167,1,10,101,167,10,1.0,0.828958753681,13,2,2,1.0,0.994011976048,1.0,-0.0,1,0,0,10,0,10,-1.0,-1.0,0,1010,1660,10,-2660,2680,-0.992537313433,277,267,-10,-0.035971223022,10,1.0
MOT17-09-FRCNN,31,32,461,v_to_u,32,31,1,462,64,105,105,32,31,1,357,461,345,525,105,181,105,117,1,64,64,64,1.0,0.142248742443,0.131409457734,0.484868778901,0.318527538211,0.252365844646,-1.0,-1.0,281,1,"{""31"": 64}",64,30,30,1,30,26,21,30,1.0,0.892257389789,13,15,15,1.0,0.714285714286,1.0,-0.0,1,0,0,30,0,30,-1.0,-1.0,0,780,450,180,-1050,1410,-0.744680851064,71,41,-30,-0.38961038961,30,1.0,60,60,1,60,56,48,60,1.0,0.847059117102,13,10,15,1.0,0.5625,0.983333333333,0.084766075715,2,0,0,0,0,0,0.0,0.0,0,3360,885,1995,-2250,6240,-0.360576923077,130,86,-44,-0.268292682927,60,1.0,105,117,1,64,101,105,64,1.0,0.853186081648,13,10,15,1.0,0.8,0.984375,0.080484837068,2,0,0,0,0,0,0.0,0.0,0,6464,945,5775,-1634,13184,-0.123938106796,185,185,0,0.0,64,1.0,105,117,1,64,101,105,64,1.0,0.853186081648,13,10,15,1.0,0.8,0.984375,0.080484837068,2,0,0,0,0,0,0.0,0.0,0,6464,945,5775,-1634,13184,-0.123938106796,185,185,0,0.0,64,1.0,105,117,1,64,101,105,64,1.0,0.853186081648,13,10,15,1.0,0.8,0.984375,0.080484837068,2,0,0,0,0,0,0.0,0.0,0,6464,945,5775,-1634,13184,-0.123938106796,185,185,0,0.0,64,1.0
MOT17-09-FRCNN,32,34,461,u_to_v,32,34,1,462,64,97,97,32,34,1,357,461,365,525,105,161,105,97,1,64,64,64,1.0,2.946096883595,0.316880762398,0.0,0.517810643873,0.472661475694,-1.0,-1.0,282,1,"{""34"": 64}",64,30,30,1,30,26,30,30,1.0,0.920935979899,13,6,6,1.0,1.0,1.0,-0.0,1,0,0,30,0,30,-1.0,-1.0,0,780,900,0,-1680,1680,-1.0,86,56,-30,-0.348837209302,30,1.0,60,60,1,60,56,60,60,1.0,0.864506874407,13,6,6,1.0,0.983333333333,1.0,-0.0,1,0,0,60,0,60,-1.0,-1.0,0,3360,3540,60,-6840,6960,-0.98275862069,175,115,-60,-0.340909090909,60,1.0,105,97,1,64,101,97,64,1.0,0.864840519524,13,6,6,1.0,0.989690721649,1.0,-0.0,1,0,0,64,0,64,-1.0,-1.0,0,6464,6144,64,-12544,12672,-0.989898989899,261,197,-64,-0.24427480916,64,1.0,105,97,1,64,101,97,64,1.0,0.864840519524,13,6,6,1.0,0.989690721649,1.0,-0.0,1,0,0,64,0,64,-1.0,-1.0,0,6464,6144,64,-12544,12672,-0.989898989899,261,197,-64,-0.24427480916,64,1.0,105,97,1,64,101,97,64,1.0,0.864840519524,13,6,6,1.0,0.989690721649,1.0,-0.0,1,0,0,64,0,64,-1.0,-1.0,0,6464,6144,64,-12544,12672,-0.989898989899,261,197,-64,-0.24427480916,64,1.0
MOT17-09-FRCNN,32,36,461,u_to_v,32,36,1,462,64,81,81,32,36,1,357,461,381,525,105,145,105,81,1,64,64,64,1.0,2.36909924172,0.038368601768,0.0,0.2134075412,0.086834310406,-1.0,-1.0,283,1,"{""36"": 64}",64,30,30,1,30,26,30,30,1.0,0.847313700589,13,3,3,1.0,1.0,1.0,-0.0,1,0,0,30,0,30,-1.0,-1.0,0,780,900,0,-1680,1680,-1.0,86,56,-30,-0.348837209302,30,1.0,60,60,1,60,56,60,60,1.0,0.873737599636,13,3,3,1.0,1.0,1.0,-0.0,1,0,0,60,0,60,-1.0,-1.0,0,3360,3600,0,-6960,6960,-1.0,176,116,-60,-0.340909090909,60,1.0,105,81,1,64,101,81,64,1.0,0.874328399385,13,3,3,1.0,1.0,1.0,-0.0,1,0,0,64,0,64,-1.0,-1.0,0,6464,5184,0,-11648,11648,-1.0,246,182,-64,-0.260162601626,64,1.0,105,81,1,64,101,81,64,1.0,0.874328399385,13,3,3,1.0,1.0,1.0,-0.0,1,0,0,64,0,64,-1.0,-1.0,0,6464,5184,0,-11648,11648,-1.0,246,182,-64,-0.260162601626,64,1.0,105,81,1,64,101,81,64,1.0,0.874328399385,13,3,3,1.0,1.0,1.0,-0.0,1,0,0,64,0,64,-1.0,-1.0,0,6464,5184,0,-11648,11648,-1.0,246,182,-64,-0.260162601626,64,1.0
MOT17-09-FRCNN,32,37,461,u_to_v,32,37,1,462,49,43,43,32,37,1,357,461,419,510,105,92,105,43,1,49,49,49,1.0,0.459089933721,0.010248041104,0.117798128213,0.002702704348,0.028721101116,-1.0,-1.0,284,1,"{""37"": 49}",49,30,30,1,30,26,28,30,1.0,0.872068081072,13,1,13,1.0,0.857142857143,1.0,-0.0,1,0,30,0,30,0,1.0,1.0,780,0,120,720,1380,1620,0.851851851852,50,80,30,0.357142857143,30,1.0,60,43,1,49,56,41,48,0.979591836735,0.878835702011,13,1,13,1.0,0.90243902439,1.0,-0.0,1,0,48,0,48,0,1.0,1.0,2688,0,192,1776,4272,4656,0.917525773196,93,141,48,0.331034482759,49,1.0,105,43,1,49,101,41,48,0.979591836735,0.878835702011,13,1,13,1.0,0.90243902439,1.0,-0.0,1,0,48,0,48,0,1.0,1.0,4848,0,192,1776,6432,6816,0.943661971831,138,186,48,0.252631578947,49,1.0,105,43,1,49,101,41,48,0.979591836735,0.878835702011,13,1,13,1.0,0.90243902439,1.0,-0.0,1,0,48,0,48,0,1.0,1.0,4848,0,192,1776,6432,6816,0.943661971831,138,186,48,0.252631578947,49,1.0,105,43,1,49,101,41,48,0.979591836735,0.878835702011,13,1,13,1.0,0.90243902439,1.0,-0.0,1,0,48,0,48,0,1.0,1.0,4848,0,192,1776,6432,6816,0.943661971831,138,186,48,0.252631578947,49,1.0
MOT17-09-FRCNN,32,38,461,u_to_v,32,38,1,462,40,37,37,32,38,1,357,461,425,501,105,77,105,37,1,40,40,40,1.0,3.880969102716,0.010634270865,0.0,0.001354096348,0.213338998777,-1.0,-1.0,285,1,"{""38"": 40}",40,30,30,1,30,26,30,30,1.0,0.838966920625,13,17,17,1.0,1.0,1.0,-0.0,1,0,0,30,0,30,-1.0,-1.0,0,780,900,0,-1680,1680,-1.0,86,56,-30,-0.348837209302,30,1.0,60,37,1,40,56,37,40,1.0,0.819057234384,13,17,17,1.0,1.0,1.0,-0.0,1,0,0,40,0,40,-1.0,-1.0,0,2240,1480,0,-3720,3720,-1.0,133,93,-40,-0.300751879699,40,1.0,105,37,1,40,101,37,40,1.0,0.819057234384,13,17,17,1.0,1.0,1.0,-0.0,1,0,0,40,0,40,-1.0,-1.0,0,4040,1480,0,-5520,5520,-1.0,178,138,-40,-0.224719101124,40,1.0,105,37,1,40,101,37,40,1.0,0.819057234384,13,17,17,1.0,1.0,1.0,-0.0,1,0,0,40,0,40,-1.0,-1.0,0,4040,1480,0,-5520,5520,-1.0,178,138,-40,-0.224719101124,40,1.0,105,37,1,40,101,37,40,1.0,0.819057234384,13,17,17,1.0,1.0,1.0,-0.0,1,0,0,40,0,40,-1.0,-1.0,0,4040,1480,0,-5520,5520,-1.0,178,138,-40,-0.224719101124,40,1.0
MOT17-09-FRCNN,32,39,461,u_to_v,32,39,1,462,64,21,21,32,39,1,357,461,441,525,105,85,105,21,1,64,64,64,1.0,6.429955754483,0.668849561014,0.0,1.381377013356,0.99216901767,-1.0,-1.0,286,1,"{""39"": 64}",64,30,21,1,30,26,21,30,1.0,0.94997963114,13,4,4,1.0,1.0,1.0,-0.0,1,0,0,30,0,30,-1.0,-1.0,0,780,630,0,-1410,1410,-1.0,77,47,-30,-0.38961038961,30,1.0,60,21,1,60,56,21,60,1.0,0.927936841128,13,4,4,1.0,1.0,1.0,-0.0,1,0,0,60,0,60,-1.0,-1.0,0,3360,1260,0,-4620,4620,-1.0,137,77,-60,-0.43795620438,60,1.0,105,21,1,64,101,21,64,1.0,0.923928989458,13,4,4,1.0,1.0,1.0,-0.0,1,0,0,64,0,64,-1.0,-1.0,0,6464,1344,0,-7808,7808,-1.0,186,122,-64,-0.344086021505,64,1.0,105,21,1,64,101,21,64,1.0,0.923928989458,13,4,4,1.0,1.0,1.0,-0.0,1,0,0,64,0,64,-1.0,-1.0,0,6464,1344,0,-7808,7808,-1.0,186,122,-64,-0.344086021505,64,1.0,105,21,1,64,101,21,64,1.0,0.923928989458,13,4,4,1.0,1.0,1.0,-0.0,1,0,0,64,0,64,-1.0,-1.0,0,6464,1344,0,-7808,7808,-1.0,186,122,-64,-0.344086021505,64,1.0
MOT17-09-FRCNN,32,40,461,u_to_v,32,40,1,462,12,9,9,32,40,1,357,461,453,473,105,21,105,9,1,12,12,12,1.0,0.95683152454,0.036274504845,0.0,0.095310179804,0.01800232676,-1.0,-1.0,287,1,"{""40"": 12}",12,30,9,1,12,26,9,8,0.666666666667,0.801719000861,13,12,12,1.0,1.0,1.0,-0.0,1,0,0,8,0,8,-1.0,-1.0,0,208,72,0,-280,280,-1.0,43,35,-8,-0.186046511628,12,1.0,60,9,1,12,56,9,8,0.666666666667,0.801719000861,13,12,12,1.0,1.0,1.0,-0.0,1,0,0,8,0,8,-1.0,-1.0,0,448,72,0,-520,520,-1.0,73,65,-8,-0.109589041096,12,1.0,105,9,1,12,101,9,8,0.666666666667,0.801719000861,13,12,12,1.0,1.0,1.0,-0.0,1,0,0,8,0,8,-1.0,-1.0,0,808,72,0,-880,880,-1.0,118,110,-8,-0.067796610169,12,1.0,105,9,1,12,101,9,8,0.666666666667,0.801719000861,13,12,12,1.0,1.0,1.0,-0.0,1,0,0,8,0,8,-1.0,-1.0,0,808,72,0,-880,880,-1.0,118,110,-8,-0.067796610169,12,1.0,105,9,1,12,101,9,8,0.666666666667,0.801719000861,13,12,12,1.0,1.0,1.0,-0.0,1,0,0,8,0,8,-1.0,-1.0,0,808,72,0,-880,880,-1.0,118,110,-8,-0.067796610169,12,1.0
MOT17-09-FRCNN,4,30,471,v_to_u,30,4,1,472,54,177,177,30,4,1,295,471,1,525,177,525,177,471,1,54,54,54,1.0,5.470174794544,0.89205721999,0.0,1.307054984124,1.37015580692,-1.0,-1.0,288,1,"{""4"": 54}",54,30,30,1,30,30,30,30,1.0,0.871420238025,2,14,14,1.0,0.966666666667,1.0,-0.0,1,0,0,30,0,30,-1.0,-1.0,0,900,870,30,-1740,1800,-0.966666666667,89,59,-30,-0.333333333333,30,1.0,60,60,1,54,60,60,54,1.0,0.883147362693,2,14,14,0.983333333333,0.5,1.0,-0.0,1,0,0,54,0,54,-1.0,-1.0,0,3240,1620,1620,-3240,6480,-0.5,143,89,-54,-0.310344827586,54,1.0,120,120,1,54,120,120,54,1.0,0.883147362693,2,29,14,0.991666666667,0.75,1.0,-0.0,1,0,0,0,0,0,0.0,0.0,0,6480,1620,4860,-3240,12960,-0.25,209,209,0,0.0,54,1.0,177,300,1,54,177,299,54,1.0,0.883147362693,2,29,14,0.994350282486,0.408026755853,1.0,-0.0,1,0,0,0,0,0,0.0,0.0,0,9558,1620,14526,3348,25704,0.13025210084,298,298,0,0.0,54,1.0,177,471,1,54,177,470,54,1.0,0.883147362693,2,1,14,0.994350282486,0.463829787234,1.0,-0.0,1,0,0,0,0,0,0.0,0.0,0,9558,1620,23760,12582,34938,0.360123647604,394,394,0,0.0,54,1.0
MOT17-09-FRCNN,20,30,471,v_to_u,30,20,1,472,54,177,177,30,20,1,295,471,198,525,177,328,177,274,1,54,54,54,1.0,6.546403557725,1.07315621663,0.0,1.479485825926,1.583483078039,-1.0,-1.0,289,1,"{""20"": 54}",54,30,30,1,30,30,30,30,1.0,0.926527988986,2,11,11,1.0,1.0,1.0,-0.0,1,0,0,30,0,30,-1.0,-1.0,0,900,900,0,-1800,1800,-1.0,90,60,-30,-0.333333333333,30,1.0,60,60,1,54,60,60,54,1.0,0.918624777877,2,11,11,0.983333333333,1.0,1.0,-0.0,1,0,0,54,0,54,-1.0,-1.0,0,3240,3240,0,-6480,6480,-1.0,173,119,-54,-0.310344827586,54,1.0,120,120,1,54,120,120,54,1.0,0.918624777877,2,11,11,0.991666666667,0.966666666667,1.0,-0.0,1,0,0,54,0,54,-1.0,-1.0,0,6480,6264,216,-12528,12960,-0.966666666667,289,235,-54,-0.183673469388,54,1.0,177,274,1,54,177,274,54,1.0,0.918624777877,2,11,11,0.994350282486,0.981751824818,1.0,-0.0,1,0,0,54,0,54,-1.0,-1.0,0,9558,14526,270,-23814,24354,-0.977827050998,499,445,-54,-0.106930693069,54,1.0,177,274,1,54,177,274,54,1.0,0.918624777877,2,11,11,0.994350282486,0.981751824818,1.0,-0.0,1,0,0,54,0,54,-1.0,-1.0,0,9558,14526,270,-23814,24354,-0.977827050998,499,445,-54,-0.106930693069,54,1.0
MOT17-09-FRCNN,23,30,471,v_to_u,30,23,1,472,16,177,177,30,23,1,295,471,219,487,177,269,177,253,1,16,16,16,1.0,7.439043707682,1.204431679622,0.0,1.680089159094,1.755261206646,-1.0,-1.0,290,1,"{""23"": 16}",16,30,30,1,16,30,26,16,1.0,0.821299196754,2,1,1,1.0,0.615384615385,1.0,-0.0,1,0,0,16,0,16,-1.0,-1.0,0,480,256,160,-576,896,-0.642857142857,62,46,-16,-0.222222222222,16,1.0,60,60,1,16,60,56,16,1.0,0.821299196754,2,12,1,0.983333333333,0.714285714286,1.0,-0.0,1,0,0,0,0,0,0.0,0.0,0,960,256,640,-576,1856,-0.310344827586,99,99,0,0.0,16,1.0,120,120,1,16,120,116,16,1.0,0.821299196754,2,12,1,0.991666666667,0.862068965517,1.0,-0.0,1,0,0,0,0,0,0.0,0.0,0,1920,256,1600,-576,3776,-0.152542372881,219,219,0,0.0,16,1.0,177,253,1,16,177,249,16,1.0,0.821299196754,2,12,1,0.994350282486,0.935742971888,1.0,-0.0,1,0,0,0,0,0,0.0,0.0,0,2832,256,3728,640,6816,0.093896713615,409,409,0,0.0,16,1.0,177,253,1,16,177,249,16,1.0,0.821299196754,2,12,1,0.994350282486,0.935742971888,1.0,-0.0,1,0,0,0,0,0,0.0,0.0,0,2832,256,3728,640,6816,0.093896713615,409,409,0,0.0,16,1.0
MOT17-09-FRCNN,30,31,471,u_to_v,30,31,1,472,54,127,127,30,31,1,295,471,345,525,177,181,177,127,1,54,54,54,1.0,5.198824617959,0.879534217718,0.0,0.933631603048,1.342133086313,-1.0,-1.0,291,1,"{""31"": 54}",54,30,30,1,30,30,29,30,1.0,0.87615656705,2,15,15,1.0,0.862068965517,1.0,-0.0,1,0,0,30,0,30,-1.0,-1.0,0,900,750,120,-1530,1770,-0.864406779661,85,55,-30,-0.337078651685,30,1.0,60,60,1,54,60,48,54,1.0,0.847370064797,2,15,15,0.983333333333,0.520833333333,0.981481481481,0.092216057337,2,0,0,53,0,53,-0.981481481481,-0.981481481481,0,3240,1325,1267,-3298,5832,-0.565500685871,137,84,-53,-0.327160493827,54,1.0,120,120,1,54,120,108,54,1.0,0.847370064797,2,10,15,0.991666666667,0.712962962963,0.981481481481,0.092216057337,2,0,0,0,0,0,0.0,0.0,0,6480,1325,4507,-3298,12312,-0.267868745939,197,196,-1,-0.003546099291,54,1.0,177,127,1,54,177,115,54,1.0,0.847370064797,2,10,15,0.994350282486,0.730434782609,0.981481481481,0.092216057337,2,0,0,0,0,0,0.0,0.0,0,9558,1325,4885,-5998,15768,-0.380390664637,260,260,0,0.0,54,1.0,177,127,1,54,177,115,54,1.0,0.847370064797,2,10,15,0.994350282486,0.730434782609,0.981481481481,0.092216057337,2,0,0,0,0,0,0.0,0.0,0,9558,1325,4885,-5998,15768,-0.380390664637,260,260,0,0.0,54,1.0
MOT17-09-FRCNN,30,34,471,u_to_v,30,34,1,472,54,107,107,30,34,1,295,471,365,525,177,161,177,107,1,54,54,54,1.0,4.141855431944,0.733394238632,0.0,1.117007456196,1.156884418477,-1.0,-1.0,292,1,"{""34"": 54}",54,30,30,1,30,30,30,30,1.0,0.889811178608,2,6,6,1.0,1.0,1.0,-0.0,1,0,0,30,0,30,-1.0,-1.0,0,900,900,0,-1800,1800,-1.0,90,60,-30,-0.333333333333,30,1.0,60,60,1,54,60,60,54,1.0,0.848283437728,2,6,6,0.983333333333,0.983333333333,1.0,-0.0,1,0,0,54,0,54,-1.0,-1.0,54,3186,3186,54,-6264,6480,-0.966666666667,172,118,-54,-0.310344827586,54,1.0,120,107,1,54,120,107,54,1.0,0.848283437728,2,6,6,0.991666666667,0.990654205607,1.0,-0.0,1,0,0,54,0,54,-1.0,-1.0,54,6426,5724,54,-12042,12258,-0.982378854626,279,225,-54,-0.192170818505,54,1.0,177,107,1,54,177,107,54,1.0,0.848283437728,2,6,6,0.994350282486,0.990654205607,1.0,-0.0,1,0,0,54,0,54,-1.0,-1.0,54,9504,5724,54,-15120,15336,-0.985915492958,336,282,-54,-0.159763313609,54,1.0,177,107,1,54,177,107,54,1.0,0.848283437728,2,6,6,0.994350282486,0.990654205607,1.0,-0.0,1,0,0,54,0,54,-1.0,-1.0,54,9504,5724,54,-15120,15336,-0.985915492958,336,282,-54,-0.159763313609,54,1.0
MOT17-09-FRCNN,30,36,471,u_to_v,30,36,1,472,54,91,91,30,36,1,295,471,381,525,177,145,177,91,1,54,54,54,1.0,5.63166556343,1.090930105749,0.0,1.461699033248,1.661112794355,-1.0,-1.0,293,1,"{""36"": 54}",54,30,30,1,30,30,30,30,1.0,0.860606962602,2,3,3,1.0,1.0,1.0,-0.0,1,0,0,30,0,30,-1.0,-1.0,0,900,900,0,-1800,1800,-1.0,90,60,-30,-0.333333333333,30,1.0,60,60,1,54,60,60,54,1.0,0.87709688054,2,3,3,0.983333333333,1.0,1.0,-0.0,1,0,0,54,0,54,-1.0,-1.0,0,3240,3240,0,-6480,6480,-1.0,173,119,-54,-0.310344827586,54,1.0,120,91,1,54,120,91,54,1.0,0.87709688054,2,3,3,0.991666666667,1.0,1.0,-0.0,1,0,0,54,0,54,-1.0,-1.0,0,6480,4914,0,-11394,11394,-1.0,264,210,-54,-0.203773584906,54,1.0,177,91,1,54,177,91,54,1.0,0.87709688054,2,3,3,0.994350282486,1.0,1.0,-0.0,1,0,0,54,0,54,-1.0,-1.0,0,9558,4914,0,-14472,14472,-1.0,321,267,-54,-0.167701863354,54,1.0,177,91,1,54,177,91,54,1.0,0.87709688054,2,3,3,0.994350282486,1.0,1.0,-0.0,1,0,0,54,0,54,-1.0,-1.0,0,9558,4914,0,-14472,14472,-1.0,321,267,-54,-0.167701863354,54,1.0
MOT17-09-FRCNN,30,37,471,u_to_v,30,37,1,472,39,53,53,30,37,1,295,471,419,510,177,92,177,53,1,39,39,39,1.0,6.797376241427,1.07908388932,0.0,1.482278615065,1.616092878289,-1.0,-1.0,294,1,"{""37"": 39}",39,30,30,1,30,30,28,30,1.0,0.917483931488,2,1,13,1.0,0.5,1.0,-0.0,1,0,0,0,0,0,0.0,0.0,0,900,420,420,-900,1740,-0.51724137931,74,44,-30,-0.340909090909,30,1.0,60,53,1,39,60,51,38,0.974358974359,0.907584674018,2,1,13,0.983333333333,0.725490196078,1.0,-0.0,1,0,0,0,0,0,0.0,0.0,0,2280,532,1406,-1406,4218,-0.333333333333,111,96,-15,-0.10067114094,39,1.0,120,53,1,39,120,51,38,0.974358974359,0.907584674018,2,1,13,0.991666666667,0.725490196078,1.0,-0.0,1,0,0,0,0,0,0.0,0.0,0,4560,532,1406,-3686,6498,-0.567251461988,171,156,-15,-0.071770334928,39,1.0,177,53,1,39,177,51,38,0.974358974359,0.907584674018,2,1,13,0.994350282486,0.725490196078,1.0,-0.0,1,0,0,0,0,0,0.0,0.0,0,6726,532,1406,-5852,8664,-0.675438596491,228,213,-15,-0.056390977444,39,1.0,177,53,1,39,177,51,38,0.974358974359,0.907584674018,2,1,13,0.994350282486,0.725490196078,1.0,-0.0,1,0,0,0,0,0,0.0,0.0,0,6726,532,1406,-5852,8664,-0.675438596491,228,213,-15,-0.056390977444,39,1.0
MOT17-09-FRCNN,30,38,471,u_to_v,30,38,1,472,30,47,47,30,38,1,295,471,425,501,177,77,177,47,1,30,30,30,1.0,5.243129160296,1.12691384322,0.0,1.55345389685,1.710768929058,-1.0,-1.0,295,1,"{""38"": 30}",30,30,30,1,30,30,30,30,1.0,0.8067286919,2,17,17,1.0,1.0,1.0,-0.0,1,0,0,30,0,30,-1.0,-1.0,0,900,900,0,-1800,1800,-1.0,90,60,-30,-0.333333333333,30,1.0,60,47,1,30,60,47,30,1.0,0.8067286919,2,17,17,0.983333333333,1.0,1.0,-0.0,1,0,0,30,0,30,-1.0,-1.0,0,1800,1410,0,-3210,3210,-1.0,136,106,-30,-0.21897810219,30,1.0,120,47,1,30,120,47,30,1.0,0.8067286919,2,17,17,0.991666666667,1.0,1.0,-0.0,1,0,0,30,0,30,-1.0,-1.0,0,3600,1410,0,-5010,5010,-1.0,196,166,-30,-0.152284263959,30,1.0,177,47,1,30,177,47,30,1.0,0.8067286919,2,17,17,0.994350282486,1.0,1.0,-0.0,1,0,0,30,0,30,-1.0,-1.0,0,5310,1410,0,-6720,6720,-1.0,253,223,-30,-0.11811023622,30,1.0,177,47,1,30,177,47,30,1.0,0.8067286919,2,17,17,0.994350282486,1.0,1.0,-0.0,1,0,0,30,0,30,-1.0,-1.0,0,5310,1410,0,-6720,6720,-1.0,253,223,-30,-0.11811023622,30,1.0
MOT17-09-FRCNN,30,39,471,u_to_v,30,39,1,472,54,31,31,30,39,1,295,471,441,525,177,85,177,31,1,54,54,54,1.0,1.042653065007,0.341399789281,0.0,0.553085101921,0.587779084507,-1.0,-1.0,296,1,"{""39"": 54}",54,30,30,1,30,30,30,30,1.0,0.955704726763,2,4,4,1.0,1.0,1.0,-0.0,1,0,0,30,0,30,-1.0,-1.0,0,900,900,0,-1800,1800,-1.0,90,60,-30,-0.333333333333,30,1.0,60,31,1,54,60,31,54,1.0,0.922894455037,2,4,4,0.983333333333,1.0,1.0,-0.0,1,0,0,54,0,54,-1.0,-1.0,0,3240,1674,0,-4914,4914,-1.0,144,90,-54,-0.372413793103,54,1.0,120,31,1,54,120,31,54,1.0,0.922894455037,2,4,4,0.991666666667,1.0,1.0,-0.0,1,0,0,54,0,54,-1.0,-1.0,0,6480,1674,0,-8154,8154,-1.0,204,150,-54,-0.263414634146,54,1.0,177,31,1,54,177,31,54,1.0,0.922894455037,2,4,4,0.994350282486,1.0,1.0,-0.0,1,0,0,54,0,54,-1.0,-1.0,0,9558,1674,0,-11232,11232,-1.0,261,207,-54,-0.206106870229,54,1.0,177,31,1,54,177,31,54,1.0,0.922894455037,2,4,4,0.994350282486,1.0,1.0,-0.0,1,0,0,54,0,54,-1.0,-1.0,0,9558,1674,0,-11232,11232,-1.0,261,207,-54,-0.206106870229,54,1.0
MOT17-09-FRCNN,30,40,471,u_to_v,30,40,1,472,2,19,19,30,40,1,295,471,453,473,177,21,177,19,1,2,2,2,1.0,7.620500077791,1.198254791112,0.0,1.665524723639,1.75575466829,-1.0,-1.0,297,1,"{""40"": 2}",2,30,19,1,2,30,17,0,0.0,,2,12,-1,1.0,1.0,,,0,0,0,0,0,0,0.0,0.0,0,0,0,0,0,0,0.0,47,47,0,0.0,2,1.0,60,19,1,2,60,17,0,0.0,,2,12,-1,0.983333333333,1.0,,,0,0,0,0,0,0,0.0,0.0,0,0,0,0,0,0,0.0,76,76,0,0.0,2,1.0,120,19,1,2,120,17,0,0.0,,2,12,-1,0.991666666667,1.0,,,0,0,0,0,0,0,0.0,0.0,0,0,0,0,0,0,0.0,136,136,0,0.0,2,1.0,177,19,1,2,177,17,0,0.0,,2,12,-1,0.994350282486,1.0,,,0,0,0,0,0,0,0.0,0.0,0,0,0,0,0,0,0.0,193,193,0,0.0,2,1.0,177,19,1,2,177,17,0,0.0,,2,12,-1,0.994350282486,1.0,,,0,0,0,0,0,0,0.0,0.0,0,0,0,0,0,0,0.0,193,193,0,0.0,2,1.0
MOT17-09-FRCNN,30,41,471,u_to_v,30,41,1,472,54,4,4,30,41,1,295,471,468,525,177,58,177,4,1,54,54,54,1.0,4.910712250883,1.129833943382,0.0,1.843968894119,1.731910469391,-1.0,-1.0,298,1,"{""41"": 54}",54,30,4,1,30,30,4,30,1.0,0.892309453696,2,9,9,1.0,1.0,1.0,-0.0,1,0,0,30,0,30,-1.0,-1.0,0,900,120,0,-1020,1020,-1.0,64,34,-30,-0.46875,30,1.0,60,4,1,54,60,4,54,1.0,0.863618329976,2,9,9,0.983333333333,1.0,0.981481481481,0.092216057337,2,0,0,53,0,53,-0.981481481481,-0.981481481481,0,3240,212,4,-3448,3456,-0.997685185185,116,63,-53,-0.449152542373,54,1.0,120,4,1,54,120,4,54,1.0,0.863618329976,2,9,9,0.991666666667,1.0,0.981481481481,0.092216057337,2,0,0,53,0,53,-0.981481481481,-0.981481481481,0,6480,212,4,-6688,6696,-0.99880525687,176,123,-53,-0.297752808989,54,1.0,177,4,1,54,177,4,54,1.0,0.863618329976,2,9,9,0.994350282486,1.0,0.981481481481,0.092216057337,2,0,0,53,0,53,-0.981481481481,-0.981481481481,0,9558,212,4,-9766,9774,-0.999181501944,233,180,-53,-0.225531914894,54,1.0,177,4,1,54,177,4,54,1.0,0.863618329976,2,9,9,0.994350282486,1.0,0.981481481481,0.092216057337,2,0,0,53,0,53,-0.981481481481,-0.981481481481,0,9558,212,4,-9766,9774,-0.999181501944,233,180,-53,-0.225531914894,54,1.0
MOT17-09-FRCNN,4,40,473,v_to_u,40,4,1,474,52,21,21,40,4,1,453,473,1,525,21,525,21,473,1,52,52,52,1.0,2.247779951162,0.265494716079,0.0,0.386690579018,0.443232905898,-1.0,-1.0,299,1,"{""4"": 52}",52,21,30,1,30,17,30,30,1.0,0.86772098141,12,14,14,1.0,1.0,1.0,-0.0,1,0,0,30,0,30,-1.0,-1.0,0,510,900,0,-1410,1410,-1.0,77,47,-30,-0.38961038961,30,1.0,21,60,1,52,17,60,52,1.0,0.882036536841,12,14,14,1.0,0.533333333333,1.0,-0.0,1,0,0,52,0,52,-1.0,-1.0,0,884,1664,1456,-1092,4004,-0.272727272727,101,80,-21,-0.162790697674,52,1.0,21,120,1,52,17,120,52,1.0,0.882036536841,12,29,14,1.0,0.733333333333,1.0,-0.0,1,0,0,0,0,0,0.0,0.0,0,884,1664,4576,2028,7124,0.284671532847,105,140,35,0.185185185185,52,1.0,21,300,1,52,17,299,52,1.0,0.882036536841,12,29,14,1.0,0.408026755853,1.0,-0.0,1,0,0,0,0,0,0.0,0.0,0,884,1664,13884,11336,16432,0.689873417722,139,174,35,0.095108695652,52,1.0,21,473,1,52,17,472,52,1.0,0.882036536841,12,1,14,1.0,0.46186440678,1.0,-0.0,1,0,0,0,0,0,0.0,0.0,0,884,1664,22880,20332,25428,0.799591002045,235,270,35,0.064695009242,52,1.0
MOT17-09-FRCNN,20,40,473,v_to_u,40,20,1,474,52,21,21,40,20,1,453,473,198,525,21,328,21,276,1,52,52,52,1.0,0.977793572293,0.097732992861,0.0,0.248218729187,0.240120074026,-1.0,-1.0,300,1,"{""20"": 52}",52,21,30,1,30,17,30,30,1.0,0.927100571003,12,11,11,1.0,1.0,1.0,-0.0,1,0,0,30,0,30,-1.0,-1.0,0,510,900,0,-1410,1410,-1.0,77,47,-30,-0.38961038961,30,1.0,21,60,1,52,17,60,52,1.0,0.918026245925,12,11,11,1.0,1.0,1.0,-0.0,1,0,0,52,0,52,-1.0,-1.0,0,884,3120,0,-4004,4004,-1.0,129,77,-52,-0.403100775194,52,1.0,21,120,1,52,17,120,52,1.0,0.918026245925,12,11,11,1.0,0.983333333333,1.0,-0.0,1,0,0,52,0,52,-1.0,-1.0,0,884,6136,104,-6916,7124,-0.970802919708,187,135,-52,-0.275132275132,52,1.0,21,276,1,52,17,276,52,1.0,0.918026245925,12,11,11,1.0,0.981884057971,1.0,-0.0,1,0,0,52,0,52,-1.0,-1.0,0,884,14092,260,-14716,15236,-0.965870307167,340,288,-52,-0.150724637681,52,1.0,21,276,1,52,17,276,52,1.0,0.918026245925,12,11,11,1.0,0.981884057971,1.0,-0.0,1,0,0,52,0,52,-1.0,-1.0,0,884,14092,260,-14716,15236,-0.965870307167,340,288,-52,-0.150724637681,52,1.0
MOT17-09-FRCNN,23,40,473,v_to_u,40,23,1,474,14,21,21,40,23,1,453,473,219,487,21,269,21,255,1,14,14,14,1.0,0.440946995246,0.021023455324,0.148904877884,0.079706742611,0.076297199028,-1.0,-1.0,301,1,"{""23"": 14}",14,21,30,1,14,17,26,14,1.0,0.82788267392,12,1,1,1.0,0.692307692308,1.0,-0.0,1,0,0,14,0,14,-1.0,-1.0,0,238,252,112,-378,602,-0.627906976744,49,35,-14,-0.245614035088,14,1.0,21,60,1,14,17,56,14,1.0,0.82788267392,12,12,1,1.0,0.678571428571,1.0,-0.0,1,1,0,0,0,0,0.0,0.0,0,238,252,532,42,1022,0.041095890411,49,52,3,0.034482758621,14,1.0,21,120,1,14,17,116,14,1.0,0.82788267392,12,12,1,1.0,0.844827586207,1.0,-0.0,1,1,0,0,0,0,0.0,0.0,0,238,252,1372,882,1862,0.473684210526,98,112,14,0.095238095238,14,1.0,21,255,1,14,17,251,14,1.0,0.82788267392,12,12,1,1.0,0.92828685259,1.0,-0.0,1,1,0,0,0,0,0.0,0.0,0,238,252,3262,2772,3752,0.738805970149,233,247,14,0.049645390071,14,1.0,21,255,1,14,17,251,14,1.0,0.82788267392,12,12,1,1.0,0.92828685259,1.0,-0.0,1,1,0,0,0,0,0.0,0.0,0,238,252,3262,2772,3752,0.738805970149,233,247,14,0.049645390071,14,1.0
MOT17-09-FRCNN,31,40,473,v_to_u,40,31,1,474,52,21,21,40,31,1,453,473,345,525,21,181,21,129,1,52,52,52,1.0,1.414424918685,0.259039201857,0.0,0.707757699752,0.47792102682,-1.0,-1.0,302,1,"{""31"": 52}",52,21,30,1,30,17,29,30,1.0,0.857806362355,12,15,15,1.0,0.931034482759,1.0,-0.0,1,0,0,30,0,30,-1.0,-1.0,0,510,810,60,-1260,1380,-0.913043478261,74,44,-30,-0.394736842105,30,1.0,21,60,1,52,17,48,52,1.0,0.843713702118,12,15,15,1.0,0.5625,0.980769230769,0.095030117256,2,0,0,51,0,51,-0.980769230769,-0.980769230769,0,884,1377,1119,-1142,3380,-0.337869822485,95,66,-29,-0.247863247863,52,1.0,21,120,1,52,17,108,52,1.0,0.843713702118,12,10,15,1.0,0.694444444444,0.980769230769,0.095030117256,2,0,0,0,0,0,0.0,0.0,0,884,1377,4239,1978,6500,0.304307692308,95,126,31,0.175141242938,52,1.0,21,129,1,52,17,117,52,1.0,0.843713702118,12,10,15,1.0,0.717948717949,0.980769230769,0.095030117256,2,0,0,0,0,0,0.0,0.0,0,884,1377,4707,2446,6968,0.351033295063,101,135,34,0.182795698925,52,1.0,21,129,1,52,17,117,52,1.0,0.843713702118,12,10,15,1.0,0.717948717949,0.980769230769,0.095030117256,2,0,0,0,0,0,0.0,0.0,0,884,1377,4707,2446,6968,0.351033295063,101,135,34,0.182795698925,52,1.0
MOT17-09-FRCNN,34,40,473,v_to_u,40,34,1,474,52,21,21,40,34,1,453,473,365,525,21,161,21,109,1,52,52,52,1.0,3.75240535921,0.405756646654,0.0,0.643920239795,0.66668464563,-1.0,-1.0,303,1,"{""34"": 52}",52,21,30,1,30,17,30,30,1.0,0.877421838895,12,6,6,1.0,1.0,1.0,-0.0,1,0,0,30,0,30,-1.0,-1.0,0,510,900,0,-1410,1410,-1.0,77,47,-30,-0.38961038961,30,1.0,21,60,1,52,17,60,52,1.0,0.8450851116,12,6,6,1.0,0.983333333333,1.0,-0.0,1,0,0,52,0,52,-1.0,-1.0,0,884,3068,52,-3900,4004,-0.974025974026,128,76,-52,-0.403100775194,52,1.0,21,109,1,52,17,109,52,1.0,0.8450851116,12,6,6,1.0,0.990825688073,1.0,-0.0,1,0,0,52,0,52,-1.0,-1.0,0,884,5616,52,-6448,6552,-0.984126984127,177,125,-52,-0.292134831461,52,1.0,21,109,1,52,17,109,52,1.0,0.8450851116,12,6,6,1.0,0.990825688073,1.0,-0.0,1,0,0,52,0,52,-1.0,-1.0,0,884,5616,52,-6448,6552,-0.984126984127,177,125,-52,-0.292134831461,52,1.0,21,109,1,52,17,109,52,1.0,0.8450851116,12,6,6,1.0,0.990825688073,1.0,-0.0,1,0,0,52,0,52,-1.0,-1.0,0,884,5616,52,-6448,6552,-0.984126984127,177,125,-52,-0.292134831461,52,1.0
MOT17-09-FRCNN,36,40,473,v_to_u,40,36,1,474,52,21,21,40,36,1,453,473,381,525,21,145,21,93,1,52,52,52,1.0,3.306130936999,0.160107855864,0.0,0.408425840225,0.160637549616,-1.0,-1.0,304,1,"{""36"": 52}",52,21,30,1,30,17,30,30,1.0,0.859472064203,12,3,3,1.0,1.0,1.0,-0.0,1,0,0,30,0,30,-1.0,-1.0,0,510,900,0,-1410,1410,-1.0,77,47,-30,-0.38961038961,30,1.0,21,60,1,52,17,60,52,1.0,0.876930396574,12,3,3,1.0,1.0,1.0,-0.0,1,0,0,52,0,52,-1.0,-1.0,0,884,3120,0,-4004,4004,-1.0,129,77,-52,-0.403100775194,52,1.0,21,93,1,52,17,93,52,1.0,0.876930396574,12,3,3,1.0,1.0,1.0,-0.0,1,0,0,52,0,52,-1.0,-1.0,0,884,4836,0,-5720,5720,-1.0,162,110,-52,-0.320987654321,52,1.0,21,93,1,52,17,93,52,1.0,0.876930396574,12,3,3,1.0,1.0,1.0,-0.0,1,0,0,52,0,52,-1.0,-1.0,0,884,4836,0,-5720,5720,-1.0,162,110,-52,-0.320987654321,52,1.0,21,93,1,52,17,93,52,1.0,0.876930396574,12,3,3,1.0,1.0,1.0,-0.0,1,0,0,52,0,52,-1.0,-1.0,0,884,4836,0,-5720,5720,-1.0,162,110,-52,-0.320987654321,52,1.0
MOT17-09-FRCNN,37,40,473,v_to_u,40,37,1,474,37,21,21,40,37,1,453,473,419,510,21,92,21,55,1,37,37,37,1.0,0.505560319173,0.12560668528,0.087816154475,0.242397401687,0.190940666332,-1.0,-1.0,305,1,"{""37"": 37}",37,21,30,1,30,17,28,30,1.0,0.917214112268,12,13,13,1.0,0.571428571429,1.0,-0.0,1,0,0,30,0,30,-1.0,-1.0,0,510,480,360,-630,1350,-0.466666666667,63,42,-21,-0.28,30,1.0,21,55,1,37,17,53,36,0.972972972973,0.907064213508,12,1,13,1.0,0.698113207547,1.0,-0.0,1,0,0,0,0,0,0.0,0.0,0,612,576,1332,144,2520,0.057142857143,69,73,4,0.037735849057,37,1.0,21,55,1,37,17,53,36,0.972972972973,0.907064213508,12,1,13,1.0,0.698113207547,1.0,-0.0,1,0,0,0,0,0,0.0,0.0,0,612,576,1332,144,2520,0.057142857143,69,73,4,0.037735849057,37,1.0,21,55,1,37,17,53,36,0.972972972973,0.907064213508,12,1,13,1.0,0.698113207547,1.0,-0.0,1,0,0,0,0,0,0.0,0.0,0,612,576,1332,144,2520,0.057142857143,69,73,4,0.037735849057,37,1.0,21,55,1,37,17,53,36,0.972972972973,0.907064213508,12,1,13,1.0,0.698113207547,1.0,-0.0,1,0,0,0,0,0,0.0,0.0,0,612,576,1332,144,2520,0.057142857143,69,73,4,0.037735849057,37,1.0
MOT17-09-FRCNN,38,40,473,v_to_u,40,38,1,474,28,21,21,40,38,1,453,473,425,501,21,77,21,49,1,28,28,28,1.0,5.115002143712,0.128859419816,0.0,0.202125241173,0.047009627361,-1.0,-1.0,306,1,"{""38"": 28}",28,21,30,1,28,17,30,28,1.0,0.809852469563,12,17,17,1.0,1.0,1.0,-0.0,1,0,0,28,0,28,-1.0,-1.0,0,476,840,0,-1316,1316,-1.0,75,47,-28,-0.373333333333,28,1.0,21,49,1,28,17,49,28,1.0,0.809852469563,12,17,17,1.0,1.0,1.0,-0.0,1,0,0,28,0,28,-1.0,-1.0,0,476,1372,0,-1848,1848,-1.0,94,66,-28,-0.297872340426,28,1.0,21,49,1,28,17,49,28,1.0,0.809852469563,12,17,17,1.0,1.0,1.0,-0.0,1,0,0,28,0,28,-1.0,-1.0,0,476,1372,0,-1848,1848,-1.0,94,66,-28,-0.297872340426,28,1.0,21,49,1,28,17,49,28,1.0,0.809852469563,12,17,17,1.0,1.0,1.0,-0.0,1,0,0,28,0,28,-1.0,-1.0,0,476,1372,0,-1848,1848,-1.0,94,66,-28,-0.297872340426,28,1.0,21,49,1,28,17,49,28,1.0,0.809852469563,12,17,17,1.0,1.0,1.0,-0.0,1,0,0,28,0,28,-1.0,-1.0,0,476,1372,0,-1848,1848,-1.0,94,66,-28,-0.297872340426,28,1.0
MOT17-09-FRCNN,39,40,473,v_to_u,40,39,1,474,52,21,21,40,39,1,453,473,441,525,21,85,21,33,1,52,52,52,1.0,7.76751072289,0.822047942913,0.0,1.264911330689,1.226437852832,-1.0,-1.0,307,1,"{""39"": 52}",52,21,30,1,30,17,30,30,1.0,0.95504014659,12,4,4,1.0,1.0,1.0,-0.0,1,0,0,30,0,30,-1.0,-1.0,0,510,900,0,-1410,1410,-1.0,77,47,-30,-0.38961038961,30,1.0,21,33,1,52,17,33,52,1.0,0.922530430753,12,4,4,1.0,1.0,1.0,-0.0,1,0,0,52,0,52,-1.0,-1.0,0,884,1716,0,-2600,2600,-1.0,102,52,-50,-0.490196078431,52,1.0,21,33,1,52,17,33,52,1.0,0.922530430753,12,4,4,1.0,1.0,1.0,-0.0,1,0,0,52,0,52,-1.0,-1.0,0,884,1716,0,-2600,2600,-1.0,102,52,-50,-0.490196078431,52,1.0,21,33,1,52,17,33,52,1.0,0.922530430753,12,4,4,1.0,1.0,1.0,-0.0,1,0,0,52,0,52,-1.0,-1.0,0,884,1716,0,-2600,2600,-1.0,102,52,-50,-0.490196078431,52,1.0,21,33,1,52,17,33,52,1.0,0.922530430753,12,4,4,1.0,1.0,1.0,-0.0,1,0,0,52,0,52,-1.0,-1.0,0,884,1716,0,-2600,2600,-1.0,102,52,-50,-0.490196078431,52,1.0
MOT17-09-FRCNN,40,41,473,u_to_v,40,41,1,474,52,6,6,40,41,1,453,473,468,525,21,58,21,6,1,52,52,52,1.0,7.040254219149,0.164810308284,0.0,0.034806850971,0.089876457154,-1.0,-1.0,308,1,"{""41"": 52}",52,21,6,1,30,17,6,30,1.0,0.890541414691,12,9,9,1.0,1.0,1.0,-0.0,1,0,0,30,0,30,-1.0,-1.0,0,510,180,0,-690,690,-1.0,53,30,-23,-0.433962264151,30,1.0,21,6,1,52,17,6,52,1.0,0.862099726159,12,9,9,1.0,1.0,0.980769230769,0.095030117256,2,0,0,51,0,51,-0.980769230769,-0.980769230769,0,884,306,6,-1184,1196,-0.989966555184,74,51,-23,-0.306666666667,52,1.0,21,6,1,52,17,6,52,1.0,0.862099726159,12,9,9,1.0,1.0,0.980769230769,0.095030117256,2,0,0,51,0,51,-0.980769230769,-0.980769230769,0,884,306,6,-1184,1196,-0.989966555184,74,51,-23,-0.306666666667,52,1.0,21,6,1,52,17,6,52,1.0,0.862099726159,12,9,9,1.0,1.0,0.980769230769,0.095030117256,2,0,0,51,0,51,-0.980769230769,-0.980769230769,0,884,306,6,-1184,1196,-0.989966555184,74,51,-23,-0.306666666667,52,1.0,21,6,1,52,17,6,52,1.0,0.862099726159,12,9,9,1.0,1.0,0.980769230769,0.095030117256,2,0,0,51,0,51,-0.980769230769,-0.980769230769,0,884,306,6,-1184,1196,-0.989966555184,74,51,-23,-0.306666666667,52,1.0
MOT17-09-FRCNN,4,23,487,v_to_u,23,4,1,488,38,269,269,23,4,1,219,487,1,525,269,525,269,487,1,38,38,38,1.0,2.853220012948,0.27964612361,0.0,0.46615917678,0.374071489252,-1.0,-1.0,309,1,"{""4"": 38}",38,30,30,1,30,30,30,30,1.0,0.883048694095,1,14,14,1.0,1.0,1.0,-0.0,1,0,0,30,0,30,-1.0,-1.0,0,900,900,0,-1800,1800,-1.0,90,60,-30,-0.333333333333,30,1.0,60,60,1,38,56,60,38,1.0,0.882949469673,1,14,14,0.571428571429,0.766666666667,1.0,-0.0,1,0,0,38,0,38,-1.0,-1.0,0,2128,1748,532,-3344,4408,-0.758620689655,116,78,-38,-0.246753246753,38,1.0,120,120,1,38,116,120,38,1.0,0.882949469673,12,29,14,0.724137931034,0.616666666667,1.0,-0.0,1,0,0,0,0,0,0.0,0.0,0,4408,1748,2812,-3344,8968,-0.372881355932,168,158,-10,-0.036496350365,38,1.0,269,300,1,38,265,299,38,1.0,0.882949469673,12,29,14,0.879245283019,0.408026755853,1.0,-0.0,1,0,0,0,0,0,0.0,0.0,0,10070,1748,9614,-2204,21432,-0.102836879433,355,355,0,0.0,38,1.0,269,487,1,38,265,486,38,1.0,0.882949469673,12,1,14,0.879245283019,0.448559670782,1.0,-0.0,1,0,0,0,0,0,0.0,0.0,0,10070,1748,16720,4902,28538,0.171770972037,451,451,0,0.0,38,1.0
MOT17-09-FRCNN,20,23,487,v_to_u,23,20,1,488,38,269,269,23,20,1,219,487,198,525,269,328,269,290,1,38,38,38,1.0,0.583855299684,0.090335244413,0.015547223168,0.287386869498,0.168766780436,-1.0,-1.0,310,1,"{""20"": 38}",38,30,30,1,30,30,30,30,1.0,0.908975341916,1,11,11,1.0,1.0,1.0,-0.0,1,0,0,30,0,30,-1.0,-1.0,0,900,900,0,-1800,1800,-1.0,90,60,-30,-0.333333333333,30,1.0,60,60,1,38,56,60,38,1.0,0.907822920834,1,11,11,0.571428571429,1.0,1.0,-0.0,1,0,0,38,0,38,-1.0,-1.0,0,2128,2280,0,-4408,4408,-1.0,130,92,-38,-0.246753246753,38,1.0,120,120,1,38,116,120,38,1.0,0.907822920834,12,11,11,0.724137931034,1.0,1.0,-0.0,1,0,0,38,0,38,-1.0,-1.0,0,4408,4560,0,-8968,8968,-1.0,242,204,-38,-0.138686131387,38,1.0,269,290,1,38,265,290,38,1.0,0.907822920834,12,11,11,0.879245283019,0.98275862069,1.0,-0.0,1,0,0,38,0,38,-1.0,-1.0,0,10070,10830,190,-20710,21090,-0.981981981982,556,518,-38,-0.064080944351,38,1.0,269,290,1,38,265,290,38,1.0,0.907822920834,12,11,11,0.879245283019,0.98275862069,1.0,-0.0,1,0,0,38,0,38,-1.0,-1.0,0,10070,10830,190,-20710,21090,-0.981981981982,556,518,-38,-0.064080944351,38,1.0
MOT17-09-FRCNN,23,31,487,u_to_v,23,31,1,488,38,143,143,23,31,1,219,487,345,525,269,181,269,143,1,38,38,38,1.0,2.134055361585,0.261051940212,0.0,0.595887048887,0.391823893441,-1.0,-1.0,311,1,"{""31"": 38}",38,30,30,1,30,30,30,30,1.0,0.789939072705,1,15,15,1.0,1.0,1.0,-0.0,1,0,0,30,0,30,-1.0,-1.0,0,900,900,0,-1800,1800,-1.0,90,60,-30,-0.333333333333,30,1.0,60,60,1,38,56,48,38,1.0,0.816517901098,1,15,15,0.571428571429,0.854166666667,0.973684210526,0.121692402678,2,0,0,37,0,37,-0.973684210526,-0.973684210526,0,2128,1517,307,-3338,3952,-0.84463562753,110,73,-37,-0.260563380282,38,1.0,120,120,1,38,116,108,38,1.0,0.816517901098,12,10,15,0.724137931034,0.564814814815,0.973684210526,0.121692402678,2,0,0,0,0,0,0.0,0.0,0,4408,1517,2587,-3338,8512,-0.392152255639,162,145,-17,-0.064885496183,38,1.0,269,143,1,38,265,131,38,1.0,0.816517901098,12,10,15,0.879245283019,0.641221374046,0.973684210526,0.121692402678,2,0,0,0,0,0,0.0,0.0,0,10070,1517,3461,-8126,15048,-0.540005316321,317,317,0,0.0,38,1.0,269,143,1,38,265,131,38,1.0,0.816517901098,12,10,15,0.879245283019,0.641221374046,0.973684210526,0.121692402678,2,0,0,0,0,0,0.0,0.0,0,10070,1517,3461,-8126,15048,-0.540005316321,317,317,0,0.0,38,1.0
MOT17-09-FRCNN,23,34,487,u_to_v,23,34,1,488,38,123,123,23,34,1,219,487,365,525,269,161,269,123,1,38,38,38,1.0,3.034918228639,0.363363769235,0.0,0.65752262461,0.575463622645,-1.0,-1.0,312,1,"{""34"": 38}",38,30,30,1,30,30,30,30,1.0,0.816776269451,1,6,6,1.0,1.0,1.0,-0.0,1,0,0,30,0,30,-1.0,-1.0,0,900,900,0,-1800,1800,-1.0,90,60,-30,-0.333333333333,30,1.0,60,60,1,38,56,60,38,1.0,0.821271823978,1,6,6,0.571428571429,1.0,1.0,-0.0,1,0,0,38,0,38,-1.0,-1.0,0,2128,2280,0,-4408,4408,-1.0,130,92,-38,-0.246753246753,38,1.0,120,120,1,38,116,120,38,1.0,0.821271823978,12,6,6,0.724137931034,0.991666666667,1.0,-0.0,1,0,0,38,0,38,-1.0,-1.0,0,4408,4522,38,-8892,8968,-0.991525423729,241,203,-38,-0.138686131387,38,1.0,269,123,1,38,265,123,38,1.0,0.821271823978,12,6,6,0.879245283019,0.991869918699,1.0,-0.0,1,0,0,38,0,38,-1.0,-1.0,0,10070,4636,38,-14668,14744,-0.994845360825,393,355,-38,-0.089201877934,38,1.0,269,123,1,38,265,123,38,1.0,0.821271823978,12,6,6,0.879245283019,0.991869918699,1.0,-0.0,1,0,0,38,0,38,-1.0,-1.0,0,10070,4636,38,-14668,14744,-0.994845360825,393,355,-38,-0.089201877934,38,1.0
MOT17-09-FRCNN,23,36,487,u_to_v,23,36,1,488,38,107,107,23,36,1,219,487,381,525,269,145,269,107,1,38,38,38,1.0,2.800039614107,0.174583807889,0.0,0.237843543119,0.141951869343,-1.0,-1.0,313,1,"{""36"": 38}",38,30,30,1,30,30,30,30,1.0,0.88580239679,1,3,3,1.0,1.0,1.0,-0.0,1,0,0,30,0,30,-1.0,-1.0,0,900,900,0,-1800,1800,-1.0,90,60,-30,-0.333333333333,30,1.0,60,60,1,38,56,60,38,1.0,0.88702061814,1,3,3,0.571428571429,1.0,1.0,-0.0,1,0,0,38,0,38,-1.0,-1.0,0,2128,2280,0,-4408,4408,-1.0,130,92,-38,-0.246753246753,38,1.0,120,107,1,38,116,107,38,1.0,0.88702061814,12,3,3,0.724137931034,1.0,1.0,-0.0,1,0,0,38,0,38,-1.0,-1.0,0,4408,4066,0,-8474,8474,-1.0,229,191,-38,-0.145593869732,38,1.0,269,107,1,38,265,107,38,1.0,0.88702061814,12,3,3,0.879245283019,1.0,1.0,-0.0,1,0,0,38,0,38,-1.0,-1.0,0,10070,4066,0,-14136,14136,-1.0,378,340,-38,-0.092682926829,38,1.0,269,107,1,38,265,107,38,1.0,0.88702061814,12,3,3,0.879245283019,1.0,1.0,-0.0,1,0,0,38,0,38,-1.0,-1.0,0,10070,4066,0,-14136,14136,-1.0,378,340,-38,-0.092682926829,38,1.0
MOT17-09-FRCNN,23,37,487,u_to_v,23,37,1,488,23,69,69,23,37,1,219,487,419,510,269,92,269,69,1,23,23,23,1.0,0.128977690788,0.104454980845,0.620697140054,0.240896980606,0.122980503438,-1.0,-1.0,314,1,"{""37"": 23}",23,30,30,1,23,30,29,22,0.95652173913,0.894892035937,1,13,13,1.0,1.0,1.0,-0.0,1,0,0,22,0,22,-1.0,-1.0,0,660,638,0,-1298,1298,-1.0,81,59,-22,-0.271604938272,23,1.0,60,60,1,23,56,58,22,0.95652173913,0.894892035937,1,13,13,0.571428571429,0.51724137931,1.0,-0.0,1,0,0,22,0,22,-1.0,-1.0,0,1232,660,616,-1276,2508,-0.508771929825,84,62,-22,-0.161764705882,23,1.0,120,69,1,23,116,67,22,0.95652173913,0.894892035937,12,1,13,0.724137931034,0.55223880597,1.0,-0.0,1,0,0,0,0,0,0.0,0.0,0,2552,660,814,-2398,4026,-0.595628415301,136,121,-15,-0.073170731707,23,1.0,269,69,1,23,265,67,22,0.95652173913,0.894892035937,12,1,13,0.879245283019,0.55223880597,1.0,-0.0,1,0,0,0,0,0,0.0,0.0,0,5830,660,814,-5676,7304,-0.777108433735,285,270,-15,-0.042372881356,23,1.0,269,69,1,23,265,67,22,0.95652173913,0.894892035937,12,1,13,0.879245283019,0.55223880597,1.0,-0.0,1,0,0,0,0,0,0.0,0.0,0,5830,660,814,-5676,7304,-0.777108433735,285,270,-15,-0.042372881356,23,1.0
MOT17-09-FRCNN,23,38,487,u_to_v,23,38,1,488,14,63,63,23,38,1,219,487,425,501,269,77,269,63,1,14,14,14,1.0,4.115028691168,0.1790378497,0.0,0.327201143988,0.059155546584,-1.0,-1.0,315,1,"{""38"": 14}",14,30,30,1,14,30,30,14,1.0,0.774667988709,1,17,17,1.0,1.0,1.0,-0.0,1,0,0,14,0,14,-1.0,-1.0,0,420,420,0,-840,840,-1.0,74,60,-14,-0.189189189189,14,1.0,60,60,1,14,56,60,14,1.0,0.774667988709,1,17,17,0.571428571429,1.0,1.0,-0.0,1,0,0,14,0,14,-1.0,-1.0,0,784,840,0,-1624,1624,-1.0,106,92,-14,-0.107692307692,14,1.0,120,63,1,14,116,63,14,1.0,0.774667988709,12,17,17,0.724137931034,1.0,1.0,-0.0,1,0,0,14,0,14,-1.0,-1.0,0,1624,882,0,-2506,2506,-1.0,161,147,-14,-0.072538860104,14,1.0,269,63,1,14,265,63,14,1.0,0.774667988709,12,17,17,0.879245283019,1.0,1.0,-0.0,1,0,0,14,0,14,-1.0,-1.0,0,3710,882,0,-4592,4592,-1.0,310,296,-14,-0.040935672515,14,1.0,269,63,1,14,265,63,14,1.0,0.774667988709,12,17,17,0.879245283019,1.0,1.0,-0.0,1,0,0,14,0,14,-1.0,-1.0,0,3710,882,0,-4592,4592,-1.0,310,296,-14,-0.040935672515,14,1.0
MOT17-09-FRCNN,23,39,487,u_to_v,23,39,1,488,38,47,47,23,39,1,219,487,441,525,269,85,269,47,1,38,38,38,1.0,7.323018417785,0.747137661741,0.0,1.210663141776,1.112780109543,-1.0,-1.0,316,1,"{""39"": 38}",38,30,30,1,30,30,30,30,1.0,0.922741302051,1,4,4,1.0,1.0,1.0,-0.0,1,0,0,30,0,30,-1.0,-1.0,0,900,900,0,-1800,1800,-1.0,90,60,-30,-0.333333333333,30,1.0,60,47,1,38,56,47,38,1.0,0.906717126416,1,4,4,0.571428571429,1.0,1.0,-0.0,1,0,0,38,0,38,-1.0,-1.0,0,2128,1786,0,-3914,3914,-1.0,117,79,-38,-0.269503546099,38,1.0,120,47,1,38,116,47,38,1.0,0.906717126416,12,4,4,0.724137931034,1.0,1.0,-0.0,1,0,0,38,0,38,-1.0,-1.0,0,4408,1786,0,-6194,6194,-1.0,169,131,-38,-0.189054726368,38,1.0,269,47,1,38,265,47,38,1.0,0.906717126416,12,4,4,0.879245283019,1.0,1.0,-0.0,1,0,0,38,0,38,-1.0,-1.0,0,10070,1786,0,-11856,11856,-1.0,318,280,-38,-0.108571428571,38,1.0,269,47,1,38,265,47,38,1.0,0.906717126416,12,4,4,0.879245283019,1.0,1.0,-0.0,1,0,0,38,0,38,-1.0,-1.0,0,10070,1786,0,-11856,11856,-1.0,318,280,-38,-0.108571428571,38,1.0
MOT17-09-FRCNN,23,41,487,u_to_v,23,41,1,488,38,20,20,23,41,1,219,487,468,525,269,58,269,20,1,38,38,38,1.0,5.706726225102,0.165094528766,0.0,0.335676797099,0.07357184009,-1.0,-1.0,317,1,"{""41"": 38}",38,30,20,1,30,30,20,30,1.0,0.871101347451,1,9,9,1.0,1.0,1.0,-0.0,1,0,0,30,0,30,-1.0,-1.0,0,900,600,0,-1500,1500,-1.0,80,50,-30,-0.375,30,1.0,60,20,1,38,56,20,38,1.0,0.847546844726,1,9,9,0.571428571429,1.0,0.973684210526,0.121692402678,2,0,0,37,0,37,-0.973684210526,-0.973684210526,0,2128,740,20,-2848,2888,-0.986149584488,89,52,-37,-0.324561403509,38,1.0,120,20,1,38,116,20,38,1.0,0.847546844726,12,9,9,0.724137931034,1.0,0.973684210526,0.121692402678,2,0,0,37,0,37,-0.973684210526,-0.973684210526,0,4408,740,20,-5128,5168,-0.99226006192,141,104,-37,-0.212643678161,38,1.0,269,20,1,38,265,20,38,1.0,0.847546844726,12,9,9,0.879245283019,1.0,0.973684210526,0.121692402678,2,0,0,37,0,37,-0.973684210526,-0.973684210526,0,10070,740,20,-10790,10830,-0.996306555863,290,253,-37,-0.114551083591,38,1.0,269,20,1,38,265,20,38,1.0,0.847546844726,12,9,9,0.879245283019,1.0,0.973684210526,0.121692402678,2,0,0,37,0,37,-0.973684210526,-0.973684210526,0,10070,740,20,-10790,10830,-0.996306555863,290,253,-37,-0.114551083591,38,1.0
MOT17-09-FRCNN,23,42,487,u_to_v,23,42,1,488,38,5,5,23,42,1,219,487,483,525,269,43,269,5,1,38,38,38,1.0,7.909912816435,1.045787608053,0.0,1.790775120295,1.478299360278,-1.0,-1.0,318,1,"{""42"": 38}",38,30,5,1,30,30,5,30,1.0,0.893806872877,1,5,5,1.0,1.0,1.0,-0.0,1,0,0,30,0,30,-1.0,-1.0,0,900,150,0,-1050,1050,-1.0,65,35,-30,-0.461538461538,30,1.0,60,5,1,38,56,5,38,1.0,0.879971192775,1,5,5,0.571428571429,1.0,1.0,-0.0,1,0,0,38,0,38,-1.0,-1.0,0,2128,190,0,-2318,2318,-1.0,75,38,-37,-0.373737373737,38,1.0,120,5,1,38,116,5,38,1.0,0.879971192775,12,5,5,0.724137931034,1.0,1.0,-0.0,1,0,0,38,0,38,-1.0,-1.0,0,4408,190,0,-4598,4598,-1.0,127,89,-38,-0.238993710692,38,1.0,269,5,1,38,265,5,38,1.0,0.879971192775,12,5,5,0.879245283019,1.0,1.0,-0.0,1,0,0,38,0,38,-1.0,-1.0,0,10070,190,0,-10260,10260,-1.0,276,238,-38,-0.123376623377,38,1.0,269,5,1,38,265,5,38,1.0,0.879971192775,12,5,5,0.879245283019,1.0,1.0,-0.0,1,0,0,38,0,38,-1.0,-1.0,0,10070,190,0,-10260,10260,-1.0,276,238,-38,-0.123376623377,38,1.0
MOT17-09-FRCNN,4,38,501,v_to_u,38,4,1,502,24,77,77,38,4,1,425,501,1,525,77,525,77,501,1,24,24,24,1.0,0.484173493094,0.027217589598,0.11791529265,0.009639684679,0.012073583029,-1.0,-1.0,319,1,"{""4"": 24}",24,30,30,1,24,30,30,24,1.0,0.897806268529,17,14,14,1.0,1.0,1.0,-0.0,1,0,0,24,0,24,-1.0,-1.0,0,720,720,0,-1440,1440,-1.0,84,60,-24,-0.285714285714,24,1.0,60,60,1,24,60,60,24,1.0,0.897806268529,17,14,14,1.0,0.983333333333,1.0,-0.0,1,0,0,24,0,24,-1.0,-1.0,0,1440,1416,24,-2832,2880,-0.983333333333,143,119,-24,-0.166666666667,24,1.0,77,120,1,24,77,120,24,1.0,0.897806268529,17,14,14,1.0,0.5,1.0,-0.0,1,0,0,24,0,24,-1.0,-1.0,0,1848,1440,1440,-1848,4728,-0.390862944162,161,137,-24,-0.108597285068,24,1.0,77,300,1,24,77,299,24,1.0,0.897806268529,17,29,14,1.0,0.408026755853,1.0,-0.0,1,0,0,0,0,0,0.0,0.0,0,1848,1440,5736,2448,9024,0.271276595745,199,199,0,0.0,24,1.0,77,501,1,24,77,500,24,1.0,0.897806268529,17,1,14,1.0,0.436,1.0,-0.0,1,0,0,0,0,0,0.0,0.0,0,1848,1440,10560,7272,13848,0.525129982669,295,295,0,0.0,24,1.0
MOT17-09-FRCNN,20,38,501,v_to_u,38,20,1,502,24,77,77,38,20,1,425,501,198,525,77,328,77,304,1,24,24,24,1.0,2.567252212303,0.168514813347,0.0,0.223143551314,0.184534495124,-1.0,-1.0,320,1,"{""20"": 24}",24,30,30,1,24,30,30,24,1.0,0.908745763991,17,11,11,1.0,1.0,1.0,-0.0,1,0,0,24,0,24,-1.0,-1.0,0,720,720,0,-1440,1440,-1.0,84,60,-24,-0.285714285714,24,1.0,60,60,1,24,60,60,24,1.0,0.908745763991,17,11,11,1.0,1.0,1.0,-0.0,1,0,0,24,0,24,-1.0,-1.0,0,1440,1440,0,-2880,2880,-1.0,144,120,-24,-0.166666666667,24,1.0,77,120,1,24,77,120,24,1.0,0.908745763991,17,11,11,1.0,1.0,1.0,-0.0,1,0,0,24,0,24,-1.0,-1.0,0,1848,2880,0,-4728,4728,-1.0,221,197,-24,-0.108597285068,24,1.0,77,300,1,24,77,300,24,1.0,0.908745763991,17,11,11,1.0,0.983333333333,1.0,-0.0,1,0,0,24,0,24,-1.0,-1.0,0,1848,7080,120,-8808,9048,-0.973474801061,396,372,-24,-0.059850374065,24,1.0,77,304,1,24,77,304,24,1.0,0.908745763991,17,11,11,1.0,0.983552631579,1.0,-0.0,1,0,0,24,0,24,-1.0,-1.0,0,1848,7176,120,-8904,9144,-0.97375328084,400,376,-24,-0.059259259259,24,1.0
MOT17-09-FRCNN,31,38,501,v_to_u,38,31,1,502,24,77,77,38,31,1,425,501,345,525,77,181,77,157,1,24,24,24,1.0,0.079120731566,0.013008378238,0.758510270386,0.010623094257,0.019713551752,-1.0,-1.0,321,1,"{""31"": 24}",24,30,30,1,24,30,30,24,1.0,0.81138693698,17,15,15,1.0,1.0,0.958333333333,0.173205206749,2,0,0,23,0,23,-0.958333333333,-0.958333333333,0,720,690,30,-1380,1440,-0.958333333333,83,60,-23,-0.27380952381,24,1.0,60,60,1,24,60,59,24,1.0,0.81138693698,17,15,15,1.0,0.932203389831,0.958333333333,0.173205206749,2,0,0,23,0,23,-0.958333333333,-0.958333333333,0,1440,1265,151,-2554,2856,-0.894257703081,138,115,-23,-0.160839160839,24,1.0,77,120,1,24,77,108,24,1.0,0.81138693698,17,15,15,1.0,0.509259259259,0.958333333333,0.173205206749,2,0,0,23,0,23,-0.958333333333,-0.958333333333,0,1848,1265,1327,-1786,4440,-0.402252252252,155,132,-23,-0.11004784689,24,1.0,77,157,1,24,77,145,24,1.0,0.81138693698,17,10,15,1.0,0.579310344828,0.958333333333,0.173205206749,2,0,0,0,0,0,0.0,0.0,0,1848,1265,2215,-898,5328,-0.168543543544,161,161,0,0.0,24,1.0,77,157,1,24,77,145,24,1.0,0.81138693698,17,10,15,1.0,0.579310344828,0.958333333333,0.173205206749,2,0,0,0,0,0,0.0,0.0,0,1848,1265,2215,-898,5328,-0.168543543544,161,161,0,0.0,24,1.0
MOT17-09-FRCNN,34,38,501,v_to_u,38,34,1,502,24,77,77,38,34,1,425,501,365,525,77,161,77,137,1,24,24,24,1.0,0.250304455376,0.09959645106,0.355341096331,0.195081482014,0.21046035729,-1.0,-1.0,322,1,"{""34"": 24}",24,30,30,1,24,30,30,24,1.0,0.796373761628,17,6,6,1.0,1.0,1.0,-0.0,1,0,0,24,0,24,-1.0,-1.0,0,720,720,0,-1440,1440,-1.0,84,60,-24,-0.285714285714,24,1.0,60,60,1,24,60,60,24,1.0,0.796373761628,17,6,6,1.0,1.0,1.0,-0.0,1,0,0,24,0,24,-1.0,-1.0,0,1440,1440,0,-2880,2880,-1.0,144,120,-24,-0.166666666667,24,1.0,77,120,1,24,77,120,24,1.0,0.796373761628,17,6,6,1.0,0.991666666667,1.0,-0.0,1,0,0,24,0,24,-1.0,-1.0,0,1848,2856,24,-4680,4728,-0.989847715736,220,196,-24,-0.108597285068,24,1.0,77,137,1,24,77,137,24,1.0,0.796373761628,17,6,6,1.0,0.992700729927,1.0,-0.0,1,0,0,24,0,24,-1.0,-1.0,0,1848,3264,24,-5088,5136,-0.990654205607,237,213,-24,-0.100840336134,24,1.0,77,137,1,24,77,137,24,1.0,0.796373761628,17,6,6,1.0,0.992700729927,1.0,-0.0,1,0,0,24,0,24,-1.0,-1.0,0,1848,3264,24,-5088,5136,-0.990654205607,237,213,-24,-0.100840336134,24,1.0
MOT17-09-FRCNN,36,38,501,v_to_u,38,36,1,502,24,77,77,38,36,1,425,501,381,525,77,145,77,121,1,24,24,24,1.0,0.93276016992,0.102234531176,0.0,0.198142249109,0.20990063078,-1.0,-1.0,323,1,"{""36"": 24}",24,30,30,1,24,30,30,24,1.0,0.897709277962,17,3,3,1.0,1.0,1.0,-0.0,1,0,0,24,0,24,-1.0,-1.0,0,720,720,0,-1440,1440,-1.0,84,60,-24,-0.285714285714,24,1.0,60,60,1,24,60,60,24,1.0,0.897709277962,17,3,3,1.0,1.0,1.0,-0.0,1,0,0,24,0,24,-1.0,-1.0,0,1440,1440,0,-2880,2880,-1.0,144,120,-24,-0.166666666667,24,1.0,77,120,1,24,77,120,24,1.0,0.897709277962,17,3,3,1.0,1.0,1.0,-0.0,1,0,0,24,0,24,-1.0,-1.0,0,1848,2880,0,-4728,4728,-1.0,221,197,-24,-0.108597285068,24,1.0,77,121,1,24,77,121,24,1.0,0.897709277962,17,3,3,1.0,1.0,1.0,-0.0,1,0,0,24,0,24,-1.0,-1.0,0,1848,2904,0,-4752,4752,-1.0,222,198,-24,-0.108108108108,24,1.0,77,121,1,24,77,121,24,1.0,0.897709277962,17,3,3,1.0,1.0,1.0,-0.0,1,0,0,24,0,24,-1.0,-1.0,0,1848,2904,0,-4752,4752,-1.0,222,198,-24,-0.108108108108,24,1.0
MOT17-09-FRCNN,37,38,501,v_to_u,38,37,1,502,9,77,77,38,37,1,425,501,419,510,77,92,77,83,1,9,9,9,1.0,3.010747783735,0.164141769057,0.0,0.266301559662,0.221412948056,-1.0,-1.0,324,1,"{""37"": 9}",9,30,30,1,9,30,30,8,0.888888888889,0.870462458502,17,13,13,1.0,1.0,1.0,-0.0,1,0,0,8,0,8,-1.0,-1.0,0,240,240,0,-480,480,-1.0,68,60,-8,-0.117647058824,9,1.0,60,60,1,9,60,58,8,0.888888888889,0.870462458502,17,13,13,1.0,0.758620689655,1.0,-0.0,1,0,0,8,0,8,-1.0,-1.0,0,480,352,112,-720,944,-0.762711864407,112,104,-8,-0.063492063492,9,1.0,77,83,1,9,77,81,8,0.888888888889,0.870462458502,17,13,13,1.0,0.543209876543,1.0,-0.0,1,0,0,8,0,8,-1.0,-1.0,0,616,352,296,-672,1264,-0.53164556962,129,121,-8,-0.048192771084,9,1.0,77,83,1,9,77,81,8,0.888888888889,0.870462458502,17,13,13,1.0,0.543209876543,1.0,-0.0,1,0,0,8,0,8,-1.0,-1.0,0,616,352,296,-672,1264,-0.53164556962,129,121,-8,-0.048192771084,9,1.0,77,83,1,9,77,81,8,0.888888888889,0.870462458502,17,13,13,1.0,0.543209876543,1.0,-0.0,1,0,0,8,0,8,-1.0,-1.0,0,616,352,296,-672,1264,-0.53164556962,129,121,-8,-0.048192771084,9,1.0
MOT17-09-FRCNN,38,39,501,u_to_v,38,39,1,502,24,61,61,38,39,1,425,501,441,525,77,85,77,61,1,24,24,24,1.0,3.947567475914,0.48067124975,0.0,0.693312274251,0.726584668785,-1.0,-1.0,325,1,"{""39"": 24}",24,30,30,1,24,30,30,24,1.0,0.88188161538,17,4,4,1.0,1.0,1.0,-0.0,1,0,0,24,0,24,-1.0,-1.0,0,720,720,0,-1440,1440,-1.0,84,60,-24,-0.285714285714,24,1.0,60,60,1,24,60,60,24,1.0,0.88188161538,17,4,4,1.0,1.0,1.0,-0.0,1,0,0,24,0,24,-1.0,-1.0,0,1440,1440,0,-2880,2880,-1.0,144,120,-24,-0.166666666667,24,1.0,77,61,1,24,77,61,24,1.0,0.88188161538,17,4,4,1.0,1.0,1.0,-0.0,1,0,0,24,0,24,-1.0,-1.0,0,1848,1464,0,-3312,3312,-1.0,162,138,-24,-0.148148148148,24,1.0,77,61,1,24,77,61,24,1.0,0.88188161538,17,4,4,1.0,1.0,1.0,-0.0,1,0,0,24,0,24,-1.0,-1.0,0,1848,1464,0,-3312,3312,-1.0,162,138,-24,-0.148148148148,24,1.0,77,61,1,24,77,61,24,1.0,0.88188161538,17,4,4,1.0,1.0,1.0,-0.0,1,0,0,24,0,24,-1.0,-1.0,0,1848,1464,0,-3312,3312,-1.0,162,138,-24,-0.148148148148,24,1.0
MOT17-09-FRCNN,38,41,501,u_to_v,38,41,1,502,24,34,34,38,41,1,425,501,468,525,77,58,77,34,1,24,24,24,1.0,1.29015310043,0.097788900646,0.0,0.061746604884,0.235300620735,-1.0,-1.0,326,1,"{""41"": 24}",24,30,30,1,24,30,30,24,1.0,0.827754425325,17,9,9,1.0,1.0,0.958333333333,0.173205206749,2,0,0,23,0,23,-0.958333333333,-0.958333333333,0,720,690,30,-1380,1440,-0.958333333333,83,60,-23,-0.27380952381,24,1.0,60,34,1,24,60,34,24,1.0,0.827754425325,17,9,9,1.0,1.0,0.958333333333,0.173205206749,2,0,0,23,0,23,-0.958333333333,-0.958333333333,0,1440,782,34,-2188,2256,-0.969858156028,117,94,-23,-0.194915254237,24,1.0,77,34,1,24,77,34,24,1.0,0.827754425325,17,9,9,1.0,1.0,0.958333333333,0.173205206749,2,0,0,23,0,23,-0.958333333333,-0.958333333333,0,1848,782,34,-2596,2664,-0.974474474474,134,111,-23,-0.17037037037,24,1.0,77,34,1,24,77,34,24,1.0,0.827754425325,17,9,9,1.0,1.0,0.958333333333,0.173205206749,2,0,0,23,0,23,-0.958333333333,-0.958333333333,0,1848,782,34,-2596,2664,-0.974474474474,134,111,-23,-0.17037037037,24,1.0,77,34,1,24,77,34,24,1.0,0.827754425325,17,9,9,1.0,1.0,0.958333333333,0.173205206749,2,0,0,23,0,23,-0.958333333333,-0.958333333333,0,1848,782,34,-2596,2664,-0.974474474474,134,111,-23,-0.17037037037,24,1.0
MOT17-09-FRCNN,38,42,501,u_to_v,38,42,1,502,24,19,19,38,42,1,425,501,483,525,77,43,77,19,1,24,24,24,1.0,4.0693230605,0.701288153738,0.0,1.484801506532,1.065802303612,-1.0,-1.0,327,1,"{""42"": 24}",24,30,19,1,24,30,19,24,1.0,0.865976165803,17,5,5,1.0,1.0,1.0,-0.0,1,0,0,24,0,24,-1.0,-1.0,0,720,456,0,-1176,1176,-1.0,73,49,-24,-0.328767123288,24,1.0,60,19,1,24,60,19,24,1.0,0.865976165803,17,5,5,1.0,1.0,1.0,-0.0,1,0,0,24,0,24,-1.0,-1.0,0,1440,456,0,-1896,1896,-1.0,103,79,-24,-0.233009708738,24,1.0,77,19,1,24,77,19,24,1.0,0.865976165803,17,5,5,1.0,1.0,1.0,-0.0,1,0,0,24,0,24,-1.0,-1.0,0,1848,456,0,-2304,2304,-1.0,120,96,-24,-0.2,24,1.0,77,19,1,24,77,19,24,1.0,0.865976165803,17,5,5,1.0,1.0,1.0,-0.0,1,0,0,24,0,24,-1.0,-1.0,0,1848,456,0,-2304,2304,-1.0,120,96,-24,-0.2,24,1.0,77,19,1,24,77,19,24,1.0,0.865976165803,17,5,5,1.0,1.0,1.0,-0.0,1,0,0,24,0,24,-1.0,-1.0,0,1848,456,0,-2304,2304,-1.0,120,96,-24,-0.2,24,1.0
MOT17-09-FRCNN,4,43,504,v_to_u,43,4,1,505,21,1,1,43,4,1,504,504,1,525,1,525,1,504,1,21,21,21,1.0,0.833235599796,0.114683619545,0.0,0.259817271088,0.121149889012,-1.0,-1.0,328,1,"{""4"": 21}",21,1,30,1,21,1,30,21,1.0,0.90114804943,17,14,14,1.0,1.0,1.0,-0.0,1,0,0,21,0,21,-1.0,-1.0,0,21,630,0,-651,651,-1.0,52,31,-21,-0.403846153846,21,1.0,1,60,1,21,1,60,21,1.0,0.90114804943,17,14,14,1.0,1.0,1.0,-0.0,1,0,0,21,0,21,-1.0,-1.0,0,21,1260,0,-1281,1281,-1.0,82,61,-21,-0.256097560976,21,1.0,1,120,1,21,1,120,21,1.0,0.90114804943,17,14,14,1.0,0.525,1.0,-0.0,1,0,0,21,0,21,-1.0,-1.0,0,21,1323,1197,-147,2541,-0.057851239669,85,78,-7,-0.049295774648,21,1.0,1,300,1,21,1,299,21,1.0,0.90114804943,17,29,14,1.0,0.408026755853,1.0,-0.0,1,0,0,0,0,0,0.0,0.0,0,21,1323,4956,3612,6300,0.573333333333,123,143,20,0.06230529595,21,1.0,1,504,1,21,1,503,21,1.0,0.90114804943,17,1,14,1.0,0.433399602386,1.0,-0.0,1,0,0,0,0,0,0.0,0.0,0,21,1323,9240,7896,10584,0.746031746032,219,239,20,0.038095238095,21,1.0
MOT17-09-FRCNN,20,43,504,v_to_u,43,20,1,505,21,1,1,43,20,1,504,504,198,525,1,328,1,307,1,21,21,21,1.0,2.573886268564,0.096137049838,0.0,0.038702329019,0.029579552348,-1.0,-1.0,329,1,"{""20"": 21}",21,1,30,1,21,1,30,21,1.0,0.904192374837,17,11,11,1.0,1.0,1.0,-0.0,1,0,0,21,0,21,-1.0,-1.0,0,21,630,0,-651,651,-1.0,52,31,-21,-0.403846153846,21,1.0,1,60,1,21,1,60,21,1.0,0.904192374837,17,11,11,1.0,1.0,1.0,-0.0,1,0,0,21,0,21,-1.0,-1.0,0,21,1260,0,-1281,1281,-1.0,82,61,-21,-0.256097560976,21,1.0,1,120,1,21,1,120,21,1.0,0.904192374837,17,11,11,1.0,1.0,1.0,-0.0,1,0,0,21,0,21,-1.0,-1.0,0,21,2520,0,-2541,2541,-1.0,142,121,-21,-0.147887323944,21,1.0,1,300,1,21,1,300,21,1.0,0.904192374837,17,11,11,1.0,0.983333333333,1.0,-0.0,1,0,0,21,0,21,-1.0,-1.0,0,21,6195,105,-6111,6321,-0.966777408638,317,296,-21,-0.065217391304,21,1.0,1,307,1,21,1,307,21,1.0,0.904192374837,17,11,11,1.0,0.983713355049,1.0,-0.0,1,0,0,21,0,21,-1.0,-1.0,0,21,6342,105,-6258,6468,-0.967532467532,324,303,-21,-0.063829787234,21,1.0
MOT17-09-FRCNN,31,43,504,v_to_u,43,31,1,505,21,1,1,43,31,1,504,504,345,525,1,181,1,160,1,21,21,21,1.0,0.397279604286,0.100307407322,0.182757837833,0.156415686458,0.177864082754,-1.0,-1.0,330,1,"{""31"": 21}",21,1,30,1,21,1,30,21,1.0,0.835797106367,17,15,15,1.0,1.0,0.952380952381,0.191444081958,2,0,0,20,0,20,-0.952380952381,-0.952380952381,0,21,600,30,-591,651,-0.907834101382,51,31,-20,-0.384615384615,21,1.0,1,60,1,21,1,59,21,1.0,0.835797106367,17,15,15,1.0,0.983050847458,0.952380952381,0.191444081958,2,0,0,20,0,20,-0.952380952381,-0.952380952381,0,21,1160,79,-1102,1260,-0.874603174603,79,59,-20,-0.246913580247,21,1.0,1,120,1,21,1,108,21,1.0,0.835797106367,17,15,15,1.0,0.537037037037,0.952380952381,0.191444081958,2,0,0,20,0,20,-0.952380952381,-0.952380952381,0,21,1160,1108,-73,2289,-0.031891655745,79,64,-15,-0.115384615385,21,1.0,1,160,1,21,1,148,21,1.0,0.835797106367,17,10,15,1.0,0.567567567568,0.952380952381,0.191444081958,2,0,0,0,0,0,0.0,0.0,0,21,1160,1948,767,3129,0.245126238415,85,104,19,0.111764705882,21,1.0,1,160,1,21,1,148,21,1.0,0.835797106367,17,10,15,1.0,0.567567567568,0.952380952381,0.191444081958,2,0,0,0,0,0,0.0,0.0,0,21,1160,1948,767,3129,0.245126238415,85,104,19,0.111764705882,21,1.0
MOT17-09-FRCNN,34,43,504,v_to_u,43,34,1,505,21,1,1,43,34,1,504,504,365,525,1,161,1,140,1,21,21,21,1.0,0.189924834945,0.179250149652,0.389635172642,0.44835902878,0.344567000716,-1.0,-1.0,331,1,"{""34"": 21}",21,1,30,1,21,1,30,21,1.0,0.804908286734,17,6,6,1.0,1.0,1.0,-0.0,1,0,0,21,0,21,-1.0,-1.0,0,21,630,0,-651,651,-1.0,52,31,-21,-0.403846153846,21,1.0,1,60,1,21,1,60,21,1.0,0.804908286734,17,6,6,1.0,1.0,1.0,-0.0,1,0,0,21,0,21,-1.0,-1.0,0,21,1260,0,-1281,1281,-1.0,82,61,-21,-0.256097560976,21,1.0,1,120,1,21,1,120,21,1.0,0.804908286734,17,6,6,1.0,0.991666666667,1.0,-0.0,1,0,0,21,0,21,-1.0,-1.0,0,21,2499,21,-2499,2541,-0.98347107438,141,120,-21,-0.147887323944,21,1.0,1,140,1,21,1,140,21,1.0,0.804908286734,17,6,6,1.0,0.992857142857,1.0,-0.0,1,0,0,21,0,21,-1.0,-1.0,0,21,2919,21,-2919,2961,-0.985815602837,161,140,-21,-0.12962962963,21,1.0,1,140,1,21,1,140,21,1.0,0.804908286734,17,6,6,1.0,0.992857142857,1.0,-0.0,1,0,0,21,0,21,-1.0,-1.0,0,21,2919,21,-2919,2961,-0.985815602837,161,140,-21,-0.12962962963,21,1.0
MOT17-09-FRCNN,36,43,504,v_to_u,43,36,1,505,21,1,1,43,36,1,504,504,381,525,1,145,1,124,1,21,21,21,1.0,0.827215129347,0.020843589318,0.0,0.032661806437,0.056071834967,-1.0,-1.0,332,1,"{""36"": 21}",21,1,30,1,21,1,30,21,1.0,0.901274028488,17,3,3,1.0,1.0,1.0,-0.0,1,0,0,21,0,21,-1.0,-1.0,0,21,630,0,-651,651,-1.0,52,31,-21,-0.403846153846,21,1.0,1,60,1,21,1,60,21,1.0,0.901274028488,17,3,3,1.0,1.0,1.0,-0.0,1,0,0,21,0,21,-1.0,-1.0,0,21,1260,0,-1281,1281,-1.0,82,61,-21,-0.256097560976,21,1.0,1,120,1,21,1,120,21,1.0,0.901274028488,17,3,3,1.0,1.0,1.0,-0.0,1,0,0,21,0,21,-1.0,-1.0,0,21,2520,0,-2541,2541,-1.0,142,121,-21,-0.147887323944,21,1.0,1,124,1,21,1,124,21,1.0,0.901274028488,17,3,3,1.0,1.0,1.0,-0.0,1,0,0,21,0,21,-1.0,-1.0,0,21,2604,0,-2625,2625,-1.0,146,125,-21,-0.143835616438,21,1.0,1,124,1,21,1,124,21,1.0,0.901274028488,17,3,3,1.0,1.0,1.0,-0.0,1,0,0,21,0,21,-1.0,-1.0,0,21,2604,0,-2625,2625,-1.0,146,125,-21,-0.143835616438,21,1.0
MOT17-09-FRCNN,37,43,504,v_to_u,43,37,1,505,6,1,1,43,37,1,504,504,419,510,1,92,1,86,1,6,6,6,1.0,3.046832879163,0.08080791504,0.0,0.075248223132,0.06011203787,-1.0,-1.0,333,1,"{""37"": 6}",6,1,30,1,6,1,30,5,0.833333333333,0.848817309311,17,13,13,1.0,1.0,1.0,-0.0,1,0,0,5,0,5,-1.0,-1.0,0,5,150,0,-155,155,-1.0,36,31,-5,-0.138888888889,6,1.0,1,60,1,6,1,58,5,0.833333333333,0.848817309311,17,13,13,1.0,0.810344827586,1.0,-0.0,1,0,0,5,0,5,-1.0,-1.0,0,5,235,55,-185,295,-0.627118644068,53,48,-5,-0.078125,6,1.0,1,86,1,6,1,84,5,0.833333333333,0.848817309311,17,13,13,1.0,0.559523809524,1.0,-0.0,1,0,0,5,0,5,-1.0,-1.0,0,5,235,185,-55,425,-0.129411764706,53,48,-5,-0.055555555556,6,1.0,1,86,1,6,1,84,5,0.833333333333,0.848817309311,17,13,13,1.0,0.559523809524,1.0,-0.0,1,0,0,5,0,5,-1.0,-1.0,0,5,235,185,-55,425,-0.129411764706,53,48,-5,-0.055555555556,6,1.0,1,86,1,6,1,84,5,0.833333333333,0.848817309311,17,13,13,1.0,0.559523809524,1.0,-0.0,1,0,0,5,0,5,-1.0,-1.0,0,5,235,185,-55,425,-0.129411764706,53,48,-5,-0.055555555556,6,1.0
MOT17-09-FRCNN,39,43,504,v_to_u,43,39,1,505,21,1,1,43,39,1,504,504,441,525,1,85,1,64,1,21,21,21,1.0,4.387684431121,0.542522078542,0.0,0.862543859052,0.859779868277,-1.0,-1.0,334,1,"{""39"": 21}",21,1,30,1,21,1,30,21,1.0,0.87595409145,17,4,4,1.0,1.0,1.0,-0.0,1,0,0,21,0,21,-1.0,-1.0,0,21,630,0,-651,651,-1.0,52,31,-21,-0.403846153846,21,1.0,1,60,1,21,1,60,21,1.0,0.87595409145,17,4,4,1.0,1.0,1.0,-0.0,1,0,0,21,0,21,-1.0,-1.0,0,21,1260,0,-1281,1281,-1.0,82,61,-21,-0.256097560976,21,1.0,1,64,1,21,1,64,21,1.0,0.87595409145,17,4,4,1.0,1.0,1.0,-0.0,1,0,0,21,0,21,-1.0,-1.0,0,21,1344,0,-1365,1365,-1.0,86,65,-21,-0.244186046512,21,1.0,1,64,1,21,1,64,21,1.0,0.87595409145,17,4,4,1.0,1.0,1.0,-0.0,1,0,0,21,0,21,-1.0,-1.0,0,21,1344,0,-1365,1365,-1.0,86,65,-21,-0.244186046512,21,1.0,1,64,1,21,1,64,21,1.0,0.87595409145,17,4,4,1.0,1.0,1.0,-0.0,1,0,0,21,0,21,-1.0,-1.0,0,21,1344,0,-1365,1365,-1.0,86,65,-21,-0.244186046512,21,1.0
MOT17-09-FRCNN,41,43,504,v_to_u,43,41,1,505,21,1,1,43,41,1,504,504,468,525,1,58,1,37,1,21,21,21,1.0,1.542406300886,0.001804973444,0.0,0.184853621779,0.076542270559,-1.0,-1.0,335,1,"{""41"": 21}",21,1,30,1,21,1,30,21,1.0,0.822072898116,17,9,9,1.0,1.0,0.952380952381,0.191444081958,2,0,0,20,0,20,-0.952380952381,-0.952380952381,0,21,600,30,-591,651,-0.907834101382,51,31,-20,-0.384615384615,21,1.0,1,37,1,21,1,37,21,1.0,0.822072898116,17,9,9,1.0,1.0,0.952380952381,0.191444081958,2,0,0,20,0,20,-0.952380952381,-0.952380952381,0,21,740,37,-724,798,-0.907268170426,58,38,-20,-0.338983050847,21,1.0,1,37,1,21,1,37,21,1.0,0.822072898116,17,9,9,1.0,1.0,0.952380952381,0.191444081958,2,0,0,20,0,20,-0.952380952381,-0.952380952381,0,21,740,37,-724,798,-0.907268170426,58,38,-20,-0.338983050847,21,1.0,1,37,1,21,1,37,21,1.0,0.822072898116,17,9,9,1.0,1.0,0.952380952381,0.191444081958,2,0,0,20,0,20,-0.952380952381,-0.952380952381,0,21,740,37,-724,798,-0.907268170426,58,38,-20,-0.338983050847,21,1.0,1,37,1,21,1,37,21,1.0,0.822072898116,17,9,9,1.0,1.0,0.952380952381,0.191444081958,2,0,0,20,0,20,-0.952380952381,-0.952380952381,0,21,740,37,-724,798,-0.907268170426,58,38,-20,-0.338983050847,21,1.0
MOT17-09-FRCNN,42,43,504,v_to_u,43,42,1,505,21,1,1,43,42,1,504,504,483,525,1,43,1,22,1,21,21,21,1.0,4.777561969435,0.756635519064,0.0,1.222646565623,1.194786308492,-1.0,-1.0,336,1,"{""42"": 21}",21,1,22,1,21,1,22,21,1.0,0.865947656313,17,5,5,1.0,1.0,1.0,-0.0,1,0,0,21,0,21,-1.0,-1.0,0,21,462,0,-483,483,-1.0,44,23,-21,-0.477272727273,21,1.0,1,22,1,21,1,22,21,1.0,0.865947656313,17,5,5,1.0,1.0,1.0,-0.0,1,0,0,21,0,21,-1.0,-1.0,0,21,462,0,-483,483,-1.0,44,23,-21,-0.477272727273,21,1.0,1,22,1,21,1,22,21,1.0,0.865947656313,17,5,5,1.0,1.0,1.0,-0.0,1,0,0,21,0,21,-1.0,-1.0,0,21,462,0,-483,483,-1.0,44,23,-21,-0.477272727273,21,1.0,1,22,1,21,1,22,21,1.0,0.865947656313,17,5,5,1.0,1.0,1.0,-0.0,1,0,0,21,0,21,-1.0,-1.0,0,21,462,0,-483,483,-1.0,44,23,-21,-0.477272727273,21,1.0,1,22,1,21,1,22,21,1.0,0.865947656313,17,5,5,1.0,1.0,1.0,-0.0,1,0,0,21,0,21,-1.0,-1.0,0,21,462,0,-483,483,-1.0,44,23,-21,-0.477272727273,21,1.0
MOT17-09-FRCNN,4,37,510,v_to_u,37,4,1,511,15,92,92,37,4,1,419,510,1,525,92,525,92,510,1,15,15,15,1.0,4.159214192756,0.173067129517,0.0,0.129964581136,0.184814074112,-1.0,-1.0,337,1,"{""4"": 15}",15,30,30,1,15,29,30,15,1.0,0.88087446503,13,14,14,1.0,1.0,1.0,-0.0,1,0,0,15,0,15,-1.0,-1.0,0,435,450,0,-885,885,-1.0,74,59,-15,-0.202702702703,15,1.0,60,60,1,15,57,60,15,1.0,0.88087446503,13,14,14,0.912280701754,1.0,1.0,-0.0,1,0,0,15,0,15,-1.0,-1.0,0,855,900,0,-1755,1755,-1.0,127,112,-15,-0.113636363636,15,1.0,92,120,1,15,89,120,15,1.0,0.88087446503,13,14,14,0.584269662921,0.575,1.0,-0.0,1,0,0,15,0,15,-1.0,-1.0,0,1335,1035,765,-1605,3135,-0.511961722488,136,121,-15,-0.066964285714,15,1.0,92,300,1,15,89,299,15,1.0,0.88087446503,13,29,14,0.584269662921,0.408026755853,1.0,-0.0,1,0,0,0,0,0,0.0,0.0,0,1335,1035,3450,1080,5820,0.185567010309,174,174,0,0.0,15,1.0,92,510,1,15,89,509,15,1.0,0.88087446503,13,1,14,0.584269662921,0.428290766208,1.0,-0.0,1,0,0,0,0,0,0.0,0.0,0,1335,1035,6600,4230,8970,0.471571906355,270,270,0,0.0,15,1.0
MOT17-09-FRCNN,20,37,510,v_to_u,37,20,1,511,15,92,92,37,20,1,419,510,198,525,92,328,92,313,1,15,15,15,1.0,0.492915794249,0.023696507639,0.107012458238,0.049707284476,0.015065525096,-1.0,-1.0,338,1,"{""20"": 15}",15,30,30,1,15,29,30,15,1.0,0.905756872503,13,11,11,1.0,1.0,1.0,-0.0,1,0,0,15,0,15,-1.0,-1.0,0,435,450,0,-885,885,-1.0,74,59,-15,-0.202702702703,15,1.0,60,60,1,15,57,60,15,1.0,0.905756872503,13,11,11,0.912280701754,1.0,1.0,-0.0,1,0,0,15,0,15,-1.0,-1.0,0,855,900,0,-1755,1755,-1.0,127,112,-15,-0.113636363636,15,1.0,92,120,1,15,89,120,15,1.0,0.905756872503,13,11,11,0.584269662921,1.0,1.0,-0.0,1,0,0,15,0,15,-1.0,-1.0,0,1335,1800,0,-3135,3135,-1.0,187,172,-15,-0.066964285714,15,1.0,92,300,1,15,89,300,15,1.0,0.905756872503,13,11,11,0.584269662921,0.983333333333,1.0,-0.0,1,0,0,15,0,15,-1.0,-1.0,0,1335,4425,75,-5685,5835,-0.974293059126,362,347,-15,-0.037128712871,15,1.0,92,313,1,15,89,313,15,1.0,0.905756872503,13,11,11,0.584269662921,0.984025559105,1.0,-0.0,1,0,0,15,0,15,-1.0,-1.0,0,1335,4620,75,-5880,6030,-0.975124378109,375,360,-15,-0.035971223022,15,1.0
MOT17-09-FRCNN,31,37,510,v_to_u,37,31,1,511,15,92,92,37,31,1,419,510,345,525,92,181,92,166,1,15,15,15,1.0,3.37288695399,0.179572426926,0.0,0.411682360075,0.205263126036,-1.0,-1.0,339,1,"{""31"": 15}",15,30,30,1,15,29,30,15,1.0,0.90072562252,13,15,15,1.0,1.0,0.933333333333,0.244930026795,2,0,0,14,0,14,-0.933333333333,-0.933333333333,0,435,420,30,-825,885,-0.932203389831,73,59,-14,-0.189189189189,15,1.0,60,60,1,15,57,60,15,1.0,0.90072562252,13,15,15,0.912280701754,1.0,0.933333333333,0.244930026795,2,0,0,14,0,14,-0.933333333333,-0.933333333333,0,855,840,60,-1635,1755,-0.931623931624,126,112,-14,-0.106060606061,15,1.0,92,120,1,15,89,108,15,1.0,0.90072562252,13,15,15,0.584269662921,0.592592592593,0.933333333333,0.244930026795,2,0,0,14,0,14,-0.933333333333,-0.933333333333,0,1335,896,724,-1507,2955,-0.509983079526,130,116,-14,-0.066037735849,15,1.0,92,166,1,15,89,154,15,1.0,0.90072562252,13,10,15,0.584269662921,0.545454545455,0.933333333333,0.244930026795,2,0,0,0,0,0,0.0,0.0,0,1335,896,1414,-817,3645,-0.22414266118,136,136,0,0.0,15,1.0,92,166,1,15,89,154,15,1.0,0.90072562252,13,10,15,0.584269662921,0.545454545455,0.933333333333,0.244930026795,2,0,0,0,0,0,0.0,0.0,0,1335,896,1414,-817,3645,-0.22414266118,136,136,0,0.0,15,1.0
MOT17-09-FRCNN,34,37,510,v_to_u,37,34,1,511,15,92,92,37,34,1,419,510,365,525,92,161,92,146,1,15,15,15,1.0,2.309787407148,0.23174113127,0.0,0.357609999517,0.380350465547,-1.0,-1.0,340,1,"{""34"": 15}",15,30,30,1,15,29,30,15,1.0,0.831266432019,13,6,6,1.0,1.0,1.0,-0.0,1,0,0,15,0,15,-1.0,-1.0,0,435,450,0,-885,885,-1.0,74,59,-15,-0.202702702703,15,1.0,60,60,1,15,57,60,15,1.0,0.831266432019,13,6,6,0.912280701754,1.0,1.0,-0.0,1,0,0,15,0,15,-1.0,-1.0,0,855,900,0,-1755,1755,-1.0,127,112,-15,-0.113636363636,15,1.0,92,120,1,15,89,120,15,1.0,0.831266432019,13,6,6,0.584269662921,0.991666666667,1.0,-0.0,1,0,0,15,0,15,-1.0,-1.0,0,1335,1785,15,-3105,3135,-0.99043062201,186,171,-15,-0.066964285714,15,1.0,92,146,1,15,89,146,15,1.0,0.831266432019,13,6,6,0.584269662921,0.993150684932,1.0,-0.0,1,0,0,15,0,15,-1.0,-1.0,0,1335,2175,15,-3495,3525,-0.991489361702,212,197,-15,-0.06,15,1.0,92,146,1,15,89,146,15,1.0,0.831266432019,13,6,6,0.584269662921,0.993150684932,1.0,-0.0,1,0,0,15,0,15,-1.0,-1.0,0,1335,2175,15,-3495,3525,-0.991489361702,212,197,-15,-0.06,15,1.0
MOT17-09-FRCNN,36,37,510,v_to_u,37,36,1,511,15,92,92,37,36,1,419,510,381,525,92,145,92,130,1,15,15,15,1.0,2.220702712054,0.055235256408,0.0,0.004875000949,0.000823638469,-1.0,-1.0,341,1,"{""36"": 15}",15,30,30,1,15,29,30,15,1.0,0.900361440266,13,3,3,1.0,1.0,1.0,-0.0,1,0,0,15,0,15,-1.0,-1.0,0,435,450,0,-885,885,-1.0,74,59,-15,-0.202702702703,15,1.0,60,60,1,15,57,60,15,1.0,0.900361440266,13,3,3,0.912280701754,1.0,1.0,-0.0,1,0,0,15,0,15,-1.0,-1.0,0,855,900,0,-1755,1755,-1.0,127,112,-15,-0.113636363636,15,1.0,92,120,1,15,89,120,15,1.0,0.900361440266,13,3,3,0.584269662921,1.0,1.0,-0.0,1,0,0,15,0,15,-1.0,-1.0,0,1335,1800,0,-3135,3135,-1.0,187,172,-15,-0.066964285714,15,1.0,92,130,1,15,89,130,15,1.0,0.900361440266,13,3,3,0.584269662921,1.0,1.0,-0.0,1,0,0,15,0,15,-1.0,-1.0,0,1335,1950,0,-3285,3285,-1.0,197,182,-15,-0.064102564103,15,1.0,92,130,1,15,89,130,15,1.0,0.900361440266,13,3,3,0.584269662921,1.0,1.0,-0.0,1,0,0,15,0,15,-1.0,-1.0,0,1335,1950,0,-3285,3285,-1.0,197,182,-15,-0.064102564103,15,1.0
MOT17-09-FRCNN,37,39,510,u_to_v,37,39,1,511,15,70,70,37,39,1,419,510,441,525,92,85,92,70,1,15,15,15,1.0,6.107017815453,0.600382819334,0.0,1.036398160749,0.909288813377,-1.0,-1.0,342,1,"{""39"": 15}",15,30,30,1,15,29,30,15,1.0,0.847693530175,13,4,4,1.0,1.0,1.0,-0.0,1,0,0,15,0,15,-1.0,-1.0,0,435,450,0,-885,885,-1.0,74,59,-15,-0.202702702703,15,1.0,60,60,1,15,57,60,15,1.0,0.847693530175,13,4,4,0.912280701754,1.0,1.0,-0.0,1,0,0,15,0,15,-1.0,-1.0,0,855,900,0,-1755,1755,-1.0,127,112,-15,-0.113636363636,15,1.0,92,70,1,15,89,70,15,1.0,0.847693530175,13,4,4,0.584269662921,1.0,1.0,-0.0,1,0,0,15,0,15,-1.0,-1.0,0,1335,1050,0,-2385,2385,-1.0,137,122,-15,-0.086206896552,15,1.0,92,70,1,15,89,70,15,1.0,0.847693530175,13,4,4,0.584269662921,1.0,1.0,-0.0,1,0,0,15,0,15,-1.0,-1.0,0,1335,1050,0,-2385,2385,-1.0,137,122,-15,-0.086206896552,15,1.0,92,70,1,15,89,70,15,1.0,0.847693530175,13,4,4,0.584269662921,1.0,1.0,-0.0,1,0,0,15,0,15,-1.0,-1.0,0,1335,1050,0,-2385,2385,-1.0,137,122,-15,-0.086206896552,15,1.0
MOT17-09-FRCNN,37,41,510,u_to_v,37,41,1,511,15,43,43,37,41,1,419,510,468,525,92,58,92,43,1,15,15,15,1.0,4.62485920387,0.088675310893,0.0,0.025811990606,0.001953426828,-1.0,-1.0,343,1,"{""41"": 15}",15,30,30,1,15,29,30,15,1.0,0.781673779176,13,9,9,1.0,1.0,0.933333333333,0.244930026795,2,0,0,14,0,14,-0.933333333333,-0.933333333333,0,435,420,30,-825,885,-0.932203389831,73,59,-14,-0.189189189189,15,1.0,60,43,1,15,57,43,15,1.0,0.781673779176,13,9,9,0.912280701754,1.0,0.933333333333,0.244930026795,2,0,0,14,0,14,-0.933333333333,-0.933333333333,0,855,602,43,-1414,1500,-0.942666666667,109,95,-14,-0.121739130435,15,1.0,92,43,1,15,89,43,15,1.0,0.781673779176,13,9,9,0.584269662921,1.0,0.933333333333,0.244930026795,2,0,0,14,0,14,-0.933333333333,-0.933333333333,0,1335,602,43,-1894,1980,-0.956565656566,109,95,-14,-0.095238095238,15,1.0,92,43,1,15,89,43,15,1.0,0.781673779176,13,9,9,0.584269662921,1.0,0.933333333333,0.244930026795,2,0,0,14,0,14,-0.933333333333,-0.933333333333,0,1335,602,43,-1894,1980,-0.956565656566,109,95,-14,-0.095238095238,15,1.0,92,43,1,15,89,43,15,1.0,0.781673779176,13,9,9,0.584269662921,1.0,0.933333333333,0.244930026795,2,0,0,14,0,14,-0.933333333333,-0.933333333333,0,1335,602,43,-1894,1980,-0.956565656566,109,95,-14,-0.095238095238,15,1.0
MOT17-09-FRCNN,37,42,510,u_to_v,37,42,1,511,15,28,28,37,42,1,419,510,483,525,92,43,92,28,1,15,15,15,1.0,5.807484675302,0.823259845669,0.0,1.405790312182,1.222342712376,-1.0,-1.0,344,1,"{""42"": 15}",15,30,28,1,15,29,28,15,1.0,0.858668055744,13,5,5,1.0,1.0,1.0,-0.0,1,0,0,15,0,15,-1.0,-1.0,0,435,420,0,-855,855,-1.0,72,57,-15,-0.208333333333,15,1.0,60,28,1,15,57,28,15,1.0,0.858668055744,13,5,5,0.912280701754,1.0,1.0,-0.0,1,0,0,15,0,15,-1.0,-1.0,0,855,420,0,-1275,1275,-1.0,95,80,-15,-0.15,15,1.0,92,28,1,15,89,28,15,1.0,0.858668055744,13,5,5,0.584269662921,1.0,1.0,-0.0,1,0,0,15,0,15,-1.0,-1.0,0,1335,420,0,-1755,1755,-1.0,95,80,-15,-0.113636363636,15,1.0,92,28,1,15,89,28,15,1.0,0.858668055744,13,5,5,0.584269662921,1.0,1.0,-0.0,1,0,0,15,0,15,-1.0,-1.0,0,1335,420,0,-1755,1755,-1.0,95,80,-15,-0.113636363636,15,1.0,92,28,1,15,89,28,15,1.0,0.858668055744,13,5,5,0.584269662921,1.0,1.0,-0.0,1,0,0,15,0,15,-1.0,-1.0,0,1335,420,0,-1755,1755,-1.0,95,80,-15,-0.113636363636,15,1.0
MOT17-09-FRCNN,37,44,510,u_to_v,37,44,1,511,2,4,4,37,44,1,419,510,507,512,92,6,92,4,1,2,2,2,1.0,2.919411658092,0.10021632818,0.0,0.10110685726,0.001647955878,-1.0,-1.0,345,1,"{""44"": 2}",2,30,4,1,2,29,4,2,1.0,0.819705331201,13,17,17,1.0,1.0,1.0,-0.0,1,0,0,2,0,2,-1.0,-1.0,0,58,8,0,-66,66,-1.0,35,33,-2,-0.057142857143,2,1.0,60,4,1,2,57,4,2,1.0,0.819705331201,13,17,17,0.912280701754,1.0,1.0,-0.0,1,0,0,2,0,2,-1.0,-1.0,0,114,8,0,-122,122,-1.0,58,56,-2,-0.031746031746,2,1.0,92,4,1,2,89,4,2,1.0,0.819705331201,13,17,17,0.584269662921,1.0,1.0,-0.0,1,0,0,2,0,2,-1.0,-1.0,0,178,8,0,-186,186,-1.0,58,56,-2,-0.021052631579,2,1.0,92,4,1,2,89,4,2,1.0,0.819705331201,13,17,17,0.584269662921,1.0,1.0,-0.0,1,0,0,2,0,2,-1.0,-1.0,0,178,8,0,-186,186,-1.0,58,56,-2,-0.021052631579,2,1.0,92,4,1,2,89,4,2,1.0,0.819705331201,13,17,17,0.584269662921,1.0,1.0,-0.0,1,0,0,2,0,2,-1.0,-1.0,0,178,8,0,-186,186,-1.0,58,56,-2,-0.021052631579,2,1.0
MOT17-09-FRCNN,4,44,512,v_to_u,44,4,1,513,13,6,6,44,4,1,507,512,1,525,6,525,6,512,1,13,13,13,1.0,1.478630649864,0.083388092833,0.0,0.031171354903,0.16719143086,-1.0,-1.0,346,1,"{""4"": 13}",13,6,30,1,13,6,30,13,1.0,0.871708667452,17,14,14,1.0,1.0,1.0,-0.0,1,0,0,13,0,13,-1.0,-1.0,0,78,390,0,-468,468,-1.0,49,36,-13,-0.265306122449,13,1.0,6,60,1,13,6,60,13,1.0,0.871708667452,17,14,14,1.0,1.0,1.0,-0.0,1,0,0,13,0,13,-1.0,-1.0,0,78,780,0,-858,858,-1.0,79,66,-13,-0.164556962025,13,1.0,6,120,1,13,6,120,13,1.0,0.871708667452,17,14,14,1.0,0.591666666667,1.0,-0.0,1,0,0,13,0,13,-1.0,-1.0,0,78,923,637,-364,1638,-0.222222222222,90,77,-13,-0.093525179856,13,1.0,6,300,1,13,6,299,13,1.0,0.871708667452,17,29,14,1.0,0.408026755853,1.0,-0.0,1,0,0,0,0,0,0.0,0.0,0,78,923,2964,1963,3965,0.495081967213,128,135,7,0.022012578616,13,1.0,6,512,1,13,6,511,13,1.0,0.871708667452,17,1,14,1.0,0.426614481409,1.0,-0.0,1,0,0,0,0,0,0.0,0.0,0,78,923,5720,4719,6721,0.702127659574,224,231,7,0.01320754717,13,1.0
MOT17-09-FRCNN,20,44,512,v_to_u,44,20,1,513,13,6,6,44,20,1,507,512,198,525,6,328,6,315,1,13,13,13,1.0,2.282313781881,0.122332641847,0.0,0.119906889065,0.006551694624,-1.0,-1.0,347,1,"{""20"": 13}",13,6,30,1,13,6,30,13,1.0,0.915064213431,17,11,11,1.0,1.0,1.0,-0.0,1,0,0,13,0,13,-1.0,-1.0,0,78,390,0,-468,468,-1.0,49,36,-13,-0.265306122449,13,1.0,6,60,1,13,6,60,13,1.0,0.915064213431,17,11,11,1.0,1.0,1.0,-0.0,1,0,0,13,0,13,-1.0,-1.0,0,78,780,0,-858,858,-1.0,79,66,-13,-0.164556962025,13,1.0,6,120,1,13,6,120,13,1.0,0.915064213431,17,11,11,1.0,1.0,1.0,-0.0,1,0,0,13,0,13,-1.0,-1.0,0,78,1560,0,-1638,1638,-1.0,139,126,-13,-0.093525179856,13,1.0,6,300,1,13,6,300,13,1.0,0.915064213431,17,11,11,1.0,0.983333333333,1.0,-0.0,1,0,0,13,0,13,-1.0,-1.0,0,78,3835,65,-3848,3978,-0.967320261438,314,301,-13,-0.040752351097,13,1.0,6,315,1,13,6,315,13,1.0,0.915064213431,17,11,11,1.0,0.984126984127,1.0,-0.0,1,0,0,13,0,13,-1.0,-1.0,0,78,4030,65,-4043,4173,-0.968847352025,329,316,-13,-0.038922155689,13,1.0
MOT17-09-FRCNN,31,44,512,v_to_u,44,31,1,513,13,6,6,44,31,1,507,512,345,525,6,181,6,168,1,13,13,13,1.0,0.924846937119,0.095248136119,0.0,0.171176992241,0.196790461869,-1.0,-1.0,348,1,"{""31"": 13}",13,6,30,1,13,6,30,13,1.0,0.894314714809,17,15,15,1.0,1.0,0.923076923077,0.271189373042,2,0,0,12,0,12,-0.923076923077,-0.923076923077,0,78,360,30,-408,468,-0.871794871795,48,36,-12,-0.244897959184,13,1.0,6,60,1,13,6,60,13,1.0,0.894314714809,17,15,15,1.0,1.0,0.923076923077,0.271189373042,2,0,0,12,0,12,-0.923076923077,-0.923076923077,0,78,720,60,-738,858,-0.86013986014,78,66,-12,-0.151898734177,13,1.0,6,120,1,13,6,108,13,1.0,0.894314714809,17,15,15,1.0,0.611111111111,0.923076923077,0.271189373042,2,0,0,12,0,12,-0.923076923077,-0.923076923077,0,78,792,612,-258,1482,-0.174089068826,84,72,-12,-0.094488188976,13,1.0,6,168,1,13,6,156,13,1.0,0.894314714809,17,10,15,1.0,0.538461538462,0.923076923077,0.271189373042,2,0,0,0,0,0,0.0,0.0,0,78,792,1236,366,2106,0.173789173789,90,96,6,0.034285714286,13,1.0,6,168,1,13,6,156,13,1.0,0.894314714809,17,10,15,1.0,0.538461538462,0.923076923077,0.271189373042,2,0,0,0,0,0,0.0,0.0,0,78,792,1236,366,2106,0.173789173789,90,96,6,0.034285714286,13,1.0
MOT17-09-FRCNN,34,44,512,v_to_u,44,34,1,513,13,6,6,44,34,1,507,512,365,525,6,161,6,148,1,13,13,13,1.0,0.156208162051,0.139884081832,0.458495989741,0.129060240082,0.358408046626,-1.0,-1.0,349,1,"{""34"": 13}",13,6,30,1,13,6,30,13,1.0,0.840639028542,17,6,6,1.0,1.0,1.0,-0.0,1,0,0,13,0,13,-1.0,-1.0,0,78,390,0,-468,468,-1.0,49,36,-13,-0.265306122449,13,1.0,6,60,1,13,6,60,13,1.0,0.840639028542,17,6,6,1.0,1.0,1.0,-0.0,1,0,0,13,0,13,-1.0,-1.0,0,78,780,0,-858,858,-1.0,79,66,-13,-0.164556962025,13,1.0,6,120,1,13,6,120,13,1.0,0.840639028542,17,6,6,1.0,0.991666666667,1.0,-0.0,1,0,0,13,0,13,-1.0,-1.0,0,78,1547,13,-1612,1638,-0.984126984127,138,125,-13,-0.093525179856,13,1.0,6,148,1,13,6,148,13,1.0,0.840639028542,17,6,6,1.0,0.993243243243,1.0,-0.0,1,0,0,13,0,13,-1.0,-1.0,0,78,1911,13,-1976,2002,-0.987012987013,166,153,-13,-0.077844311377,13,1.0,6,148,1,13,6,148,13,1.0,0.840639028542,17,6,6,1.0,0.993243243243,1.0,-0.0,1,0,0,13,0,13,-1.0,-1.0,0,78,1911,13,-1976,2002,-0.987012987013,166,153,-13,-0.077844311377,13,1.0
MOT17-09-FRCNN,36,44,512,v_to_u,44,36,1,513,13,6,6,44,36,1,507,512,381,525,6,145,6,132,1,13,13,13,1.0,0.704952664683,0.043141016707,0.0,0.238017632409,0.01092626736,-1.0,-1.0,350,1,"{""36"": 13}",13,6,30,1,13,6,30,13,1.0,0.892612895363,17,3,3,1.0,1.0,1.0,-0.0,1,0,0,13,0,13,-1.0,-1.0,0,78,390,0,-468,468,-1.0,49,36,-13,-0.265306122449,13,1.0,6,60,1,13,6,60,13,1.0,0.892612895363,17,3,3,1.0,1.0,1.0,-0.0,1,0,0,13,0,13,-1.0,-1.0,0,78,780,0,-858,858,-1.0,79,66,-13,-0.164556962025,13,1.0,6,120,1,13,6,120,13,1.0,0.892612895363,17,3,3,1.0,1.0,1.0,-0.0,1,0,0,13,0,13,-1.0,-1.0,0,78,1560,0,-1638,1638,-1.0,139,126,-13,-0.093525179856,13,1.0,6,132,1,13,6,132,13,1.0,0.892612895363,17,3,3,1.0,1.0,1.0,-0.0,1,0,0,13,0,13,-1.0,-1.0,0,78,1716,0,-1794,1794,-1.0,151,138,-13,-0.086092715232,13,1.0,6,132,1,13,6,132,13,1.0,0.892612895363,17,3,3,1.0,1.0,1.0,-0.0,1,0,0,13,0,13,-1.0,-1.0,0,78,1716,0,-1794,1794,-1.0,151,138,-13,-0.086092715232,13,1.0
MOT17-09-FRCNN,39,44,512,v_to_u,44,39,1,513,13,6,6,44,39,1,507,512,441,525,6,85,6,72,1,13,13,13,1.0,4.039299414136,0.536094181601,0.0,0.854430168731,0.888218095798,-1.0,-1.0,351,1,"{""39"": 13}",13,6,30,1,13,6,30,13,1.0,0.838815647629,17,4,4,1.0,1.0,1.0,-0.0,1,0,0,13,0,13,-1.0,-1.0,0,78,390,0,-468,468,-1.0,49,36,-13,-0.265306122449,13,1.0,6,60,1,13,6,60,13,1.0,0.838815647629,17,4,4,1.0,1.0,1.0,-0.0,1,0,0,13,0,13,-1.0,-1.0,0,78,780,0,-858,858,-1.0,79,66,-13,-0.164556962025,13,1.0,6,72,1,13,6,72,13,1.0,0.838815647629,17,4,4,1.0,1.0,1.0,-0.0,1,0,0,13,0,13,-1.0,-1.0,0,78,936,0,-1014,1014,-1.0,91,78,-13,-0.142857142857,13,1.0,6,72,1,13,6,72,13,1.0,0.838815647629,17,4,4,1.0,1.0,1.0,-0.0,1,0,0,13,0,13,-1.0,-1.0,0,78,936,0,-1014,1014,-1.0,91,78,-13,-0.142857142857,13,1.0,6,72,1,13,6,72,13,1.0,0.838815647629,17,4,4,1.0,1.0,1.0,-0.0,1,0,0,13,0,13,-1.0,-1.0,0,78,936,0,-1014,1014,-1.0,91,78,-13,-0.142857142857,13,1.0
MOT17-09-FRCNN,41,44,512,v_to_u,44,41,1,513,13,6,6,44,41,1,507,512,468,525,6,58,6,45,1,13,13,13,1.0,1.49678925328,0.013609935598,0.0,0.125888043312,0.013301688048,-1.0,-1.0,352,1,"{""41"": 13}",13,6,30,1,13,6,30,13,1.0,0.754540927129,17,9,9,1.0,1.0,0.923076923077,0.271189373042,2,0,0,12,0,12,-0.923076923077,-0.923076923077,0,78,360,30,-408,468,-0.871794871795,48,36,-12,-0.244897959184,13,1.0,6,45,1,13,6,45,13,1.0,0.754540927129,17,9,9,1.0,1.0,0.923076923077,0.271189373042,2,0,0,12,0,12,-0.923076923077,-0.923076923077,0,78,540,45,-573,663,-0.864253393665,63,51,-12,-0.1875,13,1.0,6,45,1,13,6,45,13,1.0,0.754540927129,17,9,9,1.0,1.0,0.923076923077,0.271189373042,2,0,0,12,0,12,-0.923076923077,-0.923076923077,0,78,540,45,-573,663,-0.864253393665,63,51,-12,-0.1875,13,1.0,6,45,1,13,6,45,13,1.0,0.754540927129,17,9,9,1.0,1.0,0.923076923077,0.271189373042,2,0,0,12,0,12,-0.923076923077,-0.923076923077,0,78,540,45,-573,663,-0.864253393665,63,51,-12,-0.1875,13,1.0,6,45,1,13,6,45,13,1.0,0.754540927129,17,9,9,1.0,1.0,0.923076923077,0.271189373042,2,0,0,12,0,12,-0.923076923077,-0.923076923077,0,78,540,45,-573,663,-0.864253393665,63,51,-12,-0.1875,13,1.0
MOT17-09-FRCNN,42,44,512,v_to_u,44,42,1,513,13,6,6,44,42,1,507,512,483,525,6,43,6,30,1,13,13,13,1.0,3.951024558046,0.767744988147,0.0,1.311018715925,1.18959515764,-1.0,-1.0,353,1,"{""42"": 13}",13,6,30,1,13,6,30,13,1.0,0.8474282279,17,5,5,1.0,1.0,1.0,-0.0,1,0,0,13,0,13,-1.0,-1.0,0,78,390,0,-468,468,-1.0,49,36,-13,-0.265306122449,13,1.0,6,30,1,13,6,30,13,1.0,0.8474282279,17,5,5,1.0,1.0,1.0,-0.0,1,0,0,13,0,13,-1.0,-1.0,0,78,390,0,-468,468,-1.0,49,36,-13,-0.265306122449,13,1.0,6,30,1,13,6,30,13,1.0,0.8474282279,17,5,5,1.0,1.0,1.0,-0.0,1,0,0,13,0,13,-1.0,-1.0,0,78,390,0,-468,468,-1.0,49,36,-13,-0.265306122449,13,1.0,6,30,1,13,6,30,13,1.0,0.8474282279,17,5,5,1.0,1.0,1.0,-0.0,1,0,0,13,0,13,-1.0,-1.0,0,78,390,0,-468,468,-1.0,49,36,-13,-0.265306122449,13,1.0,6,30,1,13,6,30,13,1.0,0.8474282279,17,5,5,1.0,1.0,1.0,-0.0,1,0,0,13,0,13,-1.0,-1.0,0,78,390,0,-468,468,-1.0,49,36,-13,-0.265306122449,13,1.0
MOT17-09-FRCNN,44,45,512,u_to_v,44,45,1,513,13,2,2,44,45,1,507,512,511,525,6,15,6,2,1,13,13,13,1.0,2.381266923333,0.156468338248,0.0,0.17098104828,0.422846295356,-1.0,-1.0,354,1,"{""45"": 13}",13,6,2,1,13,6,1,13,1.0,0.931324208767,17,24,24,1.0,1.0,1.0,-0.0,1,0,0,13,0,13,-1.0,-1.0,0,78,13,0,-91,91,-1.0,20,13,-7,-0.35,13,1.0,6,2,1,13,6,1,13,1.0,0.931324208767,17,24,24,1.0,1.0,1.0,-0.0,1,0,0,13,0,13,-1.0,-1.0,0,78,13,0,-91,91,-1.0,20,13,-7,-0.35,13,1.0,6,2,1,13,6,1,13,1.0,0.931324208767,17,24,24,1.0,1.0,1.0,-0.0,1,0,0,13,0,13,-1.0,-1.0,0,78,13,0,-91,91,-1.0,20,13,-7,-0.35,13,1.0,6,2,1,13,6,1,13,1.0,0.931324208767,17,24,24,1.0,1.0,1.0,-0.0,1,0,0,13,0,13,-1.0,-1.0,0,78,13,0,-91,91,-1.0,20,13,-7,-0.35,13,1.0,6,2,1,13,6,1,13,1.0,0.931324208767,17,24,24,1.0,1.0,1.0,-0.0,1,0,0,13,0,13,-1.0,-1.0,0,78,13,0,-91,91,-1.0,20,13,-7,-0.35,13,1.0
MOT17-09-FRCNN,4,46,524,v_to_u,46,4,1,525,1,1,1,46,4,1,524,524,1,525,1,525,1,524,1,1,1,1,1.0,2.818159744362,0.431324546252,0.0,0.665518912432,0.657628479875,-1.0,-1.0,355,1,"{""4"": 1}",1,1,30,1,1,0,30,1,1.0,0.880590007776,-1,14,14,,1.0,1.0,-0.0,1,0,0,1,0,0,0.0,-1.0,0,0,30,0,-30,30,-1.0,31,30,-1,-0.032258064516,1,1.0,1,60,1,1,0,60,1,1.0,0.880590007776,-1,14,14,,1.0,1.0,-0.0,1,0,0,1,0,0,0.0,-1.0,0,0,60,0,-60,60,-1.0,61,60,-1,-0.016393442623,1,1.0,1,120,1,1,0,120,1,1.0,0.880590007776,-1,14,14,,0.691666666667,1.0,-0.0,1,0,0,1,0,0,0.0,-1.0,0,0,83,37,-46,120,-0.383333333333,84,83,-1,-0.00826446281,1,1.0,1,300,1,1,0,299,1,1.0,0.880590007776,-1,29,14,,0.408026755853,1.0,-0.0,1,0,0,0,0,0,0.0,0.0,0,0,83,216,133,299,0.444816053512,122,123,1,0.003333333333,1,1.0,1,524,1,1,0,523,1,1.0,0.880590007776,-1,1,14,,0.416826003824,1.0,-0.0,1,0,0,0,0,0,0.0,0.0,0,0,83,440,357,523,0.682600382409,218,219,1,0.001908396947,1,1.0
MOT17-09-FRCNN,20,46,524,v_to_u,46,20,1,525,1,1,1,46,20,1,524,524,198,525,1,328,1,327,1,1,1,1,1.0,5.939451325138,0.571707546919,0.0,0.557463224209,0.766995116018,-1.0,-1.0,356,1,"{""20"": 1}",1,1,30,1,1,0,30,1,1.0,0.873977977926,-1,11,11,,1.0,1.0,-0.0,1,0,0,1,0,0,0.0,-1.0,0,0,30,0,-30,30,-1.0,31,30,-1,-0.032258064516,1,1.0,1,60,1,1,0,60,1,1.0,0.873977977926,-1,11,11,,1.0,1.0,-0.0,1,0,0,1,0,0,0.0,-1.0,0,0,60,0,-60,60,-1.0,61,60,-1,-0.016393442623,1,1.0,1,120,1,1,0,120,1,1.0,0.873977977926,-1,11,11,,1.0,1.0,-0.0,1,0,0,1,0,0,0.0,-1.0,0,0,120,0,-120,120,-1.0,121,120,-1,-0.00826446281,1,1.0,1,300,1,1,0,300,1,1.0,0.873977977926,-1,11,11,,0.983333333333,1.0,-0.0,1,0,0,1,0,0,0.0,-1.0,0,0,295,5,-290,300,-0.966666666667,296,295,-1,-0.003322259136,1,1.0,1,327,1,1,0,327,1,1.0,0.873977977926,-1,11,11,,0.984709480122,1.0,-0.0,1,0,0,1,0,0,0.0,-1.0,0,0,322,5,-317,327,-0.969418960245,323,322,-1,-0.003048780488,1,1.0
MOT17-09-FRCNN,31,46,524,v_to_u,46,31,1,525,1,1,1,46,31,1,524,524,345,525,1,181,1,180,1,1,1,1,1.0,2.939049177197,0.418475991121,0.0,0.372382073144,0.636863074018,-1.0,-1.0,357,1,"{""31"": 1}",1,1,30,1,1,0,30,1,1.0,0.9368066008,-1,15,15,,0.966666666667,1.0,-0.0,1,0,0,1,0,0,0.0,-1.0,0,0,29,1,-28,30,-0.933333333333,30,29,-1,-0.032258064516,1,1.0,1,60,1,1,0,60,1,1.0,0.9368066008,-1,15,15,,0.983333333333,1.0,-0.0,1,0,0,1,0,0,0.0,-1.0,0,0,59,1,-58,60,-0.966666666667,60,59,-1,-0.016393442623,1,1.0,1,120,1,1,0,108,1,1.0,0.9368066008,-1,15,15,,0.712962962963,1.0,-0.0,1,0,0,1,0,0,0.0,-1.0,0,0,77,31,-46,108,-0.425925925926,78,77,-1,-0.009174311927,1,1.0,1,180,1,1,0,168,1,1.0,0.9368066008,-1,10,15,,0.5,1.0,-0.0,1,0,0,0,0,0,0.0,0.0,0,0,77,91,14,168,0.083333333333,84,85,1,0.005917159763,1,1.0,1,180,1,1,0,168,1,1.0,0.9368066008,-1,10,15,,0.5,1.0,-0.0,1,0,0,0,0,0,0.0,0.0,0,0,77,91,14,168,0.083333333333,84,85,1,0.005917159763,1,1.0
MOT17-09-FRCNN,34,46,524,v_to_u,46,34,1,525,1,1,1,46,34,1,524,524,365,525,1,161,1,160,1,1,1,1,1.0,4.173732834748,0.348824257177,0.0,0.456226911651,0.455681439033,-1.0,-1.0,358,1,"{""34"": 1}",1,1,30,1,1,0,30,1,1.0,0.91589221785,-1,6,6,,1.0,1.0,-0.0,1,0,0,1,0,0,0.0,-1.0,0,0,30,0,-30,30,-1.0,31,30,-1,-0.032258064516,1,1.0,1,60,1,1,0,60,1,1.0,0.91589221785,-1,6,6,,1.0,1.0,-0.0,1,0,0,1,0,0,0.0,-1.0,0,0,60,0,-60,60,-1.0,61,60,-1,-0.016393442623,1,1.0,1,120,1,1,0,120,1,1.0,0.91589221785,-1,6,6,,0.991666666667,1.0,-0.0,1,0,0,1,0,0,0.0,-1.0,0,0,119,1,-118,120,-0.983333333333,120,119,-1,-0.00826446281,1,1.0,1,160,1,1,0,160,1,1.0,0.91589221785,-1,6,6,,0.99375,1.0,-0.0,1,0,0,1,0,0,0.0,-1.0,0,0,159,1,-158,160,-0.9875,160,159,-1,-0.006211180124,1,1.0,1,160,1,1,0,160,1,1.0,0.91589221785,-1,6,6,,0.99375,1.0,-0.0,1,0,0,1,0,0,0.0,-1.0,0,0,159,1,-158,160,-0.9875,160,159,-1,-0.006211180124,1,1.0
MOT17-09-FRCNN,36,46,524,v_to_u,46,36,1,525,1,1,1,46,36,1,524,524,381,525,1,145,1,144,1,1,1,1,1.0,5.142083000917,0.524122825639,0.0,0.725169621128,0.778179777606,-1.0,-1.0,359,1,"{""36"": 1}",1,1,30,1,1,0,30,1,1.0,0.852815293081,-1,3,3,,1.0,1.0,-0.0,1,0,0,1,0,0,0.0,-1.0,0,0,30,0,-30,30,-1.0,31,30,-1,-0.032258064516,1,1.0,1,60,1,1,0,60,1,1.0,0.852815293081,-1,3,3,,1.0,1.0,-0.0,1,0,0,1,0,0,0.0,-1.0,0,0,60,0,-60,60,-1.0,61,60,-1,-0.016393442623,1,1.0,1,120,1,1,0,120,1,1.0,0.852815293081,-1,3,3,,1.0,1.0,-0.0,1,0,0,1,0,0,0.0,-1.0,0,0,120,0,-120,120,-1.0,121,120,-1,-0.00826446281,1,1.0,1,144,1,1,0,144,1,1.0,0.852815293081,-1,3,3,,1.0,1.0,-0.0,1,0,0,1,0,0,0.0,-1.0,0,0,144,0,-144,144,-1.0,145,144,-1,-0.006896551724,1,1.0,1,144,1,1,0,144,1,1.0,0.852815293081,-1,3,3,,1.0,1.0,-0.0,1,0,0,1,0,0,0.0,-1.0,0,0,144,0,-144,144,-1.0,145,144,-1,-0.006896551724,1,1.0
MOT17-09-FRCNN,39,46,524,v_to_u,46,39,1,525,1,1,1,46,39,1,524,524,441,525,1,85,1,84,1,1,1,1,1.0,0.126073293079,0.027345803339,0.669091210141,0.019406430778,0.047993811245,-1.0,-1.0,360,1,"{""39"": 1}",1,1,30,1,1,0,30,1,1.0,0.866025355975,-1,4,4,,1.0,1.0,-0.0,1,0,0,1,0,0,0.0,-1.0,0,0,30,0,-30,30,-1.0,31,30,-1,-0.032258064516,1,1.0,1,60,1,1,0,60,1,1.0,0.866025355975,-1,4,4,,1.0,1.0,-0.0,1,0,0,1,0,0,0.0,-1.0,0,0,60,0,-60,60,-1.0,61,60,-1,-0.016393442623,1,1.0,1,84,1,1,0,84,1,1.0,0.866025355975,-1,4,4,,1.0,1.0,-0.0,1,0,0,1,0,0,0.0,-1.0,0,0,84,0,-84,84,-1.0,85,84,-1,-0.011764705882,1,1.0,1,84,1,1,0,84,1,1.0,0.866025355975,-1,4,4,,1.0,1.0,-0.0,1,0,0,1,0,0,0.0,-1.0,0,0,84,0,-84,84,-1.0,85,84,-1,-0.011764705882,1,1.0,1,84,1,1,0,84,1,1.0,0.866025355975,-1,4,4,,1.0,1.0,-0.0,1,0,0,1,0,0,0.0,-1.0,0,0,84,0,-84,84,-1.0,85,84,-1,-0.011764705882,1,1.0
MOT17-09-FRCNN,41,46,524,v_to_u,46,41,1,525,1,1,1,46,41,1,524,524,468,525,1,58,1,57,1,1,1,1,1.0,3.806410103395,0.494335185243,0.0,0.708619801938,0.775269904965,-1.0,-1.0,361,1,"{""41"": 1}",1,1,30,1,1,0,30,1,1.0,0.859996119528,-1,9,9,,0.966666666667,1.0,-0.0,1,0,0,1,0,0,0.0,-1.0,0,0,29,1,-28,30,-0.933333333333,30,29,-1,-0.032258064516,1,1.0,1,57,1,1,0,57,1,1.0,0.859996119528,-1,9,9,,0.982456140351,1.0,-0.0,1,0,0,1,0,0,0.0,-1.0,0,0,56,1,-55,57,-0.964912280702,57,56,-1,-0.01724137931,1,1.0,1,57,1,1,0,57,1,1.0,0.859996119528,-1,9,9,,0.982456140351,1.0,-0.0,1,0,0,1,0,0,0.0,-1.0,0,0,56,1,-55,57,-0.964912280702,57,56,-1,-0.01724137931,1,1.0,1,57,1,1,0,57,1,1.0,0.859996119528,-1,9,9,,0.982456140351,1.0,-0.0,1,0,0,1,0,0,0.0,-1.0,0,0,56,1,-55,57,-0.964912280702,57,56,-1,-0.01724137931,1,1.0,1,57,1,1,0,57,1,1.0,0.859996119528,-1,9,9,,0.982456140351,1.0,-0.0,1,0,0,1,0,0,0.0,-1.0,0,0,56,1,-55,57,-0.964912280702,57,56,-1,-0.01724137931,1,1.0
MOT17-09-FRCNN,42,46,524,v_to_u,46,42,1,525,1,1,1,46,42,1,524,524,483,525,1,43,1,42,1,1,1,1,1.0,0.073047153816,0.166100019191,0.389607855254,0.629622735421,0.312991809639,-1.0,-1.0,362,1,"{""42"": 1}",1,1,30,1,1,0,30,1,1.0,0.906779372289,-1,5,5,,1.0,1.0,-0.0,1,0,0,1,0,0,0.0,-1.0,0,0,30,0,-30,30,-1.0,31,30,-1,-0.032258064516,1,1.0,1,42,1,1,0,42,1,1.0,0.906779372289,-1,5,5,,1.0,1.0,-0.0,1,0,0,1,0,0,0.0,-1.0,0,0,42,0,-42,42,-1.0,43,42,-1,-0.023255813953,1,1.0,1,42,1,1,0,42,1,1.0,0.906779372289,-1,5,5,,1.0,1.0,-0.0,1,0,0,1,0,0,0.0,-1.0,0,0,42,0,-42,42,-1.0,43,42,-1,-0.023255813953,1,1.0,1,42,1,1,0,42,1,1.0,0.906779372289,-1,5,5,,1.0,1.0,-0.0,1,0,0,1,0,0,0.0,-1.0,0,0,42,0,-42,42,-1.0,43,42,-1,-0.023255813953,1,1.0,1,42,1,1,0,42,1,1.0,0.906779372289,-1,5,5,,1.0,1.0,-0.0,1,0,0,1,0,0,0.0,-1.0,0,0,42,0,-42,42,-1.0,43,42,-1,-0.023255813953,1,1.0
MOT17-09-FRCNN,45,46,524,v_to_u,46,45,1,525,1,1,1,46,45,1,524,524,511,525,1,15,1,14,1,1,1,1,1.0,4.71870300707,0.266997042271,0.0,0.093164335627,0.295696824704,-1.0,-1.0,363,1,"{""45"": 1}",1,1,14,1,1,0,13,1,1.0,0.919914595269,-1,24,24,,1.0,1.0,-0.0,1,0,0,1,0,0,0.0,-1.0,0,0,13,0,-13,13,-1.0,14,13,-1,-0.071428571429,1,1.0,1,14,1,1,0,13,1,1.0,0.919914595269,-1,24,24,,1.0,1.0,-0.0,1,0,0,1,0,0,0.0,-1.0,0,0,13,0,-13,13,-1.0,14,13,-1,-0.071428571429,1,1.0,1,14,1,1,0,13,1,1.0,0.919914595269,-1,24,24,,1.0,1.0,-0.0,1,0,0,1,0,0,0.0,-1.0,0,0,13,0,-13,13,-1.0,14,13,-1,-0.071428571429,1,1.0,1,14,1,1,0,13,1,1.0,0.919914595269,-1,24,24,,1.0,1.0,-0.0,1,0,0,1,0,0,0.0,-1.0,0,0,13,0,-13,13,-1.0,14,13,-1,-0.071428571429,1,1.0,1,14,1,1,0,13,1,1.0,0.919914595269,-1,24,24,,1.0,1.0,-0.0,1,0,0,1,0,0,0.0,-1.0,0,0,13,0,-13,13,-1.0,14,13,-1,-0.071428571429,1,1.0
