reason,count,mean_component_num_detections,mean_component_num_tracks
eligible,33,7.090909090909091,10.212121212121213
skipped_large,35,10.714285714285714,13.885714285714286
