teacher_key,positive_clusters,precision_vs_error_cluster,precision_vs_ambiguous_cluster,host_runtime_equals_oracle_rate,mean_recoverable_rows,mean_edit_rows,mean_rescue_rows
cluster_should_intervene,361,0.14127423822714683,0.18282548476454294,0.038781163434903045,0.17174515235457063,3.2797783933518008,0.15512465373961218
cluster_should_intervene_edit,361,0.14127423822714683,0.18282548476454294,0.038781163434903045,0.17174515235457063,3.2797783933518008,0.15512465373961218
cluster_should_intervene_soft,46,0.9565217391304348,0.9782608695652174,0.0,1.1956521739130435,4.0,1.2391304347826086
