teacher_key,positive_clusters,precision_vs_error_cluster,precision_vs_ambiguous_cluster,host_runtime_equals_oracle_rate,mean_recoverable_rows,mean_edit_rows,mean_rescue_rows
cluster_should_intervene,113,0.22123893805309736,0.23893805309734514,0.061946902654867256,0.25663716814159293,2.769911504424779,0.23008849557522124
cluster_should_intervene_edit,113,0.22123893805309736,0.23893805309734514,0.061946902654867256,0.25663716814159293,2.769911504424779,0.23008849557522124
cluster_should_intervene_soft,22,1.0,1.0,0.0,1.1818181818181819,3.1818181818181817,1.2272727272727273
