sequence,frame,pre_candidates,postnms_kept,suppressed,orphan_suppressed,reference_kept,reference_count_equal,reference_order_equal,reference_min_matched_iou,reference_max_box_abs_diff,reference_max_score_abs_diff,reference_class_mismatch,reference_set_ok
MOT20-05,1,2101,242,1859,0,242,True,True,0.9999966244953621,0.0001220703125,0.0,0,True
MOT20-05,2,2133,246,1887,0,246,True,True,0.9999960025364439,0.0001220703125,0.0,0,True
MOT20-05,3,2104,243,1861,0,243,True,True,0.99999581975625,0.0001220703125,0.0,0,True
MOT20-05,4,2096,245,1851,0,245,True,True,0.9999973935255174,0.0001220703125,0.0,0,True
MOT20-05,5,2072,239,1833,0,239,True,True,0.9999975292490673,0.0001220703125,0.0,0,True
MOT20-05,6,2013,234,1779,0,234,True,True,0.9999968459996236,0.0001220703125,0.0,0,True
MOT20-05,7,2017,230,1787,0,230,True,True,0.999997589873613,0.0001220703125,0.0,0,True
MOT20-05,8,2019,235,1784,0,235,True,True,0.9999975754284218,0.0001220703125,0.0,0,True
MOT20-05,9,2027,232,1795,0,232,True,True,0.9999959097778804,0.0001220703125,0.0,0,True
MOT20-05,10,2028,232,1796,0,232,True,True,0.9999958268301437,0.0001220703125,0.0,0,True
MOT20-05,11,2060,237,1823,0,237,True,True,0.9999974407141431,0.0001220703125,0.0,0,True
MOT20-05,12,2071,237,1834,0,237,True,True,0.9999958823674739,0.0001220703125,0.0,0,True
MOT20-05,13,2060,235,1825,0,235,True,True,0.999996001759226,0.0001220703125,0.0,0,True
MOT20-05,14,2080,237,1843,0,237,True,True,0.9999974890648775,0.0001220703125,0.0,0,True
MOT20-05,15,2085,239,1846,0,239,True,True,0.9999969908010008,0.0001220703125,0.0,0,True
MOT20-05,16,2077,240,1837,0,240,True,True,0.9999977755434347,0.0001220703125,0.0,0,True
MOT20-05,17,2082,242,1840,0,242,True,True,0.9999968688649322,0.0001220703125,0.0,0,True
MOT20-05,18,2086,241,1845,0,241,True,True,0.9999967277433373,0.0001220703125,0.0,0,True
MOT20-05,19,2055,233,1822,0,233,True,True,0.9999966829753711,0.0001220703125,0.0,0,True
MOT20-05,20,2059,235,1824,0,235,True,True,0.9999960620929188,0.0001220703125,0.0,0,True
MOT20-05,21,2084,240,1844,0,240,True,True,0.9999974974896404,0.0001220703125,0.0,0,True
MOT20-05,22,2072,238,1834,0,238,True,True,0.999996954775369,0.0001220703125,0.0,0,True
MOT20-05,23,2065,240,1825,0,240,True,True,0.9999970514086896,0.0001220703125,0.0,0,True
MOT20-05,24,2064,237,1827,0,237,True,True,0.9999970921864141,0.0001220703125,0.0,0,True
MOT20-05,25,2063,240,1823,0,240,True,True,0.9999972176684983,0.0001220703125,0.0,0,True
MOT20-05,26,2068,239,1829,0,239,True,True,0.9999976489894181,0.0001220703125,0.0,0,True
MOT20-05,27,2030,231,1799,0,231,True,True,0.9999976619125556,0.0001220703125,0.0,0,True
MOT20-05,28,2003,231,1772,0,231,True,True,0.9999959536285836,0.0001220703125,0.0,0,True
MOT20-05,29,2020,228,1792,0,228,True,True,0.999996277366013,0.0001220703125,0.0,0,True
MOT20-05,30,1985,224,1761,0,224,True,True,0.9999952384013409,0.0001220703125,0.0,0,True
MOT20-05,31,1991,228,1763,0,228,True,True,0.9999975756870503,0.0001220703125,0.0,0,True
MOT20-05,32,1983,229,1754,0,229,True,True,0.9999956433650178,0.0001220703125,0.0,0,True
MOT20-05,33,1988,228,1760,0,228,True,True,0.9999967847726834,0.0001220703125,0.0,0,True
MOT20-05,34,1979,230,1749,0,230,True,True,0.9999973066439707,0.0001220703125,0.0,0,True
MOT20-05,35,1973,227,1746,0,227,True,True,0.9999975402839988,0.0001220703125,0.0,0,True
MOT20-05,36,1920,222,1698,0,222,True,True,0.9999960760308267,0.0001220703125,0.0,0,True
MOT20-05,37,1959,226,1733,0,226,True,True,0.9999928230523558,0.0001220703125,0.0,0,True
MOT20-05,38,1940,224,1716,0,224,True,True,0.9999972770888813,0.0001220703125,0.0,0,True
MOT20-05,39,1943,222,1721,0,222,True,True,0.999997772563332,0.0001220703125,0.0,0,True
MOT20-05,40,1987,227,1760,0,227,True,True,0.9999965516052277,0.0001220703125,0.0,0,True
MOT20-05,41,1981,228,1753,0,228,True,True,0.9999975965582715,0.0001220703125,0.0,0,True
MOT20-05,42,1990,226,1764,0,226,True,True,0.9999967254878205,0.0001220703125,0.0,0,True
MOT20-05,43,2018,229,1789,0,229,True,True,0.999996263895972,0.0001220703125,0.0,0,True
MOT20-05,44,2019,230,1789,0,230,True,True,0.9999969539498132,0.0001220703125,0.0,0,True
MOT20-05,45,1984,231,1753,0,231,True,True,0.9999972407170824,0.0001220703125,0.0,0,True
MOT20-05,46,1984,227,1757,0,227,True,True,0.9999963917934951,0.0001220703125,0.0,0,True
MOT20-05,47,1971,225,1746,0,225,True,True,0.9999964029941477,0.0001220703125,0.0,0,True
MOT20-05,48,1931,218,1713,0,218,True,True,0.9999962664346879,0.0001220703125,0.0,0,True
MOT20-05,49,1937,217,1720,0,217,True,True,0.999997376942709,0.0001220703125,0.0,0,True
MOT20-05,50,1914,220,1694,0,220,True,True,0.9999959273604001,0.0001220703125,0.0,0,True
MOT20-05,51,1949,226,1723,0,226,True,True,0.9999971892942575,0.0001220703125,0.0,0,True
MOT20-05,52,1940,224,1716,0,224,True,True,0.9999970202710957,0.0001220703125,0.0,0,True
MOT20-05,53,1925,223,1702,0,223,True,True,0.9999966021708776,0.0001220703125,0.0,0,True
MOT20-05,54,1955,225,1730,0,225,True,True,0.9999961908026931,0.0001220703125,0.0,0,True
MOT20-05,55,1947,221,1726,0,221,True,True,0.9999957498849286,0.0001220703125,0.0,0,True
MOT20-05,56,1961,223,1738,0,223,True,True,0.9999961667759135,0.0001220703125,0.0,0,True
MOT20-05,57,1947,221,1726,0,221,True,True,0.9999969614836104,0.0001220703125,0.0,0,True
MOT20-05,58,1966,223,1743,0,223,True,True,0.9999956332640478,0.0001220703125,0.0,0,True
MOT20-05,59,1955,225,1730,0,225,True,True,0.9999953046683335,0.0001220703125,0.0,0,True
MOT20-05,60,1982,227,1755,0,227,True,True,0.9999975122397803,0.0001220703125,0.0,0,True
MOT20-05,61,1975,226,1749,0,226,True,True,0.9999956899988578,0.0001220703125,0.0,0,True
MOT20-05,62,1961,226,1735,0,226,True,True,0.9999959745754183,0.0001220703125,0.0,0,True
MOT20-05,63,1976,229,1747,0,229,True,True,0.9999965116563004,0.0001220703125,0.0,0,True
MOT20-05,64,1961,225,1736,0,225,True,True,0.999996019670787,0.0001220703125,0.0,0,True
MOT20-05,65,2000,230,1770,0,230,True,True,0.9999951679383042,0.0001220703125,0.0,0,True
MOT20-05,66,1981,229,1752,0,229,True,True,0.9999956254798302,0.0001220703125,0.0,0,True
MOT20-05,67,1971,226,1745,0,226,True,True,0.9999961461384307,0.0001220703125,0.0,0,True
MOT20-05,68,1987,230,1757,0,230,True,True,0.9999963492790739,0.0001220703125,0.0,0,True
MOT20-05,69,1965,221,1744,0,221,True,True,0.9999961163917396,0.0001220703125,0.0,0,True
MOT20-05,70,1962,224,1738,0,224,True,True,0.9999977155242273,0.0001220703125,0.0,0,True
MOT20-05,71,1928,222,1706,0,222,True,True,0.9999976182676236,0.0001220703125,0.0,0,True
MOT20-05,72,1967,223,1744,0,223,True,True,0.9999962145444772,0.0001220703125,0.0,0,True
MOT20-05,73,1935,217,1718,0,217,True,True,0.9999955555259258,0.0001220703125,0.0,0,True
MOT20-05,74,1951,221,1730,0,221,True,True,0.9999955981846914,0.0001220703125,0.0,0,True
MOT20-05,75,1931,219,1712,0,219,True,True,0.9999977142698394,0.0001220703125,0.0,0,True
MOT20-05,76,1937,221,1716,0,221,True,True,0.9999969123032365,0.0001220703125,0.0,0,True
MOT20-05,77,1952,221,1731,0,221,True,True,0.9999975572757762,0.0001220703125,0.0,0,True
MOT20-05,78,1941,222,1719,0,222,True,True,0.9999977846560576,0.0001220703125,0.0,0,True
MOT20-05,79,1933,222,1711,0,222,True,True,0.9999971534841354,0.0001220703125,0.0,0,True
MOT20-05,80,1915,225,1690,0,225,True,True,0.9999955766402371,0.0001220703125,0.0,0,True
MOT20-05,81,1893,214,1679,0,214,True,True,0.9999977587922579,0.0001220703125,0.0,0,True
MOT20-05,82,1914,217,1697,0,217,True,True,0.9999950253706099,0.0001220703125,0.0,0,True
MOT20-05,83,1907,216,1691,0,216,True,True,0.9999973339047452,0.0001220703125,0.0,0,True
MOT20-05,84,1901,216,1685,0,216,True,True,0.9999932465082507,0.0001220703125,0.0,0,True
MOT20-05,85,1901,215,1686,0,215,True,True,0.9999959975104515,0.0001220703125,0.0,0,True
MOT20-05,86,1888,215,1673,0,215,True,True,0.9999953038965919,0.0001220703125,0.0,0,True
MOT20-05,87,1935,220,1715,0,220,True,True,0.999995879406717,0.0001220703125,0.0,0,True
MOT20-05,88,1879,218,1661,0,218,True,True,0.9999960692375862,0.0001220703125,0.0,0,True
MOT20-05,89,1875,218,1657,0,218,True,True,0.9999962110519824,0.0001220703125,0.0,0,True
MOT20-05,90,1878,211,1667,0,211,True,True,0.9999974812415464,0.0001220703125,0.0,0,True
MOT20-05,91,1848,209,1639,0,209,True,True,0.9999973274333047,0.0001220703125,0.0,0,True
MOT20-05,92,1868,217,1651,0,217,True,True,0.9999961648647923,0.0001220703125,0.0,0,True
MOT20-05,93,1841,211,1630,0,211,True,True,0.9999969641819001,0.0001220703125,0.0,0,True
MOT20-05,94,1863,217,1646,0,217,True,True,0.9999960615162616,0.0001220703125,0.0,0,True
MOT20-05,95,1819,211,1608,0,211,True,True,0.9999975239042158,0.0001220703125,0.0,0,True
MOT20-05,96,1823,211,1612,0,211,True,True,0.9999977991601595,0.0001220703125,0.0,0,True
MOT20-05,97,1818,211,1607,0,211,True,True,0.9999963666025372,0.0001220703125,0.0,0,True
MOT20-05,98,1845,212,1633,0,212,True,True,0.9999977854245652,0.0001220703125,0.0,0,True
MOT20-05,99,1819,210,1609,0,210,True,True,0.999996928136833,0.0001220703125,0.0,0,True
MOT20-05,100,1808,208,1600,0,208,True,True,0.9999977637440292,0.0001220703125,0.0,0,True
MOT20-05,101,1806,203,1603,0,203,True,True,0.9999977273553688,0.0001220703125,0.0,0,True
MOT20-05,102,1807,209,1598,0,209,True,True,0.9999956508880886,0.0001220703125,0.0,0,True
MOT20-05,103,1812,207,1605,0,207,True,True,0.9999976374233541,0.0001220703125,0.0,0,True
MOT20-05,104,1822,209,1613,0,209,True,True,0.9999975937186432,0.0001220703125,0.0,0,True
MOT20-05,105,1789,205,1584,0,205,True,True,0.9999970063795119,0.0001220703125,0.0,0,True
MOT20-05,106,1791,206,1585,0,206,True,True,0.9999937459739707,0.0001220703125,0.0,0,True
MOT20-05,107,1780,203,1577,0,203,True,True,0.9999976614181336,0.0001220703125,0.0,0,True
MOT20-05,108,1787,207,1580,0,207,True,True,0.9999977403172594,0.0001220703125,0.0,0,True
MOT20-05,109,1775,203,1572,0,203,True,True,0.9999977470507951,0.0001220703125,0.0,0,True
MOT20-05,110,1768,202,1566,0,202,True,True,0.9999961312062705,0.0001220703125,0.0,0,True
MOT20-05,111,1789,203,1586,0,203,True,True,0.9999974652100073,0.0001220703125,0.0,0,True
MOT20-05,112,1746,203,1543,0,203,True,True,0.9999959763327895,0.0001220703125,0.0,0,True
MOT20-05,113,1762,205,1557,0,205,True,True,0.9999977913438347,0.0001220703125,0.0,0,True
MOT20-05,114,1763,205,1558,0,205,True,True,0.9999958337586371,0.0001220703125,0.0,0,True
MOT20-05,115,1752,203,1549,0,203,True,True,0.9999960394706356,0.0001220703125,0.0,0,True
MOT20-05,116,1814,216,1598,0,216,True,True,0.9999976057309224,0.0001220703125,0.0,0,True
MOT20-05,117,1786,207,1579,0,207,True,True,0.999995486886019,0.0001220703125,0.0,0,True
MOT20-05,118,1772,213,1559,0,213,True,True,0.9999956073208391,0.0001220703125,0.0,0,True
MOT20-05,119,1758,207,1551,0,207,True,True,0.999997779435799,0.0001220703125,0.0,0,True
MOT20-05,120,1770,210,1560,0,210,True,True,0.9999959251864228,0.0001220703125,0.0,0,True
MOT20-05,121,1770,206,1564,0,206,True,True,0.9999967330137132,0.0001220703125,0.0,0,True
MOT20-05,122,1751,202,1549,0,202,True,True,0.9999953456300067,0.0001220703125,0.0,0,True
MOT20-05,123,1741,200,1541,0,200,True,True,0.9999976667821399,0.0001220703125,0.0,0,True
MOT20-05,124,1726,196,1530,0,196,True,True,0.9999977347891089,0.0001220703125,0.0,0,True
MOT20-05,125,1738,197,1541,0,197,True,True,0.9999963104804492,0.0001220703125,0.0,0,True
MOT20-05,126,1748,197,1551,0,197,True,True,0.9999966869206253,0.0001220703125,0.0,0,True
MOT20-05,127,1746,198,1548,0,198,True,True,0.9999962051856138,0.0001220703125,0.0,0,True
MOT20-05,128,1749,198,1551,0,198,True,True,0.9999961828418742,0.0001220703125,0.0,0,True
MOT20-05,129,1742,196,1546,0,196,True,True,0.9999974502024539,0.0001220703125,0.0,0,True
MOT20-05,130,1737,197,1540,0,197,True,True,0.9999976823521949,0.0001220703125,0.0,0,True
MOT20-05,131,1771,202,1569,0,202,True,True,0.9999955942575552,0.0001220703125,0.0,0,True
MOT20-05,132,1760,204,1556,0,204,True,True,0.999995446871319,0.0001220703125,0.0,0,True
MOT20-05,133,1741,199,1542,0,199,True,True,0.999997337125267,0.0001220703125,0.0,0,True
MOT20-05,134,1771,201,1570,0,201,True,True,0.9999936764491998,0.0001220703125,0.0,0,True
MOT20-05,135,1739,199,1540,0,199,True,True,0.999993729975108,0.0001220703125,0.0,0,True
MOT20-05,136,1727,197,1530,0,197,True,True,0.99999731400852,0.0001220703125,0.0,0,True
MOT20-05,137,1720,196,1524,0,196,True,True,0.9999974006354784,0.0001220703125,0.0,0,True
MOT20-05,138,1710,196,1514,0,196,True,True,0.9999976519875734,0.0001220703125,0.0,0,True
MOT20-05,139,1714,195,1519,0,195,True,True,0.9999978293570773,0.0001220703125,0.0,0,True
MOT20-05,140,1723,191,1532,0,191,True,True,0.9999978151914111,0.0001220703125,0.0,0,True
MOT20-05,141,1719,196,1523,0,196,True,True,0.9999972975018107,0.0001220703125,0.0,0,True
MOT20-05,142,1749,201,1548,0,201,True,True,0.9999978087186702,0.0001220703125,0.0,0,True
MOT20-05,143,1721,195,1526,0,195,True,True,0.9999961167009044,0.0001220703125,0.0,0,True
MOT20-05,144,1725,195,1530,0,195,True,True,0.9999977354405813,0.0001220703125,0.0,0,True
MOT20-05,145,1739,200,1539,0,200,True,True,0.9999977042727858,0.0001220703125,0.0,0,True
MOT20-05,146,1728,196,1532,0,196,True,True,0.9999963612546394,0.0001220703125,0.0,0,True
MOT20-05,147,1730,200,1530,0,200,True,True,0.9999925486017451,0.0001220703125,0.0,0,True
MOT20-05,148,1749,201,1548,0,201,True,True,0.9999970991201631,0.0001220703125,0.0,0,True
MOT20-05,149,1778,205,1573,0,205,True,True,0.9999978451874956,0.0001220703125,0.0,0,True
MOT20-05,150,1782,206,1576,0,206,True,True,0.9999969938313419,0.0001220703125,0.0,0,True
MOT20-05,151,1760,200,1560,0,200,True,True,0.9999962452455422,0.0001220703125,0.0,0,True
MOT20-05,152,1760,199,1561,0,199,True,True,0.9999977238999609,0.0001220703125,0.0,0,True
MOT20-05,153,1779,203,1576,0,203,True,True,0.9999923898236722,0.0001220703125,0.0,0,True
MOT20-05,154,1788,206,1582,0,206,True,True,0.9999977859696899,0.0001220703125,0.0,0,True
MOT20-05,155,1759,203,1556,0,203,True,True,0.9999975800372433,0.0001220703125,0.0,0,True
MOT20-05,156,1766,203,1563,0,203,True,True,0.9999976548287394,0.0001220703125,0.0,0,True
MOT20-05,157,1758,199,1559,0,199,True,True,0.9999963971039922,0.0001220703125,0.0,0,True
MOT20-05,158,1755,201,1554,0,201,True,True,0.9999963423822795,0.0001220703125,0.0,0,True
MOT20-05,159,1784,203,1581,0,203,True,True,0.9999975727597427,0.0001220703125,0.0,0,True
MOT20-05,160,1772,202,1570,0,202,True,True,0.9999977545700114,0.0001220703125,0.0,0,True
MOT20-05,161,1779,200,1579,0,200,True,True,0.9999974883206912,0.0001220703125,0.0,0,True
MOT20-05,162,1784,202,1582,0,202,True,True,0.999997559946026,0.0001220703125,0.0,0,True
MOT20-05,163,1762,200,1562,0,200,True,True,0.9999956156311518,0.0001220703125,0.0,0,True
MOT20-05,164,1768,200,1568,0,200,True,True,0.9999950277451819,0.0001220703125,0.0,0,True
MOT20-05,165,1775,202,1573,0,202,True,True,0.9999966986566834,0.0001220703125,0.0,0,True
MOT20-05,166,1763,202,1561,0,202,True,True,0.9999972274092773,0.0001220703125,0.0,0,True
MOT20-05,167,1769,203,1566,0,203,True,True,0.9999972518125935,0.0001220703125,0.0,0,True
MOT20-05,168,1772,199,1573,0,199,True,True,0.9999969170200532,0.0001220703125,0.0,0,True
MOT20-05,169,1765,198,1567,0,198,True,True,0.9999975304434583,0.0001220703125,0.0,0,True
MOT20-05,170,1745,197,1548,0,197,True,True,0.9999965139716407,0.0001220703125,0.0,0,True
MOT20-05,171,1741,198,1543,0,198,True,True,0.9999979253800704,0.0001220703125,0.0,0,True
MOT20-05,172,1731,194,1537,0,194,True,True,0.9999971731928222,0.0001220703125,0.0,0,True
MOT20-05,173,1742,199,1543,0,199,True,True,0.9999977407256789,0.0001220703125,0.0,0,True
MOT20-05,174,1770,200,1570,0,200,True,True,0.999997645241504,0.0001220703125,0.0,0,True
MOT20-05,175,1744,194,1550,0,194,True,True,0.9999964617175531,0.0001220703125,0.0,0,True
MOT20-05,176,1757,199,1558,0,199,True,True,0.9999974640400885,0.0001220703125,0.0,0,True
MOT20-05,177,1773,200,1573,0,200,True,True,0.9999975820881087,0.0001220703125,0.0,0,True
MOT20-05,178,1754,200,1554,0,200,True,True,0.9999977625882379,0.0001220703125,0.0,0,True
MOT20-05,179,1767,196,1571,0,196,True,True,0.9999976465051851,0.0001220703125,0.0,0,True
MOT20-05,180,1737,197,1540,0,197,True,True,0.9999975814126727,0.0001220703125,0.0,0,True
MOT20-05,181,1764,199,1565,0,199,True,True,0.9999976406942493,0.0001220703125,0.0,0,True
MOT20-05,182,1759,203,1556,0,203,True,True,0.9999950181588111,0.0001220703125,0.0,0,True
MOT20-05,183,1748,203,1545,0,203,True,True,0.9999977149379171,0.0001220703125,0.0,0,True
MOT20-05,184,1757,201,1556,0,201,True,True,0.999997825590624,0.0001220703125,0.0,0,True
MOT20-05,185,1744,200,1544,0,200,True,True,0.9999976077832405,0.0001220703125,0.0,0,True
MOT20-05,186,1732,197,1535,0,197,True,True,0.999995879406717,0.0001220703125,0.0,0,True
MOT20-05,187,1753,201,1552,0,201,True,True,0.9999978284473399,0.0001220703125,0.0,0,True
MOT20-05,188,1749,197,1552,0,197,True,True,0.999996976376429,0.0001220703125,0.0,0,True
MOT20-05,189,1737,202,1535,0,202,True,True,0.9999973593315941,0.0001220703125,0.0,0,True
MOT20-05,190,1727,198,1529,0,198,True,True,0.9999972229087809,0.0001220703125,0.0,0,True
MOT20-05,191,1749,202,1547,0,202,True,True,0.9999977142961632,0.0001220703125,0.0,0,True
MOT20-05,192,1728,196,1532,0,196,True,True,0.9999951057883841,0.0001220703125,0.0,0,True
MOT20-05,193,1712,197,1515,0,197,True,True,0.9999965358547692,0.0001220703125,0.0,0,True
MOT20-05,194,1692,195,1497,0,195,True,True,0.999995938055344,0.0001220703125,0.0,0,True
MOT20-05,195,1724,196,1528,0,196,True,True,0.999997699340631,0.0001220703125,0.0,0,True
MOT20-05,196,1699,194,1505,0,194,True,True,0.9999976081190008,0.0001220703125,0.0,0,True
MOT20-05,197,1690,191,1499,0,191,True,True,0.9999957519026166,0.0001220703125,0.0,0,True
MOT20-05,198,1688,193,1495,0,193,True,True,0.9999977820404762,0.0001220703125,0.0,0,True
MOT20-05,199,1701,194,1507,0,194,True,True,0.9999960941314324,0.0001220703125,0.0,0,True
MOT20-05,200,1676,189,1487,0,189,True,True,0.9999970705628182,0.0001220703125,0.0,0,True
MOT20-05,201,1697,193,1504,0,193,True,True,0.9999977937558879,0.0001220703125,0.0,0,True
MOT20-05,202,1707,194,1513,0,194,True,True,0.9999963998425978,0.0001220703125,0.0,0,True
MOT20-05,203,1683,192,1491,0,192,True,True,0.9999977576432019,0.0001220703125,0.0,0,True
MOT20-05,204,1698,194,1504,0,194,True,True,0.9999977195880193,0.0001220703125,0.0,0,True
MOT20-05,205,1685,195,1490,0,195,True,True,0.9999974691494368,0.0001220703125,0.0,0,True
MOT20-05,206,1700,194,1506,0,194,True,True,0.9999977585561516,0.0001220703125,0.0,0,True
MOT20-05,207,1717,194,1523,0,194,True,True,0.9999974737203762,0.0001220703125,0.0,0,True
MOT20-05,208,1706,194,1512,0,194,True,True,0.9999957067264863,0.0001220703125,0.0,0,True
MOT20-05,209,1702,193,1509,0,193,True,True,0.9999958236494204,0.0001220703125,0.0,0,True
MOT20-05,210,1725,198,1527,0,198,True,True,0.9999977820362681,0.0001220703125,0.0,0,True
MOT20-05,211,1738,199,1539,0,199,True,True,0.9999977817410671,0.0001220703125,0.0,0,True
MOT20-05,212,1722,195,1527,0,195,True,True,0.9999970850500495,0.0001220703125,0.0,0,True
MOT20-05,213,1735,196,1539,0,196,True,True,0.9999978660839653,0.0001220703125,0.0,0,True
MOT20-05,214,1701,193,1508,0,193,True,True,0.9999978393281175,0.0001220703125,0.0,0,True
MOT20-05,215,1710,195,1515,0,195,True,True,0.9999967598217901,0.0001220703125,0.0,0,True
MOT20-05,216,1704,194,1510,0,194,True,True,0.9999979225527672,0.0001220703125,0.0,0,True
MOT20-05,217,1709,196,1513,0,196,True,True,0.9999978753510982,0.0001220703125,0.0,0,True
MOT20-05,218,1714,191,1523,0,191,True,True,0.9999961520035555,0.0001220703125,0.0,0,True
MOT20-05,219,1716,195,1521,0,195,True,True,0.9999970354427641,0.0001220703125,0.0,0,True
MOT20-05,220,1708,192,1516,0,192,True,True,0.9999973898296914,0.0001220703125,0.0,0,True
MOT20-05,221,1700,192,1508,0,192,True,True,0.9999977685128965,0.0001220703125,0.0,0,True
MOT20-05,222,1733,193,1540,0,193,True,True,0.9999975227468044,0.0001220703125,0.0,0,True
MOT20-05,223,1740,194,1546,0,194,True,True,0.99999552787809,0.0001220703125,0.0,0,True
MOT20-05,224,1734,194,1540,0,194,True,True,0.9999977631037383,0.0001220703125,0.0,0,True
MOT20-05,225,1756,196,1560,0,196,True,True,0.9999976871414562,0.0001220703125,0.0,0,True
MOT20-05,226,1754,197,1557,0,197,True,True,0.9999969795272357,0.0001220703125,0.0,0,True
MOT20-05,227,1752,194,1558,0,194,True,True,0.9999972654468486,0.0001220703125,0.0,0,True
MOT20-05,228,1757,194,1563,0,194,True,True,0.9999975468732714,0.0001220703125,0.0,0,True
MOT20-05,229,1725,193,1532,0,193,True,True,0.9999975314111862,0.0001220703125,0.0,0,True
MOT20-05,230,1730,195,1535,0,195,True,True,0.999997312792039,0.0001220703125,0.0,0,True
MOT20-05,231,1746,197,1549,0,197,True,True,0.9999977976818399,0.0001220703125,0.0,0,True
MOT20-05,232,1766,197,1569,0,197,True,True,0.9999957493565589,0.0001220703125,0.0,0,True
MOT20-05,233,1776,200,1576,0,200,True,True,0.9999975906688917,0.0001220703125,0.0,0,True
MOT20-05,234,1782,202,1580,0,202,True,True,0.9999976295509658,0.0001220703125,0.0,0,True
MOT20-05,235,1761,197,1564,0,197,True,True,0.9999956311464309,0.0001220703125,0.0,0,True
MOT20-05,236,1764,195,1569,0,195,True,True,0.9999977060537242,0.0001220703125,0.0,0,True
MOT20-05,237,1766,198,1568,0,198,True,True,0.999997367573596,0.0001220703125,0.0,0,True
MOT20-05,238,1777,200,1577,0,200,True,True,0.9999974207725818,0.0001220703125,0.0,0,True
MOT20-05,239,1767,199,1568,0,199,True,True,0.9999975236987197,0.0001220703125,0.0,0,True
MOT20-05,240,1736,194,1542,0,194,True,True,0.999996502408092,0.0001220703125,0.0,0,True
MOT20-05,241,1732,196,1536,0,196,True,True,0.9999976842953542,0.0001220703125,0.0,0,True
MOT20-05,242,1724,196,1528,0,196,True,True,0.9999955219402538,0.0001220703125,0.0,0,True
MOT20-05,243,1734,196,1538,0,196,True,True,0.9999973246079882,0.0001220703125,0.0,0,True
MOT20-05,244,1731,195,1536,0,195,True,True,0.9999978205520554,0.0001220703125,0.0,0,True
MOT20-05,245,1752,201,1551,0,201,True,True,0.9999976001747073,0.0001220703125,0.0,0,True
MOT20-05,246,1735,198,1537,0,198,True,True,0.9999953823633988,0.0001220703125,0.0,0,True
MOT20-05,247,1754,202,1552,0,202,True,True,0.999996192253139,0.0001220703125,0.0,0,True
MOT20-05,248,1741,196,1545,0,196,True,True,0.9999955647217972,0.0001220703125,0.0,0,True
MOT20-05,249,1736,195,1541,0,195,True,True,0.9999961774848931,0.0001220703125,0.0,0,True
MOT20-05,250,1738,195,1543,0,195,True,True,0.9999962181163572,0.0001220703125,0.0,0,True
MOT20-05,251,1744,194,1550,0,194,True,True,0.9999956794497347,0.0001220703125,0.0,0,True
MOT20-05,252,1737,194,1543,0,194,True,True,0.999996799359872,0.0001220703125,0.0,0,True
MOT20-05,253,1729,194,1535,0,194,True,True,0.9999979557835993,0.0001220703125,0.0,0,True
MOT20-05,254,1730,193,1537,0,193,True,True,0.9999962591790394,0.0001220703125,0.0,0,True
MOT20-05,255,1738,196,1542,0,196,True,True,0.9999976881178505,0.0001220703125,0.0,0,True
MOT20-05,256,1734,196,1538,0,196,True,True,0.9999976373301831,0.0001220703125,0.0,0,True
MOT20-05,257,1746,198,1548,0,198,True,True,0.999995640032351,0.0001220703125,0.0,0,True
MOT20-05,258,1752,197,1555,0,197,True,True,0.999995368805198,0.0001220703125,0.0,0,True
MOT20-05,259,1752,196,1556,0,196,True,True,0.9999975658287635,0.0001220703125,0.0,0,True
MOT20-05,260,1735,195,1540,0,195,True,True,0.9999976340992542,0.0001220703125,0.0,0,True
MOT20-05,261,1729,195,1534,0,195,True,True,0.9999979901606539,0.0001220703125,0.0,0,True
MOT20-05,262,1711,192,1519,0,192,True,True,0.999997383897365,0.0001220703125,0.0,0,True
MOT20-05,263,1726,194,1532,0,194,True,True,0.9999962258240441,0.0001220703125,0.0,0,True
MOT20-05,264,1723,193,1530,0,193,True,True,0.9999965056224535,0.0001220703125,0.0,0,True
MOT20-05,265,1733,196,1537,0,196,True,True,0.9999958889985345,0.0001220703125,0.0,0,True
MOT20-05,266,1731,195,1536,0,195,True,True,0.9999955069002816,0.0001220703125,0.0,0,True
MOT20-05,267,1748,194,1554,0,194,True,True,0.9999978201682395,0.0001220703125,0.0,0,True
MOT20-05,268,1759,201,1558,0,201,True,True,0.9999964229375552,0.0001220703125,0.0,0,True
MOT20-05,269,1759,197,1562,0,197,True,True,0.9999963122152339,0.0001220703125,0.0,0,True
MOT20-05,270,1737,194,1543,0,194,True,True,0.9999973484928834,0.0001220703125,0.0,0,True
MOT20-05,271,1761,197,1564,0,197,True,True,0.9999955479177611,0.0001220703125,0.0,0,True
MOT20-05,272,1749,196,1553,0,196,True,True,0.9999967734545654,0.0001220703125,0.0,0,True
MOT20-05,273,1742,197,1545,0,197,True,True,0.9999960725324704,0.0001220703125,0.0,0,True
MOT20-05,274,1776,199,1577,0,199,True,True,0.9999977362608009,0.0001220703125,0.0,0,True
MOT20-05,275,1779,199,1580,0,199,True,True,0.9999976284378758,0.0001220703125,0.0,0,True
MOT20-05,276,1772,200,1572,0,200,True,True,0.9999956369221104,0.0001220703125,0.0,0,True
MOT20-05,277,1770,200,1570,0,200,True,True,0.9999976528357882,0.0001220703125,0.0,0,True
MOT20-05,278,1789,203,1586,0,203,True,True,0.9999977008239431,0.0001220703125,0.0,0,True
MOT20-05,279,1768,199,1569,0,199,True,True,0.9999960920249954,0.0001220703125,0.0,0,True
MOT20-05,280,1787,204,1583,0,204,True,True,0.9999974537862198,0.0001220703125,0.0,0,True
MOT20-05,281,1776,201,1575,0,201,True,True,0.9999951061955564,0.0001220703125,0.0,0,True
MOT20-05,282,1773,200,1573,0,200,True,True,0.9999961515404256,0.0001220703125,0.0,0,True
MOT20-05,283,1786,200,1586,0,200,True,True,0.9999963754129764,0.0001220703125,0.0,0,True
MOT20-05,284,1793,199,1594,0,199,True,True,0.9999954265538855,0.0001220703125,0.0,0,True
MOT20-05,285,1784,203,1581,0,203,True,True,0.9999959733840686,0.0001220703125,0.0,0,True
MOT20-05,286,1787,202,1585,0,202,True,True,0.999995521198169,0.0001220703125,0.0,0,True
MOT20-05,287,1784,200,1584,0,200,True,True,0.9999956341410172,0.0001220703125,0.0,0,True
MOT20-05,288,1784,203,1581,0,203,True,True,0.9999978101630334,0.0001220703125,0.0,0,True
MOT20-05,289,1783,200,1583,0,200,True,True,0.9999976679430792,0.0001220703125,0.0,0,True
MOT20-05,290,1773,201,1572,0,201,True,True,0.9999972944917987,0.0001220703125,0.0,0,True
MOT20-05,291,1746,196,1550,0,196,True,True,0.9999956838320665,0.0001220703125,0.0,0,True
MOT20-05,292,1775,201,1574,0,201,True,True,0.9999947617639466,0.0001220703125,0.0,0,True
MOT20-05,293,1758,200,1558,0,200,True,True,0.9999957651702189,0.0001220703125,0.0,0,True
MOT20-05,294,1770,202,1568,0,202,True,True,0.9999957521642723,0.0001220703125,0.0,0,True
MOT20-05,295,1754,199,1555,0,199,True,True,0.9999976283881747,0.0001220703125,0.0,0,True
MOT20-05,296,1799,204,1595,0,204,True,True,0.9999962285498775,0.0001220703125,0.0,0,True
MOT20-05,297,1815,207,1608,0,207,True,True,0.9999971027341498,0.0001220703125,0.0,0,True
MOT20-05,298,1810,202,1608,0,202,True,True,0.9999969818834187,0.0001220703125,0.0,0,True
MOT20-05,299,1815,202,1613,0,202,True,True,0.9999977442116471,0.0001220703125,0.0,0,True
MOT20-05,300,1823,205,1618,0,205,True,True,0.9999974825473305,0.0001220703125,0.0,0,True
MOT20-05,301,1825,203,1622,0,203,True,True,0.999996148928632,0.0001220703125,0.0,0,True
MOT20-05,302,1828,201,1627,0,201,True,True,0.9999950702258446,0.0001220703125,0.0,0,True
MOT20-05,303,1798,200,1598,0,200,True,True,0.9999976958843887,0.0001220703125,0.0,0,True
MOT20-05,304,1803,199,1604,0,199,True,True,0.9999961084345789,0.0001220703125,0.0,0,True
MOT20-05,305,1784,199,1585,0,199,True,True,0.9999952586748471,0.0001220703125,0.0,0,True
MOT20-05,306,1800,199,1601,0,199,True,True,0.9999951219036284,0.0001220703125,0.0,0,True
MOT20-05,307,1816,201,1615,0,201,True,True,0.9999961209196988,0.0001220703125,0.0,0,True
MOT20-05,308,1828,206,1622,0,206,True,True,0.9999978968444254,0.0001220703125,0.0,0,True
MOT20-05,309,1786,203,1583,0,203,True,True,0.9999934001240777,0.0001220703125,0.0,0,True
MOT20-05,310,1806,203,1603,0,203,True,True,0.9999974806404301,0.0001220703125,0.0,0,True
MOT20-05,311,1812,201,1611,0,201,True,True,0.9999976657169422,0.0001220703125,0.0,0,True
MOT20-05,312,1798,202,1596,0,202,True,True,0.9999943577735775,0.0001220703125,0.0,0,True
MOT20-05,313,1799,200,1599,0,200,True,True,0.9999976462724016,0.0001220703125,0.0,0,True
MOT20-05,314,1820,203,1617,0,203,True,True,0.9999951642229874,0.0001220703125,0.0,0,True
MOT20-05,315,1819,202,1617,0,202,True,True,0.9999972349109089,0.0001220703125,0.0,0,True
MOT20-05,316,1819,205,1614,0,205,True,True,0.9999976696332236,0.0001220703125,0.0,0,True
MOT20-05,317,1826,206,1620,0,206,True,True,0.9999956760496389,0.0001220703125,0.0,0,True
MOT20-05,318,1831,208,1623,0,208,True,True,0.9999957100785271,0.0001220703125,0.0,0,True
MOT20-05,319,1827,209,1618,0,209,True,True,0.9999957109433136,0.0001220703125,0.0,0,True
MOT20-05,320,1852,211,1641,0,211,True,True,0.9999970881730325,0.0001220703125,0.0,0,True
MOT20-05,321,1851,215,1636,0,215,True,True,0.9999958810021522,0.0001220703125,0.0,0,True
MOT20-05,322,1830,203,1627,0,203,True,True,0.9999970964416893,0.0001220703125,0.0,0,True
MOT20-05,323,1839,210,1629,0,210,True,True,0.9999976570449366,0.0001220703125,0.0,0,True
MOT20-05,324,1834,205,1629,0,205,True,True,0.9999960096964376,0.0001220703125,0.0,0,True
MOT20-05,325,1840,205,1635,0,205,True,True,0.9999971161444005,0.0001220703125,0.0,0,True
MOT20-05,326,1827,205,1622,0,205,True,True,0.9999977300431064,0.0001220703125,0.0,0,True
MOT20-05,327,1825,203,1622,0,203,True,True,0.999995742506812,0.0001220703125,0.0,0,True
MOT20-05,328,1814,201,1613,0,201,True,True,0.9999964303562504,0.0001220703125,0.0,0,True
MOT20-05,329,1822,201,1621,0,201,True,True,0.9999961144313346,0.0001220703125,0.0,0,True
MOT20-05,330,1808,203,1605,0,203,True,True,0.9999961319096182,0.0001220703125,0.0,0,True
MOT20-05,331,1807,203,1604,0,203,True,True,0.9999958435685458,0.0001220703125,0.0,0,True
MOT20-05,332,1811,201,1610,0,201,True,True,0.9999959800368631,0.0001220703125,0.0,0,True
MOT20-05,333,1802,203,1599,0,203,True,True,0.9999976434102681,0.0001220703125,0.0,0,True
MOT20-05,334,1796,204,1592,0,204,True,True,0.9999976140087492,0.0001220703125,0.0,0,True
MOT20-05,335,1806,203,1603,0,203,True,True,0.9999958322306111,0.0001220703125,0.0,0,True
MOT20-05,336,1817,206,1611,0,206,True,True,0.9999958366640022,0.0001220703125,0.0,0,True
MOT20-05,337,1794,205,1589,0,205,True,True,0.9999977892002432,0.0001220703125,0.0,0,True
MOT20-05,338,1796,201,1595,0,201,True,True,0.9999976515457526,0.0001220703125,0.0,0,True
MOT20-05,339,1807,202,1605,0,202,True,True,0.9999976132170493,0.0001220703125,0.0,0,True
MOT20-05,340,1799,202,1597,0,202,True,True,0.9999975418681311,0.0001220703125,0.0,0,True
MOT20-05,341,1797,206,1591,0,206,True,True,0.9999960997223002,0.0001220703125,0.0,0,True
MOT20-05,342,1790,208,1582,0,208,True,True,0.9999972403058845,0.0001220703125,0.0,0,True
MOT20-05,343,1825,211,1614,0,211,True,True,0.9999970314649869,0.0001220703125,0.0,0,True
MOT20-05,344,1797,207,1590,0,207,True,True,0.9999976545862221,0.0001220703125,0.0,0,True
MOT20-05,345,1802,208,1594,0,208,True,True,0.9999972237414526,0.0001220703125,0.0,0,True
MOT20-05,346,1800,208,1592,0,208,True,True,0.9999965642173545,0.0001220703125,0.0,0,True
MOT20-05,347,1809,205,1604,0,205,True,True,0.9999963739492723,0.0001220703125,0.0,0,True
MOT20-05,348,1798,204,1594,0,204,True,True,0.9999970933264606,0.0001220703125,0.0,0,True
MOT20-05,349,1793,204,1589,0,204,True,True,0.9999970972760839,0.0001220703125,0.0,0,True
MOT20-05,350,1810,209,1601,0,209,True,True,0.9999968124442178,0.0001220703125,0.0,0,True
MOT20-05,351,1805,209,1596,0,209,True,True,0.9999975136686068,0.0001220703125,0.0,0,True
MOT20-05,352,1811,206,1605,0,206,True,True,0.9999972094580514,0.0001220703125,0.0,0,True
MOT20-05,353,1837,205,1632,0,205,True,True,0.999995635008108,0.0001220703125,0.0,0,True
MOT20-05,354,1812,204,1608,0,204,True,True,0.9999939338700541,0.0001220703125,0.0,0,True
MOT20-05,355,1799,199,1600,0,199,True,True,0.9999961260580704,0.0001220703125,0.0,0,True
MOT20-05,356,1799,202,1597,0,202,True,True,0.9999969907888046,0.0001220703125,0.0,0,True
MOT20-05,357,1803,206,1597,0,206,True,True,0.9999958991435361,0.0001220703125,0.0,0,True
MOT20-05,358,1805,201,1604,0,201,True,True,0.9999979177548272,0.0001220703125,0.0,0,True
MOT20-05,359,1816,203,1613,0,203,True,True,0.9999975128502736,0.0001220703125,0.0,0,True
MOT20-05,360,1823,207,1616,0,207,True,True,0.9999973125834429,0.0001220703125,0.0,0,True
MOT20-05,361,1801,202,1599,0,202,True,True,0.9999975305398442,0.0001220703125,0.0,0,True
MOT20-05,362,1802,203,1599,0,203,True,True,0.9999965148172545,0.0001220703125,0.0,0,True
MOT20-05,363,1822,204,1618,0,204,True,True,0.9999960728034377,0.0001220703125,0.0,0,True
MOT20-05,364,1810,206,1604,0,206,True,True,0.9999957851612387,0.0001220703125,0.0,0,True
MOT20-05,365,1799,203,1596,0,203,True,True,0.9999978074310547,0.0001220703125,0.0,0,True
MOT20-05,366,1813,201,1612,0,201,True,True,0.9999955934033248,0.0001220703125,0.0,0,True
MOT20-05,367,1812,203,1609,0,203,True,True,0.9999973392710434,0.0001220703125,0.0,0,True
MOT20-05,368,1810,205,1605,0,205,True,True,0.9999978232583865,0.0001220703125,0.0,0,True
MOT20-05,369,1845,208,1637,0,208,True,True,0.9999977407103658,0.0001220703125,0.0,0,True
MOT20-05,370,1824,204,1620,0,204,True,True,0.9999964893495642,0.0001220703125,0.0,0,True
MOT20-05,371,1810,204,1606,0,204,True,True,0.9999969071877987,0.0001220703125,0.0,0,True
MOT20-05,372,1823,206,1617,0,206,True,True,0.9999956486076632,0.0001220703125,0.0,0,True
MOT20-05,373,1821,205,1616,0,205,True,True,0.9999976863821611,0.0001220703125,0.0,0,True
MOT20-05,374,1837,208,1629,0,208,True,True,0.9999971129472767,0.0001220703125,0.0,0,True
MOT20-05,375,1810,205,1605,0,205,True,True,0.9999975854683829,0.0001220703125,0.0,0,True
MOT20-05,376,1841,208,1633,0,208,True,True,0.9999958451745857,0.0001220703125,0.0,0,True
MOT20-05,377,1854,212,1642,0,212,True,True,0.9999948790954434,0.0001220703125,0.0,0,True
MOT20-05,378,1832,208,1624,0,208,True,True,0.9999918929545721,0.0001220703125,0.0,0,True
MOT20-05,379,1824,209,1615,0,209,True,True,0.9999958520681588,0.0001220703125,0.0,0,True
MOT20-05,380,1825,207,1618,0,207,True,True,0.9999959967814123,0.0001220703125,0.0,0,True
MOT20-05,381,1827,208,1619,0,208,True,True,0.9999959347940973,0.0001220703125,0.0,0,True
MOT20-05,382,1816,204,1612,0,204,True,True,0.9999975962479835,0.0001220703125,0.0,0,True
MOT20-05,383,1830,207,1623,0,207,True,True,0.9999960487583223,0.0001220703125,0.0,0,True
MOT20-05,384,1826,203,1623,0,203,True,True,0.9999959351906802,0.0001220703125,0.0,0,True
MOT20-05,385,1812,206,1606,0,206,True,True,0.9999976470865048,0.0001220703125,0.0,0,True
MOT20-05,386,1837,207,1630,0,207,True,True,0.9999953349505505,0.0001220703125,0.0,0,True
MOT20-05,387,1820,204,1616,0,204,True,True,0.9999976869948975,0.0001220703125,0.0,0,True
MOT20-05,388,1806,204,1602,0,204,True,True,0.999997651109968,0.0001220703125,0.0,0,True
MOT20-05,389,1801,205,1596,0,205,True,True,0.9999970372740551,0.0001220703125,0.0,0,True
MOT20-05,390,1814,205,1609,0,205,True,True,0.9999948029404963,0.0001220703125,0.0,0,True
MOT20-05,391,1800,207,1593,0,207,True,True,0.9999976735313003,0.0001220703125,0.0,0,True
MOT20-05,392,1792,205,1587,0,205,True,True,0.9999962611511168,0.0001220703125,0.0,0,True
MOT20-05,393,1795,201,1594,0,201,True,True,0.9999976029933819,0.0001220703125,0.0,0,True
MOT20-05,394,1782,202,1580,0,202,True,True,0.9999977203768673,0.0001220703125,0.0,0,True
MOT20-05,395,1782,202,1580,0,202,True,True,0.9999957138019863,0.0001220703125,0.0,0,True
MOT20-05,396,1794,205,1589,0,205,True,True,0.9999974780264108,0.0001220703125,0.0,0,True
MOT20-05,397,1790,204,1586,0,204,True,True,0.9999955834033059,0.0001220703125,0.0,0,True
MOT20-05,398,1785,200,1585,0,200,True,True,0.9999958504502261,0.0001220703125,0.0,0,True
MOT20-05,399,1792,203,1589,0,203,True,True,0.9999973958107988,0.0001220703125,0.0,0,True
MOT20-05,400,1790,206,1584,0,206,True,True,0.9999957037107051,0.0001220703125,0.0,0,True
MOT20-05,401,1782,208,1574,0,208,True,True,0.9999976348211097,0.0001220703125,0.0,0,True
MOT20-05,402,1768,199,1569,0,199,True,True,0.9999977439862456,0.0001220703125,0.0,0,True
MOT20-05,403,1773,201,1572,0,201,True,True,0.9999978176612312,0.0001220703125,0.0,0,True
MOT20-05,404,1773,201,1572,0,201,True,True,0.9999978720809277,0.0001220703125,0.0,0,True
MOT20-05,405,1782,201,1581,0,201,True,True,0.9999975889264213,0.0001220703125,0.0,0,True
MOT20-05,406,1760,199,1561,0,199,True,True,0.9999974188485999,0.0001220703125,0.0,0,True
MOT20-05,407,1757,199,1558,0,199,True,True,0.9999976020990534,0.0001220703125,0.0,0,True
MOT20-05,408,1750,198,1552,0,198,True,True,0.9999959840970242,0.0001220703125,0.0,0,True
MOT20-05,409,1771,200,1571,0,200,True,True,0.999997373931172,0.0001220703125,0.0,0,True
MOT20-05,410,1776,199,1577,0,199,True,True,0.9999961505741418,0.0001220703125,0.0,0,True
MOT20-05,411,1779,203,1576,0,203,True,True,0.9999970145689038,0.0001220703125,0.0,0,True
MOT20-05,412,1773,197,1576,0,197,True,True,0.9999976926413718,0.0001220703125,0.0,0,True
MOT20-05,413,1785,200,1585,0,200,True,True,0.9999967614168154,0.0001220703125,0.0,0,True
MOT20-05,414,1774,201,1573,0,201,True,True,0.9999955536683348,0.0001220703125,0.0,0,True
MOT20-05,415,1780,202,1578,0,202,True,True,0.9999976717615876,0.0001220703125,0.0,0,True
MOT20-05,416,1771,201,1570,0,201,True,True,0.9999975903788424,0.0001220703125,0.0,0,True
MOT20-05,417,1780,200,1580,0,200,True,True,0.9999956912523806,0.0001220703125,0.0,0,True
MOT20-05,418,1782,199,1583,0,199,True,True,0.9999958444494311,0.0001220703125,0.0,0,True
MOT20-05,419,1794,202,1592,0,202,True,True,0.999997774802221,0.0001220703125,0.0,0,True
MOT20-05,420,1787,204,1583,0,204,True,True,0.9999977595002789,0.0001220703125,0.0,0,True
MOT20-05,421,1772,200,1572,0,200,True,True,0.9999966121447834,0.0001220703125,0.0,0,True
MOT20-05,422,1767,200,1567,0,200,True,True,0.9999947344310289,0.0001220703125,0.0,0,True
MOT20-05,423,1787,200,1587,0,200,True,True,0.9999911801023108,0.0001220703125,0.0,0,True
MOT20-05,424,1753,202,1551,0,202,True,True,0.9999975930873468,0.0001220703125,0.0,0,True
MOT20-05,425,1807,204,1603,0,204,True,True,0.9999974937343359,0.0001220703125,0.0,0,True
MOT20-05,426,1775,201,1574,0,201,True,True,0.9999970109179545,0.0001220703125,0.0,0,True
MOT20-05,427,1761,199,1562,0,199,True,True,0.9999975579915946,0.0001220703125,0.0,0,True
MOT20-05,428,1787,203,1584,0,203,True,True,0.9999974929049209,0.0001220703125,0.0,0,True
MOT20-05,429,1801,204,1597,0,204,True,True,0.9999976844776645,0.0001220703125,0.0,0,True
MOT20-05,430,1761,198,1563,0,198,True,True,0.9999956877106221,0.0001220703125,0.0,0,True
MOT20-05,431,1778,199,1579,0,199,True,True,0.9999959311220338,0.0001220703125,0.0,0,True
MOT20-05,432,1766,198,1568,0,198,True,True,0.9999960909938452,0.0001220703125,0.0,0,True
MOT20-05,433,1777,198,1579,0,198,True,True,0.9999960157140239,0.0001220703125,0.0,0,True
MOT20-05,434,1772,201,1571,0,201,True,True,0.9999976127781149,0.0001220703125,0.0,0,True
MOT20-05,435,1769,201,1568,0,201,True,True,0.9999967203705982,0.0001220703125,0.0,0,True
MOT20-05,436,1768,199,1569,0,199,True,True,0.9999975998694329,0.0001220703125,0.0,0,True
MOT20-05,437,1788,204,1584,0,204,True,True,0.9999976237609516,0.0001220703125,0.0,0,True
MOT20-05,438,1793,208,1585,0,208,True,True,0.9999978230439506,0.0001220703125,0.0,0,True
MOT20-05,439,1796,204,1592,0,204,True,True,0.9999971912542482,0.0001220703125,0.0,0,True
MOT20-05,440,1796,209,1587,0,209,True,True,0.9999959558949908,0.0001220703125,0.0,0,True
MOT20-05,441,1787,207,1580,0,207,True,True,0.9999964666683155,0.0001220703125,0.0,0,True
MOT20-05,442,1760,207,1553,0,207,True,True,0.9999977160710941,0.0001220703125,0.0,0,True
MOT20-05,443,1784,207,1577,0,207,True,True,0.9999954629081398,0.0001220703125,0.0,0,True
MOT20-05,444,1783,207,1576,0,207,True,True,0.9999950054440659,0.0001220703125,0.0,0,True
MOT20-05,445,1782,205,1577,0,205,True,True,0.9999974281779593,0.0001220703125,0.0,0,True
MOT20-05,446,1776,202,1574,0,202,True,True,0.9999975393942973,0.0001220703125,0.0,0,True
MOT20-05,447,1759,204,1555,0,204,True,True,0.9999966156882791,0.0001220703125,0.0,0,True
MOT20-05,448,1760,202,1558,0,202,True,True,0.9999960216595328,0.0001220703125,0.0,0,True
MOT20-05,449,1741,202,1539,0,202,True,True,0.9999962188639981,0.0001220703125,0.0,0,True
MOT20-05,450,1740,200,1540,0,200,True,True,0.9999943397550198,0.0001220703125,0.0,0,True
MOT20-05,451,1740,200,1540,0,200,True,True,0.9999947980201265,0.0001220703125,0.0,0,True
MOT20-05,452,1727,199,1528,0,199,True,True,0.9999976301071192,0.0001220703125,0.0,0,True
MOT20-05,453,1724,200,1524,0,200,True,True,0.999996712842738,0.0001220703125,0.0,0,True
MOT20-05,454,1717,201,1516,0,201,True,True,0.9999932423591796,0.0001220703125,0.0,0,True
MOT20-05,455,1722,201,1521,0,201,True,True,0.9999974632230766,0.0001220703125,0.0,0,True
MOT20-05,456,1704,196,1508,0,196,True,True,0.9999960254293033,0.0001220703125,0.0,0,True
MOT20-05,457,1714,194,1520,0,194,True,True,0.9999977677525063,0.0001220703125,0.0,0,True
MOT20-05,458,1705,193,1512,0,193,True,True,0.999995529107744,0.0001220703125,0.0,0,True
MOT20-05,459,1688,193,1495,0,193,True,True,0.9999958995373919,0.0001220703125,0.0,0,True
MOT20-05,460,1723,193,1530,0,193,True,True,0.9999961326112782,0.0001220703125,0.0,0,True
MOT20-05,461,1727,195,1532,0,195,True,True,0.9999968870335609,0.0001220703125,0.0,0,True
MOT20-05,462,1709,195,1514,0,195,True,True,0.9999977092959063,0.0001220703125,0.0,0,True
MOT20-05,463,1706,196,1510,0,196,True,True,0.9999975040123003,0.0001220703125,0.0,0,True
MOT20-05,464,1711,196,1515,0,196,True,True,0.9999976997957418,0.0001220703125,0.0,0,True
MOT20-05,465,1709,194,1515,0,194,True,True,0.9999975258406385,0.0001220703125,0.0,0,True
MOT20-05,466,1693,194,1499,0,194,True,True,0.9999973947613862,0.0001220703125,0.0,0,True
MOT20-05,467,1746,200,1546,0,200,True,True,0.9999971414932267,0.0001220703125,0.0,0,True
MOT20-05,468,1742,199,1543,0,199,True,True,0.9999978419020612,0.0001220703125,0.0,0,True
MOT20-05,469,1722,194,1528,0,194,True,True,0.9999973004419177,0.0001220703125,0.0,0,True
MOT20-05,470,1733,193,1540,0,193,True,True,0.9999964373000435,0.0001220703125,0.0,0,True
MOT20-05,471,1741,197,1544,0,197,True,True,0.9999948606332214,0.0001220703125,0.0,0,True
MOT20-05,472,1736,196,1540,0,196,True,True,0.9999962788274586,0.0001220703125,0.0,0,True
MOT20-05,473,1750,196,1554,0,196,True,True,0.9999959184006662,0.0001220703125,0.0,0,True
MOT20-05,474,1719,193,1526,0,193,True,True,0.9999974582905479,0.0001220703125,0.0,0,True
MOT20-05,475,1705,193,1512,0,193,True,True,0.9999963077422952,0.0001220703125,0.0,0,True
MOT20-05,476,1718,196,1522,0,196,True,True,0.9999972846011791,0.0001220703125,0.0,0,True
MOT20-05,477,1711,194,1517,0,194,True,True,0.9999974177221728,0.0001220703125,0.0,0,True
MOT20-05,478,1711,195,1516,0,195,True,True,0.9999954905899887,0.0001220703125,0.0,0,True
MOT20-05,479,1698,194,1504,0,194,True,True,0.9999971276333712,0.0001220703125,0.0,0,True
MOT20-05,480,1683,191,1492,0,191,True,True,0.9999973676507523,0.0001220703125,0.0,0,True
MOT20-05,481,1703,195,1508,0,195,True,True,0.9999972039137686,0.0001220703125,0.0,0,True
MOT20-05,482,1740,198,1542,0,198,True,True,0.9999967041405882,0.0001220703125,0.0,0,True
MOT20-05,483,1725,200,1525,0,200,True,True,0.9999966778053154,0.0001220703125,0.0,0,True
MOT20-05,484,1737,200,1537,0,200,True,True,0.999997694104517,0.0001220703125,0.0,0,True
MOT20-05,485,1758,202,1556,0,202,True,True,0.999994847762583,0.0001220703125,0.0,0,True
MOT20-05,486,1754,201,1553,0,201,True,True,0.9999973499792171,0.0001220703125,0.0,0,True
MOT20-05,487,1716,194,1522,0,194,True,True,0.9999976844901749,0.0001220703125,0.0,0,True
MOT20-05,488,1722,196,1526,0,196,True,True,0.9999961707390856,0.0001220703125,0.0,0,True
MOT20-05,489,1742,199,1543,0,199,True,True,0.9999957481896158,0.0001220703125,0.0,0,True
MOT20-05,490,1748,198,1550,0,198,True,True,0.9999961394284038,0.0001220703125,0.0,0,True
MOT20-05,491,1781,207,1574,0,207,True,True,0.9999965160436192,0.0001220703125,0.0,0,True
MOT20-05,492,1777,208,1569,0,208,True,True,0.9999975740977325,0.0001220703125,0.0,0,True
MOT20-05,493,1776,203,1573,0,203,True,True,0.9999971120217869,0.0001220703125,0.0,0,True
MOT20-05,494,1777,204,1573,0,204,True,True,0.9999957408112351,0.0001220703125,0.0,0,True
MOT20-05,495,1764,199,1565,0,199,True,True,0.999996060533837,0.0001220703125,0.0,0,True
MOT20-05,496,1779,199,1580,0,199,True,True,0.9999963965716984,0.0001220703125,0.0,0,True
MOT20-05,497,1771,201,1570,0,201,True,True,0.9999959854835083,0.0001220703125,0.0,0,True
MOT20-05,498,1773,201,1572,0,201,True,True,0.9999970062300353,0.0001220703125,0.0,0,True
MOT20-05,499,1756,198,1558,0,198,True,True,0.9999969510652622,0.0001220703125,0.0,0,True
MOT20-05,500,1760,200,1560,0,200,True,True,0.9999966004550673,0.0001220703125,0.0,0,True
MOT20-05,501,1754,197,1557,0,197,True,True,0.9999956975090729,0.0001220703125,0.0,0,True
MOT20-05,502,1760,200,1560,0,200,True,True,0.9999976660435003,0.0001220703125,0.0,0,True
MOT20-05,503,1736,199,1537,0,199,True,True,0.9999977644477177,0.0001220703125,0.0,0,True
MOT20-05,504,1729,196,1533,0,196,True,True,0.9999974979670982,0.0001220703125,0.0,0,True
MOT20-05,505,1734,195,1539,0,195,True,True,0.9999954190535306,0.0001220703125,0.0,0,True
MOT20-05,506,1724,196,1528,0,196,True,True,0.9999963506846116,0.0001220703125,0.0,0,True
MOT20-05,507,1749,197,1552,0,197,True,True,0.9999971667615801,0.0001220703125,0.0,0,True
MOT20-05,508,1758,198,1560,0,198,True,True,0.9999974600207262,0.0001220703125,0.0,0,True
MOT20-05,509,1743,198,1545,0,198,True,True,0.9999958931141899,0.0001220703125,0.0,0,True
MOT20-05,510,1740,197,1543,0,197,True,True,0.9999950780013732,0.0001220703125,0.0,0,True
MOT20-05,511,1749,196,1553,0,196,True,True,0.9999959396056951,0.0001220703125,0.0,0,True
MOT20-05,512,1742,197,1545,0,197,True,True,0.9999963311570981,0.0001220703125,0.0,0,True
MOT20-05,513,1736,197,1539,0,197,True,True,0.9999977268133361,0.0001220703125,0.0,0,True
MOT20-05,514,1730,193,1537,0,193,True,True,0.9999961233698771,0.0001220703125,0.0,0,True
MOT20-05,515,1721,193,1528,0,193,True,True,0.9999952245876431,0.0001220703125,0.0,0,True
MOT20-05,516,1713,193,1520,0,193,True,True,0.9999962293746795,0.0001220703125,0.0,0,True
MOT20-05,517,1723,200,1523,0,200,True,True,0.9999951755837352,0.0001220703125,0.0,0,True
MOT20-05,518,1741,202,1539,0,202,True,True,0.9999973430118555,0.0001220703125,0.0,0,True
MOT20-05,519,1729,196,1533,0,196,True,True,0.9999974689585204,0.0001220703125,0.0,0,True
MOT20-05,520,1721,200,1521,0,200,True,True,0.9999977104369515,0.0001220703125,0.0,0,True
MOT20-05,521,1708,193,1515,0,193,True,True,0.9999975029839342,0.0001220703125,0.0,0,True
MOT20-05,522,1705,190,1515,0,190,True,True,0.9999975780943477,0.0001220703125,0.0,0,True
MOT20-05,523,1725,194,1531,0,194,True,True,0.9999962525401345,0.0001220703125,0.0,0,True
MOT20-05,524,1739,197,1542,0,197,True,True,0.9999957631517067,0.0001220703125,0.0,0,True
MOT20-05,525,1735,200,1535,0,200,True,True,0.9999962810624261,0.0001220703125,0.0,0,True
MOT20-05,526,1749,201,1548,0,201,True,True,0.9999958565819063,0.0001220703125,0.0,0,True
MOT20-05,527,1744,201,1543,0,201,True,True,0.9999955947718753,0.0001220703125,0.0,0,True
MOT20-05,528,1741,195,1546,0,195,True,True,0.9999949240253494,0.0001220703125,0.0,0,True
MOT20-05,529,1746,197,1549,0,197,True,True,0.9999977598666673,0.0001220703125,0.0,0,True
MOT20-05,530,1738,196,1542,0,196,True,True,0.999996743098898,0.0001220703125,0.0,0,True
MOT20-05,531,1754,195,1559,0,195,True,True,0.9999975986071922,0.0001220703125,0.0,0,True
MOT20-05,532,1743,199,1544,0,199,True,True,0.9999960120754355,0.0001220703125,0.0,0,True
MOT20-05,533,1766,198,1568,0,198,True,True,0.9999975524749374,0.0001220703125,0.0,0,True
MOT20-05,534,1748,197,1551,0,197,True,True,0.9999974102250639,0.0001220703125,0.0,0,True
MOT20-05,535,1767,196,1571,0,196,True,True,0.9999973835688122,0.0001220703125,0.0,0,True
MOT20-05,536,1751,194,1557,0,194,True,True,0.9999976893144659,0.0001220703125,0.0,0,True
MOT20-05,537,1739,196,1543,0,196,True,True,0.9999976220370582,0.0001220703125,0.0,0,True
MOT20-05,538,1727,195,1532,0,195,True,True,0.9999974098095692,0.0001220703125,0.0,0,True
MOT20-05,539,1734,194,1540,0,194,True,True,0.9999977816524914,0.0001220703125,0.0,0,True
MOT20-05,540,1739,196,1543,0,196,True,True,0.9999975894959877,0.0001220703125,0.0,0,True
MOT20-05,541,1719,193,1526,0,193,True,True,0.9999973191642226,0.0001220703125,0.0,0,True
MOT20-05,542,1696,191,1505,0,191,True,True,0.999995445949022,0.0001220703125,0.0,0,True
MOT20-05,543,1701,191,1510,0,191,True,True,0.9999978347104574,0.0001220703125,0.0,0,True
MOT20-05,544,1709,194,1515,0,194,True,True,0.999997471410999,0.0001220703125,0.0,0,True
MOT20-05,545,1720,193,1527,0,193,True,True,0.9999962318327236,0.0001220703125,0.0,0,True
MOT20-05,546,1723,196,1527,0,196,True,True,0.999996123723009,0.0001220703125,0.0,0,True
MOT20-05,547,1721,195,1526,0,195,True,True,0.9999976464835079,0.0001220703125,0.0,0,True
MOT20-05,548,1749,197,1552,0,197,True,True,0.9999974846500771,0.0001220703125,0.0,0,True
MOT20-05,549,1726,196,1530,0,196,True,True,0.9999961738671299,0.0001220703125,0.0,0,True
MOT20-05,550,1721,194,1527,0,194,True,True,0.9999975031090196,0.0001220703125,0.0,0,True
MOT20-05,551,1727,194,1533,0,194,True,True,0.999997432179583,0.0001220703125,0.0,0,True
MOT20-05,552,1703,191,1512,0,191,True,True,0.9999960787696748,0.0001220703125,0.0,0,True
MOT20-05,553,1702,191,1511,0,191,True,True,0.9999973925808495,0.0001220703125,0.0,0,True
MOT20-05,554,1712,196,1516,0,196,True,True,0.9999957008755167,0.0001220703125,0.0,0,True
MOT20-05,555,1714,195,1519,0,195,True,True,0.9999974981674076,0.0001220703125,0.0,0,True
MOT20-05,556,1686,191,1495,0,191,True,True,0.999997409737254,0.0001220703125,0.0,0,True
MOT20-05,557,1700,193,1507,0,193,True,True,0.9999964623559294,0.0001220703125,0.0,0,True
MOT20-05,558,1710,190,1520,0,190,True,True,0.9999963249480899,0.0001220703125,0.0,0,True
MOT20-05,559,1716,195,1521,0,195,True,True,0.9999974860665237,0.0001220703125,0.0,0,True
MOT20-05,560,1733,192,1541,0,192,True,True,0.999995770355692,0.0001220703125,0.0,0,True
MOT20-05,561,1707,190,1517,0,190,True,True,0.9999971021747139,0.0001220703125,0.0,0,True
MOT20-05,562,1718,191,1527,0,191,True,True,0.9999976102681996,0.0001220703125,0.0,0,True
MOT20-05,563,1714,190,1524,0,190,True,True,0.9999951670976005,0.0001220703125,0.0,0,True
MOT20-05,564,1731,192,1539,0,192,True,True,0.9999967115431413,0.0001220703125,0.0,0,True
MOT20-05,565,1729,193,1536,0,193,True,True,0.9999957378524268,0.0001220703125,0.0,0,True
MOT20-05,566,1728,194,1534,0,194,True,True,0.99999649543355,0.0001220703125,0.0,0,True
MOT20-05,567,1729,193,1536,0,193,True,True,0.9999952140737555,0.0001220703125,0.0,0,True
MOT20-05,568,1735,197,1538,0,197,True,True,0.9999961107368512,0.0001220703125,0.0,0,True
MOT20-05,569,1719,195,1524,0,195,True,True,0.9999963306522632,0.0001220703125,0.0,0,True
MOT20-05,570,1718,193,1525,0,193,True,True,0.9999960737429597,0.0001220703125,0.0,0,True
MOT20-05,571,1746,194,1552,0,194,True,True,0.9999967484433172,0.0001220703125,0.0,0,True
MOT20-05,572,1730,197,1533,0,197,True,True,0.9999964203446134,0.0001220703125,0.0,0,True
MOT20-05,573,1734,196,1538,0,196,True,True,0.999997129768889,0.0001220703125,0.0,0,True
MOT20-05,574,1728,196,1532,0,196,True,True,0.9999962413221525,0.0001220703125,0.0,0,True
MOT20-05,575,1731,194,1537,0,194,True,True,0.999995564239664,0.0001220703125,0.0,0,True
MOT20-05,576,1747,198,1549,0,198,True,True,0.9999956503867894,0.0001220703125,0.0,0,True
MOT20-05,577,1743,198,1545,0,198,True,True,0.9999970367366637,0.0001220703125,0.0,0,True
MOT20-05,578,1734,197,1537,0,197,True,True,0.9999958416413873,0.0001220703125,0.0,0,True
MOT20-05,579,1757,200,1557,0,200,True,True,0.9999967937568033,0.0001220703125,0.0,0,True
MOT20-05,580,1739,201,1538,0,201,True,True,0.9999960789849276,0.0001220703125,0.0,0,True
MOT20-05,581,1760,199,1561,0,199,True,True,0.9999966556830804,0.0001220703125,0.0,0,True
MOT20-05,582,1760,198,1562,0,198,True,True,0.999995916344564,0.0001220703125,0.0,0,True
MOT20-05,583,1776,200,1576,0,200,True,True,0.9999972885841257,0.0001220703125,0.0,0,True
MOT20-05,584,1731,198,1533,0,198,True,True,0.9999973333973318,0.0001220703125,0.0,0,True
MOT20-05,585,1743,202,1541,0,202,True,True,0.9999958649663409,0.0001220703125,0.0,0,True
MOT20-05,586,1732,198,1534,0,198,True,True,0.9999973952175093,0.0001220703125,0.0,0,True
MOT20-05,587,1727,193,1534,0,193,True,True,0.9999965598145052,0.0001220703125,0.0,0,True
MOT20-05,588,1745,195,1550,0,195,True,True,0.9999970734134243,0.0001220703125,0.0,0,True
MOT20-05,589,1738,194,1544,0,194,True,True,0.9999962283080567,0.0001220703125,0.0,0,True
MOT20-05,590,1718,193,1525,0,193,True,True,0.9999955537869508,0.0001220703125,0.0,0,True
MOT20-05,591,1706,193,1513,0,193,True,True,0.9999966278020858,0.0001220703125,0.0,0,True
MOT20-05,592,1708,192,1516,0,192,True,True,0.9999965356087455,0.0001220703125,0.0,0,True
MOT20-05,593,1705,193,1512,0,193,True,True,0.9999956169282995,0.0001220703125,0.0,0,True
MOT20-05,594,1709,195,1514,0,195,True,True,0.9999969316962789,0.0001220703125,0.0,0,True
MOT20-05,595,1743,201,1542,0,201,True,True,0.9999971537802809,0.0001220703125,0.0,0,True
MOT20-05,596,1757,203,1554,0,203,True,True,0.9999961240310078,0.0001220703125,0.0,0,True
MOT20-05,597,1733,197,1536,0,197,True,True,0.9999955309859092,0.0001220703125,0.0,0,True
MOT20-05,598,1735,202,1533,0,202,True,True,0.9999970646411104,0.0001220703125,0.0,0,True
MOT20-05,599,1730,198,1532,0,198,True,True,0.999996366523326,0.0001220703125,0.0,0,True
MOT20-05,600,1690,196,1494,0,196,True,True,0.9999962087320483,0.0001220703125,0.0,0,True
MOT20-05,601,1751,198,1553,0,198,True,True,0.9999955887850009,0.0001220703125,0.0,0,True
MOT20-05,602,1733,200,1533,0,200,True,True,0.9999974065515694,0.0001220703125,0.0,0,True
MOT20-05,603,1741,198,1543,0,198,True,True,0.9999973986446938,0.0001220703125,0.0,0,True
MOT20-05,604,1716,201,1515,0,201,True,True,0.9999974061008507,0.0001220703125,0.0,0,True
MOT20-05,605,1729,196,1533,0,196,True,True,0.9999966104280182,0.0001220703125,0.0,0,True
MOT20-05,606,1739,193,1546,0,193,True,True,0.9999962287490006,0.0001220703125,0.0,0,True
MOT20-05,607,1762,195,1567,0,195,True,True,0.9999954324845236,0.0001220703125,0.0,0,True
MOT20-05,608,1741,196,1545,0,196,True,True,0.9999958390892598,0.0001220703125,0.0,0,True
MOT20-05,609,1752,197,1555,0,197,True,True,0.999995215803159,0.0001220703125,0.0,0,True
MOT20-05,610,1731,195,1536,0,195,True,True,0.9999970436549708,0.0001220703125,0.0,0,True
MOT20-05,611,1751,199,1552,0,199,True,True,0.9999971206449755,0.0001220703125,0.0,0,True
MOT20-05,612,1783,200,1583,0,200,True,True,0.9999947855287995,0.0001220703125,0.0,0,True
MOT20-05,613,1737,197,1540,0,197,True,True,0.9999975823862332,0.0001220703125,0.0,0,True
MOT20-05,614,1765,200,1565,0,200,True,True,0.9999973906713664,0.0001220703125,0.0,0,True
MOT20-05,615,1758,199,1559,0,199,True,True,0.9999961258784986,0.0001220703125,0.0,0,True
MOT20-05,616,1765,197,1568,0,197,True,True,0.9999964968576813,0.0001220703125,0.0,0,True
MOT20-05,617,1764,196,1568,0,196,True,True,0.9999974029201238,0.0001220703125,0.0,0,True
MOT20-05,618,1768,201,1567,0,201,True,True,0.9999976208885981,0.0001220703125,0.0,0,True
MOT20-05,619,1744,193,1551,0,193,True,True,0.9999941374074444,0.0001220703125,0.0,0,True
MOT20-05,620,1775,198,1577,0,198,True,True,0.9999962992158038,0.0001220703125,0.0,0,True
MOT20-05,621,1760,199,1561,0,199,True,True,0.9999972690163171,0.0001220703125,0.0,0,True
MOT20-05,622,1756,198,1558,0,198,True,True,0.9999970182967668,0.0001220703125,0.0,0,True
MOT20-05,623,1761,201,1560,0,201,True,True,0.999996197400543,0.0001220703125,0.0,0,True
MOT20-05,624,1750,196,1554,0,196,True,True,0.9999972926528451,0.0001220703125,0.0,0,True
MOT20-05,625,1763,196,1567,0,196,True,True,0.999997235178483,0.0001220703125,0.0,0,True
MOT20-05,626,1760,201,1559,0,201,True,True,0.999996416091748,0.0001220703125,0.0,0,True
MOT20-05,627,1762,201,1561,0,201,True,True,0.9999970900202244,0.0001220703125,0.0,0,True
MOT20-05,628,1762,205,1557,0,205,True,True,0.9999958412349869,0.0001220703125,0.0,0,True
MOT20-05,629,1789,204,1585,0,204,True,True,0.9999974891720544,0.0001220703125,0.0,0,True
MOT20-05,630,1753,197,1556,0,197,True,True,0.9999941917703193,0.0001220703125,0.0,0,True
MOT20-05,631,1751,200,1551,0,200,True,True,0.9999972800513526,0.0001220703125,0.0,0,True
MOT20-05,632,1781,204,1577,0,204,True,True,0.999996785499603,0.0001220703125,0.0,0,True
MOT20-05,633,1760,201,1559,0,201,True,True,0.999996278391223,0.0001220703125,0.0,0,True
MOT20-05,634,1764,201,1563,0,201,True,True,0.9999971619692528,0.0001220703125,0.0,0,True
MOT20-05,635,1768,201,1567,0,201,True,True,0.999996252070731,0.0001220703125,0.0,0,True
MOT20-05,636,1746,197,1549,0,197,True,True,0.9999973144196864,0.0001220703125,0.0,0,True
MOT20-05,637,1755,205,1550,0,205,True,True,0.9999956942022433,0.0001220703125,0.0,0,True
MOT20-05,638,1745,196,1549,0,196,True,True,0.9999977001131545,0.0001220703125,0.0,0,True
MOT20-05,639,1737,196,1541,0,196,True,True,0.9999947683095689,0.0001220703125,0.0,0,True
MOT20-05,640,1746,200,1546,0,200,True,True,0.9999953689338823,0.0001220703125,0.0,0,True
MOT20-05,641,1750,199,1551,0,199,True,True,0.9999975333917097,0.0001220703125,0.0,0,True
MOT20-05,642,1755,199,1556,0,199,True,True,0.9999977236801827,0.0001220703125,0.0,0,True
MOT20-05,643,1747,197,1550,0,197,True,True,0.9999968135310219,0.0001220703125,0.0,0,True
MOT20-05,644,1737,199,1538,0,199,True,True,0.9999973528166032,0.0001220703125,0.0,0,True
MOT20-05,645,1767,199,1568,0,199,True,True,0.9999964995922025,0.0001220703125,0.0,0,True
MOT20-05,646,1762,197,1565,0,197,True,True,0.9999946910312937,0.0001220703125,0.0,0,True
MOT20-05,647,1772,200,1572,0,200,True,True,0.9999964918308315,0.0001220703125,0.0,0,True
MOT20-05,648,1770,197,1573,0,197,True,True,0.9999975676349506,0.0001220703125,0.0,0,True
MOT20-05,649,1782,201,1581,0,201,True,True,0.9999975581177234,0.0001220703125,0.0,0,True
MOT20-05,650,1790,202,1588,0,202,True,True,0.9999971568793521,0.0001220703125,0.0,0,True
MOT20-05,651,1755,200,1555,0,200,True,True,0.9999969953999573,0.0001220703125,0.0,0,True
MOT20-05,652,1756,205,1551,0,205,True,True,0.999997258027809,0.0001220703125,0.0,0,True
MOT20-05,653,1770,203,1567,0,203,True,True,0.9999957967563569,0.0001220703125,0.0,0,True
MOT20-05,654,1763,203,1560,0,203,True,True,0.9999971432734087,0.0001220703125,0.0,0,True
MOT20-05,655,1770,210,1560,0,210,True,True,0.999997018320927,0.0001220703125,0.0,0,True
MOT20-05,656,1772,204,1568,0,204,True,True,0.9999976985464019,0.0001220703125,0.0,0,True
MOT20-05,657,1780,207,1573,0,207,True,True,0.9999972050903141,0.0001220703125,0.0,0,True
MOT20-05,658,1745,199,1546,0,199,True,True,0.9999959698139061,0.0001220703125,0.0,0,True
MOT20-05,659,1734,200,1534,0,200,True,True,0.999995291370023,0.0001220703125,0.0,0,True
MOT20-05,660,1751,200,1551,0,200,True,True,0.9999975747110268,0.0001220703125,0.0,0,True
MOT20-05,661,1712,196,1516,0,196,True,True,0.9999972389794998,0.0001220703125,0.0,0,True
MOT20-05,662,1724,199,1525,0,199,True,True,0.9999951626908016,0.0001220703125,0.0,0,True
MOT20-05,663,1734,198,1536,0,198,True,True,0.9999964565645685,0.0001220703125,0.0,0,True
MOT20-05,664,1707,195,1512,0,195,True,True,0.9999976655476519,0.0001220703125,0.0,0,True
MOT20-05,665,1717,194,1523,0,194,True,True,0.9999974830871974,0.0001220703125,0.0,0,True
MOT20-05,666,1755,199,1556,0,199,True,True,0.999997243082895,0.0001220703125,0.0,0,True
MOT20-05,667,1748,198,1550,0,198,True,True,0.9999976556749077,0.0001220703125,0.0,0,True
MOT20-05,668,1745,200,1545,0,200,True,True,0.9999972371340239,0.0001220703125,0.0,0,True
MOT20-05,669,1751,198,1553,0,198,True,True,0.9999973106278608,0.0001220703125,0.0,0,True
MOT20-05,670,1730,196,1534,0,196,True,True,0.9999978627181096,0.0001220703125,0.0,0,True
MOT20-05,671,1745,200,1545,0,200,True,True,0.9999975237043403,0.0001220703125,0.0,0,True
MOT20-05,672,1744,202,1542,0,202,True,True,0.9999958448379382,0.0001220703125,0.0,0,True
MOT20-05,673,1725,194,1531,0,194,True,True,0.9999968529311799,0.0001220703125,0.0,0,True
MOT20-05,674,1739,200,1539,0,200,True,True,0.9999975447952114,0.0001220703125,0.0,0,True
MOT20-05,675,1732,199,1533,0,199,True,True,0.9999973546536765,0.0001220703125,0.0,0,True
MOT20-05,676,1739,197,1542,0,197,True,True,0.9999964930369248,0.0001220703125,0.0,0,True
MOT20-05,677,1724,196,1528,0,196,True,True,0.9999960039880199,0.0001220703125,0.0,0,True
MOT20-05,678,1715,193,1522,0,193,True,True,0.99999715868903,0.0001220703125,0.0,0,True
MOT20-05,679,1708,193,1515,0,193,True,True,0.999996065985584,0.0001220703125,0.0,0,True
MOT20-05,680,1738,198,1540,0,198,True,True,0.9999953768510623,0.0001220703125,0.0,0,True
MOT20-05,681,1727,195,1532,0,195,True,True,0.9999951741993394,0.0001220703125,0.0,0,True
MOT20-05,682,1699,193,1506,0,193,True,True,0.9999976388674258,0.0001220703125,0.0,0,True
MOT20-05,683,1720,195,1525,0,195,True,True,0.9999975250036506,0.0001220703125,0.0,0,True
MOT20-05,684,1731,194,1537,0,194,True,True,0.999995411696692,0.0001220703125,0.0,0,True
MOT20-05,685,1734,196,1538,0,196,True,True,0.9999972346432828,0.0001220703125,0.0,0,True
MOT20-05,686,1728,194,1534,0,194,True,True,0.999996649983585,0.0001220703125,0.0,0,True
MOT20-05,687,1754,199,1555,0,199,True,True,0.9999971968597403,0.0001220703125,0.0,0,True
MOT20-05,688,1734,199,1535,0,199,True,True,0.9999956073208391,0.0001220703125,0.0,0,True
MOT20-05,689,1735,197,1538,0,197,True,True,0.999997191034907,0.0001220703125,0.0,0,True
MOT20-05,690,1700,194,1506,0,194,True,True,0.9999929573497098,0.0001220703125,0.0,0,True
MOT20-05,691,1701,193,1508,0,193,True,True,0.9999973377118602,0.0001220703125,0.0,0,True
MOT20-05,692,1732,202,1530,0,202,True,True,0.9999969844184904,0.0001220703125,0.0,0,True
MOT20-05,693,1720,199,1521,0,199,True,True,0.9999950157253864,0.0001220703125,0.0,0,True
MOT20-05,694,1709,197,1512,0,197,True,True,0.9999944657513019,0.0001220703125,0.0,0,True
MOT20-05,695,1704,199,1505,0,199,True,True,0.9999976966724979,0.0001220703125,0.0,0,True
MOT20-05,696,1738,202,1536,0,202,True,True,0.9999956467797053,0.0001220703125,0.0,0,True
MOT20-05,697,1737,200,1537,0,200,True,True,0.9999959987035799,0.0001220703125,0.0,0,True
MOT20-05,698,1746,197,1549,0,197,True,True,0.9999956524385473,0.0001220703125,0.0,0,True
MOT20-05,699,1738,201,1537,0,201,True,True,0.9999978331105048,0.0001220703125,0.0,0,True
MOT20-05,700,1708,197,1511,0,197,True,True,0.9999957012129937,0.0001220703125,0.0,0,True
MOT20-05,701,1750,203,1547,0,203,True,True,0.9999957199934087,0.0001220703125,0.0,0,True
MOT20-05,702,1745,202,1543,0,202,True,True,0.999994840375884,0.0001220703125,0.0,0,True
MOT20-05,703,1782,205,1577,0,205,True,True,0.9999976261183949,0.0001220703125,0.0,0,True
MOT20-05,704,1796,206,1590,0,206,True,True,0.9999957743413783,0.0001220703125,0.0,0,True
MOT20-05,705,1795,208,1587,0,208,True,True,0.9999955940149099,0.0001220703125,0.0,0,True
MOT20-05,706,1806,210,1596,0,210,True,True,0.9999975371520189,0.0001220703125,0.0,0,True
MOT20-05,707,1794,205,1589,0,205,True,True,0.9999964000741585,0.0001220703125,0.0,0,True
MOT20-05,708,1807,208,1599,0,208,True,True,0.9999955385325787,0.0001220703125,0.0,0,True
MOT20-05,709,1777,202,1575,0,202,True,True,0.9999975502294789,0.0001220703125,0.0,0,True
MOT20-05,710,1752,205,1547,0,205,True,True,0.9999962203391112,0.0001220703125,0.0,0,True
MOT20-05,711,1763,200,1563,0,200,True,True,0.9999951821856496,0.0001220703125,0.0,0,True
MOT20-05,712,1759,202,1557,0,202,True,True,0.9999976504808291,0.0001220703125,0.0,0,True
MOT20-05,713,1742,201,1541,0,201,True,True,0.9999974868120463,0.0001220703125,0.0,0,True
MOT20-05,714,1754,201,1553,0,201,True,True,0.9999956431001956,0.0001220703125,0.0,0,True
MOT20-05,715,1754,202,1552,0,202,True,True,0.9999944836412381,0.0001220703125,0.0,0,True
MOT20-05,716,1704,196,1508,0,196,True,True,0.9999967353921039,0.0001220703125,0.0,0,True
MOT20-05,717,1685,189,1496,0,189,True,True,0.9999977361736807,0.0001220703125,0.0,0,True
MOT20-05,718,1695,194,1501,0,194,True,True,0.999995134577584,0.0001220703125,0.0,0,True
MOT20-05,719,1697,194,1503,0,194,True,True,0.9999975110199592,0.0001220703125,0.0,0,True
MOT20-05,720,1703,194,1509,0,194,True,True,0.9999947810838032,0.0001220703125,0.0,0,True
MOT20-05,721,1698,191,1507,0,191,True,True,0.9999974220177444,0.0001220703125,0.0,0,True
MOT20-05,722,1715,199,1516,0,199,True,True,0.9999972876611638,0.0001220703125,0.0,0,True
MOT20-05,723,1670,195,1475,0,195,True,True,0.9999955608529377,0.0001220703125,0.0,0,True
MOT20-05,724,1696,195,1501,0,195,True,True,0.9999955683855873,0.0001220703125,0.0,0,True
MOT20-05,725,1663,193,1470,0,193,True,True,0.9999955120322416,0.0001220703125,0.0,0,True
MOT20-05,726,1668,187,1481,0,187,True,True,0.9999974023612537,0.0001220703125,0.0,0,True
MOT20-05,727,1684,192,1492,0,192,True,True,0.9999975649083896,0.0001220703125,0.0,0,True
MOT20-05,728,1699,190,1509,0,190,True,True,0.999996498691386,0.0001220703125,0.0,0,True
MOT20-05,729,1707,199,1508,0,199,True,True,0.9999970418314613,0.0001220703125,0.0,0,True
MOT20-05,730,1722,200,1522,0,200,True,True,0.9999951705835828,0.0001220703125,0.0,0,True
MOT20-05,731,1744,201,1543,0,201,True,True,0.9999951416066698,0.0001220703125,0.0,0,True
MOT20-05,732,1721,199,1522,0,199,True,True,0.9999966864046497,0.0001220703125,0.0,0,True
MOT20-05,733,1711,197,1514,0,197,True,True,0.9999954056469194,0.0001220703125,0.0,0,True
MOT20-05,734,1716,201,1515,0,201,True,True,0.9999963186697458,0.0001220703125,0.0,0,True
MOT20-05,735,1682,193,1489,0,193,True,True,0.999996186757371,0.0001220703125,0.0,0,True
MOT20-05,736,1712,199,1513,0,199,True,True,0.9999954186232963,0.0001220703125,0.0,0,True
MOT20-05,737,1715,194,1521,0,194,True,True,0.9999964664335785,0.0001220703125,0.0,0,True
MOT20-05,738,1707,194,1513,0,194,True,True,0.9999973706352545,0.0001220703125,0.0,0,True
MOT20-05,739,1715,194,1521,0,194,True,True,0.9999964501730934,0.0001220703125,0.0,0,True
MOT20-05,740,1703,193,1510,0,193,True,True,0.999997357147199,0.0001220703125,0.0,0,True
MOT20-05,741,1713,197,1516,0,197,True,True,0.9999935020419833,0.0001220703125,0.0,0,True
MOT20-05,742,1721,193,1528,0,193,True,True,0.9999971842209373,0.0001220703125,0.0,0,True
MOT20-05,743,1710,194,1516,0,194,True,True,0.9999973876349962,0.0001220703125,0.0,0,True
MOT20-05,744,1714,195,1519,0,195,True,True,0.9999975386311836,0.0001220703125,0.0,0,True
MOT20-05,745,1707,193,1514,0,193,True,True,0.9999957244493091,0.0001220703125,0.0,0,True
MOT20-05,746,1695,193,1502,0,193,True,True,0.9999970686478699,0.0001220703125,0.0,0,True
MOT20-05,747,1719,194,1525,0,194,True,True,0.9999974490446673,0.0001220703125,0.0,0,True
MOT20-05,748,1720,195,1525,0,195,True,True,0.9999951953106232,0.0001220703125,0.0,0,True
MOT20-05,749,1698,194,1504,0,194,True,True,0.9999972209562134,0.0001220703125,0.0,0,True
MOT20-05,750,1699,192,1507,0,192,True,True,0.9999971544831119,0.0001220703125,0.0,0,True
MOT20-05,751,1707,191,1516,0,191,True,True,0.9999975123387995,0.0001220703125,0.0,0,True
MOT20-05,752,1684,191,1493,0,191,True,True,0.9999972242269473,0.0001220703125,0.0,0,True
MOT20-05,753,1693,196,1497,0,196,True,True,0.999995615573483,0.0001220703125,0.0,0,True
MOT20-05,754,1706,198,1508,0,198,True,True,0.9999973153745052,0.0001220703125,0.0,0,True
MOT20-05,755,1704,195,1509,0,195,True,True,0.99999586711109,0.0001220703125,0.0,0,True
MOT20-05,756,1717,196,1521,0,196,True,True,0.9999973722313172,0.0001220703125,0.0,0,True
MOT20-05,757,1747,198,1549,0,198,True,True,0.9999976050355432,0.0001220703125,0.0,0,True
MOT20-05,758,1744,201,1543,0,201,True,True,0.9999975867686547,0.0001220703125,0.0,0,True
MOT20-05,759,1757,204,1553,0,204,True,True,0.9999963623334176,0.0001220703125,0.0,0,True
MOT20-05,760,1747,201,1546,0,201,True,True,0.9999953348199707,0.0001220703125,0.0,0,True
MOT20-05,761,1723,198,1525,0,198,True,True,0.9999971189858831,0.0001220703125,0.0,0,True
MOT20-05,762,1728,199,1529,0,199,True,True,0.9999962279239247,0.0001220703125,0.0,0,True
MOT20-05,763,1721,200,1521,0,200,True,True,0.9999971393384273,0.0001220703125,0.0,0,True
MOT20-05,764,1724,197,1527,0,197,True,True,0.9999946672923711,0.0001220703125,0.0,0,True
MOT20-05,765,1735,200,1535,0,200,True,True,0.9999971788469948,0.0001220703125,0.0,0,True
MOT20-05,766,1724,199,1525,0,199,True,True,0.9999974199859182,0.0001220703125,0.0,0,True
MOT20-05,767,1701,194,1507,0,194,True,True,0.999996518263449,0.0001220703125,0.0,0,True
MOT20-05,768,1737,198,1539,0,198,True,True,0.9999970955055854,0.0001220703125,0.0,0,True
MOT20-05,769,1741,197,1544,0,197,True,True,0.9999974216304578,0.0001220703125,0.0,0,True
MOT20-05,770,1741,197,1544,0,197,True,True,0.9999967225257528,0.0001220703125,0.0,0,True
MOT20-05,771,1721,199,1522,0,199,True,True,0.999995467939409,0.0001220703125,0.0,0,True
MOT20-05,772,1725,196,1529,0,196,True,True,0.9999942638349132,0.0001220703125,0.0,0,True
MOT20-05,773,1701,195,1506,0,195,True,True,0.9999958713172149,0.0001220703125,0.0,0,True
MOT20-05,774,1726,195,1531,0,195,True,True,0.9999976073177793,0.0001220703125,0.0,0,True
MOT20-05,775,1699,197,1502,0,197,True,True,0.9999975705986398,0.0001220703125,0.0,0,True
MOT20-05,776,1683,197,1486,0,197,True,True,0.9999972938524446,0.0001220703125,0.0,0,True
MOT20-05,777,1718,194,1524,0,194,True,True,0.999996279519686,0.0001220703125,0.0,0,True
MOT20-05,778,1694,192,1502,0,192,True,True,0.9999978219391711,0.0001220703125,0.0,0,True
MOT20-05,779,1719,201,1518,0,201,True,True,0.9999973660700842,0.0001220703125,0.0,0,True
MOT20-05,780,1728,202,1526,0,202,True,True,0.9999950442179653,0.0001220703125,0.0,0,True
MOT20-05,781,1687,196,1491,0,196,True,True,0.9999962309166599,0.0001220703125,0.0,0,True
MOT20-05,782,1667,198,1469,0,198,True,True,0.9999974518917156,0.0001220703125,0.0,0,True
MOT20-05,783,1676,197,1479,0,197,True,True,0.9999968802288696,0.0001220703125,0.0,0,True
MOT20-05,784,1675,195,1480,0,195,True,True,0.9999976029359241,0.0001220703125,0.0,0,True
MOT20-05,785,1677,193,1484,0,193,True,True,0.9999971466383114,0.0001220703125,0.0,0,True
MOT20-05,786,1682,196,1486,0,196,True,True,0.9999920864454712,0.0001220703125,0.0,0,True
MOT20-05,787,1675,199,1476,0,199,True,True,0.9999915606355914,0.0001220703125,0.0,0,True
MOT20-05,788,1679,196,1483,0,196,True,True,0.9999963593006217,0.0001220703125,0.0,0,True
MOT20-05,789,1705,198,1507,0,198,True,True,0.9999970277636596,0.0001220703125,0.0,0,True
MOT20-05,790,1704,197,1507,0,197,True,True,0.9999956265607711,0.0001220703125,0.0,0,True
MOT20-05,791,1704,198,1506,0,198,True,True,0.9999976512451122,0.0001220703125,0.0,0,True
MOT20-05,792,1678,196,1482,0,196,True,True,0.9999957174639678,0.0001220703125,0.0,0,True
MOT20-05,793,1691,196,1495,0,196,True,True,0.9999956250874983,0.0001220703125,0.0,0,True
MOT20-05,794,1711,194,1517,0,194,True,True,0.9999964090391666,0.0001220703125,0.0,0,True
MOT20-05,795,1732,198,1534,0,198,True,True,0.999997555544148,0.0001220703125,0.0,0,True
MOT20-05,796,1753,201,1552,0,201,True,True,0.9999972758977587,0.0001220703125,0.0,0,True
MOT20-05,797,1728,198,1530,0,198,True,True,0.9999961108939693,0.0001220703125,0.0,0,True
MOT20-05,798,1744,199,1545,0,199,True,True,0.999996516565473,0.0001220703125,0.0,0,True
MOT20-05,799,1728,198,1530,0,198,True,True,0.9999974558009012,0.0001220703125,0.0,0,True
MOT20-05,800,1735,197,1538,0,197,True,True,0.9999966509120349,0.0001220703125,0.0,0,True
MOT20-05,801,1739,200,1539,0,200,True,True,0.9999949921125774,0.0001220703125,0.0,0,True
MOT20-05,802,1763,199,1564,0,199,True,True,0.9999963289819532,0.0001220703125,0.0,0,True
MOT20-05,803,1742,196,1546,0,196,True,True,0.9999954904578088,0.0001220703125,0.0,0,True
MOT20-05,804,1769,199,1570,0,199,True,True,0.9999954503316809,0.0001220703125,0.0,0,True
MOT20-05,805,1761,203,1558,0,203,True,True,0.9999960653931655,0.0001220703125,0.0,0,True
MOT20-05,806,1752,198,1554,0,198,True,True,0.9999960554446697,0.0001220703125,0.0,0,True
MOT20-05,807,1769,200,1569,0,200,True,True,0.9999975344366645,0.0001220703125,0.0,0,True
MOT20-05,808,1790,201,1589,0,201,True,True,0.9999938594826334,0.0001220703125,0.0,0,True
MOT20-05,809,1793,205,1588,0,205,True,True,0.9999966452074177,0.0001220703125,0.0,0,True
MOT20-05,810,1784,205,1579,0,205,True,True,0.9999973137415551,0.0001220703125,0.0,0,True
MOT20-05,811,1783,206,1577,0,206,True,True,0.9999956868901666,0.0001220703125,0.0,0,True
MOT20-05,812,1767,203,1564,0,203,True,True,0.999995088432768,0.0001220703125,0.0,0,True
MOT20-05,813,1764,202,1562,0,202,True,True,0.9999968753124687,0.0001220703125,0.0,0,True
MOT20-05,814,1774,203,1571,0,203,True,True,0.9999957216048261,0.0001220703125,0.0,0,True
MOT20-05,815,1777,203,1574,0,203,True,True,0.9999968229762358,0.0001220703125,0.0,0,True
MOT20-05,816,1754,198,1556,0,198,True,True,0.9999974131915683,0.0001220703125,0.0,0,True
MOT20-05,817,1805,206,1599,0,206,True,True,0.9999956726441875,0.0001220703125,0.0,0,True
MOT20-05,818,1798,209,1589,0,209,True,True,0.9999955838678694,0.0001220703125,0.0,0,True
MOT20-05,819,1780,207,1573,0,207,True,True,0.9999948096706217,0.0001220703125,0.0,0,True
MOT20-05,820,1775,202,1573,0,202,True,True,0.9999970759720931,0.0001220703125,0.0,0,True
MOT20-05,821,1783,204,1579,0,204,True,True,0.9999971878910588,0.0001220703125,0.0,0,True
MOT20-05,822,1792,207,1585,0,207,True,True,0.9999974527517286,0.0001220703125,0.0,0,True
MOT20-05,823,1757,201,1556,0,201,True,True,0.999995783384003,0.0001220703125,0.0,0,True
MOT20-05,824,1761,200,1561,0,200,True,True,0.9999956494974082,0.0001220703125,0.0,0,True
MOT20-05,825,1772,200,1572,0,200,True,True,0.9999961978198298,0.0001220703125,0.0,0,True
MOT20-05,826,1767,198,1569,0,198,True,True,0.9999944971798046,0.0001220703125,0.0,0,True
MOT20-05,827,1769,200,1569,0,200,True,True,0.999996693373,0.0001220703125,0.0,0,True
MOT20-05,828,1780,201,1579,0,201,True,True,0.9999959956753294,0.0001220703125,0.0,0,True
MOT20-05,829,1788,205,1583,0,205,True,True,0.9999954261473434,0.0001220703125,0.0,0,True
MOT20-05,830,1787,201,1586,0,201,True,True,0.9999957372073592,0.0001220703125,0.0,0,True
MOT20-05,831,1802,203,1599,0,203,True,True,0.9999967577942626,0.0001220703125,0.0,0,True
MOT20-05,832,1793,203,1590,0,203,True,True,0.9999954933639784,0.0001220703125,0.0,0,True
MOT20-05,833,1780,201,1579,0,201,True,True,0.9999962861588856,0.0001220703125,0.0,0,True
MOT20-05,834,1774,201,1573,0,201,True,True,0.9999957704630286,0.0001220703125,0.0,0,True
MOT20-05,835,1794,202,1592,0,202,True,True,0.9999951800027956,0.0001220703125,0.0,0,True
MOT20-05,836,1777,202,1575,0,202,True,True,0.9999963765687193,0.0001220703125,0.0,0,True
MOT20-05,837,1770,203,1567,0,203,True,True,0.999997387929098,0.0001220703125,0.0,0,True
MOT20-05,838,1814,206,1608,0,206,True,True,0.9999963728559045,0.0001220703125,0.0,0,True
MOT20-05,839,1814,206,1608,0,206,True,True,0.999997430002917,0.0001220703125,0.0,0,True
MOT20-05,840,1812,204,1608,0,204,True,True,0.9999976757191626,0.0001220703125,0.0,0,True
MOT20-05,841,1820,204,1616,0,204,True,True,0.9999962046022992,0.0001220703125,0.0,0,True
MOT20-05,842,1816,205,1611,0,205,True,True,0.99999459067649,0.0001220703125,0.0,0,True
MOT20-05,843,1823,204,1619,0,204,True,True,0.9999956104348742,0.0001220703125,0.0,0,True
MOT20-05,844,1809,205,1604,0,205,True,True,0.9999972953601904,0.0001220703125,0.0,0,True
MOT20-05,845,1803,205,1598,0,205,True,True,0.9999955434932774,0.0001220703125,0.0,0,True
MOT20-05,846,1817,203,1614,0,203,True,True,0.9999958786972442,0.0001220703125,0.0,0,True
MOT20-05,847,1825,205,1620,0,205,True,True,0.9999972745062768,0.0001220703125,0.0,0,True
MOT20-05,848,1858,212,1646,0,212,True,True,0.999996213225688,0.0001220703125,0.0,0,True
MOT20-05,849,1845,212,1633,0,212,True,True,0.9999973642176735,0.0001220703125,0.0,0,True
MOT20-05,850,1862,213,1649,0,213,True,True,0.9999955550024003,0.0001220703125,0.0,0,True
MOT20-05,851,1867,210,1657,0,210,True,True,0.9999945110136511,0.0001220703125,0.0,0,True
MOT20-05,852,1861,212,1649,0,212,True,True,0.9999946856565871,0.0001220703125,0.0,0,True
MOT20-05,853,1835,207,1628,0,207,True,True,0.9999954504301618,0.0001220703125,0.0,0,True
MOT20-05,854,1824,205,1619,0,205,True,True,0.9999965103537803,0.0001220703125,0.0,0,True
MOT20-05,855,1856,208,1648,0,208,True,True,0.999995767571983,0.0001220703125,0.0,0,True
MOT20-05,856,1851,210,1641,0,210,True,True,0.9999960690434472,0.0001220703125,0.0,0,True
MOT20-05,857,1849,210,1639,0,210,True,True,0.9999974184487975,0.0001220703125,0.0,0,True
MOT20-05,858,1828,210,1618,0,210,True,True,0.9999953690072698,0.0001220703125,0.0,0,True
MOT20-05,859,1847,213,1634,0,213,True,True,0.9999974384786613,0.0001220703125,0.0,0,True
MOT20-05,860,1856,212,1644,0,212,True,True,0.9999944783412937,0.0001220703125,0.0,0,True
MOT20-05,861,1851,209,1642,0,209,True,True,0.999994313561587,0.0001220703125,0.0,0,True
MOT20-05,862,1856,211,1645,0,211,True,True,0.9999962072976838,0.0001220703125,0.0,0,True
MOT20-05,863,1864,215,1649,0,215,True,True,0.9999958119480933,0.0001220703125,0.0,0,True
MOT20-05,864,1874,216,1658,0,216,True,True,0.9999967488239073,0.0001220703125,0.0,0,True
MOT20-05,865,1905,218,1687,0,218,True,True,0.9999916168919627,0.0001220703125,0.0,0,True
MOT20-05,866,1886,217,1669,0,217,True,True,0.9999975483435997,0.0001220703125,0.0,0,True
MOT20-05,867,1888,219,1669,0,219,True,True,0.9999951545482828,0.0001220703125,0.0,0,True
MOT20-05,868,1891,221,1670,0,221,True,True,0.9999944673128845,0.0001220703125,0.0,0,True
MOT20-05,869,1898,214,1684,0,214,True,True,0.9999968601839933,0.0001220703125,0.0,0,True
MOT20-05,870,1888,217,1671,0,217,True,True,0.9999966769680657,0.0001220703125,0.0,0,True
MOT20-05,871,1884,212,1672,0,212,True,True,0.999991535896264,0.0001220703125,0.0,0,True
MOT20-05,872,1886,222,1664,0,222,True,True,0.9999936540916814,0.0001220703125,0.0,0,True
MOT20-05,873,1884,220,1664,0,220,True,True,0.9999971868705623,0.0001220703125,0.0,0,True
MOT20-05,874,1886,214,1672,0,214,True,True,0.9999949398858439,0.0001220703125,0.0,0,True
MOT20-05,875,1895,218,1677,0,218,True,True,0.9999962203391112,0.0001220703125,0.0,0,True
MOT20-05,876,1888,216,1672,0,216,True,True,0.9999975901117465,0.0001220703125,0.0,0,True
MOT20-05,877,1906,216,1690,0,216,True,True,0.9999975998425271,0.0001220703125,0.0,0,True
MOT20-05,878,1908,216,1692,0,216,True,True,0.9999892791286076,0.0001220703125,0.0,0,True
MOT20-05,879,1905,218,1687,0,218,True,True,0.9999974433057174,0.0001220703125,0.0,0,True
MOT20-05,880,1929,219,1710,0,219,True,True,0.9999934704964382,0.0001220703125,0.0,0,True
MOT20-05,881,1907,217,1690,0,217,True,True,0.9999969479627652,0.0001220703125,0.0,0,True
MOT20-05,882,1913,218,1695,0,218,True,True,0.9999968784726991,0.0001220703125,0.0,0,True
MOT20-05,883,1931,216,1715,0,216,True,True,0.9999964628189211,0.0001220703125,0.0,0,True
MOT20-05,884,1916,220,1696,0,220,True,True,0.9999964782098036,0.0001220703125,0.0,0,True
MOT20-05,885,1910,215,1695,0,215,True,True,0.9999965233688052,0.0001220703125,0.0,0,True
MOT20-05,886,1908,220,1688,0,220,True,True,0.9999975499972306,0.0001220703125,0.0,0,True
MOT20-05,887,1905,216,1689,0,216,True,True,0.9999971449209571,0.0001220703125,0.0,0,True
MOT20-05,888,1912,218,1694,0,218,True,True,0.9999969058927273,0.0001220703125,0.0,0,True
MOT20-05,889,1911,220,1691,0,220,True,True,0.9999946395068346,0.0001220703125,0.0,0,True
MOT20-05,890,1923,221,1702,0,221,True,True,0.9999907005291399,0.0001220703125,0.0,0,True
MOT20-05,891,1935,222,1713,0,222,True,True,0.9999955981846914,0.0001220703125,0.0,0,True
MOT20-05,892,1952,226,1726,0,226,True,True,0.9999951936017226,0.0001220703125,0.0,0,True
MOT20-05,893,1950,223,1727,0,223,True,True,0.9999952298041834,0.0001220703125,0.0,0,True
MOT20-05,894,1945,229,1716,0,229,True,True,0.9999974006376035,0.0001220703125,0.0,0,True
MOT20-05,895,1953,228,1725,0,228,True,True,0.9999967157875377,0.0001220703125,0.0,0,True
MOT20-05,896,1943,223,1720,0,223,True,True,0.9999974974300609,0.0001220703125,0.0,0,True
MOT20-05,897,1961,224,1737,0,224,True,True,0.9999913031378279,0.0001220703125,0.0,0,True
MOT20-05,898,1998,236,1762,0,236,True,True,0.9999973567574171,0.0001220703125,0.0,0,True
MOT20-05,899,1979,231,1748,0,231,True,True,0.9999959414925567,0.0001220703125,0.0,0,True
MOT20-05,900,1982,230,1752,0,230,True,True,0.9999954419968052,0.0001220703125,0.0,0,True
MOT20-05,901,1982,229,1753,0,229,True,True,0.9999974459433919,0.0001220703125,0.0,0,True
MOT20-05,902,1998,231,1767,0,231,True,True,0.9999966948922865,0.0001220703125,0.0,0,True
MOT20-05,903,1993,224,1769,0,224,True,True,0.9999976455340264,0.0001220703125,0.0,0,True
MOT20-05,904,1982,228,1754,0,228,True,True,0.9999947080465766,0.0001220703125,0.0,0,True
MOT20-05,905,1990,224,1766,0,224,True,True,0.9999927320503603,0.0001220703125,0.0,0,True
MOT20-05,906,2012,229,1783,0,229,True,True,0.9999970831279369,0.0001220703125,0.0,0,True
MOT20-05,907,2000,228,1772,0,228,True,True,0.9999954168638627,0.0001220703125,0.0,0,True
MOT20-05,908,2045,231,1814,0,231,True,True,0.9999974212035286,0.0001220703125,0.0,0,True
MOT20-05,909,2014,229,1785,0,229,True,True,0.9999951054530148,0.0001220703125,0.0,0,True
MOT20-05,910,2003,232,1771,0,232,True,True,0.9999961359526423,0.0001220703125,0.0,0,True
MOT20-05,911,2038,229,1809,0,229,True,True,0.9999949408330424,0.0001220703125,0.0,0,True
MOT20-05,912,2009,227,1782,0,227,True,True,0.9999954720398461,0.0001220703125,0.0,0,True
MOT20-05,913,2011,227,1784,0,227,True,True,0.9999949337588976,0.0001220703125,0.0,0,True
MOT20-05,914,1980,225,1755,0,225,True,True,0.9999972621018401,0.0001220703125,0.0,0,True
MOT20-05,915,1992,228,1764,0,228,True,True,0.9999965323295597,0.0001220703125,0.0,0,True
MOT20-05,916,1985,224,1761,0,224,True,True,0.9999948653436369,0.0001220703125,0.0,0,True
MOT20-05,917,2002,226,1776,0,226,True,True,0.9999937514449784,0.0001220703125,0.0,0,True
MOT20-05,918,1990,223,1767,0,223,True,True,0.9999971943921511,0.0001220703125,0.0,0,True
MOT20-05,919,1990,225,1765,0,225,True,True,0.9999956466280958,0.0001220703125,0.0,0,True
MOT20-05,920,1993,225,1768,0,225,True,True,0.9999951727666805,0.0001220703125,0.0,0,True
MOT20-05,921,2001,226,1775,0,226,True,True,0.9999973167832524,0.0001220703125,0.0,0,True
MOT20-05,922,2025,231,1794,0,231,True,True,0.9999970948305414,0.0001220703125,0.0,0,True
MOT20-05,923,2045,233,1812,0,233,True,True,0.9999956369601829,0.0001220703125,0.0,0,True
MOT20-05,924,2017,227,1790,0,227,True,True,0.9999950417726049,0.0001220703125,0.0,0,True
MOT20-05,925,2026,231,1795,0,231,True,True,0.9999953573235899,0.0001220703125,0.0,0,True
MOT20-05,926,1999,226,1773,0,226,True,True,0.9999956494311631,0.0001220703125,0.0,0,True
MOT20-05,927,1999,233,1766,0,233,True,True,0.9999959293332248,0.0001220703125,0.0,0,True
MOT20-05,928,2016,227,1789,0,227,True,True,0.9999965627352378,0.0001220703125,0.0,0,True
MOT20-05,929,1983,226,1757,0,226,True,True,0.9999956761618153,0.0001220703125,0.0,0,True
MOT20-05,930,2017,232,1785,0,232,True,True,0.9999964399445344,0.0001220703125,0.0,0,True
MOT20-05,931,1985,232,1753,0,232,True,True,0.9999953732085642,0.0001220703125,0.0,0,True
MOT20-05,932,2013,230,1783,0,230,True,True,0.9999972815186597,0.0001220703125,0.0,0,True
MOT20-05,933,1968,223,1745,0,223,True,True,0.999995649694784,0.0001220703125,0.0,0,True
MOT20-05,934,1976,224,1752,0,224,True,True,0.9999964123158023,0.0001220703125,0.0,0,True
MOT20-05,935,1987,224,1763,0,224,True,True,0.9999971769116542,0.0001220703125,0.0,0,True
MOT20-05,936,1982,224,1758,0,224,True,True,0.9999943090471922,0.0001220703125,0.0,0,True
MOT20-05,937,1959,219,1740,0,219,True,True,0.999995781667549,0.0001220703125,0.0,0,True
MOT20-05,938,1945,217,1728,0,217,True,True,0.9999959772472974,0.0001220703125,0.0,0,True
MOT20-05,939,1943,218,1725,0,218,True,True,0.9999974582776272,0.0001220703125,0.0,0,True
MOT20-05,940,1962,222,1740,0,222,True,True,0.9999964494520321,0.0001220703125,0.0,0,True
MOT20-05,941,1968,222,1746,0,222,True,True,0.9999963826177548,0.0001220703125,0.0,0,True
MOT20-05,942,1974,224,1750,0,224,True,True,0.9999951937823987,0.0001220703125,0.0,0,True
MOT20-05,943,1980,222,1758,0,222,True,True,0.9999956665496635,0.0001220703125,0.0,0,True
MOT20-05,944,1980,225,1755,0,225,True,True,0.9999958540372349,0.0001220703125,0.0,0,True
MOT20-05,945,1996,226,1770,0,226,True,True,0.9999975140637896,0.0001220703125,0.0,0,True
MOT20-05,946,1982,227,1755,0,227,True,True,0.9999974075063063,0.0001220703125,0.0,0,True
MOT20-05,947,1982,230,1752,0,230,True,True,0.999995149680849,0.0001220703125,0.0,0,True
MOT20-05,948,2015,234,1781,0,234,True,True,0.9999948333763885,0.0001220703125,0.0,0,True
MOT20-05,949,2021,236,1785,0,236,True,True,0.9999970729594136,0.0001220703125,0.0,0,True
MOT20-05,950,2011,230,1781,0,230,True,True,0.9999956787962855,0.0001220703125,0.0,0,True
MOT20-05,951,2010,228,1782,0,228,True,True,0.9999974726185183,0.0001220703125,0.0,0,True
MOT20-05,952,2005,227,1778,0,227,True,True,0.999997253848731,0.0001220703125,0.0,0,True
MOT20-05,953,1972,225,1747,0,225,True,True,0.9999975934928046,0.0001220703125,0.0,0,True
MOT20-05,954,1983,224,1759,0,224,True,True,0.9999971410846153,0.0001220703125,0.0,0,True
MOT20-05,955,1969,224,1745,0,224,True,True,0.9999960292722053,0.0001220703125,0.0,0,True
MOT20-05,956,1971,223,1748,0,223,True,True,0.9999971749058184,0.0001220703125,0.0,0,True
MOT20-05,957,1979,228,1751,0,228,True,True,0.9999975383371549,0.0001220703125,0.0,0,True
MOT20-05,958,1985,228,1757,0,228,True,True,0.9999958904897714,0.0001220703125,0.0,0,True
MOT20-05,959,1970,230,1740,0,230,True,True,0.9999951757707912,0.0001220703125,0.0,0,True
MOT20-05,960,1979,229,1750,0,229,True,True,0.9999964626228943,0.0001220703125,0.0,0,True
MOT20-05,961,1973,226,1747,0,226,True,True,0.999996477719138,0.0001220703125,0.0,0,True
MOT20-05,962,1939,224,1715,0,224,True,True,0.9999942976241051,0.0001220703125,0.0,0,True
MOT20-05,963,1927,219,1708,0,219,True,True,0.999995390982919,0.0001220703125,0.0,0,True
MOT20-05,964,1919,219,1700,0,219,True,True,0.9999961823536935,0.0001220703125,0.0,0,True
MOT20-05,965,1951,227,1724,0,227,True,True,0.9999932086593942,0.0001220703125,0.0,0,True
MOT20-05,966,1954,225,1729,0,225,True,True,0.9999961595919951,0.0001220703125,0.0,0,True
MOT20-05,967,1982,233,1749,0,233,True,True,0.9999962511698739,0.0001220703125,0.0,0,True
MOT20-05,968,1963,228,1735,0,228,True,True,0.9999965315533265,0.0001220703125,0.0,0,True
MOT20-05,969,1954,224,1730,0,224,True,True,0.9999958506224066,0.0001220703125,0.0,0,True
MOT20-05,970,1960,227,1733,0,227,True,True,0.9999965312826277,0.0001220703125,0.0,0,True
MOT20-05,971,1968,228,1740,0,228,True,True,0.9999956511397416,0.0001220703125,0.0,0,True
MOT20-05,972,1956,225,1731,0,225,True,True,0.9999939157205612,0.0001220703125,0.0,0,True
MOT20-05,973,1946,228,1718,0,228,True,True,0.9999953885493068,0.0001220703125,0.0,0,True
MOT20-05,974,1934,220,1714,0,220,True,True,0.9999975940660044,0.0001220703125,0.0,0,True
MOT20-05,975,1970,230,1740,0,230,True,True,0.9999966832394137,0.0001220703125,0.0,0,True
MOT20-05,976,1939,224,1715,0,224,True,True,0.9999942010832377,0.0001220703125,0.0,0,True
MOT20-05,977,1955,223,1732,0,223,True,True,0.9999977008789039,0.0001220703125,0.0,0,True
MOT20-05,978,1958,223,1735,0,223,True,True,0.9999956289598891,0.0001220703125,0.0,0,True
MOT20-05,979,1919,218,1701,0,218,True,True,0.9999958998329181,0.0001220703125,0.0,0,True
MOT20-05,980,1952,223,1729,0,223,True,True,0.9999974572536346,0.0001220703125,0.0,0,True
MOT20-05,981,1968,225,1743,0,225,True,True,0.9999960661748074,0.0001220703125,0.0,0,True
MOT20-05,982,1975,225,1750,0,225,True,True,0.9999966528092972,0.0001220703125,0.0,0,True
MOT20-05,983,1962,227,1735,0,227,True,True,0.9999958310577857,0.0001220703125,0.0,0,True
MOT20-05,984,1968,222,1746,0,222,True,True,0.9999966677552,0.0001220703125,0.0,0,True
MOT20-05,985,1942,223,1719,0,223,True,True,0.9999952813940649,0.0001220703125,0.0,0,True
MOT20-05,986,1956,221,1735,0,221,True,True,0.9999954909153217,0.0001220703125,0.0,0,True
MOT20-05,987,1954,223,1731,0,223,True,True,0.9999976391708768,0.0001220703125,0.0,0,True
MOT20-05,988,1943,218,1725,0,218,True,True,0.9999971905513336,0.0001220703125,0.0,0,True
MOT20-05,989,1909,219,1690,0,219,True,True,0.999995821163861,0.0001220703125,0.0,0,True
MOT20-05,990,1923,220,1703,0,220,True,True,0.9999948948205402,0.0001220703125,0.0,0,True
MOT20-05,991,1898,218,1680,0,218,True,True,0.9999968286860144,0.0001220703125,0.0,0,True
MOT20-05,992,1891,215,1676,0,215,True,True,0.999997530073374,0.0001220703125,0.0,0,True
MOT20-05,993,1903,217,1686,0,217,True,True,0.9999974034404414,0.0001220703125,0.0,0,True
MOT20-05,994,1894,214,1680,0,214,True,True,0.9999976767185487,0.0001220703125,0.0,0,True
MOT20-05,995,1915,215,1700,0,215,True,True,0.99999540000414,0.0001220703125,0.0,0,True
MOT20-05,996,1903,216,1687,0,216,True,True,0.9999974096284112,0.0001220703125,0.0,0,True
MOT20-05,997,1907,218,1689,0,218,True,True,0.999993005011909,0.0001220703125,0.0,0,True
MOT20-05,998,1909,216,1693,0,216,True,True,0.9999965040954522,0.0001220703125,0.0,0,True
MOT20-05,999,1911,219,1692,0,219,True,True,0.9999960974633866,0.0001220703125,0.0,0,True
MOT20-05,1000,1930,221,1709,0,221,True,True,0.9999963549146685,0.0001220703125,0.0,0,True
MOT20-05,1001,1932,222,1710,0,222,True,True,0.9999975554036129,0.0001220703125,0.0,0,True
MOT20-05,1002,1938,221,1717,0,221,True,True,0.9999956838320665,0.0001220703125,0.0,0,True
MOT20-05,1003,1940,221,1719,0,221,True,True,0.9999965541006203,0.0001220703125,0.0,0,True
MOT20-05,1004,1931,218,1713,0,218,True,True,0.9999955608529377,0.0001220703125,0.0,0,True
MOT20-05,1005,1925,216,1709,0,216,True,True,0.9999970942461742,0.0001220703125,0.0,0,True
MOT20-05,1006,1911,219,1692,0,219,True,True,0.9999919234993861,0.0001220703125,0.0,0,True
MOT20-05,1007,1944,222,1722,0,222,True,True,0.9999975038577452,0.0001220703125,0.0,0,True
MOT20-05,1008,1928,219,1709,0,219,True,True,0.9999955745162946,0.0001220703125,0.0,0,True
MOT20-05,1009,1927,221,1706,0,221,True,True,0.9999961948032428,0.0001220703125,0.0,0,True
MOT20-05,1010,1924,217,1707,0,217,True,True,0.9999975449771267,0.0001220703125,0.0,0,True
MOT20-05,1011,1900,217,1683,0,217,True,True,0.9999963991602842,0.0001220703125,0.0,0,True
MOT20-05,1012,1910,219,1691,0,219,True,True,0.9999967133480795,0.0001220703125,0.0,0,True
MOT20-05,1013,1909,215,1694,0,215,True,True,0.9999920337767865,0.0001220703125,0.0,0,True
MOT20-05,1014,1901,218,1683,0,218,True,True,0.9999972980640629,0.0001220703125,0.0,0,True
MOT20-05,1015,1892,216,1676,0,216,True,True,0.9999954163391163,0.0001220703125,0.0,0,True
MOT20-05,1016,1902,218,1684,0,218,True,True,0.9999958508112261,0.0001220703125,0.0,0,True
MOT20-05,1017,1913,223,1690,0,223,True,True,0.9999953843668505,0.0001220703125,0.0,0,True
MOT20-05,1018,1939,221,1718,0,221,True,True,0.9999962081426345,0.0001220703125,0.0,0,True
MOT20-05,1019,1952,219,1733,0,219,True,True,0.9999962942238066,0.0001220703125,0.0,0,True
MOT20-05,1020,1925,218,1707,0,218,True,True,0.9999972718948316,0.0001220703125,0.0,0,True
MOT20-05,1021,1939,224,1715,0,224,True,True,0.9999964477535593,0.0001220703125,0.0,0,True
MOT20-05,1022,1895,216,1679,0,216,True,True,0.9999953447210732,0.0001220703125,0.0,0,True
MOT20-05,1023,1884,213,1671,0,213,True,True,0.9999974932882794,0.0001220703125,0.0,0,True
MOT20-05,1024,1905,218,1687,0,218,True,True,0.9999959709586701,0.0001220703125,0.0,0,True
MOT20-05,1025,1919,221,1698,0,221,True,True,0.9999968622463388,0.0001220703125,0.0,0,True
MOT20-05,1026,1927,218,1709,0,218,True,True,0.9999907736310375,0.0001220703125,0.0,0,True
MOT20-05,1027,1929,220,1709,0,220,True,True,0.9999975476992456,0.0001220703125,0.0,0,True
MOT20-05,1028,1883,217,1666,0,217,True,True,0.9999952977466802,0.0001220703125,0.0,0,True
MOT20-05,1029,1882,221,1661,0,221,True,True,0.999997600842584,0.0001220703125,0.0,0,True
MOT20-05,1030,1879,214,1665,0,214,True,True,0.9999958134910252,0.0001220703125,0.0,0,True
MOT20-05,1031,1891,220,1671,0,220,True,True,0.9999953495942521,0.0001220703125,0.0,0,True
MOT20-05,1032,1885,217,1668,0,217,True,True,0.9999972518473705,0.0001220703125,0.0,0,True
MOT20-05,1033,1881,210,1671,0,210,True,True,0.999997673130094,0.0001220703125,0.0,0,True
MOT20-05,1034,1887,213,1674,0,213,True,True,0.999997611974515,0.0001220703125,0.0,0,True
MOT20-05,1035,1878,212,1666,0,212,True,True,0.9999970022722776,0.0001220703125,0.0,0,True
MOT20-05,1036,1896,215,1681,0,215,True,True,0.9999958613382777,0.0001220703125,0.0,0,True
MOT20-05,1037,1874,212,1662,0,212,True,True,0.9999946996560076,0.0001220703125,0.0,0,True
MOT20-05,1038,1881,216,1665,0,216,True,True,0.9999970721538407,0.0001220703125,0.0,0,True
MOT20-05,1039,1880,214,1666,0,214,True,True,0.9999952178165028,0.0001220703125,0.0,0,True
MOT20-05,1040,1865,215,1650,0,215,True,True,0.9999946237281757,0.0001220703125,0.0,0,True
MOT20-05,1041,1870,212,1658,0,212,True,True,0.9999960003839632,0.0001220703125,0.0,0,True
MOT20-05,1042,1841,207,1634,0,207,True,True,0.9999963450492779,0.0001220703125,0.0,0,True
MOT20-05,1043,1856,209,1647,0,209,True,True,0.999997593654909,0.0001220703125,0.0,0,True
MOT20-05,1044,1854,211,1643,0,211,True,True,0.9999975466684985,0.0001220703125,0.0,0,True
MOT20-05,1045,1867,213,1654,0,213,True,True,0.9999956047143833,0.0001220703125,0.0,0,True
MOT20-05,1046,1841,208,1633,0,208,True,True,0.9999961343244925,0.0001220703125,0.0,0,True
MOT20-05,1047,1847,212,1635,0,212,True,True,0.9999974721781609,0.0001220703125,0.0,0,True
MOT20-05,1048,1827,207,1620,0,207,True,True,0.9999974502154568,0.0001220703125,0.0,0,True
MOT20-05,1049,1839,212,1627,0,212,True,True,0.9999958671623317,0.0001220703125,0.0,0,True
MOT20-05,1050,1840,212,1628,0,212,True,True,0.999997601325987,0.0001220703125,0.0,0,True
MOT20-05,1051,1846,217,1629,0,217,True,True,0.9999974164345764,0.0001220703125,0.0,0,True
MOT20-05,1052,1856,217,1639,0,217,True,True,0.9999973721760748,0.0001220703125,0.0,0,True
MOT20-05,1053,1859,209,1650,0,209,True,True,0.9999975664263295,0.0001220703125,0.0,0,True
MOT20-05,1054,1858,217,1641,0,217,True,True,0.9999976305639049,0.0001220703125,0.0,0,True
MOT20-05,1055,1864,212,1652,0,212,True,True,0.9999975530858035,0.0001220703125,0.0,0,True
MOT20-05,1056,1835,212,1623,0,212,True,True,0.9999964235388368,0.0001220703125,0.0,0,True
MOT20-05,1057,1865,219,1646,0,219,True,True,0.9999974143369843,0.0001220703125,0.0,0,True
MOT20-05,1058,1862,218,1644,0,218,True,True,0.9999974668152801,0.0001220703125,0.0,0,True
MOT20-05,1059,1863,220,1643,0,220,True,True,0.999997711811856,0.0001220703125,0.0,0,True
MOT20-05,1060,1848,215,1633,0,215,True,True,0.9999961738305313,0.0001220703125,0.0,0,True
MOT20-05,1061,1799,211,1588,0,211,True,True,0.9999953891127731,0.0001220703125,0.0,0,True
MOT20-05,1062,1819,210,1609,0,210,True,True,0.9999974242736451,0.0001220703125,0.0,0,True
MOT20-05,1063,1826,214,1612,0,214,True,True,0.9999978231482066,0.0001220703125,0.0,0,True
MOT20-05,1064,1804,208,1596,0,208,True,True,0.9999976140484825,0.0001220703125,0.0,0,True
MOT20-05,1065,1841,214,1627,0,214,True,True,0.9999966294785804,0.0001220703125,0.0,0,True
MOT20-05,1066,1841,215,1626,0,215,True,True,0.9999965121794693,0.0001220703125,0.0,0,True
MOT20-05,1067,1829,209,1620,0,209,True,True,0.9999960075537084,0.0001220703125,0.0,0,True
MOT20-05,1068,1829,204,1625,0,204,True,True,0.9999972547006388,0.0001220703125,0.0,0,True
MOT20-05,1069,1836,211,1625,0,211,True,True,0.9999963103987721,0.0001220703125,0.0,0,True
MOT20-05,1070,1844,215,1629,0,215,True,True,0.9999956680795947,0.0001220703125,0.0,0,True
MOT20-05,1071,1884,214,1670,0,214,True,True,0.9999963793172116,0.0001220703125,0.0,0,True
MOT20-05,1072,1855,215,1640,0,215,True,True,0.9999976394105136,0.0001220703125,0.0,0,True
MOT20-05,1073,1858,212,1646,0,212,True,True,0.9999952434362822,0.0001220703125,0.0,0,True
MOT20-05,1074,1861,217,1644,0,217,True,True,0.9999958474175089,0.0001220703125,0.0,0,True
MOT20-05,1075,1841,212,1629,0,212,True,True,0.9999975187705011,0.0001220703125,0.0,0,True
MOT20-05,1076,1840,214,1626,0,214,True,True,0.9999941026587069,0.0001220703125,0.0,0,True
MOT20-05,1077,1855,213,1642,0,213,True,True,0.9999975482504315,0.0001220703125,0.0,0,True
MOT20-05,1078,1861,216,1645,0,216,True,True,0.9999949405002834,0.0001220703125,0.0,0,True
MOT20-05,1079,1848,214,1634,0,214,True,True,0.9999978507750106,0.0001220703125,0.0,0,True
MOT20-05,1080,1830,208,1622,0,208,True,True,0.999994824177303,0.0001220703125,0.0,0,True
MOT20-05,1081,1865,214,1651,0,214,True,True,0.9999976434079857,0.0001220703125,0.0,0,True
MOT20-05,1082,1835,207,1628,0,207,True,True,0.9999975919165455,0.0001220703125,0.0,0,True
MOT20-05,1083,1838,208,1630,0,208,True,True,0.9999969866599436,0.0001220703125,0.0,0,True
MOT20-05,1084,1850,211,1639,0,211,True,True,0.9999977572893702,0.0001220703125,0.0,0,True
MOT20-05,1085,1839,205,1634,0,205,True,True,0.9999963060374124,0.0001220703125,0.0,0,True
MOT20-05,1086,1844,210,1634,0,210,True,True,0.9999964250986673,0.0001220703125,0.0,0,True
MOT20-05,1087,1853,213,1640,0,213,True,True,0.9999955833509999,0.0001220703125,0.0,0,True
MOT20-05,1088,1865,216,1649,0,216,True,True,0.9999956173220962,0.0001220703125,0.0,0,True
MOT20-05,1089,1887,215,1672,0,215,True,True,0.9999971843913921,0.0001220703125,0.0,0,True
MOT20-05,1090,1876,216,1660,0,216,True,True,0.9999972244010467,0.0001220703125,0.0,0,True
MOT20-05,1091,1865,211,1654,0,211,True,True,0.9999971035062057,0.0001220703125,0.0,0,True
MOT20-05,1092,1847,210,1637,0,210,True,True,0.9999965276451531,0.0001220703125,0.0,0,True
MOT20-05,1093,1853,210,1643,0,210,True,True,0.9999970360534459,0.0001220703125,0.0,0,True
MOT20-05,1094,1873,215,1658,0,215,True,True,0.9999955764058562,0.0001220703125,0.0,0,True
MOT20-05,1095,1852,213,1639,0,213,True,True,0.9999969722109521,0.0001220703125,0.0,0,True
MOT20-05,1096,1860,211,1649,0,211,True,True,0.9999967896498311,0.0001220703125,0.0,0,True
MOT20-05,1097,1846,216,1630,0,216,True,True,0.999997537691783,0.0001220703125,0.0,0,True
MOT20-05,1098,1848,215,1633,0,215,True,True,0.9999978147903729,0.0001220703125,0.0,0,True
MOT20-05,1099,1854,212,1642,0,212,True,True,0.9999965903588989,0.0001220703125,0.0,0,True
MOT20-05,1100,1872,211,1661,0,211,True,True,0.9999959869012457,0.0001220703125,0.0,0,True
MOT20-05,1101,1836,214,1622,0,214,True,True,0.9999966997788852,0.0001220703125,0.0,0,True
MOT20-05,1102,1808,210,1598,0,210,True,True,0.9999955282880498,0.0001220703125,0.0,0,True
MOT20-05,1103,1813,213,1600,0,213,True,True,0.9999963453631795,0.0001220703125,0.0,0,True
MOT20-05,1104,1811,211,1600,0,211,True,True,0.9999971493403573,0.0001220703125,0.0,0,True
MOT20-05,1105,1826,213,1613,0,213,True,True,0.999996748823887,0.0001220703125,0.0,0,True
MOT20-05,1106,1880,215,1665,0,215,True,True,0.9999954587976713,0.0001220703125,0.0,0,True
MOT20-05,1107,1889,220,1669,0,220,True,True,0.9999968896085697,0.0001220703125,0.0,0,True
MOT20-05,1108,1893,222,1671,0,222,True,True,0.9999973982386076,0.0001220703125,0.0,0,True
MOT20-05,1109,1894,223,1671,0,223,True,True,0.9999969638639082,0.0001220703125,0.0,0,True
MOT20-05,1110,1898,223,1675,0,223,True,True,0.9999921114494423,0.0001220703125,0.0,0,True
MOT20-05,1111,1874,216,1658,0,216,True,True,0.9999970262964604,0.0001220703125,0.0,0,True
MOT20-05,1112,1854,215,1639,0,215,True,True,0.9999968110516195,0.0001220703125,0.0,0,True
MOT20-05,1113,1859,215,1644,0,215,True,True,0.9999958280365445,0.0001220703125,0.0,0,True
MOT20-05,1114,1830,212,1618,0,212,True,True,0.9999970523207274,0.0001220703125,0.0,0,True
MOT20-05,1115,1844,217,1627,0,217,True,True,0.9999972151130246,0.0001220703125,0.0,0,True
MOT20-05,1116,1838,217,1621,0,217,True,True,0.9999975212139277,0.0001220703125,0.0,0,True
MOT20-05,1117,1799,215,1584,0,215,True,True,0.9999960010797084,0.0001220703125,0.0,0,True
MOT20-05,1118,1810,215,1595,0,215,True,True,0.9999975720723601,0.0001220703125,0.0,0,True
MOT20-05,1119,1811,204,1607,0,204,True,True,0.9999955886115596,0.0001220703125,0.0,0,True
MOT20-05,1120,1807,207,1600,0,207,True,True,0.999996964126602,0.0001220703125,0.0,0,True
MOT20-05,1121,1808,208,1600,0,208,True,True,0.9999955750450239,0.0001220703125,0.0,0,True
MOT20-05,1122,1791,205,1586,0,205,True,True,0.9999977452797432,0.0001220703125,0.0,0,True
MOT20-05,1123,1813,207,1606,0,207,True,True,0.9999959187921257,0.0001220703125,0.0,0,True
MOT20-05,1124,1815,208,1607,0,208,True,True,0.9999974004705149,0.0001220703125,0.0,0,True
MOT20-05,1125,1829,209,1620,0,209,True,True,0.999997601728674,0.0001220703125,0.0,0,True
MOT20-05,1126,1852,212,1640,0,212,True,True,0.9999951025525496,0.0001220703125,0.0,0,True
MOT20-05,1127,1841,210,1631,0,210,True,True,0.9999961665481492,0.0001220703125,0.0,0,True
MOT20-05,1128,1823,213,1610,0,213,True,True,0.9999974860033235,0.0001220703125,0.0,0,True
MOT20-05,1129,1825,207,1618,0,207,True,True,0.9999976619938232,0.0001220703125,0.0,0,True
MOT20-05,1130,1810,212,1598,0,212,True,True,0.9999974455519396,0.0001220703125,0.0,0,True
MOT20-05,1131,1809,212,1597,0,212,True,True,0.9999964165797687,0.0001220703125,0.0,0,True
MOT20-05,1132,1808,210,1598,0,210,True,True,0.9999975150031684,0.0001220703125,0.0,0,True
MOT20-05,1133,1823,207,1616,0,207,True,True,0.9999968363941221,0.0001220703125,0.0,0,True
MOT20-05,1134,1798,207,1591,0,207,True,True,0.9999956197985107,0.0001220703125,0.0,0,True
MOT20-05,1135,1817,209,1608,0,209,True,True,0.9999957008220034,0.0001220703125,0.0,0,True
MOT20-05,1136,1813,210,1603,0,210,True,True,0.9999963268851803,0.0001220703125,0.0,0,True
MOT20-05,1137,1835,213,1622,0,213,True,True,0.999997643182552,0.0001220703125,0.0,0,True
MOT20-05,1138,1840,209,1631,0,209,True,True,0.9999975613711435,0.0001220703125,0.0,0,True
MOT20-05,1139,1833,210,1623,0,210,True,True,0.9999959988236542,0.0001220703125,0.0,0,True
MOT20-05,1140,1817,209,1608,0,209,True,True,0.999997560922069,0.0001220703125,0.0,0,True
MOT20-05,1141,1838,212,1626,0,212,True,True,0.9999977512677228,0.0001220703125,0.0,0,True
MOT20-05,1142,1835,205,1630,0,205,True,True,0.9999975670165296,0.0001220703125,0.0,0,True
MOT20-05,1143,1818,206,1612,0,206,True,True,0.9999976845151953,0.0001220703125,0.0,0,True
MOT20-05,1144,1820,208,1612,0,208,True,True,0.9999959335956164,0.0001220703125,0.0,0,True
MOT20-05,1145,1830,208,1622,0,208,True,True,0.9999976520144542,0.0001220703125,0.0,0,True
MOT20-05,1146,1831,208,1623,0,208,True,True,0.9999958779714673,0.0001220703125,0.0,0,True
MOT20-05,1147,1825,206,1619,0,206,True,True,0.9999974142522966,0.0001220703125,0.0,0,True
MOT20-05,1148,1831,210,1621,0,210,True,True,0.999997584902744,0.0001220703125,0.0,0,True
MOT20-05,1149,1832,214,1618,0,214,True,True,0.99999541806702,0.0001220703125,0.0,0,True
MOT20-05,1150,1835,213,1622,0,213,True,True,0.9999975843835226,0.0001220703125,0.0,0,True
MOT20-05,1151,1837,215,1622,0,215,True,True,0.999997498211221,0.0001220703125,0.0,0,True
MOT20-05,1152,1848,218,1630,0,218,True,True,0.9999959573827287,0.0001220703125,0.0,0,True
MOT20-05,1153,1840,218,1622,0,218,True,True,0.9999962488089968,0.0001220703125,0.0,0,True
MOT20-05,1154,1831,220,1611,0,220,True,True,0.999997411999265,0.0001220703125,0.0,0,True
MOT20-05,1155,1852,215,1637,0,215,True,True,0.9999958991435361,0.0001220703125,0.0,0,True
MOT20-05,1156,1839,219,1620,0,219,True,True,0.9999972332330024,0.0001220703125,0.0,0,True
MOT20-05,1157,1853,216,1637,0,216,True,True,0.9999954653256123,0.0001220703125,0.0,0,True
MOT20-05,1158,1843,212,1631,0,212,True,True,0.999996208440586,0.0001220703125,0.0,0,True
MOT20-05,1159,1877,213,1664,0,213,True,True,0.9999954338434511,0.0001220703125,0.0,0,True
MOT20-05,1160,1860,215,1645,0,215,True,True,0.9999975063525668,0.0001220703125,0.0,0,True
MOT20-05,1161,1851,214,1637,0,214,True,True,0.9999977908607911,0.0001220703125,0.0,0,True
MOT20-05,1162,1854,209,1645,0,209,True,True,0.9999970363943177,0.0001220703125,0.0,0,True
MOT20-05,1163,1829,212,1617,0,212,True,True,0.9999978739010726,0.0001220703125,0.0,0,True
MOT20-05,1164,1846,213,1633,0,213,True,True,0.9999975984284115,0.0001220703125,0.0,0,True
MOT20-05,1165,1814,211,1603,0,211,True,True,0.9999966224203736,0.0001220703125,0.0,0,True
MOT20-05,1166,1849,215,1634,0,215,True,True,0.9999956984251112,0.0001220703125,0.0,0,True
MOT20-05,1167,1824,212,1612,0,212,True,True,0.9999977249149118,0.0001220703125,0.0,0,True
MOT20-05,1168,1856,219,1637,0,219,True,True,0.9999968411359906,0.0001220703125,0.0,0,True
MOT20-05,1169,1837,212,1625,0,212,True,True,0.9999963311570981,0.0001220703125,0.0,0,True
MOT20-05,1170,1821,210,1611,0,210,True,True,0.9999949292375094,0.0001220703125,0.0,0,True
MOT20-05,1171,1829,208,1621,0,208,True,True,0.9999975631384014,0.0001220703125,0.0,0,True
MOT20-05,1172,1851,215,1636,0,215,True,True,0.9999966041432847,0.0001220703125,0.0,0,True
MOT20-05,1173,1833,210,1623,0,210,True,True,0.9999976532872752,0.0001220703125,0.0,0,True
MOT20-05,1174,1835,210,1625,0,210,True,True,0.9999965060619824,0.0001220703125,0.0,0,True
MOT20-05,1175,1848,213,1635,0,213,True,True,0.9999958266894694,0.0001220703125,0.0,0,True
MOT20-05,1176,1833,216,1617,0,216,True,True,0.9999973831654277,0.0001220703125,0.0,0,True
MOT20-05,1177,1846,219,1627,0,219,True,True,0.9999958082878533,0.0001220703125,0.0,0,True
MOT20-05,1178,1844,222,1622,0,222,True,True,0.9999949305498077,0.0001220703125,0.0,0,True
MOT20-05,1179,1853,217,1636,0,217,True,True,0.999994718133177,0.0001220703125,0.0,0,True
MOT20-05,1180,1825,215,1610,0,215,True,True,0.9999965703389191,0.0001220703125,0.0,0,True
MOT20-05,1181,1813,215,1598,0,215,True,True,0.9999965369403961,0.0001220703125,0.0,0,True
MOT20-05,1182,1841,215,1626,0,215,True,True,0.9999973150325955,0.0001220703125,0.0,0,True
MOT20-05,1183,1860,214,1646,0,214,True,True,0.9999967275345245,0.0001220703125,0.0,0,True
MOT20-05,1184,1880,219,1661,0,219,True,True,0.9999961105838792,0.0001220703125,0.0,0,True
MOT20-05,1185,1884,227,1657,0,227,True,True,0.999997255137696,0.0001220703125,0.0,0,True
MOT20-05,1186,1896,219,1677,0,219,True,True,0.9999957632145339,0.0001220703125,0.0,0,True
MOT20-05,1187,1888,220,1668,0,220,True,True,0.9999971702130971,0.0001220703125,0.0,0,True
MOT20-05,1188,1883,217,1666,0,217,True,True,0.9999964778810932,0.0001220703125,0.0,0,True
MOT20-05,1189,1896,221,1675,0,221,True,True,0.9999974818694601,0.0001220703125,0.0,0,True
MOT20-05,1190,1870,216,1654,0,216,True,True,0.9999968110719581,0.0001220703125,0.0,0,True
MOT20-05,1191,1810,213,1597,0,213,True,True,0.9999973052286648,0.0001220703125,0.0,0,True
MOT20-05,1192,1817,213,1604,0,213,True,True,0.9999975436071147,0.0001220703125,0.0,0,True
MOT20-05,1193,1824,213,1611,0,213,True,True,0.9999957639413983,0.0001220703125,0.0,0,True
MOT20-05,1194,1822,212,1610,0,212,True,True,0.9999976134251755,0.0001220703125,0.0,0,True
MOT20-05,1195,1829,207,1622,0,207,True,True,0.9999975299554651,0.0001220703125,0.0,0,True
MOT20-05,1196,1821,211,1610,0,211,True,True,0.9999976371012904,0.0001220703125,0.0,0,True
MOT20-05,1197,1840,212,1628,0,212,True,True,0.9999971339970996,0.0001220703125,0.0,0,True
MOT20-05,1198,1830,211,1619,0,211,True,True,0.9999974695395827,0.0001220703125,0.0,0,True
MOT20-05,1199,1817,211,1606,0,211,True,True,0.9999953046683335,0.0001220703125,0.0,0,True
MOT20-05,1200,1838,210,1628,0,210,True,True,0.9999971365493702,0.0001220703125,0.0,0,True
MOT20-05,1201,1832,217,1615,0,217,True,True,0.9999968947860353,0.0001220703125,0.0,0,True
MOT20-05,1202,1862,216,1646,0,216,True,True,0.9999960927426602,0.0001220703125,0.0,0,True
MOT20-05,1203,1830,216,1614,0,216,True,True,0.999997185338236,0.0001220703125,0.0,0,True
MOT20-05,1204,1837,212,1625,0,212,True,True,0.9999966396494482,0.0001220703125,0.0,0,True
MOT20-05,1205,1845,214,1631,0,214,True,True,0.9999955697422255,0.0001220703125,0.0,0,True
MOT20-05,1206,1809,209,1600,0,209,True,True,0.999996591823102,0.0001220703125,0.0,0,True
MOT20-05,1207,1806,208,1598,0,208,True,True,0.9999971780747697,0.0001220703125,0.0,0,True
MOT20-05,1208,1809,208,1601,0,208,True,True,0.9999976235233168,0.0001220703125,0.0,0,True
MOT20-05,1209,1821,209,1612,0,209,True,True,0.9999958740172424,0.0001220703125,0.0,0,True
MOT20-05,1210,1814,213,1601,0,213,True,True,0.9999919138338131,0.0001220703125,0.0,0,True
MOT20-05,1211,1817,216,1601,0,216,True,True,0.9999973859968806,0.0001220703125,0.0,0,True
MOT20-05,1212,1834,212,1622,0,212,True,True,0.9999958511216492,0.0001220703125,0.0,0,True
MOT20-05,1213,1844,213,1631,0,213,True,True,0.9999935287018252,0.0001220703125,0.0,0,True
MOT20-05,1214,1831,208,1623,0,208,True,True,0.9999974388198082,0.0001220703125,0.0,0,True
MOT20-05,1215,1825,211,1614,0,211,True,True,0.9999965349845287,0.0001220703125,0.0,0,True
MOT20-05,1216,1865,216,1649,0,216,True,True,0.9999965160180245,0.0001220703125,0.0,0,True
MOT20-05,1217,1847,216,1631,0,216,True,True,0.9999959694321736,0.0001220703125,0.0,0,True
MOT20-05,1218,1824,215,1609,0,215,True,True,0.9999967146006433,0.0001220703125,0.0,0,True
MOT20-05,1219,1837,214,1623,0,214,True,True,0.9999965019921155,0.0001220703125,0.0,0,True
MOT20-05,1220,1834,215,1619,0,215,True,True,0.9999933506247235,0.0001220703125,0.0,0,True
MOT20-05,1221,1825,213,1612,0,213,True,True,0.9999974451930029,0.0001220703125,0.0,0,True
MOT20-05,1222,1822,211,1611,0,211,True,True,0.9999973275751486,0.0001220703125,0.0,0,True
MOT20-05,1223,1857,217,1640,0,217,True,True,0.9999967752857903,0.0001220703125,0.0,0,True
MOT20-05,1224,1841,216,1625,0,216,True,True,0.9999967628006954,0.0001220703125,0.0,0,True
MOT20-05,1225,1860,216,1644,0,216,True,True,0.9999971502177234,0.0001220703125,0.0,0,True
MOT20-05,1226,1830,211,1619,0,211,True,True,0.9999967451942794,0.0001220703125,0.0,0,True
MOT20-05,1227,1840,212,1628,0,212,True,True,0.9999974043907326,0.0001220703125,0.0,0,True
MOT20-05,1228,1838,208,1630,0,208,True,True,0.999994469515972,0.0001220703125,0.0,0,True
MOT20-05,1229,1862,213,1649,0,213,True,True,0.9999971478316146,0.0001220703125,0.0,0,True
MOT20-05,1230,1835,208,1627,0,208,True,True,0.999996952506335,0.0001220703125,0.0,0,True
MOT20-05,1231,1854,212,1642,0,212,True,True,0.9999975923687721,0.0001220703125,0.0,0,True
MOT20-05,1232,1817,208,1609,0,208,True,True,0.9999969919474433,0.0001220703125,0.0,0,True
MOT20-05,1233,1818,210,1608,0,210,True,True,0.9999962619267898,0.0001220703125,0.0,0,True
MOT20-05,1234,1824,214,1610,0,214,True,True,0.9999978063536772,0.0001220703125,0.0,0,True
MOT20-05,1235,1855,215,1640,0,215,True,True,0.9999973236055316,0.0001220703125,0.0,0,True
MOT20-05,1236,1834,209,1625,0,209,True,True,0.9999972206781546,0.0001220703125,0.0,0,True
MOT20-05,1237,1847,210,1637,0,210,True,True,0.9999964987649393,0.0001220703125,0.0,0,True
MOT20-05,1238,1850,214,1636,0,214,True,True,0.9999961909421083,0.0001220703125,0.0,0,True
MOT20-05,1239,1839,214,1625,0,214,True,True,0.9999963079876687,0.0001220703125,0.0,0,True
MOT20-05,1240,1828,213,1615,0,213,True,True,0.999997435095081,0.0001220703125,0.0,0,True
MOT20-05,1241,1847,218,1629,0,218,True,True,0.9999978472911388,0.0001220703125,0.0,0,True
MOT20-05,1242,1827,217,1610,0,217,True,True,0.9999966999803649,0.0001220703125,0.0,0,True
MOT20-05,1243,1848,221,1627,0,221,True,True,0.9999953918420501,0.0001220703125,0.0,0,True
MOT20-05,1244,1831,220,1611,0,220,True,True,0.9999975804988533,0.0001220703125,0.0,0,True
MOT20-05,1245,1847,215,1632,0,215,True,True,0.9999971683901732,0.0001220703125,0.0,0,True
MOT20-05,1246,1834,219,1615,0,219,True,True,0.9999974569913664,0.0001220703125,0.0,0,True
MOT20-05,1247,1831,215,1616,0,215,True,True,0.9999951125936244,0.0001220703125,0.0,0,True
MOT20-05,1248,1852,214,1638,0,214,True,True,0.9999960318168921,0.0001220703125,0.0,0,True
MOT20-05,1249,1864,215,1649,0,215,True,True,0.9999973943337181,0.0001220703125,0.0,0,True
MOT20-05,1250,1890,221,1669,0,221,True,True,0.9999969258909153,0.0001220703125,0.0,0,True
MOT20-05,1251,1901,221,1680,0,221,True,True,0.9999979209374077,0.0001220703125,0.0,0,True
MOT20-05,1252,1930,226,1704,0,226,True,True,0.9999972931199229,0.0001220703125,0.0,0,True
MOT20-05,1253,1904,224,1680,0,224,True,True,0.9999968633158516,0.0001220703125,0.0,0,True
MOT20-05,1254,1887,219,1668,0,219,True,True,0.9999961257503938,0.0001220703125,0.0,0,True
MOT20-05,1255,1892,223,1669,0,223,True,True,0.9999953703167861,0.0001220703125,0.0,0,True
MOT20-05,1256,1883,214,1669,0,214,True,True,0.9999967048953722,0.0001220703125,0.0,0,True
MOT20-05,1257,1862,216,1646,0,216,True,True,0.9999975643558087,0.0001220703125,0.0,0,True
MOT20-05,1258,1867,218,1649,0,218,True,True,0.9999978809069718,0.0001220703125,0.0,0,True
MOT20-05,1259,1864,217,1647,0,217,True,True,0.9999952506132646,0.0001220703125,0.0,0,True
MOT20-05,1260,1858,214,1644,0,214,True,True,0.9999963193074409,0.0001220703125,0.0,0,True
MOT20-05,1261,1847,210,1637,0,210,True,True,0.9999979154941321,0.0001220703125,0.0,0,True
MOT20-05,1262,1863,215,1648,0,215,True,True,0.9999975961133961,0.0001220703125,0.0,0,True
MOT20-05,1263,1845,215,1630,0,215,True,True,0.9999960003679661,0.0001220703125,0.0,0,True
MOT20-05,1264,1831,211,1620,0,211,True,True,0.999997128190401,0.0001220703125,0.0,0,True
MOT20-05,1265,1843,214,1629,0,214,True,True,0.9999968838420981,0.0001220703125,0.0,0,True
MOT20-05,1266,1836,211,1625,0,211,True,True,0.9999965212490803,0.0001220703125,0.0,0,True
MOT20-05,1267,1822,213,1609,0,213,True,True,0.9999955214267756,0.0001220703125,0.0,0,True
MOT20-05,1268,1820,211,1609,0,211,True,True,0.9999954996410964,0.0001220703125,0.0,0,True
MOT20-05,1269,1826,210,1616,0,210,True,True,0.9999970637202078,0.0001220703125,0.0,0,True
MOT20-05,1270,1834,213,1621,0,213,True,True,0.9999975874489444,0.0001220703125,0.0,0,True
MOT20-05,1271,1808,211,1597,0,211,True,True,0.9999967055521329,0.0001220703125,0.0,0,True
MOT20-05,1272,1791,206,1585,0,206,True,True,0.999997625689582,0.0001220703125,0.0,0,True
MOT20-05,1273,1789,207,1582,0,207,True,True,0.9999962808272927,0.0001220703125,0.0,0,True
MOT20-05,1274,1762,201,1561,0,201,True,True,0.9999948452412556,0.0001220703125,0.0,0,True
MOT20-05,1275,1796,207,1589,0,207,True,True,0.9999976778062498,0.0001220703125,0.0,0,True
MOT20-05,1276,1792,210,1582,0,210,True,True,0.9999975357081856,0.0001220703125,0.0,0,True
MOT20-05,1277,1790,209,1581,0,209,True,True,0.9999975595758164,0.0001220703125,0.0,0,True
MOT20-05,1278,1801,207,1594,0,207,True,True,0.9999963150621833,0.0001220703125,0.0,0,True
MOT20-05,1279,1807,209,1598,0,209,True,True,0.9999981448363374,0.0001220703125,0.0,0,True
MOT20-05,1280,1792,206,1586,0,206,True,True,0.9999959913591125,0.0001220703125,0.0,0,True
MOT20-05,1281,1803,205,1598,0,205,True,True,0.9999975104312929,0.0001220703125,0.0,0,True
MOT20-05,1282,1815,207,1608,0,207,True,True,0.9999976967282024,0.0001220703125,0.0,0,True
MOT20-05,1283,1824,211,1613,0,211,True,True,0.9999968014943419,0.0001220703125,0.0,0,True
MOT20-05,1284,1790,205,1585,0,205,True,True,0.9999972606492261,0.0001220703125,0.0,0,True
MOT20-05,1285,1784,206,1578,0,206,True,True,0.9999975972286426,0.0001220703125,0.0,0,True
MOT20-05,1286,1767,205,1562,0,205,True,True,0.9999950735882751,0.0001220703125,0.0,0,True
MOT20-05,1287,1781,204,1577,0,204,True,True,0.9999976623060883,0.0001220703125,0.0,0,True
MOT20-05,1288,1799,207,1592,0,207,True,True,0.9999957658263866,0.0001220703125,0.0,0,True
MOT20-05,1289,1795,201,1594,0,201,True,True,0.9999958065109482,0.0001220703125,0.0,0,True
MOT20-05,1290,1806,205,1601,0,205,True,True,0.9999951288421258,0.0001220703125,0.0,0,True
MOT20-05,1291,1808,210,1598,0,210,True,True,0.9999975626421527,0.0001220703125,0.0,0,True
MOT20-05,1292,1819,211,1608,0,211,True,True,0.9999960472433476,0.0001220703125,0.0,0,True
MOT20-05,1293,1813,205,1608,0,205,True,True,0.999997701693622,0.0001220703125,0.0,0,True
MOT20-05,1294,1806,206,1600,0,206,True,True,0.9999959494163109,0.0001220703125,0.0,0,True
MOT20-05,1295,1784,205,1579,0,205,True,True,0.9999979588004279,0.0001220703125,0.0,0,True
MOT20-05,1296,1798,206,1592,0,206,True,True,0.9999977798597759,0.0001220703125,0.0,0,True
MOT20-05,1297,1795,204,1591,0,204,True,True,0.9999977299812723,0.0001220703125,0.0,0,True
MOT20-05,1298,1799,207,1592,0,207,True,True,0.9999952688141519,0.0001220703125,0.0,0,True
MOT20-05,1299,1808,210,1598,0,210,True,True,0.9999969634029321,0.0001220703125,0.0,0,True
MOT20-05,1300,1835,216,1619,0,216,True,True,0.9999978979764461,0.0001220703125,0.0,0,True
MOT20-05,1301,1789,208,1581,0,208,True,True,0.9999973234366712,0.0001220703125,0.0,0,True
MOT20-05,1302,1800,206,1594,0,206,True,True,0.999997475952134,0.0001220703125,0.0,0,True
MOT20-05,1303,1817,208,1609,0,208,True,True,0.999997106749375,0.0001220703125,0.0,0,True
MOT20-05,1304,1801,208,1593,0,208,True,True,0.999997814016526,0.0001220703125,0.0,0,True
MOT20-05,1305,1782,205,1577,0,205,True,True,0.9999966451340185,0.0001220703125,0.0,0,True
MOT20-05,1306,1805,211,1594,0,211,True,True,0.9999965811790488,0.0001220703125,0.0,0,True
MOT20-05,1307,1809,217,1592,0,217,True,True,0.9999977985642236,0.0001220703125,0.0,0,True
MOT20-05,1308,1820,209,1611,0,209,True,True,0.9999969736724637,0.0001220703125,0.0,0,True
MOT20-05,1309,1798,212,1586,0,212,True,True,0.9999975885543142,0.0001220703125,0.0,0,True
MOT20-05,1310,1766,204,1562,0,204,True,True,0.9999977047321538,0.0001220703125,0.0,0,True
MOT20-05,1311,1812,208,1604,0,208,True,True,0.9999980010474512,0.0001220703125,0.0,0,True
MOT20-05,1312,1785,208,1577,0,208,True,True,0.9999940287099625,0.0001220703125,0.0,0,True
MOT20-05,1313,1790,205,1585,0,205,True,True,0.9999977189886161,0.0001220703125,0.0,0,True
MOT20-05,1314,1793,209,1584,0,209,True,True,0.9999961670839651,0.0001220703125,0.0,0,True
MOT20-05,1315,1792,208,1584,0,208,True,True,0.9999976787480095,0.0001220703125,0.0,0,True
MOT20-05,1316,1759,208,1551,0,208,True,True,0.9999976698178497,0.0001220703125,0.0,0,True
MOT20-05,1317,1779,209,1570,0,209,True,True,0.9999977019893878,0.0001220703125,0.0,0,True
MOT20-05,1318,1756,203,1553,0,203,True,True,0.9999977588123499,0.0001220703125,0.0,0,True
MOT20-05,1319,1751,203,1548,0,203,True,True,0.9999966454997702,0.0001220703125,0.0,0,True
MOT20-05,1320,1752,204,1548,0,204,True,True,0.9999955604489275,0.0001220703125,0.0,0,True
MOT20-05,1321,1766,213,1553,0,213,True,True,0.9999958837573063,0.0001220703125,0.0,0,True
MOT20-05,1322,1749,201,1548,0,201,True,True,0.9999966186343678,0.0001220703125,0.0,0,True
MOT20-05,1323,1770,210,1560,0,210,True,True,0.9999962473591738,0.0001220703125,0.0,0,True
MOT20-05,1324,1775,209,1566,0,209,True,True,0.9999954366238317,0.0001220703125,0.0,0,True
MOT20-05,1325,1751,206,1545,0,206,True,True,0.9999975314676166,0.0001220703125,0.0,0,True
MOT20-05,1326,1754,203,1551,0,203,True,True,0.9999966001196758,0.0001220703125,0.0,0,True
MOT20-05,1327,1739,202,1537,0,202,True,True,0.9999968606078491,0.0001220703125,0.0,0,True
MOT20-05,1328,1729,199,1530,0,199,True,True,0.9999890396545299,0.0001220703125,0.0,0,True
MOT20-05,1329,1731,200,1531,0,200,True,True,0.9999926076510811,0.0001220703125,0.0,0,True
MOT20-05,1330,1717,197,1520,0,197,True,True,0.9999977902603515,0.0001220703125,0.0,0,True
MOT20-05,1331,1707,195,1512,0,195,True,True,0.9999977325599851,0.0001220703125,0.0,0,True
MOT20-05,1332,1737,198,1539,0,198,True,True,0.9999957778650352,0.0001220703125,0.0,0,True
MOT20-05,1333,1730,198,1532,0,198,True,True,0.9999977591036414,0.0001220703125,0.0,0,True
MOT20-05,1334,1718,194,1524,0,194,True,True,0.9999976531600401,0.0001220703125,0.0,0,True
MOT20-05,1335,1721,196,1525,0,196,True,True,0.9999977744344838,0.0001220703125,0.0,0,True
MOT20-05,1336,1711,193,1518,0,193,True,True,0.9999960294613964,0.0001220703125,0.0,0,True
MOT20-05,1337,1723,195,1528,0,195,True,True,0.9999977582797935,0.0001220703125,0.0,0,True
MOT20-05,1338,1708,192,1516,0,192,True,True,0.9999976097995054,0.0001220703125,0.0,0,True
MOT20-05,1339,1703,192,1511,0,192,True,True,0.9999979350447682,0.0001220703125,0.0,0,True
MOT20-05,1340,1702,191,1511,0,191,True,True,0.9999977116767761,0.0001220703125,0.0,0,True
MOT20-05,1341,1719,192,1527,0,192,True,True,0.9999962942102573,0.0001220703125,0.0,0,True
MOT20-05,1342,1704,189,1515,0,189,True,True,0.999996127468255,0.0001220703125,0.0,0,True
MOT20-05,1343,1737,199,1538,0,199,True,True,0.9999976897068353,0.0001220703125,0.0,0,True
MOT20-05,1344,1754,204,1550,0,204,True,True,0.9999970801726202,0.0001220703125,0.0,0,True
MOT20-05,1345,1742,200,1542,0,200,True,True,0.999996997165772,0.0001220703125,0.0,0,True
MOT20-05,1346,1748,198,1550,0,198,True,True,0.9999976161246531,0.0001220703125,0.0,0,True
MOT20-05,1347,1746,204,1542,0,204,True,True,0.9999972379429304,0.0001220703125,0.0,0,True
MOT20-05,1348,1748,202,1546,0,202,True,True,0.9999974582001007,0.0001220703125,0.0,0,True
MOT20-05,1349,1756,197,1559,0,197,True,True,0.999997719981851,0.0001220703125,0.0,0,True
MOT20-05,1350,1761,201,1560,0,201,True,True,0.9999974016593004,0.0001220703125,0.0,0,True
MOT20-05,1351,1749,202,1547,0,202,True,True,0.9999951001048577,0.0001220703125,0.0,0,True
MOT20-05,1352,1755,202,1553,0,202,True,True,0.999996088616309,0.0001220703125,0.0,0,True
MOT20-05,1353,1760,201,1559,0,201,True,True,0.9999961285252198,0.0001220703125,0.0,0,True
MOT20-05,1354,1767,203,1564,0,203,True,True,0.9999980669081743,0.0001220703125,0.0,0,True
MOT20-05,1355,1750,200,1550,0,200,True,True,0.9999979131315895,0.0001220703125,0.0,0,True
MOT20-05,1356,1748,200,1548,0,200,True,True,0.9999961358555892,0.0001220703125,0.0,0,True
MOT20-05,1357,1763,196,1567,0,196,True,True,0.9999979289934701,0.0001220703125,0.0,0,True
MOT20-05,1358,1750,197,1553,0,197,True,True,0.9999979083698671,0.0001220703125,0.0,0,True
MOT20-05,1359,1757,200,1557,0,200,True,True,0.999996958665219,0.0001220703125,0.0,0,True
MOT20-05,1360,1732,196,1536,0,196,True,True,0.9999969218646113,0.0001220703125,0.0,0,True
MOT20-05,1361,1752,201,1551,0,201,True,True,0.9999976826511005,0.0001220703125,0.0,0,True
MOT20-05,1362,1766,199,1567,0,199,True,True,0.9999978347385879,0.0001220703125,0.0,0,True
MOT20-05,1363,1770,204,1566,0,204,True,True,0.9999976942062208,0.0001220703125,0.0,0,True
MOT20-05,1364,1758,199,1559,0,199,True,True,0.9999979198321597,0.0001220703125,0.0,0,True
MOT20-05,1365,1752,197,1555,0,197,True,True,0.9999968885809335,0.0001220703125,0.0,0,True
MOT20-05,1366,1749,197,1552,0,197,True,True,0.9999967440020447,0.0001220703125,0.0,0,True
MOT20-05,1367,1754,196,1558,0,196,True,True,0.9999977197478953,0.0001220703125,0.0,0,True
MOT20-05,1368,1757,200,1557,0,200,True,True,0.9999978188042165,0.0001220703125,0.0,0,True
MOT20-05,1369,1752,198,1554,0,198,True,True,0.9999977626833481,0.0001220703125,0.0,0,True
MOT20-05,1370,1765,195,1570,0,195,True,True,0.9999977047783816,0.0001220703125,0.0,0,True
MOT20-05,1371,1772,199,1573,0,199,True,True,0.999995919683041,0.0001220703125,0.0,0,True
MOT20-05,1372,1754,195,1559,0,195,True,True,0.9999978822936454,0.0001220703125,0.0,0,True
MOT20-05,1373,1765,198,1567,0,198,True,True,0.9999977452085682,0.0001220703125,0.0,0,True
MOT20-05,1374,1757,196,1561,0,196,True,True,0.9999978898390475,0.0001220703125,0.0,0,True
MOT20-05,1375,1739,195,1544,0,195,True,True,0.9999976181412774,0.0001220703125,0.0,0,True
MOT20-05,1376,1746,196,1550,0,196,True,True,0.9999978408530261,0.0001220703125,0.0,0,True
MOT20-05,1377,1763,201,1562,0,201,True,True,0.999995886331101,0.0001220703125,0.0,0,True
MOT20-05,1378,1735,201,1534,0,201,True,True,0.9999959388865779,0.0001220703125,0.0,0,True
MOT20-05,1379,1746,201,1545,0,201,True,True,0.999997087918648,0.0001220703125,0.0,0,True
MOT20-05,1380,1752,205,1547,0,205,True,True,0.9999977202729289,0.0001220703125,0.0,0,True
MOT20-05,1381,1760,206,1554,0,206,True,True,0.9999975789660571,0.0001220703125,0.0,0,True
MOT20-05,1382,1745,200,1545,0,200,True,True,0.9999966039068655,0.0001220703125,0.0,0,True
MOT20-05,1383,1744,196,1548,0,196,True,True,0.9999976685737734,0.0001220703125,0.0,0,True
MOT20-05,1384,1744,200,1544,0,200,True,True,0.9999977722009694,0.0001220703125,0.0,0,True
MOT20-05,1385,1754,200,1554,0,200,True,True,0.9999972177009864,0.0001220703125,0.0,0,True
MOT20-05,1386,1758,200,1558,0,200,True,True,0.9999977523746162,0.0001220703125,0.0,0,True
MOT20-05,1387,1744,200,1544,0,200,True,True,0.999996300646462,0.0001220703125,0.0,0,True
MOT20-05,1388,1723,191,1532,0,191,True,True,0.9999962287063331,0.0001220703125,0.0,0,True
MOT20-05,1389,1739,195,1544,0,195,True,True,0.9999979010249296,0.0001220703125,0.0,0,True
MOT20-05,1390,1731,195,1536,0,195,True,True,0.999997264975966,0.0001220703125,0.0,0,True
MOT20-05,1391,1750,200,1550,0,200,True,True,0.9999978755451883,0.0001220703125,0.0,0,True
MOT20-05,1392,1752,198,1554,0,198,True,True,0.9999974696804459,0.0001220703125,0.0,0,True
MOT20-05,1393,1757,200,1557,0,200,True,True,0.9999977751029571,0.0001220703125,0.0,0,True
MOT20-05,1394,1748,199,1549,0,199,True,True,0.999996192550344,0.0001220703125,0.0,0,True
MOT20-05,1395,1744,194,1550,0,194,True,True,0.9999979129298648,0.0001220703125,0.0,0,True
MOT20-05,1396,1764,199,1565,0,199,True,True,0.9999976408683403,0.0001220703125,0.0,0,True
MOT20-05,1397,1787,204,1583,0,204,True,True,0.999997428770191,0.0001220703125,0.0,0,True
MOT20-05,1398,1776,200,1576,0,200,True,True,0.9999967604306036,0.0001220703125,0.0,0,True
MOT20-05,1399,1809,204,1605,0,204,True,True,0.9999980135791727,0.0001220703125,0.0,0,True
MOT20-05,1400,1801,206,1595,0,206,True,True,0.9999958181970252,0.0001220703125,0.0,0,True
MOT20-05,1401,1798,203,1595,0,203,True,True,0.9999978168449923,0.0001220703125,0.0,0,True
MOT20-05,1402,1809,203,1606,0,203,True,True,0.9999951074884781,0.0001220703125,0.0,0,True
MOT20-05,1403,1782,205,1577,0,205,True,True,0.9999976230829922,0.0001220703125,0.0,0,True
MOT20-05,1404,1783,202,1581,0,202,True,True,0.9999960096009002,0.0001220703125,0.0,0,True
MOT20-05,1405,1761,200,1561,0,200,True,True,0.9999975088981181,0.0001220703125,0.0,0,True
MOT20-05,1406,1765,202,1563,0,202,True,True,0.9999977431323518,0.0001220703125,0.0,0,True
MOT20-05,1407,1782,202,1580,0,202,True,True,0.9999976050127415,0.0001220703125,0.0,0,True
MOT20-05,1408,1773,200,1573,0,200,True,True,0.999997917061557,0.0001220703125,0.0,0,True
MOT20-05,1409,1793,203,1590,0,203,True,True,0.9999978491100101,0.0001220703125,0.0,0,True
MOT20-05,1410,1805,208,1597,0,208,True,True,0.9999978404200391,0.0001220703125,0.0,0,True
MOT20-05,1411,1795,205,1590,0,205,True,True,0.9999969913169406,0.0001220703125,0.0,0,True
MOT20-05,1412,1782,203,1579,0,203,True,True,0.9999968288196867,0.0001220703125,0.0,0,True
MOT20-05,1413,1792,201,1591,0,201,True,True,0.9999980782535168,0.0001220703125,0.0,0,True
MOT20-05,1414,1779,200,1579,0,200,True,True,0.9999981172713991,0.0001220703125,0.0,0,True
MOT20-05,1415,1784,201,1583,0,201,True,True,0.9999966336993624,0.0001220703125,0.0,0,True
MOT20-05,1416,1783,203,1580,0,203,True,True,0.9999977102701519,0.0001220703125,0.0,0,True
MOT20-05,1417,1769,203,1566,0,203,True,True,0.9999978903977234,0.0001220703125,0.0,0,True
MOT20-05,1418,1776,197,1579,0,197,True,True,0.9999978436750677,0.0001220703125,0.0,0,True
MOT20-05,1419,1771,198,1573,0,198,True,True,0.9999968696049598,0.0001220703125,0.0,0,True
MOT20-05,1420,1789,201,1588,0,201,True,True,0.9999973643266676,0.0001220703125,0.0,0,True
MOT20-05,1421,1793,203,1590,0,203,True,True,0.9999979843423715,0.0001220703125,0.0,0,True
MOT20-05,1422,1795,201,1594,0,201,True,True,0.9999973046495667,0.0001220703125,0.0,0,True
MOT20-05,1423,1771,202,1569,0,202,True,True,0.9999972309064074,0.0001220703125,0.0,0,True
MOT20-05,1424,1766,199,1567,0,199,True,True,0.9999960244970492,0.0001220703125,0.0,0,True
MOT20-05,1425,1782,205,1577,0,205,True,True,0.9999977379149414,0.0001220703125,0.0,0,True
MOT20-05,1426,1781,207,1574,0,207,True,True,0.9999924650567005,0.0001220703125,0.0,0,True
MOT20-05,1427,1803,205,1598,0,205,True,True,0.9999965477183007,0.0001220703125,0.0,0,True
MOT20-05,1428,1794,205,1589,0,205,True,True,0.9999975878174857,0.0001220703125,0.0,0,True
MOT20-05,1429,1816,207,1609,0,207,True,True,0.9999964506975266,0.0001220703125,0.0,0,True
MOT20-05,1430,1816,207,1609,0,207,True,True,0.999997723215912,0.0001220703125,0.0,0,True
MOT20-05,1431,1801,208,1593,0,208,True,True,0.9999979083567423,0.0001220703125,0.0,0,True
MOT20-05,1432,1799,203,1596,0,203,True,True,0.9999977637190247,0.0001220703125,0.0,0,True
MOT20-05,1433,1788,208,1580,0,208,True,True,0.9999909563644586,0.0001220703125,0.0,0,True
MOT20-05,1434,1805,208,1597,0,208,True,True,0.9999977067057594,0.0001220703125,0.0,0,True
MOT20-05,1435,1816,205,1611,0,205,True,True,0.9999959910118486,0.0001220703125,0.0,0,True
MOT20-05,1436,1806,209,1597,0,209,True,True,0.9999923431494158,0.0001220703125,0.0,0,True
MOT20-05,1437,1819,212,1607,0,212,True,True,0.9999976322506404,0.0001220703125,0.0,0,True
MOT20-05,1438,1807,211,1596,0,211,True,True,0.9999978036869507,0.0001220703125,0.0,0,True
MOT20-05,1439,1824,207,1617,0,207,True,True,0.9999975112471411,0.0001220703125,0.0,0,True
MOT20-05,1440,1800,207,1593,0,207,True,True,0.9999971760984977,0.0001220703125,0.0,0,True
MOT20-05,1441,1790,203,1587,0,203,True,True,0.9999958867202764,0.0001220703125,0.0,0,True
MOT20-05,1442,1771,205,1566,0,205,True,True,0.9999978870233653,0.0001220703125,0.0,0,True
MOT20-05,1443,1784,202,1582,0,202,True,True,0.999997531693061,0.0001220703125,0.0,0,True
MOT20-05,1444,1778,203,1575,0,203,True,True,0.9999977930666297,0.0001220703125,0.0,0,True
MOT20-05,1445,1770,202,1568,0,202,True,True,0.9999976929678067,0.0001220703125,0.0,0,True
MOT20-05,1446,1746,199,1547,0,199,True,True,0.9999973658909216,0.0001220703125,0.0,0,True
MOT20-05,1447,1752,196,1556,0,196,True,True,0.9999974122761619,0.0001220703125,0.0,0,True
MOT20-05,1448,1748,197,1551,0,197,True,True,0.9999947554464689,0.0001220703125,0.0,0,True
MOT20-05,1449,1768,198,1570,0,198,True,True,0.999995747286769,0.0001220703125,0.0,0,True
MOT20-05,1450,1758,196,1562,0,196,True,True,0.9999978898234626,0.0001220703125,0.0,0,True
MOT20-05,1451,1779,200,1579,0,200,True,True,0.9999964058835686,0.0001220703125,0.0,0,True
MOT20-05,1452,1769,199,1570,0,199,True,True,0.9999962241495841,0.0001220703125,0.0,0,True
MOT20-05,1453,1767,199,1568,0,199,True,True,0.9999967706099672,0.0001220703125,0.0,0,True
MOT20-05,1454,1756,196,1560,0,196,True,True,0.9999978285273117,0.0001220703125,0.0,0,True
MOT20-05,1455,1773,199,1574,0,199,True,True,0.9999976620820095,0.0001220703125,0.0,0,True
MOT20-05,1456,1742,195,1547,0,195,True,True,0.9999978217636308,0.0001220703125,0.0,0,True
MOT20-05,1457,1752,198,1554,0,198,True,True,0.9999977377817593,0.0001220703125,0.0,0,True
MOT20-05,1458,1772,199,1573,0,199,True,True,0.9999979992357081,0.0001220703125,0.0,0,True
MOT20-05,1459,1754,197,1557,0,197,True,True,0.9999971381268754,0.0001220703125,0.0,0,True
MOT20-05,1460,1773,199,1574,0,199,True,True,0.9999979176210904,0.0001220703125,0.0,0,True
MOT20-05,1461,1772,199,1573,0,199,True,True,0.9999977753405398,0.0001220703125,0.0,0,True
MOT20-05,1462,1743,195,1548,0,195,True,True,0.9999956180229291,0.0001220703125,0.0,0,True
MOT20-05,1463,1748,197,1551,0,197,True,True,0.9999970900032883,0.0001220703125,0.0,0,True
MOT20-05,1464,1744,195,1549,0,195,True,True,0.999997411427485,0.0001220703125,0.0,0,True
MOT20-05,1465,1749,193,1556,0,193,True,True,0.9999965465976216,0.0001220703125,0.0,0,True
MOT20-05,1466,1737,192,1545,0,192,True,True,0.9999978415527007,0.0001220703125,0.0,0,True
MOT20-05,1467,1724,194,1530,0,194,True,True,0.9999979089821761,0.0001220703125,0.0,0,True
MOT20-05,1468,1714,193,1521,0,193,True,True,0.9999978967011107,0.0001220703125,0.0,0,True
MOT20-05,1469,1722,195,1527,0,195,True,True,0.999996693061547,0.0001220703125,0.0,0,True
MOT20-05,1470,1720,192,1528,0,192,True,True,0.9999977403785318,0.0001220703125,0.0,0,True
MOT20-05,1471,1716,191,1525,0,191,True,True,0.9999962521831034,0.0001220703125,0.0,0,True
MOT20-05,1472,1712,190,1522,0,190,True,True,0.9999978546389143,0.0001220703125,0.0,0,True
MOT20-05,1473,1733,193,1540,0,193,True,True,0.9999978169275439,0.0001220703125,0.0,0,True
MOT20-05,1474,1726,194,1532,0,194,True,True,0.9999965177160156,0.0001220703125,0.0,0,True
MOT20-05,1475,1726,196,1530,0,196,True,True,0.9999977161571604,0.0001220703125,0.0,0,True
MOT20-05,1476,1731,196,1535,0,196,True,True,0.9999968648302933,0.0001220703125,0.0,0,True
MOT20-05,1477,1727,193,1534,0,193,True,True,0.9999968354530524,0.0001220703125,0.0,0,True
MOT20-05,1478,1711,193,1518,0,193,True,True,0.9999974951375495,0.0001220703125,0.0,0,True
MOT20-05,1479,1732,196,1536,0,196,True,True,0.9999964274103369,0.0001220703125,0.0,0,True
MOT20-05,1480,1737,197,1540,0,197,True,True,0.9999969718533771,0.0001220703125,0.0,0,True
MOT20-05,1481,1729,192,1537,0,192,True,True,0.9999977773727657,0.0001220703125,0.0,0,True
MOT20-05,1482,1721,194,1527,0,194,True,True,0.9999971589214129,0.0001220703125,0.0,0,True
MOT20-05,1483,1733,194,1539,0,194,True,True,0.9999977511847561,0.0001220703125,0.0,0,True
MOT20-05,1484,1731,196,1535,0,196,True,True,0.9999972160201337,0.0001220703125,0.0,0,True
MOT20-05,1485,1752,199,1553,0,199,True,True,0.9999976692226166,0.0001220703125,0.0,0,True
MOT20-05,1486,1761,198,1563,0,198,True,True,0.9999970719480915,0.0001220703125,0.0,0,True
MOT20-05,1487,1776,202,1574,0,202,True,True,0.999996659049299,0.0001220703125,0.0,0,True
MOT20-05,1488,1776,204,1572,0,204,True,True,0.9999967999385588,0.0001220703125,0.0,0,True
MOT20-05,1489,1788,204,1584,0,204,True,True,0.9999978607658031,0.0001220703125,0.0,0,True
MOT20-05,1490,1782,204,1578,0,204,True,True,0.999997525401751,0.0001220703125,0.0,0,True
MOT20-05,1491,1782,203,1579,0,203,True,True,0.9999980628902065,0.0001220703125,0.0,0,True
MOT20-05,1492,1789,203,1586,0,203,True,True,0.9999974305870235,0.0001220703125,0.0,0,True
MOT20-05,1493,1769,205,1564,0,205,True,True,0.9999967281501779,0.0001220703125,0.0,0,True
MOT20-05,1494,1787,202,1585,0,202,True,True,0.9999970257392525,0.0001220703125,0.0,0,True
MOT20-05,1495,1771,203,1568,0,203,True,True,0.9999953480041774,0.0001220703125,0.0,0,True
MOT20-05,1496,1766,200,1566,0,200,True,True,0.9999942079015807,0.0001220703125,0.0,0,True
MOT20-05,1497,1763,202,1561,0,202,True,True,0.9999969815665644,0.0001220703125,0.0,0,True
MOT20-05,1498,1762,200,1562,0,200,True,True,0.9999942338851505,0.0001220703125,0.0,0,True
MOT20-05,1499,1753,198,1555,0,198,True,True,0.999996078842184,0.0001220703125,0.0,0,True
MOT20-05,1500,1773,201,1572,0,201,True,True,0.9999962501069104,0.0001220703125,0.0,0,True
MOT20-05,1501,1757,199,1558,0,199,True,True,0.9999975099167565,0.0001220703125,0.0,0,True
MOT20-05,1502,1769,202,1567,0,202,True,True,0.999995976761776,0.0001220703125,0.0,0,True
MOT20-05,1503,1751,200,1551,0,200,True,True,0.9999962056103845,0.0001220703125,0.0,0,True
MOT20-05,1504,1750,201,1549,0,201,True,True,0.9999979709933206,0.0001220703125,0.0,0,True
MOT20-05,1505,1781,205,1576,0,205,True,True,0.9999979564979279,0.0001220703125,0.0,0,True
MOT20-05,1506,1786,205,1581,0,205,True,True,0.9999976589239478,0.0001220703125,0.0,0,True
MOT20-05,1507,1777,201,1576,0,201,True,True,0.9999962270771355,0.0001220703125,0.0,0,True
MOT20-05,1508,1774,204,1570,0,204,True,True,0.9999942381928681,0.0001220703125,0.0,0,True
MOT20-05,1509,1757,198,1559,0,198,True,True,0.9999946176369273,0.0001220703125,0.0,0,True
MOT20-05,1510,1769,207,1562,0,207,True,True,0.9999979606694714,0.0001220703125,0.0,0,True
MOT20-05,1511,1796,205,1591,0,205,True,True,0.9999947883127235,0.0001220703125,0.0,0,True
MOT20-05,1512,1790,205,1585,0,205,True,True,0.9999974616789447,0.0001220703125,0.0,0,True
MOT20-05,1513,1800,210,1590,0,210,True,True,0.9999976940680778,0.0001220703125,0.0,0,True
MOT20-05,1514,1834,213,1621,0,213,True,True,0.9999978963179252,0.0001220703125,0.0,0,True
MOT20-05,1515,1812,212,1600,0,212,True,True,0.9999976295247033,0.0001220703125,0.0,0,True
MOT20-05,1516,1845,213,1632,0,213,True,True,0.9999955551604587,0.0001220703125,0.0,0,True
MOT20-05,1517,1868,219,1649,0,219,True,True,0.9999957217970163,0.0001220703125,0.0,0,True
MOT20-05,1518,1847,214,1633,0,214,True,True,0.9999959124027918,0.0001220703125,0.0,0,True
MOT20-05,1519,1852,213,1639,0,213,True,True,0.9999939833520284,0.0001220703125,0.0,0,True
MOT20-05,1520,1867,214,1653,0,214,True,True,0.9999949403210873,0.0001220703125,0.0,0,True
MOT20-05,1521,1867,220,1647,0,220,True,True,0.9999958536504462,0.0001220703125,0.0,0,True
MOT20-05,1522,1884,217,1667,0,217,True,True,0.9999973408781484,0.0001220703125,0.0,0,True
MOT20-05,1523,1870,213,1657,0,213,True,True,0.9999973825209987,0.0001220703125,0.0,0,True
MOT20-05,1524,1866,215,1651,0,215,True,True,0.9999981053429329,0.0001220703125,0.0,0,True
MOT20-05,1525,1849,214,1635,0,214,True,True,0.9999959235585704,0.0001220703125,0.0,0,True
MOT20-05,1526,1823,207,1616,0,207,True,True,0.9999976142932463,0.0001220703125,0.0,0,True
MOT20-05,1527,1834,205,1629,0,205,True,True,0.99999783906198,0.0001220703125,0.0,0,True
MOT20-05,1528,1801,204,1597,0,204,True,True,0.9999976539369284,0.0001220703125,0.0,0,True
MOT20-05,1529,1794,199,1595,0,199,True,True,0.9999920278070091,0.0001220703125,0.0,0,True
MOT20-05,1530,1783,204,1579,0,204,True,True,0.9999972656901535,0.0001220703125,0.0,0,True
MOT20-05,1531,1789,204,1585,0,204,True,True,0.9999977860383148,0.0001220703125,0.0,0,True
MOT20-05,1532,1803,209,1594,0,209,True,True,0.9999971230307145,0.0001220703125,0.0,0,True
MOT20-05,1533,1816,211,1605,0,211,True,True,0.9999971151377377,0.0001220703125,0.0,0,True
MOT20-05,1534,1831,211,1620,0,211,True,True,0.9999961300309598,0.0001220703125,0.0,0,True
MOT20-05,1535,1840,209,1631,0,209,True,True,0.9999969067732386,0.0001220703125,0.0,0,True
MOT20-05,1536,1826,205,1621,0,205,True,True,0.9999978320911216,0.0001220703125,0.0,0,True
MOT20-05,1537,1832,206,1626,0,206,True,True,0.9999957084460531,0.0001220703125,0.0,0,True
MOT20-05,1538,1823,206,1617,0,206,True,True,0.9999963669259471,0.0001220703125,0.0,0,True
MOT20-05,1539,1823,204,1619,0,204,True,True,0.9999972706380702,0.0001220703125,0.0,0,True
MOT20-05,1540,1815,206,1609,0,206,True,True,0.9999972795633696,0.0001220703125,0.0,0,True
MOT20-05,1541,1829,205,1624,0,205,True,True,0.9999976393739453,0.0001220703125,0.0,0,True
MOT20-05,1542,1854,210,1644,0,210,True,True,0.9999966108300924,0.0001220703125,0.0,0,True
MOT20-05,1543,1847,212,1635,0,212,True,True,0.9999972924163288,0.0001220703125,0.0,0,True
MOT20-05,1544,1832,206,1626,0,206,True,True,0.9999978722906281,0.0001220703125,0.0,0,True
MOT20-05,1545,1861,211,1650,0,211,True,True,0.9999972613394241,0.0001220703125,0.0,0,True
MOT20-05,1546,1797,201,1596,0,201,True,True,0.999996871216127,0.0001220703125,0.0,0,True
MOT20-05,1547,1804,206,1598,0,206,True,True,0.9999937028302629,0.0001220703125,0.0,0,True
MOT20-05,1548,1830,208,1622,0,208,True,True,0.9999976131541282,0.0001220703125,0.0,0,True
MOT20-05,1549,1832,206,1626,0,206,True,True,0.9999956553757122,0.0001220703125,0.0,0,True
MOT20-05,1550,1835,206,1629,0,206,True,True,0.9999970543357233,0.0001220703125,0.0,0,True
MOT20-05,1551,1792,204,1588,0,204,True,True,0.9999975738772618,0.0001220703125,0.0,0,True
MOT20-05,1552,1805,203,1602,0,203,True,True,0.9999941372012171,0.0001220703125,0.0,0,True
MOT20-05,1553,1784,200,1584,0,200,True,True,0.9999966648378861,0.0001220703125,0.0,0,True
MOT20-05,1554,1813,208,1605,0,208,True,True,0.9999964950494197,0.0001220703125,0.0,0,True
MOT20-05,1555,1810,203,1607,0,203,True,True,0.9999964558361746,0.0001220703125,0.0,0,True
MOT20-05,1556,1811,204,1607,0,204,True,True,0.9999971550821612,0.0001220703125,0.0,0,True
MOT20-05,1557,1800,204,1596,0,204,True,True,0.9999958486845519,0.0001220703125,0.0,0,True
MOT20-05,1558,1815,204,1611,0,204,True,True,0.999995057750189,0.0001220703125,0.0,0,True
MOT20-05,1559,1814,204,1610,0,204,True,True,0.9999971759070987,0.0001220703125,0.0,0,True
MOT20-05,1560,1825,208,1617,0,208,True,True,0.9999963778483695,0.0001220703125,0.0,0,True
MOT20-05,1561,1816,204,1612,0,204,True,True,0.9999972434172805,0.0001220703125,0.0,0,True
MOT20-05,1562,1804,204,1600,0,204,True,True,0.999997142375429,0.0001220703125,0.0,0,True
MOT20-05,1563,1796,200,1596,0,200,True,True,0.9999972224073951,0.0001220703125,0.0,0,True
MOT20-05,1564,1819,201,1618,0,201,True,True,0.9999978749492644,0.0001220703125,0.0,0,True
MOT20-05,1565,1804,201,1603,0,201,True,True,0.9999972036810743,0.0001220703125,0.0,0,True
MOT20-05,1566,1796,199,1597,0,199,True,True,0.9999967895879918,0.0001220703125,0.0,0,True
MOT20-05,1567,1808,204,1604,0,204,True,True,0.9999976281678783,0.0001220703125,0.0,0,True
MOT20-05,1568,1830,207,1623,0,207,True,True,0.9999974330639334,0.0001220703125,0.0,0,True
MOT20-05,1569,1836,206,1630,0,206,True,True,0.9999971672832547,0.0001220703125,0.0,0,True
MOT20-05,1570,1827,209,1618,0,209,True,True,0.9999972183897815,0.0001220703125,0.0,0,True
MOT20-05,1571,1845,211,1634,0,211,True,True,0.9999946351355701,0.0001220703125,0.0,0,True
MOT20-05,1572,1846,208,1638,0,208,True,True,0.9999957913166445,0.0001220703125,0.0,0,True
MOT20-05,1573,1840,207,1633,0,207,True,True,0.9999976088274339,0.0001220703125,0.0,0,True
MOT20-05,1574,1864,212,1652,0,212,True,True,0.9999976543431237,0.0001220703125,0.0,0,True
MOT20-05,1575,1827,206,1621,0,206,True,True,0.9999970423301706,0.0001220703125,0.0,0,True
MOT20-05,1576,1835,207,1628,0,207,True,True,0.9999973051778314,0.0001220703125,0.0,0,True
MOT20-05,1577,1849,209,1640,0,209,True,True,0.9999972490440429,0.0001220703125,0.0,0,True
MOT20-05,1578,1868,212,1656,0,212,True,True,0.9999943823380709,0.0001220703125,0.0,0,True
MOT20-05,1579,1839,214,1625,0,214,True,True,0.9999948161280624,0.0001220703125,0.0,0,True
MOT20-05,1580,1847,211,1636,0,211,True,True,0.9999954888506944,0.0001220703125,0.0,0,True
MOT20-05,1581,1842,210,1632,0,210,True,True,0.9999954399117167,0.0001220703125,0.0,0,True
MOT20-05,1582,1849,207,1642,0,207,True,True,0.9999973799630051,0.0001220703125,0.0,0,True
MOT20-05,1583,1845,208,1637,0,208,True,True,0.9999934996126367,0.0001220703125,0.0,0,True
MOT20-05,1584,1853,207,1646,0,207,True,True,0.9999974542529251,0.0001220703125,0.0,0,True
MOT20-05,1585,1837,205,1632,0,205,True,True,0.9999962357901077,0.0001220703125,0.0,0,True
MOT20-05,1586,1822,206,1616,0,206,True,True,0.9999959511383375,0.0001220703125,0.0,0,True
MOT20-05,1587,1848,208,1640,0,208,True,True,0.9999949655469367,0.0001220703125,0.0,0,True
MOT20-05,1588,1840,206,1634,0,206,True,True,0.999996505695716,0.0001220703125,0.0,0,True
MOT20-05,1589,1866,206,1660,0,206,True,True,0.9999959625649018,0.0001220703125,0.0,0,True
MOT20-05,1590,1853,207,1646,0,207,True,True,0.9999974554189398,0.0001220703125,0.0,0,True
MOT20-05,1591,1855,213,1642,0,213,True,True,0.9999964481223054,0.0001220703125,0.0,0,True
MOT20-05,1592,1852,214,1638,0,214,True,True,0.9999959976145782,0.0001220703125,0.0,0,True
MOT20-05,1593,1855,212,1643,0,212,True,True,0.9999970287645306,0.0001220703125,0.0,0,True
MOT20-05,1594,1831,210,1621,0,210,True,True,0.9999960337999567,0.0001220703125,0.0,0,True
MOT20-05,1595,1835,207,1628,0,207,True,True,0.9999944844475209,0.0001220703125,0.0,0,True
MOT20-05,1596,1845,208,1637,0,208,True,True,0.9999974815333432,0.0001220703125,0.0,0,True
MOT20-05,1597,1863,207,1656,0,207,True,True,0.9999953022598165,0.0001220703125,0.0,0,True
MOT20-05,1598,1875,212,1663,0,212,True,True,0.9999965900740465,0.0001220703125,0.0,0,True
MOT20-05,1599,1865,206,1659,0,206,True,True,0.9999970634750053,0.0001220703125,0.0,0,True
MOT20-05,1600,1902,214,1688,0,214,True,True,0.9999958056134104,0.0001220703125,0.0,0,True
MOT20-05,1601,1892,218,1674,0,218,True,True,0.9999956943134798,0.0001220703125,0.0,0,True
MOT20-05,1602,1918,217,1701,0,217,True,True,0.9999975210647523,0.0001220703125,0.0,0,True
MOT20-05,1603,1917,223,1694,0,223,True,True,0.9999976153400406,0.0001220703125,0.0,0,True
MOT20-05,1604,1931,219,1712,0,219,True,True,0.9999977129474619,0.0001220703125,0.0,0,True
MOT20-05,1605,1905,221,1684,0,221,True,True,0.9999963279439791,0.0001220703125,0.0,0,True
MOT20-05,1606,1897,222,1675,0,222,True,True,0.9999967143519307,0.0001220703125,0.0,0,True
MOT20-05,1607,1926,221,1705,0,221,True,True,0.9999977232521976,0.0001220703125,0.0,0,True
MOT20-05,1608,1908,220,1688,0,220,True,True,0.9999973758377638,0.0001220703125,0.0,0,True
MOT20-05,1609,1892,219,1673,0,219,True,True,0.9999969299632516,0.0001220703125,0.0,0,True
MOT20-05,1610,1890,216,1674,0,216,True,True,0.9999952684895599,0.0001220703125,0.0,0,True
MOT20-05,1611,1895,214,1681,0,214,True,True,0.9999978617698345,0.0001220703125,0.0,0,True
MOT20-05,1612,1887,217,1670,0,217,True,True,0.9999967830143156,0.0001220703125,0.0,0,True
MOT20-05,1613,1904,214,1690,0,214,True,True,0.9999975995525566,0.0001220703125,0.0,0,True
MOT20-05,1614,1920,217,1703,0,217,True,True,0.9999975462109817,0.0001220703125,0.0,0,True
MOT20-05,1615,1932,218,1714,0,218,True,True,0.9999974490446673,0.0001220703125,0.0,0,True
MOT20-05,1616,1921,220,1701,0,220,True,True,0.9999974861739568,0.0001220703125,0.0,0,True
MOT20-05,1617,1960,224,1736,0,224,True,True,0.9999953055680223,0.0001220703125,0.0,0,True
MOT20-05,1618,1926,217,1709,0,217,True,True,0.9999977401090809,0.0001220703125,0.0,0,True
MOT20-05,1619,1919,220,1699,0,220,True,True,0.9999961326127101,0.0001220703125,0.0,0,True
MOT20-05,1620,1920,216,1704,0,216,True,True,0.9999975804196561,0.0001220703125,0.0,0,True
MOT20-05,1621,1936,218,1718,0,218,True,True,0.9999978829526882,0.0001220703125,0.0,0,True
MOT20-05,1622,1925,220,1705,0,220,True,True,0.9999971468108478,0.0001220703125,0.0,0,True
MOT20-05,1623,1930,220,1710,0,220,True,True,0.9999969405861837,0.0001220703125,0.0,0,True
MOT20-05,1624,1901,214,1687,0,214,True,True,0.999996564742579,0.0001220703125,0.0,0,True
MOT20-05,1625,1931,218,1713,0,218,True,True,0.9999955909998233,0.0001220703125,0.0,0,True
MOT20-05,1626,1936,218,1718,0,218,True,True,0.9999974155225321,0.0001220703125,0.0,0,True
MOT20-05,1627,1918,215,1703,0,215,True,True,0.9999975097741365,0.0001220703125,0.0,0,True
MOT20-05,1628,1937,220,1717,0,220,True,True,0.9999963341563153,0.0001220703125,0.0,0,True
MOT20-05,1629,1934,216,1718,0,216,True,True,0.9999967619411515,0.0001220703125,0.0,0,True
MOT20-05,1630,1933,219,1714,0,219,True,True,0.9999967572160051,0.0001220703125,0.0,0,True
MOT20-05,1631,1948,222,1726,0,222,True,True,0.9999962537906956,0.0001220703125,0.0,0,True
MOT20-05,1632,1966,228,1738,0,228,True,True,0.9999956726067352,0.0001220703125,0.0,0,True
MOT20-05,1633,1968,222,1746,0,222,True,True,0.99999611701002,0.0001220703125,0.0,0,True
MOT20-05,1634,1957,221,1736,0,221,True,True,0.9999975594720254,0.0001220703125,0.0,0,True
MOT20-05,1635,1932,220,1712,0,220,True,True,0.9999953685049071,0.0001220703125,0.0,0,True
MOT20-05,1636,1928,215,1713,0,215,True,True,0.9999966718253374,0.0001220703125,0.0,0,True
MOT20-05,1637,1901,214,1687,0,214,True,True,0.999995937477783,0.0001220703125,0.0,0,True
MOT20-05,1638,1916,216,1700,0,216,True,True,0.9999976400957177,0.0001220703125,0.0,0,True
MOT20-05,1639,1947,221,1726,0,221,True,True,0.9999963023289781,0.0001220703125,0.0,0,True
MOT20-05,1640,1959,220,1739,0,220,True,True,0.9999933826984032,0.0001220703125,0.0,0,True
MOT20-05,1641,1985,226,1759,0,226,True,True,0.9999974339169462,0.0001220703125,0.0,0,True
MOT20-05,1642,1979,224,1755,0,224,True,True,0.9999942250609256,0.0001220703125,0.0,0,True
MOT20-05,1643,1994,228,1766,0,228,True,True,0.9999958018165404,0.0001220703125,0.0,0,True
MOT20-05,1644,1981,224,1757,0,224,True,True,0.999997170431987,0.0001220703125,0.0,0,True
MOT20-05,1645,1974,225,1749,0,225,True,True,0.9999978328636937,0.0001220703125,0.0,0,True
MOT20-05,1646,1958,220,1738,0,220,True,True,0.9999932082981013,0.0001220703125,0.0,0,True
MOT20-05,1647,1985,224,1761,0,224,True,True,0.9999977159068232,0.0001220703125,0.0,0,True
MOT20-05,1648,1991,225,1766,0,225,True,True,0.9999898184631988,0.0001220703125,0.0,0,True
MOT20-05,1649,1980,226,1754,0,226,True,True,0.9999969097555925,0.0001220703125,0.0,0,True
MOT20-05,1650,2009,231,1778,0,231,True,True,0.9999932202470542,0.0001220703125,0.0,0,True
MOT20-05,1651,1991,227,1764,0,227,True,True,0.9999969695592223,0.0001220703125,0.0,0,True
MOT20-05,1652,1989,227,1762,0,227,True,True,0.9999962071790515,0.0001220703125,0.0,0,True
MOT20-05,1653,1978,226,1752,0,226,True,True,0.9999950358658691,0.0001220703125,0.0,0,True
MOT20-05,1654,1992,226,1766,0,226,True,True,0.9999975887578245,0.0001220703125,0.0,0,True
MOT20-05,1655,1980,228,1752,0,228,True,True,0.9999960037192482,0.0001220703125,0.0,0,True
MOT20-05,1656,2005,227,1778,0,227,True,True,0.9999955871320771,0.0001220703125,0.0,0,True
MOT20-05,1657,1971,223,1748,0,223,True,True,0.9999963839912058,0.0001220703125,0.0,0,True
MOT20-05,1658,1980,224,1756,0,224,True,True,0.9999956735241309,0.0001220703125,0.0,0,True
MOT20-05,1659,1983,225,1758,0,225,True,True,0.999997649450853,0.0001220703125,0.0,0,True
MOT20-05,1660,1964,224,1740,0,224,True,True,0.9999953764708602,0.0001220703125,0.0,0,True
MOT20-05,1661,1987,223,1764,0,223,True,True,0.9999974689439421,0.0001220703125,0.0,0,True
MOT20-05,1662,2002,227,1775,0,227,True,True,0.9999970741926234,0.0001220703125,0.0,0,True
MOT20-05,1663,2000,227,1773,0,227,True,True,0.9999974838842788,0.0001220703125,0.0,0,True
MOT20-05,1664,2008,228,1780,0,228,True,True,0.9999960442099101,0.0001220703125,0.0,0,True
MOT20-05,1665,2005,229,1776,0,229,True,True,0.9999959651387992,0.0001220703125,0.0,0,True
MOT20-05,1666,2031,232,1799,0,232,True,True,0.9999968556623233,0.0001220703125,0.0,0,True
MOT20-05,1667,2010,233,1777,0,233,True,True,0.999996917889494,0.0001220703125,0.0,0,True
MOT20-05,1668,2010,231,1779,0,231,True,True,0.999996537911599,0.0001220703125,0.0,0,True
MOT20-05,1669,2024,228,1796,0,228,True,True,0.9999952501508077,0.0001220703125,0.0,0,True
MOT20-05,1670,2028,231,1797,0,231,True,True,0.9999968247113663,0.0001220703125,0.0,0,True
MOT20-05,1671,2018,230,1788,0,230,True,True,0.9999973101504164,0.0001220703125,0.0,0,True
MOT20-05,1672,2021,235,1786,0,235,True,True,0.9999975235989544,0.0001220703125,0.0,0,True
MOT20-05,1673,2026,230,1796,0,230,True,True,0.9999962194674742,0.0001220703125,0.0,0,True
MOT20-05,1674,2000,226,1774,0,226,True,True,0.9999974226571632,0.0001220703125,0.0,0,True
MOT20-05,1675,2000,227,1773,0,227,True,True,0.9999966002641595,0.0001220703125,0.0,0,True
MOT20-05,1676,1984,225,1759,0,225,True,True,0.9999976637479091,0.0001220703125,0.0,0,True
MOT20-05,1677,1995,224,1771,0,224,True,True,0.9999955648222489,0.0001220703125,0.0,0,True
MOT20-05,1678,1991,226,1765,0,226,True,True,0.9999947318512274,0.0001220703125,0.0,0,True
MOT20-05,1679,1998,228,1770,0,228,True,True,0.9999954611680231,0.0001220703125,0.0,0,True
MOT20-05,1680,1979,227,1752,0,227,True,True,0.99999641601468,0.0001220703125,0.0,0,True
MOT20-05,1681,1968,223,1745,0,223,True,True,0.9999978152940739,0.0001220703125,0.0,0,True
MOT20-05,1682,1976,222,1754,0,222,True,True,0.9999902912150059,0.0001220703125,0.0,0,True
MOT20-05,1683,1960,224,1736,0,224,True,True,0.999996480428543,0.0001220703125,0.0,0,True
MOT20-05,1684,1967,226,1741,0,226,True,True,0.9999975156205358,0.0001220703125,0.0,0,True
MOT20-05,1685,1990,225,1765,0,225,True,True,0.9999969265995048,0.0001220703125,0.0,0,True
MOT20-05,1686,1965,226,1739,0,226,True,True,0.9999979328336304,0.0001220703125,0.0,0,True
MOT20-05,1687,1982,226,1756,0,226,True,True,0.9999966555315725,0.0001220703125,0.0,0,True
MOT20-05,1688,1956,222,1734,0,222,True,True,0.9999974050104059,0.0001220703125,0.0,0,True
MOT20-05,1689,1973,223,1750,0,223,True,True,0.999997694721142,0.0001220703125,0.0,0,True
MOT20-05,1690,1966,222,1744,0,222,True,True,0.999995060852053,0.0001220703125,0.0,0,True
MOT20-05,1691,1949,219,1730,0,219,True,True,0.9999975591479474,0.0001220703125,0.0,0,True
MOT20-05,1692,1957,219,1738,0,219,True,True,0.9999934734155901,0.0001220703125,0.0,0,True
MOT20-05,1693,1972,223,1749,0,223,True,True,0.9999969149545521,0.0001220703125,0.0,0,True
MOT20-05,1694,1964,223,1741,0,223,True,True,0.9999961948466809,0.0001220703125,0.0,0,True
MOT20-05,1695,1963,227,1736,0,227,True,True,0.9999952843444438,0.0001220703125,0.0,0,True
MOT20-05,1696,1968,225,1743,0,225,True,True,0.9999977279058623,0.0001220703125,0.0,0,True
MOT20-05,1697,1992,226,1766,0,226,True,True,0.9999959969897363,0.0001220703125,0.0,0,True
MOT20-05,1698,1942,218,1724,0,218,True,True,0.9999976487130231,0.0001220703125,0.0,0,True
MOT20-05,1699,1950,218,1732,0,218,True,True,0.9999973786512112,0.0001220703125,0.0,0,True
MOT20-05,1700,1948,222,1726,0,222,True,True,0.9999975328805347,0.0001220703125,0.0,0,True
MOT20-05,1701,1965,220,1745,0,220,True,True,0.999997597787012,0.0001220703125,0.0,0,True
MOT20-05,1702,1944,221,1723,0,221,True,True,0.9999961558126036,0.0001220703125,0.0,0,True
MOT20-05,1703,1924,218,1706,0,218,True,True,0.9999963167858801,0.0001220703125,0.0,0,True
MOT20-05,1704,1959,221,1738,0,221,True,True,0.9999974575617971,0.0001220703125,0.0,0,True
MOT20-05,1705,1951,221,1730,0,221,True,True,0.9999967911795945,0.0001220703125,0.0,0,True
MOT20-05,1706,1955,220,1735,0,220,True,True,0.9999962967626299,0.0001220703125,0.0,0,True
MOT20-05,1707,1945,223,1722,0,223,True,True,0.9999976537387673,0.0001220703125,0.0,0,True
MOT20-05,1708,1944,221,1723,0,221,True,True,0.9999971195999701,0.0001220703125,0.0,0,True
MOT20-05,1709,1965,222,1743,0,222,True,True,0.9999960479697433,0.0001220703125,0.0,0,True
MOT20-05,1710,1961,223,1738,0,223,True,True,0.9999971170423161,0.0001220703125,0.0,0,True
MOT20-05,1711,1977,223,1754,0,223,True,True,0.9999925452966413,0.0001220703125,0.0,0,True
MOT20-05,1712,1986,223,1763,0,223,True,True,0.9999977915682075,0.0001220703125,0.0,0,True
MOT20-05,1713,1969,223,1746,0,223,True,True,0.9999976706700084,0.0001220703125,0.0,0,True
MOT20-05,1714,1963,223,1740,0,223,True,True,0.9999963849062606,0.0001220703125,0.0,0,True
MOT20-05,1715,1957,220,1737,0,220,True,True,0.9999964349249016,0.0001220703125,0.0,0,True
MOT20-05,1716,1968,219,1749,0,219,True,True,0.9999964656942614,0.0001220703125,0.0,0,True
MOT20-05,1717,1956,221,1735,0,221,True,True,0.9999955571306216,0.0001220703125,0.0,0,True
MOT20-05,1718,1962,218,1744,0,218,True,True,0.9999960725787448,0.0001220703125,0.0,0,True
MOT20-05,1719,1962,218,1744,0,218,True,True,0.9999959824352169,0.0001220703125,0.0,0,True
MOT20-05,1720,1956,220,1736,0,220,True,True,0.9999977085557944,0.0001220703125,0.0,0,True
MOT20-05,1721,1956,219,1737,0,219,True,True,0.9999972446477282,0.0001220703125,0.0,0,True
MOT20-05,1722,1950,219,1731,0,219,True,True,0.9999964583340711,0.0001220703125,0.0,0,True
MOT20-05,1723,1962,220,1742,0,220,True,True,0.9999977365989683,0.0001220703125,0.0,0,True
MOT20-05,1724,1968,221,1747,0,221,True,True,0.9999964580330041,0.0001220703125,0.0,0,True
MOT20-05,1725,1971,221,1750,0,221,True,True,0.9999965181907127,0.0001220703125,0.0,0,True
MOT20-05,1726,1923,215,1708,0,215,True,True,0.9999976761047797,0.0001220703125,0.0,0,True
MOT20-05,1727,1927,214,1713,0,214,True,True,0.9999976484172084,0.0001220703125,0.0,0,True
MOT20-05,1728,1941,219,1722,0,219,True,True,0.9999960458132082,0.0001220703125,0.0,0,True
MOT20-05,1729,1962,221,1741,0,221,True,True,0.9999966350812964,0.0001220703125,0.0,0,True
MOT20-05,1730,1938,218,1720,0,218,True,True,0.9999969344994497,0.0001220703125,0.0,0,True
MOT20-05,1731,1941,216,1725,0,216,True,True,0.9999977048242218,0.0001220703125,0.0,0,True
MOT20-05,1732,1938,219,1719,0,219,True,True,0.9999970160031749,0.0001220703125,0.0,0,True
MOT20-05,1733,1954,222,1732,0,222,True,True,0.9999963578849479,0.0001220703125,0.0,0,True
MOT20-05,1734,1956,223,1733,0,223,True,True,0.9999964588984341,0.0001220703125,0.0,0,True
MOT20-05,1735,1932,220,1712,0,220,True,True,0.9999966928373472,0.0001220703125,0.0,0,True
MOT20-05,1736,1929,216,1713,0,216,True,True,0.9999965765536681,0.0001220703125,0.0,0,True
MOT20-05,1737,1927,218,1709,0,218,True,True,0.9999963912270731,0.0001220703125,0.0,0,True
MOT20-05,1738,1932,218,1714,0,218,True,True,0.9999971330604007,0.0001220703125,0.0,0,True
MOT20-05,1739,1927,219,1708,0,219,True,True,0.9999980761461359,0.0001220703125,0.0,0,True
MOT20-05,1740,1944,220,1724,0,220,True,True,0.9999972354536483,0.0001220703125,0.0,0,True
MOT20-05,1741,1919,217,1702,0,217,True,True,0.9999976709955096,0.0001220703125,0.0,0,True
MOT20-05,1742,1944,223,1721,0,223,True,True,0.9999935267329745,0.0001220703125,0.0,0,True
MOT20-05,1743,1943,222,1721,0,222,True,True,0.9999974460999392,0.0001220703125,0.0,0,True
MOT20-05,1744,1973,223,1750,0,223,True,True,0.9999951552617491,0.0001220703125,0.0,0,True
MOT20-05,1745,1963,223,1740,0,223,True,True,0.9999964569788659,0.0001220703125,0.0,0,True
MOT20-05,1746,1936,217,1719,0,217,True,True,0.9999967015423588,0.0001220703125,0.0,0,True
MOT20-05,1747,1950,222,1728,0,222,True,True,0.9999976211772318,0.0001220703125,0.0,0,True
MOT20-05,1748,1930,219,1711,0,219,True,True,0.9999975622434735,0.0001220703125,0.0,0,True
MOT20-05,1749,1917,221,1696,0,221,True,True,0.9999971397844541,0.0001220703125,0.0,0,True
MOT20-05,1750,1922,218,1704,0,218,True,True,0.9999967098661244,0.0001220703125,0.0,0,True
MOT20-05,1751,1921,219,1702,0,219,True,True,0.9999976172832741,0.0001220703125,0.0,0,True
MOT20-05,1752,1917,218,1699,0,218,True,True,0.9999970143817233,0.0001220703125,0.0,0,True
MOT20-05,1753,1920,223,1697,0,223,True,True,0.9999971590921372,0.0001220703125,0.0,0,True
MOT20-05,1754,1884,217,1667,0,217,True,True,0.9999934793166209,0.0001220703125,0.0,0,True
MOT20-05,1755,1875,216,1659,0,216,True,True,0.9999971274685817,0.0001220703125,0.0,0,True
MOT20-05,1756,1863,216,1647,0,216,True,True,0.9999970066333006,0.0001220703125,0.0,0,True
MOT20-05,1757,1878,211,1667,0,211,True,True,0.9999977902196957,0.0001220703125,0.0,0,True
MOT20-05,1758,1881,217,1664,0,217,True,True,0.9999962970876827,0.0001220703125,0.0,0,True
MOT20-05,1759,1851,215,1636,0,215,True,True,0.9999973061941372,0.0001220703125,0.0,0,True
MOT20-05,1760,1876,214,1662,0,214,True,True,0.9999973046693907,0.0001220703125,0.0,0,True
MOT20-05,1761,1884,216,1668,0,216,True,True,0.9999970961381541,0.0001220703125,0.0,0,True
MOT20-05,1762,1901,216,1685,0,216,True,True,0.9999962897277402,0.0001220703125,0.0,0,True
MOT20-05,1763,1900,217,1683,0,217,True,True,0.9999977606341884,0.0001220703125,0.0,0,True
MOT20-05,1764,1884,217,1667,0,217,True,True,0.999997886232823,0.0001220703125,0.0,0,True
MOT20-05,1765,1881,215,1666,0,215,True,True,0.9999970036072433,0.0001220703125,0.0,0,True
MOT20-05,1766,1877,215,1662,0,215,True,True,0.9999979881744897,0.0001220703125,0.0,0,True
MOT20-05,1767,1890,216,1674,0,216,True,True,0.9999973805551763,0.0001220703125,0.0,0,True
MOT20-05,1768,1909,219,1690,0,219,True,True,0.9999967027169612,0.0001220703125,0.0,0,True
MOT20-05,1769,1891,217,1674,0,217,True,True,0.9999969199616093,0.0001220703125,0.0,0,True
MOT20-05,1770,1884,213,1671,0,213,True,True,0.9999965835442994,0.0001220703125,0.0,0,True
MOT20-05,1771,1883,210,1673,0,210,True,True,0.9999959975104515,0.0001220703125,0.0,0,True
MOT20-05,1772,1908,216,1692,0,216,True,True,0.9999962450058578,0.0001220703125,0.0,0,True
MOT20-05,1773,1895,213,1682,0,213,True,True,0.9999971263129158,0.0001220703125,0.0,0,True
MOT20-05,1774,1859,213,1646,0,213,True,True,0.9999975405584165,0.0001220703125,0.0,0,True
MOT20-05,1775,1875,215,1660,0,215,True,True,0.999996542663532,0.0001220703125,0.0,0,True
MOT20-05,1776,1891,218,1673,0,218,True,True,0.999997061865374,0.0001220703125,0.0,0,True
MOT20-05,1777,1882,216,1666,0,216,True,True,0.9999974552700086,0.0001220703125,0.0,0,True
MOT20-05,1778,1915,219,1696,0,219,True,True,0.9999960254845928,0.0001220703125,0.0,0,True
MOT20-05,1779,1874,213,1661,0,213,True,True,0.9999975745463189,0.0001220703125,0.0,0,True
MOT20-05,1780,1902,213,1689,0,213,True,True,0.9999973403830912,0.0001220703125,0.0,0,True
MOT20-05,1781,1915,218,1697,0,218,True,True,0.9999974217390006,0.0001220703125,0.0,0,True
MOT20-05,1782,1919,217,1702,0,217,True,True,0.9999965816757309,0.0001220703125,0.0,0,True
MOT20-05,1783,1911,215,1696,0,215,True,True,0.9999970539799258,0.0001220703125,0.0,0,True
MOT20-05,1784,1907,212,1695,0,212,True,True,0.9999977125340419,0.0001220703125,0.0,0,True
MOT20-05,1785,1921,215,1706,0,215,True,True,0.9999970203781386,0.0001220703125,0.0,0,True
MOT20-05,1786,1929,217,1712,0,217,True,True,0.9999957002562647,0.0001220703125,0.0,0,True
MOT20-05,1787,1906,217,1689,0,217,True,True,0.9999957722601075,0.0001220703125,0.0,0,True
MOT20-05,1788,1907,222,1685,0,222,True,True,0.9999974075735147,0.0001220703125,0.0,0,True
MOT20-05,1789,1947,223,1724,0,223,True,True,0.999996180033381,0.0001220703125,0.0,0,True
MOT20-05,1790,1927,217,1710,0,217,True,True,0.9999962022888805,0.0001220703125,0.0,0,True
MOT20-05,1791,1933,222,1711,0,222,True,True,0.9999976098662575,0.0001220703125,0.0,0,True
MOT20-05,1792,1923,220,1703,0,220,True,True,0.9999967920957239,0.0001220703125,0.0,0,True
MOT20-05,1793,1919,222,1697,0,222,True,True,0.9999974086080856,0.0001220703125,0.0,0,True
MOT20-05,1794,1917,219,1698,0,219,True,True,0.9999974454736348,0.0001220703125,0.0,0,True
MOT20-05,1795,1925,219,1706,0,219,True,True,0.9999976756618553,0.0001220703125,0.0,0,True
MOT20-05,1796,1940,219,1721,0,219,True,True,0.9999970244914111,0.0001220703125,0.0,0,True
MOT20-05,1797,1944,216,1728,0,216,True,True,0.9999977011124317,0.0001220703125,0.0,0,True
MOT20-05,1798,1935,224,1711,0,224,True,True,0.9999977036780189,0.0001220703125,0.0,0,True
MOT20-05,1799,1924,220,1704,0,220,True,True,0.9999970658267107,0.0001220703125,0.0,0,True
MOT20-05,1800,1919,216,1703,0,216,True,True,0.9999962632398085,0.0001220703125,0.0,0,True
MOT20-05,1801,1929,221,1708,0,221,True,True,0.9999971517128134,0.0001220703125,0.0,0,True
MOT20-05,1802,1939,221,1718,0,221,True,True,0.9999976330744705,0.0001220703125,0.0,0,True
MOT20-05,1803,1952,226,1726,0,226,True,True,0.9999970831364451,0.0001220703125,0.0,0,True
MOT20-05,1804,1924,221,1703,0,221,True,True,0.9999962567145183,0.0001220703125,0.0,0,True
MOT20-05,1805,1936,224,1712,0,224,True,True,0.9999915768903563,0.0001220703125,0.0,0,True
MOT20-05,1806,1934,226,1708,0,226,True,True,0.9999977011758485,0.0001220703125,0.0,0,True
MOT20-05,1807,1949,228,1721,0,228,True,True,0.9999961180121899,0.0001220703125,0.0,0,True
MOT20-05,1808,1951,227,1724,0,227,True,True,0.999995037932421,0.0001220703125,0.0,0,True
MOT20-05,1809,1960,226,1734,0,226,True,True,0.9999955972544479,0.0001220703125,0.0,0,True
MOT20-05,1810,1950,228,1722,0,228,True,True,0.9999956009924161,0.0001220703125,0.0,0,True
MOT20-05,1811,1956,222,1734,0,222,True,True,0.9999971556819925,0.0001220703125,0.0,0,True
MOT20-05,1812,1970,227,1743,0,227,True,True,0.9999963116167475,0.0001220703125,0.0,0,True
MOT20-05,1813,1964,223,1741,0,223,True,True,0.9999957489861332,0.0001220703125,0.0,0,True
MOT20-05,1814,1978,228,1750,0,228,True,True,0.9999977185435638,0.0001220703125,0.0,0,True
MOT20-05,1815,1946,225,1721,0,225,True,True,0.9999970197116272,0.0001220703125,0.0,0,True
MOT20-05,1816,1970,224,1746,0,224,True,True,0.999994821801546,0.0001220703125,0.0,0,True
MOT20-05,1817,1996,228,1768,0,228,True,True,0.9999972054705708,0.0001220703125,0.0,0,True
MOT20-05,1818,1992,227,1765,0,227,True,True,0.9999962336209591,0.0001220703125,0.0,0,True
MOT20-05,1819,2013,232,1781,0,232,True,True,0.9999907216255712,0.0001220703125,0.0,0,True
MOT20-05,1820,1990,226,1764,0,226,True,True,0.9999955593646339,0.0001220703125,0.0,0,True
MOT20-05,1821,1998,226,1772,0,226,True,True,0.9999966620714517,0.0001220703125,0.0,0,True
MOT20-05,1822,1988,227,1761,0,227,True,True,0.9999954500989603,0.0001220703125,0.0,0,True
MOT20-05,1823,1962,227,1735,0,227,True,True,0.9999975367695583,0.0001220703125,0.0,0,True
MOT20-05,1824,1995,227,1768,0,227,True,True,0.9999970223472836,0.0001220703125,0.0,0,True
MOT20-05,1825,1995,232,1763,0,232,True,True,0.9999976312018097,0.0001220703125,0.0,0,True
MOT20-05,1826,1975,224,1751,0,224,True,True,0.9999958697025491,0.0001220703125,0.0,0,True
MOT20-05,1827,1979,225,1754,0,225,True,True,0.9999956353986627,0.0001220703125,0.0,0,True
MOT20-05,1828,1988,226,1762,0,226,True,True,0.9999933245885443,0.0001220703125,0.0,0,True
MOT20-05,1829,1999,229,1770,0,229,True,True,0.9999953108221535,0.0001220703125,0.0,0,True
MOT20-05,1830,2002,228,1774,0,228,True,True,0.9999965018208022,0.0001220703125,0.0,0,True
MOT20-05,1831,2003,232,1771,0,232,True,True,0.9999964025153613,0.0001220703125,0.0,0,True
MOT20-05,1832,2000,231,1769,0,231,True,True,0.9999972860674846,0.0001220703125,0.0,0,True
MOT20-05,1833,2009,230,1779,0,230,True,True,0.9999950051322266,0.0001220703125,0.0,0,True
MOT20-05,1834,1976,225,1751,0,225,True,True,0.9999958192409141,0.0001220703125,0.0,0,True
MOT20-05,1835,1974,221,1753,0,221,True,True,0.9999931060350986,0.0001220703125,0.0,0,True
MOT20-05,1836,1972,218,1754,0,218,True,True,0.9999966880617875,0.0001220703125,0.0,0,True
MOT20-05,1837,1954,218,1736,0,218,True,True,0.9999900438568108,0.0001220703125,0.0,0,True
MOT20-05,1838,1938,217,1721,0,217,True,True,0.9999975413934645,0.0001220703125,0.0,0,True
MOT20-05,1839,1963,222,1741,0,222,True,True,0.9999954836961431,0.0001220703125,0.0,0,True
MOT20-05,1840,1961,219,1742,0,219,True,True,0.99999574145523,0.0001220703125,0.0,0,True
MOT20-05,1841,1963,223,1740,0,223,True,True,0.999993332266496,0.0001220703125,0.0,0,True
MOT20-05,1842,1983,224,1759,0,224,True,True,0.9999949923666818,0.0001220703125,0.0,0,True
MOT20-05,1843,2001,228,1773,0,228,True,True,0.9999961442170201,0.0001220703125,0.0,0,True
MOT20-05,1844,1985,224,1761,0,224,True,True,0.9999969731549109,0.0001220703125,0.0,0,True
MOT20-05,1845,1964,224,1740,0,224,True,True,0.9999967846411646,0.0001220703125,0.0,0,True
MOT20-05,1846,2004,234,1770,0,234,True,True,0.9999970385462816,0.0001220703125,0.0,0,True
MOT20-05,1847,2023,232,1791,0,232,True,True,0.9999973479341818,0.0001220703125,0.0,0,True
MOT20-05,1848,1994,232,1762,0,232,True,True,0.9999965766399831,0.0001220703125,0.0,0,True
MOT20-05,1849,2005,234,1771,0,234,True,True,0.9999969381693927,0.0001220703125,0.0,0,True
MOT20-05,1850,1980,231,1749,0,231,True,True,0.9999945485882814,0.0001220703125,0.0,0,True
MOT20-05,1851,1989,235,1754,0,235,True,True,0.9999969673811516,0.0001220703125,0.0,0,True
MOT20-05,1852,2033,239,1794,0,239,True,True,0.9999957473952796,0.0001220703125,0.0,0,True
MOT20-05,1853,2010,237,1773,0,237,True,True,0.9999962670061202,0.0001220703125,0.0,0,True
MOT20-05,1854,2018,235,1783,0,235,True,True,0.9999945911738776,0.0001220703125,0.0,0,True
MOT20-05,1855,2026,231,1795,0,231,True,True,0.9999960654473488,0.0001220703125,0.0,0,True
MOT20-05,1856,2007,230,1777,0,230,True,True,0.9999978074070176,0.0001220703125,0.0,0,True
MOT20-05,1857,1981,226,1755,0,226,True,True,0.9999972181887931,0.0001220703125,0.0,0,True
MOT20-05,1858,1995,229,1766,0,229,True,True,0.9999974387542101,0.0001220703125,0.0,0,True
MOT20-05,1859,1985,226,1759,0,226,True,True,0.9999961668493802,0.0001220703125,0.0,0,True
MOT20-05,1860,1989,233,1756,0,233,True,True,0.9999932053677595,0.0001220703125,0.0,0,True
MOT20-05,1861,1972,225,1747,0,225,True,True,0.9999967194883714,0.0001220703125,0.0,0,True
MOT20-05,1862,1990,230,1760,0,230,True,True,0.9999927898827635,0.0001220703125,0.0,0,True
MOT20-05,1863,1991,229,1762,0,229,True,True,0.9999955979037217,0.0001220703125,0.0,0,True
MOT20-05,1864,1997,231,1766,0,231,True,True,0.9999900743431697,0.0001220703125,0.0,0,True
MOT20-05,1865,1968,227,1741,0,227,True,True,0.9999932655851196,0.0001220703125,0.0,0,True
MOT20-05,1866,1970,230,1740,0,230,True,True,0.9999943333786663,0.0001220703125,0.0,0,True
MOT20-05,1867,1966,227,1739,0,227,True,True,0.9999947624509634,0.0001220703125,0.0,0,True
MOT20-05,1868,1951,226,1725,0,226,True,True,0.9999969977132598,0.0001220703125,0.0,0,True
MOT20-05,1869,1980,232,1748,0,232,True,True,0.9999956607580656,0.0001220703125,0.0,0,True
MOT20-05,1870,1994,233,1761,0,233,True,True,0.9999970725266876,0.0001220703125,0.0,0,True
MOT20-05,1871,1969,230,1739,0,230,True,True,0.999996763714128,0.0001220703125,0.0,0,True
MOT20-05,1872,1976,228,1748,0,228,True,True,0.999997729867901,0.0001220703125,0.0,0,True
MOT20-05,1873,2002,235,1767,0,235,True,True,0.9999959632005361,0.0001220703125,0.0,0,True
MOT20-05,1874,1992,227,1765,0,227,True,True,0.9999948640778195,0.0001220703125,0.0,0,True
MOT20-05,1875,1969,225,1744,0,225,True,True,0.9999959165422914,0.0001220703125,0.0,0,True
MOT20-05,1876,1962,226,1736,0,226,True,True,0.9999952489547701,0.0001220703125,0.0,0,True
MOT20-05,1877,1984,230,1754,0,230,True,True,0.9999957423980517,0.0001220703125,0.0,0,True
MOT20-05,1878,1983,230,1753,0,230,True,True,0.999997769793639,0.0001220703125,0.0,0,True
MOT20-05,1879,1966,229,1737,0,229,True,True,0.999992844160119,0.0001220703125,0.0,0,True
MOT20-05,1880,1974,230,1744,0,230,True,True,0.9999970305516581,0.0001220703125,0.0,0,True
MOT20-05,1881,1990,227,1763,0,227,True,True,0.9999913948145153,0.0001220703125,0.0,0,True
MOT20-05,1882,1969,227,1742,0,227,True,True,0.9999954718348125,0.0001220703125,0.0,0,True
MOT20-05,1883,1975,229,1746,0,229,True,True,0.9999970669412009,0.0001220703125,0.0,0,True
MOT20-05,1884,1955,222,1733,0,222,True,True,0.9999978739146335,0.0001220703125,0.0,0,True
MOT20-05,1885,1962,222,1740,0,222,True,True,0.9999952538028904,0.0001220703125,0.0,0,True
MOT20-05,1886,1947,223,1724,0,223,True,True,0.9999971641664067,0.0001220703125,0.0,0,True
MOT20-05,1887,1933,223,1710,0,223,True,True,0.9999974551390753,0.0001220703125,0.0,0,True
MOT20-05,1888,1945,222,1723,0,222,True,True,0.9999946668942125,0.0001220703125,0.0,0,True
MOT20-05,1889,1965,222,1743,0,222,True,True,0.9999968363540879,0.0001220703125,0.0,0,True
MOT20-05,1890,1951,221,1730,0,221,True,True,0.999996221196067,0.0001220703125,0.0,0,True
MOT20-05,1891,1951,219,1732,0,219,True,True,0.9999952521353521,0.0001220703125,0.0,0,True
MOT20-05,1892,1956,221,1735,0,221,True,True,0.9999968913688857,0.0001220703125,0.0,0,True
MOT20-05,1893,1943,218,1725,0,218,True,True,0.9999973115203996,0.0001220703125,0.0,0,True
MOT20-05,1894,1957,219,1738,0,219,True,True,0.9999960082230605,0.0001220703125,0.0,0,True
MOT20-05,1895,1921,222,1699,0,222,True,True,0.9999948224622298,0.0001220703125,0.0,0,True
MOT20-05,1896,1920,222,1698,0,222,True,True,0.9999964946104636,0.0001220703125,0.0,0,True
MOT20-05,1897,1907,220,1687,0,220,True,True,0.9999902548360377,0.0001220703125,0.0,0,True
MOT20-05,1898,1899,220,1679,0,220,True,True,0.9999924031062162,0.0001220703125,0.0,0,True
MOT20-05,1899,1862,213,1649,0,213,True,True,0.9999976554220403,0.0001220703125,0.0,0,True
MOT20-05,1900,1893,215,1678,0,215,True,True,0.9999914493111315,0.0001220703125,0.0,0,True
MOT20-05,1901,1862,212,1650,0,212,True,True,0.999988415416868,0.0001220703125,0.0,0,True
MOT20-05,1902,1883,212,1671,0,212,True,True,0.999997589647052,0.0001220703125,0.0,0,True
MOT20-05,1903,1874,214,1660,0,214,True,True,0.9999964164513551,0.0001220703125,0.0,0,True
MOT20-05,1904,1877,213,1664,0,213,True,True,0.9999917125240336,0.0001220703125,0.0,0,True
MOT20-05,1905,1886,217,1669,0,217,True,True,0.999995437269297,0.0001220703125,0.0,0,True
MOT20-05,1906,1865,210,1655,0,210,True,True,0.9999967014164998,0.0001220703125,0.0,0,True
MOT20-05,1907,1860,211,1649,0,211,True,True,0.9999977722602919,0.0001220703125,0.0,0,True
MOT20-05,1908,1878,214,1664,0,214,True,True,0.9999946051801061,0.0001220703125,0.0,0,True
MOT20-05,1909,1870,211,1659,0,211,True,True,0.9999923456109733,0.0001220703125,0.0,0,True
MOT20-05,1910,1889,211,1678,0,211,True,True,0.9999967705161038,0.0001220703125,0.0,0,True
MOT20-05,1911,1861,212,1649,0,212,True,True,0.9999956183239055,0.0001220703125,0.0,0,True
MOT20-05,1912,1881,219,1662,0,219,True,True,0.9999941980215253,0.0001220703125,0.0,0,True
MOT20-05,1913,1875,212,1663,0,212,True,True,0.9999978029862037,0.0001220703125,0.0,0,True
MOT20-05,1914,1896,213,1683,0,213,True,True,0.9999946627099556,0.0001220703125,0.0,0,True
MOT20-05,1915,1886,214,1672,0,214,True,True,0.9999979144594696,0.0001220703125,0.0,0,True
MOT20-05,1916,1889,220,1669,0,220,True,True,0.9999964882584923,0.0001220703125,0.0,0,True
MOT20-05,1917,1873,212,1661,0,212,True,True,0.9999947360967423,0.0001220703125,0.0,0,True
MOT20-05,1918,1864,215,1649,0,215,True,True,0.9999953340963877,0.0001220703125,0.0,0,True
MOT20-05,1919,1882,213,1669,0,213,True,True,0.9999956737113067,0.0001220703125,0.0,0,True
MOT20-05,1920,1884,211,1673,0,211,True,True,0.9999963764439871,0.0001220703125,0.0,0,True
MOT20-05,1921,1860,213,1647,0,213,True,True,0.9999957687160462,0.0001220703125,0.0,0,True
MOT20-05,1922,1878,215,1663,0,215,True,True,0.9999960145071938,0.0001220703125,0.0,0,True
MOT20-05,1923,1877,213,1664,0,213,True,True,0.9999945510323069,0.0001220703125,0.0,0,True
MOT20-05,1924,1880,217,1663,0,217,True,True,0.999995653005512,0.0001220703125,0.0,0,True
MOT20-05,1925,1858,208,1650,0,208,True,True,0.9999958004367546,0.0001220703125,0.0,0,True
MOT20-05,1926,1865,210,1655,0,210,True,True,0.9999936189165634,0.0001220703125,0.0,0,True
MOT20-05,1927,1861,205,1656,0,205,True,True,0.9999957147387276,0.0001220703125,0.0,0,True
MOT20-05,1928,1852,208,1644,0,208,True,True,0.999997536278302,0.0001220703125,0.0,0,True
MOT20-05,1929,1861,208,1653,0,208,True,True,0.9999950643363753,0.0001220703125,0.0,0,True
MOT20-05,1930,1870,211,1659,0,211,True,True,0.9999973215696674,0.0001220703125,0.0,0,True
MOT20-05,1931,1859,207,1652,0,207,True,True,0.999997335876683,0.0001220703125,0.0,0,True
MOT20-05,1932,1862,207,1655,0,207,True,True,0.9999950262118634,0.0001220703125,0.0,0,True
MOT20-05,1933,1856,210,1646,0,210,True,True,0.999996532521481,0.0001220703125,0.0,0,True
MOT20-05,1934,1847,208,1639,0,208,True,True,0.9999963459374133,0.0001220703125,0.0,0,True
MOT20-05,1935,1850,207,1643,0,207,True,True,0.9999951175451017,0.0001220703125,0.0,0,True
MOT20-05,1936,1866,208,1658,0,208,True,True,0.9999952933202801,0.0001220703125,0.0,0,True
MOT20-05,1937,1858,211,1647,0,211,True,True,0.9999965903472732,0.0001220703125,0.0,0,True
MOT20-05,1938,1847,209,1638,0,209,True,True,0.9999965699154141,0.0001220703125,0.0,0,True
MOT20-05,1939,1882,213,1669,0,213,True,True,0.9999967070600633,0.0001220703125,0.0,0,True
MOT20-05,1940,1890,213,1677,0,213,True,True,0.9999954311137154,0.0001220703125,0.0,0,True
MOT20-05,1941,1894,212,1682,0,212,True,True,0.9999966770343196,0.0001220703125,0.0,0,True
MOT20-05,1942,1911,216,1695,0,216,True,True,0.9999949071834178,0.0001220703125,0.0,0,True
MOT20-05,1943,1888,214,1674,0,214,True,True,0.999997453391805,0.0001220703125,0.0,0,True
MOT20-05,1944,1889,216,1673,0,216,True,True,0.9999973069334909,0.0001220703125,0.0,0,True
MOT20-05,1945,1886,211,1675,0,211,True,True,0.9999960094021988,0.0001220703125,0.0,0,True
MOT20-05,1946,1905,216,1689,0,216,True,True,0.9999970812379054,0.0001220703125,0.0,0,True
MOT20-05,1947,1871,209,1662,0,209,True,True,0.9999973861539346,0.0001220703125,0.0,0,True
MOT20-05,1948,1883,210,1673,0,210,True,True,0.9999963106141442,0.0001220703125,0.0,0,True
MOT20-05,1949,1880,212,1668,0,212,True,True,0.9999972720973752,0.0001220703125,0.0,0,True
MOT20-05,1950,1872,214,1658,0,214,True,True,0.9999964714994187,0.0001220703125,0.0,0,True
MOT20-05,1951,1881,210,1671,0,210,True,True,0.9999965211825197,0.0001220703125,0.0,0,True
MOT20-05,1952,1877,209,1668,0,209,True,True,0.9999962818826469,0.0001220703125,0.0,0,True
MOT20-05,1953,1895,213,1682,0,213,True,True,0.9999933386707737,0.0001220703125,0.0,0,True
MOT20-05,1954,1868,213,1655,0,213,True,True,0.999996972188145,0.0001220703125,0.0,0,True
MOT20-05,1955,1878,212,1666,0,212,True,True,0.9999975276855,0.0001220703125,0.0,0,True
MOT20-05,1956,1887,213,1674,0,213,True,True,0.9999955781365383,0.0001220703125,0.0,0,True
MOT20-05,1957,1885,212,1673,0,212,True,True,0.999996776138265,0.0001220703125,0.0,0,True
MOT20-05,1958,1867,210,1657,0,210,True,True,0.99999734988419,0.0001220703125,0.0,0,True
MOT20-05,1959,1850,209,1641,0,209,True,True,0.999997082693957,0.0001220703125,0.0,0,True
MOT20-05,1960,1878,212,1666,0,212,True,True,0.9999973674026531,0.0001220703125,0.0,0,True
MOT20-05,1961,1855,209,1646,0,209,True,True,0.9999965550621639,0.0001220703125,0.0,0,True
MOT20-05,1962,1872,211,1661,0,211,True,True,0.9999974574375038,0.0001220703125,0.0,0,True
MOT20-05,1963,1853,209,1644,0,209,True,True,0.9999969396683405,0.0001220703125,0.0,0,True
MOT20-05,1964,1858,212,1646,0,212,True,True,0.9999974689215013,0.0001220703125,0.0,0,True
MOT20-05,1965,1870,212,1658,0,212,True,True,0.9999969912072204,0.0001220703125,0.0,0,True
MOT20-05,1966,1867,209,1658,0,209,True,True,0.9999973356566407,0.0001220703125,0.0,0,True
MOT20-05,1967,1870,211,1659,0,211,True,True,0.9999970227026994,0.0001220703125,0.0,0,True
MOT20-05,1968,1864,208,1656,0,208,True,True,0.999997077204005,0.0001220703125,0.0,0,True
MOT20-05,1969,1867,210,1657,0,210,True,True,0.9999959492604362,0.0001220703125,0.0,0,True
MOT20-05,1970,1864,211,1653,0,211,True,True,0.9999977557945385,0.0001220703125,0.0,0,True
MOT20-05,1971,1904,220,1684,0,220,True,True,0.9999963542767979,0.0001220703125,0.0,0,True
MOT20-05,1972,1895,221,1674,0,221,True,True,0.9999969159694188,0.0001220703125,0.0,0,True
MOT20-05,1973,1911,216,1695,0,216,True,True,0.999996393901366,0.0001220703125,0.0,0,True
MOT20-05,1974,1884,216,1668,0,216,True,True,0.9999961169195523,0.0001220703125,0.0,0,True
MOT20-05,1975,1903,220,1683,0,220,True,True,0.999993782149663,0.0001220703125,0.0,0,True
MOT20-05,1976,1908,217,1691,0,217,True,True,0.9999950133890504,0.0001220703125,0.0,0,True
MOT20-05,1977,1852,207,1645,0,207,True,True,0.9999976161870435,0.0001220703125,0.0,0,True
MOT20-05,1978,1864,208,1656,0,208,True,True,0.9999970528946469,0.0001220703125,0.0,0,True
MOT20-05,1979,1862,209,1653,0,209,True,True,0.9999950501175597,0.0001220703125,0.0,0,True
MOT20-05,1980,1870,208,1662,0,208,True,True,0.9999956908717582,0.0001220703125,0.0,0,True
MOT20-05,1981,1854,211,1643,0,211,True,True,0.9999962616962179,0.0001220703125,0.0,0,True
MOT20-05,1982,1873,211,1662,0,211,True,True,0.9999956148428798,0.0001220703125,0.0,0,True
MOT20-05,1983,1869,214,1655,0,214,True,True,0.999996379094339,0.0001220703125,0.0,0,True
MOT20-05,1984,1876,213,1663,0,213,True,True,0.9999950796360899,0.0001220703125,0.0,0,True
MOT20-05,1985,1860,212,1648,0,212,True,True,0.999995591237143,0.0001220703125,0.0,0,True
MOT20-05,1986,1854,209,1645,0,209,True,True,0.9999953367344083,0.0001220703125,0.0,0,True
MOT20-05,1987,1836,209,1627,0,209,True,True,0.9999954667132084,0.0001220703125,0.0,0,True
MOT20-05,1988,1856,210,1646,0,210,True,True,0.9999928548462006,0.0001220703125,0.0,0,True
MOT20-05,1989,1834,209,1625,0,209,True,True,0.9999954814309404,0.0001220703125,0.0,0,True
MOT20-05,1990,1833,206,1627,0,206,True,True,0.9999974510148785,0.0001220703125,0.0,0,True
MOT20-05,1991,1807,207,1600,0,207,True,True,0.9999969492104557,0.0001220703125,0.0,0,True
MOT20-05,1992,1778,203,1575,0,203,True,True,0.9999960894575687,0.0001220703125,0.0,0,True
MOT20-05,1993,1793,201,1592,0,201,True,True,0.9999972009585568,0.0001220703125,0.0,0,True
MOT20-05,1994,1809,208,1601,0,208,True,True,0.9999951521717066,0.0001220703125,0.0,0,True
MOT20-05,1995,1815,204,1611,0,204,True,True,0.9999976841509417,0.0001220703125,0.0,0,True
MOT20-05,1996,1817,205,1612,0,205,True,True,0.9999961505445055,0.0001220703125,0.0,0,True
MOT20-05,1997,1821,205,1616,0,205,True,True,0.9999913241452605,0.0001220703125,0.0,0,True
MOT20-05,1998,1798,203,1595,0,203,True,True,0.9999974652035821,0.0001220703125,0.0,0,True
MOT20-05,1999,1800,202,1598,0,202,True,True,0.9999960169994464,0.0001220703125,0.0,0,True
MOT20-05,2000,1798,205,1593,0,205,True,True,0.9999971923514899,0.0001220703125,0.0,0,True
MOT20-05,2001,1824,207,1617,0,207,True,True,0.9999969044287282,0.0001220703125,0.0,0,True
MOT20-05,2002,1843,207,1636,0,207,True,True,0.9999968593257337,0.0001220703125,0.0,0,True
MOT20-05,2003,1792,204,1588,0,204,True,True,0.9999971564452722,0.0001220703125,0.0,0,True
MOT20-05,2004,1822,211,1611,0,211,True,True,0.999996066430128,0.0001220703125,0.0,0,True
MOT20-05,2005,1826,207,1619,0,207,True,True,0.9999966399031567,0.0001220703125,0.0,0,True
MOT20-05,2006,1821,208,1613,0,208,True,True,0.9999964438438492,0.0001220703125,0.0,0,True
MOT20-05,2007,1813,213,1600,0,213,True,True,0.999996118645252,0.0001220703125,0.0,0,True
MOT20-05,2008,1794,207,1587,0,207,True,True,0.9999961576589385,0.0001220703125,0.0,0,True
MOT20-05,2009,1801,208,1593,0,208,True,True,0.9999961376540111,0.0001220703125,0.0,0,True
MOT20-05,2010,1808,210,1598,0,210,True,True,0.9999972237645752,0.0001220703125,0.0,0,True
MOT20-05,2011,1806,210,1596,0,210,True,True,0.9999967092598138,0.0001220703125,0.0,0,True
MOT20-05,2012,1809,213,1596,0,213,True,True,0.9999970703525538,0.0001220703125,0.0,0,True
MOT20-05,2013,1810,210,1600,0,210,True,True,0.9999974112445184,0.0001220703125,0.0,0,True
MOT20-05,2014,1823,210,1613,0,210,True,True,0.9999964230910932,0.0001220703125,0.0,0,True
MOT20-05,2015,1835,207,1628,0,207,True,True,0.9999973286888136,0.0001220703125,0.0,0,True
MOT20-05,2016,1790,205,1585,0,205,True,True,0.9999973601890104,0.0001220703125,0.0,0,True
MOT20-05,2017,1812,201,1611,0,201,True,True,0.9999976147257292,0.0001220703125,0.0,0,True
MOT20-05,2018,1798,205,1593,0,205,True,True,0.9999953716388124,0.0001220703125,0.0,0,True
MOT20-05,2019,1795,202,1593,0,202,True,True,0.9999961292283416,0.0001220703125,0.0,0,True
MOT20-05,2020,1785,201,1584,0,201,True,True,0.9999964542779137,0.0001220703125,0.0,0,True
MOT20-05,2021,1754,195,1559,0,195,True,True,0.9999969089436624,0.0001220703125,0.0,0,True
MOT20-05,2022,1774,201,1573,0,201,True,True,0.9999964001843106,0.0001220703125,0.0,0,True
MOT20-05,2023,1773,195,1578,0,195,True,True,0.9999951457371077,0.0001220703125,0.0,0,True
MOT20-05,2024,1766,199,1567,0,199,True,True,0.9999971027257556,0.0001220703125,0.0,0,True
MOT20-05,2025,1763,200,1563,0,200,True,True,0.9999976852012602,0.0001220703125,0.0,0,True
MOT20-05,2026,1782,201,1581,0,201,True,True,0.9999968961257442,0.0001220703125,0.0,0,True
MOT20-05,2027,1759,198,1561,0,198,True,True,0.9999957521122669,0.0001220703125,0.0,0,True
MOT20-05,2028,1770,204,1566,0,204,True,True,0.9999956915630334,0.0001220703125,0.0,0,True
MOT20-05,2029,1790,205,1585,0,205,True,True,0.9999975432631362,0.0001220703125,0.0,0,True
MOT20-05,2030,1800,204,1596,0,204,True,True,0.9999974208258,0.0001220703125,0.0,0,True
MOT20-05,2031,1795,204,1591,0,204,True,True,0.9999974347463605,0.0001220703125,0.0,0,True
MOT20-05,2032,1768,202,1566,0,202,True,True,0.9999966652938793,0.0001220703125,0.0,0,True
MOT20-05,2033,1786,205,1581,0,205,True,True,0.9999971570960304,0.0001220703125,0.0,0,True
MOT20-05,2034,1749,200,1549,0,200,True,True,0.9999969679144709,0.0001220703125,0.0,0,True
MOT20-05,2035,1770,204,1566,0,204,True,True,0.9999952512109412,0.0001220703125,0.0,0,True
MOT20-05,2036,1759,205,1554,0,205,True,True,0.9999955943449012,0.0001220703125,0.0,0,True
MOT20-05,2037,1761,209,1552,0,209,True,True,0.9999935499683948,0.0001220703125,0.0,0,True
MOT20-05,2038,1774,206,1568,0,206,True,True,0.9999952698659716,0.0001220703125,0.0,0,True
MOT20-05,2039,1750,206,1544,0,206,True,True,0.9999952909154696,0.0001220703125,0.0,0,True
MOT20-05,2040,1739,200,1539,0,200,True,True,0.9999971092051684,0.0001220703125,0.0,0,True
MOT20-05,2041,1766,208,1558,0,208,True,True,0.9999944318852523,0.0001220703125,0.0,0,True
MOT20-05,2042,1731,195,1536,0,195,True,True,0.9999975127162383,0.0001220703125,0.0,0,True
MOT20-05,2043,1751,198,1553,0,198,True,True,0.9999976872516686,0.0001220703125,0.0,0,True
MOT20-05,2044,1742,197,1545,0,197,True,True,0.9999975806490635,0.0001220703125,0.0,0,True
MOT20-05,2045,1752,199,1553,0,199,True,True,0.9999953938489459,0.0001220703125,0.0,0,True
MOT20-05,2046,1726,196,1530,0,196,True,True,0.9999965935839017,0.0001220703125,0.0,0,True
MOT20-05,2047,1733,194,1539,0,194,True,True,0.9999966948048943,0.0001220703125,0.0,0,True
MOT20-05,2048,1741,195,1546,0,195,True,True,0.9999973191714095,0.0001220703125,0.0,0,True
MOT20-05,2049,1714,193,1521,0,193,True,True,0.9999975364543172,0.0001220703125,0.0,0,True
MOT20-05,2050,1715,193,1522,0,193,True,True,0.9999976240823018,0.0001220703125,0.0,0,True
MOT20-05,2051,1718,195,1523,0,195,True,True,0.999995225989712,0.0001220703125,0.0,0,True
MOT20-05,2052,1737,197,1540,0,197,True,True,0.9999948674666229,0.0001220703125,0.0,0,True
MOT20-05,2053,1759,205,1554,0,205,True,True,0.9999951890579934,0.0001220703125,0.0,0,True
MOT20-05,2054,1753,204,1549,0,204,True,True,0.9999952796389004,0.0001220703125,0.0,0,True
MOT20-05,2055,1747,198,1549,0,198,True,True,0.9999971779871711,0.0001220703125,0.0,0,True
MOT20-05,2056,1750,196,1554,0,196,True,True,0.9999974377567048,0.0001220703125,0.0,0,True
MOT20-05,2057,1754,199,1555,0,199,True,True,0.9999973707666056,0.0001220703125,0.0,0,True
MOT20-05,2058,1748,194,1554,0,194,True,True,0.9999967977045947,0.0001220703125,0.0,0,True
MOT20-05,2059,1746,195,1551,0,195,True,True,0.9999949637136784,0.0001220703125,0.0,0,True
MOT20-05,2060,1764,199,1565,0,199,True,True,0.9999959896211396,0.0001220703125,0.0,0,True
MOT20-05,2061,1745,197,1548,0,197,True,True,0.9999960677758161,0.0001220703125,0.0,0,True
MOT20-05,2062,1762,200,1562,0,200,True,True,0.9999959479832943,0.0001220703125,0.0,0,True
MOT20-05,2063,1747,197,1550,0,197,True,True,0.999996065687285,0.0001220703125,0.0,0,True
MOT20-05,2064,1761,199,1562,0,199,True,True,0.9999959868260956,0.0001220703125,0.0,0,True
MOT20-05,2065,1744,198,1546,0,198,True,True,0.9999959812242798,0.0001220703125,0.0,0,True
MOT20-05,2066,1738,200,1538,0,200,True,True,0.999997666212356,0.0001220703125,0.0,0,True
MOT20-05,2067,1750,199,1551,0,199,True,True,0.9999835888009978,0.0001220703125,0.0,0,True
MOT20-05,2068,1717,195,1522,0,195,True,True,0.9999891312617518,0.0001220703125,0.0,0,True
MOT20-05,2069,1724,196,1528,0,196,True,True,0.9999970738397476,0.0001220703125,0.0,0,True
MOT20-05,2070,1733,196,1537,0,196,True,True,0.9999883133881825,0.0001220703125,0.0,0,True
MOT20-05,2071,1727,198,1529,0,198,True,True,0.9999976548658798,0.0001220703125,0.0,0,True
MOT20-05,2072,1739,199,1540,0,199,True,True,0.9999940093214957,0.0001220703125,0.0,0,True
MOT20-05,2073,1768,200,1568,0,200,True,True,0.9999973629804649,0.0001220703125,0.0,0,True
MOT20-05,2074,1766,202,1564,0,202,True,True,0.9999953755942361,0.0001220703125,0.0,0,True
MOT20-05,2075,1745,194,1551,0,194,True,True,0.9999976121113712,0.0001220703125,0.0,0,True
MOT20-05,2076,1740,196,1544,0,196,True,True,0.999997546782851,0.0001220703125,0.0,0,True
MOT20-05,2077,1739,199,1540,0,199,True,True,0.9999975644566547,0.0001220703125,0.0,0,True
MOT20-05,2078,1728,196,1532,0,196,True,True,0.9999958619205654,0.0001220703125,0.0,0,True
MOT20-05,2079,1748,200,1548,0,200,True,True,0.9999973355217582,0.0001220703125,0.0,0,True
MOT20-05,2080,1755,200,1555,0,200,True,True,0.9999904566493296,0.0001220703125,0.0,0,True
MOT20-05,2081,1741,197,1544,0,197,True,True,0.9999945844074258,0.0001220703125,0.0,0,True
MOT20-05,2082,1724,194,1530,0,194,True,True,0.9999908576443807,0.0001220703125,0.0,0,True
MOT20-05,2083,1722,194,1528,0,194,True,True,0.9999961738012519,0.0001220703125,0.0,0,True
MOT20-05,2084,1723,195,1528,0,195,True,True,0.9999961543194684,0.0001220703125,0.0,0,True
MOT20-05,2085,1710,191,1519,0,191,True,True,0.9999961782757909,0.0001220703125,0.0,0,True
MOT20-05,2086,1754,195,1559,0,195,True,True,0.9999962864857245,0.0001220703125,0.0,0,True
MOT20-05,2087,1760,197,1563,0,197,True,True,0.9999944049996923,0.0001220703125,0.0,0,True
MOT20-05,2088,1739,200,1539,0,200,True,True,0.9999950690736713,0.0001220703125,0.0,0,True
MOT20-05,2089,1770,201,1569,0,201,True,True,0.9999974739177014,0.0001220703125,0.0,0,True
MOT20-05,2090,1753,195,1558,0,195,True,True,0.9999973243144894,0.0001220703125,0.0,0,True
MOT20-05,2091,1744,196,1548,0,196,True,True,0.9999955798565221,0.0001220703125,0.0,0,True
MOT20-05,2092,1748,197,1551,0,197,True,True,0.9999962014016828,0.0001220703125,0.0,0,True
MOT20-05,2093,1755,197,1558,0,197,True,True,0.9999971168648526,0.0001220703125,0.0,0,True
MOT20-05,2094,1786,201,1585,0,201,True,True,0.9999889935116751,0.0001220703125,0.0,0,True
MOT20-05,2095,1771,202,1569,0,202,True,True,0.9999975078490692,0.0001220703125,0.0,0,True
MOT20-05,2096,1756,199,1557,0,199,True,True,0.999996517972485,0.0001220703125,0.0,0,True
MOT20-05,2097,1750,197,1553,0,197,True,True,0.9999976146972812,0.0001220703125,0.0,0,True
MOT20-05,2098,1755,201,1554,0,201,True,True,0.9999973418931384,0.0001220703125,0.0,0,True
MOT20-05,2099,1761,198,1563,0,198,True,True,0.9999958473830208,0.0001220703125,0.0,0,True
MOT20-05,2100,1772,200,1572,0,200,True,True,0.9999975891414933,0.0001220703125,0.0,0,True
MOT20-05,2101,1777,201,1576,0,201,True,True,0.9999957017163047,0.0001220703125,0.0,0,True
MOT20-05,2102,1770,197,1573,0,197,True,True,0.999995334145192,0.0001220703125,0.0,0,True
MOT20-05,2103,1766,197,1569,0,197,True,True,0.9999958615095558,0.0001220703125,0.0,0,True
MOT20-05,2104,1755,198,1557,0,198,True,True,0.9999972612869212,0.0001220703125,0.0,0,True
MOT20-05,2105,1768,195,1573,0,195,True,True,0.9999952386790373,0.0001220703125,0.0,0,True
MOT20-05,2106,1768,199,1569,0,199,True,True,0.9999950334497162,0.0001220703125,0.0,0,True
MOT20-05,2107,1759,196,1563,0,196,True,True,0.9999968367143585,0.0001220703125,0.0,0,True
MOT20-05,2108,1781,198,1583,0,198,True,True,0.9999937028302629,0.0001220703125,0.0,0,True
MOT20-05,2109,1770,198,1572,0,198,True,True,0.9999950484631668,0.0001220703125,0.0,0,True
MOT20-05,2110,1746,196,1550,0,196,True,True,0.9999974125439868,0.0001220703125,0.0,0,True
MOT20-05,2111,1760,200,1560,0,200,True,True,0.9999961483221795,0.0001220703125,0.0,0,True
MOT20-05,2112,1770,197,1573,0,197,True,True,0.999996423896951,0.0001220703125,0.0,0,True
MOT20-05,2113,1767,198,1569,0,198,True,True,0.999996181690442,0.0001220703125,0.0,0,True
MOT20-05,2114,1760,196,1564,0,196,True,True,0.9999973533280576,0.0001220703125,0.0,0,True
MOT20-05,2115,1764,202,1562,0,202,True,True,0.9999974159305639,0.0001220703125,0.0,0,True
MOT20-05,2116,1758,200,1558,0,200,True,True,0.9999958586898298,0.0001220703125,0.0,0,True
MOT20-05,2117,1757,197,1560,0,197,True,True,0.999997409749186,0.0001220703125,0.0,0,True
MOT20-05,2118,1755,195,1560,0,195,True,True,0.9999960109777891,0.0001220703125,0.0,0,True
MOT20-05,2119,1743,196,1547,0,196,True,True,0.9999976061034785,0.0001220703125,0.0,0,True
MOT20-05,2120,1745,195,1550,0,195,True,True,0.9999973751902987,0.0001220703125,0.0,0,True
MOT20-05,2121,1748,198,1550,0,198,True,True,0.9999958899154967,0.0001220703125,0.0,0,True
MOT20-05,2122,1756,197,1559,0,197,True,True,0.9999962465703036,0.0001220703125,0.0,0,True
MOT20-05,2123,1761,198,1563,0,198,True,True,0.9999965116319632,0.0001220703125,0.0,0,True
MOT20-05,2124,1730,194,1536,0,194,True,True,0.9999960992734896,0.0001220703125,0.0,0,True
MOT20-05,2125,1747,197,1550,0,197,True,True,0.9999954439837806,0.0001220703125,0.0,0,True
MOT20-05,2126,1750,200,1550,0,200,True,True,0.9999969635740162,0.0001220703125,0.0,0,True
MOT20-05,2127,1766,200,1566,0,200,True,True,0.9999964033693236,0.0001220703125,0.0,0,True
MOT20-05,2128,1760,200,1560,0,200,True,True,0.9999933046549386,0.0001220703125,0.0,0,True
MOT20-05,2129,1754,200,1554,0,200,True,True,0.9999966225344501,0.0001220703125,0.0,0,True
MOT20-05,2130,1750,202,1548,0,202,True,True,0.9999954566777561,0.0001220703125,0.0,0,True
MOT20-05,2131,1763,204,1559,0,204,True,True,0.9999965854283154,0.0001220703125,0.0,0,True
MOT20-05,2132,1763,201,1562,0,201,True,True,0.9999952201594555,0.0001220703125,0.0,0,True
MOT20-05,2133,1771,203,1568,0,203,True,True,0.9999958349299435,0.0001220703125,0.0,0,True
MOT20-05,2134,1775,208,1567,0,208,True,True,0.9999974466672624,0.0001220703125,0.0,0,True
MOT20-05,2135,1748,201,1547,0,201,True,True,0.9999966577721466,0.0001220703125,0.0,0,True
MOT20-05,2136,1747,199,1548,0,199,True,True,0.9999966689317931,0.0001220703125,0.0,0,True
MOT20-05,2137,1764,201,1563,0,201,True,True,0.9999949370036681,0.0001220703125,0.0,0,True
MOT20-05,2138,1791,213,1578,0,213,True,True,0.9999949797432641,0.0001220703125,0.0,0,True
MOT20-05,2139,1787,209,1578,0,209,True,True,0.9999970758267369,0.0001220703125,0.0,0,True
MOT20-05,2140,1794,217,1577,0,217,True,True,0.9999962739468776,0.0001220703125,0.0,0,True
MOT20-05,2141,1801,211,1590,0,211,True,True,0.9999954302322127,0.0001220703125,0.0,0,True
MOT20-05,2142,1772,211,1561,0,211,True,True,0.9999970730879215,0.0001220703125,0.0,0,True
MOT20-05,2143,1761,205,1556,0,205,True,True,0.9999965433566772,0.0001220703125,0.0,0,True
MOT20-05,2144,1774,207,1567,0,207,True,True,0.999997213312775,0.0001220703125,0.0,0,True
MOT20-05,2145,1796,212,1584,0,212,True,True,0.9999950468812688,0.0001220703125,0.0,0,True
MOT20-05,2146,1751,203,1548,0,203,True,True,0.999997350277426,0.0001220703125,0.0,0,True
MOT20-05,2147,1735,201,1534,0,201,True,True,0.9999949798944774,0.0001220703125,0.0,0,True
MOT20-05,2148,1752,203,1549,0,203,True,True,0.9999972240420169,0.0001220703125,0.0,0,True
MOT20-05,2149,1737,202,1535,0,202,True,True,0.999997140581863,0.0001220703125,0.0,0,True
MOT20-05,2150,1743,202,1541,0,202,True,True,0.9999966375038991,0.0001220703125,0.0,0,True
MOT20-05,2151,1729,202,1527,0,202,True,True,0.9999967917149246,0.0001220703125,0.0,0,True
MOT20-05,2152,1718,198,1520,0,198,True,True,0.9999951988861416,0.0001220703125,0.0,0,True
MOT20-05,2153,1712,196,1516,0,196,True,True,0.9999973554558269,0.0001220703125,0.0,0,True
MOT20-05,2154,1713,197,1516,0,197,True,True,0.9999948058693676,0.0001220703125,0.0,0,True
MOT20-05,2155,1713,199,1514,0,199,True,True,0.9999972829889295,0.0001220703125,0.0,0,True
MOT20-05,2156,1763,205,1558,0,205,True,True,0.999997188057382,0.0001220703125,0.0,0,True
MOT20-05,2157,1759,206,1553,0,206,True,True,0.9999969927803005,0.0001220703125,0.0,0,True
MOT20-05,2158,1738,202,1536,0,202,True,True,0.9999969853185011,0.0001220703125,0.0,0,True
MOT20-05,2159,1775,206,1569,0,206,True,True,0.9999950743769087,0.0001220703125,0.0,0,True
MOT20-05,2160,1765,206,1559,0,206,True,True,0.9999969708352013,0.0001220703125,0.0,0,True
MOT20-05,2161,1749,202,1547,0,202,True,True,0.9999964729244042,0.0001220703125,0.0,0,True
MOT20-05,2162,1761,200,1561,0,200,True,True,0.9999963807259178,0.0001220703125,0.0,0,True
MOT20-05,2163,1769,207,1562,0,207,True,True,0.9999967284888295,0.0001220703125,0.0,0,True
MOT20-05,2164,1757,202,1555,0,202,True,True,0.9999966159968596,0.0001220703125,0.0,0,True
MOT20-05,2165,1763,211,1552,0,211,True,True,0.9999970436505004,0.0001220703125,0.0,0,True
MOT20-05,2166,1775,209,1566,0,209,True,True,0.9999969699724267,0.0001220703125,0.0,0,True
MOT20-05,2167,1758,205,1553,0,205,True,True,0.999997050591209,0.0001220703125,0.0,0,True
MOT20-05,2168,1780,203,1577,0,203,True,True,0.9999971808256861,0.0001220703125,0.0,0,True
MOT20-05,2169,1751,205,1546,0,205,True,True,0.9999966548247463,0.0001220703125,0.0,0,True
MOT20-05,2170,1774,209,1565,0,209,True,True,0.9999968606275605,0.0001220703125,0.0,0,True
MOT20-05,2171,1775,202,1573,0,202,True,True,0.9999973445052693,0.0001220703125,0.0,0,True
MOT20-05,2172,1742,200,1542,0,200,True,True,0.999997561338435,0.0001220703125,0.0,0,True
MOT20-05,2173,1769,202,1567,0,202,True,True,0.9999970307642516,0.0001220703125,0.0,0,True
MOT20-05,2174,1768,204,1564,0,204,True,True,0.9999954465976978,0.0001220703125,0.0,0,True
MOT20-05,2175,1728,199,1529,0,199,True,True,0.9999962251544384,0.0001220703125,0.0,0,True
MOT20-05,2176,1761,200,1561,0,200,True,True,0.9999963521289887,0.0001220703125,0.0,0,True
MOT20-05,2177,1748,201,1547,0,201,True,True,0.9999963502702458,0.0001220703125,0.0,0,True
MOT20-05,2178,1739,199,1540,0,199,True,True,0.9999962654098526,0.0001220703125,0.0,0,True
MOT20-05,2179,1732,197,1535,0,197,True,True,0.9999971163439856,0.0001220703125,0.0,0,True
MOT20-05,2180,1746,202,1544,0,202,True,True,0.9999974001055557,0.0001220703125,0.0,0,True
MOT20-05,2181,1744,197,1547,0,197,True,True,0.9999949275013125,0.0001220703125,0.0,0,True
MOT20-05,2182,1726,197,1529,0,197,True,True,0.9999960672654911,0.0001220703125,0.0,0,True
MOT20-05,2183,1724,199,1525,0,199,True,True,0.99999574392019,0.0001220703125,0.0,0,True
MOT20-05,2184,1721,200,1521,0,200,True,True,0.9999964907971154,0.0001220703125,0.0,0,True
MOT20-05,2185,1723,195,1528,0,195,True,True,0.9999972389343391,0.0001220703125,0.0,0,True
MOT20-05,2186,1736,200,1536,0,200,True,True,0.999996433608956,0.0001220703125,0.0,0,True
MOT20-05,2187,1721,197,1524,0,197,True,True,0.9999957825659712,0.0001220703125,0.0,0,True
MOT20-05,2188,1737,197,1540,0,197,True,True,0.9999972838112617,0.0001220703125,0.0,0,True
MOT20-05,2189,1741,196,1545,0,196,True,True,0.9999973048437348,0.0001220703125,0.0,0,True
MOT20-05,2190,1727,197,1530,0,197,True,True,0.9999950484263899,0.0001220703125,0.0,0,True
MOT20-05,2191,1725,196,1529,0,196,True,True,0.9999975687260367,0.0001220703125,0.0,0,True
MOT20-05,2192,1691,190,1501,0,190,True,True,0.9999972946504417,0.0001220703125,0.0,0,True
MOT20-05,2193,1720,191,1529,0,191,True,True,0.9999974394165967,0.0001220703125,0.0,0,True
MOT20-05,2194,1697,194,1503,0,194,True,True,0.9999958878028119,0.0001220703125,0.0,0,True
MOT20-05,2195,1727,195,1532,0,195,True,True,0.999997312344289,0.0001220703125,0.0,0,True
MOT20-05,2196,1695,191,1504,0,191,True,True,0.9999975070053151,0.0001220703125,0.0,0,True
MOT20-05,2197,1697,194,1503,0,194,True,True,0.9999963683503956,0.0001220703125,0.0,0,True
MOT20-05,2198,1684,188,1496,0,188,True,True,0.9999971721634747,0.0001220703125,0.0,0,True
MOT20-05,2199,1708,192,1516,0,192,True,True,0.9999969882693089,0.0001220703125,0.0,0,True
MOT20-05,2200,1692,193,1499,0,193,True,True,0.9999966036992508,0.0001220703125,0.0,0,True
MOT20-05,2201,1702,190,1512,0,190,True,True,0.9999974732160906,0.0001220703125,0.0,0,True
MOT20-05,2202,1695,190,1505,0,190,True,True,0.9999952102232994,0.0001220703125,0.0,0,True
MOT20-05,2203,1694,190,1504,0,190,True,True,0.9999973383443437,0.0001220703125,0.0,0,True
MOT20-05,2204,1723,194,1529,0,194,True,True,0.9999974256080423,0.0001220703125,0.0,0,True
MOT20-05,2205,1739,198,1541,0,198,True,True,0.9999961610073517,0.0001220703125,0.0,0,True
MOT20-05,2206,1723,196,1527,0,196,True,True,0.9999972100938803,0.0001220703125,0.0,0,True
MOT20-05,2207,1728,201,1527,0,201,True,True,0.9999965522947926,0.0001220703125,0.0,0,True
MOT20-05,2208,1751,200,1551,0,200,True,True,0.9999974049135167,0.0001220703125,0.0,0,True
MOT20-05,2209,1719,195,1524,0,195,True,True,0.9999974294645061,0.0001220703125,0.0,0,True
MOT20-05,2210,1746,200,1546,0,200,True,True,0.9999973617838562,0.0001220703125,0.0,0,True
MOT20-05,2211,1761,205,1556,0,205,True,True,0.9999973201412822,0.0001220703125,0.0,0,True
MOT20-05,2212,1715,193,1522,0,193,True,True,0.9999972382861909,0.0001220703125,0.0,0,True
MOT20-05,2213,1718,196,1522,0,196,True,True,0.9999951658476807,0.0001220703125,0.0,0,True
MOT20-05,2214,1713,197,1516,0,197,True,True,0.9999973412528548,0.0001220703125,0.0,0,True
MOT20-05,2215,1734,199,1535,0,199,True,True,0.9999950981833867,0.0001220703125,0.0,0,True
MOT20-05,2216,1712,194,1518,0,194,True,True,0.9999961457522335,0.0001220703125,0.0,0,True
MOT20-05,2217,1754,199,1555,0,199,True,True,0.999996684987635,0.0001220703125,0.0,0,True
MOT20-05,2218,1716,200,1516,0,200,True,True,0.9999964150116534,0.0001220703125,0.0,0,True
MOT20-05,2219,1708,194,1514,0,194,True,True,0.9999973917437075,0.0001220703125,0.0,0,True
MOT20-05,2220,1705,194,1511,0,194,True,True,0.9999957487692687,0.0001220703125,0.0,0,True
MOT20-05,2221,1705,193,1512,0,193,True,True,0.9999973325722272,0.0001220703125,0.0,0,True
MOT20-05,2222,1704,197,1507,0,197,True,True,0.9999960316502091,0.0001220703125,0.0,0,True
MOT20-05,2223,1709,197,1512,0,197,True,True,0.9999953755942361,0.0001220703125,0.0,0,True
MOT20-05,2224,1733,195,1538,0,195,True,True,0.999997347634886,0.0001220703125,0.0,0,True
MOT20-05,2225,1741,196,1545,0,196,True,True,0.9999973914653965,0.0001220703125,0.0,0,True
MOT20-05,2226,1721,196,1525,0,196,True,True,0.9999974709666977,0.0001220703125,0.0,0,True
MOT20-05,2227,1735,201,1534,0,201,True,True,0.9999973620900688,0.0001220703125,0.0,0,True
MOT20-05,2228,1732,197,1535,0,197,True,True,0.999996140679935,0.0001220703125,0.0,0,True
MOT20-05,2229,1726,197,1529,0,197,True,True,0.99999747507903,0.0001220703125,0.0,0,True
MOT20-05,2230,1741,198,1543,0,198,True,True,0.9999963880531245,0.0001220703125,0.0,0,True
MOT20-05,2231,1748,201,1547,0,201,True,True,0.9999973703586831,0.0001220703125,0.0,0,True
MOT20-05,2232,1744,199,1545,0,199,True,True,0.999997405138345,0.0001220703125,0.0,0,True
MOT20-05,2233,1696,197,1499,0,197,True,True,0.9999961740793879,0.0001220703125,0.0,0,True
MOT20-05,2234,1715,196,1519,0,196,True,True,0.9999963645564126,0.0001220703125,0.0,0,True
MOT20-05,2235,1708,198,1510,0,198,True,True,0.9999976112296517,0.0001220703125,0.0,0,True
MOT20-05,2236,1712,198,1514,0,198,True,True,0.9999953848035427,0.0001220703125,0.0,0,True
MOT20-05,2237,1705,198,1507,0,198,True,True,0.9999971635659571,0.0001220703125,0.0,0,True
MOT20-05,2238,1711,196,1515,0,196,True,True,0.9999975092965506,0.0001220703125,0.0,0,True
MOT20-05,2239,1706,199,1507,0,199,True,True,0.9999975081731919,0.0001220703125,0.0,0,True
MOT20-05,2240,1749,207,1542,0,207,True,True,0.9999965618252582,0.0001220703125,0.0,0,True
MOT20-05,2241,1715,201,1514,0,201,True,True,0.9999970004017908,0.0001220703125,0.0,0,True
MOT20-05,2242,1706,198,1508,0,198,True,True,0.9999937667907075,0.0001220703125,0.0,0,True
MOT20-05,2243,1699,202,1497,0,202,True,True,0.9999974787013295,0.0001220703125,0.0,0,True
MOT20-05,2244,1694,200,1494,0,200,True,True,0.9999961744672468,0.0001220703125,0.0,0,True
MOT20-05,2245,1720,203,1517,0,203,True,True,0.9999955381244953,0.0001220703125,0.0,0,True
MOT20-05,2246,1732,209,1523,0,209,True,True,0.999995450347366,0.0001220703125,0.0,0,True
MOT20-05,2247,1729,204,1525,0,204,True,True,0.999997400051479,0.0001220703125,0.0,0,True
MOT20-05,2248,1712,194,1518,0,194,True,True,0.9999973314261926,0.0001220703125,0.0,0,True
MOT20-05,2249,1689,190,1499,0,190,True,True,0.9999962265290104,0.0001220703125,0.0,0,True
MOT20-05,2250,1677,190,1487,0,190,True,True,0.999996967491509,0.0001220703125,0.0,0,True
MOT20-05,2251,1652,188,1464,0,188,True,True,0.999997280480376,0.0001220703125,0.0,0,True
MOT20-05,2252,1682,193,1489,0,193,True,True,0.9999977260737479,0.0001220703125,0.0,0,True
MOT20-05,2253,1655,190,1465,0,190,True,True,0.9999969566103943,0.0001220703125,0.0,0,True
MOT20-05,2254,1668,191,1477,0,191,True,True,0.9999970744066166,0.0001220703125,0.0,0,True
MOT20-05,2255,1668,192,1476,0,192,True,True,0.9999975027502737,0.0001220703125,0.0,0,True
MOT20-05,2256,1660,192,1468,0,192,True,True,0.9999973901514756,0.0001220703125,0.0,0,True
MOT20-05,2257,1677,191,1486,0,191,True,True,0.9999965683231923,0.0001220703125,0.0,0,True
MOT20-05,2258,1681,193,1488,0,193,True,True,0.9999952245876431,0.0001220703125,0.0,0,True
MOT20-05,2259,1686,194,1492,0,194,True,True,0.9999949507445127,0.0001220703125,0.0,0,True
MOT20-05,2260,1691,194,1497,0,194,True,True,0.9999954038520316,0.0001220703125,0.0,0,True
MOT20-05,2261,1619,188,1431,0,188,True,True,0.9999948696901293,0.0001220703125,0.0,0,True
MOT20-05,2262,1645,190,1455,0,190,True,True,0.9999974565644799,0.0001220703125,0.0,0,True
MOT20-05,2263,1637,184,1453,0,184,True,True,0.9999965521283711,0.0001220703125,0.0,0,True
MOT20-05,2264,1638,186,1452,0,186,True,True,0.9999973876083816,0.0001220703125,0.0,0,True
MOT20-05,2265,1645,186,1459,0,186,True,True,0.9999974022802783,0.0001220703125,0.0,0,True
MOT20-05,2266,1630,189,1441,0,189,True,True,0.999997692976729,0.0001220703125,0.0,0,True
MOT20-05,2267,1685,193,1492,0,193,True,True,0.9999971871158655,0.0001220703125,0.0,0,True
MOT20-05,2268,1672,190,1482,0,190,True,True,0.9999973825141475,0.0001220703125,0.0,0,True
MOT20-05,2269,1660,189,1471,0,189,True,True,0.999996997078157,0.0001220703125,0.0,0,True
MOT20-05,2270,1653,193,1460,0,193,True,True,0.9999955434932774,0.0001220703125,0.0,0,True
MOT20-05,2271,1669,193,1476,0,193,True,True,0.9999970688052988,0.0001220703125,0.0,0,True
MOT20-05,2272,1657,188,1469,0,188,True,True,0.999997332764323,0.0001220703125,0.0,0,True
MOT20-05,2273,1657,187,1470,0,187,True,True,0.9999963842592341,0.0001220703125,0.0,0,True
MOT20-05,2274,1627,183,1444,0,183,True,True,0.9999975758409216,0.0001220703125,0.0,0,True
MOT20-05,2275,1640,185,1455,0,185,True,True,0.9999980919999466,0.0001220703125,0.0,0,True
MOT20-05,2276,1631,183,1448,0,183,True,True,0.9999969384131183,0.0001220703125,0.0,0,True
MOT20-05,2277,1630,183,1447,0,183,True,True,0.9999970516081538,0.0001220703125,0.0,0,True
MOT20-05,2278,1640,186,1454,0,186,True,True,0.9999910367761077,0.0001220703125,0.0,0,True
MOT20-05,2279,1627,185,1442,0,185,True,True,0.9999958571117855,0.0001220703125,0.0,0,True
MOT20-05,2280,1642,187,1455,0,187,True,True,0.9999970064451237,0.0001220703125,0.0,0,True
MOT20-05,2281,1628,185,1443,0,185,True,True,0.9999952993602429,0.0001220703125,0.0,0,True
MOT20-05,2282,1619,182,1437,0,182,True,True,0.9999976036137505,0.0001220703125,0.0,0,True
MOT20-05,2283,1646,189,1457,0,189,True,True,0.9999974380717903,0.0001220703125,0.0,0,True
MOT20-05,2284,1660,188,1472,0,188,True,True,0.9999964079814652,0.0001220703125,0.0,0,True
MOT20-05,2285,1644,187,1457,0,187,True,True,0.9999972069223636,0.0001220703125,0.0,0,True
MOT20-05,2286,1654,187,1467,0,187,True,True,0.9999973177548536,0.0001220703125,0.0,0,True
MOT20-05,2287,1650,186,1464,0,186,True,True,0.9999974450624555,0.0001220703125,0.0,0,True
MOT20-05,2288,1637,186,1451,0,186,True,True,0.9999960466592078,0.0001220703125,0.0,0,True
MOT20-05,2289,1653,189,1464,0,189,True,True,0.9999959063537484,0.0001220703125,0.0,0,True
MOT20-05,2290,1631,185,1446,0,185,True,True,0.99999644829607,0.0001220703125,0.0,0,True
MOT20-05,2291,1649,187,1462,0,187,True,True,0.9999959694727456,0.0001220703125,0.0,0,True
MOT20-05,2292,1646,188,1458,0,188,True,True,0.9999959019248659,0.0001220703125,0.0,0,True
MOT20-05,2293,1618,186,1432,0,186,True,True,0.9999976022433411,0.0001220703125,0.0,0,True
MOT20-05,2294,1618,189,1429,0,189,True,True,0.9999957557316339,0.0001220703125,0.0,0,True
MOT20-05,2295,1619,185,1434,0,185,True,True,0.9999974263286578,0.0001220703125,0.0,0,True
MOT20-05,2296,1669,192,1477,0,192,True,True,0.9999961770046831,0.0001220703125,0.0,0,True
MOT20-05,2297,1657,190,1467,0,190,True,True,0.9999968161180838,0.0001220703125,0.0,0,True
MOT20-05,2298,1658,190,1468,0,190,True,True,0.9999973593873779,0.0001220703125,0.0,0,True
MOT20-05,2299,1652,186,1466,0,186,True,True,0.9999975218203716,0.0001220703125,0.0,0,True
MOT20-05,2300,1655,189,1466,0,189,True,True,0.9999972499518741,0.0001220703125,0.0,0,True
MOT20-05,2301,1653,189,1464,0,189,True,True,0.9999947828083099,0.0001220703125,0.0,0,True
MOT20-05,2302,1657,186,1471,0,186,True,True,0.9999953029482919,0.0001220703125,0.0,0,True
MOT20-05,2303,1657,189,1468,0,189,True,True,0.9999962968997644,0.0001220703125,0.0,0,True
MOT20-05,2304,1660,187,1473,0,187,True,True,0.999996430135443,0.0001220703125,0.0,0,True
MOT20-05,2305,1644,183,1461,0,183,True,True,0.9999971695217588,0.0001220703125,0.0,0,True
MOT20-05,2306,1630,182,1448,0,182,True,True,0.9999932460876394,0.0001220703125,0.0,0,True
MOT20-05,2307,1639,186,1453,0,186,True,True,0.9999959396989074,0.0001220703125,0.0,0,True
MOT20-05,2308,1647,186,1461,0,186,True,True,0.9999963976815478,0.0001220703125,0.0,0,True
MOT20-05,2309,1637,185,1452,0,185,True,True,0.9999947435924392,0.0001220703125,0.0,0,True
MOT20-05,2310,1626,182,1444,0,182,True,True,0.9999959793176098,0.0001220703125,0.0,0,True
MOT20-05,2311,1625,183,1442,0,183,True,True,0.999997224712272,0.0001220703125,0.0,0,True
MOT20-05,2312,1636,185,1451,0,185,True,True,0.9999962887982944,0.0001220703125,0.0,0,True
MOT20-05,2313,1612,181,1431,0,181,True,True,0.9999968237249836,0.0001220703125,0.0,0,True
MOT20-05,2314,1623,182,1441,0,182,True,True,0.9999978188464751,0.0001220703125,0.0,0,True
MOT20-05,2315,1629,184,1445,0,184,True,True,0.9999973237416233,0.0001220703125,0.0,0,True
MOT20-05,2316,1622,182,1440,0,182,True,True,0.9999969224045868,0.0001220703125,0.0,0,True
MOT20-05,2317,1637,185,1452,0,185,True,True,0.9999965037654446,0.0001220703125,0.0,0,True
MOT20-05,2318,1666,190,1476,0,190,True,True,0.9999951591900357,0.0001220703125,0.0,0,True
MOT20-05,2319,1658,189,1469,0,189,True,True,0.9999973888089574,0.0001220703125,0.0,0,True
MOT20-05,2320,1655,190,1465,0,190,True,True,0.999991840597921,0.0001220703125,0.0,0,True
MOT20-05,2321,1649,185,1464,0,185,True,True,0.9999975234958333,0.0001220703125,0.0,0,True
MOT20-05,2322,1631,185,1446,0,185,True,True,0.9999927524152576,0.0001220703125,0.0,0,True
MOT20-05,2323,1636,187,1449,0,187,True,True,0.9999951820463776,0.0001220703125,0.0,0,True
MOT20-05,2324,1638,186,1452,0,186,True,True,0.9999956833383334,0.0001220703125,0.0,0,True
MOT20-05,2325,1645,186,1459,0,186,True,True,0.9999979161457031,0.0001220703125,0.0,0,True
MOT20-05,2326,1644,189,1455,0,189,True,True,0.9999978107479142,0.0001220703125,0.0,0,True
MOT20-05,2327,1629,186,1443,0,186,True,True,0.9999976403240307,0.0001220703125,0.0,0,True
MOT20-05,2328,1673,190,1483,0,190,True,True,0.9999976028554786,0.0001220703125,0.0,0,True
MOT20-05,2329,1670,189,1481,0,189,True,True,0.9999975658996516,0.0001220703125,0.0,0,True
MOT20-05,2330,1676,188,1488,0,188,True,True,0.9999975989762034,0.0001220703125,0.0,0,True
MOT20-05,2331,1666,188,1478,0,188,True,True,0.9999926212331395,0.0001220703125,0.0,0,True
MOT20-05,2332,1675,188,1487,0,188,True,True,0.9999973770354205,0.0001220703125,0.0,0,True
MOT20-05,2333,1665,191,1474,0,191,True,True,0.9999953422839111,0.0001220703125,0.0,0,True
MOT20-05,2334,1648,187,1461,0,187,True,True,0.9999927243959226,0.0001220703125,0.0,0,True
MOT20-05,2335,1666,184,1482,0,184,True,True,0.9999955872975949,0.0001220703125,0.0,0,True
MOT20-05,2336,1679,190,1489,0,190,True,True,0.9999971564472003,0.0001220703125,0.0,0,True
MOT20-05,2337,1657,189,1468,0,189,True,True,0.9999974734331496,0.0001220703125,0.0,0,True
MOT20-05,2338,1663,196,1467,0,196,True,True,0.9999962209247397,0.0001220703125,0.0,0,True
MOT20-05,2339,1646,186,1460,0,186,True,True,0.9999915014553756,0.0001220703125,0.0,0,True
MOT20-05,2340,1661,189,1472,0,189,True,True,0.9999975442209329,0.0001220703125,0.0,0,True
MOT20-05,2341,1629,185,1444,0,185,True,True,0.9999953937216426,0.0001220703125,0.0,0,True
MOT20-05,2342,1631,185,1446,0,185,True,True,0.9999952837307576,0.0001220703125,0.0,0,True
MOT20-05,2343,1633,185,1448,0,185,True,True,0.9999956542523141,0.0001220703125,0.0,0,True
MOT20-05,2344,1610,182,1428,0,182,True,True,0.9999946209085285,0.0001220703125,0.0,0,True
MOT20-05,2345,1601,182,1419,0,182,True,True,0.99999658448965,0.0001220703125,0.0,0,True
MOT20-05,2346,1587,182,1405,0,182,True,True,0.9999964619554065,0.0001220703125,0.0,0,True
MOT20-05,2347,1585,185,1400,0,185,True,True,0.9999953636412108,0.0001220703125,0.0,0,True
MOT20-05,2348,1573,179,1394,0,179,True,True,0.9999974449253662,0.0001220703125,0.0,0,True
MOT20-05,2349,1583,181,1402,0,181,True,True,0.9999968435539058,0.0001220703125,0.0,0,True
MOT20-05,2350,1572,180,1392,0,180,True,True,0.9999976090683257,0.0001220703125,0.0,0,True
MOT20-05,2351,1569,180,1389,0,180,True,True,0.9999959937422254,0.0001220703125,0.0,0,True
MOT20-05,2352,1574,182,1392,0,182,True,True,0.9999812227730209,0.0001220703125,0.0,0,True
MOT20-05,2353,1549,181,1368,0,181,True,True,0.9999796321567509,0.0001220703125,0.0,0,True
MOT20-05,2354,1566,181,1385,0,181,True,True,0.9999976566280518,0.0001220703125,0.0,0,True
MOT20-05,2355,1566,183,1383,0,183,True,True,0.9999970359488398,0.0001220703125,0.0,0,True
MOT20-05,2356,1570,183,1387,0,183,True,True,0.9999951117574454,0.0001220703125,0.0,0,True
MOT20-05,2357,1557,180,1377,0,180,True,True,0.9999860083110632,0.0001220703125,0.0,0,True
MOT20-05,2358,1550,176,1374,0,176,True,True,0.9999973898824012,0.0001220703125,0.0,0,True
MOT20-05,2359,1559,177,1382,0,177,True,True,0.9999872541647017,0.0001220703125,0.0,0,True
MOT20-05,2360,1572,175,1397,0,175,True,True,0.9999961859865518,0.0001220703125,0.0,0,True
MOT20-05,2361,1550,176,1374,0,176,True,True,0.9999976093712647,0.0001220703125,0.0,0,True
MOT20-05,2362,1559,178,1381,0,178,True,True,0.9999977174317455,0.0001220703125,0.0,0,True
MOT20-05,2363,1525,173,1352,0,173,True,True,0.9999971282836346,0.0001220703125,0.0,0,True
MOT20-05,2364,1548,176,1372,0,176,True,True,0.9999975240292956,0.0001220703125,0.0,0,True
MOT20-05,2365,1533,171,1362,0,171,True,True,0.9999910264003302,0.0001220703125,0.0,0,True
MOT20-05,2366,1548,180,1368,0,180,True,True,0.999997067852818,0.0001220703125,0.0,0,True
MOT20-05,2367,1560,182,1378,0,182,True,True,0.9999957498353061,0.0001220703125,0.0,0,True
MOT20-05,2368,1554,180,1374,0,180,True,True,0.9999940918597644,0.0001220703125,0.0,0,True
MOT20-05,2369,1546,176,1370,0,176,True,True,0.9999864449791457,0.0001220703125,0.0,0,True
MOT20-05,2370,1526,173,1353,0,173,True,True,0.9999961394284038,0.0001220703125,0.0,0,True
MOT20-05,2371,1532,172,1360,0,172,True,True,0.9999970657615863,0.0001220703125,0.0,0,True
MOT20-05,2372,1515,173,1342,0,173,True,True,0.9999978896631481,0.0001220703125,0.0,0,True
MOT20-05,2373,1513,171,1342,0,171,True,True,0.999997188080837,0.0001220703125,0.0,0,True
MOT20-05,2374,1508,168,1340,0,168,True,True,0.9999975427560448,0.0001220703125,0.0,0,True
MOT20-05,2375,1506,167,1339,0,167,True,True,0.9999975318088139,0.0001220703125,0.0,0,True
MOT20-05,2376,1501,168,1333,0,168,True,True,0.9999970722824193,0.0001220703125,0.0,0,True
MOT20-05,2377,1511,174,1337,0,174,True,True,0.999996974409556,0.0001220703125,0.0,0,True
MOT20-05,2378,1512,170,1342,0,170,True,True,0.9999974497147506,0.0001220703125,0.0,0,True
MOT20-05,2379,1506,170,1336,0,170,True,True,0.9999976765259416,0.0001220703125,0.0,0,True
MOT20-05,2380,1520,167,1353,0,167,True,True,0.999996697315578,0.0001220703125,0.0,0,True
MOT20-05,2381,1524,173,1351,0,173,True,True,0.99999747834168,0.0001220703125,0.0,0,True
MOT20-05,2382,1513,172,1341,0,172,True,True,0.9999967314354229,0.0001220703125,0.0,0,True
MOT20-05,2383,1535,170,1365,0,170,True,True,0.9999973934158415,0.0001220703125,0.0,0,True
MOT20-05,2384,1510,169,1341,0,169,True,True,0.9999971764652733,0.0001220703125,0.0,0,True
MOT20-05,2385,1520,169,1351,0,169,True,True,0.9999974753403872,0.0001220703125,0.0,0,True
MOT20-05,2386,1502,172,1330,0,172,True,True,0.9999977087290549,0.0001220703125,0.0,0,True
MOT20-05,2387,1540,174,1366,0,174,True,True,0.9999978485971778,0.0001220703125,0.0,0,True
MOT20-05,2388,1538,171,1367,0,171,True,True,0.9999972680506722,0.0001220703125,0.0,0,True
MOT20-05,2389,1518,174,1344,0,174,True,True,0.9999949852818021,0.0001220703125,0.0,0,True
MOT20-05,2390,1533,173,1360,0,173,True,True,0.9999954227439277,0.0001220703125,0.0,0,True
MOT20-05,2391,1526,173,1353,0,173,True,True,0.9999976093026814,0.0001220703125,0.0,0,True
MOT20-05,2392,1521,168,1353,0,168,True,True,0.9999950064303236,0.0001220703125,0.0,0,True
MOT20-05,2393,1545,170,1375,0,170,True,True,0.9999961442066705,0.0001220703125,0.0,0,True
MOT20-05,2394,1516,170,1346,0,170,True,True,0.9999969949485085,0.0001220703125,0.0,0,True
MOT20-05,2395,1525,172,1353,0,172,True,True,0.9999972509195674,0.0001220703125,0.0,0,True
MOT20-05,2396,1526,172,1354,0,172,True,True,0.9999969414657719,0.0001220703125,0.0,0,True
MOT20-05,2397,1534,169,1365,0,169,True,True,0.9999948763142255,0.0001220703125,0.0,0,True
MOT20-05,2398,1515,168,1347,0,168,True,True,0.9999948299572955,0.0001220703125,0.0,0,True
MOT20-05,2399,1517,168,1349,0,168,True,True,0.9999947941882318,0.0001220703125,0.0,0,True
MOT20-05,2400,1532,173,1359,0,173,True,True,0.9999943457583649,0.0001220703125,0.0,0,True
MOT20-05,2401,1555,177,1378,0,177,True,True,0.9999976054671973,0.0001220703125,0.0,0,True
MOT20-05,2402,1551,179,1372,0,179,True,True,0.9999946890999086,0.0001220703125,0.0,0,True
MOT20-05,2403,1540,174,1366,0,174,True,True,0.9999974655804791,0.0001220703125,0.0,0,True
MOT20-05,2404,1542,174,1368,0,174,True,True,0.9999972984748167,0.0001220703125,0.0,0,True
MOT20-05,2405,1542,173,1369,0,173,True,True,0.9999972048300537,0.0001220703125,0.0,0,True
MOT20-05,2406,1549,172,1377,0,172,True,True,0.9999973024081402,0.0001220703125,0.0,0,True
MOT20-05,2407,1555,174,1381,0,174,True,True,0.9999974907364464,0.0001220703125,0.0,0,True
MOT20-05,2408,1557,173,1384,0,173,True,True,0.9999961533839863,0.0001220703125,0.0,0,True
MOT20-05,2409,1557,174,1383,0,174,True,True,0.9999973323445224,0.0001220703125,0.0,0,True
MOT20-05,2410,1545,171,1374,0,171,True,True,0.9999948294761225,0.0001220703125,0.0,0,True
MOT20-05,2411,1575,176,1399,0,176,True,True,0.9999972706157217,0.0001220703125,0.0,0,True
MOT20-05,2412,1551,174,1377,0,174,True,True,0.9999967475126603,0.0001220703125,0.0,0,True
MOT20-05,2413,1553,173,1380,0,173,True,True,0.9999975420312653,0.0001220703125,0.0,0,True
MOT20-05,2414,1557,178,1379,0,178,True,True,0.9999970987554188,0.0001220703125,0.0,0,True
MOT20-05,2415,1545,172,1373,0,172,True,True,0.9999975843426755,0.0001220703125,0.0,0,True
MOT20-05,2416,1540,175,1365,0,175,True,True,0.999996515806913,0.0001220703125,0.0,0,True
MOT20-05,2417,1533,173,1360,0,173,True,True,0.9999959667432289,0.0001220703125,0.0,0,True
MOT20-05,2418,1561,176,1385,0,176,True,True,0.999990742626502,0.0001220703125,0.0,0,True
MOT20-05,2419,1553,174,1379,0,174,True,True,0.9999968771518376,0.0001220703125,0.0,0,True
MOT20-05,2420,1533,172,1361,0,172,True,True,0.9999965503553595,0.0001220703125,0.0,0,True
MOT20-05,2421,1535,173,1362,0,173,True,True,0.9999974205068356,0.0001220703125,0.0,0,True
MOT20-05,2422,1538,171,1367,0,171,True,True,0.9999968077967117,0.0001220703125,0.0,0,True
MOT20-05,2423,1513,171,1342,0,171,True,True,0.9999976302419049,0.0001220703125,0.0,0,True
MOT20-05,2424,1534,172,1362,0,172,True,True,0.9999959847258973,0.0001220703125,0.0,0,True
MOT20-05,2425,1538,173,1365,0,173,True,True,0.9999970838167559,0.0001220703125,0.0,0,True
MOT20-05,2426,1517,171,1346,0,171,True,True,0.9999969557008657,0.0001220703125,0.0,0,True
MOT20-05,2427,1528,171,1357,0,171,True,True,0.9999971229231102,0.0001220703125,0.0,0,True
MOT20-05,2428,1550,173,1377,0,173,True,True,0.9999972270940639,0.0001220703125,0.0,0,True
MOT20-05,2429,1516,169,1347,0,169,True,True,0.9999979738872462,0.0001220703125,0.0,0,True
MOT20-05,2430,1505,169,1336,0,169,True,True,0.999997015072604,0.0001220703125,0.0,0,True
MOT20-05,2431,1529,171,1358,0,171,True,True,0.9999958720723223,0.0001220703125,0.0,0,True
MOT20-05,2432,1524,171,1353,0,171,True,True,0.999997565103057,0.0001220703125,0.0,0,True
MOT20-05,2433,1524,170,1354,0,170,True,True,0.9999970284878866,0.0001220703125,0.0,0,True
MOT20-05,2434,1532,171,1361,0,171,True,True,0.9999976222293027,0.0001220703125,0.0,0,True
MOT20-05,2435,1540,173,1367,0,173,True,True,0.9999978073733649,0.0001220703125,0.0,0,True
MOT20-05,2436,1548,172,1376,0,172,True,True,0.9999947222031635,0.0001220703125,0.0,0,True
MOT20-05,2437,1533,172,1361,0,172,True,True,0.999996589050511,0.0001220703125,0.0,0,True
MOT20-05,2438,1521,171,1350,0,171,True,True,0.9999961419827508,0.0001220703125,0.0,0,True
MOT20-05,2439,1539,174,1365,0,174,True,True,0.9999971404331864,0.0001220703125,0.0,0,True
MOT20-05,2440,1538,172,1366,0,172,True,True,0.9999957235350969,0.0001220703125,0.0,0,True
MOT20-05,2441,1533,169,1364,0,169,True,True,0.9999978336597286,0.0001220703125,0.0,0,True
MOT20-05,2442,1539,169,1370,0,169,True,True,0.999996564742579,0.0001220703125,0.0,0,True
MOT20-05,2443,1543,171,1372,0,171,True,True,0.999996718191067,0.0001220703125,0.0,0,True
MOT20-05,2444,1535,172,1363,0,172,True,True,0.9999978127734033,0.0001220703125,0.0,0,True
MOT20-05,2445,1553,175,1378,0,175,True,True,0.9999956095290781,0.0001220703125,0.0,0,True
MOT20-05,2446,1545,171,1374,0,171,True,True,0.9999975609934562,0.0001220703125,0.0,0,True
MOT20-05,2447,1533,172,1361,0,172,True,True,0.9999963474223335,0.0001220703125,0.0,0,True
MOT20-05,2448,1552,175,1377,0,175,True,True,0.9999976264846339,0.0001220703125,0.0,0,True
MOT20-05,2449,1565,175,1390,0,175,True,True,0.9999975772024441,0.0001220703125,0.0,0,True
MOT20-05,2450,1556,174,1382,0,174,True,True,0.9999958864833958,0.0001220703125,0.0,0,True
MOT20-05,2451,1594,176,1418,0,176,True,True,0.9999952899506387,0.0001220703125,0.0,0,True
MOT20-05,2452,1568,175,1393,0,175,True,True,0.9999979307317123,0.0001220703125,0.0,0,True
MOT20-05,2453,1575,177,1398,0,177,True,True,0.9999961165570114,0.0001220703125,0.0,0,True
MOT20-05,2454,1583,177,1406,0,177,True,True,0.9999964029618013,0.0001220703125,0.0,0,True
MOT20-05,2455,1582,178,1404,0,178,True,True,0.9999962137131736,0.0001220703125,0.0,0,True
MOT20-05,2456,1589,181,1408,0,181,True,True,0.9999978131417062,0.0001220703125,0.0,0,True
MOT20-05,2457,1591,182,1409,0,182,True,True,0.9999978814187714,0.0001220703125,0.0,0,True
MOT20-05,2458,1559,183,1376,0,183,True,True,0.9999967981864928,0.0001220703125,0.0,0,True
MOT20-05,2459,1570,177,1393,0,177,True,True,0.9999979313069796,0.0001220703125,0.0,0,True
MOT20-05,2460,1564,179,1385,0,179,True,True,0.9999960737892056,0.0001220703125,0.0,0,True
MOT20-05,2461,1577,181,1396,0,181,True,True,0.9999975422277034,0.0001220703125,0.0,0,True
MOT20-05,2462,1589,180,1409,0,180,True,True,0.9999976027290532,0.0001220703125,0.0,0,True
MOT20-05,2463,1577,178,1399,0,178,True,True,0.9999978472447962,0.0001220703125,0.0,0,True
MOT20-05,2464,1567,180,1387,0,180,True,True,0.9999976763855712,0.0001220703125,0.0,0,True
MOT20-05,2465,1568,175,1393,0,175,True,True,0.9999973820481808,0.0001220703125,0.0,0,True
MOT20-05,2466,1559,175,1384,0,175,True,True,0.9999975476130918,0.0001220703125,0.0,0,True
MOT20-05,2467,1569,176,1393,0,176,True,True,0.9999950128280557,0.0001220703125,0.0,0,True
MOT20-05,2468,1559,177,1382,0,177,True,True,0.9999960837605298,0.0001220703125,0.0,0,True
MOT20-05,2469,1562,178,1384,0,178,True,True,0.9999976240653667,0.0001220703125,0.0,0,True
MOT20-05,2470,1582,177,1405,0,177,True,True,0.9999961028383029,0.0001220703125,0.0,0,True
MOT20-05,2471,1544,172,1372,0,172,True,True,0.9999977655129265,0.0001220703125,0.0,0,True
MOT20-05,2472,1558,174,1384,0,174,True,True,0.9999977605439191,0.0001220703125,0.0,0,True
MOT20-05,2473,1551,171,1380,0,171,True,True,0.9999964774220366,0.0001220703125,0.0,0,True
MOT20-05,2474,1566,172,1394,0,172,True,True,0.9999973937632756,0.0001220703125,0.0,0,True
MOT20-05,2475,1558,172,1386,0,172,True,True,0.9999976821507117,0.0001220703125,0.0,0,True
MOT20-05,2476,1563,174,1389,0,174,True,True,0.9999971870802596,0.0001220703125,0.0,0,True
MOT20-05,2477,1562,174,1388,0,174,True,True,0.9999972189235565,0.0001220703125,0.0,0,True
MOT20-05,2478,1570,179,1391,0,179,True,True,0.9999974955671539,0.0001220703125,0.0,0,True
MOT20-05,2479,1558,178,1380,0,178,True,True,0.9999964100318072,0.0001220703125,0.0,0,True
MOT20-05,2480,1564,177,1387,0,177,True,True,0.9999963837231378,0.0001220703125,0.0,0,True
MOT20-05,2481,1564,176,1388,0,176,True,True,0.9999977175463624,0.0001220703125,0.0,0,True
MOT20-05,2482,1551,176,1375,0,176,True,True,0.9999964518057648,0.0001220703125,0.0,0,True
MOT20-05,2483,1558,174,1384,0,174,True,True,0.9999964599514305,0.0001220703125,0.0,0,True
MOT20-05,2484,1533,173,1360,0,173,True,True,0.9999978350901577,0.0001220703125,0.0,0,True
MOT20-05,2485,1530,169,1361,0,169,True,True,0.9999964355856867,0.0001220703125,0.0,0,True
MOT20-05,2486,1531,169,1362,0,169,True,True,0.9999968917263973,0.0001220703125,0.0,0,True
MOT20-05,2487,1567,170,1397,0,170,True,True,0.9999970970738504,0.0001220703125,0.0,0,True
MOT20-05,2488,1547,172,1375,0,172,True,True,0.9999975245441448,0.0001220703125,0.0,0,True
MOT20-05,2489,1538,170,1368,0,170,True,True,0.9999955728509512,0.0001220703125,0.0,0,True
MOT20-05,2490,1560,174,1386,0,174,True,True,0.9999954776784393,0.0001220703125,0.0,0,True
MOT20-05,2491,1569,177,1392,0,177,True,True,0.9999955972932159,0.0001220703125,0.0,0,True
MOT20-05,2492,1566,177,1389,0,177,True,True,0.9999970273307214,0.0001220703125,0.0,0,True
MOT20-05,2493,1547,175,1372,0,175,True,True,0.9999941336759267,0.0001220703125,0.0,0,True
MOT20-05,2494,1579,177,1402,0,177,True,True,0.9999977341731998,0.0001220703125,0.0,0,True
MOT20-05,2495,1574,179,1395,0,179,True,True,0.999997758149128,0.0001220703125,0.0,0,True
MOT20-05,2496,1577,180,1397,0,180,True,True,0.9999965695271094,0.0001220703125,0.0,0,True
MOT20-05,2497,1592,184,1408,0,184,True,True,0.999995414242903,0.0001220703125,0.0,0,True
MOT20-05,2498,1590,182,1408,0,182,True,True,0.999997098791937,0.0001220703125,0.0,0,True
MOT20-05,2499,1595,182,1413,0,182,True,True,0.9999964207610178,0.0001220703125,0.0,0,True
MOT20-05,2500,1587,179,1408,0,179,True,True,0.9999965637332976,0.0001220703125,0.0,0,True
MOT20-05,2501,1582,181,1401,0,181,True,True,0.9999976829056363,0.0001220703125,0.0,0,True
MOT20-05,2502,1591,176,1415,0,176,True,True,0.9999961752427287,0.0001220703125,0.0,0,True
MOT20-05,2503,1586,177,1409,0,177,True,True,0.9999974755899537,0.0001220703125,0.0,0,True
MOT20-05,2504,1600,178,1422,0,178,True,True,0.999997177572995,0.0001220703125,0.0,0,True
MOT20-05,2505,1600,181,1419,0,181,True,True,0.9999976982868349,0.0001220703125,0.0,0,True
MOT20-05,2506,1604,179,1425,0,179,True,True,0.9999958742955647,0.0001220703125,0.0,0,True
MOT20-05,2507,1593,179,1414,0,179,True,True,0.9999974810575528,0.0001220703125,0.0,0,True
MOT20-05,2508,1575,174,1401,0,174,True,True,0.9999972434476752,0.0001220703125,0.0,0,True
MOT20-05,2509,1577,175,1402,0,175,True,True,0.9999971430530478,0.0001220703125,0.0,0,True
MOT20-05,2510,1569,173,1396,0,173,True,True,0.999995428268388,0.0001220703125,0.0,0,True
MOT20-05,2511,1576,174,1402,0,174,True,True,0.9999958261682556,0.0001220703125,0.0,0,True
MOT20-05,2512,1567,174,1393,0,174,True,True,0.9999973799355464,0.0001220703125,0.0,0,True
MOT20-05,2513,1556,175,1381,0,175,True,True,0.9999965274160503,0.0001220703125,0.0,0,True
MOT20-05,2514,1560,177,1383,0,177,True,True,0.9999975866571098,0.0001220703125,0.0,0,True
MOT20-05,2515,1583,178,1405,0,178,True,True,0.9999972990492654,0.0001220703125,0.0,0,True
MOT20-05,2516,1571,173,1398,0,173,True,True,0.9999970814002539,0.0001220703125,0.0,0,True
MOT20-05,2517,1585,176,1409,0,176,True,True,0.9999979877899091,0.0001220703125,0.0,0,True
MOT20-05,2518,1605,181,1424,0,181,True,True,0.9999975965987065,0.0001220703125,0.0,0,True
MOT20-05,2519,1603,184,1419,0,184,True,True,0.9999970271142049,0.0001220703125,0.0,0,True
MOT20-05,2520,1627,183,1444,0,183,True,True,0.9999975545069825,0.0001220703125,0.0,0,True
MOT20-05,2521,1637,184,1453,0,184,True,True,0.999997841725066,0.0001220703125,0.0,0,True
MOT20-05,2522,1644,186,1458,0,186,True,True,0.9999970761003365,0.0001220703125,0.0,0,True
MOT20-05,2523,1649,184,1465,0,184,True,True,0.9999974124636452,0.0001220703125,0.0,0,True
MOT20-05,2524,1638,185,1453,0,185,True,True,0.9999974534555335,0.0001220703125,0.0,0,True
MOT20-05,2525,1640,184,1456,0,184,True,True,0.9999960536077918,0.0001220703125,0.0,0,True
MOT20-05,2526,1647,183,1464,0,183,True,True,0.9999975689358624,0.0001220703125,0.0,0,True
MOT20-05,2527,1637,182,1455,0,182,True,True,0.9999951682651657,0.0001220703125,0.0,0,True
MOT20-05,2528,1628,181,1447,0,181,True,True,0.9999963285102196,0.0001220703125,0.0,0,True
MOT20-05,2529,1637,183,1454,0,183,True,True,0.9999974898905342,0.0001220703125,0.0,0,True
MOT20-05,2530,1632,183,1449,0,183,True,True,0.9999965901496243,0.0001220703125,0.0,0,True
MOT20-05,2531,1632,181,1451,0,181,True,True,0.9999978278020631,0.0001220703125,0.0,0,True
MOT20-05,2532,1637,182,1455,0,182,True,True,0.9999971447456897,0.0001220703125,0.0,0,True
MOT20-05,2533,1634,184,1450,0,184,True,True,0.9999972500804352,0.0001220703125,0.0,0,True
MOT20-05,2534,1635,182,1453,0,182,True,True,0.9999963629750864,0.0001220703125,0.0,0,True
MOT20-05,2535,1645,184,1461,0,184,True,True,0.9999975996217004,0.0001220703125,0.0,0,True
MOT20-05,2536,1645,183,1462,0,183,True,True,0.9999973176037618,0.0001220703125,0.0,0,True
MOT20-05,2537,1645,182,1463,0,182,True,True,0.9999975568818972,0.0001220703125,0.0,0,True
MOT20-05,2538,1627,181,1446,0,181,True,True,0.9999976998342817,0.0001220703125,0.0,0,True
MOT20-05,2539,1638,181,1457,0,181,True,True,0.9999951870203565,0.0001220703125,0.0,0,True
MOT20-05,2540,1654,184,1470,0,184,True,True,0.9999979469409799,0.0001220703125,0.0,0,True
MOT20-05,2541,1644,184,1460,0,184,True,True,0.9999967410852593,0.0001220703125,0.0,0,True
MOT20-05,2542,1645,182,1463,0,182,True,True,0.9999973258927818,0.0001220703125,0.0,0,True
MOT20-05,2543,1622,179,1443,0,179,True,True,0.9999978254204006,0.0001220703125,0.0,0,True
MOT20-05,2544,1650,181,1469,0,181,True,True,0.9999960623259497,0.0001220703125,0.0,0,True
MOT20-05,2545,1632,181,1451,0,181,True,True,0.9999971129427967,0.0001220703125,0.0,0,True
MOT20-05,2546,1643,185,1458,0,185,True,True,0.999997129538317,0.0001220703125,0.0,0,True
MOT20-05,2547,1636,185,1451,0,185,True,True,0.9999977094323043,0.0001220703125,0.0,0,True
MOT20-05,2548,1646,184,1462,0,184,True,True,0.99999657805346,0.0001220703125,0.0,0,True
MOT20-05,2549,1638,186,1452,0,186,True,True,0.9999974377960947,0.0001220703125,0.0,0,True
MOT20-05,2550,1651,185,1466,0,185,True,True,0.9999975725679551,0.0001220703125,0.0,0,True
MOT20-05,2551,1632,182,1450,0,182,True,True,0.9999976523562127,0.0001220703125,0.0,0,True
MOT20-05,2552,1637,184,1453,0,184,True,True,0.9999969739151486,0.0001220703125,0.0,0,True
MOT20-05,2553,1627,187,1440,0,187,True,True,0.9999973204069766,0.0001220703125,0.0,0,True
MOT20-05,2554,1632,185,1447,0,185,True,True,0.9999970365570623,0.0001220703125,0.0,0,True
MOT20-05,2555,1645,187,1458,0,187,True,True,0.9999972514862588,0.0001220703125,0.0,0,True
MOT20-05,2556,1629,183,1446,0,183,True,True,0.9999972507354056,0.0001220703125,0.0,0,True
MOT20-05,2557,1629,184,1445,0,184,True,True,0.9999973678877713,0.0001220703125,0.0,0,True
MOT20-05,2558,1619,181,1438,0,181,True,True,0.9999958448379382,0.0001220703125,0.0,0,True
MOT20-05,2559,1603,179,1424,0,179,True,True,0.9999979938095166,0.0001220703125,0.0,0,True
MOT20-05,2560,1623,183,1440,0,183,True,True,0.9999953191847892,0.0001220703125,0.0,0,True
MOT20-05,2561,1629,185,1444,0,185,True,True,0.9999975642212746,0.0001220703125,0.0,0,True
MOT20-05,2562,1620,183,1437,0,183,True,True,0.9999976197843524,0.0001220703125,0.0,0,True
MOT20-05,2563,1627,186,1441,0,186,True,True,0.9999971374551118,0.0001220703125,0.0,0,True
MOT20-05,2564,1603,182,1421,0,182,True,True,0.9999958893495101,0.0001220703125,0.0,0,True
MOT20-05,2565,1608,180,1428,0,180,True,True,0.9999975299380429,0.0001220703125,0.0,0,True
MOT20-05,2566,1592,184,1408,0,184,True,True,0.9999975517079286,0.0001220703125,0.0,0,True
MOT20-05,2567,1615,184,1431,0,184,True,True,0.9999970188764742,0.0001220703125,0.0,0,True
MOT20-05,2568,1600,178,1422,0,178,True,True,0.9999966061716768,0.0001220703125,0.0,0,True
MOT20-05,2569,1634,188,1446,0,188,True,True,0.9999973126744273,0.0001220703125,0.0,0,True
MOT20-05,2570,1617,184,1433,0,184,True,True,0.999997542066931,0.0001220703125,0.0,0,True
MOT20-05,2571,1603,183,1420,0,183,True,True,0.9999975490110442,0.0001220703125,0.0,0,True
MOT20-05,2572,1611,183,1428,0,183,True,True,0.9999970863438745,0.0001220703125,0.0,0,True
MOT20-05,2573,1587,178,1409,0,178,True,True,0.9999974263087863,0.0001220703125,0.0,0,True
MOT20-05,2574,1590,179,1411,0,179,True,True,0.9999961556057035,0.0001220703125,0.0,0,True
MOT20-05,2575,1597,179,1418,0,179,True,True,0.9999965541979544,0.0001220703125,0.0,0,True
MOT20-05,2576,1585,177,1408,0,177,True,True,0.99999620027586,0.0001220703125,0.0,0,True
MOT20-05,2577,1604,180,1424,0,180,True,True,0.9999953362159811,0.0001220703125,0.0,0,True
MOT20-05,2578,1619,184,1435,0,184,True,True,0.9999945852692399,0.0001220703125,0.0,0,True
MOT20-05,2579,1622,184,1438,0,184,True,True,0.9999974617453293,0.0001220703125,0.0,0,True
MOT20-05,2580,1622,186,1436,0,186,True,True,0.9999959771296191,0.0001220703125,0.0,0,True
MOT20-05,2581,1651,186,1465,0,186,True,True,0.9999976842444095,0.0001220703125,0.0,0,True
MOT20-05,2582,1635,188,1447,0,188,True,True,0.9999959383935534,0.0001220703125,0.0,0,True
MOT20-05,2583,1626,182,1444,0,182,True,True,0.999997489821225,0.0001220703125,0.0,0,True
MOT20-05,2584,1593,183,1410,0,183,True,True,0.9999977306823803,0.0001220703125,0.0,0,True
MOT20-05,2585,1609,184,1425,0,184,True,True,0.999997059575932,0.0001220703125,0.0,0,True
MOT20-05,2586,1586,181,1405,0,181,True,True,0.9999979457218631,0.0001220703125,0.0,0,True
MOT20-05,2587,1592,183,1409,0,183,True,True,0.9999971752848725,0.0001220703125,0.0,0,True
MOT20-05,2588,1587,178,1409,0,178,True,True,0.9999957116974174,0.0001220703125,0.0,0,True
MOT20-05,2589,1598,183,1415,0,183,True,True,0.9999977712649186,0.0001220703125,0.0,0,True
MOT20-05,2590,1585,181,1404,0,181,True,True,0.9999976485582135,0.0001220703125,0.0,0,True
MOT20-05,2591,1594,180,1414,0,180,True,True,0.999997658189312,0.0001220703125,0.0,0,True
MOT20-05,2592,1610,186,1424,0,186,True,True,0.9999978637444477,0.0001220703125,0.0,0,True
MOT20-05,2593,1610,185,1425,0,185,True,True,0.9999962042133232,0.0001220703125,0.0,0,True
MOT20-05,2594,1635,188,1447,0,188,True,True,0.9999974943246454,0.0001220703125,0.0,0,True
MOT20-05,2595,1622,188,1434,0,188,True,True,0.999996932698811,0.0001220703125,0.0,0,True
MOT20-05,2596,1620,185,1435,0,185,True,True,0.999996482337292,0.0001220703125,0.0,0,True
MOT20-05,2597,1634,187,1447,0,187,True,True,0.9999969774030654,0.0001220703125,0.0,0,True
MOT20-05,2598,1619,187,1432,0,187,True,True,0.9999977153196953,0.0001220703125,0.0,0,True
MOT20-05,2599,1645,189,1456,0,189,True,True,0.9999975779932095,0.0001220703125,0.0,0,True
MOT20-05,2600,1625,188,1437,0,188,True,True,0.9999979680825892,0.0001220703125,0.0,0,True
MOT20-05,2601,1617,185,1432,0,185,True,True,0.9999954559499791,0.0001220703125,0.0,0,True
MOT20-05,2602,1643,189,1454,0,189,True,True,0.999995855712486,0.0001220703125,0.0,0,True
MOT20-05,2603,1639,183,1456,0,183,True,True,0.9999957649336468,0.0001220703125,0.0,0,True
MOT20-05,2604,1630,183,1447,0,183,True,True,0.9999958977135907,0.0001220703125,0.0,0,True
MOT20-05,2605,1629,185,1444,0,185,True,True,0.999997032955725,0.0001220703125,0.0,0,True
MOT20-05,2606,1615,181,1434,0,181,True,True,0.9999971650025231,0.0001220703125,0.0,0,True
MOT20-05,2607,1642,186,1456,0,186,True,True,0.9999976699753017,0.0001220703125,0.0,0,True
MOT20-05,2608,1655,187,1468,0,187,True,True,0.999996950170023,0.0001220703125,0.0,0,True
MOT20-05,2609,1638,187,1451,0,187,True,True,0.9999960671262885,0.0001220703125,0.0,0,True
MOT20-05,2610,1629,185,1444,0,185,True,True,0.9999975060602735,0.0001220703125,0.0,0,True
MOT20-05,2611,1638,187,1451,0,187,True,True,0.9999974599474862,0.0001220703125,0.0,0,True
MOT20-05,2612,1648,187,1461,0,187,True,True,0.9999978758069279,0.0001220703125,0.0,0,True
MOT20-05,2613,1658,188,1470,0,188,True,True,0.9999968099255224,0.0001220703125,0.0,0,True
MOT20-05,2614,1659,185,1474,0,185,True,True,0.9999933446917261,0.0001220703125,0.0,0,True
MOT20-05,2615,1672,188,1484,0,188,True,True,0.9999939975990396,0.0001220703125,0.0,0,True
MOT20-05,2616,1648,185,1463,0,185,True,True,0.9999975328074924,0.0001220703125,0.0,0,True
MOT20-05,2617,1654,187,1467,0,187,True,True,0.9999980123275446,0.0001220703125,0.0,0,True
MOT20-05,2618,1654,185,1469,0,185,True,True,0.9999975751638583,0.0001220703125,0.0,0,True
MOT20-05,2619,1648,184,1464,0,184,True,True,0.999997867953854,0.0001220703125,0.0,0,True
MOT20-05,2620,1666,185,1481,0,185,True,True,0.9999975613503291,0.0001220703125,0.0,0,True
MOT20-05,2621,1678,187,1491,0,187,True,True,0.9999975655298503,0.0001220703125,0.0,0,True
MOT20-05,2622,1678,188,1490,0,188,True,True,0.9999977784364349,0.0001220703125,0.0,0,True
MOT20-05,2623,1653,189,1464,0,189,True,True,0.9999975617962734,0.0001220703125,0.0,0,True
MOT20-05,2624,1650,188,1462,0,188,True,True,0.9999969325059279,0.0001220703125,0.0,0,True
MOT20-05,2625,1660,190,1470,0,190,True,True,0.9999978468538947,0.0001220703125,0.0,0,True
MOT20-05,2626,1656,190,1466,0,190,True,True,0.9999960699393592,0.0001220703125,0.0,0,True
MOT20-05,2627,1664,189,1475,0,189,True,True,0.9999953008512508,0.0001220703125,0.0,0,True
MOT20-05,2628,1666,189,1477,0,189,True,True,0.9999970118123059,0.0001220703125,0.0,0,True
MOT20-05,2629,1684,192,1492,0,192,True,True,0.9999979032826207,0.0001220703125,0.0,0,True
MOT20-05,2630,1665,190,1475,0,190,True,True,0.9999969982589902,0.0001220703125,0.0,0,True
MOT20-05,2631,1659,189,1470,0,189,True,True,0.9999977256444955,0.0001220703125,0.0,0,True
MOT20-05,2632,1668,192,1476,0,192,True,True,0.9999963981186236,0.0001220703125,0.0,0,True
MOT20-05,2633,1666,193,1473,0,193,True,True,0.9999962610672409,0.0001220703125,0.0,0,True
MOT20-05,2634,1667,190,1477,0,190,True,True,0.999997609348404,0.0001220703125,0.0,0,True
MOT20-05,2635,1684,189,1495,0,189,True,True,0.9999953113278319,0.0001220703125,0.0,0,True
MOT20-05,2636,1684,191,1493,0,191,True,True,0.9999960675084683,0.0001220703125,0.0,0,True
MOT20-05,2637,1686,191,1495,0,191,True,True,0.9999975850602165,0.0001220703125,0.0,0,True
MOT20-05,2638,1693,193,1500,0,193,True,True,0.9999968937995933,0.0001220703125,0.0,0,True
MOT20-05,2639,1691,191,1500,0,191,True,True,0.999997597314421,0.0001220703125,0.0,0,True
MOT20-05,2640,1689,189,1500,0,189,True,True,0.999997350277426,0.0001220703125,0.0,0,True
MOT20-05,2641,1673,187,1486,0,187,True,True,0.9999979421539474,0.0001220703125,0.0,0,True
MOT20-05,2642,1696,188,1508,0,188,True,True,0.9999975201305877,0.0001220703125,0.0,0,True
MOT20-05,2643,1676,187,1489,0,187,True,True,0.9999969379864853,0.0001220703125,0.0,0,True
MOT20-05,2644,1720,190,1530,0,190,True,True,0.9999974669821118,0.0001220703125,0.0,0,True
MOT20-05,2645,1698,193,1505,0,193,True,True,0.9999971780986593,0.0001220703125,0.0,0,True
MOT20-05,2646,1706,191,1515,0,191,True,True,0.9999977730963314,0.0001220703125,0.0,0,True
MOT20-05,2647,1698,192,1506,0,192,True,True,0.9999978701822301,0.0001220703125,0.0,0,True
MOT20-05,2648,1696,191,1505,0,191,True,True,0.999996682340613,0.0001220703125,0.0,0,True
MOT20-05,2649,1694,189,1505,0,189,True,True,0.9999967554589403,0.0001220703125,0.0,0,True
MOT20-05,2650,1699,191,1508,0,191,True,True,0.9999974247644947,0.0001220703125,0.0,0,True
MOT20-05,2651,1704,193,1511,0,193,True,True,0.9999977773332445,0.0001220703125,0.0,0,True
MOT20-05,2652,1704,193,1511,0,193,True,True,0.9999973137680134,0.0001220703125,0.0,0,True
MOT20-05,2653,1673,185,1488,0,185,True,True,0.9999974548166323,0.0001220703125,0.0,0,True
MOT20-05,2654,1684,189,1495,0,189,True,True,0.9999967131752371,0.0001220703125,0.0,0,True
MOT20-05,2655,1704,192,1512,0,192,True,True,0.9999959953465928,0.0001220703125,0.0,0,True
MOT20-05,2656,1692,191,1501,0,191,True,True,0.9999974336140104,0.0001220703125,0.0,0,True
MOT20-05,2657,1697,189,1508,0,189,True,True,0.9999967884693203,0.0001220703125,0.0,0,True
MOT20-05,2658,1680,189,1491,0,189,True,True,0.9999975637980388,0.0001220703125,0.0,0,True
MOT20-05,2659,1707,189,1518,0,189,True,True,0.9999955475113929,0.0001220703125,0.0,0,True
MOT20-05,2660,1708,191,1517,0,191,True,True,0.9999969857819334,0.0001220703125,0.0,0,True
MOT20-05,2661,1694,195,1499,0,195,True,True,0.9999969461452719,0.0001220703125,0.0,0,True
MOT20-05,2662,1699,193,1506,0,193,True,True,0.9999956240598306,0.0001220703125,0.0,0,True
MOT20-05,2663,1701,190,1511,0,190,True,True,0.9999967974174374,0.0001220703125,0.0,0,True
MOT20-05,2664,1696,191,1505,0,191,True,True,0.9999967556168383,0.0001220703125,0.0,0,True
MOT20-05,2665,1692,189,1503,0,189,True,True,0.9999967945019297,0.0001220703125,0.0,0,True
MOT20-05,2666,1692,196,1496,0,196,True,True,0.9999966188458769,0.0001220703125,0.0,0,True
MOT20-05,2667,1715,196,1519,0,196,True,True,0.99999631495355,0.0001220703125,0.0,0,True
MOT20-05,2668,1717,192,1525,0,192,True,True,0.9999962375321221,0.0001220703125,0.0,0,True
MOT20-05,2669,1720,196,1524,0,196,True,True,0.999996041681098,0.0001220703125,0.0,0,True
MOT20-05,2670,1733,199,1534,0,199,True,True,0.9999954463696181,0.0001220703125,0.0,0,True
MOT20-05,2671,1730,194,1536,0,194,True,True,0.9999958269346331,0.0001220703125,0.0,0,True
MOT20-05,2672,1741,197,1544,0,197,True,True,0.999997384574745,0.0001220703125,0.0,0,True
MOT20-05,2673,1733,195,1538,0,195,True,True,0.9999967149136351,0.0001220703125,0.0,0,True
MOT20-05,2674,1731,197,1534,0,197,True,True,0.9999966758192443,0.0001220703125,0.0,0,True
MOT20-05,2675,1725,201,1524,0,201,True,True,0.9999962880337343,0.0001220703125,0.0,0,True
MOT20-05,2676,1709,190,1519,0,190,True,True,0.999996611490436,0.0001220703125,0.0,0,True
MOT20-05,2677,1709,191,1518,0,191,True,True,0.9999968859478396,0.0001220703125,0.0,0,True
MOT20-05,2678,1717,193,1524,0,193,True,True,0.999997766979885,0.0001220703125,0.0,0,True
MOT20-05,2679,1701,191,1510,0,191,True,True,0.9999966064768783,0.0001220703125,0.0,0,True
MOT20-05,2680,1713,191,1522,0,191,True,True,0.9999977164570374,0.0001220703125,0.0,0,True
MOT20-05,2681,1709,194,1515,0,194,True,True,0.9999963212031138,0.0001220703125,0.0,0,True
MOT20-05,2682,1725,195,1530,0,195,True,True,0.9999976046240338,0.0001220703125,0.0,0,True
MOT20-05,2683,1730,197,1533,0,197,True,True,0.9999958586884671,0.0001220703125,0.0,0,True
MOT20-05,2684,1708,191,1517,0,191,True,True,0.9999976249467949,0.0001220703125,0.0,0,True
MOT20-05,2685,1715,193,1522,0,193,True,True,0.9999974014612449,0.0001220703125,0.0,0,True
MOT20-05,2686,1708,193,1515,0,193,True,True,0.9999955331518304,0.0001220703125,0.0,0,True
MOT20-05,2687,1726,194,1532,0,194,True,True,0.9999973421361783,0.0001220703125,0.0,0,True
MOT20-05,2688,1712,194,1518,0,194,True,True,0.9999972932663558,0.0001220703125,0.0,0,True
MOT20-05,2689,1713,197,1516,0,197,True,True,0.9999972998587826,0.0001220703125,0.0,0,True
MOT20-05,2690,1720,200,1520,0,200,True,True,0.9999977707879596,0.0001220703125,0.0,0,True
MOT20-05,2691,1726,200,1526,0,200,True,True,0.9999969288695476,0.0001220703125,0.0,0,True
MOT20-05,2692,1744,201,1543,0,201,True,True,0.9999961571553485,0.0001220703125,0.0,0,True
MOT20-05,2693,1740,198,1542,0,198,True,True,0.9999968090113519,0.0001220703125,0.0,0,True
MOT20-05,2694,1737,197,1540,0,197,True,True,0.9999956952402271,0.0001220703125,0.0,0,True
MOT20-05,2695,1715,190,1525,0,190,True,True,0.9999974699685265,0.0001220703125,0.0,0,True
MOT20-05,2696,1711,193,1518,0,193,True,True,0.9999941087408611,0.0001220703125,0.0,0,True
MOT20-05,2697,1734,198,1536,0,198,True,True,0.9999958664106597,0.0001220703125,0.0,0,True
MOT20-05,2698,1724,197,1527,0,197,True,True,0.9999976986999957,0.0001220703125,0.0,0,True
MOT20-05,2699,1716,196,1520,0,196,True,True,0.9999961430525411,0.0001220703125,0.0,0,True
MOT20-05,2700,1707,194,1513,0,194,True,True,0.9999965850656175,0.0001220703125,0.0,0,True
MOT20-05,2701,1720,194,1526,0,194,True,True,0.9999965049598235,0.0001220703125,0.0,0,True
MOT20-05,2702,1698,194,1504,0,194,True,True,0.9999947431735109,0.0001220703125,0.0,0,True
MOT20-05,2703,1722,197,1525,0,197,True,True,0.9999954997626125,0.0001220703125,0.0,0,True
MOT20-05,2704,1728,199,1529,0,199,True,True,0.9999974352200709,0.0001220703125,0.0,0,True
MOT20-05,2705,1728,198,1530,0,198,True,True,0.9999966785022703,0.0001220703125,0.0,0,True
MOT20-05,2706,1750,197,1553,0,197,True,True,0.9999935077762618,0.0001220703125,0.0,0,True
MOT20-05,2707,1721,198,1523,0,198,True,True,0.9999954979898524,0.0001220703125,0.0,0,True
MOT20-05,2708,1711,194,1517,0,194,True,True,0.9999956178310455,0.0001220703125,0.0,0,True
MOT20-05,2709,1724,194,1530,0,194,True,True,0.9999973861539346,0.0001220703125,0.0,0,True
MOT20-05,2710,1698,189,1509,0,189,True,True,0.9999972807613868,0.0001220703125,0.0,0,True
MOT20-05,2711,1708,192,1516,0,192,True,True,0.9999949535728704,0.0001220703125,0.0,0,True
MOT20-05,2712,1726,195,1531,0,195,True,True,0.9999962898653963,0.0001220703125,0.0,0,True
MOT20-05,2713,1763,197,1566,0,197,True,True,0.9999974016120399,0.0001220703125,0.0,0,True
MOT20-05,2714,1744,196,1548,0,196,True,True,0.9999957525341443,0.0001220703125,0.0,0,True
MOT20-05,2715,1726,194,1532,0,194,True,True,0.9999963487258879,0.0001220703125,0.0,0,True
MOT20-05,2716,1726,195,1531,0,195,True,True,0.9999957947324819,0.0001220703125,0.0,0,True
MOT20-05,2717,1730,195,1535,0,195,True,True,0.9999973707320408,0.0001220703125,0.0,0,True
MOT20-05,2718,1727,192,1535,0,192,True,True,0.9999971812604558,0.0001220703125,0.0,0,True
MOT20-05,2719,1721,191,1530,0,191,True,True,0.9999966231902411,0.0001220703125,0.0,0,True
MOT20-05,2720,1708,190,1518,0,190,True,True,0.999995828244686,0.0001220703125,0.0,0,True
MOT20-05,2721,1716,190,1526,0,190,True,True,0.999997654747436,0.0001220703125,0.0,0,True
MOT20-05,2722,1714,191,1523,0,191,True,True,0.9999976211206425,0.0001220703125,0.0,0,True
MOT20-05,2723,1721,191,1530,0,191,True,True,0.9999963957110053,0.0001220703125,0.0,0,True
MOT20-05,2724,1724,192,1532,0,192,True,True,0.9999966754866758,0.0001220703125,0.0,0,True
MOT20-05,2725,1752,198,1554,0,198,True,True,0.9999974792352,0.0001220703125,0.0,0,True
MOT20-05,2726,1746,197,1549,0,197,True,True,0.9999972811260505,0.0001220703125,0.0,0,True
MOT20-05,2727,1722,195,1527,0,195,True,True,0.9999975262893598,0.0001220703125,0.0,0,True
MOT20-05,2728,1711,194,1517,0,194,True,True,0.9999963834550301,0.0001220703125,0.0,0,True
MOT20-05,2729,1749,198,1551,0,198,True,True,0.9999968823508322,0.0001220703125,0.0,0,True
MOT20-05,2730,1737,199,1538,0,199,True,True,0.9999977112322722,0.0001220703125,0.0,0,True
MOT20-05,2731,1749,197,1552,0,197,True,True,0.9999952958554134,0.0001220703125,0.0,0,True
MOT20-05,2732,1759,198,1561,0,198,True,True,0.9999943213115499,0.0001220703125,0.0,0,True
MOT20-05,2733,1763,199,1564,0,199,True,True,0.9999945814729724,0.0001220703125,0.0,0,True
MOT20-05,2734,1761,201,1560,0,201,True,True,0.9999961310491047,0.0001220703125,0.0,0,True
MOT20-05,2735,1746,199,1547,0,199,True,True,0.9999972174248566,0.0001220703125,0.0,0,True
MOT20-05,2736,1757,200,1557,0,200,True,True,0.9999955857685177,0.0001220703125,0.0,0,True
MOT20-05,2737,1769,203,1566,0,203,True,True,0.9999981514003142,0.0001220703125,0.0,0,True
MOT20-05,2738,1759,200,1559,0,200,True,True,0.9999954124652495,0.0001220703125,0.0,0,True
MOT20-05,2739,1747,198,1549,0,198,True,True,0.9999968933100539,0.0001220703125,0.0,0,True
MOT20-05,2740,1733,196,1537,0,196,True,True,0.999995498172258,0.0001220703125,0.0,0,True
MOT20-05,2741,1766,201,1565,0,201,True,True,0.9999970215226711,0.0001220703125,0.0,0,True
MOT20-05,2742,1758,198,1560,0,198,True,True,0.9999967260881665,0.0001220703125,0.0,0,True
MOT20-05,2743,1742,195,1547,0,195,True,True,0.9999971408527277,0.0001220703125,0.0,0,True
MOT20-05,2744,1756,197,1559,0,197,True,True,0.9999957667561837,0.0001220703125,0.0,0,True
MOT20-05,2745,1743,194,1549,0,194,True,True,0.9999966155845562,0.0001220703125,0.0,0,True
MOT20-05,2746,1730,195,1535,0,195,True,True,0.9999966703514777,0.0001220703125,0.0,0,True
MOT20-05,2747,1754,195,1559,0,195,True,True,0.9999977266062096,0.0001220703125,0.0,0,True
MOT20-05,2748,1734,195,1539,0,195,True,True,0.9999967832316299,0.0001220703125,0.0,0,True
MOT20-05,2749,1700,194,1506,0,194,True,True,0.9999952718340792,0.0001220703125,0.0,0,True
MOT20-05,2750,1715,191,1524,0,191,True,True,0.9999961498745676,0.0001220703125,0.0,0,True
MOT20-05,2751,1708,193,1515,0,193,True,True,0.9999976109989608,0.0001220703125,0.0,0,True
MOT20-05,2752,1736,194,1542,0,194,True,True,0.9999954323925585,0.0001220703125,0.0,0,True
MOT20-05,2753,1745,195,1550,0,195,True,True,0.9999966245637248,0.0001220703125,0.0,0,True
MOT20-05,2754,1715,195,1520,0,195,True,True,0.9999973190995392,0.0001220703125,0.0,0,True
MOT20-05,2755,1716,195,1521,0,195,True,True,0.9999958505535361,0.0001220703125,0.0,0,True
MOT20-05,2756,1748,198,1550,0,198,True,True,0.9999964287244832,0.0001220703125,0.0,0,True
MOT20-05,2757,1759,198,1561,0,198,True,True,0.9999966015293118,0.0001220703125,0.0,0,True
MOT20-05,2758,1790,202,1588,0,202,True,True,0.9999965000944975,0.0001220703125,0.0,0,True
MOT20-05,2759,1788,199,1589,0,199,True,True,0.99999480208956,0.0001220703125,0.0,0,True
MOT20-05,2760,1779,201,1578,0,201,True,True,0.9999968945449577,0.0001220703125,0.0,0,True
MOT20-05,2761,1784,201,1583,0,201,True,True,0.9999954202458796,0.0001220703125,0.0,0,True
MOT20-05,2762,1745,198,1547,0,198,True,True,0.9999965640107615,0.0001220703125,0.0,0,True
MOT20-05,2763,1758,195,1563,0,195,True,True,0.9999956108298385,0.0001220703125,0.0,0,True
MOT20-05,2764,1771,199,1572,0,199,True,True,0.9999968128404285,0.0001220703125,0.0,0,True
MOT20-05,2765,1771,198,1573,0,198,True,True,0.9999966350643124,0.0001220703125,0.0,0,True
MOT20-05,2766,1775,201,1574,0,201,True,True,0.9999979598956282,0.0001220703125,0.0,0,True
MOT20-05,2767,1756,197,1559,0,197,True,True,0.9999959202573502,0.0001220703125,0.0,0,True
MOT20-05,2768,1753,195,1558,0,195,True,True,0.9999955973901329,0.0001220703125,0.0,0,True
MOT20-05,2769,1780,200,1580,0,200,True,True,0.9999953914183601,0.0001220703125,0.0,0,True
MOT20-05,2770,1769,197,1572,0,197,True,True,0.9999974010796777,0.0001220703125,0.0,0,True
MOT20-05,2771,1784,200,1584,0,200,True,True,0.9999975208496544,0.0001220703125,0.0,0,True
MOT20-05,2772,1783,199,1584,0,199,True,True,0.9999977660828832,0.0001220703125,0.0,0,True
MOT20-05,2773,1786,202,1584,0,202,True,True,0.9999976542286048,0.0001220703125,0.0,0,True
MOT20-05,2774,1810,206,1604,0,206,True,True,0.9999977058747959,0.0001220703125,0.0,0,True
MOT20-05,2775,1826,207,1619,0,207,True,True,0.9999977031083834,0.0001220703125,0.0,0,True
MOT20-05,2776,1809,207,1602,0,207,True,True,0.9999972457177797,0.0001220703125,0.0,0,True
MOT20-05,2777,1827,212,1615,0,212,True,True,0.9999956588083864,0.0001220703125,0.0,0,True
MOT20-05,2778,1798,206,1592,0,206,True,True,0.9999960713906884,0.0001220703125,0.0,0,True
MOT20-05,2779,1783,201,1582,0,201,True,True,0.9999974163300002,0.0001220703125,0.0,0,True
MOT20-05,2780,1791,202,1589,0,202,True,True,0.9999963789566688,0.0001220703125,0.0,0,True
MOT20-05,2781,1776,200,1576,0,200,True,True,0.9999968567323405,0.0001220703125,0.0,0,True
MOT20-05,2782,1779,202,1577,0,202,True,True,0.9999975850781123,0.0001220703125,0.0,0,True
MOT20-05,2783,1817,201,1616,0,201,True,True,0.999997709106987,0.0001220703125,0.0,0,True
MOT20-05,2784,1780,197,1583,0,197,True,True,0.9999977006588437,0.0001220703125,0.0,0,True
MOT20-05,2785,1797,201,1596,0,201,True,True,0.9999975885833892,0.0001220703125,0.0,0,True
MOT20-05,2786,1799,201,1598,0,201,True,True,0.999997008371886,0.0001220703125,0.0,0,True
MOT20-05,2787,1795,202,1593,0,202,True,True,0.9999967326881481,0.0001220703125,0.0,0,True
MOT20-05,2788,1799,202,1597,0,202,True,True,0.9999898779278094,0.0001220703125,0.0,0,True
MOT20-05,2789,1800,204,1596,0,204,True,True,0.9999974916094335,0.0001220703125,0.0,0,True
MOT20-05,2790,1794,203,1591,0,203,True,True,0.9999973454099483,0.0001220703125,0.0,0,True
MOT20-05,2791,1827,209,1618,0,209,True,True,0.9999935979103579,0.0001220703125,0.0,0,True
MOT20-05,2792,1830,207,1623,0,207,True,True,0.9999953440621661,0.0001220703125,0.0,0,True
MOT20-05,2793,1814,206,1608,0,206,True,True,0.9999980784201484,0.0001220703125,0.0,0,True
MOT20-05,2794,1809,206,1603,0,206,True,True,0.9999965185846654,0.0001220703125,0.0,0,True
MOT20-05,2795,1841,209,1632,0,209,True,True,0.9999977970899558,0.0001220703125,0.0,0,True
MOT20-05,2796,1833,208,1625,0,208,True,True,0.999997742378269,0.0001220703125,0.0,0,True
MOT20-05,2797,1844,209,1635,0,209,True,True,0.9999966398978529,0.0001220703125,0.0,0,True
MOT20-05,2798,1830,212,1618,0,212,True,True,0.9999966470181932,0.0001220703125,0.0,0,True
MOT20-05,2799,1857,212,1645,0,212,True,True,0.9999967236077256,0.0001220703125,0.0,0,True
MOT20-05,2800,1872,213,1659,0,213,True,True,0.9999968621987515,0.0001220703125,0.0,0,True
MOT20-05,2801,1848,210,1638,0,210,True,True,0.9999963569663001,0.0001220703125,0.0,0,True
MOT20-05,2802,1863,212,1651,0,212,True,True,0.999991515717134,0.0001220703125,0.0,0,True
MOT20-05,2803,1835,208,1627,0,208,True,True,0.9999968205923873,0.0001220703125,0.0,0,True
MOT20-05,2804,1826,209,1617,0,209,True,True,0.9999968462018809,0.0001220703125,0.0,0,True
MOT20-05,2805,1836,209,1627,0,209,True,True,0.9999976672902777,0.0001220703125,0.0,0,True
MOT20-05,2806,1834,208,1626,0,208,True,True,0.9999973503560675,0.0001220703125,0.0,0,True
MOT20-05,2807,1825,207,1618,0,207,True,True,0.999997069073153,0.0001220703125,0.0,0,True
MOT20-05,2808,1824,208,1616,0,208,True,True,0.9999954436217643,0.0001220703125,0.0,0,True
MOT20-05,2809,1827,209,1618,0,209,True,True,0.9999976659073849,0.0001220703125,0.0,0,True
MOT20-05,2810,1823,205,1618,0,205,True,True,0.9999975850310565,0.0001220703125,0.0,0,True
MOT20-05,2811,1842,210,1632,0,210,True,True,0.9999960643556564,0.0001220703125,0.0,0,True
MOT20-05,2812,1818,206,1612,0,206,True,True,0.9999975942425223,0.0001220703125,0.0,0,True
MOT20-05,2813,1827,205,1622,0,205,True,True,0.9999972953601904,0.0001220703125,0.0,0,True
MOT20-05,2814,1813,206,1607,0,206,True,True,0.9999969135830231,0.0001220703125,0.0,0,True
MOT20-05,2815,1807,206,1601,0,206,True,True,0.9999969923364733,0.0001220703125,0.0,0,True
MOT20-05,2816,1810,204,1606,0,204,True,True,0.999997242056433,0.0001220703125,0.0,0,True
MOT20-05,2817,1823,206,1617,0,206,True,True,0.9999969483027222,0.0001220703125,0.0,0,True
MOT20-05,2818,1800,203,1597,0,203,True,True,0.9999964343490279,0.0001220703125,0.0,0,True
MOT20-05,2819,1849,210,1639,0,210,True,True,0.9999957389511002,0.0001220703125,0.0,0,True
MOT20-05,2820,1820,202,1618,0,202,True,True,0.999995858424379,0.0001220703125,0.0,0,True
MOT20-05,2821,1823,203,1620,0,203,True,True,0.9999973653946609,0.0001220703125,0.0,0,True
MOT20-05,2822,1849,207,1642,0,207,True,True,0.999994896553132,0.0001220703125,0.0,0,True
MOT20-05,2823,1815,206,1609,0,206,True,True,0.9999953319235743,0.0001220703125,0.0,0,True
MOT20-05,2824,1824,207,1617,0,207,True,True,0.999995695073442,0.0001220703125,0.0,0,True
MOT20-05,2825,1832,206,1626,0,206,True,True,0.9999975653224,0.0001220703125,0.0,0,True
MOT20-05,2826,1809,210,1599,0,210,True,True,0.9999975455063129,0.0001220703125,0.0,0,True
MOT20-05,2827,1802,203,1599,0,203,True,True,0.9999943813280293,0.0001220703125,0.0,0,True
MOT20-05,2828,1806,203,1603,0,203,True,True,0.9999952383416082,0.0001220703125,0.0,0,True
MOT20-05,2829,1823,204,1619,0,204,True,True,0.9999965787871116,0.0001220703125,0.0,0,True
MOT20-05,2830,1821,206,1615,0,206,True,True,0.9999964738820443,0.0001220703125,0.0,0,True
MOT20-05,2831,1804,206,1598,0,206,True,True,0.9999974708704895,0.0001220703125,0.0,0,True
MOT20-05,2832,1803,204,1599,0,204,True,True,0.9999974474073298,0.0001220703125,0.0,0,True
MOT20-05,2833,1796,204,1592,0,204,True,True,0.9999974832256993,0.0001220703125,0.0,0,True
MOT20-05,2834,1816,205,1611,0,205,True,True,0.9999975017837438,0.0001220703125,0.0,0,True
MOT20-05,2835,1817,204,1613,0,204,True,True,0.9999968257998985,0.0001220703125,0.0,0,True
MOT20-05,2836,1803,202,1601,0,202,True,True,0.9999963281529691,0.0001220703125,0.0,0,True
MOT20-05,2837,1830,204,1626,0,204,True,True,0.9999977591588779,0.0001220703125,0.0,0,True
MOT20-05,2838,1834,205,1629,0,205,True,True,0.9999959405145925,0.0001220703125,0.0,0,True
MOT20-05,2839,1806,203,1603,0,203,True,True,0.9999961184267984,0.0001220703125,0.0,0,True
MOT20-05,2840,1828,208,1620,0,208,True,True,0.999996183774171,0.0001220703125,0.0,0,True
MOT20-05,2841,1814,204,1610,0,204,True,True,0.9999977549581749,0.0001220703125,0.0,0,True
MOT20-05,2842,1800,206,1594,0,206,True,True,0.9999976431797747,0.0001220703125,0.0,0,True
MOT20-05,2843,1798,205,1593,0,205,True,True,0.999997458362177,0.0001220703125,0.0,0,True
MOT20-05,2844,1795,204,1591,0,204,True,True,0.9999966307108559,0.0001220703125,0.0,0,True
MOT20-05,2845,1817,206,1611,0,206,True,True,0.9999975711058755,0.0001220703125,0.0,0,True
MOT20-05,2846,1802,208,1594,0,208,True,True,0.999997828914088,0.0001220703125,0.0,0,True
MOT20-05,2847,1788,199,1589,0,199,True,True,0.9999962423884882,0.0001220703125,0.0,0,True
MOT20-05,2848,1782,204,1578,0,204,True,True,0.9999957505216235,0.0001220703125,0.0,0,True
MOT20-05,2849,1801,202,1599,0,202,True,True,0.9999974891405328,0.0001220703125,0.0,0,True
MOT20-05,2850,1800,203,1597,0,203,True,True,0.9999961576884654,0.0001220703125,0.0,0,True
MOT20-05,2851,1781,201,1580,0,201,True,True,0.9999979046489553,0.0001220703125,0.0,0,True
MOT20-05,2852,1787,202,1585,0,202,True,True,0.9999973722100927,0.0001220703125,0.0,0,True
MOT20-05,2853,1801,201,1600,0,201,True,True,0.9999976716950293,0.0001220703125,0.0,0,True
MOT20-05,2854,1793,205,1588,0,205,True,True,0.9999979541372119,0.0001220703125,0.0,0,True
MOT20-05,2855,1774,204,1570,0,204,True,True,0.9999974845795204,0.0001220703125,0.0,0,True
MOT20-05,2856,1775,202,1573,0,202,True,True,0.9999973070864021,0.0001220703125,0.0,0,True
MOT20-05,2857,1764,198,1566,0,198,True,True,0.9999957496411855,0.0001220703125,0.0,0,True
MOT20-05,2858,1758,202,1556,0,202,True,True,0.9999976056970095,0.0001220703125,0.0,0,True
MOT20-05,2859,1755,199,1556,0,199,True,True,0.9999961490027842,0.0001220703125,0.0,0,True
MOT20-05,2860,1756,196,1560,0,196,True,True,0.9999952354747492,0.0001220703125,0.0,0,True
MOT20-05,2861,1760,199,1561,0,199,True,True,0.9999977939067705,0.0001220703125,0.0,0,True
MOT20-05,2862,1757,197,1560,0,197,True,True,0.9999977500691913,0.0001220703125,0.0,0,True
MOT20-05,2863,1771,199,1572,0,199,True,True,0.9999977247906807,0.0001220703125,0.0,0,True
MOT20-05,2864,1753,195,1558,0,195,True,True,0.9999970137932888,0.0001220703125,0.0,0,True
MOT20-05,2865,1748,193,1555,0,193,True,True,0.9999972846163296,0.0001220703125,0.0,0,True
MOT20-05,2866,1761,197,1564,0,197,True,True,0.9999958192057327,0.0001220703125,0.0,0,True
MOT20-05,2867,1758,196,1562,0,196,True,True,0.9999976006986765,0.0001220703125,0.0,0,True
MOT20-05,2868,1775,201,1574,0,201,True,True,0.9999961251784557,0.0001220703125,0.0,0,True
MOT20-05,2869,1755,198,1557,0,198,True,True,0.9999973094924967,0.0001220703125,0.0,0,True
MOT20-05,2870,1768,197,1571,0,197,True,True,0.9999975466263659,0.0001220703125,0.0,0,True
MOT20-05,2871,1761,197,1564,0,197,True,True,0.9999970611400426,0.0001220703125,0.0,0,True
MOT20-05,2872,1769,197,1572,0,197,True,True,0.9999976176664328,0.0001220703125,0.0,0,True
MOT20-05,2873,1778,198,1580,0,198,True,True,0.9999976142115649,0.0001220703125,0.0,0,True
MOT20-05,2874,1774,199,1575,0,199,True,True,0.9999953891127731,0.0001220703125,0.0,0,True
MOT20-05,2875,1770,198,1572,0,198,True,True,0.9999969561626546,0.0001220703125,0.0,0,True
MOT20-05,2876,1771,199,1572,0,199,True,True,0.9999953284889764,0.0001220703125,0.0,0,True
MOT20-05,2877,1780,199,1581,0,199,True,True,0.999996400339808,0.0001220703125,0.0,0,True
MOT20-05,2878,1788,197,1591,0,197,True,True,0.9999961382655406,0.0001220703125,0.0,0,True
MOT20-05,2879,1790,199,1591,0,199,True,True,0.9999974692257856,0.0001220703125,0.0,0,True
MOT20-05,2880,1785,200,1585,0,200,True,True,0.9999975984706416,0.0001220703125,0.0,0,True
MOT20-05,2881,1774,197,1577,0,197,True,True,0.9999961523070767,0.0001220703125,0.0,0,True
MOT20-05,2882,1791,200,1591,0,200,True,True,0.9999966992342223,0.0001220703125,0.0,0,True
MOT20-05,2883,1779,199,1580,0,199,True,True,0.9999974523915675,0.0001220703125,0.0,0,True
MOT20-05,2884,1789,198,1591,0,198,True,True,0.9999916777629827,0.0001220703125,0.0,0,True
MOT20-05,2885,1792,202,1590,0,202,True,True,0.9999964342066555,0.0001220703125,0.0,0,True
MOT20-05,2886,1771,199,1572,0,199,True,True,0.999996505695716,0.0001220703125,0.0,0,True
MOT20-05,2887,1776,201,1575,0,201,True,True,0.9999954537705291,0.0001220703125,0.0,0,True
MOT20-05,2888,1806,202,1604,0,202,True,True,0.999995468941862,0.0001220703125,0.0,0,True
MOT20-05,2889,1807,199,1608,0,199,True,True,0.9999963110588921,0.0001220703125,0.0,0,True
MOT20-05,2890,1784,198,1586,0,198,True,True,0.999996719504514,0.0001220703125,0.0,0,True
MOT20-05,2891,1799,199,1600,0,199,True,True,0.9999961310595471,0.0001220703125,0.0,0,True
MOT20-05,2892,1819,200,1619,0,200,True,True,0.9999961799663193,0.0001220703125,0.0,0,True
MOT20-05,2893,1809,201,1608,0,201,True,True,0.9999953348852615,0.0001220703125,0.0,0,True
MOT20-05,2894,1780,201,1579,0,201,True,True,0.9999959698626327,0.0001220703125,0.0,0,True
MOT20-05,2895,1796,200,1596,0,200,True,True,0.9999966025511443,0.0001220703125,0.0,0,True
MOT20-05,2896,1791,198,1593,0,198,True,True,0.9999974594915935,0.0001220703125,0.0,0,True
MOT20-05,2897,1793,200,1593,0,200,True,True,0.9999966552461906,0.0001220703125,0.0,0,True
MOT20-05,2898,1804,200,1604,0,200,True,True,0.9999973702480383,0.0001220703125,0.0,0,True
MOT20-05,2899,1801,200,1601,0,200,True,True,0.9999968775954987,0.0001220703125,0.0,0,True
MOT20-05,2900,1792,201,1591,0,201,True,True,0.9999970948896203,0.0001220703125,0.0,0,True
MOT20-05,2901,1820,205,1615,0,205,True,True,0.9999970657449193,0.0001220703125,0.0,0,True
MOT20-05,2902,1797,199,1598,0,199,True,True,0.9999968709566893,0.0001220703125,0.0,0,True
MOT20-05,2903,1804,201,1603,0,201,True,True,0.9999969148942734,0.0001220703125,0.0,0,True
MOT20-05,2904,1818,203,1615,0,203,True,True,0.9999963335716512,0.0001220703125,0.0,0,True
MOT20-05,2905,1819,202,1617,0,202,True,True,0.9999960648125376,0.0001220703125,0.0,0,True
MOT20-05,2906,1801,203,1598,0,203,True,True,0.9999976965854902,0.0001220703125,0.0,0,True
MOT20-05,2907,1789,200,1589,0,200,True,True,0.9999975232872912,0.0001220703125,0.0,0,True
MOT20-05,2908,1774,202,1572,0,202,True,True,0.9999975268654222,0.0001220703125,0.0,0,True
MOT20-05,2909,1774,202,1572,0,202,True,True,0.9999971355569051,0.0001220703125,0.0,0,True
MOT20-05,2910,1803,205,1598,0,205,True,True,0.9999971418935527,0.0001220703125,0.0,0,True
MOT20-05,2911,1788,203,1585,0,203,True,True,0.9999957049931602,0.0001220703125,0.0,0,True
MOT20-05,2912,1798,202,1596,0,202,True,True,0.9999962446674278,0.0001220703125,0.0,0,True
MOT20-05,2913,1784,197,1587,0,197,True,True,0.9999974835930265,0.0001220703125,0.0,0,True
MOT20-05,2914,1756,195,1561,0,195,True,True,0.9999975832451218,0.0001220703125,0.0,0,True
MOT20-05,2915,1753,196,1557,0,196,True,True,0.9999973836016107,0.0001220703125,0.0,0,True
MOT20-05,2916,1747,196,1551,0,196,True,True,0.9999975303519743,0.0001220703125,0.0,0,True
MOT20-05,2917,1753,199,1554,0,199,True,True,0.9999963014879114,0.0001220703125,0.0,0,True
MOT20-05,2918,1734,194,1540,0,194,True,True,0.9999961708124004,0.0001220703125,0.0,0,True
MOT20-05,2919,1741,193,1548,0,193,True,True,0.9999973685145396,0.0001220703125,0.0,0,True
MOT20-05,2920,1738,192,1546,0,192,True,True,0.999997815766453,0.0001220703125,0.0,0,True
MOT20-05,2921,1731,194,1537,0,194,True,True,0.9999976001401518,0.0001220703125,0.0,0,True
MOT20-05,2922,1758,199,1559,0,199,True,True,0.9999963676847441,0.0001220703125,0.0,0,True
MOT20-05,2923,1750,201,1549,0,201,True,True,0.9999973757482398,0.0001220703125,0.0,0,True
MOT20-05,2924,1753,201,1552,0,201,True,True,0.9999976881819863,0.0001220703125,0.0,0,True
MOT20-05,2925,1766,203,1563,0,203,True,True,0.9999975143546022,0.0001220703125,0.0,0,True
MOT20-05,2926,1776,203,1573,0,203,True,True,0.9999954914340389,0.0001220703125,0.0,0,True
MOT20-05,2927,1779,209,1570,0,209,True,True,0.9999975679336921,0.0001220703125,0.0,0,True
MOT20-05,2928,1781,203,1578,0,203,True,True,0.9999976364311055,0.0001220703125,0.0,0,True
MOT20-05,2929,1797,207,1590,0,207,True,True,0.9999971662878938,0.0001220703125,0.0,0,True
MOT20-05,2930,1817,211,1606,0,211,True,True,0.9999958478744231,0.0001220703125,0.0,0,True
MOT20-05,2931,1771,201,1570,0,201,True,True,0.9999970188017141,0.0001220703125,0.0,0,True
MOT20-05,2932,1774,201,1573,0,201,True,True,0.9999974513437316,0.0001220703125,0.0,0,True
MOT20-05,2933,1786,204,1582,0,204,True,True,0.9999976047676553,0.0001220703125,0.0,0,True
MOT20-05,2934,1797,204,1593,0,204,True,True,0.9999975603288812,0.0001220703125,0.0,0,True
MOT20-05,2935,1792,205,1587,0,205,True,True,0.9999954674365114,0.0001220703125,0.0,0,True
MOT20-05,2936,1770,204,1566,0,204,True,True,0.9999978120029144,0.0001220703125,0.0,0,True
MOT20-05,2937,1779,201,1578,0,201,True,True,0.9999957342160662,0.0001220703125,0.0,0,True
MOT20-05,2938,1757,203,1554,0,203,True,True,0.9999973734702106,0.0001220703125,0.0,0,True
MOT20-05,2939,1786,201,1585,0,201,True,True,0.9999978584706054,0.0001220703125,0.0,0,True
MOT20-05,2940,1766,202,1564,0,202,True,True,0.9999975697068824,0.0001220703125,0.0,0,True
MOT20-05,2941,1760,202,1558,0,202,True,True,0.9999976379353878,0.0001220703125,0.0,0,True
MOT20-05,2942,1766,203,1563,0,203,True,True,0.9999969278033795,0.0001220703125,0.0,0,True
MOT20-05,2943,1812,209,1603,0,209,True,True,0.9999967629002472,0.0001220703125,0.0,0,True
MOT20-05,2944,1787,205,1582,0,205,True,True,0.9999975658024454,0.0001220703125,0.0,0,True
MOT20-05,2945,1795,209,1586,0,209,True,True,0.9999934808365767,0.0001220703125,0.0,0,True
MOT20-05,2946,1794,206,1588,0,206,True,True,0.9999955930302695,0.0001220703125,0.0,0,True
MOT20-05,2947,1788,204,1584,0,204,True,True,0.9999964916281476,0.0001220703125,0.0,0,True
MOT20-05,2948,1800,207,1593,0,207,True,True,0.9999954208994727,0.0001220703125,0.0,0,True
MOT20-05,2949,1813,207,1606,0,207,True,True,0.9999970997259207,0.0001220703125,0.0,0,True
MOT20-05,2950,1785,203,1582,0,203,True,True,0.9999975800021054,0.0001220703125,0.0,0,True
MOT20-05,2951,1772,205,1567,0,205,True,True,0.9999974488379246,0.0001220703125,0.0,0,True
MOT20-05,2952,1742,200,1542,0,200,True,True,0.9999956829563115,0.0001220703125,0.0,0,True
MOT20-05,2953,1744,198,1546,0,198,True,True,0.9999973692172106,0.0001220703125,0.0,0,True
MOT20-05,2954,1746,198,1548,0,198,True,True,0.9999955026871444,0.0001220703125,0.0,0,True
MOT20-05,2955,1749,204,1545,0,204,True,True,0.9999976513527035,0.0001220703125,0.0,0,True
MOT20-05,2956,1751,201,1550,0,201,True,True,0.9999978855847627,0.0001220703125,0.0,0,True
MOT20-05,2957,1769,201,1568,0,201,True,True,0.9999958434648877,0.0001220703125,0.0,0,True
MOT20-05,2958,1766,202,1564,0,202,True,True,0.9999958079276281,0.0001220703125,0.0,0,True
MOT20-05,2959,1760,204,1556,0,204,True,True,0.999996876425131,0.0001220703125,0.0,0,True
MOT20-05,2960,1760,199,1561,0,199,True,True,0.999997160695412,0.0001220703125,0.0,0,True
MOT20-05,2961,1745,201,1544,0,201,True,True,0.9999968692757185,0.0001220703125,0.0,0,True
MOT20-05,2962,1741,201,1540,0,201,True,True,0.999992846565994,0.0001220703125,0.0,0,True
MOT20-05,2963,1749,200,1549,0,200,True,True,0.9999963193074409,0.0001220703125,0.0,0,True
MOT20-05,2964,1735,196,1539,0,196,True,True,0.9999974161141457,0.0001220703125,0.0,0,True
MOT20-05,2965,1728,196,1532,0,196,True,True,0.9999977296640803,0.0001220703125,0.0,0,True
MOT20-05,2966,1732,197,1535,0,197,True,True,0.9999973713297831,0.0001220703125,0.0,0,True
MOT20-05,2967,1733,195,1538,0,195,True,True,0.9999963375061347,0.0001220703125,0.0,0,True
MOT20-05,2968,1728,194,1534,0,194,True,True,0.9999974057241251,0.0001220703125,0.0,0,True
MOT20-05,2969,1752,197,1555,0,197,True,True,0.9999966756092777,0.0001220703125,0.0,0,True
MOT20-05,2970,1748,200,1548,0,200,True,True,0.9999958208306517,0.0001220703125,0.0,0,True
MOT20-05,2971,1773,204,1569,0,204,True,True,0.9999965078067979,0.0001220703125,0.0,0,True
MOT20-05,2972,1771,200,1571,0,200,True,True,0.9999973578699147,0.0001220703125,0.0,0,True
MOT20-05,2973,1750,198,1552,0,198,True,True,0.9999956082275465,0.0001220703125,0.0,0,True
MOT20-05,2974,1779,199,1580,0,199,True,True,0.9999971938646657,0.0001220703125,0.0,0,True
MOT20-05,2975,1754,200,1554,0,200,True,True,0.9999975465376921,0.0001220703125,0.0,0,True
MOT20-05,2976,1757,203,1554,0,203,True,True,0.9999963097792695,0.0001220703125,0.0,0,True
MOT20-05,2977,1778,204,1574,0,204,True,True,0.9999975801631454,0.0001220703125,0.0,0,True
MOT20-05,2978,1762,197,1565,0,197,True,True,0.9999973969752227,0.0001220703125,0.0,0,True
MOT20-05,2979,1766,201,1565,0,201,True,True,0.999997251965875,0.0001220703125,0.0,0,True
MOT20-05,2980,1757,196,1561,0,196,True,True,0.9999976230234187,0.0001220703125,0.0,0,True
MOT20-05,2981,1776,200,1576,0,200,True,True,0.9999973137968765,0.0001220703125,0.0,0,True
MOT20-05,2982,1759,198,1561,0,198,True,True,0.9999975247468991,0.0001220703125,0.0,0,True
MOT20-05,2983,1775,201,1574,0,201,True,True,0.9999936018836054,0.0001220703125,0.0,0,True
MOT20-05,2984,1764,201,1563,0,201,True,True,0.9999973592479138,0.0001220703125,0.0,0,True
MOT20-05,2985,1778,203,1575,0,203,True,True,0.9999963088598437,0.0001220703125,0.0,0,True
MOT20-05,2986,1799,203,1596,0,203,True,True,0.9999976973328206,0.0001220703125,0.0,0,True
MOT20-05,2987,1783,201,1582,0,201,True,True,0.9999977595202794,0.0001220703125,0.0,0,True
MOT20-05,2988,1765,198,1567,0,198,True,True,0.999994196438935,0.0001220703125,0.0,0,True
MOT20-05,2989,1771,199,1572,0,199,True,True,0.9999948401744021,0.0001220703125,0.0,0,True
MOT20-05,2990,1762,198,1564,0,198,True,True,0.9999963204180005,0.0001220703125,0.0,0,True
MOT20-05,2991,1799,205,1594,0,205,True,True,0.9999951091395509,0.0001220703125,0.0,0,True
MOT20-05,2992,1787,203,1584,0,203,True,True,0.9999966747636173,0.0001220703125,0.0,0,True
MOT20-05,2993,1781,201,1580,0,201,True,True,0.9999954802464169,0.0001220703125,0.0,0,True
MOT20-05,2994,1773,202,1571,0,202,True,True,0.9999957404938471,0.0001220703125,0.0,0,True
MOT20-05,2995,1762,205,1557,0,205,True,True,0.9999976753425205,0.0001220703125,0.0,0,True
MOT20-05,2996,1745,202,1543,0,202,True,True,0.999995891739009,0.0001220703125,0.0,0,True
MOT20-05,2997,1756,200,1556,0,200,True,True,0.9999961929344671,0.0001220703125,0.0,0,True
MOT20-05,2998,1734,196,1538,0,196,True,True,0.9999976924550201,0.0001220703125,0.0,0,True
MOT20-05,2999,1741,200,1541,0,200,True,True,0.9999967938544603,0.0001220703125,0.0,0,True
MOT20-05,3000,1759,199,1560,0,199,True,True,0.9999954647189147,0.0001220703125,0.0,0,True
MOT20-05,3001,1772,203,1569,0,203,True,True,0.9999957403759119,0.0001220703125,0.0,0,True
MOT20-05,3002,1756,200,1556,0,200,True,True,0.9999952540964758,0.0001220703125,0.0,0,True
MOT20-05,3003,1786,199,1587,0,199,True,True,0.9999958051931709,0.0001220703125,0.0,0,True
MOT20-05,3004,1769,195,1574,0,195,True,True,0.999996012560867,0.0001220703125,0.0,0,True
MOT20-05,3005,1775,199,1576,0,199,True,True,0.9999973526925682,0.0001220703125,0.0,0,True
MOT20-05,3006,1769,199,1570,0,199,True,True,0.9999926206886374,0.0001220703125,0.0,0,True
MOT20-05,3007,1777,202,1575,0,202,True,True,0.9999963557183335,0.0001220703125,0.0,0,True
MOT20-05,3008,1790,199,1591,0,199,True,True,0.9999961890243902,0.0001220703125,0.0,0,True
MOT20-05,3009,1763,199,1564,0,199,True,True,0.9999949041340213,0.0001220703125,0.0,0,True
MOT20-05,3010,1784,200,1584,0,200,True,True,0.999997362792697,0.0001220703125,0.0,0,True
MOT20-05,3011,1768,200,1568,0,200,True,True,0.9999961746062713,0.0001220703125,0.0,0,True
MOT20-05,3012,1766,197,1569,0,197,True,True,0.9999955206163632,0.0001220703125,0.0,0,True
MOT20-05,3013,1764,199,1565,0,199,True,True,0.999995563511658,0.0001220703125,0.0,0,True
MOT20-05,3014,1764,197,1567,0,197,True,True,0.9999976562023916,0.0001220703125,0.0,0,True
MOT20-05,3015,1785,201,1584,0,201,True,True,0.9999971387205503,0.0001220703125,0.0,0,True
MOT20-05,3016,1788,202,1586,0,202,True,True,0.999996639818819,0.0001220703125,0.0,0,True
MOT20-05,3017,1807,210,1597,0,210,True,True,0.9999969808130671,0.0001220703125,0.0,0,True
MOT20-05,3018,1775,202,1573,0,202,True,True,0.9999946196351036,0.0001220703125,0.0,0,True
MOT20-05,3019,1790,200,1590,0,200,True,True,0.9999966431350433,0.0001220703125,0.0,0,True
MOT20-05,3020,1816,206,1610,0,206,True,True,0.9999974783643663,0.0001220703125,0.0,0,True
MOT20-05,3021,1781,204,1577,0,204,True,True,0.9999958586730774,0.0001220703125,0.0,0,True
MOT20-05,3022,1791,202,1589,0,202,True,True,0.9999966407218417,0.0001220703125,0.0,0,True
MOT20-05,3023,1810,209,1601,0,209,True,True,0.9999953909510542,0.0001220703125,0.0,0,True
MOT20-05,3024,1810,207,1603,0,207,True,True,0.9999969560360283,0.0001220703125,0.0,0,True
MOT20-05,3025,1815,210,1605,0,210,True,True,0.9999965102319998,0.0001220703125,0.0,0,True
MOT20-05,3026,1838,211,1627,0,211,True,True,0.99999746028521,0.0001220703125,0.0,0,True
MOT20-05,3027,1830,211,1619,0,211,True,True,0.9999957763849234,0.0001220703125,0.0,0,True
MOT20-05,3028,1820,206,1614,0,206,True,True,0.9999958578668429,0.0001220703125,0.0,0,True
MOT20-05,3029,1809,206,1603,0,206,True,True,0.9999955641810278,0.0001220703125,0.0,0,True
MOT20-05,3030,1809,203,1606,0,203,True,True,0.9999961580279926,0.0001220703125,0.0,0,True
MOT20-05,3031,1814,203,1611,0,203,True,True,0.9999956779184855,0.0001220703125,0.0,0,True
MOT20-05,3032,1812,202,1610,0,202,True,True,0.9999956093403994,0.0001220703125,0.0,0,True
MOT20-05,3033,1813,205,1608,0,205,True,True,0.9999971274273239,0.0001220703125,0.0,0,True
MOT20-05,3034,1800,204,1596,0,204,True,True,0.9999970767974087,0.0001220703125,0.0,0,True
MOT20-05,3035,1808,204,1604,0,204,True,True,0.9999959902563229,0.0001220703125,0.0,0,True
MOT20-05,3036,1807,204,1603,0,204,True,True,0.9999964718293212,0.0001220703125,0.0,0,True
MOT20-05,3037,1804,205,1599,0,205,True,True,0.9999963807259178,0.0001220703125,0.0,0,True
MOT20-05,3038,1801,206,1595,0,206,True,True,0.9999974483866981,0.0001220703125,0.0,0,True
MOT20-05,3039,1789,202,1587,0,202,True,True,0.9999959213805312,0.0001220703125,0.0,0,True
MOT20-05,3040,1787,203,1584,0,203,True,True,0.9999973094918437,0.0001220703125,0.0,0,True
MOT20-05,3041,1782,199,1583,0,199,True,True,0.9999973826922675,0.0001220703125,0.0,0,True
MOT20-05,3042,1799,205,1594,0,205,True,True,0.9999974149051399,0.0001220703125,0.0,0,True
MOT20-05,3043,1780,201,1579,0,201,True,True,0.9999972022650462,0.0001220703125,0.0,0,True
MOT20-05,3044,1782,201,1581,0,201,True,True,0.9999943712868082,0.0001220703125,0.0,0,True
MOT20-05,3045,1795,199,1596,0,199,True,True,0.9999971181538115,0.0001220703125,0.0,0,True
MOT20-05,3046,1794,206,1588,0,206,True,True,0.9999954864684324,0.0001220703125,0.0,0,True
MOT20-05,3047,1776,201,1575,0,201,True,True,0.9999952827629801,0.0001220703125,0.0,0,True
MOT20-05,3048,1780,205,1575,0,205,True,True,0.9999968091903527,0.0001220703125,0.0,0,True
MOT20-05,3049,1780,206,1574,0,206,True,True,0.9999970540396085,0.0001220703125,0.0,0,True
MOT20-05,3050,1794,202,1592,0,202,True,True,0.9999972326688972,0.0001220703125,0.0,0,True
MOT20-05,3051,1814,205,1609,0,205,True,True,0.9999971736162732,0.0001220703125,0.0,0,True
MOT20-05,3052,1793,203,1590,0,203,True,True,0.9999973166896536,0.0001220703125,0.0,0,True
MOT20-05,3053,1787,203,1584,0,203,True,True,0.9999956563508885,0.0001220703125,0.0,0,True
MOT20-05,3054,1801,201,1600,0,201,True,True,0.9999973776819757,0.0001220703125,0.0,0,True
MOT20-05,3055,1774,200,1574,0,200,True,True,0.9999972435813057,0.0001220703125,0.0,0,True
MOT20-05,3056,1781,205,1576,0,205,True,True,0.9999969479813949,0.0001220703125,0.0,0,True
MOT20-05,3057,1760,200,1560,0,200,True,True,0.9999961019951937,0.0001220703125,0.0,0,True
MOT20-05,3058,1772,201,1571,0,201,True,True,0.9999973174382608,0.0001220703125,0.0,0,True
MOT20-05,3059,1769,199,1570,0,199,True,True,0.999997534535001,0.0001220703125,0.0,0,True
MOT20-05,3060,1771,201,1570,0,201,True,True,0.9999964105408059,0.0001220703125,0.0,0,True
MOT20-05,3061,1765,204,1561,0,204,True,True,0.999996975525956,0.0001220703125,0.0,0,True
MOT20-05,3062,1766,203,1563,0,203,True,True,0.9999916503849172,0.0001220703125,0.0,0,True
MOT20-05,3063,1764,199,1565,0,199,True,True,0.9999973361037854,0.0001220703125,0.0,0,True
MOT20-05,3064,1775,203,1572,0,203,True,True,0.9999961485874944,0.0001220703125,0.0,0,True
MOT20-05,3065,1766,202,1564,0,202,True,True,0.9999971035145954,0.0001220703125,0.0,0,True
MOT20-05,3066,1762,201,1561,0,201,True,True,0.9999959621736427,0.0001220703125,0.0,0,True
MOT20-05,3067,1770,200,1570,0,200,True,True,0.9999959037294496,0.0001220703125,0.0,0,True
MOT20-05,3068,1766,202,1564,0,202,True,True,0.9999957230937314,0.0001220703125,0.0,0,True
MOT20-05,3069,1782,201,1581,0,201,True,True,0.9999954109705338,0.0001220703125,0.0,0,True
MOT20-05,3070,1780,200,1580,0,200,True,True,0.9999962420707693,0.0001220703125,0.0,0,True
MOT20-05,3071,1774,202,1572,0,202,True,True,0.9999928363683253,0.0001220703125,0.0,0,True
MOT20-05,3072,1802,201,1601,0,201,True,True,0.9999953808596682,0.0001220703125,0.0,0,True
MOT20-05,3073,1787,202,1585,0,202,True,True,0.9999928042224148,0.0001220703125,0.0,0,True
MOT20-05,3074,1787,202,1585,0,202,True,True,0.999997275553267,0.0001220703125,0.0,0,True
MOT20-05,3075,1774,203,1571,0,203,True,True,0.9999964245362624,0.0001220703125,0.0,0,True
MOT20-05,3076,1818,205,1613,0,205,True,True,0.9999968020620305,0.0001220703125,0.0,0,True
MOT20-05,3077,1805,204,1601,0,204,True,True,0.9999975262893598,0.0001220703125,0.0,0,True
MOT20-05,3078,1791,201,1590,0,201,True,True,0.9999971061459741,0.0001220703125,0.0,0,True
MOT20-05,3079,1794,204,1590,0,204,True,True,0.9999972512430334,0.0001220703125,0.0,0,True
MOT20-05,3080,1834,212,1622,0,212,True,True,0.9999970157004002,0.0001220703125,0.0,0,True
MOT20-05,3081,1822,213,1609,0,213,True,True,0.9999970560614223,0.0001220703125,0.0,0,True
MOT20-05,3082,1821,207,1614,0,207,True,True,0.999996758078059,0.0001220703125,0.0,0,True
MOT20-05,3083,1843,208,1635,0,208,True,True,0.9999953446893937,0.0001220703125,0.0,0,True
MOT20-05,3084,1829,207,1622,0,207,True,True,0.9999969289032442,0.0001220703125,0.0,0,True
MOT20-05,3085,1819,204,1615,0,204,True,True,0.9999902114071634,0.0001220703125,0.0,0,True
MOT20-05,3086,1826,205,1621,0,205,True,True,0.9999972637673545,0.0001220703125,0.0,0,True
MOT20-05,3087,1832,207,1625,0,207,True,True,0.9999947266284172,0.0001220703125,0.0,0,True
MOT20-05,3088,1808,207,1601,0,207,True,True,0.9999929879074879,0.0001220703125,0.0,0,True
MOT20-05,3089,1816,207,1609,0,207,True,True,0.9999973619369714,0.0001220703125,0.0,0,True
MOT20-05,3090,1814,205,1609,0,205,True,True,0.9999970861016865,0.0001220703125,0.0,0,True
MOT20-05,3091,1835,207,1628,0,207,True,True,0.99999533584265,0.0001220703125,0.0,0,True
MOT20-05,3092,1812,205,1607,0,205,True,True,0.9999973367352102,0.0001220703125,0.0,0,True
MOT20-05,3093,1809,204,1605,0,204,True,True,0.9999975914409446,0.0001220703125,0.0,0,True
MOT20-05,3094,1816,206,1610,0,206,True,True,0.9999974793495714,0.0001220703125,0.0,0,True
MOT20-05,3095,1813,203,1610,0,203,True,True,0.999995640032351,0.0001220703125,0.0,0,True
MOT20-05,3096,1830,204,1626,0,204,True,True,0.9999946806458015,0.0001220703125,0.0,0,True
MOT20-05,3097,1833,205,1628,0,205,True,True,0.9999964032270248,0.0001220703125,0.0,0,True
MOT20-05,3098,1830,211,1619,0,211,True,True,0.9999972706455196,0.0001220703125,0.0,0,True
MOT20-05,3099,1846,210,1636,0,210,True,True,0.9999973593525132,0.0001220703125,0.0,0,True
MOT20-05,3100,1852,209,1643,0,209,True,True,0.9999948671358104,0.0001220703125,0.0,0,True
MOT20-05,3101,1841,208,1633,0,208,True,True,0.999996634424453,0.0001220703125,0.0,0,True
MOT20-05,3102,1857,210,1647,0,210,True,True,0.999994781528699,0.0001220703125,0.0,0,True
MOT20-05,3103,1853,211,1642,0,211,True,True,0.9999949401546795,0.0001220703125,0.0,0,True
MOT20-05,3104,1821,206,1615,0,206,True,True,0.9999962057327584,0.0001220703125,0.0,0,True
MOT20-05,3105,1828,206,1622,0,206,True,True,0.9999966610572426,0.0001220703125,0.0,0,True
MOT20-05,3106,1820,203,1617,0,203,True,True,0.9999952106935635,0.0001220703125,0.0,0,True
MOT20-05,3107,1845,208,1637,0,208,True,True,0.9999974470453379,0.0001220703125,0.0,0,True
MOT20-05,3108,1822,204,1618,0,204,True,True,0.9999939363621204,0.0001220703125,0.0,0,True
MOT20-05,3109,1832,205,1627,0,205,True,True,0.9999971549850353,0.0001220703125,0.0,0,True
MOT20-05,3110,1851,208,1643,0,208,True,True,0.9999957182799474,0.0001220703125,0.0,0,True
MOT20-05,3111,1854,209,1645,0,209,True,True,0.9999972681551579,0.0001220703125,0.0,0,True
MOT20-05,3112,1843,206,1637,0,206,True,True,0.9999958367506672,0.0001220703125,0.0,0,True
MOT20-05,3113,1821,208,1613,0,208,True,True,0.9999970653832609,0.0001220703125,0.0,0,True
MOT20-05,3114,1832,206,1626,0,206,True,True,0.9999971457277252,0.0001220703125,0.0,0,True
MOT20-05,3115,1782,202,1580,0,202,True,True,0.9999971846212753,0.0001220703125,0.0,0,True
MOT20-05,3116,1814,208,1606,0,208,True,True,0.9999973110545237,0.0001220703125,0.0,0,True
MOT20-05,3117,1793,204,1589,0,204,True,True,0.999997299734834,0.0001220703125,0.0,0,True
MOT20-05,3118,1807,205,1602,0,205,True,True,0.9999955238244443,0.0001220703125,0.0,0,True
MOT20-05,3119,1775,202,1573,0,202,True,True,0.999997390825621,0.0001220703125,0.0,0,True
MOT20-05,3120,1775,201,1574,0,201,True,True,0.9999973023280908,0.0001220703125,0.0,0,True
MOT20-05,3121,1797,202,1595,0,202,True,True,0.9999973878540437,0.0001220703125,0.0,0,True
MOT20-05,3122,1795,201,1594,0,201,True,True,0.9999956363509421,0.0001220703125,0.0,0,True
MOT20-05,3123,1781,200,1581,0,200,True,True,0.999997140119829,0.0001220703125,0.0,0,True
MOT20-05,3124,1799,205,1594,0,205,True,True,0.9999946741087121,0.0001220703125,0.0,0,True
MOT20-05,3125,1796,202,1594,0,202,True,True,0.9999951727666805,0.0001220703125,0.0,0,True
MOT20-05,3126,1803,208,1595,0,208,True,True,0.999995113226541,0.0001220703125,0.0,0,True
MOT20-05,3127,1836,211,1625,0,211,True,True,0.9999972945823096,0.0001220703125,0.0,0,True
MOT20-05,3128,1785,204,1581,0,204,True,True,0.9999975331154377,0.0001220703125,0.0,0,True
MOT20-05,3129,1819,208,1611,0,208,True,True,0.999996645938567,0.0001220703125,0.0,0,True
MOT20-05,3130,1810,207,1603,0,207,True,True,0.9999976525435864,0.0001220703125,0.0,0,True
MOT20-05,3131,1795,208,1587,0,208,True,True,0.9999963772709982,0.0001220703125,0.0,0,True
MOT20-05,3132,1791,204,1587,0,204,True,True,0.9999964906247039,0.0001220703125,0.0,0,True
MOT20-05,3133,1805,206,1599,0,206,True,True,0.9999959510399754,0.0001220703125,0.0,0,True
MOT20-05,3134,1784,202,1582,0,202,True,True,0.9999968663727324,0.0001220703125,0.0,0,True
MOT20-05,3135,1773,203,1570,0,203,True,True,0.9999960931548165,0.0001220703125,0.0,0,True
MOT20-05,3136,1785,201,1584,0,201,True,True,0.9999973868970866,0.0001220703125,0.0,0,True
MOT20-05,3137,1789,202,1587,0,202,True,True,0.9999965823382725,0.0001220703125,0.0,0,True
MOT20-05,3138,1805,203,1602,0,203,True,True,0.9999964816197655,0.0001220703125,0.0,0,True
MOT20-05,3139,1793,207,1586,0,207,True,True,0.9999958490378069,0.0001220703125,0.0,0,True
MOT20-05,3140,1781,204,1577,0,204,True,True,0.9999974110501557,0.0001220703125,0.0,0,True
MOT20-05,3141,1771,204,1567,0,204,True,True,0.9999975428677437,0.0001220703125,0.0,0,True
MOT20-05,3142,1782,205,1577,0,205,True,True,0.9999974384977381,0.0001220703125,0.0,0,True
MOT20-05,3143,1774,206,1568,0,206,True,True,0.9999973391092402,0.0001220703125,0.0,0,True
MOT20-05,3144,1793,208,1585,0,208,True,True,0.9999975654016364,0.0001220703125,0.0,0,True
MOT20-05,3145,1795,204,1591,0,204,True,True,0.9999952494663734,0.0001220703125,0.0,0,True
MOT20-05,3146,1788,203,1585,0,203,True,True,0.9999948618743368,0.0001220703125,0.0,0,True
MOT20-05,3147,1836,211,1625,0,211,True,True,0.9999952358059723,0.0001220703125,0.0,0,True
MOT20-05,3148,1809,213,1596,0,213,True,True,0.9999934026930207,0.0001220703125,0.0,0,True
MOT20-05,3149,1816,205,1611,0,205,True,True,0.9999972655555708,0.0001220703125,0.0,0,True
MOT20-05,3150,1820,209,1611,0,209,True,True,0.9999957787383493,0.0001220703125,0.0,0,True
MOT20-05,3151,1822,212,1610,0,212,True,True,0.9999957284124645,0.0001220703125,0.0,0,True
MOT20-05,3152,1833,207,1626,0,207,True,True,0.9999951587213215,0.0001220703125,0.0,0,True
MOT20-05,3153,1819,208,1611,0,208,True,True,0.9999972160278843,0.0001220703125,0.0,0,True
MOT20-05,3154,1813,211,1602,0,211,True,True,0.9999972727371901,0.0001220703125,0.0,0,True
MOT20-05,3155,1816,210,1606,0,210,True,True,0.9999967391127126,0.0001220703125,0.0,0,True
MOT20-05,3156,1810,208,1602,0,208,True,True,0.9999976015100892,0.0001220703125,0.0,0,True
MOT20-05,3157,1805,209,1596,0,209,True,True,0.9999962287916672,0.0001220703125,0.0,0,True
MOT20-05,3158,1787,203,1584,0,203,True,True,0.9999960604950382,0.0001220703125,0.0,0,True
MOT20-05,3159,1797,206,1591,0,206,True,True,0.9999968353629206,0.0001220703125,0.0,0,True
MOT20-05,3160,1808,210,1598,0,210,True,True,0.9999951814820294,0.0001220703125,0.0,0,True
MOT20-05,3161,1828,211,1617,0,211,True,True,0.9999974808925701,0.0001220703125,0.0,0,True
MOT20-05,3162,1840,211,1629,0,211,True,True,0.9999968072435733,0.0001220703125,0.0,0,True
MOT20-05,3163,1824,208,1616,0,208,True,True,0.9999959700656477,0.0001220703125,0.0,0,True
MOT20-05,3164,1822,206,1616,0,206,True,True,0.9999922662871992,0.0001220703125,0.0,0,True
MOT20-05,3165,1810,208,1602,0,208,True,True,0.999992402687929,0.0001220703125,0.0,0,True
MOT20-05,3166,1828,213,1615,0,213,True,True,0.9999972211718934,0.0001220703125,0.0,0,True
MOT20-05,3167,1830,217,1613,0,217,True,True,0.9999964429647178,0.0001220703125,0.0,0,True
MOT20-05,3168,1835,213,1622,0,213,True,True,0.9999966016101571,0.0001220703125,0.0,0,True
MOT20-05,3169,1817,216,1601,0,216,True,True,0.999996076554273,0.0001220703125,0.0,0,True
MOT20-05,3170,1837,219,1618,0,219,True,True,0.9999958573263185,0.0001220703125,0.0,0,True
MOT20-05,3171,1816,211,1605,0,211,True,True,0.9999965931583806,0.0001220703125,0.0,0,True
MOT20-05,3172,1793,207,1586,0,207,True,True,0.999995438330794,0.0001220703125,0.0,0,True
MOT20-05,3173,1805,208,1597,0,208,True,True,0.9999973610458703,0.0001220703125,0.0,0,True
MOT20-05,3174,1795,205,1590,0,205,True,True,0.9999954629698945,0.0001220703125,0.0,0,True
MOT20-05,3175,1824,208,1616,0,208,True,True,0.9999958685539112,0.0001220703125,0.0,0,True
MOT20-05,3176,1814,207,1607,0,207,True,True,0.9999971536974893,0.0001220703125,0.0,0,True
MOT20-05,3177,1818,208,1610,0,208,True,True,0.9999918885157606,0.0001220703125,0.0,0,True
MOT20-05,3178,1765,201,1564,0,201,True,True,0.9999969914668329,0.0001220703125,0.0,0,True
MOT20-05,3179,1797,202,1595,0,202,True,True,0.9999970456652798,0.0001220703125,0.0,0,True
MOT20-05,3180,1780,209,1571,0,209,True,True,0.9999930556520048,0.0001220703125,0.0,0,True
MOT20-05,3181,1791,205,1586,0,205,True,True,0.9999963969936515,0.0001220703125,0.0,0,True
MOT20-05,3182,1766,201,1565,0,201,True,True,0.9999973434283058,0.0001220703125,0.0,0,True
MOT20-05,3183,1776,201,1575,0,201,True,True,0.9999936180532509,0.0001220703125,0.0,0,True
MOT20-05,3184,1768,201,1567,0,201,True,True,0.9999973421185175,0.0001220703125,0.0,0,True
MOT20-05,3185,1755,204,1551,0,204,True,True,0.9999951919031649,0.0001220703125,0.0,0,True
MOT20-05,3186,1781,205,1576,0,205,True,True,0.9999956122453457,0.0001220703125,0.0,0,True
MOT20-05,3187,1775,202,1573,0,202,True,True,0.9999950486960741,0.0001220703125,0.0,0,True
MOT20-05,3188,1775,201,1574,0,201,True,True,0.999992614413649,0.0001220703125,0.0,0,True
MOT20-05,3189,1799,205,1594,0,205,True,True,0.999996062108426,0.0001220703125,0.0,0,True
MOT20-05,3190,1793,205,1588,0,205,True,True,0.999996044663658,0.0001220703125,0.0,0,True
MOT20-05,3191,1769,204,1565,0,204,True,True,0.9999975500884418,0.0001220703125,0.0,0,True
MOT20-05,3192,1742,205,1537,0,205,True,True,0.9999967621508384,0.0001220703125,0.0,0,True
MOT20-05,3193,1744,201,1543,0,201,True,True,0.9999967481366823,0.0001220703125,0.0,0,True
MOT20-05,3194,1742,198,1544,0,198,True,True,0.9999975805883224,0.0001220703125,0.0,0,True
MOT20-05,3195,1763,204,1559,0,204,True,True,0.9999973288386592,0.0001220703125,0.0,0,True
MOT20-05,3196,1733,199,1534,0,199,True,True,0.9999951992203534,0.0001220703125,0.0,0,True
MOT20-05,3197,1767,205,1562,0,205,True,True,0.99999597447202,0.0001220703125,0.0,0,True
MOT20-05,3198,1771,209,1562,0,209,True,True,0.9999972225732581,0.0001220703125,0.0,0,True
MOT20-05,3199,1748,202,1546,0,202,True,True,0.9999971919224114,0.0001220703125,0.0,0,True
MOT20-05,3200,1755,200,1555,0,200,True,True,0.9999965770710131,0.0001220703125,0.0,0,True
MOT20-05,3201,1754,204,1550,0,204,True,True,0.9999974056095909,0.0001220703125,0.0,0,True
MOT20-05,3202,1754,203,1551,0,203,True,True,0.9999967627168576,0.0001220703125,0.0,0,True
MOT20-05,3203,1735,199,1536,0,199,True,True,0.9999975561564696,0.0001220703125,0.0,0,True
MOT20-05,3204,1754,201,1553,0,201,True,True,0.9999967130672014,0.0001220703125,0.0,0,True
MOT20-05,3205,1766,204,1562,0,204,True,True,0.999997621887199,0.0001220703125,0.0,0,True
MOT20-05,3206,1765,203,1562,0,203,True,True,0.9999975619389412,0.0001220703125,0.0,0,True
MOT20-05,3207,1777,205,1572,0,205,True,True,0.9999962444981898,0.0001220703125,0.0,0,True
MOT20-05,3208,1774,206,1568,0,206,True,True,0.9999974590074375,0.0001220703125,0.0,0,True
MOT20-05,3209,1762,209,1553,0,209,True,True,0.9999965855040991,0.0001220703125,0.0,0,True
MOT20-05,3210,1758,204,1554,0,204,True,True,0.9999962859155912,0.0001220703125,0.0,0,True
MOT20-05,3211,1779,210,1569,0,210,True,True,0.9999956267998452,0.0001220703125,0.0,0,True
MOT20-05,3212,1753,202,1551,0,202,True,True,0.999997015443913,0.0001220703125,0.0,0,True
MOT20-05,3213,1770,203,1567,0,203,True,True,0.9999968713531711,0.0001220703125,0.0,0,True
MOT20-05,3214,1738,200,1538,0,200,True,True,0.9999959292255148,0.0001220703125,0.0,0,True
MOT20-05,3215,1757,198,1559,0,198,True,True,0.9999962878132621,0.0001220703125,0.0,0,True
MOT20-05,3216,1737,201,1536,0,201,True,True,0.9999975737401039,0.0001220703125,0.0,0,True
MOT20-05,3217,1731,201,1530,0,201,True,True,0.9999975237043403,0.0001220703125,0.0,0,True
MOT20-05,3218,1738,197,1541,0,197,True,True,0.9999972550969297,0.0001220703125,0.0,0,True
MOT20-05,3219,1729,195,1534,0,195,True,True,0.9999957231052822,0.0001220703125,0.0,0,True
MOT20-05,3220,1739,197,1542,0,197,True,True,0.999995748642692,0.0001220703125,0.0,0,True
MOT20-05,3221,1753,201,1552,0,201,True,True,0.9999964807939329,0.0001220703125,0.0,0,True
MOT20-05,3222,1763,199,1564,0,199,True,True,0.9999959585345647,0.0001220703125,0.0,0,True
MOT20-05,3223,1736,202,1534,0,202,True,True,0.9999973974035214,0.0001220703125,0.0,0,True
MOT20-05,3224,1751,202,1549,0,202,True,True,0.9999960544641765,0.0001220703125,0.0,0,True
MOT20-05,3225,1738,197,1541,0,197,True,True,0.9999950301915861,0.0001220703125,0.0,0,True
MOT20-05,3226,1743,199,1544,0,199,True,True,0.9999964757709251,0.0001220703125,0.0,0,True
MOT20-05,3227,1730,198,1532,0,198,True,True,0.9999965631782353,0.0001220703125,0.0,0,True
MOT20-05,3228,1761,203,1558,0,203,True,True,0.9999954172060997,0.0001220703125,0.0,0,True
MOT20-05,3229,1763,205,1558,0,205,True,True,0.9999961423473817,0.0001220703125,0.0,0,True
MOT20-05,3230,1743,199,1544,0,199,True,True,0.9999960233666972,0.0001220703125,0.0,0,True
MOT20-05,3231,1765,198,1567,0,198,True,True,0.9999945917665662,0.0001220703125,0.0,0,True
MOT20-05,3232,1770,204,1566,0,204,True,True,0.9999973379121245,0.0001220703125,0.0,0,True
MOT20-05,3233,1765,200,1565,0,200,True,True,0.9999954542121827,0.0001220703125,0.0,0,True
MOT20-05,3234,1757,202,1555,0,202,True,True,0.9999917333353336,0.0001220703125,0.0,0,True
MOT20-05,3235,1762,204,1558,0,204,True,True,0.9999976565575768,0.0001220703125,0.0,0,True
MOT20-05,3236,1768,203,1565,0,203,True,True,0.9999903599591262,0.0001220703125,0.0,0,True
MOT20-05,3237,1772,201,1571,0,201,True,True,0.9999965831940985,0.0001220703125,0.0,0,True
MOT20-05,3238,1745,198,1547,0,198,True,True,0.999990923365979,0.0001220703125,0.0,0,True
MOT20-05,3239,1766,202,1564,0,202,True,True,0.9999972763769276,0.0001220703125,0.0,0,True
MOT20-05,3240,1746,197,1549,0,197,True,True,0.9999975654172388,0.0001220703125,0.0,0,True
MOT20-05,3241,1755,201,1554,0,201,True,True,0.9999946791246096,0.0001220703125,0.0,0,True
MOT20-05,3242,1757,196,1561,0,196,True,True,0.999997253376091,0.0001220703125,0.0,0,True
MOT20-05,3243,1762,202,1560,0,202,True,True,0.9999973655092471,0.0001220703125,0.0,0,True
MOT20-05,3244,1770,206,1564,0,206,True,True,0.9999970633494262,0.0001220703125,0.0,0,True
MOT20-05,3245,1748,198,1550,0,198,True,True,0.9999928961127529,0.0001220703125,0.0,0,True
MOT20-05,3246,1756,199,1557,0,199,True,True,0.999996113244508,0.0001220703125,0.0,0,True
MOT20-05,3247,1762,201,1561,0,201,True,True,0.9999974125349688,0.0001220703125,0.0,0,True
MOT20-05,3248,1747,201,1546,0,201,True,True,0.9999967626539763,0.0001220703125,0.0,0,True
MOT20-05,3249,1754,201,1553,0,201,True,True,0.9999918067504899,0.0001220703125,0.0,0,True
MOT20-05,3250,1732,200,1532,0,200,True,True,0.9999975581347079,0.0001220703125,0.0,0,True
MOT20-05,3251,1756,197,1559,0,197,True,True,0.9999970759293427,0.0001220703125,0.0,0,True
MOT20-05,3252,1743,202,1541,0,202,True,True,0.9999975088164735,0.0001220703125,0.0,0,True
MOT20-05,3253,1753,199,1554,0,199,True,True,0.9999961309892287,0.0001220703125,0.0,0,True
MOT20-05,3254,1756,199,1557,0,199,True,True,0.9999970578456958,0.0001220703125,0.0,0,True
MOT20-05,3255,1753,203,1550,0,203,True,True,0.9999952719682087,0.0001220703125,0.0,0,True
MOT20-05,3256,1772,200,1572,0,200,True,True,0.999997309368778,0.0001220703125,0.0,0,True
MOT20-05,3257,1766,200,1566,0,200,True,True,0.9999962444276695,0.0001220703125,0.0,0,True
MOT20-05,3258,1733,203,1530,0,203,True,True,0.9999973653565463,0.0001220703125,0.0,0,True
MOT20-05,3259,1749,204,1545,0,204,True,True,0.9999966837288816,0.0001220703125,0.0,0,True
MOT20-05,3260,1721,196,1525,0,196,True,True,0.9999977318296877,0.0001220703125,0.0,0,True
MOT20-05,3261,1729,197,1532,0,197,True,True,0.999996498065271,0.0001220703125,0.0,0,True
MOT20-05,3262,1745,201,1544,0,201,True,True,0.9999951769806934,0.0001220703125,0.0,0,True
MOT20-05,3263,1733,198,1535,0,198,True,True,0.9999975131140844,0.0001220703125,0.0,0,True
MOT20-05,3264,1722,195,1527,0,195,True,True,0.9999965277355801,0.0001220703125,0.0,0,True
MOT20-05,3265,1749,199,1550,0,199,True,True,0.999996105873511,0.0001220703125,0.0,0,True
MOT20-05,3266,1745,200,1545,0,200,True,True,0.9999974314452744,0.0001220703125,0.0,0,True
MOT20-05,3267,1760,202,1558,0,202,True,True,0.9999974892477033,0.0001220703125,0.0,0,True
MOT20-05,3268,1736,202,1534,0,202,True,True,0.9999971053984756,0.0001220703125,0.0,0,True
MOT20-05,3269,1734,201,1533,0,201,True,True,0.9999974658436329,0.0001220703125,0.0,0,True
MOT20-05,3270,1759,203,1556,0,203,True,True,0.9999947053248548,0.0001220703125,0.0,0,True
MOT20-05,3271,1750,199,1551,0,199,True,True,0.9999950354099386,0.0001220703125,0.0,0,True
MOT20-05,3272,1714,195,1519,0,195,True,True,0.999997189215018,0.0001220703125,0.0,0,True
MOT20-05,3273,1745,198,1547,0,198,True,True,0.9999966610126481,0.0001220703125,0.0,0,True
MOT20-05,3274,1742,196,1546,0,196,True,True,0.9999972549041138,0.0001220703125,0.0,0,True
MOT20-05,3275,1733,195,1538,0,195,True,True,0.9999958755658208,0.0001220703125,0.0,0,True
MOT20-05,3276,1723,195,1528,0,195,True,True,0.999995081910776,0.0001220703125,0.0,0,True
MOT20-05,3277,1730,196,1534,0,196,True,True,0.9999957268154378,0.0001220703125,0.0,0,True
MOT20-05,3278,1697,192,1505,0,192,True,True,0.9999969175865918,0.0001220703125,0.0,0,True
MOT20-05,3279,1722,194,1528,0,194,True,True,0.9999974622574236,0.0001220703125,0.0,0,True
MOT20-05,3280,1726,194,1532,0,194,True,True,0.9999974576261639,0.0001220703125,0.0,0,True
MOT20-05,3281,1711,192,1519,0,192,True,True,0.9999973874923584,0.0001220703125,0.0,0,True
MOT20-05,3282,1711,193,1518,0,193,True,True,0.999997670263004,0.0001220703125,0.0,0,True
MOT20-05,3283,1736,197,1539,0,197,True,True,0.9999976673991033,0.0001220703125,0.0,0,True
MOT20-05,3284,1722,195,1527,0,195,True,True,0.9999959956753294,0.0001220703125,0.0,0,True
MOT20-05,3285,1723,195,1528,0,195,True,True,0.9999957095907808,0.0001220703125,0.0,0,True
MOT20-05,3286,1731,197,1534,0,197,True,True,0.9999969868718004,0.0001220703125,0.0,0,True
MOT20-05,3287,1722,197,1525,0,197,True,True,0.9999975078076168,0.0001220703125,0.0,0,True
MOT20-05,3288,1721,195,1526,0,195,True,True,0.9999968055098566,0.0001220703125,0.0,0,True
MOT20-05,3289,1717,192,1525,0,192,True,True,0.9999964585911921,0.0001220703125,0.0,0,True
MOT20-05,3290,1706,190,1516,0,190,True,True,0.9999973163512037,0.0001220703125,0.0,0,True
MOT20-05,3291,1720,192,1528,0,192,True,True,0.9999976617485444,0.0001220703125,0.0,0,True
MOT20-05,3292,1731,194,1537,0,194,True,True,0.9999956085650548,0.0001220703125,0.0,0,True
MOT20-05,3293,1720,194,1526,0,194,True,True,0.9999963380560204,0.0001220703125,0.0,0,True
MOT20-05,3294,1711,193,1518,0,193,True,True,0.9999960005279304,0.0001220703125,0.0,0,True
MOT20-05,3295,1697,193,1504,0,193,True,True,0.9999973614908626,0.0001220703125,0.0,0,True
MOT20-05,3296,1710,193,1517,0,193,True,True,0.9999970633120965,0.0001220703125,0.0,0,True
MOT20-05,3297,1716,193,1523,0,193,True,True,0.9999963370701322,0.0001220703125,0.0,0,True
MOT20-05,3298,1749,197,1552,0,197,True,True,0.9999948026838941,0.0001220703125,0.0,0,True
MOT20-05,3299,1721,196,1525,0,196,True,True,0.9999967918810058,0.0001220703125,0.0,0,True
MOT20-05,3300,1719,195,1524,0,195,True,True,0.999997057992845,0.0001220703125,0.0,0,True
MOT20-05,3301,1703,196,1507,0,196,True,True,0.9999953684298283,0.0001220703125,0.0,0,True
MOT20-05,3302,1695,193,1502,0,193,True,True,0.9999970233488517,0.0001220703125,0.0,0,True
MOT20-05,3303,1694,191,1503,0,191,True,True,0.9999955465173934,0.0001220703125,0.0,0,True
MOT20-05,3304,1699,194,1505,0,194,True,True,0.9999943226519701,0.0001220703125,0.0,0,True
MOT20-05,3305,1719,192,1527,0,192,True,True,0.9999972222608019,0.0001220703125,0.0,0,True
MOT20-05,3306,1705,193,1512,0,193,True,True,0.9999951681710256,0.0001220703125,0.0,0,True
MOT20-05,3307,1728,195,1533,0,195,True,True,0.9999976477701709,0.0001220703125,0.0,0,True
MOT20-05,3308,1732,196,1536,0,196,True,True,0.9999975078437178,0.0001220703125,0.0,0,True
MOT20-05,3309,1740,199,1541,0,199,True,True,0.9999971083807799,0.0001220703125,0.0,0,True
MOT20-05,3310,1712,198,1514,0,198,True,True,0.9999913251674243,0.0001220703125,0.0,0,True
MOT20-05,3311,1727,200,1527,0,200,True,True,0.9999977138781314,0.0001220703125,0.0,0,True
MOT20-05,3312,1752,203,1549,0,203,True,True,0.9999958805525003,0.0001220703125,0.0,0,True
MOT20-05,3313,1760,202,1558,0,202,True,True,0.9999968899122229,0.0001220703125,0.0,0,True
MOT20-05,3314,1755,203,1552,0,203,True,True,0.9999944098163625,0.0001220703125,0.0,0,True
MOT20-05,3315,1755,205,1550,0,205,True,True,0.9999976177771002,0.0001220703125,0.0,0,True
