seq,canonical_rank,u,v,boundary_frame,transaction_type,full_idtp_delta_norm,h300_idtp_delta_norm,h120_idtp_delta_norm,full_donor_minus_receiver_support_frac,full_row_net,h60_idtp_delta_norm,h300_donor_minus_receiver_support_frac,h300_pairwise_net_norm,full_pairwise_net_norm,h300_row_net,h120_donor_minus_receiver_support_frac,h120_pairwise_net_norm,h120_row_net,delta_HOTA,delta_AssA,source_center_resid_20_h120_std,source_center_resid_20_full_mean,motion_margin_20_full_q25,velocity_margin_20_h60,motion_source_win_fraction_20_h120,mean_target_mean,mean_target_q25,mean_positive_fraction,prediction_dispersion,source_stability_rank,source_residual_rank,transfer_margin_rank,velocity_margin_rank,source_win_fraction_rank,motion_median,motion_q25,motion_min,motion_mean,candidate_stability,seed_choice_count,rank_start,rank_end,outer_held_out_seq,inner_held_out_seq,gate_config,eligible_gate
MOT20-02,22,223,371,2107,u_to_v,-0.016903313049,-0.035087719298,-0.082397003745,-0.892857142857,-0.892857142857,-0.148648648649,-0.785714285714,-0.533865967088,-0.76090381018,-0.785714285714,-0.785714285714,-0.719964136282,-0.785714285714,-0.015253,-0.03018,0.094801984009,0.193639538839,0.026365292203,0.641136223945,0.769230769231,1.102637418898,0.949459908472,1.0,0.050050508701,0.789473684211,0.947368421053,0.947368421053,0.789473684211,0.947368421053,0.947368421053,0.789473684211,0.789473684211,0.884210526316,1.0,5,21,40,MOT20-01,MOT20-02,stable080_no_motion_veto,0
MOT20-02,56,214,246,1536,v_to_u,0.346153846154,0.336134453782,0.256797583082,0.0,0.0,0.3,0.0,0.537816210635,0.552801623225,0.0,0.0,0.323854660348,0.0,0.05033,0.10592,0.050920161458,1.499066055218,0.856280553428,0.792082567802,1.0,0.579667658746,0.451140694937,0.892307692308,0.070844852671,0.866666666667,0.8,1.0,0.928571428571,1.0,0.928571428571,0.866666666667,0.8,0.919047619048,1.0,5,41,60,MOT20-01,MOT20-02,stable080_no_motion_veto,0
MOT20-02,62,223,371,2236,u_to_v,-0.016903313049,-0.035087719298,-0.082397003745,-0.892857142857,-0.892857142857,-0.148648648649,-0.785714285714,-0.533865967088,-0.76090381018,-0.785714285714,-0.785714285714,-0.719964136282,-0.785714285714,-0.015253,-0.03018,0.094801984009,0.193639538839,0.026365292203,0.641136223945,0.769230769231,0.983997788965,0.804276346828,0.984615384615,0.040365485609,0.888888888889,0.888888888889,0.944444444444,0.944444444444,0.944444444444,0.944444444444,0.888888888889,0.888888888889,0.922222222222,1.0,5,61,80,MOT20-01,MOT20-02,stable080_no_motion_veto,0
MOT20-02,83,223,371,2154,u_to_v,-0.016903313049,-0.035087719298,-0.082397003745,-0.892857142857,-0.892857142857,-0.148648648649,-0.785714285714,-0.533865967088,-0.76090381018,-0.785714285714,-0.785714285714,-0.719964136282,-0.785714285714,-0.015253,-0.03018,0.094801984009,0.193639538839,0.026365292203,0.641136223945,0.769230769231,1.012303756566,0.863540803385,1.0,0.044533171747,0.705882352941,0.941176470588,0.941176470588,0.941176470588,1.0,0.941176470588,0.941176470588,0.705882352941,0.905882352941,1.0,5,81,100,MOT20-01,MOT20-02,stable080_no_motion_veto,0
MOT20-03,27,355,403,2122,v_to_u,0.001216545012,0.003322259136,0.004132231405,0.666666666667,0.666666666667,0.008196721311,0.666666666667,0.572621035058,0.658338411538,0.666666666667,0.333333333333,0.430962343096,0.333333333333,5.5e-05,0.00012,0.144499933142,0.305500778221,-0.046729386119,0.5463032965,0.583333333333,1.12538466574,0.956283259957,1.0,0.032721914951,0.65625,0.90625,0.96875,0.90625,0.96875,0.90625,0.90625,0.65625,0.88125,1.0,5,21,40,MOT20-01,MOT20-03,stable080_no_motion_veto,0
MOT20-03,50,399,435,1989,v_to_u,-0.146394756009,-0.244823386114,-0.333333333333,-0.851694915254,-0.851694915254,-0.333333333333,-0.909502262443,-0.909502262443,-0.836955711581,-0.909502262443,-1.0,-1.0,-1.0,-0.06296,-0.120037,1.71706127963,13.252341424735,-2.412098674188,-0.330407870672,0.0,0.964155458919,0.761990192087,1.0,0.07024033332,0.307692307692,0.153846153846,0.384615384615,0.461538461538,0.384615384615,0.384615384615,0.307692307692,0.153846153846,0.338461538462,1.0,5,41,60,MOT20-01,MOT20-03,stable080_no_motion_veto,0
MOT20-03,79,270,276,1104,v_to_u,0.0,0.0,0.0,0.0,0.0,-0.327272727273,0.0,-0.253886010363,-0.253886010363,0.0,0.0,-0.375,0.0,-0.00154,-0.003057,0.570012548537,1.136595876729,-0.458984898842,0.208491598449,0.0,0.833115278639,0.554138935023,1.0,0.053577706708,0.416666666667,0.583333333333,0.833333333333,0.916666666667,0.541666666667,0.583333333333,0.541666666667,0.416666666667,0.658333333333,0.8,4,61,80,MOT20-01,MOT20-03,stable080_no_motion_veto,0
MOT20-03,94,131,280,1199,u_to_v,0.0,0.0,0.0,0.0,0.0,0.0,0.0,0.0,0.0,0.0,0.0,0.0,0.0,-0.0001,-0.000124,0.007504444513,0.509181544013,-0.634668679263,0.463526446565,0.0,0.853865839688,0.714485676962,1.0,0.023774955915,0.928571428571,0.857142857143,0.571428571429,0.846153846154,0.285714285714,0.846153846154,0.571428571429,0.285714285714,0.697802197802,1.0,5,81,100,MOT20-01,MOT20-03,stable080_no_motion_veto,0
MOT20-05,28,525,874,1582,v_to_u,0.028806584362,0.057851239669,0.128676470588,1.0,1.0,0.230263157895,1.0,0.975438596491,0.98813559322,1.0,1.0,0.940928270042,1.0,0.005942,0.0097,0.199086622873,0.285029901936,0.405469583515,3.067271150391,0.961538461538,1.590435275289,1.311968576063,1.0,0.035163325426,0.777777777778,0.944444444444,1.0,1.0,1.0,1.0,0.944444444444,0.777777777778,0.944444444444,1.0,5,21,40,MOT20-01,MOT20-05,stable080_no_motion_veto,0
MOT20-05,48,489,806,1198,v_to_u,-0.175693527081,-0.29295154185,-0.444881889764,-1.0,-1.0,-0.404255319149,-1.0,-0.92523364486,-0.961538461538,-1.0,-1.0,-0.829787234043,-1.0,-0.010598,-0.021916,0.4642237171,1.905422693977,1.211139349682,1.576332331879,0.917355371901,1.408764385947,1.203563729566,1.0,0.042603071861,0.538461538462,0.615384615385,0.923076923077,1.0,1.0,0.923076923077,0.615384615385,0.538461538462,0.815384615385,1.0,5,41,60,MOT20-01,MOT20-05,stable080_no_motion_veto,0
MOT20-05,95,225,263,1216,v_to_u,0.0,0.044642857143,0.112359550562,0.0,0.0,0.224719101124,0.133333333333,0.133333333333,0.059512889155,0.133333333333,0.333333333333,0.333333333333,0.333333333333,0.017851,0.0329,0.235904601285,4.963055029899,1.345968536144,0.012141597708,0.628099173554,1.34441691385,1.11849247477,1.0,0.052181002433,0.666666666667,0.5,0.916666666667,0.454545454545,0.833333333333,0.666666666667,0.5,0.454545454545,0.674242424242,1.0,5,81,100,MOT20-01,MOT20-05,stable080_no_motion_veto,0
MOT20-02,22,223,371,2107,u_to_v,-0.016903313049,-0.035087719298,-0.082397003745,-0.892857142857,-0.892857142857,-0.148648648649,-0.785714285714,-0.533865967088,-0.76090381018,-0.785714285714,-0.785714285714,-0.719964136282,-0.785714285714,-0.015253,-0.03018,0.094801984009,0.193639538839,0.026365292203,0.641136223945,0.769230769231,1.102637418898,0.949459908472,1.0,0.050050508701,0.789473684211,0.947368421053,0.947368421053,0.789473684211,0.947368421053,0.947368421053,0.789473684211,0.789473684211,0.884210526316,1.0,5,21,40,MOT20-01,MOT20-02,stable080_motion_min_ge_010,0
MOT20-02,56,214,246,1536,v_to_u,0.346153846154,0.336134453782,0.256797583082,0.0,0.0,0.3,0.0,0.537816210635,0.552801623225,0.0,0.0,0.323854660348,0.0,0.05033,0.10592,0.050920161458,1.499066055218,0.856280553428,0.792082567802,1.0,0.579667658746,0.451140694937,0.892307692308,0.070844852671,0.866666666667,0.8,1.0,0.928571428571,1.0,0.928571428571,0.866666666667,0.8,0.919047619048,1.0,5,41,60,MOT20-01,MOT20-02,stable080_motion_min_ge_010,0
MOT20-02,62,223,371,2236,u_to_v,-0.016903313049,-0.035087719298,-0.082397003745,-0.892857142857,-0.892857142857,-0.148648648649,-0.785714285714,-0.533865967088,-0.76090381018,-0.785714285714,-0.785714285714,-0.719964136282,-0.785714285714,-0.015253,-0.03018,0.094801984009,0.193639538839,0.026365292203,0.641136223945,0.769230769231,0.983997788965,0.804276346828,0.984615384615,0.040365485609,0.888888888889,0.888888888889,0.944444444444,0.944444444444,0.944444444444,0.944444444444,0.888888888889,0.888888888889,0.922222222222,1.0,5,61,80,MOT20-01,MOT20-02,stable080_motion_min_ge_010,0
MOT20-02,83,223,371,2154,u_to_v,-0.016903313049,-0.035087719298,-0.082397003745,-0.892857142857,-0.892857142857,-0.148648648649,-0.785714285714,-0.533865967088,-0.76090381018,-0.785714285714,-0.785714285714,-0.719964136282,-0.785714285714,-0.015253,-0.03018,0.094801984009,0.193639538839,0.026365292203,0.641136223945,0.769230769231,1.012303756566,0.863540803385,1.0,0.044533171747,0.705882352941,0.941176470588,0.941176470588,0.941176470588,1.0,0.941176470588,0.941176470588,0.705882352941,0.905882352941,1.0,5,81,100,MOT20-01,MOT20-02,stable080_motion_min_ge_010,0
MOT20-03,27,355,403,2122,v_to_u,0.001216545012,0.003322259136,0.004132231405,0.666666666667,0.666666666667,0.008196721311,0.666666666667,0.572621035058,0.658338411538,0.666666666667,0.333333333333,0.430962343096,0.333333333333,5.5e-05,0.00012,0.144499933142,0.305500778221,-0.046729386119,0.5463032965,0.583333333333,1.12538466574,0.956283259957,1.0,0.032721914951,0.65625,0.90625,0.96875,0.90625,0.96875,0.90625,0.90625,0.65625,0.88125,1.0,5,21,40,MOT20-01,MOT20-03,stable080_motion_min_ge_010,0
MOT20-03,50,399,435,1989,v_to_u,-0.146394756009,-0.244823386114,-0.333333333333,-0.851694915254,-0.851694915254,-0.333333333333,-0.909502262443,-0.909502262443,-0.836955711581,-0.909502262443,-1.0,-1.0,-1.0,-0.06296,-0.120037,1.71706127963,13.252341424735,-2.412098674188,-0.330407870672,0.0,0.964155458919,0.761990192087,1.0,0.07024033332,0.307692307692,0.153846153846,0.384615384615,0.461538461538,0.384615384615,0.384615384615,0.307692307692,0.153846153846,0.338461538462,1.0,5,41,60,MOT20-01,MOT20-03,stable080_motion_min_ge_010,0
MOT20-03,79,270,276,1104,v_to_u,0.0,0.0,0.0,0.0,0.0,-0.327272727273,0.0,-0.253886010363,-0.253886010363,0.0,0.0,-0.375,0.0,-0.00154,-0.003057,0.570012548537,1.136595876729,-0.458984898842,0.208491598449,0.0,0.833115278639,0.554138935023,1.0,0.053577706708,0.416666666667,0.583333333333,0.833333333333,0.916666666667,0.541666666667,0.583333333333,0.541666666667,0.416666666667,0.658333333333,0.8,4,61,80,MOT20-01,MOT20-03,stable080_motion_min_ge_010,0
MOT20-03,94,131,280,1199,u_to_v,0.0,0.0,0.0,0.0,0.0,0.0,0.0,0.0,0.0,0.0,0.0,0.0,0.0,-0.0001,-0.000124,0.007504444513,0.509181544013,-0.634668679263,0.463526446565,0.0,0.853865839688,0.714485676962,1.0,0.023774955915,0.928571428571,0.857142857143,0.571428571429,0.846153846154,0.285714285714,0.846153846154,0.571428571429,0.285714285714,0.697802197802,1.0,5,81,100,MOT20-01,MOT20-03,stable080_motion_min_ge_010,0
MOT20-05,28,525,874,1582,v_to_u,0.028806584362,0.057851239669,0.128676470588,1.0,1.0,0.230263157895,1.0,0.975438596491,0.98813559322,1.0,1.0,0.940928270042,1.0,0.005942,0.0097,0.199086622873,0.285029901936,0.405469583515,3.067271150391,0.961538461538,1.590435275289,1.311968576063,1.0,0.035163325426,0.777777777778,0.944444444444,1.0,1.0,1.0,1.0,0.944444444444,0.777777777778,0.944444444444,1.0,5,21,40,MOT20-01,MOT20-05,stable080_motion_min_ge_010,0
MOT20-05,48,489,806,1198,v_to_u,-0.175693527081,-0.29295154185,-0.444881889764,-1.0,-1.0,-0.404255319149,-1.0,-0.92523364486,-0.961538461538,-1.0,-1.0,-0.829787234043,-1.0,-0.010598,-0.021916,0.4642237171,1.905422693977,1.211139349682,1.576332331879,0.917355371901,1.408764385947,1.203563729566,1.0,0.042603071861,0.538461538462,0.615384615385,0.923076923077,1.0,1.0,0.923076923077,0.615384615385,0.538461538462,0.815384615385,1.0,5,41,60,MOT20-01,MOT20-05,stable080_motion_min_ge_010,0
MOT20-05,95,225,263,1216,v_to_u,0.0,0.044642857143,0.112359550562,0.0,0.0,0.224719101124,0.133333333333,0.133333333333,0.059512889155,0.133333333333,0.333333333333,0.333333333333,0.333333333333,0.017851,0.0329,0.235904601285,4.963055029899,1.345968536144,0.012141597708,0.628099173554,1.34441691385,1.11849247477,1.0,0.052181002433,0.666666666667,0.5,0.916666666667,0.454545454545,0.833333333333,0.666666666667,0.5,0.454545454545,0.674242424242,1.0,5,81,100,MOT20-01,MOT20-05,stable080_motion_min_ge_010,0
MOT20-02,22,223,371,2107,u_to_v,-0.016903313049,-0.035087719298,-0.082397003745,-0.892857142857,-0.892857142857,-0.148648648649,-0.785714285714,-0.533865967088,-0.76090381018,-0.785714285714,-0.785714285714,-0.719964136282,-0.785714285714,-0.015253,-0.03018,0.094801984009,0.193639538839,0.026365292203,0.641136223945,0.769230769231,1.102637418898,0.949459908472,1.0,0.050050508701,0.789473684211,0.947368421053,0.947368421053,0.789473684211,0.947368421053,0.947368421053,0.789473684211,0.789473684211,0.884210526316,1.0,5,21,40,MOT20-01,MOT20-02,stable080_motion_min_ge_015,0
MOT20-02,56,214,246,1536,v_to_u,0.346153846154,0.336134453782,0.256797583082,0.0,0.0,0.3,0.0,0.537816210635,0.552801623225,0.0,0.0,0.323854660348,0.0,0.05033,0.10592,0.050920161458,1.499066055218,0.856280553428,0.792082567802,1.0,0.579667658746,0.451140694937,0.892307692308,0.070844852671,0.866666666667,0.8,1.0,0.928571428571,1.0,0.928571428571,0.866666666667,0.8,0.919047619048,1.0,5,41,60,MOT20-01,MOT20-02,stable080_motion_min_ge_015,0
MOT20-02,62,223,371,2236,u_to_v,-0.016903313049,-0.035087719298,-0.082397003745,-0.892857142857,-0.892857142857,-0.148648648649,-0.785714285714,-0.533865967088,-0.76090381018,-0.785714285714,-0.785714285714,-0.719964136282,-0.785714285714,-0.015253,-0.03018,0.094801984009,0.193639538839,0.026365292203,0.641136223945,0.769230769231,0.983997788965,0.804276346828,0.984615384615,0.040365485609,0.888888888889,0.888888888889,0.944444444444,0.944444444444,0.944444444444,0.944444444444,0.888888888889,0.888888888889,0.922222222222,1.0,5,61,80,MOT20-01,MOT20-02,stable080_motion_min_ge_015,0
MOT20-02,83,223,371,2154,u_to_v,-0.016903313049,-0.035087719298,-0.082397003745,-0.892857142857,-0.892857142857,-0.148648648649,-0.785714285714,-0.533865967088,-0.76090381018,-0.785714285714,-0.785714285714,-0.719964136282,-0.785714285714,-0.015253,-0.03018,0.094801984009,0.193639538839,0.026365292203,0.641136223945,0.769230769231,1.012303756566,0.863540803385,1.0,0.044533171747,0.705882352941,0.941176470588,0.941176470588,0.941176470588,1.0,0.941176470588,0.941176470588,0.705882352941,0.905882352941,1.0,5,81,100,MOT20-01,MOT20-02,stable080_motion_min_ge_015,0
MOT20-03,27,355,403,2122,v_to_u,0.001216545012,0.003322259136,0.004132231405,0.666666666667,0.666666666667,0.008196721311,0.666666666667,0.572621035058,0.658338411538,0.666666666667,0.333333333333,0.430962343096,0.333333333333,5.5e-05,0.00012,0.144499933142,0.305500778221,-0.046729386119,0.5463032965,0.583333333333,1.12538466574,0.956283259957,1.0,0.032721914951,0.65625,0.90625,0.96875,0.90625,0.96875,0.90625,0.90625,0.65625,0.88125,1.0,5,21,40,MOT20-01,MOT20-03,stable080_motion_min_ge_015,0
MOT20-03,50,399,435,1989,v_to_u,-0.146394756009,-0.244823386114,-0.333333333333,-0.851694915254,-0.851694915254,-0.333333333333,-0.909502262443,-0.909502262443,-0.836955711581,-0.909502262443,-1.0,-1.0,-1.0,-0.06296,-0.120037,1.71706127963,13.252341424735,-2.412098674188,-0.330407870672,0.0,0.964155458919,0.761990192087,1.0,0.07024033332,0.307692307692,0.153846153846,0.384615384615,0.461538461538,0.384615384615,0.384615384615,0.307692307692,0.153846153846,0.338461538462,1.0,5,41,60,MOT20-01,MOT20-03,stable080_motion_min_ge_015,0
MOT20-03,79,270,276,1104,v_to_u,0.0,0.0,0.0,0.0,0.0,-0.327272727273,0.0,-0.253886010363,-0.253886010363,0.0,0.0,-0.375,0.0,-0.00154,-0.003057,0.570012548537,1.136595876729,-0.458984898842,0.208491598449,0.0,0.833115278639,0.554138935023,1.0,0.053577706708,0.416666666667,0.583333333333,0.833333333333,0.916666666667,0.541666666667,0.583333333333,0.541666666667,0.416666666667,0.658333333333,0.8,4,61,80,MOT20-01,MOT20-03,stable080_motion_min_ge_015,0
MOT20-03,94,131,280,1199,u_to_v,0.0,0.0,0.0,0.0,0.0,0.0,0.0,0.0,0.0,0.0,0.0,0.0,0.0,-0.0001,-0.000124,0.007504444513,0.509181544013,-0.634668679263,0.463526446565,0.0,0.853865839688,0.714485676962,1.0,0.023774955915,0.928571428571,0.857142857143,0.571428571429,0.846153846154,0.285714285714,0.846153846154,0.571428571429,0.285714285714,0.697802197802,1.0,5,81,100,MOT20-01,MOT20-03,stable080_motion_min_ge_015,0
MOT20-05,28,525,874,1582,v_to_u,0.028806584362,0.057851239669,0.128676470588,1.0,1.0,0.230263157895,1.0,0.975438596491,0.98813559322,1.0,1.0,0.940928270042,1.0,0.005942,0.0097,0.199086622873,0.285029901936,0.405469583515,3.067271150391,0.961538461538,1.590435275289,1.311968576063,1.0,0.035163325426,0.777777777778,0.944444444444,1.0,1.0,1.0,1.0,0.944444444444,0.777777777778,0.944444444444,1.0,5,21,40,MOT20-01,MOT20-05,stable080_motion_min_ge_015,0
MOT20-05,48,489,806,1198,v_to_u,-0.175693527081,-0.29295154185,-0.444881889764,-1.0,-1.0,-0.404255319149,-1.0,-0.92523364486,-0.961538461538,-1.0,-1.0,-0.829787234043,-1.0,-0.010598,-0.021916,0.4642237171,1.905422693977,1.211139349682,1.576332331879,0.917355371901,1.408764385947,1.203563729566,1.0,0.042603071861,0.538461538462,0.615384615385,0.923076923077,1.0,1.0,0.923076923077,0.615384615385,0.538461538462,0.815384615385,1.0,5,41,60,MOT20-01,MOT20-05,stable080_motion_min_ge_015,0
MOT20-05,95,225,263,1216,v_to_u,0.0,0.044642857143,0.112359550562,0.0,0.0,0.224719101124,0.133333333333,0.133333333333,0.059512889155,0.133333333333,0.333333333333,0.333333333333,0.333333333333,0.017851,0.0329,0.235904601285,4.963055029899,1.345968536144,0.012141597708,0.628099173554,1.34441691385,1.11849247477,1.0,0.052181002433,0.666666666667,0.5,0.916666666667,0.454545454545,0.833333333333,0.666666666667,0.5,0.454545454545,0.674242424242,1.0,5,81,100,MOT20-01,MOT20-05,stable080_motion_min_ge_015,0
MOT20-02,22,223,371,2107,u_to_v,-0.016903313049,-0.035087719298,-0.082397003745,-0.892857142857,-0.892857142857,-0.148648648649,-0.785714285714,-0.533865967088,-0.76090381018,-0.785714285714,-0.785714285714,-0.719964136282,-0.785714285714,-0.015253,-0.03018,0.094801984009,0.193639538839,0.026365292203,0.641136223945,0.769230769231,1.102637418898,0.949459908472,1.0,0.050050508701,0.789473684211,0.947368421053,0.947368421053,0.789473684211,0.947368421053,0.947368421053,0.789473684211,0.789473684211,0.884210526316,1.0,5,21,40,MOT20-01,MOT20-02,stable080_motion_min_ge_020,0
MOT20-02,56,214,246,1536,v_to_u,0.346153846154,0.336134453782,0.256797583082,0.0,0.0,0.3,0.0,0.537816210635,0.552801623225,0.0,0.0,0.323854660348,0.0,0.05033,0.10592,0.050920161458,1.499066055218,0.856280553428,0.792082567802,1.0,0.579667658746,0.451140694937,0.892307692308,0.070844852671,0.866666666667,0.8,1.0,0.928571428571,1.0,0.928571428571,0.866666666667,0.8,0.919047619048,1.0,5,41,60,MOT20-01,MOT20-02,stable080_motion_min_ge_020,0
MOT20-02,62,223,371,2236,u_to_v,-0.016903313049,-0.035087719298,-0.082397003745,-0.892857142857,-0.892857142857,-0.148648648649,-0.785714285714,-0.533865967088,-0.76090381018,-0.785714285714,-0.785714285714,-0.719964136282,-0.785714285714,-0.015253,-0.03018,0.094801984009,0.193639538839,0.026365292203,0.641136223945,0.769230769231,0.983997788965,0.804276346828,0.984615384615,0.040365485609,0.888888888889,0.888888888889,0.944444444444,0.944444444444,0.944444444444,0.944444444444,0.888888888889,0.888888888889,0.922222222222,1.0,5,61,80,MOT20-01,MOT20-02,stable080_motion_min_ge_020,0
MOT20-02,83,223,371,2154,u_to_v,-0.016903313049,-0.035087719298,-0.082397003745,-0.892857142857,-0.892857142857,-0.148648648649,-0.785714285714,-0.533865967088,-0.76090381018,-0.785714285714,-0.785714285714,-0.719964136282,-0.785714285714,-0.015253,-0.03018,0.094801984009,0.193639538839,0.026365292203,0.641136223945,0.769230769231,1.012303756566,0.863540803385,1.0,0.044533171747,0.705882352941,0.941176470588,0.941176470588,0.941176470588,1.0,0.941176470588,0.941176470588,0.705882352941,0.905882352941,1.0,5,81,100,MOT20-01,MOT20-02,stable080_motion_min_ge_020,0
MOT20-03,27,355,403,2122,v_to_u,0.001216545012,0.003322259136,0.004132231405,0.666666666667,0.666666666667,0.008196721311,0.666666666667,0.572621035058,0.658338411538,0.666666666667,0.333333333333,0.430962343096,0.333333333333,5.5e-05,0.00012,0.144499933142,0.305500778221,-0.046729386119,0.5463032965,0.583333333333,1.12538466574,0.956283259957,1.0,0.032721914951,0.65625,0.90625,0.96875,0.90625,0.96875,0.90625,0.90625,0.65625,0.88125,1.0,5,21,40,MOT20-01,MOT20-03,stable080_motion_min_ge_020,0
MOT20-03,79,270,276,1104,v_to_u,0.0,0.0,0.0,0.0,0.0,-0.327272727273,0.0,-0.253886010363,-0.253886010363,0.0,0.0,-0.375,0.0,-0.00154,-0.003057,0.570012548537,1.136595876729,-0.458984898842,0.208491598449,0.0,0.833115278639,0.554138935023,1.0,0.053577706708,0.416666666667,0.583333333333,0.833333333333,0.916666666667,0.541666666667,0.583333333333,0.541666666667,0.416666666667,0.658333333333,0.8,4,61,80,MOT20-01,MOT20-03,stable080_motion_min_ge_020,0
MOT20-03,94,131,280,1199,u_to_v,0.0,0.0,0.0,0.0,0.0,0.0,0.0,0.0,0.0,0.0,0.0,0.0,0.0,-0.0001,-0.000124,0.007504444513,0.509181544013,-0.634668679263,0.463526446565,0.0,0.853865839688,0.714485676962,1.0,0.023774955915,0.928571428571,0.857142857143,0.571428571429,0.846153846154,0.285714285714,0.846153846154,0.571428571429,0.285714285714,0.697802197802,1.0,5,81,100,MOT20-01,MOT20-03,stable080_motion_min_ge_020,0
MOT20-05,28,525,874,1582,v_to_u,0.028806584362,0.057851239669,0.128676470588,1.0,1.0,0.230263157895,1.0,0.975438596491,0.98813559322,1.0,1.0,0.940928270042,1.0,0.005942,0.0097,0.199086622873,0.285029901936,0.405469583515,3.067271150391,0.961538461538,1.590435275289,1.311968576063,1.0,0.035163325426,0.777777777778,0.944444444444,1.0,1.0,1.0,1.0,0.944444444444,0.777777777778,0.944444444444,1.0,5,21,40,MOT20-01,MOT20-05,stable080_motion_min_ge_020,0
MOT20-05,48,489,806,1198,v_to_u,-0.175693527081,-0.29295154185,-0.444881889764,-1.0,-1.0,-0.404255319149,-1.0,-0.92523364486,-0.961538461538,-1.0,-1.0,-0.829787234043,-1.0,-0.010598,-0.021916,0.4642237171,1.905422693977,1.211139349682,1.576332331879,0.917355371901,1.408764385947,1.203563729566,1.0,0.042603071861,0.538461538462,0.615384615385,0.923076923077,1.0,1.0,0.923076923077,0.615384615385,0.538461538462,0.815384615385,1.0,5,41,60,MOT20-01,MOT20-05,stable080_motion_min_ge_020,0
MOT20-05,95,225,263,1216,v_to_u,0.0,0.044642857143,0.112359550562,0.0,0.0,0.224719101124,0.133333333333,0.133333333333,0.059512889155,0.133333333333,0.333333333333,0.333333333333,0.333333333333,0.017851,0.0329,0.235904601285,4.963055029899,1.345968536144,0.012141597708,0.628099173554,1.34441691385,1.11849247477,1.0,0.052181002433,0.666666666667,0.5,0.916666666667,0.454545454545,0.833333333333,0.666666666667,0.5,0.454545454545,0.674242424242,1.0,5,81,100,MOT20-01,MOT20-05,stable080_motion_min_ge_020,0
MOT20-02,22,223,371,2107,u_to_v,-0.016903313049,-0.035087719298,-0.082397003745,-0.892857142857,-0.892857142857,-0.148648648649,-0.785714285714,-0.533865967088,-0.76090381018,-0.785714285714,-0.785714285714,-0.719964136282,-0.785714285714,-0.015253,-0.03018,0.094801984009,0.193639538839,0.026365292203,0.641136223945,0.769230769231,1.102637418898,0.949459908472,1.0,0.050050508701,0.789473684211,0.947368421053,0.947368421053,0.789473684211,0.947368421053,0.947368421053,0.789473684211,0.789473684211,0.884210526316,1.0,5,21,40,MOT20-01,MOT20-02,stable080_motion_min_ge_025,0
MOT20-02,56,214,246,1536,v_to_u,0.346153846154,0.336134453782,0.256797583082,0.0,0.0,0.3,0.0,0.537816210635,0.552801623225,0.0,0.0,0.323854660348,0.0,0.05033,0.10592,0.050920161458,1.499066055218,0.856280553428,0.792082567802,1.0,0.579667658746,0.451140694937,0.892307692308,0.070844852671,0.866666666667,0.8,1.0,0.928571428571,1.0,0.928571428571,0.866666666667,0.8,0.919047619048,1.0,5,41,60,MOT20-01,MOT20-02,stable080_motion_min_ge_025,0
MOT20-02,62,223,371,2236,u_to_v,-0.016903313049,-0.035087719298,-0.082397003745,-0.892857142857,-0.892857142857,-0.148648648649,-0.785714285714,-0.533865967088,-0.76090381018,-0.785714285714,-0.785714285714,-0.719964136282,-0.785714285714,-0.015253,-0.03018,0.094801984009,0.193639538839,0.026365292203,0.641136223945,0.769230769231,0.983997788965,0.804276346828,0.984615384615,0.040365485609,0.888888888889,0.888888888889,0.944444444444,0.944444444444,0.944444444444,0.944444444444,0.888888888889,0.888888888889,0.922222222222,1.0,5,61,80,MOT20-01,MOT20-02,stable080_motion_min_ge_025,0
MOT20-02,83,223,371,2154,u_to_v,-0.016903313049,-0.035087719298,-0.082397003745,-0.892857142857,-0.892857142857,-0.148648648649,-0.785714285714,-0.533865967088,-0.76090381018,-0.785714285714,-0.785714285714,-0.719964136282,-0.785714285714,-0.015253,-0.03018,0.094801984009,0.193639538839,0.026365292203,0.641136223945,0.769230769231,1.012303756566,0.863540803385,1.0,0.044533171747,0.705882352941,0.941176470588,0.941176470588,0.941176470588,1.0,0.941176470588,0.941176470588,0.705882352941,0.905882352941,1.0,5,81,100,MOT20-01,MOT20-02,stable080_motion_min_ge_025,0
MOT20-03,27,355,403,2122,v_to_u,0.001216545012,0.003322259136,0.004132231405,0.666666666667,0.666666666667,0.008196721311,0.666666666667,0.572621035058,0.658338411538,0.666666666667,0.333333333333,0.430962343096,0.333333333333,5.5e-05,0.00012,0.144499933142,0.305500778221,-0.046729386119,0.5463032965,0.583333333333,1.12538466574,0.956283259957,1.0,0.032721914951,0.65625,0.90625,0.96875,0.90625,0.96875,0.90625,0.90625,0.65625,0.88125,1.0,5,21,40,MOT20-01,MOT20-03,stable080_motion_min_ge_025,0
MOT20-03,79,270,276,1104,v_to_u,0.0,0.0,0.0,0.0,0.0,-0.327272727273,0.0,-0.253886010363,-0.253886010363,0.0,0.0,-0.375,0.0,-0.00154,-0.003057,0.570012548537,1.136595876729,-0.458984898842,0.208491598449,0.0,0.833115278639,0.554138935023,1.0,0.053577706708,0.416666666667,0.583333333333,0.833333333333,0.916666666667,0.541666666667,0.583333333333,0.541666666667,0.416666666667,0.658333333333,0.8,4,61,80,MOT20-01,MOT20-03,stable080_motion_min_ge_025,0
MOT20-03,94,131,280,1199,u_to_v,0.0,0.0,0.0,0.0,0.0,0.0,0.0,0.0,0.0,0.0,0.0,0.0,0.0,-0.0001,-0.000124,0.007504444513,0.509181544013,-0.634668679263,0.463526446565,0.0,0.853865839688,0.714485676962,1.0,0.023774955915,0.928571428571,0.857142857143,0.571428571429,0.846153846154,0.285714285714,0.846153846154,0.571428571429,0.285714285714,0.697802197802,1.0,5,81,100,MOT20-01,MOT20-03,stable080_motion_min_ge_025,0
MOT20-05,28,525,874,1582,v_to_u,0.028806584362,0.057851239669,0.128676470588,1.0,1.0,0.230263157895,1.0,0.975438596491,0.98813559322,1.0,1.0,0.940928270042,1.0,0.005942,0.0097,0.199086622873,0.285029901936,0.405469583515,3.067271150391,0.961538461538,1.590435275289,1.311968576063,1.0,0.035163325426,0.777777777778,0.944444444444,1.0,1.0,1.0,1.0,0.944444444444,0.777777777778,0.944444444444,1.0,5,21,40,MOT20-01,MOT20-05,stable080_motion_min_ge_025,0
MOT20-05,48,489,806,1198,v_to_u,-0.175693527081,-0.29295154185,-0.444881889764,-1.0,-1.0,-0.404255319149,-1.0,-0.92523364486,-0.961538461538,-1.0,-1.0,-0.829787234043,-1.0,-0.010598,-0.021916,0.4642237171,1.905422693977,1.211139349682,1.576332331879,0.917355371901,1.408764385947,1.203563729566,1.0,0.042603071861,0.538461538462,0.615384615385,0.923076923077,1.0,1.0,0.923076923077,0.615384615385,0.538461538462,0.815384615385,1.0,5,41,60,MOT20-01,MOT20-05,stable080_motion_min_ge_025,0
MOT20-05,95,225,263,1216,v_to_u,0.0,0.044642857143,0.112359550562,0.0,0.0,0.224719101124,0.133333333333,0.133333333333,0.059512889155,0.133333333333,0.333333333333,0.333333333333,0.333333333333,0.017851,0.0329,0.235904601285,4.963055029899,1.345968536144,0.012141597708,0.628099173554,1.34441691385,1.11849247477,1.0,0.052181002433,0.666666666667,0.5,0.916666666667,0.454545454545,0.833333333333,0.666666666667,0.5,0.454545454545,0.674242424242,1.0,5,81,100,MOT20-01,MOT20-05,stable080_motion_min_ge_025,0
MOT20-02,22,223,371,2107,u_to_v,-0.016903313049,-0.035087719298,-0.082397003745,-0.892857142857,-0.892857142857,-0.148648648649,-0.785714285714,-0.533865967088,-0.76090381018,-0.785714285714,-0.785714285714,-0.719964136282,-0.785714285714,-0.015253,-0.03018,0.094801984009,0.193639538839,0.026365292203,0.641136223945,0.769230769231,1.102637418898,0.949459908472,1.0,0.050050508701,0.789473684211,0.947368421053,0.947368421053,0.789473684211,0.947368421053,0.947368421053,0.789473684211,0.789473684211,0.884210526316,1.0,5,21,40,MOT20-01,MOT20-02,stable080_motion_min_ge_030,0
MOT20-02,56,214,246,1536,v_to_u,0.346153846154,0.336134453782,0.256797583082,0.0,0.0,0.3,0.0,0.537816210635,0.552801623225,0.0,0.0,0.323854660348,0.0,0.05033,0.10592,0.050920161458,1.499066055218,0.856280553428,0.792082567802,1.0,0.579667658746,0.451140694937,0.892307692308,0.070844852671,0.866666666667,0.8,1.0,0.928571428571,1.0,0.928571428571,0.866666666667,0.8,0.919047619048,1.0,5,41,60,MOT20-01,MOT20-02,stable080_motion_min_ge_030,0
MOT20-02,62,223,371,2236,u_to_v,-0.016903313049,-0.035087719298,-0.082397003745,-0.892857142857,-0.892857142857,-0.148648648649,-0.785714285714,-0.533865967088,-0.76090381018,-0.785714285714,-0.785714285714,-0.719964136282,-0.785714285714,-0.015253,-0.03018,0.094801984009,0.193639538839,0.026365292203,0.641136223945,0.769230769231,0.983997788965,0.804276346828,0.984615384615,0.040365485609,0.888888888889,0.888888888889,0.944444444444,0.944444444444,0.944444444444,0.944444444444,0.888888888889,0.888888888889,0.922222222222,1.0,5,61,80,MOT20-01,MOT20-02,stable080_motion_min_ge_030,0
MOT20-02,83,223,371,2154,u_to_v,-0.016903313049,-0.035087719298,-0.082397003745,-0.892857142857,-0.892857142857,-0.148648648649,-0.785714285714,-0.533865967088,-0.76090381018,-0.785714285714,-0.785714285714,-0.719964136282,-0.785714285714,-0.015253,-0.03018,0.094801984009,0.193639538839,0.026365292203,0.641136223945,0.769230769231,1.012303756566,0.863540803385,1.0,0.044533171747,0.705882352941,0.941176470588,0.941176470588,0.941176470588,1.0,0.941176470588,0.941176470588,0.705882352941,0.905882352941,1.0,5,81,100,MOT20-01,MOT20-02,stable080_motion_min_ge_030,0
MOT20-03,27,355,403,2122,v_to_u,0.001216545012,0.003322259136,0.004132231405,0.666666666667,0.666666666667,0.008196721311,0.666666666667,0.572621035058,0.658338411538,0.666666666667,0.333333333333,0.430962343096,0.333333333333,5.5e-05,0.00012,0.144499933142,0.305500778221,-0.046729386119,0.5463032965,0.583333333333,1.12538466574,0.956283259957,1.0,0.032721914951,0.65625,0.90625,0.96875,0.90625,0.96875,0.90625,0.90625,0.65625,0.88125,1.0,5,21,40,MOT20-01,MOT20-03,stable080_motion_min_ge_030,0
MOT20-03,79,270,276,1104,v_to_u,0.0,0.0,0.0,0.0,0.0,-0.327272727273,0.0,-0.253886010363,-0.253886010363,0.0,0.0,-0.375,0.0,-0.00154,-0.003057,0.570012548537,1.136595876729,-0.458984898842,0.208491598449,0.0,0.833115278639,0.554138935023,1.0,0.053577706708,0.416666666667,0.583333333333,0.833333333333,0.916666666667,0.541666666667,0.583333333333,0.541666666667,0.416666666667,0.658333333333,0.8,4,61,80,MOT20-01,MOT20-03,stable080_motion_min_ge_030,0
MOT20-05,28,525,874,1582,v_to_u,0.028806584362,0.057851239669,0.128676470588,1.0,1.0,0.230263157895,1.0,0.975438596491,0.98813559322,1.0,1.0,0.940928270042,1.0,0.005942,0.0097,0.199086622873,0.285029901936,0.405469583515,3.067271150391,0.961538461538,1.590435275289,1.311968576063,1.0,0.035163325426,0.777777777778,0.944444444444,1.0,1.0,1.0,1.0,0.944444444444,0.777777777778,0.944444444444,1.0,5,21,40,MOT20-01,MOT20-05,stable080_motion_min_ge_030,0
MOT20-05,48,489,806,1198,v_to_u,-0.175693527081,-0.29295154185,-0.444881889764,-1.0,-1.0,-0.404255319149,-1.0,-0.92523364486,-0.961538461538,-1.0,-1.0,-0.829787234043,-1.0,-0.010598,-0.021916,0.4642237171,1.905422693977,1.211139349682,1.576332331879,0.917355371901,1.408764385947,1.203563729566,1.0,0.042603071861,0.538461538462,0.615384615385,0.923076923077,1.0,1.0,0.923076923077,0.615384615385,0.538461538462,0.815384615385,1.0,5,41,60,MOT20-01,MOT20-05,stable080_motion_min_ge_030,0
MOT20-05,95,225,263,1216,v_to_u,0.0,0.044642857143,0.112359550562,0.0,0.0,0.224719101124,0.133333333333,0.133333333333,0.059512889155,0.133333333333,0.333333333333,0.333333333333,0.333333333333,0.017851,0.0329,0.235904601285,4.963055029899,1.345968536144,0.012141597708,0.628099173554,1.34441691385,1.11849247477,1.0,0.052181002433,0.666666666667,0.5,0.916666666667,0.454545454545,0.833333333333,0.666666666667,0.5,0.454545454545,0.674242424242,1.0,5,81,100,MOT20-01,MOT20-05,stable080_motion_min_ge_030,0
MOT20-02,22,223,371,2107,u_to_v,-0.016903313049,-0.035087719298,-0.082397003745,-0.892857142857,-0.892857142857,-0.148648648649,-0.785714285714,-0.533865967088,-0.76090381018,-0.785714285714,-0.785714285714,-0.719964136282,-0.785714285714,-0.015253,-0.03018,0.094801984009,0.193639538839,0.026365292203,0.641136223945,0.769230769231,1.102637418898,0.949459908472,1.0,0.050050508701,0.789473684211,0.947368421053,0.947368421053,0.789473684211,0.947368421053,0.947368421053,0.789473684211,0.789473684211,0.884210526316,1.0,5,21,40,MOT20-01,MOT20-02,stable080_motion_q25_ge_020,0
MOT20-02,56,214,246,1536,v_to_u,0.346153846154,0.336134453782,0.256797583082,0.0,0.0,0.3,0.0,0.537816210635,0.552801623225,0.0,0.0,0.323854660348,0.0,0.05033,0.10592,0.050920161458,1.499066055218,0.856280553428,0.792082567802,1.0,0.579667658746,0.451140694937,0.892307692308,0.070844852671,0.866666666667,0.8,1.0,0.928571428571,1.0,0.928571428571,0.866666666667,0.8,0.919047619048,1.0,5,41,60,MOT20-01,MOT20-02,stable080_motion_q25_ge_020,0
MOT20-02,62,223,371,2236,u_to_v,-0.016903313049,-0.035087719298,-0.082397003745,-0.892857142857,-0.892857142857,-0.148648648649,-0.785714285714,-0.533865967088,-0.76090381018,-0.785714285714,-0.785714285714,-0.719964136282,-0.785714285714,-0.015253,-0.03018,0.094801984009,0.193639538839,0.026365292203,0.641136223945,0.769230769231,0.983997788965,0.804276346828,0.984615384615,0.040365485609,0.888888888889,0.888888888889,0.944444444444,0.944444444444,0.944444444444,0.944444444444,0.888888888889,0.888888888889,0.922222222222,1.0,5,61,80,MOT20-01,MOT20-02,stable080_motion_q25_ge_020,0
MOT20-02,83,223,371,2154,u_to_v,-0.016903313049,-0.035087719298,-0.082397003745,-0.892857142857,-0.892857142857,-0.148648648649,-0.785714285714,-0.533865967088,-0.76090381018,-0.785714285714,-0.785714285714,-0.719964136282,-0.785714285714,-0.015253,-0.03018,0.094801984009,0.193639538839,0.026365292203,0.641136223945,0.769230769231,1.012303756566,0.863540803385,1.0,0.044533171747,0.705882352941,0.941176470588,0.941176470588,0.941176470588,1.0,0.941176470588,0.941176470588,0.705882352941,0.905882352941,1.0,5,81,100,MOT20-01,MOT20-02,stable080_motion_q25_ge_020,0
MOT20-03,27,355,403,2122,v_to_u,0.001216545012,0.003322259136,0.004132231405,0.666666666667,0.666666666667,0.008196721311,0.666666666667,0.572621035058,0.658338411538,0.666666666667,0.333333333333,0.430962343096,0.333333333333,5.5e-05,0.00012,0.144499933142,0.305500778221,-0.046729386119,0.5463032965,0.583333333333,1.12538466574,0.956283259957,1.0,0.032721914951,0.65625,0.90625,0.96875,0.90625,0.96875,0.90625,0.90625,0.65625,0.88125,1.0,5,21,40,MOT20-01,MOT20-03,stable080_motion_q25_ge_020,0
MOT20-03,50,399,435,1989,v_to_u,-0.146394756009,-0.244823386114,-0.333333333333,-0.851694915254,-0.851694915254,-0.333333333333,-0.909502262443,-0.909502262443,-0.836955711581,-0.909502262443,-1.0,-1.0,-1.0,-0.06296,-0.120037,1.71706127963,13.252341424735,-2.412098674188,-0.330407870672,0.0,0.964155458919,0.761990192087,1.0,0.07024033332,0.307692307692,0.153846153846,0.384615384615,0.461538461538,0.384615384615,0.384615384615,0.307692307692,0.153846153846,0.338461538462,1.0,5,41,60,MOT20-01,MOT20-03,stable080_motion_q25_ge_020,0
MOT20-03,79,270,276,1104,v_to_u,0.0,0.0,0.0,0.0,0.0,-0.327272727273,0.0,-0.253886010363,-0.253886010363,0.0,0.0,-0.375,0.0,-0.00154,-0.003057,0.570012548537,1.136595876729,-0.458984898842,0.208491598449,0.0,0.833115278639,0.554138935023,1.0,0.053577706708,0.416666666667,0.583333333333,0.833333333333,0.916666666667,0.541666666667,0.583333333333,0.541666666667,0.416666666667,0.658333333333,0.8,4,61,80,MOT20-01,MOT20-03,stable080_motion_q25_ge_020,0
MOT20-03,94,131,280,1199,u_to_v,0.0,0.0,0.0,0.0,0.0,0.0,0.0,0.0,0.0,0.0,0.0,0.0,0.0,-0.0001,-0.000124,0.007504444513,0.509181544013,-0.634668679263,0.463526446565,0.0,0.853865839688,0.714485676962,1.0,0.023774955915,0.928571428571,0.857142857143,0.571428571429,0.846153846154,0.285714285714,0.846153846154,0.571428571429,0.285714285714,0.697802197802,1.0,5,81,100,MOT20-01,MOT20-03,stable080_motion_q25_ge_020,0
MOT20-05,28,525,874,1582,v_to_u,0.028806584362,0.057851239669,0.128676470588,1.0,1.0,0.230263157895,1.0,0.975438596491,0.98813559322,1.0,1.0,0.940928270042,1.0,0.005942,0.0097,0.199086622873,0.285029901936,0.405469583515,3.067271150391,0.961538461538,1.590435275289,1.311968576063,1.0,0.035163325426,0.777777777778,0.944444444444,1.0,1.0,1.0,1.0,0.944444444444,0.777777777778,0.944444444444,1.0,5,21,40,MOT20-01,MOT20-05,stable080_motion_q25_ge_020,0
MOT20-05,48,489,806,1198,v_to_u,-0.175693527081,-0.29295154185,-0.444881889764,-1.0,-1.0,-0.404255319149,-1.0,-0.92523364486,-0.961538461538,-1.0,-1.0,-0.829787234043,-1.0,-0.010598,-0.021916,0.4642237171,1.905422693977,1.211139349682,1.576332331879,0.917355371901,1.408764385947,1.203563729566,1.0,0.042603071861,0.538461538462,0.615384615385,0.923076923077,1.0,1.0,0.923076923077,0.615384615385,0.538461538462,0.815384615385,1.0,5,41,60,MOT20-01,MOT20-05,stable080_motion_q25_ge_020,0
MOT20-05,95,225,263,1216,v_to_u,0.0,0.044642857143,0.112359550562,0.0,0.0,0.224719101124,0.133333333333,0.133333333333,0.059512889155,0.133333333333,0.333333333333,0.333333333333,0.333333333333,0.017851,0.0329,0.235904601285,4.963055029899,1.345968536144,0.012141597708,0.628099173554,1.34441691385,1.11849247477,1.0,0.052181002433,0.666666666667,0.5,0.916666666667,0.454545454545,0.833333333333,0.666666666667,0.5,0.454545454545,0.674242424242,1.0,5,81,100,MOT20-01,MOT20-05,stable080_motion_q25_ge_020,0
MOT20-02,22,223,371,2107,u_to_v,-0.016903313049,-0.035087719298,-0.082397003745,-0.892857142857,-0.892857142857,-0.148648648649,-0.785714285714,-0.533865967088,-0.76090381018,-0.785714285714,-0.785714285714,-0.719964136282,-0.785714285714,-0.015253,-0.03018,0.094801984009,0.193639538839,0.026365292203,0.641136223945,0.769230769231,1.102637418898,0.949459908472,1.0,0.050050508701,0.789473684211,0.947368421053,0.947368421053,0.789473684211,0.947368421053,0.947368421053,0.789473684211,0.789473684211,0.884210526316,1.0,5,21,40,MOT20-01,MOT20-02,stable080_motion_q25_ge_025,0
MOT20-02,56,214,246,1536,v_to_u,0.346153846154,0.336134453782,0.256797583082,0.0,0.0,0.3,0.0,0.537816210635,0.552801623225,0.0,0.0,0.323854660348,0.0,0.05033,0.10592,0.050920161458,1.499066055218,0.856280553428,0.792082567802,1.0,0.579667658746,0.451140694937,0.892307692308,0.070844852671,0.866666666667,0.8,1.0,0.928571428571,1.0,0.928571428571,0.866666666667,0.8,0.919047619048,1.0,5,41,60,MOT20-01,MOT20-02,stable080_motion_q25_ge_025,0
MOT20-02,62,223,371,2236,u_to_v,-0.016903313049,-0.035087719298,-0.082397003745,-0.892857142857,-0.892857142857,-0.148648648649,-0.785714285714,-0.533865967088,-0.76090381018,-0.785714285714,-0.785714285714,-0.719964136282,-0.785714285714,-0.015253,-0.03018,0.094801984009,0.193639538839,0.026365292203,0.641136223945,0.769230769231,0.983997788965,0.804276346828,0.984615384615,0.040365485609,0.888888888889,0.888888888889,0.944444444444,0.944444444444,0.944444444444,0.944444444444,0.888888888889,0.888888888889,0.922222222222,1.0,5,61,80,MOT20-01,MOT20-02,stable080_motion_q25_ge_025,0
MOT20-02,83,223,371,2154,u_to_v,-0.016903313049,-0.035087719298,-0.082397003745,-0.892857142857,-0.892857142857,-0.148648648649,-0.785714285714,-0.533865967088,-0.76090381018,-0.785714285714,-0.785714285714,-0.719964136282,-0.785714285714,-0.015253,-0.03018,0.094801984009,0.193639538839,0.026365292203,0.641136223945,0.769230769231,1.012303756566,0.863540803385,1.0,0.044533171747,0.705882352941,0.941176470588,0.941176470588,0.941176470588,1.0,0.941176470588,0.941176470588,0.705882352941,0.905882352941,1.0,5,81,100,MOT20-01,MOT20-02,stable080_motion_q25_ge_025,0
MOT20-03,27,355,403,2122,v_to_u,0.001216545012,0.003322259136,0.004132231405,0.666666666667,0.666666666667,0.008196721311,0.666666666667,0.572621035058,0.658338411538,0.666666666667,0.333333333333,0.430962343096,0.333333333333,5.5e-05,0.00012,0.144499933142,0.305500778221,-0.046729386119,0.5463032965,0.583333333333,1.12538466574,0.956283259957,1.0,0.032721914951,0.65625,0.90625,0.96875,0.90625,0.96875,0.90625,0.90625,0.65625,0.88125,1.0,5,21,40,MOT20-01,MOT20-03,stable080_motion_q25_ge_025,0
MOT20-03,50,399,435,1989,v_to_u,-0.146394756009,-0.244823386114,-0.333333333333,-0.851694915254,-0.851694915254,-0.333333333333,-0.909502262443,-0.909502262443,-0.836955711581,-0.909502262443,-1.0,-1.0,-1.0,-0.06296,-0.120037,1.71706127963,13.252341424735,-2.412098674188,-0.330407870672,0.0,0.964155458919,0.761990192087,1.0,0.07024033332,0.307692307692,0.153846153846,0.384615384615,0.461538461538,0.384615384615,0.384615384615,0.307692307692,0.153846153846,0.338461538462,1.0,5,41,60,MOT20-01,MOT20-03,stable080_motion_q25_ge_025,0
MOT20-03,79,270,276,1104,v_to_u,0.0,0.0,0.0,0.0,0.0,-0.327272727273,0.0,-0.253886010363,-0.253886010363,0.0,0.0,-0.375,0.0,-0.00154,-0.003057,0.570012548537,1.136595876729,-0.458984898842,0.208491598449,0.0,0.833115278639,0.554138935023,1.0,0.053577706708,0.416666666667,0.583333333333,0.833333333333,0.916666666667,0.541666666667,0.583333333333,0.541666666667,0.416666666667,0.658333333333,0.8,4,61,80,MOT20-01,MOT20-03,stable080_motion_q25_ge_025,0
MOT20-03,94,131,280,1199,u_to_v,0.0,0.0,0.0,0.0,0.0,0.0,0.0,0.0,0.0,0.0,0.0,0.0,0.0,-0.0001,-0.000124,0.007504444513,0.509181544013,-0.634668679263,0.463526446565,0.0,0.853865839688,0.714485676962,1.0,0.023774955915,0.928571428571,0.857142857143,0.571428571429,0.846153846154,0.285714285714,0.846153846154,0.571428571429,0.285714285714,0.697802197802,1.0,5,81,100,MOT20-01,MOT20-03,stable080_motion_q25_ge_025,0
MOT20-05,28,525,874,1582,v_to_u,0.028806584362,0.057851239669,0.128676470588,1.0,1.0,0.230263157895,1.0,0.975438596491,0.98813559322,1.0,1.0,0.940928270042,1.0,0.005942,0.0097,0.199086622873,0.285029901936,0.405469583515,3.067271150391,0.961538461538,1.590435275289,1.311968576063,1.0,0.035163325426,0.777777777778,0.944444444444,1.0,1.0,1.0,1.0,0.944444444444,0.777777777778,0.944444444444,1.0,5,21,40,MOT20-01,MOT20-05,stable080_motion_q25_ge_025,0
MOT20-05,48,489,806,1198,v_to_u,-0.175693527081,-0.29295154185,-0.444881889764,-1.0,-1.0,-0.404255319149,-1.0,-0.92523364486,-0.961538461538,-1.0,-1.0,-0.829787234043,-1.0,-0.010598,-0.021916,0.4642237171,1.905422693977,1.211139349682,1.576332331879,0.917355371901,1.408764385947,1.203563729566,1.0,0.042603071861,0.538461538462,0.615384615385,0.923076923077,1.0,1.0,0.923076923077,0.615384615385,0.538461538462,0.815384615385,1.0,5,41,60,MOT20-01,MOT20-05,stable080_motion_q25_ge_025,0
MOT20-05,95,225,263,1216,v_to_u,0.0,0.044642857143,0.112359550562,0.0,0.0,0.224719101124,0.133333333333,0.133333333333,0.059512889155,0.133333333333,0.333333333333,0.333333333333,0.333333333333,0.017851,0.0329,0.235904601285,4.963055029899,1.345968536144,0.012141597708,0.628099173554,1.34441691385,1.11849247477,1.0,0.052181002433,0.666666666667,0.5,0.916666666667,0.454545454545,0.833333333333,0.666666666667,0.5,0.454545454545,0.674242424242,1.0,5,81,100,MOT20-01,MOT20-05,stable080_motion_q25_ge_025,0
MOT20-02,22,223,371,2107,u_to_v,-0.016903313049,-0.035087719298,-0.082397003745,-0.892857142857,-0.892857142857,-0.148648648649,-0.785714285714,-0.533865967088,-0.76090381018,-0.785714285714,-0.785714285714,-0.719964136282,-0.785714285714,-0.015253,-0.03018,0.094801984009,0.193639538839,0.026365292203,0.641136223945,0.769230769231,1.102637418898,0.949459908472,1.0,0.050050508701,0.789473684211,0.947368421053,0.947368421053,0.789473684211,0.947368421053,0.947368421053,0.789473684211,0.789473684211,0.884210526316,1.0,5,21,40,MOT20-01,MOT20-02,stable080_motion_q25_ge_030,0
MOT20-02,56,214,246,1536,v_to_u,0.346153846154,0.336134453782,0.256797583082,0.0,0.0,0.3,0.0,0.537816210635,0.552801623225,0.0,0.0,0.323854660348,0.0,0.05033,0.10592,0.050920161458,1.499066055218,0.856280553428,0.792082567802,1.0,0.579667658746,0.451140694937,0.892307692308,0.070844852671,0.866666666667,0.8,1.0,0.928571428571,1.0,0.928571428571,0.866666666667,0.8,0.919047619048,1.0,5,41,60,MOT20-01,MOT20-02,stable080_motion_q25_ge_030,0
MOT20-02,62,223,371,2236,u_to_v,-0.016903313049,-0.035087719298,-0.082397003745,-0.892857142857,-0.892857142857,-0.148648648649,-0.785714285714,-0.533865967088,-0.76090381018,-0.785714285714,-0.785714285714,-0.719964136282,-0.785714285714,-0.015253,-0.03018,0.094801984009,0.193639538839,0.026365292203,0.641136223945,0.769230769231,0.983997788965,0.804276346828,0.984615384615,0.040365485609,0.888888888889,0.888888888889,0.944444444444,0.944444444444,0.944444444444,0.944444444444,0.888888888889,0.888888888889,0.922222222222,1.0,5,61,80,MOT20-01,MOT20-02,stable080_motion_q25_ge_030,0
MOT20-02,83,223,371,2154,u_to_v,-0.016903313049,-0.035087719298,-0.082397003745,-0.892857142857,-0.892857142857,-0.148648648649,-0.785714285714,-0.533865967088,-0.76090381018,-0.785714285714,-0.785714285714,-0.719964136282,-0.785714285714,-0.015253,-0.03018,0.094801984009,0.193639538839,0.026365292203,0.641136223945,0.769230769231,1.012303756566,0.863540803385,1.0,0.044533171747,0.705882352941,0.941176470588,0.941176470588,0.941176470588,1.0,0.941176470588,0.941176470588,0.705882352941,0.905882352941,1.0,5,81,100,MOT20-01,MOT20-02,stable080_motion_q25_ge_030,0
MOT20-03,27,355,403,2122,v_to_u,0.001216545012,0.003322259136,0.004132231405,0.666666666667,0.666666666667,0.008196721311,0.666666666667,0.572621035058,0.658338411538,0.666666666667,0.333333333333,0.430962343096,0.333333333333,5.5e-05,0.00012,0.144499933142,0.305500778221,-0.046729386119,0.5463032965,0.583333333333,1.12538466574,0.956283259957,1.0,0.032721914951,0.65625,0.90625,0.96875,0.90625,0.96875,0.90625,0.90625,0.65625,0.88125,1.0,5,21,40,MOT20-01,MOT20-03,stable080_motion_q25_ge_030,0
MOT20-03,50,399,435,1989,v_to_u,-0.146394756009,-0.244823386114,-0.333333333333,-0.851694915254,-0.851694915254,-0.333333333333,-0.909502262443,-0.909502262443,-0.836955711581,-0.909502262443,-1.0,-1.0,-1.0,-0.06296,-0.120037,1.71706127963,13.252341424735,-2.412098674188,-0.330407870672,0.0,0.964155458919,0.761990192087,1.0,0.07024033332,0.307692307692,0.153846153846,0.384615384615,0.461538461538,0.384615384615,0.384615384615,0.307692307692,0.153846153846,0.338461538462,1.0,5,41,60,MOT20-01,MOT20-03,stable080_motion_q25_ge_030,0
MOT20-03,79,270,276,1104,v_to_u,0.0,0.0,0.0,0.0,0.0,-0.327272727273,0.0,-0.253886010363,-0.253886010363,0.0,0.0,-0.375,0.0,-0.00154,-0.003057,0.570012548537,1.136595876729,-0.458984898842,0.208491598449,0.0,0.833115278639,0.554138935023,1.0,0.053577706708,0.416666666667,0.583333333333,0.833333333333,0.916666666667,0.541666666667,0.583333333333,0.541666666667,0.416666666667,0.658333333333,0.8,4,61,80,MOT20-01,MOT20-03,stable080_motion_q25_ge_030,0
MOT20-03,94,131,280,1199,u_to_v,0.0,0.0,0.0,0.0,0.0,0.0,0.0,0.0,0.0,0.0,0.0,0.0,0.0,-0.0001,-0.000124,0.007504444513,0.509181544013,-0.634668679263,0.463526446565,0.0,0.853865839688,0.714485676962,1.0,0.023774955915,0.928571428571,0.857142857143,0.571428571429,0.846153846154,0.285714285714,0.846153846154,0.571428571429,0.285714285714,0.697802197802,1.0,5,81,100,MOT20-01,MOT20-03,stable080_motion_q25_ge_030,0
MOT20-05,28,525,874,1582,v_to_u,0.028806584362,0.057851239669,0.128676470588,1.0,1.0,0.230263157895,1.0,0.975438596491,0.98813559322,1.0,1.0,0.940928270042,1.0,0.005942,0.0097,0.199086622873,0.285029901936,0.405469583515,3.067271150391,0.961538461538,1.590435275289,1.311968576063,1.0,0.035163325426,0.777777777778,0.944444444444,1.0,1.0,1.0,1.0,0.944444444444,0.777777777778,0.944444444444,1.0,5,21,40,MOT20-01,MOT20-05,stable080_motion_q25_ge_030,0
MOT20-05,48,489,806,1198,v_to_u,-0.175693527081,-0.29295154185,-0.444881889764,-1.0,-1.0,-0.404255319149,-1.0,-0.92523364486,-0.961538461538,-1.0,-1.0,-0.829787234043,-1.0,-0.010598,-0.021916,0.4642237171,1.905422693977,1.211139349682,1.576332331879,0.917355371901,1.408764385947,1.203563729566,1.0,0.042603071861,0.538461538462,0.615384615385,0.923076923077,1.0,1.0,0.923076923077,0.615384615385,0.538461538462,0.815384615385,1.0,5,41,60,MOT20-01,MOT20-05,stable080_motion_q25_ge_030,0
MOT20-05,95,225,263,1216,v_to_u,0.0,0.044642857143,0.112359550562,0.0,0.0,0.224719101124,0.133333333333,0.133333333333,0.059512889155,0.133333333333,0.333333333333,0.333333333333,0.333333333333,0.017851,0.0329,0.235904601285,4.963055029899,1.345968536144,0.012141597708,0.628099173554,1.34441691385,1.11849247477,1.0,0.052181002433,0.666666666667,0.5,0.916666666667,0.454545454545,0.833333333333,0.666666666667,0.5,0.454545454545,0.674242424242,1.0,5,81,100,MOT20-01,MOT20-05,stable080_motion_q25_ge_030,0
MOT20-02,22,223,371,2107,u_to_v,-0.016903313049,-0.035087719298,-0.082397003745,-0.892857142857,-0.892857142857,-0.148648648649,-0.785714285714,-0.533865967088,-0.76090381018,-0.785714285714,-0.785714285714,-0.719964136282,-0.785714285714,-0.015253,-0.03018,0.094801984009,0.193639538839,0.026365292203,0.641136223945,0.769230769231,1.102637418898,0.949459908472,1.0,0.050050508701,0.789473684211,0.947368421053,0.947368421053,0.789473684211,0.947368421053,0.947368421053,0.789473684211,0.789473684211,0.884210526316,1.0,5,21,40,MOT20-01,MOT20-02,stable080_motion_q25_ge_035,0
MOT20-02,56,214,246,1536,v_to_u,0.346153846154,0.336134453782,0.256797583082,0.0,0.0,0.3,0.0,0.537816210635,0.552801623225,0.0,0.0,0.323854660348,0.0,0.05033,0.10592,0.050920161458,1.499066055218,0.856280553428,0.792082567802,1.0,0.579667658746,0.451140694937,0.892307692308,0.070844852671,0.866666666667,0.8,1.0,0.928571428571,1.0,0.928571428571,0.866666666667,0.8,0.919047619048,1.0,5,41,60,MOT20-01,MOT20-02,stable080_motion_q25_ge_035,0
MOT20-02,62,223,371,2236,u_to_v,-0.016903313049,-0.035087719298,-0.082397003745,-0.892857142857,-0.892857142857,-0.148648648649,-0.785714285714,-0.533865967088,-0.76090381018,-0.785714285714,-0.785714285714,-0.719964136282,-0.785714285714,-0.015253,-0.03018,0.094801984009,0.193639538839,0.026365292203,0.641136223945,0.769230769231,0.983997788965,0.804276346828,0.984615384615,0.040365485609,0.888888888889,0.888888888889,0.944444444444,0.944444444444,0.944444444444,0.944444444444,0.888888888889,0.888888888889,0.922222222222,1.0,5,61,80,MOT20-01,MOT20-02,stable080_motion_q25_ge_035,0
MOT20-02,83,223,371,2154,u_to_v,-0.016903313049,-0.035087719298,-0.082397003745,-0.892857142857,-0.892857142857,-0.148648648649,-0.785714285714,-0.533865967088,-0.76090381018,-0.785714285714,-0.785714285714,-0.719964136282,-0.785714285714,-0.015253,-0.03018,0.094801984009,0.193639538839,0.026365292203,0.641136223945,0.769230769231,1.012303756566,0.863540803385,1.0,0.044533171747,0.705882352941,0.941176470588,0.941176470588,0.941176470588,1.0,0.941176470588,0.941176470588,0.705882352941,0.905882352941,1.0,5,81,100,MOT20-01,MOT20-02,stable080_motion_q25_ge_035,0
MOT20-03,27,355,403,2122,v_to_u,0.001216545012,0.003322259136,0.004132231405,0.666666666667,0.666666666667,0.008196721311,0.666666666667,0.572621035058,0.658338411538,0.666666666667,0.333333333333,0.430962343096,0.333333333333,5.5e-05,0.00012,0.144499933142,0.305500778221,-0.046729386119,0.5463032965,0.583333333333,1.12538466574,0.956283259957,1.0,0.032721914951,0.65625,0.90625,0.96875,0.90625,0.96875,0.90625,0.90625,0.65625,0.88125,1.0,5,21,40,MOT20-01,MOT20-03,stable080_motion_q25_ge_035,0
MOT20-03,79,270,276,1104,v_to_u,0.0,0.0,0.0,0.0,0.0,-0.327272727273,0.0,-0.253886010363,-0.253886010363,0.0,0.0,-0.375,0.0,-0.00154,-0.003057,0.570012548537,1.136595876729,-0.458984898842,0.208491598449,0.0,0.833115278639,0.554138935023,1.0,0.053577706708,0.416666666667,0.583333333333,0.833333333333,0.916666666667,0.541666666667,0.583333333333,0.541666666667,0.416666666667,0.658333333333,0.8,4,61,80,MOT20-01,MOT20-03,stable080_motion_q25_ge_035,0
MOT20-03,94,131,280,1199,u_to_v,0.0,0.0,0.0,0.0,0.0,0.0,0.0,0.0,0.0,0.0,0.0,0.0,0.0,-0.0001,-0.000124,0.007504444513,0.509181544013,-0.634668679263,0.463526446565,0.0,0.853865839688,0.714485676962,1.0,0.023774955915,0.928571428571,0.857142857143,0.571428571429,0.846153846154,0.285714285714,0.846153846154,0.571428571429,0.285714285714,0.697802197802,1.0,5,81,100,MOT20-01,MOT20-03,stable080_motion_q25_ge_035,0
MOT20-05,28,525,874,1582,v_to_u,0.028806584362,0.057851239669,0.128676470588,1.0,1.0,0.230263157895,1.0,0.975438596491,0.98813559322,1.0,1.0,0.940928270042,1.0,0.005942,0.0097,0.199086622873,0.285029901936,0.405469583515,3.067271150391,0.961538461538,1.590435275289,1.311968576063,1.0,0.035163325426,0.777777777778,0.944444444444,1.0,1.0,1.0,1.0,0.944444444444,0.777777777778,0.944444444444,1.0,5,21,40,MOT20-01,MOT20-05,stable080_motion_q25_ge_035,0
MOT20-05,48,489,806,1198,v_to_u,-0.175693527081,-0.29295154185,-0.444881889764,-1.0,-1.0,-0.404255319149,-1.0,-0.92523364486,-0.961538461538,-1.0,-1.0,-0.829787234043,-1.0,-0.010598,-0.021916,0.4642237171,1.905422693977,1.211139349682,1.576332331879,0.917355371901,1.408764385947,1.203563729566,1.0,0.042603071861,0.538461538462,0.615384615385,0.923076923077,1.0,1.0,0.923076923077,0.615384615385,0.538461538462,0.815384615385,1.0,5,41,60,MOT20-01,MOT20-05,stable080_motion_q25_ge_035,0
MOT20-05,95,225,263,1216,v_to_u,0.0,0.044642857143,0.112359550562,0.0,0.0,0.224719101124,0.133333333333,0.133333333333,0.059512889155,0.133333333333,0.333333333333,0.333333333333,0.333333333333,0.017851,0.0329,0.235904601285,4.963055029899,1.345968536144,0.012141597708,0.628099173554,1.34441691385,1.11849247477,1.0,0.052181002433,0.666666666667,0.5,0.916666666667,0.454545454545,0.833333333333,0.666666666667,0.5,0.454545454545,0.674242424242,1.0,5,81,100,MOT20-01,MOT20-05,stable080_motion_q25_ge_035,0
MOT20-02,22,223,371,2107,u_to_v,-0.016903313049,-0.035087719298,-0.082397003745,-0.892857142857,-0.892857142857,-0.148648648649,-0.785714285714,-0.533865967088,-0.76090381018,-0.785714285714,-0.785714285714,-0.719964136282,-0.785714285714,-0.015253,-0.03018,0.094801984009,0.193639538839,0.026365292203,0.641136223945,0.769230769231,1.102637418898,0.949459908472,1.0,0.050050508701,0.789473684211,0.947368421053,0.947368421053,0.789473684211,0.947368421053,0.947368421053,0.789473684211,0.789473684211,0.884210526316,1.0,5,21,40,MOT20-01,MOT20-02,stable080_min015_q25_025,0
MOT20-02,56,214,246,1536,v_to_u,0.346153846154,0.336134453782,0.256797583082,0.0,0.0,0.3,0.0,0.537816210635,0.552801623225,0.0,0.0,0.323854660348,0.0,0.05033,0.10592,0.050920161458,1.499066055218,0.856280553428,0.792082567802,1.0,0.579667658746,0.451140694937,0.892307692308,0.070844852671,0.866666666667,0.8,1.0,0.928571428571,1.0,0.928571428571,0.866666666667,0.8,0.919047619048,1.0,5,41,60,MOT20-01,MOT20-02,stable080_min015_q25_025,0
MOT20-02,62,223,371,2236,u_to_v,-0.016903313049,-0.035087719298,-0.082397003745,-0.892857142857,-0.892857142857,-0.148648648649,-0.785714285714,-0.533865967088,-0.76090381018,-0.785714285714,-0.785714285714,-0.719964136282,-0.785714285714,-0.015253,-0.03018,0.094801984009,0.193639538839,0.026365292203,0.641136223945,0.769230769231,0.983997788965,0.804276346828,0.984615384615,0.040365485609,0.888888888889,0.888888888889,0.944444444444,0.944444444444,0.944444444444,0.944444444444,0.888888888889,0.888888888889,0.922222222222,1.0,5,61,80,MOT20-01,MOT20-02,stable080_min015_q25_025,0
MOT20-02,83,223,371,2154,u_to_v,-0.016903313049,-0.035087719298,-0.082397003745,-0.892857142857,-0.892857142857,-0.148648648649,-0.785714285714,-0.533865967088,-0.76090381018,-0.785714285714,-0.785714285714,-0.719964136282,-0.785714285714,-0.015253,-0.03018,0.094801984009,0.193639538839,0.026365292203,0.641136223945,0.769230769231,1.012303756566,0.863540803385,1.0,0.044533171747,0.705882352941,0.941176470588,0.941176470588,0.941176470588,1.0,0.941176470588,0.941176470588,0.705882352941,0.905882352941,1.0,5,81,100,MOT20-01,MOT20-02,stable080_min015_q25_025,0
MOT20-03,27,355,403,2122,v_to_u,0.001216545012,0.003322259136,0.004132231405,0.666666666667,0.666666666667,0.008196721311,0.666666666667,0.572621035058,0.658338411538,0.666666666667,0.333333333333,0.430962343096,0.333333333333,5.5e-05,0.00012,0.144499933142,0.305500778221,-0.046729386119,0.5463032965,0.583333333333,1.12538466574,0.956283259957,1.0,0.032721914951,0.65625,0.90625,0.96875,0.90625,0.96875,0.90625,0.90625,0.65625,0.88125,1.0,5,21,40,MOT20-01,MOT20-03,stable080_min015_q25_025,0
MOT20-03,50,399,435,1989,v_to_u,-0.146394756009,-0.244823386114,-0.333333333333,-0.851694915254,-0.851694915254,-0.333333333333,-0.909502262443,-0.909502262443,-0.836955711581,-0.909502262443,-1.0,-1.0,-1.0,-0.06296,-0.120037,1.71706127963,13.252341424735,-2.412098674188,-0.330407870672,0.0,0.964155458919,0.761990192087,1.0,0.07024033332,0.307692307692,0.153846153846,0.384615384615,0.461538461538,0.384615384615,0.384615384615,0.307692307692,0.153846153846,0.338461538462,1.0,5,41,60,MOT20-01,MOT20-03,stable080_min015_q25_025,0
MOT20-03,79,270,276,1104,v_to_u,0.0,0.0,0.0,0.0,0.0,-0.327272727273,0.0,-0.253886010363,-0.253886010363,0.0,0.0,-0.375,0.0,-0.00154,-0.003057,0.570012548537,1.136595876729,-0.458984898842,0.208491598449,0.0,0.833115278639,0.554138935023,1.0,0.053577706708,0.416666666667,0.583333333333,0.833333333333,0.916666666667,0.541666666667,0.583333333333,0.541666666667,0.416666666667,0.658333333333,0.8,4,61,80,MOT20-01,MOT20-03,stable080_min015_q25_025,0
MOT20-03,94,131,280,1199,u_to_v,0.0,0.0,0.0,0.0,0.0,0.0,0.0,0.0,0.0,0.0,0.0,0.0,0.0,-0.0001,-0.000124,0.007504444513,0.509181544013,-0.634668679263,0.463526446565,0.0,0.853865839688,0.714485676962,1.0,0.023774955915,0.928571428571,0.857142857143,0.571428571429,0.846153846154,0.285714285714,0.846153846154,0.571428571429,0.285714285714,0.697802197802,1.0,5,81,100,MOT20-01,MOT20-03,stable080_min015_q25_025,0
MOT20-05,28,525,874,1582,v_to_u,0.028806584362,0.057851239669,0.128676470588,1.0,1.0,0.230263157895,1.0,0.975438596491,0.98813559322,1.0,1.0,0.940928270042,1.0,0.005942,0.0097,0.199086622873,0.285029901936,0.405469583515,3.067271150391,0.961538461538,1.590435275289,1.311968576063,1.0,0.035163325426,0.777777777778,0.944444444444,1.0,1.0,1.0,1.0,0.944444444444,0.777777777778,0.944444444444,1.0,5,21,40,MOT20-01,MOT20-05,stable080_min015_q25_025,0
MOT20-05,48,489,806,1198,v_to_u,-0.175693527081,-0.29295154185,-0.444881889764,-1.0,-1.0,-0.404255319149,-1.0,-0.92523364486,-0.961538461538,-1.0,-1.0,-0.829787234043,-1.0,-0.010598,-0.021916,0.4642237171,1.905422693977,1.211139349682,1.576332331879,0.917355371901,1.408764385947,1.203563729566,1.0,0.042603071861,0.538461538462,0.615384615385,0.923076923077,1.0,1.0,0.923076923077,0.615384615385,0.538461538462,0.815384615385,1.0,5,41,60,MOT20-01,MOT20-05,stable080_min015_q25_025,0
MOT20-05,95,225,263,1216,v_to_u,0.0,0.044642857143,0.112359550562,0.0,0.0,0.224719101124,0.133333333333,0.133333333333,0.059512889155,0.133333333333,0.333333333333,0.333333333333,0.333333333333,0.017851,0.0329,0.235904601285,4.963055029899,1.345968536144,0.012141597708,0.628099173554,1.34441691385,1.11849247477,1.0,0.052181002433,0.666666666667,0.5,0.916666666667,0.454545454545,0.833333333333,0.666666666667,0.5,0.454545454545,0.674242424242,1.0,5,81,100,MOT20-01,MOT20-05,stable080_min015_q25_025,0
MOT20-02,22,223,371,2107,u_to_v,-0.016903313049,-0.035087719298,-0.082397003745,-0.892857142857,-0.892857142857,-0.148648648649,-0.785714285714,-0.533865967088,-0.76090381018,-0.785714285714,-0.785714285714,-0.719964136282,-0.785714285714,-0.015253,-0.03018,0.094801984009,0.193639538839,0.026365292203,0.641136223945,0.769230769231,1.102637418898,0.949459908472,1.0,0.050050508701,0.789473684211,0.947368421053,0.947368421053,0.789473684211,0.947368421053,0.947368421053,0.789473684211,0.789473684211,0.884210526316,1.0,5,21,40,MOT20-01,MOT20-02,stable080_min020_q25_030,0
MOT20-02,56,214,246,1536,v_to_u,0.346153846154,0.336134453782,0.256797583082,0.0,0.0,0.3,0.0,0.537816210635,0.552801623225,0.0,0.0,0.323854660348,0.0,0.05033,0.10592,0.050920161458,1.499066055218,0.856280553428,0.792082567802,1.0,0.579667658746,0.451140694937,0.892307692308,0.070844852671,0.866666666667,0.8,1.0,0.928571428571,1.0,0.928571428571,0.866666666667,0.8,0.919047619048,1.0,5,41,60,MOT20-01,MOT20-02,stable080_min020_q25_030,0
MOT20-02,62,223,371,2236,u_to_v,-0.016903313049,-0.035087719298,-0.082397003745,-0.892857142857,-0.892857142857,-0.148648648649,-0.785714285714,-0.533865967088,-0.76090381018,-0.785714285714,-0.785714285714,-0.719964136282,-0.785714285714,-0.015253,-0.03018,0.094801984009,0.193639538839,0.026365292203,0.641136223945,0.769230769231,0.983997788965,0.804276346828,0.984615384615,0.040365485609,0.888888888889,0.888888888889,0.944444444444,0.944444444444,0.944444444444,0.944444444444,0.888888888889,0.888888888889,0.922222222222,1.0,5,61,80,MOT20-01,MOT20-02,stable080_min020_q25_030,0
MOT20-02,83,223,371,2154,u_to_v,-0.016903313049,-0.035087719298,-0.082397003745,-0.892857142857,-0.892857142857,-0.148648648649,-0.785714285714,-0.533865967088,-0.76090381018,-0.785714285714,-0.785714285714,-0.719964136282,-0.785714285714,-0.015253,-0.03018,0.094801984009,0.193639538839,0.026365292203,0.641136223945,0.769230769231,1.012303756566,0.863540803385,1.0,0.044533171747,0.705882352941,0.941176470588,0.941176470588,0.941176470588,1.0,0.941176470588,0.941176470588,0.705882352941,0.905882352941,1.0,5,81,100,MOT20-01,MOT20-02,stable080_min020_q25_030,0
MOT20-03,27,355,403,2122,v_to_u,0.001216545012,0.003322259136,0.004132231405,0.666666666667,0.666666666667,0.008196721311,0.666666666667,0.572621035058,0.658338411538,0.666666666667,0.333333333333,0.430962343096,0.333333333333,5.5e-05,0.00012,0.144499933142,0.305500778221,-0.046729386119,0.5463032965,0.583333333333,1.12538466574,0.956283259957,1.0,0.032721914951,0.65625,0.90625,0.96875,0.90625,0.96875,0.90625,0.90625,0.65625,0.88125,1.0,5,21,40,MOT20-01,MOT20-03,stable080_min020_q25_030,0
MOT20-03,79,270,276,1104,v_to_u,0.0,0.0,0.0,0.0,0.0,-0.327272727273,0.0,-0.253886010363,-0.253886010363,0.0,0.0,-0.375,0.0,-0.00154,-0.003057,0.570012548537,1.136595876729,-0.458984898842,0.208491598449,0.0,0.833115278639,0.554138935023,1.0,0.053577706708,0.416666666667,0.583333333333,0.833333333333,0.916666666667,0.541666666667,0.583333333333,0.541666666667,0.416666666667,0.658333333333,0.8,4,61,80,MOT20-01,MOT20-03,stable080_min020_q25_030,0
MOT20-03,94,131,280,1199,u_to_v,0.0,0.0,0.0,0.0,0.0,0.0,0.0,0.0,0.0,0.0,0.0,0.0,0.0,-0.0001,-0.000124,0.007504444513,0.509181544013,-0.634668679263,0.463526446565,0.0,0.853865839688,0.714485676962,1.0,0.023774955915,0.928571428571,0.857142857143,0.571428571429,0.846153846154,0.285714285714,0.846153846154,0.571428571429,0.285714285714,0.697802197802,1.0,5,81,100,MOT20-01,MOT20-03,stable080_min020_q25_030,0
MOT20-05,28,525,874,1582,v_to_u,0.028806584362,0.057851239669,0.128676470588,1.0,1.0,0.230263157895,1.0,0.975438596491,0.98813559322,1.0,1.0,0.940928270042,1.0,0.005942,0.0097,0.199086622873,0.285029901936,0.405469583515,3.067271150391,0.961538461538,1.590435275289,1.311968576063,1.0,0.035163325426,0.777777777778,0.944444444444,1.0,1.0,1.0,1.0,0.944444444444,0.777777777778,0.944444444444,1.0,5,21,40,MOT20-01,MOT20-05,stable080_min020_q25_030,0
MOT20-05,48,489,806,1198,v_to_u,-0.175693527081,-0.29295154185,-0.444881889764,-1.0,-1.0,-0.404255319149,-1.0,-0.92523364486,-0.961538461538,-1.0,-1.0,-0.829787234043,-1.0,-0.010598,-0.021916,0.4642237171,1.905422693977,1.211139349682,1.576332331879,0.917355371901,1.408764385947,1.203563729566,1.0,0.042603071861,0.538461538462,0.615384615385,0.923076923077,1.0,1.0,0.923076923077,0.615384615385,0.538461538462,0.815384615385,1.0,5,41,60,MOT20-01,MOT20-05,stable080_min020_q25_030,0
MOT20-05,95,225,263,1216,v_to_u,0.0,0.044642857143,0.112359550562,0.0,0.0,0.224719101124,0.133333333333,0.133333333333,0.059512889155,0.133333333333,0.333333333333,0.333333333333,0.333333333333,0.017851,0.0329,0.235904601285,4.963055029899,1.345968536144,0.012141597708,0.628099173554,1.34441691385,1.11849247477,1.0,0.052181002433,0.666666666667,0.5,0.916666666667,0.454545454545,0.833333333333,0.666666666667,0.5,0.454545454545,0.674242424242,1.0,5,81,100,MOT20-01,MOT20-05,stable080_min020_q25_030,0
MOT20-01,37,20,27,70,v_to_u,0.320939334638,0.353448275862,0.380281690141,0.965417867435,0.965417867435,0.266666666667,0.96,0.96,0.965417867435,0.96,0.9,0.9,0.9,0.436431,0.83944,0.66783228483,4.875543716102,-1.215417897463,-0.495135534917,0.223140495868,0.782587187498,0.627451110324,0.923076923077,0.047918362203,0.555555555556,0.333333333333,0.444444444444,0.444444444444,0.888888888889,0.444444444444,0.444444444444,0.333333333333,0.533333333333,1.0,5,21,40,MOT20-02,MOT20-01,stable080_no_motion_veto,0
MOT20-01,49,17,28,347,u_to_v,0.0,0.0,0.038338658147,0.0,0.0,0.029239766082,0.0,0.014910579616,0.012876335082,0.0,0.064102564103,0.029023458811,0.064102564103,0.046867,0.075333,1.533668403345,2.143752685328,0.281751919795,1.160903892853,0.987804878049,0.731200761564,0.571826207299,0.923076923077,0.050839304834,0.375,0.5,1.0,1.0,1.0,1.0,0.5,0.375,0.775,1.0,5,41,60,MOT20-02,MOT20-01,stable080_no_motion_veto,0
MOT20-01,74,17,29,181,v_to_u,0.011940298507,0.013513513514,0.033472803347,1.0,1.0,-0.067226890756,1.0,0.554794520548,0.607250755287,1.0,1.0,0.125541125541,1.0,0.040357,0.0829,0.021768413063,0.585642835265,-0.593139718462,0.212967798296,0.0,0.387025605672,0.316675070141,1.0,0.047893431552,1.0,1.0,0.769230769231,0.769230769231,0.423076923077,0.769230769231,0.769230769231,0.423076923077,0.792307692308,1.0,5,61,80,MOT20-02,MOT20-01,stable080_no_motion_veto,0
MOT20-03,27,355,403,2122,v_to_u,0.001216545012,0.003322259136,0.004132231405,0.666666666667,0.666666666667,0.008196721311,0.666666666667,0.572621035058,0.658338411538,0.666666666667,0.333333333333,0.430962343096,0.333333333333,5.5e-05,0.00012,0.144499933142,0.305500778221,-0.046729386119,0.5463032965,0.583333333333,1.408076982133,1.251872125674,1.0,0.039526616131,0.65625,0.90625,0.96875,0.90625,0.96875,0.90625,0.90625,0.65625,0.88125,1.0,5,21,40,MOT20-02,MOT20-03,stable080_no_motion_veto,0
MOT20-03,50,399,435,1989,v_to_u,-0.146394756009,-0.244823386114,-0.333333333333,-0.851694915254,-0.851694915254,-0.333333333333,-0.909502262443,-0.909502262443,-0.836955711581,-0.909502262443,-1.0,-1.0,-1.0,-0.06296,-0.120037,1.71706127963,13.252341424735,-2.412098674188,-0.330407870672,0.0,0.83485945512,0.770530517033,0.984615384615,0.034489990902,0.307692307692,0.153846153846,0.384615384615,0.461538461538,0.384615384615,0.384615384615,0.307692307692,0.153846153846,0.338461538462,1.0,5,41,60,MOT20-02,MOT20-03,stable080_no_motion_veto,0
MOT20-03,79,270,276,1104,v_to_u,0.0,0.0,0.0,0.0,0.0,-0.327272727273,0.0,-0.253886010363,-0.253886010363,0.0,0.0,-0.375,0.0,-0.00154,-0.003057,0.570012548537,1.136595876729,-0.458984898842,0.208491598449,0.0,0.689358754382,0.66401352375,1.0,0.031355988952,0.416666666667,0.583333333333,0.833333333333,0.916666666667,0.541666666667,0.583333333333,0.541666666667,0.416666666667,0.658333333333,1.0,5,61,80,MOT20-02,MOT20-03,stable080_no_motion_veto,0
MOT20-03,94,131,280,1199,u_to_v,0.0,0.0,0.0,0.0,0.0,0.0,0.0,0.0,0.0,0.0,0.0,0.0,0.0,-0.0001,-0.000124,0.007504444513,0.509181544013,-0.634668679263,0.463526446565,0.0,1.098993884406,0.870131331003,1.0,0.024201415427,0.928571428571,0.857142857143,0.571428571429,0.846153846154,0.285714285714,0.846153846154,0.571428571429,0.285714285714,0.697802197802,1.0,5,81,100,MOT20-02,MOT20-03,stable080_no_motion_veto,0
MOT20-05,28,525,874,1582,v_to_u,0.028806584362,0.057851239669,0.128676470588,1.0,1.0,0.230263157895,1.0,0.975438596491,0.98813559322,1.0,1.0,0.940928270042,1.0,0.005942,0.0097,0.199086622873,0.285029901936,0.405469583515,3.067271150391,0.961538461538,0.934526583116,0.822288215333,1.0,0.024136496199,0.777777777778,0.944444444444,1.0,1.0,1.0,1.0,0.944444444444,0.777777777778,0.944444444444,0.8,4,21,40,MOT20-02,MOT20-05,stable080_no_motion_veto,0
MOT20-05,48,489,806,1198,v_to_u,-0.175693527081,-0.29295154185,-0.444881889764,-1.0,-1.0,-0.404255319149,-1.0,-0.92523364486,-0.961538461538,-1.0,-1.0,-0.829787234043,-1.0,-0.010598,-0.021916,0.4642237171,1.905422693977,1.211139349682,1.576332331879,0.917355371901,0.408330154405,0.300088019725,0.784615384615,0.041069661798,0.538461538462,0.615384615385,0.923076923077,1.0,1.0,0.923076923077,0.615384615385,0.538461538462,0.815384615385,1.0,5,41,60,MOT20-02,MOT20-05,stable080_no_motion_veto,0
MOT20-05,76,857,861,1937,u_to_v,0.0,0.0,0.0,0.0,0.0,0.0,0.0,0.0,0.0,0.0,0.0,0.0,0.0,0.0,0.0,0.007273634103,0.901074337243,-0.744709949579,0.382090710774,0.0,0.567724719836,0.435172842437,1.0,0.038206453699,1.0,0.583333333333,0.583333333333,0.916666666667,0.458333333333,0.583333333333,0.583333333333,0.458333333333,0.708333333333,1.0,5,61,80,MOT20-02,MOT20-05,stable080_no_motion_veto,0
MOT20-05,96,1377,1380,3218,v_to_u,-0.008026755853,-0.019900497512,-0.049382716049,-1.0,-1.0,-0.090909090909,-1.0,-1.0,-1.0,-1.0,-1.0,-1.0,-1.0,-0.002264,-0.00437,0.201448297782,0.554555332703,-0.336192984762,1.250606848785,0.0,0.718909226974,0.620214257662,1.0,0.033598558036,0.791666666667,0.875,0.708333333333,0.954545454545,0.416666666667,0.791666666667,0.708333333333,0.416666666667,0.749242424242,1.0,5,81,100,MOT20-02,MOT20-05,stable080_no_motion_veto,0
MOT20-01,37,20,27,70,v_to_u,0.320939334638,0.353448275862,0.380281690141,0.965417867435,0.965417867435,0.266666666667,0.96,0.96,0.965417867435,0.96,0.9,0.9,0.9,0.436431,0.83944,0.66783228483,4.875543716102,-1.215417897463,-0.495135534917,0.223140495868,0.782587187498,0.627451110324,0.923076923077,0.047918362203,0.555555555556,0.333333333333,0.444444444444,0.444444444444,0.888888888889,0.444444444444,0.444444444444,0.333333333333,0.533333333333,1.0,5,21,40,MOT20-02,MOT20-01,stable080_motion_min_ge_010,0
MOT20-01,49,17,28,347,u_to_v,0.0,0.0,0.038338658147,0.0,0.0,0.029239766082,0.0,0.014910579616,0.012876335082,0.0,0.064102564103,0.029023458811,0.064102564103,0.046867,0.075333,1.533668403345,2.143752685328,0.281751919795,1.160903892853,0.987804878049,0.731200761564,0.571826207299,0.923076923077,0.050839304834,0.375,0.5,1.0,1.0,1.0,1.0,0.5,0.375,0.775,1.0,5,41,60,MOT20-02,MOT20-01,stable080_motion_min_ge_010,0
MOT20-01,74,17,29,181,v_to_u,0.011940298507,0.013513513514,0.033472803347,1.0,1.0,-0.067226890756,1.0,0.554794520548,0.607250755287,1.0,1.0,0.125541125541,1.0,0.040357,0.0829,0.021768413063,0.585642835265,-0.593139718462,0.212967798296,0.0,0.387025605672,0.316675070141,1.0,0.047893431552,1.0,1.0,0.769230769231,0.769230769231,0.423076923077,0.769230769231,0.769230769231,0.423076923077,0.792307692308,1.0,5,61,80,MOT20-02,MOT20-01,stable080_motion_min_ge_010,0
MOT20-03,27,355,403,2122,v_to_u,0.001216545012,0.003322259136,0.004132231405,0.666666666667,0.666666666667,0.008196721311,0.666666666667,0.572621035058,0.658338411538,0.666666666667,0.333333333333,0.430962343096,0.333333333333,5.5e-05,0.00012,0.144499933142,0.305500778221,-0.046729386119,0.5463032965,0.583333333333,1.408076982133,1.251872125674,1.0,0.039526616131,0.65625,0.90625,0.96875,0.90625,0.96875,0.90625,0.90625,0.65625,0.88125,1.0,5,21,40,MOT20-02,MOT20-03,stable080_motion_min_ge_010,0
MOT20-03,50,399,435,1989,v_to_u,-0.146394756009,-0.244823386114,-0.333333333333,-0.851694915254,-0.851694915254,-0.333333333333,-0.909502262443,-0.909502262443,-0.836955711581,-0.909502262443,-1.0,-1.0,-1.0,-0.06296,-0.120037,1.71706127963,13.252341424735,-2.412098674188,-0.330407870672,0.0,0.83485945512,0.770530517033,0.984615384615,0.034489990902,0.307692307692,0.153846153846,0.384615384615,0.461538461538,0.384615384615,0.384615384615,0.307692307692,0.153846153846,0.338461538462,1.0,5,41,60,MOT20-02,MOT20-03,stable080_motion_min_ge_010,0
MOT20-03,79,270,276,1104,v_to_u,0.0,0.0,0.0,0.0,0.0,-0.327272727273,0.0,-0.253886010363,-0.253886010363,0.0,0.0,-0.375,0.0,-0.00154,-0.003057,0.570012548537,1.136595876729,-0.458984898842,0.208491598449,0.0,0.689358754382,0.66401352375,1.0,0.031355988952,0.416666666667,0.583333333333,0.833333333333,0.916666666667,0.541666666667,0.583333333333,0.541666666667,0.416666666667,0.658333333333,1.0,5,61,80,MOT20-02,MOT20-03,stable080_motion_min_ge_010,0
MOT20-03,94,131,280,1199,u_to_v,0.0,0.0,0.0,0.0,0.0,0.0,0.0,0.0,0.0,0.0,0.0,0.0,0.0,-0.0001,-0.000124,0.007504444513,0.509181544013,-0.634668679263,0.463526446565,0.0,1.098993884406,0.870131331003,1.0,0.024201415427,0.928571428571,0.857142857143,0.571428571429,0.846153846154,0.285714285714,0.846153846154,0.571428571429,0.285714285714,0.697802197802,1.0,5,81,100,MOT20-02,MOT20-03,stable080_motion_min_ge_010,0
MOT20-05,28,525,874,1582,v_to_u,0.028806584362,0.057851239669,0.128676470588,1.0,1.0,0.230263157895,1.0,0.975438596491,0.98813559322,1.0,1.0,0.940928270042,1.0,0.005942,0.0097,0.199086622873,0.285029901936,0.405469583515,3.067271150391,0.961538461538,0.934526583116,0.822288215333,1.0,0.024136496199,0.777777777778,0.944444444444,1.0,1.0,1.0,1.0,0.944444444444,0.777777777778,0.944444444444,0.8,4,21,40,MOT20-02,MOT20-05,stable080_motion_min_ge_010,0
MOT20-05,48,489,806,1198,v_to_u,-0.175693527081,-0.29295154185,-0.444881889764,-1.0,-1.0,-0.404255319149,-1.0,-0.92523364486,-0.961538461538,-1.0,-1.0,-0.829787234043,-1.0,-0.010598,-0.021916,0.4642237171,1.905422693977,1.211139349682,1.576332331879,0.917355371901,0.408330154405,0.300088019725,0.784615384615,0.041069661798,0.538461538462,0.615384615385,0.923076923077,1.0,1.0,0.923076923077,0.615384615385,0.538461538462,0.815384615385,1.0,5,41,60,MOT20-02,MOT20-05,stable080_motion_min_ge_010,0
MOT20-05,76,857,861,1937,u_to_v,0.0,0.0,0.0,0.0,0.0,0.0,0.0,0.0,0.0,0.0,0.0,0.0,0.0,0.0,0.0,0.007273634103,0.901074337243,-0.744709949579,0.382090710774,0.0,0.567724719836,0.435172842437,1.0,0.038206453699,1.0,0.583333333333,0.583333333333,0.916666666667,0.458333333333,0.583333333333,0.583333333333,0.458333333333,0.708333333333,1.0,5,61,80,MOT20-02,MOT20-05,stable080_motion_min_ge_010,0
MOT20-05,96,1377,1380,3218,v_to_u,-0.008026755853,-0.019900497512,-0.049382716049,-1.0,-1.0,-0.090909090909,-1.0,-1.0,-1.0,-1.0,-1.0,-1.0,-1.0,-0.002264,-0.00437,0.201448297782,0.554555332703,-0.336192984762,1.250606848785,0.0,0.718909226974,0.620214257662,1.0,0.033598558036,0.791666666667,0.875,0.708333333333,0.954545454545,0.416666666667,0.791666666667,0.708333333333,0.416666666667,0.749242424242,1.0,5,81,100,MOT20-02,MOT20-05,stable080_motion_min_ge_010,0
MOT20-01,37,20,27,70,v_to_u,0.320939334638,0.353448275862,0.380281690141,0.965417867435,0.965417867435,0.266666666667,0.96,0.96,0.965417867435,0.96,0.9,0.9,0.9,0.436431,0.83944,0.66783228483,4.875543716102,-1.215417897463,-0.495135534917,0.223140495868,0.782587187498,0.627451110324,0.923076923077,0.047918362203,0.555555555556,0.333333333333,0.444444444444,0.444444444444,0.888888888889,0.444444444444,0.444444444444,0.333333333333,0.533333333333,1.0,5,21,40,MOT20-02,MOT20-01,stable080_motion_min_ge_015,0
MOT20-01,49,17,28,347,u_to_v,0.0,0.0,0.038338658147,0.0,0.0,0.029239766082,0.0,0.014910579616,0.012876335082,0.0,0.064102564103,0.029023458811,0.064102564103,0.046867,0.075333,1.533668403345,2.143752685328,0.281751919795,1.160903892853,0.987804878049,0.731200761564,0.571826207299,0.923076923077,0.050839304834,0.375,0.5,1.0,1.0,1.0,1.0,0.5,0.375,0.775,1.0,5,41,60,MOT20-02,MOT20-01,stable080_motion_min_ge_015,0
MOT20-01,74,17,29,181,v_to_u,0.011940298507,0.013513513514,0.033472803347,1.0,1.0,-0.067226890756,1.0,0.554794520548,0.607250755287,1.0,1.0,0.125541125541,1.0,0.040357,0.0829,0.021768413063,0.585642835265,-0.593139718462,0.212967798296,0.0,0.387025605672,0.316675070141,1.0,0.047893431552,1.0,1.0,0.769230769231,0.769230769231,0.423076923077,0.769230769231,0.769230769231,0.423076923077,0.792307692308,1.0,5,61,80,MOT20-02,MOT20-01,stable080_motion_min_ge_015,0
MOT20-03,27,355,403,2122,v_to_u,0.001216545012,0.003322259136,0.004132231405,0.666666666667,0.666666666667,0.008196721311,0.666666666667,0.572621035058,0.658338411538,0.666666666667,0.333333333333,0.430962343096,0.333333333333,5.5e-05,0.00012,0.144499933142,0.305500778221,-0.046729386119,0.5463032965,0.583333333333,1.408076982133,1.251872125674,1.0,0.039526616131,0.65625,0.90625,0.96875,0.90625,0.96875,0.90625,0.90625,0.65625,0.88125,1.0,5,21,40,MOT20-02,MOT20-03,stable080_motion_min_ge_015,0
MOT20-03,50,399,435,1989,v_to_u,-0.146394756009,-0.244823386114,-0.333333333333,-0.851694915254,-0.851694915254,-0.333333333333,-0.909502262443,-0.909502262443,-0.836955711581,-0.909502262443,-1.0,-1.0,-1.0,-0.06296,-0.120037,1.71706127963,13.252341424735,-2.412098674188,-0.330407870672,0.0,0.83485945512,0.770530517033,0.984615384615,0.034489990902,0.307692307692,0.153846153846,0.384615384615,0.461538461538,0.384615384615,0.384615384615,0.307692307692,0.153846153846,0.338461538462,1.0,5,41,60,MOT20-02,MOT20-03,stable080_motion_min_ge_015,0
MOT20-03,79,270,276,1104,v_to_u,0.0,0.0,0.0,0.0,0.0,-0.327272727273,0.0,-0.253886010363,-0.253886010363,0.0,0.0,-0.375,0.0,-0.00154,-0.003057,0.570012548537,1.136595876729,-0.458984898842,0.208491598449,0.0,0.689358754382,0.66401352375,1.0,0.031355988952,0.416666666667,0.583333333333,0.833333333333,0.916666666667,0.541666666667,0.583333333333,0.541666666667,0.416666666667,0.658333333333,1.0,5,61,80,MOT20-02,MOT20-03,stable080_motion_min_ge_015,0
MOT20-03,94,131,280,1199,u_to_v,0.0,0.0,0.0,0.0,0.0,0.0,0.0,0.0,0.0,0.0,0.0,0.0,0.0,-0.0001,-0.000124,0.007504444513,0.509181544013,-0.634668679263,0.463526446565,0.0,1.098993884406,0.870131331003,1.0,0.024201415427,0.928571428571,0.857142857143,0.571428571429,0.846153846154,0.285714285714,0.846153846154,0.571428571429,0.285714285714,0.697802197802,1.0,5,81,100,MOT20-02,MOT20-03,stable080_motion_min_ge_015,0
MOT20-05,28,525,874,1582,v_to_u,0.028806584362,0.057851239669,0.128676470588,1.0,1.0,0.230263157895,1.0,0.975438596491,0.98813559322,1.0,1.0,0.940928270042,1.0,0.005942,0.0097,0.199086622873,0.285029901936,0.405469583515,3.067271150391,0.961538461538,0.934526583116,0.822288215333,1.0,0.024136496199,0.777777777778,0.944444444444,1.0,1.0,1.0,1.0,0.944444444444,0.777777777778,0.944444444444,0.8,4,21,40,MOT20-02,MOT20-05,stable080_motion_min_ge_015,0
MOT20-05,48,489,806,1198,v_to_u,-0.175693527081,-0.29295154185,-0.444881889764,-1.0,-1.0,-0.404255319149,-1.0,-0.92523364486,-0.961538461538,-1.0,-1.0,-0.829787234043,-1.0,-0.010598,-0.021916,0.4642237171,1.905422693977,1.211139349682,1.576332331879,0.917355371901,0.408330154405,0.300088019725,0.784615384615,0.041069661798,0.538461538462,0.615384615385,0.923076923077,1.0,1.0,0.923076923077,0.615384615385,0.538461538462,0.815384615385,1.0,5,41,60,MOT20-02,MOT20-05,stable080_motion_min_ge_015,0
MOT20-05,76,857,861,1937,u_to_v,0.0,0.0,0.0,0.0,0.0,0.0,0.0,0.0,0.0,0.0,0.0,0.0,0.0,0.0,0.0,0.007273634103,0.901074337243,-0.744709949579,0.382090710774,0.0,0.567724719836,0.435172842437,1.0,0.038206453699,1.0,0.583333333333,0.583333333333,0.916666666667,0.458333333333,0.583333333333,0.583333333333,0.458333333333,0.708333333333,1.0,5,61,80,MOT20-02,MOT20-05,stable080_motion_min_ge_015,0
MOT20-05,96,1377,1380,3218,v_to_u,-0.008026755853,-0.019900497512,-0.049382716049,-1.0,-1.0,-0.090909090909,-1.0,-1.0,-1.0,-1.0,-1.0,-1.0,-1.0,-0.002264,-0.00437,0.201448297782,0.554555332703,-0.336192984762,1.250606848785,0.0,0.718909226974,0.620214257662,1.0,0.033598558036,0.791666666667,0.875,0.708333333333,0.954545454545,0.416666666667,0.791666666667,0.708333333333,0.416666666667,0.749242424242,1.0,5,81,100,MOT20-02,MOT20-05,stable080_motion_min_ge_015,0
MOT20-01,37,20,27,70,v_to_u,0.320939334638,0.353448275862,0.380281690141,0.965417867435,0.965417867435,0.266666666667,0.96,0.96,0.965417867435,0.96,0.9,0.9,0.9,0.436431,0.83944,0.66783228483,4.875543716102,-1.215417897463,-0.495135534917,0.223140495868,0.782587187498,0.627451110324,0.923076923077,0.047918362203,0.555555555556,0.333333333333,0.444444444444,0.444444444444,0.888888888889,0.444444444444,0.444444444444,0.333333333333,0.533333333333,1.0,5,21,40,MOT20-02,MOT20-01,stable080_motion_min_ge_020,0
MOT20-01,49,17,28,347,u_to_v,0.0,0.0,0.038338658147,0.0,0.0,0.029239766082,0.0,0.014910579616,0.012876335082,0.0,0.064102564103,0.029023458811,0.064102564103,0.046867,0.075333,1.533668403345,2.143752685328,0.281751919795,1.160903892853,0.987804878049,0.731200761564,0.571826207299,0.923076923077,0.050839304834,0.375,0.5,1.0,1.0,1.0,1.0,0.5,0.375,0.775,1.0,5,41,60,MOT20-02,MOT20-01,stable080_motion_min_ge_020,0
MOT20-01,74,17,29,181,v_to_u,0.011940298507,0.013513513514,0.033472803347,1.0,1.0,-0.067226890756,1.0,0.554794520548,0.607250755287,1.0,1.0,0.125541125541,1.0,0.040357,0.0829,0.021768413063,0.585642835265,-0.593139718462,0.212967798296,0.0,0.387025605672,0.316675070141,1.0,0.047893431552,1.0,1.0,0.769230769231,0.769230769231,0.423076923077,0.769230769231,0.769230769231,0.423076923077,0.792307692308,1.0,5,61,80,MOT20-02,MOT20-01,stable080_motion_min_ge_020,0
MOT20-03,27,355,403,2122,v_to_u,0.001216545012,0.003322259136,0.004132231405,0.666666666667,0.666666666667,0.008196721311,0.666666666667,0.572621035058,0.658338411538,0.666666666667,0.333333333333,0.430962343096,0.333333333333,5.5e-05,0.00012,0.144499933142,0.305500778221,-0.046729386119,0.5463032965,0.583333333333,1.408076982133,1.251872125674,1.0,0.039526616131,0.65625,0.90625,0.96875,0.90625,0.96875,0.90625,0.90625,0.65625,0.88125,1.0,5,21,40,MOT20-02,MOT20-03,stable080_motion_min_ge_020,0
MOT20-03,79,270,276,1104,v_to_u,0.0,0.0,0.0,0.0,0.0,-0.327272727273,0.0,-0.253886010363,-0.253886010363,0.0,0.0,-0.375,0.0,-0.00154,-0.003057,0.570012548537,1.136595876729,-0.458984898842,0.208491598449,0.0,0.689358754382,0.66401352375,1.0,0.031355988952,0.416666666667,0.583333333333,0.833333333333,0.916666666667,0.541666666667,0.583333333333,0.541666666667,0.416666666667,0.658333333333,1.0,5,61,80,MOT20-02,MOT20-03,stable080_motion_min_ge_020,0
MOT20-03,94,131,280,1199,u_to_v,0.0,0.0,0.0,0.0,0.0,0.0,0.0,0.0,0.0,0.0,0.0,0.0,0.0,-0.0001,-0.000124,0.007504444513,0.509181544013,-0.634668679263,0.463526446565,0.0,1.098993884406,0.870131331003,1.0,0.024201415427,0.928571428571,0.857142857143,0.571428571429,0.846153846154,0.285714285714,0.846153846154,0.571428571429,0.285714285714,0.697802197802,1.0,5,81,100,MOT20-02,MOT20-03,stable080_motion_min_ge_020,0
MOT20-05,28,525,874,1582,v_to_u,0.028806584362,0.057851239669,0.128676470588,1.0,1.0,0.230263157895,1.0,0.975438596491,0.98813559322,1.0,1.0,0.940928270042,1.0,0.005942,0.0097,0.199086622873,0.285029901936,0.405469583515,3.067271150391,0.961538461538,0.934526583116,0.822288215333,1.0,0.024136496199,0.777777777778,0.944444444444,1.0,1.0,1.0,1.0,0.944444444444,0.777777777778,0.944444444444,0.8,4,21,40,MOT20-02,MOT20-05,stable080_motion_min_ge_020,0
MOT20-05,48,489,806,1198,v_to_u,-0.175693527081,-0.29295154185,-0.444881889764,-1.0,-1.0,-0.404255319149,-1.0,-0.92523364486,-0.961538461538,-1.0,-1.0,-0.829787234043,-1.0,-0.010598,-0.021916,0.4642237171,1.905422693977,1.211139349682,1.576332331879,0.917355371901,0.408330154405,0.300088019725,0.784615384615,0.041069661798,0.538461538462,0.615384615385,0.923076923077,1.0,1.0,0.923076923077,0.615384615385,0.538461538462,0.815384615385,1.0,5,41,60,MOT20-02,MOT20-05,stable080_motion_min_ge_020,0
MOT20-05,76,857,861,1937,u_to_v,0.0,0.0,0.0,0.0,0.0,0.0,0.0,0.0,0.0,0.0,0.0,0.0,0.0,0.0,0.0,0.007273634103,0.901074337243,-0.744709949579,0.382090710774,0.0,0.567724719836,0.435172842437,1.0,0.038206453699,1.0,0.583333333333,0.583333333333,0.916666666667,0.458333333333,0.583333333333,0.583333333333,0.458333333333,0.708333333333,1.0,5,61,80,MOT20-02,MOT20-05,stable080_motion_min_ge_020,0
MOT20-05,96,1377,1380,3218,v_to_u,-0.008026755853,-0.019900497512,-0.049382716049,-1.0,-1.0,-0.090909090909,-1.0,-1.0,-1.0,-1.0,-1.0,-1.0,-1.0,-0.002264,-0.00437,0.201448297782,0.554555332703,-0.336192984762,1.250606848785,0.0,0.718909226974,0.620214257662,1.0,0.033598558036,0.791666666667,0.875,0.708333333333,0.954545454545,0.416666666667,0.791666666667,0.708333333333,0.416666666667,0.749242424242,1.0,5,81,100,MOT20-02,MOT20-05,stable080_motion_min_ge_020,0
MOT20-01,37,20,27,70,v_to_u,0.320939334638,0.353448275862,0.380281690141,0.965417867435,0.965417867435,0.266666666667,0.96,0.96,0.965417867435,0.96,0.9,0.9,0.9,0.436431,0.83944,0.66783228483,4.875543716102,-1.215417897463,-0.495135534917,0.223140495868,0.782587187498,0.627451110324,0.923076923077,0.047918362203,0.555555555556,0.333333333333,0.444444444444,0.444444444444,0.888888888889,0.444444444444,0.444444444444,0.333333333333,0.533333333333,1.0,5,21,40,MOT20-02,MOT20-01,stable080_motion_min_ge_025,0
MOT20-01,49,17,28,347,u_to_v,0.0,0.0,0.038338658147,0.0,0.0,0.029239766082,0.0,0.014910579616,0.012876335082,0.0,0.064102564103,0.029023458811,0.064102564103,0.046867,0.075333,1.533668403345,2.143752685328,0.281751919795,1.160903892853,0.987804878049,0.731200761564,0.571826207299,0.923076923077,0.050839304834,0.375,0.5,1.0,1.0,1.0,1.0,0.5,0.375,0.775,1.0,5,41,60,MOT20-02,MOT20-01,stable080_motion_min_ge_025,0
MOT20-01,74,17,29,181,v_to_u,0.011940298507,0.013513513514,0.033472803347,1.0,1.0,-0.067226890756,1.0,0.554794520548,0.607250755287,1.0,1.0,0.125541125541,1.0,0.040357,0.0829,0.021768413063,0.585642835265,-0.593139718462,0.212967798296,0.0,0.387025605672,0.316675070141,1.0,0.047893431552,1.0,1.0,0.769230769231,0.769230769231,0.423076923077,0.769230769231,0.769230769231,0.423076923077,0.792307692308,1.0,5,61,80,MOT20-02,MOT20-01,stable080_motion_min_ge_025,0
MOT20-03,27,355,403,2122,v_to_u,0.001216545012,0.003322259136,0.004132231405,0.666666666667,0.666666666667,0.008196721311,0.666666666667,0.572621035058,0.658338411538,0.666666666667,0.333333333333,0.430962343096,0.333333333333,5.5e-05,0.00012,0.144499933142,0.305500778221,-0.046729386119,0.5463032965,0.583333333333,1.408076982133,1.251872125674,1.0,0.039526616131,0.65625,0.90625,0.96875,0.90625,0.96875,0.90625,0.90625,0.65625,0.88125,1.0,5,21,40,MOT20-02,MOT20-03,stable080_motion_min_ge_025,0
MOT20-03,79,270,276,1104,v_to_u,0.0,0.0,0.0,0.0,0.0,-0.327272727273,0.0,-0.253886010363,-0.253886010363,0.0,0.0,-0.375,0.0,-0.00154,-0.003057,0.570012548537,1.136595876729,-0.458984898842,0.208491598449,0.0,0.689358754382,0.66401352375,1.0,0.031355988952,0.416666666667,0.583333333333,0.833333333333,0.916666666667,0.541666666667,0.583333333333,0.541666666667,0.416666666667,0.658333333333,1.0,5,61,80,MOT20-02,MOT20-03,stable080_motion_min_ge_025,0
MOT20-03,94,131,280,1199,u_to_v,0.0,0.0,0.0,0.0,0.0,0.0,0.0,0.0,0.0,0.0,0.0,0.0,0.0,-0.0001,-0.000124,0.007504444513,0.509181544013,-0.634668679263,0.463526446565,0.0,1.098993884406,0.870131331003,1.0,0.024201415427,0.928571428571,0.857142857143,0.571428571429,0.846153846154,0.285714285714,0.846153846154,0.571428571429,0.285714285714,0.697802197802,1.0,5,81,100,MOT20-02,MOT20-03,stable080_motion_min_ge_025,0
MOT20-05,28,525,874,1582,v_to_u,0.028806584362,0.057851239669,0.128676470588,1.0,1.0,0.230263157895,1.0,0.975438596491,0.98813559322,1.0,1.0,0.940928270042,1.0,0.005942,0.0097,0.199086622873,0.285029901936,0.405469583515,3.067271150391,0.961538461538,0.934526583116,0.822288215333,1.0,0.024136496199,0.777777777778,0.944444444444,1.0,1.0,1.0,1.0,0.944444444444,0.777777777778,0.944444444444,0.8,4,21,40,MOT20-02,MOT20-05,stable080_motion_min_ge_025,0
MOT20-05,48,489,806,1198,v_to_u,-0.175693527081,-0.29295154185,-0.444881889764,-1.0,-1.0,-0.404255319149,-1.0,-0.92523364486,-0.961538461538,-1.0,-1.0,-0.829787234043,-1.0,-0.010598,-0.021916,0.4642237171,1.905422693977,1.211139349682,1.576332331879,0.917355371901,0.408330154405,0.300088019725,0.784615384615,0.041069661798,0.538461538462,0.615384615385,0.923076923077,1.0,1.0,0.923076923077,0.615384615385,0.538461538462,0.815384615385,1.0,5,41,60,MOT20-02,MOT20-05,stable080_motion_min_ge_025,0
MOT20-05,76,857,861,1937,u_to_v,0.0,0.0,0.0,0.0,0.0,0.0,0.0,0.0,0.0,0.0,0.0,0.0,0.0,0.0,0.0,0.007273634103,0.901074337243,-0.744709949579,0.382090710774,0.0,0.567724719836,0.435172842437,1.0,0.038206453699,1.0,0.583333333333,0.583333333333,0.916666666667,0.458333333333,0.583333333333,0.583333333333,0.458333333333,0.708333333333,1.0,5,61,80,MOT20-02,MOT20-05,stable080_motion_min_ge_025,0
MOT20-05,96,1377,1380,3218,v_to_u,-0.008026755853,-0.019900497512,-0.049382716049,-1.0,-1.0,-0.090909090909,-1.0,-1.0,-1.0,-1.0,-1.0,-1.0,-1.0,-0.002264,-0.00437,0.201448297782,0.554555332703,-0.336192984762,1.250606848785,0.0,0.718909226974,0.620214257662,1.0,0.033598558036,0.791666666667,0.875,0.708333333333,0.954545454545,0.416666666667,0.791666666667,0.708333333333,0.416666666667,0.749242424242,1.0,5,81,100,MOT20-02,MOT20-05,stable080_motion_min_ge_025,0
MOT20-01,37,20,27,70,v_to_u,0.320939334638,0.353448275862,0.380281690141,0.965417867435,0.965417867435,0.266666666667,0.96,0.96,0.965417867435,0.96,0.9,0.9,0.9,0.436431,0.83944,0.66783228483,4.875543716102,-1.215417897463,-0.495135534917,0.223140495868,0.782587187498,0.627451110324,0.923076923077,0.047918362203,0.555555555556,0.333333333333,0.444444444444,0.444444444444,0.888888888889,0.444444444444,0.444444444444,0.333333333333,0.533333333333,1.0,5,21,40,MOT20-02,MOT20-01,stable080_motion_min_ge_030,0
MOT20-01,49,17,28,347,u_to_v,0.0,0.0,0.038338658147,0.0,0.0,0.029239766082,0.0,0.014910579616,0.012876335082,0.0,0.064102564103,0.029023458811,0.064102564103,0.046867,0.075333,1.533668403345,2.143752685328,0.281751919795,1.160903892853,0.987804878049,0.731200761564,0.571826207299,0.923076923077,0.050839304834,0.375,0.5,1.0,1.0,1.0,1.0,0.5,0.375,0.775,1.0,5,41,60,MOT20-02,MOT20-01,stable080_motion_min_ge_030,0
MOT20-01,74,17,29,181,v_to_u,0.011940298507,0.013513513514,0.033472803347,1.0,1.0,-0.067226890756,1.0,0.554794520548,0.607250755287,1.0,1.0,0.125541125541,1.0,0.040357,0.0829,0.021768413063,0.585642835265,-0.593139718462,0.212967798296,0.0,0.387025605672,0.316675070141,1.0,0.047893431552,1.0,1.0,0.769230769231,0.769230769231,0.423076923077,0.769230769231,0.769230769231,0.423076923077,0.792307692308,1.0,5,61,80,MOT20-02,MOT20-01,stable080_motion_min_ge_030,0
MOT20-03,27,355,403,2122,v_to_u,0.001216545012,0.003322259136,0.004132231405,0.666666666667,0.666666666667,0.008196721311,0.666666666667,0.572621035058,0.658338411538,0.666666666667,0.333333333333,0.430962343096,0.333333333333,5.5e-05,0.00012,0.144499933142,0.305500778221,-0.046729386119,0.5463032965,0.583333333333,1.408076982133,1.251872125674,1.0,0.039526616131,0.65625,0.90625,0.96875,0.90625,0.96875,0.90625,0.90625,0.65625,0.88125,1.0,5,21,40,MOT20-02,MOT20-03,stable080_motion_min_ge_030,0
MOT20-03,79,270,276,1104,v_to_u,0.0,0.0,0.0,0.0,0.0,-0.327272727273,0.0,-0.253886010363,-0.253886010363,0.0,0.0,-0.375,0.0,-0.00154,-0.003057,0.570012548537,1.136595876729,-0.458984898842,0.208491598449,0.0,0.689358754382,0.66401352375,1.0,0.031355988952,0.416666666667,0.583333333333,0.833333333333,0.916666666667,0.541666666667,0.583333333333,0.541666666667,0.416666666667,0.658333333333,1.0,5,61,80,MOT20-02,MOT20-03,stable080_motion_min_ge_030,0
MOT20-05,28,525,874,1582,v_to_u,0.028806584362,0.057851239669,0.128676470588,1.0,1.0,0.230263157895,1.0,0.975438596491,0.98813559322,1.0,1.0,0.940928270042,1.0,0.005942,0.0097,0.199086622873,0.285029901936,0.405469583515,3.067271150391,0.961538461538,0.934526583116,0.822288215333,1.0,0.024136496199,0.777777777778,0.944444444444,1.0,1.0,1.0,1.0,0.944444444444,0.777777777778,0.944444444444,0.8,4,21,40,MOT20-02,MOT20-05,stable080_motion_min_ge_030,0
MOT20-05,48,489,806,1198,v_to_u,-0.175693527081,-0.29295154185,-0.444881889764,-1.0,-1.0,-0.404255319149,-1.0,-0.92523364486,-0.961538461538,-1.0,-1.0,-0.829787234043,-1.0,-0.010598,-0.021916,0.4642237171,1.905422693977,1.211139349682,1.576332331879,0.917355371901,0.408330154405,0.300088019725,0.784615384615,0.041069661798,0.538461538462,0.615384615385,0.923076923077,1.0,1.0,0.923076923077,0.615384615385,0.538461538462,0.815384615385,1.0,5,41,60,MOT20-02,MOT20-05,stable080_motion_min_ge_030,0
MOT20-05,76,857,861,1937,u_to_v,0.0,0.0,0.0,0.0,0.0,0.0,0.0,0.0,0.0,0.0,0.0,0.0,0.0,0.0,0.0,0.007273634103,0.901074337243,-0.744709949579,0.382090710774,0.0,0.567724719836,0.435172842437,1.0,0.038206453699,1.0,0.583333333333,0.583333333333,0.916666666667,0.458333333333,0.583333333333,0.583333333333,0.458333333333,0.708333333333,1.0,5,61,80,MOT20-02,MOT20-05,stable080_motion_min_ge_030,0
MOT20-05,96,1377,1380,3218,v_to_u,-0.008026755853,-0.019900497512,-0.049382716049,-1.0,-1.0,-0.090909090909,-1.0,-1.0,-1.0,-1.0,-1.0,-1.0,-1.0,-0.002264,-0.00437,0.201448297782,0.554555332703,-0.336192984762,1.250606848785,0.0,0.718909226974,0.620214257662,1.0,0.033598558036,0.791666666667,0.875,0.708333333333,0.954545454545,0.416666666667,0.791666666667,0.708333333333,0.416666666667,0.749242424242,1.0,5,81,100,MOT20-02,MOT20-05,stable080_motion_min_ge_030,0
MOT20-01,37,20,27,70,v_to_u,0.320939334638,0.353448275862,0.380281690141,0.965417867435,0.965417867435,0.266666666667,0.96,0.96,0.965417867435,0.96,0.9,0.9,0.9,0.436431,0.83944,0.66783228483,4.875543716102,-1.215417897463,-0.495135534917,0.223140495868,0.782587187498,0.627451110324,0.923076923077,0.047918362203,0.555555555556,0.333333333333,0.444444444444,0.444444444444,0.888888888889,0.444444444444,0.444444444444,0.333333333333,0.533333333333,1.0,5,21,40,MOT20-02,MOT20-01,stable080_motion_q25_ge_020,0
MOT20-01,49,17,28,347,u_to_v,0.0,0.0,0.038338658147,0.0,0.0,0.029239766082,0.0,0.014910579616,0.012876335082,0.0,0.064102564103,0.029023458811,0.064102564103,0.046867,0.075333,1.533668403345,2.143752685328,0.281751919795,1.160903892853,0.987804878049,0.731200761564,0.571826207299,0.923076923077,0.050839304834,0.375,0.5,1.0,1.0,1.0,1.0,0.5,0.375,0.775,1.0,5,41,60,MOT20-02,MOT20-01,stable080_motion_q25_ge_020,0
MOT20-01,74,17,29,181,v_to_u,0.011940298507,0.013513513514,0.033472803347,1.0,1.0,-0.067226890756,1.0,0.554794520548,0.607250755287,1.0,1.0,0.125541125541,1.0,0.040357,0.0829,0.021768413063,0.585642835265,-0.593139718462,0.212967798296,0.0,0.387025605672,0.316675070141,1.0,0.047893431552,1.0,1.0,0.769230769231,0.769230769231,0.423076923077,0.769230769231,0.769230769231,0.423076923077,0.792307692308,1.0,5,61,80,MOT20-02,MOT20-01,stable080_motion_q25_ge_020,0
MOT20-03,27,355,403,2122,v_to_u,0.001216545012,0.003322259136,0.004132231405,0.666666666667,0.666666666667,0.008196721311,0.666666666667,0.572621035058,0.658338411538,0.666666666667,0.333333333333,0.430962343096,0.333333333333,5.5e-05,0.00012,0.144499933142,0.305500778221,-0.046729386119,0.5463032965,0.583333333333,1.408076982133,1.251872125674,1.0,0.039526616131,0.65625,0.90625,0.96875,0.90625,0.96875,0.90625,0.90625,0.65625,0.88125,1.0,5,21,40,MOT20-02,MOT20-03,stable080_motion_q25_ge_020,0
MOT20-03,50,399,435,1989,v_to_u,-0.146394756009,-0.244823386114,-0.333333333333,-0.851694915254,-0.851694915254,-0.333333333333,-0.909502262443,-0.909502262443,-0.836955711581,-0.909502262443,-1.0,-1.0,-1.0,-0.06296,-0.120037,1.71706127963,13.252341424735,-2.412098674188,-0.330407870672,0.0,0.83485945512,0.770530517033,0.984615384615,0.034489990902,0.307692307692,0.153846153846,0.384615384615,0.461538461538,0.384615384615,0.384615384615,0.307692307692,0.153846153846,0.338461538462,1.0,5,41,60,MOT20-02,MOT20-03,stable080_motion_q25_ge_020,0
MOT20-03,79,270,276,1104,v_to_u,0.0,0.0,0.0,0.0,0.0,-0.327272727273,0.0,-0.253886010363,-0.253886010363,0.0,0.0,-0.375,0.0,-0.00154,-0.003057,0.570012548537,1.136595876729,-0.458984898842,0.208491598449,0.0,0.689358754382,0.66401352375,1.0,0.031355988952,0.416666666667,0.583333333333,0.833333333333,0.916666666667,0.541666666667,0.583333333333,0.541666666667,0.416666666667,0.658333333333,1.0,5,61,80,MOT20-02,MOT20-03,stable080_motion_q25_ge_020,0
MOT20-03,94,131,280,1199,u_to_v,0.0,0.0,0.0,0.0,0.0,0.0,0.0,0.0,0.0,0.0,0.0,0.0,0.0,-0.0001,-0.000124,0.007504444513,0.509181544013,-0.634668679263,0.463526446565,0.0,1.098993884406,0.870131331003,1.0,0.024201415427,0.928571428571,0.857142857143,0.571428571429,0.846153846154,0.285714285714,0.846153846154,0.571428571429,0.285714285714,0.697802197802,1.0,5,81,100,MOT20-02,MOT20-03,stable080_motion_q25_ge_020,0
MOT20-05,28,525,874,1582,v_to_u,0.028806584362,0.057851239669,0.128676470588,1.0,1.0,0.230263157895,1.0,0.975438596491,0.98813559322,1.0,1.0,0.940928270042,1.0,0.005942,0.0097,0.199086622873,0.285029901936,0.405469583515,3.067271150391,0.961538461538,0.934526583116,0.822288215333,1.0,0.024136496199,0.777777777778,0.944444444444,1.0,1.0,1.0,1.0,0.944444444444,0.777777777778,0.944444444444,0.8,4,21,40,MOT20-02,MOT20-05,stable080_motion_q25_ge_020,0
MOT20-05,48,489,806,1198,v_to_u,-0.175693527081,-0.29295154185,-0.444881889764,-1.0,-1.0,-0.404255319149,-1.0,-0.92523364486,-0.961538461538,-1.0,-1.0,-0.829787234043,-1.0,-0.010598,-0.021916,0.4642237171,1.905422693977,1.211139349682,1.576332331879,0.917355371901,0.408330154405,0.300088019725,0.784615384615,0.041069661798,0.538461538462,0.615384615385,0.923076923077,1.0,1.0,0.923076923077,0.615384615385,0.538461538462,0.815384615385,1.0,5,41,60,MOT20-02,MOT20-05,stable080_motion_q25_ge_020,0
MOT20-05,76,857,861,1937,u_to_v,0.0,0.0,0.0,0.0,0.0,0.0,0.0,0.0,0.0,0.0,0.0,0.0,0.0,0.0,0.0,0.007273634103,0.901074337243,-0.744709949579,0.382090710774,0.0,0.567724719836,0.435172842437,1.0,0.038206453699,1.0,0.583333333333,0.583333333333,0.916666666667,0.458333333333,0.583333333333,0.583333333333,0.458333333333,0.708333333333,1.0,5,61,80,MOT20-02,MOT20-05,stable080_motion_q25_ge_020,0
MOT20-05,96,1377,1380,3218,v_to_u,-0.008026755853,-0.019900497512,-0.049382716049,-1.0,-1.0,-0.090909090909,-1.0,-1.0,-1.0,-1.0,-1.0,-1.0,-1.0,-0.002264,-0.00437,0.201448297782,0.554555332703,-0.336192984762,1.250606848785,0.0,0.718909226974,0.620214257662,1.0,0.033598558036,0.791666666667,0.875,0.708333333333,0.954545454545,0.416666666667,0.791666666667,0.708333333333,0.416666666667,0.749242424242,1.0,5,81,100,MOT20-02,MOT20-05,stable080_motion_q25_ge_020,0
MOT20-01,37,20,27,70,v_to_u,0.320939334638,0.353448275862,0.380281690141,0.965417867435,0.965417867435,0.266666666667,0.96,0.96,0.965417867435,0.96,0.9,0.9,0.9,0.436431,0.83944,0.66783228483,4.875543716102,-1.215417897463,-0.495135534917,0.223140495868,0.782587187498,0.627451110324,0.923076923077,0.047918362203,0.555555555556,0.333333333333,0.444444444444,0.444444444444,0.888888888889,0.444444444444,0.444444444444,0.333333333333,0.533333333333,1.0,5,21,40,MOT20-02,MOT20-01,stable080_motion_q25_ge_025,0
MOT20-01,49,17,28,347,u_to_v,0.0,0.0,0.038338658147,0.0,0.0,0.029239766082,0.0,0.014910579616,0.012876335082,0.0,0.064102564103,0.029023458811,0.064102564103,0.046867,0.075333,1.533668403345,2.143752685328,0.281751919795,1.160903892853,0.987804878049,0.731200761564,0.571826207299,0.923076923077,0.050839304834,0.375,0.5,1.0,1.0,1.0,1.0,0.5,0.375,0.775,1.0,5,41,60,MOT20-02,MOT20-01,stable080_motion_q25_ge_025,0
MOT20-01,74,17,29,181,v_to_u,0.011940298507,0.013513513514,0.033472803347,1.0,1.0,-0.067226890756,1.0,0.554794520548,0.607250755287,1.0,1.0,0.125541125541,1.0,0.040357,0.0829,0.021768413063,0.585642835265,-0.593139718462,0.212967798296,0.0,0.387025605672,0.316675070141,1.0,0.047893431552,1.0,1.0,0.769230769231,0.769230769231,0.423076923077,0.769230769231,0.769230769231,0.423076923077,0.792307692308,1.0,5,61,80,MOT20-02,MOT20-01,stable080_motion_q25_ge_025,0
MOT20-03,27,355,403,2122,v_to_u,0.001216545012,0.003322259136,0.004132231405,0.666666666667,0.666666666667,0.008196721311,0.666666666667,0.572621035058,0.658338411538,0.666666666667,0.333333333333,0.430962343096,0.333333333333,5.5e-05,0.00012,0.144499933142,0.305500778221,-0.046729386119,0.5463032965,0.583333333333,1.408076982133,1.251872125674,1.0,0.039526616131,0.65625,0.90625,0.96875,0.90625,0.96875,0.90625,0.90625,0.65625,0.88125,1.0,5,21,40,MOT20-02,MOT20-03,stable080_motion_q25_ge_025,0
MOT20-03,50,399,435,1989,v_to_u,-0.146394756009,-0.244823386114,-0.333333333333,-0.851694915254,-0.851694915254,-0.333333333333,-0.909502262443,-0.909502262443,-0.836955711581,-0.909502262443,-1.0,-1.0,-1.0,-0.06296,-0.120037,1.71706127963,13.252341424735,-2.412098674188,-0.330407870672,0.0,0.83485945512,0.770530517033,0.984615384615,0.034489990902,0.307692307692,0.153846153846,0.384615384615,0.461538461538,0.384615384615,0.384615384615,0.307692307692,0.153846153846,0.338461538462,1.0,5,41,60,MOT20-02,MOT20-03,stable080_motion_q25_ge_025,0
MOT20-03,79,270,276,1104,v_to_u,0.0,0.0,0.0,0.0,0.0,-0.327272727273,0.0,-0.253886010363,-0.253886010363,0.0,0.0,-0.375,0.0,-0.00154,-0.003057,0.570012548537,1.136595876729,-0.458984898842,0.208491598449,0.0,0.689358754382,0.66401352375,1.0,0.031355988952,0.416666666667,0.583333333333,0.833333333333,0.916666666667,0.541666666667,0.583333333333,0.541666666667,0.416666666667,0.658333333333,1.0,5,61,80,MOT20-02,MOT20-03,stable080_motion_q25_ge_025,0
MOT20-03,94,131,280,1199,u_to_v,0.0,0.0,0.0,0.0,0.0,0.0,0.0,0.0,0.0,0.0,0.0,0.0,0.0,-0.0001,-0.000124,0.007504444513,0.509181544013,-0.634668679263,0.463526446565,0.0,1.098993884406,0.870131331003,1.0,0.024201415427,0.928571428571,0.857142857143,0.571428571429,0.846153846154,0.285714285714,0.846153846154,0.571428571429,0.285714285714,0.697802197802,1.0,5,81,100,MOT20-02,MOT20-03,stable080_motion_q25_ge_025,0
MOT20-05,28,525,874,1582,v_to_u,0.028806584362,0.057851239669,0.128676470588,1.0,1.0,0.230263157895,1.0,0.975438596491,0.98813559322,1.0,1.0,0.940928270042,1.0,0.005942,0.0097,0.199086622873,0.285029901936,0.405469583515,3.067271150391,0.961538461538,0.934526583116,0.822288215333,1.0,0.024136496199,0.777777777778,0.944444444444,1.0,1.0,1.0,1.0,0.944444444444,0.777777777778,0.944444444444,0.8,4,21,40,MOT20-02,MOT20-05,stable080_motion_q25_ge_025,0
MOT20-05,48,489,806,1198,v_to_u,-0.175693527081,-0.29295154185,-0.444881889764,-1.0,-1.0,-0.404255319149,-1.0,-0.92523364486,-0.961538461538,-1.0,-1.0,-0.829787234043,-1.0,-0.010598,-0.021916,0.4642237171,1.905422693977,1.211139349682,1.576332331879,0.917355371901,0.408330154405,0.300088019725,0.784615384615,0.041069661798,0.538461538462,0.615384615385,0.923076923077,1.0,1.0,0.923076923077,0.615384615385,0.538461538462,0.815384615385,1.0,5,41,60,MOT20-02,MOT20-05,stable080_motion_q25_ge_025,0
MOT20-05,76,857,861,1937,u_to_v,0.0,0.0,0.0,0.0,0.0,0.0,0.0,0.0,0.0,0.0,0.0,0.0,0.0,0.0,0.0,0.007273634103,0.901074337243,-0.744709949579,0.382090710774,0.0,0.567724719836,0.435172842437,1.0,0.038206453699,1.0,0.583333333333,0.583333333333,0.916666666667,0.458333333333,0.583333333333,0.583333333333,0.458333333333,0.708333333333,1.0,5,61,80,MOT20-02,MOT20-05,stable080_motion_q25_ge_025,0
MOT20-05,96,1377,1380,3218,v_to_u,-0.008026755853,-0.019900497512,-0.049382716049,-1.0,-1.0,-0.090909090909,-1.0,-1.0,-1.0,-1.0,-1.0,-1.0,-1.0,-0.002264,-0.00437,0.201448297782,0.554555332703,-0.336192984762,1.250606848785,0.0,0.718909226974,0.620214257662,1.0,0.033598558036,0.791666666667,0.875,0.708333333333,0.954545454545,0.416666666667,0.791666666667,0.708333333333,0.416666666667,0.749242424242,1.0,5,81,100,MOT20-02,MOT20-05,stable080_motion_q25_ge_025,0
MOT20-01,37,20,27,70,v_to_u,0.320939334638,0.353448275862,0.380281690141,0.965417867435,0.965417867435,0.266666666667,0.96,0.96,0.965417867435,0.96,0.9,0.9,0.9,0.436431,0.83944,0.66783228483,4.875543716102,-1.215417897463,-0.495135534917,0.223140495868,0.782587187498,0.627451110324,0.923076923077,0.047918362203,0.555555555556,0.333333333333,0.444444444444,0.444444444444,0.888888888889,0.444444444444,0.444444444444,0.333333333333,0.533333333333,1.0,5,21,40,MOT20-02,MOT20-01,stable080_motion_q25_ge_030,0
MOT20-01,49,17,28,347,u_to_v,0.0,0.0,0.038338658147,0.0,0.0,0.029239766082,0.0,0.014910579616,0.012876335082,0.0,0.064102564103,0.029023458811,0.064102564103,0.046867,0.075333,1.533668403345,2.143752685328,0.281751919795,1.160903892853,0.987804878049,0.731200761564,0.571826207299,0.923076923077,0.050839304834,0.375,0.5,1.0,1.0,1.0,1.0,0.5,0.375,0.775,1.0,5,41,60,MOT20-02,MOT20-01,stable080_motion_q25_ge_030,0
MOT20-01,74,17,29,181,v_to_u,0.011940298507,0.013513513514,0.033472803347,1.0,1.0,-0.067226890756,1.0,0.554794520548,0.607250755287,1.0,1.0,0.125541125541,1.0,0.040357,0.0829,0.021768413063,0.585642835265,-0.593139718462,0.212967798296,0.0,0.387025605672,0.316675070141,1.0,0.047893431552,1.0,1.0,0.769230769231,0.769230769231,0.423076923077,0.769230769231,0.769230769231,0.423076923077,0.792307692308,1.0,5,61,80,MOT20-02,MOT20-01,stable080_motion_q25_ge_030,0
MOT20-03,27,355,403,2122,v_to_u,0.001216545012,0.003322259136,0.004132231405,0.666666666667,0.666666666667,0.008196721311,0.666666666667,0.572621035058,0.658338411538,0.666666666667,0.333333333333,0.430962343096,0.333333333333,5.5e-05,0.00012,0.144499933142,0.305500778221,-0.046729386119,0.5463032965,0.583333333333,1.408076982133,1.251872125674,1.0,0.039526616131,0.65625,0.90625,0.96875,0.90625,0.96875,0.90625,0.90625,0.65625,0.88125,1.0,5,21,40,MOT20-02,MOT20-03,stable080_motion_q25_ge_030,0
MOT20-03,50,399,435,1989,v_to_u,-0.146394756009,-0.244823386114,-0.333333333333,-0.851694915254,-0.851694915254,-0.333333333333,-0.909502262443,-0.909502262443,-0.836955711581,-0.909502262443,-1.0,-1.0,-1.0,-0.06296,-0.120037,1.71706127963,13.252341424735,-2.412098674188,-0.330407870672,0.0,0.83485945512,0.770530517033,0.984615384615,0.034489990902,0.307692307692,0.153846153846,0.384615384615,0.461538461538,0.384615384615,0.384615384615,0.307692307692,0.153846153846,0.338461538462,1.0,5,41,60,MOT20-02,MOT20-03,stable080_motion_q25_ge_030,0
MOT20-03,79,270,276,1104,v_to_u,0.0,0.0,0.0,0.0,0.0,-0.327272727273,0.0,-0.253886010363,-0.253886010363,0.0,0.0,-0.375,0.0,-0.00154,-0.003057,0.570012548537,1.136595876729,-0.458984898842,0.208491598449,0.0,0.689358754382,0.66401352375,1.0,0.031355988952,0.416666666667,0.583333333333,0.833333333333,0.916666666667,0.541666666667,0.583333333333,0.541666666667,0.416666666667,0.658333333333,1.0,5,61,80,MOT20-02,MOT20-03,stable080_motion_q25_ge_030,0
MOT20-03,94,131,280,1199,u_to_v,0.0,0.0,0.0,0.0,0.0,0.0,0.0,0.0,0.0,0.0,0.0,0.0,0.0,-0.0001,-0.000124,0.007504444513,0.509181544013,-0.634668679263,0.463526446565,0.0,1.098993884406,0.870131331003,1.0,0.024201415427,0.928571428571,0.857142857143,0.571428571429,0.846153846154,0.285714285714,0.846153846154,0.571428571429,0.285714285714,0.697802197802,1.0,5,81,100,MOT20-02,MOT20-03,stable080_motion_q25_ge_030,0
MOT20-05,28,525,874,1582,v_to_u,0.028806584362,0.057851239669,0.128676470588,1.0,1.0,0.230263157895,1.0,0.975438596491,0.98813559322,1.0,1.0,0.940928270042,1.0,0.005942,0.0097,0.199086622873,0.285029901936,0.405469583515,3.067271150391,0.961538461538,0.934526583116,0.822288215333,1.0,0.024136496199,0.777777777778,0.944444444444,1.0,1.0,1.0,1.0,0.944444444444,0.777777777778,0.944444444444,0.8,4,21,40,MOT20-02,MOT20-05,stable080_motion_q25_ge_030,0
MOT20-05,48,489,806,1198,v_to_u,-0.175693527081,-0.29295154185,-0.444881889764,-1.0,-1.0,-0.404255319149,-1.0,-0.92523364486,-0.961538461538,-1.0,-1.0,-0.829787234043,-1.0,-0.010598,-0.021916,0.4642237171,1.905422693977,1.211139349682,1.576332331879,0.917355371901,0.408330154405,0.300088019725,0.784615384615,0.041069661798,0.538461538462,0.615384615385,0.923076923077,1.0,1.0,0.923076923077,0.615384615385,0.538461538462,0.815384615385,1.0,5,41,60,MOT20-02,MOT20-05,stable080_motion_q25_ge_030,0
MOT20-05,76,857,861,1937,u_to_v,0.0,0.0,0.0,0.0,0.0,0.0,0.0,0.0,0.0,0.0,0.0,0.0,0.0,0.0,0.0,0.007273634103,0.901074337243,-0.744709949579,0.382090710774,0.0,0.567724719836,0.435172842437,1.0,0.038206453699,1.0,0.583333333333,0.583333333333,0.916666666667,0.458333333333,0.583333333333,0.583333333333,0.458333333333,0.708333333333,1.0,5,61,80,MOT20-02,MOT20-05,stable080_motion_q25_ge_030,0
MOT20-05,96,1377,1380,3218,v_to_u,-0.008026755853,-0.019900497512,-0.049382716049,-1.0,-1.0,-0.090909090909,-1.0,-1.0,-1.0,-1.0,-1.0,-1.0,-1.0,-0.002264,-0.00437,0.201448297782,0.554555332703,-0.336192984762,1.250606848785,0.0,0.718909226974,0.620214257662,1.0,0.033598558036,0.791666666667,0.875,0.708333333333,0.954545454545,0.416666666667,0.791666666667,0.708333333333,0.416666666667,0.749242424242,1.0,5,81,100,MOT20-02,MOT20-05,stable080_motion_q25_ge_030,0
MOT20-01,37,20,27,70,v_to_u,0.320939334638,0.353448275862,0.380281690141,0.965417867435,0.965417867435,0.266666666667,0.96,0.96,0.965417867435,0.96,0.9,0.9,0.9,0.436431,0.83944,0.66783228483,4.875543716102,-1.215417897463,-0.495135534917,0.223140495868,0.782587187498,0.627451110324,0.923076923077,0.047918362203,0.555555555556,0.333333333333,0.444444444444,0.444444444444,0.888888888889,0.444444444444,0.444444444444,0.333333333333,0.533333333333,1.0,5,21,40,MOT20-02,MOT20-01,stable080_motion_q25_ge_035,0
MOT20-01,49,17,28,347,u_to_v,0.0,0.0,0.038338658147,0.0,0.0,0.029239766082,0.0,0.014910579616,0.012876335082,0.0,0.064102564103,0.029023458811,0.064102564103,0.046867,0.075333,1.533668403345,2.143752685328,0.281751919795,1.160903892853,0.987804878049,0.731200761564,0.571826207299,0.923076923077,0.050839304834,0.375,0.5,1.0,1.0,1.0,1.0,0.5,0.375,0.775,1.0,5,41,60,MOT20-02,MOT20-01,stable080_motion_q25_ge_035,0
MOT20-01,74,17,29,181,v_to_u,0.011940298507,0.013513513514,0.033472803347,1.0,1.0,-0.067226890756,1.0,0.554794520548,0.607250755287,1.0,1.0,0.125541125541,1.0,0.040357,0.0829,0.021768413063,0.585642835265,-0.593139718462,0.212967798296,0.0,0.387025605672,0.316675070141,1.0,0.047893431552,1.0,1.0,0.769230769231,0.769230769231,0.423076923077,0.769230769231,0.769230769231,0.423076923077,0.792307692308,1.0,5,61,80,MOT20-02,MOT20-01,stable080_motion_q25_ge_035,0
MOT20-03,27,355,403,2122,v_to_u,0.001216545012,0.003322259136,0.004132231405,0.666666666667,0.666666666667,0.008196721311,0.666666666667,0.572621035058,0.658338411538,0.666666666667,0.333333333333,0.430962343096,0.333333333333,5.5e-05,0.00012,0.144499933142,0.305500778221,-0.046729386119,0.5463032965,0.583333333333,1.408076982133,1.251872125674,1.0,0.039526616131,0.65625,0.90625,0.96875,0.90625,0.96875,0.90625,0.90625,0.65625,0.88125,1.0,5,21,40,MOT20-02,MOT20-03,stable080_motion_q25_ge_035,0
MOT20-03,79,270,276,1104,v_to_u,0.0,0.0,0.0,0.0,0.0,-0.327272727273,0.0,-0.253886010363,-0.253886010363,0.0,0.0,-0.375,0.0,-0.00154,-0.003057,0.570012548537,1.136595876729,-0.458984898842,0.208491598449,0.0,0.689358754382,0.66401352375,1.0,0.031355988952,0.416666666667,0.583333333333,0.833333333333,0.916666666667,0.541666666667,0.583333333333,0.541666666667,0.416666666667,0.658333333333,1.0,5,61,80,MOT20-02,MOT20-03,stable080_motion_q25_ge_035,0
MOT20-03,94,131,280,1199,u_to_v,0.0,0.0,0.0,0.0,0.0,0.0,0.0,0.0,0.0,0.0,0.0,0.0,0.0,-0.0001,-0.000124,0.007504444513,0.509181544013,-0.634668679263,0.463526446565,0.0,1.098993884406,0.870131331003,1.0,0.024201415427,0.928571428571,0.857142857143,0.571428571429,0.846153846154,0.285714285714,0.846153846154,0.571428571429,0.285714285714,0.697802197802,1.0,5,81,100,MOT20-02,MOT20-03,stable080_motion_q25_ge_035,0
MOT20-05,28,525,874,1582,v_to_u,0.028806584362,0.057851239669,0.128676470588,1.0,1.0,0.230263157895,1.0,0.975438596491,0.98813559322,1.0,1.0,0.940928270042,1.0,0.005942,0.0097,0.199086622873,0.285029901936,0.405469583515,3.067271150391,0.961538461538,0.934526583116,0.822288215333,1.0,0.024136496199,0.777777777778,0.944444444444,1.0,1.0,1.0,1.0,0.944444444444,0.777777777778,0.944444444444,0.8,4,21,40,MOT20-02,MOT20-05,stable080_motion_q25_ge_035,0
MOT20-05,48,489,806,1198,v_to_u,-0.175693527081,-0.29295154185,-0.444881889764,-1.0,-1.0,-0.404255319149,-1.0,-0.92523364486,-0.961538461538,-1.0,-1.0,-0.829787234043,-1.0,-0.010598,-0.021916,0.4642237171,1.905422693977,1.211139349682,1.576332331879,0.917355371901,0.408330154405,0.300088019725,0.784615384615,0.041069661798,0.538461538462,0.615384615385,0.923076923077,1.0,1.0,0.923076923077,0.615384615385,0.538461538462,0.815384615385,1.0,5,41,60,MOT20-02,MOT20-05,stable080_motion_q25_ge_035,0
MOT20-05,76,857,861,1937,u_to_v,0.0,0.0,0.0,0.0,0.0,0.0,0.0,0.0,0.0,0.0,0.0,0.0,0.0,0.0,0.0,0.007273634103,0.901074337243,-0.744709949579,0.382090710774,0.0,0.567724719836,0.435172842437,1.0,0.038206453699,1.0,0.583333333333,0.583333333333,0.916666666667,0.458333333333,0.583333333333,0.583333333333,0.458333333333,0.708333333333,1.0,5,61,80,MOT20-02,MOT20-05,stable080_motion_q25_ge_035,0
MOT20-05,96,1377,1380,3218,v_to_u,-0.008026755853,-0.019900497512,-0.049382716049,-1.0,-1.0,-0.090909090909,-1.0,-1.0,-1.0,-1.0,-1.0,-1.0,-1.0,-0.002264,-0.00437,0.201448297782,0.554555332703,-0.336192984762,1.250606848785,0.0,0.718909226974,0.620214257662,1.0,0.033598558036,0.791666666667,0.875,0.708333333333,0.954545454545,0.416666666667,0.791666666667,0.708333333333,0.416666666667,0.749242424242,1.0,5,81,100,MOT20-02,MOT20-05,stable080_motion_q25_ge_035,0
MOT20-01,37,20,27,70,v_to_u,0.320939334638,0.353448275862,0.380281690141,0.965417867435,0.965417867435,0.266666666667,0.96,0.96,0.965417867435,0.96,0.9,0.9,0.9,0.436431,0.83944,0.66783228483,4.875543716102,-1.215417897463,-0.495135534917,0.223140495868,0.782587187498,0.627451110324,0.923076923077,0.047918362203,0.555555555556,0.333333333333,0.444444444444,0.444444444444,0.888888888889,0.444444444444,0.444444444444,0.333333333333,0.533333333333,1.0,5,21,40,MOT20-02,MOT20-01,stable080_min015_q25_025,0
MOT20-01,49,17,28,347,u_to_v,0.0,0.0,0.038338658147,0.0,0.0,0.029239766082,0.0,0.014910579616,0.012876335082,0.0,0.064102564103,0.029023458811,0.064102564103,0.046867,0.075333,1.533668403345,2.143752685328,0.281751919795,1.160903892853,0.987804878049,0.731200761564,0.571826207299,0.923076923077,0.050839304834,0.375,0.5,1.0,1.0,1.0,1.0,0.5,0.375,0.775,1.0,5,41,60,MOT20-02,MOT20-01,stable080_min015_q25_025,0
MOT20-01,74,17,29,181,v_to_u,0.011940298507,0.013513513514,0.033472803347,1.0,1.0,-0.067226890756,1.0,0.554794520548,0.607250755287,1.0,1.0,0.125541125541,1.0,0.040357,0.0829,0.021768413063,0.585642835265,-0.593139718462,0.212967798296,0.0,0.387025605672,0.316675070141,1.0,0.047893431552,1.0,1.0,0.769230769231,0.769230769231,0.423076923077,0.769230769231,0.769230769231,0.423076923077,0.792307692308,1.0,5,61,80,MOT20-02,MOT20-01,stable080_min015_q25_025,0
MOT20-03,27,355,403,2122,v_to_u,0.001216545012,0.003322259136,0.004132231405,0.666666666667,0.666666666667,0.008196721311,0.666666666667,0.572621035058,0.658338411538,0.666666666667,0.333333333333,0.430962343096,0.333333333333,5.5e-05,0.00012,0.144499933142,0.305500778221,-0.046729386119,0.5463032965,0.583333333333,1.408076982133,1.251872125674,1.0,0.039526616131,0.65625,0.90625,0.96875,0.90625,0.96875,0.90625,0.90625,0.65625,0.88125,1.0,5,21,40,MOT20-02,MOT20-03,stable080_min015_q25_025,0
MOT20-03,50,399,435,1989,v_to_u,-0.146394756009,-0.244823386114,-0.333333333333,-0.851694915254,-0.851694915254,-0.333333333333,-0.909502262443,-0.909502262443,-0.836955711581,-0.909502262443,-1.0,-1.0,-1.0,-0.06296,-0.120037,1.71706127963,13.252341424735,-2.412098674188,-0.330407870672,0.0,0.83485945512,0.770530517033,0.984615384615,0.034489990902,0.307692307692,0.153846153846,0.384615384615,0.461538461538,0.384615384615,0.384615384615,0.307692307692,0.153846153846,0.338461538462,1.0,5,41,60,MOT20-02,MOT20-03,stable080_min015_q25_025,0
MOT20-03,79,270,276,1104,v_to_u,0.0,0.0,0.0,0.0,0.0,-0.327272727273,0.0,-0.253886010363,-0.253886010363,0.0,0.0,-0.375,0.0,-0.00154,-0.003057,0.570012548537,1.136595876729,-0.458984898842,0.208491598449,0.0,0.689358754382,0.66401352375,1.0,0.031355988952,0.416666666667,0.583333333333,0.833333333333,0.916666666667,0.541666666667,0.583333333333,0.541666666667,0.416666666667,0.658333333333,1.0,5,61,80,MOT20-02,MOT20-03,stable080_min015_q25_025,0
MOT20-03,94,131,280,1199,u_to_v,0.0,0.0,0.0,0.0,0.0,0.0,0.0,0.0,0.0,0.0,0.0,0.0,0.0,-0.0001,-0.000124,0.007504444513,0.509181544013,-0.634668679263,0.463526446565,0.0,1.098993884406,0.870131331003,1.0,0.024201415427,0.928571428571,0.857142857143,0.571428571429,0.846153846154,0.285714285714,0.846153846154,0.571428571429,0.285714285714,0.697802197802,1.0,5,81,100,MOT20-02,MOT20-03,stable080_min015_q25_025,0
MOT20-05,28,525,874,1582,v_to_u,0.028806584362,0.057851239669,0.128676470588,1.0,1.0,0.230263157895,1.0,0.975438596491,0.98813559322,1.0,1.0,0.940928270042,1.0,0.005942,0.0097,0.199086622873,0.285029901936,0.405469583515,3.067271150391,0.961538461538,0.934526583116,0.822288215333,1.0,0.024136496199,0.777777777778,0.944444444444,1.0,1.0,1.0,1.0,0.944444444444,0.777777777778,0.944444444444,0.8,4,21,40,MOT20-02,MOT20-05,stable080_min015_q25_025,0
MOT20-05,48,489,806,1198,v_to_u,-0.175693527081,-0.29295154185,-0.444881889764,-1.0,-1.0,-0.404255319149,-1.0,-0.92523364486,-0.961538461538,-1.0,-1.0,-0.829787234043,-1.0,-0.010598,-0.021916,0.4642237171,1.905422693977,1.211139349682,1.576332331879,0.917355371901,0.408330154405,0.300088019725,0.784615384615,0.041069661798,0.538461538462,0.615384615385,0.923076923077,1.0,1.0,0.923076923077,0.615384615385,0.538461538462,0.815384615385,1.0,5,41,60,MOT20-02,MOT20-05,stable080_min015_q25_025,0
MOT20-05,76,857,861,1937,u_to_v,0.0,0.0,0.0,0.0,0.0,0.0,0.0,0.0,0.0,0.0,0.0,0.0,0.0,0.0,0.0,0.007273634103,0.901074337243,-0.744709949579,0.382090710774,0.0,0.567724719836,0.435172842437,1.0,0.038206453699,1.0,0.583333333333,0.583333333333,0.916666666667,0.458333333333,0.583333333333,0.583333333333,0.458333333333,0.708333333333,1.0,5,61,80,MOT20-02,MOT20-05,stable080_min015_q25_025,0
MOT20-05,96,1377,1380,3218,v_to_u,-0.008026755853,-0.019900497512,-0.049382716049,-1.0,-1.0,-0.090909090909,-1.0,-1.0,-1.0,-1.0,-1.0,-1.0,-1.0,-0.002264,-0.00437,0.201448297782,0.554555332703,-0.336192984762,1.250606848785,0.0,0.718909226974,0.620214257662,1.0,0.033598558036,0.791666666667,0.875,0.708333333333,0.954545454545,0.416666666667,0.791666666667,0.708333333333,0.416666666667,0.749242424242,1.0,5,81,100,MOT20-02,MOT20-05,stable080_min015_q25_025,0
MOT20-01,37,20,27,70,v_to_u,0.320939334638,0.353448275862,0.380281690141,0.965417867435,0.965417867435,0.266666666667,0.96,0.96,0.965417867435,0.96,0.9,0.9,0.9,0.436431,0.83944,0.66783228483,4.875543716102,-1.215417897463,-0.495135534917,0.223140495868,0.782587187498,0.627451110324,0.923076923077,0.047918362203,0.555555555556,0.333333333333,0.444444444444,0.444444444444,0.888888888889,0.444444444444,0.444444444444,0.333333333333,0.533333333333,1.0,5,21,40,MOT20-02,MOT20-01,stable080_min020_q25_030,0
MOT20-01,49,17,28,347,u_to_v,0.0,0.0,0.038338658147,0.0,0.0,0.029239766082,0.0,0.014910579616,0.012876335082,0.0,0.064102564103,0.029023458811,0.064102564103,0.046867,0.075333,1.533668403345,2.143752685328,0.281751919795,1.160903892853,0.987804878049,0.731200761564,0.571826207299,0.923076923077,0.050839304834,0.375,0.5,1.0,1.0,1.0,1.0,0.5,0.375,0.775,1.0,5,41,60,MOT20-02,MOT20-01,stable080_min020_q25_030,0
MOT20-01,74,17,29,181,v_to_u,0.011940298507,0.013513513514,0.033472803347,1.0,1.0,-0.067226890756,1.0,0.554794520548,0.607250755287,1.0,1.0,0.125541125541,1.0,0.040357,0.0829,0.021768413063,0.585642835265,-0.593139718462,0.212967798296,0.0,0.387025605672,0.316675070141,1.0,0.047893431552,1.0,1.0,0.769230769231,0.769230769231,0.423076923077,0.769230769231,0.769230769231,0.423076923077,0.792307692308,1.0,5,61,80,MOT20-02,MOT20-01,stable080_min020_q25_030,0
MOT20-03,27,355,403,2122,v_to_u,0.001216545012,0.003322259136,0.004132231405,0.666666666667,0.666666666667,0.008196721311,0.666666666667,0.572621035058,0.658338411538,0.666666666667,0.333333333333,0.430962343096,0.333333333333,5.5e-05,0.00012,0.144499933142,0.305500778221,-0.046729386119,0.5463032965,0.583333333333,1.408076982133,1.251872125674,1.0,0.039526616131,0.65625,0.90625,0.96875,0.90625,0.96875,0.90625,0.90625,0.65625,0.88125,1.0,5,21,40,MOT20-02,MOT20-03,stable080_min020_q25_030,0
MOT20-03,79,270,276,1104,v_to_u,0.0,0.0,0.0,0.0,0.0,-0.327272727273,0.0,-0.253886010363,-0.253886010363,0.0,0.0,-0.375,0.0,-0.00154,-0.003057,0.570012548537,1.136595876729,-0.458984898842,0.208491598449,0.0,0.689358754382,0.66401352375,1.0,0.031355988952,0.416666666667,0.583333333333,0.833333333333,0.916666666667,0.541666666667,0.583333333333,0.541666666667,0.416666666667,0.658333333333,1.0,5,61,80,MOT20-02,MOT20-03,stable080_min020_q25_030,0
MOT20-03,94,131,280,1199,u_to_v,0.0,0.0,0.0,0.0,0.0,0.0,0.0,0.0,0.0,0.0,0.0,0.0,0.0,-0.0001,-0.000124,0.007504444513,0.509181544013,-0.634668679263,0.463526446565,0.0,1.098993884406,0.870131331003,1.0,0.024201415427,0.928571428571,0.857142857143,0.571428571429,0.846153846154,0.285714285714,0.846153846154,0.571428571429,0.285714285714,0.697802197802,1.0,5,81,100,MOT20-02,MOT20-03,stable080_min020_q25_030,0
MOT20-05,28,525,874,1582,v_to_u,0.028806584362,0.057851239669,0.128676470588,1.0,1.0,0.230263157895,1.0,0.975438596491,0.98813559322,1.0,1.0,0.940928270042,1.0,0.005942,0.0097,0.199086622873,0.285029901936,0.405469583515,3.067271150391,0.961538461538,0.934526583116,0.822288215333,1.0,0.024136496199,0.777777777778,0.944444444444,1.0,1.0,1.0,1.0,0.944444444444,0.777777777778,0.944444444444,0.8,4,21,40,MOT20-02,MOT20-05,stable080_min020_q25_030,0
MOT20-05,48,489,806,1198,v_to_u,-0.175693527081,-0.29295154185,-0.444881889764,-1.0,-1.0,-0.404255319149,-1.0,-0.92523364486,-0.961538461538,-1.0,-1.0,-0.829787234043,-1.0,-0.010598,-0.021916,0.4642237171,1.905422693977,1.211139349682,1.576332331879,0.917355371901,0.408330154405,0.300088019725,0.784615384615,0.041069661798,0.538461538462,0.615384615385,0.923076923077,1.0,1.0,0.923076923077,0.615384615385,0.538461538462,0.815384615385,1.0,5,41,60,MOT20-02,MOT20-05,stable080_min020_q25_030,0
MOT20-05,76,857,861,1937,u_to_v,0.0,0.0,0.0,0.0,0.0,0.0,0.0,0.0,0.0,0.0,0.0,0.0,0.0,0.0,0.0,0.007273634103,0.901074337243,-0.744709949579,0.382090710774,0.0,0.567724719836,0.435172842437,1.0,0.038206453699,1.0,0.583333333333,0.583333333333,0.916666666667,0.458333333333,0.583333333333,0.583333333333,0.458333333333,0.708333333333,1.0,5,61,80,MOT20-02,MOT20-05,stable080_min020_q25_030,0
MOT20-05,96,1377,1380,3218,v_to_u,-0.008026755853,-0.019900497512,-0.049382716049,-1.0,-1.0,-0.090909090909,-1.0,-1.0,-1.0,-1.0,-1.0,-1.0,-1.0,-0.002264,-0.00437,0.201448297782,0.554555332703,-0.336192984762,1.250606848785,0.0,0.718909226974,0.620214257662,1.0,0.033598558036,0.791666666667,0.875,0.708333333333,0.954545454545,0.416666666667,0.791666666667,0.708333333333,0.416666666667,0.749242424242,1.0,5,81,100,MOT20-02,MOT20-05,stable080_min020_q25_030,0
MOT20-01,37,20,27,70,v_to_u,0.320939334638,0.353448275862,0.380281690141,0.965417867435,0.965417867435,0.266666666667,0.96,0.96,0.965417867435,0.96,0.9,0.9,0.9,0.436431,0.83944,0.66783228483,4.875543716102,-1.215417897463,-0.495135534917,0.223140495868,1.09368341626,0.849071303846,1.0,0.03028323647,0.555555555556,0.333333333333,0.444444444444,0.444444444444,0.888888888889,0.444444444444,0.444444444444,0.333333333333,0.533333333333,1.0,5,21,40,MOT20-03,MOT20-01,stable080_no_motion_veto,0
MOT20-01,49,17,28,347,u_to_v,0.0,0.0,0.038338658147,0.0,0.0,0.029239766082,0.0,0.014910579616,0.012876335082,0.0,0.064102564103,0.029023458811,0.064102564103,0.046867,0.075333,1.533668403345,2.143752685328,0.281751919795,1.160903892853,0.987804878049,1.20538270886,0.92179297192,1.0,0.031888284569,0.375,0.5,1.0,1.0,1.0,1.0,0.5,0.375,0.775,1.0,5,41,60,MOT20-03,MOT20-01,stable080_no_motion_veto,0
MOT20-01,66,24,57,213,v_to_u,-0.151291512915,-0.151291512915,-0.25786163522,0.0,0.0,0.10101010101,0.0,-0.704347826087,-0.704347826087,0.0,0.0,-0.423728813559,0.0,-0.076203,-0.14479,0.253646566913,0.967959177144,-0.811269457833,-0.370336316511,0.0,0.658068814276,0.494039420556,0.953846153846,0.03682311313,0.923076923077,0.692307692308,0.692307692308,0.692307692308,0.423076923077,0.692307692308,0.692307692308,0.423076923077,0.684615384615,1.0,5,61,80,MOT20-03,MOT20-01,stable080_no_motion_veto,0
MOT20-01,85,17,28,343,u_to_v,0.0,0.0,0.038338658147,0.0,0.0,0.029239766082,0.0,0.014910579616,0.012876335082,0.0,0.064102564103,0.029023458811,0.064102564103,0.046867,0.075333,1.533668403345,2.143752685328,0.281751919795,1.160903892853,0.987804878049,1.107434347963,0.831488129528,1.0,0.033618784526,0.3125,0.375,1.0,1.0,1.0,1.0,0.375,0.3125,0.7375,1.0,5,81,100,MOT20-03,MOT20-01,stable080_no_motion_veto,0
MOT20-02,56,214,246,1536,v_to_u,0.346153846154,0.336134453782,0.256797583082,0.0,0.0,0.3,0.0,0.537816210635,0.552801623225,0.0,0.0,0.323854660348,0.0,0.05033,0.10592,0.050920161458,1.499066055218,0.856280553428,0.792082567802,1.0,0.889420577865,0.799927356268,0.923076923077,0.026488713881,0.866666666667,0.8,1.0,0.928571428571,1.0,0.928571428571,0.866666666667,0.8,0.919047619048,1.0,5,41,60,MOT20-03,MOT20-02,stable080_no_motion_veto,0
MOT20-02,80,413,531,2556,v_to_u,-0.145114942529,-0.237647058824,-0.334693877551,-1.0,-1.0,-0.416666666667,-1.0,-0.802469135802,-0.889075630252,-1.0,-1.0,-0.555555555556,-1.0,-0.04826,-0.084816,0.328349780083,0.644708459318,-0.612031237169,-0.516483135551,0.0,1.016262288113,0.765170377172,1.0,0.032938957647,0.666666666667,0.777777777778,0.777777777778,0.833333333333,0.388888888889,0.777777777778,0.666666666667,0.388888888889,0.688888888889,1.0,5,61,80,MOT20-03,MOT20-02,stable080_no_motion_veto,0
MOT20-05,28,525,874,1582,v_to_u,0.028806584362,0.057851239669,0.128676470588,1.0,1.0,0.230263157895,1.0,0.975438596491,0.98813559322,1.0,1.0,0.940928270042,1.0,0.005942,0.0097,0.199086622873,0.285029901936,0.405469583515,3.067271150391,0.961538461538,1.033917124215,0.808691138998,1.0,0.028132978913,0.777777777778,0.944444444444,1.0,1.0,1.0,1.0,0.944444444444,0.777777777778,0.944444444444,1.0,5,21,40,MOT20-03,MOT20-05,stable080_no_motion_veto,0
MOT20-05,58,142,346,307,v_to_u,0.034782608696,0.064056939502,-0.398305084746,-0.254854368932,0.0,-0.5,-0.35472972973,0.039321276163,0.05119787665,0.0,-0.905172413793,-0.810344827586,0.0,-0.005329,-0.010054,0.152999095338,2.838492118021,2.110678211011,0.485316828471,0.702479338843,1.190824939033,1.004124635684,1.0,0.034637752689,0.923076923077,0.461538461538,1.0,0.923076923077,0.923076923077,0.923076923077,0.923076923077,0.461538461538,0.846153846154,1.0,5,41,60,MOT20-03,MOT20-05,stable080_no_motion_veto,0
MOT20-05,76,857,861,1937,u_to_v,0.0,0.0,0.0,0.0,0.0,0.0,0.0,0.0,0.0,0.0,0.0,0.0,0.0,0.0,0.0,0.007273634103,0.901074337243,-0.744709949579,0.382090710774,0.0,0.865253653991,0.609473647819,1.0,0.037143617586,1.0,0.583333333333,0.583333333333,0.916666666667,0.458333333333,0.583333333333,0.583333333333,0.458333333333,0.708333333333,1.0,5,61,80,MOT20-03,MOT20-05,stable080_no_motion_veto,0
MOT20-05,95,225,263,1216,v_to_u,0.0,0.044642857143,0.112359550562,0.0,0.0,0.224719101124,0.133333333333,0.133333333333,0.059512889155,0.133333333333,0.333333333333,0.333333333333,0.333333333333,0.017851,0.0329,0.235904601285,4.963055029899,1.345968536144,0.012141597708,0.628099173554,1.252229081718,1.061379465158,1.0,0.041591713671,0.666666666667,0.5,0.916666666667,0.454545454545,0.833333333333,0.666666666667,0.5,0.454545454545,0.674242424242,1.0,5,81,100,MOT20-03,MOT20-05,stable080_no_motion_veto,0
MOT20-01,37,20,27,70,v_to_u,0.320939334638,0.353448275862,0.380281690141,0.965417867435,0.965417867435,0.266666666667,0.96,0.96,0.965417867435,0.96,0.9,0.9,0.9,0.436431,0.83944,0.66783228483,4.875543716102,-1.215417897463,-0.495135534917,0.223140495868,1.09368341626,0.849071303846,1.0,0.03028323647,0.555555555556,0.333333333333,0.444444444444,0.444444444444,0.888888888889,0.444444444444,0.444444444444,0.333333333333,0.533333333333,1.0,5,21,40,MOT20-03,MOT20-01,stable080_motion_min_ge_010,0
MOT20-01,49,17,28,347,u_to_v,0.0,0.0,0.038338658147,0.0,0.0,0.029239766082,0.0,0.014910579616,0.012876335082,0.0,0.064102564103,0.029023458811,0.064102564103,0.046867,0.075333,1.533668403345,2.143752685328,0.281751919795,1.160903892853,0.987804878049,1.20538270886,0.92179297192,1.0,0.031888284569,0.375,0.5,1.0,1.0,1.0,1.0,0.5,0.375,0.775,1.0,5,41,60,MOT20-03,MOT20-01,stable080_motion_min_ge_010,0
MOT20-01,66,24,57,213,v_to_u,-0.151291512915,-0.151291512915,-0.25786163522,0.0,0.0,0.10101010101,0.0,-0.704347826087,-0.704347826087,0.0,0.0,-0.423728813559,0.0,-0.076203,-0.14479,0.253646566913,0.967959177144,-0.811269457833,-0.370336316511,0.0,0.658068814276,0.494039420556,0.953846153846,0.03682311313,0.923076923077,0.692307692308,0.692307692308,0.692307692308,0.423076923077,0.692307692308,0.692307692308,0.423076923077,0.684615384615,1.0,5,61,80,MOT20-03,MOT20-01,stable080_motion_min_ge_010,0
MOT20-01,85,17,28,343,u_to_v,0.0,0.0,0.038338658147,0.0,0.0,0.029239766082,0.0,0.014910579616,0.012876335082,0.0,0.064102564103,0.029023458811,0.064102564103,0.046867,0.075333,1.533668403345,2.143752685328,0.281751919795,1.160903892853,0.987804878049,1.107434347963,0.831488129528,1.0,0.033618784526,0.3125,0.375,1.0,1.0,1.0,1.0,0.375,0.3125,0.7375,1.0,5,81,100,MOT20-03,MOT20-01,stable080_motion_min_ge_010,0
MOT20-02,56,214,246,1536,v_to_u,0.346153846154,0.336134453782,0.256797583082,0.0,0.0,0.3,0.0,0.537816210635,0.552801623225,0.0,0.0,0.323854660348,0.0,0.05033,0.10592,0.050920161458,1.499066055218,0.856280553428,0.792082567802,1.0,0.889420577865,0.799927356268,0.923076923077,0.026488713881,0.866666666667,0.8,1.0,0.928571428571,1.0,0.928571428571,0.866666666667,0.8,0.919047619048,1.0,5,41,60,MOT20-03,MOT20-02,stable080_motion_min_ge_010,0
MOT20-02,80,413,531,2556,v_to_u,-0.145114942529,-0.237647058824,-0.334693877551,-1.0,-1.0,-0.416666666667,-1.0,-0.802469135802,-0.889075630252,-1.0,-1.0,-0.555555555556,-1.0,-0.04826,-0.084816,0.328349780083,0.644708459318,-0.612031237169,-0.516483135551,0.0,1.016262288113,0.765170377172,1.0,0.032938957647,0.666666666667,0.777777777778,0.777777777778,0.833333333333,0.388888888889,0.777777777778,0.666666666667,0.388888888889,0.688888888889,1.0,5,61,80,MOT20-03,MOT20-02,stable080_motion_min_ge_010,0
MOT20-05,28,525,874,1582,v_to_u,0.028806584362,0.057851239669,0.128676470588,1.0,1.0,0.230263157895,1.0,0.975438596491,0.98813559322,1.0,1.0,0.940928270042,1.0,0.005942,0.0097,0.199086622873,0.285029901936,0.405469583515,3.067271150391,0.961538461538,1.033917124215,0.808691138998,1.0,0.028132978913,0.777777777778,0.944444444444,1.0,1.0,1.0,1.0,0.944444444444,0.777777777778,0.944444444444,1.0,5,21,40,MOT20-03,MOT20-05,stable080_motion_min_ge_010,0
MOT20-05,58,142,346,307,v_to_u,0.034782608696,0.064056939502,-0.398305084746,-0.254854368932,0.0,-0.5,-0.35472972973,0.039321276163,0.05119787665,0.0,-0.905172413793,-0.810344827586,0.0,-0.005329,-0.010054,0.152999095338,2.838492118021,2.110678211011,0.485316828471,0.702479338843,1.190824939033,1.004124635684,1.0,0.034637752689,0.923076923077,0.461538461538,1.0,0.923076923077,0.923076923077,0.923076923077,0.923076923077,0.461538461538,0.846153846154,1.0,5,41,60,MOT20-03,MOT20-05,stable080_motion_min_ge_010,0
MOT20-05,76,857,861,1937,u_to_v,0.0,0.0,0.0,0.0,0.0,0.0,0.0,0.0,0.0,0.0,0.0,0.0,0.0,0.0,0.0,0.007273634103,0.901074337243,-0.744709949579,0.382090710774,0.0,0.865253653991,0.609473647819,1.0,0.037143617586,1.0,0.583333333333,0.583333333333,0.916666666667,0.458333333333,0.583333333333,0.583333333333,0.458333333333,0.708333333333,1.0,5,61,80,MOT20-03,MOT20-05,stable080_motion_min_ge_010,0
MOT20-05,95,225,263,1216,v_to_u,0.0,0.044642857143,0.112359550562,0.0,0.0,0.224719101124,0.133333333333,0.133333333333,0.059512889155,0.133333333333,0.333333333333,0.333333333333,0.333333333333,0.017851,0.0329,0.235904601285,4.963055029899,1.345968536144,0.012141597708,0.628099173554,1.252229081718,1.061379465158,1.0,0.041591713671,0.666666666667,0.5,0.916666666667,0.454545454545,0.833333333333,0.666666666667,0.5,0.454545454545,0.674242424242,1.0,5,81,100,MOT20-03,MOT20-05,stable080_motion_min_ge_010,0
MOT20-01,37,20,27,70,v_to_u,0.320939334638,0.353448275862,0.380281690141,0.965417867435,0.965417867435,0.266666666667,0.96,0.96,0.965417867435,0.96,0.9,0.9,0.9,0.436431,0.83944,0.66783228483,4.875543716102,-1.215417897463,-0.495135534917,0.223140495868,1.09368341626,0.849071303846,1.0,0.03028323647,0.555555555556,0.333333333333,0.444444444444,0.444444444444,0.888888888889,0.444444444444,0.444444444444,0.333333333333,0.533333333333,1.0,5,21,40,MOT20-03,MOT20-01,stable080_motion_min_ge_015,0
MOT20-01,49,17,28,347,u_to_v,0.0,0.0,0.038338658147,0.0,0.0,0.029239766082,0.0,0.014910579616,0.012876335082,0.0,0.064102564103,0.029023458811,0.064102564103,0.046867,0.075333,1.533668403345,2.143752685328,0.281751919795,1.160903892853,0.987804878049,1.20538270886,0.92179297192,1.0,0.031888284569,0.375,0.5,1.0,1.0,1.0,1.0,0.5,0.375,0.775,1.0,5,41,60,MOT20-03,MOT20-01,stable080_motion_min_ge_015,0
MOT20-01,66,24,57,213,v_to_u,-0.151291512915,-0.151291512915,-0.25786163522,0.0,0.0,0.10101010101,0.0,-0.704347826087,-0.704347826087,0.0,0.0,-0.423728813559,0.0,-0.076203,-0.14479,0.253646566913,0.967959177144,-0.811269457833,-0.370336316511,0.0,0.658068814276,0.494039420556,0.953846153846,0.03682311313,0.923076923077,0.692307692308,0.692307692308,0.692307692308,0.423076923077,0.692307692308,0.692307692308,0.423076923077,0.684615384615,1.0,5,61,80,MOT20-03,MOT20-01,stable080_motion_min_ge_015,0
MOT20-01,85,17,28,343,u_to_v,0.0,0.0,0.038338658147,0.0,0.0,0.029239766082,0.0,0.014910579616,0.012876335082,0.0,0.064102564103,0.029023458811,0.064102564103,0.046867,0.075333,1.533668403345,2.143752685328,0.281751919795,1.160903892853,0.987804878049,1.107434347963,0.831488129528,1.0,0.033618784526,0.3125,0.375,1.0,1.0,1.0,1.0,0.375,0.3125,0.7375,1.0,5,81,100,MOT20-03,MOT20-01,stable080_motion_min_ge_015,0
MOT20-02,56,214,246,1536,v_to_u,0.346153846154,0.336134453782,0.256797583082,0.0,0.0,0.3,0.0,0.537816210635,0.552801623225,0.0,0.0,0.323854660348,0.0,0.05033,0.10592,0.050920161458,1.499066055218,0.856280553428,0.792082567802,1.0,0.889420577865,0.799927356268,0.923076923077,0.026488713881,0.866666666667,0.8,1.0,0.928571428571,1.0,0.928571428571,0.866666666667,0.8,0.919047619048,1.0,5,41,60,MOT20-03,MOT20-02,stable080_motion_min_ge_015,0
MOT20-02,80,413,531,2556,v_to_u,-0.145114942529,-0.237647058824,-0.334693877551,-1.0,-1.0,-0.416666666667,-1.0,-0.802469135802,-0.889075630252,-1.0,-1.0,-0.555555555556,-1.0,-0.04826,-0.084816,0.328349780083,0.644708459318,-0.612031237169,-0.516483135551,0.0,1.016262288113,0.765170377172,1.0,0.032938957647,0.666666666667,0.777777777778,0.777777777778,0.833333333333,0.388888888889,0.777777777778,0.666666666667,0.388888888889,0.688888888889,1.0,5,61,80,MOT20-03,MOT20-02,stable080_motion_min_ge_015,0
MOT20-05,28,525,874,1582,v_to_u,0.028806584362,0.057851239669,0.128676470588,1.0,1.0,0.230263157895,1.0,0.975438596491,0.98813559322,1.0,1.0,0.940928270042,1.0,0.005942,0.0097,0.199086622873,0.285029901936,0.405469583515,3.067271150391,0.961538461538,1.033917124215,0.808691138998,1.0,0.028132978913,0.777777777778,0.944444444444,1.0,1.0,1.0,1.0,0.944444444444,0.777777777778,0.944444444444,1.0,5,21,40,MOT20-03,MOT20-05,stable080_motion_min_ge_015,0
MOT20-05,58,142,346,307,v_to_u,0.034782608696,0.064056939502,-0.398305084746,-0.254854368932,0.0,-0.5,-0.35472972973,0.039321276163,0.05119787665,0.0,-0.905172413793,-0.810344827586,0.0,-0.005329,-0.010054,0.152999095338,2.838492118021,2.110678211011,0.485316828471,0.702479338843,1.190824939033,1.004124635684,1.0,0.034637752689,0.923076923077,0.461538461538,1.0,0.923076923077,0.923076923077,0.923076923077,0.923076923077,0.461538461538,0.846153846154,1.0,5,41,60,MOT20-03,MOT20-05,stable080_motion_min_ge_015,0
MOT20-05,76,857,861,1937,u_to_v,0.0,0.0,0.0,0.0,0.0,0.0,0.0,0.0,0.0,0.0,0.0,0.0,0.0,0.0,0.0,0.007273634103,0.901074337243,-0.744709949579,0.382090710774,0.0,0.865253653991,0.609473647819,1.0,0.037143617586,1.0,0.583333333333,0.583333333333,0.916666666667,0.458333333333,0.583333333333,0.583333333333,0.458333333333,0.708333333333,1.0,5,61,80,MOT20-03,MOT20-05,stable080_motion_min_ge_015,0
MOT20-05,95,225,263,1216,v_to_u,0.0,0.044642857143,0.112359550562,0.0,0.0,0.224719101124,0.133333333333,0.133333333333,0.059512889155,0.133333333333,0.333333333333,0.333333333333,0.333333333333,0.017851,0.0329,0.235904601285,4.963055029899,1.345968536144,0.012141597708,0.628099173554,1.252229081718,1.061379465158,1.0,0.041591713671,0.666666666667,0.5,0.916666666667,0.454545454545,0.833333333333,0.666666666667,0.5,0.454545454545,0.674242424242,1.0,5,81,100,MOT20-03,MOT20-05,stable080_motion_min_ge_015,0
MOT20-01,37,20,27,70,v_to_u,0.320939334638,0.353448275862,0.380281690141,0.965417867435,0.965417867435,0.266666666667,0.96,0.96,0.965417867435,0.96,0.9,0.9,0.9,0.436431,0.83944,0.66783228483,4.875543716102,-1.215417897463,-0.495135534917,0.223140495868,1.09368341626,0.849071303846,1.0,0.03028323647,0.555555555556,0.333333333333,0.444444444444,0.444444444444,0.888888888889,0.444444444444,0.444444444444,0.333333333333,0.533333333333,1.0,5,21,40,MOT20-03,MOT20-01,stable080_motion_min_ge_020,0
MOT20-01,49,17,28,347,u_to_v,0.0,0.0,0.038338658147,0.0,0.0,0.029239766082,0.0,0.014910579616,0.012876335082,0.0,0.064102564103,0.029023458811,0.064102564103,0.046867,0.075333,1.533668403345,2.143752685328,0.281751919795,1.160903892853,0.987804878049,1.20538270886,0.92179297192,1.0,0.031888284569,0.375,0.5,1.0,1.0,1.0,1.0,0.5,0.375,0.775,1.0,5,41,60,MOT20-03,MOT20-01,stable080_motion_min_ge_020,0
MOT20-01,66,24,57,213,v_to_u,-0.151291512915,-0.151291512915,-0.25786163522,0.0,0.0,0.10101010101,0.0,-0.704347826087,-0.704347826087,0.0,0.0,-0.423728813559,0.0,-0.076203,-0.14479,0.253646566913,0.967959177144,-0.811269457833,-0.370336316511,0.0,0.658068814276,0.494039420556,0.953846153846,0.03682311313,0.923076923077,0.692307692308,0.692307692308,0.692307692308,0.423076923077,0.692307692308,0.692307692308,0.423076923077,0.684615384615,1.0,5,61,80,MOT20-03,MOT20-01,stable080_motion_min_ge_020,0
MOT20-01,85,17,28,343,u_to_v,0.0,0.0,0.038338658147,0.0,0.0,0.029239766082,0.0,0.014910579616,0.012876335082,0.0,0.064102564103,0.029023458811,0.064102564103,0.046867,0.075333,1.533668403345,2.143752685328,0.281751919795,1.160903892853,0.987804878049,1.107434347963,0.831488129528,1.0,0.033618784526,0.3125,0.375,1.0,1.0,1.0,1.0,0.375,0.3125,0.7375,1.0,5,81,100,MOT20-03,MOT20-01,stable080_motion_min_ge_020,0
MOT20-02,56,214,246,1536,v_to_u,0.346153846154,0.336134453782,0.256797583082,0.0,0.0,0.3,0.0,0.537816210635,0.552801623225,0.0,0.0,0.323854660348,0.0,0.05033,0.10592,0.050920161458,1.499066055218,0.856280553428,0.792082567802,1.0,0.889420577865,0.799927356268,0.923076923077,0.026488713881,0.866666666667,0.8,1.0,0.928571428571,1.0,0.928571428571,0.866666666667,0.8,0.919047619048,1.0,5,41,60,MOT20-03,MOT20-02,stable080_motion_min_ge_020,0
MOT20-02,80,413,531,2556,v_to_u,-0.145114942529,-0.237647058824,-0.334693877551,-1.0,-1.0,-0.416666666667,-1.0,-0.802469135802,-0.889075630252,-1.0,-1.0,-0.555555555556,-1.0,-0.04826,-0.084816,0.328349780083,0.644708459318,-0.612031237169,-0.516483135551,0.0,1.016262288113,0.765170377172,1.0,0.032938957647,0.666666666667,0.777777777778,0.777777777778,0.833333333333,0.388888888889,0.777777777778,0.666666666667,0.388888888889,0.688888888889,1.0,5,61,80,MOT20-03,MOT20-02,stable080_motion_min_ge_020,0
MOT20-05,28,525,874,1582,v_to_u,0.028806584362,0.057851239669,0.128676470588,1.0,1.0,0.230263157895,1.0,0.975438596491,0.98813559322,1.0,1.0,0.940928270042,1.0,0.005942,0.0097,0.199086622873,0.285029901936,0.405469583515,3.067271150391,0.961538461538,1.033917124215,0.808691138998,1.0,0.028132978913,0.777777777778,0.944444444444,1.0,1.0,1.0,1.0,0.944444444444,0.777777777778,0.944444444444,1.0,5,21,40,MOT20-03,MOT20-05,stable080_motion_min_ge_020,0
MOT20-05,58,142,346,307,v_to_u,0.034782608696,0.064056939502,-0.398305084746,-0.254854368932,0.0,-0.5,-0.35472972973,0.039321276163,0.05119787665,0.0,-0.905172413793,-0.810344827586,0.0,-0.005329,-0.010054,0.152999095338,2.838492118021,2.110678211011,0.485316828471,0.702479338843,1.190824939033,1.004124635684,1.0,0.034637752689,0.923076923077,0.461538461538,1.0,0.923076923077,0.923076923077,0.923076923077,0.923076923077,0.461538461538,0.846153846154,1.0,5,41,60,MOT20-03,MOT20-05,stable080_motion_min_ge_020,0
MOT20-05,76,857,861,1937,u_to_v,0.0,0.0,0.0,0.0,0.0,0.0,0.0,0.0,0.0,0.0,0.0,0.0,0.0,0.0,0.0,0.007273634103,0.901074337243,-0.744709949579,0.382090710774,0.0,0.865253653991,0.609473647819,1.0,0.037143617586,1.0,0.583333333333,0.583333333333,0.916666666667,0.458333333333,0.583333333333,0.583333333333,0.458333333333,0.708333333333,1.0,5,61,80,MOT20-03,MOT20-05,stable080_motion_min_ge_020,0
MOT20-05,95,225,263,1216,v_to_u,0.0,0.044642857143,0.112359550562,0.0,0.0,0.224719101124,0.133333333333,0.133333333333,0.059512889155,0.133333333333,0.333333333333,0.333333333333,0.333333333333,0.017851,0.0329,0.235904601285,4.963055029899,1.345968536144,0.012141597708,0.628099173554,1.252229081718,1.061379465158,1.0,0.041591713671,0.666666666667,0.5,0.916666666667,0.454545454545,0.833333333333,0.666666666667,0.5,0.454545454545,0.674242424242,1.0,5,81,100,MOT20-03,MOT20-05,stable080_motion_min_ge_020,0
MOT20-01,37,20,27,70,v_to_u,0.320939334638,0.353448275862,0.380281690141,0.965417867435,0.965417867435,0.266666666667,0.96,0.96,0.965417867435,0.96,0.9,0.9,0.9,0.436431,0.83944,0.66783228483,4.875543716102,-1.215417897463,-0.495135534917,0.223140495868,1.09368341626,0.849071303846,1.0,0.03028323647,0.555555555556,0.333333333333,0.444444444444,0.444444444444,0.888888888889,0.444444444444,0.444444444444,0.333333333333,0.533333333333,1.0,5,21,40,MOT20-03,MOT20-01,stable080_motion_min_ge_025,0
MOT20-01,49,17,28,347,u_to_v,0.0,0.0,0.038338658147,0.0,0.0,0.029239766082,0.0,0.014910579616,0.012876335082,0.0,0.064102564103,0.029023458811,0.064102564103,0.046867,0.075333,1.533668403345,2.143752685328,0.281751919795,1.160903892853,0.987804878049,1.20538270886,0.92179297192,1.0,0.031888284569,0.375,0.5,1.0,1.0,1.0,1.0,0.5,0.375,0.775,1.0,5,41,60,MOT20-03,MOT20-01,stable080_motion_min_ge_025,0
MOT20-01,66,24,57,213,v_to_u,-0.151291512915,-0.151291512915,-0.25786163522,0.0,0.0,0.10101010101,0.0,-0.704347826087,-0.704347826087,0.0,0.0,-0.423728813559,0.0,-0.076203,-0.14479,0.253646566913,0.967959177144,-0.811269457833,-0.370336316511,0.0,0.658068814276,0.494039420556,0.953846153846,0.03682311313,0.923076923077,0.692307692308,0.692307692308,0.692307692308,0.423076923077,0.692307692308,0.692307692308,0.423076923077,0.684615384615,1.0,5,61,80,MOT20-03,MOT20-01,stable080_motion_min_ge_025,0
MOT20-01,85,17,28,343,u_to_v,0.0,0.0,0.038338658147,0.0,0.0,0.029239766082,0.0,0.014910579616,0.012876335082,0.0,0.064102564103,0.029023458811,0.064102564103,0.046867,0.075333,1.533668403345,2.143752685328,0.281751919795,1.160903892853,0.987804878049,1.107434347963,0.831488129528,1.0,0.033618784526,0.3125,0.375,1.0,1.0,1.0,1.0,0.375,0.3125,0.7375,1.0,5,81,100,MOT20-03,MOT20-01,stable080_motion_min_ge_025,0
MOT20-02,56,214,246,1536,v_to_u,0.346153846154,0.336134453782,0.256797583082,0.0,0.0,0.3,0.0,0.537816210635,0.552801623225,0.0,0.0,0.323854660348,0.0,0.05033,0.10592,0.050920161458,1.499066055218,0.856280553428,0.792082567802,1.0,0.889420577865,0.799927356268,0.923076923077,0.026488713881,0.866666666667,0.8,1.0,0.928571428571,1.0,0.928571428571,0.866666666667,0.8,0.919047619048,1.0,5,41,60,MOT20-03,MOT20-02,stable080_motion_min_ge_025,0
MOT20-02,80,413,531,2556,v_to_u,-0.145114942529,-0.237647058824,-0.334693877551,-1.0,-1.0,-0.416666666667,-1.0,-0.802469135802,-0.889075630252,-1.0,-1.0,-0.555555555556,-1.0,-0.04826,-0.084816,0.328349780083,0.644708459318,-0.612031237169,-0.516483135551,0.0,1.016262288113,0.765170377172,1.0,0.032938957647,0.666666666667,0.777777777778,0.777777777778,0.833333333333,0.388888888889,0.777777777778,0.666666666667,0.388888888889,0.688888888889,1.0,5,61,80,MOT20-03,MOT20-02,stable080_motion_min_ge_025,0
MOT20-05,28,525,874,1582,v_to_u,0.028806584362,0.057851239669,0.128676470588,1.0,1.0,0.230263157895,1.0,0.975438596491,0.98813559322,1.0,1.0,0.940928270042,1.0,0.005942,0.0097,0.199086622873,0.285029901936,0.405469583515,3.067271150391,0.961538461538,1.033917124215,0.808691138998,1.0,0.028132978913,0.777777777778,0.944444444444,1.0,1.0,1.0,1.0,0.944444444444,0.777777777778,0.944444444444,1.0,5,21,40,MOT20-03,MOT20-05,stable080_motion_min_ge_025,0
MOT20-05,58,142,346,307,v_to_u,0.034782608696,0.064056939502,-0.398305084746,-0.254854368932,0.0,-0.5,-0.35472972973,0.039321276163,0.05119787665,0.0,-0.905172413793,-0.810344827586,0.0,-0.005329,-0.010054,0.152999095338,2.838492118021,2.110678211011,0.485316828471,0.702479338843,1.190824939033,1.004124635684,1.0,0.034637752689,0.923076923077,0.461538461538,1.0,0.923076923077,0.923076923077,0.923076923077,0.923076923077,0.461538461538,0.846153846154,1.0,5,41,60,MOT20-03,MOT20-05,stable080_motion_min_ge_025,0
MOT20-05,76,857,861,1937,u_to_v,0.0,0.0,0.0,0.0,0.0,0.0,0.0,0.0,0.0,0.0,0.0,0.0,0.0,0.0,0.0,0.007273634103,0.901074337243,-0.744709949579,0.382090710774,0.0,0.865253653991,0.609473647819,1.0,0.037143617586,1.0,0.583333333333,0.583333333333,0.916666666667,0.458333333333,0.583333333333,0.583333333333,0.458333333333,0.708333333333,1.0,5,61,80,MOT20-03,MOT20-05,stable080_motion_min_ge_025,0
MOT20-05,95,225,263,1216,v_to_u,0.0,0.044642857143,0.112359550562,0.0,0.0,0.224719101124,0.133333333333,0.133333333333,0.059512889155,0.133333333333,0.333333333333,0.333333333333,0.333333333333,0.017851,0.0329,0.235904601285,4.963055029899,1.345968536144,0.012141597708,0.628099173554,1.252229081718,1.061379465158,1.0,0.041591713671,0.666666666667,0.5,0.916666666667,0.454545454545,0.833333333333,0.666666666667,0.5,0.454545454545,0.674242424242,1.0,5,81,100,MOT20-03,MOT20-05,stable080_motion_min_ge_025,0
MOT20-01,37,20,27,70,v_to_u,0.320939334638,0.353448275862,0.380281690141,0.965417867435,0.965417867435,0.266666666667,0.96,0.96,0.965417867435,0.96,0.9,0.9,0.9,0.436431,0.83944,0.66783228483,4.875543716102,-1.215417897463,-0.495135534917,0.223140495868,1.09368341626,0.849071303846,1.0,0.03028323647,0.555555555556,0.333333333333,0.444444444444,0.444444444444,0.888888888889,0.444444444444,0.444444444444,0.333333333333,0.533333333333,1.0,5,21,40,MOT20-03,MOT20-01,stable080_motion_min_ge_030,0
MOT20-01,49,17,28,347,u_to_v,0.0,0.0,0.038338658147,0.0,0.0,0.029239766082,0.0,0.014910579616,0.012876335082,0.0,0.064102564103,0.029023458811,0.064102564103,0.046867,0.075333,1.533668403345,2.143752685328,0.281751919795,1.160903892853,0.987804878049,1.20538270886,0.92179297192,1.0,0.031888284569,0.375,0.5,1.0,1.0,1.0,1.0,0.5,0.375,0.775,1.0,5,41,60,MOT20-03,MOT20-01,stable080_motion_min_ge_030,0
MOT20-01,66,24,57,213,v_to_u,-0.151291512915,-0.151291512915,-0.25786163522,0.0,0.0,0.10101010101,0.0,-0.704347826087,-0.704347826087,0.0,0.0,-0.423728813559,0.0,-0.076203,-0.14479,0.253646566913,0.967959177144,-0.811269457833,-0.370336316511,0.0,0.658068814276,0.494039420556,0.953846153846,0.03682311313,0.923076923077,0.692307692308,0.692307692308,0.692307692308,0.423076923077,0.692307692308,0.692307692308,0.423076923077,0.684615384615,1.0,5,61,80,MOT20-03,MOT20-01,stable080_motion_min_ge_030,0
MOT20-01,85,17,28,343,u_to_v,0.0,0.0,0.038338658147,0.0,0.0,0.029239766082,0.0,0.014910579616,0.012876335082,0.0,0.064102564103,0.029023458811,0.064102564103,0.046867,0.075333,1.533668403345,2.143752685328,0.281751919795,1.160903892853,0.987804878049,1.107434347963,0.831488129528,1.0,0.033618784526,0.3125,0.375,1.0,1.0,1.0,1.0,0.375,0.3125,0.7375,1.0,5,81,100,MOT20-03,MOT20-01,stable080_motion_min_ge_030,0
MOT20-02,56,214,246,1536,v_to_u,0.346153846154,0.336134453782,0.256797583082,0.0,0.0,0.3,0.0,0.537816210635,0.552801623225,0.0,0.0,0.323854660348,0.0,0.05033,0.10592,0.050920161458,1.499066055218,0.856280553428,0.792082567802,1.0,0.889420577865,0.799927356268,0.923076923077,0.026488713881,0.866666666667,0.8,1.0,0.928571428571,1.0,0.928571428571,0.866666666667,0.8,0.919047619048,1.0,5,41,60,MOT20-03,MOT20-02,stable080_motion_min_ge_030,0
MOT20-02,80,413,531,2556,v_to_u,-0.145114942529,-0.237647058824,-0.334693877551,-1.0,-1.0,-0.416666666667,-1.0,-0.802469135802,-0.889075630252,-1.0,-1.0,-0.555555555556,-1.0,-0.04826,-0.084816,0.328349780083,0.644708459318,-0.612031237169,-0.516483135551,0.0,1.016262288113,0.765170377172,1.0,0.032938957647,0.666666666667,0.777777777778,0.777777777778,0.833333333333,0.388888888889,0.777777777778,0.666666666667,0.388888888889,0.688888888889,1.0,5,61,80,MOT20-03,MOT20-02,stable080_motion_min_ge_030,0
MOT20-05,28,525,874,1582,v_to_u,0.028806584362,0.057851239669,0.128676470588,1.0,1.0,0.230263157895,1.0,0.975438596491,0.98813559322,1.0,1.0,0.940928270042,1.0,0.005942,0.0097,0.199086622873,0.285029901936,0.405469583515,3.067271150391,0.961538461538,1.033917124215,0.808691138998,1.0,0.028132978913,0.777777777778,0.944444444444,1.0,1.0,1.0,1.0,0.944444444444,0.777777777778,0.944444444444,1.0,5,21,40,MOT20-03,MOT20-05,stable080_motion_min_ge_030,0
MOT20-05,58,142,346,307,v_to_u,0.034782608696,0.064056939502,-0.398305084746,-0.254854368932,0.0,-0.5,-0.35472972973,0.039321276163,0.05119787665,0.0,-0.905172413793,-0.810344827586,0.0,-0.005329,-0.010054,0.152999095338,2.838492118021,2.110678211011,0.485316828471,0.702479338843,1.190824939033,1.004124635684,1.0,0.034637752689,0.923076923077,0.461538461538,1.0,0.923076923077,0.923076923077,0.923076923077,0.923076923077,0.461538461538,0.846153846154,1.0,5,41,60,MOT20-03,MOT20-05,stable080_motion_min_ge_030,0
MOT20-05,76,857,861,1937,u_to_v,0.0,0.0,0.0,0.0,0.0,0.0,0.0,0.0,0.0,0.0,0.0,0.0,0.0,0.0,0.0,0.007273634103,0.901074337243,-0.744709949579,0.382090710774,0.0,0.865253653991,0.609473647819,1.0,0.037143617586,1.0,0.583333333333,0.583333333333,0.916666666667,0.458333333333,0.583333333333,0.583333333333,0.458333333333,0.708333333333,1.0,5,61,80,MOT20-03,MOT20-05,stable080_motion_min_ge_030,0
MOT20-05,95,225,263,1216,v_to_u,0.0,0.044642857143,0.112359550562,0.0,0.0,0.224719101124,0.133333333333,0.133333333333,0.059512889155,0.133333333333,0.333333333333,0.333333333333,0.333333333333,0.017851,0.0329,0.235904601285,4.963055029899,1.345968536144,0.012141597708,0.628099173554,1.252229081718,1.061379465158,1.0,0.041591713671,0.666666666667,0.5,0.916666666667,0.454545454545,0.833333333333,0.666666666667,0.5,0.454545454545,0.674242424242,1.0,5,81,100,MOT20-03,MOT20-05,stable080_motion_min_ge_030,0
MOT20-01,37,20,27,70,v_to_u,0.320939334638,0.353448275862,0.380281690141,0.965417867435,0.965417867435,0.266666666667,0.96,0.96,0.965417867435,0.96,0.9,0.9,0.9,0.436431,0.83944,0.66783228483,4.875543716102,-1.215417897463,-0.495135534917,0.223140495868,1.09368341626,0.849071303846,1.0,0.03028323647,0.555555555556,0.333333333333,0.444444444444,0.444444444444,0.888888888889,0.444444444444,0.444444444444,0.333333333333,0.533333333333,1.0,5,21,40,MOT20-03,MOT20-01,stable080_motion_q25_ge_020,0
MOT20-01,49,17,28,347,u_to_v,0.0,0.0,0.038338658147,0.0,0.0,0.029239766082,0.0,0.014910579616,0.012876335082,0.0,0.064102564103,0.029023458811,0.064102564103,0.046867,0.075333,1.533668403345,2.143752685328,0.281751919795,1.160903892853,0.987804878049,1.20538270886,0.92179297192,1.0,0.031888284569,0.375,0.5,1.0,1.0,1.0,1.0,0.5,0.375,0.775,1.0,5,41,60,MOT20-03,MOT20-01,stable080_motion_q25_ge_020,0
MOT20-01,66,24,57,213,v_to_u,-0.151291512915,-0.151291512915,-0.25786163522,0.0,0.0,0.10101010101,0.0,-0.704347826087,-0.704347826087,0.0,0.0,-0.423728813559,0.0,-0.076203,-0.14479,0.253646566913,0.967959177144,-0.811269457833,-0.370336316511,0.0,0.658068814276,0.494039420556,0.953846153846,0.03682311313,0.923076923077,0.692307692308,0.692307692308,0.692307692308,0.423076923077,0.692307692308,0.692307692308,0.423076923077,0.684615384615,1.0,5,61,80,MOT20-03,MOT20-01,stable080_motion_q25_ge_020,0
MOT20-01,85,17,28,343,u_to_v,0.0,0.0,0.038338658147,0.0,0.0,0.029239766082,0.0,0.014910579616,0.012876335082,0.0,0.064102564103,0.029023458811,0.064102564103,0.046867,0.075333,1.533668403345,2.143752685328,0.281751919795,1.160903892853,0.987804878049,1.107434347963,0.831488129528,1.0,0.033618784526,0.3125,0.375,1.0,1.0,1.0,1.0,0.375,0.3125,0.7375,1.0,5,81,100,MOT20-03,MOT20-01,stable080_motion_q25_ge_020,0
MOT20-02,56,214,246,1536,v_to_u,0.346153846154,0.336134453782,0.256797583082,0.0,0.0,0.3,0.0,0.537816210635,0.552801623225,0.0,0.0,0.323854660348,0.0,0.05033,0.10592,0.050920161458,1.499066055218,0.856280553428,0.792082567802,1.0,0.889420577865,0.799927356268,0.923076923077,0.026488713881,0.866666666667,0.8,1.0,0.928571428571,1.0,0.928571428571,0.866666666667,0.8,0.919047619048,1.0,5,41,60,MOT20-03,MOT20-02,stable080_motion_q25_ge_020,0
MOT20-02,80,413,531,2556,v_to_u,-0.145114942529,-0.237647058824,-0.334693877551,-1.0,-1.0,-0.416666666667,-1.0,-0.802469135802,-0.889075630252,-1.0,-1.0,-0.555555555556,-1.0,-0.04826,-0.084816,0.328349780083,0.644708459318,-0.612031237169,-0.516483135551,0.0,1.016262288113,0.765170377172,1.0,0.032938957647,0.666666666667,0.777777777778,0.777777777778,0.833333333333,0.388888888889,0.777777777778,0.666666666667,0.388888888889,0.688888888889,1.0,5,61,80,MOT20-03,MOT20-02,stable080_motion_q25_ge_020,0
MOT20-05,28,525,874,1582,v_to_u,0.028806584362,0.057851239669,0.128676470588,1.0,1.0,0.230263157895,1.0,0.975438596491,0.98813559322,1.0,1.0,0.940928270042,1.0,0.005942,0.0097,0.199086622873,0.285029901936,0.405469583515,3.067271150391,0.961538461538,1.033917124215,0.808691138998,1.0,0.028132978913,0.777777777778,0.944444444444,1.0,1.0,1.0,1.0,0.944444444444,0.777777777778,0.944444444444,1.0,5,21,40,MOT20-03,MOT20-05,stable080_motion_q25_ge_020,0
MOT20-05,58,142,346,307,v_to_u,0.034782608696,0.064056939502,-0.398305084746,-0.254854368932,0.0,-0.5,-0.35472972973,0.039321276163,0.05119787665,0.0,-0.905172413793,-0.810344827586,0.0,-0.005329,-0.010054,0.152999095338,2.838492118021,2.110678211011,0.485316828471,0.702479338843,1.190824939033,1.004124635684,1.0,0.034637752689,0.923076923077,0.461538461538,1.0,0.923076923077,0.923076923077,0.923076923077,0.923076923077,0.461538461538,0.846153846154,1.0,5,41,60,MOT20-03,MOT20-05,stable080_motion_q25_ge_020,0
MOT20-05,76,857,861,1937,u_to_v,0.0,0.0,0.0,0.0,0.0,0.0,0.0,0.0,0.0,0.0,0.0,0.0,0.0,0.0,0.0,0.007273634103,0.901074337243,-0.744709949579,0.382090710774,0.0,0.865253653991,0.609473647819,1.0,0.037143617586,1.0,0.583333333333,0.583333333333,0.916666666667,0.458333333333,0.583333333333,0.583333333333,0.458333333333,0.708333333333,1.0,5,61,80,MOT20-03,MOT20-05,stable080_motion_q25_ge_020,0
MOT20-05,95,225,263,1216,v_to_u,0.0,0.044642857143,0.112359550562,0.0,0.0,0.224719101124,0.133333333333,0.133333333333,0.059512889155,0.133333333333,0.333333333333,0.333333333333,0.333333333333,0.017851,0.0329,0.235904601285,4.963055029899,1.345968536144,0.012141597708,0.628099173554,1.252229081718,1.061379465158,1.0,0.041591713671,0.666666666667,0.5,0.916666666667,0.454545454545,0.833333333333,0.666666666667,0.5,0.454545454545,0.674242424242,1.0,5,81,100,MOT20-03,MOT20-05,stable080_motion_q25_ge_020,0
MOT20-01,37,20,27,70,v_to_u,0.320939334638,0.353448275862,0.380281690141,0.965417867435,0.965417867435,0.266666666667,0.96,0.96,0.965417867435,0.96,0.9,0.9,0.9,0.436431,0.83944,0.66783228483,4.875543716102,-1.215417897463,-0.495135534917,0.223140495868,1.09368341626,0.849071303846,1.0,0.03028323647,0.555555555556,0.333333333333,0.444444444444,0.444444444444,0.888888888889,0.444444444444,0.444444444444,0.333333333333,0.533333333333,1.0,5,21,40,MOT20-03,MOT20-01,stable080_motion_q25_ge_025,0
MOT20-01,49,17,28,347,u_to_v,0.0,0.0,0.038338658147,0.0,0.0,0.029239766082,0.0,0.014910579616,0.012876335082,0.0,0.064102564103,0.029023458811,0.064102564103,0.046867,0.075333,1.533668403345,2.143752685328,0.281751919795,1.160903892853,0.987804878049,1.20538270886,0.92179297192,1.0,0.031888284569,0.375,0.5,1.0,1.0,1.0,1.0,0.5,0.375,0.775,1.0,5,41,60,MOT20-03,MOT20-01,stable080_motion_q25_ge_025,0
MOT20-01,66,24,57,213,v_to_u,-0.151291512915,-0.151291512915,-0.25786163522,0.0,0.0,0.10101010101,0.0,-0.704347826087,-0.704347826087,0.0,0.0,-0.423728813559,0.0,-0.076203,-0.14479,0.253646566913,0.967959177144,-0.811269457833,-0.370336316511,0.0,0.658068814276,0.494039420556,0.953846153846,0.03682311313,0.923076923077,0.692307692308,0.692307692308,0.692307692308,0.423076923077,0.692307692308,0.692307692308,0.423076923077,0.684615384615,1.0,5,61,80,MOT20-03,MOT20-01,stable080_motion_q25_ge_025,0
MOT20-01,85,17,28,343,u_to_v,0.0,0.0,0.038338658147,0.0,0.0,0.029239766082,0.0,0.014910579616,0.012876335082,0.0,0.064102564103,0.029023458811,0.064102564103,0.046867,0.075333,1.533668403345,2.143752685328,0.281751919795,1.160903892853,0.987804878049,1.107434347963,0.831488129528,1.0,0.033618784526,0.3125,0.375,1.0,1.0,1.0,1.0,0.375,0.3125,0.7375,1.0,5,81,100,MOT20-03,MOT20-01,stable080_motion_q25_ge_025,0
MOT20-02,56,214,246,1536,v_to_u,0.346153846154,0.336134453782,0.256797583082,0.0,0.0,0.3,0.0,0.537816210635,0.552801623225,0.0,0.0,0.323854660348,0.0,0.05033,0.10592,0.050920161458,1.499066055218,0.856280553428,0.792082567802,1.0,0.889420577865,0.799927356268,0.923076923077,0.026488713881,0.866666666667,0.8,1.0,0.928571428571,1.0,0.928571428571,0.866666666667,0.8,0.919047619048,1.0,5,41,60,MOT20-03,MOT20-02,stable080_motion_q25_ge_025,0
MOT20-02,80,413,531,2556,v_to_u,-0.145114942529,-0.237647058824,-0.334693877551,-1.0,-1.0,-0.416666666667,-1.0,-0.802469135802,-0.889075630252,-1.0,-1.0,-0.555555555556,-1.0,-0.04826,-0.084816,0.328349780083,0.644708459318,-0.612031237169,-0.516483135551,0.0,1.016262288113,0.765170377172,1.0,0.032938957647,0.666666666667,0.777777777778,0.777777777778,0.833333333333,0.388888888889,0.777777777778,0.666666666667,0.388888888889,0.688888888889,1.0,5,61,80,MOT20-03,MOT20-02,stable080_motion_q25_ge_025,0
MOT20-05,28,525,874,1582,v_to_u,0.028806584362,0.057851239669,0.128676470588,1.0,1.0,0.230263157895,1.0,0.975438596491,0.98813559322,1.0,1.0,0.940928270042,1.0,0.005942,0.0097,0.199086622873,0.285029901936,0.405469583515,3.067271150391,0.961538461538,1.033917124215,0.808691138998,1.0,0.028132978913,0.777777777778,0.944444444444,1.0,1.0,1.0,1.0,0.944444444444,0.777777777778,0.944444444444,1.0,5,21,40,MOT20-03,MOT20-05,stable080_motion_q25_ge_025,0
MOT20-05,58,142,346,307,v_to_u,0.034782608696,0.064056939502,-0.398305084746,-0.254854368932,0.0,-0.5,-0.35472972973,0.039321276163,0.05119787665,0.0,-0.905172413793,-0.810344827586,0.0,-0.005329,-0.010054,0.152999095338,2.838492118021,2.110678211011,0.485316828471,0.702479338843,1.190824939033,1.004124635684,1.0,0.034637752689,0.923076923077,0.461538461538,1.0,0.923076923077,0.923076923077,0.923076923077,0.923076923077,0.461538461538,0.846153846154,1.0,5,41,60,MOT20-03,MOT20-05,stable080_motion_q25_ge_025,0
MOT20-05,76,857,861,1937,u_to_v,0.0,0.0,0.0,0.0,0.0,0.0,0.0,0.0,0.0,0.0,0.0,0.0,0.0,0.0,0.0,0.007273634103,0.901074337243,-0.744709949579,0.382090710774,0.0,0.865253653991,0.609473647819,1.0,0.037143617586,1.0,0.583333333333,0.583333333333,0.916666666667,0.458333333333,0.583333333333,0.583333333333,0.458333333333,0.708333333333,1.0,5,61,80,MOT20-03,MOT20-05,stable080_motion_q25_ge_025,0
MOT20-05,95,225,263,1216,v_to_u,0.0,0.044642857143,0.112359550562,0.0,0.0,0.224719101124,0.133333333333,0.133333333333,0.059512889155,0.133333333333,0.333333333333,0.333333333333,0.333333333333,0.017851,0.0329,0.235904601285,4.963055029899,1.345968536144,0.012141597708,0.628099173554,1.252229081718,1.061379465158,1.0,0.041591713671,0.666666666667,0.5,0.916666666667,0.454545454545,0.833333333333,0.666666666667,0.5,0.454545454545,0.674242424242,1.0,5,81,100,MOT20-03,MOT20-05,stable080_motion_q25_ge_025,0
MOT20-01,37,20,27,70,v_to_u,0.320939334638,0.353448275862,0.380281690141,0.965417867435,0.965417867435,0.266666666667,0.96,0.96,0.965417867435,0.96,0.9,0.9,0.9,0.436431,0.83944,0.66783228483,4.875543716102,-1.215417897463,-0.495135534917,0.223140495868,1.09368341626,0.849071303846,1.0,0.03028323647,0.555555555556,0.333333333333,0.444444444444,0.444444444444,0.888888888889,0.444444444444,0.444444444444,0.333333333333,0.533333333333,1.0,5,21,40,MOT20-03,MOT20-01,stable080_motion_q25_ge_030,0
MOT20-01,49,17,28,347,u_to_v,0.0,0.0,0.038338658147,0.0,0.0,0.029239766082,0.0,0.014910579616,0.012876335082,0.0,0.064102564103,0.029023458811,0.064102564103,0.046867,0.075333,1.533668403345,2.143752685328,0.281751919795,1.160903892853,0.987804878049,1.20538270886,0.92179297192,1.0,0.031888284569,0.375,0.5,1.0,1.0,1.0,1.0,0.5,0.375,0.775,1.0,5,41,60,MOT20-03,MOT20-01,stable080_motion_q25_ge_030,0
MOT20-01,66,24,57,213,v_to_u,-0.151291512915,-0.151291512915,-0.25786163522,0.0,0.0,0.10101010101,0.0,-0.704347826087,-0.704347826087,0.0,0.0,-0.423728813559,0.0,-0.076203,-0.14479,0.253646566913,0.967959177144,-0.811269457833,-0.370336316511,0.0,0.658068814276,0.494039420556,0.953846153846,0.03682311313,0.923076923077,0.692307692308,0.692307692308,0.692307692308,0.423076923077,0.692307692308,0.692307692308,0.423076923077,0.684615384615,1.0,5,61,80,MOT20-03,MOT20-01,stable080_motion_q25_ge_030,0
MOT20-01,85,17,28,343,u_to_v,0.0,0.0,0.038338658147,0.0,0.0,0.029239766082,0.0,0.014910579616,0.012876335082,0.0,0.064102564103,0.029023458811,0.064102564103,0.046867,0.075333,1.533668403345,2.143752685328,0.281751919795,1.160903892853,0.987804878049,1.107434347963,0.831488129528,1.0,0.033618784526,0.3125,0.375,1.0,1.0,1.0,1.0,0.375,0.3125,0.7375,1.0,5,81,100,MOT20-03,MOT20-01,stable080_motion_q25_ge_030,0
MOT20-02,56,214,246,1536,v_to_u,0.346153846154,0.336134453782,0.256797583082,0.0,0.0,0.3,0.0,0.537816210635,0.552801623225,0.0,0.0,0.323854660348,0.0,0.05033,0.10592,0.050920161458,1.499066055218,0.856280553428,0.792082567802,1.0,0.889420577865,0.799927356268,0.923076923077,0.026488713881,0.866666666667,0.8,1.0,0.928571428571,1.0,0.928571428571,0.866666666667,0.8,0.919047619048,1.0,5,41,60,MOT20-03,MOT20-02,stable080_motion_q25_ge_030,0
MOT20-02,80,413,531,2556,v_to_u,-0.145114942529,-0.237647058824,-0.334693877551,-1.0,-1.0,-0.416666666667,-1.0,-0.802469135802,-0.889075630252,-1.0,-1.0,-0.555555555556,-1.0,-0.04826,-0.084816,0.328349780083,0.644708459318,-0.612031237169,-0.516483135551,0.0,1.016262288113,0.765170377172,1.0,0.032938957647,0.666666666667,0.777777777778,0.777777777778,0.833333333333,0.388888888889,0.777777777778,0.666666666667,0.388888888889,0.688888888889,1.0,5,61,80,MOT20-03,MOT20-02,stable080_motion_q25_ge_030,0
MOT20-05,28,525,874,1582,v_to_u,0.028806584362,0.057851239669,0.128676470588,1.0,1.0,0.230263157895,1.0,0.975438596491,0.98813559322,1.0,1.0,0.940928270042,1.0,0.005942,0.0097,0.199086622873,0.285029901936,0.405469583515,3.067271150391,0.961538461538,1.033917124215,0.808691138998,1.0,0.028132978913,0.777777777778,0.944444444444,1.0,1.0,1.0,1.0,0.944444444444,0.777777777778,0.944444444444,1.0,5,21,40,MOT20-03,MOT20-05,stable080_motion_q25_ge_030,0
MOT20-05,58,142,346,307,v_to_u,0.034782608696,0.064056939502,-0.398305084746,-0.254854368932,0.0,-0.5,-0.35472972973,0.039321276163,0.05119787665,0.0,-0.905172413793,-0.810344827586,0.0,-0.005329,-0.010054,0.152999095338,2.838492118021,2.110678211011,0.485316828471,0.702479338843,1.190824939033,1.004124635684,1.0,0.034637752689,0.923076923077,0.461538461538,1.0,0.923076923077,0.923076923077,0.923076923077,0.923076923077,0.461538461538,0.846153846154,1.0,5,41,60,MOT20-03,MOT20-05,stable080_motion_q25_ge_030,0
MOT20-05,76,857,861,1937,u_to_v,0.0,0.0,0.0,0.0,0.0,0.0,0.0,0.0,0.0,0.0,0.0,0.0,0.0,0.0,0.0,0.007273634103,0.901074337243,-0.744709949579,0.382090710774,0.0,0.865253653991,0.609473647819,1.0,0.037143617586,1.0,0.583333333333,0.583333333333,0.916666666667,0.458333333333,0.583333333333,0.583333333333,0.458333333333,0.708333333333,1.0,5,61,80,MOT20-03,MOT20-05,stable080_motion_q25_ge_030,0
MOT20-05,95,225,263,1216,v_to_u,0.0,0.044642857143,0.112359550562,0.0,0.0,0.224719101124,0.133333333333,0.133333333333,0.059512889155,0.133333333333,0.333333333333,0.333333333333,0.333333333333,0.017851,0.0329,0.235904601285,4.963055029899,1.345968536144,0.012141597708,0.628099173554,1.252229081718,1.061379465158,1.0,0.041591713671,0.666666666667,0.5,0.916666666667,0.454545454545,0.833333333333,0.666666666667,0.5,0.454545454545,0.674242424242,1.0,5,81,100,MOT20-03,MOT20-05,stable080_motion_q25_ge_030,0
MOT20-01,37,20,27,70,v_to_u,0.320939334638,0.353448275862,0.380281690141,0.965417867435,0.965417867435,0.266666666667,0.96,0.96,0.965417867435,0.96,0.9,0.9,0.9,0.436431,0.83944,0.66783228483,4.875543716102,-1.215417897463,-0.495135534917,0.223140495868,1.09368341626,0.849071303846,1.0,0.03028323647,0.555555555556,0.333333333333,0.444444444444,0.444444444444,0.888888888889,0.444444444444,0.444444444444,0.333333333333,0.533333333333,1.0,5,21,40,MOT20-03,MOT20-01,stable080_motion_q25_ge_035,0
MOT20-01,49,17,28,347,u_to_v,0.0,0.0,0.038338658147,0.0,0.0,0.029239766082,0.0,0.014910579616,0.012876335082,0.0,0.064102564103,0.029023458811,0.064102564103,0.046867,0.075333,1.533668403345,2.143752685328,0.281751919795,1.160903892853,0.987804878049,1.20538270886,0.92179297192,1.0,0.031888284569,0.375,0.5,1.0,1.0,1.0,1.0,0.5,0.375,0.775,1.0,5,41,60,MOT20-03,MOT20-01,stable080_motion_q25_ge_035,0
MOT20-01,66,24,57,213,v_to_u,-0.151291512915,-0.151291512915,-0.25786163522,0.0,0.0,0.10101010101,0.0,-0.704347826087,-0.704347826087,0.0,0.0,-0.423728813559,0.0,-0.076203,-0.14479,0.253646566913,0.967959177144,-0.811269457833,-0.370336316511,0.0,0.658068814276,0.494039420556,0.953846153846,0.03682311313,0.923076923077,0.692307692308,0.692307692308,0.692307692308,0.423076923077,0.692307692308,0.692307692308,0.423076923077,0.684615384615,1.0,5,61,80,MOT20-03,MOT20-01,stable080_motion_q25_ge_035,0
MOT20-01,85,17,28,343,u_to_v,0.0,0.0,0.038338658147,0.0,0.0,0.029239766082,0.0,0.014910579616,0.012876335082,0.0,0.064102564103,0.029023458811,0.064102564103,0.046867,0.075333,1.533668403345,2.143752685328,0.281751919795,1.160903892853,0.987804878049,1.107434347963,0.831488129528,1.0,0.033618784526,0.3125,0.375,1.0,1.0,1.0,1.0,0.375,0.3125,0.7375,1.0,5,81,100,MOT20-03,MOT20-01,stable080_motion_q25_ge_035,0
MOT20-02,56,214,246,1536,v_to_u,0.346153846154,0.336134453782,0.256797583082,0.0,0.0,0.3,0.0,0.537816210635,0.552801623225,0.0,0.0,0.323854660348,0.0,0.05033,0.10592,0.050920161458,1.499066055218,0.856280553428,0.792082567802,1.0,0.889420577865,0.799927356268,0.923076923077,0.026488713881,0.866666666667,0.8,1.0,0.928571428571,1.0,0.928571428571,0.866666666667,0.8,0.919047619048,1.0,5,41,60,MOT20-03,MOT20-02,stable080_motion_q25_ge_035,0
MOT20-02,80,413,531,2556,v_to_u,-0.145114942529,-0.237647058824,-0.334693877551,-1.0,-1.0,-0.416666666667,-1.0,-0.802469135802,-0.889075630252,-1.0,-1.0,-0.555555555556,-1.0,-0.04826,-0.084816,0.328349780083,0.644708459318,-0.612031237169,-0.516483135551,0.0,1.016262288113,0.765170377172,1.0,0.032938957647,0.666666666667,0.777777777778,0.777777777778,0.833333333333,0.388888888889,0.777777777778,0.666666666667,0.388888888889,0.688888888889,1.0,5,61,80,MOT20-03,MOT20-02,stable080_motion_q25_ge_035,0
MOT20-05,28,525,874,1582,v_to_u,0.028806584362,0.057851239669,0.128676470588,1.0,1.0,0.230263157895,1.0,0.975438596491,0.98813559322,1.0,1.0,0.940928270042,1.0,0.005942,0.0097,0.199086622873,0.285029901936,0.405469583515,3.067271150391,0.961538461538,1.033917124215,0.808691138998,1.0,0.028132978913,0.777777777778,0.944444444444,1.0,1.0,1.0,1.0,0.944444444444,0.777777777778,0.944444444444,1.0,5,21,40,MOT20-03,MOT20-05,stable080_motion_q25_ge_035,0
MOT20-05,58,142,346,307,v_to_u,0.034782608696,0.064056939502,-0.398305084746,-0.254854368932,0.0,-0.5,-0.35472972973,0.039321276163,0.05119787665,0.0,-0.905172413793,-0.810344827586,0.0,-0.005329,-0.010054,0.152999095338,2.838492118021,2.110678211011,0.485316828471,0.702479338843,1.190824939033,1.004124635684,1.0,0.034637752689,0.923076923077,0.461538461538,1.0,0.923076923077,0.923076923077,0.923076923077,0.923076923077,0.461538461538,0.846153846154,1.0,5,41,60,MOT20-03,MOT20-05,stable080_motion_q25_ge_035,0
MOT20-05,76,857,861,1937,u_to_v,0.0,0.0,0.0,0.0,0.0,0.0,0.0,0.0,0.0,0.0,0.0,0.0,0.0,0.0,0.0,0.007273634103,0.901074337243,-0.744709949579,0.382090710774,0.0,0.865253653991,0.609473647819,1.0,0.037143617586,1.0,0.583333333333,0.583333333333,0.916666666667,0.458333333333,0.583333333333,0.583333333333,0.458333333333,0.708333333333,1.0,5,61,80,MOT20-03,MOT20-05,stable080_motion_q25_ge_035,0
MOT20-05,95,225,263,1216,v_to_u,0.0,0.044642857143,0.112359550562,0.0,0.0,0.224719101124,0.133333333333,0.133333333333,0.059512889155,0.133333333333,0.333333333333,0.333333333333,0.333333333333,0.017851,0.0329,0.235904601285,4.963055029899,1.345968536144,0.012141597708,0.628099173554,1.252229081718,1.061379465158,1.0,0.041591713671,0.666666666667,0.5,0.916666666667,0.454545454545,0.833333333333,0.666666666667,0.5,0.454545454545,0.674242424242,1.0,5,81,100,MOT20-03,MOT20-05,stable080_motion_q25_ge_035,0
MOT20-01,37,20,27,70,v_to_u,0.320939334638,0.353448275862,0.380281690141,0.965417867435,0.965417867435,0.266666666667,0.96,0.96,0.965417867435,0.96,0.9,0.9,0.9,0.436431,0.83944,0.66783228483,4.875543716102,-1.215417897463,-0.495135534917,0.223140495868,1.09368341626,0.849071303846,1.0,0.03028323647,0.555555555556,0.333333333333,0.444444444444,0.444444444444,0.888888888889,0.444444444444,0.444444444444,0.333333333333,0.533333333333,1.0,5,21,40,MOT20-03,MOT20-01,stable080_min015_q25_025,0
MOT20-01,49,17,28,347,u_to_v,0.0,0.0,0.038338658147,0.0,0.0,0.029239766082,0.0,0.014910579616,0.012876335082,0.0,0.064102564103,0.029023458811,0.064102564103,0.046867,0.075333,1.533668403345,2.143752685328,0.281751919795,1.160903892853,0.987804878049,1.20538270886,0.92179297192,1.0,0.031888284569,0.375,0.5,1.0,1.0,1.0,1.0,0.5,0.375,0.775,1.0,5,41,60,MOT20-03,MOT20-01,stable080_min015_q25_025,0
MOT20-01,66,24,57,213,v_to_u,-0.151291512915,-0.151291512915,-0.25786163522,0.0,0.0,0.10101010101,0.0,-0.704347826087,-0.704347826087,0.0,0.0,-0.423728813559,0.0,-0.076203,-0.14479,0.253646566913,0.967959177144,-0.811269457833,-0.370336316511,0.0,0.658068814276,0.494039420556,0.953846153846,0.03682311313,0.923076923077,0.692307692308,0.692307692308,0.692307692308,0.423076923077,0.692307692308,0.692307692308,0.423076923077,0.684615384615,1.0,5,61,80,MOT20-03,MOT20-01,stable080_min015_q25_025,0
MOT20-01,85,17,28,343,u_to_v,0.0,0.0,0.038338658147,0.0,0.0,0.029239766082,0.0,0.014910579616,0.012876335082,0.0,0.064102564103,0.029023458811,0.064102564103,0.046867,0.075333,1.533668403345,2.143752685328,0.281751919795,1.160903892853,0.987804878049,1.107434347963,0.831488129528,1.0,0.033618784526,0.3125,0.375,1.0,1.0,1.0,1.0,0.375,0.3125,0.7375,1.0,5,81,100,MOT20-03,MOT20-01,stable080_min015_q25_025,0
MOT20-02,56,214,246,1536,v_to_u,0.346153846154,0.336134453782,0.256797583082,0.0,0.0,0.3,0.0,0.537816210635,0.552801623225,0.0,0.0,0.323854660348,0.0,0.05033,0.10592,0.050920161458,1.499066055218,0.856280553428,0.792082567802,1.0,0.889420577865,0.799927356268,0.923076923077,0.026488713881,0.866666666667,0.8,1.0,0.928571428571,1.0,0.928571428571,0.866666666667,0.8,0.919047619048,1.0,5,41,60,MOT20-03,MOT20-02,stable080_min015_q25_025,0
MOT20-02,80,413,531,2556,v_to_u,-0.145114942529,-0.237647058824,-0.334693877551,-1.0,-1.0,-0.416666666667,-1.0,-0.802469135802,-0.889075630252,-1.0,-1.0,-0.555555555556,-1.0,-0.04826,-0.084816,0.328349780083,0.644708459318,-0.612031237169,-0.516483135551,0.0,1.016262288113,0.765170377172,1.0,0.032938957647,0.666666666667,0.777777777778,0.777777777778,0.833333333333,0.388888888889,0.777777777778,0.666666666667,0.388888888889,0.688888888889,1.0,5,61,80,MOT20-03,MOT20-02,stable080_min015_q25_025,0
MOT20-05,28,525,874,1582,v_to_u,0.028806584362,0.057851239669,0.128676470588,1.0,1.0,0.230263157895,1.0,0.975438596491,0.98813559322,1.0,1.0,0.940928270042,1.0,0.005942,0.0097,0.199086622873,0.285029901936,0.405469583515,3.067271150391,0.961538461538,1.033917124215,0.808691138998,1.0,0.028132978913,0.777777777778,0.944444444444,1.0,1.0,1.0,1.0,0.944444444444,0.777777777778,0.944444444444,1.0,5,21,40,MOT20-03,MOT20-05,stable080_min015_q25_025,0
MOT20-05,58,142,346,307,v_to_u,0.034782608696,0.064056939502,-0.398305084746,-0.254854368932,0.0,-0.5,-0.35472972973,0.039321276163,0.05119787665,0.0,-0.905172413793,-0.810344827586,0.0,-0.005329,-0.010054,0.152999095338,2.838492118021,2.110678211011,0.485316828471,0.702479338843,1.190824939033,1.004124635684,1.0,0.034637752689,0.923076923077,0.461538461538,1.0,0.923076923077,0.923076923077,0.923076923077,0.923076923077,0.461538461538,0.846153846154,1.0,5,41,60,MOT20-03,MOT20-05,stable080_min015_q25_025,0
MOT20-05,76,857,861,1937,u_to_v,0.0,0.0,0.0,0.0,0.0,0.0,0.0,0.0,0.0,0.0,0.0,0.0,0.0,0.0,0.0,0.007273634103,0.901074337243,-0.744709949579,0.382090710774,0.0,0.865253653991,0.609473647819,1.0,0.037143617586,1.0,0.583333333333,0.583333333333,0.916666666667,0.458333333333,0.583333333333,0.583333333333,0.458333333333,0.708333333333,1.0,5,61,80,MOT20-03,MOT20-05,stable080_min015_q25_025,0
MOT20-05,95,225,263,1216,v_to_u,0.0,0.044642857143,0.112359550562,0.0,0.0,0.224719101124,0.133333333333,0.133333333333,0.059512889155,0.133333333333,0.333333333333,0.333333333333,0.333333333333,0.017851,0.0329,0.235904601285,4.963055029899,1.345968536144,0.012141597708,0.628099173554,1.252229081718,1.061379465158,1.0,0.041591713671,0.666666666667,0.5,0.916666666667,0.454545454545,0.833333333333,0.666666666667,0.5,0.454545454545,0.674242424242,1.0,5,81,100,MOT20-03,MOT20-05,stable080_min015_q25_025,0
MOT20-01,37,20,27,70,v_to_u,0.320939334638,0.353448275862,0.380281690141,0.965417867435,0.965417867435,0.266666666667,0.96,0.96,0.965417867435,0.96,0.9,0.9,0.9,0.436431,0.83944,0.66783228483,4.875543716102,-1.215417897463,-0.495135534917,0.223140495868,1.09368341626,0.849071303846,1.0,0.03028323647,0.555555555556,0.333333333333,0.444444444444,0.444444444444,0.888888888889,0.444444444444,0.444444444444,0.333333333333,0.533333333333,1.0,5,21,40,MOT20-03,MOT20-01,stable080_min020_q25_030,0
MOT20-01,49,17,28,347,u_to_v,0.0,0.0,0.038338658147,0.0,0.0,0.029239766082,0.0,0.014910579616,0.012876335082,0.0,0.064102564103,0.029023458811,0.064102564103,0.046867,0.075333,1.533668403345,2.143752685328,0.281751919795,1.160903892853,0.987804878049,1.20538270886,0.92179297192,1.0,0.031888284569,0.375,0.5,1.0,1.0,1.0,1.0,0.5,0.375,0.775,1.0,5,41,60,MOT20-03,MOT20-01,stable080_min020_q25_030,0
MOT20-01,66,24,57,213,v_to_u,-0.151291512915,-0.151291512915,-0.25786163522,0.0,0.0,0.10101010101,0.0,-0.704347826087,-0.704347826087,0.0,0.0,-0.423728813559,0.0,-0.076203,-0.14479,0.253646566913,0.967959177144,-0.811269457833,-0.370336316511,0.0,0.658068814276,0.494039420556,0.953846153846,0.03682311313,0.923076923077,0.692307692308,0.692307692308,0.692307692308,0.423076923077,0.692307692308,0.692307692308,0.423076923077,0.684615384615,1.0,5,61,80,MOT20-03,MOT20-01,stable080_min020_q25_030,0
MOT20-01,85,17,28,343,u_to_v,0.0,0.0,0.038338658147,0.0,0.0,0.029239766082,0.0,0.014910579616,0.012876335082,0.0,0.064102564103,0.029023458811,0.064102564103,0.046867,0.075333,1.533668403345,2.143752685328,0.281751919795,1.160903892853,0.987804878049,1.107434347963,0.831488129528,1.0,0.033618784526,0.3125,0.375,1.0,1.0,1.0,1.0,0.375,0.3125,0.7375,1.0,5,81,100,MOT20-03,MOT20-01,stable080_min020_q25_030,0
MOT20-02,56,214,246,1536,v_to_u,0.346153846154,0.336134453782,0.256797583082,0.0,0.0,0.3,0.0,0.537816210635,0.552801623225,0.0,0.0,0.323854660348,0.0,0.05033,0.10592,0.050920161458,1.499066055218,0.856280553428,0.792082567802,1.0,0.889420577865,0.799927356268,0.923076923077,0.026488713881,0.866666666667,0.8,1.0,0.928571428571,1.0,0.928571428571,0.866666666667,0.8,0.919047619048,1.0,5,41,60,MOT20-03,MOT20-02,stable080_min020_q25_030,0
MOT20-02,80,413,531,2556,v_to_u,-0.145114942529,-0.237647058824,-0.334693877551,-1.0,-1.0,-0.416666666667,-1.0,-0.802469135802,-0.889075630252,-1.0,-1.0,-0.555555555556,-1.0,-0.04826,-0.084816,0.328349780083,0.644708459318,-0.612031237169,-0.516483135551,0.0,1.016262288113,0.765170377172,1.0,0.032938957647,0.666666666667,0.777777777778,0.777777777778,0.833333333333,0.388888888889,0.777777777778,0.666666666667,0.388888888889,0.688888888889,1.0,5,61,80,MOT20-03,MOT20-02,stable080_min020_q25_030,0
MOT20-05,28,525,874,1582,v_to_u,0.028806584362,0.057851239669,0.128676470588,1.0,1.0,0.230263157895,1.0,0.975438596491,0.98813559322,1.0,1.0,0.940928270042,1.0,0.005942,0.0097,0.199086622873,0.285029901936,0.405469583515,3.067271150391,0.961538461538,1.033917124215,0.808691138998,1.0,0.028132978913,0.777777777778,0.944444444444,1.0,1.0,1.0,1.0,0.944444444444,0.777777777778,0.944444444444,1.0,5,21,40,MOT20-03,MOT20-05,stable080_min020_q25_030,0
MOT20-05,58,142,346,307,v_to_u,0.034782608696,0.064056939502,-0.398305084746,-0.254854368932,0.0,-0.5,-0.35472972973,0.039321276163,0.05119787665,0.0,-0.905172413793,-0.810344827586,0.0,-0.005329,-0.010054,0.152999095338,2.838492118021,2.110678211011,0.485316828471,0.702479338843,1.190824939033,1.004124635684,1.0,0.034637752689,0.923076923077,0.461538461538,1.0,0.923076923077,0.923076923077,0.923076923077,0.923076923077,0.461538461538,0.846153846154,1.0,5,41,60,MOT20-03,MOT20-05,stable080_min020_q25_030,0
MOT20-05,76,857,861,1937,u_to_v,0.0,0.0,0.0,0.0,0.0,0.0,0.0,0.0,0.0,0.0,0.0,0.0,0.0,0.0,0.0,0.007273634103,0.901074337243,-0.744709949579,0.382090710774,0.0,0.865253653991,0.609473647819,1.0,0.037143617586,1.0,0.583333333333,0.583333333333,0.916666666667,0.458333333333,0.583333333333,0.583333333333,0.458333333333,0.708333333333,1.0,5,61,80,MOT20-03,MOT20-05,stable080_min020_q25_030,0
MOT20-05,95,225,263,1216,v_to_u,0.0,0.044642857143,0.112359550562,0.0,0.0,0.224719101124,0.133333333333,0.133333333333,0.059512889155,0.133333333333,0.333333333333,0.333333333333,0.333333333333,0.017851,0.0329,0.235904601285,4.963055029899,1.345968536144,0.012141597708,0.628099173554,1.252229081718,1.061379465158,1.0,0.041591713671,0.666666666667,0.5,0.916666666667,0.454545454545,0.833333333333,0.666666666667,0.5,0.454545454545,0.674242424242,1.0,5,81,100,MOT20-03,MOT20-05,stable080_min020_q25_030,0
MOT20-01,36,5,46,138,v_to_u,0.016786570743,0.016786570743,-0.316666666667,-0.401433691756,0.0,-0.5,-0.401433691756,0.197132616487,0.197132616487,0.0,-0.816666666667,-0.633333333333,0.0,-0.115133,-0.217516,1.243315361749,3.4298581547,-3.31711139291,-2.213586137018,0.0,0.804728045591,0.582486819485,1.0,0.025141547964,0.333333333333,0.555555555556,0.333333333333,0.333333333333,0.444444444444,0.333333333333,0.333333333333,0.333333333333,0.4,1.0,5,21,40,MOT20-05,MOT20-01,stable080_no_motion_veto,0
MOT20-01,49,17,28,347,u_to_v,0.0,0.0,0.038338658147,0.0,0.0,0.029239766082,0.0,0.014910579616,0.012876335082,0.0,0.064102564103,0.029023458811,0.064102564103,0.046867,0.075333,1.533668403345,2.143752685328,0.281751919795,1.160903892853,0.987804878049,1.121410593072,0.873739439028,1.0,0.050556872378,0.375,0.5,1.0,1.0,1.0,1.0,0.5,0.375,0.775,1.0,5,41,60,MOT20-05,MOT20-01,stable080_no_motion_veto,0
MOT20-01,74,17,29,181,v_to_u,0.011940298507,0.013513513514,0.033472803347,1.0,1.0,-0.067226890756,1.0,0.554794520548,0.607250755287,1.0,1.0,0.125541125541,1.0,0.040357,0.0829,0.021768413063,0.585642835265,-0.593139718462,0.212967798296,0.0,0.391226503486,0.227945576351,1.0,0.013564243899,1.0,1.0,0.769230769231,0.769230769231,0.423076923077,0.769230769231,0.769230769231,0.423076923077,0.792307692308,1.0,5,61,80,MOT20-05,MOT20-01,stable080_no_motion_veto,0
MOT20-01,85,17,28,343,u_to_v,0.0,0.0,0.038338658147,0.0,0.0,0.029239766082,0.0,0.014910579616,0.012876335082,0.0,0.064102564103,0.029023458811,0.064102564103,0.046867,0.075333,1.533668403345,2.143752685328,0.281751919795,1.160903892853,0.987804878049,1.096687190659,0.866249718814,1.0,0.037327681888,0.3125,0.375,1.0,1.0,1.0,1.0,0.375,0.3125,0.7375,1.0,5,81,100,MOT20-05,MOT20-01,stable080_no_motion_veto,0
MOT20-02,49,180,232,1409,v_to_u,0.0,0.0,0.0,0.0,0.0,0.0,0.0,0.0,0.0,0.0,0.0,0.0,0.0,0.000196,0.00035,0.0,0.840964479994,-0.739149368862,,0.0,0.854882862305,0.639554379415,1.0,0.045472856224,1.0,0.933333333333,0.733333333333,,0.366666666667,0.833333333333,0.641666666667,0.366666666667,0.758333333333,1.0,5,41,60,MOT20-05,MOT20-02,stable080_no_motion_veto,0
MOT20-02,62,223,371,2236,u_to_v,-0.016903313049,-0.035087719298,-0.082397003745,-0.892857142857,-0.892857142857,-0.148648648649,-0.785714285714,-0.533865967088,-0.76090381018,-0.785714285714,-0.785714285714,-0.719964136282,-0.785714285714,-0.015253,-0.03018,0.094801984009,0.193639538839,0.026365292203,0.641136223945,0.769230769231,1.045166200029,0.912064219275,1.0,0.039138079073,0.888888888889,0.888888888889,0.944444444444,0.944444444444,0.944444444444,0.944444444444,0.888888888889,0.888888888889,0.922222222222,1.0,5,61,80,MOT20-05,MOT20-02,stable080_no_motion_veto,0
MOT20-02,99,413,431,2438,u_to_v,-0.009252120278,-0.019639934534,-0.047619047619,-1.0,-1.0,-0.090909090909,-1.0,-0.983305509182,-0.992217898833,-1.0,-1.0,-1.0,-1.0,-0.01027,-0.01798,0.056982169458,1.247643520801,-1.257997326948,0.053252304926,0.0,1.285105680283,0.971533768567,1.0,0.049373425404,0.941176470588,0.705882352941,0.529411764706,0.764705882353,0.352941176471,0.705882352941,0.529411764706,0.352941176471,0.658823529412,1.0,5,81,100,MOT20-05,MOT20-02,stable080_no_motion_veto,0
MOT20-03,21,295,328,1941,u_to_v,0.0,0.0,0.0,0.0,0.0,0.0,0.0,0.0,0.0,0.0,0.0,0.0,0.0,-1.6e-05,-1.7e-05,0.007537688549,0.800002879881,-0.817272448025,0.140475737331,0.0,1.021729195866,0.777376960394,1.0,0.031259144259,1.0,0.5625,0.5,0.6875,0.375,0.5625,0.5,0.375,0.625,1.0,5,21,40,MOT20-05,MOT20-03,stable080_no_motion_veto,0
MOT20-03,50,399,435,1989,v_to_u,-0.146394756009,-0.244823386114,-0.333333333333,-0.851694915254,-0.851694915254,-0.333333333333,-0.909502262443,-0.909502262443,-0.836955711581,-0.909502262443,-1.0,-1.0,-1.0,-0.06296,-0.120037,1.71706127963,13.252341424735,-2.412098674188,-0.330407870672,0.0,0.980548930434,0.848304285681,1.0,0.037038455762,0.307692307692,0.153846153846,0.384615384615,0.461538461538,0.384615384615,0.384615384615,0.307692307692,0.153846153846,0.338461538462,1.0,5,41,60,MOT20-05,MOT20-03,stable080_no_motion_veto,0
MOT20-03,94,131,280,1199,u_to_v,0.0,0.0,0.0,0.0,0.0,0.0,0.0,0.0,0.0,0.0,0.0,0.0,0.0,-0.0001,-0.000124,0.007504444513,0.509181544013,-0.634668679263,0.463526446565,0.0,1.001714083048,0.712800732557,1.0,0.040225686778,0.928571428571,0.857142857143,0.571428571429,0.846153846154,0.285714285714,0.846153846154,0.571428571429,0.285714285714,0.697802197802,1.0,5,81,100,MOT20-05,MOT20-03,stable080_no_motion_veto,0
MOT20-01,36,5,46,138,v_to_u,0.016786570743,0.016786570743,-0.316666666667,-0.401433691756,0.0,-0.5,-0.401433691756,0.197132616487,0.197132616487,0.0,-0.816666666667,-0.633333333333,0.0,-0.115133,-0.217516,1.243315361749,3.4298581547,-3.31711139291,-2.213586137018,0.0,0.804728045591,0.582486819485,1.0,0.025141547964,0.333333333333,0.555555555556,0.333333333333,0.333333333333,0.444444444444,0.333333333333,0.333333333333,0.333333333333,0.4,1.0,5,21,40,MOT20-05,MOT20-01,stable080_motion_min_ge_010,0
MOT20-01,49,17,28,347,u_to_v,0.0,0.0,0.038338658147,0.0,0.0,0.029239766082,0.0,0.014910579616,0.012876335082,0.0,0.064102564103,0.029023458811,0.064102564103,0.046867,0.075333,1.533668403345,2.143752685328,0.281751919795,1.160903892853,0.987804878049,1.121410593072,0.873739439028,1.0,0.050556872378,0.375,0.5,1.0,1.0,1.0,1.0,0.5,0.375,0.775,1.0,5,41,60,MOT20-05,MOT20-01,stable080_motion_min_ge_010,0
MOT20-01,74,17,29,181,v_to_u,0.011940298507,0.013513513514,0.033472803347,1.0,1.0,-0.067226890756,1.0,0.554794520548,0.607250755287,1.0,1.0,0.125541125541,1.0,0.040357,0.0829,0.021768413063,0.585642835265,-0.593139718462,0.212967798296,0.0,0.391226503486,0.227945576351,1.0,0.013564243899,1.0,1.0,0.769230769231,0.769230769231,0.423076923077,0.769230769231,0.769230769231,0.423076923077,0.792307692308,1.0,5,61,80,MOT20-05,MOT20-01,stable080_motion_min_ge_010,0
MOT20-01,85,17,28,343,u_to_v,0.0,0.0,0.038338658147,0.0,0.0,0.029239766082,0.0,0.014910579616,0.012876335082,0.0,0.064102564103,0.029023458811,0.064102564103,0.046867,0.075333,1.533668403345,2.143752685328,0.281751919795,1.160903892853,0.987804878049,1.096687190659,0.866249718814,1.0,0.037327681888,0.3125,0.375,1.0,1.0,1.0,1.0,0.375,0.3125,0.7375,1.0,5,81,100,MOT20-05,MOT20-01,stable080_motion_min_ge_010,0
MOT20-02,49,180,232,1409,v_to_u,0.0,0.0,0.0,0.0,0.0,0.0,0.0,0.0,0.0,0.0,0.0,0.0,0.0,0.000196,0.00035,0.0,0.840964479994,-0.739149368862,,0.0,0.854882862305,0.639554379415,1.0,0.045472856224,1.0,0.933333333333,0.733333333333,,0.366666666667,0.833333333333,0.641666666667,0.366666666667,0.758333333333,1.0,5,41,60,MOT20-05,MOT20-02,stable080_motion_min_ge_010,0
MOT20-02,62,223,371,2236,u_to_v,-0.016903313049,-0.035087719298,-0.082397003745,-0.892857142857,-0.892857142857,-0.148648648649,-0.785714285714,-0.533865967088,-0.76090381018,-0.785714285714,-0.785714285714,-0.719964136282,-0.785714285714,-0.015253,-0.03018,0.094801984009,0.193639538839,0.026365292203,0.641136223945,0.769230769231,1.045166200029,0.912064219275,1.0,0.039138079073,0.888888888889,0.888888888889,0.944444444444,0.944444444444,0.944444444444,0.944444444444,0.888888888889,0.888888888889,0.922222222222,1.0,5,61,80,MOT20-05,MOT20-02,stable080_motion_min_ge_010,0
MOT20-02,99,413,431,2438,u_to_v,-0.009252120278,-0.019639934534,-0.047619047619,-1.0,-1.0,-0.090909090909,-1.0,-0.983305509182,-0.992217898833,-1.0,-1.0,-1.0,-1.0,-0.01027,-0.01798,0.056982169458,1.247643520801,-1.257997326948,0.053252304926,0.0,1.285105680283,0.971533768567,1.0,0.049373425404,0.941176470588,0.705882352941,0.529411764706,0.764705882353,0.352941176471,0.705882352941,0.529411764706,0.352941176471,0.658823529412,1.0,5,81,100,MOT20-05,MOT20-02,stable080_motion_min_ge_010,0
MOT20-03,21,295,328,1941,u_to_v,0.0,0.0,0.0,0.0,0.0,0.0,0.0,0.0,0.0,0.0,0.0,0.0,0.0,-1.6e-05,-1.7e-05,0.007537688549,0.800002879881,-0.817272448025,0.140475737331,0.0,1.021729195866,0.777376960394,1.0,0.031259144259,1.0,0.5625,0.5,0.6875,0.375,0.5625,0.5,0.375,0.625,1.0,5,21,40,MOT20-05,MOT20-03,stable080_motion_min_ge_010,0
MOT20-03,50,399,435,1989,v_to_u,-0.146394756009,-0.244823386114,-0.333333333333,-0.851694915254,-0.851694915254,-0.333333333333,-0.909502262443,-0.909502262443,-0.836955711581,-0.909502262443,-1.0,-1.0,-1.0,-0.06296,-0.120037,1.71706127963,13.252341424735,-2.412098674188,-0.330407870672,0.0,0.980548930434,0.848304285681,1.0,0.037038455762,0.307692307692,0.153846153846,0.384615384615,0.461538461538,0.384615384615,0.384615384615,0.307692307692,0.153846153846,0.338461538462,1.0,5,41,60,MOT20-05,MOT20-03,stable080_motion_min_ge_010,0
MOT20-03,94,131,280,1199,u_to_v,0.0,0.0,0.0,0.0,0.0,0.0,0.0,0.0,0.0,0.0,0.0,0.0,0.0,-0.0001,-0.000124,0.007504444513,0.509181544013,-0.634668679263,0.463526446565,0.0,1.001714083048,0.712800732557,1.0,0.040225686778,0.928571428571,0.857142857143,0.571428571429,0.846153846154,0.285714285714,0.846153846154,0.571428571429,0.285714285714,0.697802197802,1.0,5,81,100,MOT20-05,MOT20-03,stable080_motion_min_ge_010,0
MOT20-01,36,5,46,138,v_to_u,0.016786570743,0.016786570743,-0.316666666667,-0.401433691756,0.0,-0.5,-0.401433691756,0.197132616487,0.197132616487,0.0,-0.816666666667,-0.633333333333,0.0,-0.115133,-0.217516,1.243315361749,3.4298581547,-3.31711139291,-2.213586137018,0.0,0.804728045591,0.582486819485,1.0,0.025141547964,0.333333333333,0.555555555556,0.333333333333,0.333333333333,0.444444444444,0.333333333333,0.333333333333,0.333333333333,0.4,1.0,5,21,40,MOT20-05,MOT20-01,stable080_motion_min_ge_015,0
MOT20-01,49,17,28,347,u_to_v,0.0,0.0,0.038338658147,0.0,0.0,0.029239766082,0.0,0.014910579616,0.012876335082,0.0,0.064102564103,0.029023458811,0.064102564103,0.046867,0.075333,1.533668403345,2.143752685328,0.281751919795,1.160903892853,0.987804878049,1.121410593072,0.873739439028,1.0,0.050556872378,0.375,0.5,1.0,1.0,1.0,1.0,0.5,0.375,0.775,1.0,5,41,60,MOT20-05,MOT20-01,stable080_motion_min_ge_015,0
MOT20-01,74,17,29,181,v_to_u,0.011940298507,0.013513513514,0.033472803347,1.0,1.0,-0.067226890756,1.0,0.554794520548,0.607250755287,1.0,1.0,0.125541125541,1.0,0.040357,0.0829,0.021768413063,0.585642835265,-0.593139718462,0.212967798296,0.0,0.391226503486,0.227945576351,1.0,0.013564243899,1.0,1.0,0.769230769231,0.769230769231,0.423076923077,0.769230769231,0.769230769231,0.423076923077,0.792307692308,1.0,5,61,80,MOT20-05,MOT20-01,stable080_motion_min_ge_015,0
MOT20-01,85,17,28,343,u_to_v,0.0,0.0,0.038338658147,0.0,0.0,0.029239766082,0.0,0.014910579616,0.012876335082,0.0,0.064102564103,0.029023458811,0.064102564103,0.046867,0.075333,1.533668403345,2.143752685328,0.281751919795,1.160903892853,0.987804878049,1.096687190659,0.866249718814,1.0,0.037327681888,0.3125,0.375,1.0,1.0,1.0,1.0,0.375,0.3125,0.7375,1.0,5,81,100,MOT20-05,MOT20-01,stable080_motion_min_ge_015,0
MOT20-02,49,180,232,1409,v_to_u,0.0,0.0,0.0,0.0,0.0,0.0,0.0,0.0,0.0,0.0,0.0,0.0,0.0,0.000196,0.00035,0.0,0.840964479994,-0.739149368862,,0.0,0.854882862305,0.639554379415,1.0,0.045472856224,1.0,0.933333333333,0.733333333333,,0.366666666667,0.833333333333,0.641666666667,0.366666666667,0.758333333333,1.0,5,41,60,MOT20-05,MOT20-02,stable080_motion_min_ge_015,0
MOT20-02,62,223,371,2236,u_to_v,-0.016903313049,-0.035087719298,-0.082397003745,-0.892857142857,-0.892857142857,-0.148648648649,-0.785714285714,-0.533865967088,-0.76090381018,-0.785714285714,-0.785714285714,-0.719964136282,-0.785714285714,-0.015253,-0.03018,0.094801984009,0.193639538839,0.026365292203,0.641136223945,0.769230769231,1.045166200029,0.912064219275,1.0,0.039138079073,0.888888888889,0.888888888889,0.944444444444,0.944444444444,0.944444444444,0.944444444444,0.888888888889,0.888888888889,0.922222222222,1.0,5,61,80,MOT20-05,MOT20-02,stable080_motion_min_ge_015,0
MOT20-02,99,413,431,2438,u_to_v,-0.009252120278,-0.019639934534,-0.047619047619,-1.0,-1.0,-0.090909090909,-1.0,-0.983305509182,-0.992217898833,-1.0,-1.0,-1.0,-1.0,-0.01027,-0.01798,0.056982169458,1.247643520801,-1.257997326948,0.053252304926,0.0,1.285105680283,0.971533768567,1.0,0.049373425404,0.941176470588,0.705882352941,0.529411764706,0.764705882353,0.352941176471,0.705882352941,0.529411764706,0.352941176471,0.658823529412,1.0,5,81,100,MOT20-05,MOT20-02,stable080_motion_min_ge_015,0
MOT20-03,21,295,328,1941,u_to_v,0.0,0.0,0.0,0.0,0.0,0.0,0.0,0.0,0.0,0.0,0.0,0.0,0.0,-1.6e-05,-1.7e-05,0.007537688549,0.800002879881,-0.817272448025,0.140475737331,0.0,1.021729195866,0.777376960394,1.0,0.031259144259,1.0,0.5625,0.5,0.6875,0.375,0.5625,0.5,0.375,0.625,1.0,5,21,40,MOT20-05,MOT20-03,stable080_motion_min_ge_015,0
MOT20-03,50,399,435,1989,v_to_u,-0.146394756009,-0.244823386114,-0.333333333333,-0.851694915254,-0.851694915254,-0.333333333333,-0.909502262443,-0.909502262443,-0.836955711581,-0.909502262443,-1.0,-1.0,-1.0,-0.06296,-0.120037,1.71706127963,13.252341424735,-2.412098674188,-0.330407870672,0.0,0.980548930434,0.848304285681,1.0,0.037038455762,0.307692307692,0.153846153846,0.384615384615,0.461538461538,0.384615384615,0.384615384615,0.307692307692,0.153846153846,0.338461538462,1.0,5,41,60,MOT20-05,MOT20-03,stable080_motion_min_ge_015,0
MOT20-03,94,131,280,1199,u_to_v,0.0,0.0,0.0,0.0,0.0,0.0,0.0,0.0,0.0,0.0,0.0,0.0,0.0,-0.0001,-0.000124,0.007504444513,0.509181544013,-0.634668679263,0.463526446565,0.0,1.001714083048,0.712800732557,1.0,0.040225686778,0.928571428571,0.857142857143,0.571428571429,0.846153846154,0.285714285714,0.846153846154,0.571428571429,0.285714285714,0.697802197802,1.0,5,81,100,MOT20-05,MOT20-03,stable080_motion_min_ge_015,0
MOT20-01,36,5,46,138,v_to_u,0.016786570743,0.016786570743,-0.316666666667,-0.401433691756,0.0,-0.5,-0.401433691756,0.197132616487,0.197132616487,0.0,-0.816666666667,-0.633333333333,0.0,-0.115133,-0.217516,1.243315361749,3.4298581547,-3.31711139291,-2.213586137018,0.0,0.804728045591,0.582486819485,1.0,0.025141547964,0.333333333333,0.555555555556,0.333333333333,0.333333333333,0.444444444444,0.333333333333,0.333333333333,0.333333333333,0.4,1.0,5,21,40,MOT20-05,MOT20-01,stable080_motion_min_ge_020,0
MOT20-01,49,17,28,347,u_to_v,0.0,0.0,0.038338658147,0.0,0.0,0.029239766082,0.0,0.014910579616,0.012876335082,0.0,0.064102564103,0.029023458811,0.064102564103,0.046867,0.075333,1.533668403345,2.143752685328,0.281751919795,1.160903892853,0.987804878049,1.121410593072,0.873739439028,1.0,0.050556872378,0.375,0.5,1.0,1.0,1.0,1.0,0.5,0.375,0.775,1.0,5,41,60,MOT20-05,MOT20-01,stable080_motion_min_ge_020,0
MOT20-01,74,17,29,181,v_to_u,0.011940298507,0.013513513514,0.033472803347,1.0,1.0,-0.067226890756,1.0,0.554794520548,0.607250755287,1.0,1.0,0.125541125541,1.0,0.040357,0.0829,0.021768413063,0.585642835265,-0.593139718462,0.212967798296,0.0,0.391226503486,0.227945576351,1.0,0.013564243899,1.0,1.0,0.769230769231,0.769230769231,0.423076923077,0.769230769231,0.769230769231,0.423076923077,0.792307692308,1.0,5,61,80,MOT20-05,MOT20-01,stable080_motion_min_ge_020,0
MOT20-01,85,17,28,343,u_to_v,0.0,0.0,0.038338658147,0.0,0.0,0.029239766082,0.0,0.014910579616,0.012876335082,0.0,0.064102564103,0.029023458811,0.064102564103,0.046867,0.075333,1.533668403345,2.143752685328,0.281751919795,1.160903892853,0.987804878049,1.096687190659,0.866249718814,1.0,0.037327681888,0.3125,0.375,1.0,1.0,1.0,1.0,0.375,0.3125,0.7375,1.0,5,81,100,MOT20-05,MOT20-01,stable080_motion_min_ge_020,0
MOT20-02,49,180,232,1409,v_to_u,0.0,0.0,0.0,0.0,0.0,0.0,0.0,0.0,0.0,0.0,0.0,0.0,0.0,0.000196,0.00035,0.0,0.840964479994,-0.739149368862,,0.0,0.854882862305,0.639554379415,1.0,0.045472856224,1.0,0.933333333333,0.733333333333,,0.366666666667,0.833333333333,0.641666666667,0.366666666667,0.758333333333,1.0,5,41,60,MOT20-05,MOT20-02,stable080_motion_min_ge_020,0
MOT20-02,62,223,371,2236,u_to_v,-0.016903313049,-0.035087719298,-0.082397003745,-0.892857142857,-0.892857142857,-0.148648648649,-0.785714285714,-0.533865967088,-0.76090381018,-0.785714285714,-0.785714285714,-0.719964136282,-0.785714285714,-0.015253,-0.03018,0.094801984009,0.193639538839,0.026365292203,0.641136223945,0.769230769231,1.045166200029,0.912064219275,1.0,0.039138079073,0.888888888889,0.888888888889,0.944444444444,0.944444444444,0.944444444444,0.944444444444,0.888888888889,0.888888888889,0.922222222222,1.0,5,61,80,MOT20-05,MOT20-02,stable080_motion_min_ge_020,0
MOT20-02,99,413,431,2438,u_to_v,-0.009252120278,-0.019639934534,-0.047619047619,-1.0,-1.0,-0.090909090909,-1.0,-0.983305509182,-0.992217898833,-1.0,-1.0,-1.0,-1.0,-0.01027,-0.01798,0.056982169458,1.247643520801,-1.257997326948,0.053252304926,0.0,1.285105680283,0.971533768567,1.0,0.049373425404,0.941176470588,0.705882352941,0.529411764706,0.764705882353,0.352941176471,0.705882352941,0.529411764706,0.352941176471,0.658823529412,1.0,5,81,100,MOT20-05,MOT20-02,stable080_motion_min_ge_020,0
MOT20-03,21,295,328,1941,u_to_v,0.0,0.0,0.0,0.0,0.0,0.0,0.0,0.0,0.0,0.0,0.0,0.0,0.0,-1.6e-05,-1.7e-05,0.007537688549,0.800002879881,-0.817272448025,0.140475737331,0.0,1.021729195866,0.777376960394,1.0,0.031259144259,1.0,0.5625,0.5,0.6875,0.375,0.5625,0.5,0.375,0.625,1.0,5,21,40,MOT20-05,MOT20-03,stable080_motion_min_ge_020,0
MOT20-03,94,131,280,1199,u_to_v,0.0,0.0,0.0,0.0,0.0,0.0,0.0,0.0,0.0,0.0,0.0,0.0,0.0,-0.0001,-0.000124,0.007504444513,0.509181544013,-0.634668679263,0.463526446565,0.0,1.001714083048,0.712800732557,1.0,0.040225686778,0.928571428571,0.857142857143,0.571428571429,0.846153846154,0.285714285714,0.846153846154,0.571428571429,0.285714285714,0.697802197802,1.0,5,81,100,MOT20-05,MOT20-03,stable080_motion_min_ge_020,0
MOT20-01,36,5,46,138,v_to_u,0.016786570743,0.016786570743,-0.316666666667,-0.401433691756,0.0,-0.5,-0.401433691756,0.197132616487,0.197132616487,0.0,-0.816666666667,-0.633333333333,0.0,-0.115133,-0.217516,1.243315361749,3.4298581547,-3.31711139291,-2.213586137018,0.0,0.804728045591,0.582486819485,1.0,0.025141547964,0.333333333333,0.555555555556,0.333333333333,0.333333333333,0.444444444444,0.333333333333,0.333333333333,0.333333333333,0.4,1.0,5,21,40,MOT20-05,MOT20-01,stable080_motion_min_ge_025,0
MOT20-01,49,17,28,347,u_to_v,0.0,0.0,0.038338658147,0.0,0.0,0.029239766082,0.0,0.014910579616,0.012876335082,0.0,0.064102564103,0.029023458811,0.064102564103,0.046867,0.075333,1.533668403345,2.143752685328,0.281751919795,1.160903892853,0.987804878049,1.121410593072,0.873739439028,1.0,0.050556872378,0.375,0.5,1.0,1.0,1.0,1.0,0.5,0.375,0.775,1.0,5,41,60,MOT20-05,MOT20-01,stable080_motion_min_ge_025,0
MOT20-01,74,17,29,181,v_to_u,0.011940298507,0.013513513514,0.033472803347,1.0,1.0,-0.067226890756,1.0,0.554794520548,0.607250755287,1.0,1.0,0.125541125541,1.0,0.040357,0.0829,0.021768413063,0.585642835265,-0.593139718462,0.212967798296,0.0,0.391226503486,0.227945576351,1.0,0.013564243899,1.0,1.0,0.769230769231,0.769230769231,0.423076923077,0.769230769231,0.769230769231,0.423076923077,0.792307692308,1.0,5,61,80,MOT20-05,MOT20-01,stable080_motion_min_ge_025,0
MOT20-01,85,17,28,343,u_to_v,0.0,0.0,0.038338658147,0.0,0.0,0.029239766082,0.0,0.014910579616,0.012876335082,0.0,0.064102564103,0.029023458811,0.064102564103,0.046867,0.075333,1.533668403345,2.143752685328,0.281751919795,1.160903892853,0.987804878049,1.096687190659,0.866249718814,1.0,0.037327681888,0.3125,0.375,1.0,1.0,1.0,1.0,0.375,0.3125,0.7375,1.0,5,81,100,MOT20-05,MOT20-01,stable080_motion_min_ge_025,0
MOT20-02,49,180,232,1409,v_to_u,0.0,0.0,0.0,0.0,0.0,0.0,0.0,0.0,0.0,0.0,0.0,0.0,0.0,0.000196,0.00035,0.0,0.840964479994,-0.739149368862,,0.0,0.854882862305,0.639554379415,1.0,0.045472856224,1.0,0.933333333333,0.733333333333,,0.366666666667,0.833333333333,0.641666666667,0.366666666667,0.758333333333,1.0,5,41,60,MOT20-05,MOT20-02,stable080_motion_min_ge_025,0
MOT20-02,62,223,371,2236,u_to_v,-0.016903313049,-0.035087719298,-0.082397003745,-0.892857142857,-0.892857142857,-0.148648648649,-0.785714285714,-0.533865967088,-0.76090381018,-0.785714285714,-0.785714285714,-0.719964136282,-0.785714285714,-0.015253,-0.03018,0.094801984009,0.193639538839,0.026365292203,0.641136223945,0.769230769231,1.045166200029,0.912064219275,1.0,0.039138079073,0.888888888889,0.888888888889,0.944444444444,0.944444444444,0.944444444444,0.944444444444,0.888888888889,0.888888888889,0.922222222222,1.0,5,61,80,MOT20-05,MOT20-02,stable080_motion_min_ge_025,0
MOT20-02,99,413,431,2438,u_to_v,-0.009252120278,-0.019639934534,-0.047619047619,-1.0,-1.0,-0.090909090909,-1.0,-0.983305509182,-0.992217898833,-1.0,-1.0,-1.0,-1.0,-0.01027,-0.01798,0.056982169458,1.247643520801,-1.257997326948,0.053252304926,0.0,1.285105680283,0.971533768567,1.0,0.049373425404,0.941176470588,0.705882352941,0.529411764706,0.764705882353,0.352941176471,0.705882352941,0.529411764706,0.352941176471,0.658823529412,1.0,5,81,100,MOT20-05,MOT20-02,stable080_motion_min_ge_025,0
MOT20-03,21,295,328,1941,u_to_v,0.0,0.0,0.0,0.0,0.0,0.0,0.0,0.0,0.0,0.0,0.0,0.0,0.0,-1.6e-05,-1.7e-05,0.007537688549,0.800002879881,-0.817272448025,0.140475737331,0.0,1.021729195866,0.777376960394,1.0,0.031259144259,1.0,0.5625,0.5,0.6875,0.375,0.5625,0.5,0.375,0.625,1.0,5,21,40,MOT20-05,MOT20-03,stable080_motion_min_ge_025,0
MOT20-03,94,131,280,1199,u_to_v,0.0,0.0,0.0,0.0,0.0,0.0,0.0,0.0,0.0,0.0,0.0,0.0,0.0,-0.0001,-0.000124,0.007504444513,0.509181544013,-0.634668679263,0.463526446565,0.0,1.001714083048,0.712800732557,1.0,0.040225686778,0.928571428571,0.857142857143,0.571428571429,0.846153846154,0.285714285714,0.846153846154,0.571428571429,0.285714285714,0.697802197802,1.0,5,81,100,MOT20-05,MOT20-03,stable080_motion_min_ge_025,0
MOT20-01,36,5,46,138,v_to_u,0.016786570743,0.016786570743,-0.316666666667,-0.401433691756,0.0,-0.5,-0.401433691756,0.197132616487,0.197132616487,0.0,-0.816666666667,-0.633333333333,0.0,-0.115133,-0.217516,1.243315361749,3.4298581547,-3.31711139291,-2.213586137018,0.0,0.804728045591,0.582486819485,1.0,0.025141547964,0.333333333333,0.555555555556,0.333333333333,0.333333333333,0.444444444444,0.333333333333,0.333333333333,0.333333333333,0.4,1.0,5,21,40,MOT20-05,MOT20-01,stable080_motion_min_ge_030,0
MOT20-01,49,17,28,347,u_to_v,0.0,0.0,0.038338658147,0.0,0.0,0.029239766082,0.0,0.014910579616,0.012876335082,0.0,0.064102564103,0.029023458811,0.064102564103,0.046867,0.075333,1.533668403345,2.143752685328,0.281751919795,1.160903892853,0.987804878049,1.121410593072,0.873739439028,1.0,0.050556872378,0.375,0.5,1.0,1.0,1.0,1.0,0.5,0.375,0.775,1.0,5,41,60,MOT20-05,MOT20-01,stable080_motion_min_ge_030,0
MOT20-01,74,17,29,181,v_to_u,0.011940298507,0.013513513514,0.033472803347,1.0,1.0,-0.067226890756,1.0,0.554794520548,0.607250755287,1.0,1.0,0.125541125541,1.0,0.040357,0.0829,0.021768413063,0.585642835265,-0.593139718462,0.212967798296,0.0,0.391226503486,0.227945576351,1.0,0.013564243899,1.0,1.0,0.769230769231,0.769230769231,0.423076923077,0.769230769231,0.769230769231,0.423076923077,0.792307692308,1.0,5,61,80,MOT20-05,MOT20-01,stable080_motion_min_ge_030,0
MOT20-01,85,17,28,343,u_to_v,0.0,0.0,0.038338658147,0.0,0.0,0.029239766082,0.0,0.014910579616,0.012876335082,0.0,0.064102564103,0.029023458811,0.064102564103,0.046867,0.075333,1.533668403345,2.143752685328,0.281751919795,1.160903892853,0.987804878049,1.096687190659,0.866249718814,1.0,0.037327681888,0.3125,0.375,1.0,1.0,1.0,1.0,0.375,0.3125,0.7375,1.0,5,81,100,MOT20-05,MOT20-01,stable080_motion_min_ge_030,0
MOT20-02,49,180,232,1409,v_to_u,0.0,0.0,0.0,0.0,0.0,0.0,0.0,0.0,0.0,0.0,0.0,0.0,0.0,0.000196,0.00035,0.0,0.840964479994,-0.739149368862,,0.0,0.854882862305,0.639554379415,1.0,0.045472856224,1.0,0.933333333333,0.733333333333,,0.366666666667,0.833333333333,0.641666666667,0.366666666667,0.758333333333,1.0,5,41,60,MOT20-05,MOT20-02,stable080_motion_min_ge_030,0
MOT20-02,62,223,371,2236,u_to_v,-0.016903313049,-0.035087719298,-0.082397003745,-0.892857142857,-0.892857142857,-0.148648648649,-0.785714285714,-0.533865967088,-0.76090381018,-0.785714285714,-0.785714285714,-0.719964136282,-0.785714285714,-0.015253,-0.03018,0.094801984009,0.193639538839,0.026365292203,0.641136223945,0.769230769231,1.045166200029,0.912064219275,1.0,0.039138079073,0.888888888889,0.888888888889,0.944444444444,0.944444444444,0.944444444444,0.944444444444,0.888888888889,0.888888888889,0.922222222222,1.0,5,61,80,MOT20-05,MOT20-02,stable080_motion_min_ge_030,0
MOT20-02,99,413,431,2438,u_to_v,-0.009252120278,-0.019639934534,-0.047619047619,-1.0,-1.0,-0.090909090909,-1.0,-0.983305509182,-0.992217898833,-1.0,-1.0,-1.0,-1.0,-0.01027,-0.01798,0.056982169458,1.247643520801,-1.257997326948,0.053252304926,0.0,1.285105680283,0.971533768567,1.0,0.049373425404,0.941176470588,0.705882352941,0.529411764706,0.764705882353,0.352941176471,0.705882352941,0.529411764706,0.352941176471,0.658823529412,1.0,5,81,100,MOT20-05,MOT20-02,stable080_motion_min_ge_030,0
MOT20-03,21,295,328,1941,u_to_v,0.0,0.0,0.0,0.0,0.0,0.0,0.0,0.0,0.0,0.0,0.0,0.0,0.0,-1.6e-05,-1.7e-05,0.007537688549,0.800002879881,-0.817272448025,0.140475737331,0.0,1.021729195866,0.777376960394,1.0,0.031259144259,1.0,0.5625,0.5,0.6875,0.375,0.5625,0.5,0.375,0.625,1.0,5,21,40,MOT20-05,MOT20-03,stable080_motion_min_ge_030,0
MOT20-01,36,5,46,138,v_to_u,0.016786570743,0.016786570743,-0.316666666667,-0.401433691756,0.0,-0.5,-0.401433691756,0.197132616487,0.197132616487,0.0,-0.816666666667,-0.633333333333,0.0,-0.115133,-0.217516,1.243315361749,3.4298581547,-3.31711139291,-2.213586137018,0.0,0.804728045591,0.582486819485,1.0,0.025141547964,0.333333333333,0.555555555556,0.333333333333,0.333333333333,0.444444444444,0.333333333333,0.333333333333,0.333333333333,0.4,1.0,5,21,40,MOT20-05,MOT20-01,stable080_motion_q25_ge_020,0
MOT20-01,49,17,28,347,u_to_v,0.0,0.0,0.038338658147,0.0,0.0,0.029239766082,0.0,0.014910579616,0.012876335082,0.0,0.064102564103,0.029023458811,0.064102564103,0.046867,0.075333,1.533668403345,2.143752685328,0.281751919795,1.160903892853,0.987804878049,1.121410593072,0.873739439028,1.0,0.050556872378,0.375,0.5,1.0,1.0,1.0,1.0,0.5,0.375,0.775,1.0,5,41,60,MOT20-05,MOT20-01,stable080_motion_q25_ge_020,0
MOT20-01,74,17,29,181,v_to_u,0.011940298507,0.013513513514,0.033472803347,1.0,1.0,-0.067226890756,1.0,0.554794520548,0.607250755287,1.0,1.0,0.125541125541,1.0,0.040357,0.0829,0.021768413063,0.585642835265,-0.593139718462,0.212967798296,0.0,0.391226503486,0.227945576351,1.0,0.013564243899,1.0,1.0,0.769230769231,0.769230769231,0.423076923077,0.769230769231,0.769230769231,0.423076923077,0.792307692308,1.0,5,61,80,MOT20-05,MOT20-01,stable080_motion_q25_ge_020,0
MOT20-01,85,17,28,343,u_to_v,0.0,0.0,0.038338658147,0.0,0.0,0.029239766082,0.0,0.014910579616,0.012876335082,0.0,0.064102564103,0.029023458811,0.064102564103,0.046867,0.075333,1.533668403345,2.143752685328,0.281751919795,1.160903892853,0.987804878049,1.096687190659,0.866249718814,1.0,0.037327681888,0.3125,0.375,1.0,1.0,1.0,1.0,0.375,0.3125,0.7375,1.0,5,81,100,MOT20-05,MOT20-01,stable080_motion_q25_ge_020,0
MOT20-02,49,180,232,1409,v_to_u,0.0,0.0,0.0,0.0,0.0,0.0,0.0,0.0,0.0,0.0,0.0,0.0,0.0,0.000196,0.00035,0.0,0.840964479994,-0.739149368862,,0.0,0.854882862305,0.639554379415,1.0,0.045472856224,1.0,0.933333333333,0.733333333333,,0.366666666667,0.833333333333,0.641666666667,0.366666666667,0.758333333333,1.0,5,41,60,MOT20-05,MOT20-02,stable080_motion_q25_ge_020,0
MOT20-02,62,223,371,2236,u_to_v,-0.016903313049,-0.035087719298,-0.082397003745,-0.892857142857,-0.892857142857,-0.148648648649,-0.785714285714,-0.533865967088,-0.76090381018,-0.785714285714,-0.785714285714,-0.719964136282,-0.785714285714,-0.015253,-0.03018,0.094801984009,0.193639538839,0.026365292203,0.641136223945,0.769230769231,1.045166200029,0.912064219275,1.0,0.039138079073,0.888888888889,0.888888888889,0.944444444444,0.944444444444,0.944444444444,0.944444444444,0.888888888889,0.888888888889,0.922222222222,1.0,5,61,80,MOT20-05,MOT20-02,stable080_motion_q25_ge_020,0
MOT20-02,99,413,431,2438,u_to_v,-0.009252120278,-0.019639934534,-0.047619047619,-1.0,-1.0,-0.090909090909,-1.0,-0.983305509182,-0.992217898833,-1.0,-1.0,-1.0,-1.0,-0.01027,-0.01798,0.056982169458,1.247643520801,-1.257997326948,0.053252304926,0.0,1.285105680283,0.971533768567,1.0,0.049373425404,0.941176470588,0.705882352941,0.529411764706,0.764705882353,0.352941176471,0.705882352941,0.529411764706,0.352941176471,0.658823529412,1.0,5,81,100,MOT20-05,MOT20-02,stable080_motion_q25_ge_020,0
MOT20-03,21,295,328,1941,u_to_v,0.0,0.0,0.0,0.0,0.0,0.0,0.0,0.0,0.0,0.0,0.0,0.0,0.0,-1.6e-05,-1.7e-05,0.007537688549,0.800002879881,-0.817272448025,0.140475737331,0.0,1.021729195866,0.777376960394,1.0,0.031259144259,1.0,0.5625,0.5,0.6875,0.375,0.5625,0.5,0.375,0.625,1.0,5,21,40,MOT20-05,MOT20-03,stable080_motion_q25_ge_020,0
MOT20-03,50,399,435,1989,v_to_u,-0.146394756009,-0.244823386114,-0.333333333333,-0.851694915254,-0.851694915254,-0.333333333333,-0.909502262443,-0.909502262443,-0.836955711581,-0.909502262443,-1.0,-1.0,-1.0,-0.06296,-0.120037,1.71706127963,13.252341424735,-2.412098674188,-0.330407870672,0.0,0.980548930434,0.848304285681,1.0,0.037038455762,0.307692307692,0.153846153846,0.384615384615,0.461538461538,0.384615384615,0.384615384615,0.307692307692,0.153846153846,0.338461538462,1.0,5,41,60,MOT20-05,MOT20-03,stable080_motion_q25_ge_020,0
MOT20-03,94,131,280,1199,u_to_v,0.0,0.0,0.0,0.0,0.0,0.0,0.0,0.0,0.0,0.0,0.0,0.0,0.0,-0.0001,-0.000124,0.007504444513,0.509181544013,-0.634668679263,0.463526446565,0.0,1.001714083048,0.712800732557,1.0,0.040225686778,0.928571428571,0.857142857143,0.571428571429,0.846153846154,0.285714285714,0.846153846154,0.571428571429,0.285714285714,0.697802197802,1.0,5,81,100,MOT20-05,MOT20-03,stable080_motion_q25_ge_020,0
MOT20-01,36,5,46,138,v_to_u,0.016786570743,0.016786570743,-0.316666666667,-0.401433691756,0.0,-0.5,-0.401433691756,0.197132616487,0.197132616487,0.0,-0.816666666667,-0.633333333333,0.0,-0.115133,-0.217516,1.243315361749,3.4298581547,-3.31711139291,-2.213586137018,0.0,0.804728045591,0.582486819485,1.0,0.025141547964,0.333333333333,0.555555555556,0.333333333333,0.333333333333,0.444444444444,0.333333333333,0.333333333333,0.333333333333,0.4,1.0,5,21,40,MOT20-05,MOT20-01,stable080_motion_q25_ge_025,0
MOT20-01,49,17,28,347,u_to_v,0.0,0.0,0.038338658147,0.0,0.0,0.029239766082,0.0,0.014910579616,0.012876335082,0.0,0.064102564103,0.029023458811,0.064102564103,0.046867,0.075333,1.533668403345,2.143752685328,0.281751919795,1.160903892853,0.987804878049,1.121410593072,0.873739439028,1.0,0.050556872378,0.375,0.5,1.0,1.0,1.0,1.0,0.5,0.375,0.775,1.0,5,41,60,MOT20-05,MOT20-01,stable080_motion_q25_ge_025,0
MOT20-01,74,17,29,181,v_to_u,0.011940298507,0.013513513514,0.033472803347,1.0,1.0,-0.067226890756,1.0,0.554794520548,0.607250755287,1.0,1.0,0.125541125541,1.0,0.040357,0.0829,0.021768413063,0.585642835265,-0.593139718462,0.212967798296,0.0,0.391226503486,0.227945576351,1.0,0.013564243899,1.0,1.0,0.769230769231,0.769230769231,0.423076923077,0.769230769231,0.769230769231,0.423076923077,0.792307692308,1.0,5,61,80,MOT20-05,MOT20-01,stable080_motion_q25_ge_025,0
MOT20-01,85,17,28,343,u_to_v,0.0,0.0,0.038338658147,0.0,0.0,0.029239766082,0.0,0.014910579616,0.012876335082,0.0,0.064102564103,0.029023458811,0.064102564103,0.046867,0.075333,1.533668403345,2.143752685328,0.281751919795,1.160903892853,0.987804878049,1.096687190659,0.866249718814,1.0,0.037327681888,0.3125,0.375,1.0,1.0,1.0,1.0,0.375,0.3125,0.7375,1.0,5,81,100,MOT20-05,MOT20-01,stable080_motion_q25_ge_025,0
MOT20-02,49,180,232,1409,v_to_u,0.0,0.0,0.0,0.0,0.0,0.0,0.0,0.0,0.0,0.0,0.0,0.0,0.0,0.000196,0.00035,0.0,0.840964479994,-0.739149368862,,0.0,0.854882862305,0.639554379415,1.0,0.045472856224,1.0,0.933333333333,0.733333333333,,0.366666666667,0.833333333333,0.641666666667,0.366666666667,0.758333333333,1.0,5,41,60,MOT20-05,MOT20-02,stable080_motion_q25_ge_025,0
MOT20-02,62,223,371,2236,u_to_v,-0.016903313049,-0.035087719298,-0.082397003745,-0.892857142857,-0.892857142857,-0.148648648649,-0.785714285714,-0.533865967088,-0.76090381018,-0.785714285714,-0.785714285714,-0.719964136282,-0.785714285714,-0.015253,-0.03018,0.094801984009,0.193639538839,0.026365292203,0.641136223945,0.769230769231,1.045166200029,0.912064219275,1.0,0.039138079073,0.888888888889,0.888888888889,0.944444444444,0.944444444444,0.944444444444,0.944444444444,0.888888888889,0.888888888889,0.922222222222,1.0,5,61,80,MOT20-05,MOT20-02,stable080_motion_q25_ge_025,0
MOT20-02,99,413,431,2438,u_to_v,-0.009252120278,-0.019639934534,-0.047619047619,-1.0,-1.0,-0.090909090909,-1.0,-0.983305509182,-0.992217898833,-1.0,-1.0,-1.0,-1.0,-0.01027,-0.01798,0.056982169458,1.247643520801,-1.257997326948,0.053252304926,0.0,1.285105680283,0.971533768567,1.0,0.049373425404,0.941176470588,0.705882352941,0.529411764706,0.764705882353,0.352941176471,0.705882352941,0.529411764706,0.352941176471,0.658823529412,1.0,5,81,100,MOT20-05,MOT20-02,stable080_motion_q25_ge_025,0
MOT20-03,21,295,328,1941,u_to_v,0.0,0.0,0.0,0.0,0.0,0.0,0.0,0.0,0.0,0.0,0.0,0.0,0.0,-1.6e-05,-1.7e-05,0.007537688549,0.800002879881,-0.817272448025,0.140475737331,0.0,1.021729195866,0.777376960394,1.0,0.031259144259,1.0,0.5625,0.5,0.6875,0.375,0.5625,0.5,0.375,0.625,1.0,5,21,40,MOT20-05,MOT20-03,stable080_motion_q25_ge_025,0
MOT20-03,50,399,435,1989,v_to_u,-0.146394756009,-0.244823386114,-0.333333333333,-0.851694915254,-0.851694915254,-0.333333333333,-0.909502262443,-0.909502262443,-0.836955711581,-0.909502262443,-1.0,-1.0,-1.0,-0.06296,-0.120037,1.71706127963,13.252341424735,-2.412098674188,-0.330407870672,0.0,0.980548930434,0.848304285681,1.0,0.037038455762,0.307692307692,0.153846153846,0.384615384615,0.461538461538,0.384615384615,0.384615384615,0.307692307692,0.153846153846,0.338461538462,1.0,5,41,60,MOT20-05,MOT20-03,stable080_motion_q25_ge_025,0
MOT20-03,94,131,280,1199,u_to_v,0.0,0.0,0.0,0.0,0.0,0.0,0.0,0.0,0.0,0.0,0.0,0.0,0.0,-0.0001,-0.000124,0.007504444513,0.509181544013,-0.634668679263,0.463526446565,0.0,1.001714083048,0.712800732557,1.0,0.040225686778,0.928571428571,0.857142857143,0.571428571429,0.846153846154,0.285714285714,0.846153846154,0.571428571429,0.285714285714,0.697802197802,1.0,5,81,100,MOT20-05,MOT20-03,stable080_motion_q25_ge_025,0
MOT20-01,36,5,46,138,v_to_u,0.016786570743,0.016786570743,-0.316666666667,-0.401433691756,0.0,-0.5,-0.401433691756,0.197132616487,0.197132616487,0.0,-0.816666666667,-0.633333333333,0.0,-0.115133,-0.217516,1.243315361749,3.4298581547,-3.31711139291,-2.213586137018,0.0,0.804728045591,0.582486819485,1.0,0.025141547964,0.333333333333,0.555555555556,0.333333333333,0.333333333333,0.444444444444,0.333333333333,0.333333333333,0.333333333333,0.4,1.0,5,21,40,MOT20-05,MOT20-01,stable080_motion_q25_ge_030,0
MOT20-01,49,17,28,347,u_to_v,0.0,0.0,0.038338658147,0.0,0.0,0.029239766082,0.0,0.014910579616,0.012876335082,0.0,0.064102564103,0.029023458811,0.064102564103,0.046867,0.075333,1.533668403345,2.143752685328,0.281751919795,1.160903892853,0.987804878049,1.121410593072,0.873739439028,1.0,0.050556872378,0.375,0.5,1.0,1.0,1.0,1.0,0.5,0.375,0.775,1.0,5,41,60,MOT20-05,MOT20-01,stable080_motion_q25_ge_030,0
MOT20-01,74,17,29,181,v_to_u,0.011940298507,0.013513513514,0.033472803347,1.0,1.0,-0.067226890756,1.0,0.554794520548,0.607250755287,1.0,1.0,0.125541125541,1.0,0.040357,0.0829,0.021768413063,0.585642835265,-0.593139718462,0.212967798296,0.0,0.391226503486,0.227945576351,1.0,0.013564243899,1.0,1.0,0.769230769231,0.769230769231,0.423076923077,0.769230769231,0.769230769231,0.423076923077,0.792307692308,1.0,5,61,80,MOT20-05,MOT20-01,stable080_motion_q25_ge_030,0
MOT20-01,85,17,28,343,u_to_v,0.0,0.0,0.038338658147,0.0,0.0,0.029239766082,0.0,0.014910579616,0.012876335082,0.0,0.064102564103,0.029023458811,0.064102564103,0.046867,0.075333,1.533668403345,2.143752685328,0.281751919795,1.160903892853,0.987804878049,1.096687190659,0.866249718814,1.0,0.037327681888,0.3125,0.375,1.0,1.0,1.0,1.0,0.375,0.3125,0.7375,1.0,5,81,100,MOT20-05,MOT20-01,stable080_motion_q25_ge_030,0
MOT20-02,49,180,232,1409,v_to_u,0.0,0.0,0.0,0.0,0.0,0.0,0.0,0.0,0.0,0.0,0.0,0.0,0.0,0.000196,0.00035,0.0,0.840964479994,-0.739149368862,,0.0,0.854882862305,0.639554379415,1.0,0.045472856224,1.0,0.933333333333,0.733333333333,,0.366666666667,0.833333333333,0.641666666667,0.366666666667,0.758333333333,1.0,5,41,60,MOT20-05,MOT20-02,stable080_motion_q25_ge_030,0
MOT20-02,62,223,371,2236,u_to_v,-0.016903313049,-0.035087719298,-0.082397003745,-0.892857142857,-0.892857142857,-0.148648648649,-0.785714285714,-0.533865967088,-0.76090381018,-0.785714285714,-0.785714285714,-0.719964136282,-0.785714285714,-0.015253,-0.03018,0.094801984009,0.193639538839,0.026365292203,0.641136223945,0.769230769231,1.045166200029,0.912064219275,1.0,0.039138079073,0.888888888889,0.888888888889,0.944444444444,0.944444444444,0.944444444444,0.944444444444,0.888888888889,0.888888888889,0.922222222222,1.0,5,61,80,MOT20-05,MOT20-02,stable080_motion_q25_ge_030,0
MOT20-02,99,413,431,2438,u_to_v,-0.009252120278,-0.019639934534,-0.047619047619,-1.0,-1.0,-0.090909090909,-1.0,-0.983305509182,-0.992217898833,-1.0,-1.0,-1.0,-1.0,-0.01027,-0.01798,0.056982169458,1.247643520801,-1.257997326948,0.053252304926,0.0,1.285105680283,0.971533768567,1.0,0.049373425404,0.941176470588,0.705882352941,0.529411764706,0.764705882353,0.352941176471,0.705882352941,0.529411764706,0.352941176471,0.658823529412,1.0,5,81,100,MOT20-05,MOT20-02,stable080_motion_q25_ge_030,0
MOT20-03,21,295,328,1941,u_to_v,0.0,0.0,0.0,0.0,0.0,0.0,0.0,0.0,0.0,0.0,0.0,0.0,0.0,-1.6e-05,-1.7e-05,0.007537688549,0.800002879881,-0.817272448025,0.140475737331,0.0,1.021729195866,0.777376960394,1.0,0.031259144259,1.0,0.5625,0.5,0.6875,0.375,0.5625,0.5,0.375,0.625,1.0,5,21,40,MOT20-05,MOT20-03,stable080_motion_q25_ge_030,0
MOT20-03,50,399,435,1989,v_to_u,-0.146394756009,-0.244823386114,-0.333333333333,-0.851694915254,-0.851694915254,-0.333333333333,-0.909502262443,-0.909502262443,-0.836955711581,-0.909502262443,-1.0,-1.0,-1.0,-0.06296,-0.120037,1.71706127963,13.252341424735,-2.412098674188,-0.330407870672,0.0,0.980548930434,0.848304285681,1.0,0.037038455762,0.307692307692,0.153846153846,0.384615384615,0.461538461538,0.384615384615,0.384615384615,0.307692307692,0.153846153846,0.338461538462,1.0,5,41,60,MOT20-05,MOT20-03,stable080_motion_q25_ge_030,0
MOT20-03,94,131,280,1199,u_to_v,0.0,0.0,0.0,0.0,0.0,0.0,0.0,0.0,0.0,0.0,0.0,0.0,0.0,-0.0001,-0.000124,0.007504444513,0.509181544013,-0.634668679263,0.463526446565,0.0,1.001714083048,0.712800732557,1.0,0.040225686778,0.928571428571,0.857142857143,0.571428571429,0.846153846154,0.285714285714,0.846153846154,0.571428571429,0.285714285714,0.697802197802,1.0,5,81,100,MOT20-05,MOT20-03,stable080_motion_q25_ge_030,0
MOT20-01,49,17,28,347,u_to_v,0.0,0.0,0.038338658147,0.0,0.0,0.029239766082,0.0,0.014910579616,0.012876335082,0.0,0.064102564103,0.029023458811,0.064102564103,0.046867,0.075333,1.533668403345,2.143752685328,0.281751919795,1.160903892853,0.987804878049,1.121410593072,0.873739439028,1.0,0.050556872378,0.375,0.5,1.0,1.0,1.0,1.0,0.5,0.375,0.775,1.0,5,41,60,MOT20-05,MOT20-01,stable080_motion_q25_ge_035,0
MOT20-01,74,17,29,181,v_to_u,0.011940298507,0.013513513514,0.033472803347,1.0,1.0,-0.067226890756,1.0,0.554794520548,0.607250755287,1.0,1.0,0.125541125541,1.0,0.040357,0.0829,0.021768413063,0.585642835265,-0.593139718462,0.212967798296,0.0,0.391226503486,0.227945576351,1.0,0.013564243899,1.0,1.0,0.769230769231,0.769230769231,0.423076923077,0.769230769231,0.769230769231,0.423076923077,0.792307692308,1.0,5,61,80,MOT20-05,MOT20-01,stable080_motion_q25_ge_035,0
MOT20-01,85,17,28,343,u_to_v,0.0,0.0,0.038338658147,0.0,0.0,0.029239766082,0.0,0.014910579616,0.012876335082,0.0,0.064102564103,0.029023458811,0.064102564103,0.046867,0.075333,1.533668403345,2.143752685328,0.281751919795,1.160903892853,0.987804878049,1.096687190659,0.866249718814,1.0,0.037327681888,0.3125,0.375,1.0,1.0,1.0,1.0,0.375,0.3125,0.7375,1.0,5,81,100,MOT20-05,MOT20-01,stable080_motion_q25_ge_035,0
MOT20-02,49,180,232,1409,v_to_u,0.0,0.0,0.0,0.0,0.0,0.0,0.0,0.0,0.0,0.0,0.0,0.0,0.0,0.000196,0.00035,0.0,0.840964479994,-0.739149368862,,0.0,0.854882862305,0.639554379415,1.0,0.045472856224,1.0,0.933333333333,0.733333333333,,0.366666666667,0.833333333333,0.641666666667,0.366666666667,0.758333333333,1.0,5,41,60,MOT20-05,MOT20-02,stable080_motion_q25_ge_035,0
MOT20-02,62,223,371,2236,u_to_v,-0.016903313049,-0.035087719298,-0.082397003745,-0.892857142857,-0.892857142857,-0.148648648649,-0.785714285714,-0.533865967088,-0.76090381018,-0.785714285714,-0.785714285714,-0.719964136282,-0.785714285714,-0.015253,-0.03018,0.094801984009,0.193639538839,0.026365292203,0.641136223945,0.769230769231,1.045166200029,0.912064219275,1.0,0.039138079073,0.888888888889,0.888888888889,0.944444444444,0.944444444444,0.944444444444,0.944444444444,0.888888888889,0.888888888889,0.922222222222,1.0,5,61,80,MOT20-05,MOT20-02,stable080_motion_q25_ge_035,0
MOT20-02,99,413,431,2438,u_to_v,-0.009252120278,-0.019639934534,-0.047619047619,-1.0,-1.0,-0.090909090909,-1.0,-0.983305509182,-0.992217898833,-1.0,-1.0,-1.0,-1.0,-0.01027,-0.01798,0.056982169458,1.247643520801,-1.257997326948,0.053252304926,0.0,1.285105680283,0.971533768567,1.0,0.049373425404,0.941176470588,0.705882352941,0.529411764706,0.764705882353,0.352941176471,0.705882352941,0.529411764706,0.352941176471,0.658823529412,1.0,5,81,100,MOT20-05,MOT20-02,stable080_motion_q25_ge_035,0
MOT20-03,21,295,328,1941,u_to_v,0.0,0.0,0.0,0.0,0.0,0.0,0.0,0.0,0.0,0.0,0.0,0.0,0.0,-1.6e-05,-1.7e-05,0.007537688549,0.800002879881,-0.817272448025,0.140475737331,0.0,1.021729195866,0.777376960394,1.0,0.031259144259,1.0,0.5625,0.5,0.6875,0.375,0.5625,0.5,0.375,0.625,1.0,5,21,40,MOT20-05,MOT20-03,stable080_motion_q25_ge_035,0
MOT20-03,94,131,280,1199,u_to_v,0.0,0.0,0.0,0.0,0.0,0.0,0.0,0.0,0.0,0.0,0.0,0.0,0.0,-0.0001,-0.000124,0.007504444513,0.509181544013,-0.634668679263,0.463526446565,0.0,1.001714083048,0.712800732557,1.0,0.040225686778,0.928571428571,0.857142857143,0.571428571429,0.846153846154,0.285714285714,0.846153846154,0.571428571429,0.285714285714,0.697802197802,1.0,5,81,100,MOT20-05,MOT20-03,stable080_motion_q25_ge_035,0
MOT20-01,36,5,46,138,v_to_u,0.016786570743,0.016786570743,-0.316666666667,-0.401433691756,0.0,-0.5,-0.401433691756,0.197132616487,0.197132616487,0.0,-0.816666666667,-0.633333333333,0.0,-0.115133,-0.217516,1.243315361749,3.4298581547,-3.31711139291,-2.213586137018,0.0,0.804728045591,0.582486819485,1.0,0.025141547964,0.333333333333,0.555555555556,0.333333333333,0.333333333333,0.444444444444,0.333333333333,0.333333333333,0.333333333333,0.4,1.0,5,21,40,MOT20-05,MOT20-01,stable080_min015_q25_025,0
MOT20-01,49,17,28,347,u_to_v,0.0,0.0,0.038338658147,0.0,0.0,0.029239766082,0.0,0.014910579616,0.012876335082,0.0,0.064102564103,0.029023458811,0.064102564103,0.046867,0.075333,1.533668403345,2.143752685328,0.281751919795,1.160903892853,0.987804878049,1.121410593072,0.873739439028,1.0,0.050556872378,0.375,0.5,1.0,1.0,1.0,1.0,0.5,0.375,0.775,1.0,5,41,60,MOT20-05,MOT20-01,stable080_min015_q25_025,0
MOT20-01,74,17,29,181,v_to_u,0.011940298507,0.013513513514,0.033472803347,1.0,1.0,-0.067226890756,1.0,0.554794520548,0.607250755287,1.0,1.0,0.125541125541,1.0,0.040357,0.0829,0.021768413063,0.585642835265,-0.593139718462,0.212967798296,0.0,0.391226503486,0.227945576351,1.0,0.013564243899,1.0,1.0,0.769230769231,0.769230769231,0.423076923077,0.769230769231,0.769230769231,0.423076923077,0.792307692308,1.0,5,61,80,MOT20-05,MOT20-01,stable080_min015_q25_025,0
MOT20-01,85,17,28,343,u_to_v,0.0,0.0,0.038338658147,0.0,0.0,0.029239766082,0.0,0.014910579616,0.012876335082,0.0,0.064102564103,0.029023458811,0.064102564103,0.046867,0.075333,1.533668403345,2.143752685328,0.281751919795,1.160903892853,0.987804878049,1.096687190659,0.866249718814,1.0,0.037327681888,0.3125,0.375,1.0,1.0,1.0,1.0,0.375,0.3125,0.7375,1.0,5,81,100,MOT20-05,MOT20-01,stable080_min015_q25_025,0
MOT20-02,49,180,232,1409,v_to_u,0.0,0.0,0.0,0.0,0.0,0.0,0.0,0.0,0.0,0.0,0.0,0.0,0.0,0.000196,0.00035,0.0,0.840964479994,-0.739149368862,,0.0,0.854882862305,0.639554379415,1.0,0.045472856224,1.0,0.933333333333,0.733333333333,,0.366666666667,0.833333333333,0.641666666667,0.366666666667,0.758333333333,1.0,5,41,60,MOT20-05,MOT20-02,stable080_min015_q25_025,0
MOT20-02,62,223,371,2236,u_to_v,-0.016903313049,-0.035087719298,-0.082397003745,-0.892857142857,-0.892857142857,-0.148648648649,-0.785714285714,-0.533865967088,-0.76090381018,-0.785714285714,-0.785714285714,-0.719964136282,-0.785714285714,-0.015253,-0.03018,0.094801984009,0.193639538839,0.026365292203,0.641136223945,0.769230769231,1.045166200029,0.912064219275,1.0,0.039138079073,0.888888888889,0.888888888889,0.944444444444,0.944444444444,0.944444444444,0.944444444444,0.888888888889,0.888888888889,0.922222222222,1.0,5,61,80,MOT20-05,MOT20-02,stable080_min015_q25_025,0
MOT20-02,99,413,431,2438,u_to_v,-0.009252120278,-0.019639934534,-0.047619047619,-1.0,-1.0,-0.090909090909,-1.0,-0.983305509182,-0.992217898833,-1.0,-1.0,-1.0,-1.0,-0.01027,-0.01798,0.056982169458,1.247643520801,-1.257997326948,0.053252304926,0.0,1.285105680283,0.971533768567,1.0,0.049373425404,0.941176470588,0.705882352941,0.529411764706,0.764705882353,0.352941176471,0.705882352941,0.529411764706,0.352941176471,0.658823529412,1.0,5,81,100,MOT20-05,MOT20-02,stable080_min015_q25_025,0
MOT20-03,21,295,328,1941,u_to_v,0.0,0.0,0.0,0.0,0.0,0.0,0.0,0.0,0.0,0.0,0.0,0.0,0.0,-1.6e-05,-1.7e-05,0.007537688549,0.800002879881,-0.817272448025,0.140475737331,0.0,1.021729195866,0.777376960394,1.0,0.031259144259,1.0,0.5625,0.5,0.6875,0.375,0.5625,0.5,0.375,0.625,1.0,5,21,40,MOT20-05,MOT20-03,stable080_min015_q25_025,0
MOT20-03,50,399,435,1989,v_to_u,-0.146394756009,-0.244823386114,-0.333333333333,-0.851694915254,-0.851694915254,-0.333333333333,-0.909502262443,-0.909502262443,-0.836955711581,-0.909502262443,-1.0,-1.0,-1.0,-0.06296,-0.120037,1.71706127963,13.252341424735,-2.412098674188,-0.330407870672,0.0,0.980548930434,0.848304285681,1.0,0.037038455762,0.307692307692,0.153846153846,0.384615384615,0.461538461538,0.384615384615,0.384615384615,0.307692307692,0.153846153846,0.338461538462,1.0,5,41,60,MOT20-05,MOT20-03,stable080_min015_q25_025,0
MOT20-03,94,131,280,1199,u_to_v,0.0,0.0,0.0,0.0,0.0,0.0,0.0,0.0,0.0,0.0,0.0,0.0,0.0,-0.0001,-0.000124,0.007504444513,0.509181544013,-0.634668679263,0.463526446565,0.0,1.001714083048,0.712800732557,1.0,0.040225686778,0.928571428571,0.857142857143,0.571428571429,0.846153846154,0.285714285714,0.846153846154,0.571428571429,0.285714285714,0.697802197802,1.0,5,81,100,MOT20-05,MOT20-03,stable080_min015_q25_025,0
MOT20-01,36,5,46,138,v_to_u,0.016786570743,0.016786570743,-0.316666666667,-0.401433691756,0.0,-0.5,-0.401433691756,0.197132616487,0.197132616487,0.0,-0.816666666667,-0.633333333333,0.0,-0.115133,-0.217516,1.243315361749,3.4298581547,-3.31711139291,-2.213586137018,0.0,0.804728045591,0.582486819485,1.0,0.025141547964,0.333333333333,0.555555555556,0.333333333333,0.333333333333,0.444444444444,0.333333333333,0.333333333333,0.333333333333,0.4,1.0,5,21,40,MOT20-05,MOT20-01,stable080_min020_q25_030,0
MOT20-01,49,17,28,347,u_to_v,0.0,0.0,0.038338658147,0.0,0.0,0.029239766082,0.0,0.014910579616,0.012876335082,0.0,0.064102564103,0.029023458811,0.064102564103,0.046867,0.075333,1.533668403345,2.143752685328,0.281751919795,1.160903892853,0.987804878049,1.121410593072,0.873739439028,1.0,0.050556872378,0.375,0.5,1.0,1.0,1.0,1.0,0.5,0.375,0.775,1.0,5,41,60,MOT20-05,MOT20-01,stable080_min020_q25_030,0
MOT20-01,74,17,29,181,v_to_u,0.011940298507,0.013513513514,0.033472803347,1.0,1.0,-0.067226890756,1.0,0.554794520548,0.607250755287,1.0,1.0,0.125541125541,1.0,0.040357,0.0829,0.021768413063,0.585642835265,-0.593139718462,0.212967798296,0.0,0.391226503486,0.227945576351,1.0,0.013564243899,1.0,1.0,0.769230769231,0.769230769231,0.423076923077,0.769230769231,0.769230769231,0.423076923077,0.792307692308,1.0,5,61,80,MOT20-05,MOT20-01,stable080_min020_q25_030,0
MOT20-01,85,17,28,343,u_to_v,0.0,0.0,0.038338658147,0.0,0.0,0.029239766082,0.0,0.014910579616,0.012876335082,0.0,0.064102564103,0.029023458811,0.064102564103,0.046867,0.075333,1.533668403345,2.143752685328,0.281751919795,1.160903892853,0.987804878049,1.096687190659,0.866249718814,1.0,0.037327681888,0.3125,0.375,1.0,1.0,1.0,1.0,0.375,0.3125,0.7375,1.0,5,81,100,MOT20-05,MOT20-01,stable080_min020_q25_030,0
MOT20-02,49,180,232,1409,v_to_u,0.0,0.0,0.0,0.0,0.0,0.0,0.0,0.0,0.0,0.0,0.0,0.0,0.0,0.000196,0.00035,0.0,0.840964479994,-0.739149368862,,0.0,0.854882862305,0.639554379415,1.0,0.045472856224,1.0,0.933333333333,0.733333333333,,0.366666666667,0.833333333333,0.641666666667,0.366666666667,0.758333333333,1.0,5,41,60,MOT20-05,MOT20-02,stable080_min020_q25_030,0
MOT20-02,62,223,371,2236,u_to_v,-0.016903313049,-0.035087719298,-0.082397003745,-0.892857142857,-0.892857142857,-0.148648648649,-0.785714285714,-0.533865967088,-0.76090381018,-0.785714285714,-0.785714285714,-0.719964136282,-0.785714285714,-0.015253,-0.03018,0.094801984009,0.193639538839,0.026365292203,0.641136223945,0.769230769231,1.045166200029,0.912064219275,1.0,0.039138079073,0.888888888889,0.888888888889,0.944444444444,0.944444444444,0.944444444444,0.944444444444,0.888888888889,0.888888888889,0.922222222222,1.0,5,61,80,MOT20-05,MOT20-02,stable080_min020_q25_030,0
MOT20-02,99,413,431,2438,u_to_v,-0.009252120278,-0.019639934534,-0.047619047619,-1.0,-1.0,-0.090909090909,-1.0,-0.983305509182,-0.992217898833,-1.0,-1.0,-1.0,-1.0,-0.01027,-0.01798,0.056982169458,1.247643520801,-1.257997326948,0.053252304926,0.0,1.285105680283,0.971533768567,1.0,0.049373425404,0.941176470588,0.705882352941,0.529411764706,0.764705882353,0.352941176471,0.705882352941,0.529411764706,0.352941176471,0.658823529412,1.0,5,81,100,MOT20-05,MOT20-02,stable080_min020_q25_030,0
MOT20-03,21,295,328,1941,u_to_v,0.0,0.0,0.0,0.0,0.0,0.0,0.0,0.0,0.0,0.0,0.0,0.0,0.0,-1.6e-05,-1.7e-05,0.007537688549,0.800002879881,-0.817272448025,0.140475737331,0.0,1.021729195866,0.777376960394,1.0,0.031259144259,1.0,0.5625,0.5,0.6875,0.375,0.5625,0.5,0.375,0.625,1.0,5,21,40,MOT20-05,MOT20-03,stable080_min020_q25_030,0
MOT20-03,94,131,280,1199,u_to_v,0.0,0.0,0.0,0.0,0.0,0.0,0.0,0.0,0.0,0.0,0.0,0.0,0.0,-0.0001,-0.000124,0.007504444513,0.509181544013,-0.634668679263,0.463526446565,0.0,1.001714083048,0.712800732557,1.0,0.040225686778,0.928571428571,0.857142857143,0.571428571429,0.846153846154,0.285714285714,0.846153846154,0.571428571429,0.285714285714,0.697802197802,1.0,5,81,100,MOT20-05,MOT20-03,stable080_min020_q25_030,0
