seq,canonical_rank,u,v,boundary_frame,transaction_type,accepted,changed_rows,effective_start_frame,donor_raw_tid,receiver_raw_tid,donor_anchor,receiver_anchor,reject_reason
MOT17-02-FRCNN,1,1,25,30,v_to_u,1,529,31,25,1,25,1,
MOT17-02-FRCNN,2,2,25,30,v_to_u,1,195,31,25,2,25,2,
MOT17-02-FRCNN,3,3,25,30,v_to_u,1,415,31,25,3,25,3,
MOT17-02-FRCNN,4,4,25,30,v_to_u,1,301,31,25,4,25,4,
MOT17-02-FRCNN,5,5,25,30,v_to_u,1,29,31,25,5,25,5,
MOT17-02-FRCNN,6,6,25,30,v_to_u,1,381,31,25,6,25,6,
MOT17-02-FRCNN,7,7,25,30,v_to_u,1,175,31,25,7,25,7,
MOT17-02-FRCNN,8,8,25,30,v_to_u,1,299,31,25,8,25,8,
MOT17-02-FRCNN,9,9,25,30,v_to_u,1,116,31,25,9,25,9,
MOT17-02-FRCNN,10,10,25,30,v_to_u,1,29,31,25,10,25,10,
MOT17-02-FRCNN,11,11,25,30,v_to_u,1,16,31,25,11,25,11,
MOT17-02-FRCNN,12,12,25,30,v_to_u,1,192,31,25,12,25,12,
MOT17-02-FRCNN,13,13,25,30,v_to_u,1,363,31,25,13,25,13,
MOT17-02-FRCNN,14,14,25,30,v_to_u,1,330,31,25,14,25,14,
MOT17-02-FRCNN,15,15,25,30,v_to_u,1,263,31,25,15,25,15,
MOT17-02-FRCNN,16,16,25,30,v_to_u,1,293,31,25,16,25,16,
MOT17-02-FRCNN,17,17,25,30,v_to_u,1,88,31,25,17,25,17,
MOT17-02-FRCNN,18,18,25,30,v_to_u,1,48,31,25,18,25,18,
MOT17-02-FRCNN,19,19,25,30,v_to_u,1,104,31,25,19,25,19,
MOT17-02-FRCNN,20,20,25,30,v_to_u,1,348,31,25,20,25,20,
MOT17-02-FRCNN,21,21,25,30,v_to_u,1,51,31,25,21,25,21,
MOT17-02-FRCNN,22,22,25,30,v_to_u,1,222,31,25,22,25,22,
MOT17-02-FRCNN,23,23,25,30,v_to_u,1,10,31,25,23,25,23,
MOT17-02-FRCNN,24,24,25,30,v_to_u,1,570,31,25,24,25,24,
MOT17-02-FRCNN,25,1,23,40,v_to_u,1,519,41,23,1,23,1,
MOT17-02-FRCNN,26,2,23,40,v_to_u,1,185,41,23,2,23,2,
MOT17-02-FRCNN,27,3,23,40,v_to_u,1,405,41,23,3,23,3,
MOT17-02-FRCNN,28,4,23,40,v_to_u,1,291,41,23,4,23,4,
MOT17-02-FRCNN,29,5,23,40,v_to_u,1,19,41,23,5,23,5,
MOT17-02-FRCNN,30,6,23,40,v_to_u,1,371,41,23,6,23,6,
MOT17-02-FRCNN,31,7,23,40,v_to_u,1,165,41,23,7,23,7,
MOT17-02-FRCNN,32,8,23,40,v_to_u,1,289,41,23,8,23,8,
MOT17-02-FRCNN,33,9,23,40,v_to_u,1,106,41,23,9,23,9,
MOT17-02-FRCNN,34,10,23,40,v_to_u,1,19,41,23,10,23,10,
MOT17-02-FRCNN,35,11,23,40,v_to_u,1,6,41,23,11,23,11,
MOT17-02-FRCNN,36,12,23,40,v_to_u,1,182,41,23,12,23,12,
MOT17-02-FRCNN,37,13,23,40,v_to_u,1,353,41,23,13,23,13,
MOT17-02-FRCNN,38,14,23,40,v_to_u,1,320,41,23,14,23,14,
MOT17-02-FRCNN,39,15,23,40,v_to_u,1,253,41,23,15,23,15,
MOT17-02-FRCNN,40,16,23,40,v_to_u,1,283,41,23,16,23,16,
MOT17-02-FRCNN,41,17,23,40,v_to_u,1,78,41,23,17,23,17,
MOT17-02-FRCNN,42,18,23,40,v_to_u,1,38,41,23,18,23,18,
MOT17-02-FRCNN,43,19,23,40,v_to_u,1,94,41,23,19,23,19,
MOT17-02-FRCNN,44,20,23,40,v_to_u,1,338,41,23,20,23,20,
MOT17-02-FRCNN,45,21,23,40,v_to_u,1,41,41,23,21,23,21,
MOT17-02-FRCNN,46,22,23,40,v_to_u,1,212,41,23,22,23,22,
MOT17-02-FRCNN,47,23,24,40,u_to_v,1,560,41,23,24,23,24,
MOT17-02-FRCNN,48,23,26,40,u_to_v,1,1,41,23,26,23,26,
MOT17-02-FRCNN,49,1,26,41,v_to_u,1,518,42,26,1,26,1,
MOT17-02-FRCNN,50,2,26,41,v_to_u,1,184,42,26,2,26,2,
MOT17-02-FRCNN,51,3,26,41,v_to_u,1,404,42,26,3,26,3,
MOT17-02-FRCNN,52,4,26,41,v_to_u,1,290,42,26,4,26,4,
MOT17-02-FRCNN,53,5,26,41,v_to_u,1,18,42,26,5,26,5,
MOT17-02-FRCNN,54,6,26,41,v_to_u,1,370,42,26,6,26,6,
MOT17-02-FRCNN,55,7,26,41,v_to_u,1,164,42,26,7,26,7,
MOT17-02-FRCNN,56,8,26,41,v_to_u,1,288,42,26,8,26,8,
MOT17-02-FRCNN,57,9,26,41,v_to_u,1,105,42,26,9,26,9,
MOT17-02-FRCNN,58,10,26,41,v_to_u,1,18,42,26,10,26,10,
MOT17-02-FRCNN,59,11,26,41,v_to_u,1,5,42,26,11,26,11,
MOT17-02-FRCNN,60,12,26,41,v_to_u,1,181,42,26,12,26,12,
MOT17-02-FRCNN,61,13,26,41,v_to_u,1,352,42,26,13,26,13,
MOT17-02-FRCNN,62,14,26,41,v_to_u,1,319,42,26,14,26,14,
MOT17-02-FRCNN,63,15,26,41,v_to_u,1,252,42,26,15,26,15,
MOT17-02-FRCNN,64,16,26,41,v_to_u,1,282,42,26,16,26,16,
MOT17-02-FRCNN,65,17,26,41,v_to_u,1,77,42,26,17,26,17,
MOT17-02-FRCNN,66,18,26,41,v_to_u,1,37,42,26,18,26,18,
MOT17-02-FRCNN,67,19,26,41,v_to_u,1,93,42,26,19,26,19,
MOT17-02-FRCNN,68,20,26,41,v_to_u,1,337,42,26,20,26,20,
MOT17-02-FRCNN,69,21,26,41,v_to_u,1,40,42,26,21,26,21,
MOT17-02-FRCNN,70,22,26,41,v_to_u,1,211,42,26,22,26,22,
MOT17-02-FRCNN,71,24,26,41,v_to_u,1,559,42,26,24,26,24,
MOT17-02-FRCNN,72,26,27,41,u_to_v,1,230,42,26,27,26,27,
MOT17-02-FRCNN,73,1,11,46,v_to_u,1,513,47,11,1,11,1,
MOT17-02-FRCNN,74,2,11,46,v_to_u,1,179,47,11,2,11,2,
MOT17-02-FRCNN,75,3,11,46,v_to_u,1,399,47,11,3,11,3,
MOT17-02-FRCNN,76,4,11,46,v_to_u,1,285,47,11,4,11,4,
MOT17-02-FRCNN,77,5,11,46,v_to_u,1,13,47,11,5,11,5,
MOT17-02-FRCNN,78,6,11,46,v_to_u,1,365,47,11,6,11,6,
MOT17-02-FRCNN,79,7,11,46,v_to_u,1,159,47,11,7,11,7,
MOT17-02-FRCNN,80,8,11,46,v_to_u,1,283,47,11,8,11,8,
MOT17-02-FRCNN,81,9,11,46,v_to_u,1,100,47,11,9,11,9,
MOT17-02-FRCNN,82,10,11,46,v_to_u,1,13,47,11,10,11,10,
MOT17-02-FRCNN,83,11,12,46,u_to_v,1,176,47,11,12,11,12,
MOT17-02-FRCNN,84,11,13,46,u_to_v,1,347,47,11,13,11,13,
MOT17-02-FRCNN,85,11,14,46,u_to_v,1,314,47,11,14,11,14,
MOT17-02-FRCNN,86,11,15,46,u_to_v,1,247,47,11,15,11,15,
MOT17-02-FRCNN,87,11,16,46,u_to_v,1,277,47,11,16,11,16,
MOT17-02-FRCNN,88,11,17,46,u_to_v,1,72,47,11,17,11,17,
MOT17-02-FRCNN,89,11,18,46,u_to_v,1,32,47,11,18,11,18,
MOT17-02-FRCNN,90,11,19,46,u_to_v,1,88,47,11,19,11,19,
MOT17-02-FRCNN,91,11,20,46,u_to_v,1,332,47,11,20,11,20,
MOT17-02-FRCNN,92,11,21,46,u_to_v,1,35,47,11,21,11,21,
MOT17-02-FRCNN,93,11,22,46,u_to_v,1,206,47,11,22,11,22,
MOT17-02-FRCNN,94,11,24,46,u_to_v,1,554,47,11,24,11,24,
MOT17-02-FRCNN,95,11,27,46,u_to_v,1,225,47,11,27,11,27,
MOT17-02-FRCNN,96,5,19,49,u_to_v,1,85,73,5,19,5,19,
MOT17-02-FRCNN,97,5,19,49,v_to_u,1,10,50,19,5,19,5,
MOT17-02-FRCNN,98,10,19,49,u_to_v,1,85,73,10,19,10,19,
MOT17-02-FRCNN,99,10,19,49,v_to_u,1,10,50,19,10,19,10,
MOT17-02-FRCNN,100,19,28,49,u_to_v,1,15,50,19,28,19,28,
MOT17-02-FRCNN,101,19,28,49,v_to_u,1,85,73,28,19,28,19,
MOT17-02-FRCNN,102,1,5,59,v_to_u,1,500,60,5,1,5,1,
MOT17-02-FRCNN,103,1,10,59,v_to_u,1,500,60,10,1,10,1,
MOT17-02-FRCNN,104,2,5,59,v_to_u,1,166,60,5,2,5,2,
MOT17-02-FRCNN,105,2,10,59,v_to_u,1,166,60,10,2,10,2,
MOT17-02-FRCNN,106,3,5,59,v_to_u,1,386,60,5,3,5,3,
MOT17-02-FRCNN,107,3,10,59,v_to_u,1,386,60,10,3,10,3,
MOT17-02-FRCNN,108,4,5,59,v_to_u,1,272,60,5,4,5,4,
MOT17-02-FRCNN,109,4,10,59,v_to_u,1,272,60,10,4,10,4,
MOT17-02-FRCNN,110,5,6,59,u_to_v,1,352,60,5,6,5,6,
MOT17-02-FRCNN,111,5,7,59,u_to_v,1,146,60,5,7,5,7,
MOT17-02-FRCNN,112,5,8,59,u_to_v,1,270,60,5,8,5,8,
MOT17-02-FRCNN,113,5,9,59,u_to_v,1,87,60,5,9,5,9,
MOT17-02-FRCNN,114,5,12,59,u_to_v,1,163,60,5,12,5,12,
MOT17-02-FRCNN,115,5,13,59,u_to_v,1,334,60,5,13,5,13,
MOT17-02-FRCNN,116,5,14,59,u_to_v,1,301,60,5,14,5,14,
MOT17-02-FRCNN,117,5,15,59,u_to_v,1,234,60,5,15,5,15,
MOT17-02-FRCNN,118,5,16,59,u_to_v,1,264,60,5,16,5,16,
MOT17-02-FRCNN,119,5,17,59,u_to_v,1,59,60,5,17,5,17,
MOT17-02-FRCNN,120,5,18,59,u_to_v,1,19,60,5,18,5,18,
MOT17-02-FRCNN,121,5,20,59,u_to_v,1,319,60,5,20,5,20,
MOT17-02-FRCNN,122,5,21,59,u_to_v,1,22,60,5,21,5,21,
MOT17-02-FRCNN,123,5,22,59,u_to_v,1,193,60,5,22,5,22,
MOT17-02-FRCNN,124,5,24,59,u_to_v,1,541,60,5,24,5,24,
MOT17-02-FRCNN,125,5,27,59,u_to_v,1,212,60,5,27,5,27,
MOT17-02-FRCNN,126,5,28,59,u_to_v,1,5,60,5,28,5,28,
MOT17-02-FRCNN,127,5,29,59,u_to_v,1,95,60,5,29,5,29,
MOT17-02-FRCNN,128,6,10,59,v_to_u,1,352,60,10,6,10,6,
MOT17-02-FRCNN,129,7,10,59,v_to_u,1,146,60,10,7,10,7,
MOT17-02-FRCNN,130,8,10,59,v_to_u,1,270,60,10,8,10,8,
MOT17-02-FRCNN,131,9,10,59,v_to_u,1,87,60,10,9,10,9,
MOT17-02-FRCNN,132,10,12,59,u_to_v,1,163,60,10,12,10,12,
MOT17-02-FRCNN,133,10,13,59,u_to_v,1,334,60,10,13,10,13,
MOT17-02-FRCNN,134,10,14,59,u_to_v,1,301,60,10,14,10,14,
MOT17-02-FRCNN,135,10,15,59,u_to_v,1,234,60,10,15,10,15,
MOT17-02-FRCNN,136,10,16,59,u_to_v,1,264,60,10,16,10,16,
MOT17-02-FRCNN,137,10,17,59,u_to_v,1,59,60,10,17,10,17,
MOT17-02-FRCNN,138,10,18,59,u_to_v,1,19,60,10,18,10,18,
MOT17-02-FRCNN,139,10,20,59,u_to_v,1,319,60,10,20,10,20,
MOT17-02-FRCNN,140,10,21,59,u_to_v,1,22,60,10,21,10,21,
MOT17-02-FRCNN,141,10,22,59,u_to_v,1,193,60,10,22,10,22,
MOT17-02-FRCNN,142,10,24,59,u_to_v,1,541,60,10,24,10,24,
MOT17-02-FRCNN,143,10,27,59,u_to_v,1,212,60,10,27,10,27,
MOT17-02-FRCNN,144,10,28,59,u_to_v,1,5,60,10,28,10,28,
MOT17-02-FRCNN,145,10,29,59,u_to_v,1,95,60,10,29,10,29,
MOT17-02-FRCNN,146,1,30,61,v_to_u,1,498,62,30,1,30,1,
MOT17-02-FRCNN,147,2,30,61,v_to_u,1,164,62,30,2,30,2,
MOT17-02-FRCNN,148,3,30,61,v_to_u,1,384,62,30,3,30,3,
MOT17-02-FRCNN,149,4,30,61,v_to_u,1,270,62,30,4,30,4,
MOT17-02-FRCNN,150,6,30,61,v_to_u,1,350,62,30,6,30,6,
MOT17-02-FRCNN,151,7,30,61,v_to_u,1,144,62,30,7,30,7,
MOT17-02-FRCNN,152,8,30,61,v_to_u,1,268,62,30,8,30,8,
MOT17-02-FRCNN,153,9,30,61,v_to_u,1,85,62,30,9,30,9,
MOT17-02-FRCNN,154,12,30,61,v_to_u,1,161,62,30,12,30,12,
MOT17-02-FRCNN,155,13,30,61,v_to_u,1,332,62,30,13,30,13,
MOT17-02-FRCNN,156,14,30,61,v_to_u,1,299,62,30,14,30,14,
MOT17-02-FRCNN,157,15,30,61,v_to_u,1,232,62,30,15,30,15,
MOT17-02-FRCNN,158,16,30,61,v_to_u,1,262,62,30,16,30,16,
MOT17-02-FRCNN,159,17,30,61,v_to_u,1,57,62,30,17,30,17,
MOT17-02-FRCNN,160,18,30,61,v_to_u,1,17,62,30,18,30,18,
MOT17-02-FRCNN,161,20,30,61,v_to_u,1,317,62,30,20,30,20,
MOT17-02-FRCNN,162,21,30,61,v_to_u,1,20,62,30,21,30,21,
MOT17-02-FRCNN,163,22,30,61,v_to_u,1,191,62,30,22,30,22,
MOT17-02-FRCNN,164,24,30,61,v_to_u,1,539,62,30,24,30,24,
MOT17-02-FRCNN,165,27,30,61,v_to_u,1,210,62,30,27,30,27,
MOT17-02-FRCNN,166,28,30,61,v_to_u,1,3,62,30,28,30,28,
MOT17-02-FRCNN,167,29,30,61,v_to_u,1,93,62,30,29,30,29,
MOT17-02-FRCNN,168,1,28,64,v_to_u,1,495,65,28,1,28,1,
MOT17-02-FRCNN,169,2,28,64,v_to_u,1,161,65,28,2,28,2,
MOT17-02-FRCNN,170,3,28,64,v_to_u,1,381,65,28,3,28,3,
MOT17-02-FRCNN,171,4,28,64,v_to_u,1,267,65,28,4,28,4,
MOT17-02-FRCNN,172,6,28,64,v_to_u,1,347,65,28,6,28,6,
MOT17-02-FRCNN,173,7,28,64,v_to_u,1,141,65,28,7,28,7,
MOT17-02-FRCNN,174,8,28,64,v_to_u,1,265,65,28,8,28,8,
MOT17-02-FRCNN,175,9,28,64,v_to_u,1,82,65,28,9,28,9,
MOT17-02-FRCNN,176,12,28,64,v_to_u,1,158,65,28,12,28,12,
MOT17-02-FRCNN,177,13,28,64,v_to_u,1,329,65,28,13,28,13,
MOT17-02-FRCNN,178,14,28,64,v_to_u,1,296,65,28,14,28,14,
MOT17-02-FRCNN,179,15,28,64,v_to_u,1,229,65,28,15,28,15,
MOT17-02-FRCNN,180,16,28,64,v_to_u,1,259,65,28,16,28,16,
MOT17-02-FRCNN,181,17,28,64,v_to_u,1,54,65,28,17,28,17,
MOT17-02-FRCNN,182,18,28,64,v_to_u,1,14,65,28,18,28,18,
MOT17-02-FRCNN,183,20,28,64,v_to_u,1,314,65,28,20,28,20,
MOT17-02-FRCNN,184,21,28,64,v_to_u,1,17,65,28,21,28,21,
MOT17-02-FRCNN,185,22,28,64,v_to_u,1,188,65,28,22,28,22,
MOT17-02-FRCNN,186,24,28,64,v_to_u,1,536,65,28,24,28,24,
MOT17-02-FRCNN,187,27,28,64,v_to_u,1,207,65,28,27,28,27,
MOT17-02-FRCNN,188,28,29,64,u_to_v,1,90,65,28,29,28,29,
MOT17-02-FRCNN,189,28,31,64,u_to_v,1,307,65,28,31,28,31,
MOT17-02-FRCNN,190,28,32,64,u_to_v,1,274,65,28,32,28,32,
MOT17-02-FRCNN,191,1,18,78,v_to_u,1,481,79,18,1,18,1,
MOT17-02-FRCNN,192,2,18,78,v_to_u,1,147,79,18,2,18,2,
MOT17-02-FRCNN,193,3,18,78,v_to_u,1,367,79,18,3,18,3,
MOT17-02-FRCNN,194,4,18,78,v_to_u,1,253,79,18,4,18,4,
MOT17-02-FRCNN,195,6,18,78,v_to_u,1,333,79,18,6,18,6,
MOT17-02-FRCNN,196,7,18,78,v_to_u,1,127,79,18,7,18,7,
MOT17-02-FRCNN,197,8,18,78,v_to_u,1,251,79,18,8,18,8,
MOT17-02-FRCNN,198,9,18,78,v_to_u,1,68,79,18,9,18,9,
MOT17-02-FRCNN,199,12,18,78,v_to_u,1,144,79,18,12,18,12,
MOT17-02-FRCNN,200,13,18,78,v_to_u,1,315,79,18,13,18,13,
MOT17-02-FRCNN,201,14,18,78,v_to_u,1,282,79,18,14,18,14,
MOT17-02-FRCNN,202,15,18,78,v_to_u,1,215,79,18,15,18,15,
MOT17-02-FRCNN,203,16,18,78,v_to_u,1,245,79,18,16,18,16,
MOT17-02-FRCNN,204,17,18,78,v_to_u,1,40,79,18,17,18,17,
MOT17-02-FRCNN,205,18,19,78,u_to_v,1,79,79,18,19,18,19,
MOT17-02-FRCNN,206,18,20,78,u_to_v,1,300,79,18,20,18,20,
MOT17-02-FRCNN,207,18,21,78,u_to_v,1,3,79,18,21,18,21,
MOT17-02-FRCNN,208,18,22,78,u_to_v,1,174,79,18,22,18,22,
MOT17-02-FRCNN,209,18,24,78,u_to_v,1,522,79,18,24,18,24,
MOT17-02-FRCNN,210,18,27,78,u_to_v,1,193,79,18,27,18,27,
MOT17-02-FRCNN,211,18,29,78,u_to_v,1,76,79,18,29,18,29,
MOT17-02-FRCNN,212,18,31,78,u_to_v,1,293,79,18,31,18,31,
MOT17-02-FRCNN,213,18,32,78,u_to_v,1,260,79,18,32,18,32,
MOT17-02-FRCNN,214,18,33,78,u_to_v,1,6,79,18,33,18,33,
MOT17-02-FRCNN,215,18,34,78,u_to_v,1,1,79,18,34,18,34,
MOT17-02-FRCNN,216,18,35,78,u_to_v,1,44,79,18,35,18,35,
MOT17-02-FRCNN,217,18,36,78,u_to_v,1,331,79,18,36,18,36,
MOT17-02-FRCNN,218,1,34,79,v_to_u,1,480,80,34,1,34,1,
MOT17-02-FRCNN,219,2,34,79,v_to_u,1,146,80,34,2,34,2,
MOT17-02-FRCNN,220,3,34,79,v_to_u,1,366,80,34,3,34,3,
MOT17-02-FRCNN,221,4,34,79,v_to_u,1,252,80,34,4,34,4,
MOT17-02-FRCNN,222,6,34,79,v_to_u,1,332,80,34,6,34,6,
MOT17-02-FRCNN,223,7,34,79,v_to_u,1,126,80,34,7,34,7,
MOT17-02-FRCNN,224,8,34,79,v_to_u,1,250,80,34,8,34,8,
MOT17-02-FRCNN,225,9,34,79,v_to_u,1,67,80,34,9,34,9,
MOT17-02-FRCNN,226,12,34,79,v_to_u,1,143,80,34,12,34,12,
MOT17-02-FRCNN,227,13,34,79,v_to_u,1,314,80,34,13,34,13,
MOT17-02-FRCNN,228,14,34,79,v_to_u,1,281,80,34,14,34,14,
MOT17-02-FRCNN,229,15,34,79,v_to_u,1,214,80,34,15,34,15,
MOT17-02-FRCNN,230,16,34,79,v_to_u,1,244,80,34,16,34,16,
MOT17-02-FRCNN,231,17,34,79,v_to_u,1,39,80,34,17,34,17,
MOT17-02-FRCNN,232,19,34,79,v_to_u,1,78,80,34,19,34,19,
MOT17-02-FRCNN,233,20,34,79,v_to_u,1,299,80,34,20,34,20,
MOT17-02-FRCNN,234,21,34,79,v_to_u,1,2,80,34,21,34,21,
MOT17-02-FRCNN,235,22,34,79,v_to_u,1,173,80,34,22,34,22,
MOT17-02-FRCNN,236,24,34,79,v_to_u,1,521,80,34,24,34,24,
MOT17-02-FRCNN,237,27,34,79,v_to_u,1,192,80,34,27,34,27,
MOT17-02-FRCNN,238,29,34,79,v_to_u,1,75,80,34,29,34,29,
MOT17-02-FRCNN,239,31,34,79,v_to_u,1,292,80,34,31,34,31,
MOT17-02-FRCNN,240,32,34,79,v_to_u,1,259,80,34,32,34,32,
MOT17-02-FRCNN,241,33,34,79,v_to_u,1,5,80,34,33,34,33,
MOT17-02-FRCNN,242,34,35,79,u_to_v,1,43,80,34,35,34,35,
MOT17-02-FRCNN,243,34,36,79,u_to_v,1,330,80,34,36,34,36,
MOT17-02-FRCNN,244,1,21,81,v_to_u,1,478,82,21,1,21,1,
MOT17-02-FRCNN,245,2,21,81,v_to_u,1,144,82,21,2,21,2,
MOT17-02-FRCNN,246,3,21,81,v_to_u,1,364,82,21,3,21,3,
MOT17-02-FRCNN,247,4,21,81,v_to_u,1,250,82,21,4,21,4,
MOT17-02-FRCNN,248,6,21,81,v_to_u,1,330,82,21,6,21,6,
MOT17-02-FRCNN,249,7,21,81,v_to_u,1,124,82,21,7,21,7,
MOT17-02-FRCNN,250,8,21,81,v_to_u,1,248,82,21,8,21,8,
MOT17-02-FRCNN,251,9,21,81,v_to_u,1,65,82,21,9,21,9,
MOT17-02-FRCNN,252,12,21,81,v_to_u,1,141,82,21,12,21,12,
MOT17-02-FRCNN,253,13,21,81,v_to_u,1,312,82,21,13,21,13,
MOT17-02-FRCNN,254,14,21,81,v_to_u,1,279,82,21,14,21,14,
MOT17-02-FRCNN,255,15,21,81,v_to_u,1,212,82,21,15,21,15,
MOT17-02-FRCNN,256,16,21,81,v_to_u,1,242,82,21,16,21,16,
MOT17-02-FRCNN,257,17,21,81,v_to_u,1,37,82,21,17,21,17,
MOT17-02-FRCNN,258,19,21,81,v_to_u,1,76,82,21,19,21,19,
MOT17-02-FRCNN,259,20,21,81,v_to_u,1,297,82,21,20,21,20,
MOT17-02-FRCNN,260,21,22,81,u_to_v,1,171,82,21,22,21,22,
MOT17-02-FRCNN,261,21,24,81,u_to_v,1,519,82,21,24,21,24,
MOT17-02-FRCNN,262,21,27,81,u_to_v,1,190,82,21,27,21,27,
MOT17-02-FRCNN,263,21,29,81,u_to_v,1,73,82,21,29,21,29,
MOT17-02-FRCNN,264,21,31,81,u_to_v,1,290,82,21,31,21,31,
MOT17-02-FRCNN,265,21,32,81,u_to_v,1,257,82,21,32,21,32,
MOT17-02-FRCNN,266,21,33,81,u_to_v,1,3,82,21,33,21,33,
MOT17-02-FRCNN,267,21,35,81,u_to_v,1,41,82,21,35,21,35,
MOT17-02-FRCNN,268,21,36,81,u_to_v,1,328,82,21,36,21,36,
MOT17-02-FRCNN,269,1,33,84,v_to_u,1,475,85,33,1,33,1,
MOT17-02-FRCNN,270,2,33,84,v_to_u,1,141,85,33,2,33,2,
MOT17-02-FRCNN,271,3,33,84,v_to_u,1,361,85,33,3,33,3,
MOT17-02-FRCNN,272,4,33,84,v_to_u,1,247,85,33,4,33,4,
MOT17-02-FRCNN,273,6,33,84,v_to_u,1,327,85,33,6,33,6,
MOT17-02-FRCNN,274,7,33,84,v_to_u,1,121,85,33,7,33,7,
MOT17-02-FRCNN,275,8,33,84,v_to_u,1,245,85,33,8,33,8,
MOT17-02-FRCNN,276,9,33,84,v_to_u,1,62,85,33,9,33,9,
MOT17-02-FRCNN,277,12,33,84,v_to_u,1,138,85,33,12,33,12,
MOT17-02-FRCNN,278,13,33,84,v_to_u,1,309,85,33,13,33,13,
MOT17-02-FRCNN,279,14,33,84,v_to_u,1,276,85,33,14,33,14,
MOT17-02-FRCNN,280,15,33,84,v_to_u,1,209,85,33,15,33,15,
MOT17-02-FRCNN,281,16,33,84,v_to_u,1,239,85,33,16,33,16,
MOT17-02-FRCNN,282,17,33,84,v_to_u,1,34,85,33,17,33,17,
MOT17-02-FRCNN,283,19,33,84,v_to_u,1,73,85,33,19,33,19,
MOT17-02-FRCNN,284,20,33,84,v_to_u,1,294,85,33,20,33,20,
MOT17-02-FRCNN,285,22,33,84,v_to_u,1,168,85,33,22,33,22,
MOT17-02-FRCNN,286,24,33,84,v_to_u,1,516,85,33,24,33,24,
MOT17-02-FRCNN,287,27,33,84,v_to_u,1,187,85,33,27,33,27,
MOT17-02-FRCNN,288,29,33,84,v_to_u,1,70,85,33,29,33,29,
MOT17-02-FRCNN,289,31,33,84,v_to_u,1,287,85,33,31,33,31,
MOT17-02-FRCNN,290,32,33,84,v_to_u,1,254,85,33,32,33,32,
MOT17-02-FRCNN,291,33,35,84,u_to_v,1,38,85,33,35,33,35,
MOT17-02-FRCNN,292,33,36,84,u_to_v,1,325,85,33,36,33,36,
MOT17-02-FRCNN,293,1,41,117,v_to_u,1,442,118,41,1,41,1,
MOT17-02-FRCNN,294,2,41,117,v_to_u,1,108,118,41,2,41,2,
MOT17-02-FRCNN,295,3,41,117,v_to_u,1,328,118,41,3,41,3,
MOT17-02-FRCNN,296,4,41,117,v_to_u,1,214,118,41,4,41,4,
MOT17-02-FRCNN,297,6,41,117,v_to_u,1,294,118,41,6,41,6,
MOT17-02-FRCNN,298,7,41,117,v_to_u,1,88,118,41,7,41,7,
MOT17-02-FRCNN,299,8,41,117,v_to_u,1,212,118,41,8,41,8,
MOT17-02-FRCNN,300,9,41,117,v_to_u,1,29,118,41,9,41,9,
MOT17-02-FRCNN,301,12,41,117,v_to_u,1,105,118,41,12,41,12,
MOT17-02-FRCNN,302,13,41,117,v_to_u,1,276,118,41,13,41,13,
MOT17-02-FRCNN,303,14,41,117,v_to_u,1,243,118,41,14,41,14,
MOT17-02-FRCNN,304,15,41,117,v_to_u,1,176,118,41,15,41,15,
MOT17-02-FRCNN,305,16,41,117,v_to_u,1,206,118,41,16,41,16,
MOT17-02-FRCNN,306,17,41,117,v_to_u,1,1,118,41,17,41,17,
MOT17-02-FRCNN,307,19,41,117,v_to_u,1,40,118,41,19,41,19,
MOT17-02-FRCNN,308,20,41,117,v_to_u,1,261,118,41,20,41,20,
MOT17-02-FRCNN,309,22,41,117,v_to_u,1,135,118,41,22,41,22,
MOT17-02-FRCNN,310,24,41,117,v_to_u,1,483,118,41,24,41,24,
MOT17-02-FRCNN,311,27,41,117,v_to_u,1,154,118,41,27,41,27,
MOT17-02-FRCNN,312,29,41,117,v_to_u,1,37,118,41,29,41,29,
MOT17-02-FRCNN,313,31,41,117,v_to_u,1,254,118,41,31,41,31,
MOT17-02-FRCNN,314,32,41,117,v_to_u,1,221,118,41,32,41,32,
MOT17-02-FRCNN,315,35,41,117,v_to_u,1,5,118,41,35,41,35,
MOT17-02-FRCNN,316,36,41,117,v_to_u,1,292,118,41,36,41,36,
MOT17-02-FRCNN,317,37,41,117,v_to_u,1,127,118,41,37,41,37,
MOT17-02-FRCNN,318,38,41,117,v_to_u,1,327,118,41,38,41,38,
MOT17-02-FRCNN,319,39,41,117,v_to_u,1,2,118,41,39,41,39,
MOT17-02-FRCNN,320,40,41,117,v_to_u,1,297,118,41,40,41,40,
MOT17-02-FRCNN,321,1,17,118,v_to_u,1,441,119,17,1,17,1,
MOT17-02-FRCNN,322,2,17,118,v_to_u,1,107,119,17,2,17,2,
MOT17-02-FRCNN,323,3,17,118,v_to_u,1,327,119,17,3,17,3,
MOT17-02-FRCNN,324,4,17,118,v_to_u,1,213,119,17,4,17,4,
MOT17-02-FRCNN,325,6,17,118,v_to_u,1,293,119,17,6,17,6,
MOT17-02-FRCNN,326,7,17,118,v_to_u,1,87,119,17,7,17,7,
MOT17-02-FRCNN,327,8,17,118,v_to_u,1,211,119,17,8,17,8,
MOT17-02-FRCNN,328,9,17,118,v_to_u,1,28,119,17,9,17,9,
MOT17-02-FRCNN,329,12,17,118,v_to_u,1,104,119,17,12,17,12,
MOT17-02-FRCNN,330,13,17,118,v_to_u,1,275,119,17,13,17,13,
MOT17-02-FRCNN,331,14,17,118,v_to_u,1,242,119,17,14,17,14,
MOT17-02-FRCNN,332,15,17,118,v_to_u,1,175,119,17,15,17,15,
MOT17-02-FRCNN,333,16,17,118,v_to_u,1,205,119,17,16,17,16,
MOT17-02-FRCNN,334,17,19,118,u_to_v,1,39,119,17,19,17,19,
MOT17-02-FRCNN,335,17,20,118,u_to_v,1,260,119,17,20,17,20,
MOT17-02-FRCNN,336,17,22,118,u_to_v,1,134,119,17,22,17,22,
MOT17-02-FRCNN,337,17,24,118,u_to_v,1,482,119,17,24,17,24,
MOT17-02-FRCNN,338,17,27,118,u_to_v,1,153,119,17,27,17,27,
MOT17-02-FRCNN,339,17,29,118,u_to_v,1,36,119,17,29,17,29,
MOT17-02-FRCNN,340,17,31,118,u_to_v,1,253,119,17,31,17,31,
MOT17-02-FRCNN,341,17,32,118,u_to_v,1,220,119,17,32,17,32,
MOT17-02-FRCNN,342,17,35,118,u_to_v,1,4,119,17,35,17,35,
MOT17-02-FRCNN,343,17,36,118,u_to_v,1,291,119,17,36,17,36,
MOT17-02-FRCNN,344,17,37,118,u_to_v,1,126,119,17,37,17,37,
MOT17-02-FRCNN,345,17,38,118,u_to_v,1,326,119,17,38,17,38,
MOT17-02-FRCNN,346,17,39,118,u_to_v,1,1,119,17,39,17,39,
MOT17-02-FRCNN,347,17,40,118,u_to_v,1,296,119,17,40,17,40,
MOT17-02-FRCNN,348,1,39,119,v_to_u,1,440,120,39,1,39,1,
MOT17-02-FRCNN,349,2,39,119,v_to_u,1,106,120,39,2,39,2,
MOT17-02-FRCNN,350,3,39,119,v_to_u,1,326,120,39,3,39,3,
MOT17-02-FRCNN,351,4,39,119,v_to_u,1,212,120,39,4,39,4,
MOT17-02-FRCNN,352,6,39,119,v_to_u,1,292,120,39,6,39,6,
MOT17-02-FRCNN,353,7,39,119,v_to_u,1,86,120,39,7,39,7,
MOT17-02-FRCNN,354,8,39,119,v_to_u,1,210,120,39,8,39,8,
MOT17-02-FRCNN,355,9,39,119,v_to_u,1,27,120,39,9,39,9,
MOT17-02-FRCNN,356,12,39,119,v_to_u,1,103,120,39,12,39,12,
MOT17-02-FRCNN,357,13,39,119,v_to_u,1,274,120,39,13,39,13,
MOT17-02-FRCNN,358,14,39,119,v_to_u,1,241,120,39,14,39,14,
MOT17-02-FRCNN,359,15,39,119,v_to_u,1,174,120,39,15,39,15,
MOT17-02-FRCNN,360,16,39,119,v_to_u,1,204,120,39,16,39,16,
MOT17-02-FRCNN,361,19,39,119,v_to_u,1,38,120,39,19,39,19,
MOT17-02-FRCNN,362,20,39,119,v_to_u,1,259,120,39,20,39,20,
MOT17-02-FRCNN,363,22,39,119,v_to_u,1,133,120,39,22,39,22,
MOT17-02-FRCNN,364,24,39,119,v_to_u,1,481,120,39,24,39,24,
MOT17-02-FRCNN,365,27,39,119,v_to_u,1,152,120,39,27,39,27,
MOT17-02-FRCNN,366,29,39,119,v_to_u,1,35,120,39,29,39,29,
MOT17-02-FRCNN,367,31,39,119,v_to_u,1,252,120,39,31,39,31,
MOT17-02-FRCNN,368,32,39,119,v_to_u,1,219,120,39,32,39,32,
MOT17-02-FRCNN,369,35,39,119,v_to_u,1,3,120,39,35,39,35,
MOT17-02-FRCNN,370,36,39,119,v_to_u,1,290,120,39,36,39,36,
MOT17-02-FRCNN,371,37,39,119,v_to_u,1,125,120,39,37,39,37,
MOT17-02-FRCNN,372,38,39,119,v_to_u,1,325,120,39,38,39,38,
MOT17-02-FRCNN,373,39,40,119,u_to_v,1,295,120,39,40,39,40,
MOT17-02-FRCNN,374,1,35,122,v_to_u,1,437,123,35,1,35,1,
MOT17-02-FRCNN,375,2,35,122,v_to_u,1,103,123,35,2,35,2,
MOT17-02-FRCNN,376,3,35,122,v_to_u,1,323,123,35,3,35,3,
MOT17-02-FRCNN,377,4,35,122,v_to_u,1,209,123,35,4,35,4,
MOT17-02-FRCNN,378,6,35,122,v_to_u,1,289,123,35,6,35,6,
MOT17-02-FRCNN,379,7,35,122,v_to_u,1,83,123,35,7,35,7,
MOT17-02-FRCNN,380,8,35,122,v_to_u,1,207,123,35,8,35,8,
MOT17-02-FRCNN,381,9,35,122,v_to_u,1,24,123,35,9,35,9,
MOT17-02-FRCNN,382,12,35,122,v_to_u,1,100,123,35,12,35,12,
MOT17-02-FRCNN,383,13,35,122,v_to_u,1,271,123,35,13,35,13,
MOT17-02-FRCNN,384,14,35,122,v_to_u,1,238,123,35,14,35,14,
MOT17-02-FRCNN,385,15,35,122,v_to_u,1,171,123,35,15,35,15,
MOT17-02-FRCNN,386,16,35,122,v_to_u,1,201,123,35,16,35,16,
MOT17-02-FRCNN,387,19,35,122,v_to_u,1,35,123,35,19,35,19,
MOT17-02-FRCNN,388,20,35,122,v_to_u,1,256,123,35,20,35,20,
MOT17-02-FRCNN,389,22,35,122,v_to_u,1,130,123,35,22,35,22,
MOT17-02-FRCNN,390,24,35,122,v_to_u,1,478,123,35,24,35,24,
MOT17-02-FRCNN,391,27,35,122,v_to_u,1,149,123,35,27,35,27,
MOT17-02-FRCNN,392,29,35,122,v_to_u,1,32,123,35,29,35,29,
MOT17-02-FRCNN,393,31,35,122,v_to_u,1,249,123,35,31,35,31,
MOT17-02-FRCNN,394,32,35,122,v_to_u,1,216,123,35,32,35,32,
MOT17-02-FRCNN,395,35,36,122,u_to_v,1,287,123,35,36,35,36,
MOT17-02-FRCNN,396,35,37,122,u_to_v,1,122,123,35,37,35,37,
MOT17-02-FRCNN,397,35,38,122,u_to_v,1,322,123,35,38,35,38,
MOT17-02-FRCNN,398,35,40,122,u_to_v,1,292,123,35,40,35,40,
MOT17-02-FRCNN,399,35,42,122,u_to_v,1,5,123,35,42,35,42,
MOT17-02-FRCNN,400,1,42,127,v_to_u,1,432,128,42,1,42,1,
MOT17-02-FRCNN,401,2,42,127,v_to_u,1,98,128,42,2,42,2,
MOT17-02-FRCNN,402,3,42,127,v_to_u,1,318,128,42,3,42,3,
MOT17-02-FRCNN,403,4,42,127,v_to_u,1,204,128,42,4,42,4,
MOT17-02-FRCNN,404,6,42,127,v_to_u,1,284,128,42,6,42,6,
MOT17-02-FRCNN,405,7,42,127,v_to_u,1,78,128,42,7,42,7,
MOT17-02-FRCNN,406,8,42,127,v_to_u,1,202,128,42,8,42,8,
MOT17-02-FRCNN,407,9,42,127,v_to_u,1,19,128,42,9,42,9,
MOT17-02-FRCNN,408,12,42,127,v_to_u,1,95,128,42,12,42,12,
MOT17-02-FRCNN,409,13,42,127,v_to_u,1,266,128,42,13,42,13,
MOT17-02-FRCNN,410,14,42,127,v_to_u,1,233,128,42,14,42,14,
MOT17-02-FRCNN,411,15,42,127,v_to_u,1,166,128,42,15,42,15,
MOT17-02-FRCNN,412,16,42,127,v_to_u,1,196,128,42,16,42,16,
MOT17-02-FRCNN,413,19,42,127,v_to_u,1,30,128,42,19,42,19,
MOT17-02-FRCNN,414,20,42,127,v_to_u,1,251,128,42,20,42,20,
MOT17-02-FRCNN,415,22,42,127,v_to_u,1,125,128,42,22,42,22,
MOT17-02-FRCNN,416,24,42,127,v_to_u,1,473,128,42,24,42,24,
MOT17-02-FRCNN,417,27,42,127,v_to_u,1,144,128,42,27,42,27,
MOT17-02-FRCNN,418,29,42,127,v_to_u,1,27,128,42,29,42,29,
MOT17-02-FRCNN,419,31,42,127,v_to_u,1,244,128,42,31,42,31,
MOT17-02-FRCNN,420,32,42,127,v_to_u,1,211,128,42,32,42,32,
MOT17-02-FRCNN,421,36,42,127,v_to_u,1,282,128,42,36,42,36,
MOT17-02-FRCNN,422,37,42,127,v_to_u,1,117,128,42,37,42,37,
MOT17-02-FRCNN,423,38,42,127,v_to_u,1,317,128,42,38,42,38,
MOT17-02-FRCNN,424,40,42,127,v_to_u,1,287,128,42,40,42,40,
MOT17-02-FRCNN,425,42,43,127,u_to_v,1,130,128,42,43,42,43,
MOT17-02-FRCNN,426,1,44,129,v_to_u,1,430,130,44,1,44,1,
MOT17-02-FRCNN,427,2,44,129,v_to_u,1,96,130,44,2,44,2,
MOT17-02-FRCNN,428,3,44,129,v_to_u,1,316,130,44,3,44,3,
MOT17-02-FRCNN,429,4,44,129,v_to_u,1,202,130,44,4,44,4,
MOT17-02-FRCNN,430,6,44,129,v_to_u,1,282,130,44,6,44,6,
MOT17-02-FRCNN,431,7,44,129,v_to_u,1,76,130,44,7,44,7,
MOT17-02-FRCNN,432,8,44,129,v_to_u,1,200,130,44,8,44,8,
MOT17-02-FRCNN,433,9,44,129,v_to_u,1,17,130,44,9,44,9,
MOT17-02-FRCNN,434,12,44,129,v_to_u,1,93,130,44,12,44,12,
MOT17-02-FRCNN,435,13,44,129,v_to_u,1,264,130,44,13,44,13,
MOT17-02-FRCNN,436,14,44,129,v_to_u,1,231,130,44,14,44,14,
MOT17-02-FRCNN,437,15,44,129,v_to_u,1,164,130,44,15,44,15,
MOT17-02-FRCNN,438,16,44,129,v_to_u,1,194,130,44,16,44,16,
MOT17-02-FRCNN,439,19,44,129,v_to_u,1,28,130,44,19,44,19,
MOT17-02-FRCNN,440,20,44,129,v_to_u,1,249,130,44,20,44,20,
MOT17-02-FRCNN,441,22,44,129,v_to_u,1,123,130,44,22,44,22,
MOT17-02-FRCNN,442,24,44,129,v_to_u,1,471,130,44,24,44,24,
MOT17-02-FRCNN,443,27,44,129,v_to_u,1,142,130,44,27,44,27,
MOT17-02-FRCNN,444,29,44,129,v_to_u,1,25,130,44,29,44,29,
MOT17-02-FRCNN,445,31,44,129,v_to_u,1,242,130,44,31,44,31,
MOT17-02-FRCNN,446,32,44,129,v_to_u,1,209,130,44,32,44,32,
MOT17-02-FRCNN,447,36,44,129,v_to_u,1,280,130,44,36,44,36,
MOT17-02-FRCNN,448,37,44,129,v_to_u,1,115,130,44,37,44,37,
MOT17-02-FRCNN,449,38,44,129,v_to_u,1,315,130,44,38,44,38,
MOT17-02-FRCNN,450,40,44,129,v_to_u,1,285,130,44,40,44,40,
MOT17-02-FRCNN,451,43,44,129,v_to_u,1,128,130,44,43,44,43,
MOT17-02-FRCNN,452,1,47,141,v_to_u,1,418,142,47,1,47,1,
MOT17-02-FRCNN,453,2,47,141,v_to_u,1,84,142,47,2,47,2,
MOT17-02-FRCNN,454,3,47,141,v_to_u,1,304,142,47,3,47,3,
MOT17-02-FRCNN,455,4,47,141,v_to_u,1,190,142,47,4,47,4,
MOT17-02-FRCNN,456,6,47,141,v_to_u,1,270,142,47,6,47,6,
MOT17-02-FRCNN,457,7,47,141,v_to_u,1,64,142,47,7,47,7,
MOT17-02-FRCNN,458,8,47,141,v_to_u,1,188,142,47,8,47,8,
MOT17-02-FRCNN,459,9,47,141,v_to_u,1,5,142,47,9,47,9,
MOT17-02-FRCNN,460,12,47,141,v_to_u,1,81,142,47,12,47,12,
MOT17-02-FRCNN,461,13,47,141,v_to_u,1,252,142,47,13,47,13,
MOT17-02-FRCNN,462,14,47,141,v_to_u,1,219,142,47,14,47,14,
MOT17-02-FRCNN,463,15,47,141,v_to_u,1,152,142,47,15,47,15,
MOT17-02-FRCNN,464,16,47,141,v_to_u,1,182,142,47,16,47,16,
MOT17-02-FRCNN,465,19,47,141,v_to_u,1,16,142,47,19,47,19,
MOT17-02-FRCNN,466,20,47,141,v_to_u,1,237,142,47,20,47,20,
MOT17-02-FRCNN,467,22,47,141,v_to_u,1,111,142,47,22,47,22,
MOT17-02-FRCNN,468,24,47,141,v_to_u,1,459,142,47,24,47,24,
MOT17-02-FRCNN,469,27,47,141,v_to_u,1,130,142,47,27,47,27,
MOT17-02-FRCNN,470,29,47,141,v_to_u,1,13,142,47,29,47,29,
MOT17-02-FRCNN,471,31,47,141,v_to_u,1,230,142,47,31,47,31,
MOT17-02-FRCNN,472,32,47,141,v_to_u,1,197,142,47,32,47,32,
MOT17-02-FRCNN,473,36,47,141,v_to_u,1,268,142,47,36,47,36,
MOT17-02-FRCNN,474,37,47,141,v_to_u,1,103,142,47,37,47,37,
MOT17-02-FRCNN,475,38,47,141,v_to_u,1,303,142,47,38,47,38,
MOT17-02-FRCNN,476,40,47,141,v_to_u,1,273,142,47,40,47,40,
MOT17-02-FRCNN,477,43,47,141,v_to_u,1,116,142,47,43,47,43,
MOT17-02-FRCNN,478,45,47,141,v_to_u,1,11,142,47,45,47,45,
MOT17-02-FRCNN,479,46,47,141,v_to_u,1,164,142,47,46,47,46,
MOT17-02-FRCNN,480,1,49,143,v_to_u,1,416,144,49,1,49,1,
MOT17-02-FRCNN,481,2,49,143,v_to_u,1,82,144,49,2,49,2,
MOT17-02-FRCNN,482,3,49,143,v_to_u,1,302,144,49,3,49,3,
MOT17-02-FRCNN,483,4,49,143,v_to_u,1,188,144,49,4,49,4,
MOT17-02-FRCNN,484,6,49,143,v_to_u,1,268,144,49,6,49,6,
MOT17-02-FRCNN,485,7,49,143,v_to_u,1,62,144,49,7,49,7,
MOT17-02-FRCNN,486,8,49,143,v_to_u,1,186,144,49,8,49,8,
MOT17-02-FRCNN,487,9,49,143,v_to_u,1,3,144,49,9,49,9,
MOT17-02-FRCNN,488,12,49,143,v_to_u,1,79,144,49,12,49,12,
MOT17-02-FRCNN,489,13,49,143,v_to_u,1,250,144,49,13,49,13,
MOT17-02-FRCNN,490,14,49,143,v_to_u,1,217,144,49,14,49,14,
MOT17-02-FRCNN,491,15,49,143,v_to_u,1,150,144,49,15,49,15,
MOT17-02-FRCNN,492,16,49,143,v_to_u,1,180,144,49,16,49,16,
MOT17-02-FRCNN,493,19,49,143,v_to_u,1,14,144,49,19,49,19,
MOT17-02-FRCNN,494,20,49,143,v_to_u,1,235,144,49,20,49,20,
MOT17-02-FRCNN,495,22,49,143,v_to_u,1,109,144,49,22,49,22,
MOT17-02-FRCNN,496,24,49,143,v_to_u,1,457,144,49,24,49,24,
MOT17-02-FRCNN,497,27,49,143,v_to_u,1,128,144,49,27,49,27,
MOT17-02-FRCNN,498,29,49,143,v_to_u,1,11,144,49,29,49,29,
MOT17-02-FRCNN,499,31,49,143,v_to_u,1,228,144,49,31,49,31,
MOT17-02-FRCNN,500,32,49,143,v_to_u,1,195,144,49,32,49,32,
MOT17-02-FRCNN,501,36,49,143,v_to_u,1,266,144,49,36,49,36,
MOT17-02-FRCNN,502,37,49,143,v_to_u,1,101,144,49,37,49,37,
MOT17-02-FRCNN,503,38,49,143,v_to_u,1,301,144,49,38,49,38,
MOT17-02-FRCNN,504,40,49,143,v_to_u,1,271,144,49,40,49,40,
MOT17-02-FRCNN,505,43,49,143,v_to_u,1,114,144,49,43,49,43,
MOT17-02-FRCNN,506,45,49,143,v_to_u,1,9,144,49,45,49,45,
MOT17-02-FRCNN,507,46,49,143,v_to_u,1,162,144,49,46,49,46,
MOT17-02-FRCNN,508,48,49,143,v_to_u,1,302,144,49,48,49,48,
MOT17-02-FRCNN,509,1,50,145,v_to_u,1,414,146,50,1,50,1,
MOT17-02-FRCNN,510,2,50,145,v_to_u,1,80,146,50,2,50,2,
MOT17-02-FRCNN,511,3,50,145,v_to_u,1,300,146,50,3,50,3,
MOT17-02-FRCNN,512,4,50,145,v_to_u,1,186,146,50,4,50,4,
MOT17-02-FRCNN,513,6,50,145,v_to_u,1,266,146,50,6,50,6,
MOT17-02-FRCNN,514,7,50,145,v_to_u,1,60,146,50,7,50,7,
MOT17-02-FRCNN,515,8,50,145,v_to_u,1,184,146,50,8,50,8,
MOT17-02-FRCNN,516,9,50,145,v_to_u,1,1,146,50,9,50,9,
MOT17-02-FRCNN,517,12,50,145,v_to_u,1,77,146,50,12,50,12,
MOT17-02-FRCNN,518,13,50,145,v_to_u,1,248,146,50,13,50,13,
MOT17-02-FRCNN,519,14,50,145,v_to_u,1,215,146,50,14,50,14,
MOT17-02-FRCNN,520,15,50,145,v_to_u,1,148,146,50,15,50,15,
MOT17-02-FRCNN,521,16,50,145,v_to_u,1,178,146,50,16,50,16,
MOT17-02-FRCNN,522,19,50,145,v_to_u,1,12,146,50,19,50,19,
MOT17-02-FRCNN,523,20,50,145,v_to_u,1,233,146,50,20,50,20,
MOT17-02-FRCNN,524,22,50,145,v_to_u,1,107,146,50,22,50,22,
MOT17-02-FRCNN,525,24,50,145,v_to_u,1,455,146,50,24,50,24,
MOT17-02-FRCNN,526,27,50,145,v_to_u,1,126,146,50,27,50,27,
MOT17-02-FRCNN,527,29,50,145,v_to_u,1,9,146,50,29,50,29,
MOT17-02-FRCNN,528,31,50,145,v_to_u,1,226,146,50,31,50,31,
MOT17-02-FRCNN,529,32,50,145,v_to_u,1,193,146,50,32,50,32,
MOT17-02-FRCNN,530,36,50,145,v_to_u,1,264,146,50,36,50,36,
MOT17-02-FRCNN,531,37,50,145,v_to_u,1,99,146,50,37,50,37,
MOT17-02-FRCNN,532,38,50,145,v_to_u,1,299,146,50,38,50,38,
MOT17-02-FRCNN,533,40,50,145,v_to_u,1,269,146,50,40,50,40,
MOT17-02-FRCNN,534,43,50,145,v_to_u,1,112,146,50,43,50,43,
MOT17-02-FRCNN,535,45,50,145,v_to_u,1,7,146,50,45,50,45,
MOT17-02-FRCNN,536,46,50,145,v_to_u,1,160,146,50,46,50,46,
MOT17-02-FRCNN,537,48,50,145,v_to_u,1,300,146,50,48,50,48,
MOT17-02-FRCNN,538,1,9,146,v_to_u,1,413,147,9,1,9,1,
MOT17-02-FRCNN,539,2,9,146,v_to_u,1,79,147,9,2,9,2,
MOT17-02-FRCNN,540,3,9,146,v_to_u,1,299,147,9,3,9,3,
MOT17-02-FRCNN,541,4,9,146,v_to_u,1,185,147,9,4,9,4,
MOT17-02-FRCNN,542,6,9,146,v_to_u,1,265,147,9,6,9,6,
MOT17-02-FRCNN,543,7,9,146,v_to_u,1,59,147,9,7,9,7,
MOT17-02-FRCNN,544,8,9,146,v_to_u,1,183,147,9,8,9,8,
MOT17-02-FRCNN,545,9,12,146,u_to_v,1,76,147,9,12,9,12,
MOT17-02-FRCNN,546,9,13,146,u_to_v,1,247,147,9,13,9,13,
MOT17-02-FRCNN,547,9,14,146,u_to_v,1,214,147,9,14,9,14,
MOT17-02-FRCNN,548,9,15,146,u_to_v,1,147,147,9,15,9,15,
MOT17-02-FRCNN,549,9,16,146,u_to_v,1,177,147,9,16,9,16,
MOT17-02-FRCNN,550,9,19,146,u_to_v,1,11,147,9,19,9,19,
MOT17-02-FRCNN,551,9,20,146,u_to_v,1,232,147,9,20,9,20,
MOT17-02-FRCNN,552,9,22,146,u_to_v,1,106,147,9,22,9,22,
MOT17-02-FRCNN,553,9,24,146,u_to_v,1,454,147,9,24,9,24,
MOT17-02-FRCNN,554,9,27,146,u_to_v,1,125,147,9,27,9,27,
MOT17-02-FRCNN,555,9,29,146,u_to_v,1,8,147,9,29,9,29,
MOT17-02-FRCNN,556,9,31,146,u_to_v,1,225,147,9,31,9,31,
MOT17-02-FRCNN,557,9,32,146,u_to_v,1,192,147,9,32,9,32,
MOT17-02-FRCNN,558,9,36,146,u_to_v,1,263,147,9,36,9,36,
MOT17-02-FRCNN,559,9,37,146,u_to_v,1,98,147,9,37,9,37,
MOT17-02-FRCNN,560,9,38,146,u_to_v,1,298,147,9,38,9,38,
MOT17-02-FRCNN,561,9,40,146,u_to_v,1,268,147,9,40,9,40,
MOT17-02-FRCNN,562,9,43,146,u_to_v,1,111,147,9,43,9,43,
MOT17-02-FRCNN,563,9,45,146,u_to_v,1,6,147,9,45,9,45,
MOT17-02-FRCNN,564,9,46,146,u_to_v,1,159,147,9,46,9,46,
MOT17-02-FRCNN,565,9,48,146,u_to_v,1,299,147,9,48,9,48,
MOT17-02-FRCNN,566,1,45,152,v_to_u,1,407,153,45,1,45,1,
MOT17-02-FRCNN,567,2,45,152,v_to_u,1,73,153,45,2,45,2,
MOT17-02-FRCNN,568,3,45,152,v_to_u,1,293,153,45,3,45,3,
MOT17-02-FRCNN,569,4,45,152,v_to_u,1,179,153,45,4,45,4,
MOT17-02-FRCNN,570,6,45,152,v_to_u,1,259,153,45,6,45,6,
MOT17-02-FRCNN,571,7,45,152,v_to_u,1,53,153,45,7,45,7,
MOT17-02-FRCNN,572,8,45,152,v_to_u,1,177,153,45,8,45,8,
MOT17-02-FRCNN,573,12,45,152,v_to_u,1,70,153,45,12,45,12,
MOT17-02-FRCNN,574,13,45,152,v_to_u,1,241,153,45,13,45,13,
MOT17-02-FRCNN,575,14,45,152,v_to_u,1,208,153,45,14,45,14,
MOT17-02-FRCNN,576,15,45,152,v_to_u,1,141,153,45,15,45,15,
MOT17-02-FRCNN,577,16,45,152,v_to_u,1,171,153,45,16,45,16,
MOT17-02-FRCNN,578,19,45,152,v_to_u,1,5,153,45,19,45,19,
MOT17-02-FRCNN,579,20,45,152,v_to_u,1,226,153,45,20,45,20,
MOT17-02-FRCNN,580,22,45,152,v_to_u,1,100,153,45,22,45,22,
MOT17-02-FRCNN,581,24,45,152,v_to_u,1,448,153,45,24,45,24,
MOT17-02-FRCNN,582,27,45,152,v_to_u,1,119,153,45,27,45,27,
MOT17-02-FRCNN,583,29,45,152,v_to_u,1,2,153,45,29,45,29,
MOT17-02-FRCNN,584,31,45,152,v_to_u,1,219,153,45,31,45,31,
MOT17-02-FRCNN,585,32,45,152,v_to_u,1,186,153,45,32,45,32,
MOT17-02-FRCNN,586,36,45,152,v_to_u,1,257,153,45,36,45,36,
MOT17-02-FRCNN,587,37,45,152,v_to_u,1,92,153,45,37,45,37,
MOT17-02-FRCNN,588,38,45,152,v_to_u,1,292,153,45,38,45,38,
MOT17-02-FRCNN,589,40,45,152,v_to_u,1,262,153,45,40,45,40,
MOT17-02-FRCNN,590,43,45,152,v_to_u,1,105,153,45,43,45,43,
MOT17-02-FRCNN,591,45,46,152,u_to_v,1,153,153,45,46,45,46,
MOT17-02-FRCNN,592,45,48,152,u_to_v,1,293,153,45,48,45,48,
MOT17-02-FRCNN,593,45,51,152,u_to_v,1,24,153,45,51,45,51,
MOT17-02-FRCNN,594,1,52,153,v_to_u,1,406,154,52,1,52,1,
MOT17-02-FRCNN,595,2,52,153,v_to_u,1,72,154,52,2,52,2,
MOT17-02-FRCNN,596,3,52,153,v_to_u,1,292,154,52,3,52,3,
MOT17-02-FRCNN,597,4,52,153,v_to_u,1,178,154,52,4,52,4,
MOT17-02-FRCNN,598,6,52,153,v_to_u,1,258,154,52,6,52,6,
MOT17-02-FRCNN,599,7,52,153,v_to_u,1,52,154,52,7,52,7,
MOT17-02-FRCNN,600,8,52,153,v_to_u,1,176,154,52,8,52,8,
MOT17-02-FRCNN,601,12,52,153,v_to_u,1,69,154,52,12,52,12,
MOT17-02-FRCNN,602,13,52,153,v_to_u,1,240,154,52,13,52,13,
MOT17-02-FRCNN,603,14,52,153,v_to_u,1,207,154,52,14,52,14,
MOT17-02-FRCNN,604,15,52,153,v_to_u,1,140,154,52,15,52,15,
MOT17-02-FRCNN,605,16,52,153,v_to_u,1,170,154,52,16,52,16,
MOT17-02-FRCNN,606,19,52,153,v_to_u,1,4,154,52,19,52,19,
MOT17-02-FRCNN,607,20,52,153,v_to_u,1,225,154,52,20,52,20,
MOT17-02-FRCNN,608,22,52,153,v_to_u,1,99,154,52,22,52,22,
MOT17-02-FRCNN,609,24,52,153,v_to_u,1,447,154,52,24,52,24,
MOT17-02-FRCNN,610,27,52,153,v_to_u,1,118,154,52,27,52,27,
MOT17-02-FRCNN,611,29,52,153,v_to_u,1,1,154,52,29,52,29,
MOT17-02-FRCNN,612,31,52,153,v_to_u,1,218,154,52,31,52,31,
MOT17-02-FRCNN,613,32,52,153,v_to_u,1,185,154,52,32,52,32,
MOT17-02-FRCNN,614,36,52,153,v_to_u,1,256,154,52,36,52,36,
MOT17-02-FRCNN,615,37,52,153,v_to_u,1,91,154,52,37,52,37,
MOT17-02-FRCNN,616,38,52,153,v_to_u,1,291,154,52,38,52,38,
MOT17-02-FRCNN,617,40,52,153,v_to_u,1,261,154,52,40,52,40,
MOT17-02-FRCNN,618,43,52,153,v_to_u,1,104,154,52,43,52,43,
MOT17-02-FRCNN,619,46,52,153,v_to_u,1,152,154,52,46,52,46,
MOT17-02-FRCNN,620,48,52,153,v_to_u,1,292,154,52,48,52,48,
MOT17-02-FRCNN,621,51,52,153,v_to_u,1,23,154,52,51,52,51,
MOT17-02-FRCNN,622,1,29,154,v_to_u,1,405,155,29,1,29,1,
MOT17-02-FRCNN,623,2,29,154,v_to_u,1,71,155,29,2,29,2,
MOT17-02-FRCNN,624,3,29,154,v_to_u,1,291,155,29,3,29,3,
MOT17-02-FRCNN,625,4,29,154,v_to_u,1,177,155,29,4,29,4,
MOT17-02-FRCNN,626,6,29,154,v_to_u,1,257,155,29,6,29,6,
MOT17-02-FRCNN,627,7,29,154,v_to_u,1,51,155,29,7,29,7,
MOT17-02-FRCNN,628,8,29,154,v_to_u,1,175,155,29,8,29,8,
MOT17-02-FRCNN,629,12,29,154,v_to_u,1,68,155,29,12,29,12,
MOT17-02-FRCNN,630,13,29,154,v_to_u,1,239,155,29,13,29,13,
MOT17-02-FRCNN,631,14,29,154,v_to_u,1,206,155,29,14,29,14,
MOT17-02-FRCNN,632,15,29,154,v_to_u,1,139,155,29,15,29,15,
MOT17-02-FRCNN,633,16,29,154,v_to_u,1,169,155,29,16,29,16,
MOT17-02-FRCNN,634,19,29,154,v_to_u,1,3,155,29,19,29,19,
MOT17-02-FRCNN,635,20,29,154,v_to_u,1,224,155,29,20,29,20,
MOT17-02-FRCNN,636,22,29,154,v_to_u,1,98,155,29,22,29,22,
MOT17-02-FRCNN,637,24,29,154,v_to_u,1,446,155,29,24,29,24,
MOT17-02-FRCNN,638,27,29,154,v_to_u,1,117,155,29,27,29,27,
MOT17-02-FRCNN,639,29,31,154,u_to_v,1,217,155,29,31,29,31,
MOT17-02-FRCNN,640,29,32,154,u_to_v,1,184,155,29,32,29,32,
MOT17-02-FRCNN,641,29,36,154,u_to_v,1,255,155,29,36,29,36,
MOT17-02-FRCNN,642,29,37,154,u_to_v,1,90,155,29,37,29,37,
MOT17-02-FRCNN,643,29,38,154,u_to_v,1,290,155,29,38,29,38,
MOT17-02-FRCNN,644,29,40,154,u_to_v,1,260,155,29,40,29,40,
MOT17-02-FRCNN,645,29,43,154,u_to_v,1,103,155,29,43,29,43,
MOT17-02-FRCNN,646,29,46,154,u_to_v,1,151,155,29,46,29,46,
MOT17-02-FRCNN,647,29,48,154,u_to_v,1,291,155,29,48,29,48,
MOT17-02-FRCNN,648,29,51,154,u_to_v,1,22,155,29,51,29,51,
MOT17-02-FRCNN,649,29,53,154,u_to_v,1,212,155,29,53,29,53,
MOT17-02-FRCNN,650,1,19,157,v_to_u,1,402,158,19,1,19,1,
MOT17-02-FRCNN,651,2,19,157,v_to_u,1,68,158,19,2,19,2,
MOT17-02-FRCNN,652,3,19,157,v_to_u,1,288,158,19,3,19,3,
MOT17-02-FRCNN,653,4,19,157,v_to_u,1,174,158,19,4,19,4,
MOT17-02-FRCNN,654,6,19,157,v_to_u,1,254,158,19,6,19,6,
MOT17-02-FRCNN,655,7,19,157,v_to_u,1,48,158,19,7,19,7,
MOT17-02-FRCNN,656,8,19,157,v_to_u,1,172,158,19,8,19,8,
MOT17-02-FRCNN,657,12,19,157,v_to_u,1,65,158,19,12,19,12,
MOT17-02-FRCNN,658,13,19,157,v_to_u,1,236,158,19,13,19,13,
MOT17-02-FRCNN,659,14,19,157,v_to_u,1,203,158,19,14,19,14,
MOT17-02-FRCNN,660,15,19,157,v_to_u,1,136,158,19,15,19,15,
MOT17-02-FRCNN,661,16,19,157,v_to_u,1,166,158,19,16,19,16,
MOT17-02-FRCNN,662,19,20,157,u_to_v,1,221,158,19,20,19,20,
MOT17-02-FRCNN,663,19,22,157,u_to_v,1,95,158,19,22,19,22,
MOT17-02-FRCNN,664,19,24,157,u_to_v,1,443,158,19,24,19,24,
MOT17-02-FRCNN,665,19,27,157,u_to_v,1,114,158,19,27,19,27,
MOT17-02-FRCNN,666,19,31,157,u_to_v,1,214,158,19,31,19,31,
MOT17-02-FRCNN,667,19,32,157,u_to_v,1,181,158,19,32,19,32,
MOT17-02-FRCNN,668,19,36,157,u_to_v,1,252,158,19,36,19,36,
MOT17-02-FRCNN,669,19,37,157,u_to_v,1,87,158,19,37,19,37,
MOT17-02-FRCNN,670,19,38,157,u_to_v,1,287,158,19,38,19,38,
MOT17-02-FRCNN,671,19,40,157,u_to_v,1,257,158,19,40,19,40,
MOT17-02-FRCNN,672,19,43,157,u_to_v,1,100,158,19,43,19,43,
MOT17-02-FRCNN,673,19,46,157,u_to_v,1,148,158,19,46,19,46,
MOT17-02-FRCNN,674,19,48,157,u_to_v,1,288,158,19,48,19,48,
MOT17-02-FRCNN,675,19,51,157,u_to_v,1,19,158,19,51,19,51,
MOT17-02-FRCNN,676,19,53,157,u_to_v,1,209,158,19,53,19,53,
MOT17-02-FRCNN,677,1,51,176,v_to_u,1,383,177,51,1,51,1,
MOT17-02-FRCNN,678,2,51,176,v_to_u,1,49,177,51,2,51,2,
MOT17-02-FRCNN,679,3,51,176,v_to_u,1,269,177,51,3,51,3,
MOT17-02-FRCNN,680,4,51,176,v_to_u,1,155,177,51,4,51,4,
MOT17-02-FRCNN,681,6,51,176,v_to_u,1,235,177,51,6,51,6,
MOT17-02-FRCNN,682,7,51,176,v_to_u,1,29,177,51,7,51,7,
MOT17-02-FRCNN,683,8,51,176,v_to_u,1,153,177,51,8,51,8,
MOT17-02-FRCNN,684,12,51,176,v_to_u,1,46,177,51,12,51,12,
MOT17-02-FRCNN,685,13,51,176,v_to_u,1,217,177,51,13,51,13,
MOT17-02-FRCNN,686,14,51,176,v_to_u,1,184,177,51,14,51,14,
MOT17-02-FRCNN,687,15,51,176,v_to_u,1,117,177,51,15,51,15,
MOT17-02-FRCNN,688,16,51,176,v_to_u,1,147,177,51,16,51,16,
MOT17-02-FRCNN,689,20,51,176,v_to_u,1,202,177,51,20,51,20,
MOT17-02-FRCNN,690,22,51,176,v_to_u,1,76,177,51,22,51,22,
MOT17-02-FRCNN,691,24,51,176,v_to_u,1,424,177,51,24,51,24,
MOT17-02-FRCNN,692,27,51,176,v_to_u,1,95,177,51,27,51,27,
MOT17-02-FRCNN,693,31,51,176,v_to_u,1,195,177,51,31,51,31,
MOT17-02-FRCNN,694,32,51,176,v_to_u,1,162,177,51,32,51,32,
MOT17-02-FRCNN,695,36,51,176,v_to_u,1,233,177,51,36,51,36,
MOT17-02-FRCNN,696,37,51,176,v_to_u,1,68,177,51,37,51,37,
MOT17-02-FRCNN,697,38,51,176,v_to_u,1,268,177,51,38,51,38,
MOT17-02-FRCNN,698,40,51,176,v_to_u,1,238,177,51,40,51,40,
MOT17-02-FRCNN,699,43,51,176,v_to_u,1,81,177,51,43,51,43,
MOT17-02-FRCNN,700,46,51,176,v_to_u,1,129,177,51,46,51,46,
MOT17-02-FRCNN,701,48,51,176,v_to_u,1,269,177,51,48,51,48,
MOT17-02-FRCNN,702,51,53,176,u_to_v,1,190,177,51,53,51,53,
MOT17-02-FRCNN,703,51,54,176,u_to_v,1,32,177,51,54,51,54,
MOT17-02-FRCNN,704,51,55,176,u_to_v,1,29,177,51,55,51,55,
MOT17-02-FRCNN,705,1,56,184,v_to_u,1,375,185,56,1,56,1,
MOT17-02-FRCNN,706,2,56,184,v_to_u,1,41,185,56,2,56,2,
MOT17-02-FRCNN,707,3,56,184,v_to_u,1,261,185,56,3,56,3,
MOT17-02-FRCNN,708,4,56,184,v_to_u,1,147,185,56,4,56,4,
MOT17-02-FRCNN,709,6,56,184,v_to_u,1,227,185,56,6,56,6,
MOT17-02-FRCNN,710,7,56,184,v_to_u,1,21,185,56,7,56,7,
MOT17-02-FRCNN,711,8,56,184,v_to_u,1,145,185,56,8,56,8,
MOT17-02-FRCNN,712,12,56,184,v_to_u,1,38,185,56,12,56,12,
MOT17-02-FRCNN,713,13,56,184,v_to_u,1,209,185,56,13,56,13,
MOT17-02-FRCNN,714,14,56,184,v_to_u,1,176,185,56,14,56,14,
MOT17-02-FRCNN,715,15,56,184,v_to_u,1,109,185,56,15,56,15,
MOT17-02-FRCNN,716,16,56,184,v_to_u,1,139,185,56,16,56,16,
MOT17-02-FRCNN,717,20,56,184,v_to_u,1,194,185,56,20,56,20,
MOT17-02-FRCNN,718,22,56,184,v_to_u,1,68,185,56,22,56,22,
MOT17-02-FRCNN,719,24,56,184,v_to_u,1,416,185,56,24,56,24,
MOT17-02-FRCNN,720,27,56,184,v_to_u,1,87,185,56,27,56,27,
MOT17-02-FRCNN,721,31,56,184,v_to_u,1,187,185,56,31,56,31,
MOT17-02-FRCNN,722,32,56,184,v_to_u,1,154,185,56,32,56,32,
MOT17-02-FRCNN,723,36,56,184,v_to_u,1,225,185,56,36,56,36,
MOT17-02-FRCNN,724,37,56,184,v_to_u,1,60,185,56,37,56,37,
MOT17-02-FRCNN,725,38,56,184,v_to_u,1,260,185,56,38,56,38,
MOT17-02-FRCNN,726,40,56,184,v_to_u,1,230,185,56,40,56,40,
MOT17-02-FRCNN,727,43,56,184,v_to_u,1,73,185,56,43,56,43,
MOT17-02-FRCNN,728,46,56,184,v_to_u,1,121,185,56,46,56,46,
MOT17-02-FRCNN,729,48,56,184,v_to_u,1,261,185,56,48,56,48,
MOT17-02-FRCNN,730,53,56,184,v_to_u,1,182,185,56,53,56,53,
MOT17-02-FRCNN,731,54,56,184,v_to_u,1,24,185,56,54,56,54,
MOT17-02-FRCNN,732,55,56,184,v_to_u,1,21,185,56,55,56,55,
MOT17-02-FRCNN,733,1,7,205,v_to_u,1,354,206,7,1,7,1,
MOT17-02-FRCNN,734,1,55,205,v_to_u,1,354,206,55,1,55,1,
MOT17-02-FRCNN,735,2,7,205,v_to_u,1,20,206,7,2,7,2,
MOT17-02-FRCNN,736,2,55,205,v_to_u,1,20,206,55,2,55,2,
MOT17-02-FRCNN,737,3,7,205,v_to_u,1,240,206,7,3,7,3,
MOT17-02-FRCNN,738,3,55,205,v_to_u,1,240,206,55,3,55,3,
MOT17-02-FRCNN,739,4,7,205,v_to_u,1,126,206,7,4,7,4,
MOT17-02-FRCNN,740,4,55,205,v_to_u,1,126,206,55,4,55,4,
MOT17-02-FRCNN,741,6,7,205,v_to_u,1,206,206,7,6,7,6,
MOT17-02-FRCNN,742,6,55,205,v_to_u,1,206,206,55,6,55,6,
MOT17-02-FRCNN,743,7,8,205,u_to_v,1,124,206,7,8,7,8,
MOT17-02-FRCNN,744,7,12,205,u_to_v,1,17,206,7,12,7,12,
MOT17-02-FRCNN,745,7,13,205,u_to_v,1,188,206,7,13,7,13,
MOT17-02-FRCNN,746,7,14,205,u_to_v,1,155,206,7,14,7,14,
MOT17-02-FRCNN,747,7,15,205,u_to_v,1,88,206,7,15,7,15,
MOT17-02-FRCNN,748,7,16,205,u_to_v,1,118,206,7,16,7,16,
MOT17-02-FRCNN,749,7,20,205,u_to_v,1,173,206,7,20,7,20,
MOT17-02-FRCNN,750,7,22,205,u_to_v,1,47,206,7,22,7,22,
MOT17-02-FRCNN,751,7,24,205,u_to_v,1,395,206,7,24,7,24,
MOT17-02-FRCNN,752,7,27,205,u_to_v,1,66,206,7,27,7,27,
MOT17-02-FRCNN,753,7,31,205,u_to_v,1,166,206,7,31,7,31,
MOT17-02-FRCNN,754,7,32,205,u_to_v,1,133,206,7,32,7,32,
MOT17-02-FRCNN,755,7,36,205,u_to_v,1,204,206,7,36,7,36,
MOT17-02-FRCNN,756,7,37,205,u_to_v,1,39,206,7,37,7,37,
MOT17-02-FRCNN,757,7,38,205,u_to_v,1,239,206,7,38,7,38,
MOT17-02-FRCNN,758,7,40,205,u_to_v,1,209,206,7,40,7,40,
MOT17-02-FRCNN,759,7,43,205,u_to_v,1,52,206,7,43,7,43,
MOT17-02-FRCNN,760,7,46,205,u_to_v,1,100,206,7,46,7,46,
MOT17-02-FRCNN,761,7,48,205,u_to_v,1,240,206,7,48,7,48,
MOT17-02-FRCNN,762,7,53,205,u_to_v,1,161,206,7,53,7,53,
MOT17-02-FRCNN,763,7,54,205,u_to_v,1,3,206,7,54,7,54,
MOT17-02-FRCNN,764,7,57,205,u_to_v,1,214,206,7,57,7,57,
MOT17-02-FRCNN,765,7,58,205,u_to_v,1,15,206,7,58,7,58,
MOT17-02-FRCNN,766,7,59,205,u_to_v,1,103,206,7,59,7,59,
MOT17-02-FRCNN,767,8,55,205,v_to_u,1,124,206,55,8,55,8,
MOT17-02-FRCNN,768,12,55,205,v_to_u,1,17,206,55,12,55,12,
MOT17-02-FRCNN,769,13,55,205,v_to_u,1,188,206,55,13,55,13,
MOT17-02-FRCNN,770,14,55,205,v_to_u,1,155,206,55,14,55,14,
MOT17-02-FRCNN,771,15,55,205,v_to_u,1,88,206,55,15,55,15,
MOT17-02-FRCNN,772,16,55,205,v_to_u,1,118,206,55,16,55,16,
MOT17-02-FRCNN,773,20,55,205,v_to_u,1,173,206,55,20,55,20,
MOT17-02-FRCNN,774,22,55,205,v_to_u,1,47,206,55,22,55,22,
MOT17-02-FRCNN,775,24,55,205,v_to_u,1,395,206,55,24,55,24,
MOT17-02-FRCNN,776,27,55,205,v_to_u,1,66,206,55,27,55,27,
MOT17-02-FRCNN,777,31,55,205,v_to_u,1,166,206,55,31,55,31,
MOT17-02-FRCNN,778,32,55,205,v_to_u,1,133,206,55,32,55,32,
MOT17-02-FRCNN,779,36,55,205,v_to_u,1,204,206,55,36,55,36,
MOT17-02-FRCNN,780,37,55,205,v_to_u,1,39,206,55,37,55,37,
MOT17-02-FRCNN,781,38,55,205,v_to_u,1,239,206,55,38,55,38,
MOT17-02-FRCNN,782,40,55,205,v_to_u,1,209,206,55,40,55,40,
MOT17-02-FRCNN,783,43,55,205,v_to_u,1,52,206,55,43,55,43,
MOT17-02-FRCNN,784,46,55,205,v_to_u,1,100,206,55,46,55,46,
MOT17-02-FRCNN,785,48,55,205,v_to_u,1,240,206,55,48,55,48,
MOT17-02-FRCNN,786,53,55,205,v_to_u,1,161,206,55,53,55,53,
MOT17-02-FRCNN,787,54,55,205,v_to_u,1,3,206,55,54,55,54,
MOT17-02-FRCNN,788,55,57,205,u_to_v,1,214,206,55,57,55,57,
MOT17-02-FRCNN,789,55,58,205,u_to_v,1,15,206,55,58,55,58,
MOT17-02-FRCNN,790,55,59,205,u_to_v,1,103,206,55,59,55,59,
MOT17-02-FRCNN,791,1,54,208,v_to_u,1,351,209,54,1,54,1,
MOT17-02-FRCNN,792,2,54,208,v_to_u,1,17,209,54,2,54,2,
MOT17-02-FRCNN,793,3,54,208,v_to_u,1,237,209,54,3,54,3,
MOT17-02-FRCNN,794,4,54,208,v_to_u,1,123,209,54,4,54,4,
MOT17-02-FRCNN,795,6,54,208,v_to_u,1,203,209,54,6,54,6,
MOT17-02-FRCNN,796,8,54,208,v_to_u,1,121,209,54,8,54,8,
MOT17-02-FRCNN,797,12,54,208,v_to_u,1,14,209,54,12,54,12,
MOT17-02-FRCNN,798,13,54,208,v_to_u,1,185,209,54,13,54,13,
MOT17-02-FRCNN,799,14,54,208,v_to_u,1,152,209,54,14,54,14,
MOT17-02-FRCNN,800,15,54,208,v_to_u,1,85,209,54,15,54,15,
MOT17-02-FRCNN,801,16,54,208,v_to_u,1,115,209,54,16,54,16,
MOT17-02-FRCNN,802,20,54,208,v_to_u,1,170,209,54,20,54,20,
MOT17-02-FRCNN,803,22,54,208,v_to_u,1,44,209,54,22,54,22,
MOT17-02-FRCNN,804,24,54,208,v_to_u,1,392,209,54,24,54,24,
MOT17-02-FRCNN,805,27,54,208,v_to_u,1,63,209,54,27,54,27,
MOT17-02-FRCNN,806,31,54,208,v_to_u,1,163,209,54,31,54,31,
MOT17-02-FRCNN,807,32,54,208,v_to_u,1,130,209,54,32,54,32,
MOT17-02-FRCNN,808,36,54,208,v_to_u,1,201,209,54,36,54,36,
MOT17-02-FRCNN,809,37,54,208,v_to_u,1,36,209,54,37,54,37,
MOT17-02-FRCNN,810,38,54,208,v_to_u,1,236,209,54,38,54,38,
MOT17-02-FRCNN,811,40,54,208,v_to_u,1,206,209,54,40,54,40,
MOT17-02-FRCNN,812,43,54,208,v_to_u,1,49,209,54,43,54,43,
MOT17-02-FRCNN,813,46,54,208,v_to_u,1,97,209,54,46,54,46,
MOT17-02-FRCNN,814,48,54,208,v_to_u,1,237,209,54,48,54,48,
MOT17-02-FRCNN,815,53,54,208,v_to_u,1,158,209,54,53,54,53,
MOT17-02-FRCNN,816,54,57,208,u_to_v,1,211,209,54,57,54,57,
MOT17-02-FRCNN,817,54,58,208,u_to_v,1,12,209,54,58,54,58,
MOT17-02-FRCNN,818,54,59,208,u_to_v,1,100,209,54,59,54,59,
MOT17-02-FRCNN,819,54,60,208,u_to_v,1,195,209,54,60,54,60,
MOT17-02-FRCNN,820,1,62,215,v_to_u,1,344,216,62,1,62,1,
MOT17-02-FRCNN,821,2,62,215,v_to_u,1,10,216,62,2,62,2,
MOT17-02-FRCNN,822,3,62,215,v_to_u,1,230,216,62,3,62,3,
MOT17-02-FRCNN,823,4,62,215,v_to_u,1,116,216,62,4,62,4,
MOT17-02-FRCNN,824,6,62,215,v_to_u,1,196,216,62,6,62,6,
MOT17-02-FRCNN,825,8,62,215,v_to_u,1,114,216,62,8,62,8,
MOT17-02-FRCNN,826,12,62,215,v_to_u,1,7,216,62,12,62,12,
MOT17-02-FRCNN,827,13,62,215,v_to_u,1,178,216,62,13,62,13,
MOT17-02-FRCNN,828,14,62,215,v_to_u,1,145,216,62,14,62,14,
MOT17-02-FRCNN,829,15,62,215,v_to_u,1,78,216,62,15,62,15,
MOT17-02-FRCNN,830,16,62,215,v_to_u,1,108,216,62,16,62,16,
MOT17-02-FRCNN,831,20,62,215,v_to_u,1,163,216,62,20,62,20,
MOT17-02-FRCNN,832,22,62,215,v_to_u,1,37,216,62,22,62,22,
MOT17-02-FRCNN,833,24,62,215,v_to_u,1,385,216,62,24,62,24,
MOT17-02-FRCNN,834,27,62,215,v_to_u,1,56,216,62,27,62,27,
MOT17-02-FRCNN,835,31,62,215,v_to_u,1,156,216,62,31,62,31,
MOT17-02-FRCNN,836,32,62,215,v_to_u,1,123,216,62,32,62,32,
MOT17-02-FRCNN,837,36,62,215,v_to_u,1,194,216,62,36,62,36,
MOT17-02-FRCNN,838,37,62,215,v_to_u,1,29,216,62,37,62,37,
MOT17-02-FRCNN,839,38,62,215,v_to_u,1,229,216,62,38,62,38,
MOT17-02-FRCNN,840,40,62,215,v_to_u,1,199,216,62,40,62,40,
MOT17-02-FRCNN,841,43,62,215,v_to_u,1,42,216,62,43,62,43,
MOT17-02-FRCNN,842,46,62,215,v_to_u,1,90,216,62,46,62,46,
MOT17-02-FRCNN,843,48,62,215,v_to_u,1,230,216,62,48,62,48,
MOT17-02-FRCNN,844,53,62,215,v_to_u,1,151,216,62,53,62,53,
MOT17-02-FRCNN,845,57,62,215,v_to_u,1,204,216,62,57,62,57,
MOT17-02-FRCNN,846,58,62,215,v_to_u,1,5,216,62,58,62,58,
MOT17-02-FRCNN,847,59,62,215,v_to_u,1,93,216,62,59,62,59,
MOT17-02-FRCNN,848,60,62,215,v_to_u,1,188,216,62,60,62,60,
MOT17-02-FRCNN,849,61,62,215,v_to_u,1,67,216,62,61,62,61,
MOT17-02-FRCNN,850,62,63,215,u_to_v,1,34,216,62,63,62,63,
MOT17-02-FRCNN,851,62,64,215,u_to_v,1,10,216,62,64,62,64,
MOT17-02-FRCNN,852,1,58,220,v_to_u,1,339,221,58,1,58,1,
MOT17-02-FRCNN,853,2,58,220,v_to_u,1,5,221,58,2,58,2,
MOT17-02-FRCNN,854,3,58,220,v_to_u,1,225,221,58,3,58,3,
MOT17-02-FRCNN,855,4,58,220,v_to_u,1,111,221,58,4,58,4,
MOT17-02-FRCNN,856,6,58,220,v_to_u,1,191,221,58,6,58,6,
MOT17-02-FRCNN,857,8,58,220,v_to_u,1,109,221,58,8,58,8,
MOT17-02-FRCNN,858,12,58,220,v_to_u,1,2,221,58,12,58,12,
MOT17-02-FRCNN,859,13,58,220,v_to_u,1,173,221,58,13,58,13,
MOT17-02-FRCNN,860,14,58,220,v_to_u,1,140,221,58,14,58,14,
MOT17-02-FRCNN,861,15,58,220,v_to_u,1,73,221,58,15,58,15,
MOT17-02-FRCNN,862,16,58,220,v_to_u,1,103,221,58,16,58,16,
MOT17-02-FRCNN,863,20,58,220,v_to_u,1,158,221,58,20,58,20,
MOT17-02-FRCNN,864,22,58,220,v_to_u,1,32,221,58,22,58,22,
MOT17-02-FRCNN,865,24,58,220,v_to_u,1,380,221,58,24,58,24,
MOT17-02-FRCNN,866,27,58,220,v_to_u,1,51,221,58,27,58,27,
MOT17-02-FRCNN,867,31,58,220,v_to_u,1,151,221,58,31,58,31,
MOT17-02-FRCNN,868,32,58,220,v_to_u,1,118,221,58,32,58,32,
MOT17-02-FRCNN,869,36,58,220,v_to_u,1,189,221,58,36,58,36,
MOT17-02-FRCNN,870,37,58,220,v_to_u,1,24,221,58,37,58,37,
MOT17-02-FRCNN,871,38,58,220,v_to_u,1,224,221,58,38,58,38,
MOT17-02-FRCNN,872,40,58,220,v_to_u,1,194,221,58,40,58,40,
MOT17-02-FRCNN,873,43,58,220,v_to_u,1,37,221,58,43,58,43,
MOT17-02-FRCNN,874,46,58,220,v_to_u,1,85,221,58,46,58,46,
MOT17-02-FRCNN,875,48,58,220,v_to_u,1,225,221,58,48,58,48,
MOT17-02-FRCNN,876,53,58,220,v_to_u,1,146,221,58,53,58,53,
MOT17-02-FRCNN,877,57,58,220,v_to_u,1,199,221,58,57,58,57,
MOT17-02-FRCNN,878,58,59,220,u_to_v,1,88,221,58,59,58,59,
MOT17-02-FRCNN,879,58,60,220,u_to_v,1,183,221,58,60,58,60,
MOT17-02-FRCNN,880,58,61,220,u_to_v,1,62,221,58,61,58,61,
MOT17-02-FRCNN,881,58,63,220,u_to_v,1,29,221,58,63,58,63,
MOT17-02-FRCNN,882,58,64,220,u_to_v,1,5,221,58,64,58,64,
MOT17-02-FRCNN,883,58,65,220,u_to_v,1,380,221,58,65,58,65,
MOT17-02-FRCNN,884,1,66,221,v_to_u,1,338,222,66,1,66,1,
MOT17-02-FRCNN,885,2,66,221,v_to_u,1,4,222,66,2,66,2,
MOT17-02-FRCNN,886,3,66,221,v_to_u,1,224,222,66,3,66,3,
MOT17-02-FRCNN,887,4,66,221,v_to_u,1,110,222,66,4,66,4,
MOT17-02-FRCNN,888,6,66,221,v_to_u,1,190,222,66,6,66,6,
MOT17-02-FRCNN,889,8,66,221,v_to_u,1,108,222,66,8,66,8,
MOT17-02-FRCNN,890,12,66,221,v_to_u,1,1,222,66,12,66,12,
MOT17-02-FRCNN,891,13,66,221,v_to_u,1,172,222,66,13,66,13,
MOT17-02-FRCNN,892,14,66,221,v_to_u,1,139,222,66,14,66,14,
MOT17-02-FRCNN,893,15,66,221,v_to_u,1,72,222,66,15,66,15,
MOT17-02-FRCNN,894,16,66,221,v_to_u,1,102,222,66,16,66,16,
MOT17-02-FRCNN,895,20,66,221,v_to_u,1,157,222,66,20,66,20,
MOT17-02-FRCNN,896,22,66,221,v_to_u,1,31,222,66,22,66,22,
MOT17-02-FRCNN,897,24,66,221,v_to_u,1,379,222,66,24,66,24,
MOT17-02-FRCNN,898,27,66,221,v_to_u,1,50,222,66,27,66,27,
MOT17-02-FRCNN,899,31,66,221,v_to_u,1,150,222,66,31,66,31,
MOT17-02-FRCNN,900,32,66,221,v_to_u,1,117,222,66,32,66,32,
MOT17-02-FRCNN,901,36,66,221,v_to_u,1,188,222,66,36,66,36,
MOT17-02-FRCNN,902,37,66,221,v_to_u,1,23,222,66,37,66,37,
MOT17-02-FRCNN,903,38,66,221,v_to_u,1,223,222,66,38,66,38,
MOT17-02-FRCNN,904,40,66,221,v_to_u,1,193,222,66,40,66,40,
MOT17-02-FRCNN,905,43,66,221,v_to_u,1,36,222,66,43,66,43,
MOT17-02-FRCNN,906,46,66,221,v_to_u,1,84,222,66,46,66,46,
MOT17-02-FRCNN,907,48,66,221,v_to_u,1,224,222,66,48,66,48,
MOT17-02-FRCNN,908,53,66,221,v_to_u,1,145,222,66,53,66,53,
MOT17-02-FRCNN,909,57,66,221,v_to_u,1,198,222,66,57,66,57,
MOT17-02-FRCNN,910,59,66,221,v_to_u,1,87,222,66,59,66,59,
MOT17-02-FRCNN,911,60,66,221,v_to_u,1,182,222,66,60,66,60,
MOT17-02-FRCNN,912,61,66,221,v_to_u,1,61,222,66,61,66,61,
MOT17-02-FRCNN,913,63,66,221,v_to_u,1,28,222,66,63,66,63,
MOT17-02-FRCNN,914,64,66,221,v_to_u,1,4,222,66,64,66,64,
MOT17-02-FRCNN,915,65,66,221,v_to_u,1,379,222,66,65,66,65,
MOT17-02-FRCNN,916,1,12,222,v_to_u,1,337,223,12,1,12,1,
MOT17-02-FRCNN,917,2,12,222,v_to_u,1,3,223,12,2,12,2,
MOT17-02-FRCNN,918,3,12,222,v_to_u,1,223,223,12,3,12,3,
MOT17-02-FRCNN,919,4,12,222,v_to_u,1,109,223,12,4,12,4,
MOT17-02-FRCNN,920,6,12,222,v_to_u,1,189,223,12,6,12,6,
MOT17-02-FRCNN,921,8,12,222,v_to_u,1,107,223,12,8,12,8,
MOT17-02-FRCNN,922,12,13,222,u_to_v,1,171,223,12,13,12,13,
MOT17-02-FRCNN,923,12,14,222,u_to_v,1,138,223,12,14,12,14,
MOT17-02-FRCNN,924,12,15,222,u_to_v,1,71,223,12,15,12,15,
MOT17-02-FRCNN,925,12,16,222,u_to_v,1,101,223,12,16,12,16,
MOT17-02-FRCNN,926,12,20,222,u_to_v,1,156,223,12,20,12,20,
MOT17-02-FRCNN,927,12,22,222,u_to_v,1,30,223,12,22,12,22,
MOT17-02-FRCNN,928,12,24,222,u_to_v,1,378,223,12,24,12,24,
MOT17-02-FRCNN,929,12,27,222,u_to_v,1,49,223,12,27,12,27,
MOT17-02-FRCNN,930,12,31,222,u_to_v,1,149,223,12,31,12,31,
MOT17-02-FRCNN,931,12,32,222,u_to_v,1,116,223,12,32,12,32,
MOT17-02-FRCNN,932,12,36,222,u_to_v,1,187,223,12,36,12,36,
MOT17-02-FRCNN,933,12,37,222,u_to_v,1,22,223,12,37,12,37,
MOT17-02-FRCNN,934,12,38,222,u_to_v,1,222,223,12,38,12,38,
MOT17-02-FRCNN,935,12,40,222,u_to_v,1,192,223,12,40,12,40,
MOT17-02-FRCNN,936,12,43,222,u_to_v,1,35,223,12,43,12,43,
MOT17-02-FRCNN,937,12,46,222,u_to_v,1,83,223,12,46,12,46,
MOT17-02-FRCNN,938,12,48,222,u_to_v,1,223,223,12,48,12,48,
MOT17-02-FRCNN,939,12,53,222,u_to_v,1,144,223,12,53,12,53,
MOT17-02-FRCNN,940,12,57,222,u_to_v,1,197,223,12,57,12,57,
MOT17-02-FRCNN,941,12,59,222,u_to_v,1,86,223,12,59,12,59,
MOT17-02-FRCNN,942,12,60,222,u_to_v,1,181,223,12,60,12,60,
MOT17-02-FRCNN,943,12,61,222,u_to_v,1,60,223,12,61,12,61,
MOT17-02-FRCNN,944,12,63,222,u_to_v,1,27,223,12,63,12,63,
MOT17-02-FRCNN,945,12,64,222,u_to_v,1,3,223,12,64,12,64,
MOT17-02-FRCNN,946,12,65,222,u_to_v,1,378,223,12,65,12,65,
MOT17-02-FRCNN,947,1,2,225,v_to_u,1,334,226,2,1,2,1,
MOT17-02-FRCNN,948,1,64,225,v_to_u,1,334,226,64,1,64,1,
MOT17-02-FRCNN,949,2,3,225,u_to_v,1,220,226,2,3,2,3,
MOT17-02-FRCNN,950,2,4,225,u_to_v,1,106,226,2,4,2,4,
MOT17-02-FRCNN,951,2,6,225,u_to_v,1,186,226,2,6,2,6,
MOT17-02-FRCNN,952,2,8,225,u_to_v,1,104,226,2,8,2,8,
MOT17-02-FRCNN,953,2,13,225,u_to_v,1,168,226,2,13,2,13,
MOT17-02-FRCNN,954,2,14,225,u_to_v,1,135,226,2,14,2,14,
MOT17-02-FRCNN,955,2,15,225,u_to_v,1,68,226,2,15,2,15,
MOT17-02-FRCNN,956,2,16,225,u_to_v,1,98,226,2,16,2,16,
MOT17-02-FRCNN,957,2,20,225,u_to_v,1,153,226,2,20,2,20,
MOT17-02-FRCNN,958,2,22,225,u_to_v,1,27,226,2,22,2,22,
MOT17-02-FRCNN,959,2,24,225,u_to_v,1,375,226,2,24,2,24,
MOT17-02-FRCNN,960,2,27,225,u_to_v,1,46,226,2,27,2,27,
MOT17-02-FRCNN,961,2,31,225,u_to_v,1,146,226,2,31,2,31,
MOT17-02-FRCNN,962,2,32,225,u_to_v,1,113,226,2,32,2,32,
MOT17-02-FRCNN,963,2,36,225,u_to_v,1,184,226,2,36,2,36,
MOT17-02-FRCNN,964,2,37,225,u_to_v,1,19,226,2,37,2,37,
MOT17-02-FRCNN,965,2,38,225,u_to_v,1,219,226,2,38,2,38,
MOT17-02-FRCNN,966,2,40,225,u_to_v,1,189,226,2,40,2,40,
MOT17-02-FRCNN,967,2,43,225,u_to_v,1,32,226,2,43,2,43,
MOT17-02-FRCNN,968,2,46,225,u_to_v,1,80,226,2,46,2,46,
MOT17-02-FRCNN,969,2,48,225,u_to_v,1,220,226,2,48,2,48,
MOT17-02-FRCNN,970,2,53,225,u_to_v,1,141,226,2,53,2,53,
MOT17-02-FRCNN,971,2,57,225,u_to_v,1,194,226,2,57,2,57,
MOT17-02-FRCNN,972,2,59,225,u_to_v,1,83,226,2,59,2,59,
MOT17-02-FRCNN,973,2,60,225,u_to_v,1,178,226,2,60,2,60,
MOT17-02-FRCNN,974,2,61,225,u_to_v,1,57,226,2,61,2,61,
MOT17-02-FRCNN,975,2,63,225,u_to_v,1,24,226,2,63,2,63,
MOT17-02-FRCNN,976,2,65,225,u_to_v,1,375,226,2,65,2,65,
MOT17-02-FRCNN,977,2,67,225,u_to_v,1,165,226,2,67,2,67,
MOT17-02-FRCNN,978,3,64,225,v_to_u,1,220,226,64,3,64,3,
MOT17-02-FRCNN,979,4,64,225,v_to_u,1,106,226,64,4,64,4,
MOT17-02-FRCNN,980,6,64,225,v_to_u,1,186,226,64,6,64,6,
MOT17-02-FRCNN,981,8,64,225,v_to_u,1,104,226,64,8,64,8,
MOT17-02-FRCNN,982,13,64,225,v_to_u,1,168,226,64,13,64,13,
MOT17-02-FRCNN,983,14,64,225,v_to_u,1,135,226,64,14,64,14,
MOT17-02-FRCNN,984,15,64,225,v_to_u,1,68,226,64,15,64,15,
MOT17-02-FRCNN,985,16,64,225,v_to_u,1,98,226,64,16,64,16,
MOT17-02-FRCNN,986,20,64,225,v_to_u,1,153,226,64,20,64,20,
MOT17-02-FRCNN,987,22,64,225,v_to_u,1,27,226,64,22,64,22,
MOT17-02-FRCNN,988,24,64,225,v_to_u,1,375,226,64,24,64,24,
MOT17-02-FRCNN,989,27,64,225,v_to_u,1,46,226,64,27,64,27,
MOT17-02-FRCNN,990,31,64,225,v_to_u,1,146,226,64,31,64,31,
MOT17-02-FRCNN,991,32,64,225,v_to_u,1,113,226,64,32,64,32,
MOT17-02-FRCNN,992,36,64,225,v_to_u,1,184,226,64,36,64,36,
MOT17-02-FRCNN,993,37,64,225,v_to_u,1,19,226,64,37,64,37,
MOT17-02-FRCNN,994,38,64,225,v_to_u,1,219,226,64,38,64,38,
MOT17-02-FRCNN,995,40,64,225,v_to_u,1,189,226,64,40,64,40,
MOT17-02-FRCNN,996,43,64,225,v_to_u,1,32,226,64,43,64,43,
MOT17-02-FRCNN,997,46,64,225,v_to_u,1,80,226,64,46,64,46,
MOT17-02-FRCNN,998,48,64,225,v_to_u,1,220,226,64,48,64,48,
MOT17-02-FRCNN,999,53,64,225,v_to_u,1,141,226,64,53,64,53,
MOT17-02-FRCNN,1000,57,64,225,v_to_u,1,194,226,64,57,64,57,
MOT17-02-FRCNN,1001,59,64,225,v_to_u,1,83,226,64,59,64,59,
MOT17-02-FRCNN,1002,60,64,225,v_to_u,1,178,226,64,60,64,60,
MOT17-02-FRCNN,1003,61,64,225,v_to_u,1,57,226,64,61,64,61,
MOT17-02-FRCNN,1004,63,64,225,v_to_u,1,24,226,64,63,64,63,
MOT17-02-FRCNN,1005,64,65,225,u_to_v,1,375,226,64,65,64,65,
MOT17-02-FRCNN,1006,64,67,225,u_to_v,1,165,226,64,67,64,67,
MOT17-02-FRCNN,1007,1,68,227,v_to_u,1,332,228,68,1,68,1,
MOT17-02-FRCNN,1008,3,68,227,v_to_u,1,218,228,68,3,68,3,
MOT17-02-FRCNN,1009,4,68,227,v_to_u,1,104,228,68,4,68,4,
MOT17-02-FRCNN,1010,6,68,227,v_to_u,1,184,228,68,6,68,6,
MOT17-02-FRCNN,1011,8,68,227,v_to_u,1,102,228,68,8,68,8,
MOT17-02-FRCNN,1012,13,68,227,v_to_u,1,166,228,68,13,68,13,
MOT17-02-FRCNN,1013,14,68,227,v_to_u,1,133,228,68,14,68,14,
MOT17-02-FRCNN,1014,15,68,227,v_to_u,1,66,228,68,15,68,15,
MOT17-02-FRCNN,1015,16,68,227,v_to_u,1,96,228,68,16,68,16,
MOT17-02-FRCNN,1016,20,68,227,v_to_u,1,151,228,68,20,68,20,
MOT17-02-FRCNN,1017,22,68,227,v_to_u,1,25,228,68,22,68,22,
MOT17-02-FRCNN,1018,24,68,227,v_to_u,1,373,228,68,24,68,24,
MOT17-02-FRCNN,1019,27,68,227,v_to_u,1,44,228,68,27,68,27,
MOT17-02-FRCNN,1020,31,68,227,v_to_u,1,144,228,68,31,68,31,
MOT17-02-FRCNN,1021,32,68,227,v_to_u,1,111,228,68,32,68,32,
MOT17-02-FRCNN,1022,36,68,227,v_to_u,1,182,228,68,36,68,36,
MOT17-02-FRCNN,1023,37,68,227,v_to_u,1,17,228,68,37,68,37,
MOT17-02-FRCNN,1024,38,68,227,v_to_u,1,217,228,68,38,68,38,
MOT17-02-FRCNN,1025,40,68,227,v_to_u,1,187,228,68,40,68,40,
MOT17-02-FRCNN,1026,43,68,227,v_to_u,1,30,228,68,43,68,43,
MOT17-02-FRCNN,1027,46,68,227,v_to_u,1,78,228,68,46,68,46,
MOT17-02-FRCNN,1028,48,68,227,v_to_u,1,218,228,68,48,68,48,
MOT17-02-FRCNN,1029,53,68,227,v_to_u,1,139,228,68,53,68,53,
MOT17-02-FRCNN,1030,57,68,227,v_to_u,1,192,228,68,57,68,57,
MOT17-02-FRCNN,1031,59,68,227,v_to_u,1,81,228,68,59,68,59,
MOT17-02-FRCNN,1032,60,68,227,v_to_u,1,176,228,68,60,68,60,
MOT17-02-FRCNN,1033,61,68,227,v_to_u,1,55,228,68,61,68,61,
MOT17-02-FRCNN,1034,63,68,227,v_to_u,1,22,228,68,63,68,63,
MOT17-02-FRCNN,1035,65,68,227,v_to_u,1,373,228,68,65,68,65,
MOT17-02-FRCNN,1036,67,68,227,v_to_u,1,163,228,68,67,68,67,
MOT17-02-FRCNN,1037,22,31,229,u_to_v,1,142,259,22,31,22,31,
MOT17-02-FRCNN,1038,22,31,229,v_to_u,1,23,230,31,22,31,22,
MOT17-02-FRCNN,1039,31,37,229,u_to_v,1,15,230,31,37,31,37,
MOT17-02-FRCNN,1040,31,37,229,v_to_u,1,142,259,37,31,37,31,
MOT17-02-FRCNN,1041,31,43,229,u_to_v,1,28,230,31,43,31,43,
MOT17-02-FRCNN,1042,31,43,229,v_to_u,1,142,259,43,31,43,31,
MOT17-02-FRCNN,1043,31,63,229,u_to_v,1,20,230,31,63,31,63,
MOT17-02-FRCNN,1044,31,63,229,v_to_u,1,142,259,63,31,63,31,
MOT17-02-FRCNN,1045,1,70,233,v_to_u,1,326,234,70,1,70,1,
MOT17-02-FRCNN,1046,3,70,233,v_to_u,1,212,234,70,3,70,3,
MOT17-02-FRCNN,1047,4,70,233,v_to_u,1,98,234,70,4,70,4,
MOT17-02-FRCNN,1048,6,70,233,v_to_u,1,178,234,70,6,70,6,
MOT17-02-FRCNN,1049,8,70,233,v_to_u,1,96,234,70,8,70,8,
MOT17-02-FRCNN,1050,13,70,233,v_to_u,1,160,234,70,13,70,13,
MOT17-02-FRCNN,1051,14,70,233,v_to_u,1,127,234,70,14,70,14,
MOT17-02-FRCNN,1052,15,70,233,v_to_u,1,60,234,70,15,70,15,
MOT17-02-FRCNN,1053,16,70,233,v_to_u,1,90,234,70,16,70,16,
MOT17-02-FRCNN,1054,20,70,233,v_to_u,1,145,234,70,20,70,20,
MOT17-02-FRCNN,1055,22,70,233,v_to_u,1,19,234,70,22,70,22,
MOT17-02-FRCNN,1056,24,70,233,v_to_u,1,367,234,70,24,70,24,
MOT17-02-FRCNN,1057,27,70,233,v_to_u,1,38,234,70,27,70,27,
MOT17-02-FRCNN,1058,32,70,233,v_to_u,1,105,234,70,32,70,32,
MOT17-02-FRCNN,1059,36,70,233,v_to_u,1,176,234,70,36,70,36,
MOT17-02-FRCNN,1060,37,70,233,v_to_u,1,11,234,70,37,70,37,
MOT17-02-FRCNN,1061,38,70,233,v_to_u,1,211,234,70,38,70,38,
MOT17-02-FRCNN,1062,40,70,233,v_to_u,1,181,234,70,40,70,40,
MOT17-02-FRCNN,1063,43,70,233,v_to_u,1,24,234,70,43,70,43,
MOT17-02-FRCNN,1064,46,70,233,v_to_u,1,72,234,70,46,70,46,
MOT17-02-FRCNN,1065,48,70,233,v_to_u,1,212,234,70,48,70,48,
MOT17-02-FRCNN,1066,53,70,233,v_to_u,1,133,234,70,53,70,53,
MOT17-02-FRCNN,1067,57,70,233,v_to_u,1,186,234,70,57,70,57,
MOT17-02-FRCNN,1068,59,70,233,v_to_u,1,75,234,70,59,70,59,
MOT17-02-FRCNN,1069,60,70,233,v_to_u,1,170,234,70,60,70,60,
MOT17-02-FRCNN,1070,61,70,233,v_to_u,1,49,234,70,61,70,61,
MOT17-02-FRCNN,1071,63,70,233,v_to_u,1,16,234,70,63,70,63,
MOT17-02-FRCNN,1072,65,70,233,v_to_u,1,367,234,70,65,70,65,
MOT17-02-FRCNN,1073,67,70,233,v_to_u,1,157,234,70,67,70,67,
MOT17-02-FRCNN,1074,69,70,233,v_to_u,1,198,234,70,69,70,69,
MOT17-02-FRCNN,1075,1,71,238,v_to_u,1,321,239,71,1,71,1,
MOT17-02-FRCNN,1076,3,71,238,v_to_u,1,207,239,71,3,71,3,
MOT17-02-FRCNN,1077,4,71,238,v_to_u,1,93,239,71,4,71,4,
MOT17-02-FRCNN,1078,6,71,238,v_to_u,1,173,239,71,6,71,6,
MOT17-02-FRCNN,1079,8,71,238,v_to_u,1,91,239,71,8,71,8,
MOT17-02-FRCNN,1080,13,71,238,v_to_u,1,155,239,71,13,71,13,
MOT17-02-FRCNN,1081,14,71,238,v_to_u,1,122,239,71,14,71,14,
MOT17-02-FRCNN,1082,15,71,238,v_to_u,1,55,239,71,15,71,15,
MOT17-02-FRCNN,1083,16,71,238,v_to_u,1,85,239,71,16,71,16,
MOT17-02-FRCNN,1084,20,71,238,v_to_u,1,140,239,71,20,71,20,
MOT17-02-FRCNN,1085,22,71,238,v_to_u,1,14,239,71,22,71,22,
MOT17-02-FRCNN,1086,24,71,238,v_to_u,1,362,239,71,24,71,24,
MOT17-02-FRCNN,1087,27,71,238,v_to_u,1,33,239,71,27,71,27,
MOT17-02-FRCNN,1088,32,71,238,v_to_u,1,100,239,71,32,71,32,
MOT17-02-FRCNN,1089,36,71,238,v_to_u,1,171,239,71,36,71,36,
MOT17-02-FRCNN,1090,37,71,238,v_to_u,1,6,239,71,37,71,37,
MOT17-02-FRCNN,1091,38,71,238,v_to_u,1,206,239,71,38,71,38,
MOT17-02-FRCNN,1092,40,71,238,v_to_u,1,176,239,71,40,71,40,
MOT17-02-FRCNN,1093,43,71,238,v_to_u,1,19,239,71,43,71,43,
MOT17-02-FRCNN,1094,46,71,238,v_to_u,1,67,239,71,46,71,46,
MOT17-02-FRCNN,1095,48,71,238,v_to_u,1,207,239,71,48,71,48,
MOT17-02-FRCNN,1096,53,71,238,v_to_u,1,128,239,71,53,71,53,
MOT17-02-FRCNN,1097,57,71,238,v_to_u,1,181,239,71,57,71,57,
MOT17-02-FRCNN,1098,59,71,238,v_to_u,1,70,239,71,59,71,59,
MOT17-02-FRCNN,1099,60,71,238,v_to_u,1,165,239,71,60,71,60,
MOT17-02-FRCNN,1100,61,71,238,v_to_u,1,44,239,71,61,71,61,
MOT17-02-FRCNN,1101,63,71,238,v_to_u,1,11,239,71,63,71,63,
MOT17-02-FRCNN,1102,65,71,238,v_to_u,1,362,239,71,65,71,65,
MOT17-02-FRCNN,1103,67,71,238,v_to_u,1,152,239,71,67,71,67,
MOT17-02-FRCNN,1104,69,71,238,v_to_u,1,193,239,71,69,71,69,
MOT17-02-FRCNN,1105,1,72,239,v_to_u,1,320,240,72,1,72,1,
MOT17-02-FRCNN,1106,3,72,239,v_to_u,1,206,240,72,3,72,3,
MOT17-02-FRCNN,1107,4,72,239,v_to_u,1,92,240,72,4,72,4,
MOT17-02-FRCNN,1108,6,72,239,v_to_u,1,172,240,72,6,72,6,
MOT17-02-FRCNN,1109,8,72,239,v_to_u,1,90,240,72,8,72,8,
MOT17-02-FRCNN,1110,13,72,239,v_to_u,1,154,240,72,13,72,13,
MOT17-02-FRCNN,1111,14,72,239,v_to_u,1,121,240,72,14,72,14,
MOT17-02-FRCNN,1112,15,72,239,v_to_u,1,54,240,72,15,72,15,
MOT17-02-FRCNN,1113,16,72,239,v_to_u,1,84,240,72,16,72,16,
MOT17-02-FRCNN,1114,20,72,239,v_to_u,1,139,240,72,20,72,20,
MOT17-02-FRCNN,1115,22,72,239,v_to_u,1,13,240,72,22,72,22,
MOT17-02-FRCNN,1116,24,72,239,v_to_u,1,361,240,72,24,72,24,
MOT17-02-FRCNN,1117,27,72,239,v_to_u,1,32,240,72,27,72,27,
MOT17-02-FRCNN,1118,32,72,239,v_to_u,1,99,240,72,32,72,32,
MOT17-02-FRCNN,1119,36,72,239,v_to_u,1,170,240,72,36,72,36,
MOT17-02-FRCNN,1120,37,72,239,v_to_u,1,5,240,72,37,72,37,
MOT17-02-FRCNN,1121,38,72,239,v_to_u,1,205,240,72,38,72,38,
MOT17-02-FRCNN,1122,40,72,239,v_to_u,1,175,240,72,40,72,40,
MOT17-02-FRCNN,1123,43,72,239,v_to_u,1,18,240,72,43,72,43,
MOT17-02-FRCNN,1124,46,72,239,v_to_u,1,66,240,72,46,72,46,
MOT17-02-FRCNN,1125,48,72,239,v_to_u,1,206,240,72,48,72,48,
MOT17-02-FRCNN,1126,53,72,239,v_to_u,1,127,240,72,53,72,53,
MOT17-02-FRCNN,1127,57,72,239,v_to_u,1,180,240,72,57,72,57,
MOT17-02-FRCNN,1128,59,72,239,v_to_u,1,69,240,72,59,72,59,
MOT17-02-FRCNN,1129,60,72,239,v_to_u,1,164,240,72,60,72,60,
MOT17-02-FRCNN,1130,61,72,239,v_to_u,1,43,240,72,61,72,61,
MOT17-02-FRCNN,1131,63,72,239,v_to_u,1,10,240,72,63,72,63,
MOT17-02-FRCNN,1132,65,72,239,v_to_u,1,361,240,72,65,72,65,
MOT17-02-FRCNN,1133,67,72,239,v_to_u,1,151,240,72,67,72,67,
MOT17-02-FRCNN,1134,69,72,239,v_to_u,1,192,240,72,69,72,69,
MOT17-02-FRCNN,1135,1,37,244,v_to_u,1,315,245,37,1,37,1,
MOT17-02-FRCNN,1136,3,37,244,v_to_u,1,201,245,37,3,37,3,
MOT17-02-FRCNN,1137,4,37,244,v_to_u,1,87,245,37,4,37,4,
MOT17-02-FRCNN,1138,6,37,244,v_to_u,1,167,245,37,6,37,6,
MOT17-02-FRCNN,1139,8,37,244,v_to_u,1,85,245,37,8,37,8,
MOT17-02-FRCNN,1140,13,37,244,v_to_u,1,149,245,37,13,37,13,
MOT17-02-FRCNN,1141,14,37,244,v_to_u,1,116,245,37,14,37,14,
MOT17-02-FRCNN,1142,15,37,244,v_to_u,1,49,245,37,15,37,15,
MOT17-02-FRCNN,1143,16,37,244,v_to_u,1,79,245,37,16,37,16,
MOT17-02-FRCNN,1144,20,37,244,v_to_u,1,134,245,37,20,37,20,
MOT17-02-FRCNN,1145,22,37,244,v_to_u,1,8,245,37,22,37,22,
MOT17-02-FRCNN,1146,24,37,244,v_to_u,1,356,245,37,24,37,24,
MOT17-02-FRCNN,1147,27,37,244,v_to_u,1,27,245,37,27,37,27,
MOT17-02-FRCNN,1148,32,37,244,v_to_u,1,94,245,37,32,37,32,
MOT17-02-FRCNN,1149,36,37,244,v_to_u,1,165,245,37,36,37,36,
MOT17-02-FRCNN,1150,37,38,244,u_to_v,1,200,245,37,38,37,38,
MOT17-02-FRCNN,1151,37,40,244,u_to_v,1,170,245,37,40,37,40,
MOT17-02-FRCNN,1152,37,43,244,u_to_v,1,13,245,37,43,37,43,
MOT17-02-FRCNN,1153,37,46,244,u_to_v,1,61,245,37,46,37,46,
MOT17-02-FRCNN,1154,37,48,244,u_to_v,1,201,245,37,48,37,48,
MOT17-02-FRCNN,1155,37,53,244,u_to_v,1,122,245,37,53,37,53,
MOT17-02-FRCNN,1156,37,57,244,u_to_v,1,175,245,37,57,37,57,
MOT17-02-FRCNN,1157,37,59,244,u_to_v,1,64,245,37,59,37,59,
MOT17-02-FRCNN,1158,37,60,244,u_to_v,1,159,245,37,60,37,60,
MOT17-02-FRCNN,1159,37,61,244,u_to_v,1,38,245,37,61,37,61,
MOT17-02-FRCNN,1160,37,63,244,u_to_v,1,5,245,37,63,37,63,
MOT17-02-FRCNN,1161,37,65,244,u_to_v,1,356,245,37,65,37,65,
MOT17-02-FRCNN,1162,37,67,244,u_to_v,1,146,245,37,67,37,67,
MOT17-02-FRCNN,1163,37,69,244,u_to_v,1,187,245,37,69,37,69,
MOT17-02-FRCNN,1164,1,63,249,v_to_u,1,310,250,63,1,63,1,
MOT17-02-FRCNN,1165,3,63,249,v_to_u,1,196,250,63,3,63,3,
MOT17-02-FRCNN,1166,4,63,249,v_to_u,1,82,250,63,4,63,4,
MOT17-02-FRCNN,1167,6,63,249,v_to_u,1,162,250,63,6,63,6,
MOT17-02-FRCNN,1168,8,63,249,v_to_u,1,80,250,63,8,63,8,
MOT17-02-FRCNN,1169,13,63,249,v_to_u,1,144,250,63,13,63,13,
MOT17-02-FRCNN,1170,14,63,249,v_to_u,1,111,250,63,14,63,14,
MOT17-02-FRCNN,1171,15,63,249,v_to_u,1,44,250,63,15,63,15,
MOT17-02-FRCNN,1172,16,63,249,v_to_u,1,74,250,63,16,63,16,
MOT17-02-FRCNN,1173,20,63,249,v_to_u,1,129,250,63,20,63,20,
MOT17-02-FRCNN,1174,22,63,249,v_to_u,1,3,250,63,22,63,22,
MOT17-02-FRCNN,1175,24,63,249,v_to_u,1,351,250,63,24,63,24,
MOT17-02-FRCNN,1176,27,63,249,v_to_u,1,22,250,63,27,63,27,
MOT17-02-FRCNN,1177,32,63,249,v_to_u,1,89,250,63,32,63,32,
MOT17-02-FRCNN,1178,36,63,249,v_to_u,1,160,250,63,36,63,36,
MOT17-02-FRCNN,1179,38,63,249,v_to_u,1,195,250,63,38,63,38,
MOT17-02-FRCNN,1180,40,63,249,v_to_u,1,165,250,63,40,63,40,
MOT17-02-FRCNN,1181,43,63,249,v_to_u,1,8,250,63,43,63,43,
MOT17-02-FRCNN,1182,46,63,249,v_to_u,1,56,250,63,46,63,46,
MOT17-02-FRCNN,1183,48,63,249,v_to_u,1,196,250,63,48,63,48,
MOT17-02-FRCNN,1184,53,63,249,v_to_u,1,117,250,63,53,63,53,
MOT17-02-FRCNN,1185,57,63,249,v_to_u,1,170,250,63,57,63,57,
MOT17-02-FRCNN,1186,59,63,249,v_to_u,1,59,250,63,59,63,59,
MOT17-02-FRCNN,1187,60,63,249,v_to_u,1,154,250,63,60,63,60,
MOT17-02-FRCNN,1188,61,63,249,v_to_u,1,33,250,63,61,63,61,
MOT17-02-FRCNN,1189,63,65,249,u_to_v,1,351,250,63,65,63,65,
MOT17-02-FRCNN,1190,63,67,249,u_to_v,1,141,250,63,67,63,67,
MOT17-02-FRCNN,1191,63,69,249,u_to_v,1,182,250,63,69,63,69,
MOT17-02-FRCNN,1192,1,22,252,v_to_u,1,307,253,22,1,22,1,
MOT17-02-FRCNN,1193,3,22,252,v_to_u,1,193,253,22,3,22,3,
MOT17-02-FRCNN,1194,4,22,252,v_to_u,1,79,253,22,4,22,4,
MOT17-02-FRCNN,1195,6,22,252,v_to_u,1,159,253,22,6,22,6,
MOT17-02-FRCNN,1196,8,22,252,v_to_u,1,77,253,22,8,22,8,
MOT17-02-FRCNN,1197,13,22,252,v_to_u,1,141,253,22,13,22,13,
MOT17-02-FRCNN,1198,14,22,252,v_to_u,1,108,253,22,14,22,14,
MOT17-02-FRCNN,1199,15,22,252,v_to_u,1,41,253,22,15,22,15,
MOT17-02-FRCNN,1200,16,22,252,v_to_u,1,71,253,22,16,22,16,
MOT17-02-FRCNN,1201,20,22,252,v_to_u,1,126,253,22,20,22,20,
MOT17-02-FRCNN,1202,22,24,252,u_to_v,1,348,253,22,24,22,24,
MOT17-02-FRCNN,1203,22,27,252,u_to_v,1,19,253,22,27,22,27,
MOT17-02-FRCNN,1204,22,32,252,u_to_v,1,86,253,22,32,22,32,
MOT17-02-FRCNN,1205,22,36,252,u_to_v,1,157,253,22,36,22,36,
MOT17-02-FRCNN,1206,22,38,252,u_to_v,1,192,253,22,38,22,38,
MOT17-02-FRCNN,1207,22,40,252,u_to_v,1,162,253,22,40,22,40,
MOT17-02-FRCNN,1208,22,43,252,u_to_v,1,5,253,22,43,22,43,
MOT17-02-FRCNN,1209,22,46,252,u_to_v,1,53,253,22,46,22,46,
MOT17-02-FRCNN,1210,22,48,252,u_to_v,1,193,253,22,48,22,48,
MOT17-02-FRCNN,1211,22,53,252,u_to_v,1,114,253,22,53,22,53,
MOT17-02-FRCNN,1212,22,57,252,u_to_v,1,167,253,22,57,22,57,
MOT17-02-FRCNN,1213,22,59,252,u_to_v,1,56,253,22,59,22,59,
MOT17-02-FRCNN,1214,22,60,252,u_to_v,1,151,253,22,60,22,60,
MOT17-02-FRCNN,1215,22,61,252,u_to_v,1,30,253,22,61,22,61,
MOT17-02-FRCNN,1216,22,65,252,u_to_v,1,348,253,22,65,22,65,
MOT17-02-FRCNN,1217,22,67,252,u_to_v,1,138,253,22,67,22,67,
MOT17-02-FRCNN,1218,22,69,252,u_to_v,1,179,253,22,69,22,69,
MOT17-02-FRCNN,1219,22,73,252,u_to_v,1,348,253,22,73,22,73,
MOT17-02-FRCNN,1220,1,43,257,v_to_u,1,302,258,43,1,43,1,
MOT17-02-FRCNN,1221,3,43,257,v_to_u,1,188,258,43,3,43,3,
MOT17-02-FRCNN,1222,4,43,257,v_to_u,1,74,258,43,4,43,4,
MOT17-02-FRCNN,1223,6,43,257,v_to_u,1,154,258,43,6,43,6,
MOT17-02-FRCNN,1224,8,43,257,v_to_u,1,72,258,43,8,43,8,
MOT17-02-FRCNN,1225,13,43,257,v_to_u,1,136,258,43,13,43,13,
MOT17-02-FRCNN,1226,14,43,257,v_to_u,1,103,258,43,14,43,14,
MOT17-02-FRCNN,1227,15,43,257,v_to_u,1,36,258,43,15,43,15,
MOT17-02-FRCNN,1228,16,43,257,v_to_u,1,66,258,43,16,43,16,
MOT17-02-FRCNN,1229,20,43,257,v_to_u,1,121,258,43,20,43,20,
MOT17-02-FRCNN,1230,24,43,257,v_to_u,1,343,258,43,24,43,24,
MOT17-02-FRCNN,1231,27,43,257,v_to_u,1,14,258,43,27,43,27,
MOT17-02-FRCNN,1232,32,43,257,v_to_u,1,81,258,43,32,43,32,
MOT17-02-FRCNN,1233,36,43,257,v_to_u,1,152,258,43,36,43,36,
MOT17-02-FRCNN,1234,38,43,257,v_to_u,1,187,258,43,38,43,38,
MOT17-02-FRCNN,1235,40,43,257,v_to_u,1,157,258,43,40,43,40,
MOT17-02-FRCNN,1236,43,46,257,u_to_v,1,48,258,43,46,43,46,
MOT17-02-FRCNN,1237,43,48,257,u_to_v,1,188,258,43,48,43,48,
MOT17-02-FRCNN,1238,43,53,257,u_to_v,1,109,258,43,53,43,53,
MOT17-02-FRCNN,1239,43,57,257,u_to_v,1,162,258,43,57,43,57,
MOT17-02-FRCNN,1240,43,59,257,u_to_v,1,51,258,43,59,43,59,
MOT17-02-FRCNN,1241,43,60,257,u_to_v,1,146,258,43,60,43,60,
MOT17-02-FRCNN,1242,43,61,257,u_to_v,1,25,258,43,61,43,61,
MOT17-02-FRCNN,1243,43,65,257,u_to_v,1,343,258,43,65,43,65,
MOT17-02-FRCNN,1244,43,67,257,u_to_v,1,133,258,43,67,43,67,
MOT17-02-FRCNN,1245,43,69,257,u_to_v,1,174,258,43,69,43,69,
MOT17-02-FRCNN,1246,43,73,257,u_to_v,1,343,258,43,73,43,73,
MOT17-02-FRCNN,1247,43,74,257,u_to_v,1,93,258,43,74,43,74,
MOT17-02-FRCNN,1248,1,75,264,v_to_u,1,295,265,75,1,75,1,
MOT17-02-FRCNN,1249,3,75,264,v_to_u,1,181,265,75,3,75,3,
MOT17-02-FRCNN,1250,4,75,264,v_to_u,1,67,265,75,4,75,4,
MOT17-02-FRCNN,1251,6,75,264,v_to_u,1,147,265,75,6,75,6,
MOT17-02-FRCNN,1252,8,75,264,v_to_u,1,65,265,75,8,75,8,
MOT17-02-FRCNN,1253,13,75,264,v_to_u,1,129,265,75,13,75,13,
MOT17-02-FRCNN,1254,14,75,264,v_to_u,1,96,265,75,14,75,14,
MOT17-02-FRCNN,1255,15,75,264,v_to_u,1,29,265,75,15,75,15,
MOT17-02-FRCNN,1256,16,75,264,v_to_u,1,59,265,75,16,75,16,
MOT17-02-FRCNN,1257,20,75,264,v_to_u,1,114,265,75,20,75,20,
MOT17-02-FRCNN,1258,24,75,264,v_to_u,1,336,265,75,24,75,24,
MOT17-02-FRCNN,1259,27,75,264,v_to_u,1,7,265,75,27,75,27,
MOT17-02-FRCNN,1260,31,75,264,v_to_u,1,136,265,75,31,75,31,
MOT17-02-FRCNN,1261,32,75,264,v_to_u,1,74,265,75,32,75,32,
MOT17-02-FRCNN,1262,36,75,264,v_to_u,1,145,265,75,36,75,36,
MOT17-02-FRCNN,1263,38,75,264,v_to_u,1,180,265,75,38,75,38,
MOT17-02-FRCNN,1264,40,75,264,v_to_u,1,150,265,75,40,75,40,
MOT17-02-FRCNN,1265,46,75,264,v_to_u,1,41,265,75,46,75,46,
MOT17-02-FRCNN,1266,48,75,264,v_to_u,1,181,265,75,48,75,48,
MOT17-02-FRCNN,1267,53,75,264,v_to_u,1,102,265,75,53,75,53,
MOT17-02-FRCNN,1268,57,75,264,v_to_u,1,155,265,75,57,75,57,
MOT17-02-FRCNN,1269,59,75,264,v_to_u,1,44,265,75,59,75,59,
MOT17-02-FRCNN,1270,60,75,264,v_to_u,1,139,265,75,60,75,60,
MOT17-02-FRCNN,1271,61,75,264,v_to_u,1,18,265,75,61,75,61,
MOT17-02-FRCNN,1272,65,75,264,v_to_u,1,336,265,75,65,75,65,
MOT17-02-FRCNN,1273,67,75,264,v_to_u,1,126,265,75,67,75,67,
MOT17-02-FRCNN,1274,69,75,264,v_to_u,1,167,265,75,69,75,69,
MOT17-02-FRCNN,1275,73,75,264,v_to_u,1,336,265,75,73,75,73,
MOT17-02-FRCNN,1276,74,75,264,v_to_u,1,86,265,75,74,75,74,
MOT17-02-FRCNN,1277,1,77,269,v_to_u,1,290,270,77,1,77,1,
MOT17-02-FRCNN,1278,3,77,269,v_to_u,1,176,270,77,3,77,3,
MOT17-02-FRCNN,1279,4,77,269,v_to_u,1,62,270,77,4,77,4,
MOT17-02-FRCNN,1280,6,77,269,v_to_u,1,142,270,77,6,77,6,
MOT17-02-FRCNN,1281,8,77,269,v_to_u,1,60,270,77,8,77,8,
MOT17-02-FRCNN,1282,13,77,269,v_to_u,1,124,270,77,13,77,13,
MOT17-02-FRCNN,1283,14,77,269,v_to_u,1,91,270,77,14,77,14,
MOT17-02-FRCNN,1284,15,77,269,v_to_u,1,24,270,77,15,77,15,
MOT17-02-FRCNN,1285,16,77,269,v_to_u,1,54,270,77,16,77,16,
MOT17-02-FRCNN,1286,20,77,269,v_to_u,1,109,270,77,20,77,20,
MOT17-02-FRCNN,1287,24,77,269,v_to_u,1,331,270,77,24,77,24,
MOT17-02-FRCNN,1288,27,77,269,v_to_u,1,2,270,77,27,77,27,
MOT17-02-FRCNN,1289,31,77,269,v_to_u,1,131,270,77,31,77,31,
MOT17-02-FRCNN,1290,32,77,269,v_to_u,1,69,270,77,32,77,32,
MOT17-02-FRCNN,1291,36,77,269,v_to_u,1,140,270,77,36,77,36,
MOT17-02-FRCNN,1292,38,77,269,v_to_u,1,175,270,77,38,77,38,
MOT17-02-FRCNN,1293,40,77,269,v_to_u,1,145,270,77,40,77,40,
MOT17-02-FRCNN,1294,46,77,269,v_to_u,1,36,270,77,46,77,46,
MOT17-02-FRCNN,1295,48,77,269,v_to_u,1,176,270,77,48,77,48,
MOT17-02-FRCNN,1296,53,77,269,v_to_u,1,97,270,77,53,77,53,
MOT17-02-FRCNN,1297,57,77,269,v_to_u,1,150,270,77,57,77,57,
MOT17-02-FRCNN,1298,59,77,269,v_to_u,1,39,270,77,59,77,59,
MOT17-02-FRCNN,1299,60,77,269,v_to_u,1,134,270,77,60,77,60,
MOT17-02-FRCNN,1300,61,77,269,v_to_u,1,13,270,77,61,77,61,
MOT17-02-FRCNN,1301,65,77,269,v_to_u,1,331,270,77,65,77,65,
MOT17-02-FRCNN,1302,67,77,269,v_to_u,1,121,270,77,67,77,67,
MOT17-02-FRCNN,1303,69,77,269,v_to_u,1,162,270,77,69,77,69,
MOT17-02-FRCNN,1304,73,77,269,v_to_u,1,331,270,77,73,77,73,
MOT17-02-FRCNN,1305,74,77,269,v_to_u,1,81,270,77,74,77,74,
MOT17-02-FRCNN,1306,76,77,269,v_to_u,1,84,270,77,76,77,76,
MOT17-02-FRCNN,1307,1,27,271,v_to_u,1,288,272,27,1,27,1,
MOT17-02-FRCNN,1308,3,27,271,v_to_u,1,174,272,27,3,27,3,
MOT17-02-FRCNN,1309,4,27,271,v_to_u,1,60,272,27,4,27,4,
MOT17-02-FRCNN,1310,6,27,271,v_to_u,1,140,272,27,6,27,6,
MOT17-02-FRCNN,1311,8,27,271,v_to_u,1,58,272,27,8,27,8,
MOT17-02-FRCNN,1312,13,27,271,v_to_u,1,122,272,27,13,27,13,
MOT17-02-FRCNN,1313,14,27,271,v_to_u,1,89,272,27,14,27,14,
MOT17-02-FRCNN,1314,15,27,271,v_to_u,1,22,272,27,15,27,15,
MOT17-02-FRCNN,1315,16,27,271,v_to_u,1,52,272,27,16,27,16,
MOT17-02-FRCNN,1316,20,27,271,v_to_u,1,107,272,27,20,27,20,
MOT17-02-FRCNN,1317,24,27,271,v_to_u,1,329,272,27,24,27,24,
MOT17-02-FRCNN,1318,27,31,271,u_to_v,1,129,272,27,31,27,31,
MOT17-02-FRCNN,1319,27,32,271,u_to_v,1,67,272,27,32,27,32,
MOT17-02-FRCNN,1320,27,36,271,u_to_v,1,138,272,27,36,27,36,
MOT17-02-FRCNN,1321,27,38,271,u_to_v,1,173,272,27,38,27,38,
MOT17-02-FRCNN,1322,27,40,271,u_to_v,1,143,272,27,40,27,40,
MOT17-02-FRCNN,1323,27,46,271,u_to_v,1,34,272,27,46,27,46,
MOT17-02-FRCNN,1324,27,48,271,u_to_v,1,174,272,27,48,27,48,
MOT17-02-FRCNN,1325,27,53,271,u_to_v,1,95,272,27,53,27,53,
MOT17-02-FRCNN,1326,27,57,271,u_to_v,1,148,272,27,57,27,57,
MOT17-02-FRCNN,1327,27,59,271,u_to_v,1,37,272,27,59,27,59,
MOT17-02-FRCNN,1328,27,60,271,u_to_v,1,132,272,27,60,27,60,
MOT17-02-FRCNN,1329,27,61,271,u_to_v,1,11,272,27,61,27,61,
MOT17-02-FRCNN,1330,27,65,271,u_to_v,1,329,272,27,65,27,65,
MOT17-02-FRCNN,1331,27,67,271,u_to_v,1,119,272,27,67,27,67,
MOT17-02-FRCNN,1332,27,69,271,u_to_v,1,160,272,27,69,27,69,
MOT17-02-FRCNN,1333,27,73,271,u_to_v,1,329,272,27,73,27,73,
MOT17-02-FRCNN,1334,27,74,271,u_to_v,1,79,272,27,74,27,74,
MOT17-02-FRCNN,1335,27,76,271,u_to_v,1,82,272,27,76,27,76,
MOT17-02-FRCNN,1336,27,78,271,u_to_v,1,126,272,27,78,27,78,
MOT17-02-FRCNN,1337,27,79,271,u_to_v,1,329,272,27,79,27,79,
MOT17-02-FRCNN,1338,15,61,281,u_to_v,1,1,311,15,61,15,61,
MOT17-02-FRCNN,1339,15,61,281,v_to_u,1,12,282,61,15,61,15,
MOT17-02-FRCNN,1340,46,61,281,u_to_v,1,1,311,46,61,46,61,
MOT17-02-FRCNN,1341,46,61,281,v_to_u,1,24,282,61,46,61,46,
MOT17-02-FRCNN,1342,59,61,281,u_to_v,1,1,311,59,61,59,61,
MOT17-02-FRCNN,1343,59,61,281,v_to_u,1,27,282,61,59,61,59,
MOT17-02-FRCNN,1344,61,80,281,u_to_v,1,29,282,61,80,61,80,
MOT17-02-FRCNN,1345,61,80,281,v_to_u,1,1,311,80,61,80,61,
MOT17-02-FRCNN,1346,1,83,283,v_to_u,1,276,284,83,1,83,1,
MOT17-02-FRCNN,1347,3,83,283,v_to_u,1,162,284,83,3,83,3,
MOT17-02-FRCNN,1348,4,83,283,v_to_u,1,48,284,83,4,83,4,
MOT17-02-FRCNN,1349,6,83,283,v_to_u,1,128,284,83,6,83,6,
MOT17-02-FRCNN,1350,8,83,283,v_to_u,1,46,284,83,8,83,8,
MOT17-02-FRCNN,1351,13,83,283,v_to_u,1,110,284,83,13,83,13,
MOT17-02-FRCNN,1352,14,83,283,v_to_u,1,77,284,83,14,83,14,
MOT17-02-FRCNN,1353,15,83,283,v_to_u,1,10,284,83,15,83,15,
MOT17-02-FRCNN,1354,16,83,283,v_to_u,1,40,284,83,16,83,16,
MOT17-02-FRCNN,1355,20,83,283,v_to_u,1,95,284,83,20,83,20,
MOT17-02-FRCNN,1356,24,83,283,v_to_u,1,317,284,83,24,83,24,
MOT17-02-FRCNN,1357,31,83,283,v_to_u,1,117,284,83,31,83,31,
MOT17-02-FRCNN,1358,32,83,283,v_to_u,1,55,284,83,32,83,32,
MOT17-02-FRCNN,1359,36,83,283,v_to_u,1,126,284,83,36,83,36,
MOT17-02-FRCNN,1360,38,83,283,v_to_u,1,161,284,83,38,83,38,
MOT17-02-FRCNN,1361,40,83,283,v_to_u,1,131,284,83,40,83,40,
MOT17-02-FRCNN,1362,46,83,283,v_to_u,1,22,284,83,46,83,46,
MOT17-02-FRCNN,1363,48,83,283,v_to_u,1,162,284,83,48,83,48,
MOT17-02-FRCNN,1364,53,83,283,v_to_u,1,83,284,83,53,83,53,
MOT17-02-FRCNN,1365,57,83,283,v_to_u,1,136,284,83,57,83,57,
MOT17-02-FRCNN,1366,59,83,283,v_to_u,1,25,284,83,59,83,59,
MOT17-02-FRCNN,1367,60,83,283,v_to_u,1,120,284,83,60,83,60,
MOT17-02-FRCNN,1368,65,83,283,v_to_u,1,317,284,83,65,83,65,
MOT17-02-FRCNN,1369,67,83,283,v_to_u,1,107,284,83,67,83,67,
MOT17-02-FRCNN,1370,69,83,283,v_to_u,1,148,284,83,69,83,69,
MOT17-02-FRCNN,1371,73,83,283,v_to_u,1,317,284,83,73,83,73,
MOT17-02-FRCNN,1372,74,83,283,v_to_u,1,67,284,83,74,83,74,
MOT17-02-FRCNN,1373,76,83,283,v_to_u,1,70,284,83,76,83,76,
MOT17-02-FRCNN,1374,78,83,283,v_to_u,1,114,284,83,78,83,78,
MOT17-02-FRCNN,1375,79,83,283,v_to_u,1,317,284,83,79,83,79,
MOT17-02-FRCNN,1376,80,83,283,v_to_u,1,27,284,83,80,83,80,
MOT17-02-FRCNN,1377,81,83,283,v_to_u,1,317,284,83,81,83,81,
MOT17-02-FRCNN,1378,82,83,283,v_to_u,1,275,284,83,82,83,82,
MOT17-02-FRCNN,1379,1,84,289,v_to_u,1,270,290,84,1,84,1,
MOT17-02-FRCNN,1380,3,84,289,v_to_u,1,156,290,84,3,84,3,
MOT17-02-FRCNN,1381,4,84,289,v_to_u,1,42,290,84,4,84,4,
MOT17-02-FRCNN,1382,6,84,289,v_to_u,1,122,290,84,6,84,6,
MOT17-02-FRCNN,1383,8,84,289,v_to_u,1,40,290,84,8,84,8,
MOT17-02-FRCNN,1384,13,84,289,v_to_u,1,104,290,84,13,84,13,
MOT17-02-FRCNN,1385,14,84,289,v_to_u,1,71,290,84,14,84,14,
MOT17-02-FRCNN,1386,15,84,289,v_to_u,1,4,290,84,15,84,15,
MOT17-02-FRCNN,1387,16,84,289,v_to_u,1,34,290,84,16,84,16,
MOT17-02-FRCNN,1388,20,84,289,v_to_u,1,89,290,84,20,84,20,
MOT17-02-FRCNN,1389,24,84,289,v_to_u,1,311,290,84,24,84,24,
MOT17-02-FRCNN,1390,31,84,289,v_to_u,1,111,290,84,31,84,31,
MOT17-02-FRCNN,1391,32,84,289,v_to_u,1,49,290,84,32,84,32,
MOT17-02-FRCNN,1392,36,84,289,v_to_u,1,120,290,84,36,84,36,
MOT17-02-FRCNN,1393,38,84,289,v_to_u,1,155,290,84,38,84,38,
MOT17-02-FRCNN,1394,40,84,289,v_to_u,1,125,290,84,40,84,40,
MOT17-02-FRCNN,1395,46,84,289,v_to_u,1,16,290,84,46,84,46,
MOT17-02-FRCNN,1396,48,84,289,v_to_u,1,156,290,84,48,84,48,
MOT17-02-FRCNN,1397,53,84,289,v_to_u,1,77,290,84,53,84,53,
MOT17-02-FRCNN,1398,57,84,289,v_to_u,1,130,290,84,57,84,57,
MOT17-02-FRCNN,1399,59,84,289,v_to_u,1,19,290,84,59,84,59,
MOT17-02-FRCNN,1400,60,84,289,v_to_u,1,114,290,84,60,84,60,
MOT17-02-FRCNN,1401,65,84,289,v_to_u,1,311,290,84,65,84,65,
MOT17-02-FRCNN,1402,67,84,289,v_to_u,1,101,290,84,67,84,67,
MOT17-02-FRCNN,1403,69,84,289,v_to_u,1,142,290,84,69,84,69,
MOT17-02-FRCNN,1404,73,84,289,v_to_u,1,311,290,84,73,84,73,
MOT17-02-FRCNN,1405,74,84,289,v_to_u,1,61,290,84,74,84,74,
MOT17-02-FRCNN,1406,76,84,289,v_to_u,1,64,290,84,76,84,76,
MOT17-02-FRCNN,1407,78,84,289,v_to_u,1,108,290,84,78,84,78,
MOT17-02-FRCNN,1408,79,84,289,v_to_u,1,311,290,84,79,84,79,
MOT17-02-FRCNN,1409,80,84,289,v_to_u,1,21,290,84,80,84,80,
MOT17-02-FRCNN,1410,81,84,289,v_to_u,1,311,290,84,81,84,81,
MOT17-02-FRCNN,1411,82,84,289,v_to_u,1,269,290,84,82,84,82,
MOT17-02-FRCNN,1412,1,85,292,v_to_u,1,267,293,85,1,85,1,
MOT17-02-FRCNN,1413,3,85,292,v_to_u,1,153,293,85,3,85,3,
MOT17-02-FRCNN,1414,4,85,292,v_to_u,1,39,293,85,4,85,4,
MOT17-02-FRCNN,1415,6,85,292,v_to_u,1,119,293,85,6,85,6,
MOT17-02-FRCNN,1416,8,85,292,v_to_u,1,37,293,85,8,85,8,
MOT17-02-FRCNN,1417,13,85,292,v_to_u,1,101,293,85,13,85,13,
MOT17-02-FRCNN,1418,14,85,292,v_to_u,1,68,293,85,14,85,14,
MOT17-02-FRCNN,1419,15,85,292,v_to_u,1,1,293,85,15,85,15,
MOT17-02-FRCNN,1420,16,85,292,v_to_u,1,31,293,85,16,85,16,
MOT17-02-FRCNN,1421,20,85,292,v_to_u,1,86,293,85,20,85,20,
MOT17-02-FRCNN,1422,24,85,292,v_to_u,1,308,293,85,24,85,24,
MOT17-02-FRCNN,1423,31,85,292,v_to_u,1,108,293,85,31,85,31,
MOT17-02-FRCNN,1424,32,85,292,v_to_u,1,46,293,85,32,85,32,
MOT17-02-FRCNN,1425,36,85,292,v_to_u,1,117,293,85,36,85,36,
MOT17-02-FRCNN,1426,38,85,292,v_to_u,1,152,293,85,38,85,38,
MOT17-02-FRCNN,1427,40,85,292,v_to_u,1,122,293,85,40,85,40,
MOT17-02-FRCNN,1428,46,85,292,v_to_u,1,13,293,85,46,85,46,
MOT17-02-FRCNN,1429,48,85,292,v_to_u,1,153,293,85,48,85,48,
MOT17-02-FRCNN,1430,53,85,292,v_to_u,1,74,293,85,53,85,53,
MOT17-02-FRCNN,1431,57,85,292,v_to_u,1,127,293,85,57,85,57,
MOT17-02-FRCNN,1432,59,85,292,v_to_u,1,16,293,85,59,85,59,
MOT17-02-FRCNN,1433,60,85,292,v_to_u,1,111,293,85,60,85,60,
MOT17-02-FRCNN,1434,65,85,292,v_to_u,1,308,293,85,65,85,65,
MOT17-02-FRCNN,1435,67,85,292,v_to_u,1,98,293,85,67,85,67,
MOT17-02-FRCNN,1436,69,85,292,v_to_u,1,139,293,85,69,85,69,
MOT17-02-FRCNN,1437,73,85,292,v_to_u,1,308,293,85,73,85,73,
MOT17-02-FRCNN,1438,74,85,292,v_to_u,1,58,293,85,74,85,74,
MOT17-02-FRCNN,1439,76,85,292,v_to_u,1,61,293,85,76,85,76,
MOT17-02-FRCNN,1440,78,85,292,v_to_u,1,105,293,85,78,85,78,
MOT17-02-FRCNN,1441,79,85,292,v_to_u,1,308,293,85,79,85,79,
MOT17-02-FRCNN,1442,80,85,292,v_to_u,1,18,293,85,80,85,80,
MOT17-02-FRCNN,1443,81,85,292,v_to_u,1,308,293,85,81,85,81,
MOT17-02-FRCNN,1444,82,85,292,v_to_u,1,266,293,85,82,85,82,
MOT17-02-FRCNN,1445,1,15,293,v_to_u,1,266,294,15,1,15,1,
MOT17-02-FRCNN,1446,3,15,293,v_to_u,1,152,294,15,3,15,3,
MOT17-02-FRCNN,1447,4,15,293,v_to_u,1,38,294,15,4,15,4,
MOT17-02-FRCNN,1448,6,15,293,v_to_u,1,118,294,15,6,15,6,
MOT17-02-FRCNN,1449,8,15,293,v_to_u,1,36,294,15,8,15,8,
MOT17-02-FRCNN,1450,13,15,293,v_to_u,1,100,294,15,13,15,13,
MOT17-02-FRCNN,1451,14,15,293,v_to_u,1,67,294,15,14,15,14,
MOT17-02-FRCNN,1452,15,16,293,u_to_v,1,30,294,15,16,15,16,
MOT17-02-FRCNN,1453,15,20,293,u_to_v,1,85,294,15,20,15,20,
MOT17-02-FRCNN,1454,15,24,293,u_to_v,1,307,294,15,24,15,24,
MOT17-02-FRCNN,1455,15,31,293,u_to_v,1,107,294,15,31,15,31,
MOT17-02-FRCNN,1456,15,32,293,u_to_v,1,45,294,15,32,15,32,
MOT17-02-FRCNN,1457,15,36,293,u_to_v,1,116,294,15,36,15,36,
MOT17-02-FRCNN,1458,15,38,293,u_to_v,1,151,294,15,38,15,38,
MOT17-02-FRCNN,1459,15,40,293,u_to_v,1,121,294,15,40,15,40,
MOT17-02-FRCNN,1460,15,46,293,u_to_v,1,12,294,15,46,15,46,
MOT17-02-FRCNN,1461,15,48,293,u_to_v,1,152,294,15,48,15,48,
MOT17-02-FRCNN,1462,15,53,293,u_to_v,1,73,294,15,53,15,53,
MOT17-02-FRCNN,1463,15,57,293,u_to_v,1,126,294,15,57,15,57,
MOT17-02-FRCNN,1464,15,59,293,u_to_v,1,15,294,15,59,15,59,
MOT17-02-FRCNN,1465,15,60,293,u_to_v,1,110,294,15,60,15,60,
MOT17-02-FRCNN,1466,15,65,293,u_to_v,1,307,294,15,65,15,65,
MOT17-02-FRCNN,1467,15,67,293,u_to_v,1,97,294,15,67,15,67,
MOT17-02-FRCNN,1468,15,69,293,u_to_v,1,138,294,15,69,15,69,
MOT17-02-FRCNN,1469,15,73,293,u_to_v,1,307,294,15,73,15,73,
MOT17-02-FRCNN,1470,15,74,293,u_to_v,1,57,294,15,74,15,74,
MOT17-02-FRCNN,1471,15,76,293,u_to_v,1,60,294,15,76,15,76,
MOT17-02-FRCNN,1472,15,78,293,u_to_v,1,104,294,15,78,15,78,
MOT17-02-FRCNN,1473,15,79,293,u_to_v,1,307,294,15,79,15,79,
MOT17-02-FRCNN,1474,15,80,293,u_to_v,1,17,294,15,80,15,80,
MOT17-02-FRCNN,1475,15,81,293,u_to_v,1,307,294,15,81,15,81,
MOT17-02-FRCNN,1476,15,82,293,u_to_v,1,265,294,15,82,15,82,
MOT17-02-FRCNN,1477,1,86,300,v_to_u,1,259,301,86,1,86,1,
MOT17-02-FRCNN,1478,3,86,300,v_to_u,1,145,301,86,3,86,3,
MOT17-02-FRCNN,1479,4,86,300,v_to_u,1,31,301,86,4,86,4,
MOT17-02-FRCNN,1480,6,86,300,v_to_u,1,111,301,86,6,86,6,
MOT17-02-FRCNN,1481,8,86,300,v_to_u,1,29,301,86,8,86,8,
MOT17-02-FRCNN,1482,13,86,300,v_to_u,1,93,301,86,13,86,13,
MOT17-02-FRCNN,1483,14,86,300,v_to_u,1,60,301,86,14,86,14,
MOT17-02-FRCNN,1484,16,86,300,v_to_u,1,23,301,86,16,86,16,
MOT17-02-FRCNN,1485,20,86,300,v_to_u,1,78,301,86,20,86,20,
MOT17-02-FRCNN,1486,24,86,300,v_to_u,1,300,301,86,24,86,24,
MOT17-02-FRCNN,1487,31,86,300,v_to_u,1,100,301,86,31,86,31,
MOT17-02-FRCNN,1488,32,86,300,v_to_u,1,38,301,86,32,86,32,
MOT17-02-FRCNN,1489,36,86,300,v_to_u,1,109,301,86,36,86,36,
MOT17-02-FRCNN,1490,38,86,300,v_to_u,1,144,301,86,38,86,38,
MOT17-02-FRCNN,1491,40,86,300,v_to_u,1,114,301,86,40,86,40,
MOT17-02-FRCNN,1492,46,86,300,v_to_u,1,5,301,86,46,86,46,
MOT17-02-FRCNN,1493,48,86,300,v_to_u,1,145,301,86,48,86,48,
MOT17-02-FRCNN,1494,53,86,300,v_to_u,1,66,301,86,53,86,53,
MOT17-02-FRCNN,1495,57,86,300,v_to_u,1,119,301,86,57,86,57,
MOT17-02-FRCNN,1496,59,86,300,v_to_u,1,8,301,86,59,86,59,
MOT17-02-FRCNN,1497,60,86,300,v_to_u,1,103,301,86,60,86,60,
MOT17-02-FRCNN,1498,65,86,300,v_to_u,1,300,301,86,65,86,65,
MOT17-02-FRCNN,1499,67,86,300,v_to_u,1,90,301,86,67,86,67,
MOT17-02-FRCNN,1500,69,86,300,v_to_u,1,131,301,86,69,86,69,
MOT17-02-FRCNN,1501,73,86,300,v_to_u,1,300,301,86,73,86,73,
MOT17-02-FRCNN,1502,74,86,300,v_to_u,1,50,301,86,74,86,74,
MOT17-02-FRCNN,1503,76,86,300,v_to_u,1,53,301,86,76,86,76,
MOT17-02-FRCNN,1504,78,86,300,v_to_u,1,97,301,86,78,86,78,
MOT17-02-FRCNN,1505,79,86,300,v_to_u,1,300,301,86,79,86,79,
MOT17-02-FRCNN,1506,80,86,300,v_to_u,1,10,301,86,80,86,80,
MOT17-02-FRCNN,1507,81,86,300,v_to_u,1,300,301,86,81,86,81,
MOT17-02-FRCNN,1508,82,86,300,v_to_u,1,258,301,86,82,86,82,
MOT17-02-FRCNN,1509,1,46,305,v_to_u,1,254,306,46,1,46,1,
MOT17-02-FRCNN,1510,1,88,305,v_to_u,1,254,306,88,1,88,1,
MOT17-02-FRCNN,1511,3,46,305,v_to_u,1,140,306,46,3,46,3,
MOT17-02-FRCNN,1512,3,88,305,v_to_u,1,140,306,88,3,88,3,
MOT17-02-FRCNN,1513,4,46,305,v_to_u,1,26,306,46,4,46,4,
MOT17-02-FRCNN,1514,4,88,305,v_to_u,1,26,306,88,4,88,4,
MOT17-02-FRCNN,1515,6,46,305,v_to_u,1,106,306,46,6,46,6,
MOT17-02-FRCNN,1516,6,88,305,v_to_u,1,106,306,88,6,88,6,
MOT17-02-FRCNN,1517,8,46,305,v_to_u,1,24,306,46,8,46,8,
MOT17-02-FRCNN,1518,8,88,305,v_to_u,1,24,306,88,8,88,8,
MOT17-02-FRCNN,1519,13,46,305,v_to_u,1,88,306,46,13,46,13,
MOT17-02-FRCNN,1520,13,88,305,v_to_u,1,88,306,88,13,88,13,
MOT17-02-FRCNN,1521,14,46,305,v_to_u,1,55,306,46,14,46,14,
MOT17-02-FRCNN,1522,14,88,305,v_to_u,1,55,306,88,14,88,14,
MOT17-02-FRCNN,1523,16,46,305,v_to_u,1,18,306,46,16,46,16,
MOT17-02-FRCNN,1524,16,88,305,v_to_u,1,18,306,88,16,88,16,
MOT17-02-FRCNN,1525,20,46,305,v_to_u,1,73,306,46,20,46,20,
MOT17-02-FRCNN,1526,20,88,305,v_to_u,1,73,306,88,20,88,20,
MOT17-02-FRCNN,1527,24,46,305,v_to_u,1,295,306,46,24,46,24,
MOT17-02-FRCNN,1528,24,88,305,v_to_u,1,295,306,88,24,88,24,
MOT17-02-FRCNN,1529,31,46,305,v_to_u,1,95,306,46,31,46,31,
MOT17-02-FRCNN,1530,31,88,305,v_to_u,1,95,306,88,31,88,31,
MOT17-02-FRCNN,1531,32,46,305,v_to_u,1,33,306,46,32,46,32,
MOT17-02-FRCNN,1532,32,88,305,v_to_u,1,33,306,88,32,88,32,
MOT17-02-FRCNN,1533,36,46,305,v_to_u,1,104,306,46,36,46,36,
MOT17-02-FRCNN,1534,36,88,305,v_to_u,1,104,306,88,36,88,36,
MOT17-02-FRCNN,1535,38,46,305,v_to_u,1,139,306,46,38,46,38,
MOT17-02-FRCNN,1536,38,88,305,v_to_u,1,139,306,88,38,88,38,
MOT17-02-FRCNN,1537,40,46,305,v_to_u,1,109,306,46,40,46,40,
MOT17-02-FRCNN,1538,40,88,305,v_to_u,1,109,306,88,40,88,40,
MOT17-02-FRCNN,1539,46,48,305,u_to_v,1,140,306,46,48,46,48,
MOT17-02-FRCNN,1540,46,53,305,u_to_v,1,61,306,46,53,46,53,
MOT17-02-FRCNN,1541,46,57,305,u_to_v,1,114,306,46,57,46,57,
MOT17-02-FRCNN,1542,46,59,305,u_to_v,1,3,306,46,59,46,59,
MOT17-02-FRCNN,1543,46,60,305,u_to_v,1,98,306,46,60,46,60,
MOT17-02-FRCNN,1544,46,65,305,u_to_v,1,295,306,46,65,46,65,
MOT17-02-FRCNN,1545,46,67,305,u_to_v,1,85,306,46,67,46,67,
MOT17-02-FRCNN,1546,46,69,305,u_to_v,1,126,306,46,69,46,69,
MOT17-02-FRCNN,1547,46,73,305,u_to_v,1,295,306,46,73,46,73,
MOT17-02-FRCNN,1548,46,74,305,u_to_v,1,45,306,46,74,46,74,
MOT17-02-FRCNN,1549,46,76,305,u_to_v,1,48,306,46,76,46,76,
MOT17-02-FRCNN,1550,46,78,305,u_to_v,1,92,306,46,78,46,78,
MOT17-02-FRCNN,1551,46,79,305,u_to_v,1,295,306,46,79,46,79,
MOT17-02-FRCNN,1552,46,80,305,u_to_v,1,5,306,46,80,46,80,
MOT17-02-FRCNN,1553,46,81,305,u_to_v,1,295,306,46,81,46,81,
MOT17-02-FRCNN,1554,46,82,305,u_to_v,1,253,306,46,82,46,82,
MOT17-02-FRCNN,1555,46,87,305,u_to_v,1,147,306,46,87,46,87,
MOT17-02-FRCNN,1556,48,88,305,v_to_u,1,140,306,88,48,88,48,
MOT17-02-FRCNN,1557,53,88,305,v_to_u,1,61,306,88,53,88,53,
MOT17-02-FRCNN,1558,57,88,305,v_to_u,1,114,306,88,57,88,57,
MOT17-02-FRCNN,1559,59,88,305,v_to_u,1,3,306,88,59,88,59,
MOT17-02-FRCNN,1560,60,88,305,v_to_u,1,98,306,88,60,88,60,
MOT17-02-FRCNN,1561,65,88,305,v_to_u,1,295,306,88,65,88,65,
MOT17-02-FRCNN,1562,67,88,305,v_to_u,1,85,306,88,67,88,67,
MOT17-02-FRCNN,1563,69,88,305,v_to_u,1,126,306,88,69,88,69,
MOT17-02-FRCNN,1564,73,88,305,v_to_u,1,295,306,88,73,88,73,
MOT17-02-FRCNN,1565,74,88,305,v_to_u,1,45,306,88,74,88,74,
MOT17-02-FRCNN,1566,76,88,305,v_to_u,1,48,306,88,76,88,76,
MOT17-02-FRCNN,1567,78,88,305,v_to_u,1,92,306,88,78,88,78,
MOT17-02-FRCNN,1568,79,88,305,v_to_u,1,295,306,88,79,88,79,
MOT17-02-FRCNN,1569,80,88,305,v_to_u,1,5,306,88,80,88,80,
MOT17-02-FRCNN,1570,81,88,305,v_to_u,1,295,306,88,81,88,81,
MOT17-02-FRCNN,1571,82,88,305,v_to_u,1,253,306,88,82,88,82,
MOT17-02-FRCNN,1572,87,88,305,v_to_u,1,147,306,88,87,88,87,
MOT17-02-FRCNN,1573,1,59,308,v_to_u,1,251,309,59,1,59,1,
MOT17-02-FRCNN,1574,3,59,308,v_to_u,1,137,309,59,3,59,3,
MOT17-02-FRCNN,1575,4,59,308,v_to_u,1,23,309,59,4,59,4,
MOT17-02-FRCNN,1576,6,59,308,v_to_u,1,103,309,59,6,59,6,
MOT17-02-FRCNN,1577,8,59,308,v_to_u,1,21,309,59,8,59,8,
MOT17-02-FRCNN,1578,13,59,308,v_to_u,1,85,309,59,13,59,13,
MOT17-02-FRCNN,1579,14,59,308,v_to_u,1,52,309,59,14,59,14,
MOT17-02-FRCNN,1580,16,59,308,v_to_u,1,15,309,59,16,59,16,
MOT17-02-FRCNN,1581,20,59,308,v_to_u,1,70,309,59,20,59,20,
MOT17-02-FRCNN,1582,24,59,308,v_to_u,1,292,309,59,24,59,24,
MOT17-02-FRCNN,1583,31,59,308,v_to_u,1,92,309,59,31,59,31,
MOT17-02-FRCNN,1584,32,59,308,v_to_u,1,30,309,59,32,59,32,
MOT17-02-FRCNN,1585,36,59,308,v_to_u,1,101,309,59,36,59,36,
MOT17-02-FRCNN,1586,38,59,308,v_to_u,1,136,309,59,38,59,38,
MOT17-02-FRCNN,1587,40,59,308,v_to_u,1,106,309,59,40,59,40,
MOT17-02-FRCNN,1588,48,59,308,v_to_u,1,137,309,59,48,59,48,
MOT17-02-FRCNN,1589,53,59,308,v_to_u,1,58,309,59,53,59,53,
MOT17-02-FRCNN,1590,57,59,308,v_to_u,1,111,309,59,57,59,57,
MOT17-02-FRCNN,1591,59,60,308,u_to_v,1,95,309,59,60,59,60,
MOT17-02-FRCNN,1592,59,65,308,u_to_v,1,292,309,59,65,59,65,
MOT17-02-FRCNN,1593,59,67,308,u_to_v,1,82,309,59,67,59,67,
MOT17-02-FRCNN,1594,59,69,308,u_to_v,1,123,309,59,69,59,69,
MOT17-02-FRCNN,1595,59,73,308,u_to_v,1,292,309,59,73,59,73,
MOT17-02-FRCNN,1596,59,74,308,u_to_v,1,42,309,59,74,59,74,
MOT17-02-FRCNN,1597,59,76,308,u_to_v,1,45,309,59,76,59,76,
MOT17-02-FRCNN,1598,59,78,308,u_to_v,1,89,309,59,78,59,78,
MOT17-02-FRCNN,1599,59,79,308,u_to_v,1,292,309,59,79,59,79,
MOT17-02-FRCNN,1600,59,80,308,u_to_v,1,2,309,59,80,59,80,
MOT17-02-FRCNN,1601,59,81,308,u_to_v,1,292,309,59,81,59,81,
MOT17-02-FRCNN,1602,59,82,308,u_to_v,1,250,309,59,82,59,82,
MOT17-02-FRCNN,1603,59,87,308,u_to_v,1,144,309,59,87,59,87,
MOT17-02-FRCNN,1604,59,89,308,u_to_v,1,292,309,59,89,59,89,
MOT17-02-FRCNN,1605,1,80,310,v_to_u,1,249,311,80,1,80,1,
MOT17-02-FRCNN,1606,3,80,310,v_to_u,1,135,311,80,3,80,3,
MOT17-02-FRCNN,1607,4,80,310,v_to_u,1,21,311,80,4,80,4,
MOT17-02-FRCNN,1608,6,80,310,v_to_u,1,101,311,80,6,80,6,
MOT17-02-FRCNN,1609,8,80,310,v_to_u,1,19,311,80,8,80,8,
MOT17-02-FRCNN,1610,13,80,310,v_to_u,1,83,311,80,13,80,13,
MOT17-02-FRCNN,1611,14,80,310,v_to_u,1,50,311,80,14,80,14,
MOT17-02-FRCNN,1612,16,80,310,v_to_u,1,13,311,80,16,80,16,
MOT17-02-FRCNN,1613,20,80,310,v_to_u,1,68,311,80,20,80,20,
MOT17-02-FRCNN,1614,24,80,310,v_to_u,1,290,311,80,24,80,24,
MOT17-02-FRCNN,1615,31,80,310,v_to_u,1,90,311,80,31,80,31,
MOT17-02-FRCNN,1616,32,80,310,v_to_u,1,28,311,80,32,80,32,
MOT17-02-FRCNN,1617,36,80,310,v_to_u,1,99,311,80,36,80,36,
MOT17-02-FRCNN,1618,38,80,310,v_to_u,1,134,311,80,38,80,38,
MOT17-02-FRCNN,1619,40,80,310,v_to_u,1,104,311,80,40,80,40,
MOT17-02-FRCNN,1620,48,80,310,v_to_u,1,135,311,80,48,80,48,
MOT17-02-FRCNN,1621,53,80,310,v_to_u,1,56,311,80,53,80,53,
MOT17-02-FRCNN,1622,57,80,310,v_to_u,1,109,311,80,57,80,57,
MOT17-02-FRCNN,1623,60,80,310,v_to_u,1,93,311,80,60,80,60,
MOT17-02-FRCNN,1624,65,80,310,v_to_u,1,290,311,80,65,80,65,
MOT17-02-FRCNN,1625,67,80,310,v_to_u,1,80,311,80,67,80,67,
MOT17-02-FRCNN,1626,69,80,310,v_to_u,1,121,311,80,69,80,69,
MOT17-02-FRCNN,1627,73,80,310,v_to_u,1,290,311,80,73,80,73,
MOT17-02-FRCNN,1628,74,80,310,v_to_u,1,40,311,80,74,80,74,
MOT17-02-FRCNN,1629,76,80,310,v_to_u,1,43,311,80,76,80,76,
MOT17-02-FRCNN,1630,78,80,310,v_to_u,1,87,311,80,78,80,78,
MOT17-02-FRCNN,1631,79,80,310,v_to_u,1,290,311,80,79,80,79,
MOT17-02-FRCNN,1632,80,81,310,u_to_v,1,290,311,80,81,80,81,
MOT17-02-FRCNN,1633,80,82,310,u_to_v,1,248,311,80,82,80,82,
MOT17-02-FRCNN,1634,80,87,310,u_to_v,1,142,311,80,87,80,87,
MOT17-02-FRCNN,1635,80,89,310,u_to_v,1,290,311,80,89,80,89,
MOT17-02-FRCNN,1636,1,61,311,v_to_u,1,248,312,61,1,61,1,
MOT17-02-FRCNN,1637,3,61,311,v_to_u,1,134,312,61,3,61,3,
MOT17-02-FRCNN,1638,4,61,311,v_to_u,1,20,312,61,4,61,4,
MOT17-02-FRCNN,1639,6,61,311,v_to_u,1,100,312,61,6,61,6,
MOT17-02-FRCNN,1640,8,61,311,v_to_u,1,18,312,61,8,61,8,
MOT17-02-FRCNN,1641,13,61,311,v_to_u,1,82,312,61,13,61,13,
MOT17-02-FRCNN,1642,14,61,311,v_to_u,1,49,312,61,14,61,14,
MOT17-02-FRCNN,1643,16,61,311,v_to_u,1,12,312,61,16,61,16,
MOT17-02-FRCNN,1644,20,61,311,v_to_u,1,67,312,61,20,61,20,
MOT17-02-FRCNN,1645,24,61,311,v_to_u,1,289,312,61,24,61,24,
MOT17-02-FRCNN,1646,31,61,311,v_to_u,1,89,312,61,31,61,31,
MOT17-02-FRCNN,1647,32,61,311,v_to_u,1,27,312,61,32,61,32,
MOT17-02-FRCNN,1648,36,61,311,v_to_u,1,98,312,61,36,61,36,
MOT17-02-FRCNN,1649,38,61,311,v_to_u,1,133,312,61,38,61,38,
MOT17-02-FRCNN,1650,40,61,311,v_to_u,1,103,312,61,40,61,40,
MOT17-02-FRCNN,1651,48,61,311,v_to_u,1,134,312,61,48,61,48,
MOT17-02-FRCNN,1652,53,61,311,v_to_u,1,55,312,61,53,61,53,
MOT17-02-FRCNN,1653,57,61,311,v_to_u,1,108,312,61,57,61,57,
MOT17-02-FRCNN,1654,60,61,311,v_to_u,1,92,312,61,60,61,60,
MOT17-02-FRCNN,1655,61,65,311,u_to_v,1,289,312,61,65,61,65,
MOT17-02-FRCNN,1656,61,67,311,u_to_v,1,79,312,61,67,61,67,
MOT17-02-FRCNN,1657,61,69,311,u_to_v,1,120,312,61,69,61,69,
MOT17-02-FRCNN,1658,61,73,311,u_to_v,1,289,312,61,73,61,73,
MOT17-02-FRCNN,1659,61,74,311,u_to_v,1,39,312,61,74,61,74,
MOT17-02-FRCNN,1660,61,76,311,u_to_v,1,42,312,61,76,61,76,
MOT17-02-FRCNN,1661,61,78,311,u_to_v,1,86,312,61,78,61,78,
MOT17-02-FRCNN,1662,61,79,311,u_to_v,1,289,312,61,79,61,79,
MOT17-02-FRCNN,1663,61,81,311,u_to_v,1,289,312,61,81,61,81,
MOT17-02-FRCNN,1664,61,82,311,u_to_v,1,247,312,61,82,61,82,
MOT17-02-FRCNN,1665,61,87,311,u_to_v,1,141,312,61,87,61,87,
MOT17-02-FRCNN,1666,61,89,311,u_to_v,1,289,312,61,89,61,89,
MOT17-02-FRCNN,1667,1,4,315,u_to_v,1,16,316,1,4,1,4,
MOT17-02-FRCNN,1668,1,4,315,v_to_u,1,244,335,4,1,4,1,
MOT17-02-FRCNN,1669,1,8,315,u_to_v,1,14,316,1,8,1,8,
MOT17-02-FRCNN,1670,1,8,315,v_to_u,1,244,335,8,1,8,1,
MOT17-02-FRCNN,1671,1,16,315,u_to_v,1,8,316,1,16,1,16,
MOT17-02-FRCNN,1672,1,16,315,v_to_u,1,244,335,16,1,16,1,
MOT17-02-FRCNN,1673,3,16,323,v_to_u,1,122,324,16,3,16,3,
MOT17-02-FRCNN,1674,4,16,323,v_to_u,1,8,324,16,4,16,4,
MOT17-02-FRCNN,1675,6,16,323,v_to_u,1,88,324,16,6,16,6,
MOT17-02-FRCNN,1676,8,16,323,v_to_u,1,6,324,16,8,16,8,
MOT17-02-FRCNN,1677,13,16,323,v_to_u,1,70,324,16,13,16,13,
MOT17-02-FRCNN,1678,14,16,323,v_to_u,1,37,324,16,14,16,14,
MOT17-02-FRCNN,1679,16,20,323,u_to_v,1,55,324,16,20,16,20,
MOT17-02-FRCNN,1680,16,24,323,u_to_v,1,277,324,16,24,16,24,
MOT17-02-FRCNN,1681,16,31,323,u_to_v,1,77,324,16,31,16,31,
MOT17-02-FRCNN,1682,16,32,323,u_to_v,1,15,324,16,32,16,32,
MOT17-02-FRCNN,1683,16,36,323,u_to_v,1,86,324,16,36,16,36,
MOT17-02-FRCNN,1684,16,38,323,u_to_v,1,121,324,16,38,16,38,
MOT17-02-FRCNN,1685,16,40,323,u_to_v,1,91,324,16,40,16,40,
MOT17-02-FRCNN,1686,16,48,323,u_to_v,1,122,324,16,48,16,48,
MOT17-02-FRCNN,1687,16,53,323,u_to_v,1,43,324,16,53,16,53,
MOT17-02-FRCNN,1688,16,57,323,u_to_v,1,96,324,16,57,16,57,
MOT17-02-FRCNN,1689,16,60,323,u_to_v,1,80,324,16,60,16,60,
MOT17-02-FRCNN,1690,16,65,323,u_to_v,1,277,324,16,65,16,65,
MOT17-02-FRCNN,1691,16,67,323,u_to_v,1,67,324,16,67,16,67,
MOT17-02-FRCNN,1692,16,69,323,u_to_v,1,108,324,16,69,16,69,
MOT17-02-FRCNN,1693,16,73,323,u_to_v,1,277,324,16,73,16,73,
MOT17-02-FRCNN,1694,16,74,323,u_to_v,1,27,324,16,74,16,74,
MOT17-02-FRCNN,1695,16,76,323,u_to_v,1,30,324,16,76,16,76,
MOT17-02-FRCNN,1696,16,78,323,u_to_v,1,74,324,16,78,16,78,
MOT17-02-FRCNN,1697,16,79,323,u_to_v,1,277,324,16,79,16,79,
MOT17-02-FRCNN,1698,16,81,323,u_to_v,1,277,324,16,81,16,81,
MOT17-02-FRCNN,1699,16,82,323,u_to_v,1,235,324,16,82,16,82,
MOT17-02-FRCNN,1700,16,87,323,u_to_v,1,129,324,16,87,16,87,
MOT17-02-FRCNN,1701,16,89,323,u_to_v,1,277,324,16,89,16,89,
MOT17-02-FRCNN,1702,16,90,323,u_to_v,1,44,324,16,90,16,90,
MOT17-02-FRCNN,1703,3,8,329,v_to_u,1,116,330,8,3,8,3,
MOT17-02-FRCNN,1704,4,8,329,v_to_u,1,2,330,8,4,8,4,
MOT17-02-FRCNN,1705,6,8,329,v_to_u,1,82,330,8,6,8,6,
MOT17-02-FRCNN,1706,8,13,329,u_to_v,1,64,330,8,13,8,13,
MOT17-02-FRCNN,1707,8,14,329,u_to_v,1,31,330,8,14,8,14,
MOT17-02-FRCNN,1708,8,20,329,u_to_v,1,49,330,8,20,8,20,
MOT17-02-FRCNN,1709,8,24,329,u_to_v,1,271,330,8,24,8,24,
MOT17-02-FRCNN,1710,8,31,329,u_to_v,1,71,330,8,31,8,31,
MOT17-02-FRCNN,1711,8,32,329,u_to_v,1,9,330,8,32,8,32,
MOT17-02-FRCNN,1712,8,36,329,u_to_v,1,80,330,8,36,8,36,
MOT17-02-FRCNN,1713,8,38,329,u_to_v,1,115,330,8,38,8,38,
MOT17-02-FRCNN,1714,8,40,329,u_to_v,1,85,330,8,40,8,40,
MOT17-02-FRCNN,1715,8,48,329,u_to_v,1,116,330,8,48,8,48,
MOT17-02-FRCNN,1716,8,53,329,u_to_v,1,37,330,8,53,8,53,
MOT17-02-FRCNN,1717,8,57,329,u_to_v,1,90,330,8,57,8,57,
MOT17-02-FRCNN,1718,8,60,329,u_to_v,1,74,330,8,60,8,60,
MOT17-02-FRCNN,1719,8,65,329,u_to_v,1,271,330,8,65,8,65,
MOT17-02-FRCNN,1720,8,67,329,u_to_v,1,61,330,8,67,8,67,
MOT17-02-FRCNN,1721,8,69,329,u_to_v,1,102,330,8,69,8,69,
MOT17-02-FRCNN,1722,8,73,329,u_to_v,1,271,330,8,73,8,73,
MOT17-02-FRCNN,1723,8,74,329,u_to_v,1,21,330,8,74,8,74,
MOT17-02-FRCNN,1724,8,76,329,u_to_v,1,24,330,8,76,8,76,
MOT17-02-FRCNN,1725,8,78,329,u_to_v,1,68,330,8,78,8,78,
MOT17-02-FRCNN,1726,8,79,329,u_to_v,1,271,330,8,79,8,79,
MOT17-02-FRCNN,1727,8,81,329,u_to_v,1,271,330,8,81,8,81,
MOT17-02-FRCNN,1728,8,82,329,u_to_v,1,229,330,8,82,8,82,
MOT17-02-FRCNN,1729,8,87,329,u_to_v,1,123,330,8,87,8,87,
MOT17-02-FRCNN,1730,8,89,329,u_to_v,1,271,330,8,89,8,89,
MOT17-02-FRCNN,1731,8,90,329,u_to_v,1,38,330,8,90,8,90,
MOT17-02-FRCNN,1732,3,4,331,v_to_u,1,114,332,4,3,4,3,
MOT17-02-FRCNN,1733,4,6,331,u_to_v,1,80,332,4,6,4,6,
MOT17-02-FRCNN,1734,4,13,331,u_to_v,1,62,332,4,13,4,13,
MOT17-02-FRCNN,1735,4,14,331,u_to_v,1,29,332,4,14,4,14,
MOT17-02-FRCNN,1736,4,20,331,u_to_v,1,47,332,4,20,4,20,
MOT17-02-FRCNN,1737,4,24,331,u_to_v,1,269,332,4,24,4,24,
MOT17-02-FRCNN,1738,4,31,331,u_to_v,1,69,332,4,31,4,31,
MOT17-02-FRCNN,1739,4,32,331,u_to_v,1,7,332,4,32,4,32,
MOT17-02-FRCNN,1740,4,36,331,u_to_v,1,78,332,4,36,4,36,
MOT17-02-FRCNN,1741,4,38,331,u_to_v,1,113,332,4,38,4,38,
MOT17-02-FRCNN,1742,4,40,331,u_to_v,1,83,332,4,40,4,40,
MOT17-02-FRCNN,1743,4,48,331,u_to_v,1,114,332,4,48,4,48,
MOT17-02-FRCNN,1744,4,53,331,u_to_v,1,35,332,4,53,4,53,
MOT17-02-FRCNN,1745,4,57,331,u_to_v,1,88,332,4,57,4,57,
MOT17-02-FRCNN,1746,4,60,331,u_to_v,1,72,332,4,60,4,60,
MOT17-02-FRCNN,1747,4,65,331,u_to_v,1,269,332,4,65,4,65,
MOT17-02-FRCNN,1748,4,67,331,u_to_v,1,59,332,4,67,4,67,
MOT17-02-FRCNN,1749,4,69,331,u_to_v,1,100,332,4,69,4,69,
MOT17-02-FRCNN,1750,4,73,331,u_to_v,1,269,332,4,73,4,73,
MOT17-02-FRCNN,1751,4,74,331,u_to_v,1,19,332,4,74,4,74,
MOT17-02-FRCNN,1752,4,76,331,u_to_v,1,22,332,4,76,4,76,
MOT17-02-FRCNN,1753,4,78,331,u_to_v,1,66,332,4,78,4,78,
MOT17-02-FRCNN,1754,4,79,331,u_to_v,1,269,332,4,79,4,79,
MOT17-02-FRCNN,1755,4,81,331,u_to_v,1,269,332,4,81,4,81,
MOT17-02-FRCNN,1756,4,82,331,u_to_v,1,227,332,4,82,4,82,
MOT17-02-FRCNN,1757,4,87,331,u_to_v,1,121,332,4,87,4,87,
MOT17-02-FRCNN,1758,4,89,331,u_to_v,1,269,332,4,89,4,89,
MOT17-02-FRCNN,1759,4,90,331,u_to_v,1,36,332,4,90,4,90,
MOT17-02-FRCNN,1760,4,91,331,u_to_v,1,131,332,4,91,4,91,
MOT17-02-FRCNN,1761,3,92,334,v_to_u,1,111,335,92,3,92,3,
MOT17-02-FRCNN,1762,6,92,334,v_to_u,1,77,335,92,6,92,6,
MOT17-02-FRCNN,1763,13,92,334,v_to_u,1,59,335,92,13,92,13,
MOT17-02-FRCNN,1764,14,92,334,v_to_u,1,26,335,92,14,92,14,
MOT17-02-FRCNN,1765,20,92,334,v_to_u,1,44,335,92,20,92,20,
MOT17-02-FRCNN,1766,24,92,334,v_to_u,1,266,335,92,24,92,24,
MOT17-02-FRCNN,1767,31,92,334,v_to_u,1,66,335,92,31,92,31,
MOT17-02-FRCNN,1768,32,92,334,v_to_u,1,4,335,92,32,92,32,
MOT17-02-FRCNN,1769,36,92,334,v_to_u,1,75,335,92,36,92,36,
MOT17-02-FRCNN,1770,38,92,334,v_to_u,1,110,335,92,38,92,38,
MOT17-02-FRCNN,1771,40,92,334,v_to_u,1,80,335,92,40,92,40,
MOT17-02-FRCNN,1772,48,92,334,v_to_u,1,111,335,92,48,92,48,
MOT17-02-FRCNN,1773,53,92,334,v_to_u,1,32,335,92,53,92,53,
MOT17-02-FRCNN,1774,57,92,334,v_to_u,1,85,335,92,57,92,57,
MOT17-02-FRCNN,1775,60,92,334,v_to_u,1,69,335,92,60,92,60,
MOT17-02-FRCNN,1776,65,92,334,v_to_u,1,266,335,92,65,92,65,
MOT17-02-FRCNN,1777,67,92,334,v_to_u,1,56,335,92,67,92,67,
MOT17-02-FRCNN,1778,69,92,334,v_to_u,1,97,335,92,69,92,69,
MOT17-02-FRCNN,1779,73,92,334,v_to_u,1,266,335,92,73,92,73,
MOT17-02-FRCNN,1780,74,92,334,v_to_u,1,16,335,92,74,92,74,
MOT17-02-FRCNN,1781,76,92,334,v_to_u,1,19,335,92,76,92,76,
MOT17-02-FRCNN,1782,78,92,334,v_to_u,1,63,335,92,78,92,78,
MOT17-02-FRCNN,1783,79,92,334,v_to_u,1,266,335,92,79,92,79,
MOT17-02-FRCNN,1784,81,92,334,v_to_u,1,266,335,92,81,92,81,
MOT17-02-FRCNN,1785,82,92,334,v_to_u,1,224,335,92,82,92,82,
MOT17-02-FRCNN,1786,87,92,334,v_to_u,1,118,335,92,87,92,87,
MOT17-02-FRCNN,1787,89,92,334,v_to_u,1,266,335,92,89,92,89,
MOT17-02-FRCNN,1788,90,92,334,v_to_u,1,33,335,92,90,92,90,
MOT17-02-FRCNN,1789,91,92,334,v_to_u,1,128,335,92,91,92,91,
MOT17-02-FRCNN,1790,1,32,338,v_to_u,1,240,339,32,1,32,1,
MOT17-02-FRCNN,1791,3,32,338,v_to_u,1,107,339,32,3,32,3,
MOT17-02-FRCNN,1792,6,32,338,v_to_u,1,73,339,32,6,32,6,
MOT17-02-FRCNN,1793,13,32,338,v_to_u,1,55,339,32,13,32,13,
MOT17-02-FRCNN,1794,14,32,338,v_to_u,1,22,339,32,14,32,14,
MOT17-02-FRCNN,1795,20,32,338,v_to_u,1,40,339,32,20,32,20,
MOT17-02-FRCNN,1796,24,32,338,v_to_u,1,262,339,32,24,32,24,
MOT17-02-FRCNN,1797,31,32,338,v_to_u,1,62,339,32,31,32,31,
MOT17-02-FRCNN,1798,32,36,338,u_to_v,1,71,339,32,36,32,36,
MOT17-02-FRCNN,1799,32,38,338,u_to_v,1,106,339,32,38,32,38,
MOT17-02-FRCNN,1800,32,40,338,u_to_v,1,76,339,32,40,32,40,
MOT17-02-FRCNN,1801,32,48,338,u_to_v,1,107,339,32,48,32,48,
MOT17-02-FRCNN,1802,32,53,338,u_to_v,1,28,339,32,53,32,53,
MOT17-02-FRCNN,1803,32,57,338,u_to_v,1,81,339,32,57,32,57,
MOT17-02-FRCNN,1804,32,60,338,u_to_v,1,65,339,32,60,32,60,
MOT17-02-FRCNN,1805,32,65,338,u_to_v,1,262,339,32,65,32,65,
MOT17-02-FRCNN,1806,32,67,338,u_to_v,1,52,339,32,67,32,67,
MOT17-02-FRCNN,1807,32,69,338,u_to_v,1,93,339,32,69,32,69,
MOT17-02-FRCNN,1808,32,73,338,u_to_v,1,262,339,32,73,32,73,
MOT17-02-FRCNN,1809,32,74,338,u_to_v,1,12,339,32,74,32,74,
MOT17-02-FRCNN,1810,32,76,338,u_to_v,1,15,339,32,76,32,76,
MOT17-02-FRCNN,1811,32,78,338,u_to_v,1,59,339,32,78,32,78,
MOT17-02-FRCNN,1812,32,79,338,u_to_v,1,262,339,32,79,32,79,
MOT17-02-FRCNN,1813,32,81,338,u_to_v,1,262,339,32,81,32,81,
MOT17-02-FRCNN,1814,32,82,338,u_to_v,1,220,339,32,82,32,82,
MOT17-02-FRCNN,1815,32,87,338,u_to_v,1,114,339,32,87,32,87,
MOT17-02-FRCNN,1816,32,89,338,u_to_v,1,262,339,32,89,32,89,
MOT17-02-FRCNN,1817,32,90,338,u_to_v,1,29,339,32,90,32,90,
MOT17-02-FRCNN,1818,32,91,338,u_to_v,1,124,339,32,91,32,91,
MOT17-02-FRCNN,1819,32,93,338,u_to_v,1,262,339,32,93,32,93,
MOT17-02-FRCNN,1820,32,94,338,u_to_v,1,106,339,32,94,32,94,
MOT17-02-FRCNN,1821,1,74,350,v_to_u,1,228,351,74,1,74,1,
MOT17-02-FRCNN,1822,3,74,350,v_to_u,1,95,351,74,3,74,3,
MOT17-02-FRCNN,1823,6,74,350,v_to_u,1,61,351,74,6,74,6,
MOT17-02-FRCNN,1824,13,74,350,v_to_u,1,43,351,74,13,74,13,
MOT17-02-FRCNN,1825,14,74,350,v_to_u,1,10,351,74,14,74,14,
MOT17-02-FRCNN,1826,20,74,350,v_to_u,1,28,351,74,20,74,20,
MOT17-02-FRCNN,1827,24,74,350,v_to_u,1,250,351,74,24,74,24,
MOT17-02-FRCNN,1828,31,74,350,v_to_u,1,50,351,74,31,74,31,
MOT17-02-FRCNN,1829,36,74,350,v_to_u,1,59,351,74,36,74,36,
MOT17-02-FRCNN,1830,38,74,350,v_to_u,1,94,351,74,38,74,38,
MOT17-02-FRCNN,1831,40,74,350,v_to_u,1,64,351,74,40,74,40,
MOT17-02-FRCNN,1832,48,74,350,v_to_u,1,95,351,74,48,74,48,
MOT17-02-FRCNN,1833,53,74,350,v_to_u,1,16,351,74,53,74,53,
MOT17-02-FRCNN,1834,57,74,350,v_to_u,1,69,351,74,57,74,57,
MOT17-02-FRCNN,1835,60,74,350,v_to_u,1,53,351,74,60,74,60,
MOT17-02-FRCNN,1836,65,74,350,v_to_u,1,250,351,74,65,74,65,
MOT17-02-FRCNN,1837,67,74,350,v_to_u,1,40,351,74,67,74,67,
MOT17-02-FRCNN,1838,69,74,350,v_to_u,1,81,351,74,69,74,69,
MOT17-02-FRCNN,1839,73,74,350,v_to_u,1,250,351,74,73,74,73,
MOT17-02-FRCNN,1840,74,76,350,u_to_v,1,3,351,74,76,74,76,
MOT17-02-FRCNN,1841,74,78,350,u_to_v,1,47,351,74,78,74,78,
MOT17-02-FRCNN,1842,74,79,350,u_to_v,1,250,351,74,79,74,79,
MOT17-02-FRCNN,1843,74,81,350,u_to_v,1,250,351,74,81,74,81,
MOT17-02-FRCNN,1844,74,82,350,u_to_v,1,208,351,74,82,74,82,
MOT17-02-FRCNN,1845,74,87,350,u_to_v,1,102,351,74,87,74,87,
MOT17-02-FRCNN,1846,74,89,350,u_to_v,1,250,351,74,89,74,89,
MOT17-02-FRCNN,1847,74,90,350,u_to_v,1,17,351,74,90,74,90,
MOT17-02-FRCNN,1848,74,91,350,u_to_v,1,112,351,74,91,74,91,
MOT17-02-FRCNN,1849,74,93,350,u_to_v,1,250,351,74,93,74,93,
MOT17-02-FRCNN,1850,74,94,350,u_to_v,1,94,351,74,94,74,94,
MOT17-02-FRCNN,1851,74,95,350,u_to_v,1,146,351,74,95,74,95,
MOT17-02-FRCNN,1852,74,96,350,u_to_v,1,31,351,74,96,74,96,
MOT17-02-FRCNN,1853,1,76,353,v_to_u,1,225,354,76,1,76,1,
MOT17-02-FRCNN,1854,3,76,353,v_to_u,1,92,354,76,3,76,3,
MOT17-02-FRCNN,1855,6,76,353,v_to_u,1,58,354,76,6,76,6,
MOT17-02-FRCNN,1856,13,76,353,v_to_u,1,40,354,76,13,76,13,
MOT17-02-FRCNN,1857,14,76,353,v_to_u,1,7,354,76,14,76,14,
MOT17-02-FRCNN,1858,20,76,353,v_to_u,1,25,354,76,20,76,20,
MOT17-02-FRCNN,1859,24,76,353,v_to_u,1,247,354,76,24,76,24,
MOT17-02-FRCNN,1860,31,76,353,v_to_u,1,47,354,76,31,76,31,
MOT17-02-FRCNN,1861,36,76,353,v_to_u,1,56,354,76,36,76,36,
MOT17-02-FRCNN,1862,38,76,353,v_to_u,1,91,354,76,38,76,38,
MOT17-02-FRCNN,1863,40,76,353,v_to_u,1,61,354,76,40,76,40,
MOT17-02-FRCNN,1864,48,76,353,v_to_u,1,92,354,76,48,76,48,
MOT17-02-FRCNN,1865,53,76,353,v_to_u,1,13,354,76,53,76,53,
MOT17-02-FRCNN,1866,57,76,353,v_to_u,1,66,354,76,57,76,57,
MOT17-02-FRCNN,1867,60,76,353,v_to_u,1,50,354,76,60,76,60,
MOT17-02-FRCNN,1868,65,76,353,v_to_u,1,247,354,76,65,76,65,
MOT17-02-FRCNN,1869,67,76,353,v_to_u,1,37,354,76,67,76,67,
MOT17-02-FRCNN,1870,69,76,353,v_to_u,1,78,354,76,69,76,69,
MOT17-02-FRCNN,1871,73,76,353,v_to_u,1,247,354,76,73,76,73,
MOT17-02-FRCNN,1872,76,78,353,u_to_v,1,44,354,76,78,76,78,
MOT17-02-FRCNN,1873,76,79,353,u_to_v,1,247,354,76,79,76,79,
MOT17-02-FRCNN,1874,76,81,353,u_to_v,1,247,354,76,81,76,81,
MOT17-02-FRCNN,1875,76,82,353,u_to_v,1,205,354,76,82,76,82,
MOT17-02-FRCNN,1876,76,87,353,u_to_v,1,99,354,76,87,76,87,
MOT17-02-FRCNN,1877,76,89,353,u_to_v,1,247,354,76,89,76,89,
MOT17-02-FRCNN,1878,76,90,353,u_to_v,1,14,354,76,90,76,90,
MOT17-02-FRCNN,1879,76,91,353,u_to_v,1,109,354,76,91,76,91,
MOT17-02-FRCNN,1880,76,93,353,u_to_v,1,247,354,76,93,76,93,
MOT17-02-FRCNN,1881,76,94,353,u_to_v,1,91,354,76,94,76,94,
MOT17-02-FRCNN,1882,76,95,353,u_to_v,1,143,354,76,95,76,95,
MOT17-02-FRCNN,1883,76,96,353,u_to_v,1,28,354,76,96,76,96,
MOT17-02-FRCNN,1884,76,97,353,u_to_v,1,247,354,76,97,76,97,
MOT17-02-FRCNN,1885,1,14,360,v_to_u,1,218,361,14,1,14,1,
MOT17-02-FRCNN,1886,3,14,360,v_to_u,1,85,361,14,3,14,3,
MOT17-02-FRCNN,1887,6,14,360,v_to_u,1,51,361,14,6,14,6,
MOT17-02-FRCNN,1888,13,14,360,v_to_u,1,33,361,14,13,14,13,
MOT17-02-FRCNN,1889,14,20,360,u_to_v,1,18,361,14,20,14,20,
MOT17-02-FRCNN,1890,14,24,360,u_to_v,1,240,361,14,24,14,24,
MOT17-02-FRCNN,1891,14,31,360,u_to_v,1,40,361,14,31,14,31,
MOT17-02-FRCNN,1892,14,36,360,u_to_v,1,49,361,14,36,14,36,
MOT17-02-FRCNN,1893,14,38,360,u_to_v,1,84,361,14,38,14,38,
MOT17-02-FRCNN,1894,14,40,360,u_to_v,1,54,361,14,40,14,40,
MOT17-02-FRCNN,1895,14,48,360,u_to_v,1,85,361,14,48,14,48,
MOT17-02-FRCNN,1896,14,53,360,u_to_v,1,6,361,14,53,14,53,
MOT17-02-FRCNN,1897,14,57,360,u_to_v,1,59,361,14,57,14,57,
MOT17-02-FRCNN,1898,14,60,360,u_to_v,1,43,361,14,60,14,60,
MOT17-02-FRCNN,1899,14,65,360,u_to_v,1,240,361,14,65,14,65,
MOT17-02-FRCNN,1900,14,67,360,u_to_v,1,30,361,14,67,14,67,
MOT17-02-FRCNN,1901,14,69,360,u_to_v,1,71,361,14,69,14,69,
MOT17-02-FRCNN,1902,14,73,360,u_to_v,1,240,361,14,73,14,73,
MOT17-02-FRCNN,1903,14,78,360,u_to_v,1,37,361,14,78,14,78,
MOT17-02-FRCNN,1904,14,79,360,u_to_v,1,240,361,14,79,14,79,
MOT17-02-FRCNN,1905,14,81,360,u_to_v,1,240,361,14,81,14,81,
MOT17-02-FRCNN,1906,14,82,360,u_to_v,1,198,361,14,82,14,82,
MOT17-02-FRCNN,1907,14,87,360,u_to_v,1,92,361,14,87,14,87,
MOT17-02-FRCNN,1908,14,89,360,u_to_v,1,240,361,14,89,14,89,
MOT17-02-FRCNN,1909,14,90,360,u_to_v,1,7,361,14,90,14,90,
MOT17-02-FRCNN,1910,14,91,360,u_to_v,1,102,361,14,91,14,91,
MOT17-02-FRCNN,1911,14,93,360,u_to_v,1,240,361,14,93,14,93,
MOT17-02-FRCNN,1912,14,94,360,u_to_v,1,84,361,14,94,14,94,
MOT17-02-FRCNN,1913,14,95,360,u_to_v,1,136,361,14,95,14,95,
MOT17-02-FRCNN,1914,14,96,360,u_to_v,1,21,361,14,96,14,96,
MOT17-02-FRCNN,1915,14,97,360,u_to_v,1,240,361,14,97,14,97,
MOT17-02-FRCNN,1916,14,98,360,u_to_v,1,240,361,14,98,14,98,
MOT17-02-FRCNN,1917,1,100,361,v_to_u,1,217,362,100,1,100,1,
MOT17-02-FRCNN,1918,3,100,361,v_to_u,1,84,362,100,3,100,3,
MOT17-02-FRCNN,1919,6,100,361,v_to_u,1,50,362,100,6,100,6,
MOT17-02-FRCNN,1920,13,100,361,v_to_u,1,32,362,100,13,100,13,
MOT17-02-FRCNN,1921,20,100,361,v_to_u,1,17,362,100,20,100,20,
MOT17-02-FRCNN,1922,24,100,361,v_to_u,1,239,362,100,24,100,24,
MOT17-02-FRCNN,1923,31,100,361,v_to_u,1,39,362,100,31,100,31,
MOT17-02-FRCNN,1924,36,100,361,v_to_u,1,48,362,100,36,100,36,
MOT17-02-FRCNN,1925,38,100,361,v_to_u,1,83,362,100,38,100,38,
MOT17-02-FRCNN,1926,40,100,361,v_to_u,1,53,362,100,40,100,40,
MOT17-02-FRCNN,1927,48,100,361,v_to_u,1,84,362,100,48,100,48,
MOT17-02-FRCNN,1928,53,100,361,v_to_u,1,5,362,100,53,100,53,
MOT17-02-FRCNN,1929,57,100,361,v_to_u,1,58,362,100,57,100,57,
MOT17-02-FRCNN,1930,60,100,361,v_to_u,1,42,362,100,60,100,60,
MOT17-02-FRCNN,1931,65,100,361,v_to_u,1,239,362,100,65,100,65,
MOT17-02-FRCNN,1932,67,100,361,v_to_u,1,29,362,100,67,100,67,
MOT17-02-FRCNN,1933,69,100,361,v_to_u,1,70,362,100,69,100,69,
MOT17-02-FRCNN,1934,73,100,361,v_to_u,1,239,362,100,73,100,73,
MOT17-02-FRCNN,1935,78,100,361,v_to_u,1,36,362,100,78,100,78,
MOT17-02-FRCNN,1936,79,100,361,v_to_u,1,239,362,100,79,100,79,
MOT17-02-FRCNN,1937,81,100,361,v_to_u,1,239,362,100,81,100,81,
MOT17-02-FRCNN,1938,82,100,361,v_to_u,1,197,362,100,82,100,82,
MOT17-02-FRCNN,1939,87,100,361,v_to_u,1,91,362,100,87,100,87,
MOT17-02-FRCNN,1940,89,100,361,v_to_u,1,239,362,100,89,100,89,
MOT17-02-FRCNN,1941,90,100,361,v_to_u,1,6,362,100,90,100,90,
MOT17-02-FRCNN,1942,91,100,361,v_to_u,1,101,362,100,91,100,91,
MOT17-02-FRCNN,1943,93,100,361,v_to_u,1,239,362,100,93,100,93,
MOT17-02-FRCNN,1944,94,100,361,v_to_u,1,83,362,100,94,100,94,
MOT17-02-FRCNN,1945,95,100,361,v_to_u,1,135,362,100,95,100,95,
MOT17-02-FRCNN,1946,96,100,361,v_to_u,1,20,362,100,96,100,96,
MOT17-02-FRCNN,1947,97,100,361,v_to_u,1,239,362,100,97,100,97,
MOT17-02-FRCNN,1948,98,100,361,v_to_u,1,239,362,100,98,100,98,
MOT17-02-FRCNN,1949,99,100,361,v_to_u,1,88,362,100,99,100,99,
MOT17-02-FRCNN,1950,1,102,364,v_to_u,1,214,365,102,1,102,1,
MOT17-02-FRCNN,1951,3,102,364,v_to_u,1,81,365,102,3,102,3,
MOT17-02-FRCNN,1952,6,20,364,u_to_v,1,14,365,6,20,6,20,
MOT17-02-FRCNN,1953,6,20,364,v_to_u,1,47,393,20,6,20,6,
MOT17-02-FRCNN,1954,6,53,364,u_to_v,1,2,365,6,53,6,53,
MOT17-02-FRCNN,1955,6,53,364,v_to_u,1,47,393,53,6,53,6,
MOT17-02-FRCNN,1956,6,67,364,u_to_v,1,26,365,6,67,6,67,
MOT17-02-FRCNN,1957,6,67,364,v_to_u,1,47,393,67,6,67,6,
MOT17-02-FRCNN,1958,6,90,364,u_to_v,1,3,365,6,90,6,90,
MOT17-02-FRCNN,1959,6,90,364,v_to_u,1,47,393,90,6,90,6,
MOT17-02-FRCNN,1960,6,96,364,u_to_v,1,17,365,6,96,6,96,
MOT17-02-FRCNN,1961,6,96,364,v_to_u,1,47,393,96,6,96,6,
MOT17-02-FRCNN,1962,6,102,364,v_to_u,1,47,393,102,6,102,6,
MOT17-02-FRCNN,1963,13,102,364,v_to_u,1,29,365,102,13,102,13,
MOT17-02-FRCNN,1964,20,102,364,v_to_u,1,14,365,102,20,102,20,
MOT17-02-FRCNN,1965,24,102,364,v_to_u,1,236,365,102,24,102,24,
MOT17-02-FRCNN,1966,31,102,364,v_to_u,1,36,365,102,31,102,31,
MOT17-02-FRCNN,1967,36,102,364,v_to_u,1,45,365,102,36,102,36,
MOT17-02-FRCNN,1968,38,102,364,v_to_u,1,80,365,102,38,102,38,
MOT17-02-FRCNN,1969,40,102,364,v_to_u,1,50,365,102,40,102,40,
MOT17-02-FRCNN,1970,48,102,364,v_to_u,1,81,365,102,48,102,48,
MOT17-02-FRCNN,1971,53,102,364,v_to_u,1,2,365,102,53,102,53,
MOT17-02-FRCNN,1972,57,102,364,v_to_u,1,55,365,102,57,102,57,
MOT17-02-FRCNN,1973,60,102,364,v_to_u,1,39,365,102,60,102,60,
MOT17-02-FRCNN,1974,65,102,364,v_to_u,1,236,365,102,65,102,65,
MOT17-02-FRCNN,1975,67,102,364,v_to_u,1,26,365,102,67,102,67,
MOT17-02-FRCNN,1976,69,102,364,v_to_u,1,67,365,102,69,102,69,
MOT17-02-FRCNN,1977,73,102,364,v_to_u,1,236,365,102,73,102,73,
MOT17-02-FRCNN,1978,78,102,364,v_to_u,1,33,365,102,78,102,78,
MOT17-02-FRCNN,1979,79,102,364,v_to_u,1,236,365,102,79,102,79,
MOT17-02-FRCNN,1980,81,102,364,v_to_u,1,236,365,102,81,102,81,
MOT17-02-FRCNN,1981,82,102,364,v_to_u,1,194,365,102,82,102,82,
MOT17-02-FRCNN,1982,87,102,364,v_to_u,1,88,365,102,87,102,87,
MOT17-02-FRCNN,1983,89,102,364,v_to_u,1,236,365,102,89,102,89,
MOT17-02-FRCNN,1984,90,102,364,v_to_u,1,3,365,102,90,102,90,
MOT17-02-FRCNN,1985,91,102,364,v_to_u,1,98,365,102,91,102,91,
MOT17-02-FRCNN,1986,93,102,364,v_to_u,1,236,365,102,93,102,93,
MOT17-02-FRCNN,1987,94,102,364,v_to_u,1,80,365,102,94,102,94,
MOT17-02-FRCNN,1988,95,102,364,v_to_u,1,132,365,102,95,102,95,
MOT17-02-FRCNN,1989,96,102,364,v_to_u,1,17,365,102,96,102,96,
MOT17-02-FRCNN,1990,97,102,364,v_to_u,1,236,365,102,97,102,97,
MOT17-02-FRCNN,1991,98,102,364,v_to_u,1,236,365,102,98,102,98,
MOT17-02-FRCNN,1992,99,102,364,v_to_u,1,85,365,102,99,102,99,
MOT17-02-FRCNN,1993,101,102,364,v_to_u,1,100,365,102,101,102,101,
MOT17-02-FRCNN,1994,1,53,366,v_to_u,1,212,367,53,1,53,1,
MOT17-02-FRCNN,1995,3,53,366,v_to_u,1,79,367,53,3,53,3,
MOT17-02-FRCNN,1996,13,53,366,v_to_u,1,27,367,53,13,53,13,
MOT17-02-FRCNN,1997,20,53,366,v_to_u,1,12,367,53,20,53,20,
MOT17-02-FRCNN,1998,24,53,366,v_to_u,1,234,367,53,24,53,24,
MOT17-02-FRCNN,1999,31,53,366,v_to_u,1,34,367,53,31,53,31,
MOT17-02-FRCNN,2000,36,53,366,v_to_u,1,43,367,53,36,53,36,
MOT17-02-FRCNN,2001,38,53,366,v_to_u,1,78,367,53,38,53,38,
MOT17-02-FRCNN,2002,40,53,366,v_to_u,1,48,367,53,40,53,40,
MOT17-02-FRCNN,2003,48,53,366,v_to_u,1,79,367,53,48,53,48,
MOT17-02-FRCNN,2004,53,57,366,u_to_v,1,53,367,53,57,53,57,
MOT17-02-FRCNN,2005,53,60,366,u_to_v,1,37,367,53,60,53,60,
MOT17-02-FRCNN,2006,53,65,366,u_to_v,1,234,367,53,65,53,65,
MOT17-02-FRCNN,2007,53,67,366,u_to_v,1,24,367,53,67,53,67,
MOT17-02-FRCNN,2008,53,69,366,u_to_v,1,65,367,53,69,53,69,
MOT17-02-FRCNN,2009,53,73,366,u_to_v,1,234,367,53,73,53,73,
MOT17-02-FRCNN,2010,53,78,366,u_to_v,1,31,367,53,78,53,78,
MOT17-02-FRCNN,2011,53,79,366,u_to_v,1,234,367,53,79,53,79,
MOT17-02-FRCNN,2012,53,81,366,u_to_v,1,234,367,53,81,53,81,
MOT17-02-FRCNN,2013,53,82,366,u_to_v,1,192,367,53,82,53,82,
MOT17-02-FRCNN,2014,53,87,366,u_to_v,1,86,367,53,87,53,87,
MOT17-02-FRCNN,2015,53,89,366,u_to_v,1,234,367,53,89,53,89,
MOT17-02-FRCNN,2016,53,90,366,u_to_v,1,1,367,53,90,53,90,
MOT17-02-FRCNN,2017,53,91,366,u_to_v,1,96,367,53,91,53,91,
MOT17-02-FRCNN,2018,53,93,366,u_to_v,1,234,367,53,93,53,93,
MOT17-02-FRCNN,2019,53,94,366,u_to_v,1,78,367,53,94,53,94,
MOT17-02-FRCNN,2020,53,95,366,u_to_v,1,130,367,53,95,53,95,
MOT17-02-FRCNN,2021,53,96,366,u_to_v,1,15,367,53,96,53,96,
MOT17-02-FRCNN,2022,53,97,366,u_to_v,1,234,367,53,97,53,97,
MOT17-02-FRCNN,2023,53,98,366,u_to_v,1,234,367,53,98,53,98,
MOT17-02-FRCNN,2024,53,99,366,u_to_v,1,83,367,53,99,53,99,
MOT17-02-FRCNN,2025,53,101,366,u_to_v,1,98,367,53,101,53,101,
MOT17-02-FRCNN,2026,53,103,366,u_to_v,1,64,367,53,103,53,103,
MOT17-02-FRCNN,2027,1,90,367,v_to_u,1,211,368,90,1,90,1,
MOT17-02-FRCNN,2028,3,90,367,v_to_u,1,78,368,90,3,90,3,
MOT17-02-FRCNN,2029,13,90,367,v_to_u,1,26,368,90,13,90,13,
MOT17-02-FRCNN,2030,20,90,367,v_to_u,1,11,368,90,20,90,20,
MOT17-02-FRCNN,2031,24,90,367,v_to_u,1,233,368,90,24,90,24,
MOT17-02-FRCNN,2032,31,90,367,v_to_u,1,33,368,90,31,90,31,
MOT17-02-FRCNN,2033,36,90,367,v_to_u,1,42,368,90,36,90,36,
MOT17-02-FRCNN,2034,38,90,367,v_to_u,1,77,368,90,38,90,38,
MOT17-02-FRCNN,2035,40,90,367,v_to_u,1,47,368,90,40,90,40,
MOT17-02-FRCNN,2036,48,90,367,v_to_u,1,78,368,90,48,90,48,
MOT17-02-FRCNN,2037,57,90,367,v_to_u,1,52,368,90,57,90,57,
MOT17-02-FRCNN,2038,60,90,367,v_to_u,1,36,368,90,60,90,60,
MOT17-02-FRCNN,2039,65,90,367,v_to_u,1,233,368,90,65,90,65,
MOT17-02-FRCNN,2040,67,90,367,v_to_u,1,23,368,90,67,90,67,
MOT17-02-FRCNN,2041,69,90,367,v_to_u,1,64,368,90,69,90,69,
MOT17-02-FRCNN,2042,73,90,367,v_to_u,1,233,368,90,73,90,73,
MOT17-02-FRCNN,2043,78,90,367,v_to_u,1,30,368,90,78,90,78,
MOT17-02-FRCNN,2044,79,90,367,v_to_u,1,233,368,90,79,90,79,
MOT17-02-FRCNN,2045,81,90,367,v_to_u,1,233,368,90,81,90,81,
MOT17-02-FRCNN,2046,82,90,367,v_to_u,1,191,368,90,82,90,82,
MOT17-02-FRCNN,2047,87,90,367,v_to_u,1,85,368,90,87,90,87,
MOT17-02-FRCNN,2048,89,90,367,v_to_u,1,233,368,90,89,90,89,
MOT17-02-FRCNN,2049,90,91,367,u_to_v,1,95,368,90,91,90,91,
MOT17-02-FRCNN,2050,90,93,367,u_to_v,1,233,368,90,93,90,93,
MOT17-02-FRCNN,2051,90,94,367,u_to_v,1,77,368,90,94,90,94,
MOT17-02-FRCNN,2052,90,95,367,u_to_v,1,129,368,90,95,90,95,
MOT17-02-FRCNN,2053,90,96,367,u_to_v,1,14,368,90,96,90,96,
MOT17-02-FRCNN,2054,90,97,367,u_to_v,1,233,368,90,97,90,97,
MOT17-02-FRCNN,2055,90,98,367,u_to_v,1,233,368,90,98,90,98,
MOT17-02-FRCNN,2056,90,99,367,u_to_v,1,82,368,90,99,90,99,
MOT17-02-FRCNN,2057,90,101,367,u_to_v,1,97,368,90,101,90,101,
MOT17-02-FRCNN,2058,90,103,367,u_to_v,1,63,368,90,103,90,103,
MOT17-02-FRCNN,2059,1,20,378,v_to_u,1,200,379,20,1,20,1,
MOT17-02-FRCNN,2060,3,20,378,v_to_u,1,67,379,20,3,20,3,
MOT17-02-FRCNN,2061,13,20,378,v_to_u,1,15,379,20,13,20,13,
MOT17-02-FRCNN,2062,20,24,378,u_to_v,1,222,379,20,24,20,24,
MOT17-02-FRCNN,2063,20,31,378,u_to_v,1,22,379,20,31,20,31,
MOT17-02-FRCNN,2064,20,36,378,u_to_v,1,31,379,20,36,20,36,
MOT17-02-FRCNN,2065,20,38,378,u_to_v,1,66,379,20,38,20,38,
MOT17-02-FRCNN,2066,20,40,378,u_to_v,1,36,379,20,40,20,40,
MOT17-02-FRCNN,2067,20,48,378,u_to_v,1,67,379,20,48,20,48,
MOT17-02-FRCNN,2068,20,57,378,u_to_v,1,41,379,20,57,20,57,
MOT17-02-FRCNN,2069,20,60,378,u_to_v,1,25,379,20,60,20,60,
MOT17-02-FRCNN,2070,20,65,378,u_to_v,1,222,379,20,65,20,65,
MOT17-02-FRCNN,2071,20,67,378,u_to_v,1,12,379,20,67,20,67,
MOT17-02-FRCNN,2072,20,69,378,u_to_v,1,53,379,20,69,20,69,
MOT17-02-FRCNN,2073,20,73,378,u_to_v,1,222,379,20,73,20,73,
MOT17-02-FRCNN,2074,20,78,378,u_to_v,1,19,379,20,78,20,78,
MOT17-02-FRCNN,2075,20,79,378,u_to_v,1,222,379,20,79,20,79,
MOT17-02-FRCNN,2076,20,81,378,u_to_v,1,222,379,20,81,20,81,
MOT17-02-FRCNN,2077,20,82,378,u_to_v,1,180,379,20,82,20,82,
MOT17-02-FRCNN,2078,20,87,378,u_to_v,1,74,379,20,87,20,87,
MOT17-02-FRCNN,2079,20,89,378,u_to_v,1,222,379,20,89,20,89,
MOT17-02-FRCNN,2080,20,91,378,u_to_v,1,84,379,20,91,20,91,
MOT17-02-FRCNN,2081,20,93,378,u_to_v,1,222,379,20,93,20,93,
MOT17-02-FRCNN,2082,20,94,378,u_to_v,1,66,379,20,94,20,94,
MOT17-02-FRCNN,2083,20,95,378,u_to_v,1,118,379,20,95,20,95,
MOT17-02-FRCNN,2084,20,96,378,u_to_v,1,3,379,20,96,20,96,
MOT17-02-FRCNN,2085,20,97,378,u_to_v,1,222,379,20,97,20,97,
MOT17-02-FRCNN,2086,20,98,378,u_to_v,1,222,379,20,98,20,98,
MOT17-02-FRCNN,2087,20,99,378,u_to_v,1,71,379,20,99,20,99,
MOT17-02-FRCNN,2088,20,101,378,u_to_v,1,86,379,20,101,20,101,
MOT17-02-FRCNN,2089,20,103,378,u_to_v,1,52,379,20,103,20,103,
MOT17-02-FRCNN,2090,20,104,378,u_to_v,1,30,379,20,104,20,104,
MOT17-02-FRCNN,2091,20,105,378,u_to_v,1,222,379,20,105,20,105,
MOT17-02-FRCNN,2092,1,96,381,v_to_u,1,197,382,96,1,96,1,
MOT17-02-FRCNN,2093,3,96,381,v_to_u,1,64,382,96,3,96,3,
MOT17-02-FRCNN,2094,13,96,381,v_to_u,1,12,382,96,13,96,13,
MOT17-02-FRCNN,2095,24,96,381,v_to_u,1,219,382,96,24,96,24,
MOT17-02-FRCNN,2096,31,96,381,v_to_u,1,19,382,96,31,96,31,
MOT17-02-FRCNN,2097,36,96,381,v_to_u,1,28,382,96,36,96,36,
MOT17-02-FRCNN,2098,38,96,381,v_to_u,1,63,382,96,38,96,38,
MOT17-02-FRCNN,2099,40,96,381,v_to_u,1,33,382,96,40,96,40,
MOT17-02-FRCNN,2100,48,96,381,v_to_u,1,64,382,96,48,96,48,
MOT17-02-FRCNN,2101,57,96,381,v_to_u,1,38,382,96,57,96,57,
MOT17-02-FRCNN,2102,60,96,381,v_to_u,1,22,382,96,60,96,60,
MOT17-02-FRCNN,2103,65,96,381,v_to_u,1,219,382,96,65,96,65,
MOT17-02-FRCNN,2104,67,96,381,v_to_u,1,9,382,96,67,96,67,
MOT17-02-FRCNN,2105,69,96,381,v_to_u,1,50,382,96,69,96,69,
MOT17-02-FRCNN,2106,73,96,381,v_to_u,1,219,382,96,73,96,73,
MOT17-02-FRCNN,2107,78,96,381,v_to_u,1,16,382,96,78,96,78,
MOT17-02-FRCNN,2108,79,96,381,v_to_u,1,219,382,96,79,96,79,
MOT17-02-FRCNN,2109,81,96,381,v_to_u,1,219,382,96,81,96,81,
MOT17-02-FRCNN,2110,82,96,381,v_to_u,1,177,382,96,82,96,82,
MOT17-02-FRCNN,2111,87,96,381,v_to_u,1,71,382,96,87,96,87,
MOT17-02-FRCNN,2112,89,96,381,v_to_u,1,219,382,96,89,96,89,
MOT17-02-FRCNN,2113,91,96,381,v_to_u,1,81,382,96,91,96,91,
MOT17-02-FRCNN,2114,93,96,381,v_to_u,1,219,382,96,93,96,93,
MOT17-02-FRCNN,2115,94,96,381,v_to_u,1,63,382,96,94,96,94,
MOT17-02-FRCNN,2116,95,96,381,v_to_u,1,115,382,96,95,96,95,
MOT17-02-FRCNN,2117,96,97,381,u_to_v,1,219,382,96,97,96,97,
MOT17-02-FRCNN,2118,96,98,381,u_to_v,1,219,382,96,98,96,98,
MOT17-02-FRCNN,2119,96,99,381,u_to_v,1,68,382,96,99,96,99,
MOT17-02-FRCNN,2120,96,101,381,u_to_v,1,83,382,96,101,96,101,
MOT17-02-FRCNN,2121,96,103,381,u_to_v,1,49,382,96,103,96,103,
MOT17-02-FRCNN,2122,96,104,381,u_to_v,1,27,382,96,104,96,104,
MOT17-02-FRCNN,2123,96,105,381,u_to_v,1,219,382,96,105,96,105,
MOT17-02-FRCNN,2124,1,107,383,v_to_u,1,195,384,107,1,107,1,
MOT17-02-FRCNN,2125,3,107,383,v_to_u,1,62,384,107,3,107,3,
MOT17-02-FRCNN,2126,13,107,383,v_to_u,1,10,384,107,13,107,13,
MOT17-02-FRCNN,2127,24,107,383,v_to_u,1,217,384,107,24,107,24,
MOT17-02-FRCNN,2128,31,107,383,v_to_u,1,17,384,107,31,107,31,
MOT17-02-FRCNN,2129,36,107,383,v_to_u,1,26,384,107,36,107,36,
MOT17-02-FRCNN,2130,38,107,383,v_to_u,1,61,384,107,38,107,38,
MOT17-02-FRCNN,2131,40,107,383,v_to_u,1,31,384,107,40,107,40,
MOT17-02-FRCNN,2132,48,107,383,v_to_u,1,62,384,107,48,107,48,
MOT17-02-FRCNN,2133,57,107,383,v_to_u,1,36,384,107,57,107,57,
MOT17-02-FRCNN,2134,60,107,383,v_to_u,1,20,384,107,60,107,60,
MOT17-02-FRCNN,2135,65,107,383,v_to_u,1,217,384,107,65,107,65,
MOT17-02-FRCNN,2136,67,107,383,v_to_u,1,7,384,107,67,107,67,
MOT17-02-FRCNN,2137,69,107,383,v_to_u,1,48,384,107,69,107,69,
MOT17-02-FRCNN,2138,73,107,383,v_to_u,1,217,384,107,73,107,73,
MOT17-02-FRCNN,2139,78,107,383,v_to_u,1,14,384,107,78,107,78,
MOT17-02-FRCNN,2140,79,107,383,v_to_u,1,217,384,107,79,107,79,
MOT17-02-FRCNN,2141,81,107,383,v_to_u,1,217,384,107,81,107,81,
MOT17-02-FRCNN,2142,82,107,383,v_to_u,1,175,384,107,82,107,82,
MOT17-02-FRCNN,2143,87,107,383,v_to_u,1,69,384,107,87,107,87,
MOT17-02-FRCNN,2144,89,107,383,v_to_u,1,217,384,107,89,107,89,
MOT17-02-FRCNN,2145,91,107,383,v_to_u,1,79,384,107,91,107,91,
MOT17-02-FRCNN,2146,93,107,383,v_to_u,1,217,384,107,93,107,93,
MOT17-02-FRCNN,2147,94,107,383,v_to_u,1,61,384,107,94,107,94,
MOT17-02-FRCNN,2148,95,107,383,v_to_u,1,113,384,107,95,107,95,
MOT17-02-FRCNN,2149,97,107,383,v_to_u,1,217,384,107,97,107,97,
MOT17-02-FRCNN,2150,98,107,383,v_to_u,1,217,384,107,98,107,98,
MOT17-02-FRCNN,2151,99,107,383,v_to_u,1,66,384,107,99,107,99,
MOT17-02-FRCNN,2152,101,107,383,v_to_u,1,81,384,107,101,107,101,
MOT17-02-FRCNN,2153,103,107,383,v_to_u,1,47,384,107,103,107,103,
MOT17-02-FRCNN,2154,104,107,383,v_to_u,1,25,384,107,104,107,104,
MOT17-02-FRCNN,2155,105,107,383,v_to_u,1,217,384,107,105,107,105,
MOT17-02-FRCNN,2156,106,107,383,v_to_u,1,70,384,107,106,107,106,
MOT17-02-FRCNN,2157,1,108,386,v_to_u,1,192,387,108,1,108,1,
MOT17-02-FRCNN,2158,3,108,386,v_to_u,1,59,387,108,3,108,3,
MOT17-02-FRCNN,2159,13,108,386,v_to_u,1,7,387,108,13,108,13,
MOT17-02-FRCNN,2160,24,108,386,v_to_u,1,214,387,108,24,108,24,
MOT17-02-FRCNN,2161,31,108,386,v_to_u,1,14,387,108,31,108,31,
MOT17-02-FRCNN,2162,36,108,386,v_to_u,1,23,387,108,36,108,36,
MOT17-02-FRCNN,2163,38,108,386,v_to_u,1,58,387,108,38,108,38,
MOT17-02-FRCNN,2164,40,108,386,v_to_u,1,28,387,108,40,108,40,
MOT17-02-FRCNN,2165,48,108,386,v_to_u,1,59,387,108,48,108,48,
MOT17-02-FRCNN,2166,57,108,386,v_to_u,1,33,387,108,57,108,57,
MOT17-02-FRCNN,2167,60,108,386,v_to_u,1,17,387,108,60,108,60,
MOT17-02-FRCNN,2168,65,108,386,v_to_u,1,214,387,108,65,108,65,
MOT17-02-FRCNN,2169,67,108,386,v_to_u,1,4,387,108,67,108,67,
MOT17-02-FRCNN,2170,69,108,386,v_to_u,1,45,387,108,69,108,69,
MOT17-02-FRCNN,2171,73,108,386,v_to_u,1,214,387,108,73,108,73,
MOT17-02-FRCNN,2172,78,108,386,v_to_u,1,11,387,108,78,108,78,
MOT17-02-FRCNN,2173,79,108,386,v_to_u,1,214,387,108,79,108,79,
MOT17-02-FRCNN,2174,81,108,386,v_to_u,1,214,387,108,81,108,81,
MOT17-02-FRCNN,2175,82,108,386,v_to_u,1,172,387,108,82,108,82,
MOT17-02-FRCNN,2176,87,108,386,v_to_u,1,66,387,108,87,108,87,
MOT17-02-FRCNN,2177,89,108,386,v_to_u,1,214,387,108,89,108,89,
MOT17-02-FRCNN,2178,91,108,386,v_to_u,1,76,387,108,91,108,91,
MOT17-02-FRCNN,2179,93,108,386,v_to_u,1,214,387,108,93,108,93,
MOT17-02-FRCNN,2180,94,108,386,v_to_u,1,58,387,108,94,108,94,
MOT17-02-FRCNN,2181,95,108,386,v_to_u,1,110,387,108,95,108,95,
MOT17-02-FRCNN,2182,97,108,386,v_to_u,1,214,387,108,97,108,97,
MOT17-02-FRCNN,2183,98,108,386,v_to_u,1,214,387,108,98,108,98,
MOT17-02-FRCNN,2184,99,108,386,v_to_u,1,63,387,108,99,108,99,
MOT17-02-FRCNN,2185,101,108,386,v_to_u,1,78,387,108,101,108,101,
MOT17-02-FRCNN,2186,103,108,386,v_to_u,1,44,387,108,103,108,103,
MOT17-02-FRCNN,2187,104,108,386,v_to_u,1,22,387,108,104,108,104,
MOT17-02-FRCNN,2188,105,108,386,v_to_u,1,214,387,108,105,108,105,
MOT17-02-FRCNN,2189,106,108,386,v_to_u,1,67,387,108,106,108,106,
MOT17-02-FRCNN,2190,1,109,389,v_to_u,1,189,390,109,1,109,1,
MOT17-02-FRCNN,2191,3,109,389,v_to_u,1,56,390,109,3,109,3,
MOT17-02-FRCNN,2192,13,109,389,v_to_u,1,4,390,109,13,109,13,
MOT17-02-FRCNN,2193,24,109,389,v_to_u,1,211,390,109,24,109,24,
MOT17-02-FRCNN,2194,31,109,389,v_to_u,1,11,390,109,31,109,31,
MOT17-02-FRCNN,2195,36,109,389,v_to_u,1,20,390,109,36,109,36,
MOT17-02-FRCNN,2196,38,109,389,v_to_u,1,55,390,109,38,109,38,
MOT17-02-FRCNN,2197,40,109,389,v_to_u,1,25,390,109,40,109,40,
MOT17-02-FRCNN,2198,48,109,389,v_to_u,1,56,390,109,48,109,48,
MOT17-02-FRCNN,2199,57,109,389,v_to_u,1,30,390,109,57,109,57,
MOT17-02-FRCNN,2200,60,109,389,v_to_u,1,14,390,109,60,109,60,
MOT17-02-FRCNN,2201,65,109,389,v_to_u,1,211,390,109,65,109,65,
MOT17-02-FRCNN,2202,67,109,389,v_to_u,1,1,390,109,67,109,67,
MOT17-02-FRCNN,2203,69,109,389,v_to_u,1,42,390,109,69,109,69,
MOT17-02-FRCNN,2204,73,109,389,v_to_u,1,211,390,109,73,109,73,
MOT17-02-FRCNN,2205,78,109,389,v_to_u,1,8,390,109,78,109,78,
MOT17-02-FRCNN,2206,79,109,389,v_to_u,1,211,390,109,79,109,79,
MOT17-02-FRCNN,2207,81,109,389,v_to_u,1,211,390,109,81,109,81,
MOT17-02-FRCNN,2208,82,109,389,v_to_u,1,169,390,109,82,109,82,
MOT17-02-FRCNN,2209,87,109,389,v_to_u,1,63,390,109,87,109,87,
MOT17-02-FRCNN,2210,89,109,389,v_to_u,1,211,390,109,89,109,89,
MOT17-02-FRCNN,2211,91,109,389,v_to_u,1,73,390,109,91,109,91,
MOT17-02-FRCNN,2212,93,109,389,v_to_u,1,211,390,109,93,109,93,
MOT17-02-FRCNN,2213,94,109,389,v_to_u,1,55,390,109,94,109,94,
MOT17-02-FRCNN,2214,95,109,389,v_to_u,1,107,390,109,95,109,95,
MOT17-02-FRCNN,2215,97,109,389,v_to_u,1,211,390,109,97,109,97,
MOT17-02-FRCNN,2216,98,109,389,v_to_u,1,211,390,109,98,109,98,
MOT17-02-FRCNN,2217,99,109,389,v_to_u,1,60,390,109,99,109,99,
MOT17-02-FRCNN,2218,101,109,389,v_to_u,1,75,390,109,101,109,101,
MOT17-02-FRCNN,2219,103,109,389,v_to_u,1,41,390,109,103,109,103,
MOT17-02-FRCNN,2220,104,109,389,v_to_u,1,19,390,109,104,109,104,
MOT17-02-FRCNN,2221,105,109,389,v_to_u,1,211,390,109,105,109,105,
MOT17-02-FRCNN,2222,106,109,389,v_to_u,1,64,390,109,106,109,106,
MOT17-02-FRCNN,2223,1,67,390,v_to_u,1,188,391,67,1,67,1,
MOT17-02-FRCNN,2224,3,67,390,v_to_u,1,55,391,67,3,67,3,
MOT17-02-FRCNN,2225,13,67,390,v_to_u,1,3,391,67,13,67,13,
MOT17-02-FRCNN,2226,24,67,390,v_to_u,1,210,391,67,24,67,24,
MOT17-02-FRCNN,2227,31,67,390,v_to_u,1,10,391,67,31,67,31,
MOT17-02-FRCNN,2228,36,67,390,v_to_u,1,19,391,67,36,67,36,
MOT17-02-FRCNN,2229,38,67,390,v_to_u,1,54,391,67,38,67,38,
MOT17-02-FRCNN,2230,40,67,390,v_to_u,1,24,391,67,40,67,40,
MOT17-02-FRCNN,2231,48,67,390,v_to_u,1,55,391,67,48,67,48,
MOT17-02-FRCNN,2232,57,67,390,v_to_u,1,29,391,67,57,67,57,
MOT17-02-FRCNN,2233,60,67,390,v_to_u,1,13,391,67,60,67,60,
MOT17-02-FRCNN,2234,65,67,390,v_to_u,1,210,391,67,65,67,65,
MOT17-02-FRCNN,2235,67,69,390,u_to_v,1,41,391,67,69,67,69,
MOT17-02-FRCNN,2236,67,73,390,u_to_v,1,210,391,67,73,67,73,
MOT17-02-FRCNN,2237,67,78,390,u_to_v,1,7,391,67,78,67,78,
MOT17-02-FRCNN,2238,67,79,390,u_to_v,1,210,391,67,79,67,79,
MOT17-02-FRCNN,2239,67,81,390,u_to_v,1,210,391,67,81,67,81,
MOT17-02-FRCNN,2240,67,82,390,u_to_v,1,168,391,67,82,67,82,
MOT17-02-FRCNN,2241,67,87,390,u_to_v,1,62,391,67,87,67,87,
MOT17-02-FRCNN,2242,67,89,390,u_to_v,1,210,391,67,89,67,89,
MOT17-02-FRCNN,2243,67,91,390,u_to_v,1,72,391,67,91,67,91,
MOT17-02-FRCNN,2244,67,93,390,u_to_v,1,210,391,67,93,67,93,
MOT17-02-FRCNN,2245,67,94,390,u_to_v,1,54,391,67,94,67,94,
MOT17-02-FRCNN,2246,67,95,390,u_to_v,1,106,391,67,95,67,95,
MOT17-02-FRCNN,2247,67,97,390,u_to_v,1,210,391,67,97,67,97,
MOT17-02-FRCNN,2248,67,98,390,u_to_v,1,210,391,67,98,67,98,
MOT17-02-FRCNN,2249,67,99,390,u_to_v,1,59,391,67,99,67,99,
MOT17-02-FRCNN,2250,67,101,390,u_to_v,1,74,391,67,101,67,101,
MOT17-02-FRCNN,2251,67,103,390,u_to_v,1,40,391,67,103,67,103,
MOT17-02-FRCNN,2252,67,104,390,u_to_v,1,18,391,67,104,67,104,
MOT17-02-FRCNN,2253,67,105,390,u_to_v,1,210,391,67,105,67,105,
MOT17-02-FRCNN,2254,67,106,390,u_to_v,1,63,391,67,106,67,106,
MOT17-02-FRCNN,2255,1,13,393,v_to_u,1,185,394,13,1,13,1,
MOT17-02-FRCNN,2256,3,13,393,v_to_u,1,52,394,13,3,13,3,
MOT17-02-FRCNN,2257,6,13,393,v_to_u,1,46,394,13,6,13,6,
MOT17-02-FRCNN,2258,13,24,393,u_to_v,1,207,394,13,24,13,24,
MOT17-02-FRCNN,2259,13,31,393,u_to_v,1,7,394,13,31,13,31,
MOT17-02-FRCNN,2260,13,36,393,u_to_v,1,16,394,13,36,13,36,
MOT17-02-FRCNN,2261,13,38,393,u_to_v,1,51,394,13,38,13,38,
MOT17-02-FRCNN,2262,13,40,393,u_to_v,1,21,394,13,40,13,40,
MOT17-02-FRCNN,2263,13,48,393,u_to_v,1,52,394,13,48,13,48,
MOT17-02-FRCNN,2264,13,57,393,u_to_v,1,26,394,13,57,13,57,
MOT17-02-FRCNN,2265,13,60,393,u_to_v,1,10,394,13,60,13,60,
MOT17-02-FRCNN,2266,13,65,393,u_to_v,1,207,394,13,65,13,65,
MOT17-02-FRCNN,2267,13,69,393,u_to_v,1,38,394,13,69,13,69,
MOT17-02-FRCNN,2268,13,73,393,u_to_v,1,207,394,13,73,13,73,
MOT17-02-FRCNN,2269,13,78,393,u_to_v,1,4,394,13,78,13,78,
MOT17-02-FRCNN,2270,13,79,393,u_to_v,1,207,394,13,79,13,79,
MOT17-02-FRCNN,2271,13,81,393,u_to_v,1,207,394,13,81,13,81,
MOT17-02-FRCNN,2272,13,82,393,u_to_v,1,165,394,13,82,13,82,
MOT17-02-FRCNN,2273,13,87,393,u_to_v,1,59,394,13,87,13,87,
MOT17-02-FRCNN,2274,13,89,393,u_to_v,1,207,394,13,89,13,89,
MOT17-02-FRCNN,2275,13,91,393,u_to_v,1,69,394,13,91,13,91,
MOT17-02-FRCNN,2276,13,93,393,u_to_v,1,207,394,13,93,13,93,
MOT17-02-FRCNN,2277,13,94,393,u_to_v,1,51,394,13,94,13,94,
MOT17-02-FRCNN,2278,13,95,393,u_to_v,1,103,394,13,95,13,95,
MOT17-02-FRCNN,2279,13,97,393,u_to_v,1,207,394,13,97,13,97,
MOT17-02-FRCNN,2280,13,98,393,u_to_v,1,207,394,13,98,13,98,
MOT17-02-FRCNN,2281,13,99,393,u_to_v,1,56,394,13,99,13,99,
MOT17-02-FRCNN,2282,13,101,393,u_to_v,1,71,394,13,101,13,101,
MOT17-02-FRCNN,2283,13,103,393,u_to_v,1,37,394,13,103,13,103,
MOT17-02-FRCNN,2284,13,104,393,u_to_v,1,15,394,13,104,13,104,
MOT17-02-FRCNN,2285,13,105,393,u_to_v,1,207,394,13,105,13,105,
MOT17-02-FRCNN,2286,13,106,393,u_to_v,1,60,394,13,106,13,106,
MOT17-02-FRCNN,2287,13,110,393,u_to_v,1,37,394,13,110,13,110,
MOT17-02-FRCNN,2288,1,78,397,v_to_u,1,181,398,78,1,78,1,
MOT17-02-FRCNN,2289,3,78,397,v_to_u,1,48,398,78,3,78,3,
MOT17-02-FRCNN,2290,6,78,397,v_to_u,1,42,398,78,6,78,6,
MOT17-02-FRCNN,2291,24,78,397,v_to_u,1,203,398,78,24,78,24,
MOT17-02-FRCNN,2292,31,78,397,v_to_u,1,3,398,78,31,78,31,
MOT17-02-FRCNN,2293,36,78,397,v_to_u,1,12,398,78,36,78,36,
MOT17-02-FRCNN,2294,38,78,397,v_to_u,1,47,398,78,38,78,38,
MOT17-02-FRCNN,2295,40,78,397,v_to_u,1,17,398,78,40,78,40,
MOT17-02-FRCNN,2296,48,78,397,v_to_u,1,48,398,78,48,78,48,
MOT17-02-FRCNN,2297,57,78,397,v_to_u,1,22,398,78,57,78,57,
MOT17-02-FRCNN,2298,60,78,397,v_to_u,1,6,398,78,60,78,60,
MOT17-02-FRCNN,2299,65,78,397,v_to_u,1,203,398,78,65,78,65,
MOT17-02-FRCNN,2300,69,78,397,v_to_u,1,34,398,78,69,78,69,
MOT17-02-FRCNN,2301,73,78,397,v_to_u,1,203,398,78,73,78,73,
MOT17-02-FRCNN,2302,78,79,397,u_to_v,1,203,398,78,79,78,79,
MOT17-02-FRCNN,2303,78,81,397,u_to_v,1,203,398,78,81,78,81,
MOT17-02-FRCNN,2304,78,82,397,u_to_v,1,161,398,78,82,78,82,
MOT17-02-FRCNN,2305,78,87,397,u_to_v,1,55,398,78,87,78,87,
MOT17-02-FRCNN,2306,78,89,397,u_to_v,1,203,398,78,89,78,89,
MOT17-02-FRCNN,2307,78,91,397,u_to_v,1,65,398,78,91,78,91,
MOT17-02-FRCNN,2308,78,93,397,u_to_v,1,203,398,78,93,78,93,
MOT17-02-FRCNN,2309,78,94,397,u_to_v,1,47,398,78,94,78,94,
MOT17-02-FRCNN,2310,78,95,397,u_to_v,1,99,398,78,95,78,95,
MOT17-02-FRCNN,2311,78,97,397,u_to_v,1,203,398,78,97,78,97,
MOT17-02-FRCNN,2312,78,98,397,u_to_v,1,203,398,78,98,78,98,
MOT17-02-FRCNN,2313,78,99,397,u_to_v,1,52,398,78,99,78,99,
MOT17-02-FRCNN,2314,78,101,397,u_to_v,1,67,398,78,101,78,101,
MOT17-02-FRCNN,2315,78,103,397,u_to_v,1,33,398,78,103,78,103,
MOT17-02-FRCNN,2316,78,104,397,u_to_v,1,11,398,78,104,78,104,
MOT17-02-FRCNN,2317,78,105,397,u_to_v,1,203,398,78,105,78,105,
MOT17-02-FRCNN,2318,78,106,397,u_to_v,1,56,398,78,106,78,106,
MOT17-02-FRCNN,2319,78,110,397,u_to_v,1,33,398,78,110,78,110,
MOT17-02-FRCNN,2320,1,31,400,v_to_u,1,178,401,31,1,31,1,
MOT17-02-FRCNN,2321,3,31,400,v_to_u,1,45,401,31,3,31,3,
MOT17-02-FRCNN,2322,6,31,400,v_to_u,1,39,401,31,6,31,6,
MOT17-02-FRCNN,2323,24,31,400,v_to_u,1,200,401,31,24,31,24,
MOT17-02-FRCNN,2324,31,36,400,u_to_v,1,9,401,31,36,31,36,
MOT17-02-FRCNN,2325,31,38,400,u_to_v,1,44,401,31,38,31,38,
MOT17-02-FRCNN,2326,31,40,400,u_to_v,1,14,401,31,40,31,40,
MOT17-02-FRCNN,2327,31,48,400,u_to_v,1,45,401,31,48,31,48,
MOT17-02-FRCNN,2328,31,57,400,u_to_v,1,19,401,31,57,31,57,
MOT17-02-FRCNN,2329,31,60,400,u_to_v,1,3,401,31,60,31,60,
MOT17-02-FRCNN,2330,31,65,400,u_to_v,1,200,401,31,65,31,65,
MOT17-02-FRCNN,2331,31,69,400,u_to_v,1,31,401,31,69,31,69,
MOT17-02-FRCNN,2332,31,73,400,u_to_v,1,200,401,31,73,31,73,
MOT17-02-FRCNN,2333,31,79,400,u_to_v,1,200,401,31,79,31,79,
MOT17-02-FRCNN,2334,31,81,400,u_to_v,1,200,401,31,81,31,81,
MOT17-02-FRCNN,2335,31,82,400,u_to_v,1,158,401,31,82,31,82,
MOT17-02-FRCNN,2336,31,87,400,u_to_v,1,52,401,31,87,31,87,
MOT17-02-FRCNN,2337,31,89,400,u_to_v,1,200,401,31,89,31,89,
MOT17-02-FRCNN,2338,31,91,400,u_to_v,1,62,401,31,91,31,91,
MOT17-02-FRCNN,2339,31,93,400,u_to_v,1,200,401,31,93,31,93,
MOT17-02-FRCNN,2340,31,94,400,u_to_v,1,44,401,31,94,31,94,
MOT17-02-FRCNN,2341,31,95,400,u_to_v,1,96,401,31,95,31,95,
MOT17-02-FRCNN,2342,31,97,400,u_to_v,1,200,401,31,97,31,97,
MOT17-02-FRCNN,2343,31,98,400,u_to_v,1,200,401,31,98,31,98,
MOT17-02-FRCNN,2344,31,99,400,u_to_v,1,49,401,31,99,31,99,
MOT17-02-FRCNN,2345,31,101,400,u_to_v,1,64,401,31,101,31,101,
MOT17-02-FRCNN,2346,31,103,400,u_to_v,1,30,401,31,103,31,103,
MOT17-02-FRCNN,2347,31,104,400,u_to_v,1,8,401,31,104,31,104,
MOT17-02-FRCNN,2348,31,105,400,u_to_v,1,200,401,31,105,31,105,
MOT17-02-FRCNN,2349,31,106,400,u_to_v,1,53,401,31,106,31,106,
MOT17-02-FRCNN,2350,31,110,400,u_to_v,1,30,401,31,110,31,110,
MOT17-02-FRCNN,2351,1,60,403,v_to_u,1,175,404,60,1,60,1,
MOT17-02-FRCNN,2352,3,60,403,v_to_u,1,42,404,60,3,60,3,
MOT17-02-FRCNN,2353,6,60,403,v_to_u,1,36,404,60,6,60,6,
MOT17-02-FRCNN,2354,24,60,403,v_to_u,1,197,404,60,24,60,24,
MOT17-02-FRCNN,2355,36,60,403,v_to_u,1,6,404,60,36,60,36,
MOT17-02-FRCNN,2356,38,60,403,v_to_u,1,41,404,60,38,60,38,
MOT17-02-FRCNN,2357,40,60,403,v_to_u,1,11,404,60,40,60,40,
MOT17-02-FRCNN,2358,48,60,403,v_to_u,1,42,404,60,48,60,48,
MOT17-02-FRCNN,2359,57,60,403,v_to_u,1,16,404,60,57,60,57,
MOT17-02-FRCNN,2360,60,65,403,u_to_v,1,197,404,60,65,60,65,
MOT17-02-FRCNN,2361,60,69,403,u_to_v,1,28,404,60,69,60,69,
MOT17-02-FRCNN,2362,60,73,403,u_to_v,1,197,404,60,73,60,73,
MOT17-02-FRCNN,2363,60,79,403,u_to_v,1,197,404,60,79,60,79,
MOT17-02-FRCNN,2364,60,81,403,u_to_v,1,197,404,60,81,60,81,
MOT17-02-FRCNN,2365,60,82,403,u_to_v,1,155,404,60,82,60,82,
MOT17-02-FRCNN,2366,60,87,403,u_to_v,1,49,404,60,87,60,87,
MOT17-02-FRCNN,2367,60,89,403,u_to_v,1,197,404,60,89,60,89,
MOT17-02-FRCNN,2368,60,91,403,u_to_v,1,59,404,60,91,60,91,
MOT17-02-FRCNN,2369,60,93,403,u_to_v,1,197,404,60,93,60,93,
MOT17-02-FRCNN,2370,60,94,403,u_to_v,1,41,404,60,94,60,94,
MOT17-02-FRCNN,2371,60,95,403,u_to_v,1,93,404,60,95,60,95,
MOT17-02-FRCNN,2372,60,97,403,u_to_v,1,197,404,60,97,60,97,
MOT17-02-FRCNN,2373,60,98,403,u_to_v,1,197,404,60,98,60,98,
MOT17-02-FRCNN,2374,60,99,403,u_to_v,1,46,404,60,99,60,99,
MOT17-02-FRCNN,2375,60,101,403,u_to_v,1,61,404,60,101,60,101,
MOT17-02-FRCNN,2376,60,103,403,u_to_v,1,27,404,60,103,60,103,
MOT17-02-FRCNN,2377,60,104,403,u_to_v,1,5,404,60,104,60,104,
MOT17-02-FRCNN,2378,60,105,403,u_to_v,1,197,404,60,105,60,105,
MOT17-02-FRCNN,2379,60,106,403,u_to_v,1,50,404,60,106,60,106,
MOT17-02-FRCNN,2380,60,110,403,u_to_v,1,27,404,60,110,60,110,
MOT17-02-FRCNN,2381,1,104,408,v_to_u,1,170,409,104,1,104,1,
MOT17-02-FRCNN,2382,3,104,408,v_to_u,1,37,409,104,3,104,3,
MOT17-02-FRCNN,2383,6,104,408,v_to_u,1,31,409,104,6,104,6,
MOT17-02-FRCNN,2384,24,104,408,v_to_u,1,192,409,104,24,104,24,
MOT17-02-FRCNN,2385,36,104,408,v_to_u,1,1,409,104,36,104,36,
MOT17-02-FRCNN,2386,38,104,408,v_to_u,1,36,409,104,38,104,38,
MOT17-02-FRCNN,2387,40,104,408,v_to_u,1,6,409,104,40,104,40,
MOT17-02-FRCNN,2388,48,104,408,v_to_u,1,37,409,104,48,104,48,
MOT17-02-FRCNN,2389,57,104,408,v_to_u,1,11,409,104,57,104,57,
MOT17-02-FRCNN,2390,65,104,408,v_to_u,1,192,409,104,65,104,65,
MOT17-02-FRCNN,2391,69,104,408,v_to_u,1,23,409,104,69,104,69,
MOT17-02-FRCNN,2392,73,104,408,v_to_u,1,192,409,104,73,104,73,
MOT17-02-FRCNN,2393,79,104,408,v_to_u,1,192,409,104,79,104,79,
MOT17-02-FRCNN,2394,81,104,408,v_to_u,1,192,409,104,81,104,81,
MOT17-02-FRCNN,2395,82,104,408,v_to_u,1,150,409,104,82,104,82,
MOT17-02-FRCNN,2396,87,104,408,v_to_u,1,44,409,104,87,104,87,
MOT17-02-FRCNN,2397,89,104,408,v_to_u,1,192,409,104,89,104,89,
MOT17-02-FRCNN,2398,91,104,408,v_to_u,1,54,409,104,91,104,91,
MOT17-02-FRCNN,2399,93,104,408,v_to_u,1,192,409,104,93,104,93,
MOT17-02-FRCNN,2400,94,104,408,v_to_u,1,36,409,104,94,104,94,
MOT17-02-FRCNN,2401,95,104,408,v_to_u,1,88,409,104,95,104,95,
MOT17-02-FRCNN,2402,97,104,408,v_to_u,1,192,409,104,97,104,97,
MOT17-02-FRCNN,2403,98,104,408,v_to_u,1,192,409,104,98,104,98,
MOT17-02-FRCNN,2404,99,104,408,v_to_u,1,41,409,104,99,104,99,
MOT17-02-FRCNN,2405,101,104,408,v_to_u,1,56,409,104,101,104,101,
MOT17-02-FRCNN,2406,103,104,408,v_to_u,1,22,409,104,103,104,103,
MOT17-02-FRCNN,2407,104,105,408,u_to_v,1,192,409,104,105,104,105,
MOT17-02-FRCNN,2408,104,106,408,u_to_v,1,45,409,104,106,104,106,
MOT17-02-FRCNN,2409,104,110,408,u_to_v,1,22,409,104,110,104,110,
MOT17-02-FRCNN,2410,104,111,408,u_to_v,1,132,409,104,111,104,111,
MOT17-02-FRCNN,2411,104,112,408,u_to_v,1,171,409,104,112,104,112,
MOT17-02-FRCNN,2412,1,36,409,v_to_u,1,169,410,36,1,36,1,
MOT17-02-FRCNN,2413,3,36,409,v_to_u,1,36,410,36,3,36,3,
MOT17-02-FRCNN,2414,6,36,409,v_to_u,1,30,410,36,6,36,6,
MOT17-02-FRCNN,2415,24,36,409,v_to_u,1,191,410,36,24,36,24,
MOT17-02-FRCNN,2416,36,38,409,u_to_v,1,35,410,36,38,36,38,
MOT17-02-FRCNN,2417,36,40,409,u_to_v,1,5,410,36,40,36,40,
MOT17-02-FRCNN,2418,36,48,409,u_to_v,1,36,410,36,48,36,48,
MOT17-02-FRCNN,2419,36,57,409,u_to_v,1,10,410,36,57,36,57,
MOT17-02-FRCNN,2420,36,65,409,u_to_v,1,191,410,36,65,36,65,
MOT17-02-FRCNN,2421,36,69,409,u_to_v,1,22,410,36,69,36,69,
MOT17-02-FRCNN,2422,36,73,409,u_to_v,1,191,410,36,73,36,73,
MOT17-02-FRCNN,2423,36,79,409,u_to_v,1,191,410,36,79,36,79,
MOT17-02-FRCNN,2424,36,81,409,u_to_v,1,191,410,36,81,36,81,
MOT17-02-FRCNN,2425,36,82,409,u_to_v,1,149,410,36,82,36,82,
MOT17-02-FRCNN,2426,36,87,409,u_to_v,1,43,410,36,87,36,87,
MOT17-02-FRCNN,2427,36,89,409,u_to_v,1,191,410,36,89,36,89,
MOT17-02-FRCNN,2428,36,91,409,u_to_v,1,53,410,36,91,36,91,
MOT17-02-FRCNN,2429,36,93,409,u_to_v,1,191,410,36,93,36,93,
MOT17-02-FRCNN,2430,36,94,409,u_to_v,1,35,410,36,94,36,94,
MOT17-02-FRCNN,2431,36,95,409,u_to_v,1,87,410,36,95,36,95,
MOT17-02-FRCNN,2432,36,97,409,u_to_v,1,191,410,36,97,36,97,
MOT17-02-FRCNN,2433,36,98,409,u_to_v,1,191,410,36,98,36,98,
MOT17-02-FRCNN,2434,36,99,409,u_to_v,1,40,410,36,99,36,99,
MOT17-02-FRCNN,2435,36,101,409,u_to_v,1,55,410,36,101,36,101,
MOT17-02-FRCNN,2436,36,103,409,u_to_v,1,21,410,36,103,36,103,
MOT17-02-FRCNN,2437,36,105,409,u_to_v,1,191,410,36,105,36,105,
MOT17-02-FRCNN,2438,36,106,409,u_to_v,1,44,410,36,106,36,106,
MOT17-02-FRCNN,2439,36,110,409,u_to_v,1,21,410,36,110,36,110,
MOT17-02-FRCNN,2440,36,111,409,u_to_v,1,131,410,36,111,36,111,
MOT17-02-FRCNN,2441,36,112,409,u_to_v,1,170,410,36,112,36,112,
MOT17-02-FRCNN,2442,1,113,411,v_to_u,1,167,412,113,1,113,1,
MOT17-02-FRCNN,2443,3,113,411,v_to_u,1,34,412,113,3,113,3,
MOT17-02-FRCNN,2444,6,113,411,v_to_u,1,28,412,113,6,113,6,
MOT17-02-FRCNN,2445,24,113,411,v_to_u,1,189,412,113,24,113,24,
MOT17-02-FRCNN,2446,38,113,411,v_to_u,1,33,412,113,38,113,38,
MOT17-02-FRCNN,2447,40,113,411,v_to_u,1,3,412,113,40,113,40,
MOT17-02-FRCNN,2448,48,113,411,v_to_u,1,34,412,113,48,113,48,
MOT17-02-FRCNN,2449,57,113,411,v_to_u,1,8,412,113,57,113,57,
MOT17-02-FRCNN,2450,65,113,411,v_to_u,1,189,412,113,65,113,65,
MOT17-02-FRCNN,2451,69,113,411,v_to_u,1,20,412,113,69,113,69,
MOT17-02-FRCNN,2452,73,113,411,v_to_u,1,189,412,113,73,113,73,
MOT17-02-FRCNN,2453,79,113,411,v_to_u,1,189,412,113,79,113,79,
MOT17-02-FRCNN,2454,81,113,411,v_to_u,1,189,412,113,81,113,81,
MOT17-02-FRCNN,2455,82,113,411,v_to_u,1,147,412,113,82,113,82,
MOT17-02-FRCNN,2456,87,113,411,v_to_u,1,41,412,113,87,113,87,
MOT17-02-FRCNN,2457,89,113,411,v_to_u,1,189,412,113,89,113,89,
MOT17-02-FRCNN,2458,91,113,411,v_to_u,1,51,412,113,91,113,91,
MOT17-02-FRCNN,2459,93,113,411,v_to_u,1,189,412,113,93,113,93,
MOT17-02-FRCNN,2460,94,113,411,v_to_u,1,33,412,113,94,113,94,
MOT17-02-FRCNN,2461,95,113,411,v_to_u,1,85,412,113,95,113,95,
MOT17-02-FRCNN,2462,97,113,411,v_to_u,1,189,412,113,97,113,97,
MOT17-02-FRCNN,2463,98,113,411,v_to_u,1,189,412,113,98,113,98,
MOT17-02-FRCNN,2464,99,113,411,v_to_u,1,38,412,113,99,113,99,
MOT17-02-FRCNN,2465,101,113,411,v_to_u,1,53,412,113,101,113,101,
MOT17-02-FRCNN,2466,103,113,411,v_to_u,1,19,412,113,103,113,103,
MOT17-02-FRCNN,2467,105,113,411,v_to_u,1,189,412,113,105,113,105,
MOT17-02-FRCNN,2468,106,113,411,v_to_u,1,42,412,113,106,113,106,
MOT17-02-FRCNN,2469,110,113,411,v_to_u,1,19,412,113,110,113,110,
MOT17-02-FRCNN,2470,111,113,411,v_to_u,1,129,412,113,111,113,111,
MOT17-02-FRCNN,2471,112,113,411,v_to_u,1,168,412,113,112,113,112,
MOT17-02-FRCNN,2472,1,40,414,v_to_u,1,164,415,40,1,40,1,
MOT17-02-FRCNN,2473,3,40,414,v_to_u,1,31,415,40,3,40,3,
MOT17-02-FRCNN,2474,6,40,414,v_to_u,1,25,415,40,6,40,6,
MOT17-02-FRCNN,2475,24,40,414,v_to_u,1,186,415,40,24,40,24,
MOT17-02-FRCNN,2476,38,40,414,v_to_u,1,30,415,40,38,40,38,
MOT17-02-FRCNN,2477,40,48,414,u_to_v,1,31,415,40,48,40,48,
MOT17-02-FRCNN,2478,40,57,414,u_to_v,1,5,415,40,57,40,57,
MOT17-02-FRCNN,2479,40,65,414,u_to_v,1,186,415,40,65,40,65,
MOT17-02-FRCNN,2480,40,69,414,u_to_v,1,17,415,40,69,40,69,
MOT17-02-FRCNN,2481,40,73,414,u_to_v,1,186,415,40,73,40,73,
MOT17-02-FRCNN,2482,40,79,414,u_to_v,1,186,415,40,79,40,79,
MOT17-02-FRCNN,2483,40,81,414,u_to_v,1,186,415,40,81,40,81,
MOT17-02-FRCNN,2484,40,82,414,u_to_v,1,144,415,40,82,40,82,
MOT17-02-FRCNN,2485,40,87,414,u_to_v,1,38,415,40,87,40,87,
MOT17-02-FRCNN,2486,40,89,414,u_to_v,1,186,415,40,89,40,89,
MOT17-02-FRCNN,2487,40,91,414,u_to_v,1,48,415,40,91,40,91,
MOT17-02-FRCNN,2488,40,93,414,u_to_v,1,186,415,40,93,40,93,
MOT17-02-FRCNN,2489,40,94,414,u_to_v,1,30,415,40,94,40,94,
MOT17-02-FRCNN,2490,40,95,414,u_to_v,1,82,415,40,95,40,95,
MOT17-02-FRCNN,2491,40,97,414,u_to_v,1,186,415,40,97,40,97,
MOT17-02-FRCNN,2492,40,98,414,u_to_v,1,186,415,40,98,40,98,
MOT17-02-FRCNN,2493,40,99,414,u_to_v,1,35,415,40,99,40,99,
MOT17-02-FRCNN,2494,40,101,414,u_to_v,1,50,415,40,101,40,101,
MOT17-02-FRCNN,2495,40,103,414,u_to_v,1,16,415,40,103,40,103,
MOT17-02-FRCNN,2496,40,105,414,u_to_v,1,186,415,40,105,40,105,
MOT17-02-FRCNN,2497,40,106,414,u_to_v,1,39,415,40,106,40,106,
MOT17-02-FRCNN,2498,40,110,414,u_to_v,1,16,415,40,110,40,110,
MOT17-02-FRCNN,2499,40,111,414,u_to_v,1,126,415,40,111,40,111,
MOT17-02-FRCNN,2500,40,112,414,u_to_v,1,165,415,40,112,40,112,
MOT17-02-FRCNN,2501,40,114,414,u_to_v,1,106,415,40,114,40,114,
MOT17-02-FRCNN,2502,1,57,419,v_to_u,1,159,420,57,1,57,1,
MOT17-02-FRCNN,2503,3,57,419,v_to_u,1,26,420,57,3,57,3,
MOT17-02-FRCNN,2504,6,57,419,v_to_u,1,20,420,57,6,57,6,
MOT17-02-FRCNN,2505,24,57,419,v_to_u,1,181,420,57,24,57,24,
MOT17-02-FRCNN,2506,38,57,419,v_to_u,1,25,420,57,38,57,38,
MOT17-02-FRCNN,2507,48,57,419,v_to_u,1,26,420,57,48,57,48,
MOT17-02-FRCNN,2508,57,65,419,u_to_v,1,181,420,57,65,57,65,
MOT17-02-FRCNN,2509,57,69,419,u_to_v,1,12,420,57,69,57,69,
MOT17-02-FRCNN,2510,57,73,419,u_to_v,1,181,420,57,73,57,73,
MOT17-02-FRCNN,2511,57,79,419,u_to_v,1,181,420,57,79,57,79,
MOT17-02-FRCNN,2512,57,81,419,u_to_v,1,181,420,57,81,57,81,
MOT17-02-FRCNN,2513,57,82,419,u_to_v,1,139,420,57,82,57,82,
MOT17-02-FRCNN,2514,57,87,419,u_to_v,1,33,420,57,87,57,87,
MOT17-02-FRCNN,2515,57,89,419,u_to_v,1,181,420,57,89,57,89,
MOT17-02-FRCNN,2516,57,91,419,u_to_v,1,43,420,57,91,57,91,
MOT17-02-FRCNN,2517,57,93,419,u_to_v,1,181,420,57,93,57,93,
MOT17-02-FRCNN,2518,57,94,419,u_to_v,1,25,420,57,94,57,94,
MOT17-02-FRCNN,2519,57,95,419,u_to_v,1,77,420,57,95,57,95,
MOT17-02-FRCNN,2520,57,97,419,u_to_v,1,181,420,57,97,57,97,
MOT17-02-FRCNN,2521,57,98,419,u_to_v,1,181,420,57,98,57,98,
MOT17-02-FRCNN,2522,57,99,419,u_to_v,1,30,420,57,99,57,99,
MOT17-02-FRCNN,2523,57,101,419,u_to_v,1,45,420,57,101,57,101,
MOT17-02-FRCNN,2524,57,103,419,u_to_v,1,11,420,57,103,57,103,
MOT17-02-FRCNN,2525,57,105,419,u_to_v,1,181,420,57,105,57,105,
MOT17-02-FRCNN,2526,57,106,419,u_to_v,1,34,420,57,106,57,106,
MOT17-02-FRCNN,2527,57,110,419,u_to_v,1,11,420,57,110,57,110,
MOT17-02-FRCNN,2528,57,111,419,u_to_v,1,121,420,57,111,57,111,
MOT17-02-FRCNN,2529,57,112,419,u_to_v,1,160,420,57,112,57,112,
MOT17-02-FRCNN,2530,57,114,419,u_to_v,1,101,420,57,114,57,114,
MOT17-02-FRCNN,2531,1,103,430,v_to_u,1,148,431,103,1,103,1,
MOT17-02-FRCNN,2532,1,110,430,v_to_u,1,148,431,110,1,110,1,
MOT17-02-FRCNN,2533,3,103,430,v_to_u,1,15,431,103,3,103,3,
MOT17-02-FRCNN,2534,3,110,430,v_to_u,1,15,431,110,3,110,3,
MOT17-02-FRCNN,2535,6,103,430,v_to_u,1,9,431,103,6,103,6,
MOT17-02-FRCNN,2536,6,110,430,v_to_u,1,9,431,110,6,110,6,
MOT17-02-FRCNN,2537,24,103,430,v_to_u,1,170,431,103,24,103,24,
MOT17-02-FRCNN,2538,24,110,430,v_to_u,1,170,431,110,24,110,24,
MOT17-02-FRCNN,2539,38,103,430,v_to_u,1,14,431,103,38,103,38,
MOT17-02-FRCNN,2540,38,110,430,v_to_u,1,14,431,110,38,110,38,
MOT17-02-FRCNN,2541,48,103,430,v_to_u,1,15,431,103,48,103,48,
MOT17-02-FRCNN,2542,48,110,430,v_to_u,1,15,431,110,48,110,48,
MOT17-02-FRCNN,2543,65,103,430,v_to_u,1,170,431,103,65,103,65,
MOT17-02-FRCNN,2544,65,110,430,v_to_u,1,170,431,110,65,110,65,
MOT17-02-FRCNN,2545,69,103,430,v_to_u,1,1,431,103,69,103,69,
MOT17-02-FRCNN,2546,69,110,430,v_to_u,1,1,431,110,69,110,69,
MOT17-02-FRCNN,2547,73,103,430,v_to_u,1,170,431,103,73,103,73,
MOT17-02-FRCNN,2548,73,110,430,v_to_u,1,170,431,110,73,110,73,
MOT17-02-FRCNN,2549,79,103,430,v_to_u,1,170,431,103,79,103,79,
MOT17-02-FRCNN,2550,79,110,430,v_to_u,1,170,431,110,79,110,79,
MOT17-02-FRCNN,2551,81,103,430,v_to_u,1,170,431,103,81,103,81,
MOT17-02-FRCNN,2552,81,110,430,v_to_u,1,170,431,110,81,110,81,
MOT17-02-FRCNN,2553,82,103,430,v_to_u,1,128,431,103,82,103,82,
MOT17-02-FRCNN,2554,82,110,430,v_to_u,1,128,431,110,82,110,82,
MOT17-02-FRCNN,2555,87,103,430,v_to_u,1,22,431,103,87,103,87,
MOT17-02-FRCNN,2556,87,110,430,v_to_u,1,22,431,110,87,110,87,
MOT17-02-FRCNN,2557,89,103,430,v_to_u,1,170,431,103,89,103,89,
MOT17-02-FRCNN,2558,89,110,430,v_to_u,1,170,431,110,89,110,89,
MOT17-02-FRCNN,2559,91,103,430,v_to_u,1,32,431,103,91,103,91,
MOT17-02-FRCNN,2560,91,110,430,v_to_u,1,32,431,110,91,110,91,
MOT17-02-FRCNN,2561,93,103,430,v_to_u,1,170,431,103,93,103,93,
MOT17-02-FRCNN,2562,93,110,430,v_to_u,1,170,431,110,93,110,93,
MOT17-02-FRCNN,2563,94,103,430,v_to_u,1,14,431,103,94,103,94,
MOT17-02-FRCNN,2564,94,110,430,v_to_u,1,14,431,110,94,110,94,
MOT17-02-FRCNN,2565,95,103,430,v_to_u,1,66,431,103,95,103,95,
MOT17-02-FRCNN,2566,95,110,430,v_to_u,1,66,431,110,95,110,95,
MOT17-02-FRCNN,2567,97,103,430,v_to_u,1,170,431,103,97,103,97,
MOT17-02-FRCNN,2568,97,110,430,v_to_u,1,170,431,110,97,110,97,
MOT17-02-FRCNN,2569,98,103,430,v_to_u,1,170,431,103,98,103,98,
MOT17-02-FRCNN,2570,98,110,430,v_to_u,1,170,431,110,98,110,98,
MOT17-02-FRCNN,2571,99,103,430,v_to_u,1,19,431,103,99,103,99,
MOT17-02-FRCNN,2572,99,110,430,v_to_u,1,19,431,110,99,110,99,
MOT17-02-FRCNN,2573,101,103,430,v_to_u,1,34,431,103,101,103,101,
MOT17-02-FRCNN,2574,101,110,430,v_to_u,1,34,431,110,101,110,101,
MOT17-02-FRCNN,2575,103,105,430,u_to_v,1,170,431,103,105,103,105,
MOT17-02-FRCNN,2576,103,106,430,u_to_v,1,23,431,103,106,103,106,
MOT17-02-FRCNN,2577,103,111,430,u_to_v,1,110,431,103,111,103,111,
MOT17-02-FRCNN,2578,103,112,430,u_to_v,1,149,431,103,112,103,112,
MOT17-02-FRCNN,2579,103,114,430,u_to_v,1,90,431,103,114,103,114,
MOT17-02-FRCNN,2580,103,115,430,u_to_v,1,35,431,103,115,103,115,
MOT17-02-FRCNN,2581,105,110,430,v_to_u,1,170,431,110,105,110,105,
MOT17-02-FRCNN,2582,106,110,430,v_to_u,1,23,431,110,106,110,106,
MOT17-02-FRCNN,2583,110,111,430,u_to_v,1,110,431,110,111,110,111,
MOT17-02-FRCNN,2584,110,112,430,u_to_v,1,149,431,110,112,110,112,
MOT17-02-FRCNN,2585,110,114,430,u_to_v,1,90,431,110,114,110,114,
MOT17-02-FRCNN,2586,110,115,430,u_to_v,1,35,431,110,115,110,115,
MOT17-02-FRCNN,2587,1,69,431,v_to_u,1,147,432,69,1,69,1,
MOT17-02-FRCNN,2588,3,69,431,v_to_u,1,14,432,69,3,69,3,
MOT17-02-FRCNN,2589,6,69,431,v_to_u,1,8,432,69,6,69,6,
MOT17-02-FRCNN,2590,24,69,431,v_to_u,1,169,432,69,24,69,24,
MOT17-02-FRCNN,2591,38,69,431,v_to_u,1,13,432,69,38,69,38,
MOT17-02-FRCNN,2592,48,69,431,v_to_u,1,14,432,69,48,69,48,
MOT17-02-FRCNN,2593,65,69,431,v_to_u,1,169,432,69,65,69,65,
MOT17-02-FRCNN,2594,69,73,431,u_to_v,1,169,432,69,73,69,73,
MOT17-02-FRCNN,2595,69,79,431,u_to_v,1,169,432,69,79,69,79,
MOT17-02-FRCNN,2596,69,81,431,u_to_v,1,169,432,69,81,69,81,
MOT17-02-FRCNN,2597,69,82,431,u_to_v,1,127,432,69,82,69,82,
MOT17-02-FRCNN,2598,69,87,431,u_to_v,1,21,432,69,87,69,87,
MOT17-02-FRCNN,2599,69,89,431,u_to_v,1,169,432,69,89,69,89,
MOT17-02-FRCNN,2600,69,91,431,u_to_v,1,31,432,69,91,69,91,
MOT17-02-FRCNN,2601,69,93,431,u_to_v,1,169,432,69,93,69,93,
MOT17-02-FRCNN,2602,69,94,431,u_to_v,1,13,432,69,94,69,94,
MOT17-02-FRCNN,2603,69,95,431,u_to_v,1,65,432,69,95,69,95,
MOT17-02-FRCNN,2604,69,97,431,u_to_v,1,169,432,69,97,69,97,
MOT17-02-FRCNN,2605,69,98,431,u_to_v,1,169,432,69,98,69,98,
MOT17-02-FRCNN,2606,69,99,431,u_to_v,1,18,432,69,99,69,99,
MOT17-02-FRCNN,2607,69,101,431,u_to_v,1,33,432,69,101,69,101,
MOT17-02-FRCNN,2608,69,105,431,u_to_v,1,169,432,69,105,69,105,
MOT17-02-FRCNN,2609,69,106,431,u_to_v,1,22,432,69,106,69,106,
MOT17-02-FRCNN,2610,69,111,431,u_to_v,1,109,432,69,111,69,111,
MOT17-02-FRCNN,2611,69,112,431,u_to_v,1,148,432,69,112,69,112,
MOT17-02-FRCNN,2612,69,114,431,u_to_v,1,89,432,69,114,69,114,
MOT17-02-FRCNN,2613,69,115,431,u_to_v,1,34,432,69,115,69,115,
MOT17-02-FRCNN,2614,69,116,431,u_to_v,1,57,432,69,116,69,116,
MOT17-02-FRCNN,2615,1,6,439,v_to_u,1,139,440,6,1,6,1,
MOT17-02-FRCNN,2616,3,6,439,v_to_u,1,6,440,6,3,6,3,
MOT17-02-FRCNN,2617,6,24,439,u_to_v,1,161,440,6,24,6,24,
MOT17-02-FRCNN,2618,6,38,439,u_to_v,1,5,440,6,38,6,38,
MOT17-02-FRCNN,2619,6,48,439,u_to_v,1,6,440,6,48,6,48,
MOT17-02-FRCNN,2620,6,65,439,u_to_v,1,161,440,6,65,6,65,
MOT17-02-FRCNN,2621,6,73,439,u_to_v,1,161,440,6,73,6,73,
MOT17-02-FRCNN,2622,6,79,439,u_to_v,1,161,440,6,79,6,79,
MOT17-02-FRCNN,2623,6,81,439,u_to_v,1,161,440,6,81,6,81,
MOT17-02-FRCNN,2624,6,82,439,u_to_v,1,119,440,6,82,6,82,
MOT17-02-FRCNN,2625,6,87,439,u_to_v,1,13,440,6,87,6,87,
MOT17-02-FRCNN,2626,6,89,439,u_to_v,1,161,440,6,89,6,89,
MOT17-02-FRCNN,2627,6,91,439,u_to_v,1,23,440,6,91,6,91,
MOT17-02-FRCNN,2628,6,93,439,u_to_v,1,161,440,6,93,6,93,
MOT17-02-FRCNN,2629,6,94,439,u_to_v,1,5,440,6,94,6,94,
MOT17-02-FRCNN,2630,6,95,439,u_to_v,1,57,440,6,95,6,95,
MOT17-02-FRCNN,2631,6,97,439,u_to_v,1,161,440,6,97,6,97,
MOT17-02-FRCNN,2632,6,98,439,u_to_v,1,161,440,6,98,6,98,
MOT17-02-FRCNN,2633,6,99,439,u_to_v,1,10,440,6,99,6,99,
MOT17-02-FRCNN,2634,6,101,439,u_to_v,1,25,440,6,101,6,101,
MOT17-02-FRCNN,2635,6,105,439,u_to_v,1,161,440,6,105,6,105,
MOT17-02-FRCNN,2636,6,106,439,u_to_v,1,14,440,6,106,6,106,
MOT17-02-FRCNN,2637,6,111,439,u_to_v,1,101,440,6,111,6,111,
MOT17-02-FRCNN,2638,6,112,439,u_to_v,1,140,440,6,112,6,112,
MOT17-02-FRCNN,2639,6,114,439,u_to_v,1,81,440,6,114,6,114,
MOT17-02-FRCNN,2640,6,115,439,u_to_v,1,26,440,6,115,6,115,
MOT17-02-FRCNN,2641,6,116,439,u_to_v,1,49,440,6,116,6,116,
MOT17-02-FRCNN,2642,6,117,439,u_to_v,1,1,440,6,117,6,117,
MOT17-02-FRCNN,2643,1,117,440,v_to_u,1,138,441,117,1,117,1,
MOT17-02-FRCNN,2644,3,117,440,v_to_u,1,5,441,117,3,117,3,
MOT17-02-FRCNN,2645,24,117,440,v_to_u,1,160,441,117,24,117,24,
MOT17-02-FRCNN,2646,38,117,440,v_to_u,1,4,441,117,38,117,38,
MOT17-02-FRCNN,2647,48,117,440,v_to_u,1,5,441,117,48,117,48,
MOT17-02-FRCNN,2648,65,117,440,v_to_u,1,160,441,117,65,117,65,
MOT17-02-FRCNN,2649,73,117,440,v_to_u,1,160,441,117,73,117,73,
MOT17-02-FRCNN,2650,79,117,440,v_to_u,1,160,441,117,79,117,79,
MOT17-02-FRCNN,2651,81,117,440,v_to_u,1,160,441,117,81,117,81,
MOT17-02-FRCNN,2652,82,117,440,v_to_u,1,118,441,117,82,117,82,
MOT17-02-FRCNN,2653,87,117,440,v_to_u,1,12,441,117,87,117,87,
MOT17-02-FRCNN,2654,89,117,440,v_to_u,1,160,441,117,89,117,89,
MOT17-02-FRCNN,2655,91,117,440,v_to_u,1,22,441,117,91,117,91,
MOT17-02-FRCNN,2656,93,117,440,v_to_u,1,160,441,117,93,117,93,
MOT17-02-FRCNN,2657,94,117,440,v_to_u,1,4,441,117,94,117,94,
MOT17-02-FRCNN,2658,95,117,440,v_to_u,1,56,441,117,95,117,95,
MOT17-02-FRCNN,2659,97,117,440,v_to_u,1,160,441,117,97,117,97,
MOT17-02-FRCNN,2660,98,117,440,v_to_u,1,160,441,117,98,117,98,
MOT17-02-FRCNN,2661,99,117,440,v_to_u,1,9,441,117,99,117,99,
MOT17-02-FRCNN,2662,101,117,440,v_to_u,1,24,441,117,101,117,101,
MOT17-02-FRCNN,2663,105,117,440,v_to_u,1,160,441,117,105,117,105,
MOT17-02-FRCNN,2664,106,117,440,v_to_u,1,13,441,117,106,117,106,
MOT17-02-FRCNN,2665,111,117,440,v_to_u,1,100,441,117,111,117,111,
MOT17-02-FRCNN,2666,112,117,440,v_to_u,1,139,441,117,112,117,112,
MOT17-02-FRCNN,2667,114,117,440,v_to_u,1,80,441,117,114,117,114,
MOT17-02-FRCNN,2668,115,117,440,v_to_u,1,25,441,117,115,117,115,
MOT17-02-FRCNN,2669,116,117,440,v_to_u,1,48,441,117,116,117,116,
MOT17-02-FRCNN,2670,1,38,444,v_to_u,1,134,445,38,1,38,1,
MOT17-02-FRCNN,2671,1,94,444,v_to_u,1,134,445,94,1,94,1,
MOT17-02-FRCNN,2672,3,38,444,v_to_u,1,1,445,38,3,38,3,
MOT17-02-FRCNN,2673,3,94,444,v_to_u,1,1,445,94,3,94,3,
MOT17-02-FRCNN,2674,24,38,444,v_to_u,1,156,445,38,24,38,24,
MOT17-02-FRCNN,2675,24,94,444,v_to_u,1,156,445,94,24,94,24,
MOT17-02-FRCNN,2676,38,48,444,u_to_v,1,1,445,38,48,38,48,
MOT17-02-FRCNN,2677,38,65,444,u_to_v,1,156,445,38,65,38,65,
MOT17-02-FRCNN,2678,38,73,444,u_to_v,1,156,445,38,73,38,73,
MOT17-02-FRCNN,2679,38,79,444,u_to_v,1,156,445,38,79,38,79,
MOT17-02-FRCNN,2680,38,81,444,u_to_v,1,156,445,38,81,38,81,
MOT17-02-FRCNN,2681,38,82,444,u_to_v,1,114,445,38,82,38,82,
MOT17-02-FRCNN,2682,38,87,444,u_to_v,1,8,445,38,87,38,87,
MOT17-02-FRCNN,2683,38,89,444,u_to_v,1,156,445,38,89,38,89,
MOT17-02-FRCNN,2684,38,91,444,u_to_v,1,18,445,38,91,38,91,
MOT17-02-FRCNN,2685,38,93,444,u_to_v,1,156,445,38,93,38,93,
MOT17-02-FRCNN,2686,38,95,444,u_to_v,1,52,445,38,95,38,95,
MOT17-02-FRCNN,2687,38,97,444,u_to_v,1,156,445,38,97,38,97,
MOT17-02-FRCNN,2688,38,98,444,u_to_v,1,156,445,38,98,38,98,
MOT17-02-FRCNN,2689,38,99,444,u_to_v,1,5,445,38,99,38,99,
MOT17-02-FRCNN,2690,38,101,444,u_to_v,1,20,445,38,101,38,101,
MOT17-02-FRCNN,2691,38,105,444,u_to_v,1,156,445,38,105,38,105,
MOT17-02-FRCNN,2692,38,106,444,u_to_v,1,9,445,38,106,38,106,
MOT17-02-FRCNN,2693,38,111,444,u_to_v,1,96,445,38,111,38,111,
MOT17-02-FRCNN,2694,38,112,444,u_to_v,1,135,445,38,112,38,112,
MOT17-02-FRCNN,2695,38,114,444,u_to_v,1,76,445,38,114,38,114,
MOT17-02-FRCNN,2696,38,115,444,u_to_v,1,21,445,38,115,38,115,
MOT17-02-FRCNN,2697,38,116,444,u_to_v,1,44,445,38,116,38,116,
MOT17-02-FRCNN,2698,38,118,444,u_to_v,1,5,445,38,118,38,118,
MOT17-02-FRCNN,2699,38,119,444,u_to_v,1,105,445,38,119,38,119,
MOT17-02-FRCNN,2700,48,94,444,v_to_u,1,1,445,94,48,94,48,
MOT17-02-FRCNN,2701,65,94,444,v_to_u,1,156,445,94,65,94,65,
MOT17-02-FRCNN,2702,73,94,444,v_to_u,1,156,445,94,73,94,73,
MOT17-02-FRCNN,2703,79,94,444,v_to_u,1,156,445,94,79,94,79,
MOT17-02-FRCNN,2704,81,94,444,v_to_u,1,156,445,94,81,94,81,
MOT17-02-FRCNN,2705,82,94,444,v_to_u,1,114,445,94,82,94,82,
MOT17-02-FRCNN,2706,87,94,444,v_to_u,1,8,445,94,87,94,87,
MOT17-02-FRCNN,2707,89,94,444,v_to_u,1,156,445,94,89,94,89,
MOT17-02-FRCNN,2708,91,94,444,v_to_u,1,18,445,94,91,94,91,
MOT17-02-FRCNN,2709,93,94,444,v_to_u,1,156,445,94,93,94,93,
MOT17-02-FRCNN,2710,94,95,444,u_to_v,1,52,445,94,95,94,95,
MOT17-02-FRCNN,2711,94,97,444,u_to_v,1,156,445,94,97,94,97,
MOT17-02-FRCNN,2712,94,98,444,u_to_v,1,156,445,94,98,94,98,
MOT17-02-FRCNN,2713,94,99,444,u_to_v,1,5,445,94,99,94,99,
MOT17-02-FRCNN,2714,94,101,444,u_to_v,1,20,445,94,101,94,101,
MOT17-02-FRCNN,2715,94,105,444,u_to_v,1,156,445,94,105,94,105,
MOT17-02-FRCNN,2716,94,106,444,u_to_v,1,9,445,94,106,94,106,
MOT17-02-FRCNN,2717,94,111,444,u_to_v,1,96,445,94,111,94,111,
MOT17-02-FRCNN,2718,94,112,444,u_to_v,1,135,445,94,112,94,112,
MOT17-02-FRCNN,2719,94,114,444,u_to_v,1,76,445,94,114,94,114,
MOT17-02-FRCNN,2720,94,115,444,u_to_v,1,21,445,94,115,94,115,
MOT17-02-FRCNN,2721,94,116,444,u_to_v,1,44,445,94,116,94,116,
MOT17-02-FRCNN,2722,94,118,444,u_to_v,1,5,445,94,118,94,118,
MOT17-02-FRCNN,2723,94,119,444,u_to_v,1,105,445,94,119,94,119,
MOT17-02-FRCNN,2724,1,3,445,v_to_u,1,133,446,3,1,3,1,
MOT17-02-FRCNN,2725,1,48,445,v_to_u,1,133,446,48,1,48,1,
MOT17-02-FRCNN,2726,3,24,445,u_to_v,1,155,446,3,24,3,24,
MOT17-02-FRCNN,2727,3,65,445,u_to_v,1,155,446,3,65,3,65,
MOT17-02-FRCNN,2728,3,73,445,u_to_v,1,155,446,3,73,3,73,
MOT17-02-FRCNN,2729,3,79,445,u_to_v,1,155,446,3,79,3,79,
MOT17-02-FRCNN,2730,3,81,445,u_to_v,1,155,446,3,81,3,81,
MOT17-02-FRCNN,2731,3,82,445,u_to_v,1,113,446,3,82,3,82,
MOT17-02-FRCNN,2732,3,87,445,u_to_v,1,7,446,3,87,3,87,
MOT17-02-FRCNN,2733,3,89,445,u_to_v,1,155,446,3,89,3,89,
MOT17-02-FRCNN,2734,3,91,445,u_to_v,1,17,446,3,91,3,91,
MOT17-02-FRCNN,2735,3,93,445,u_to_v,1,155,446,3,93,3,93,
MOT17-02-FRCNN,2736,3,95,445,u_to_v,1,51,446,3,95,3,95,
MOT17-02-FRCNN,2737,3,97,445,u_to_v,1,155,446,3,97,3,97,
MOT17-02-FRCNN,2738,3,98,445,u_to_v,1,155,446,3,98,3,98,
MOT17-02-FRCNN,2739,3,99,445,u_to_v,1,4,446,3,99,3,99,
MOT17-02-FRCNN,2740,3,101,445,u_to_v,1,19,446,3,101,3,101,
MOT17-02-FRCNN,2741,3,105,445,u_to_v,1,155,446,3,105,3,105,
MOT17-02-FRCNN,2742,3,106,445,u_to_v,1,8,446,3,106,3,106,
MOT17-02-FRCNN,2743,3,111,445,u_to_v,1,95,446,3,111,3,111,
MOT17-02-FRCNN,2744,3,112,445,u_to_v,1,134,446,3,112,3,112,
MOT17-02-FRCNN,2745,3,114,445,u_to_v,1,75,446,3,114,3,114,
MOT17-02-FRCNN,2746,3,115,445,u_to_v,1,20,446,3,115,3,115,
MOT17-02-FRCNN,2747,3,116,445,u_to_v,1,43,446,3,116,3,116,
MOT17-02-FRCNN,2748,3,118,445,u_to_v,1,4,446,3,118,3,118,
MOT17-02-FRCNN,2749,3,119,445,u_to_v,1,104,446,3,119,3,119,
MOT17-02-FRCNN,2750,24,48,445,v_to_u,1,155,446,48,24,48,24,
MOT17-02-FRCNN,2751,48,65,445,u_to_v,1,155,446,48,65,48,65,
MOT17-02-FRCNN,2752,48,73,445,u_to_v,1,155,446,48,73,48,73,
MOT17-02-FRCNN,2753,48,79,445,u_to_v,1,155,446,48,79,48,79,
MOT17-02-FRCNN,2754,48,81,445,u_to_v,1,155,446,48,81,48,81,
MOT17-02-FRCNN,2755,48,82,445,u_to_v,1,113,446,48,82,48,82,
MOT17-02-FRCNN,2756,48,87,445,u_to_v,1,7,446,48,87,48,87,
MOT17-02-FRCNN,2757,48,89,445,u_to_v,1,155,446,48,89,48,89,
MOT17-02-FRCNN,2758,48,91,445,u_to_v,1,17,446,48,91,48,91,
MOT17-02-FRCNN,2759,48,93,445,u_to_v,1,155,446,48,93,48,93,
MOT17-02-FRCNN,2760,48,95,445,u_to_v,1,51,446,48,95,48,95,
MOT17-02-FRCNN,2761,48,97,445,u_to_v,1,155,446,48,97,48,97,
MOT17-02-FRCNN,2762,48,98,445,u_to_v,1,155,446,48,98,48,98,
MOT17-02-FRCNN,2763,48,99,445,u_to_v,1,4,446,48,99,48,99,
MOT17-02-FRCNN,2764,48,101,445,u_to_v,1,19,446,48,101,48,101,
MOT17-02-FRCNN,2765,48,105,445,u_to_v,1,155,446,48,105,48,105,
MOT17-02-FRCNN,2766,48,106,445,u_to_v,1,8,446,48,106,48,106,
MOT17-02-FRCNN,2767,48,111,445,u_to_v,1,95,446,48,111,48,111,
MOT17-02-FRCNN,2768,48,112,445,u_to_v,1,134,446,48,112,48,112,
MOT17-02-FRCNN,2769,48,114,445,u_to_v,1,75,446,48,114,48,114,
MOT17-02-FRCNN,2770,48,115,445,u_to_v,1,20,446,48,115,48,115,
MOT17-02-FRCNN,2771,48,116,445,u_to_v,1,43,446,48,116,48,116,
MOT17-02-FRCNN,2772,48,118,445,u_to_v,1,4,446,48,118,48,118,
MOT17-02-FRCNN,2773,48,119,445,u_to_v,1,104,446,48,119,48,119,
MOT17-02-FRCNN,2774,1,121,447,v_to_u,1,131,448,121,1,121,1,
MOT17-02-FRCNN,2775,24,121,447,v_to_u,1,153,448,121,24,121,24,
MOT17-02-FRCNN,2776,65,121,447,v_to_u,1,153,448,121,65,121,65,
MOT17-02-FRCNN,2777,73,121,447,v_to_u,1,153,448,121,73,121,73,
MOT17-02-FRCNN,2778,79,121,447,v_to_u,1,153,448,121,79,121,79,
MOT17-02-FRCNN,2779,81,121,447,v_to_u,1,153,448,121,81,121,81,
MOT17-02-FRCNN,2780,82,121,447,v_to_u,1,111,448,121,82,121,82,
MOT17-02-FRCNN,2781,87,121,447,v_to_u,1,5,448,121,87,121,87,
MOT17-02-FRCNN,2782,89,121,447,v_to_u,1,153,448,121,89,121,89,
MOT17-02-FRCNN,2783,91,121,447,v_to_u,1,15,448,121,91,121,91,
MOT17-02-FRCNN,2784,93,121,447,v_to_u,1,153,448,121,93,121,93,
MOT17-02-FRCNN,2785,95,121,447,v_to_u,1,49,448,121,95,121,95,
MOT17-02-FRCNN,2786,97,121,447,v_to_u,1,153,448,121,97,121,97,
MOT17-02-FRCNN,2787,98,121,447,v_to_u,1,153,448,121,98,121,98,
MOT17-02-FRCNN,2788,99,121,447,v_to_u,1,2,448,121,99,121,99,
MOT17-02-FRCNN,2789,101,121,447,v_to_u,1,17,448,121,101,121,101,
MOT17-02-FRCNN,2790,105,121,447,v_to_u,1,153,448,121,105,121,105,
MOT17-02-FRCNN,2791,106,121,447,v_to_u,1,6,448,121,106,121,106,
MOT17-02-FRCNN,2792,111,121,447,v_to_u,1,93,448,121,111,121,111,
MOT17-02-FRCNN,2793,112,121,447,v_to_u,1,132,448,121,112,121,112,
MOT17-02-FRCNN,2794,114,121,447,v_to_u,1,73,448,121,114,121,114,
MOT17-02-FRCNN,2795,115,121,447,v_to_u,1,18,448,121,115,121,115,
MOT17-02-FRCNN,2796,116,121,447,v_to_u,1,41,448,121,116,121,116,
MOT17-02-FRCNN,2797,118,121,447,v_to_u,1,2,448,121,118,121,118,
MOT17-02-FRCNN,2798,119,121,447,v_to_u,1,102,448,121,119,121,119,
MOT17-02-FRCNN,2799,120,121,447,v_to_u,1,147,448,121,120,121,120,
MOT17-02-FRCNN,2800,121,122,447,u_to_v,1,60,448,121,122,121,122,
MOT17-02-FRCNN,2801,1,99,449,v_to_u,1,129,450,99,1,99,1,
MOT17-02-FRCNN,2802,1,118,449,v_to_u,1,129,450,118,1,118,1,
MOT17-02-FRCNN,2803,24,99,449,v_to_u,1,151,450,99,24,99,24,
MOT17-02-FRCNN,2804,24,118,449,v_to_u,1,151,450,118,24,118,24,
MOT17-02-FRCNN,2805,65,99,449,v_to_u,1,151,450,99,65,99,65,
MOT17-02-FRCNN,2806,65,118,449,v_to_u,1,151,450,118,65,118,65,
MOT17-02-FRCNN,2807,73,99,449,v_to_u,1,151,450,99,73,99,73,
MOT17-02-FRCNN,2808,73,118,449,v_to_u,1,151,450,118,73,118,73,
MOT17-02-FRCNN,2809,79,99,449,v_to_u,1,151,450,99,79,99,79,
MOT17-02-FRCNN,2810,79,118,449,v_to_u,1,151,450,118,79,118,79,
MOT17-02-FRCNN,2811,81,99,449,v_to_u,1,151,450,99,81,99,81,
MOT17-02-FRCNN,2812,81,118,449,v_to_u,1,151,450,118,81,118,81,
MOT17-02-FRCNN,2813,82,99,449,v_to_u,1,109,450,99,82,99,82,
MOT17-02-FRCNN,2814,82,118,449,v_to_u,1,109,450,118,82,118,82,
MOT17-02-FRCNN,2815,87,99,449,v_to_u,1,3,450,99,87,99,87,
MOT17-02-FRCNN,2816,87,118,449,v_to_u,1,3,450,118,87,118,87,
MOT17-02-FRCNN,2817,89,99,449,v_to_u,1,151,450,99,89,99,89,
MOT17-02-FRCNN,2818,89,118,449,v_to_u,1,151,450,118,89,118,89,
MOT17-02-FRCNN,2819,91,99,449,v_to_u,1,13,450,99,91,99,91,
MOT17-02-FRCNN,2820,91,118,449,v_to_u,1,13,450,118,91,118,91,
MOT17-02-FRCNN,2821,93,99,449,v_to_u,1,151,450,99,93,99,93,
MOT17-02-FRCNN,2822,93,118,449,v_to_u,1,151,450,118,93,118,93,
MOT17-02-FRCNN,2823,95,99,449,v_to_u,1,47,450,99,95,99,95,
MOT17-02-FRCNN,2824,95,118,449,v_to_u,1,47,450,118,95,118,95,
MOT17-02-FRCNN,2825,97,99,449,v_to_u,1,151,450,99,97,99,97,
MOT17-02-FRCNN,2826,97,118,449,v_to_u,1,151,450,118,97,118,97,
MOT17-02-FRCNN,2827,98,99,449,v_to_u,1,151,450,99,98,99,98,
MOT17-02-FRCNN,2828,98,118,449,v_to_u,1,151,450,118,98,118,98,
MOT17-02-FRCNN,2829,99,101,449,u_to_v,1,15,450,99,101,99,101,
MOT17-02-FRCNN,2830,99,105,449,u_to_v,1,151,450,99,105,99,105,
MOT17-02-FRCNN,2831,99,106,449,u_to_v,1,4,450,99,106,99,106,
MOT17-02-FRCNN,2832,99,111,449,u_to_v,1,91,450,99,111,99,111,
MOT17-02-FRCNN,2833,99,112,449,u_to_v,1,130,450,99,112,99,112,
MOT17-02-FRCNN,2834,99,114,449,u_to_v,1,71,450,99,114,99,114,
MOT17-02-FRCNN,2835,99,115,449,u_to_v,1,16,450,99,115,99,115,
MOT17-02-FRCNN,2836,99,116,449,u_to_v,1,39,450,99,116,99,116,
MOT17-02-FRCNN,2837,99,119,449,u_to_v,1,100,450,99,119,99,119,
MOT17-02-FRCNN,2838,99,120,449,u_to_v,1,145,450,99,120,99,120,
MOT17-02-FRCNN,2839,99,122,449,u_to_v,1,58,450,99,122,99,122,
MOT17-02-FRCNN,2840,99,123,449,u_to_v,1,91,450,99,123,99,123,
MOT17-02-FRCNN,2841,101,118,449,v_to_u,1,15,450,118,101,118,101,
MOT17-02-FRCNN,2842,105,118,449,v_to_u,1,151,450,118,105,118,105,
MOT17-02-FRCNN,2843,106,118,449,v_to_u,1,4,450,118,106,118,106,
MOT17-02-FRCNN,2844,111,118,449,v_to_u,1,91,450,118,111,118,111,
MOT17-02-FRCNN,2845,112,118,449,v_to_u,1,130,450,118,112,118,112,
MOT17-02-FRCNN,2846,114,118,449,v_to_u,1,71,450,118,114,118,114,
MOT17-02-FRCNN,2847,115,118,449,v_to_u,1,16,450,118,115,118,115,
MOT17-02-FRCNN,2848,116,118,449,v_to_u,1,39,450,118,116,118,116,
MOT17-02-FRCNN,2849,118,119,449,u_to_v,1,100,450,118,119,118,119,
MOT17-02-FRCNN,2850,118,120,449,u_to_v,1,145,450,118,120,118,120,
MOT17-02-FRCNN,2851,118,122,449,u_to_v,1,58,450,118,122,118,122,
MOT17-02-FRCNN,2852,118,123,449,u_to_v,1,91,450,118,123,118,123,
MOT17-02-FRCNN,2853,1,125,451,v_to_u,1,127,452,125,1,125,1,
MOT17-02-FRCNN,2854,24,125,451,v_to_u,1,149,452,125,24,125,24,
MOT17-02-FRCNN,2855,65,125,451,v_to_u,1,149,452,125,65,125,65,
MOT17-02-FRCNN,2856,73,125,451,v_to_u,1,149,452,125,73,125,73,
MOT17-02-FRCNN,2857,79,125,451,v_to_u,1,149,452,125,79,125,79,
MOT17-02-FRCNN,2858,81,125,451,v_to_u,1,149,452,125,81,125,81,
MOT17-02-FRCNN,2859,82,125,451,v_to_u,1,107,452,125,82,125,82,
MOT17-02-FRCNN,2860,87,125,451,v_to_u,1,1,452,125,87,125,87,
MOT17-02-FRCNN,2861,89,125,451,v_to_u,1,149,452,125,89,125,89,
MOT17-02-FRCNN,2862,91,125,451,v_to_u,1,11,452,125,91,125,91,
MOT17-02-FRCNN,2863,93,125,451,v_to_u,1,149,452,125,93,125,93,
MOT17-02-FRCNN,2864,95,125,451,v_to_u,1,45,452,125,95,125,95,
MOT17-02-FRCNN,2865,97,125,451,v_to_u,1,149,452,125,97,125,97,
MOT17-02-FRCNN,2866,98,125,451,v_to_u,1,149,452,125,98,125,98,
MOT17-02-FRCNN,2867,101,125,451,v_to_u,1,13,452,125,101,125,101,
MOT17-02-FRCNN,2868,105,125,451,v_to_u,1,149,452,125,105,125,105,
MOT17-02-FRCNN,2869,106,125,451,v_to_u,1,2,452,125,106,125,106,
MOT17-02-FRCNN,2870,111,125,451,v_to_u,1,89,452,125,111,125,111,
MOT17-02-FRCNN,2871,112,125,451,v_to_u,1,128,452,125,112,125,112,
MOT17-02-FRCNN,2872,114,125,451,v_to_u,1,69,452,125,114,125,114,
MOT17-02-FRCNN,2873,115,125,451,v_to_u,1,14,452,125,115,125,115,
MOT17-02-FRCNN,2874,116,125,451,v_to_u,1,37,452,125,116,125,116,
MOT17-02-FRCNN,2875,119,125,451,v_to_u,1,98,452,125,119,125,119,
MOT17-02-FRCNN,2876,120,125,451,v_to_u,1,143,452,125,120,125,120,
MOT17-02-FRCNN,2877,122,125,451,v_to_u,1,56,452,125,122,125,122,
MOT17-02-FRCNN,2878,123,125,451,v_to_u,1,89,452,125,123,125,123,
MOT17-02-FRCNN,2879,124,125,451,v_to_u,1,89,452,125,124,125,124,
MOT17-02-FRCNN,2880,1,87,452,v_to_u,1,126,453,87,1,87,1,
MOT17-02-FRCNN,2881,24,87,452,v_to_u,1,148,453,87,24,87,24,
MOT17-02-FRCNN,2882,65,87,452,v_to_u,1,148,453,87,65,87,65,
MOT17-02-FRCNN,2883,73,87,452,v_to_u,1,148,453,87,73,87,73,
MOT17-02-FRCNN,2884,79,87,452,v_to_u,1,148,453,87,79,87,79,
MOT17-02-FRCNN,2885,81,87,452,v_to_u,1,148,453,87,81,87,81,
MOT17-02-FRCNN,2886,82,87,452,v_to_u,1,106,453,87,82,87,82,
MOT17-02-FRCNN,2887,87,89,452,u_to_v,1,148,453,87,89,87,89,
MOT17-02-FRCNN,2888,87,91,452,u_to_v,1,10,453,87,91,87,91,
MOT17-02-FRCNN,2889,87,93,452,u_to_v,1,148,453,87,93,87,93,
MOT17-02-FRCNN,2890,87,95,452,u_to_v,1,44,453,87,95,87,95,
MOT17-02-FRCNN,2891,87,97,452,u_to_v,1,148,453,87,97,87,97,
MOT17-02-FRCNN,2892,87,98,452,u_to_v,1,148,453,87,98,87,98,
MOT17-02-FRCNN,2893,87,101,452,u_to_v,1,12,453,87,101,87,101,
MOT17-02-FRCNN,2894,87,105,452,u_to_v,1,148,453,87,105,87,105,
MOT17-02-FRCNN,2895,87,106,452,u_to_v,1,1,453,87,106,87,106,
MOT17-02-FRCNN,2896,87,111,452,u_to_v,1,88,453,87,111,87,111,
MOT17-02-FRCNN,2897,87,112,452,u_to_v,1,127,453,87,112,87,112,
MOT17-02-FRCNN,2898,87,114,452,u_to_v,1,68,453,87,114,87,114,
MOT17-02-FRCNN,2899,87,115,452,u_to_v,1,13,453,87,115,87,115,
MOT17-02-FRCNN,2900,87,116,452,u_to_v,1,36,453,87,116,87,116,
MOT17-02-FRCNN,2901,87,119,452,u_to_v,1,97,453,87,119,87,119,
MOT17-02-FRCNN,2902,87,120,452,u_to_v,1,142,453,87,120,87,120,
MOT17-02-FRCNN,2903,87,122,452,u_to_v,1,55,453,87,122,87,122,
MOT17-02-FRCNN,2904,87,123,452,u_to_v,1,88,453,87,123,87,123,
MOT17-02-FRCNN,2905,87,124,452,u_to_v,1,88,453,87,124,87,124,
MOT17-02-FRCNN,2906,1,106,453,v_to_u,1,125,454,106,1,106,1,
MOT17-02-FRCNN,2907,24,106,453,v_to_u,1,147,454,106,24,106,24,
MOT17-02-FRCNN,2908,65,106,453,v_to_u,1,147,454,106,65,106,65,
MOT17-02-FRCNN,2909,73,106,453,v_to_u,1,147,454,106,73,106,73,
MOT17-02-FRCNN,2910,79,106,453,v_to_u,1,147,454,106,79,106,79,
MOT17-02-FRCNN,2911,81,106,453,v_to_u,1,147,454,106,81,106,81,
MOT17-02-FRCNN,2912,82,106,453,v_to_u,1,105,454,106,82,106,82,
MOT17-02-FRCNN,2913,89,106,453,v_to_u,1,147,454,106,89,106,89,
MOT17-02-FRCNN,2914,91,106,453,v_to_u,1,9,454,106,91,106,91,
MOT17-02-FRCNN,2915,93,106,453,v_to_u,1,147,454,106,93,106,93,
MOT17-02-FRCNN,2916,95,106,453,v_to_u,1,43,454,106,95,106,95,
MOT17-02-FRCNN,2917,97,106,453,v_to_u,1,147,454,106,97,106,97,
MOT17-02-FRCNN,2918,98,106,453,v_to_u,1,147,454,106,98,106,98,
MOT17-02-FRCNN,2919,101,106,453,v_to_u,1,11,454,106,101,106,101,
MOT17-02-FRCNN,2920,105,106,453,v_to_u,1,147,454,106,105,106,105,
MOT17-02-FRCNN,2921,106,111,453,u_to_v,1,87,454,106,111,106,111,
MOT17-02-FRCNN,2922,106,112,453,u_to_v,1,126,454,106,112,106,112,
MOT17-02-FRCNN,2923,106,114,453,u_to_v,1,67,454,106,114,106,114,
MOT17-02-FRCNN,2924,106,115,453,u_to_v,1,12,454,106,115,106,115,
MOT17-02-FRCNN,2925,106,116,453,u_to_v,1,35,454,106,116,106,116,
MOT17-02-FRCNN,2926,106,119,453,u_to_v,1,96,454,106,119,106,119,
MOT17-02-FRCNN,2927,106,120,453,u_to_v,1,141,454,106,120,106,120,
MOT17-02-FRCNN,2928,106,122,453,u_to_v,1,54,454,106,122,106,122,
MOT17-02-FRCNN,2929,106,123,453,u_to_v,1,87,454,106,123,106,123,
MOT17-02-FRCNN,2930,106,124,453,u_to_v,1,87,454,106,124,106,124,
MOT17-02-FRCNN,2931,106,126,453,u_to_v,1,110,454,106,126,106,126,
MOT17-02-FRCNN,2932,1,129,457,v_to_u,1,121,458,129,1,129,1,
MOT17-02-FRCNN,2933,24,129,457,v_to_u,1,143,458,129,24,129,24,
MOT17-02-FRCNN,2934,65,129,457,v_to_u,1,143,458,129,65,129,65,
MOT17-02-FRCNN,2935,73,129,457,v_to_u,1,143,458,129,73,129,73,
MOT17-02-FRCNN,2936,79,129,457,v_to_u,1,143,458,129,79,129,79,
MOT17-02-FRCNN,2937,81,129,457,v_to_u,1,143,458,129,81,129,81,
MOT17-02-FRCNN,2938,82,129,457,v_to_u,1,101,458,129,82,129,82,
MOT17-02-FRCNN,2939,89,129,457,v_to_u,1,143,458,129,89,129,89,
MOT17-02-FRCNN,2940,91,129,457,v_to_u,1,5,458,129,91,129,91,
MOT17-02-FRCNN,2941,93,129,457,v_to_u,1,143,458,129,93,129,93,
MOT17-02-FRCNN,2942,95,129,457,v_to_u,1,39,458,129,95,129,95,
MOT17-02-FRCNN,2943,97,129,457,v_to_u,1,143,458,129,97,129,97,
MOT17-02-FRCNN,2944,98,129,457,v_to_u,1,143,458,129,98,129,98,
MOT17-02-FRCNN,2945,101,129,457,v_to_u,1,7,458,129,101,129,101,
MOT17-02-FRCNN,2946,105,129,457,v_to_u,1,143,458,129,105,129,105,
MOT17-02-FRCNN,2947,111,129,457,v_to_u,1,83,458,129,111,129,111,
MOT17-02-FRCNN,2948,112,129,457,v_to_u,1,122,458,129,112,129,112,
MOT17-02-FRCNN,2949,114,129,457,v_to_u,1,63,458,129,114,129,114,
MOT17-02-FRCNN,2950,115,129,457,v_to_u,1,8,458,129,115,129,115,
MOT17-02-FRCNN,2951,116,129,457,v_to_u,1,31,458,129,116,129,116,
MOT17-02-FRCNN,2952,119,129,457,v_to_u,1,92,458,129,119,129,119,
MOT17-02-FRCNN,2953,120,129,457,v_to_u,1,137,458,129,120,129,120,
MOT17-02-FRCNN,2954,122,129,457,v_to_u,1,50,458,129,122,129,122,
MOT17-02-FRCNN,2955,123,129,457,v_to_u,1,83,458,129,123,129,123,
MOT17-02-FRCNN,2956,124,129,457,v_to_u,1,83,458,129,124,129,124,
MOT17-02-FRCNN,2957,126,129,457,v_to_u,1,106,458,129,126,129,126,
MOT17-02-FRCNN,2958,127,129,457,v_to_u,1,15,458,129,127,129,127,
MOT17-02-FRCNN,2959,128,129,457,v_to_u,1,82,458,129,128,129,128,
MOT17-02-FRCNN,2960,1,130,459,v_to_u,1,119,460,130,1,130,1,
MOT17-02-FRCNN,2961,24,130,459,v_to_u,1,141,460,130,24,130,24,
MOT17-02-FRCNN,2962,65,130,459,v_to_u,1,141,460,130,65,130,65,
MOT17-02-FRCNN,2963,73,130,459,v_to_u,1,141,460,130,73,130,73,
MOT17-02-FRCNN,2964,79,130,459,v_to_u,1,141,460,130,79,130,79,
MOT17-02-FRCNN,2965,81,130,459,v_to_u,1,141,460,130,81,130,81,
MOT17-02-FRCNN,2966,82,130,459,v_to_u,1,99,460,130,82,130,82,
MOT17-02-FRCNN,2967,89,130,459,v_to_u,1,141,460,130,89,130,89,
MOT17-02-FRCNN,2968,91,130,459,v_to_u,1,3,460,130,91,130,91,
MOT17-02-FRCNN,2969,93,130,459,v_to_u,1,141,460,130,93,130,93,
MOT17-02-FRCNN,2970,95,130,459,v_to_u,1,37,460,130,95,130,95,
MOT17-02-FRCNN,2971,97,130,459,v_to_u,1,141,460,130,97,130,97,
MOT17-02-FRCNN,2972,98,130,459,v_to_u,1,141,460,130,98,130,98,
MOT17-02-FRCNN,2973,101,130,459,v_to_u,1,5,460,130,101,130,101,
MOT17-02-FRCNN,2974,105,130,459,v_to_u,1,141,460,130,105,130,105,
MOT17-02-FRCNN,2975,111,130,459,v_to_u,1,81,460,130,111,130,111,
MOT17-02-FRCNN,2976,112,130,459,v_to_u,1,120,460,130,112,130,112,
MOT17-02-FRCNN,2977,114,130,459,v_to_u,1,61,460,130,114,130,114,
MOT17-02-FRCNN,2978,115,130,459,v_to_u,1,6,460,130,115,130,115,
MOT17-02-FRCNN,2979,116,130,459,v_to_u,1,29,460,130,116,130,116,
MOT17-02-FRCNN,2980,119,130,459,v_to_u,1,90,460,130,119,130,119,
MOT17-02-FRCNN,2981,120,130,459,v_to_u,1,135,460,130,120,130,120,
MOT17-02-FRCNN,2982,122,130,459,v_to_u,1,48,460,130,122,130,122,
MOT17-02-FRCNN,2983,123,130,459,v_to_u,1,81,460,130,123,130,123,
MOT17-02-FRCNN,2984,124,130,459,v_to_u,1,81,460,130,124,130,124,
MOT17-02-FRCNN,2985,126,130,459,v_to_u,1,104,460,130,126,130,126,
MOT17-02-FRCNN,2986,127,130,459,v_to_u,1,13,460,130,127,130,127,
MOT17-02-FRCNN,2987,128,130,459,v_to_u,1,80,460,130,128,130,128,
MOT17-02-FRCNN,2988,1,91,462,v_to_u,1,116,463,91,1,91,1,
MOT17-02-FRCNN,2989,24,91,462,v_to_u,1,138,463,91,24,91,24,
MOT17-02-FRCNN,2990,65,91,462,v_to_u,1,138,463,91,65,91,65,
MOT17-02-FRCNN,2991,73,91,462,v_to_u,1,138,463,91,73,91,73,
MOT17-02-FRCNN,2992,79,91,462,v_to_u,1,138,463,91,79,91,79,
MOT17-02-FRCNN,2993,81,91,462,v_to_u,1,138,463,91,81,91,81,
MOT17-02-FRCNN,2994,82,91,462,v_to_u,1,96,463,91,82,91,82,
MOT17-02-FRCNN,2995,89,91,462,v_to_u,1,138,463,91,89,91,89,
MOT17-02-FRCNN,2996,91,93,462,u_to_v,1,138,463,91,93,91,93,
MOT17-02-FRCNN,2997,91,95,462,u_to_v,1,34,463,91,95,91,95,
MOT17-02-FRCNN,2998,91,97,462,u_to_v,1,138,463,91,97,91,97,
MOT17-02-FRCNN,2999,91,98,462,u_to_v,1,138,463,91,98,91,98,
MOT17-02-FRCNN,3000,91,101,462,u_to_v,1,2,463,91,101,91,101,
MOT17-02-FRCNN,3001,91,105,462,u_to_v,1,138,463,91,105,91,105,
MOT17-02-FRCNN,3002,91,111,462,u_to_v,1,78,463,91,111,91,111,
MOT17-02-FRCNN,3003,91,112,462,u_to_v,1,117,463,91,112,91,112,
MOT17-02-FRCNN,3004,91,114,462,u_to_v,1,58,463,91,114,91,114,
MOT17-02-FRCNN,3005,91,115,462,u_to_v,1,3,463,91,115,91,115,
MOT17-02-FRCNN,3006,91,116,462,u_to_v,1,26,463,91,116,91,116,
MOT17-02-FRCNN,3007,91,119,462,u_to_v,1,87,463,91,119,91,119,
MOT17-02-FRCNN,3008,91,120,462,u_to_v,1,132,463,91,120,91,120,
MOT17-02-FRCNN,3009,91,122,462,u_to_v,1,45,463,91,122,91,122,
MOT17-02-FRCNN,3010,91,123,462,u_to_v,1,78,463,91,123,91,123,
MOT17-02-FRCNN,3011,91,124,462,u_to_v,1,78,463,91,124,91,124,
MOT17-02-FRCNN,3012,91,126,462,u_to_v,1,101,463,91,126,91,126,
MOT17-02-FRCNN,3013,91,127,462,u_to_v,1,10,463,91,127,91,127,
MOT17-02-FRCNN,3014,91,128,462,u_to_v,1,77,463,91,128,91,128,
MOT17-02-FRCNN,3015,91,131,462,u_to_v,1,138,463,91,131,91,131,
MOT17-02-FRCNN,3016,91,132,462,u_to_v,1,138,463,91,132,91,132,
MOT17-02-FRCNN,3017,1,133,463,v_to_u,1,115,464,133,1,133,1,
MOT17-02-FRCNN,3018,24,133,463,v_to_u,1,137,464,133,24,133,24,
MOT17-02-FRCNN,3019,65,133,463,v_to_u,1,137,464,133,65,133,65,
MOT17-02-FRCNN,3020,73,133,463,v_to_u,1,137,464,133,73,133,73,
MOT17-02-FRCNN,3021,79,133,463,v_to_u,1,137,464,133,79,133,79,
MOT17-02-FRCNN,3022,81,133,463,v_to_u,1,137,464,133,81,133,81,
MOT17-02-FRCNN,3023,82,133,463,v_to_u,1,95,464,133,82,133,82,
MOT17-02-FRCNN,3024,89,133,463,v_to_u,1,137,464,133,89,133,89,
MOT17-02-FRCNN,3025,93,133,463,v_to_u,1,137,464,133,93,133,93,
MOT17-02-FRCNN,3026,95,133,463,v_to_u,1,33,464,133,95,133,95,
MOT17-02-FRCNN,3027,97,133,463,v_to_u,1,137,464,133,97,133,97,
MOT17-02-FRCNN,3028,98,133,463,v_to_u,1,137,464,133,98,133,98,
MOT17-02-FRCNN,3029,101,133,463,v_to_u,1,1,464,133,101,133,101,
MOT17-02-FRCNN,3030,105,133,463,v_to_u,1,137,464,133,105,133,105,
MOT17-02-FRCNN,3031,111,133,463,v_to_u,1,77,464,133,111,133,111,
MOT17-02-FRCNN,3032,112,133,463,v_to_u,1,116,464,133,112,133,112,
MOT17-02-FRCNN,3033,114,133,463,v_to_u,1,57,464,133,114,133,114,
MOT17-02-FRCNN,3034,115,133,463,v_to_u,1,2,464,133,115,133,115,
MOT17-02-FRCNN,3035,116,133,463,v_to_u,1,25,464,133,116,133,116,
MOT17-02-FRCNN,3036,119,133,463,v_to_u,1,86,464,133,119,133,119,
MOT17-02-FRCNN,3037,120,133,463,v_to_u,1,131,464,133,120,133,120,
MOT17-02-FRCNN,3038,122,133,463,v_to_u,1,44,464,133,122,133,122,
MOT17-02-FRCNN,3039,123,133,463,v_to_u,1,77,464,133,123,133,123,
MOT17-02-FRCNN,3040,124,133,463,v_to_u,1,77,464,133,124,133,124,
MOT17-02-FRCNN,3041,126,133,463,v_to_u,1,100,464,133,126,133,126,
MOT17-02-FRCNN,3042,127,133,463,v_to_u,1,9,464,133,127,133,127,
MOT17-02-FRCNN,3043,128,133,463,v_to_u,1,76,464,133,128,133,128,
MOT17-02-FRCNN,3044,131,133,463,v_to_u,1,137,464,133,131,133,131,
MOT17-02-FRCNN,3045,132,133,463,v_to_u,1,137,464,133,132,133,132,
MOT17-02-FRCNN,3046,1,101,464,v_to_u,1,114,465,101,1,101,1,
MOT17-02-FRCNN,3047,24,101,464,v_to_u,1,136,465,101,24,101,24,
MOT17-02-FRCNN,3048,65,101,464,v_to_u,1,136,465,101,65,101,65,
MOT17-02-FRCNN,3049,73,101,464,v_to_u,1,136,465,101,73,101,73,
MOT17-02-FRCNN,3050,79,101,464,v_to_u,1,136,465,101,79,101,79,
MOT17-02-FRCNN,3051,81,101,464,v_to_u,1,136,465,101,81,101,81,
MOT17-02-FRCNN,3052,82,101,464,v_to_u,1,94,465,101,82,101,82,
MOT17-02-FRCNN,3053,89,101,464,v_to_u,1,136,465,101,89,101,89,
MOT17-02-FRCNN,3054,93,101,464,v_to_u,1,136,465,101,93,101,93,
MOT17-02-FRCNN,3055,95,101,464,v_to_u,1,32,465,101,95,101,95,
MOT17-02-FRCNN,3056,97,101,464,v_to_u,1,136,465,101,97,101,97,
MOT17-02-FRCNN,3057,98,101,464,v_to_u,1,136,465,101,98,101,98,
MOT17-02-FRCNN,3058,101,105,464,u_to_v,1,136,465,101,105,101,105,
MOT17-02-FRCNN,3059,101,111,464,u_to_v,1,76,465,101,111,101,111,
MOT17-02-FRCNN,3060,101,112,464,u_to_v,1,115,465,101,112,101,112,
MOT17-02-FRCNN,3061,101,114,464,u_to_v,1,56,465,101,114,101,114,
MOT17-02-FRCNN,3062,101,115,464,u_to_v,1,1,465,101,115,101,115,
MOT17-02-FRCNN,3063,101,116,464,u_to_v,1,24,465,101,116,101,116,
MOT17-02-FRCNN,3064,101,119,464,u_to_v,1,85,465,101,119,101,119,
MOT17-02-FRCNN,3065,101,120,464,u_to_v,1,130,465,101,120,101,120,
MOT17-02-FRCNN,3066,101,122,464,u_to_v,1,43,465,101,122,101,122,
MOT17-02-FRCNN,3067,101,123,464,u_to_v,1,76,465,101,123,101,123,
MOT17-02-FRCNN,3068,101,124,464,u_to_v,1,76,465,101,124,101,124,
MOT17-02-FRCNN,3069,101,126,464,u_to_v,1,99,465,101,126,101,126,
MOT17-02-FRCNN,3070,101,127,464,u_to_v,1,8,465,101,127,101,127,
MOT17-02-FRCNN,3071,101,128,464,u_to_v,1,75,465,101,128,101,128,
MOT17-02-FRCNN,3072,101,131,464,u_to_v,1,136,465,101,131,101,131,
MOT17-02-FRCNN,3073,101,132,464,u_to_v,1,136,465,101,132,101,132,
MOT17-02-FRCNN,3074,1,115,465,v_to_u,1,113,466,115,1,115,1,
MOT17-02-FRCNN,3075,24,115,465,v_to_u,1,135,466,115,24,115,24,
MOT17-02-FRCNN,3076,65,115,465,v_to_u,1,135,466,115,65,115,65,
MOT17-02-FRCNN,3077,73,115,465,v_to_u,1,135,466,115,73,115,73,
MOT17-02-FRCNN,3078,79,115,465,v_to_u,1,135,466,115,79,115,79,
MOT17-02-FRCNN,3079,81,115,465,v_to_u,1,135,466,115,81,115,81,
MOT17-02-FRCNN,3080,82,115,465,v_to_u,1,93,466,115,82,115,82,
MOT17-02-FRCNN,3081,89,115,465,v_to_u,1,135,466,115,89,115,89,
MOT17-02-FRCNN,3082,93,115,465,v_to_u,1,135,466,115,93,115,93,
MOT17-02-FRCNN,3083,95,115,465,v_to_u,1,31,466,115,95,115,95,
MOT17-02-FRCNN,3084,97,115,465,v_to_u,1,135,466,115,97,115,97,
MOT17-02-FRCNN,3085,98,115,465,v_to_u,1,135,466,115,98,115,98,
MOT17-02-FRCNN,3086,105,115,465,v_to_u,1,135,466,115,105,115,105,
MOT17-02-FRCNN,3087,111,115,465,v_to_u,1,75,466,115,111,115,111,
MOT17-02-FRCNN,3088,112,115,465,v_to_u,1,114,466,115,112,115,112,
MOT17-02-FRCNN,3089,114,115,465,v_to_u,1,55,466,115,114,115,114,
MOT17-02-FRCNN,3090,115,116,465,u_to_v,1,23,466,115,116,115,116,
MOT17-02-FRCNN,3091,115,119,465,u_to_v,1,84,466,115,119,115,119,
MOT17-02-FRCNN,3092,115,120,465,u_to_v,1,129,466,115,120,115,120,
MOT17-02-FRCNN,3093,115,122,465,u_to_v,1,42,466,115,122,115,122,
MOT17-02-FRCNN,3094,115,123,465,u_to_v,1,75,466,115,123,115,123,
MOT17-02-FRCNN,3095,115,124,465,u_to_v,1,75,466,115,124,115,124,
MOT17-02-FRCNN,3096,115,126,465,u_to_v,1,98,466,115,126,115,126,
MOT17-02-FRCNN,3097,115,127,465,u_to_v,1,7,466,115,127,115,127,
MOT17-02-FRCNN,3098,115,128,465,u_to_v,1,74,466,115,128,115,128,
MOT17-02-FRCNN,3099,115,131,465,u_to_v,1,135,466,115,131,115,131,
MOT17-02-FRCNN,3100,115,132,465,u_to_v,1,135,466,115,132,115,132,
MOT17-02-FRCNN,3101,1,127,472,v_to_u,1,106,473,127,1,127,1,
MOT17-02-FRCNN,3102,24,127,472,v_to_u,1,128,473,127,24,127,24,
MOT17-02-FRCNN,3103,65,127,472,v_to_u,1,128,473,127,65,127,65,
MOT17-02-FRCNN,3104,73,127,472,v_to_u,1,128,473,127,73,127,73,
MOT17-02-FRCNN,3105,79,127,472,v_to_u,1,128,473,127,79,127,79,
MOT17-02-FRCNN,3106,81,127,472,v_to_u,1,128,473,127,81,127,81,
MOT17-02-FRCNN,3107,82,127,472,v_to_u,1,86,473,127,82,127,82,
MOT17-02-FRCNN,3108,89,127,472,v_to_u,1,128,473,127,89,127,89,
MOT17-02-FRCNN,3109,93,127,472,v_to_u,1,128,473,127,93,127,93,
MOT17-02-FRCNN,3110,95,127,472,v_to_u,1,24,473,127,95,127,95,
MOT17-02-FRCNN,3111,97,127,472,v_to_u,1,128,473,127,97,127,97,
MOT17-02-FRCNN,3112,98,127,472,v_to_u,1,128,473,127,98,127,98,
MOT17-02-FRCNN,3113,105,127,472,v_to_u,1,128,473,127,105,127,105,
MOT17-02-FRCNN,3114,111,127,472,v_to_u,1,68,473,127,111,127,111,
MOT17-02-FRCNN,3115,112,127,472,v_to_u,1,107,473,127,112,127,112,
MOT17-02-FRCNN,3116,114,127,472,v_to_u,1,48,473,127,114,127,114,
MOT17-02-FRCNN,3117,116,127,472,v_to_u,1,16,473,127,116,127,116,
MOT17-02-FRCNN,3118,119,127,472,v_to_u,1,77,473,127,119,127,119,
MOT17-02-FRCNN,3119,120,127,472,v_to_u,1,122,473,127,120,127,120,
MOT17-02-FRCNN,3120,122,127,472,v_to_u,1,35,473,127,122,127,122,
MOT17-02-FRCNN,3121,123,127,472,v_to_u,1,68,473,127,123,127,123,
MOT17-02-FRCNN,3122,124,127,472,v_to_u,1,68,473,127,124,127,124,
MOT17-02-FRCNN,3123,126,127,472,v_to_u,1,91,473,127,126,127,126,
MOT17-02-FRCNN,3124,127,128,472,u_to_v,1,67,473,127,128,127,128,
MOT17-02-FRCNN,3125,127,131,472,u_to_v,1,128,473,127,131,127,131,
MOT17-02-FRCNN,3126,127,132,472,u_to_v,1,128,473,127,132,127,132,
MOT17-02-FRCNN,3127,127,134,472,u_to_v,1,128,473,127,134,127,134,
MOT17-02-FRCNN,3128,127,135,472,u_to_v,1,128,473,127,135,127,135,
MOT17-02-FRCNN,3129,1,116,488,v_to_u,1,90,489,116,1,116,1,
MOT17-02-FRCNN,3130,24,116,488,v_to_u,1,112,489,116,24,116,24,
MOT17-02-FRCNN,3131,65,116,488,v_to_u,1,112,489,116,65,116,65,
MOT17-02-FRCNN,3132,73,116,488,v_to_u,1,112,489,116,73,116,73,
MOT17-02-FRCNN,3133,79,116,488,v_to_u,1,112,489,116,79,116,79,
MOT17-02-FRCNN,3134,81,116,488,v_to_u,1,112,489,116,81,116,81,
MOT17-02-FRCNN,3135,82,116,488,v_to_u,1,70,489,116,82,116,82,
MOT17-02-FRCNN,3136,89,116,488,v_to_u,1,112,489,116,89,116,89,
MOT17-02-FRCNN,3137,93,116,488,v_to_u,1,112,489,116,93,116,93,
MOT17-02-FRCNN,3138,95,116,488,v_to_u,1,8,489,116,95,116,95,
MOT17-02-FRCNN,3139,97,116,488,v_to_u,1,112,489,116,97,116,97,
MOT17-02-FRCNN,3140,98,116,488,v_to_u,1,112,489,116,98,116,98,
MOT17-02-FRCNN,3141,105,116,488,v_to_u,1,112,489,116,105,116,105,
MOT17-02-FRCNN,3142,111,116,488,v_to_u,1,52,489,116,111,116,111,
MOT17-02-FRCNN,3143,112,116,488,v_to_u,1,91,489,116,112,116,112,
MOT17-02-FRCNN,3144,114,116,488,v_to_u,1,32,489,116,114,116,114,
MOT17-02-FRCNN,3145,116,119,488,u_to_v,1,61,489,116,119,116,119,
MOT17-02-FRCNN,3146,116,120,488,u_to_v,1,106,489,116,120,116,120,
MOT17-02-FRCNN,3147,116,122,488,u_to_v,1,19,489,116,122,116,122,
MOT17-02-FRCNN,3148,116,123,488,u_to_v,1,52,489,116,123,116,123,
MOT17-02-FRCNN,3149,116,124,488,u_to_v,1,52,489,116,124,116,124,
MOT17-02-FRCNN,3150,116,126,488,u_to_v,1,75,489,116,126,116,126,
MOT17-02-FRCNN,3151,116,128,488,u_to_v,1,51,489,116,128,116,128,
MOT17-02-FRCNN,3152,116,131,488,u_to_v,1,112,489,116,131,116,131,
MOT17-02-FRCNN,3153,116,132,488,u_to_v,1,112,489,116,132,116,132,
MOT17-02-FRCNN,3154,116,134,488,u_to_v,1,112,489,116,134,116,134,
MOT17-02-FRCNN,3155,116,135,488,u_to_v,1,112,489,116,135,116,135,
MOT17-02-FRCNN,3156,116,136,488,u_to_v,1,43,489,116,136,116,136,
MOT17-02-FRCNN,3157,116,137,488,u_to_v,1,112,489,116,137,116,137,
MOT17-02-FRCNN,3158,1,95,496,v_to_u,1,82,497,95,1,95,1,
MOT17-02-FRCNN,3159,24,95,496,v_to_u,1,104,497,95,24,95,24,
MOT17-02-FRCNN,3160,65,95,496,v_to_u,1,104,497,95,65,95,65,
MOT17-02-FRCNN,3161,73,95,496,v_to_u,1,104,497,95,73,95,73,
MOT17-02-FRCNN,3162,79,95,496,v_to_u,1,104,497,95,79,95,79,
MOT17-02-FRCNN,3163,81,95,496,v_to_u,1,104,497,95,81,95,81,
MOT17-02-FRCNN,3164,82,95,496,v_to_u,1,62,497,95,82,95,82,
MOT17-02-FRCNN,3165,89,95,496,v_to_u,1,104,497,95,89,95,89,
MOT17-02-FRCNN,3166,93,95,496,v_to_u,1,104,497,95,93,95,93,
MOT17-02-FRCNN,3167,95,97,496,u_to_v,1,104,497,95,97,95,97,
MOT17-02-FRCNN,3168,95,98,496,u_to_v,1,104,497,95,98,95,98,
MOT17-02-FRCNN,3169,95,105,496,u_to_v,1,104,497,95,105,95,105,
MOT17-02-FRCNN,3170,95,111,496,u_to_v,1,44,497,95,111,95,111,
MOT17-02-FRCNN,3171,95,112,496,u_to_v,1,83,497,95,112,95,112,
MOT17-02-FRCNN,3172,95,114,496,u_to_v,1,24,497,95,114,95,114,
MOT17-02-FRCNN,3173,95,119,496,u_to_v,1,53,497,95,119,95,119,
MOT17-02-FRCNN,3174,95,120,496,u_to_v,1,98,497,95,120,95,120,
MOT17-02-FRCNN,3175,95,122,496,u_to_v,1,11,497,95,122,95,122,
MOT17-02-FRCNN,3176,95,123,496,u_to_v,1,44,497,95,123,95,123,
MOT17-02-FRCNN,3177,95,124,496,u_to_v,1,44,497,95,124,95,124,
MOT17-02-FRCNN,3178,95,126,496,u_to_v,1,67,497,95,126,95,126,
MOT17-02-FRCNN,3179,95,128,496,u_to_v,1,43,497,95,128,95,128,
MOT17-02-FRCNN,3180,95,131,496,u_to_v,1,104,497,95,131,95,131,
MOT17-02-FRCNN,3181,95,132,496,u_to_v,1,104,497,95,132,95,132,
MOT17-02-FRCNN,3182,95,134,496,u_to_v,1,104,497,95,134,95,134,
MOT17-02-FRCNN,3183,95,135,496,u_to_v,1,104,497,95,135,95,135,
MOT17-02-FRCNN,3184,95,136,496,u_to_v,1,35,497,95,136,95,136,
MOT17-02-FRCNN,3185,95,137,496,u_to_v,1,104,497,95,137,95,137,
MOT17-02-FRCNN,3186,95,138,496,u_to_v,1,18,497,95,138,95,138,
MOT17-02-FRCNN,3187,1,139,499,v_to_u,1,79,500,139,1,139,1,
MOT17-02-FRCNN,3188,24,139,499,v_to_u,1,101,500,139,24,139,24,
MOT17-02-FRCNN,3189,65,139,499,v_to_u,1,101,500,139,65,139,65,
MOT17-02-FRCNN,3190,73,139,499,v_to_u,1,101,500,139,73,139,73,
MOT17-02-FRCNN,3191,79,139,499,v_to_u,1,101,500,139,79,139,79,
MOT17-02-FRCNN,3192,81,139,499,v_to_u,1,101,500,139,81,139,81,
MOT17-02-FRCNN,3193,82,139,499,v_to_u,1,59,500,139,82,139,82,
MOT17-02-FRCNN,3194,89,139,499,v_to_u,1,101,500,139,89,139,89,
MOT17-02-FRCNN,3195,93,139,499,v_to_u,1,101,500,139,93,139,93,
MOT17-02-FRCNN,3196,97,139,499,v_to_u,1,101,500,139,97,139,97,
MOT17-02-FRCNN,3197,98,139,499,v_to_u,1,101,500,139,98,139,98,
MOT17-02-FRCNN,3198,105,139,499,v_to_u,1,101,500,139,105,139,105,
MOT17-02-FRCNN,3199,111,139,499,v_to_u,1,41,500,139,111,139,111,
MOT17-02-FRCNN,3200,112,139,499,v_to_u,1,80,500,139,112,139,112,
MOT17-02-FRCNN,3201,114,139,499,v_to_u,1,21,500,139,114,139,114,
MOT17-02-FRCNN,3202,119,139,499,v_to_u,1,50,500,139,119,139,119,
MOT17-02-FRCNN,3203,120,139,499,v_to_u,1,95,500,139,120,139,120,
MOT17-02-FRCNN,3204,122,139,499,v_to_u,1,8,500,139,122,139,122,
MOT17-02-FRCNN,3205,123,139,499,v_to_u,1,41,500,139,123,139,123,
MOT17-02-FRCNN,3206,124,139,499,v_to_u,1,41,500,139,124,139,124,
MOT17-02-FRCNN,3207,126,139,499,v_to_u,1,64,500,139,126,139,126,
MOT17-02-FRCNN,3208,128,139,499,v_to_u,1,40,500,139,128,139,128,
MOT17-02-FRCNN,3209,131,139,499,v_to_u,1,101,500,139,131,139,131,
MOT17-02-FRCNN,3210,132,139,499,v_to_u,1,101,500,139,132,139,132,
MOT17-02-FRCNN,3211,134,139,499,v_to_u,1,101,500,139,134,139,134,
MOT17-02-FRCNN,3212,135,139,499,v_to_u,1,101,500,139,135,139,135,
MOT17-02-FRCNN,3213,136,139,499,v_to_u,1,32,500,139,136,139,136,
MOT17-02-FRCNN,3214,137,139,499,v_to_u,1,101,500,139,137,139,137,
MOT17-02-FRCNN,3215,138,139,499,v_to_u,1,15,500,139,138,139,138,
MOT17-02-FRCNN,3216,1,122,507,v_to_u,1,71,508,122,1,122,1,
MOT17-02-FRCNN,3217,24,122,507,v_to_u,1,93,508,122,24,122,24,
MOT17-02-FRCNN,3218,65,122,507,v_to_u,1,93,508,122,65,122,65,
MOT17-02-FRCNN,3219,73,122,507,v_to_u,1,93,508,122,73,122,73,
MOT17-02-FRCNN,3220,79,122,507,v_to_u,1,93,508,122,79,122,79,
MOT17-02-FRCNN,3221,81,122,507,v_to_u,1,93,508,122,81,122,81,
MOT17-02-FRCNN,3222,82,122,507,v_to_u,1,51,508,122,82,122,82,
MOT17-02-FRCNN,3223,89,122,507,v_to_u,1,93,508,122,89,122,89,
MOT17-02-FRCNN,3224,93,122,507,v_to_u,1,93,508,122,93,122,93,
MOT17-02-FRCNN,3225,97,122,507,v_to_u,1,93,508,122,97,122,97,
MOT17-02-FRCNN,3226,98,122,507,v_to_u,1,93,508,122,98,122,98,
MOT17-02-FRCNN,3227,105,122,507,v_to_u,1,93,508,122,105,122,105,
MOT17-02-FRCNN,3228,111,122,507,v_to_u,1,33,508,122,111,122,111,
MOT17-02-FRCNN,3229,112,122,507,v_to_u,1,72,508,122,112,122,112,
MOT17-02-FRCNN,3230,114,122,507,v_to_u,1,13,508,122,114,122,114,
MOT17-02-FRCNN,3231,119,122,507,v_to_u,1,42,508,122,119,122,119,
MOT17-02-FRCNN,3232,120,122,507,v_to_u,1,87,508,122,120,122,120,
MOT17-02-FRCNN,3233,122,123,507,u_to_v,1,33,508,122,123,122,123,
MOT17-02-FRCNN,3234,122,124,507,u_to_v,1,33,508,122,124,122,124,
MOT17-02-FRCNN,3235,122,126,507,u_to_v,1,56,508,122,126,122,126,
MOT17-02-FRCNN,3236,122,128,507,u_to_v,1,32,508,122,128,122,128,
MOT17-02-FRCNN,3237,122,131,507,u_to_v,1,93,508,122,131,122,131,
MOT17-02-FRCNN,3238,122,132,507,u_to_v,1,93,508,122,132,122,132,
MOT17-02-FRCNN,3239,122,134,507,u_to_v,1,93,508,122,134,122,134,
MOT17-02-FRCNN,3240,122,135,507,u_to_v,1,93,508,122,135,122,135,
MOT17-02-FRCNN,3241,122,136,507,u_to_v,1,24,508,122,136,122,136,
MOT17-02-FRCNN,3242,122,137,507,u_to_v,1,93,508,122,137,122,137,
MOT17-02-FRCNN,3243,122,138,507,u_to_v,1,7,508,122,138,122,138,
MOT17-02-FRCNN,3244,1,138,514,v_to_u,1,64,515,138,1,138,1,
MOT17-02-FRCNN,3245,24,138,514,v_to_u,1,86,515,138,24,138,24,
MOT17-02-FRCNN,3246,65,138,514,v_to_u,1,86,515,138,65,138,65,
MOT17-02-FRCNN,3247,73,138,514,v_to_u,1,86,515,138,73,138,73,
MOT17-02-FRCNN,3248,79,138,514,v_to_u,1,86,515,138,79,138,79,
MOT17-02-FRCNN,3249,81,138,514,v_to_u,1,86,515,138,81,138,81,
MOT17-02-FRCNN,3250,82,138,514,v_to_u,1,44,515,138,82,138,82,
MOT17-02-FRCNN,3251,89,138,514,v_to_u,1,86,515,138,89,138,89,
MOT17-02-FRCNN,3252,93,138,514,v_to_u,1,86,515,138,93,138,93,
MOT17-02-FRCNN,3253,97,138,514,v_to_u,1,86,515,138,97,138,97,
MOT17-02-FRCNN,3254,98,138,514,v_to_u,1,86,515,138,98,138,98,
MOT17-02-FRCNN,3255,105,138,514,v_to_u,1,86,515,138,105,138,105,
MOT17-02-FRCNN,3256,111,138,514,v_to_u,1,26,515,138,111,138,111,
MOT17-02-FRCNN,3257,112,138,514,v_to_u,1,65,515,138,112,138,112,
MOT17-02-FRCNN,3258,114,138,514,v_to_u,1,6,515,138,114,138,114,
MOT17-02-FRCNN,3259,119,138,514,v_to_u,1,35,515,138,119,138,119,
MOT17-02-FRCNN,3260,120,138,514,v_to_u,1,80,515,138,120,138,120,
MOT17-02-FRCNN,3261,123,138,514,v_to_u,1,26,515,138,123,138,123,
MOT17-02-FRCNN,3262,124,138,514,v_to_u,1,26,515,138,124,138,124,
MOT17-02-FRCNN,3263,126,138,514,v_to_u,1,49,515,138,126,138,126,
MOT17-02-FRCNN,3264,128,138,514,v_to_u,1,25,515,138,128,138,128,
MOT17-02-FRCNN,3265,131,138,514,v_to_u,1,86,515,138,131,138,131,
MOT17-02-FRCNN,3266,132,138,514,v_to_u,1,86,515,138,132,138,132,
MOT17-02-FRCNN,3267,134,138,514,v_to_u,1,86,515,138,134,138,134,
MOT17-02-FRCNN,3268,135,138,514,v_to_u,1,86,515,138,135,138,135,
MOT17-02-FRCNN,3269,136,138,514,v_to_u,1,17,515,138,136,138,136,
MOT17-02-FRCNN,3270,137,138,514,v_to_u,1,86,515,138,137,138,137,
MOT17-02-FRCNN,3271,138,140,514,u_to_v,1,48,515,138,140,138,140,
MOT17-02-FRCNN,3272,138,141,514,u_to_v,1,86,515,138,141,138,141,
MOT17-02-FRCNN,3273,138,142,514,u_to_v,1,86,515,138,142,138,142,
MOT17-02-FRCNN,3274,138,143,514,u_to_v,1,71,515,138,143,138,143,
MOT17-02-FRCNN,3275,1,114,520,v_to_u,1,58,521,114,1,114,1,
MOT17-02-FRCNN,3276,1,144,520,v_to_u,1,58,521,144,1,144,1,
MOT17-02-FRCNN,3277,24,114,520,v_to_u,1,80,521,114,24,114,24,
MOT17-02-FRCNN,3278,24,144,520,v_to_u,1,80,521,144,24,144,24,
MOT17-02-FRCNN,3279,65,114,520,v_to_u,1,80,521,114,65,114,65,
MOT17-02-FRCNN,3280,65,144,520,v_to_u,1,80,521,144,65,144,65,
MOT17-02-FRCNN,3281,73,114,520,v_to_u,1,80,521,114,73,114,73,
MOT17-02-FRCNN,3282,73,144,520,v_to_u,1,80,521,144,73,144,73,
MOT17-02-FRCNN,3283,79,114,520,v_to_u,1,80,521,114,79,114,79,
MOT17-02-FRCNN,3284,79,144,520,v_to_u,1,80,521,144,79,144,79,
MOT17-02-FRCNN,3285,81,114,520,v_to_u,1,80,521,114,81,114,81,
MOT17-02-FRCNN,3286,81,144,520,v_to_u,1,80,521,144,81,144,81,
MOT17-02-FRCNN,3287,82,114,520,v_to_u,1,38,521,114,82,114,82,
MOT17-02-FRCNN,3288,82,144,520,v_to_u,1,38,521,144,82,144,82,
MOT17-02-FRCNN,3289,89,114,520,v_to_u,1,80,521,114,89,114,89,
MOT17-02-FRCNN,3290,89,144,520,v_to_u,1,80,521,144,89,144,89,
MOT17-02-FRCNN,3291,93,114,520,v_to_u,1,80,521,114,93,114,93,
MOT17-02-FRCNN,3292,93,144,520,v_to_u,1,80,521,144,93,144,93,
MOT17-02-FRCNN,3293,97,114,520,v_to_u,1,80,521,114,97,114,97,
MOT17-02-FRCNN,3294,97,144,520,v_to_u,1,80,521,144,97,144,97,
MOT17-02-FRCNN,3295,98,114,520,v_to_u,1,80,521,114,98,114,98,
MOT17-02-FRCNN,3296,98,144,520,v_to_u,1,80,521,144,98,144,98,
MOT17-02-FRCNN,3297,105,114,520,v_to_u,1,80,521,114,105,114,105,
MOT17-02-FRCNN,3298,105,144,520,v_to_u,1,80,521,144,105,144,105,
MOT17-02-FRCNN,3299,111,114,520,v_to_u,1,20,521,114,111,114,111,
MOT17-02-FRCNN,3300,111,144,520,v_to_u,1,20,521,144,111,144,111,
MOT17-02-FRCNN,3301,112,114,520,v_to_u,1,59,521,114,112,114,112,
MOT17-02-FRCNN,3302,112,144,520,v_to_u,1,59,521,144,112,144,112,
MOT17-02-FRCNN,3303,114,119,520,u_to_v,1,29,521,114,119,114,119,
MOT17-02-FRCNN,3304,114,120,520,u_to_v,1,74,521,114,120,114,120,
MOT17-02-FRCNN,3305,114,123,520,u_to_v,1,20,521,114,123,114,123,
MOT17-02-FRCNN,3306,114,124,520,u_to_v,1,20,521,114,124,114,124,
MOT17-02-FRCNN,3307,114,126,520,u_to_v,1,43,521,114,126,114,126,
MOT17-02-FRCNN,3308,114,128,520,u_to_v,1,19,521,114,128,114,128,
MOT17-02-FRCNN,3309,114,131,520,u_to_v,1,80,521,114,131,114,131,
MOT17-02-FRCNN,3310,114,132,520,u_to_v,1,80,521,114,132,114,132,
MOT17-02-FRCNN,3311,114,134,520,u_to_v,1,80,521,114,134,114,134,
MOT17-02-FRCNN,3312,114,135,520,u_to_v,1,80,521,114,135,114,135,
MOT17-02-FRCNN,3313,114,136,520,u_to_v,1,11,521,114,136,114,136,
MOT17-02-FRCNN,3314,114,137,520,u_to_v,1,80,521,114,137,114,137,
MOT17-02-FRCNN,3315,114,140,520,u_to_v,1,42,521,114,140,114,140,
MOT17-02-FRCNN,3316,114,141,520,u_to_v,1,80,521,114,141,114,141,
MOT17-02-FRCNN,3317,114,142,520,u_to_v,1,80,521,114,142,114,142,
MOT17-02-FRCNN,3318,114,143,520,u_to_v,1,65,521,114,143,114,143,
MOT17-02-FRCNN,3319,119,144,520,v_to_u,1,29,521,144,119,144,119,
MOT17-02-FRCNN,3320,120,144,520,v_to_u,1,74,521,144,120,144,120,
MOT17-02-FRCNN,3321,123,144,520,v_to_u,1,20,521,144,123,144,123,
MOT17-02-FRCNN,3322,124,144,520,v_to_u,1,20,521,144,124,144,124,
MOT17-02-FRCNN,3323,126,144,520,v_to_u,1,43,521,144,126,144,126,
MOT17-02-FRCNN,3324,128,144,520,v_to_u,1,19,521,144,128,144,128,
MOT17-02-FRCNN,3325,131,144,520,v_to_u,1,80,521,144,131,144,131,
MOT17-02-FRCNN,3326,132,144,520,v_to_u,1,80,521,144,132,144,132,
MOT17-02-FRCNN,3327,134,144,520,v_to_u,1,80,521,144,134,144,134,
MOT17-02-FRCNN,3328,135,144,520,v_to_u,1,80,521,144,135,144,135,
MOT17-02-FRCNN,3329,136,144,520,v_to_u,1,11,521,144,136,144,136,
MOT17-02-FRCNN,3330,137,144,520,v_to_u,1,80,521,144,137,144,137,
MOT17-02-FRCNN,3331,140,144,520,v_to_u,1,42,521,144,140,144,140,
MOT17-02-FRCNN,3332,141,144,520,v_to_u,1,80,521,144,141,144,141,
MOT17-02-FRCNN,3333,142,144,520,v_to_u,1,80,521,144,142,144,142,
MOT17-02-FRCNN,3334,143,144,520,v_to_u,1,65,521,144,143,144,143,
MOT17-02-FRCNN,3335,1,145,523,v_to_u,1,55,524,145,1,145,1,
MOT17-02-FRCNN,3336,24,145,523,v_to_u,1,77,524,145,24,145,24,
MOT17-02-FRCNN,3337,65,145,523,v_to_u,1,77,524,145,65,145,65,
MOT17-02-FRCNN,3338,73,145,523,v_to_u,1,77,524,145,73,145,73,
MOT17-02-FRCNN,3339,79,145,523,v_to_u,1,77,524,145,79,145,79,
MOT17-02-FRCNN,3340,81,145,523,v_to_u,1,77,524,145,81,145,81,
MOT17-02-FRCNN,3341,82,145,523,v_to_u,1,35,524,145,82,145,82,
MOT17-02-FRCNN,3342,89,145,523,v_to_u,1,77,524,145,89,145,89,
MOT17-02-FRCNN,3343,93,145,523,v_to_u,1,77,524,145,93,145,93,
MOT17-02-FRCNN,3344,97,145,523,v_to_u,1,77,524,145,97,145,97,
MOT17-02-FRCNN,3345,98,145,523,v_to_u,1,77,524,145,98,145,98,
MOT17-02-FRCNN,3346,105,145,523,v_to_u,1,77,524,145,105,145,105,
MOT17-02-FRCNN,3347,111,145,523,v_to_u,1,17,524,145,111,145,111,
MOT17-02-FRCNN,3348,112,145,523,v_to_u,1,56,524,145,112,145,112,
MOT17-02-FRCNN,3349,119,145,523,v_to_u,1,26,524,145,119,145,119,
MOT17-02-FRCNN,3350,120,145,523,v_to_u,1,71,524,145,120,145,120,
MOT17-02-FRCNN,3351,123,145,523,v_to_u,1,17,524,145,123,145,123,
MOT17-02-FRCNN,3352,124,145,523,v_to_u,1,17,524,145,124,145,124,
MOT17-02-FRCNN,3353,126,145,523,v_to_u,1,40,524,145,126,145,126,
MOT17-02-FRCNN,3354,128,145,523,v_to_u,1,16,524,145,128,145,128,
MOT17-02-FRCNN,3355,131,145,523,v_to_u,1,77,524,145,131,145,131,
MOT17-02-FRCNN,3356,132,145,523,v_to_u,1,77,524,145,132,145,132,
MOT17-02-FRCNN,3357,134,145,523,v_to_u,1,77,524,145,134,145,134,
MOT17-02-FRCNN,3358,135,145,523,v_to_u,1,77,524,145,135,145,135,
MOT17-02-FRCNN,3359,136,145,523,v_to_u,1,8,524,145,136,145,136,
MOT17-02-FRCNN,3360,137,145,523,v_to_u,1,77,524,145,137,145,137,
MOT17-02-FRCNN,3361,140,145,523,v_to_u,1,39,524,145,140,145,140,
MOT17-02-FRCNN,3362,141,145,523,v_to_u,1,77,524,145,141,145,141,
MOT17-02-FRCNN,3363,142,145,523,v_to_u,1,77,524,145,142,145,142,
MOT17-02-FRCNN,3364,143,145,523,v_to_u,1,62,524,145,143,145,143,
MOT17-02-FRCNN,3365,1,136,531,v_to_u,1,47,532,136,1,136,1,
MOT17-02-FRCNN,3366,24,136,531,v_to_u,1,69,532,136,24,136,24,
MOT17-02-FRCNN,3367,65,136,531,v_to_u,1,69,532,136,65,136,65,
MOT17-02-FRCNN,3368,73,136,531,v_to_u,1,69,532,136,73,136,73,
MOT17-02-FRCNN,3369,79,136,531,v_to_u,1,69,532,136,79,136,79,
MOT17-02-FRCNN,3370,81,136,531,v_to_u,1,69,532,136,81,136,81,
MOT17-02-FRCNN,3371,82,136,531,v_to_u,1,27,532,136,82,136,82,
MOT17-02-FRCNN,3372,89,136,531,v_to_u,1,69,532,136,89,136,89,
MOT17-02-FRCNN,3373,93,136,531,v_to_u,1,69,532,136,93,136,93,
MOT17-02-FRCNN,3374,97,136,531,v_to_u,1,69,532,136,97,136,97,
MOT17-02-FRCNN,3375,98,136,531,v_to_u,1,69,532,136,98,136,98,
MOT17-02-FRCNN,3376,105,136,531,v_to_u,1,69,532,136,105,136,105,
MOT17-02-FRCNN,3377,111,136,531,v_to_u,1,9,532,136,111,136,111,
MOT17-02-FRCNN,3378,112,136,531,v_to_u,1,48,532,136,112,136,112,
MOT17-02-FRCNN,3379,119,136,531,v_to_u,1,18,532,136,119,136,119,
MOT17-02-FRCNN,3380,120,136,531,v_to_u,1,63,532,136,120,136,120,
MOT17-02-FRCNN,3381,123,136,531,v_to_u,1,9,532,136,123,136,123,
MOT17-02-FRCNN,3382,124,136,531,v_to_u,1,9,532,136,124,136,124,
MOT17-02-FRCNN,3383,126,136,531,v_to_u,1,32,532,136,126,136,126,
MOT17-02-FRCNN,3384,128,136,531,v_to_u,1,8,532,136,128,136,128,
MOT17-02-FRCNN,3385,131,136,531,v_to_u,1,69,532,136,131,136,131,
MOT17-02-FRCNN,3386,132,136,531,v_to_u,1,69,532,136,132,136,132,
MOT17-02-FRCNN,3387,134,136,531,v_to_u,1,69,532,136,134,136,134,
MOT17-02-FRCNN,3388,135,136,531,v_to_u,1,69,532,136,135,136,135,
MOT17-02-FRCNN,3389,136,137,531,u_to_v,1,69,532,136,137,136,137,
MOT17-02-FRCNN,3390,136,140,531,u_to_v,1,31,532,136,140,136,140,
MOT17-02-FRCNN,3391,136,141,531,u_to_v,1,69,532,136,141,136,141,
MOT17-02-FRCNN,3392,136,142,531,u_to_v,1,69,532,136,142,136,142,
MOT17-02-FRCNN,3393,136,143,531,u_to_v,1,54,532,136,143,136,143,
MOT17-02-FRCNN,3394,1,128,539,v_to_u,1,39,540,128,1,128,1,
MOT17-02-FRCNN,3395,24,128,539,v_to_u,1,61,540,128,24,128,24,
MOT17-02-FRCNN,3396,65,128,539,v_to_u,1,61,540,128,65,128,65,
MOT17-02-FRCNN,3397,73,128,539,v_to_u,1,61,540,128,73,128,73,
MOT17-02-FRCNN,3398,79,128,539,v_to_u,1,61,540,128,79,128,79,
MOT17-02-FRCNN,3399,81,128,539,v_to_u,1,61,540,128,81,128,81,
MOT17-02-FRCNN,3400,82,128,539,v_to_u,1,19,540,128,82,128,82,
MOT17-02-FRCNN,3401,89,128,539,v_to_u,1,61,540,128,89,128,89,
MOT17-02-FRCNN,3402,93,128,539,v_to_u,1,61,540,128,93,128,93,
MOT17-02-FRCNN,3403,97,128,539,v_to_u,1,61,540,128,97,128,97,
MOT17-02-FRCNN,3404,98,128,539,v_to_u,1,61,540,128,98,128,98,
MOT17-02-FRCNN,3405,105,128,539,v_to_u,1,61,540,128,105,128,105,
MOT17-02-FRCNN,3406,111,128,539,v_to_u,1,1,540,128,111,128,111,
MOT17-02-FRCNN,3407,112,128,539,v_to_u,1,40,540,128,112,128,112,
MOT17-02-FRCNN,3408,119,128,539,v_to_u,1,10,540,128,119,128,119,
MOT17-02-FRCNN,3409,120,128,539,v_to_u,1,55,540,128,120,128,120,
MOT17-02-FRCNN,3410,123,128,539,v_to_u,1,1,540,128,123,128,123,
MOT17-02-FRCNN,3411,124,128,539,v_to_u,1,1,540,128,124,128,124,
MOT17-02-FRCNN,3412,126,128,539,v_to_u,1,24,540,128,126,128,126,
MOT17-02-FRCNN,3413,128,131,539,u_to_v,1,61,540,128,131,128,131,
MOT17-02-FRCNN,3414,128,132,539,u_to_v,1,61,540,128,132,128,132,
MOT17-02-FRCNN,3415,128,134,539,u_to_v,1,61,540,128,134,128,134,
MOT17-02-FRCNN,3416,128,135,539,u_to_v,1,61,540,128,135,128,135,
MOT17-02-FRCNN,3417,128,137,539,u_to_v,1,61,540,128,137,128,137,
MOT17-02-FRCNN,3418,128,140,539,u_to_v,1,23,540,128,140,128,140,
MOT17-02-FRCNN,3419,128,141,539,u_to_v,1,61,540,128,141,128,141,
MOT17-02-FRCNN,3420,128,142,539,u_to_v,1,61,540,128,142,128,142,
MOT17-02-FRCNN,3421,128,143,539,u_to_v,1,46,540,128,143,128,143,
MOT17-02-FRCNN,3422,128,146,539,u_to_v,1,61,540,128,146,128,146,
MOT17-02-FRCNN,3423,1,111,540,v_to_u,1,38,541,111,1,111,1,
MOT17-02-FRCNN,3424,1,123,540,v_to_u,1,38,541,123,1,123,1,
MOT17-02-FRCNN,3425,1,124,540,v_to_u,1,38,541,124,1,124,1,
MOT17-02-FRCNN,3426,24,111,540,v_to_u,1,60,541,111,24,111,24,
MOT17-02-FRCNN,3427,24,123,540,v_to_u,1,60,541,123,24,123,24,
MOT17-02-FRCNN,3428,24,124,540,v_to_u,1,60,541,124,24,124,24,
MOT17-02-FRCNN,3429,65,111,540,v_to_u,1,60,541,111,65,111,65,
MOT17-02-FRCNN,3430,65,123,540,v_to_u,1,60,541,123,65,123,65,
MOT17-02-FRCNN,3431,65,124,540,v_to_u,1,60,541,124,65,124,65,
MOT17-02-FRCNN,3432,73,111,540,v_to_u,1,60,541,111,73,111,73,
MOT17-02-FRCNN,3433,73,123,540,v_to_u,1,60,541,123,73,123,73,
MOT17-02-FRCNN,3434,73,124,540,v_to_u,1,60,541,124,73,124,73,
MOT17-02-FRCNN,3435,79,111,540,v_to_u,1,60,541,111,79,111,79,
MOT17-02-FRCNN,3436,79,123,540,v_to_u,1,60,541,123,79,123,79,
MOT17-02-FRCNN,3437,79,124,540,v_to_u,1,60,541,124,79,124,79,
MOT17-02-FRCNN,3438,81,111,540,v_to_u,1,60,541,111,81,111,81,
MOT17-02-FRCNN,3439,81,123,540,v_to_u,1,60,541,123,81,123,81,
MOT17-02-FRCNN,3440,81,124,540,v_to_u,1,60,541,124,81,124,81,
MOT17-02-FRCNN,3441,82,111,540,v_to_u,1,18,541,111,82,111,82,
MOT17-02-FRCNN,3442,82,123,540,v_to_u,1,18,541,123,82,123,82,
MOT17-02-FRCNN,3443,82,124,540,v_to_u,1,18,541,124,82,124,82,
MOT17-02-FRCNN,3444,89,111,540,v_to_u,1,60,541,111,89,111,89,
MOT17-02-FRCNN,3445,89,123,540,v_to_u,1,60,541,123,89,123,89,
MOT17-02-FRCNN,3446,89,124,540,v_to_u,1,60,541,124,89,124,89,
MOT17-02-FRCNN,3447,93,111,540,v_to_u,1,60,541,111,93,111,93,
MOT17-02-FRCNN,3448,93,123,540,v_to_u,1,60,541,123,93,123,93,
MOT17-02-FRCNN,3449,93,124,540,v_to_u,1,60,541,124,93,124,93,
MOT17-02-FRCNN,3450,97,111,540,v_to_u,1,60,541,111,97,111,97,
MOT17-02-FRCNN,3451,97,123,540,v_to_u,1,60,541,123,97,123,97,
MOT17-02-FRCNN,3452,97,124,540,v_to_u,1,60,541,124,97,124,97,
MOT17-02-FRCNN,3453,98,111,540,v_to_u,1,60,541,111,98,111,98,
MOT17-02-FRCNN,3454,98,123,540,v_to_u,1,60,541,123,98,123,98,
MOT17-02-FRCNN,3455,98,124,540,v_to_u,1,60,541,124,98,124,98,
MOT17-02-FRCNN,3456,105,111,540,v_to_u,1,60,541,111,105,111,105,
MOT17-02-FRCNN,3457,105,123,540,v_to_u,1,60,541,123,105,123,105,
MOT17-02-FRCNN,3458,105,124,540,v_to_u,1,60,541,124,105,124,105,
MOT17-02-FRCNN,3459,111,112,540,u_to_v,1,39,541,111,112,111,112,
MOT17-02-FRCNN,3460,111,119,540,u_to_v,1,9,541,111,119,111,119,
MOT17-02-FRCNN,3461,111,120,540,u_to_v,1,54,541,111,120,111,120,
MOT17-02-FRCNN,3462,111,126,540,u_to_v,1,23,541,111,126,111,126,
MOT17-02-FRCNN,3463,111,131,540,u_to_v,1,60,541,111,131,111,131,
MOT17-02-FRCNN,3464,111,132,540,u_to_v,1,60,541,111,132,111,132,
MOT17-02-FRCNN,3465,111,134,540,u_to_v,1,60,541,111,134,111,134,
MOT17-02-FRCNN,3466,111,135,540,u_to_v,1,60,541,111,135,111,135,
MOT17-02-FRCNN,3467,111,137,540,u_to_v,1,60,541,111,137,111,137,
MOT17-02-FRCNN,3468,111,140,540,u_to_v,1,22,541,111,140,111,140,
MOT17-02-FRCNN,3469,111,141,540,u_to_v,1,60,541,111,141,111,141,
MOT17-02-FRCNN,3470,111,142,540,u_to_v,1,60,541,111,142,111,142,
MOT17-02-FRCNN,3471,111,143,540,u_to_v,1,45,541,111,143,111,143,
MOT17-02-FRCNN,3472,111,146,540,u_to_v,1,60,541,111,146,111,146,
MOT17-02-FRCNN,3473,112,123,540,v_to_u,1,39,541,123,112,123,112,
MOT17-02-FRCNN,3474,112,124,540,v_to_u,1,39,541,124,112,124,112,
MOT17-02-FRCNN,3475,119,123,540,v_to_u,1,9,541,123,119,123,119,
MOT17-02-FRCNN,3476,119,124,540,v_to_u,1,9,541,124,119,124,119,
MOT17-02-FRCNN,3477,120,123,540,v_to_u,1,54,541,123,120,123,120,
MOT17-02-FRCNN,3478,120,124,540,v_to_u,1,54,541,124,120,124,120,
MOT17-02-FRCNN,3479,123,126,540,u_to_v,1,23,541,123,126,123,126,
MOT17-02-FRCNN,3480,123,131,540,u_to_v,1,60,541,123,131,123,131,
MOT17-02-FRCNN,3481,123,132,540,u_to_v,1,60,541,123,132,123,132,
MOT17-02-FRCNN,3482,123,134,540,u_to_v,1,60,541,123,134,123,134,
MOT17-02-FRCNN,3483,123,135,540,u_to_v,1,60,541,123,135,123,135,
MOT17-02-FRCNN,3484,123,137,540,u_to_v,1,60,541,123,137,123,137,
MOT17-02-FRCNN,3485,123,140,540,u_to_v,1,22,541,123,140,123,140,
MOT17-02-FRCNN,3486,123,141,540,u_to_v,1,60,541,123,141,123,141,
MOT17-02-FRCNN,3487,123,142,540,u_to_v,1,60,541,123,142,123,142,
MOT17-02-FRCNN,3488,123,143,540,u_to_v,1,45,541,123,143,123,143,
MOT17-02-FRCNN,3489,123,146,540,u_to_v,1,60,541,123,146,123,146,
MOT17-02-FRCNN,3490,124,126,540,u_to_v,1,23,541,124,126,124,126,
MOT17-02-FRCNN,3491,124,131,540,u_to_v,1,60,541,124,131,124,131,
MOT17-02-FRCNN,3492,124,132,540,u_to_v,1,60,541,124,132,124,132,
MOT17-02-FRCNN,3493,124,134,540,u_to_v,1,60,541,124,134,124,134,
MOT17-02-FRCNN,3494,124,135,540,u_to_v,1,60,541,124,135,124,135,
MOT17-02-FRCNN,3495,124,137,540,u_to_v,1,60,541,124,137,124,137,
MOT17-02-FRCNN,3496,124,140,540,u_to_v,1,22,541,124,140,124,140,
MOT17-02-FRCNN,3497,124,141,540,u_to_v,1,60,541,124,141,124,141,
MOT17-02-FRCNN,3498,124,142,540,u_to_v,1,60,541,124,142,124,142,
MOT17-02-FRCNN,3499,124,143,540,u_to_v,1,45,541,124,143,124,143,
MOT17-02-FRCNN,3500,124,146,540,u_to_v,1,60,541,124,146,124,146,
MOT17-02-FRCNN,3501,1,119,549,v_to_u,1,29,550,119,1,119,1,
MOT17-02-FRCNN,3502,24,119,549,v_to_u,1,51,550,119,24,119,24,
MOT17-02-FRCNN,3503,65,119,549,v_to_u,1,51,550,119,65,119,65,
MOT17-02-FRCNN,3504,73,119,549,v_to_u,1,51,550,119,73,119,73,
MOT17-02-FRCNN,3505,79,119,549,v_to_u,1,51,550,119,79,119,79,
MOT17-02-FRCNN,3506,81,119,549,v_to_u,1,51,550,119,81,119,81,
MOT17-02-FRCNN,3507,82,119,549,v_to_u,1,9,550,119,82,119,82,
MOT17-02-FRCNN,3508,89,119,549,v_to_u,1,51,550,119,89,119,89,
MOT17-02-FRCNN,3509,93,119,549,v_to_u,1,51,550,119,93,119,93,
MOT17-02-FRCNN,3510,97,119,549,v_to_u,1,51,550,119,97,119,97,
MOT17-02-FRCNN,3511,98,119,549,v_to_u,1,51,550,119,98,119,98,
MOT17-02-FRCNN,3512,105,119,549,v_to_u,1,51,550,119,105,119,105,
MOT17-02-FRCNN,3513,112,119,549,v_to_u,1,30,550,119,112,119,112,
MOT17-02-FRCNN,3514,119,120,549,u_to_v,1,45,550,119,120,119,120,
MOT17-02-FRCNN,3515,119,126,549,u_to_v,1,14,550,119,126,119,126,
MOT17-02-FRCNN,3516,119,131,549,u_to_v,1,51,550,119,131,119,131,
MOT17-02-FRCNN,3517,119,132,549,u_to_v,1,51,550,119,132,119,132,
MOT17-02-FRCNN,3518,119,134,549,u_to_v,1,51,550,119,134,119,134,
MOT17-02-FRCNN,3519,119,135,549,u_to_v,1,51,550,119,135,119,135,
MOT17-02-FRCNN,3520,119,137,549,u_to_v,1,51,550,119,137,119,137,
MOT17-02-FRCNN,3521,119,140,549,u_to_v,1,13,550,119,140,119,140,
MOT17-02-FRCNN,3522,119,141,549,u_to_v,1,51,550,119,141,119,141,
MOT17-02-FRCNN,3523,119,142,549,u_to_v,1,51,550,119,142,119,142,
MOT17-02-FRCNN,3524,119,143,549,u_to_v,1,36,550,119,143,119,143,
MOT17-02-FRCNN,3525,119,146,549,u_to_v,1,51,550,119,146,119,146,
MOT17-02-FRCNN,3526,119,147,549,u_to_v,1,22,550,119,147,119,147,
MOT17-02-FRCNN,3527,119,148,549,u_to_v,1,35,550,119,148,119,148,
MOT17-02-FRCNN,3528,119,149,549,u_to_v,1,51,550,119,149,119,149,
MOT17-02-FRCNN,3529,119,150,549,u_to_v,1,24,550,119,150,119,150,
MOT17-02-FRCNN,3530,1,151,554,v_to_u,1,24,555,151,1,151,1,
MOT17-02-FRCNN,3531,24,151,554,v_to_u,1,46,555,151,24,151,24,
MOT17-02-FRCNN,3532,65,151,554,v_to_u,1,46,555,151,65,151,65,
MOT17-02-FRCNN,3533,73,151,554,v_to_u,1,46,555,151,73,151,73,
MOT17-02-FRCNN,3534,79,151,554,v_to_u,1,46,555,151,79,151,79,
MOT17-02-FRCNN,3535,81,151,554,v_to_u,1,46,555,151,81,151,81,
MOT17-02-FRCNN,3536,82,151,554,v_to_u,1,4,555,151,82,151,82,
MOT17-02-FRCNN,3537,89,151,554,v_to_u,1,46,555,151,89,151,89,
MOT17-02-FRCNN,3538,93,151,554,v_to_u,1,46,555,151,93,151,93,
MOT17-02-FRCNN,3539,97,151,554,v_to_u,1,46,555,151,97,151,97,
MOT17-02-FRCNN,3540,98,151,554,v_to_u,1,46,555,151,98,151,98,
MOT17-02-FRCNN,3541,105,151,554,v_to_u,1,46,555,151,105,151,105,
MOT17-02-FRCNN,3542,112,151,554,v_to_u,1,25,555,151,112,151,112,
MOT17-02-FRCNN,3543,120,151,554,v_to_u,1,40,555,151,120,151,120,
MOT17-02-FRCNN,3544,126,151,554,v_to_u,1,9,555,151,126,151,126,
MOT17-02-FRCNN,3545,131,151,554,v_to_u,1,46,555,151,131,151,131,
MOT17-02-FRCNN,3546,132,151,554,v_to_u,1,46,555,151,132,151,132,
MOT17-02-FRCNN,3547,134,151,554,v_to_u,1,46,555,151,134,151,134,
MOT17-02-FRCNN,3548,135,151,554,v_to_u,1,46,555,151,135,151,135,
MOT17-02-FRCNN,3549,137,151,554,v_to_u,1,46,555,151,137,151,137,
MOT17-02-FRCNN,3550,140,151,554,v_to_u,1,8,555,151,140,151,140,
MOT17-02-FRCNN,3551,141,151,554,v_to_u,1,46,555,151,141,151,141,
MOT17-02-FRCNN,3552,142,151,554,v_to_u,1,46,555,151,142,151,142,
MOT17-02-FRCNN,3553,143,151,554,v_to_u,1,31,555,151,143,151,143,
MOT17-02-FRCNN,3554,146,151,554,v_to_u,1,46,555,151,146,151,146,
MOT17-02-FRCNN,3555,147,151,554,v_to_u,1,17,555,151,147,151,147,
MOT17-02-FRCNN,3556,148,151,554,v_to_u,1,30,555,151,148,151,148,
MOT17-02-FRCNN,3557,149,151,554,v_to_u,1,46,555,151,149,151,149,
MOT17-02-FRCNN,3558,150,151,554,v_to_u,1,19,555,151,150,151,150,
MOT17-02-FRCNN,3559,1,82,558,v_to_u,1,20,559,82,1,82,1,
MOT17-02-FRCNN,3560,24,82,558,v_to_u,1,42,559,82,24,82,24,
MOT17-02-FRCNN,3561,65,82,558,v_to_u,1,42,559,82,65,82,65,
MOT17-02-FRCNN,3562,73,82,558,v_to_u,1,42,559,82,73,82,73,
MOT17-02-FRCNN,3563,79,82,558,v_to_u,1,42,559,82,79,82,79,
MOT17-02-FRCNN,3564,81,82,558,v_to_u,1,42,559,82,81,82,81,
MOT17-02-FRCNN,3565,82,89,558,u_to_v,1,42,559,82,89,82,89,
MOT17-02-FRCNN,3566,82,93,558,u_to_v,1,42,559,82,93,82,93,
MOT17-02-FRCNN,3567,82,97,558,u_to_v,1,42,559,82,97,82,97,
MOT17-02-FRCNN,3568,82,98,558,u_to_v,1,42,559,82,98,82,98,
MOT17-02-FRCNN,3569,82,105,558,u_to_v,1,42,559,82,105,82,105,
MOT17-02-FRCNN,3570,82,112,558,u_to_v,1,21,559,82,112,82,112,
MOT17-02-FRCNN,3571,82,120,558,u_to_v,1,36,559,82,120,82,120,
MOT17-02-FRCNN,3572,82,126,558,u_to_v,1,5,559,82,126,82,126,
MOT17-02-FRCNN,3573,82,131,558,u_to_v,1,42,559,82,131,82,131,
MOT17-02-FRCNN,3574,82,132,558,u_to_v,1,42,559,82,132,82,132,
MOT17-02-FRCNN,3575,82,134,558,u_to_v,1,42,559,82,134,82,134,
MOT17-02-FRCNN,3576,82,135,558,u_to_v,1,42,559,82,135,82,135,
MOT17-02-FRCNN,3577,82,137,558,u_to_v,1,42,559,82,137,82,137,
MOT17-02-FRCNN,3578,82,140,558,u_to_v,1,4,559,82,140,82,140,
MOT17-02-FRCNN,3579,82,141,558,u_to_v,1,42,559,82,141,82,141,
MOT17-02-FRCNN,3580,82,142,558,u_to_v,1,42,559,82,142,82,142,
MOT17-02-FRCNN,3581,82,143,558,u_to_v,1,27,559,82,143,82,143,
MOT17-02-FRCNN,3582,82,146,558,u_to_v,1,42,559,82,146,82,146,
MOT17-02-FRCNN,3583,82,147,558,u_to_v,1,13,559,82,147,82,147,
MOT17-02-FRCNN,3584,82,148,558,u_to_v,1,26,559,82,148,82,148,
MOT17-02-FRCNN,3585,82,149,558,u_to_v,1,42,559,82,149,82,149,
MOT17-02-FRCNN,3586,82,150,558,u_to_v,1,15,559,82,150,82,150,
MOT17-02-FRCNN,3587,1,153,561,v_to_u,1,17,562,153,1,153,1,
MOT17-02-FRCNN,3588,24,153,561,v_to_u,1,39,562,153,24,153,24,
MOT17-02-FRCNN,3589,65,153,561,v_to_u,1,39,562,153,65,153,65,
MOT17-02-FRCNN,3590,73,153,561,v_to_u,1,39,562,153,73,153,73,
MOT17-02-FRCNN,3591,79,153,561,v_to_u,1,39,562,153,79,153,79,
MOT17-02-FRCNN,3592,81,153,561,v_to_u,1,39,562,153,81,153,81,
MOT17-02-FRCNN,3593,89,153,561,v_to_u,1,39,562,153,89,153,89,
MOT17-02-FRCNN,3594,93,153,561,v_to_u,1,39,562,153,93,153,93,
MOT17-02-FRCNN,3595,97,153,561,v_to_u,1,39,562,153,97,153,97,
MOT17-02-FRCNN,3596,98,153,561,v_to_u,1,39,562,153,98,153,98,
MOT17-02-FRCNN,3597,105,153,561,v_to_u,1,39,562,153,105,153,105,
MOT17-02-FRCNN,3598,112,153,561,v_to_u,1,18,562,153,112,153,112,
MOT17-02-FRCNN,3599,120,153,561,v_to_u,1,33,562,153,120,153,120,
MOT17-02-FRCNN,3600,126,153,561,v_to_u,1,2,562,153,126,153,126,
MOT17-02-FRCNN,3601,131,153,561,v_to_u,1,39,562,153,131,153,131,
MOT17-02-FRCNN,3602,132,153,561,v_to_u,1,39,562,153,132,153,132,
MOT17-02-FRCNN,3603,134,153,561,v_to_u,1,39,562,153,134,153,134,
MOT17-02-FRCNN,3604,135,153,561,v_to_u,1,39,562,153,135,153,135,
MOT17-02-FRCNN,3605,137,153,561,v_to_u,1,39,562,153,137,153,137,
MOT17-02-FRCNN,3606,140,153,561,v_to_u,1,1,562,153,140,153,140,
MOT17-02-FRCNN,3607,141,153,561,v_to_u,1,39,562,153,141,153,141,
MOT17-02-FRCNN,3608,142,153,561,v_to_u,1,39,562,153,142,153,142,
MOT17-02-FRCNN,3609,143,153,561,v_to_u,1,24,562,153,143,153,143,
MOT17-02-FRCNN,3610,146,153,561,v_to_u,1,39,562,153,146,153,146,
MOT17-02-FRCNN,3611,147,153,561,v_to_u,1,10,562,153,147,153,147,
MOT17-02-FRCNN,3612,148,153,561,v_to_u,1,23,562,153,148,153,148,
MOT17-02-FRCNN,3613,149,153,561,v_to_u,1,39,562,153,149,153,149,
MOT17-02-FRCNN,3614,150,153,561,v_to_u,1,12,562,153,150,153,150,
MOT17-02-FRCNN,3615,152,153,561,v_to_u,1,39,562,153,152,153,152,
MOT17-02-FRCNN,3616,1,140,562,v_to_u,1,16,563,140,1,140,1,
MOT17-02-FRCNN,3617,24,140,562,v_to_u,1,38,563,140,24,140,24,
MOT17-02-FRCNN,3618,65,140,562,v_to_u,1,38,563,140,65,140,65,
MOT17-02-FRCNN,3619,73,140,562,v_to_u,1,38,563,140,73,140,73,
MOT17-02-FRCNN,3620,79,140,562,v_to_u,1,38,563,140,79,140,79,
MOT17-02-FRCNN,3621,81,140,562,v_to_u,1,38,563,140,81,140,81,
MOT17-02-FRCNN,3622,89,140,562,v_to_u,1,38,563,140,89,140,89,
MOT17-02-FRCNN,3623,93,140,562,v_to_u,1,38,563,140,93,140,93,
MOT17-02-FRCNN,3624,97,140,562,v_to_u,1,38,563,140,97,140,97,
MOT17-02-FRCNN,3625,98,140,562,v_to_u,1,38,563,140,98,140,98,
MOT17-02-FRCNN,3626,105,140,562,v_to_u,1,38,563,140,105,140,105,
MOT17-02-FRCNN,3627,112,140,562,v_to_u,1,17,563,140,112,140,112,
MOT17-02-FRCNN,3628,120,140,562,v_to_u,1,32,563,140,120,140,120,
MOT17-02-FRCNN,3629,126,140,562,v_to_u,1,1,563,140,126,140,126,
MOT17-02-FRCNN,3630,131,140,562,v_to_u,1,38,563,140,131,140,131,
MOT17-02-FRCNN,3631,132,140,562,v_to_u,1,38,563,140,132,140,132,
MOT17-02-FRCNN,3632,134,140,562,v_to_u,1,38,563,140,134,140,134,
MOT17-02-FRCNN,3633,135,140,562,v_to_u,1,38,563,140,135,140,135,
MOT17-02-FRCNN,3634,137,140,562,v_to_u,1,38,563,140,137,140,137,
MOT17-02-FRCNN,3635,140,141,562,u_to_v,1,38,563,140,141,140,141,
MOT17-02-FRCNN,3636,140,142,562,u_to_v,1,38,563,140,142,140,142,
MOT17-02-FRCNN,3637,140,143,562,u_to_v,1,23,563,140,143,140,143,
MOT17-02-FRCNN,3638,140,146,562,u_to_v,1,38,563,140,146,140,146,
MOT17-02-FRCNN,3639,140,147,562,u_to_v,1,9,563,140,147,140,147,
MOT17-02-FRCNN,3640,140,148,562,u_to_v,1,22,563,140,148,140,148,
MOT17-02-FRCNN,3641,140,149,562,u_to_v,1,38,563,140,149,140,149,
MOT17-02-FRCNN,3642,140,150,562,u_to_v,1,11,563,140,150,140,150,
MOT17-02-FRCNN,3643,140,152,562,u_to_v,1,38,563,140,152,140,152,
MOT17-02-FRCNN,3644,1,126,563,v_to_u,1,15,564,126,1,126,1,
MOT17-02-FRCNN,3645,24,126,563,v_to_u,1,37,564,126,24,126,24,
MOT17-02-FRCNN,3646,65,126,563,v_to_u,1,37,564,126,65,126,65,
MOT17-02-FRCNN,3647,73,126,563,v_to_u,1,37,564,126,73,126,73,
MOT17-02-FRCNN,3648,79,126,563,v_to_u,1,37,564,126,79,126,79,
MOT17-02-FRCNN,3649,81,126,563,v_to_u,1,37,564,126,81,126,81,
MOT17-02-FRCNN,3650,89,126,563,v_to_u,1,37,564,126,89,126,89,
MOT17-02-FRCNN,3651,93,126,563,v_to_u,1,37,564,126,93,126,93,
MOT17-02-FRCNN,3652,97,126,563,v_to_u,1,37,564,126,97,126,97,
MOT17-02-FRCNN,3653,98,126,563,v_to_u,1,37,564,126,98,126,98,
MOT17-02-FRCNN,3654,105,126,563,v_to_u,1,37,564,126,105,126,105,
MOT17-02-FRCNN,3655,112,126,563,v_to_u,1,16,564,126,112,126,112,
MOT17-02-FRCNN,3656,120,126,563,v_to_u,1,31,564,126,120,126,120,
MOT17-02-FRCNN,3657,126,131,563,u_to_v,1,37,564,126,131,126,131,
MOT17-02-FRCNN,3658,126,132,563,u_to_v,1,37,564,126,132,126,132,
MOT17-02-FRCNN,3659,126,134,563,u_to_v,1,37,564,126,134,126,134,
MOT17-02-FRCNN,3660,126,135,563,u_to_v,1,37,564,126,135,126,135,
MOT17-02-FRCNN,3661,126,137,563,u_to_v,1,37,564,126,137,126,137,
MOT17-02-FRCNN,3662,126,141,563,u_to_v,1,37,564,126,141,126,141,
MOT17-02-FRCNN,3663,126,142,563,u_to_v,1,37,564,126,142,126,142,
MOT17-02-FRCNN,3664,126,143,563,u_to_v,1,22,564,126,143,126,143,
MOT17-02-FRCNN,3665,126,146,563,u_to_v,1,37,564,126,146,126,146,
MOT17-02-FRCNN,3666,126,147,563,u_to_v,1,8,564,126,147,126,147,
MOT17-02-FRCNN,3667,126,148,563,u_to_v,1,21,564,126,148,126,148,
MOT17-02-FRCNN,3668,126,149,563,u_to_v,1,37,564,126,149,126,149,
MOT17-02-FRCNN,3669,126,150,563,u_to_v,1,10,564,126,150,126,150,
MOT17-02-FRCNN,3670,126,152,563,u_to_v,1,37,564,126,152,126,152,
MOT17-02-FRCNN,3671,1,147,571,v_to_u,1,7,572,147,1,147,1,
MOT17-02-FRCNN,3672,24,147,571,v_to_u,1,29,572,147,24,147,24,
MOT17-02-FRCNN,3673,65,147,571,v_to_u,1,29,572,147,65,147,65,
MOT17-02-FRCNN,3674,73,147,571,v_to_u,1,29,572,147,73,147,73,
MOT17-02-FRCNN,3675,79,147,571,v_to_u,1,29,572,147,79,147,79,
MOT17-02-FRCNN,3676,81,147,571,v_to_u,1,29,572,147,81,147,81,
MOT17-02-FRCNN,3677,89,147,571,v_to_u,1,29,572,147,89,147,89,
MOT17-02-FRCNN,3678,93,147,571,v_to_u,1,29,572,147,93,147,93,
MOT17-02-FRCNN,3679,97,147,571,v_to_u,1,29,572,147,97,147,97,
MOT17-02-FRCNN,3680,98,147,571,v_to_u,1,29,572,147,98,147,98,
MOT17-02-FRCNN,3681,105,147,571,v_to_u,1,29,572,147,105,147,105,
MOT17-02-FRCNN,3682,112,147,571,v_to_u,1,8,572,147,112,147,112,
MOT17-02-FRCNN,3683,120,147,571,v_to_u,1,23,572,147,120,147,120,
MOT17-02-FRCNN,3684,131,147,571,v_to_u,1,29,572,147,131,147,131,
MOT17-02-FRCNN,3685,132,147,571,v_to_u,1,29,572,147,132,147,132,
MOT17-02-FRCNN,3686,134,147,571,v_to_u,1,29,572,147,134,147,134,
MOT17-02-FRCNN,3687,135,147,571,v_to_u,1,29,572,147,135,147,135,
MOT17-02-FRCNN,3688,137,147,571,v_to_u,1,29,572,147,137,147,137,
MOT17-02-FRCNN,3689,141,147,571,v_to_u,1,29,572,147,141,147,141,
MOT17-02-FRCNN,3690,142,147,571,v_to_u,1,29,572,147,142,147,142,
MOT17-02-FRCNN,3691,143,147,571,v_to_u,1,14,572,147,143,147,143,
MOT17-02-FRCNN,3692,146,147,571,v_to_u,1,29,572,147,146,147,146,
MOT17-02-FRCNN,3693,147,148,571,u_to_v,1,13,572,147,148,147,148,
MOT17-02-FRCNN,3694,147,149,571,u_to_v,1,29,572,147,149,147,149,
MOT17-02-FRCNN,3695,147,150,571,u_to_v,1,2,572,147,150,147,150,
MOT17-02-FRCNN,3696,147,152,571,u_to_v,1,29,572,147,152,147,152,
MOT17-02-FRCNN,3697,147,154,571,u_to_v,1,29,572,147,154,147,154,
MOT17-02-FRCNN,3698,147,155,571,u_to_v,1,29,572,147,155,147,155,
MOT17-02-FRCNN,3699,1,150,573,v_to_u,1,5,574,150,1,150,1,
MOT17-02-FRCNN,3700,1,156,573,v_to_u,1,5,574,156,1,156,1,
MOT17-02-FRCNN,3701,24,150,573,v_to_u,1,27,574,150,24,150,24,
MOT17-02-FRCNN,3702,24,156,573,v_to_u,1,27,574,156,24,156,24,
MOT17-02-FRCNN,3703,65,150,573,v_to_u,1,27,574,150,65,150,65,
MOT17-02-FRCNN,3704,65,156,573,v_to_u,1,27,574,156,65,156,65,
MOT17-02-FRCNN,3705,73,150,573,v_to_u,1,27,574,150,73,150,73,
MOT17-02-FRCNN,3706,73,156,573,v_to_u,1,27,574,156,73,156,73,
MOT17-02-FRCNN,3707,79,150,573,v_to_u,1,27,574,150,79,150,79,
MOT17-02-FRCNN,3708,79,156,573,v_to_u,1,27,574,156,79,156,79,
MOT17-02-FRCNN,3709,81,150,573,v_to_u,1,27,574,150,81,150,81,
MOT17-02-FRCNN,3710,81,156,573,v_to_u,1,27,574,156,81,156,81,
MOT17-02-FRCNN,3711,89,150,573,v_to_u,1,27,574,150,89,150,89,
MOT17-02-FRCNN,3712,89,156,573,v_to_u,1,27,574,156,89,156,89,
MOT17-02-FRCNN,3713,93,150,573,v_to_u,1,27,574,150,93,150,93,
MOT17-02-FRCNN,3714,93,156,573,v_to_u,1,27,574,156,93,156,93,
MOT17-02-FRCNN,3715,97,150,573,v_to_u,1,27,574,150,97,150,97,
MOT17-02-FRCNN,3716,97,156,573,v_to_u,1,27,574,156,97,156,97,
MOT17-02-FRCNN,3717,98,150,573,v_to_u,1,27,574,150,98,150,98,
MOT17-02-FRCNN,3718,98,156,573,v_to_u,1,27,574,156,98,156,98,
MOT17-02-FRCNN,3719,105,150,573,v_to_u,1,27,574,150,105,150,105,
MOT17-02-FRCNN,3720,105,156,573,v_to_u,1,27,574,156,105,156,105,
MOT17-02-FRCNN,3721,112,150,573,v_to_u,1,6,574,150,112,150,112,
MOT17-02-FRCNN,3722,112,156,573,v_to_u,1,6,574,156,112,156,112,
MOT17-02-FRCNN,3723,120,150,573,v_to_u,1,21,574,150,120,150,120,
MOT17-02-FRCNN,3724,120,156,573,v_to_u,1,21,574,156,120,156,120,
MOT17-02-FRCNN,3725,131,150,573,v_to_u,1,27,574,150,131,150,131,
MOT17-02-FRCNN,3726,131,156,573,v_to_u,1,27,574,156,131,156,131,
MOT17-02-FRCNN,3727,132,150,573,v_to_u,1,27,574,150,132,150,132,
MOT17-02-FRCNN,3728,132,156,573,v_to_u,1,27,574,156,132,156,132,
MOT17-02-FRCNN,3729,134,150,573,v_to_u,1,27,574,150,134,150,134,
MOT17-02-FRCNN,3730,134,156,573,v_to_u,1,27,574,156,134,156,134,
MOT17-02-FRCNN,3731,135,150,573,v_to_u,1,27,574,150,135,150,135,
MOT17-02-FRCNN,3732,135,156,573,v_to_u,1,27,574,156,135,156,135,
MOT17-02-FRCNN,3733,137,150,573,v_to_u,1,27,574,150,137,150,137,
MOT17-02-FRCNN,3734,137,156,573,v_to_u,1,27,574,156,137,156,137,
MOT17-02-FRCNN,3735,141,150,573,v_to_u,1,27,574,150,141,150,141,
MOT17-02-FRCNN,3736,141,156,573,v_to_u,1,27,574,156,141,156,141,
MOT17-02-FRCNN,3737,142,150,573,v_to_u,1,27,574,150,142,150,142,
MOT17-02-FRCNN,3738,142,156,573,v_to_u,1,27,574,156,142,156,142,
MOT17-02-FRCNN,3739,143,150,573,v_to_u,1,12,574,150,143,150,143,
MOT17-02-FRCNN,3740,143,156,573,v_to_u,1,12,574,156,143,156,143,
MOT17-02-FRCNN,3741,146,150,573,v_to_u,1,27,574,150,146,150,146,
MOT17-02-FRCNN,3742,146,156,573,v_to_u,1,27,574,156,146,156,146,
MOT17-02-FRCNN,3743,148,150,573,v_to_u,1,11,574,150,148,150,148,
MOT17-02-FRCNN,3744,148,156,573,v_to_u,1,11,574,156,148,156,148,
MOT17-02-FRCNN,3745,149,150,573,v_to_u,1,27,574,150,149,150,149,
MOT17-02-FRCNN,3746,149,156,573,v_to_u,1,27,574,156,149,156,149,
MOT17-02-FRCNN,3747,150,152,573,u_to_v,1,27,574,150,152,150,152,
MOT17-02-FRCNN,3748,150,154,573,u_to_v,1,27,574,150,154,150,154,
MOT17-02-FRCNN,3749,150,155,573,u_to_v,1,27,574,150,155,150,155,
MOT17-02-FRCNN,3750,152,156,573,v_to_u,1,27,574,156,152,156,152,
MOT17-02-FRCNN,3751,154,156,573,v_to_u,1,27,574,156,154,156,154,
MOT17-02-FRCNN,3752,155,156,573,v_to_u,1,27,574,156,155,156,155,
MOT17-02-FRCNN,3753,1,157,577,v_to_u,1,1,578,157,1,157,1,
MOT17-02-FRCNN,3754,24,157,577,v_to_u,1,23,578,157,24,157,24,
MOT17-02-FRCNN,3755,65,157,577,v_to_u,1,23,578,157,65,157,65,
MOT17-02-FRCNN,3756,73,157,577,v_to_u,1,23,578,157,73,157,73,
MOT17-02-FRCNN,3757,79,157,577,v_to_u,1,23,578,157,79,157,79,
MOT17-02-FRCNN,3758,81,157,577,v_to_u,1,23,578,157,81,157,81,
MOT17-02-FRCNN,3759,89,157,577,v_to_u,1,23,578,157,89,157,89,
MOT17-02-FRCNN,3760,93,157,577,v_to_u,1,23,578,157,93,157,93,
MOT17-02-FRCNN,3761,97,157,577,v_to_u,1,23,578,157,97,157,97,
MOT17-02-FRCNN,3762,98,157,577,v_to_u,1,23,578,157,98,157,98,
MOT17-02-FRCNN,3763,105,157,577,v_to_u,1,23,578,157,105,157,105,
MOT17-02-FRCNN,3764,112,157,577,v_to_u,1,2,578,157,112,157,112,
MOT17-02-FRCNN,3765,120,157,577,v_to_u,1,17,578,157,120,157,120,
MOT17-02-FRCNN,3766,131,157,577,v_to_u,1,23,578,157,131,157,131,
MOT17-02-FRCNN,3767,132,157,577,v_to_u,1,23,578,157,132,157,132,
MOT17-02-FRCNN,3768,134,157,577,v_to_u,1,23,578,157,134,157,134,
MOT17-02-FRCNN,3769,135,157,577,v_to_u,1,23,578,157,135,157,135,
MOT17-02-FRCNN,3770,137,157,577,v_to_u,1,23,578,157,137,157,137,
MOT17-02-FRCNN,3771,141,157,577,v_to_u,1,23,578,157,141,157,141,
MOT17-02-FRCNN,3772,142,157,577,v_to_u,1,23,578,157,142,157,142,
MOT17-02-FRCNN,3773,143,157,577,v_to_u,1,8,578,157,143,157,143,
MOT17-02-FRCNN,3774,146,157,577,v_to_u,1,23,578,157,146,157,146,
MOT17-02-FRCNN,3775,148,157,577,v_to_u,1,7,578,157,148,157,148,
MOT17-02-FRCNN,3776,149,157,577,v_to_u,1,23,578,157,149,157,149,
MOT17-02-FRCNN,3777,152,157,577,v_to_u,1,23,578,157,152,157,152,
MOT17-02-FRCNN,3778,154,157,577,v_to_u,1,23,578,157,154,157,154,
MOT17-02-FRCNN,3779,155,157,577,v_to_u,1,23,578,157,155,157,155,
MOT17-02-FRCNN,3780,1,24,578,u_to_v,1,22,579,1,24,1,24,
MOT17-02-FRCNN,3781,1,65,578,u_to_v,1,22,579,1,65,1,65,
MOT17-02-FRCNN,3782,1,73,578,u_to_v,1,22,579,1,73,1,73,
MOT17-02-FRCNN,3783,1,79,578,u_to_v,1,22,579,1,79,1,79,
MOT17-02-FRCNN,3784,1,81,578,u_to_v,1,22,579,1,81,1,81,
MOT17-02-FRCNN,3785,1,89,578,u_to_v,1,22,579,1,89,1,89,
MOT17-02-FRCNN,3786,1,93,578,u_to_v,1,22,579,1,93,1,93,
MOT17-02-FRCNN,3787,1,97,578,u_to_v,1,22,579,1,97,1,97,
MOT17-02-FRCNN,3788,1,98,578,u_to_v,1,22,579,1,98,1,98,
MOT17-02-FRCNN,3789,1,105,578,u_to_v,1,22,579,1,105,1,105,
MOT17-02-FRCNN,3790,1,112,578,u_to_v,1,1,579,1,112,1,112,
MOT17-02-FRCNN,3791,1,120,578,u_to_v,1,16,579,1,120,1,120,
MOT17-02-FRCNN,3792,1,131,578,u_to_v,1,22,579,1,131,1,131,
MOT17-02-FRCNN,3793,1,132,578,u_to_v,1,22,579,1,132,1,132,
MOT17-02-FRCNN,3794,1,134,578,u_to_v,1,22,579,1,134,1,134,
MOT17-02-FRCNN,3795,1,135,578,u_to_v,1,22,579,1,135,1,135,
MOT17-02-FRCNN,3796,1,137,578,u_to_v,1,22,579,1,137,1,137,
MOT17-02-FRCNN,3797,1,141,578,u_to_v,1,22,579,1,141,1,141,
MOT17-02-FRCNN,3798,1,142,578,u_to_v,1,22,579,1,142,1,142,
MOT17-02-FRCNN,3799,1,143,578,u_to_v,1,7,579,1,143,1,143,
MOT17-02-FRCNN,3800,1,146,578,u_to_v,1,22,579,1,146,1,146,
MOT17-02-FRCNN,3801,1,148,578,u_to_v,1,6,579,1,148,1,148,
MOT17-02-FRCNN,3802,1,149,578,u_to_v,1,22,579,1,149,1,149,
MOT17-02-FRCNN,3803,1,152,578,u_to_v,1,22,579,1,152,1,152,
MOT17-02-FRCNN,3804,1,154,578,u_to_v,1,22,579,1,154,1,154,
MOT17-02-FRCNN,3805,1,155,578,u_to_v,1,22,579,1,155,1,155,
MOT17-02-FRCNN,3806,24,112,579,v_to_u,1,21,580,112,24,112,24,
MOT17-02-FRCNN,3807,65,112,579,v_to_u,1,21,580,112,65,112,65,
MOT17-02-FRCNN,3808,73,112,579,v_to_u,1,21,580,112,73,112,73,
MOT17-02-FRCNN,3809,79,112,579,v_to_u,1,21,580,112,79,112,79,
MOT17-02-FRCNN,3810,81,112,579,v_to_u,1,21,580,112,81,112,81,
MOT17-02-FRCNN,3811,89,112,579,v_to_u,1,21,580,112,89,112,89,
MOT17-02-FRCNN,3812,93,112,579,v_to_u,1,21,580,112,93,112,93,
MOT17-02-FRCNN,3813,97,112,579,v_to_u,1,21,580,112,97,112,97,
MOT17-02-FRCNN,3814,98,112,579,v_to_u,1,21,580,112,98,112,98,
MOT17-02-FRCNN,3815,105,112,579,v_to_u,1,21,580,112,105,112,105,
MOT17-02-FRCNN,3816,112,120,579,u_to_v,1,15,580,112,120,112,120,
MOT17-02-FRCNN,3817,112,131,579,u_to_v,1,21,580,112,131,112,131,
MOT17-02-FRCNN,3818,112,132,579,u_to_v,1,21,580,112,132,112,132,
MOT17-02-FRCNN,3819,112,134,579,u_to_v,1,21,580,112,134,112,134,
MOT17-02-FRCNN,3820,112,135,579,u_to_v,1,21,580,112,135,112,135,
MOT17-02-FRCNN,3821,112,137,579,u_to_v,1,21,580,112,137,112,137,
MOT17-02-FRCNN,3822,112,141,579,u_to_v,1,21,580,112,141,112,141,
MOT17-02-FRCNN,3823,112,142,579,u_to_v,1,21,580,112,142,112,142,
MOT17-02-FRCNN,3824,112,143,579,u_to_v,1,6,580,112,143,112,143,
MOT17-02-FRCNN,3825,112,146,579,u_to_v,1,21,580,112,146,112,146,
MOT17-02-FRCNN,3826,112,148,579,u_to_v,1,5,580,112,148,112,148,
MOT17-02-FRCNN,3827,112,149,579,u_to_v,1,21,580,112,149,112,149,
MOT17-02-FRCNN,3828,112,152,579,u_to_v,1,21,580,112,152,112,152,
MOT17-02-FRCNN,3829,112,154,579,u_to_v,1,21,580,112,154,112,154,
MOT17-02-FRCNN,3830,112,155,579,u_to_v,1,21,580,112,155,112,155,
MOT17-02-FRCNN,3831,24,148,584,v_to_u,1,16,585,148,24,148,24,
MOT17-02-FRCNN,3832,65,148,584,v_to_u,1,16,585,148,65,148,65,
MOT17-02-FRCNN,3833,73,148,584,v_to_u,1,16,585,148,73,148,73,
MOT17-02-FRCNN,3834,79,148,584,v_to_u,1,16,585,148,79,148,79,
MOT17-02-FRCNN,3835,81,148,584,v_to_u,1,16,585,148,81,148,81,
MOT17-02-FRCNN,3836,89,148,584,v_to_u,1,16,585,148,89,148,89,
MOT17-02-FRCNN,3837,93,148,584,v_to_u,1,16,585,148,93,148,93,
MOT17-02-FRCNN,3838,97,148,584,v_to_u,1,16,585,148,97,148,97,
MOT17-02-FRCNN,3839,98,148,584,v_to_u,1,16,585,148,98,148,98,
MOT17-02-FRCNN,3840,105,148,584,v_to_u,1,16,585,148,105,148,105,
MOT17-02-FRCNN,3841,120,148,584,v_to_u,1,10,585,148,120,148,120,
MOT17-02-FRCNN,3842,131,148,584,v_to_u,1,16,585,148,131,148,131,
MOT17-02-FRCNN,3843,132,148,584,v_to_u,1,16,585,148,132,148,132,
MOT17-02-FRCNN,3844,134,148,584,v_to_u,1,16,585,148,134,148,134,
MOT17-02-FRCNN,3845,135,148,584,v_to_u,1,16,585,148,135,148,135,
MOT17-02-FRCNN,3846,137,148,584,v_to_u,1,16,585,148,137,148,137,
MOT17-02-FRCNN,3847,141,148,584,v_to_u,1,16,585,148,141,148,141,
MOT17-02-FRCNN,3848,142,148,584,v_to_u,1,16,585,148,142,148,142,
MOT17-02-FRCNN,3849,143,148,584,v_to_u,1,1,585,148,143,148,143,
MOT17-02-FRCNN,3850,146,148,584,v_to_u,1,16,585,148,146,148,146,
MOT17-02-FRCNN,3851,148,149,584,u_to_v,1,16,585,148,149,148,149,
MOT17-02-FRCNN,3852,148,152,584,u_to_v,1,16,585,148,152,148,152,
MOT17-02-FRCNN,3853,148,154,584,u_to_v,1,16,585,148,154,148,154,
MOT17-02-FRCNN,3854,148,155,584,u_to_v,1,16,585,148,155,148,155,
MOT17-02-FRCNN,3855,148,158,584,u_to_v,1,3,585,148,158,148,158,
MOT17-02-FRCNN,3856,24,143,585,v_to_u,1,15,586,143,24,143,24,
MOT17-02-FRCNN,3857,65,143,585,v_to_u,1,15,586,143,65,143,65,
MOT17-02-FRCNN,3858,73,143,585,v_to_u,1,15,586,143,73,143,73,
MOT17-02-FRCNN,3859,79,143,585,v_to_u,1,15,586,143,79,143,79,
MOT17-02-FRCNN,3860,81,143,585,v_to_u,1,15,586,143,81,143,81,
MOT17-02-FRCNN,3861,89,143,585,v_to_u,1,15,586,143,89,143,89,
MOT17-02-FRCNN,3862,93,143,585,v_to_u,1,15,586,143,93,143,93,
MOT17-02-FRCNN,3863,97,143,585,v_to_u,1,15,586,143,97,143,97,
MOT17-02-FRCNN,3864,98,143,585,v_to_u,1,15,586,143,98,143,98,
MOT17-02-FRCNN,3865,105,143,585,v_to_u,1,15,586,143,105,143,105,
MOT17-02-FRCNN,3866,120,143,585,v_to_u,1,9,586,143,120,143,120,
MOT17-02-FRCNN,3867,131,143,585,v_to_u,1,15,586,143,131,143,131,
MOT17-02-FRCNN,3868,132,143,585,v_to_u,1,15,586,143,132,143,132,
MOT17-02-FRCNN,3869,134,143,585,v_to_u,1,15,586,143,134,143,134,
MOT17-02-FRCNN,3870,135,143,585,v_to_u,1,15,586,143,135,143,135,
MOT17-02-FRCNN,3871,137,143,585,v_to_u,1,15,586,143,137,143,137,
MOT17-02-FRCNN,3872,141,143,585,v_to_u,1,15,586,143,141,143,141,
MOT17-02-FRCNN,3873,142,143,585,v_to_u,1,15,586,143,142,143,142,
MOT17-02-FRCNN,3874,143,146,585,u_to_v,1,15,586,143,146,143,146,
MOT17-02-FRCNN,3875,143,149,585,u_to_v,1,15,586,143,149,143,149,
MOT17-02-FRCNN,3876,143,152,585,u_to_v,1,15,586,143,152,143,152,
MOT17-02-FRCNN,3877,143,154,585,u_to_v,1,15,586,143,154,143,154,
MOT17-02-FRCNN,3878,143,155,585,u_to_v,1,15,586,143,155,143,155,
MOT17-02-FRCNN,3879,143,158,585,u_to_v,1,2,586,143,158,143,158,
MOT17-02-FRCNN,3880,24,158,587,v_to_u,1,13,588,158,24,158,24,
MOT17-02-FRCNN,3881,65,158,587,v_to_u,1,13,588,158,65,158,65,
MOT17-02-FRCNN,3882,73,158,587,v_to_u,1,13,588,158,73,158,73,
MOT17-02-FRCNN,3883,79,158,587,v_to_u,1,13,588,158,79,158,79,
MOT17-02-FRCNN,3884,81,158,587,v_to_u,1,13,588,158,81,158,81,
MOT17-02-FRCNN,3885,89,158,587,v_to_u,1,13,588,158,89,158,89,
MOT17-02-FRCNN,3886,93,158,587,v_to_u,1,13,588,158,93,158,93,
MOT17-02-FRCNN,3887,97,158,587,v_to_u,1,13,588,158,97,158,97,
MOT17-02-FRCNN,3888,98,158,587,v_to_u,1,13,588,158,98,158,98,
MOT17-02-FRCNN,3889,105,158,587,v_to_u,1,13,588,158,105,158,105,
MOT17-02-FRCNN,3890,120,158,587,v_to_u,1,7,588,158,120,158,120,
MOT17-02-FRCNN,3891,131,158,587,v_to_u,1,13,588,158,131,158,131,
MOT17-02-FRCNN,3892,132,158,587,v_to_u,1,13,588,158,132,158,132,
MOT17-02-FRCNN,3893,134,158,587,v_to_u,1,13,588,158,134,158,134,
MOT17-02-FRCNN,3894,135,158,587,v_to_u,1,13,588,158,135,158,135,
MOT17-02-FRCNN,3895,137,158,587,v_to_u,1,13,588,158,137,158,137,
MOT17-02-FRCNN,3896,141,158,587,v_to_u,1,13,588,158,141,158,141,
MOT17-02-FRCNN,3897,142,158,587,v_to_u,1,13,588,158,142,158,142,
MOT17-02-FRCNN,3898,146,158,587,v_to_u,1,13,588,158,146,158,146,
MOT17-02-FRCNN,3899,149,158,587,v_to_u,1,13,588,158,149,158,149,
MOT17-02-FRCNN,3900,152,158,587,v_to_u,1,13,588,158,152,158,152,
MOT17-02-FRCNN,3901,154,158,587,v_to_u,1,13,588,158,154,158,154,
MOT17-02-FRCNN,3902,155,158,587,v_to_u,1,13,588,158,155,158,155,
MOT17-02-FRCNN,3903,24,120,594,v_to_u,1,6,595,120,24,120,24,
MOT17-02-FRCNN,3904,65,120,594,v_to_u,1,6,595,120,65,120,65,
MOT17-02-FRCNN,3905,73,120,594,v_to_u,1,6,595,120,73,120,73,
MOT17-02-FRCNN,3906,79,120,594,v_to_u,1,6,595,120,79,120,79,
MOT17-02-FRCNN,3907,81,120,594,v_to_u,1,6,595,120,81,120,81,
MOT17-02-FRCNN,3908,89,120,594,v_to_u,1,6,595,120,89,120,89,
MOT17-02-FRCNN,3909,93,120,594,v_to_u,1,6,595,120,93,120,93,
MOT17-02-FRCNN,3910,97,120,594,v_to_u,1,6,595,120,97,120,97,
MOT17-02-FRCNN,3911,98,120,594,v_to_u,1,6,595,120,98,120,98,
MOT17-02-FRCNN,3912,105,120,594,v_to_u,1,6,595,120,105,120,105,
MOT17-02-FRCNN,3913,120,131,594,u_to_v,1,6,595,120,131,120,131,
MOT17-02-FRCNN,3914,120,132,594,u_to_v,1,6,595,120,132,120,132,
MOT17-02-FRCNN,3915,120,134,594,u_to_v,1,6,595,120,134,120,134,
MOT17-02-FRCNN,3916,120,135,594,u_to_v,1,6,595,120,135,120,135,
MOT17-02-FRCNN,3917,120,137,594,u_to_v,1,6,595,120,137,120,137,
MOT17-02-FRCNN,3918,120,141,594,u_to_v,1,6,595,120,141,120,141,
MOT17-02-FRCNN,3919,120,142,594,u_to_v,1,6,595,120,142,120,142,
MOT17-02-FRCNN,3920,120,146,594,u_to_v,1,6,595,120,146,120,146,
MOT17-02-FRCNN,3921,120,149,594,u_to_v,1,6,595,120,149,120,149,
MOT17-02-FRCNN,3922,120,152,594,u_to_v,1,6,595,120,152,120,152,
MOT17-02-FRCNN,3923,120,154,594,u_to_v,1,6,595,120,154,120,154,
MOT17-02-FRCNN,3924,120,155,594,u_to_v,1,6,595,120,155,120,155,
MOT17-02-FRCNN,3925,120,159,594,u_to_v,1,6,595,120,159,120,159,
MOT17-04-FRCNN,1,1,30,28,v_to_u,1,1022,29,30,1,30,1,
MOT17-04-FRCNN,2,2,30,28,v_to_u,1,1022,29,30,2,30,2,
MOT17-04-FRCNN,3,3,30,28,v_to_u,1,1022,29,30,3,30,3,
MOT17-04-FRCNN,4,4,30,28,v_to_u,1,652,29,30,4,30,4,
MOT17-04-FRCNN,5,5,30,28,v_to_u,1,628,29,30,5,30,5,
MOT17-04-FRCNN,6,6,30,28,v_to_u,1,1022,29,30,6,30,6,
MOT17-04-FRCNN,7,7,30,28,v_to_u,1,447,29,30,7,30,7,
MOT17-04-FRCNN,8,8,30,28,v_to_u,1,1022,29,30,8,30,8,
MOT17-04-FRCNN,9,9,30,28,v_to_u,1,498,29,30,9,30,9,
MOT17-04-FRCNN,10,10,30,28,v_to_u,1,480,29,30,10,30,10,
MOT17-04-FRCNN,11,11,30,28,v_to_u,1,673,29,30,11,30,11,
MOT17-04-FRCNN,12,12,30,28,v_to_u,1,1022,29,30,12,30,12,
MOT17-04-FRCNN,13,13,30,28,v_to_u,1,1022,29,30,13,30,13,
MOT17-04-FRCNN,14,14,30,28,v_to_u,1,1022,29,30,14,30,14,
MOT17-04-FRCNN,15,15,30,28,v_to_u,1,1022,29,30,15,30,15,
MOT17-04-FRCNN,16,16,30,28,v_to_u,1,1022,29,30,16,30,16,
MOT17-04-FRCNN,17,17,30,28,v_to_u,1,1022,29,30,17,30,17,
MOT17-04-FRCNN,18,18,30,28,v_to_u,1,1022,29,30,18,30,18,
MOT17-04-FRCNN,19,19,30,28,v_to_u,1,1022,29,30,19,30,19,
MOT17-04-FRCNN,20,20,30,28,v_to_u,1,609,29,30,20,30,20,
MOT17-04-FRCNN,21,21,30,28,v_to_u,1,1022,29,30,21,30,21,
MOT17-04-FRCNN,22,22,30,28,v_to_u,1,630,29,30,22,30,22,
MOT17-04-FRCNN,23,23,30,28,v_to_u,1,663,29,30,23,30,23,
MOT17-04-FRCNN,24,24,30,28,v_to_u,1,553,29,30,24,30,24,
MOT17-04-FRCNN,25,25,30,28,v_to_u,1,1022,29,30,25,30,25,
MOT17-04-FRCNN,26,26,30,28,v_to_u,1,661,29,30,26,30,26,
MOT17-04-FRCNN,27,27,30,28,v_to_u,1,1022,29,30,27,30,27,
MOT17-04-FRCNN,28,28,30,28,v_to_u,1,283,29,30,28,30,28,
MOT17-04-FRCNN,29,29,30,28,v_to_u,1,287,29,30,29,30,29,
MOT17-04-FRCNN,30,30,31,28,u_to_v,1,537,29,30,31,30,31,
MOT17-04-FRCNN,31,30,32,28,u_to_v,1,53,29,30,32,30,32,
MOT17-04-FRCNN,32,30,33,28,u_to_v,1,493,29,30,33,30,33,
MOT17-04-FRCNN,33,30,34,28,u_to_v,1,11,29,30,34,30,34,
MOT17-04-FRCNN,34,30,35,28,u_to_v,1,21,29,30,35,30,35,
MOT17-04-FRCNN,35,30,36,28,u_to_v,1,1022,29,30,36,30,36,
MOT17-04-FRCNN,36,30,37,28,u_to_v,1,1022,29,30,37,30,37,
MOT17-04-FRCNN,37,30,38,28,u_to_v,1,870,29,30,38,30,38,
MOT17-04-FRCNN,38,30,39,28,u_to_v,1,56,29,30,39,30,39,
MOT17-04-FRCNN,39,30,40,28,u_to_v,1,60,29,30,40,30,40,
MOT17-04-FRCNN,40,30,41,28,u_to_v,1,1022,29,30,41,30,41,
MOT17-04-FRCNN,41,30,42,28,u_to_v,1,1022,29,30,42,30,42,
MOT17-04-FRCNN,42,30,43,28,u_to_v,1,737,29,30,43,30,43,
MOT17-04-FRCNN,43,1,34,39,v_to_u,1,1011,40,34,1,34,1,
MOT17-04-FRCNN,44,2,34,39,v_to_u,1,1011,40,34,2,34,2,
MOT17-04-FRCNN,45,3,34,39,v_to_u,1,1011,40,34,3,34,3,
MOT17-04-FRCNN,46,4,34,39,v_to_u,1,641,40,34,4,34,4,
MOT17-04-FRCNN,47,5,34,39,v_to_u,1,617,40,34,5,34,5,
MOT17-04-FRCNN,48,6,34,39,v_to_u,1,1011,40,34,6,34,6,
MOT17-04-FRCNN,49,7,34,39,v_to_u,1,436,40,34,7,34,7,
MOT17-04-FRCNN,50,8,34,39,v_to_u,1,1011,40,34,8,34,8,
MOT17-04-FRCNN,51,9,34,39,v_to_u,1,487,40,34,9,34,9,
MOT17-04-FRCNN,52,10,34,39,v_to_u,1,469,40,34,10,34,10,
MOT17-04-FRCNN,53,11,34,39,v_to_u,1,662,40,34,11,34,11,
MOT17-04-FRCNN,54,12,34,39,v_to_u,1,1011,40,34,12,34,12,
MOT17-04-FRCNN,55,13,34,39,v_to_u,1,1011,40,34,13,34,13,
MOT17-04-FRCNN,56,14,34,39,v_to_u,1,1011,40,34,14,34,14,
MOT17-04-FRCNN,57,15,34,39,v_to_u,1,1011,40,34,15,34,15,
MOT17-04-FRCNN,58,16,34,39,v_to_u,1,1011,40,34,16,34,16,
MOT17-04-FRCNN,59,17,34,39,v_to_u,1,1011,40,34,17,34,17,
MOT17-04-FRCNN,60,18,34,39,v_to_u,1,1011,40,34,18,34,18,
MOT17-04-FRCNN,61,19,34,39,v_to_u,1,1011,40,34,19,34,19,
MOT17-04-FRCNN,62,20,34,39,v_to_u,1,598,40,34,20,34,20,
MOT17-04-FRCNN,63,21,34,39,v_to_u,1,1011,40,34,21,34,21,
MOT17-04-FRCNN,64,22,34,39,v_to_u,1,619,40,34,22,34,22,
MOT17-04-FRCNN,65,23,34,39,v_to_u,1,652,40,34,23,34,23,
MOT17-04-FRCNN,66,24,34,39,v_to_u,1,542,40,34,24,34,24,
MOT17-04-FRCNN,67,25,34,39,v_to_u,1,1011,40,34,25,34,25,
MOT17-04-FRCNN,68,26,34,39,v_to_u,1,650,40,34,26,34,26,
MOT17-04-FRCNN,69,27,34,39,v_to_u,1,1011,40,34,27,34,27,
MOT17-04-FRCNN,70,28,34,39,v_to_u,1,272,40,34,28,34,28,
MOT17-04-FRCNN,71,29,34,39,v_to_u,1,276,40,34,29,34,29,
MOT17-04-FRCNN,72,31,34,39,v_to_u,1,526,40,34,31,34,31,
MOT17-04-FRCNN,73,32,34,39,v_to_u,1,42,40,34,32,34,32,
MOT17-04-FRCNN,74,33,34,39,v_to_u,1,482,40,34,33,34,33,
MOT17-04-FRCNN,75,34,35,39,u_to_v,1,10,40,34,35,34,35,
MOT17-04-FRCNN,76,34,36,39,u_to_v,1,1011,40,34,36,34,36,
MOT17-04-FRCNN,77,34,37,39,u_to_v,1,1011,40,34,37,34,37,
MOT17-04-FRCNN,78,34,38,39,u_to_v,1,859,40,34,38,34,38,
MOT17-04-FRCNN,79,34,39,39,u_to_v,1,45,40,34,39,34,39,
MOT17-04-FRCNN,80,34,40,39,u_to_v,1,49,40,34,40,34,40,
MOT17-04-FRCNN,81,34,41,39,u_to_v,1,1011,40,34,41,34,41,
MOT17-04-FRCNN,82,34,42,39,u_to_v,1,1011,40,34,42,34,42,
MOT17-04-FRCNN,83,34,43,39,u_to_v,1,726,40,34,43,34,43,
MOT17-04-FRCNN,84,1,35,49,v_to_u,1,1001,50,35,1,35,1,
MOT17-04-FRCNN,85,2,35,49,v_to_u,1,1001,50,35,2,35,2,
MOT17-04-FRCNN,86,3,35,49,v_to_u,1,1001,50,35,3,35,3,
MOT17-04-FRCNN,87,4,35,49,v_to_u,1,631,50,35,4,35,4,
MOT17-04-FRCNN,88,5,35,49,v_to_u,1,607,50,35,5,35,5,
MOT17-04-FRCNN,89,6,35,49,v_to_u,1,1001,50,35,6,35,6,
MOT17-04-FRCNN,90,7,35,49,v_to_u,1,426,50,35,7,35,7,
MOT17-04-FRCNN,91,8,35,49,v_to_u,1,1001,50,35,8,35,8,
MOT17-04-FRCNN,92,9,35,49,v_to_u,1,477,50,35,9,35,9,
MOT17-04-FRCNN,93,10,35,49,v_to_u,1,459,50,35,10,35,10,
MOT17-04-FRCNN,94,11,35,49,v_to_u,1,652,50,35,11,35,11,
MOT17-04-FRCNN,95,12,35,49,v_to_u,1,1001,50,35,12,35,12,
MOT17-04-FRCNN,96,13,35,49,v_to_u,1,1001,50,35,13,35,13,
MOT17-04-FRCNN,97,14,35,49,v_to_u,1,1001,50,35,14,35,14,
MOT17-04-FRCNN,98,15,35,49,v_to_u,1,1001,50,35,15,35,15,
MOT17-04-FRCNN,99,16,35,49,v_to_u,1,1001,50,35,16,35,16,
MOT17-04-FRCNN,100,17,35,49,v_to_u,1,1001,50,35,17,35,17,
MOT17-04-FRCNN,101,18,35,49,v_to_u,1,1001,50,35,18,35,18,
MOT17-04-FRCNN,102,19,35,49,v_to_u,1,1001,50,35,19,35,19,
MOT17-04-FRCNN,103,20,35,49,v_to_u,1,588,50,35,20,35,20,
MOT17-04-FRCNN,104,21,35,49,v_to_u,1,1001,50,35,21,35,21,
MOT17-04-FRCNN,105,22,35,49,v_to_u,1,609,50,35,22,35,22,
MOT17-04-FRCNN,106,23,35,49,v_to_u,1,642,50,35,23,35,23,
MOT17-04-FRCNN,107,24,35,49,v_to_u,1,532,50,35,24,35,24,
MOT17-04-FRCNN,108,25,35,49,v_to_u,1,1001,50,35,25,35,25,
MOT17-04-FRCNN,109,26,35,49,v_to_u,1,640,50,35,26,35,26,
MOT17-04-FRCNN,110,27,35,49,v_to_u,1,1001,50,35,27,35,27,
MOT17-04-FRCNN,111,28,35,49,v_to_u,1,262,50,35,28,35,28,
MOT17-04-FRCNN,112,29,35,49,v_to_u,1,266,50,35,29,35,29,
MOT17-04-FRCNN,113,31,35,49,v_to_u,1,516,50,35,31,35,31,
MOT17-04-FRCNN,114,32,35,49,v_to_u,1,32,50,35,32,35,32,
MOT17-04-FRCNN,115,33,35,49,v_to_u,1,472,50,35,33,35,33,
MOT17-04-FRCNN,116,35,36,49,u_to_v,1,1001,50,35,36,35,36,
MOT17-04-FRCNN,117,35,37,49,u_to_v,1,1001,50,35,37,35,37,
MOT17-04-FRCNN,118,35,38,49,u_to_v,1,849,50,35,38,35,38,
MOT17-04-FRCNN,119,35,39,49,u_to_v,1,35,50,35,39,35,39,
MOT17-04-FRCNN,120,35,40,49,u_to_v,1,39,50,35,40,35,40,
MOT17-04-FRCNN,121,35,41,49,u_to_v,1,1001,50,35,41,35,41,
MOT17-04-FRCNN,122,35,42,49,u_to_v,1,1001,50,35,42,35,42,
MOT17-04-FRCNN,123,35,43,49,u_to_v,1,716,50,35,43,35,43,
MOT17-04-FRCNN,124,1,32,81,v_to_u,1,969,82,32,1,32,1,
MOT17-04-FRCNN,125,2,32,81,v_to_u,1,969,82,32,2,32,2,
MOT17-04-FRCNN,126,3,32,81,v_to_u,1,969,82,32,3,32,3,
MOT17-04-FRCNN,127,4,32,81,v_to_u,1,599,82,32,4,32,4,
MOT17-04-FRCNN,128,5,32,81,v_to_u,1,575,82,32,5,32,5,
MOT17-04-FRCNN,129,6,32,81,v_to_u,1,969,82,32,6,32,6,
MOT17-04-FRCNN,130,7,32,81,v_to_u,1,394,82,32,7,32,7,
MOT17-04-FRCNN,131,8,32,81,v_to_u,1,969,82,32,8,32,8,
MOT17-04-FRCNN,132,9,32,81,v_to_u,1,445,82,32,9,32,9,
MOT17-04-FRCNN,133,10,32,81,v_to_u,1,427,82,32,10,32,10,
MOT17-04-FRCNN,134,11,32,81,v_to_u,1,620,82,32,11,32,11,
MOT17-04-FRCNN,135,12,32,81,v_to_u,1,969,82,32,12,32,12,
MOT17-04-FRCNN,136,13,32,81,v_to_u,1,969,82,32,13,32,13,
MOT17-04-FRCNN,137,14,32,81,v_to_u,1,969,82,32,14,32,14,
MOT17-04-FRCNN,138,15,32,81,v_to_u,1,969,82,32,15,32,15,
MOT17-04-FRCNN,139,16,32,81,v_to_u,1,969,82,32,16,32,16,
MOT17-04-FRCNN,140,17,32,81,v_to_u,1,969,82,32,17,32,17,
MOT17-04-FRCNN,141,18,32,81,v_to_u,1,969,82,32,18,32,18,
MOT17-04-FRCNN,142,19,32,81,v_to_u,1,969,82,32,19,32,19,
MOT17-04-FRCNN,143,20,32,81,v_to_u,1,556,82,32,20,32,20,
MOT17-04-FRCNN,144,21,32,81,v_to_u,1,969,82,32,21,32,21,
MOT17-04-FRCNN,145,22,32,81,v_to_u,1,577,82,32,22,32,22,
MOT17-04-FRCNN,146,23,32,81,v_to_u,1,610,82,32,23,32,23,
MOT17-04-FRCNN,147,24,32,81,v_to_u,1,500,82,32,24,32,24,
MOT17-04-FRCNN,148,25,32,81,v_to_u,1,969,82,32,25,32,25,
MOT17-04-FRCNN,149,26,32,81,v_to_u,1,608,82,32,26,32,26,
MOT17-04-FRCNN,150,27,32,81,v_to_u,1,969,82,32,27,32,27,
MOT17-04-FRCNN,151,28,32,81,v_to_u,1,230,82,32,28,32,28,
MOT17-04-FRCNN,152,29,32,81,v_to_u,1,234,82,32,29,32,29,
MOT17-04-FRCNN,153,31,32,81,v_to_u,1,484,82,32,31,32,31,
MOT17-04-FRCNN,154,32,33,81,u_to_v,1,440,82,32,33,32,33,
MOT17-04-FRCNN,155,32,36,81,u_to_v,1,969,82,32,36,32,36,
MOT17-04-FRCNN,156,32,37,81,u_to_v,1,969,82,32,37,32,37,
MOT17-04-FRCNN,157,32,38,81,u_to_v,1,817,82,32,38,32,38,
MOT17-04-FRCNN,158,32,39,81,u_to_v,1,3,82,32,39,32,39,
MOT17-04-FRCNN,159,32,40,81,u_to_v,1,7,82,32,40,32,40,
MOT17-04-FRCNN,160,32,41,81,u_to_v,1,969,82,32,41,32,41,
MOT17-04-FRCNN,161,32,42,81,u_to_v,1,969,82,32,42,32,42,
MOT17-04-FRCNN,162,32,43,81,u_to_v,1,684,82,32,43,32,43,
MOT17-04-FRCNN,163,32,44,81,u_to_v,1,969,82,32,44,32,44,
MOT17-04-FRCNN,164,1,39,84,v_to_u,1,966,85,39,1,39,1,
MOT17-04-FRCNN,165,2,39,84,v_to_u,1,966,85,39,2,39,2,
MOT17-04-FRCNN,166,3,39,84,v_to_u,1,966,85,39,3,39,3,
MOT17-04-FRCNN,167,4,39,84,v_to_u,1,596,85,39,4,39,4,
MOT17-04-FRCNN,168,5,39,84,v_to_u,1,572,85,39,5,39,5,
MOT17-04-FRCNN,169,6,39,84,v_to_u,1,966,85,39,6,39,6,
MOT17-04-FRCNN,170,7,39,84,v_to_u,1,391,85,39,7,39,7,
MOT17-04-FRCNN,171,8,39,84,v_to_u,1,966,85,39,8,39,8,
MOT17-04-FRCNN,172,9,39,84,v_to_u,1,442,85,39,9,39,9,
MOT17-04-FRCNN,173,10,39,84,v_to_u,1,424,85,39,10,39,10,
MOT17-04-FRCNN,174,11,39,84,v_to_u,1,617,85,39,11,39,11,
MOT17-04-FRCNN,175,12,39,84,v_to_u,1,966,85,39,12,39,12,
MOT17-04-FRCNN,176,13,39,84,v_to_u,1,966,85,39,13,39,13,
MOT17-04-FRCNN,177,14,39,84,v_to_u,1,966,85,39,14,39,14,
MOT17-04-FRCNN,178,15,39,84,v_to_u,1,966,85,39,15,39,15,
MOT17-04-FRCNN,179,16,39,84,v_to_u,1,966,85,39,16,39,16,
MOT17-04-FRCNN,180,17,39,84,v_to_u,1,966,85,39,17,39,17,
MOT17-04-FRCNN,181,18,39,84,v_to_u,1,966,85,39,18,39,18,
MOT17-04-FRCNN,182,19,39,84,v_to_u,1,966,85,39,19,39,19,
MOT17-04-FRCNN,183,20,39,84,v_to_u,1,553,85,39,20,39,20,
MOT17-04-FRCNN,184,21,39,84,v_to_u,1,966,85,39,21,39,21,
MOT17-04-FRCNN,185,22,39,84,v_to_u,1,574,85,39,22,39,22,
MOT17-04-FRCNN,186,23,39,84,v_to_u,1,607,85,39,23,39,23,
MOT17-04-FRCNN,187,24,39,84,v_to_u,1,497,85,39,24,39,24,
MOT17-04-FRCNN,188,25,39,84,v_to_u,1,966,85,39,25,39,25,
MOT17-04-FRCNN,189,26,39,84,v_to_u,1,605,85,39,26,39,26,
MOT17-04-FRCNN,190,27,39,84,v_to_u,1,966,85,39,27,39,27,
MOT17-04-FRCNN,191,28,39,84,v_to_u,1,227,85,39,28,39,28,
MOT17-04-FRCNN,192,29,39,84,v_to_u,1,231,85,39,29,39,29,
MOT17-04-FRCNN,193,31,39,84,v_to_u,1,481,85,39,31,39,31,
MOT17-04-FRCNN,194,33,39,84,v_to_u,1,437,85,39,33,39,33,
MOT17-04-FRCNN,195,36,39,84,v_to_u,1,966,85,39,36,39,36,
MOT17-04-FRCNN,196,37,39,84,v_to_u,1,966,85,39,37,39,37,
MOT17-04-FRCNN,197,38,39,84,v_to_u,1,814,85,39,38,39,38,
MOT17-04-FRCNN,198,39,40,84,u_to_v,1,4,85,39,40,39,40,
MOT17-04-FRCNN,199,39,41,84,u_to_v,1,966,85,39,41,39,41,
MOT17-04-FRCNN,200,39,42,84,u_to_v,1,966,85,39,42,39,42,
MOT17-04-FRCNN,201,39,43,84,u_to_v,1,681,85,39,43,39,43,
MOT17-04-FRCNN,202,39,44,84,u_to_v,1,966,85,39,44,39,44,
MOT17-04-FRCNN,203,1,40,88,v_to_u,1,962,89,40,1,40,1,
MOT17-04-FRCNN,204,2,40,88,v_to_u,1,962,89,40,2,40,2,
MOT17-04-FRCNN,205,3,40,88,v_to_u,1,962,89,40,3,40,3,
MOT17-04-FRCNN,206,4,40,88,v_to_u,1,592,89,40,4,40,4,
MOT17-04-FRCNN,207,5,40,88,v_to_u,1,568,89,40,5,40,5,
MOT17-04-FRCNN,208,6,40,88,v_to_u,1,962,89,40,6,40,6,
MOT17-04-FRCNN,209,7,40,88,v_to_u,1,387,89,40,7,40,7,
MOT17-04-FRCNN,210,8,40,88,v_to_u,1,962,89,40,8,40,8,
MOT17-04-FRCNN,211,9,40,88,v_to_u,1,438,89,40,9,40,9,
MOT17-04-FRCNN,212,10,40,88,v_to_u,1,420,89,40,10,40,10,
MOT17-04-FRCNN,213,11,40,88,v_to_u,1,613,89,40,11,40,11,
MOT17-04-FRCNN,214,12,40,88,v_to_u,1,962,89,40,12,40,12,
MOT17-04-FRCNN,215,13,40,88,v_to_u,1,962,89,40,13,40,13,
MOT17-04-FRCNN,216,14,40,88,v_to_u,1,962,89,40,14,40,14,
MOT17-04-FRCNN,217,15,40,88,v_to_u,1,962,89,40,15,40,15,
MOT17-04-FRCNN,218,16,40,88,v_to_u,1,962,89,40,16,40,16,
MOT17-04-FRCNN,219,17,40,88,v_to_u,1,962,89,40,17,40,17,
MOT17-04-FRCNN,220,18,40,88,v_to_u,1,962,89,40,18,40,18,
MOT17-04-FRCNN,221,19,40,88,v_to_u,1,962,89,40,19,40,19,
MOT17-04-FRCNN,222,20,40,88,v_to_u,1,549,89,40,20,40,20,
MOT17-04-FRCNN,223,21,40,88,v_to_u,1,962,89,40,21,40,21,
MOT17-04-FRCNN,224,22,40,88,v_to_u,1,570,89,40,22,40,22,
MOT17-04-FRCNN,225,23,40,88,v_to_u,1,603,89,40,23,40,23,
MOT17-04-FRCNN,226,24,40,88,v_to_u,1,493,89,40,24,40,24,
MOT17-04-FRCNN,227,25,40,88,v_to_u,1,962,89,40,25,40,25,
MOT17-04-FRCNN,228,26,40,88,v_to_u,1,601,89,40,26,40,26,
MOT17-04-FRCNN,229,27,40,88,v_to_u,1,962,89,40,27,40,27,
MOT17-04-FRCNN,230,28,40,88,v_to_u,1,223,89,40,28,40,28,
MOT17-04-FRCNN,231,29,40,88,v_to_u,1,227,89,40,29,40,29,
MOT17-04-FRCNN,232,31,40,88,v_to_u,1,477,89,40,31,40,31,
MOT17-04-FRCNN,233,33,40,88,v_to_u,1,433,89,40,33,40,33,
MOT17-04-FRCNN,234,36,40,88,v_to_u,1,962,89,40,36,40,36,
MOT17-04-FRCNN,235,37,40,88,v_to_u,1,962,89,40,37,40,37,
MOT17-04-FRCNN,236,38,40,88,v_to_u,1,810,89,40,38,40,38,
MOT17-04-FRCNN,237,40,41,88,u_to_v,1,962,89,40,41,40,41,
MOT17-04-FRCNN,238,40,42,88,u_to_v,1,962,89,40,42,40,42,
MOT17-04-FRCNN,239,40,43,88,u_to_v,1,677,89,40,43,40,43,
MOT17-04-FRCNN,240,40,44,88,u_to_v,1,962,89,40,44,40,44,
MOT17-04-FRCNN,241,1,46,139,v_to_u,1,911,140,46,1,46,1,
MOT17-04-FRCNN,242,2,46,139,v_to_u,1,911,140,46,2,46,2,
MOT17-04-FRCNN,243,3,46,139,v_to_u,1,911,140,46,3,46,3,
MOT17-04-FRCNN,244,4,46,139,v_to_u,1,541,140,46,4,46,4,
MOT17-04-FRCNN,245,5,46,139,v_to_u,1,517,140,46,5,46,5,
MOT17-04-FRCNN,246,6,46,139,v_to_u,1,911,140,46,6,46,6,
MOT17-04-FRCNN,247,7,46,139,v_to_u,1,336,140,46,7,46,7,
MOT17-04-FRCNN,248,8,46,139,v_to_u,1,911,140,46,8,46,8,
MOT17-04-FRCNN,249,9,46,139,v_to_u,1,387,140,46,9,46,9,
MOT17-04-FRCNN,250,10,46,139,v_to_u,1,369,140,46,10,46,10,
MOT17-04-FRCNN,251,11,46,139,v_to_u,1,562,140,46,11,46,11,
MOT17-04-FRCNN,252,12,46,139,v_to_u,1,911,140,46,12,46,12,
MOT17-04-FRCNN,253,13,46,139,v_to_u,1,911,140,46,13,46,13,
MOT17-04-FRCNN,254,14,46,139,v_to_u,1,911,140,46,14,46,14,
MOT17-04-FRCNN,255,15,46,139,v_to_u,1,911,140,46,15,46,15,
MOT17-04-FRCNN,256,16,46,139,v_to_u,1,911,140,46,16,46,16,
MOT17-04-FRCNN,257,17,46,139,v_to_u,1,911,140,46,17,46,17,
MOT17-04-FRCNN,258,18,46,139,v_to_u,1,911,140,46,18,46,18,
MOT17-04-FRCNN,259,19,46,139,v_to_u,1,911,140,46,19,46,19,
MOT17-04-FRCNN,260,20,46,139,v_to_u,1,498,140,46,20,46,20,
MOT17-04-FRCNN,261,21,46,139,v_to_u,1,911,140,46,21,46,21,
MOT17-04-FRCNN,262,22,46,139,v_to_u,1,519,140,46,22,46,22,
MOT17-04-FRCNN,263,23,46,139,v_to_u,1,552,140,46,23,46,23,
MOT17-04-FRCNN,264,24,46,139,v_to_u,1,442,140,46,24,46,24,
MOT17-04-FRCNN,265,25,46,139,v_to_u,1,911,140,46,25,46,25,
MOT17-04-FRCNN,266,26,46,139,v_to_u,1,550,140,46,26,46,26,
MOT17-04-FRCNN,267,27,46,139,v_to_u,1,911,140,46,27,46,27,
MOT17-04-FRCNN,268,28,46,139,v_to_u,1,172,140,46,28,46,28,
MOT17-04-FRCNN,269,29,46,139,v_to_u,1,176,140,46,29,46,29,
MOT17-04-FRCNN,270,31,46,139,v_to_u,1,426,140,46,31,46,31,
MOT17-04-FRCNN,271,33,46,139,v_to_u,1,382,140,46,33,46,33,
MOT17-04-FRCNN,272,36,46,139,v_to_u,1,911,140,46,36,46,36,
MOT17-04-FRCNN,273,37,46,139,v_to_u,1,911,140,46,37,46,37,
MOT17-04-FRCNN,274,38,46,139,v_to_u,1,759,140,46,38,46,38,
MOT17-04-FRCNN,275,41,46,139,v_to_u,1,911,140,46,41,46,41,
MOT17-04-FRCNN,276,42,46,139,v_to_u,1,911,140,46,42,46,42,
MOT17-04-FRCNN,277,43,46,139,v_to_u,1,626,140,46,43,46,43,
MOT17-04-FRCNN,278,44,46,139,v_to_u,1,911,140,46,44,46,44,
MOT17-04-FRCNN,279,45,46,139,v_to_u,1,481,140,46,45,46,45,
MOT17-04-FRCNN,280,46,47,139,u_to_v,1,19,140,46,47,46,47,
MOT17-04-FRCNN,281,1,47,158,v_to_u,1,892,159,47,1,47,1,
MOT17-04-FRCNN,282,2,47,158,v_to_u,1,892,159,47,2,47,2,
MOT17-04-FRCNN,283,3,47,158,v_to_u,1,892,159,47,3,47,3,
MOT17-04-FRCNN,284,4,47,158,v_to_u,1,522,159,47,4,47,4,
MOT17-04-FRCNN,285,5,47,158,v_to_u,1,498,159,47,5,47,5,
MOT17-04-FRCNN,286,6,47,158,v_to_u,1,892,159,47,6,47,6,
MOT17-04-FRCNN,287,7,47,158,v_to_u,1,317,159,47,7,47,7,
MOT17-04-FRCNN,288,8,47,158,v_to_u,1,892,159,47,8,47,8,
MOT17-04-FRCNN,289,9,47,158,v_to_u,1,368,159,47,9,47,9,
MOT17-04-FRCNN,290,10,47,158,v_to_u,1,350,159,47,10,47,10,
MOT17-04-FRCNN,291,11,47,158,v_to_u,1,543,159,47,11,47,11,
MOT17-04-FRCNN,292,12,47,158,v_to_u,1,892,159,47,12,47,12,
MOT17-04-FRCNN,293,13,47,158,v_to_u,1,892,159,47,13,47,13,
MOT17-04-FRCNN,294,14,47,158,v_to_u,1,892,159,47,14,47,14,
MOT17-04-FRCNN,295,15,47,158,v_to_u,1,892,159,47,15,47,15,
MOT17-04-FRCNN,296,16,47,158,v_to_u,1,892,159,47,16,47,16,
MOT17-04-FRCNN,297,17,47,158,v_to_u,1,892,159,47,17,47,17,
MOT17-04-FRCNN,298,18,47,158,v_to_u,1,892,159,47,18,47,18,
MOT17-04-FRCNN,299,19,47,158,v_to_u,1,892,159,47,19,47,19,
MOT17-04-FRCNN,300,20,47,158,v_to_u,1,479,159,47,20,47,20,
MOT17-04-FRCNN,301,21,47,158,v_to_u,1,892,159,47,21,47,21,
MOT17-04-FRCNN,302,22,47,158,v_to_u,1,500,159,47,22,47,22,
MOT17-04-FRCNN,303,23,47,158,v_to_u,1,533,159,47,23,47,23,
MOT17-04-FRCNN,304,24,47,158,v_to_u,1,423,159,47,24,47,24,
MOT17-04-FRCNN,305,25,47,158,v_to_u,1,892,159,47,25,47,25,
MOT17-04-FRCNN,306,26,47,158,v_to_u,1,531,159,47,26,47,26,
MOT17-04-FRCNN,307,27,47,158,v_to_u,1,892,159,47,27,47,27,
MOT17-04-FRCNN,308,28,47,158,v_to_u,1,153,159,47,28,47,28,
MOT17-04-FRCNN,309,29,47,158,v_to_u,1,157,159,47,29,47,29,
MOT17-04-FRCNN,310,31,47,158,v_to_u,1,407,159,47,31,47,31,
MOT17-04-FRCNN,311,33,47,158,v_to_u,1,363,159,47,33,47,33,
MOT17-04-FRCNN,312,36,47,158,v_to_u,1,892,159,47,36,47,36,
MOT17-04-FRCNN,313,37,47,158,v_to_u,1,892,159,47,37,47,37,
MOT17-04-FRCNN,314,38,47,158,v_to_u,1,740,159,47,38,47,38,
MOT17-04-FRCNN,315,41,47,158,v_to_u,1,892,159,47,41,47,41,
MOT17-04-FRCNN,316,42,47,158,v_to_u,1,892,159,47,42,47,42,
MOT17-04-FRCNN,317,43,47,158,v_to_u,1,607,159,47,43,47,43,
MOT17-04-FRCNN,318,44,47,158,v_to_u,1,892,159,47,44,47,44,
MOT17-04-FRCNN,319,45,47,158,v_to_u,1,462,159,47,45,47,45,
MOT17-04-FRCNN,320,1,28,311,v_to_u,1,739,312,28,1,28,1,
MOT17-04-FRCNN,321,2,28,311,v_to_u,1,739,312,28,2,28,2,
MOT17-04-FRCNN,322,3,28,311,v_to_u,1,739,312,28,3,28,3,
MOT17-04-FRCNN,323,4,28,311,v_to_u,1,369,312,28,4,28,4,
MOT17-04-FRCNN,324,5,28,311,v_to_u,1,345,312,28,5,28,5,
MOT17-04-FRCNN,325,6,28,311,v_to_u,1,739,312,28,6,28,6,
MOT17-04-FRCNN,326,7,28,311,v_to_u,1,164,312,28,7,28,7,
MOT17-04-FRCNN,327,8,28,311,v_to_u,1,739,312,28,8,28,8,
MOT17-04-FRCNN,328,9,28,311,v_to_u,1,215,312,28,9,28,9,
MOT17-04-FRCNN,329,10,28,311,v_to_u,1,197,312,28,10,28,10,
MOT17-04-FRCNN,330,11,28,311,v_to_u,1,390,312,28,11,28,11,
MOT17-04-FRCNN,331,12,28,311,v_to_u,1,739,312,28,12,28,12,
MOT17-04-FRCNN,332,13,28,311,v_to_u,1,739,312,28,13,28,13,
MOT17-04-FRCNN,333,14,28,311,v_to_u,1,739,312,28,14,28,14,
MOT17-04-FRCNN,334,15,28,311,v_to_u,1,739,312,28,15,28,15,
MOT17-04-FRCNN,335,16,28,311,v_to_u,1,739,312,28,16,28,16,
MOT17-04-FRCNN,336,17,28,311,v_to_u,1,739,312,28,17,28,17,
MOT17-04-FRCNN,337,18,28,311,v_to_u,1,739,312,28,18,28,18,
MOT17-04-FRCNN,338,19,28,311,v_to_u,1,739,312,28,19,28,19,
MOT17-04-FRCNN,339,20,28,311,v_to_u,1,326,312,28,20,28,20,
MOT17-04-FRCNN,340,21,28,311,v_to_u,1,739,312,28,21,28,21,
MOT17-04-FRCNN,341,22,28,311,v_to_u,1,347,312,28,22,28,22,
MOT17-04-FRCNN,342,23,28,311,v_to_u,1,380,312,28,23,28,23,
MOT17-04-FRCNN,343,24,28,311,v_to_u,1,270,312,28,24,28,24,
MOT17-04-FRCNN,344,25,28,311,v_to_u,1,739,312,28,25,28,25,
MOT17-04-FRCNN,345,26,28,311,v_to_u,1,378,312,28,26,28,26,
MOT17-04-FRCNN,346,27,28,311,v_to_u,1,739,312,28,27,28,27,
MOT17-04-FRCNN,347,28,29,311,u_to_v,1,4,312,28,29,28,29,
MOT17-04-FRCNN,348,28,31,311,u_to_v,1,254,312,28,31,28,31,
MOT17-04-FRCNN,349,28,33,311,u_to_v,1,210,312,28,33,28,33,
MOT17-04-FRCNN,350,28,36,311,u_to_v,1,739,312,28,36,28,36,
MOT17-04-FRCNN,351,28,37,311,u_to_v,1,739,312,28,37,28,37,
MOT17-04-FRCNN,352,28,38,311,u_to_v,1,587,312,28,38,28,38,
MOT17-04-FRCNN,353,28,41,311,u_to_v,1,739,312,28,41,28,41,
MOT17-04-FRCNN,354,28,42,311,u_to_v,1,739,312,28,42,28,42,
MOT17-04-FRCNN,355,28,43,311,u_to_v,1,454,312,28,43,28,43,
MOT17-04-FRCNN,356,28,44,311,u_to_v,1,739,312,28,44,28,44,
MOT17-04-FRCNN,357,28,45,311,u_to_v,1,309,312,28,45,28,45,
MOT17-04-FRCNN,358,28,48,311,u_to_v,1,71,312,28,48,28,48,
MOT17-04-FRCNN,359,28,49,311,u_to_v,1,57,312,28,49,28,49,
MOT17-04-FRCNN,360,28,50,311,u_to_v,1,101,312,28,50,28,50,
MOT17-04-FRCNN,361,28,51,311,u_to_v,1,739,312,28,51,28,51,
MOT17-04-FRCNN,362,28,52,311,u_to_v,1,241,312,28,52,28,52,
MOT17-04-FRCNN,363,28,53,311,u_to_v,1,220,312,28,53,28,53,
MOT17-04-FRCNN,364,28,54,311,u_to_v,1,739,312,28,54,28,54,
MOT17-04-FRCNN,365,28,55,311,u_to_v,1,204,312,28,55,28,55,
MOT17-04-FRCNN,366,28,56,311,u_to_v,1,739,312,28,56,28,56,
MOT17-04-FRCNN,367,1,29,315,v_to_u,1,735,316,29,1,29,1,
MOT17-04-FRCNN,368,2,29,315,v_to_u,1,735,316,29,2,29,2,
MOT17-04-FRCNN,369,3,29,315,v_to_u,1,735,316,29,3,29,3,
MOT17-04-FRCNN,370,4,29,315,v_to_u,1,365,316,29,4,29,4,
MOT17-04-FRCNN,371,5,29,315,v_to_u,1,341,316,29,5,29,5,
MOT17-04-FRCNN,372,6,29,315,v_to_u,1,735,316,29,6,29,6,
MOT17-04-FRCNN,373,7,29,315,v_to_u,1,160,316,29,7,29,7,
MOT17-04-FRCNN,374,8,29,315,v_to_u,1,735,316,29,8,29,8,
MOT17-04-FRCNN,375,9,29,315,v_to_u,1,211,316,29,9,29,9,
MOT17-04-FRCNN,376,10,29,315,v_to_u,1,193,316,29,10,29,10,
MOT17-04-FRCNN,377,11,29,315,v_to_u,1,386,316,29,11,29,11,
MOT17-04-FRCNN,378,12,29,315,v_to_u,1,735,316,29,12,29,12,
MOT17-04-FRCNN,379,13,29,315,v_to_u,1,735,316,29,13,29,13,
MOT17-04-FRCNN,380,14,29,315,v_to_u,1,735,316,29,14,29,14,
MOT17-04-FRCNN,381,15,29,315,v_to_u,1,735,316,29,15,29,15,
MOT17-04-FRCNN,382,16,29,315,v_to_u,1,735,316,29,16,29,16,
MOT17-04-FRCNN,383,17,29,315,v_to_u,1,735,316,29,17,29,17,
MOT17-04-FRCNN,384,18,29,315,v_to_u,1,735,316,29,18,29,18,
MOT17-04-FRCNN,385,19,29,315,v_to_u,1,735,316,29,19,29,19,
MOT17-04-FRCNN,386,20,29,315,v_to_u,1,322,316,29,20,29,20,
MOT17-04-FRCNN,387,21,29,315,v_to_u,1,735,316,29,21,29,21,
MOT17-04-FRCNN,388,22,29,315,v_to_u,1,343,316,29,22,29,22,
MOT17-04-FRCNN,389,23,29,315,v_to_u,1,376,316,29,23,29,23,
MOT17-04-FRCNN,390,24,29,315,v_to_u,1,266,316,29,24,29,24,
MOT17-04-FRCNN,391,25,29,315,v_to_u,1,735,316,29,25,29,25,
MOT17-04-FRCNN,392,26,29,315,v_to_u,1,374,316,29,26,29,26,
MOT17-04-FRCNN,393,27,29,315,v_to_u,1,735,316,29,27,29,27,
MOT17-04-FRCNN,394,29,31,315,u_to_v,1,250,316,29,31,29,31,
MOT17-04-FRCNN,395,29,33,315,u_to_v,1,206,316,29,33,29,33,
MOT17-04-FRCNN,396,29,36,315,u_to_v,1,735,316,29,36,29,36,
MOT17-04-FRCNN,397,29,37,315,u_to_v,1,735,316,29,37,29,37,
MOT17-04-FRCNN,398,29,38,315,u_to_v,1,583,316,29,38,29,38,
MOT17-04-FRCNN,399,29,41,315,u_to_v,1,735,316,29,41,29,41,
MOT17-04-FRCNN,400,29,42,315,u_to_v,1,735,316,29,42,29,42,
MOT17-04-FRCNN,401,29,43,315,u_to_v,1,450,316,29,43,29,43,
MOT17-04-FRCNN,402,29,44,315,u_to_v,1,735,316,29,44,29,44,
MOT17-04-FRCNN,403,29,45,315,u_to_v,1,305,316,29,45,29,45,
MOT17-04-FRCNN,404,29,48,315,u_to_v,1,67,316,29,48,29,48,
MOT17-04-FRCNN,405,29,49,315,u_to_v,1,53,316,29,49,29,49,
MOT17-04-FRCNN,406,29,50,315,u_to_v,1,97,316,29,50,29,50,
MOT17-04-FRCNN,407,29,51,315,u_to_v,1,735,316,29,51,29,51,
MOT17-04-FRCNN,408,29,52,315,u_to_v,1,237,316,29,52,29,52,
MOT17-04-FRCNN,409,29,53,315,u_to_v,1,216,316,29,53,29,53,
MOT17-04-FRCNN,410,29,54,315,u_to_v,1,735,316,29,54,29,54,
MOT17-04-FRCNN,411,29,55,315,u_to_v,1,200,316,29,55,29,55,
MOT17-04-FRCNN,412,29,56,315,u_to_v,1,735,316,29,56,29,56,
MOT17-04-FRCNN,413,1,49,368,v_to_u,1,682,369,49,1,49,1,
MOT17-04-FRCNN,414,2,49,368,v_to_u,1,682,369,49,2,49,2,
MOT17-04-FRCNN,415,3,49,368,v_to_u,1,682,369,49,3,49,3,
MOT17-04-FRCNN,416,4,49,368,v_to_u,1,312,369,49,4,49,4,
MOT17-04-FRCNN,417,5,49,368,v_to_u,1,288,369,49,5,49,5,
MOT17-04-FRCNN,418,6,49,368,v_to_u,1,682,369,49,6,49,6,
MOT17-04-FRCNN,419,7,49,368,v_to_u,1,107,369,49,7,49,7,
MOT17-04-FRCNN,420,8,49,368,v_to_u,1,682,369,49,8,49,8,
MOT17-04-FRCNN,421,9,49,368,v_to_u,1,158,369,49,9,49,9,
MOT17-04-FRCNN,422,10,49,368,v_to_u,1,140,369,49,10,49,10,
MOT17-04-FRCNN,423,11,49,368,v_to_u,1,333,369,49,11,49,11,
MOT17-04-FRCNN,424,12,49,368,v_to_u,1,682,369,49,12,49,12,
MOT17-04-FRCNN,425,13,49,368,v_to_u,1,682,369,49,13,49,13,
MOT17-04-FRCNN,426,14,49,368,v_to_u,1,682,369,49,14,49,14,
MOT17-04-FRCNN,427,15,49,368,v_to_u,1,682,369,49,15,49,15,
MOT17-04-FRCNN,428,16,49,368,v_to_u,1,682,369,49,16,49,16,
MOT17-04-FRCNN,429,17,49,368,v_to_u,1,682,369,49,17,49,17,
MOT17-04-FRCNN,430,18,49,368,v_to_u,1,682,369,49,18,49,18,
MOT17-04-FRCNN,431,19,49,368,v_to_u,1,682,369,49,19,49,19,
MOT17-04-FRCNN,432,20,49,368,v_to_u,1,269,369,49,20,49,20,
MOT17-04-FRCNN,433,21,49,368,v_to_u,1,682,369,49,21,49,21,
MOT17-04-FRCNN,434,22,49,368,v_to_u,1,290,369,49,22,49,22,
MOT17-04-FRCNN,435,23,49,368,v_to_u,1,323,369,49,23,49,23,
MOT17-04-FRCNN,436,24,49,368,v_to_u,1,213,369,49,24,49,24,
MOT17-04-FRCNN,437,25,49,368,v_to_u,1,682,369,49,25,49,25,
MOT17-04-FRCNN,438,26,49,368,v_to_u,1,321,369,49,26,49,26,
MOT17-04-FRCNN,439,27,49,368,v_to_u,1,682,369,49,27,49,27,
MOT17-04-FRCNN,440,31,49,368,v_to_u,1,197,369,49,31,49,31,
MOT17-04-FRCNN,441,33,49,368,v_to_u,1,153,369,49,33,49,33,
MOT17-04-FRCNN,442,36,49,368,v_to_u,1,682,369,49,36,49,36,
MOT17-04-FRCNN,443,37,49,368,v_to_u,1,682,369,49,37,49,37,
MOT17-04-FRCNN,444,38,49,368,v_to_u,1,530,369,49,38,49,38,
MOT17-04-FRCNN,445,41,49,368,v_to_u,1,682,369,49,41,49,41,
MOT17-04-FRCNN,446,42,49,368,v_to_u,1,682,369,49,42,49,42,
MOT17-04-FRCNN,447,43,49,368,v_to_u,1,397,369,49,43,49,43,
MOT17-04-FRCNN,448,44,49,368,v_to_u,1,682,369,49,44,49,44,
MOT17-04-FRCNN,449,45,49,368,v_to_u,1,252,369,49,45,49,45,
MOT17-04-FRCNN,450,48,49,368,v_to_u,1,14,369,49,48,49,48,
MOT17-04-FRCNN,451,49,50,368,u_to_v,1,44,369,49,50,49,50,
MOT17-04-FRCNN,452,49,51,368,u_to_v,1,682,369,49,51,49,51,
MOT17-04-FRCNN,453,49,52,368,u_to_v,1,184,369,49,52,49,52,
MOT17-04-FRCNN,454,49,53,368,u_to_v,1,163,369,49,53,49,53,
MOT17-04-FRCNN,455,49,54,368,u_to_v,1,682,369,49,54,49,54,
MOT17-04-FRCNN,456,49,55,368,u_to_v,1,147,369,49,55,49,55,
MOT17-04-FRCNN,457,49,56,368,u_to_v,1,682,369,49,56,49,56,
MOT17-04-FRCNN,458,49,57,368,u_to_v,1,682,369,49,57,49,57,
MOT17-04-FRCNN,459,49,58,368,u_to_v,1,351,369,49,58,49,58,
MOT17-04-FRCNN,460,1,48,382,v_to_u,1,668,383,48,1,48,1,
MOT17-04-FRCNN,461,2,48,382,v_to_u,1,668,383,48,2,48,2,
MOT17-04-FRCNN,462,3,48,382,v_to_u,1,668,383,48,3,48,3,
MOT17-04-FRCNN,463,4,48,382,v_to_u,1,298,383,48,4,48,4,
MOT17-04-FRCNN,464,5,48,382,v_to_u,1,274,383,48,5,48,5,
MOT17-04-FRCNN,465,6,48,382,v_to_u,1,668,383,48,6,48,6,
MOT17-04-FRCNN,466,7,48,382,v_to_u,1,93,383,48,7,48,7,
MOT17-04-FRCNN,467,8,48,382,v_to_u,1,668,383,48,8,48,8,
MOT17-04-FRCNN,468,9,48,382,v_to_u,1,144,383,48,9,48,9,
MOT17-04-FRCNN,469,10,48,382,v_to_u,1,126,383,48,10,48,10,
MOT17-04-FRCNN,470,11,48,382,v_to_u,1,319,383,48,11,48,11,
MOT17-04-FRCNN,471,12,48,382,v_to_u,1,668,383,48,12,48,12,
MOT17-04-FRCNN,472,13,48,382,v_to_u,1,668,383,48,13,48,13,
MOT17-04-FRCNN,473,14,48,382,v_to_u,1,668,383,48,14,48,14,
MOT17-04-FRCNN,474,15,48,382,v_to_u,1,668,383,48,15,48,15,
MOT17-04-FRCNN,475,16,48,382,v_to_u,1,668,383,48,16,48,16,
MOT17-04-FRCNN,476,17,48,382,v_to_u,1,668,383,48,17,48,17,
MOT17-04-FRCNN,477,18,48,382,v_to_u,1,668,383,48,18,48,18,
MOT17-04-FRCNN,478,19,48,382,v_to_u,1,668,383,48,19,48,19,
MOT17-04-FRCNN,479,20,48,382,v_to_u,1,255,383,48,20,48,20,
MOT17-04-FRCNN,480,21,48,382,v_to_u,1,668,383,48,21,48,21,
MOT17-04-FRCNN,481,22,48,382,v_to_u,1,276,383,48,22,48,22,
MOT17-04-FRCNN,482,23,48,382,v_to_u,1,309,383,48,23,48,23,
MOT17-04-FRCNN,483,24,48,382,v_to_u,1,199,383,48,24,48,24,
MOT17-04-FRCNN,484,25,48,382,v_to_u,1,668,383,48,25,48,25,
MOT17-04-FRCNN,485,26,48,382,v_to_u,1,307,383,48,26,48,26,
MOT17-04-FRCNN,486,27,48,382,v_to_u,1,668,383,48,27,48,27,
MOT17-04-FRCNN,487,31,48,382,v_to_u,1,183,383,48,31,48,31,
MOT17-04-FRCNN,488,33,48,382,v_to_u,1,139,383,48,33,48,33,
MOT17-04-FRCNN,489,36,48,382,v_to_u,1,668,383,48,36,48,36,
MOT17-04-FRCNN,490,37,48,382,v_to_u,1,668,383,48,37,48,37,
MOT17-04-FRCNN,491,38,48,382,v_to_u,1,516,383,48,38,48,38,
MOT17-04-FRCNN,492,41,48,382,v_to_u,1,668,383,48,41,48,41,
MOT17-04-FRCNN,493,42,48,382,v_to_u,1,668,383,48,42,48,42,
MOT17-04-FRCNN,494,43,48,382,v_to_u,1,383,383,48,43,48,43,
MOT17-04-FRCNN,495,44,48,382,v_to_u,1,668,383,48,44,48,44,
MOT17-04-FRCNN,496,45,48,382,v_to_u,1,238,383,48,45,48,45,
MOT17-04-FRCNN,497,48,50,382,u_to_v,1,30,383,48,50,48,50,
MOT17-04-FRCNN,498,48,51,382,u_to_v,1,668,383,48,51,48,51,
MOT17-04-FRCNN,499,48,52,382,u_to_v,1,170,383,48,52,48,52,
MOT17-04-FRCNN,500,48,53,382,u_to_v,1,149,383,48,53,48,53,
MOT17-04-FRCNN,501,48,54,382,u_to_v,1,668,383,48,54,48,54,
MOT17-04-FRCNN,502,48,55,382,u_to_v,1,133,383,48,55,48,55,
MOT17-04-FRCNN,503,48,56,382,u_to_v,1,668,383,48,56,48,56,
MOT17-04-FRCNN,504,48,57,382,u_to_v,1,668,383,48,57,48,57,
MOT17-04-FRCNN,505,48,58,382,u_to_v,1,337,383,48,58,48,58,
MOT17-04-FRCNN,506,1,50,412,v_to_u,1,638,413,50,1,50,1,
MOT17-04-FRCNN,507,2,50,412,v_to_u,1,638,413,50,2,50,2,
MOT17-04-FRCNN,508,3,50,412,v_to_u,1,638,413,50,3,50,3,
MOT17-04-FRCNN,509,4,50,412,v_to_u,1,268,413,50,4,50,4,
MOT17-04-FRCNN,510,5,50,412,v_to_u,1,244,413,50,5,50,5,
MOT17-04-FRCNN,511,6,50,412,v_to_u,1,638,413,50,6,50,6,
MOT17-04-FRCNN,512,7,50,412,v_to_u,1,63,413,50,7,50,7,
MOT17-04-FRCNN,513,8,50,412,v_to_u,1,638,413,50,8,50,8,
MOT17-04-FRCNN,514,9,50,412,v_to_u,1,114,413,50,9,50,9,
MOT17-04-FRCNN,515,10,50,412,v_to_u,1,96,413,50,10,50,10,
MOT17-04-FRCNN,516,11,50,412,v_to_u,1,289,413,50,11,50,11,
MOT17-04-FRCNN,517,12,50,412,v_to_u,1,638,413,50,12,50,12,
MOT17-04-FRCNN,518,13,50,412,v_to_u,1,638,413,50,13,50,13,
MOT17-04-FRCNN,519,14,50,412,v_to_u,1,638,413,50,14,50,14,
MOT17-04-FRCNN,520,15,50,412,v_to_u,1,638,413,50,15,50,15,
MOT17-04-FRCNN,521,16,50,412,v_to_u,1,638,413,50,16,50,16,
MOT17-04-FRCNN,522,17,50,412,v_to_u,1,638,413,50,17,50,17,
MOT17-04-FRCNN,523,18,50,412,v_to_u,1,638,413,50,18,50,18,
MOT17-04-FRCNN,524,19,50,412,v_to_u,1,638,413,50,19,50,19,
MOT17-04-FRCNN,525,20,50,412,v_to_u,1,225,413,50,20,50,20,
MOT17-04-FRCNN,526,21,50,412,v_to_u,1,638,413,50,21,50,21,
MOT17-04-FRCNN,527,22,50,412,v_to_u,1,246,413,50,22,50,22,
MOT17-04-FRCNN,528,23,50,412,v_to_u,1,279,413,50,23,50,23,
MOT17-04-FRCNN,529,24,50,412,v_to_u,1,169,413,50,24,50,24,
MOT17-04-FRCNN,530,25,50,412,v_to_u,1,638,413,50,25,50,25,
MOT17-04-FRCNN,531,26,50,412,v_to_u,1,277,413,50,26,50,26,
MOT17-04-FRCNN,532,27,50,412,v_to_u,1,638,413,50,27,50,27,
MOT17-04-FRCNN,533,31,50,412,v_to_u,1,153,413,50,31,50,31,
MOT17-04-FRCNN,534,33,50,412,v_to_u,1,109,413,50,33,50,33,
MOT17-04-FRCNN,535,36,50,412,v_to_u,1,638,413,50,36,50,36,
MOT17-04-FRCNN,536,37,50,412,v_to_u,1,638,413,50,37,50,37,
MOT17-04-FRCNN,537,38,50,412,v_to_u,1,486,413,50,38,50,38,
MOT17-04-FRCNN,538,41,50,412,v_to_u,1,638,413,50,41,50,41,
MOT17-04-FRCNN,539,42,50,412,v_to_u,1,638,413,50,42,50,42,
MOT17-04-FRCNN,540,43,50,412,v_to_u,1,353,413,50,43,50,43,
MOT17-04-FRCNN,541,44,50,412,v_to_u,1,638,413,50,44,50,44,
MOT17-04-FRCNN,542,45,50,412,v_to_u,1,208,413,50,45,50,45,
MOT17-04-FRCNN,543,50,51,412,u_to_v,1,638,413,50,51,50,51,
MOT17-04-FRCNN,544,50,52,412,u_to_v,1,140,413,50,52,50,52,
MOT17-04-FRCNN,545,50,53,412,u_to_v,1,119,413,50,53,50,53,
MOT17-04-FRCNN,546,50,54,412,u_to_v,1,638,413,50,54,50,54,
MOT17-04-FRCNN,547,50,55,412,u_to_v,1,103,413,50,55,50,55,
MOT17-04-FRCNN,548,50,56,412,u_to_v,1,638,413,50,56,50,56,
MOT17-04-FRCNN,549,50,57,412,u_to_v,1,638,413,50,57,50,57,
MOT17-04-FRCNN,550,50,58,412,u_to_v,1,307,413,50,58,50,58,
MOT17-04-FRCNN,551,50,59,412,u_to_v,1,638,413,50,59,50,59,
MOT17-04-FRCNN,552,50,60,412,u_to_v,1,294,413,50,60,50,60,
MOT17-04-FRCNN,553,1,7,475,v_to_u,1,575,476,7,1,7,1,
MOT17-04-FRCNN,554,2,7,475,v_to_u,1,575,476,7,2,7,2,
MOT17-04-FRCNN,555,3,7,475,v_to_u,1,575,476,7,3,7,3,
MOT17-04-FRCNN,556,4,7,475,v_to_u,1,205,476,7,4,7,4,
MOT17-04-FRCNN,557,5,7,475,v_to_u,1,181,476,7,5,7,5,
MOT17-04-FRCNN,558,6,7,475,v_to_u,1,575,476,7,6,7,6,
MOT17-04-FRCNN,559,7,8,475,u_to_v,1,575,476,7,8,7,8,
MOT17-04-FRCNN,560,7,9,475,u_to_v,1,51,476,7,9,7,9,
MOT17-04-FRCNN,561,7,10,475,u_to_v,1,33,476,7,10,7,10,
MOT17-04-FRCNN,562,7,11,475,u_to_v,1,226,476,7,11,7,11,
MOT17-04-FRCNN,563,7,12,475,u_to_v,1,575,476,7,12,7,12,
MOT17-04-FRCNN,564,7,13,475,u_to_v,1,575,476,7,13,7,13,
MOT17-04-FRCNN,565,7,14,475,u_to_v,1,575,476,7,14,7,14,
MOT17-04-FRCNN,566,7,15,475,u_to_v,1,575,476,7,15,7,15,
MOT17-04-FRCNN,567,7,16,475,u_to_v,1,575,476,7,16,7,16,
MOT17-04-FRCNN,568,7,17,475,u_to_v,1,575,476,7,17,7,17,
MOT17-04-FRCNN,569,7,18,475,u_to_v,1,575,476,7,18,7,18,
MOT17-04-FRCNN,570,7,19,475,u_to_v,1,575,476,7,19,7,19,
MOT17-04-FRCNN,571,7,20,475,u_to_v,1,162,476,7,20,7,20,
MOT17-04-FRCNN,572,7,21,475,u_to_v,1,575,476,7,21,7,21,
MOT17-04-FRCNN,573,7,22,475,u_to_v,1,183,476,7,22,7,22,
MOT17-04-FRCNN,574,7,23,475,u_to_v,1,216,476,7,23,7,23,
MOT17-04-FRCNN,575,7,24,475,u_to_v,1,106,476,7,24,7,24,
MOT17-04-FRCNN,576,7,25,475,u_to_v,1,575,476,7,25,7,25,
MOT17-04-FRCNN,577,7,26,475,u_to_v,1,214,476,7,26,7,26,
MOT17-04-FRCNN,578,7,27,475,u_to_v,1,575,476,7,27,7,27,
MOT17-04-FRCNN,579,7,31,475,u_to_v,1,90,476,7,31,7,31,
MOT17-04-FRCNN,580,7,33,475,u_to_v,1,46,476,7,33,7,33,
MOT17-04-FRCNN,581,7,36,475,u_to_v,1,575,476,7,36,7,36,
MOT17-04-FRCNN,582,7,37,475,u_to_v,1,575,476,7,37,7,37,
MOT17-04-FRCNN,583,7,38,475,u_to_v,1,423,476,7,38,7,38,
MOT17-04-FRCNN,584,7,41,475,u_to_v,1,575,476,7,41,7,41,
MOT17-04-FRCNN,585,7,42,475,u_to_v,1,575,476,7,42,7,42,
MOT17-04-FRCNN,586,7,43,475,u_to_v,1,290,476,7,43,7,43,
MOT17-04-FRCNN,587,7,44,475,u_to_v,1,575,476,7,44,7,44,
MOT17-04-FRCNN,588,7,45,475,u_to_v,1,145,476,7,45,7,45,
MOT17-04-FRCNN,589,7,51,475,u_to_v,1,575,476,7,51,7,51,
MOT17-04-FRCNN,590,7,52,475,u_to_v,1,77,476,7,52,7,52,
MOT17-04-FRCNN,591,7,53,475,u_to_v,1,56,476,7,53,7,53,
MOT17-04-FRCNN,592,7,54,475,u_to_v,1,575,476,7,54,7,54,
MOT17-04-FRCNN,593,7,55,475,u_to_v,1,40,476,7,55,7,55,
MOT17-04-FRCNN,594,7,56,475,u_to_v,1,575,476,7,56,7,56,
MOT17-04-FRCNN,595,7,57,475,u_to_v,1,575,476,7,57,7,57,
MOT17-04-FRCNN,596,7,58,475,u_to_v,1,244,476,7,58,7,58,
MOT17-04-FRCNN,597,7,59,475,u_to_v,1,575,476,7,59,7,59,
MOT17-04-FRCNN,598,7,60,475,u_to_v,1,231,476,7,60,7,60,
MOT17-04-FRCNN,599,7,61,475,u_to_v,1,575,476,7,61,7,61,
MOT17-04-FRCNN,600,1,10,508,v_to_u,1,542,509,10,1,10,1,
MOT17-04-FRCNN,601,2,10,508,v_to_u,1,542,509,10,2,10,2,
MOT17-04-FRCNN,602,3,10,508,v_to_u,1,542,509,10,3,10,3,
MOT17-04-FRCNN,603,4,10,508,v_to_u,1,172,509,10,4,10,4,
MOT17-04-FRCNN,604,5,10,508,v_to_u,1,148,509,10,5,10,5,
MOT17-04-FRCNN,605,6,10,508,v_to_u,1,542,509,10,6,10,6,
MOT17-04-FRCNN,606,8,10,508,v_to_u,1,542,509,10,8,10,8,
MOT17-04-FRCNN,607,9,10,508,v_to_u,1,18,509,10,9,10,9,
MOT17-04-FRCNN,608,10,11,508,u_to_v,1,193,509,10,11,10,11,
MOT17-04-FRCNN,609,10,12,508,u_to_v,1,542,509,10,12,10,12,
MOT17-04-FRCNN,610,10,13,508,u_to_v,1,542,509,10,13,10,13,
MOT17-04-FRCNN,611,10,14,508,u_to_v,1,542,509,10,14,10,14,
MOT17-04-FRCNN,612,10,15,508,u_to_v,1,542,509,10,15,10,15,
MOT17-04-FRCNN,613,10,16,508,u_to_v,1,542,509,10,16,10,16,
MOT17-04-FRCNN,614,10,17,508,u_to_v,1,542,509,10,17,10,17,
MOT17-04-FRCNN,615,10,18,508,u_to_v,1,542,509,10,18,10,18,
MOT17-04-FRCNN,616,10,19,508,u_to_v,1,542,509,10,19,10,19,
MOT17-04-FRCNN,617,10,20,508,u_to_v,1,129,509,10,20,10,20,
MOT17-04-FRCNN,618,10,21,508,u_to_v,1,542,509,10,21,10,21,
MOT17-04-FRCNN,619,10,22,508,u_to_v,1,150,509,10,22,10,22,
MOT17-04-FRCNN,620,10,23,508,u_to_v,1,183,509,10,23,10,23,
MOT17-04-FRCNN,621,10,24,508,u_to_v,1,73,509,10,24,10,24,
MOT17-04-FRCNN,622,10,25,508,u_to_v,1,542,509,10,25,10,25,
MOT17-04-FRCNN,623,10,26,508,u_to_v,1,181,509,10,26,10,26,
MOT17-04-FRCNN,624,10,27,508,u_to_v,1,542,509,10,27,10,27,
MOT17-04-FRCNN,625,10,31,508,u_to_v,1,57,509,10,31,10,31,
MOT17-04-FRCNN,626,10,33,508,u_to_v,1,13,509,10,33,10,33,
MOT17-04-FRCNN,627,10,36,508,u_to_v,1,542,509,10,36,10,36,
MOT17-04-FRCNN,628,10,37,508,u_to_v,1,542,509,10,37,10,37,
MOT17-04-FRCNN,629,10,38,508,u_to_v,1,390,509,10,38,10,38,
MOT17-04-FRCNN,630,10,41,508,u_to_v,1,542,509,10,41,10,41,
MOT17-04-FRCNN,631,10,42,508,u_to_v,1,542,509,10,42,10,42,
MOT17-04-FRCNN,632,10,43,508,u_to_v,1,257,509,10,43,10,43,
MOT17-04-FRCNN,633,10,44,508,u_to_v,1,542,509,10,44,10,44,
MOT17-04-FRCNN,634,10,45,508,u_to_v,1,112,509,10,45,10,45,
MOT17-04-FRCNN,635,10,51,508,u_to_v,1,542,509,10,51,10,51,
MOT17-04-FRCNN,636,10,52,508,u_to_v,1,44,509,10,52,10,52,
MOT17-04-FRCNN,637,10,53,508,u_to_v,1,23,509,10,53,10,53,
MOT17-04-FRCNN,638,10,54,508,u_to_v,1,542,509,10,54,10,54,
MOT17-04-FRCNN,639,10,55,508,u_to_v,1,7,509,10,55,10,55,
MOT17-04-FRCNN,640,10,56,508,u_to_v,1,542,509,10,56,10,56,
MOT17-04-FRCNN,641,10,57,508,u_to_v,1,542,509,10,57,10,57,
MOT17-04-FRCNN,642,10,58,508,u_to_v,1,211,509,10,58,10,58,
MOT17-04-FRCNN,643,10,59,508,u_to_v,1,542,509,10,59,10,59,
MOT17-04-FRCNN,644,10,60,508,u_to_v,1,198,509,10,60,10,60,
MOT17-04-FRCNN,645,10,61,508,u_to_v,1,542,509,10,61,10,61,
MOT17-04-FRCNN,646,10,62,508,u_to_v,1,542,509,10,62,10,62,
MOT17-04-FRCNN,647,10,63,508,u_to_v,1,542,509,10,63,10,63,
MOT17-04-FRCNN,648,1,55,515,v_to_u,1,535,516,55,1,55,1,
MOT17-04-FRCNN,649,2,55,515,v_to_u,1,535,516,55,2,55,2,
MOT17-04-FRCNN,650,3,55,515,v_to_u,1,535,516,55,3,55,3,
MOT17-04-FRCNN,651,4,55,515,v_to_u,1,165,516,55,4,55,4,
MOT17-04-FRCNN,652,5,55,515,v_to_u,1,141,516,55,5,55,5,
MOT17-04-FRCNN,653,6,55,515,v_to_u,1,535,516,55,6,55,6,
MOT17-04-FRCNN,654,8,55,515,v_to_u,1,535,516,55,8,55,8,
MOT17-04-FRCNN,655,9,55,515,v_to_u,1,11,516,55,9,55,9,
MOT17-04-FRCNN,656,11,55,515,v_to_u,1,186,516,55,11,55,11,
MOT17-04-FRCNN,657,12,55,515,v_to_u,1,535,516,55,12,55,12,
MOT17-04-FRCNN,658,13,55,515,v_to_u,1,535,516,55,13,55,13,
MOT17-04-FRCNN,659,14,55,515,v_to_u,1,535,516,55,14,55,14,
MOT17-04-FRCNN,660,15,55,515,v_to_u,1,535,516,55,15,55,15,
MOT17-04-FRCNN,661,16,55,515,v_to_u,1,535,516,55,16,55,16,
MOT17-04-FRCNN,662,17,55,515,v_to_u,1,535,516,55,17,55,17,
MOT17-04-FRCNN,663,18,55,515,v_to_u,1,535,516,55,18,55,18,
MOT17-04-FRCNN,664,19,55,515,v_to_u,1,535,516,55,19,55,19,
MOT17-04-FRCNN,665,20,55,515,v_to_u,1,122,516,55,20,55,20,
MOT17-04-FRCNN,666,21,55,515,v_to_u,1,535,516,55,21,55,21,
MOT17-04-FRCNN,667,22,55,515,v_to_u,1,143,516,55,22,55,22,
MOT17-04-FRCNN,668,23,55,515,v_to_u,1,176,516,55,23,55,23,
MOT17-04-FRCNN,669,24,55,515,v_to_u,1,66,516,55,24,55,24,
MOT17-04-FRCNN,670,25,55,515,v_to_u,1,535,516,55,25,55,25,
MOT17-04-FRCNN,671,26,55,515,v_to_u,1,174,516,55,26,55,26,
MOT17-04-FRCNN,672,27,55,515,v_to_u,1,535,516,55,27,55,27,
MOT17-04-FRCNN,673,31,55,515,v_to_u,1,50,516,55,31,55,31,
MOT17-04-FRCNN,674,33,55,515,v_to_u,1,6,516,55,33,55,33,
MOT17-04-FRCNN,675,36,55,515,v_to_u,1,535,516,55,36,55,36,
MOT17-04-FRCNN,676,37,55,515,v_to_u,1,535,516,55,37,55,37,
MOT17-04-FRCNN,677,38,55,515,v_to_u,1,383,516,55,38,55,38,
MOT17-04-FRCNN,678,41,55,515,v_to_u,1,535,516,55,41,55,41,
MOT17-04-FRCNN,679,42,55,515,v_to_u,1,535,516,55,42,55,42,
MOT17-04-FRCNN,680,43,55,515,v_to_u,1,250,516,55,43,55,43,
MOT17-04-FRCNN,681,44,55,515,v_to_u,1,535,516,55,44,55,44,
MOT17-04-FRCNN,682,45,55,515,v_to_u,1,105,516,55,45,55,45,
MOT17-04-FRCNN,683,51,55,515,v_to_u,1,535,516,55,51,55,51,
MOT17-04-FRCNN,684,52,55,515,v_to_u,1,37,516,55,52,55,52,
MOT17-04-FRCNN,685,53,55,515,v_to_u,1,16,516,55,53,55,53,
MOT17-04-FRCNN,686,54,55,515,v_to_u,1,535,516,55,54,55,54,
MOT17-04-FRCNN,687,55,56,515,u_to_v,1,535,516,55,56,55,56,
MOT17-04-FRCNN,688,55,57,515,u_to_v,1,535,516,55,57,55,57,
MOT17-04-FRCNN,689,55,58,515,u_to_v,1,204,516,55,58,55,58,
MOT17-04-FRCNN,690,55,59,515,u_to_v,1,535,516,55,59,55,59,
MOT17-04-FRCNN,691,55,60,515,u_to_v,1,191,516,55,60,55,60,
MOT17-04-FRCNN,692,55,61,515,u_to_v,1,535,516,55,61,55,61,
MOT17-04-FRCNN,693,55,62,515,u_to_v,1,535,516,55,62,55,62,
MOT17-04-FRCNN,694,55,63,515,u_to_v,1,535,516,55,63,55,63,
MOT17-04-FRCNN,695,1,33,521,v_to_u,1,529,522,33,1,33,1,
MOT17-04-FRCNN,696,2,33,521,v_to_u,1,529,522,33,2,33,2,
MOT17-04-FRCNN,697,3,33,521,v_to_u,1,529,522,33,3,33,3,
MOT17-04-FRCNN,698,4,33,521,v_to_u,1,159,522,33,4,33,4,
MOT17-04-FRCNN,699,5,33,521,v_to_u,1,135,522,33,5,33,5,
MOT17-04-FRCNN,700,6,33,521,v_to_u,1,529,522,33,6,33,6,
MOT17-04-FRCNN,701,8,33,521,v_to_u,1,529,522,33,8,33,8,
MOT17-04-FRCNN,702,9,33,521,v_to_u,1,5,522,33,9,33,9,
MOT17-04-FRCNN,703,11,33,521,v_to_u,1,180,522,33,11,33,11,
MOT17-04-FRCNN,704,12,33,521,v_to_u,1,529,522,33,12,33,12,
MOT17-04-FRCNN,705,13,33,521,v_to_u,1,529,522,33,13,33,13,
MOT17-04-FRCNN,706,14,33,521,v_to_u,1,529,522,33,14,33,14,
MOT17-04-FRCNN,707,15,33,521,v_to_u,1,529,522,33,15,33,15,
MOT17-04-FRCNN,708,16,33,521,v_to_u,1,529,522,33,16,33,16,
MOT17-04-FRCNN,709,17,33,521,v_to_u,1,529,522,33,17,33,17,
MOT17-04-FRCNN,710,18,33,521,v_to_u,1,529,522,33,18,33,18,
MOT17-04-FRCNN,711,19,33,521,v_to_u,1,529,522,33,19,33,19,
MOT17-04-FRCNN,712,20,33,521,v_to_u,1,116,522,33,20,33,20,
MOT17-04-FRCNN,713,21,33,521,v_to_u,1,529,522,33,21,33,21,
MOT17-04-FRCNN,714,22,33,521,v_to_u,1,137,522,33,22,33,22,
MOT17-04-FRCNN,715,23,33,521,v_to_u,1,170,522,33,23,33,23,
MOT17-04-FRCNN,716,24,33,521,v_to_u,1,60,522,33,24,33,24,
MOT17-04-FRCNN,717,25,33,521,v_to_u,1,529,522,33,25,33,25,
MOT17-04-FRCNN,718,26,33,521,v_to_u,1,168,522,33,26,33,26,
MOT17-04-FRCNN,719,27,33,521,v_to_u,1,529,522,33,27,33,27,
MOT17-04-FRCNN,720,31,33,521,v_to_u,1,44,522,33,31,33,31,
MOT17-04-FRCNN,721,33,36,521,u_to_v,1,529,522,33,36,33,36,
MOT17-04-FRCNN,722,33,37,521,u_to_v,1,529,522,33,37,33,37,
MOT17-04-FRCNN,723,33,38,521,u_to_v,1,377,522,33,38,33,38,
MOT17-04-FRCNN,724,33,41,521,u_to_v,1,529,522,33,41,33,41,
MOT17-04-FRCNN,725,33,42,521,u_to_v,1,529,522,33,42,33,42,
MOT17-04-FRCNN,726,33,43,521,u_to_v,1,244,522,33,43,33,43,
MOT17-04-FRCNN,727,33,44,521,u_to_v,1,529,522,33,44,33,44,
MOT17-04-FRCNN,728,33,45,521,u_to_v,1,99,522,33,45,33,45,
MOT17-04-FRCNN,729,33,51,521,u_to_v,1,529,522,33,51,33,51,
MOT17-04-FRCNN,730,33,52,521,u_to_v,1,31,522,33,52,33,52,
MOT17-04-FRCNN,731,33,53,521,u_to_v,1,10,522,33,53,33,53,
MOT17-04-FRCNN,732,33,54,521,u_to_v,1,529,522,33,54,33,54,
MOT17-04-FRCNN,733,33,56,521,u_to_v,1,529,522,33,56,33,56,
MOT17-04-FRCNN,734,33,57,521,u_to_v,1,529,522,33,57,33,57,
MOT17-04-FRCNN,735,33,58,521,u_to_v,1,198,522,33,58,33,58,
MOT17-04-FRCNN,736,33,59,521,u_to_v,1,529,522,33,59,33,59,
MOT17-04-FRCNN,737,33,60,521,u_to_v,1,185,522,33,60,33,60,
MOT17-04-FRCNN,738,33,61,521,u_to_v,1,529,522,33,61,33,61,
MOT17-04-FRCNN,739,33,62,521,u_to_v,1,529,522,33,62,33,62,
MOT17-04-FRCNN,740,33,63,521,u_to_v,1,529,522,33,63,33,63,
MOT17-04-FRCNN,741,33,64,521,u_to_v,1,529,522,33,64,33,64,
MOT17-04-FRCNN,742,33,65,521,u_to_v,1,470,522,33,65,33,65,
MOT17-04-FRCNN,743,1,9,526,v_to_u,1,524,527,9,1,9,1,
MOT17-04-FRCNN,744,2,9,526,v_to_u,1,524,527,9,2,9,2,
MOT17-04-FRCNN,745,3,9,526,v_to_u,1,524,527,9,3,9,3,
MOT17-04-FRCNN,746,4,9,526,v_to_u,1,154,527,9,4,9,4,
MOT17-04-FRCNN,747,5,9,526,v_to_u,1,130,527,9,5,9,5,
MOT17-04-FRCNN,748,6,9,526,v_to_u,1,524,527,9,6,9,6,
MOT17-04-FRCNN,749,8,9,526,v_to_u,1,524,527,9,8,9,8,
MOT17-04-FRCNN,750,9,11,526,u_to_v,1,175,527,9,11,9,11,
MOT17-04-FRCNN,751,9,12,526,u_to_v,1,524,527,9,12,9,12,
MOT17-04-FRCNN,752,9,13,526,u_to_v,1,524,527,9,13,9,13,
MOT17-04-FRCNN,753,9,14,526,u_to_v,1,524,527,9,14,9,14,
MOT17-04-FRCNN,754,9,15,526,u_to_v,1,524,527,9,15,9,15,
MOT17-04-FRCNN,755,9,16,526,u_to_v,1,524,527,9,16,9,16,
MOT17-04-FRCNN,756,9,17,526,u_to_v,1,524,527,9,17,9,17,
MOT17-04-FRCNN,757,9,18,526,u_to_v,1,524,527,9,18,9,18,
MOT17-04-FRCNN,758,9,19,526,u_to_v,1,524,527,9,19,9,19,
MOT17-04-FRCNN,759,9,20,526,u_to_v,1,111,527,9,20,9,20,
MOT17-04-FRCNN,760,9,21,526,u_to_v,1,524,527,9,21,9,21,
MOT17-04-FRCNN,761,9,22,526,u_to_v,1,132,527,9,22,9,22,
MOT17-04-FRCNN,762,9,23,526,u_to_v,1,165,527,9,23,9,23,
MOT17-04-FRCNN,763,9,24,526,u_to_v,1,55,527,9,24,9,24,
MOT17-04-FRCNN,764,9,25,526,u_to_v,1,524,527,9,25,9,25,
MOT17-04-FRCNN,765,9,26,526,u_to_v,1,163,527,9,26,9,26,
MOT17-04-FRCNN,766,9,27,526,u_to_v,1,524,527,9,27,9,27,
MOT17-04-FRCNN,767,9,31,526,u_to_v,1,39,527,9,31,9,31,
MOT17-04-FRCNN,768,9,36,526,u_to_v,1,524,527,9,36,9,36,
MOT17-04-FRCNN,769,9,37,526,u_to_v,1,524,527,9,37,9,37,
MOT17-04-FRCNN,770,9,38,526,u_to_v,1,372,527,9,38,9,38,
MOT17-04-FRCNN,771,9,41,526,u_to_v,1,524,527,9,41,9,41,
MOT17-04-FRCNN,772,9,42,526,u_to_v,1,524,527,9,42,9,42,
MOT17-04-FRCNN,773,9,43,526,u_to_v,1,239,527,9,43,9,43,
MOT17-04-FRCNN,774,9,44,526,u_to_v,1,524,527,9,44,9,44,
MOT17-04-FRCNN,775,9,45,526,u_to_v,1,94,527,9,45,9,45,
MOT17-04-FRCNN,776,9,51,526,u_to_v,1,524,527,9,51,9,51,
MOT17-04-FRCNN,777,9,52,526,u_to_v,1,26,527,9,52,9,52,
MOT17-04-FRCNN,778,9,53,526,u_to_v,1,5,527,9,53,9,53,
MOT17-04-FRCNN,779,9,54,526,u_to_v,1,524,527,9,54,9,54,
MOT17-04-FRCNN,780,9,56,526,u_to_v,1,524,527,9,56,9,56,
MOT17-04-FRCNN,781,9,57,526,u_to_v,1,524,527,9,57,9,57,
MOT17-04-FRCNN,782,9,58,526,u_to_v,1,193,527,9,58,9,58,
MOT17-04-FRCNN,783,9,59,526,u_to_v,1,524,527,9,59,9,59,
MOT17-04-FRCNN,784,9,60,526,u_to_v,1,180,527,9,60,9,60,
MOT17-04-FRCNN,785,9,61,526,u_to_v,1,524,527,9,61,9,61,
MOT17-04-FRCNN,786,9,62,526,u_to_v,1,524,527,9,62,9,62,
MOT17-04-FRCNN,787,9,63,526,u_to_v,1,524,527,9,63,9,63,
MOT17-04-FRCNN,788,9,64,526,u_to_v,1,524,527,9,64,9,64,
MOT17-04-FRCNN,789,9,65,526,u_to_v,1,465,527,9,65,9,65,
MOT17-04-FRCNN,790,1,53,531,v_to_u,1,519,532,53,1,53,1,
MOT17-04-FRCNN,791,2,53,531,v_to_u,1,519,532,53,2,53,2,
MOT17-04-FRCNN,792,3,53,531,v_to_u,1,519,532,53,3,53,3,
MOT17-04-FRCNN,793,4,53,531,v_to_u,1,149,532,53,4,53,4,
MOT17-04-FRCNN,794,5,53,531,v_to_u,1,125,532,53,5,53,5,
MOT17-04-FRCNN,795,6,53,531,v_to_u,1,519,532,53,6,53,6,
MOT17-04-FRCNN,796,8,53,531,v_to_u,1,519,532,53,8,53,8,
MOT17-04-FRCNN,797,11,53,531,v_to_u,1,170,532,53,11,53,11,
MOT17-04-FRCNN,798,12,53,531,v_to_u,1,519,532,53,12,53,12,
MOT17-04-FRCNN,799,13,53,531,v_to_u,1,519,532,53,13,53,13,
MOT17-04-FRCNN,800,14,53,531,v_to_u,1,519,532,53,14,53,14,
MOT17-04-FRCNN,801,15,53,531,v_to_u,1,519,532,53,15,53,15,
MOT17-04-FRCNN,802,16,53,531,v_to_u,1,519,532,53,16,53,16,
MOT17-04-FRCNN,803,17,53,531,v_to_u,1,519,532,53,17,53,17,
MOT17-04-FRCNN,804,18,53,531,v_to_u,1,519,532,53,18,53,18,
MOT17-04-FRCNN,805,19,53,531,v_to_u,1,519,532,53,19,53,19,
MOT17-04-FRCNN,806,20,53,531,v_to_u,1,106,532,53,20,53,20,
MOT17-04-FRCNN,807,21,53,531,v_to_u,1,519,532,53,21,53,21,
MOT17-04-FRCNN,808,22,53,531,v_to_u,1,127,532,53,22,53,22,
MOT17-04-FRCNN,809,23,53,531,v_to_u,1,160,532,53,23,53,23,
MOT17-04-FRCNN,810,24,53,531,v_to_u,1,50,532,53,24,53,24,
MOT17-04-FRCNN,811,25,53,531,v_to_u,1,519,532,53,25,53,25,
MOT17-04-FRCNN,812,26,53,531,v_to_u,1,158,532,53,26,53,26,
MOT17-04-FRCNN,813,27,53,531,v_to_u,1,519,532,53,27,53,27,
MOT17-04-FRCNN,814,31,53,531,v_to_u,1,34,532,53,31,53,31,
MOT17-04-FRCNN,815,36,53,531,v_to_u,1,519,532,53,36,53,36,
MOT17-04-FRCNN,816,37,53,531,v_to_u,1,519,532,53,37,53,37,
MOT17-04-FRCNN,817,38,53,531,v_to_u,1,367,532,53,38,53,38,
MOT17-04-FRCNN,818,41,53,531,v_to_u,1,519,532,53,41,53,41,
MOT17-04-FRCNN,819,42,53,531,v_to_u,1,519,532,53,42,53,42,
MOT17-04-FRCNN,820,43,53,531,v_to_u,1,234,532,53,43,53,43,
MOT17-04-FRCNN,821,44,53,531,v_to_u,1,519,532,53,44,53,44,
MOT17-04-FRCNN,822,45,53,531,v_to_u,1,89,532,53,45,53,45,
MOT17-04-FRCNN,823,51,53,531,v_to_u,1,519,532,53,51,53,51,
MOT17-04-FRCNN,824,52,53,531,v_to_u,1,21,532,53,52,53,52,
MOT17-04-FRCNN,825,53,54,531,u_to_v,1,519,532,53,54,53,54,
MOT17-04-FRCNN,826,53,56,531,u_to_v,1,519,532,53,56,53,56,
MOT17-04-FRCNN,827,53,57,531,u_to_v,1,519,532,53,57,53,57,
MOT17-04-FRCNN,828,53,58,531,u_to_v,1,188,532,53,58,53,58,
MOT17-04-FRCNN,829,53,59,531,u_to_v,1,519,532,53,59,53,59,
MOT17-04-FRCNN,830,53,60,531,u_to_v,1,175,532,53,60,53,60,
MOT17-04-FRCNN,831,53,61,531,u_to_v,1,519,532,53,61,53,61,
MOT17-04-FRCNN,832,53,62,531,u_to_v,1,519,532,53,62,53,62,
MOT17-04-FRCNN,833,53,63,531,u_to_v,1,519,532,53,63,53,63,
MOT17-04-FRCNN,834,53,64,531,u_to_v,1,519,532,53,64,53,64,
MOT17-04-FRCNN,835,53,65,531,u_to_v,1,460,532,53,65,53,65,
MOT17-04-FRCNN,836,53,66,531,u_to_v,1,519,532,53,66,53,66,
MOT17-04-FRCNN,837,1,52,552,v_to_u,1,498,553,52,1,52,1,
MOT17-04-FRCNN,838,2,52,552,v_to_u,1,498,553,52,2,52,2,
MOT17-04-FRCNN,839,3,52,552,v_to_u,1,498,553,52,3,52,3,
MOT17-04-FRCNN,840,4,52,552,v_to_u,1,128,553,52,4,52,4,
MOT17-04-FRCNN,841,5,52,552,v_to_u,1,104,553,52,5,52,5,
MOT17-04-FRCNN,842,6,52,552,v_to_u,1,498,553,52,6,52,6,
MOT17-04-FRCNN,843,8,52,552,v_to_u,1,498,553,52,8,52,8,
MOT17-04-FRCNN,844,11,52,552,v_to_u,1,149,553,52,11,52,11,
MOT17-04-FRCNN,845,12,52,552,v_to_u,1,498,553,52,12,52,12,
MOT17-04-FRCNN,846,13,52,552,v_to_u,1,498,553,52,13,52,13,
MOT17-04-FRCNN,847,14,52,552,v_to_u,1,498,553,52,14,52,14,
MOT17-04-FRCNN,848,15,52,552,v_to_u,1,498,553,52,15,52,15,
MOT17-04-FRCNN,849,16,52,552,v_to_u,1,498,553,52,16,52,16,
MOT17-04-FRCNN,850,17,52,552,v_to_u,1,498,553,52,17,52,17,
MOT17-04-FRCNN,851,18,52,552,v_to_u,1,498,553,52,18,52,18,
MOT17-04-FRCNN,852,19,52,552,v_to_u,1,498,553,52,19,52,19,
MOT17-04-FRCNN,853,20,52,552,v_to_u,1,85,553,52,20,52,20,
MOT17-04-FRCNN,854,21,52,552,v_to_u,1,498,553,52,21,52,21,
MOT17-04-FRCNN,855,22,52,552,v_to_u,1,106,553,52,22,52,22,
MOT17-04-FRCNN,856,23,52,552,v_to_u,1,139,553,52,23,52,23,
MOT17-04-FRCNN,857,24,52,552,v_to_u,1,29,553,52,24,52,24,
MOT17-04-FRCNN,858,25,52,552,v_to_u,1,498,553,52,25,52,25,
MOT17-04-FRCNN,859,26,52,552,v_to_u,1,137,553,52,26,52,26,
MOT17-04-FRCNN,860,27,52,552,v_to_u,1,498,553,52,27,52,27,
MOT17-04-FRCNN,861,31,52,552,v_to_u,1,13,553,52,31,52,31,
MOT17-04-FRCNN,862,36,52,552,v_to_u,1,498,553,52,36,52,36,
MOT17-04-FRCNN,863,37,52,552,v_to_u,1,498,553,52,37,52,37,
MOT17-04-FRCNN,864,38,52,552,v_to_u,1,346,553,52,38,52,38,
MOT17-04-FRCNN,865,41,52,552,v_to_u,1,498,553,52,41,52,41,
MOT17-04-FRCNN,866,42,52,552,v_to_u,1,498,553,52,42,52,42,
MOT17-04-FRCNN,867,43,52,552,v_to_u,1,213,553,52,43,52,43,
MOT17-04-FRCNN,868,44,52,552,v_to_u,1,498,553,52,44,52,44,
MOT17-04-FRCNN,869,45,52,552,v_to_u,1,68,553,52,45,52,45,
MOT17-04-FRCNN,870,51,52,552,v_to_u,1,498,553,52,51,52,51,
MOT17-04-FRCNN,871,52,54,552,u_to_v,1,498,553,52,54,52,54,
MOT17-04-FRCNN,872,52,56,552,u_to_v,1,498,553,52,56,52,56,
MOT17-04-FRCNN,873,52,57,552,u_to_v,1,498,553,52,57,52,57,
MOT17-04-FRCNN,874,52,58,552,u_to_v,1,167,553,52,58,52,58,
MOT17-04-FRCNN,875,52,59,552,u_to_v,1,498,553,52,59,52,59,
MOT17-04-FRCNN,876,52,60,552,u_to_v,1,154,553,52,60,52,60,
MOT17-04-FRCNN,877,52,61,552,u_to_v,1,498,553,52,61,52,61,
MOT17-04-FRCNN,878,52,62,552,u_to_v,1,498,553,52,62,52,62,
MOT17-04-FRCNN,879,52,63,552,u_to_v,1,498,553,52,63,52,63,
MOT17-04-FRCNN,880,52,64,552,u_to_v,1,498,553,52,64,52,64,
MOT17-04-FRCNN,881,52,65,552,u_to_v,1,439,553,52,65,52,65,
MOT17-04-FRCNN,882,52,66,552,u_to_v,1,498,553,52,66,52,66,
MOT17-04-FRCNN,883,1,31,565,v_to_u,1,485,566,31,1,31,1,
MOT17-04-FRCNN,884,2,31,565,v_to_u,1,485,566,31,2,31,2,
MOT17-04-FRCNN,885,3,31,565,v_to_u,1,485,566,31,3,31,3,
MOT17-04-FRCNN,886,4,31,565,v_to_u,1,115,566,31,4,31,4,
MOT17-04-FRCNN,887,5,31,565,v_to_u,1,91,566,31,5,31,5,
MOT17-04-FRCNN,888,6,31,565,v_to_u,1,485,566,31,6,31,6,
MOT17-04-FRCNN,889,8,31,565,v_to_u,1,485,566,31,8,31,8,
MOT17-04-FRCNN,890,11,31,565,v_to_u,1,136,566,31,11,31,11,
MOT17-04-FRCNN,891,12,31,565,v_to_u,1,485,566,31,12,31,12,
MOT17-04-FRCNN,892,13,31,565,v_to_u,1,485,566,31,13,31,13,
MOT17-04-FRCNN,893,14,31,565,v_to_u,1,485,566,31,14,31,14,
MOT17-04-FRCNN,894,15,31,565,v_to_u,1,485,566,31,15,31,15,
MOT17-04-FRCNN,895,16,31,565,v_to_u,1,485,566,31,16,31,16,
MOT17-04-FRCNN,896,17,31,565,v_to_u,1,485,566,31,17,31,17,
MOT17-04-FRCNN,897,18,31,565,v_to_u,1,485,566,31,18,31,18,
MOT17-04-FRCNN,898,19,31,565,v_to_u,1,485,566,31,19,31,19,
MOT17-04-FRCNN,899,20,31,565,v_to_u,1,72,566,31,20,31,20,
MOT17-04-FRCNN,900,21,31,565,v_to_u,1,485,566,31,21,31,21,
MOT17-04-FRCNN,901,22,31,565,v_to_u,1,93,566,31,22,31,22,
MOT17-04-FRCNN,902,23,31,565,v_to_u,1,126,566,31,23,31,23,
MOT17-04-FRCNN,903,24,31,565,v_to_u,1,16,566,31,24,31,24,
MOT17-04-FRCNN,904,25,31,565,v_to_u,1,485,566,31,25,31,25,
MOT17-04-FRCNN,905,26,31,565,v_to_u,1,124,566,31,26,31,26,
MOT17-04-FRCNN,906,27,31,565,v_to_u,1,485,566,31,27,31,27,
MOT17-04-FRCNN,907,31,36,565,u_to_v,1,485,566,31,36,31,36,
MOT17-04-FRCNN,908,31,37,565,u_to_v,1,485,566,31,37,31,37,
MOT17-04-FRCNN,909,31,38,565,u_to_v,1,333,566,31,38,31,38,
MOT17-04-FRCNN,910,31,41,565,u_to_v,1,485,566,31,41,31,41,
MOT17-04-FRCNN,911,31,42,565,u_to_v,1,485,566,31,42,31,42,
MOT17-04-FRCNN,912,31,43,565,u_to_v,1,200,566,31,43,31,43,
MOT17-04-FRCNN,913,31,44,565,u_to_v,1,485,566,31,44,31,44,
MOT17-04-FRCNN,914,31,45,565,u_to_v,1,55,566,31,45,31,45,
MOT17-04-FRCNN,915,31,51,565,u_to_v,1,485,566,31,51,31,51,
MOT17-04-FRCNN,916,31,54,565,u_to_v,1,485,566,31,54,31,54,
MOT17-04-FRCNN,917,31,56,565,u_to_v,1,485,566,31,56,31,56,
MOT17-04-FRCNN,918,31,57,565,u_to_v,1,485,566,31,57,31,57,
MOT17-04-FRCNN,919,31,58,565,u_to_v,1,154,566,31,58,31,58,
MOT17-04-FRCNN,920,31,59,565,u_to_v,1,485,566,31,59,31,59,
MOT17-04-FRCNN,921,31,60,565,u_to_v,1,141,566,31,60,31,60,
MOT17-04-FRCNN,922,31,61,565,u_to_v,1,485,566,31,61,31,61,
MOT17-04-FRCNN,923,31,62,565,u_to_v,1,485,566,31,62,31,62,
MOT17-04-FRCNN,924,31,63,565,u_to_v,1,485,566,31,63,31,63,
MOT17-04-FRCNN,925,31,64,565,u_to_v,1,485,566,31,64,31,64,
MOT17-04-FRCNN,926,31,65,565,u_to_v,1,426,566,31,65,31,65,
MOT17-04-FRCNN,927,31,66,565,u_to_v,1,485,566,31,66,31,66,
MOT17-04-FRCNN,928,1,24,581,v_to_u,1,469,582,24,1,24,1,
MOT17-04-FRCNN,929,2,24,581,v_to_u,1,469,582,24,2,24,2,
MOT17-04-FRCNN,930,3,24,581,v_to_u,1,469,582,24,3,24,3,
MOT17-04-FRCNN,931,4,24,581,v_to_u,1,99,582,24,4,24,4,
MOT17-04-FRCNN,932,5,24,581,v_to_u,1,75,582,24,5,24,5,
MOT17-04-FRCNN,933,6,24,581,v_to_u,1,469,582,24,6,24,6,
MOT17-04-FRCNN,934,8,24,581,v_to_u,1,469,582,24,8,24,8,
MOT17-04-FRCNN,935,11,24,581,v_to_u,1,120,582,24,11,24,11,
MOT17-04-FRCNN,936,12,24,581,v_to_u,1,469,582,24,12,24,12,
MOT17-04-FRCNN,937,13,24,581,v_to_u,1,469,582,24,13,24,13,
MOT17-04-FRCNN,938,14,24,581,v_to_u,1,469,582,24,14,24,14,
MOT17-04-FRCNN,939,15,24,581,v_to_u,1,469,582,24,15,24,15,
MOT17-04-FRCNN,940,16,24,581,v_to_u,1,469,582,24,16,24,16,
MOT17-04-FRCNN,941,17,24,581,v_to_u,1,469,582,24,17,24,17,
MOT17-04-FRCNN,942,18,24,581,v_to_u,1,469,582,24,18,24,18,
MOT17-04-FRCNN,943,19,24,581,v_to_u,1,469,582,24,19,24,19,
MOT17-04-FRCNN,944,20,24,581,v_to_u,1,56,582,24,20,24,20,
MOT17-04-FRCNN,945,21,24,581,v_to_u,1,469,582,24,21,24,21,
MOT17-04-FRCNN,946,22,24,581,v_to_u,1,77,582,24,22,24,22,
MOT17-04-FRCNN,947,23,24,581,v_to_u,1,110,582,24,23,24,23,
MOT17-04-FRCNN,948,24,25,581,u_to_v,1,469,582,24,25,24,25,
MOT17-04-FRCNN,949,24,26,581,u_to_v,1,108,582,24,26,24,26,
MOT17-04-FRCNN,950,24,27,581,u_to_v,1,469,582,24,27,24,27,
MOT17-04-FRCNN,951,24,36,581,u_to_v,1,469,582,24,36,24,36,
MOT17-04-FRCNN,952,24,37,581,u_to_v,1,469,582,24,37,24,37,
MOT17-04-FRCNN,953,24,38,581,u_to_v,1,317,582,24,38,24,38,
MOT17-04-FRCNN,954,24,41,581,u_to_v,1,469,582,24,41,24,41,
MOT17-04-FRCNN,955,24,42,581,u_to_v,1,469,582,24,42,24,42,
MOT17-04-FRCNN,956,24,43,581,u_to_v,1,184,582,24,43,24,43,
MOT17-04-FRCNN,957,24,44,581,u_to_v,1,469,582,24,44,24,44,
MOT17-04-FRCNN,958,24,45,581,u_to_v,1,39,582,24,45,24,45,
MOT17-04-FRCNN,959,24,51,581,u_to_v,1,469,582,24,51,24,51,
MOT17-04-FRCNN,960,24,54,581,u_to_v,1,469,582,24,54,24,54,
MOT17-04-FRCNN,961,24,56,581,u_to_v,1,469,582,24,56,24,56,
MOT17-04-FRCNN,962,24,57,581,u_to_v,1,469,582,24,57,24,57,
MOT17-04-FRCNN,963,24,58,581,u_to_v,1,138,582,24,58,24,58,
MOT17-04-FRCNN,964,24,59,581,u_to_v,1,469,582,24,59,24,59,
MOT17-04-FRCNN,965,24,60,581,u_to_v,1,125,582,24,60,24,60,
MOT17-04-FRCNN,966,24,61,581,u_to_v,1,469,582,24,61,24,61,
MOT17-04-FRCNN,967,24,62,581,u_to_v,1,469,582,24,62,24,62,
MOT17-04-FRCNN,968,24,63,581,u_to_v,1,469,582,24,63,24,63,
MOT17-04-FRCNN,969,24,64,581,u_to_v,1,469,582,24,64,24,64,
MOT17-04-FRCNN,970,24,65,581,u_to_v,1,410,582,24,65,24,65,
MOT17-04-FRCNN,971,24,66,581,u_to_v,1,469,582,24,66,24,66,
MOT17-04-FRCNN,972,1,45,620,v_to_u,1,430,621,45,1,45,1,
MOT17-04-FRCNN,973,2,45,620,v_to_u,1,430,621,45,2,45,2,
MOT17-04-FRCNN,974,3,45,620,v_to_u,1,430,621,45,3,45,3,
MOT17-04-FRCNN,975,4,45,620,v_to_u,1,60,621,45,4,45,4,
MOT17-04-FRCNN,976,5,45,620,v_to_u,1,36,621,45,5,45,5,
MOT17-04-FRCNN,977,6,45,620,v_to_u,1,430,621,45,6,45,6,
MOT17-04-FRCNN,978,8,45,620,v_to_u,1,430,621,45,8,45,8,
MOT17-04-FRCNN,979,11,45,620,v_to_u,1,81,621,45,11,45,11,
MOT17-04-FRCNN,980,12,45,620,v_to_u,1,430,621,45,12,45,12,
MOT17-04-FRCNN,981,13,45,620,v_to_u,1,430,621,45,13,45,13,
MOT17-04-FRCNN,982,14,45,620,v_to_u,1,430,621,45,14,45,14,
MOT17-04-FRCNN,983,15,45,620,v_to_u,1,430,621,45,15,45,15,
MOT17-04-FRCNN,984,16,45,620,v_to_u,1,430,621,45,16,45,16,
MOT17-04-FRCNN,985,17,45,620,v_to_u,1,430,621,45,17,45,17,
MOT17-04-FRCNN,986,18,45,620,v_to_u,1,430,621,45,18,45,18,
MOT17-04-FRCNN,987,19,45,620,v_to_u,1,430,621,45,19,45,19,
MOT17-04-FRCNN,988,20,45,620,v_to_u,1,17,621,45,20,45,20,
MOT17-04-FRCNN,989,21,45,620,v_to_u,1,430,621,45,21,45,21,
MOT17-04-FRCNN,990,22,45,620,v_to_u,1,38,621,45,22,45,22,
MOT17-04-FRCNN,991,23,45,620,v_to_u,1,71,621,45,23,45,23,
MOT17-04-FRCNN,992,25,45,620,v_to_u,1,430,621,45,25,45,25,
MOT17-04-FRCNN,993,26,45,620,v_to_u,1,69,621,45,26,45,26,
MOT17-04-FRCNN,994,27,45,620,v_to_u,1,430,621,45,27,45,27,
MOT17-04-FRCNN,995,36,45,620,v_to_u,1,430,621,45,36,45,36,
MOT17-04-FRCNN,996,37,45,620,v_to_u,1,430,621,45,37,45,37,
MOT17-04-FRCNN,997,38,45,620,v_to_u,1,278,621,45,38,45,38,
MOT17-04-FRCNN,998,41,45,620,v_to_u,1,430,621,45,41,45,41,
MOT17-04-FRCNN,999,42,45,620,v_to_u,1,430,621,45,42,45,42,
MOT17-04-FRCNN,1000,43,45,620,v_to_u,1,145,621,45,43,45,43,
MOT17-04-FRCNN,1001,44,45,620,v_to_u,1,430,621,45,44,45,44,
MOT17-04-FRCNN,1002,45,51,620,u_to_v,1,430,621,45,51,45,51,
MOT17-04-FRCNN,1003,45,54,620,u_to_v,1,430,621,45,54,45,54,
MOT17-04-FRCNN,1004,45,56,620,u_to_v,1,430,621,45,56,45,56,
MOT17-04-FRCNN,1005,45,57,620,u_to_v,1,430,621,45,57,45,57,
MOT17-04-FRCNN,1006,45,58,620,u_to_v,1,99,621,45,58,45,58,
MOT17-04-FRCNN,1007,45,59,620,u_to_v,1,430,621,45,59,45,59,
MOT17-04-FRCNN,1008,45,60,620,u_to_v,1,86,621,45,60,45,60,
MOT17-04-FRCNN,1009,45,61,620,u_to_v,1,430,621,45,61,45,61,
MOT17-04-FRCNN,1010,45,62,620,u_to_v,1,430,621,45,62,45,62,
MOT17-04-FRCNN,1011,45,63,620,u_to_v,1,430,621,45,63,45,63,
MOT17-04-FRCNN,1012,45,64,620,u_to_v,1,430,621,45,64,45,64,
MOT17-04-FRCNN,1013,45,65,620,u_to_v,1,371,621,45,65,45,65,
MOT17-04-FRCNN,1014,45,66,620,u_to_v,1,430,621,45,66,45,66,
MOT17-04-FRCNN,1015,45,67,620,u_to_v,1,430,621,45,67,45,67,
MOT17-04-FRCNN,1016,45,68,620,u_to_v,1,430,621,45,68,45,68,
MOT17-04-FRCNN,1017,1,20,637,v_to_u,1,413,638,20,1,20,1,
MOT17-04-FRCNN,1018,2,20,637,v_to_u,1,413,638,20,2,20,2,
MOT17-04-FRCNN,1019,3,20,637,v_to_u,1,413,638,20,3,20,3,
MOT17-04-FRCNN,1020,4,20,637,v_to_u,1,43,638,20,4,20,4,
MOT17-04-FRCNN,1021,5,20,637,v_to_u,1,19,638,20,5,20,5,
MOT17-04-FRCNN,1022,6,20,637,v_to_u,1,413,638,20,6,20,6,
MOT17-04-FRCNN,1023,8,20,637,v_to_u,1,413,638,20,8,20,8,
MOT17-04-FRCNN,1024,11,20,637,v_to_u,1,64,638,20,11,20,11,
MOT17-04-FRCNN,1025,12,20,637,v_to_u,1,413,638,20,12,20,12,
MOT17-04-FRCNN,1026,13,20,637,v_to_u,1,413,638,20,13,20,13,
MOT17-04-FRCNN,1027,14,20,637,v_to_u,1,413,638,20,14,20,14,
MOT17-04-FRCNN,1028,15,20,637,v_to_u,1,413,638,20,15,20,15,
MOT17-04-FRCNN,1029,16,20,637,v_to_u,1,413,638,20,16,20,16,
MOT17-04-FRCNN,1030,17,20,637,v_to_u,1,413,638,20,17,20,17,
MOT17-04-FRCNN,1031,18,20,637,v_to_u,1,413,638,20,18,20,18,
MOT17-04-FRCNN,1032,19,20,637,v_to_u,1,413,638,20,19,20,19,
MOT17-04-FRCNN,1033,20,21,637,u_to_v,1,413,638,20,21,20,21,
MOT17-04-FRCNN,1034,20,22,637,u_to_v,1,21,638,20,22,20,22,
MOT17-04-FRCNN,1035,20,23,637,u_to_v,1,54,638,20,23,20,23,
MOT17-04-FRCNN,1036,20,25,637,u_to_v,1,413,638,20,25,20,25,
MOT17-04-FRCNN,1037,20,26,637,u_to_v,1,52,638,20,26,20,26,
MOT17-04-FRCNN,1038,20,27,637,u_to_v,1,413,638,20,27,20,27,
MOT17-04-FRCNN,1039,20,36,637,u_to_v,1,413,638,20,36,20,36,
MOT17-04-FRCNN,1040,20,37,637,u_to_v,1,413,638,20,37,20,37,
MOT17-04-FRCNN,1041,20,38,637,u_to_v,1,261,638,20,38,20,38,
MOT17-04-FRCNN,1042,20,41,637,u_to_v,1,413,638,20,41,20,41,
MOT17-04-FRCNN,1043,20,42,637,u_to_v,1,413,638,20,42,20,42,
MOT17-04-FRCNN,1044,20,43,637,u_to_v,1,128,638,20,43,20,43,
MOT17-04-FRCNN,1045,20,44,637,u_to_v,1,413,638,20,44,20,44,
MOT17-04-FRCNN,1046,20,51,637,u_to_v,1,413,638,20,51,20,51,
MOT17-04-FRCNN,1047,20,54,637,u_to_v,1,413,638,20,54,20,54,
MOT17-04-FRCNN,1048,20,56,637,u_to_v,1,413,638,20,56,20,56,
MOT17-04-FRCNN,1049,20,57,637,u_to_v,1,413,638,20,57,20,57,
MOT17-04-FRCNN,1050,20,58,637,u_to_v,1,82,638,20,58,20,58,
MOT17-04-FRCNN,1051,20,59,637,u_to_v,1,413,638,20,59,20,59,
MOT17-04-FRCNN,1052,20,60,637,u_to_v,1,69,638,20,60,20,60,
MOT17-04-FRCNN,1053,20,61,637,u_to_v,1,413,638,20,61,20,61,
MOT17-04-FRCNN,1054,20,62,637,u_to_v,1,413,638,20,62,20,62,
MOT17-04-FRCNN,1055,20,63,637,u_to_v,1,413,638,20,63,20,63,
MOT17-04-FRCNN,1056,20,64,637,u_to_v,1,413,638,20,64,20,64,
MOT17-04-FRCNN,1057,20,65,637,u_to_v,1,354,638,20,65,20,65,
MOT17-04-FRCNN,1058,20,66,637,u_to_v,1,413,638,20,66,20,66,
MOT17-04-FRCNN,1059,20,67,637,u_to_v,1,413,638,20,67,20,67,
MOT17-04-FRCNN,1060,20,68,637,u_to_v,1,413,638,20,68,20,68,
MOT17-04-FRCNN,1061,20,69,637,u_to_v,1,384,638,20,69,20,69,
MOT17-04-FRCNN,1062,20,70,637,u_to_v,1,413,638,20,70,20,70,
MOT17-04-FRCNN,1063,1,5,656,v_to_u,1,394,657,5,1,5,1,
MOT17-04-FRCNN,1064,2,5,656,v_to_u,1,394,657,5,2,5,2,
MOT17-04-FRCNN,1065,3,5,656,v_to_u,1,394,657,5,3,5,3,
MOT17-04-FRCNN,1066,4,5,656,v_to_u,1,24,657,5,4,5,4,
MOT17-04-FRCNN,1067,5,6,656,u_to_v,1,394,657,5,6,5,6,
MOT17-04-FRCNN,1068,5,8,656,u_to_v,1,394,657,5,8,5,8,
MOT17-04-FRCNN,1069,5,11,656,u_to_v,1,45,657,5,11,5,11,
MOT17-04-FRCNN,1070,5,12,656,u_to_v,1,394,657,5,12,5,12,
MOT17-04-FRCNN,1071,5,13,656,u_to_v,1,394,657,5,13,5,13,
MOT17-04-FRCNN,1072,5,14,656,u_to_v,1,394,657,5,14,5,14,
MOT17-04-FRCNN,1073,5,15,656,u_to_v,1,394,657,5,15,5,15,
MOT17-04-FRCNN,1074,5,16,656,u_to_v,1,394,657,5,16,5,16,
MOT17-04-FRCNN,1075,5,17,656,u_to_v,1,394,657,5,17,5,17,
MOT17-04-FRCNN,1076,5,18,656,u_to_v,1,394,657,5,18,5,18,
MOT17-04-FRCNN,1077,5,19,656,u_to_v,1,394,657,5,19,5,19,
MOT17-04-FRCNN,1078,5,21,656,u_to_v,1,394,657,5,21,5,21,
MOT17-04-FRCNN,1079,5,22,656,u_to_v,1,2,657,5,22,5,22,
MOT17-04-FRCNN,1080,5,23,656,u_to_v,1,35,657,5,23,5,23,
MOT17-04-FRCNN,1081,5,25,656,u_to_v,1,394,657,5,25,5,25,
MOT17-04-FRCNN,1082,5,26,656,u_to_v,1,33,657,5,26,5,26,
MOT17-04-FRCNN,1083,5,27,656,u_to_v,1,394,657,5,27,5,27,
MOT17-04-FRCNN,1084,5,36,656,u_to_v,1,394,657,5,36,5,36,
MOT17-04-FRCNN,1085,5,37,656,u_to_v,1,394,657,5,37,5,37,
MOT17-04-FRCNN,1086,5,38,656,u_to_v,1,242,657,5,38,5,38,
MOT17-04-FRCNN,1087,5,41,656,u_to_v,1,394,657,5,41,5,41,
MOT17-04-FRCNN,1088,5,42,656,u_to_v,1,394,657,5,42,5,42,
MOT17-04-FRCNN,1089,5,43,656,u_to_v,1,109,657,5,43,5,43,
MOT17-04-FRCNN,1090,5,44,656,u_to_v,1,394,657,5,44,5,44,
MOT17-04-FRCNN,1091,5,51,656,u_to_v,1,394,657,5,51,5,51,
MOT17-04-FRCNN,1092,5,54,656,u_to_v,1,394,657,5,54,5,54,
MOT17-04-FRCNN,1093,5,56,656,u_to_v,1,394,657,5,56,5,56,
MOT17-04-FRCNN,1094,5,57,656,u_to_v,1,394,657,5,57,5,57,
MOT17-04-FRCNN,1095,5,58,656,u_to_v,1,63,657,5,58,5,58,
MOT17-04-FRCNN,1096,5,59,656,u_to_v,1,394,657,5,59,5,59,
MOT17-04-FRCNN,1097,5,60,656,u_to_v,1,50,657,5,60,5,60,
MOT17-04-FRCNN,1098,5,61,656,u_to_v,1,394,657,5,61,5,61,
MOT17-04-FRCNN,1099,5,62,656,u_to_v,1,394,657,5,62,5,62,
MOT17-04-FRCNN,1100,5,63,656,u_to_v,1,394,657,5,63,5,63,
MOT17-04-FRCNN,1101,5,64,656,u_to_v,1,394,657,5,64,5,64,
MOT17-04-FRCNN,1102,5,65,656,u_to_v,1,335,657,5,65,5,65,
MOT17-04-FRCNN,1103,5,66,656,u_to_v,1,394,657,5,66,5,66,
MOT17-04-FRCNN,1104,5,67,656,u_to_v,1,394,657,5,67,5,67,
MOT17-04-FRCNN,1105,5,68,656,u_to_v,1,394,657,5,68,5,68,
MOT17-04-FRCNN,1106,5,69,656,u_to_v,1,365,657,5,69,5,69,
MOT17-04-FRCNN,1107,5,70,656,u_to_v,1,394,657,5,70,5,70,
MOT17-04-FRCNN,1108,5,71,656,u_to_v,1,94,657,5,71,5,71,
MOT17-04-FRCNN,1109,1,22,658,v_to_u,1,392,659,22,1,22,1,
MOT17-04-FRCNN,1110,2,22,658,v_to_u,1,392,659,22,2,22,2,
MOT17-04-FRCNN,1111,3,22,658,v_to_u,1,392,659,22,3,22,3,
MOT17-04-FRCNN,1112,4,22,658,v_to_u,1,22,659,22,4,22,4,
MOT17-04-FRCNN,1113,6,22,658,v_to_u,1,392,659,22,6,22,6,
MOT17-04-FRCNN,1114,8,22,658,v_to_u,1,392,659,22,8,22,8,
MOT17-04-FRCNN,1115,11,22,658,v_to_u,1,43,659,22,11,22,11,
MOT17-04-FRCNN,1116,12,22,658,v_to_u,1,392,659,22,12,22,12,
MOT17-04-FRCNN,1117,13,22,658,v_to_u,1,392,659,22,13,22,13,
MOT17-04-FRCNN,1118,14,22,658,v_to_u,1,392,659,22,14,22,14,
MOT17-04-FRCNN,1119,15,22,658,v_to_u,1,392,659,22,15,22,15,
MOT17-04-FRCNN,1120,16,22,658,v_to_u,1,392,659,22,16,22,16,
MOT17-04-FRCNN,1121,17,22,658,v_to_u,1,392,659,22,17,22,17,
MOT17-04-FRCNN,1122,18,22,658,v_to_u,1,392,659,22,18,22,18,
MOT17-04-FRCNN,1123,19,22,658,v_to_u,1,392,659,22,19,22,19,
MOT17-04-FRCNN,1124,21,22,658,v_to_u,1,392,659,22,21,22,21,
MOT17-04-FRCNN,1125,22,23,658,u_to_v,1,33,659,22,23,22,23,
MOT17-04-FRCNN,1126,22,25,658,u_to_v,1,392,659,22,25,22,25,
MOT17-04-FRCNN,1127,22,26,658,u_to_v,1,31,659,22,26,22,26,
MOT17-04-FRCNN,1128,22,27,658,u_to_v,1,392,659,22,27,22,27,
MOT17-04-FRCNN,1129,22,36,658,u_to_v,1,392,659,22,36,22,36,
MOT17-04-FRCNN,1130,22,37,658,u_to_v,1,392,659,22,37,22,37,
MOT17-04-FRCNN,1131,22,38,658,u_to_v,1,240,659,22,38,22,38,
MOT17-04-FRCNN,1132,22,41,658,u_to_v,1,392,659,22,41,22,41,
MOT17-04-FRCNN,1133,22,42,658,u_to_v,1,392,659,22,42,22,42,
MOT17-04-FRCNN,1134,22,43,658,u_to_v,1,107,659,22,43,22,43,
MOT17-04-FRCNN,1135,22,44,658,u_to_v,1,392,659,22,44,22,44,
MOT17-04-FRCNN,1136,22,51,658,u_to_v,1,392,659,22,51,22,51,
MOT17-04-FRCNN,1137,22,54,658,u_to_v,1,392,659,22,54,22,54,
MOT17-04-FRCNN,1138,22,56,658,u_to_v,1,392,659,22,56,22,56,
MOT17-04-FRCNN,1139,22,57,658,u_to_v,1,392,659,22,57,22,57,
MOT17-04-FRCNN,1140,22,58,658,u_to_v,1,61,659,22,58,22,58,
MOT17-04-FRCNN,1141,22,59,658,u_to_v,1,392,659,22,59,22,59,
MOT17-04-FRCNN,1142,22,60,658,u_to_v,1,48,659,22,60,22,60,
MOT17-04-FRCNN,1143,22,61,658,u_to_v,1,392,659,22,61,22,61,
MOT17-04-FRCNN,1144,22,62,658,u_to_v,1,392,659,22,62,22,62,
MOT17-04-FRCNN,1145,22,63,658,u_to_v,1,392,659,22,63,22,63,
MOT17-04-FRCNN,1146,22,64,658,u_to_v,1,392,659,22,64,22,64,
MOT17-04-FRCNN,1147,22,65,658,u_to_v,1,333,659,22,65,22,65,
MOT17-04-FRCNN,1148,22,66,658,u_to_v,1,392,659,22,66,22,66,
MOT17-04-FRCNN,1149,22,67,658,u_to_v,1,392,659,22,67,22,67,
MOT17-04-FRCNN,1150,22,68,658,u_to_v,1,392,659,22,68,22,68,
MOT17-04-FRCNN,1151,22,69,658,u_to_v,1,363,659,22,69,22,69,
MOT17-04-FRCNN,1152,22,70,658,u_to_v,1,392,659,22,70,22,70,
MOT17-04-FRCNN,1153,22,71,658,u_to_v,1,92,659,22,71,22,71,
MOT17-04-FRCNN,1154,1,4,680,v_to_u,1,370,681,4,1,4,1,
MOT17-04-FRCNN,1155,2,4,680,v_to_u,1,370,681,4,2,4,2,
MOT17-04-FRCNN,1156,3,4,680,v_to_u,1,370,681,4,3,4,3,
MOT17-04-FRCNN,1157,4,6,680,u_to_v,1,370,681,4,6,4,6,
MOT17-04-FRCNN,1158,4,8,680,u_to_v,1,370,681,4,8,4,8,
MOT17-04-FRCNN,1159,4,11,680,u_to_v,1,21,681,4,11,4,11,
MOT17-04-FRCNN,1160,4,12,680,u_to_v,1,370,681,4,12,4,12,
MOT17-04-FRCNN,1161,4,13,680,u_to_v,1,370,681,4,13,4,13,
MOT17-04-FRCNN,1162,4,14,680,u_to_v,1,370,681,4,14,4,14,
MOT17-04-FRCNN,1163,4,15,680,u_to_v,1,370,681,4,15,4,15,
MOT17-04-FRCNN,1164,4,16,680,u_to_v,1,370,681,4,16,4,16,
MOT17-04-FRCNN,1165,4,17,680,u_to_v,1,370,681,4,17,4,17,
MOT17-04-FRCNN,1166,4,18,680,u_to_v,1,370,681,4,18,4,18,
MOT17-04-FRCNN,1167,4,19,680,u_to_v,1,370,681,4,19,4,19,
MOT17-04-FRCNN,1168,4,21,680,u_to_v,1,370,681,4,21,4,21,
MOT17-04-FRCNN,1169,4,23,680,u_to_v,1,11,681,4,23,4,23,
MOT17-04-FRCNN,1170,4,25,680,u_to_v,1,370,681,4,25,4,25,
MOT17-04-FRCNN,1171,4,26,680,u_to_v,1,9,681,4,26,4,26,
MOT17-04-FRCNN,1172,4,27,680,u_to_v,1,370,681,4,27,4,27,
MOT17-04-FRCNN,1173,4,36,680,u_to_v,1,370,681,4,36,4,36,
MOT17-04-FRCNN,1174,4,37,680,u_to_v,1,370,681,4,37,4,37,
MOT17-04-FRCNN,1175,4,38,680,u_to_v,1,218,681,4,38,4,38,
MOT17-04-FRCNN,1176,4,41,680,u_to_v,1,370,681,4,41,4,41,
MOT17-04-FRCNN,1177,4,42,680,u_to_v,1,370,681,4,42,4,42,
MOT17-04-FRCNN,1178,4,43,680,u_to_v,1,85,681,4,43,4,43,
MOT17-04-FRCNN,1179,4,44,680,u_to_v,1,370,681,4,44,4,44,
MOT17-04-FRCNN,1180,4,51,680,u_to_v,1,370,681,4,51,4,51,
MOT17-04-FRCNN,1181,4,54,680,u_to_v,1,370,681,4,54,4,54,
MOT17-04-FRCNN,1182,4,56,680,u_to_v,1,370,681,4,56,4,56,
MOT17-04-FRCNN,1183,4,57,680,u_to_v,1,370,681,4,57,4,57,
MOT17-04-FRCNN,1184,4,58,680,u_to_v,1,39,681,4,58,4,58,
MOT17-04-FRCNN,1185,4,59,680,u_to_v,1,370,681,4,59,4,59,
MOT17-04-FRCNN,1186,4,60,680,u_to_v,1,26,681,4,60,4,60,
MOT17-04-FRCNN,1187,4,61,680,u_to_v,1,370,681,4,61,4,61,
MOT17-04-FRCNN,1188,4,62,680,u_to_v,1,370,681,4,62,4,62,
MOT17-04-FRCNN,1189,4,63,680,u_to_v,1,370,681,4,63,4,63,
MOT17-04-FRCNN,1190,4,64,680,u_to_v,1,370,681,4,64,4,64,
MOT17-04-FRCNN,1191,4,65,680,u_to_v,1,311,681,4,65,4,65,
MOT17-04-FRCNN,1192,4,66,680,u_to_v,1,370,681,4,66,4,66,
MOT17-04-FRCNN,1193,4,67,680,u_to_v,1,370,681,4,67,4,67,
MOT17-04-FRCNN,1194,4,68,680,u_to_v,1,370,681,4,68,4,68,
MOT17-04-FRCNN,1195,4,69,680,u_to_v,1,341,681,4,69,4,69,
MOT17-04-FRCNN,1196,4,70,680,u_to_v,1,370,681,4,70,4,70,
MOT17-04-FRCNN,1197,4,71,680,u_to_v,1,70,681,4,71,4,71,
MOT17-04-FRCNN,1198,4,72,680,u_to_v,1,370,681,4,72,4,72,
MOT17-04-FRCNN,1199,1,26,689,v_to_u,1,361,690,26,1,26,1,
MOT17-04-FRCNN,1200,2,26,689,v_to_u,1,361,690,26,2,26,2,
MOT17-04-FRCNN,1201,3,26,689,v_to_u,1,361,690,26,3,26,3,
MOT17-04-FRCNN,1202,6,26,689,v_to_u,1,361,690,26,6,26,6,
MOT17-04-FRCNN,1203,8,26,689,v_to_u,1,361,690,26,8,26,8,
MOT17-04-FRCNN,1204,11,26,689,v_to_u,1,12,690,26,11,26,11,
MOT17-04-FRCNN,1205,12,26,689,v_to_u,1,361,690,26,12,26,12,
MOT17-04-FRCNN,1206,13,26,689,v_to_u,1,361,690,26,13,26,13,
MOT17-04-FRCNN,1207,14,26,689,v_to_u,1,361,690,26,14,26,14,
MOT17-04-FRCNN,1208,15,26,689,v_to_u,1,361,690,26,15,26,15,
MOT17-04-FRCNN,1209,16,26,689,v_to_u,1,361,690,26,16,26,16,
MOT17-04-FRCNN,1210,17,26,689,v_to_u,1,361,690,26,17,26,17,
MOT17-04-FRCNN,1211,18,26,689,v_to_u,1,361,690,26,18,26,18,
MOT17-04-FRCNN,1212,19,26,689,v_to_u,1,361,690,26,19,26,19,
MOT17-04-FRCNN,1213,21,26,689,v_to_u,1,361,690,26,21,26,21,
MOT17-04-FRCNN,1214,23,26,689,v_to_u,1,2,690,26,23,26,23,
MOT17-04-FRCNN,1215,25,26,689,v_to_u,1,361,690,26,25,26,25,
MOT17-04-FRCNN,1216,26,27,689,u_to_v,1,361,690,26,27,26,27,
MOT17-04-FRCNN,1217,26,36,689,u_to_v,1,361,690,26,36,26,36,
MOT17-04-FRCNN,1218,26,37,689,u_to_v,1,361,690,26,37,26,37,
MOT17-04-FRCNN,1219,26,38,689,u_to_v,1,209,690,26,38,26,38,
MOT17-04-FRCNN,1220,26,41,689,u_to_v,1,361,690,26,41,26,41,
MOT17-04-FRCNN,1221,26,42,689,u_to_v,1,361,690,26,42,26,42,
MOT17-04-FRCNN,1222,26,43,689,u_to_v,1,76,690,26,43,26,43,
MOT17-04-FRCNN,1223,26,44,689,u_to_v,1,361,690,26,44,26,44,
MOT17-04-FRCNN,1224,26,51,689,u_to_v,1,361,690,26,51,26,51,
MOT17-04-FRCNN,1225,26,54,689,u_to_v,1,361,690,26,54,26,54,
MOT17-04-FRCNN,1226,26,56,689,u_to_v,1,361,690,26,56,26,56,
MOT17-04-FRCNN,1227,26,57,689,u_to_v,1,361,690,26,57,26,57,
MOT17-04-FRCNN,1228,26,58,689,u_to_v,1,30,690,26,58,26,58,
MOT17-04-FRCNN,1229,26,59,689,u_to_v,1,361,690,26,59,26,59,
MOT17-04-FRCNN,1230,26,60,689,u_to_v,1,17,690,26,60,26,60,
MOT17-04-FRCNN,1231,26,61,689,u_to_v,1,361,690,26,61,26,61,
MOT17-04-FRCNN,1232,26,62,689,u_to_v,1,361,690,26,62,26,62,
MOT17-04-FRCNN,1233,26,63,689,u_to_v,1,361,690,26,63,26,63,
MOT17-04-FRCNN,1234,26,64,689,u_to_v,1,361,690,26,64,26,64,
MOT17-04-FRCNN,1235,26,65,689,u_to_v,1,302,690,26,65,26,65,
MOT17-04-FRCNN,1236,26,66,689,u_to_v,1,361,690,26,66,26,66,
MOT17-04-FRCNN,1237,26,67,689,u_to_v,1,361,690,26,67,26,67,
MOT17-04-FRCNN,1238,26,68,689,u_to_v,1,361,690,26,68,26,68,
MOT17-04-FRCNN,1239,26,69,689,u_to_v,1,332,690,26,69,26,69,
MOT17-04-FRCNN,1240,26,70,689,u_to_v,1,361,690,26,70,26,70,
MOT17-04-FRCNN,1241,26,71,689,u_to_v,1,61,690,26,71,26,71,
MOT17-04-FRCNN,1242,26,72,689,u_to_v,1,361,690,26,72,26,72,
MOT17-04-FRCNN,1243,1,23,691,v_to_u,1,359,692,23,1,23,1,
MOT17-04-FRCNN,1244,2,23,691,v_to_u,1,359,692,23,2,23,2,
MOT17-04-FRCNN,1245,3,23,691,v_to_u,1,359,692,23,3,23,3,
MOT17-04-FRCNN,1246,6,23,691,v_to_u,1,359,692,23,6,23,6,
MOT17-04-FRCNN,1247,8,23,691,v_to_u,1,359,692,23,8,23,8,
MOT17-04-FRCNN,1248,11,23,691,v_to_u,1,10,692,23,11,23,11,
MOT17-04-FRCNN,1249,12,23,691,v_to_u,1,359,692,23,12,23,12,
MOT17-04-FRCNN,1250,13,23,691,v_to_u,1,359,692,23,13,23,13,
MOT17-04-FRCNN,1251,14,23,691,v_to_u,1,359,692,23,14,23,14,
MOT17-04-FRCNN,1252,15,23,691,v_to_u,1,359,692,23,15,23,15,
MOT17-04-FRCNN,1253,16,23,691,v_to_u,1,359,692,23,16,23,16,
MOT17-04-FRCNN,1254,17,23,691,v_to_u,1,359,692,23,17,23,17,
MOT17-04-FRCNN,1255,18,23,691,v_to_u,1,359,692,23,18,23,18,
MOT17-04-FRCNN,1256,19,23,691,v_to_u,1,359,692,23,19,23,19,
MOT17-04-FRCNN,1257,21,23,691,v_to_u,1,359,692,23,21,23,21,
MOT17-04-FRCNN,1258,23,25,691,u_to_v,1,359,692,23,25,23,25,
MOT17-04-FRCNN,1259,23,27,691,u_to_v,1,359,692,23,27,23,27,
MOT17-04-FRCNN,1260,23,36,691,u_to_v,1,359,692,23,36,23,36,
MOT17-04-FRCNN,1261,23,37,691,u_to_v,1,359,692,23,37,23,37,
MOT17-04-FRCNN,1262,23,38,691,u_to_v,1,207,692,23,38,23,38,
MOT17-04-FRCNN,1263,23,41,691,u_to_v,1,359,692,23,41,23,41,
MOT17-04-FRCNN,1264,23,42,691,u_to_v,1,359,692,23,42,23,42,
MOT17-04-FRCNN,1265,23,43,691,u_to_v,1,74,692,23,43,23,43,
MOT17-04-FRCNN,1266,23,44,691,u_to_v,1,359,692,23,44,23,44,
MOT17-04-FRCNN,1267,23,51,691,u_to_v,1,359,692,23,51,23,51,
MOT17-04-FRCNN,1268,23,54,691,u_to_v,1,359,692,23,54,23,54,
MOT17-04-FRCNN,1269,23,56,691,u_to_v,1,359,692,23,56,23,56,
MOT17-04-FRCNN,1270,23,57,691,u_to_v,1,359,692,23,57,23,57,
MOT17-04-FRCNN,1271,23,58,691,u_to_v,1,28,692,23,58,23,58,
MOT17-04-FRCNN,1272,23,59,691,u_to_v,1,359,692,23,59,23,59,
MOT17-04-FRCNN,1273,23,60,691,u_to_v,1,15,692,23,60,23,60,
MOT17-04-FRCNN,1274,23,61,691,u_to_v,1,359,692,23,61,23,61,
MOT17-04-FRCNN,1275,23,62,691,u_to_v,1,359,692,23,62,23,62,
MOT17-04-FRCNN,1276,23,63,691,u_to_v,1,359,692,23,63,23,63,
MOT17-04-FRCNN,1277,23,64,691,u_to_v,1,359,692,23,64,23,64,
MOT17-04-FRCNN,1278,23,65,691,u_to_v,1,300,692,23,65,23,65,
MOT17-04-FRCNN,1279,23,66,691,u_to_v,1,359,692,23,66,23,66,
MOT17-04-FRCNN,1280,23,67,691,u_to_v,1,359,692,23,67,23,67,
MOT17-04-FRCNN,1281,23,68,691,u_to_v,1,359,692,23,68,23,68,
MOT17-04-FRCNN,1282,23,69,691,u_to_v,1,330,692,23,69,23,69,
MOT17-04-FRCNN,1283,23,70,691,u_to_v,1,359,692,23,70,23,70,
MOT17-04-FRCNN,1284,23,71,691,u_to_v,1,59,692,23,71,23,71,
MOT17-04-FRCNN,1285,23,72,691,u_to_v,1,359,692,23,72,23,72,
MOT17-04-FRCNN,1286,1,11,701,v_to_u,1,349,702,11,1,11,1,
MOT17-04-FRCNN,1287,2,11,701,v_to_u,1,349,702,11,2,11,2,
MOT17-04-FRCNN,1288,3,11,701,v_to_u,1,349,702,11,3,11,3,
MOT17-04-FRCNN,1289,6,11,701,v_to_u,1,349,702,11,6,11,6,
MOT17-04-FRCNN,1290,8,11,701,v_to_u,1,349,702,11,8,11,8,
MOT17-04-FRCNN,1291,11,12,701,u_to_v,1,349,702,11,12,11,12,
MOT17-04-FRCNN,1292,11,13,701,u_to_v,1,349,702,11,13,11,13,
MOT17-04-FRCNN,1293,11,14,701,u_to_v,1,349,702,11,14,11,14,
MOT17-04-FRCNN,1294,11,15,701,u_to_v,1,349,702,11,15,11,15,
MOT17-04-FRCNN,1295,11,16,701,u_to_v,1,349,702,11,16,11,16,
MOT17-04-FRCNN,1296,11,17,701,u_to_v,1,349,702,11,17,11,17,
MOT17-04-FRCNN,1297,11,18,701,u_to_v,1,349,702,11,18,11,18,
MOT17-04-FRCNN,1298,11,19,701,u_to_v,1,349,702,11,19,11,19,
MOT17-04-FRCNN,1299,11,21,701,u_to_v,1,349,702,11,21,11,21,
MOT17-04-FRCNN,1300,11,25,701,u_to_v,1,349,702,11,25,11,25,
MOT17-04-FRCNN,1301,11,27,701,u_to_v,1,349,702,11,27,11,27,
MOT17-04-FRCNN,1302,11,36,701,u_to_v,1,349,702,11,36,11,36,
MOT17-04-FRCNN,1303,11,37,701,u_to_v,1,349,702,11,37,11,37,
MOT17-04-FRCNN,1304,11,38,701,u_to_v,1,197,702,11,38,11,38,
MOT17-04-FRCNN,1305,11,41,701,u_to_v,1,349,702,11,41,11,41,
MOT17-04-FRCNN,1306,11,42,701,u_to_v,1,349,702,11,42,11,42,
MOT17-04-FRCNN,1307,11,43,701,u_to_v,1,64,702,11,43,11,43,
MOT17-04-FRCNN,1308,11,44,701,u_to_v,1,349,702,11,44,11,44,
MOT17-04-FRCNN,1309,11,51,701,u_to_v,1,349,702,11,51,11,51,
MOT17-04-FRCNN,1310,11,54,701,u_to_v,1,349,702,11,54,11,54,
MOT17-04-FRCNN,1311,11,56,701,u_to_v,1,349,702,11,56,11,56,
MOT17-04-FRCNN,1312,11,57,701,u_to_v,1,349,702,11,57,11,57,
MOT17-04-FRCNN,1313,11,58,701,u_to_v,1,18,702,11,58,11,58,
MOT17-04-FRCNN,1314,11,59,701,u_to_v,1,349,702,11,59,11,59,
MOT17-04-FRCNN,1315,11,60,701,u_to_v,1,5,702,11,60,11,60,
MOT17-04-FRCNN,1316,11,61,701,u_to_v,1,349,702,11,61,11,61,
MOT17-04-FRCNN,1317,11,62,701,u_to_v,1,349,702,11,62,11,62,
MOT17-04-FRCNN,1318,11,63,701,u_to_v,1,349,702,11,63,11,63,
MOT17-04-FRCNN,1319,11,64,701,u_to_v,1,349,702,11,64,11,64,
MOT17-04-FRCNN,1320,11,65,701,u_to_v,1,290,702,11,65,11,65,
MOT17-04-FRCNN,1321,11,66,701,u_to_v,1,349,702,11,66,11,66,
MOT17-04-FRCNN,1322,11,67,701,u_to_v,1,349,702,11,67,11,67,
MOT17-04-FRCNN,1323,11,68,701,u_to_v,1,349,702,11,68,11,68,
MOT17-04-FRCNN,1324,11,69,701,u_to_v,1,320,702,11,69,11,69,
MOT17-04-FRCNN,1325,11,70,701,u_to_v,1,349,702,11,70,11,70,
MOT17-04-FRCNN,1326,11,71,701,u_to_v,1,49,702,11,71,11,71,
MOT17-04-FRCNN,1327,11,72,701,u_to_v,1,349,702,11,72,11,72,
MOT17-04-FRCNN,1328,1,60,706,v_to_u,1,344,707,60,1,60,1,
MOT17-04-FRCNN,1329,2,60,706,v_to_u,1,344,707,60,2,60,2,
MOT17-04-FRCNN,1330,3,60,706,v_to_u,1,344,707,60,3,60,3,
MOT17-04-FRCNN,1331,6,60,706,v_to_u,1,344,707,60,6,60,6,
MOT17-04-FRCNN,1332,8,60,706,v_to_u,1,344,707,60,8,60,8,
MOT17-04-FRCNN,1333,12,60,706,v_to_u,1,344,707,60,12,60,12,
MOT17-04-FRCNN,1334,13,60,706,v_to_u,1,344,707,60,13,60,13,
MOT17-04-FRCNN,1335,14,60,706,v_to_u,1,344,707,60,14,60,14,
MOT17-04-FRCNN,1336,15,60,706,v_to_u,1,344,707,60,15,60,15,
MOT17-04-FRCNN,1337,16,60,706,v_to_u,1,344,707,60,16,60,16,
MOT17-04-FRCNN,1338,17,60,706,v_to_u,1,344,707,60,17,60,17,
MOT17-04-FRCNN,1339,18,60,706,v_to_u,1,344,707,60,18,60,18,
MOT17-04-FRCNN,1340,19,60,706,v_to_u,1,344,707,60,19,60,19,
MOT17-04-FRCNN,1341,21,60,706,v_to_u,1,344,707,60,21,60,21,
MOT17-04-FRCNN,1342,25,60,706,v_to_u,1,344,707,60,25,60,25,
MOT17-04-FRCNN,1343,27,60,706,v_to_u,1,344,707,60,27,60,27,
MOT17-04-FRCNN,1344,36,60,706,v_to_u,1,344,707,60,36,60,36,
MOT17-04-FRCNN,1345,37,60,706,v_to_u,1,344,707,60,37,60,37,
MOT17-04-FRCNN,1346,38,60,706,v_to_u,1,192,707,60,38,60,38,
MOT17-04-FRCNN,1347,41,60,706,v_to_u,1,344,707,60,41,60,41,
MOT17-04-FRCNN,1348,42,60,706,v_to_u,1,344,707,60,42,60,42,
MOT17-04-FRCNN,1349,43,60,706,v_to_u,1,59,707,60,43,60,43,
MOT17-04-FRCNN,1350,44,60,706,v_to_u,1,344,707,60,44,60,44,
MOT17-04-FRCNN,1351,51,60,706,v_to_u,1,344,707,60,51,60,51,
MOT17-04-FRCNN,1352,54,60,706,v_to_u,1,344,707,60,54,60,54,
MOT17-04-FRCNN,1353,56,60,706,v_to_u,1,344,707,60,56,60,56,
MOT17-04-FRCNN,1354,57,60,706,v_to_u,1,344,707,60,57,60,57,
MOT17-04-FRCNN,1355,58,60,706,v_to_u,1,13,707,60,58,60,58,
MOT17-04-FRCNN,1356,59,60,706,v_to_u,1,344,707,60,59,60,59,
MOT17-04-FRCNN,1357,60,61,706,u_to_v,1,344,707,60,61,60,61,
MOT17-04-FRCNN,1358,60,62,706,u_to_v,1,344,707,60,62,60,62,
MOT17-04-FRCNN,1359,60,63,706,u_to_v,1,344,707,60,63,60,63,
MOT17-04-FRCNN,1360,60,64,706,u_to_v,1,344,707,60,64,60,64,
MOT17-04-FRCNN,1361,60,65,706,u_to_v,1,285,707,60,65,60,65,
MOT17-04-FRCNN,1362,60,66,706,u_to_v,1,344,707,60,66,60,66,
MOT17-04-FRCNN,1363,60,67,706,u_to_v,1,344,707,60,67,60,67,
MOT17-04-FRCNN,1364,60,68,706,u_to_v,1,344,707,60,68,60,68,
MOT17-04-FRCNN,1365,60,69,706,u_to_v,1,315,707,60,69,60,69,
MOT17-04-FRCNN,1366,60,70,706,u_to_v,1,344,707,60,70,60,70,
MOT17-04-FRCNN,1367,60,71,706,u_to_v,1,44,707,60,71,60,71,
MOT17-04-FRCNN,1368,60,72,706,u_to_v,1,344,707,60,72,60,72,
MOT17-04-FRCNN,1369,60,73,706,u_to_v,1,344,707,60,73,60,73,
MOT17-04-FRCNN,1370,1,58,719,v_to_u,1,331,720,58,1,58,1,
MOT17-04-FRCNN,1371,2,58,719,v_to_u,1,331,720,58,2,58,2,
MOT17-04-FRCNN,1372,3,58,719,v_to_u,1,331,720,58,3,58,3,
MOT17-04-FRCNN,1373,6,58,719,v_to_u,1,331,720,58,6,58,6,
MOT17-04-FRCNN,1374,8,58,719,v_to_u,1,331,720,58,8,58,8,
MOT17-04-FRCNN,1375,12,58,719,v_to_u,1,331,720,58,12,58,12,
MOT17-04-FRCNN,1376,13,58,719,v_to_u,1,331,720,58,13,58,13,
MOT17-04-FRCNN,1377,14,58,719,v_to_u,1,331,720,58,14,58,14,
MOT17-04-FRCNN,1378,15,58,719,v_to_u,1,331,720,58,15,58,15,
MOT17-04-FRCNN,1379,16,58,719,v_to_u,1,331,720,58,16,58,16,
MOT17-04-FRCNN,1380,17,58,719,v_to_u,1,331,720,58,17,58,17,
MOT17-04-FRCNN,1381,18,58,719,v_to_u,1,331,720,58,18,58,18,
MOT17-04-FRCNN,1382,19,58,719,v_to_u,1,331,720,58,19,58,19,
MOT17-04-FRCNN,1383,21,58,719,v_to_u,1,331,720,58,21,58,21,
MOT17-04-FRCNN,1384,25,58,719,v_to_u,1,331,720,58,25,58,25,
MOT17-04-FRCNN,1385,27,58,719,v_to_u,1,331,720,58,27,58,27,
MOT17-04-FRCNN,1386,36,58,719,v_to_u,1,331,720,58,36,58,36,
MOT17-04-FRCNN,1387,37,58,719,v_to_u,1,331,720,58,37,58,37,
MOT17-04-FRCNN,1388,38,58,719,v_to_u,1,179,720,58,38,58,38,
MOT17-04-FRCNN,1389,41,58,719,v_to_u,1,331,720,58,41,58,41,
MOT17-04-FRCNN,1390,42,58,719,v_to_u,1,331,720,58,42,58,42,
MOT17-04-FRCNN,1391,43,58,719,v_to_u,1,46,720,58,43,58,43,
MOT17-04-FRCNN,1392,44,58,719,v_to_u,1,331,720,58,44,58,44,
MOT17-04-FRCNN,1393,51,58,719,v_to_u,1,331,720,58,51,58,51,
MOT17-04-FRCNN,1394,54,58,719,v_to_u,1,331,720,58,54,58,54,
MOT17-04-FRCNN,1395,56,58,719,v_to_u,1,331,720,58,56,58,56,
MOT17-04-FRCNN,1396,57,58,719,v_to_u,1,331,720,58,57,58,57,
MOT17-04-FRCNN,1397,58,59,719,u_to_v,1,331,720,58,59,58,59,
MOT17-04-FRCNN,1398,58,61,719,u_to_v,1,331,720,58,61,58,61,
MOT17-04-FRCNN,1399,58,62,719,u_to_v,1,331,720,58,62,58,62,
MOT17-04-FRCNN,1400,58,63,719,u_to_v,1,331,720,58,63,58,63,
MOT17-04-FRCNN,1401,58,64,719,u_to_v,1,331,720,58,64,58,64,
MOT17-04-FRCNN,1402,58,65,719,u_to_v,1,272,720,58,65,58,65,
MOT17-04-FRCNN,1403,58,66,719,u_to_v,1,331,720,58,66,58,66,
MOT17-04-FRCNN,1404,58,67,719,u_to_v,1,331,720,58,67,58,67,
MOT17-04-FRCNN,1405,58,68,719,u_to_v,1,331,720,58,68,58,68,
MOT17-04-FRCNN,1406,58,69,719,u_to_v,1,302,720,58,69,58,69,
MOT17-04-FRCNN,1407,58,70,719,u_to_v,1,331,720,58,70,58,70,
MOT17-04-FRCNN,1408,58,71,719,u_to_v,1,31,720,58,71,58,71,
MOT17-04-FRCNN,1409,58,72,719,u_to_v,1,331,720,58,72,58,72,
MOT17-04-FRCNN,1410,58,73,719,u_to_v,1,331,720,58,73,58,73,
MOT17-04-FRCNN,1411,1,71,750,v_to_u,1,300,751,71,1,71,1,
MOT17-04-FRCNN,1412,2,71,750,v_to_u,1,300,751,71,2,71,2,
MOT17-04-FRCNN,1413,3,71,750,v_to_u,1,300,751,71,3,71,3,
MOT17-04-FRCNN,1414,6,71,750,v_to_u,1,300,751,71,6,71,6,
MOT17-04-FRCNN,1415,8,71,750,v_to_u,1,300,751,71,8,71,8,
MOT17-04-FRCNN,1416,12,71,750,v_to_u,1,300,751,71,12,71,12,
MOT17-04-FRCNN,1417,13,71,750,v_to_u,1,300,751,71,13,71,13,
MOT17-04-FRCNN,1418,14,71,750,v_to_u,1,300,751,71,14,71,14,
MOT17-04-FRCNN,1419,15,71,750,v_to_u,1,300,751,71,15,71,15,
MOT17-04-FRCNN,1420,16,71,750,v_to_u,1,300,751,71,16,71,16,
MOT17-04-FRCNN,1421,17,71,750,v_to_u,1,300,751,71,17,71,17,
MOT17-04-FRCNN,1422,18,71,750,v_to_u,1,300,751,71,18,71,18,
MOT17-04-FRCNN,1423,19,71,750,v_to_u,1,300,751,71,19,71,19,
MOT17-04-FRCNN,1424,21,71,750,v_to_u,1,300,751,71,21,71,21,
MOT17-04-FRCNN,1425,25,71,750,v_to_u,1,300,751,71,25,71,25,
MOT17-04-FRCNN,1426,27,71,750,v_to_u,1,300,751,71,27,71,27,
MOT17-04-FRCNN,1427,36,71,750,v_to_u,1,300,751,71,36,71,36,
MOT17-04-FRCNN,1428,37,71,750,v_to_u,1,300,751,71,37,71,37,
MOT17-04-FRCNN,1429,38,71,750,v_to_u,1,148,751,71,38,71,38,
MOT17-04-FRCNN,1430,41,71,750,v_to_u,1,300,751,71,41,71,41,
MOT17-04-FRCNN,1431,42,71,750,v_to_u,1,300,751,71,42,71,42,
MOT17-04-FRCNN,1432,43,71,750,v_to_u,1,15,751,71,43,71,43,
MOT17-04-FRCNN,1433,44,71,750,v_to_u,1,300,751,71,44,71,44,
MOT17-04-FRCNN,1434,51,71,750,v_to_u,1,300,751,71,51,71,51,
MOT17-04-FRCNN,1435,54,71,750,v_to_u,1,300,751,71,54,71,54,
MOT17-04-FRCNN,1436,56,71,750,v_to_u,1,300,751,71,56,71,56,
MOT17-04-FRCNN,1437,57,71,750,v_to_u,1,300,751,71,57,71,57,
MOT17-04-FRCNN,1438,59,71,750,v_to_u,1,300,751,71,59,71,59,
MOT17-04-FRCNN,1439,61,71,750,v_to_u,1,300,751,71,61,71,61,
MOT17-04-FRCNN,1440,62,71,750,v_to_u,1,300,751,71,62,71,62,
MOT17-04-FRCNN,1441,63,71,750,v_to_u,1,300,751,71,63,71,63,
MOT17-04-FRCNN,1442,64,71,750,v_to_u,1,300,751,71,64,71,64,
MOT17-04-FRCNN,1443,65,71,750,v_to_u,1,241,751,71,65,71,65,
MOT17-04-FRCNN,1444,66,71,750,v_to_u,1,300,751,71,66,71,66,
MOT17-04-FRCNN,1445,67,71,750,v_to_u,1,300,751,71,67,71,67,
MOT17-04-FRCNN,1446,68,71,750,v_to_u,1,300,751,71,68,71,68,
MOT17-04-FRCNN,1447,69,71,750,v_to_u,1,271,751,71,69,71,69,
MOT17-04-FRCNN,1448,70,71,750,v_to_u,1,300,751,71,70,71,70,
MOT17-04-FRCNN,1449,71,72,750,u_to_v,1,300,751,71,72,71,72,
MOT17-04-FRCNN,1450,71,73,750,u_to_v,1,300,751,71,73,71,73,
MOT17-04-FRCNN,1451,71,74,750,u_to_v,1,300,751,71,74,71,74,
MOT17-04-FRCNN,1452,1,43,765,v_to_u,1,285,766,43,1,43,1,
MOT17-04-FRCNN,1453,2,43,765,v_to_u,1,285,766,43,2,43,2,
MOT17-04-FRCNN,1454,3,43,765,v_to_u,1,285,766,43,3,43,3,
MOT17-04-FRCNN,1455,6,43,765,v_to_u,1,285,766,43,6,43,6,
MOT17-04-FRCNN,1456,8,43,765,v_to_u,1,285,766,43,8,43,8,
MOT17-04-FRCNN,1457,12,43,765,v_to_u,1,285,766,43,12,43,12,
MOT17-04-FRCNN,1458,13,43,765,v_to_u,1,285,766,43,13,43,13,
MOT17-04-FRCNN,1459,14,43,765,v_to_u,1,285,766,43,14,43,14,
MOT17-04-FRCNN,1460,15,43,765,v_to_u,1,285,766,43,15,43,15,
MOT17-04-FRCNN,1461,16,43,765,v_to_u,1,285,766,43,16,43,16,
MOT17-04-FRCNN,1462,17,43,765,v_to_u,1,285,766,43,17,43,17,
MOT17-04-FRCNN,1463,18,43,765,v_to_u,1,285,766,43,18,43,18,
MOT17-04-FRCNN,1464,19,43,765,v_to_u,1,285,766,43,19,43,19,
MOT17-04-FRCNN,1465,21,43,765,v_to_u,1,285,766,43,21,43,21,
MOT17-04-FRCNN,1466,25,43,765,v_to_u,1,285,766,43,25,43,25,
MOT17-04-FRCNN,1467,27,43,765,v_to_u,1,285,766,43,27,43,27,
MOT17-04-FRCNN,1468,36,43,765,v_to_u,1,285,766,43,36,43,36,
MOT17-04-FRCNN,1469,37,43,765,v_to_u,1,285,766,43,37,43,37,
MOT17-04-FRCNN,1470,38,43,765,v_to_u,1,133,766,43,38,43,38,
MOT17-04-FRCNN,1471,41,43,765,v_to_u,1,285,766,43,41,43,41,
MOT17-04-FRCNN,1472,42,43,765,v_to_u,1,285,766,43,42,43,42,
MOT17-04-FRCNN,1473,43,44,765,u_to_v,1,285,766,43,44,43,44,
MOT17-04-FRCNN,1474,43,51,765,u_to_v,1,285,766,43,51,43,51,
MOT17-04-FRCNN,1475,43,54,765,u_to_v,1,285,766,43,54,43,54,
MOT17-04-FRCNN,1476,43,56,765,u_to_v,1,285,766,43,56,43,56,
MOT17-04-FRCNN,1477,43,57,765,u_to_v,1,285,766,43,57,43,57,
MOT17-04-FRCNN,1478,43,59,765,u_to_v,1,285,766,43,59,43,59,
MOT17-04-FRCNN,1479,43,61,765,u_to_v,1,285,766,43,61,43,61,
MOT17-04-FRCNN,1480,43,62,765,u_to_v,1,285,766,43,62,43,62,
MOT17-04-FRCNN,1481,43,63,765,u_to_v,1,285,766,43,63,43,63,
MOT17-04-FRCNN,1482,43,64,765,u_to_v,1,285,766,43,64,43,64,
MOT17-04-FRCNN,1483,43,65,765,u_to_v,1,226,766,43,65,43,65,
MOT17-04-FRCNN,1484,43,66,765,u_to_v,1,285,766,43,66,43,66,
MOT17-04-FRCNN,1485,43,67,765,u_to_v,1,285,766,43,67,43,67,
MOT17-04-FRCNN,1486,43,68,765,u_to_v,1,285,766,43,68,43,68,
MOT17-04-FRCNN,1487,43,69,765,u_to_v,1,256,766,43,69,43,69,
MOT17-04-FRCNN,1488,43,70,765,u_to_v,1,285,766,43,70,43,70,
MOT17-04-FRCNN,1489,43,72,765,u_to_v,1,285,766,43,72,43,72,
MOT17-04-FRCNN,1490,43,73,765,u_to_v,1,285,766,43,73,43,73,
MOT17-04-FRCNN,1491,43,74,765,u_to_v,1,285,766,43,74,43,74,
MOT17-04-FRCNN,1492,43,75,765,u_to_v,1,21,766,43,75,43,75,
MOT17-04-FRCNN,1493,1,75,786,v_to_u,1,264,787,75,1,75,1,
MOT17-04-FRCNN,1494,2,75,786,v_to_u,1,264,787,75,2,75,2,
MOT17-04-FRCNN,1495,3,75,786,v_to_u,1,264,787,75,3,75,3,
MOT17-04-FRCNN,1496,6,75,786,v_to_u,1,264,787,75,6,75,6,
MOT17-04-FRCNN,1497,8,75,786,v_to_u,1,264,787,75,8,75,8,
MOT17-04-FRCNN,1498,12,75,786,v_to_u,1,264,787,75,12,75,12,
MOT17-04-FRCNN,1499,13,75,786,v_to_u,1,264,787,75,13,75,13,
MOT17-04-FRCNN,1500,14,75,786,v_to_u,1,264,787,75,14,75,14,
MOT17-04-FRCNN,1501,15,75,786,v_to_u,1,264,787,75,15,75,15,
MOT17-04-FRCNN,1502,16,75,786,v_to_u,1,264,787,75,16,75,16,
MOT17-04-FRCNN,1503,17,75,786,v_to_u,1,264,787,75,17,75,17,
MOT17-04-FRCNN,1504,18,75,786,v_to_u,1,264,787,75,18,75,18,
MOT17-04-FRCNN,1505,19,75,786,v_to_u,1,264,787,75,19,75,19,
MOT17-04-FRCNN,1506,21,75,786,v_to_u,1,264,787,75,21,75,21,
MOT17-04-FRCNN,1507,25,75,786,v_to_u,1,264,787,75,25,75,25,
MOT17-04-FRCNN,1508,27,75,786,v_to_u,1,264,787,75,27,75,27,
MOT17-04-FRCNN,1509,36,75,786,v_to_u,1,264,787,75,36,75,36,
MOT17-04-FRCNN,1510,37,75,786,v_to_u,1,264,787,75,37,75,37,
MOT17-04-FRCNN,1511,38,75,786,v_to_u,1,112,787,75,38,75,38,
MOT17-04-FRCNN,1512,41,75,786,v_to_u,1,264,787,75,41,75,41,
MOT17-04-FRCNN,1513,42,75,786,v_to_u,1,264,787,75,42,75,42,
MOT17-04-FRCNN,1514,44,75,786,v_to_u,1,264,787,75,44,75,44,
MOT17-04-FRCNN,1515,51,75,786,v_to_u,1,264,787,75,51,75,51,
MOT17-04-FRCNN,1516,54,75,786,v_to_u,1,264,787,75,54,75,54,
MOT17-04-FRCNN,1517,56,75,786,v_to_u,1,264,787,75,56,75,56,
MOT17-04-FRCNN,1518,57,75,786,v_to_u,1,264,787,75,57,75,57,
MOT17-04-FRCNN,1519,59,75,786,v_to_u,1,264,787,75,59,75,59,
MOT17-04-FRCNN,1520,61,75,786,v_to_u,1,264,787,75,61,75,61,
MOT17-04-FRCNN,1521,62,75,786,v_to_u,1,264,787,75,62,75,62,
MOT17-04-FRCNN,1522,63,75,786,v_to_u,1,264,787,75,63,75,63,
MOT17-04-FRCNN,1523,64,75,786,v_to_u,1,264,787,75,64,75,64,
MOT17-04-FRCNN,1524,65,75,786,v_to_u,1,205,787,75,65,75,65,
MOT17-04-FRCNN,1525,66,75,786,v_to_u,1,264,787,75,66,75,66,
MOT17-04-FRCNN,1526,67,75,786,v_to_u,1,264,787,75,67,75,67,
MOT17-04-FRCNN,1527,68,75,786,v_to_u,1,264,787,75,68,75,68,
MOT17-04-FRCNN,1528,69,75,786,v_to_u,1,235,787,75,69,75,69,
MOT17-04-FRCNN,1529,70,75,786,v_to_u,1,264,787,75,70,75,70,
MOT17-04-FRCNN,1530,72,75,786,v_to_u,1,264,787,75,72,75,72,
MOT17-04-FRCNN,1531,73,75,786,v_to_u,1,264,787,75,73,75,73,
MOT17-04-FRCNN,1532,74,75,786,v_to_u,1,264,787,75,74,75,74,
MOT17-04-FRCNN,1533,75,76,786,u_to_v,1,264,787,75,76,75,76,
MOT17-04-FRCNN,1534,75,77,786,u_to_v,1,264,787,75,77,75,77,
MOT17-04-FRCNN,1535,1,85,863,v_to_u,1,187,864,85,1,85,1,
MOT17-04-FRCNN,1536,2,85,863,v_to_u,1,187,864,85,2,85,2,
MOT17-04-FRCNN,1537,3,85,863,v_to_u,1,187,864,85,3,85,3,
MOT17-04-FRCNN,1538,6,85,863,v_to_u,1,187,864,85,6,85,6,
MOT17-04-FRCNN,1539,8,85,863,v_to_u,1,187,864,85,8,85,8,
MOT17-04-FRCNN,1540,12,85,863,v_to_u,1,187,864,85,12,85,12,
MOT17-04-FRCNN,1541,13,85,863,v_to_u,1,187,864,85,13,85,13,
MOT17-04-FRCNN,1542,14,85,863,v_to_u,1,187,864,85,14,85,14,
MOT17-04-FRCNN,1543,15,85,863,v_to_u,1,187,864,85,15,85,15,
MOT17-04-FRCNN,1544,16,85,863,v_to_u,1,187,864,85,16,85,16,
MOT17-04-FRCNN,1545,17,85,863,v_to_u,1,187,864,85,17,85,17,
MOT17-04-FRCNN,1546,18,85,863,v_to_u,1,187,864,85,18,85,18,
MOT17-04-FRCNN,1547,19,85,863,v_to_u,1,187,864,85,19,85,19,
MOT17-04-FRCNN,1548,21,85,863,v_to_u,1,187,864,85,21,85,21,
MOT17-04-FRCNN,1549,25,85,863,v_to_u,1,187,864,85,25,85,25,
MOT17-04-FRCNN,1550,27,85,863,v_to_u,1,187,864,85,27,85,27,
MOT17-04-FRCNN,1551,36,85,863,v_to_u,1,187,864,85,36,85,36,
MOT17-04-FRCNN,1552,37,85,863,v_to_u,1,187,864,85,37,85,37,
MOT17-04-FRCNN,1553,38,85,863,v_to_u,1,35,864,85,38,85,38,
MOT17-04-FRCNN,1554,41,85,863,v_to_u,1,187,864,85,41,85,41,
MOT17-04-FRCNN,1555,42,85,863,v_to_u,1,187,864,85,42,85,42,
MOT17-04-FRCNN,1556,44,85,863,v_to_u,1,187,864,85,44,85,44,
MOT17-04-FRCNN,1557,51,85,863,v_to_u,1,187,864,85,51,85,51,
MOT17-04-FRCNN,1558,54,85,863,v_to_u,1,187,864,85,54,85,54,
MOT17-04-FRCNN,1559,56,85,863,v_to_u,1,187,864,85,56,85,56,
MOT17-04-FRCNN,1560,57,85,863,v_to_u,1,187,864,85,57,85,57,
MOT17-04-FRCNN,1561,59,85,863,v_to_u,1,187,864,85,59,85,59,
MOT17-04-FRCNN,1562,61,85,863,v_to_u,1,187,864,85,61,85,61,
MOT17-04-FRCNN,1563,62,85,863,v_to_u,1,187,864,85,62,85,62,
MOT17-04-FRCNN,1564,63,85,863,v_to_u,1,187,864,85,63,85,63,
MOT17-04-FRCNN,1565,64,85,863,v_to_u,1,187,864,85,64,85,64,
MOT17-04-FRCNN,1566,65,85,863,v_to_u,1,128,864,85,65,85,65,
MOT17-04-FRCNN,1567,66,85,863,v_to_u,1,187,864,85,66,85,66,
MOT17-04-FRCNN,1568,67,85,863,v_to_u,1,187,864,85,67,85,67,
MOT17-04-FRCNN,1569,68,85,863,v_to_u,1,187,864,85,68,85,68,
MOT17-04-FRCNN,1570,69,85,863,v_to_u,1,158,864,85,69,85,69,
MOT17-04-FRCNN,1571,70,85,863,v_to_u,1,187,864,85,70,85,70,
MOT17-04-FRCNN,1572,72,85,863,v_to_u,1,187,864,85,72,85,72,
MOT17-04-FRCNN,1573,73,85,863,v_to_u,1,187,864,85,73,85,73,
MOT17-04-FRCNN,1574,74,85,863,v_to_u,1,187,864,85,74,85,74,
MOT17-04-FRCNN,1575,76,85,863,v_to_u,1,187,864,85,76,85,76,
MOT17-04-FRCNN,1576,77,85,863,v_to_u,1,187,864,85,77,85,77,
MOT17-04-FRCNN,1577,78,85,863,v_to_u,1,187,864,85,78,85,78,
MOT17-04-FRCNN,1578,79,85,863,v_to_u,1,187,864,85,79,85,79,
MOT17-04-FRCNN,1579,80,85,863,v_to_u,1,187,864,85,80,85,80,
MOT17-04-FRCNN,1580,81,85,863,v_to_u,1,187,864,85,81,85,81,
MOT17-04-FRCNN,1581,82,85,863,v_to_u,1,187,864,85,82,85,82,
MOT17-04-FRCNN,1582,83,85,863,v_to_u,1,187,864,85,83,85,83,
MOT17-04-FRCNN,1583,84,85,863,v_to_u,1,187,864,85,84,85,84,
MOT17-04-FRCNN,1584,1,38,898,v_to_u,1,152,899,38,1,38,1,
MOT17-04-FRCNN,1585,2,38,898,v_to_u,1,152,899,38,2,38,2,
MOT17-04-FRCNN,1586,3,38,898,v_to_u,1,152,899,38,3,38,3,
MOT17-04-FRCNN,1587,6,38,898,v_to_u,1,152,899,38,6,38,6,
MOT17-04-FRCNN,1588,8,38,898,v_to_u,1,152,899,38,8,38,8,
MOT17-04-FRCNN,1589,12,38,898,v_to_u,1,152,899,38,12,38,12,
MOT17-04-FRCNN,1590,13,38,898,v_to_u,1,152,899,38,13,38,13,
MOT17-04-FRCNN,1591,14,38,898,v_to_u,1,152,899,38,14,38,14,
MOT17-04-FRCNN,1592,15,38,898,v_to_u,1,152,899,38,15,38,15,
MOT17-04-FRCNN,1593,16,38,898,v_to_u,1,152,899,38,16,38,16,
MOT17-04-FRCNN,1594,17,38,898,v_to_u,1,152,899,38,17,38,17,
MOT17-04-FRCNN,1595,18,38,898,v_to_u,1,152,899,38,18,38,18,
MOT17-04-FRCNN,1596,19,38,898,v_to_u,1,152,899,38,19,38,19,
MOT17-04-FRCNN,1597,21,38,898,v_to_u,1,152,899,38,21,38,21,
MOT17-04-FRCNN,1598,25,38,898,v_to_u,1,152,899,38,25,38,25,
MOT17-04-FRCNN,1599,27,38,898,v_to_u,1,152,899,38,27,38,27,
MOT17-04-FRCNN,1600,36,38,898,v_to_u,1,152,899,38,36,38,36,
MOT17-04-FRCNN,1601,37,38,898,v_to_u,1,152,899,38,37,38,37,
MOT17-04-FRCNN,1602,38,41,898,u_to_v,1,152,899,38,41,38,41,
MOT17-04-FRCNN,1603,38,42,898,u_to_v,1,152,899,38,42,38,42,
MOT17-04-FRCNN,1604,38,44,898,u_to_v,1,152,899,38,44,38,44,
MOT17-04-FRCNN,1605,38,51,898,u_to_v,1,152,899,38,51,38,51,
MOT17-04-FRCNN,1606,38,54,898,u_to_v,1,152,899,38,54,38,54,
MOT17-04-FRCNN,1607,38,56,898,u_to_v,1,152,899,38,56,38,56,
MOT17-04-FRCNN,1608,38,57,898,u_to_v,1,152,899,38,57,38,57,
MOT17-04-FRCNN,1609,38,59,898,u_to_v,1,152,899,38,59,38,59,
MOT17-04-FRCNN,1610,38,61,898,u_to_v,1,152,899,38,61,38,61,
MOT17-04-FRCNN,1611,38,62,898,u_to_v,1,152,899,38,62,38,62,
MOT17-04-FRCNN,1612,38,63,898,u_to_v,1,152,899,38,63,38,63,
MOT17-04-FRCNN,1613,38,64,898,u_to_v,1,152,899,38,64,38,64,
MOT17-04-FRCNN,1614,38,65,898,u_to_v,1,93,899,38,65,38,65,
MOT17-04-FRCNN,1615,38,66,898,u_to_v,1,152,899,38,66,38,66,
MOT17-04-FRCNN,1616,38,67,898,u_to_v,1,152,899,38,67,38,67,
MOT17-04-FRCNN,1617,38,68,898,u_to_v,1,152,899,38,68,38,68,
MOT17-04-FRCNN,1618,38,69,898,u_to_v,1,123,899,38,69,38,69,
MOT17-04-FRCNN,1619,38,70,898,u_to_v,1,152,899,38,70,38,70,
MOT17-04-FRCNN,1620,38,72,898,u_to_v,1,152,899,38,72,38,72,
MOT17-04-FRCNN,1621,38,73,898,u_to_v,1,152,899,38,73,38,73,
MOT17-04-FRCNN,1622,38,74,898,u_to_v,1,152,899,38,74,38,74,
MOT17-04-FRCNN,1623,38,76,898,u_to_v,1,152,899,38,76,38,76,
MOT17-04-FRCNN,1624,38,77,898,u_to_v,1,152,899,38,77,38,77,
MOT17-04-FRCNN,1625,38,78,898,u_to_v,1,152,899,38,78,38,78,
MOT17-04-FRCNN,1626,38,79,898,u_to_v,1,152,899,38,79,38,79,
MOT17-04-FRCNN,1627,38,80,898,u_to_v,1,152,899,38,80,38,80,
MOT17-04-FRCNN,1628,38,81,898,u_to_v,1,152,899,38,81,38,81,
MOT17-04-FRCNN,1629,38,82,898,u_to_v,1,152,899,38,82,38,82,
MOT17-04-FRCNN,1630,38,83,898,u_to_v,1,152,899,38,83,38,83,
MOT17-04-FRCNN,1631,38,84,898,u_to_v,1,152,899,38,84,38,84,
MOT17-04-FRCNN,1632,1,86,938,v_to_u,1,112,939,86,1,86,1,
MOT17-04-FRCNN,1633,2,86,938,v_to_u,1,112,939,86,2,86,2,
MOT17-04-FRCNN,1634,3,86,938,v_to_u,1,112,939,86,3,86,3,
MOT17-04-FRCNN,1635,6,86,938,v_to_u,1,112,939,86,6,86,6,
MOT17-04-FRCNN,1636,8,86,938,v_to_u,1,112,939,86,8,86,8,
MOT17-04-FRCNN,1637,12,86,938,v_to_u,1,112,939,86,12,86,12,
MOT17-04-FRCNN,1638,13,86,938,v_to_u,1,112,939,86,13,86,13,
MOT17-04-FRCNN,1639,14,86,938,v_to_u,1,112,939,86,14,86,14,
MOT17-04-FRCNN,1640,15,86,938,v_to_u,1,112,939,86,15,86,15,
MOT17-04-FRCNN,1641,16,86,938,v_to_u,1,112,939,86,16,86,16,
MOT17-04-FRCNN,1642,17,86,938,v_to_u,1,112,939,86,17,86,17,
MOT17-04-FRCNN,1643,18,86,938,v_to_u,1,112,939,86,18,86,18,
MOT17-04-FRCNN,1644,19,86,938,v_to_u,1,112,939,86,19,86,19,
MOT17-04-FRCNN,1645,21,86,938,v_to_u,1,112,939,86,21,86,21,
MOT17-04-FRCNN,1646,25,86,938,v_to_u,1,112,939,86,25,86,25,
MOT17-04-FRCNN,1647,27,86,938,v_to_u,1,112,939,86,27,86,27,
MOT17-04-FRCNN,1648,36,86,938,v_to_u,1,112,939,86,36,86,36,
MOT17-04-FRCNN,1649,37,86,938,v_to_u,1,112,939,86,37,86,37,
MOT17-04-FRCNN,1650,41,86,938,v_to_u,1,112,939,86,41,86,41,
MOT17-04-FRCNN,1651,42,86,938,v_to_u,1,112,939,86,42,86,42,
MOT17-04-FRCNN,1652,44,86,938,v_to_u,1,112,939,86,44,86,44,
MOT17-04-FRCNN,1653,51,86,938,v_to_u,1,112,939,86,51,86,51,
MOT17-04-FRCNN,1654,54,86,938,v_to_u,1,112,939,86,54,86,54,
MOT17-04-FRCNN,1655,56,86,938,v_to_u,1,112,939,86,56,86,56,
MOT17-04-FRCNN,1656,57,86,938,v_to_u,1,112,939,86,57,86,57,
MOT17-04-FRCNN,1657,59,86,938,v_to_u,1,112,939,86,59,86,59,
MOT17-04-FRCNN,1658,61,86,938,v_to_u,1,112,939,86,61,86,61,
MOT17-04-FRCNN,1659,62,86,938,v_to_u,1,112,939,86,62,86,62,
MOT17-04-FRCNN,1660,63,86,938,v_to_u,1,112,939,86,63,86,63,
MOT17-04-FRCNN,1661,64,86,938,v_to_u,1,112,939,86,64,86,64,
MOT17-04-FRCNN,1662,65,86,938,v_to_u,1,53,939,86,65,86,65,
MOT17-04-FRCNN,1663,66,86,938,v_to_u,1,112,939,86,66,86,66,
MOT17-04-FRCNN,1664,67,86,938,v_to_u,1,112,939,86,67,86,67,
MOT17-04-FRCNN,1665,68,86,938,v_to_u,1,112,939,86,68,86,68,
MOT17-04-FRCNN,1666,69,86,938,v_to_u,1,83,939,86,69,86,69,
MOT17-04-FRCNN,1667,70,86,938,v_to_u,1,112,939,86,70,86,70,
MOT17-04-FRCNN,1668,72,86,938,v_to_u,1,112,939,86,72,86,72,
MOT17-04-FRCNN,1669,73,86,938,v_to_u,1,112,939,86,73,86,73,
MOT17-04-FRCNN,1670,74,86,938,v_to_u,1,112,939,86,74,86,74,
MOT17-04-FRCNN,1671,76,86,938,v_to_u,1,112,939,86,76,86,76,
MOT17-04-FRCNN,1672,77,86,938,v_to_u,1,112,939,86,77,86,77,
MOT17-04-FRCNN,1673,78,86,938,v_to_u,1,112,939,86,78,86,78,
MOT17-04-FRCNN,1674,79,86,938,v_to_u,1,112,939,86,79,86,79,
MOT17-04-FRCNN,1675,80,86,938,v_to_u,1,112,939,86,80,86,80,
MOT17-04-FRCNN,1676,81,86,938,v_to_u,1,112,939,86,81,86,81,
MOT17-04-FRCNN,1677,82,86,938,v_to_u,1,112,939,86,82,86,82,
MOT17-04-FRCNN,1678,83,86,938,v_to_u,1,112,939,86,83,86,83,
MOT17-04-FRCNN,1679,84,86,938,v_to_u,1,112,939,86,84,86,84,
MOT17-04-FRCNN,1680,1,88,977,v_to_u,1,73,978,88,1,88,1,
MOT17-04-FRCNN,1681,2,88,977,v_to_u,1,73,978,88,2,88,2,
MOT17-04-FRCNN,1682,3,88,977,v_to_u,1,73,978,88,3,88,3,
MOT17-04-FRCNN,1683,6,88,977,v_to_u,1,73,978,88,6,88,6,
MOT17-04-FRCNN,1684,8,88,977,v_to_u,1,73,978,88,8,88,8,
MOT17-04-FRCNN,1685,12,88,977,v_to_u,1,73,978,88,12,88,12,
MOT17-04-FRCNN,1686,13,88,977,v_to_u,1,73,978,88,13,88,13,
MOT17-04-FRCNN,1687,14,88,977,v_to_u,1,73,978,88,14,88,14,
MOT17-04-FRCNN,1688,15,88,977,v_to_u,1,73,978,88,15,88,15,
MOT17-04-FRCNN,1689,16,88,977,v_to_u,1,73,978,88,16,88,16,
MOT17-04-FRCNN,1690,17,88,977,v_to_u,1,73,978,88,17,88,17,
MOT17-04-FRCNN,1691,18,88,977,v_to_u,1,73,978,88,18,88,18,
MOT17-04-FRCNN,1692,19,88,977,v_to_u,1,73,978,88,19,88,19,
MOT17-04-FRCNN,1693,21,88,977,v_to_u,1,73,978,88,21,88,21,
MOT17-04-FRCNN,1694,25,88,977,v_to_u,1,73,978,88,25,88,25,
MOT17-04-FRCNN,1695,27,88,977,v_to_u,1,73,978,88,27,88,27,
MOT17-04-FRCNN,1696,36,88,977,v_to_u,1,73,978,88,36,88,36,
MOT17-04-FRCNN,1697,37,88,977,v_to_u,1,73,978,88,37,88,37,
MOT17-04-FRCNN,1698,41,88,977,v_to_u,1,73,978,88,41,88,41,
MOT17-04-FRCNN,1699,42,88,977,v_to_u,1,73,978,88,42,88,42,
MOT17-04-FRCNN,1700,44,88,977,v_to_u,1,73,978,88,44,88,44,
MOT17-04-FRCNN,1701,51,88,977,v_to_u,1,73,978,88,51,88,51,
MOT17-04-FRCNN,1702,54,88,977,v_to_u,1,73,978,88,54,88,54,
MOT17-04-FRCNN,1703,56,88,977,v_to_u,1,73,978,88,56,88,56,
MOT17-04-FRCNN,1704,57,88,977,v_to_u,1,73,978,88,57,88,57,
MOT17-04-FRCNN,1705,59,88,977,v_to_u,1,73,978,88,59,88,59,
MOT17-04-FRCNN,1706,61,88,977,v_to_u,1,73,978,88,61,88,61,
MOT17-04-FRCNN,1707,62,88,977,v_to_u,1,73,978,88,62,88,62,
MOT17-04-FRCNN,1708,63,88,977,v_to_u,1,73,978,88,63,88,63,
MOT17-04-FRCNN,1709,64,88,977,v_to_u,1,73,978,88,64,88,64,
MOT17-04-FRCNN,1710,65,88,977,v_to_u,1,14,978,88,65,88,65,
MOT17-04-FRCNN,1711,66,88,977,v_to_u,1,73,978,88,66,88,66,
MOT17-04-FRCNN,1712,67,88,977,v_to_u,1,73,978,88,67,88,67,
MOT17-04-FRCNN,1713,68,88,977,v_to_u,1,73,978,88,68,88,68,
MOT17-04-FRCNN,1714,69,88,977,v_to_u,1,44,978,88,69,88,69,
MOT17-04-FRCNN,1715,70,88,977,v_to_u,1,73,978,88,70,88,70,
MOT17-04-FRCNN,1716,72,88,977,v_to_u,1,73,978,88,72,88,72,
MOT17-04-FRCNN,1717,73,88,977,v_to_u,1,73,978,88,73,88,73,
MOT17-04-FRCNN,1718,74,88,977,v_to_u,1,73,978,88,74,88,74,
MOT17-04-FRCNN,1719,76,88,977,v_to_u,1,73,978,88,76,88,76,
MOT17-04-FRCNN,1720,77,88,977,v_to_u,1,73,978,88,77,88,77,
MOT17-04-FRCNN,1721,78,88,977,v_to_u,1,73,978,88,78,88,78,
MOT17-04-FRCNN,1722,79,88,977,v_to_u,1,73,978,88,79,88,79,
MOT17-04-FRCNN,1723,80,88,977,v_to_u,1,73,978,88,80,88,80,
MOT17-04-FRCNN,1724,81,88,977,v_to_u,1,73,978,88,81,88,81,
MOT17-04-FRCNN,1725,82,88,977,v_to_u,1,73,978,88,82,88,82,
MOT17-04-FRCNN,1726,83,88,977,v_to_u,1,73,978,88,83,88,83,
MOT17-04-FRCNN,1727,84,88,977,v_to_u,1,73,978,88,84,88,84,
MOT17-04-FRCNN,1728,87,88,977,v_to_u,1,73,978,88,87,88,87,
MOT17-04-FRCNN,1729,1,65,991,v_to_u,1,59,992,65,1,65,1,
MOT17-04-FRCNN,1730,2,65,991,v_to_u,1,59,992,65,2,65,2,
MOT17-04-FRCNN,1731,3,65,991,v_to_u,1,59,992,65,3,65,3,
MOT17-04-FRCNN,1732,6,65,991,v_to_u,1,59,992,65,6,65,6,
MOT17-04-FRCNN,1733,8,65,991,v_to_u,1,59,992,65,8,65,8,
MOT17-04-FRCNN,1734,12,65,991,v_to_u,1,59,992,65,12,65,12,
MOT17-04-FRCNN,1735,13,65,991,v_to_u,1,59,992,65,13,65,13,
MOT17-04-FRCNN,1736,14,65,991,v_to_u,1,59,992,65,14,65,14,
MOT17-04-FRCNN,1737,15,65,991,v_to_u,1,59,992,65,15,65,15,
MOT17-04-FRCNN,1738,16,65,991,v_to_u,1,59,992,65,16,65,16,
MOT17-04-FRCNN,1739,17,65,991,v_to_u,1,59,992,65,17,65,17,
MOT17-04-FRCNN,1740,18,65,991,v_to_u,1,59,992,65,18,65,18,
MOT17-04-FRCNN,1741,19,65,991,v_to_u,1,59,992,65,19,65,19,
MOT17-04-FRCNN,1742,21,65,991,v_to_u,1,59,992,65,21,65,21,
MOT17-04-FRCNN,1743,25,65,991,v_to_u,1,59,992,65,25,65,25,
MOT17-04-FRCNN,1744,27,65,991,v_to_u,1,59,992,65,27,65,27,
MOT17-04-FRCNN,1745,36,65,991,v_to_u,1,59,992,65,36,65,36,
MOT17-04-FRCNN,1746,37,65,991,v_to_u,1,59,992,65,37,65,37,
MOT17-04-FRCNN,1747,41,65,991,v_to_u,1,59,992,65,41,65,41,
MOT17-04-FRCNN,1748,42,65,991,v_to_u,1,59,992,65,42,65,42,
MOT17-04-FRCNN,1749,44,65,991,v_to_u,1,59,992,65,44,65,44,
MOT17-04-FRCNN,1750,51,65,991,v_to_u,1,59,992,65,51,65,51,
MOT17-04-FRCNN,1751,54,65,991,v_to_u,1,59,992,65,54,65,54,
MOT17-04-FRCNN,1752,56,65,991,v_to_u,1,59,992,65,56,65,56,
MOT17-04-FRCNN,1753,57,65,991,v_to_u,1,59,992,65,57,65,57,
MOT17-04-FRCNN,1754,59,65,991,v_to_u,1,59,992,65,59,65,59,
MOT17-04-FRCNN,1755,61,65,991,v_to_u,1,59,992,65,61,65,61,
MOT17-04-FRCNN,1756,62,65,991,v_to_u,1,59,992,65,62,65,62,
MOT17-04-FRCNN,1757,63,65,991,v_to_u,1,59,992,65,63,65,63,
MOT17-04-FRCNN,1758,64,65,991,v_to_u,1,59,992,65,64,65,64,
MOT17-04-FRCNN,1759,65,66,991,u_to_v,1,59,992,65,66,65,66,
MOT17-04-FRCNN,1760,65,67,991,u_to_v,1,59,992,65,67,65,67,
MOT17-04-FRCNN,1761,65,68,991,u_to_v,1,59,992,65,68,65,68,
MOT17-04-FRCNN,1762,65,69,991,u_to_v,1,30,1021,65,69,65,69,
MOT17-04-FRCNN,1763,65,70,991,u_to_v,1,59,992,65,70,65,70,
MOT17-04-FRCNN,1764,65,72,991,u_to_v,1,59,992,65,72,65,72,
MOT17-04-FRCNN,1765,65,73,991,u_to_v,1,59,992,65,73,65,73,
MOT17-04-FRCNN,1766,65,74,991,u_to_v,1,59,992,65,74,65,74,
MOT17-04-FRCNN,1767,65,76,991,u_to_v,1,59,992,65,76,65,76,
MOT17-04-FRCNN,1768,65,77,991,u_to_v,1,59,992,65,77,65,77,
MOT17-04-FRCNN,1769,65,78,991,u_to_v,1,59,992,65,78,65,78,
MOT17-04-FRCNN,1770,65,79,991,u_to_v,1,59,992,65,79,65,79,
MOT17-04-FRCNN,1771,65,80,991,u_to_v,1,59,992,65,80,65,80,
MOT17-04-FRCNN,1772,65,81,991,u_to_v,1,59,992,65,81,65,81,
MOT17-04-FRCNN,1773,65,82,991,u_to_v,1,59,992,65,82,65,82,
MOT17-04-FRCNN,1774,65,83,991,u_to_v,1,59,992,65,83,65,83,
MOT17-04-FRCNN,1775,65,84,991,u_to_v,1,59,992,65,84,65,84,
MOT17-04-FRCNN,1776,65,87,991,u_to_v,1,59,992,65,87,65,87,
MOT17-04-FRCNN,1777,65,89,991,u_to_v,1,59,992,65,89,65,89,
MOT17-05-FRCNN,1,1,8,6,v_to_u,1,256,7,8,1,8,1,
MOT17-05-FRCNN,2,2,8,6,v_to_u,1,376,7,8,2,8,2,
MOT17-05-FRCNN,3,3,8,6,v_to_u,1,9,7,8,3,8,3,
MOT17-05-FRCNN,4,4,8,6,v_to_u,1,55,7,8,4,8,4,
MOT17-05-FRCNN,5,5,8,6,v_to_u,1,37,7,8,5,8,5,
MOT17-05-FRCNN,6,6,8,6,v_to_u,1,230,7,8,6,8,6,
MOT17-05-FRCNN,7,7,8,6,v_to_u,1,24,7,8,7,8,7,
MOT17-05-FRCNN,8,1,9,7,v_to_u,1,255,8,9,1,9,1,
MOT17-05-FRCNN,9,1,10,7,v_to_u,1,255,8,10,1,10,1,
MOT17-05-FRCNN,10,2,9,7,v_to_u,1,375,8,9,2,9,2,
MOT17-05-FRCNN,11,2,10,7,v_to_u,1,375,8,10,2,10,2,
MOT17-05-FRCNN,12,3,9,7,v_to_u,1,8,8,9,3,9,3,
MOT17-05-FRCNN,13,3,10,7,v_to_u,1,8,8,10,3,10,3,
MOT17-05-FRCNN,14,4,9,7,v_to_u,1,54,8,9,4,9,4,
MOT17-05-FRCNN,15,4,10,7,v_to_u,1,54,8,10,4,10,4,
MOT17-05-FRCNN,16,5,9,7,v_to_u,1,36,8,9,5,9,5,
MOT17-05-FRCNN,17,5,10,7,v_to_u,1,36,8,10,5,10,5,
MOT17-05-FRCNN,18,6,9,7,v_to_u,1,229,8,9,6,9,6,
MOT17-05-FRCNN,19,6,10,7,v_to_u,1,229,8,10,6,10,6,
MOT17-05-FRCNN,20,7,9,7,v_to_u,1,23,8,9,7,9,7,
MOT17-05-FRCNN,21,7,10,7,v_to_u,1,23,8,10,7,10,7,
MOT17-05-FRCNN,22,1,11,8,v_to_u,1,254,9,11,1,11,1,
MOT17-05-FRCNN,23,2,11,8,v_to_u,1,374,9,11,2,11,2,
MOT17-05-FRCNN,24,3,11,8,v_to_u,1,7,9,11,3,11,3,
MOT17-05-FRCNN,25,4,11,8,v_to_u,1,53,9,11,4,11,4,
MOT17-05-FRCNN,26,5,11,8,v_to_u,1,35,9,11,5,11,5,
MOT17-05-FRCNN,27,6,11,8,v_to_u,1,228,9,11,6,11,6,
MOT17-05-FRCNN,28,7,11,8,v_to_u,1,22,9,11,7,11,7,
MOT17-05-FRCNN,29,1,12,9,v_to_u,1,253,10,12,1,12,1,
MOT17-05-FRCNN,30,1,13,9,v_to_u,1,253,10,13,1,13,1,
MOT17-05-FRCNN,31,2,12,9,v_to_u,1,373,10,12,2,12,2,
MOT17-05-FRCNN,32,2,13,9,v_to_u,1,373,10,13,2,13,2,
MOT17-05-FRCNN,33,3,12,9,v_to_u,1,6,10,12,3,12,3,
MOT17-05-FRCNN,34,3,13,9,v_to_u,1,6,10,13,3,13,3,
MOT17-05-FRCNN,35,4,12,9,v_to_u,1,52,10,12,4,12,4,
MOT17-05-FRCNN,36,4,13,9,v_to_u,1,52,10,13,4,13,4,
MOT17-05-FRCNN,37,5,12,9,v_to_u,1,34,10,12,5,12,5,
MOT17-05-FRCNN,38,5,13,9,v_to_u,1,34,10,13,5,13,5,
MOT17-05-FRCNN,39,6,12,9,v_to_u,1,227,10,12,6,12,6,
MOT17-05-FRCNN,40,6,13,9,v_to_u,1,227,10,13,6,13,6,
MOT17-05-FRCNN,41,7,12,9,v_to_u,1,21,10,12,7,12,7,
MOT17-05-FRCNN,42,7,13,9,v_to_u,1,21,10,13,7,13,7,
MOT17-05-FRCNN,43,1,14,10,v_to_u,1,252,11,14,1,14,1,
MOT17-05-FRCNN,44,2,14,10,v_to_u,1,372,11,14,2,14,2,
MOT17-05-FRCNN,45,3,14,10,v_to_u,1,5,11,14,3,14,3,
MOT17-05-FRCNN,46,4,14,10,v_to_u,1,51,11,14,4,14,4,
MOT17-05-FRCNN,47,5,14,10,v_to_u,1,33,11,14,5,14,5,
MOT17-05-FRCNN,48,6,14,10,v_to_u,1,226,11,14,6,14,6,
MOT17-05-FRCNN,49,7,14,10,v_to_u,1,20,11,14,7,14,7,
MOT17-05-FRCNN,50,14,15,10,u_to_v,1,51,11,14,15,14,15,
MOT17-05-FRCNN,51,1,16,11,v_to_u,1,251,12,16,1,16,1,
MOT17-05-FRCNN,52,2,16,11,v_to_u,1,371,12,16,2,16,2,
MOT17-05-FRCNN,53,3,16,11,v_to_u,1,4,12,16,3,16,3,
MOT17-05-FRCNN,54,4,16,11,v_to_u,1,50,12,16,4,16,4,
MOT17-05-FRCNN,55,5,16,11,v_to_u,1,32,12,16,5,16,5,
MOT17-05-FRCNN,56,6,16,11,v_to_u,1,225,12,16,6,16,6,
MOT17-05-FRCNN,57,7,16,11,v_to_u,1,19,12,16,7,16,7,
MOT17-05-FRCNN,58,15,16,11,v_to_u,1,50,12,16,15,16,15,
MOT17-05-FRCNN,59,1,17,14,v_to_u,1,248,15,17,1,17,1,
MOT17-05-FRCNN,60,2,17,14,v_to_u,1,368,15,17,2,17,2,
MOT17-05-FRCNN,61,3,17,14,v_to_u,1,1,15,17,3,17,3,
MOT17-05-FRCNN,62,4,17,14,v_to_u,1,47,15,17,4,17,4,
MOT17-05-FRCNN,63,5,17,14,v_to_u,1,29,15,17,5,17,5,
MOT17-05-FRCNN,64,6,17,14,v_to_u,1,222,15,17,6,17,6,
MOT17-05-FRCNN,65,7,17,14,v_to_u,1,16,15,17,7,17,7,
MOT17-05-FRCNN,66,15,17,14,v_to_u,1,47,15,17,15,17,15,
MOT17-05-FRCNN,67,1,3,15,v_to_u,1,247,16,3,1,3,1,
MOT17-05-FRCNN,68,1,19,15,v_to_u,1,247,16,19,1,19,1,
MOT17-05-FRCNN,69,2,3,15,v_to_u,1,367,16,3,2,3,2,
MOT17-05-FRCNN,70,2,19,15,v_to_u,1,367,16,19,2,19,2,
MOT17-05-FRCNN,71,3,4,15,u_to_v,1,46,16,3,4,3,4,
MOT17-05-FRCNN,72,3,5,15,u_to_v,1,28,16,3,5,3,5,
MOT17-05-FRCNN,73,3,6,15,u_to_v,1,221,16,3,6,3,6,
MOT17-05-FRCNN,74,3,7,15,u_to_v,1,15,16,3,7,3,7,
MOT17-05-FRCNN,75,3,15,15,u_to_v,1,46,16,3,15,3,15,
MOT17-05-FRCNN,76,3,18,15,u_to_v,1,305,16,3,18,3,18,
MOT17-05-FRCNN,77,4,19,15,v_to_u,1,46,16,19,4,19,4,
MOT17-05-FRCNN,78,5,19,15,v_to_u,1,28,16,19,5,19,5,
MOT17-05-FRCNN,79,6,19,15,v_to_u,1,221,16,19,6,19,6,
MOT17-05-FRCNN,80,7,19,15,v_to_u,1,15,16,19,7,19,7,
MOT17-05-FRCNN,81,15,19,15,v_to_u,1,46,16,19,15,19,15,
MOT17-05-FRCNN,82,18,19,15,v_to_u,1,305,16,19,18,19,18,
MOT17-05-FRCNN,83,1,20,17,v_to_u,1,245,18,20,1,20,1,
MOT17-05-FRCNN,84,2,20,17,v_to_u,1,365,18,20,2,20,2,
MOT17-05-FRCNN,85,4,20,17,v_to_u,1,44,18,20,4,20,4,
MOT17-05-FRCNN,86,5,20,17,v_to_u,1,26,18,20,5,20,5,
MOT17-05-FRCNN,87,6,20,17,v_to_u,1,219,18,20,6,20,6,
MOT17-05-FRCNN,88,7,20,17,v_to_u,1,13,18,20,7,20,7,
MOT17-05-FRCNN,89,15,20,17,v_to_u,1,44,18,20,15,20,15,
MOT17-05-FRCNN,90,18,20,17,v_to_u,1,303,18,20,18,20,18,
MOT17-05-FRCNN,91,1,22,19,v_to_u,1,243,20,22,1,22,1,
MOT17-05-FRCNN,92,2,22,19,v_to_u,1,363,20,22,2,22,2,
MOT17-05-FRCNN,93,4,22,19,v_to_u,1,42,20,22,4,22,4,
MOT17-05-FRCNN,94,5,22,19,v_to_u,1,24,20,22,5,22,5,
MOT17-05-FRCNN,95,6,22,19,v_to_u,1,217,20,22,6,22,6,
MOT17-05-FRCNN,96,7,22,19,v_to_u,1,11,20,22,7,22,7,
MOT17-05-FRCNN,97,15,22,19,v_to_u,1,42,20,22,15,22,15,
MOT17-05-FRCNN,98,18,22,19,v_to_u,1,301,20,22,18,22,18,
MOT17-05-FRCNN,99,21,22,19,v_to_u,1,5,20,22,21,22,21,
MOT17-05-FRCNN,100,1,21,24,v_to_u,1,238,25,21,1,21,1,
MOT17-05-FRCNN,101,2,21,24,v_to_u,1,358,25,21,2,21,2,
MOT17-05-FRCNN,102,4,21,24,v_to_u,1,37,25,21,4,21,4,
MOT17-05-FRCNN,103,5,21,24,v_to_u,1,19,25,21,5,21,5,
MOT17-05-FRCNN,104,6,21,24,v_to_u,1,212,25,21,6,21,6,
MOT17-05-FRCNN,105,7,21,24,v_to_u,1,6,25,21,7,21,7,
MOT17-05-FRCNN,106,15,21,24,v_to_u,1,37,25,21,15,21,15,
MOT17-05-FRCNN,107,18,21,24,v_to_u,1,296,25,21,18,21,18,
MOT17-05-FRCNN,108,1,7,30,v_to_u,1,232,31,7,1,7,1,
MOT17-05-FRCNN,109,2,7,30,v_to_u,1,352,31,7,2,7,2,
MOT17-05-FRCNN,110,4,7,30,v_to_u,1,31,31,7,4,7,4,
MOT17-05-FRCNN,111,5,7,30,v_to_u,1,13,31,7,5,7,5,
MOT17-05-FRCNN,112,6,7,30,v_to_u,1,206,31,7,6,7,6,
MOT17-05-FRCNN,113,7,15,30,u_to_v,1,31,31,7,15,7,15,
MOT17-05-FRCNN,114,7,18,30,u_to_v,1,290,31,7,18,7,18,
MOT17-05-FRCNN,115,1,24,41,v_to_u,1,221,42,24,1,24,1,
MOT17-05-FRCNN,116,2,24,41,v_to_u,1,341,42,24,2,24,2,
MOT17-05-FRCNN,117,4,24,41,v_to_u,1,20,42,24,4,24,4,
MOT17-05-FRCNN,118,5,24,41,v_to_u,1,2,42,24,5,24,5,
MOT17-05-FRCNN,119,6,24,41,v_to_u,1,195,42,24,6,24,6,
MOT17-05-FRCNN,120,15,24,41,v_to_u,1,20,42,24,15,24,15,
MOT17-05-FRCNN,121,18,24,41,v_to_u,1,279,42,24,18,24,18,
MOT17-05-FRCNN,122,23,24,41,v_to_u,1,43,42,24,23,24,23,
MOT17-05-FRCNN,123,1,5,43,v_to_u,1,219,44,5,1,5,1,
MOT17-05-FRCNN,124,2,5,43,v_to_u,1,339,44,5,2,5,2,
MOT17-05-FRCNN,125,4,5,43,v_to_u,1,18,44,5,4,5,4,
MOT17-05-FRCNN,126,5,6,43,u_to_v,1,193,44,5,6,5,6,
MOT17-05-FRCNN,127,5,15,43,u_to_v,1,18,44,5,15,5,15,
MOT17-05-FRCNN,128,5,18,43,u_to_v,1,277,44,5,18,5,18,
MOT17-05-FRCNN,129,5,23,43,u_to_v,1,41,44,5,23,5,23,
MOT17-05-FRCNN,130,1,4,61,v_to_u,1,201,62,4,1,4,1,
MOT17-05-FRCNN,131,1,15,61,v_to_u,1,201,62,15,1,15,1,
MOT17-05-FRCNN,132,2,4,61,v_to_u,1,321,62,4,2,4,2,
MOT17-05-FRCNN,133,2,15,61,v_to_u,1,321,62,15,2,15,2,
MOT17-05-FRCNN,134,4,6,61,u_to_v,1,175,62,4,6,4,6,
MOT17-05-FRCNN,135,4,18,61,u_to_v,1,259,62,4,18,4,18,
MOT17-05-FRCNN,136,4,23,61,u_to_v,1,23,62,4,23,4,23,
MOT17-05-FRCNN,137,4,25,61,u_to_v,1,104,62,4,25,4,25,
MOT17-05-FRCNN,138,6,15,61,v_to_u,1,175,62,15,6,15,6,
MOT17-05-FRCNN,139,15,18,61,u_to_v,1,259,62,15,18,15,18,
MOT17-05-FRCNN,140,15,23,61,u_to_v,1,23,62,15,23,15,23,
MOT17-05-FRCNN,141,15,25,61,u_to_v,1,104,62,15,25,15,25,
MOT17-05-FRCNN,142,1,26,70,v_to_u,1,192,71,26,1,26,1,
MOT17-05-FRCNN,143,2,26,70,v_to_u,1,312,71,26,2,26,2,
MOT17-05-FRCNN,144,6,26,70,v_to_u,1,166,71,26,6,26,6,
MOT17-05-FRCNN,145,18,26,70,v_to_u,1,250,71,26,18,26,18,
MOT17-05-FRCNN,146,23,26,70,v_to_u,1,14,71,26,23,26,23,
MOT17-05-FRCNN,147,25,26,70,v_to_u,1,95,71,26,25,26,25,
MOT17-05-FRCNN,148,26,27,70,u_to_v,1,15,71,26,27,26,27,
MOT17-05-FRCNN,149,26,28,70,u_to_v,1,135,71,26,28,26,28,
MOT17-05-FRCNN,150,1,23,84,v_to_u,1,178,85,23,1,23,1,
MOT17-05-FRCNN,151,2,23,84,v_to_u,1,298,85,23,2,23,2,
MOT17-05-FRCNN,152,6,23,84,v_to_u,1,152,85,23,6,23,6,
MOT17-05-FRCNN,153,18,23,84,v_to_u,1,236,85,23,18,23,18,
MOT17-05-FRCNN,154,23,25,84,u_to_v,1,81,85,23,25,23,25,
MOT17-05-FRCNN,155,23,27,84,u_to_v,1,1,85,23,27,23,27,
MOT17-05-FRCNN,156,23,28,84,u_to_v,1,121,85,23,28,23,28,
MOT17-05-FRCNN,157,1,27,85,v_to_u,1,177,86,27,1,27,1,
MOT17-05-FRCNN,158,2,27,85,v_to_u,1,297,86,27,2,27,2,
MOT17-05-FRCNN,159,6,27,85,v_to_u,1,151,86,27,6,27,6,
MOT17-05-FRCNN,160,18,27,85,v_to_u,1,235,86,27,18,27,18,
MOT17-05-FRCNN,161,25,27,85,v_to_u,1,80,86,27,25,27,25,
MOT17-05-FRCNN,162,27,28,85,u_to_v,1,120,86,27,28,27,28,
MOT17-05-FRCNN,163,27,29,85,u_to_v,1,4,86,27,29,27,29,
MOT17-05-FRCNN,164,1,29,89,v_to_u,1,173,90,29,1,29,1,
MOT17-05-FRCNN,165,2,29,89,v_to_u,1,293,90,29,2,29,2,
MOT17-05-FRCNN,166,6,29,89,v_to_u,1,147,90,29,6,29,6,
MOT17-05-FRCNN,167,18,29,89,v_to_u,1,231,90,29,18,29,18,
MOT17-05-FRCNN,168,25,29,89,v_to_u,1,76,90,29,25,29,25,
MOT17-05-FRCNN,169,28,29,89,v_to_u,1,116,90,29,28,29,28,
MOT17-05-FRCNN,170,29,30,89,u_to_v,1,168,90,29,30,29,30,
MOT17-05-FRCNN,171,29,31,89,u_to_v,1,34,90,29,31,29,31,
MOT17-05-FRCNN,172,1,33,96,v_to_u,1,166,97,33,1,33,1,
MOT17-05-FRCNN,173,2,33,96,v_to_u,1,286,97,33,2,33,2,
MOT17-05-FRCNN,174,6,33,96,v_to_u,1,140,97,33,6,33,6,
MOT17-05-FRCNN,175,18,33,96,v_to_u,1,224,97,33,18,33,18,
MOT17-05-FRCNN,176,25,33,96,v_to_u,1,69,97,33,25,33,25,
MOT17-05-FRCNN,177,28,33,96,v_to_u,1,109,97,33,28,33,28,
MOT17-05-FRCNN,178,30,33,96,v_to_u,1,161,97,33,30,33,30,
MOT17-05-FRCNN,179,31,33,96,v_to_u,1,27,97,33,31,33,31,
MOT17-05-FRCNN,180,32,33,96,v_to_u,1,48,97,33,32,33,32,
MOT17-05-FRCNN,181,1,31,123,v_to_u,1,139,124,31,1,31,1,
MOT17-05-FRCNN,182,2,31,123,v_to_u,1,259,124,31,2,31,2,
MOT17-05-FRCNN,183,6,31,123,v_to_u,1,113,124,31,6,31,6,
MOT17-05-FRCNN,184,18,31,123,v_to_u,1,197,124,31,18,31,18,
MOT17-05-FRCNN,185,25,31,123,v_to_u,1,42,124,31,25,31,25,
MOT17-05-FRCNN,186,28,31,123,v_to_u,1,82,124,31,28,31,28,
MOT17-05-FRCNN,187,30,31,123,v_to_u,1,134,124,31,30,31,30,
MOT17-05-FRCNN,188,31,32,123,u_to_v,1,21,124,31,32,31,32,
MOT17-05-FRCNN,189,1,32,144,v_to_u,1,118,145,32,1,32,1,
MOT17-05-FRCNN,190,2,32,144,v_to_u,1,238,145,32,2,32,2,
MOT17-05-FRCNN,191,6,32,144,v_to_u,1,92,145,32,6,32,6,
MOT17-05-FRCNN,192,18,32,144,v_to_u,1,176,145,32,18,32,18,
MOT17-05-FRCNN,193,25,32,144,v_to_u,1,21,145,32,25,32,25,
MOT17-05-FRCNN,194,28,32,144,v_to_u,1,61,145,32,28,32,28,
MOT17-05-FRCNN,195,30,32,144,v_to_u,1,113,145,32,30,32,30,
MOT17-05-FRCNN,196,32,34,144,u_to_v,1,71,145,32,34,32,34,
MOT17-05-FRCNN,197,32,35,144,u_to_v,1,99,145,32,35,32,35,
MOT17-05-FRCNN,198,1,25,165,v_to_u,1,97,166,25,1,25,1,
MOT17-05-FRCNN,199,2,25,165,v_to_u,1,217,166,25,2,25,2,
MOT17-05-FRCNN,200,6,25,165,v_to_u,1,71,166,25,6,25,6,
MOT17-05-FRCNN,201,18,25,165,v_to_u,1,155,166,25,18,25,18,
MOT17-05-FRCNN,202,25,28,165,u_to_v,1,40,166,25,28,25,28,
MOT17-05-FRCNN,203,25,30,165,u_to_v,1,92,166,25,30,25,30,
MOT17-05-FRCNN,204,25,34,165,u_to_v,1,50,166,25,34,25,34,
MOT17-05-FRCNN,205,25,35,165,u_to_v,1,78,166,25,35,25,35,
MOT17-05-FRCNN,206,1,28,205,v_to_u,1,57,206,28,1,28,1,
MOT17-05-FRCNN,207,2,28,205,v_to_u,1,177,206,28,2,28,2,
MOT17-05-FRCNN,208,6,28,205,v_to_u,1,31,206,28,6,28,6,
MOT17-05-FRCNN,209,18,28,205,v_to_u,1,115,206,28,18,28,18,
MOT17-05-FRCNN,210,28,30,205,u_to_v,1,52,206,28,30,28,30,
MOT17-05-FRCNN,211,28,34,205,u_to_v,1,10,206,28,34,28,34,
MOT17-05-FRCNN,212,28,35,205,u_to_v,1,38,206,28,35,28,35,
MOT17-05-FRCNN,213,28,36,205,u_to_v,1,1,206,28,36,28,36,
MOT17-05-FRCNN,214,1,36,206,v_to_u,1,56,207,36,1,36,1,
MOT17-05-FRCNN,215,2,36,206,v_to_u,1,176,207,36,2,36,2,
MOT17-05-FRCNN,216,6,36,206,v_to_u,1,30,207,36,6,36,6,
MOT17-05-FRCNN,217,18,36,206,v_to_u,1,114,207,36,18,36,18,
MOT17-05-FRCNN,218,30,36,206,v_to_u,1,51,207,36,30,36,30,
MOT17-05-FRCNN,219,34,36,206,v_to_u,1,9,207,36,34,36,34,
MOT17-05-FRCNN,220,35,36,206,v_to_u,1,37,207,36,35,36,35,
MOT17-05-FRCNN,221,1,34,215,v_to_u,1,47,216,34,1,34,1,
MOT17-05-FRCNN,222,2,34,215,v_to_u,1,167,216,34,2,34,2,
MOT17-05-FRCNN,223,6,34,215,v_to_u,1,21,216,34,6,34,6,
MOT17-05-FRCNN,224,18,34,215,v_to_u,1,105,216,34,18,34,18,
MOT17-05-FRCNN,225,30,34,215,v_to_u,1,42,216,34,30,34,30,
MOT17-05-FRCNN,226,34,35,215,u_to_v,1,28,216,34,35,34,35,
MOT17-05-FRCNN,227,1,37,229,v_to_u,1,33,230,37,1,37,1,
MOT17-05-FRCNN,228,2,37,229,v_to_u,1,153,230,37,2,37,2,
MOT17-05-FRCNN,229,6,37,229,v_to_u,1,7,230,37,6,37,6,
MOT17-05-FRCNN,230,18,37,229,v_to_u,1,91,230,37,18,37,18,
MOT17-05-FRCNN,231,30,37,229,v_to_u,1,28,230,37,30,37,30,
MOT17-05-FRCNN,232,35,37,229,v_to_u,1,14,230,37,35,37,35,
MOT17-05-FRCNN,233,37,38,229,u_to_v,1,17,230,37,38,37,38,
MOT17-05-FRCNN,234,1,6,236,v_to_u,1,26,237,6,1,6,1,
MOT17-05-FRCNN,235,1,39,236,v_to_u,1,26,237,39,1,39,1,
MOT17-05-FRCNN,236,2,6,236,v_to_u,1,146,237,6,2,6,2,
MOT17-05-FRCNN,237,2,39,236,v_to_u,1,146,237,39,2,39,2,
MOT17-05-FRCNN,238,6,18,236,u_to_v,1,84,237,6,18,6,18,
MOT17-05-FRCNN,239,6,30,236,u_to_v,1,21,237,6,30,6,30,
MOT17-05-FRCNN,240,6,35,236,u_to_v,1,7,237,6,35,6,35,
MOT17-05-FRCNN,241,6,38,236,u_to_v,1,10,237,6,38,6,38,
MOT17-05-FRCNN,242,6,40,236,u_to_v,1,7,237,6,40,6,40,
MOT17-05-FRCNN,243,18,39,236,v_to_u,1,84,237,39,18,39,18,
MOT17-05-FRCNN,244,30,39,236,v_to_u,1,21,237,39,30,39,30,
MOT17-05-FRCNN,245,35,39,236,v_to_u,1,7,237,39,35,39,35,
MOT17-05-FRCNN,246,38,39,236,v_to_u,1,10,237,39,38,39,38,
MOT17-05-FRCNN,247,39,40,236,u_to_v,1,7,237,39,40,39,40,
MOT17-05-FRCNN,248,1,42,241,v_to_u,1,21,242,42,1,42,1,
MOT17-05-FRCNN,249,2,42,241,v_to_u,1,141,242,42,2,42,2,
MOT17-05-FRCNN,250,18,42,241,v_to_u,1,79,242,42,18,42,18,
MOT17-05-FRCNN,251,30,42,241,v_to_u,1,16,242,42,30,42,30,
MOT17-05-FRCNN,252,35,42,241,v_to_u,1,2,242,42,35,42,35,
MOT17-05-FRCNN,253,38,42,241,v_to_u,1,5,242,42,38,42,38,
MOT17-05-FRCNN,254,40,42,241,v_to_u,1,2,242,42,40,42,40,
MOT17-05-FRCNN,255,41,42,241,v_to_u,1,2,242,42,41,42,41,
MOT17-05-FRCNN,256,42,43,241,u_to_v,1,15,242,42,43,42,43,
MOT17-05-FRCNN,257,42,44,241,u_to_v,1,14,242,42,44,42,44,
MOT17-05-FRCNN,258,1,35,243,v_to_u,1,19,244,35,1,35,1,
MOT17-05-FRCNN,259,1,40,243,v_to_u,1,19,244,40,1,40,1,
MOT17-05-FRCNN,260,1,41,243,v_to_u,1,19,244,41,1,41,1,
MOT17-05-FRCNN,261,2,35,243,v_to_u,1,139,244,35,2,35,2,
MOT17-05-FRCNN,262,2,40,243,v_to_u,1,139,244,40,2,40,2,
MOT17-05-FRCNN,263,2,41,243,v_to_u,1,139,244,41,2,41,2,
MOT17-05-FRCNN,264,18,35,243,v_to_u,1,77,244,35,18,35,18,
MOT17-05-FRCNN,265,18,40,243,v_to_u,1,77,244,40,18,40,18,
MOT17-05-FRCNN,266,18,41,243,v_to_u,1,77,244,41,18,41,18,
MOT17-05-FRCNN,267,30,35,243,v_to_u,1,14,244,35,30,35,30,
MOT17-05-FRCNN,268,30,40,243,v_to_u,1,14,244,40,30,40,30,
MOT17-05-FRCNN,269,30,41,243,v_to_u,1,14,244,41,30,41,30,
MOT17-05-FRCNN,270,35,38,243,u_to_v,1,3,244,35,38,35,38,
MOT17-05-FRCNN,271,35,43,243,u_to_v,1,13,244,35,43,35,43,
MOT17-05-FRCNN,272,35,44,243,u_to_v,1,12,244,35,44,35,44,
MOT17-05-FRCNN,273,35,45,243,u_to_v,1,5,244,35,45,35,45,
MOT17-05-FRCNN,274,35,46,243,u_to_v,1,40,244,35,46,35,46,
MOT17-05-FRCNN,275,35,47,243,u_to_v,1,46,244,35,47,35,47,
MOT17-05-FRCNN,276,38,40,243,v_to_u,1,3,244,40,38,40,38,
MOT17-05-FRCNN,277,38,41,243,v_to_u,1,3,244,41,38,41,38,
MOT17-05-FRCNN,278,40,43,243,u_to_v,1,13,244,40,43,40,43,
MOT17-05-FRCNN,279,40,44,243,u_to_v,1,12,244,40,44,40,44,
MOT17-05-FRCNN,280,40,45,243,u_to_v,1,5,244,40,45,40,45,
MOT17-05-FRCNN,281,40,46,243,u_to_v,1,40,244,40,46,40,46,
MOT17-05-FRCNN,282,40,47,243,u_to_v,1,46,244,40,47,40,47,
MOT17-05-FRCNN,283,41,43,243,u_to_v,1,13,244,41,43,41,43,
MOT17-05-FRCNN,284,41,44,243,u_to_v,1,12,244,41,44,41,44,
MOT17-05-FRCNN,285,41,45,243,u_to_v,1,5,244,41,45,41,45,
MOT17-05-FRCNN,286,41,46,243,u_to_v,1,40,244,41,46,41,46,
MOT17-05-FRCNN,287,41,47,243,u_to_v,1,46,244,41,47,41,47,
MOT17-05-FRCNN,288,1,38,246,v_to_u,1,16,247,38,1,38,1,
MOT17-05-FRCNN,289,2,38,246,v_to_u,1,136,247,38,2,38,2,
MOT17-05-FRCNN,290,18,38,246,v_to_u,1,74,247,38,18,38,18,
MOT17-05-FRCNN,291,30,38,246,v_to_u,1,11,247,38,30,38,30,
MOT17-05-FRCNN,292,38,43,246,u_to_v,1,10,247,38,43,38,43,
MOT17-05-FRCNN,293,38,44,246,u_to_v,1,9,247,38,44,38,44,
MOT17-05-FRCNN,294,38,45,246,u_to_v,1,2,247,38,45,38,45,
MOT17-05-FRCNN,295,38,46,246,u_to_v,1,37,247,38,46,38,46,
MOT17-05-FRCNN,296,38,47,246,u_to_v,1,43,247,38,47,38,47,
MOT17-05-FRCNN,297,1,45,248,v_to_u,1,14,249,45,1,45,1,
MOT17-05-FRCNN,298,2,45,248,v_to_u,1,134,249,45,2,45,2,
MOT17-05-FRCNN,299,18,45,248,v_to_u,1,72,249,45,18,45,18,
MOT17-05-FRCNN,300,30,45,248,v_to_u,1,9,249,45,30,45,30,
MOT17-05-FRCNN,301,43,45,248,v_to_u,1,8,249,45,43,45,43,
MOT17-05-FRCNN,302,44,45,248,v_to_u,1,7,249,45,44,45,44,
MOT17-05-FRCNN,303,45,46,248,u_to_v,1,35,249,45,46,45,46,
MOT17-05-FRCNN,304,45,47,248,u_to_v,1,41,249,45,47,45,47,
MOT17-05-FRCNN,305,1,51,251,v_to_u,1,11,252,51,1,51,1,
MOT17-05-FRCNN,306,2,51,251,v_to_u,1,131,252,51,2,51,2,
MOT17-05-FRCNN,307,18,51,251,v_to_u,1,69,252,51,18,51,18,
MOT17-05-FRCNN,308,30,51,251,v_to_u,1,6,252,51,30,51,30,
MOT17-05-FRCNN,309,43,51,251,v_to_u,1,5,252,51,43,51,43,
MOT17-05-FRCNN,310,44,51,251,v_to_u,1,4,252,51,44,51,44,
MOT17-05-FRCNN,311,46,51,251,v_to_u,1,32,252,51,46,51,46,
MOT17-05-FRCNN,312,47,51,251,v_to_u,1,38,252,51,47,51,47,
MOT17-05-FRCNN,313,48,51,251,v_to_u,1,4,252,51,48,51,48,
MOT17-05-FRCNN,314,49,51,251,v_to_u,1,8,252,51,49,51,49,
MOT17-05-FRCNN,315,50,51,251,v_to_u,1,19,252,51,50,51,50,
MOT17-05-FRCNN,316,1,44,255,v_to_u,1,7,256,44,1,44,1,
MOT17-05-FRCNN,317,1,48,255,v_to_u,1,7,256,48,1,48,1,
MOT17-05-FRCNN,318,1,53,255,v_to_u,1,7,256,53,1,53,1,
MOT17-05-FRCNN,319,2,44,255,v_to_u,1,127,256,44,2,44,2,
MOT17-05-FRCNN,320,2,48,255,v_to_u,1,127,256,48,2,48,2,
MOT17-05-FRCNN,321,2,53,255,v_to_u,1,127,256,53,2,53,2,
MOT17-05-FRCNN,322,18,44,255,v_to_u,1,65,256,44,18,44,18,
MOT17-05-FRCNN,323,18,48,255,v_to_u,1,65,256,48,18,48,18,
MOT17-05-FRCNN,324,18,53,255,v_to_u,1,65,256,53,18,53,18,
MOT17-05-FRCNN,325,30,44,255,v_to_u,1,2,256,44,30,44,30,
MOT17-05-FRCNN,326,30,48,255,v_to_u,1,2,256,48,30,48,30,
MOT17-05-FRCNN,327,30,53,255,v_to_u,1,2,256,53,30,53,30,
MOT17-05-FRCNN,328,43,44,255,v_to_u,1,1,256,44,43,44,43,
MOT17-05-FRCNN,329,43,48,255,v_to_u,1,1,256,48,43,48,43,
MOT17-05-FRCNN,330,43,53,255,v_to_u,1,1,256,53,43,53,43,
MOT17-05-FRCNN,331,44,46,255,u_to_v,1,28,256,44,46,44,46,
MOT17-05-FRCNN,332,44,47,255,u_to_v,1,34,256,44,47,44,47,
MOT17-05-FRCNN,333,44,49,255,u_to_v,1,4,256,44,49,44,49,
MOT17-05-FRCNN,334,44,50,255,u_to_v,1,15,256,44,50,44,50,
MOT17-05-FRCNN,335,44,52,255,u_to_v,1,28,256,44,52,44,52,
MOT17-05-FRCNN,336,46,48,255,v_to_u,1,28,256,48,46,48,46,
MOT17-05-FRCNN,337,46,53,255,v_to_u,1,28,256,53,46,53,46,
MOT17-05-FRCNN,338,47,48,255,v_to_u,1,34,256,48,47,48,47,
MOT17-05-FRCNN,339,47,53,255,v_to_u,1,34,256,53,47,53,47,
MOT17-05-FRCNN,340,48,49,255,u_to_v,1,4,256,48,49,48,49,
MOT17-05-FRCNN,341,48,50,255,u_to_v,1,15,256,48,50,48,50,
MOT17-05-FRCNN,342,48,52,255,u_to_v,1,28,256,48,52,48,52,
MOT17-05-FRCNN,343,49,53,255,v_to_u,1,4,256,53,49,53,49,
MOT17-05-FRCNN,344,50,53,255,v_to_u,1,15,256,53,50,53,50,
MOT17-05-FRCNN,345,52,53,255,v_to_u,1,28,256,53,52,53,52,
MOT17-05-FRCNN,346,1,43,256,v_to_u,1,6,257,43,1,43,1,
MOT17-05-FRCNN,347,2,43,256,v_to_u,1,126,257,43,2,43,2,
MOT17-05-FRCNN,348,18,43,256,v_to_u,1,64,257,43,18,43,18,
MOT17-05-FRCNN,349,30,43,256,v_to_u,1,1,257,43,30,43,30,
MOT17-05-FRCNN,350,43,46,256,u_to_v,1,27,257,43,46,43,46,
MOT17-05-FRCNN,351,43,47,256,u_to_v,1,33,257,43,47,43,47,
MOT17-05-FRCNN,352,43,49,256,u_to_v,1,3,257,43,49,43,49,
MOT17-05-FRCNN,353,43,50,256,u_to_v,1,14,257,43,50,43,50,
MOT17-05-FRCNN,354,43,52,256,u_to_v,1,27,257,43,52,43,52,
MOT17-05-FRCNN,355,43,54,256,u_to_v,1,4,257,43,54,43,54,
MOT17-05-FRCNN,356,43,55,256,u_to_v,1,6,257,43,55,43,55,
MOT17-05-FRCNN,357,1,30,257,v_to_u,1,5,258,30,1,30,1,
MOT17-05-FRCNN,358,1,56,257,v_to_u,1,5,258,56,1,56,1,
MOT17-05-FRCNN,359,2,30,257,v_to_u,1,125,258,30,2,30,2,
MOT17-05-FRCNN,360,2,56,257,v_to_u,1,125,258,56,2,56,2,
MOT17-05-FRCNN,361,18,30,257,v_to_u,1,63,258,30,18,30,18,
MOT17-05-FRCNN,362,18,56,257,v_to_u,1,63,258,56,18,56,18,
MOT17-05-FRCNN,363,30,46,257,u_to_v,1,26,258,30,46,30,46,
MOT17-05-FRCNN,364,30,47,257,u_to_v,1,32,258,30,47,30,47,
MOT17-05-FRCNN,365,30,49,257,u_to_v,1,2,258,30,49,30,49,
MOT17-05-FRCNN,366,30,50,257,u_to_v,1,13,258,30,50,30,50,
MOT17-05-FRCNN,367,30,52,257,u_to_v,1,26,258,30,52,30,52,
MOT17-05-FRCNN,368,30,54,257,u_to_v,1,3,258,30,54,30,54,
MOT17-05-FRCNN,369,30,55,257,u_to_v,1,5,258,30,55,30,55,
MOT17-05-FRCNN,370,46,56,257,v_to_u,1,26,258,56,46,56,46,
MOT17-05-FRCNN,371,47,56,257,v_to_u,1,32,258,56,47,56,47,
MOT17-05-FRCNN,372,49,56,257,v_to_u,1,2,258,56,49,56,49,
MOT17-05-FRCNN,373,50,56,257,v_to_u,1,13,258,56,50,56,50,
MOT17-05-FRCNN,374,52,56,257,v_to_u,1,26,258,56,52,56,52,
MOT17-05-FRCNN,375,54,56,257,v_to_u,1,3,258,56,54,56,54,
MOT17-05-FRCNN,376,55,56,257,v_to_u,1,5,258,56,55,56,55,
MOT17-05-FRCNN,377,1,49,259,v_to_u,1,3,260,49,1,49,1,
MOT17-05-FRCNN,378,2,49,259,v_to_u,1,123,260,49,2,49,2,
MOT17-05-FRCNN,379,18,49,259,v_to_u,1,61,260,49,18,49,18,
MOT17-05-FRCNN,380,46,49,259,v_to_u,1,24,260,49,46,49,46,
MOT17-05-FRCNN,381,47,49,259,v_to_u,1,30,260,49,47,49,47,
MOT17-05-FRCNN,382,49,50,259,u_to_v,1,11,260,49,50,49,50,
MOT17-05-FRCNN,383,49,52,259,u_to_v,1,24,260,49,52,49,52,
MOT17-05-FRCNN,384,49,54,259,u_to_v,1,1,260,49,54,49,54,
MOT17-05-FRCNN,385,49,55,259,u_to_v,1,3,260,49,55,49,55,
MOT17-05-FRCNN,386,1,54,260,v_to_u,1,2,261,54,1,54,1,
MOT17-05-FRCNN,387,2,54,260,v_to_u,1,122,261,54,2,54,2,
MOT17-05-FRCNN,388,18,54,260,v_to_u,1,60,261,54,18,54,18,
MOT17-05-FRCNN,389,46,54,260,v_to_u,1,23,261,54,46,54,46,
MOT17-05-FRCNN,390,47,54,260,v_to_u,1,29,261,54,47,54,47,
MOT17-05-FRCNN,391,50,54,260,v_to_u,1,10,261,54,50,54,50,
MOT17-05-FRCNN,392,52,54,260,v_to_u,1,23,261,54,52,54,52,
MOT17-05-FRCNN,393,54,55,260,u_to_v,1,2,261,54,55,54,55,
MOT17-05-FRCNN,394,1,2,262,u_to_v,1,120,263,1,2,1,2,
MOT17-05-FRCNN,395,1,18,262,u_to_v,1,58,263,1,18,1,18,
MOT17-05-FRCNN,396,1,46,262,u_to_v,1,21,263,1,46,1,46,
MOT17-05-FRCNN,397,1,47,262,u_to_v,1,27,263,1,47,1,47,
MOT17-05-FRCNN,398,1,50,262,u_to_v,1,8,263,1,50,1,50,
MOT17-05-FRCNN,399,1,52,262,u_to_v,1,21,263,1,52,1,52,
MOT17-05-FRCNN,400,2,55,262,v_to_u,1,120,263,55,2,55,2,
MOT17-05-FRCNN,401,18,55,262,v_to_u,1,58,263,55,18,55,18,
MOT17-05-FRCNN,402,46,55,262,v_to_u,1,21,263,55,46,55,46,
MOT17-05-FRCNN,403,47,55,262,v_to_u,1,27,263,55,47,55,47,
MOT17-05-FRCNN,404,50,55,262,v_to_u,1,8,263,55,50,55,50,
MOT17-05-FRCNN,405,52,55,262,v_to_u,1,21,263,55,52,55,52,
MOT17-05-FRCNN,406,2,57,269,v_to_u,1,113,270,57,2,57,2,
MOT17-05-FRCNN,407,18,57,269,v_to_u,1,51,270,57,18,57,18,
MOT17-05-FRCNN,408,46,57,269,v_to_u,1,14,270,57,46,57,46,
MOT17-05-FRCNN,409,47,57,269,v_to_u,1,20,270,57,47,57,47,
MOT17-05-FRCNN,410,50,57,269,v_to_u,1,1,270,57,50,57,50,
MOT17-05-FRCNN,411,52,57,269,v_to_u,1,14,270,57,52,57,52,
MOT17-05-FRCNN,412,2,50,270,v_to_u,1,112,271,50,2,50,2,
MOT17-05-FRCNN,413,18,50,270,v_to_u,1,50,271,50,18,50,18,
MOT17-05-FRCNN,414,46,50,270,v_to_u,1,13,271,50,46,50,46,
MOT17-05-FRCNN,415,47,50,270,v_to_u,1,19,271,50,47,50,47,
MOT17-05-FRCNN,416,50,52,270,u_to_v,1,13,271,50,52,50,52,
MOT17-05-FRCNN,417,2,58,271,v_to_u,1,111,272,58,2,58,2,
MOT17-05-FRCNN,418,18,58,271,v_to_u,1,49,272,58,18,58,18,
MOT17-05-FRCNN,419,46,58,271,v_to_u,1,12,272,58,46,58,46,
MOT17-05-FRCNN,420,47,58,271,v_to_u,1,18,272,58,47,58,47,
MOT17-05-FRCNN,421,52,58,271,v_to_u,1,12,272,58,52,58,52,
MOT17-05-FRCNN,422,2,63,282,v_to_u,1,100,283,63,2,63,2,
MOT17-05-FRCNN,423,2,65,282,v_to_u,1,100,283,65,2,65,2,
MOT17-05-FRCNN,424,2,66,282,v_to_u,1,100,283,66,2,66,2,
MOT17-05-FRCNN,425,18,63,282,v_to_u,1,38,283,63,18,63,18,
MOT17-05-FRCNN,426,18,65,282,v_to_u,1,38,283,65,18,65,18,
MOT17-05-FRCNN,427,18,66,282,v_to_u,1,38,283,66,18,66,18,
MOT17-05-FRCNN,428,46,63,282,v_to_u,1,1,283,63,46,63,46,
MOT17-05-FRCNN,429,46,65,282,v_to_u,1,1,283,65,46,65,46,
MOT17-05-FRCNN,430,46,66,282,v_to_u,1,1,283,66,46,66,46,
MOT17-05-FRCNN,431,47,63,282,v_to_u,1,7,283,63,47,63,47,
MOT17-05-FRCNN,432,47,65,282,v_to_u,1,7,283,65,47,65,47,
MOT17-05-FRCNN,433,47,66,282,v_to_u,1,7,283,66,47,66,47,
MOT17-05-FRCNN,434,52,63,282,v_to_u,1,1,283,63,52,63,52,
MOT17-05-FRCNN,435,52,65,282,v_to_u,1,1,283,65,52,65,52,
MOT17-05-FRCNN,436,52,66,282,v_to_u,1,1,283,66,52,66,52,
MOT17-05-FRCNN,437,59,63,282,v_to_u,1,33,283,63,59,63,59,
MOT17-05-FRCNN,438,59,65,282,v_to_u,1,33,283,65,59,65,59,
MOT17-05-FRCNN,439,59,66,282,v_to_u,1,33,283,66,59,66,59,
MOT17-05-FRCNN,440,60,63,282,v_to_u,1,14,283,63,60,63,60,
MOT17-05-FRCNN,441,60,65,282,v_to_u,1,14,283,65,60,65,60,
MOT17-05-FRCNN,442,60,66,282,v_to_u,1,14,283,66,60,66,60,
MOT17-05-FRCNN,443,61,63,282,v_to_u,1,1,283,63,61,63,61,
MOT17-05-FRCNN,444,61,65,282,v_to_u,1,1,283,65,61,65,61,
MOT17-05-FRCNN,445,61,66,282,v_to_u,1,1,283,66,61,66,61,
MOT17-05-FRCNN,446,62,63,282,v_to_u,1,24,283,63,62,63,62,
MOT17-05-FRCNN,447,62,65,282,v_to_u,1,24,283,65,62,65,62,
MOT17-05-FRCNN,448,62,66,282,v_to_u,1,24,283,66,62,66,62,
MOT17-05-FRCNN,449,63,64,282,u_to_v,1,3,283,63,64,63,64,
MOT17-05-FRCNN,450,64,65,282,v_to_u,1,3,283,65,64,65,64,
MOT17-05-FRCNN,451,64,66,282,v_to_u,1,3,283,66,64,66,64,
MOT17-05-FRCNN,452,2,46,283,v_to_u,1,99,284,46,2,46,2,
MOT17-05-FRCNN,453,2,52,283,v_to_u,1,99,284,52,2,52,2,
MOT17-05-FRCNN,454,2,61,283,v_to_u,1,99,284,61,2,61,2,
MOT17-05-FRCNN,455,2,67,283,v_to_u,1,99,284,67,2,67,2,
MOT17-05-FRCNN,456,18,46,283,v_to_u,1,37,284,46,18,46,18,
MOT17-05-FRCNN,457,18,52,283,v_to_u,1,37,284,52,18,52,18,
MOT17-05-FRCNN,458,18,61,283,v_to_u,1,37,284,61,18,61,18,
MOT17-05-FRCNN,459,18,67,283,v_to_u,1,37,284,67,18,67,18,
MOT17-05-FRCNN,460,46,47,283,u_to_v,1,6,284,46,47,46,47,
MOT17-05-FRCNN,461,46,59,283,u_to_v,1,32,284,46,59,46,59,
MOT17-05-FRCNN,462,46,60,283,u_to_v,1,13,284,46,60,46,60,
MOT17-05-FRCNN,463,46,62,283,u_to_v,1,23,284,46,62,46,62,
MOT17-05-FRCNN,464,46,64,283,u_to_v,1,2,284,46,64,46,64,
MOT17-05-FRCNN,465,47,52,283,v_to_u,1,6,284,52,47,52,47,
MOT17-05-FRCNN,466,47,61,283,v_to_u,1,6,284,61,47,61,47,
MOT17-05-FRCNN,467,47,67,283,v_to_u,1,6,284,67,47,67,47,
MOT17-05-FRCNN,468,52,59,283,u_to_v,1,32,284,52,59,52,59,
MOT17-05-FRCNN,469,52,60,283,u_to_v,1,13,284,52,60,52,60,
MOT17-05-FRCNN,470,52,62,283,u_to_v,1,23,284,52,62,52,62,
MOT17-05-FRCNN,471,52,64,283,u_to_v,1,2,284,52,64,52,64,
MOT17-05-FRCNN,472,59,61,283,v_to_u,1,32,284,61,59,61,59,
MOT17-05-FRCNN,473,59,67,283,v_to_u,1,32,284,67,59,67,59,
MOT17-05-FRCNN,474,60,61,283,v_to_u,1,13,284,61,60,61,60,
MOT17-05-FRCNN,475,60,67,283,v_to_u,1,13,284,67,60,67,60,
MOT17-05-FRCNN,476,61,62,283,u_to_v,1,23,284,61,62,61,62,
MOT17-05-FRCNN,477,61,64,283,u_to_v,1,2,284,61,64,61,64,
MOT17-05-FRCNN,478,62,67,283,v_to_u,1,23,284,67,62,67,62,
MOT17-05-FRCNN,479,64,67,283,v_to_u,1,2,284,67,64,67,64,
MOT17-05-FRCNN,480,2,64,285,v_to_u,1,97,286,64,2,64,2,
MOT17-05-FRCNN,481,18,64,285,v_to_u,1,35,286,64,18,64,18,
MOT17-05-FRCNN,482,47,64,285,v_to_u,1,4,286,64,47,64,47,
MOT17-05-FRCNN,483,59,64,285,v_to_u,1,30,286,64,59,64,59,
MOT17-05-FRCNN,484,60,64,285,v_to_u,1,11,286,64,60,64,60,
MOT17-05-FRCNN,485,62,64,285,v_to_u,1,21,286,64,62,64,62,
MOT17-05-FRCNN,486,64,68,285,u_to_v,1,23,286,64,68,64,68,
MOT17-05-FRCNN,487,64,69,285,u_to_v,1,11,286,64,69,64,69,
MOT17-05-FRCNN,488,64,70,285,u_to_v,1,41,286,64,70,64,70,
MOT17-05-FRCNN,489,2,47,289,v_to_u,1,93,290,47,2,47,2,
MOT17-05-FRCNN,490,18,47,289,v_to_u,1,31,290,47,18,47,18,
MOT17-05-FRCNN,491,47,59,289,u_to_v,1,26,290,47,59,47,59,
MOT17-05-FRCNN,492,47,60,289,u_to_v,1,7,290,47,60,47,60,
MOT17-05-FRCNN,493,47,62,289,u_to_v,1,17,290,47,62,47,62,
MOT17-05-FRCNN,494,47,68,289,u_to_v,1,19,290,47,68,47,68,
MOT17-05-FRCNN,495,47,69,289,u_to_v,1,7,290,47,69,47,69,
MOT17-05-FRCNN,496,47,70,289,u_to_v,1,37,290,47,70,47,70,
MOT17-05-FRCNN,497,47,71,289,u_to_v,1,3,290,47,71,47,71,
MOT17-05-FRCNN,498,2,71,292,v_to_u,1,90,293,71,2,71,2,
MOT17-05-FRCNN,499,18,71,292,v_to_u,1,28,293,71,18,71,18,
MOT17-05-FRCNN,500,59,71,292,v_to_u,1,23,293,71,59,71,59,
MOT17-05-FRCNN,501,60,71,292,v_to_u,1,4,293,71,60,71,60,
MOT17-05-FRCNN,502,62,71,292,v_to_u,1,14,293,71,62,71,62,
MOT17-05-FRCNN,503,68,71,292,v_to_u,1,16,293,71,68,71,68,
MOT17-05-FRCNN,504,69,71,292,v_to_u,1,4,293,71,69,71,69,
MOT17-05-FRCNN,505,70,71,292,v_to_u,1,34,293,71,70,71,70,
MOT17-05-FRCNN,506,2,60,296,v_to_u,1,86,297,60,2,60,2,
MOT17-05-FRCNN,507,2,69,296,v_to_u,1,86,297,69,2,69,2,
MOT17-05-FRCNN,508,18,60,296,v_to_u,1,24,297,60,18,60,18,
MOT17-05-FRCNN,509,18,69,296,v_to_u,1,24,297,69,18,69,18,
MOT17-05-FRCNN,510,59,60,296,v_to_u,1,19,297,60,59,60,59,
MOT17-05-FRCNN,511,59,69,296,v_to_u,1,19,297,69,59,69,59,
MOT17-05-FRCNN,512,60,62,296,u_to_v,1,10,297,60,62,60,62,
MOT17-05-FRCNN,513,60,68,296,u_to_v,1,12,297,60,68,60,68,
MOT17-05-FRCNN,514,60,70,296,u_to_v,1,30,297,60,70,60,70,
MOT17-05-FRCNN,515,60,72,296,u_to_v,1,3,297,60,72,60,72,
MOT17-05-FRCNN,516,60,73,296,u_to_v,1,4,297,60,73,60,73,
MOT17-05-FRCNN,517,62,69,296,v_to_u,1,10,297,69,62,69,62,
MOT17-05-FRCNN,518,68,69,296,v_to_u,1,12,297,69,68,69,68,
MOT17-05-FRCNN,519,69,70,296,u_to_v,1,30,297,69,70,69,70,
MOT17-05-FRCNN,520,69,72,296,u_to_v,1,3,297,69,72,69,72,
MOT17-05-FRCNN,521,69,73,296,u_to_v,1,4,297,69,73,69,73,
MOT17-05-FRCNN,522,2,72,299,v_to_u,1,83,300,72,2,72,2,
MOT17-05-FRCNN,523,18,72,299,v_to_u,1,21,300,72,18,72,18,
MOT17-05-FRCNN,524,59,72,299,v_to_u,1,16,300,72,59,72,59,
MOT17-05-FRCNN,525,62,72,299,v_to_u,1,7,300,72,62,72,62,
MOT17-05-FRCNN,526,68,72,299,v_to_u,1,9,300,72,68,72,68,
MOT17-05-FRCNN,527,70,72,299,v_to_u,1,27,300,72,70,72,70,
MOT17-05-FRCNN,528,72,73,299,u_to_v,1,1,300,72,73,72,73,
MOT17-05-FRCNN,529,72,74,299,u_to_v,1,43,300,72,74,72,74,
MOT17-05-FRCNN,530,2,73,300,v_to_u,1,82,301,73,2,73,2,
MOT17-05-FRCNN,531,18,73,300,v_to_u,1,20,301,73,18,73,18,
MOT17-05-FRCNN,532,59,73,300,v_to_u,1,15,301,73,59,73,59,
MOT17-05-FRCNN,533,62,73,300,v_to_u,1,6,301,73,62,73,62,
MOT17-05-FRCNN,534,68,73,300,v_to_u,1,8,301,73,68,73,68,
MOT17-05-FRCNN,535,70,73,300,v_to_u,1,26,301,73,70,73,70,
MOT17-05-FRCNN,536,73,74,300,u_to_v,1,42,301,73,74,73,74,
MOT17-05-FRCNN,537,73,75,300,u_to_v,1,175,301,73,75,73,75,
MOT17-05-FRCNN,538,2,62,306,v_to_u,1,76,307,62,2,62,2,
MOT17-05-FRCNN,539,2,76,306,v_to_u,1,76,307,76,2,76,2,
MOT17-05-FRCNN,540,18,62,306,v_to_u,1,14,307,62,18,62,18,
MOT17-05-FRCNN,541,18,76,306,v_to_u,1,14,307,76,18,76,18,
MOT17-05-FRCNN,542,59,62,306,v_to_u,1,9,307,62,59,62,59,
MOT17-05-FRCNN,543,59,76,306,v_to_u,1,9,307,76,59,76,59,
MOT17-05-FRCNN,544,62,68,306,u_to_v,1,2,307,62,68,62,68,
MOT17-05-FRCNN,545,62,70,306,u_to_v,1,20,307,62,70,62,70,
MOT17-05-FRCNN,546,62,74,306,u_to_v,1,36,307,62,74,62,74,
MOT17-05-FRCNN,547,62,75,306,u_to_v,1,169,307,62,75,62,75,
MOT17-05-FRCNN,548,62,77,306,u_to_v,1,27,307,62,77,62,77,
MOT17-05-FRCNN,549,62,78,306,u_to_v,1,41,307,62,78,62,78,
MOT17-05-FRCNN,550,62,79,306,u_to_v,1,16,307,62,79,62,79,
MOT17-05-FRCNN,551,62,80,306,u_to_v,1,30,307,62,80,62,80,
MOT17-05-FRCNN,552,62,81,306,u_to_v,1,44,307,62,81,62,81,
MOT17-05-FRCNN,553,62,82,306,u_to_v,1,3,307,62,82,62,82,
MOT17-05-FRCNN,554,68,76,306,v_to_u,1,2,307,76,68,76,68,
MOT17-05-FRCNN,555,70,76,306,v_to_u,1,20,307,76,70,76,70,
MOT17-05-FRCNN,556,74,76,306,v_to_u,1,36,307,76,74,76,74,
MOT17-05-FRCNN,557,75,76,306,v_to_u,1,169,307,76,75,76,75,
MOT17-05-FRCNN,558,76,77,306,u_to_v,1,27,307,76,77,76,77,
MOT17-05-FRCNN,559,76,78,306,u_to_v,1,41,307,76,78,76,78,
MOT17-05-FRCNN,560,76,79,306,u_to_v,1,16,307,76,79,76,79,
MOT17-05-FRCNN,561,76,80,306,u_to_v,1,30,307,76,80,76,80,
MOT17-05-FRCNN,562,76,81,306,u_to_v,1,44,307,76,81,76,81,
MOT17-05-FRCNN,563,76,82,306,u_to_v,1,3,307,76,82,76,82,
MOT17-05-FRCNN,564,2,68,308,v_to_u,1,74,309,68,2,68,2,
MOT17-05-FRCNN,565,18,68,308,v_to_u,1,12,309,68,18,68,18,
MOT17-05-FRCNN,566,59,68,308,v_to_u,1,7,309,68,59,68,59,
MOT17-05-FRCNN,567,68,70,308,u_to_v,1,18,309,68,70,68,70,
MOT17-05-FRCNN,568,68,74,308,u_to_v,1,34,309,68,74,68,74,
MOT17-05-FRCNN,569,68,75,308,u_to_v,1,167,309,68,75,68,75,
MOT17-05-FRCNN,570,68,77,308,u_to_v,1,25,309,68,77,68,77,
MOT17-05-FRCNN,571,68,78,308,u_to_v,1,39,309,68,78,68,78,
MOT17-05-FRCNN,572,68,79,308,u_to_v,1,14,309,68,79,68,79,
MOT17-05-FRCNN,573,68,80,308,u_to_v,1,28,309,68,80,68,80,
MOT17-05-FRCNN,574,68,81,308,u_to_v,1,42,309,68,81,68,81,
MOT17-05-FRCNN,575,68,82,308,u_to_v,1,1,309,68,82,68,82,
MOT17-05-FRCNN,576,2,82,309,v_to_u,1,73,310,82,2,82,2,
MOT17-05-FRCNN,577,18,82,309,v_to_u,1,11,310,82,18,82,18,
MOT17-05-FRCNN,578,59,82,309,v_to_u,1,6,310,82,59,82,59,
MOT17-05-FRCNN,579,70,82,309,v_to_u,1,17,310,82,70,82,70,
MOT17-05-FRCNN,580,74,82,309,v_to_u,1,33,310,82,74,82,74,
MOT17-05-FRCNN,581,75,82,309,v_to_u,1,166,310,82,75,82,75,
MOT17-05-FRCNN,582,77,82,309,v_to_u,1,24,310,82,77,82,77,
MOT17-05-FRCNN,583,78,82,309,v_to_u,1,38,310,82,78,82,78,
MOT17-05-FRCNN,584,79,82,309,v_to_u,1,13,310,82,79,82,79,
MOT17-05-FRCNN,585,80,82,309,v_to_u,1,27,310,82,80,82,80,
MOT17-05-FRCNN,586,81,82,309,v_to_u,1,41,310,82,81,82,81,
MOT17-05-FRCNN,587,82,83,309,u_to_v,1,6,310,82,83,82,83,
MOT17-05-FRCNN,588,2,59,315,v_to_u,1,67,316,59,2,59,2,
MOT17-05-FRCNN,589,2,83,315,v_to_u,1,67,316,83,2,83,2,
MOT17-05-FRCNN,590,18,59,315,v_to_u,1,5,316,59,18,59,18,
MOT17-05-FRCNN,591,18,83,315,v_to_u,1,5,316,83,18,83,18,
MOT17-05-FRCNN,592,59,70,315,u_to_v,1,11,316,59,70,59,70,
MOT17-05-FRCNN,593,59,74,315,u_to_v,1,27,316,59,74,59,74,
MOT17-05-FRCNN,594,59,75,315,u_to_v,1,160,316,59,75,59,75,
MOT17-05-FRCNN,595,59,77,315,u_to_v,1,18,316,59,77,59,77,
MOT17-05-FRCNN,596,59,78,315,u_to_v,1,32,316,59,78,59,78,
MOT17-05-FRCNN,597,59,79,315,u_to_v,1,7,316,59,79,59,79,
MOT17-05-FRCNN,598,59,80,315,u_to_v,1,21,316,59,80,59,80,
MOT17-05-FRCNN,599,59,81,315,u_to_v,1,35,316,59,81,59,81,
MOT17-05-FRCNN,600,70,83,315,v_to_u,1,11,316,83,70,83,70,
MOT17-05-FRCNN,601,74,83,315,v_to_u,1,27,316,83,74,83,74,
MOT17-05-FRCNN,602,75,83,315,v_to_u,1,160,316,83,75,83,75,
MOT17-05-FRCNN,603,77,83,315,v_to_u,1,18,316,83,77,83,77,
MOT17-05-FRCNN,604,78,83,315,v_to_u,1,32,316,83,78,83,78,
MOT17-05-FRCNN,605,79,83,315,v_to_u,1,7,316,83,79,83,79,
MOT17-05-FRCNN,606,80,83,315,v_to_u,1,21,316,83,80,83,80,
MOT17-05-FRCNN,607,81,83,315,v_to_u,1,35,316,83,81,83,81,
MOT17-05-FRCNN,608,2,18,320,v_to_u,1,62,321,18,2,18,2,
MOT17-05-FRCNN,609,18,70,320,u_to_v,1,6,321,18,70,18,70,
MOT17-05-FRCNN,610,18,74,320,u_to_v,1,22,321,18,74,18,74,
MOT17-05-FRCNN,611,18,75,320,u_to_v,1,155,321,18,75,18,75,
MOT17-05-FRCNN,612,18,77,320,u_to_v,1,13,321,18,77,18,77,
MOT17-05-FRCNN,613,18,78,320,u_to_v,1,27,321,18,78,18,78,
MOT17-05-FRCNN,614,18,79,320,u_to_v,1,2,321,18,79,18,79,
MOT17-05-FRCNN,615,18,80,320,u_to_v,1,16,321,18,80,18,80,
MOT17-05-FRCNN,616,18,81,320,u_to_v,1,30,321,18,81,18,81,
MOT17-05-FRCNN,617,2,79,322,v_to_u,1,60,323,79,2,79,2,
MOT17-05-FRCNN,618,70,79,322,v_to_u,1,4,323,79,70,79,70,
MOT17-05-FRCNN,619,74,79,322,v_to_u,1,20,323,79,74,79,74,
MOT17-05-FRCNN,620,75,79,322,v_to_u,1,153,323,79,75,79,75,
MOT17-05-FRCNN,621,77,79,322,v_to_u,1,11,323,79,77,79,77,
MOT17-05-FRCNN,622,78,79,322,v_to_u,1,25,323,79,78,79,78,
MOT17-05-FRCNN,623,79,80,322,u_to_v,1,14,323,79,80,79,80,
MOT17-05-FRCNN,624,79,81,322,u_to_v,1,28,323,79,81,79,81,
MOT17-05-FRCNN,625,79,84,322,u_to_v,1,4,323,79,84,79,84,
MOT17-05-FRCNN,626,2,70,326,v_to_u,1,56,327,70,2,70,2,
MOT17-05-FRCNN,627,2,84,326,v_to_u,1,56,327,84,2,84,2,
MOT17-05-FRCNN,628,70,74,326,u_to_v,1,16,327,70,74,70,74,
MOT17-05-FRCNN,629,70,75,326,u_to_v,1,149,327,70,75,70,75,
MOT17-05-FRCNN,630,70,77,326,u_to_v,1,7,327,70,77,70,77,
MOT17-05-FRCNN,631,70,78,326,u_to_v,1,21,327,70,78,70,78,
MOT17-05-FRCNN,632,70,80,326,u_to_v,1,10,327,70,80,70,80,
MOT17-05-FRCNN,633,70,81,326,u_to_v,1,24,327,70,81,70,81,
MOT17-05-FRCNN,634,70,85,326,u_to_v,1,1,327,70,85,70,85,
MOT17-05-FRCNN,635,74,84,326,v_to_u,1,16,327,84,74,84,74,
MOT17-05-FRCNN,636,75,84,326,v_to_u,1,149,327,84,75,84,75,
MOT17-05-FRCNN,637,77,84,326,v_to_u,1,7,327,84,77,84,77,
MOT17-05-FRCNN,638,78,84,326,v_to_u,1,21,327,84,78,84,78,
MOT17-05-FRCNN,639,80,84,326,v_to_u,1,10,327,84,80,84,80,
MOT17-05-FRCNN,640,81,84,326,v_to_u,1,24,327,84,81,84,81,
MOT17-05-FRCNN,641,84,85,326,u_to_v,1,1,327,84,85,84,85,
MOT17-05-FRCNN,642,2,85,327,v_to_u,1,55,328,85,2,85,2,
MOT17-05-FRCNN,643,74,85,327,v_to_u,1,15,328,85,74,85,74,
MOT17-05-FRCNN,644,75,85,327,v_to_u,1,148,328,85,75,85,75,
MOT17-05-FRCNN,645,77,85,327,v_to_u,1,6,328,85,77,85,77,
MOT17-05-FRCNN,646,78,85,327,v_to_u,1,20,328,85,78,85,78,
MOT17-05-FRCNN,647,80,85,327,v_to_u,1,9,328,85,80,85,80,
MOT17-05-FRCNN,648,81,85,327,v_to_u,1,23,328,85,81,85,81,
MOT17-05-FRCNN,649,85,86,327,u_to_v,1,140,328,85,86,85,86,
MOT17-05-FRCNN,650,77,88,332,u_to_v,1,1,339,77,88,77,88,
MOT17-05-FRCNN,651,77,88,332,v_to_u,1,1,333,88,77,88,77,
MOT17-05-FRCNN,652,80,88,332,u_to_v,1,1,339,80,88,80,88,
MOT17-05-FRCNN,653,80,88,332,v_to_u,1,4,333,88,80,88,80,
MOT17-05-FRCNN,654,2,77,333,v_to_u,1,49,334,77,2,77,2,
MOT17-05-FRCNN,655,74,77,333,v_to_u,1,9,334,77,74,77,74,
MOT17-05-FRCNN,656,75,77,333,v_to_u,1,142,334,77,75,77,75,
MOT17-05-FRCNN,657,77,78,333,u_to_v,1,14,334,77,78,77,78,
MOT17-05-FRCNN,658,77,80,333,u_to_v,1,3,334,77,80,77,80,
MOT17-05-FRCNN,659,77,81,333,u_to_v,1,17,334,77,81,77,81,
MOT17-05-FRCNN,660,77,86,333,u_to_v,1,134,334,77,86,77,86,
MOT17-05-FRCNN,661,77,87,333,u_to_v,1,26,334,77,87,77,87,
MOT17-05-FRCNN,662,2,80,336,v_to_u,1,46,337,80,2,80,2,
MOT17-05-FRCNN,663,74,80,336,v_to_u,1,6,337,80,74,80,74,
MOT17-05-FRCNN,664,75,80,336,v_to_u,1,139,337,80,75,80,75,
MOT17-05-FRCNN,665,78,80,336,v_to_u,1,11,337,80,78,80,78,
MOT17-05-FRCNN,666,80,81,336,u_to_v,1,14,337,80,81,80,81,
MOT17-05-FRCNN,667,80,86,336,u_to_v,1,131,337,80,86,80,86,
MOT17-05-FRCNN,668,80,87,336,u_to_v,1,23,337,80,87,80,87,
MOT17-05-FRCNN,669,80,89,336,u_to_v,1,16,337,80,89,80,89,
MOT17-05-FRCNN,670,80,90,336,u_to_v,1,1,337,80,90,80,90,
MOT17-05-FRCNN,671,2,90,337,v_to_u,1,45,338,90,2,90,2,
MOT17-05-FRCNN,672,74,90,337,v_to_u,1,5,338,90,74,90,74,
MOT17-05-FRCNN,673,75,90,337,v_to_u,1,138,338,90,75,90,75,
MOT17-05-FRCNN,674,78,90,337,v_to_u,1,10,338,90,78,90,78,
MOT17-05-FRCNN,675,81,90,337,v_to_u,1,13,338,90,81,90,81,
MOT17-05-FRCNN,676,86,90,337,v_to_u,1,130,338,90,86,90,86,
MOT17-05-FRCNN,677,87,90,337,v_to_u,1,22,338,90,87,90,87,
MOT17-05-FRCNN,678,89,90,337,v_to_u,1,15,338,90,89,90,89,
MOT17-05-FRCNN,679,2,91,338,v_to_u,1,44,339,91,2,91,2,
MOT17-05-FRCNN,680,74,91,338,v_to_u,1,4,339,91,74,91,74,
MOT17-05-FRCNN,681,75,91,338,v_to_u,1,137,339,91,75,91,75,
MOT17-05-FRCNN,682,78,91,338,v_to_u,1,9,339,91,78,91,78,
MOT17-05-FRCNN,683,81,91,338,v_to_u,1,12,339,91,81,91,81,
MOT17-05-FRCNN,684,86,91,338,v_to_u,1,129,339,91,86,91,86,
MOT17-05-FRCNN,685,87,91,338,v_to_u,1,21,339,91,87,91,87,
MOT17-05-FRCNN,686,89,91,338,v_to_u,1,14,339,91,89,91,89,
MOT17-05-FRCNN,687,2,88,339,v_to_u,1,43,340,88,2,88,2,
MOT17-05-FRCNN,688,74,88,339,v_to_u,1,3,340,88,74,88,74,
MOT17-05-FRCNN,689,75,88,339,v_to_u,1,136,340,88,75,88,75,
MOT17-05-FRCNN,690,78,88,339,v_to_u,1,8,340,88,78,88,78,
MOT17-05-FRCNN,691,81,88,339,v_to_u,1,11,340,88,81,88,81,
MOT17-05-FRCNN,692,86,88,339,v_to_u,1,128,340,88,86,88,86,
MOT17-05-FRCNN,693,87,88,339,v_to_u,1,20,340,88,87,88,87,
MOT17-05-FRCNN,694,88,89,339,u_to_v,1,13,340,88,89,88,89,
MOT17-05-FRCNN,695,2,74,342,v_to_u,1,40,343,74,2,74,2,
MOT17-05-FRCNN,696,74,75,342,u_to_v,1,133,343,74,75,74,75,
MOT17-05-FRCNN,697,74,78,342,u_to_v,1,5,343,74,78,74,78,
MOT17-05-FRCNN,698,74,81,342,u_to_v,1,8,343,74,81,74,81,
MOT17-05-FRCNN,699,74,86,342,u_to_v,1,125,343,74,86,74,86,
MOT17-05-FRCNN,700,74,87,342,u_to_v,1,17,343,74,87,74,87,
MOT17-05-FRCNN,701,74,89,342,u_to_v,1,10,343,74,89,74,89,
MOT17-05-FRCNN,702,74,92,342,u_to_v,1,27,343,74,92,74,92,
MOT17-05-FRCNN,703,2,78,347,v_to_u,1,35,348,78,2,78,2,
MOT17-05-FRCNN,704,75,78,347,v_to_u,1,128,348,78,75,78,75,
MOT17-05-FRCNN,705,78,81,347,u_to_v,1,3,348,78,81,78,81,
MOT17-05-FRCNN,706,78,86,347,u_to_v,1,120,348,78,86,78,86,
MOT17-05-FRCNN,707,78,87,347,u_to_v,1,12,348,78,87,78,87,
MOT17-05-FRCNN,708,78,89,347,u_to_v,1,5,348,78,89,78,89,
MOT17-05-FRCNN,709,78,92,347,u_to_v,1,22,348,78,92,78,92,
MOT17-05-FRCNN,710,2,81,350,v_to_u,1,32,351,81,2,81,2,
MOT17-05-FRCNN,711,75,81,350,v_to_u,1,125,351,81,75,81,75,
MOT17-05-FRCNN,712,81,86,350,u_to_v,1,117,351,81,86,81,86,
MOT17-05-FRCNN,713,81,87,350,u_to_v,1,9,351,81,87,81,87,
MOT17-05-FRCNN,714,81,89,350,u_to_v,1,2,351,81,89,81,89,
MOT17-05-FRCNN,715,81,92,350,u_to_v,1,19,351,81,92,81,92,
MOT17-05-FRCNN,716,2,89,352,v_to_u,1,30,353,89,2,89,2,
MOT17-05-FRCNN,717,75,89,352,v_to_u,1,123,353,89,75,89,75,
MOT17-05-FRCNN,718,86,89,352,v_to_u,1,115,353,89,86,89,86,
MOT17-05-FRCNN,719,87,89,352,v_to_u,1,7,353,89,87,89,87,
MOT17-05-FRCNN,720,89,92,352,u_to_v,1,17,353,89,92,89,92,
MOT17-05-FRCNN,721,2,87,359,v_to_u,1,23,360,87,2,87,2,
MOT17-05-FRCNN,722,75,87,359,v_to_u,1,116,360,87,75,87,75,
MOT17-05-FRCNN,723,86,87,359,v_to_u,1,108,360,87,86,87,86,
MOT17-05-FRCNN,724,87,92,359,u_to_v,1,10,360,87,92,87,92,
MOT17-05-FRCNN,725,87,93,359,u_to_v,1,38,360,87,93,87,93,
MOT17-05-FRCNN,726,87,94,359,u_to_v,1,8,360,87,94,87,94,
MOT17-05-FRCNN,727,2,95,362,v_to_u,1,20,363,95,2,95,2,
MOT17-05-FRCNN,728,75,95,362,v_to_u,1,113,363,95,75,95,75,
MOT17-05-FRCNN,729,86,95,362,v_to_u,1,105,363,95,86,95,86,
MOT17-05-FRCNN,730,92,95,362,v_to_u,1,7,363,95,92,95,92,
MOT17-05-FRCNN,731,93,95,362,v_to_u,1,35,363,95,93,95,93,
MOT17-05-FRCNN,732,94,95,362,v_to_u,1,5,363,95,94,95,94,
MOT17-05-FRCNN,733,2,94,367,v_to_u,1,15,368,94,2,94,2,
MOT17-05-FRCNN,734,75,94,367,v_to_u,1,108,368,94,75,94,75,
MOT17-05-FRCNN,735,86,94,367,v_to_u,1,100,368,94,86,94,86,
MOT17-05-FRCNN,736,92,94,367,v_to_u,1,2,368,94,92,94,92,
MOT17-05-FRCNN,737,93,94,367,v_to_u,1,30,368,94,93,94,93,
MOT17-05-FRCNN,738,2,92,369,v_to_u,1,13,370,92,2,92,2,
MOT17-05-FRCNN,739,75,92,369,v_to_u,1,106,370,92,75,92,75,
MOT17-05-FRCNN,740,86,92,369,v_to_u,1,98,370,92,86,92,86,
MOT17-05-FRCNN,741,92,93,369,u_to_v,1,28,370,92,93,92,93,
MOT17-05-FRCNN,742,2,75,382,u_to_v,1,93,383,2,75,2,75,
MOT17-05-FRCNN,743,2,86,382,u_to_v,1,85,383,2,86,2,86,
MOT17-05-FRCNN,744,2,93,382,u_to_v,1,15,383,2,93,2,93,
MOT17-05-FRCNN,745,2,96,382,u_to_v,1,23,383,2,96,2,96,
MOT17-05-FRCNN,746,2,97,382,u_to_v,1,3,383,2,97,2,97,
MOT17-05-FRCNN,747,2,98,382,u_to_v,1,17,383,2,98,2,98,
MOT17-05-FRCNN,748,2,99,382,u_to_v,1,56,383,2,99,2,99,
MOT17-05-FRCNN,749,2,100,382,u_to_v,1,85,383,2,100,2,100,
MOT17-05-FRCNN,750,2,101,382,u_to_v,1,25,383,2,101,2,101,
MOT17-05-FRCNN,751,2,102,382,u_to_v,1,20,383,2,102,2,102,
MOT17-05-FRCNN,752,75,97,385,v_to_u,1,90,386,97,75,97,75,
MOT17-05-FRCNN,753,86,97,385,v_to_u,1,82,386,97,86,97,86,
MOT17-05-FRCNN,754,93,97,385,v_to_u,1,12,386,97,93,97,93,
MOT17-05-FRCNN,755,96,97,385,v_to_u,1,20,386,97,96,97,96,
MOT17-05-FRCNN,756,97,98,385,u_to_v,1,14,386,97,98,97,98,
MOT17-05-FRCNN,757,97,99,385,u_to_v,1,53,386,97,99,97,99,
MOT17-05-FRCNN,758,97,100,385,u_to_v,1,82,386,97,100,97,100,
MOT17-05-FRCNN,759,97,101,385,u_to_v,1,22,386,97,101,97,101,
MOT17-05-FRCNN,760,97,102,385,u_to_v,1,17,386,97,102,97,102,
MOT17-05-FRCNN,761,75,93,397,v_to_u,1,78,398,93,75,93,75,
MOT17-05-FRCNN,762,86,93,397,v_to_u,1,70,398,93,86,93,86,
MOT17-05-FRCNN,763,93,96,397,u_to_v,1,8,398,93,96,93,96,
MOT17-05-FRCNN,764,93,98,397,u_to_v,1,2,398,93,98,93,98,
MOT17-05-FRCNN,765,93,99,397,u_to_v,1,41,398,93,99,93,99,
MOT17-05-FRCNN,766,93,100,397,u_to_v,1,70,398,93,100,93,100,
MOT17-05-FRCNN,767,93,101,397,u_to_v,1,10,398,93,101,93,101,
MOT17-05-FRCNN,768,93,102,397,u_to_v,1,5,398,93,102,93,102,
MOT17-05-FRCNN,769,75,98,399,v_to_u,1,76,400,98,75,98,75,
MOT17-05-FRCNN,770,86,98,399,v_to_u,1,68,400,98,86,98,86,
MOT17-05-FRCNN,771,96,98,399,v_to_u,1,6,400,98,96,98,96,
MOT17-05-FRCNN,772,98,99,399,u_to_v,1,39,400,98,99,98,99,
MOT17-05-FRCNN,773,98,100,399,u_to_v,1,68,400,98,100,98,100,
MOT17-05-FRCNN,774,98,101,399,u_to_v,1,8,400,98,101,98,101,
MOT17-05-FRCNN,775,98,102,399,u_to_v,1,3,400,98,102,98,102,
MOT17-05-FRCNN,776,75,102,402,v_to_u,1,73,403,102,75,102,75,
MOT17-05-FRCNN,777,86,102,402,v_to_u,1,65,403,102,86,102,86,
MOT17-05-FRCNN,778,96,102,402,v_to_u,1,3,403,102,96,102,96,
MOT17-05-FRCNN,779,99,102,402,v_to_u,1,36,403,102,99,102,99,
MOT17-05-FRCNN,780,100,102,402,v_to_u,1,65,403,102,100,102,100,
MOT17-05-FRCNN,781,101,102,402,v_to_u,1,5,403,102,101,102,101,
MOT17-05-FRCNN,782,75,96,405,v_to_u,1,70,406,96,75,96,75,
MOT17-05-FRCNN,783,86,96,405,v_to_u,1,62,406,96,86,96,86,
MOT17-05-FRCNN,784,96,99,405,u_to_v,1,33,406,96,99,96,99,
MOT17-05-FRCNN,785,96,100,405,u_to_v,1,62,406,96,100,96,100,
MOT17-05-FRCNN,786,96,101,405,u_to_v,1,2,406,96,101,96,101,
MOT17-05-FRCNN,787,75,101,407,v_to_u,1,68,408,101,75,101,75,
MOT17-05-FRCNN,788,86,101,407,v_to_u,1,60,408,101,86,101,86,
MOT17-05-FRCNN,789,99,101,407,v_to_u,1,31,408,101,99,101,99,
MOT17-05-FRCNN,790,100,101,407,v_to_u,1,60,408,101,100,101,100,
MOT17-05-FRCNN,791,75,99,438,v_to_u,1,37,439,99,75,99,75,
MOT17-05-FRCNN,792,86,99,438,v_to_u,1,29,439,99,86,99,86,
MOT17-05-FRCNN,793,99,100,438,u_to_v,1,29,439,99,100,99,100,
MOT17-05-FRCNN,794,99,103,438,u_to_v,1,370,439,99,103,99,103,
MOT17-05-FRCNN,795,99,104,438,u_to_v,1,76,439,99,104,99,104,
MOT17-05-FRCNN,796,99,105,438,u_to_v,1,8,439,99,105,99,105,
MOT17-05-FRCNN,797,99,106,438,u_to_v,1,104,439,99,106,99,106,
MOT17-05-FRCNN,798,99,107,438,u_to_v,1,129,439,99,107,99,107,
MOT17-05-FRCNN,799,75,105,446,v_to_u,1,29,447,105,75,105,75,
MOT17-05-FRCNN,800,86,105,446,v_to_u,1,21,447,105,86,105,86,
MOT17-05-FRCNN,801,100,105,446,v_to_u,1,21,447,105,100,105,100,
MOT17-05-FRCNN,802,103,105,446,v_to_u,1,362,447,105,103,105,103,
MOT17-05-FRCNN,803,104,105,446,v_to_u,1,68,447,105,104,105,104,
MOT17-05-FRCNN,804,105,106,446,u_to_v,1,96,447,105,106,105,106,
MOT17-05-FRCNN,805,105,107,446,u_to_v,1,121,447,105,107,105,107,
MOT17-05-FRCNN,806,105,108,446,u_to_v,1,80,447,105,108,105,108,
MOT17-05-FRCNN,807,105,109,446,u_to_v,1,17,447,105,109,105,109,
MOT17-05-FRCNN,808,75,109,463,v_to_u,1,12,464,109,75,109,75,
MOT17-05-FRCNN,809,86,109,463,v_to_u,1,4,464,109,86,109,86,
MOT17-05-FRCNN,810,100,109,463,v_to_u,1,4,464,109,100,109,100,
MOT17-05-FRCNN,811,103,109,463,v_to_u,1,345,464,109,103,109,103,
MOT17-05-FRCNN,812,104,109,463,v_to_u,1,51,464,109,104,109,104,
MOT17-05-FRCNN,813,106,109,463,v_to_u,1,79,464,109,106,109,106,
MOT17-05-FRCNN,814,107,109,463,v_to_u,1,104,464,109,107,109,107,
MOT17-05-FRCNN,815,108,109,463,v_to_u,1,63,464,109,108,109,108,
MOT17-05-FRCNN,816,75,86,467,v_to_u,1,8,468,86,75,86,75,
MOT17-05-FRCNN,817,75,100,467,v_to_u,1,8,468,100,75,100,75,
MOT17-05-FRCNN,818,86,103,467,u_to_v,1,341,468,86,103,86,103,
MOT17-05-FRCNN,819,86,104,467,u_to_v,1,47,468,86,104,86,104,
MOT17-05-FRCNN,820,86,106,467,u_to_v,1,75,468,86,106,86,106,
MOT17-05-FRCNN,821,86,107,467,u_to_v,1,100,468,86,107,86,107,
MOT17-05-FRCNN,822,86,108,467,u_to_v,1,59,468,86,108,86,108,
MOT17-05-FRCNN,823,100,103,467,u_to_v,1,341,468,100,103,100,103,
MOT17-05-FRCNN,824,100,104,467,u_to_v,1,47,468,100,104,100,104,
MOT17-05-FRCNN,825,100,106,467,u_to_v,1,75,468,100,106,100,106,
MOT17-05-FRCNN,826,100,107,467,u_to_v,1,100,468,100,107,100,107,
MOT17-05-FRCNN,827,100,108,467,u_to_v,1,59,468,100,108,100,108,
MOT17-05-FRCNN,828,75,103,475,u_to_v,1,333,476,75,103,75,103,
MOT17-05-FRCNN,829,75,104,475,u_to_v,1,39,476,75,104,75,104,
MOT17-05-FRCNN,830,75,106,475,u_to_v,1,67,476,75,106,75,106,
MOT17-05-FRCNN,831,75,107,475,u_to_v,1,92,476,75,107,75,107,
MOT17-05-FRCNN,832,75,108,475,u_to_v,1,51,476,75,108,75,108,
MOT17-05-FRCNN,833,103,104,514,v_to_u,1,294,515,104,103,104,103,
MOT17-05-FRCNN,834,104,106,514,u_to_v,1,28,515,104,106,104,106,
MOT17-05-FRCNN,835,104,107,514,u_to_v,1,53,515,104,107,104,107,
MOT17-05-FRCNN,836,104,108,514,u_to_v,1,12,515,104,108,104,108,
MOT17-05-FRCNN,837,104,110,514,u_to_v,1,227,515,104,110,104,110,
MOT17-05-FRCNN,838,104,111,514,u_to_v,1,4,515,104,111,104,111,
MOT17-05-FRCNN,839,103,112,517,v_to_u,1,291,518,112,103,112,103,
MOT17-05-FRCNN,840,106,112,517,v_to_u,1,25,518,112,106,112,106,
MOT17-05-FRCNN,841,107,112,517,v_to_u,1,50,518,112,107,112,107,
MOT17-05-FRCNN,842,108,112,517,v_to_u,1,9,518,112,108,112,108,
MOT17-05-FRCNN,843,110,112,517,v_to_u,1,224,518,112,110,112,110,
MOT17-05-FRCNN,844,111,112,517,v_to_u,1,1,518,112,111,112,111,
MOT17-05-FRCNN,845,103,111,518,v_to_u,1,290,519,111,103,111,103,
MOT17-05-FRCNN,846,106,111,518,v_to_u,1,24,519,111,106,111,106,
MOT17-05-FRCNN,847,107,111,518,v_to_u,1,49,519,111,107,111,107,
MOT17-05-FRCNN,848,108,111,518,v_to_u,1,8,519,111,108,111,108,
MOT17-05-FRCNN,849,110,111,518,v_to_u,1,223,519,111,110,111,110,
MOT17-05-FRCNN,850,103,108,526,v_to_u,1,282,527,108,103,108,103,
MOT17-05-FRCNN,851,106,108,526,v_to_u,1,16,527,108,106,108,106,
MOT17-05-FRCNN,852,107,108,526,v_to_u,1,41,527,108,107,108,107,
MOT17-05-FRCNN,853,108,110,526,u_to_v,1,215,527,108,110,108,110,
MOT17-05-FRCNN,854,108,113,526,u_to_v,1,21,527,108,113,108,113,
MOT17-05-FRCNN,855,103,106,542,v_to_u,1,266,543,106,103,106,103,
MOT17-05-FRCNN,856,106,107,542,u_to_v,1,25,543,106,107,106,107,
MOT17-05-FRCNN,857,106,110,542,u_to_v,1,199,543,106,110,106,110,
MOT17-05-FRCNN,858,106,113,542,u_to_v,1,5,543,106,113,106,113,
MOT17-05-FRCNN,859,106,114,542,u_to_v,1,28,543,106,114,106,114,
MOT17-05-FRCNN,860,106,115,542,u_to_v,1,22,543,106,115,106,115,
MOT17-05-FRCNN,861,106,116,542,u_to_v,1,48,543,106,116,106,116,
MOT17-05-FRCNN,862,106,117,542,u_to_v,1,32,543,106,117,106,117,
MOT17-05-FRCNN,863,103,113,547,v_to_u,1,261,548,113,103,113,103,
MOT17-05-FRCNN,864,107,113,547,v_to_u,1,20,548,113,107,113,107,
MOT17-05-FRCNN,865,110,113,547,v_to_u,1,194,548,113,110,113,110,
MOT17-05-FRCNN,866,113,114,547,u_to_v,1,23,548,113,114,113,114,
MOT17-05-FRCNN,867,113,115,547,u_to_v,1,17,548,113,115,113,115,
MOT17-05-FRCNN,868,113,116,547,u_to_v,1,43,548,113,116,113,116,
MOT17-05-FRCNN,869,113,117,547,u_to_v,1,27,548,113,117,113,117,
MOT17-05-FRCNN,870,103,120,555,v_to_u,1,253,556,120,103,120,103,
MOT17-05-FRCNN,871,107,120,555,v_to_u,1,12,556,120,107,120,107,
MOT17-05-FRCNN,872,110,120,555,v_to_u,1,186,556,120,110,120,110,
MOT17-05-FRCNN,873,114,120,555,v_to_u,1,15,556,120,114,120,114,
MOT17-05-FRCNN,874,115,120,555,v_to_u,1,9,556,120,115,120,115,
MOT17-05-FRCNN,875,116,120,555,v_to_u,1,35,556,120,116,120,116,
MOT17-05-FRCNN,876,117,120,555,v_to_u,1,19,556,120,117,120,117,
MOT17-05-FRCNN,877,118,120,555,v_to_u,1,282,556,120,118,120,118,
MOT17-05-FRCNN,878,119,120,555,v_to_u,1,25,556,120,119,120,119,
MOT17-05-FRCNN,879,103,115,564,v_to_u,1,244,565,115,103,115,103,
MOT17-05-FRCNN,880,107,115,564,v_to_u,1,3,565,115,107,115,107,
MOT17-05-FRCNN,881,110,115,564,v_to_u,1,177,565,115,110,115,110,
MOT17-05-FRCNN,882,114,115,564,v_to_u,1,6,565,115,114,115,114,
MOT17-05-FRCNN,883,115,116,564,u_to_v,1,26,565,115,116,115,116,
MOT17-05-FRCNN,884,115,117,564,u_to_v,1,10,565,115,117,115,117,
MOT17-05-FRCNN,885,115,118,564,u_to_v,1,273,565,115,118,115,118,
MOT17-05-FRCNN,886,115,119,564,u_to_v,1,16,565,115,119,115,119,
MOT17-05-FRCNN,887,115,121,564,u_to_v,1,4,565,115,121,115,121,
MOT17-05-FRCNN,888,103,107,567,v_to_u,1,241,568,107,103,107,103,
MOT17-05-FRCNN,889,107,110,567,u_to_v,1,174,568,107,110,107,110,
MOT17-05-FRCNN,890,107,114,567,u_to_v,1,3,568,107,114,107,114,
MOT17-05-FRCNN,891,107,116,567,u_to_v,1,23,568,107,116,107,116,
MOT17-05-FRCNN,892,107,117,567,u_to_v,1,7,568,107,117,107,117,
MOT17-05-FRCNN,893,107,118,567,u_to_v,1,270,568,107,118,107,118,
MOT17-05-FRCNN,894,107,119,567,u_to_v,1,13,568,107,119,107,119,
MOT17-05-FRCNN,895,107,121,567,u_to_v,1,1,568,107,121,107,121,
MOT17-05-FRCNN,896,103,121,568,v_to_u,1,240,569,121,103,121,103,
MOT17-05-FRCNN,897,110,121,568,v_to_u,1,173,569,121,110,121,110,
MOT17-05-FRCNN,898,114,121,568,v_to_u,1,2,569,121,114,121,114,
MOT17-05-FRCNN,899,116,121,568,v_to_u,1,22,569,121,116,121,116,
MOT17-05-FRCNN,900,117,121,568,v_to_u,1,6,569,121,117,121,117,
MOT17-05-FRCNN,901,118,121,568,v_to_u,1,269,569,121,118,121,118,
MOT17-05-FRCNN,902,119,121,568,v_to_u,1,12,569,121,119,121,119,
MOT17-05-FRCNN,903,103,114,570,v_to_u,1,238,571,114,103,114,103,
MOT17-05-FRCNN,904,110,114,570,v_to_u,1,171,571,114,110,114,110,
MOT17-05-FRCNN,905,114,116,570,u_to_v,1,20,571,114,116,114,116,
MOT17-05-FRCNN,906,114,117,570,u_to_v,1,4,571,114,117,114,117,
MOT17-05-FRCNN,907,114,118,570,u_to_v,1,267,571,114,118,114,118,
MOT17-05-FRCNN,908,114,119,570,u_to_v,1,10,571,114,119,114,119,
MOT17-05-FRCNN,909,103,117,574,v_to_u,1,234,575,117,103,117,103,
MOT17-05-FRCNN,910,110,117,574,v_to_u,1,167,575,117,110,117,110,
MOT17-05-FRCNN,911,116,117,574,v_to_u,1,16,575,117,116,117,116,
MOT17-05-FRCNN,912,117,118,574,u_to_v,1,263,575,117,118,117,118,
MOT17-05-FRCNN,913,117,119,574,u_to_v,1,6,575,117,119,117,119,
MOT17-05-FRCNN,914,103,119,580,v_to_u,1,228,581,119,103,119,103,
MOT17-05-FRCNN,915,110,119,580,v_to_u,1,161,581,119,110,119,110,
MOT17-05-FRCNN,916,116,119,580,v_to_u,1,10,581,119,116,119,116,
MOT17-05-FRCNN,917,118,119,580,v_to_u,1,257,581,119,118,119,118,
MOT17-05-FRCNN,918,103,116,590,v_to_u,1,218,591,116,103,116,103,
MOT17-05-FRCNN,919,110,116,590,v_to_u,1,151,591,116,110,116,110,
MOT17-05-FRCNN,920,116,118,590,u_to_v,1,247,591,116,118,116,118,
MOT17-05-FRCNN,921,116,122,590,u_to_v,1,26,591,116,122,116,122,
MOT17-05-FRCNN,922,116,123,590,u_to_v,1,29,591,116,123,116,123,
MOT17-05-FRCNN,923,116,124,590,u_to_v,1,7,591,116,124,116,124,
MOT17-05-FRCNN,924,103,124,597,v_to_u,1,211,598,124,103,124,103,
MOT17-05-FRCNN,925,110,124,597,v_to_u,1,144,598,124,110,124,110,
MOT17-05-FRCNN,926,118,124,597,v_to_u,1,240,598,124,118,124,118,
MOT17-05-FRCNN,927,122,124,597,v_to_u,1,19,598,124,122,124,122,
MOT17-05-FRCNN,928,123,124,597,v_to_u,1,22,598,124,123,124,123,
MOT17-05-FRCNN,929,103,122,616,v_to_u,1,192,617,122,103,122,103,
MOT17-05-FRCNN,930,110,122,616,v_to_u,1,125,617,122,110,122,110,
MOT17-05-FRCNN,931,118,122,616,v_to_u,1,221,617,122,118,122,118,
MOT17-05-FRCNN,932,122,123,616,u_to_v,1,3,617,122,123,122,123,
MOT17-05-FRCNN,933,122,125,616,u_to_v,1,80,617,122,125,122,125,
MOT17-05-FRCNN,934,122,126,616,u_to_v,1,12,617,122,126,122,126,
MOT17-05-FRCNN,935,122,127,616,u_to_v,1,66,617,122,127,122,127,
MOT17-05-FRCNN,936,103,123,619,v_to_u,1,189,620,123,103,123,103,
MOT17-05-FRCNN,937,110,123,619,v_to_u,1,122,620,123,110,123,110,
MOT17-05-FRCNN,938,118,123,619,v_to_u,1,218,620,123,118,123,118,
MOT17-05-FRCNN,939,123,125,619,u_to_v,1,77,620,123,125,123,125,
MOT17-05-FRCNN,940,123,126,619,u_to_v,1,9,620,123,126,123,126,
MOT17-05-FRCNN,941,123,127,619,u_to_v,1,63,620,123,127,123,127,
MOT17-05-FRCNN,942,103,126,628,v_to_u,1,180,629,126,103,126,103,
MOT17-05-FRCNN,943,110,126,628,v_to_u,1,113,629,126,110,126,110,
MOT17-05-FRCNN,944,118,126,628,v_to_u,1,209,629,126,118,126,118,
MOT17-05-FRCNN,945,125,126,628,v_to_u,1,68,629,126,125,126,125,
MOT17-05-FRCNN,946,126,127,628,u_to_v,1,54,629,126,127,126,127,
MOT17-05-FRCNN,947,126,128,628,u_to_v,1,6,629,126,128,126,128,
MOT17-05-FRCNN,948,103,128,634,v_to_u,1,174,635,128,103,128,103,
MOT17-05-FRCNN,949,103,130,634,v_to_u,1,174,635,130,103,130,103,
MOT17-05-FRCNN,950,110,128,634,v_to_u,1,107,635,128,110,128,110,
MOT17-05-FRCNN,951,110,130,634,v_to_u,1,107,635,130,110,130,110,
MOT17-05-FRCNN,952,118,128,634,v_to_u,1,203,635,128,118,128,118,
MOT17-05-FRCNN,953,118,130,634,v_to_u,1,203,635,130,118,130,118,
MOT17-05-FRCNN,954,125,128,634,v_to_u,1,62,635,128,125,128,125,
MOT17-05-FRCNN,955,125,130,634,v_to_u,1,62,635,130,125,130,125,
MOT17-05-FRCNN,956,127,128,634,v_to_u,1,48,635,128,127,128,127,
MOT17-05-FRCNN,957,127,130,634,v_to_u,1,48,635,130,127,130,127,
MOT17-05-FRCNN,958,128,129,634,u_to_v,1,6,635,128,129,128,129,
MOT17-05-FRCNN,959,129,130,634,v_to_u,1,6,635,130,129,130,129,
MOT17-05-FRCNN,960,103,129,640,v_to_u,1,168,641,129,103,129,103,
MOT17-05-FRCNN,961,110,129,640,v_to_u,1,101,641,129,110,129,110,
MOT17-05-FRCNN,962,118,129,640,v_to_u,1,197,641,129,118,129,118,
MOT17-05-FRCNN,963,125,129,640,v_to_u,1,56,641,129,125,129,125,
MOT17-05-FRCNN,964,127,129,640,v_to_u,1,42,641,129,127,129,127,
MOT17-05-FRCNN,965,129,131,640,u_to_v,1,4,641,129,131,129,131,
MOT17-05-FRCNN,966,103,131,644,v_to_u,1,164,645,131,103,131,103,
MOT17-05-FRCNN,967,110,131,644,v_to_u,1,97,645,131,110,131,110,
MOT17-05-FRCNN,968,118,131,644,v_to_u,1,193,645,131,118,131,118,
MOT17-05-FRCNN,969,125,131,644,v_to_u,1,52,645,131,125,131,125,
MOT17-05-FRCNN,970,127,131,644,v_to_u,1,38,645,131,127,131,127,
MOT17-05-FRCNN,971,103,133,672,v_to_u,1,136,673,133,103,133,103,
MOT17-05-FRCNN,972,110,133,672,v_to_u,1,69,673,133,110,133,110,
MOT17-05-FRCNN,973,118,133,672,v_to_u,1,165,673,133,118,133,118,
MOT17-05-FRCNN,974,125,133,672,v_to_u,1,24,673,133,125,133,125,
MOT17-05-FRCNN,975,127,133,672,v_to_u,1,10,673,133,127,133,127,
MOT17-05-FRCNN,976,132,133,672,v_to_u,1,163,673,133,132,133,132,
MOT17-05-FRCNN,977,133,134,672,u_to_v,1,6,673,133,134,133,134,
MOT17-05-FRCNN,978,103,134,678,v_to_u,1,130,679,134,103,134,103,
MOT17-05-FRCNN,979,110,134,678,v_to_u,1,63,679,134,110,134,110,
MOT17-05-FRCNN,980,118,134,678,v_to_u,1,159,679,134,118,134,118,
MOT17-05-FRCNN,981,125,134,678,v_to_u,1,18,679,134,125,134,125,
MOT17-05-FRCNN,982,127,134,678,v_to_u,1,4,679,134,127,134,127,
MOT17-05-FRCNN,983,132,134,678,v_to_u,1,157,679,134,132,134,132,
MOT17-05-FRCNN,984,134,135,678,u_to_v,1,5,679,134,135,134,135,
MOT17-05-FRCNN,985,103,127,682,v_to_u,1,126,683,127,103,127,103,
MOT17-05-FRCNN,986,110,127,682,v_to_u,1,59,683,127,110,127,110,
MOT17-05-FRCNN,987,118,127,682,v_to_u,1,155,683,127,118,127,118,
MOT17-05-FRCNN,988,125,127,682,v_to_u,1,14,683,127,125,127,125,
MOT17-05-FRCNN,989,127,132,682,u_to_v,1,153,683,127,132,127,132,
MOT17-05-FRCNN,990,127,135,682,u_to_v,1,1,683,127,135,127,135,
MOT17-05-FRCNN,991,127,136,682,u_to_v,1,12,683,127,136,127,136,
MOT17-05-FRCNN,992,103,135,683,v_to_u,1,125,684,135,103,135,103,
MOT17-05-FRCNN,993,110,135,683,v_to_u,1,58,684,135,110,135,110,
MOT17-05-FRCNN,994,118,135,683,v_to_u,1,154,684,135,118,135,118,
MOT17-05-FRCNN,995,125,135,683,v_to_u,1,13,684,135,125,135,125,
MOT17-05-FRCNN,996,132,135,683,v_to_u,1,152,684,135,132,135,132,
MOT17-05-FRCNN,997,135,136,683,u_to_v,1,11,684,135,136,135,136,
MOT17-05-FRCNN,998,103,136,694,v_to_u,1,114,695,136,103,136,103,
MOT17-05-FRCNN,999,110,136,694,v_to_u,1,47,695,136,110,136,110,
MOT17-05-FRCNN,1000,118,136,694,v_to_u,1,143,695,136,118,136,118,
MOT17-05-FRCNN,1001,125,136,694,v_to_u,1,2,695,136,125,136,125,
MOT17-05-FRCNN,1002,132,136,694,v_to_u,1,141,695,136,132,136,132,
MOT17-05-FRCNN,1003,136,137,694,u_to_v,1,16,695,136,137,136,137,
MOT17-05-FRCNN,1004,136,138,694,u_to_v,1,8,695,136,138,136,138,
MOT17-05-FRCNN,1005,136,139,694,u_to_v,1,11,695,136,139,136,139,
MOT17-05-FRCNN,1006,136,140,694,u_to_v,1,13,695,136,140,136,140,
MOT17-05-FRCNN,1007,103,125,696,v_to_u,1,112,697,125,103,125,103,
MOT17-05-FRCNN,1008,110,125,696,v_to_u,1,45,697,125,110,125,110,
MOT17-05-FRCNN,1009,118,125,696,v_to_u,1,141,697,125,118,125,118,
MOT17-05-FRCNN,1010,125,132,696,u_to_v,1,139,697,125,132,125,132,
MOT17-05-FRCNN,1011,125,137,696,u_to_v,1,14,697,125,137,125,137,
MOT17-05-FRCNN,1012,125,138,696,u_to_v,1,6,697,125,138,125,138,
MOT17-05-FRCNN,1013,125,139,696,u_to_v,1,9,697,125,139,125,139,
MOT17-05-FRCNN,1014,125,140,696,u_to_v,1,11,697,125,140,125,140,
MOT17-05-FRCNN,1015,103,143,701,v_to_u,1,107,702,143,103,143,103,
MOT17-05-FRCNN,1016,110,143,701,v_to_u,1,40,702,143,110,143,110,
MOT17-05-FRCNN,1017,118,143,701,v_to_u,1,136,702,143,118,143,118,
MOT17-05-FRCNN,1018,132,143,701,v_to_u,1,134,702,143,132,143,132,
MOT17-05-FRCNN,1019,137,143,701,v_to_u,1,9,702,143,137,143,137,
MOT17-05-FRCNN,1020,138,143,701,v_to_u,1,1,702,143,138,143,138,
MOT17-05-FRCNN,1021,139,143,701,v_to_u,1,4,702,143,139,143,139,
MOT17-05-FRCNN,1022,140,143,701,v_to_u,1,6,702,143,140,143,140,
MOT17-05-FRCNN,1023,141,143,701,v_to_u,1,7,702,143,141,143,141,
MOT17-05-FRCNN,1024,142,143,701,v_to_u,1,15,702,143,142,143,142,
MOT17-05-FRCNN,1025,103,138,702,v_to_u,1,106,703,138,103,138,103,
MOT17-05-FRCNN,1026,110,138,702,v_to_u,1,39,703,138,110,138,110,
MOT17-05-FRCNN,1027,118,138,702,v_to_u,1,135,703,138,118,138,118,
MOT17-05-FRCNN,1028,132,138,702,v_to_u,1,133,703,138,132,138,132,
MOT17-05-FRCNN,1029,137,138,702,v_to_u,1,8,703,138,137,138,137,
MOT17-05-FRCNN,1030,138,139,702,u_to_v,1,3,703,138,139,138,139,
MOT17-05-FRCNN,1031,138,140,702,u_to_v,1,5,703,138,140,138,140,
MOT17-05-FRCNN,1032,138,141,702,u_to_v,1,6,703,138,141,138,141,
MOT17-05-FRCNN,1033,138,142,702,u_to_v,1,14,703,138,142,138,142,
MOT17-05-FRCNN,1034,103,139,705,v_to_u,1,103,706,139,103,139,103,
MOT17-05-FRCNN,1035,110,139,705,v_to_u,1,36,706,139,110,139,110,
MOT17-05-FRCNN,1036,118,139,705,v_to_u,1,132,706,139,118,139,118,
MOT17-05-FRCNN,1037,132,139,705,v_to_u,1,130,706,139,132,139,132,
MOT17-05-FRCNN,1038,137,139,705,v_to_u,1,5,706,139,137,139,137,
MOT17-05-FRCNN,1039,139,140,705,u_to_v,1,2,706,139,140,139,140,
MOT17-05-FRCNN,1040,139,141,705,u_to_v,1,3,706,139,141,139,141,
MOT17-05-FRCNN,1041,139,142,705,u_to_v,1,11,706,139,142,139,142,
MOT17-05-FRCNN,1042,103,140,707,v_to_u,1,101,708,140,103,140,103,
MOT17-05-FRCNN,1043,110,140,707,v_to_u,1,34,708,140,110,140,110,
MOT17-05-FRCNN,1044,118,140,707,v_to_u,1,130,708,140,118,140,118,
MOT17-05-FRCNN,1045,132,140,707,v_to_u,1,128,708,140,132,140,132,
MOT17-05-FRCNN,1046,137,140,707,v_to_u,1,3,708,140,137,140,137,
MOT17-05-FRCNN,1047,140,141,707,u_to_v,1,1,708,140,141,140,141,
MOT17-05-FRCNN,1048,140,142,707,u_to_v,1,9,708,140,142,140,142,
MOT17-05-FRCNN,1049,103,141,708,v_to_u,1,100,709,141,103,141,103,
MOT17-05-FRCNN,1050,110,141,708,v_to_u,1,33,709,141,110,141,110,
MOT17-05-FRCNN,1051,118,141,708,v_to_u,1,129,709,141,118,141,118,
MOT17-05-FRCNN,1052,132,141,708,v_to_u,1,127,709,141,132,141,132,
MOT17-05-FRCNN,1053,137,141,708,v_to_u,1,2,709,141,137,141,137,
MOT17-05-FRCNN,1054,141,142,708,u_to_v,1,8,709,141,142,141,142,
MOT17-05-FRCNN,1055,103,137,710,v_to_u,1,98,711,137,103,137,103,
MOT17-05-FRCNN,1056,110,137,710,v_to_u,1,31,711,137,110,137,110,
MOT17-05-FRCNN,1057,118,137,710,v_to_u,1,127,711,137,118,137,118,
MOT17-05-FRCNN,1058,132,137,710,v_to_u,1,125,711,137,132,137,132,
MOT17-05-FRCNN,1059,137,142,710,u_to_v,1,6,711,137,142,137,142,
MOT17-05-FRCNN,1060,137,144,710,u_to_v,1,19,711,137,144,137,144,
MOT17-05-FRCNN,1061,103,142,716,v_to_u,1,92,717,142,103,142,103,
MOT17-05-FRCNN,1062,110,142,716,v_to_u,1,25,717,142,110,142,110,
MOT17-05-FRCNN,1063,118,142,716,v_to_u,1,121,717,142,118,142,118,
MOT17-05-FRCNN,1064,132,142,716,v_to_u,1,119,717,142,132,142,132,
MOT17-05-FRCNN,1065,142,144,716,u_to_v,1,13,717,142,144,142,144,
MOT17-05-FRCNN,1066,142,145,716,u_to_v,1,17,717,142,145,142,145,
MOT17-05-FRCNN,1067,142,146,716,u_to_v,1,2,717,142,146,142,146,
MOT17-05-FRCNN,1068,103,146,718,v_to_u,1,90,719,146,103,146,103,
MOT17-05-FRCNN,1069,110,146,718,v_to_u,1,23,719,146,110,146,110,
MOT17-05-FRCNN,1070,118,146,718,v_to_u,1,119,719,146,118,146,118,
MOT17-05-FRCNN,1071,132,146,718,v_to_u,1,117,719,146,132,146,132,
MOT17-05-FRCNN,1072,144,146,718,v_to_u,1,11,719,146,144,146,144,
MOT17-05-FRCNN,1073,145,146,718,v_to_u,1,15,719,146,145,146,145,
MOT17-05-FRCNN,1074,103,144,729,v_to_u,1,79,730,144,103,144,103,
MOT17-05-FRCNN,1075,110,144,729,v_to_u,1,12,730,144,110,144,110,
MOT17-05-FRCNN,1076,118,144,729,v_to_u,1,108,730,144,118,144,118,
MOT17-05-FRCNN,1077,132,144,729,v_to_u,1,106,730,144,132,144,132,
MOT17-05-FRCNN,1078,144,145,729,u_to_v,1,4,730,144,145,144,145,
MOT17-05-FRCNN,1079,144,147,729,u_to_v,1,58,730,144,147,144,147,
MOT17-05-FRCNN,1080,144,148,729,u_to_v,1,17,730,144,148,144,148,
MOT17-05-FRCNN,1081,144,149,729,u_to_v,1,7,730,144,149,144,149,
MOT17-05-FRCNN,1082,103,150,731,v_to_u,1,77,732,150,103,150,103,
MOT17-05-FRCNN,1083,110,150,731,v_to_u,1,10,732,150,110,150,110,
MOT17-05-FRCNN,1084,118,150,731,v_to_u,1,106,732,150,118,150,118,
MOT17-05-FRCNN,1085,132,150,731,v_to_u,1,104,732,150,132,150,132,
MOT17-05-FRCNN,1086,145,150,731,v_to_u,1,2,732,150,145,150,145,
MOT17-05-FRCNN,1087,147,150,731,v_to_u,1,56,732,150,147,150,147,
MOT17-05-FRCNN,1088,148,150,731,v_to_u,1,15,732,150,148,150,148,
MOT17-05-FRCNN,1089,149,150,731,v_to_u,1,5,732,150,149,150,149,
MOT17-05-FRCNN,1090,103,145,733,v_to_u,1,75,734,145,103,145,103,
MOT17-05-FRCNN,1091,110,145,733,v_to_u,1,8,734,145,110,145,110,
MOT17-05-FRCNN,1092,118,145,733,v_to_u,1,104,734,145,118,145,118,
MOT17-05-FRCNN,1093,132,145,733,v_to_u,1,102,734,145,132,145,132,
MOT17-05-FRCNN,1094,145,147,733,u_to_v,1,54,734,145,147,145,147,
MOT17-05-FRCNN,1095,145,148,733,u_to_v,1,13,734,145,148,145,148,
MOT17-05-FRCNN,1096,145,149,733,u_to_v,1,3,734,145,149,145,149,
MOT17-05-FRCNN,1097,145,151,733,u_to_v,1,21,734,145,151,145,151,
MOT17-05-FRCNN,1098,145,152,733,u_to_v,1,42,734,145,152,145,152,
MOT17-05-FRCNN,1099,103,149,736,v_to_u,1,72,737,149,103,149,103,
MOT17-05-FRCNN,1100,110,149,736,v_to_u,1,5,737,149,110,149,110,
MOT17-05-FRCNN,1101,118,149,736,v_to_u,1,101,737,149,118,149,118,
MOT17-05-FRCNN,1102,132,149,736,v_to_u,1,99,737,149,132,149,132,
MOT17-05-FRCNN,1103,147,149,736,v_to_u,1,51,737,149,147,149,147,
MOT17-05-FRCNN,1104,148,149,736,v_to_u,1,10,737,149,148,149,148,
MOT17-05-FRCNN,1105,149,151,736,u_to_v,1,18,737,149,151,149,151,
MOT17-05-FRCNN,1106,149,152,736,u_to_v,1,39,737,149,152,149,152,
MOT17-05-FRCNN,1107,103,110,741,v_to_u,1,67,742,110,103,110,103,
MOT17-05-FRCNN,1108,110,118,741,u_to_v,1,96,742,110,118,110,118,
MOT17-05-FRCNN,1109,110,132,741,u_to_v,1,94,742,110,132,110,132,
MOT17-05-FRCNN,1110,110,147,741,u_to_v,1,46,742,110,147,110,147,
MOT17-05-FRCNN,1111,110,148,741,u_to_v,1,5,742,110,148,110,148,
MOT17-05-FRCNN,1112,110,151,741,u_to_v,1,13,742,110,151,110,151,
MOT17-05-FRCNN,1113,110,152,741,u_to_v,1,34,742,110,152,110,152,
MOT17-05-FRCNN,1114,103,153,743,v_to_u,1,65,744,153,103,153,103,
MOT17-05-FRCNN,1115,118,153,743,v_to_u,1,94,744,153,118,153,118,
MOT17-05-FRCNN,1116,132,153,743,v_to_u,1,92,744,153,132,153,132,
MOT17-05-FRCNN,1117,147,153,743,v_to_u,1,44,744,153,147,153,147,
MOT17-05-FRCNN,1118,148,153,743,v_to_u,1,3,744,153,148,153,148,
MOT17-05-FRCNN,1119,151,153,743,v_to_u,1,11,744,153,151,153,151,
MOT17-05-FRCNN,1120,152,153,743,v_to_u,1,32,744,153,152,153,152,
MOT17-05-FRCNN,1121,103,148,746,v_to_u,1,62,747,148,103,148,103,
MOT17-05-FRCNN,1122,118,148,746,v_to_u,1,91,747,148,118,148,118,
MOT17-05-FRCNN,1123,132,148,746,v_to_u,1,89,747,148,132,148,132,
MOT17-05-FRCNN,1124,147,148,746,v_to_u,1,41,747,148,147,148,147,
MOT17-05-FRCNN,1125,148,151,746,u_to_v,1,8,747,148,151,148,151,
MOT17-05-FRCNN,1126,148,152,746,u_to_v,1,29,747,148,152,148,152,
MOT17-05-FRCNN,1127,148,154,746,u_to_v,1,18,747,148,154,148,154,
MOT17-05-FRCNN,1128,103,156,751,v_to_u,1,57,752,156,103,156,103,
MOT17-05-FRCNN,1129,118,156,751,v_to_u,1,86,752,156,118,156,118,
MOT17-05-FRCNN,1130,132,156,751,v_to_u,1,84,752,156,132,156,132,
MOT17-05-FRCNN,1131,147,156,751,v_to_u,1,36,752,156,147,156,147,
MOT17-05-FRCNN,1132,151,156,751,v_to_u,1,3,752,156,151,156,151,
MOT17-05-FRCNN,1133,152,156,751,v_to_u,1,24,752,156,152,156,152,
MOT17-05-FRCNN,1134,154,156,751,v_to_u,1,13,752,156,154,156,154,
MOT17-05-FRCNN,1135,155,156,751,v_to_u,1,40,752,156,155,156,155,
MOT17-05-FRCNN,1136,103,157,752,v_to_u,1,56,753,157,103,157,103,
MOT17-05-FRCNN,1137,118,157,752,v_to_u,1,85,753,157,118,157,118,
MOT17-05-FRCNN,1138,132,157,752,v_to_u,1,83,753,157,132,157,132,
MOT17-05-FRCNN,1139,147,157,752,v_to_u,1,35,753,157,147,157,147,
MOT17-05-FRCNN,1140,151,157,752,v_to_u,1,2,753,157,151,157,151,
MOT17-05-FRCNN,1141,152,157,752,v_to_u,1,23,753,157,152,157,152,
MOT17-05-FRCNN,1142,154,157,752,v_to_u,1,12,753,157,154,157,154,
MOT17-05-FRCNN,1143,155,157,752,v_to_u,1,39,753,157,155,157,155,
MOT17-05-FRCNN,1144,103,151,754,v_to_u,1,54,755,151,103,151,103,
MOT17-05-FRCNN,1145,118,151,754,v_to_u,1,83,755,151,118,151,118,
MOT17-05-FRCNN,1146,132,151,754,v_to_u,1,81,755,151,132,151,132,
MOT17-05-FRCNN,1147,147,151,754,v_to_u,1,33,755,151,147,151,147,
MOT17-05-FRCNN,1148,151,152,754,u_to_v,1,21,755,151,152,151,152,
MOT17-05-FRCNN,1149,151,154,754,u_to_v,1,10,755,151,154,151,154,
MOT17-05-FRCNN,1150,151,155,754,u_to_v,1,37,755,151,155,151,155,
MOT17-05-FRCNN,1151,151,158,754,u_to_v,1,35,755,151,158,151,158,
MOT17-05-FRCNN,1152,151,159,754,u_to_v,1,3,755,151,159,151,159,
MOT17-05-FRCNN,1153,151,160,754,u_to_v,1,9,755,151,160,151,160,
MOT17-05-FRCNN,1154,103,159,757,v_to_u,1,51,758,159,103,159,103,
MOT17-05-FRCNN,1155,118,159,757,v_to_u,1,80,758,159,118,159,118,
MOT17-05-FRCNN,1156,132,159,757,v_to_u,1,78,758,159,132,159,132,
MOT17-05-FRCNN,1157,147,159,757,v_to_u,1,30,758,159,147,159,147,
MOT17-05-FRCNN,1158,152,159,757,v_to_u,1,18,758,159,152,159,152,
MOT17-05-FRCNN,1159,154,159,757,v_to_u,1,7,758,159,154,159,154,
MOT17-05-FRCNN,1160,155,159,757,v_to_u,1,34,758,159,155,159,155,
MOT17-05-FRCNN,1161,158,159,757,v_to_u,1,32,758,159,158,159,158,
MOT17-05-FRCNN,1162,159,160,757,u_to_v,1,6,758,159,160,159,160,
MOT17-05-FRCNN,1163,103,160,763,v_to_u,1,45,764,160,103,160,103,
MOT17-05-FRCNN,1164,118,160,763,v_to_u,1,74,764,160,118,160,118,
MOT17-05-FRCNN,1165,132,160,763,v_to_u,1,72,764,160,132,160,132,
MOT17-05-FRCNN,1166,147,160,763,v_to_u,1,24,764,160,147,160,147,
MOT17-05-FRCNN,1167,152,160,763,v_to_u,1,12,764,160,152,160,152,
MOT17-05-FRCNN,1168,154,160,763,v_to_u,1,1,764,160,154,160,154,
MOT17-05-FRCNN,1169,155,160,763,v_to_u,1,28,764,160,155,160,155,
MOT17-05-FRCNN,1170,158,160,763,v_to_u,1,26,764,160,158,160,158,
MOT17-05-FRCNN,1171,160,161,763,u_to_v,1,25,764,160,161,160,161,
MOT17-05-FRCNN,1172,160,162,763,u_to_v,1,23,764,160,162,160,162,
MOT17-05-FRCNN,1173,160,163,763,u_to_v,1,42,764,160,163,160,163,
MOT17-05-FRCNN,1174,160,164,763,u_to_v,1,31,764,160,164,160,164,
MOT17-05-FRCNN,1175,103,154,764,v_to_u,1,44,765,154,103,154,103,
MOT17-05-FRCNN,1176,118,154,764,v_to_u,1,73,765,154,118,154,118,
MOT17-05-FRCNN,1177,132,154,764,v_to_u,1,71,765,154,132,154,132,
MOT17-05-FRCNN,1178,147,154,764,v_to_u,1,23,765,154,147,154,147,
MOT17-05-FRCNN,1179,152,154,764,v_to_u,1,11,765,154,152,154,152,
MOT17-05-FRCNN,1180,154,155,764,u_to_v,1,27,765,154,155,154,155,
MOT17-05-FRCNN,1181,154,158,764,u_to_v,1,25,765,154,158,154,158,
MOT17-05-FRCNN,1182,154,161,764,u_to_v,1,24,765,154,161,154,161,
MOT17-05-FRCNN,1183,154,162,764,u_to_v,1,22,765,154,162,154,162,
MOT17-05-FRCNN,1184,154,163,764,u_to_v,1,41,765,154,163,154,163,
MOT17-05-FRCNN,1185,154,164,764,u_to_v,1,30,765,154,164,154,164,
MOT17-05-FRCNN,1186,103,165,767,v_to_u,1,41,768,165,103,165,103,
MOT17-05-FRCNN,1187,118,165,767,v_to_u,1,70,768,165,118,165,118,
MOT17-05-FRCNN,1188,132,165,767,v_to_u,1,68,768,165,132,165,132,
MOT17-05-FRCNN,1189,147,165,767,v_to_u,1,20,768,165,147,165,147,
MOT17-05-FRCNN,1190,152,165,767,v_to_u,1,8,768,165,152,165,152,
MOT17-05-FRCNN,1191,155,165,767,v_to_u,1,24,768,165,155,165,155,
MOT17-05-FRCNN,1192,158,165,767,v_to_u,1,22,768,165,158,165,158,
MOT17-05-FRCNN,1193,161,165,767,v_to_u,1,21,768,165,161,165,161,
MOT17-05-FRCNN,1194,162,165,767,v_to_u,1,19,768,165,162,165,162,
MOT17-05-FRCNN,1195,163,165,767,v_to_u,1,38,768,165,163,165,163,
MOT17-05-FRCNN,1196,164,165,767,v_to_u,1,27,768,165,164,165,164,
MOT17-05-FRCNN,1197,103,152,775,v_to_u,1,33,776,152,103,152,103,
MOT17-05-FRCNN,1198,118,152,775,v_to_u,1,62,776,152,118,152,118,
MOT17-05-FRCNN,1199,132,152,775,v_to_u,1,60,776,152,132,152,132,
MOT17-05-FRCNN,1200,147,152,775,v_to_u,1,12,776,152,147,152,147,
MOT17-05-FRCNN,1201,152,155,775,u_to_v,1,16,776,152,155,152,155,
MOT17-05-FRCNN,1202,152,158,775,u_to_v,1,14,776,152,158,152,158,
MOT17-05-FRCNN,1203,152,161,775,u_to_v,1,13,776,152,161,152,161,
MOT17-05-FRCNN,1204,152,162,775,u_to_v,1,11,776,152,162,152,162,
MOT17-05-FRCNN,1205,152,163,775,u_to_v,1,30,776,152,163,152,163,
MOT17-05-FRCNN,1206,152,164,775,u_to_v,1,19,776,152,164,152,164,
MOT17-05-FRCNN,1207,152,166,775,u_to_v,1,12,776,152,166,152,166,
MOT17-05-FRCNN,1208,152,167,775,u_to_v,1,29,776,152,167,152,167,
MOT17-05-FRCNN,1209,103,169,781,v_to_u,1,27,782,169,103,169,103,
MOT17-05-FRCNN,1210,118,169,781,v_to_u,1,56,782,169,118,169,118,
MOT17-05-FRCNN,1211,132,169,781,v_to_u,1,54,782,169,132,169,132,
MOT17-05-FRCNN,1212,147,169,781,v_to_u,1,6,782,169,147,169,147,
MOT17-05-FRCNN,1213,155,169,781,v_to_u,1,10,782,169,155,169,155,
MOT17-05-FRCNN,1214,158,169,781,v_to_u,1,8,782,169,158,169,158,
MOT17-05-FRCNN,1215,161,169,781,v_to_u,1,7,782,169,161,169,161,
MOT17-05-FRCNN,1216,162,169,781,v_to_u,1,5,782,169,162,169,162,
MOT17-05-FRCNN,1217,163,169,781,v_to_u,1,24,782,169,163,169,163,
MOT17-05-FRCNN,1218,164,169,781,v_to_u,1,13,782,169,164,169,164,
MOT17-05-FRCNN,1219,166,169,781,v_to_u,1,6,782,169,166,169,166,
MOT17-05-FRCNN,1220,167,169,781,v_to_u,1,23,782,169,167,169,167,
MOT17-05-FRCNN,1221,168,169,781,v_to_u,1,18,782,169,168,169,168,
MOT17-05-FRCNN,1222,169,170,781,u_to_v,1,44,782,169,170,169,170,
MOT17-05-FRCNN,1223,103,162,786,v_to_u,1,22,787,162,103,162,103,
MOT17-05-FRCNN,1224,118,162,786,v_to_u,1,51,787,162,118,162,118,
MOT17-05-FRCNN,1225,132,162,786,v_to_u,1,49,787,162,132,162,132,
MOT17-05-FRCNN,1226,147,162,786,v_to_u,1,1,787,162,147,162,147,
MOT17-05-FRCNN,1227,155,162,786,v_to_u,1,5,787,162,155,162,155,
MOT17-05-FRCNN,1228,158,162,786,v_to_u,1,3,787,162,158,162,158,
MOT17-05-FRCNN,1229,161,162,786,v_to_u,1,2,787,162,161,162,161,
MOT17-05-FRCNN,1230,162,163,786,u_to_v,1,19,787,162,163,162,163,
MOT17-05-FRCNN,1231,162,164,786,u_to_v,1,8,787,162,164,162,164,
MOT17-05-FRCNN,1232,162,166,786,u_to_v,1,1,787,162,166,162,166,
MOT17-05-FRCNN,1233,162,167,786,u_to_v,1,18,787,162,167,162,167,
MOT17-05-FRCNN,1234,162,168,786,u_to_v,1,13,787,162,168,162,168,
MOT17-05-FRCNN,1235,162,170,786,u_to_v,1,39,787,162,170,162,170,
MOT17-05-FRCNN,1236,103,147,787,v_to_u,1,21,788,147,103,147,103,
MOT17-05-FRCNN,1237,103,166,787,v_to_u,1,21,788,166,103,166,103,
MOT17-05-FRCNN,1238,118,147,787,v_to_u,1,50,788,147,118,147,118,
MOT17-05-FRCNN,1239,118,166,787,v_to_u,1,50,788,166,118,166,118,
MOT17-05-FRCNN,1240,132,147,787,v_to_u,1,48,788,147,132,147,132,
MOT17-05-FRCNN,1241,132,166,787,v_to_u,1,48,788,166,132,166,132,
MOT17-05-FRCNN,1242,147,155,787,u_to_v,1,4,788,147,155,147,155,
MOT17-05-FRCNN,1243,147,158,787,u_to_v,1,2,788,147,158,147,158,
MOT17-05-FRCNN,1244,147,161,787,u_to_v,1,1,788,147,161,147,161,
MOT17-05-FRCNN,1245,147,163,787,u_to_v,1,18,788,147,163,147,163,
MOT17-05-FRCNN,1246,147,164,787,u_to_v,1,7,788,147,164,147,164,
MOT17-05-FRCNN,1247,147,167,787,u_to_v,1,17,788,147,167,147,167,
MOT17-05-FRCNN,1248,147,168,787,u_to_v,1,12,788,147,168,147,168,
MOT17-05-FRCNN,1249,147,170,787,u_to_v,1,38,788,147,170,147,170,
MOT17-05-FRCNN,1250,155,166,787,v_to_u,1,4,788,166,155,166,155,
MOT17-05-FRCNN,1251,158,166,787,v_to_u,1,2,788,166,158,166,158,
MOT17-05-FRCNN,1252,161,166,787,v_to_u,1,1,788,166,161,166,161,
MOT17-05-FRCNN,1253,163,166,787,v_to_u,1,18,788,166,163,166,163,
MOT17-05-FRCNN,1254,164,166,787,v_to_u,1,7,788,166,164,166,164,
MOT17-05-FRCNN,1255,166,167,787,u_to_v,1,17,788,166,167,166,167,
MOT17-05-FRCNN,1256,166,168,787,u_to_v,1,12,788,166,168,166,168,
MOT17-05-FRCNN,1257,166,170,787,u_to_v,1,38,788,166,170,166,170,
MOT17-05-FRCNN,1258,103,161,788,v_to_u,1,20,789,161,103,161,103,
MOT17-05-FRCNN,1259,118,161,788,v_to_u,1,49,789,161,118,161,118,
MOT17-05-FRCNN,1260,132,161,788,v_to_u,1,47,789,161,132,161,132,
MOT17-05-FRCNN,1261,155,161,788,v_to_u,1,3,789,161,155,161,155,
MOT17-05-FRCNN,1262,158,161,788,v_to_u,1,1,789,161,158,161,158,
MOT17-05-FRCNN,1263,161,163,788,u_to_v,1,17,789,161,163,161,163,
MOT17-05-FRCNN,1264,161,164,788,u_to_v,1,6,789,161,164,161,164,
MOT17-05-FRCNN,1265,161,167,788,u_to_v,1,16,789,161,167,161,167,
MOT17-05-FRCNN,1266,161,168,788,u_to_v,1,11,789,161,168,161,168,
MOT17-05-FRCNN,1267,161,170,788,u_to_v,1,37,789,161,170,161,170,
MOT17-05-FRCNN,1268,161,171,788,u_to_v,1,48,789,161,171,161,171,
MOT17-05-FRCNN,1269,103,158,789,v_to_u,1,19,790,158,103,158,103,
MOT17-05-FRCNN,1270,118,158,789,v_to_u,1,48,790,158,118,158,118,
MOT17-05-FRCNN,1271,132,158,789,v_to_u,1,46,790,158,132,158,132,
MOT17-05-FRCNN,1272,155,158,789,v_to_u,1,2,790,158,155,158,155,
MOT17-05-FRCNN,1273,158,163,789,u_to_v,1,16,790,158,163,158,163,
MOT17-05-FRCNN,1274,158,164,789,u_to_v,1,5,790,158,164,158,164,
MOT17-05-FRCNN,1275,158,167,789,u_to_v,1,15,790,158,167,158,167,
MOT17-05-FRCNN,1276,158,168,789,u_to_v,1,10,790,158,168,158,168,
MOT17-05-FRCNN,1277,158,170,789,u_to_v,1,36,790,158,170,158,170,
MOT17-05-FRCNN,1278,158,171,789,u_to_v,1,47,790,158,171,158,171,
MOT17-05-FRCNN,1279,103,155,791,v_to_u,1,17,792,155,103,155,103,
MOT17-05-FRCNN,1280,118,155,791,v_to_u,1,46,792,155,118,155,118,
MOT17-05-FRCNN,1281,132,155,791,v_to_u,1,44,792,155,132,155,132,
MOT17-05-FRCNN,1282,155,163,791,u_to_v,1,14,792,155,163,155,163,
MOT17-05-FRCNN,1283,155,164,791,u_to_v,1,3,792,155,164,155,164,
MOT17-05-FRCNN,1284,155,167,791,u_to_v,1,13,792,155,167,155,167,
MOT17-05-FRCNN,1285,155,168,791,u_to_v,1,8,792,155,168,155,168,
MOT17-05-FRCNN,1286,155,170,791,u_to_v,1,34,792,155,170,155,170,
MOT17-05-FRCNN,1287,155,171,791,u_to_v,1,45,792,155,171,155,171,
MOT17-05-FRCNN,1288,155,172,791,u_to_v,1,46,792,155,172,155,172,
MOT17-05-FRCNN,1289,103,164,794,v_to_u,1,14,795,164,103,164,103,
MOT17-05-FRCNN,1290,118,164,794,v_to_u,1,43,795,164,118,164,118,
MOT17-05-FRCNN,1291,132,164,794,v_to_u,1,41,795,164,132,164,132,
MOT17-05-FRCNN,1292,163,164,794,v_to_u,1,11,795,164,163,164,163,
MOT17-05-FRCNN,1293,164,167,794,u_to_v,1,10,795,164,167,164,167,
MOT17-05-FRCNN,1294,164,168,794,u_to_v,1,5,795,164,168,164,168,
MOT17-05-FRCNN,1295,164,170,794,u_to_v,1,31,795,164,170,164,170,
MOT17-05-FRCNN,1296,164,171,794,u_to_v,1,42,795,164,171,164,171,
MOT17-05-FRCNN,1297,164,172,794,u_to_v,1,43,795,164,172,164,172,
MOT17-05-FRCNN,1298,164,173,794,u_to_v,1,7,795,164,173,164,173,
MOT17-05-FRCNN,1299,164,174,794,u_to_v,1,43,795,164,174,164,174,
MOT17-05-FRCNN,1300,103,168,799,v_to_u,1,9,800,168,103,168,103,
MOT17-05-FRCNN,1301,118,168,799,v_to_u,1,38,800,168,118,168,118,
MOT17-05-FRCNN,1302,132,168,799,v_to_u,1,36,800,168,132,168,132,
MOT17-05-FRCNN,1303,163,168,799,v_to_u,1,6,800,168,163,168,163,
MOT17-05-FRCNN,1304,167,168,799,v_to_u,1,5,800,168,167,168,167,
MOT17-05-FRCNN,1305,168,170,799,u_to_v,1,26,800,168,170,168,170,
MOT17-05-FRCNN,1306,168,171,799,u_to_v,1,37,800,168,171,168,171,
MOT17-05-FRCNN,1307,168,172,799,u_to_v,1,38,800,168,172,168,172,
MOT17-05-FRCNN,1308,168,173,799,u_to_v,1,2,800,168,173,168,173,
MOT17-05-FRCNN,1309,168,174,799,u_to_v,1,38,800,168,174,168,174,
MOT17-05-FRCNN,1310,168,175,799,u_to_v,1,38,800,168,175,168,175,
MOT17-05-FRCNN,1311,168,176,799,u_to_v,1,31,800,168,176,168,176,
MOT17-05-FRCNN,1312,103,173,801,v_to_u,1,7,802,173,103,173,103,
MOT17-05-FRCNN,1313,118,173,801,v_to_u,1,36,802,173,118,173,118,
MOT17-05-FRCNN,1314,132,173,801,v_to_u,1,34,802,173,132,173,132,
MOT17-05-FRCNN,1315,163,173,801,v_to_u,1,4,802,173,163,173,163,
MOT17-05-FRCNN,1316,167,173,801,v_to_u,1,3,802,173,167,173,167,
MOT17-05-FRCNN,1317,170,173,801,v_to_u,1,24,802,173,170,173,170,
MOT17-05-FRCNN,1318,171,173,801,v_to_u,1,35,802,173,171,173,171,
MOT17-05-FRCNN,1319,172,173,801,v_to_u,1,36,802,173,172,173,172,
MOT17-05-FRCNN,1320,173,174,801,u_to_v,1,36,802,173,174,173,174,
MOT17-05-FRCNN,1321,173,175,801,u_to_v,1,36,802,173,175,173,175,
MOT17-05-FRCNN,1322,173,176,801,u_to_v,1,29,802,173,176,173,176,
MOT17-05-FRCNN,1323,103,167,804,v_to_u,1,4,805,167,103,167,103,
MOT17-05-FRCNN,1324,118,167,804,v_to_u,1,33,805,167,118,167,118,
MOT17-05-FRCNN,1325,132,167,804,v_to_u,1,31,805,167,132,167,132,
MOT17-05-FRCNN,1326,163,167,804,v_to_u,1,1,805,167,163,167,163,
MOT17-05-FRCNN,1327,167,170,804,u_to_v,1,21,805,167,170,167,170,
MOT17-05-FRCNN,1328,167,171,804,u_to_v,1,32,805,167,171,167,171,
MOT17-05-FRCNN,1329,167,172,804,u_to_v,1,33,805,167,172,167,172,
MOT17-05-FRCNN,1330,167,174,804,u_to_v,1,33,805,167,174,167,174,
MOT17-05-FRCNN,1331,167,175,804,u_to_v,1,33,805,167,175,167,175,
MOT17-05-FRCNN,1332,167,176,804,u_to_v,1,26,805,167,176,167,176,
MOT17-05-FRCNN,1333,103,163,805,v_to_u,1,3,806,163,103,163,103,
MOT17-05-FRCNN,1334,118,163,805,v_to_u,1,32,806,163,118,163,118,
MOT17-05-FRCNN,1335,132,163,805,v_to_u,1,30,806,163,132,163,132,
MOT17-05-FRCNN,1336,163,170,805,u_to_v,1,20,806,163,170,163,170,
MOT17-05-FRCNN,1337,163,171,805,u_to_v,1,31,806,163,171,163,171,
MOT17-05-FRCNN,1338,163,172,805,u_to_v,1,32,806,163,172,163,172,
MOT17-05-FRCNN,1339,163,174,805,u_to_v,1,32,806,163,174,163,174,
MOT17-05-FRCNN,1340,163,175,805,u_to_v,1,32,806,163,175,163,175,
MOT17-05-FRCNN,1341,163,176,805,u_to_v,1,25,806,163,176,163,176,
MOT17-05-FRCNN,1342,103,118,808,u_to_v,1,29,809,103,118,103,118,
MOT17-05-FRCNN,1343,103,132,808,u_to_v,1,27,809,103,132,103,132,
MOT17-05-FRCNN,1344,103,170,808,u_to_v,1,17,809,103,170,103,170,
MOT17-05-FRCNN,1345,103,171,808,u_to_v,1,28,809,103,171,103,171,
MOT17-05-FRCNN,1346,103,172,808,u_to_v,1,29,809,103,172,103,172,
MOT17-05-FRCNN,1347,103,174,808,u_to_v,1,29,809,103,174,103,174,
MOT17-05-FRCNN,1348,103,175,808,u_to_v,1,29,809,103,175,103,175,
MOT17-05-FRCNN,1349,103,176,808,u_to_v,1,22,809,103,176,103,176,
MOT17-05-FRCNN,1350,103,177,808,u_to_v,1,29,809,103,177,103,177,
MOT17-05-FRCNN,1351,118,180,817,v_to_u,1,20,818,180,118,180,118,
MOT17-05-FRCNN,1352,132,180,817,v_to_u,1,18,818,180,132,180,132,
MOT17-05-FRCNN,1353,170,180,817,v_to_u,1,8,818,180,170,180,170,
MOT17-05-FRCNN,1354,171,180,817,v_to_u,1,19,818,180,171,180,171,
MOT17-05-FRCNN,1355,172,180,817,v_to_u,1,20,818,180,172,180,172,
MOT17-05-FRCNN,1356,174,180,817,v_to_u,1,20,818,180,174,180,174,
MOT17-05-FRCNN,1357,175,180,817,v_to_u,1,20,818,180,175,180,175,
MOT17-05-FRCNN,1358,176,180,817,v_to_u,1,13,818,180,176,180,176,
MOT17-05-FRCNN,1359,177,180,817,v_to_u,1,20,818,180,177,180,177,
MOT17-05-FRCNN,1360,178,180,817,v_to_u,1,10,818,180,178,180,178,
MOT17-05-FRCNN,1361,179,180,817,v_to_u,1,20,818,180,179,180,179,
MOT17-05-FRCNN,1362,118,181,821,v_to_u,1,16,822,181,118,181,118,
MOT17-05-FRCNN,1363,132,181,821,v_to_u,1,14,822,181,132,181,132,
MOT17-05-FRCNN,1364,170,181,821,v_to_u,1,4,822,181,170,181,170,
MOT17-05-FRCNN,1365,171,181,821,v_to_u,1,15,822,181,171,181,171,
MOT17-05-FRCNN,1366,172,181,821,v_to_u,1,16,822,181,172,181,172,
MOT17-05-FRCNN,1367,174,181,821,v_to_u,1,16,822,181,174,181,174,
MOT17-05-FRCNN,1368,175,181,821,v_to_u,1,16,822,181,175,181,175,
MOT17-05-FRCNN,1369,176,181,821,v_to_u,1,9,822,181,176,181,176,
MOT17-05-FRCNN,1370,177,181,821,v_to_u,1,16,822,181,177,181,177,
MOT17-05-FRCNN,1371,178,181,821,v_to_u,1,6,822,181,178,181,178,
MOT17-05-FRCNN,1372,179,181,821,v_to_u,1,16,822,181,179,181,179,
MOT17-05-FRCNN,1373,181,182,821,u_to_v,1,16,822,181,182,181,182,
MOT17-05-FRCNN,1374,118,170,825,v_to_u,1,12,826,170,118,170,118,
MOT17-05-FRCNN,1375,132,170,825,v_to_u,1,10,826,170,132,170,132,
MOT17-05-FRCNN,1376,170,171,825,u_to_v,1,11,826,170,171,170,171,
MOT17-05-FRCNN,1377,170,172,825,u_to_v,1,12,826,170,172,170,172,
MOT17-05-FRCNN,1378,170,174,825,u_to_v,1,12,826,170,174,170,174,
MOT17-05-FRCNN,1379,170,175,825,u_to_v,1,12,826,170,175,170,175,
MOT17-05-FRCNN,1380,170,176,825,u_to_v,1,5,826,170,176,170,176,
MOT17-05-FRCNN,1381,170,177,825,u_to_v,1,12,826,170,177,170,177,
MOT17-05-FRCNN,1382,170,178,825,u_to_v,1,2,826,170,178,170,178,
MOT17-05-FRCNN,1383,170,179,825,u_to_v,1,12,826,170,179,170,179,
MOT17-05-FRCNN,1384,170,182,825,u_to_v,1,12,826,170,182,170,182,
MOT17-05-FRCNN,1385,170,183,825,u_to_v,1,12,826,170,183,170,183,
MOT17-05-FRCNN,1386,118,178,827,v_to_u,1,10,828,178,118,178,118,
MOT17-05-FRCNN,1387,132,178,827,v_to_u,1,8,828,178,132,178,132,
MOT17-05-FRCNN,1388,171,178,827,v_to_u,1,9,828,178,171,178,171,
MOT17-05-FRCNN,1389,172,178,827,v_to_u,1,10,828,178,172,178,172,
MOT17-05-FRCNN,1390,174,178,827,v_to_u,1,10,828,178,174,178,174,
MOT17-05-FRCNN,1391,175,178,827,v_to_u,1,10,828,178,175,178,175,
MOT17-05-FRCNN,1392,176,178,827,v_to_u,1,3,828,178,176,178,176,
MOT17-05-FRCNN,1393,177,178,827,v_to_u,1,10,828,178,177,178,177,
MOT17-05-FRCNN,1394,178,179,827,u_to_v,1,10,828,178,179,178,179,
MOT17-05-FRCNN,1395,178,182,827,u_to_v,1,10,828,178,182,178,182,
MOT17-05-FRCNN,1396,178,183,827,u_to_v,1,10,828,178,183,178,183,
MOT17-05-FRCNN,1397,118,176,830,v_to_u,1,7,831,176,118,176,118,
MOT17-05-FRCNN,1398,132,176,830,v_to_u,1,5,831,176,132,176,132,
MOT17-05-FRCNN,1399,171,176,830,v_to_u,1,6,831,176,171,176,171,
MOT17-05-FRCNN,1400,172,176,830,v_to_u,1,7,831,176,172,176,172,
MOT17-05-FRCNN,1401,174,176,830,v_to_u,1,7,831,176,174,176,174,
MOT17-05-FRCNN,1402,175,176,830,v_to_u,1,7,831,176,175,176,175,
MOT17-05-FRCNN,1403,176,177,830,u_to_v,1,7,831,176,177,176,177,
MOT17-05-FRCNN,1404,176,179,830,u_to_v,1,7,831,176,179,176,179,
MOT17-05-FRCNN,1405,176,182,830,u_to_v,1,7,831,176,182,176,182,
MOT17-05-FRCNN,1406,176,183,830,u_to_v,1,7,831,176,183,176,183,
MOT17-05-FRCNN,1407,118,132,835,v_to_u,1,2,836,132,118,132,118,
MOT17-05-FRCNN,1408,132,171,835,u_to_v,1,1,836,132,171,132,171,
MOT17-05-FRCNN,1409,132,172,835,u_to_v,1,2,836,132,172,132,172,
MOT17-05-FRCNN,1410,132,174,835,u_to_v,1,2,836,132,174,132,174,
MOT17-05-FRCNN,1411,132,175,835,u_to_v,1,2,836,132,175,132,175,
MOT17-05-FRCNN,1412,132,177,835,u_to_v,1,2,836,132,177,132,177,
MOT17-05-FRCNN,1413,132,179,835,u_to_v,1,2,836,132,179,132,179,
MOT17-05-FRCNN,1414,132,182,835,u_to_v,1,2,836,132,182,132,182,
MOT17-05-FRCNN,1415,132,183,835,u_to_v,1,2,836,132,183,132,183,
MOT17-05-FRCNN,1416,132,184,835,u_to_v,1,2,836,132,184,132,184,
MOT17-05-FRCNN,1417,118,171,836,v_to_u,1,1,837,171,118,171,118,
MOT17-05-FRCNN,1418,171,172,836,u_to_v,1,1,837,171,172,171,172,
MOT17-05-FRCNN,1419,171,174,836,u_to_v,1,1,837,171,174,171,174,
MOT17-05-FRCNN,1420,171,175,836,u_to_v,1,1,837,171,175,171,175,
MOT17-05-FRCNN,1421,171,177,836,u_to_v,1,1,837,171,177,171,177,
MOT17-05-FRCNN,1422,171,179,836,u_to_v,1,1,837,171,179,171,179,
MOT17-05-FRCNN,1423,171,182,836,u_to_v,1,1,837,171,182,171,182,
MOT17-05-FRCNN,1424,171,183,836,u_to_v,1,1,837,171,183,171,183,
MOT17-05-FRCNN,1425,171,184,836,u_to_v,1,1,837,171,184,171,184,
MOT17-09-FRCNN,1,1,8,42,v_to_u,1,162,43,8,1,8,1,
MOT17-09-FRCNN,2,2,8,42,v_to_u,1,350,43,8,2,8,2,
MOT17-09-FRCNN,3,3,8,42,v_to_u,1,77,43,8,3,8,3,
MOT17-09-FRCNN,4,4,8,42,v_to_u,1,483,43,8,4,8,4,
MOT17-09-FRCNN,5,5,8,42,v_to_u,1,179,43,8,5,8,5,
MOT17-09-FRCNN,6,6,8,42,v_to_u,1,208,43,8,6,8,6,
MOT17-09-FRCNN,7,7,8,42,v_to_u,1,25,43,8,7,8,7,
MOT17-09-FRCNN,8,1,7,67,v_to_u,1,137,68,7,1,7,1,
MOT17-09-FRCNN,9,2,7,67,v_to_u,1,325,68,7,2,7,2,
MOT17-09-FRCNN,10,3,7,67,v_to_u,1,52,68,7,3,7,3,
MOT17-09-FRCNN,11,4,7,67,v_to_u,1,458,68,7,4,7,4,
MOT17-09-FRCNN,12,5,7,67,v_to_u,1,154,68,7,5,7,5,
MOT17-09-FRCNN,13,6,7,67,v_to_u,1,183,68,7,6,7,6,
MOT17-09-FRCNN,14,7,9,67,u_to_v,1,144,68,7,9,7,9,
MOT17-09-FRCNN,15,1,10,83,v_to_u,1,121,84,10,1,10,1,
MOT17-09-FRCNN,16,2,10,83,v_to_u,1,309,84,10,2,10,2,
MOT17-09-FRCNN,17,3,10,83,v_to_u,1,36,84,10,3,10,3,
MOT17-09-FRCNN,18,4,10,83,v_to_u,1,442,84,10,4,10,4,
MOT17-09-FRCNN,19,5,10,83,v_to_u,1,138,84,10,5,10,5,
MOT17-09-FRCNN,20,6,10,83,v_to_u,1,167,84,10,6,10,6,
MOT17-09-FRCNN,21,9,10,83,v_to_u,1,128,84,10,9,10,9,
MOT17-09-FRCNN,22,1,11,110,v_to_u,1,94,111,11,1,11,1,
MOT17-09-FRCNN,23,2,11,110,v_to_u,1,282,111,11,2,11,2,
MOT17-09-FRCNN,24,3,11,110,v_to_u,1,9,111,11,3,11,3,
MOT17-09-FRCNN,25,4,11,110,v_to_u,1,415,111,11,4,11,4,
MOT17-09-FRCNN,26,5,11,110,v_to_u,1,111,111,11,5,11,5,
MOT17-09-FRCNN,27,6,11,110,v_to_u,1,140,111,11,6,11,6,
MOT17-09-FRCNN,28,9,11,110,v_to_u,1,101,111,11,9,11,9,
MOT17-09-FRCNN,29,1,3,119,v_to_u,1,85,120,3,1,3,1,
MOT17-09-FRCNN,30,2,3,119,v_to_u,1,273,120,3,2,3,2,
MOT17-09-FRCNN,31,3,4,119,u_to_v,1,406,120,3,4,3,4,
MOT17-09-FRCNN,32,3,5,119,u_to_v,1,102,120,3,5,3,5,
MOT17-09-FRCNN,33,3,6,119,u_to_v,1,131,120,3,6,3,6,
MOT17-09-FRCNN,34,3,9,119,u_to_v,1,92,120,3,9,3,9,
MOT17-09-FRCNN,35,1,13,168,v_to_u,1,36,169,13,1,13,1,
MOT17-09-FRCNN,36,2,13,168,v_to_u,1,224,169,13,2,13,2,
MOT17-09-FRCNN,37,4,13,168,v_to_u,1,357,169,13,4,13,4,
MOT17-09-FRCNN,38,5,13,168,v_to_u,1,53,169,13,5,13,5,
MOT17-09-FRCNN,39,6,13,168,v_to_u,1,82,169,13,6,13,6,
MOT17-09-FRCNN,40,9,13,168,v_to_u,1,43,169,13,9,13,9,
MOT17-09-FRCNN,41,12,13,168,v_to_u,1,224,169,13,12,13,12,
MOT17-09-FRCNN,42,13,14,168,u_to_v,1,172,169,13,14,13,14,
MOT17-09-FRCNN,43,13,15,168,u_to_v,1,4,169,13,15,13,15,
MOT17-09-FRCNN,44,1,15,172,v_to_u,1,32,173,15,1,15,1,
MOT17-09-FRCNN,45,2,15,172,v_to_u,1,220,173,15,2,15,2,
MOT17-09-FRCNN,46,4,15,172,v_to_u,1,353,173,15,4,15,4,
MOT17-09-FRCNN,47,5,15,172,v_to_u,1,49,173,15,5,15,5,
MOT17-09-FRCNN,48,6,15,172,v_to_u,1,78,173,15,6,15,6,
MOT17-09-FRCNN,49,9,15,172,v_to_u,1,39,173,15,9,15,9,
MOT17-09-FRCNN,50,12,15,172,v_to_u,1,220,173,15,12,15,12,
MOT17-09-FRCNN,51,14,15,172,v_to_u,1,168,173,15,14,15,14,
MOT17-09-FRCNN,52,15,16,172,u_to_v,1,165,173,15,16,15,16,
MOT17-09-FRCNN,53,15,17,172,u_to_v,1,210,173,15,17,15,17,
MOT17-09-FRCNN,54,1,19,198,v_to_u,1,6,199,19,1,19,1,
MOT17-09-FRCNN,55,2,19,198,v_to_u,1,194,199,19,2,19,2,
MOT17-09-FRCNN,56,4,19,198,v_to_u,1,327,199,19,4,19,4,
MOT17-09-FRCNN,57,5,19,198,v_to_u,1,23,199,19,5,19,5,
MOT17-09-FRCNN,58,6,19,198,v_to_u,1,52,199,19,6,19,6,
MOT17-09-FRCNN,59,9,19,198,v_to_u,1,13,199,19,9,19,9,
MOT17-09-FRCNN,60,12,19,198,v_to_u,1,194,199,19,12,19,12,
MOT17-09-FRCNN,61,14,19,198,v_to_u,1,142,199,19,14,19,14,
MOT17-09-FRCNN,62,16,19,198,v_to_u,1,139,199,19,16,19,16,
MOT17-09-FRCNN,63,17,19,198,v_to_u,1,184,199,19,17,19,17,
MOT17-09-FRCNN,64,18,19,198,v_to_u,1,203,199,19,18,19,18,
MOT17-09-FRCNN,65,19,20,198,u_to_v,1,327,199,19,20,19,20,
MOT17-09-FRCNN,66,1,2,204,u_to_v,1,188,205,1,2,1,2,
MOT17-09-FRCNN,67,1,4,204,u_to_v,1,321,205,1,4,1,4,
MOT17-09-FRCNN,68,1,5,204,u_to_v,1,17,205,1,5,1,5,
MOT17-09-FRCNN,69,1,6,204,u_to_v,1,46,205,1,6,1,6,
MOT17-09-FRCNN,70,1,9,204,u_to_v,1,7,205,1,9,1,9,
MOT17-09-FRCNN,71,1,12,204,u_to_v,1,188,205,1,12,1,12,
MOT17-09-FRCNN,72,1,14,204,u_to_v,1,136,205,1,14,1,14,
MOT17-09-FRCNN,73,1,16,204,u_to_v,1,133,205,1,16,1,16,
MOT17-09-FRCNN,74,1,17,204,u_to_v,1,178,205,1,17,1,17,
MOT17-09-FRCNN,75,1,18,204,u_to_v,1,197,205,1,18,1,18,
MOT17-09-FRCNN,76,1,20,204,u_to_v,1,321,205,1,20,1,20,
MOT17-09-FRCNN,77,2,9,211,v_to_u,1,181,212,9,2,9,2,
MOT17-09-FRCNN,78,4,9,211,v_to_u,1,314,212,9,4,9,4,
MOT17-09-FRCNN,79,5,9,211,v_to_u,1,10,212,9,5,9,5,
MOT17-09-FRCNN,80,6,9,211,v_to_u,1,39,212,9,6,9,6,
MOT17-09-FRCNN,81,9,12,211,u_to_v,1,181,212,9,12,9,12,
MOT17-09-FRCNN,82,9,14,211,u_to_v,1,129,212,9,14,9,14,
MOT17-09-FRCNN,83,9,16,211,u_to_v,1,126,212,9,16,9,16,
MOT17-09-FRCNN,84,9,17,211,u_to_v,1,171,212,9,17,9,17,
MOT17-09-FRCNN,85,9,18,211,u_to_v,1,190,212,9,18,9,18,
MOT17-09-FRCNN,86,9,20,211,u_to_v,1,314,212,9,20,9,20,
MOT17-09-FRCNN,87,9,21,211,u_to_v,1,5,212,9,21,9,21,
MOT17-09-FRCNN,88,2,21,216,v_to_u,1,176,217,21,2,21,2,
MOT17-09-FRCNN,89,4,21,216,v_to_u,1,309,217,21,4,21,4,
MOT17-09-FRCNN,90,5,21,216,v_to_u,1,5,217,21,5,21,5,
MOT17-09-FRCNN,91,6,21,216,v_to_u,1,34,217,21,6,21,6,
MOT17-09-FRCNN,92,12,21,216,v_to_u,1,176,217,21,12,21,12,
MOT17-09-FRCNN,93,14,21,216,v_to_u,1,124,217,21,14,21,14,
MOT17-09-FRCNN,94,16,21,216,v_to_u,1,121,217,21,16,21,16,
MOT17-09-FRCNN,95,17,21,216,v_to_u,1,166,217,21,17,21,17,
MOT17-09-FRCNN,96,18,21,216,v_to_u,1,185,217,21,18,21,18,
MOT17-09-FRCNN,97,20,21,216,v_to_u,1,309,217,21,20,21,20,
MOT17-09-FRCNN,98,21,22,216,u_to_v,1,133,217,21,22,21,22,
MOT17-09-FRCNN,99,2,5,221,v_to_u,1,171,222,5,2,5,2,
MOT17-09-FRCNN,100,4,5,221,v_to_u,1,304,222,5,4,5,4,
MOT17-09-FRCNN,101,5,6,221,u_to_v,1,29,222,5,6,5,6,
MOT17-09-FRCNN,102,5,12,221,u_to_v,1,171,222,5,12,5,12,
MOT17-09-FRCNN,103,5,14,221,u_to_v,1,119,222,5,14,5,14,
MOT17-09-FRCNN,104,5,16,221,u_to_v,1,116,222,5,16,5,16,
MOT17-09-FRCNN,105,5,17,221,u_to_v,1,161,222,5,17,5,17,
MOT17-09-FRCNN,106,5,18,221,u_to_v,1,180,222,5,18,5,18,
MOT17-09-FRCNN,107,5,20,221,u_to_v,1,304,222,5,20,5,20,
MOT17-09-FRCNN,108,5,22,221,u_to_v,1,128,222,5,22,5,22,
MOT17-09-FRCNN,109,5,23,221,u_to_v,1,266,222,5,23,5,23,
MOT17-09-FRCNN,110,5,24,221,u_to_v,1,53,222,5,24,5,24,
MOT17-09-FRCNN,111,2,26,247,v_to_u,1,145,248,26,2,26,2,
MOT17-09-FRCNN,112,4,26,247,v_to_u,1,278,248,26,4,26,4,
MOT17-09-FRCNN,113,6,26,247,v_to_u,1,3,248,26,6,26,6,
MOT17-09-FRCNN,114,12,26,247,v_to_u,1,145,248,26,12,26,12,
MOT17-09-FRCNN,115,14,26,247,v_to_u,1,93,248,26,14,26,14,
MOT17-09-FRCNN,116,16,26,247,v_to_u,1,90,248,26,16,26,16,
MOT17-09-FRCNN,117,17,26,247,v_to_u,1,135,248,26,17,26,17,
MOT17-09-FRCNN,118,18,26,247,v_to_u,1,154,248,26,18,26,18,
MOT17-09-FRCNN,119,20,26,247,v_to_u,1,278,248,26,20,26,20,
MOT17-09-FRCNN,120,22,26,247,v_to_u,1,102,248,26,22,26,22,
MOT17-09-FRCNN,121,23,26,247,v_to_u,1,240,248,26,23,26,23,
MOT17-09-FRCNN,122,24,26,247,v_to_u,1,27,248,26,24,26,24,
MOT17-09-FRCNN,123,25,26,247,v_to_u,1,38,248,26,25,26,25,
MOT17-09-FRCNN,124,2,6,250,v_to_u,1,142,251,6,2,6,2,
MOT17-09-FRCNN,125,4,6,250,v_to_u,1,275,251,6,4,6,4,
MOT17-09-FRCNN,126,6,12,250,u_to_v,1,142,251,6,12,6,12,
MOT17-09-FRCNN,127,6,14,250,u_to_v,1,90,251,6,14,6,14,
MOT17-09-FRCNN,128,6,16,250,u_to_v,1,87,251,6,16,6,16,
MOT17-09-FRCNN,129,6,17,250,u_to_v,1,132,251,6,17,6,17,
MOT17-09-FRCNN,130,6,18,250,u_to_v,1,151,251,6,18,6,18,
MOT17-09-FRCNN,131,6,20,250,u_to_v,1,275,251,6,20,6,20,
MOT17-09-FRCNN,132,6,22,250,u_to_v,1,99,251,6,22,6,22,
MOT17-09-FRCNN,133,6,23,250,u_to_v,1,237,251,6,23,6,23,
MOT17-09-FRCNN,134,6,24,250,u_to_v,1,24,251,6,24,6,24,
MOT17-09-FRCNN,135,6,25,250,u_to_v,1,35,251,6,25,6,25,
MOT17-09-FRCNN,136,2,27,255,v_to_u,1,137,256,27,2,27,2,
MOT17-09-FRCNN,137,4,27,255,v_to_u,1,270,256,27,4,27,4,
MOT17-09-FRCNN,138,12,27,255,v_to_u,1,137,256,27,12,27,12,
MOT17-09-FRCNN,139,14,27,255,v_to_u,1,85,256,27,14,27,14,
MOT17-09-FRCNN,140,16,27,255,v_to_u,1,82,256,27,16,27,16,
MOT17-09-FRCNN,141,17,27,255,v_to_u,1,127,256,27,17,27,17,
MOT17-09-FRCNN,142,18,27,255,v_to_u,1,146,256,27,18,27,18,
MOT17-09-FRCNN,143,20,27,255,v_to_u,1,270,256,27,20,27,20,
MOT17-09-FRCNN,144,22,27,255,v_to_u,1,94,256,27,22,27,22,
MOT17-09-FRCNN,145,23,27,255,v_to_u,1,232,256,27,23,27,23,
MOT17-09-FRCNN,146,24,27,255,v_to_u,1,19,256,27,24,27,24,
MOT17-09-FRCNN,147,25,27,255,v_to_u,1,30,256,27,25,27,25,
MOT17-09-FRCNN,148,2,24,274,v_to_u,1,118,275,24,2,24,2,
MOT17-09-FRCNN,149,4,24,274,v_to_u,1,251,275,24,4,24,4,
MOT17-09-FRCNN,150,12,24,274,v_to_u,1,118,275,24,12,24,12,
MOT17-09-FRCNN,151,14,24,274,v_to_u,1,66,275,24,14,24,14,
MOT17-09-FRCNN,152,16,24,274,v_to_u,1,63,275,24,16,24,16,
MOT17-09-FRCNN,153,17,24,274,v_to_u,1,108,275,24,17,24,17,
MOT17-09-FRCNN,154,18,24,274,v_to_u,1,127,275,24,18,24,18,
MOT17-09-FRCNN,155,20,24,274,v_to_u,1,251,275,24,20,24,20,
MOT17-09-FRCNN,156,22,24,274,v_to_u,1,75,275,24,22,24,22,
MOT17-09-FRCNN,157,23,24,274,v_to_u,1,213,275,24,23,24,23,
MOT17-09-FRCNN,158,24,25,274,u_to_v,1,11,275,24,25,24,25,
MOT17-09-FRCNN,159,2,28,277,v_to_u,1,115,278,28,2,28,2,
MOT17-09-FRCNN,160,4,28,277,v_to_u,1,248,278,28,4,28,4,
MOT17-09-FRCNN,161,12,28,277,v_to_u,1,115,278,28,12,28,12,
MOT17-09-FRCNN,162,14,28,277,v_to_u,1,63,278,28,14,28,14,
MOT17-09-FRCNN,163,16,28,277,v_to_u,1,60,278,28,16,28,16,
MOT17-09-FRCNN,164,17,28,277,v_to_u,1,105,278,28,17,28,17,
MOT17-09-FRCNN,165,18,28,277,v_to_u,1,124,278,28,18,28,18,
MOT17-09-FRCNN,166,20,28,277,v_to_u,1,248,278,28,20,28,20,
MOT17-09-FRCNN,167,22,28,277,v_to_u,1,72,278,28,22,28,22,
MOT17-09-FRCNN,168,23,28,277,v_to_u,1,210,278,28,23,28,23,
MOT17-09-FRCNN,169,25,28,277,v_to_u,1,8,278,28,25,28,25,
MOT17-09-FRCNN,170,2,25,285,v_to_u,1,107,286,25,2,25,2,
MOT17-09-FRCNN,171,4,25,285,v_to_u,1,240,286,25,4,25,4,
MOT17-09-FRCNN,172,12,25,285,v_to_u,1,107,286,25,12,25,12,
MOT17-09-FRCNN,173,14,25,285,v_to_u,1,55,286,25,14,25,14,
MOT17-09-FRCNN,174,16,25,285,v_to_u,1,52,286,25,16,25,16,
MOT17-09-FRCNN,175,17,25,285,v_to_u,1,97,286,25,17,25,17,
MOT17-09-FRCNN,176,18,25,285,v_to_u,1,116,286,25,18,25,18,
MOT17-09-FRCNN,177,20,25,285,v_to_u,1,240,286,25,20,25,20,
MOT17-09-FRCNN,178,22,25,285,v_to_u,1,64,286,25,22,25,22,
MOT17-09-FRCNN,179,23,25,285,v_to_u,1,202,286,25,23,25,23,
MOT17-09-FRCNN,180,2,29,331,v_to_u,1,61,332,29,2,29,2,
MOT17-09-FRCNN,181,4,29,331,v_to_u,1,194,332,29,4,29,4,
MOT17-09-FRCNN,182,12,29,331,v_to_u,1,61,332,29,12,29,12,
MOT17-09-FRCNN,183,14,29,331,v_to_u,1,9,332,29,14,29,14,
MOT17-09-FRCNN,184,16,29,331,v_to_u,1,6,332,29,16,29,16,
MOT17-09-FRCNN,185,17,29,331,v_to_u,1,51,332,29,17,29,17,
MOT17-09-FRCNN,186,18,29,331,v_to_u,1,70,332,29,18,29,18,
MOT17-09-FRCNN,187,20,29,331,v_to_u,1,194,332,29,20,29,20,
MOT17-09-FRCNN,188,22,29,331,v_to_u,1,18,332,29,22,29,22,
MOT17-09-FRCNN,189,23,29,331,v_to_u,1,156,332,29,23,29,23,
MOT17-09-FRCNN,190,29,30,331,u_to_v,1,140,332,29,30,29,30,
MOT17-09-FRCNN,191,2,16,337,v_to_u,1,55,338,16,2,16,2,
MOT17-09-FRCNN,192,4,16,337,v_to_u,1,188,338,16,4,16,4,
MOT17-09-FRCNN,193,12,16,337,v_to_u,1,55,338,16,12,16,12,
MOT17-09-FRCNN,194,14,16,337,v_to_u,1,3,338,16,14,16,14,
MOT17-09-FRCNN,195,16,17,337,u_to_v,1,45,338,16,17,16,17,
MOT17-09-FRCNN,196,16,18,337,u_to_v,1,64,338,16,18,16,18,
MOT17-09-FRCNN,197,16,20,337,u_to_v,1,188,338,16,20,16,20,
MOT17-09-FRCNN,198,16,22,337,u_to_v,1,12,338,16,22,16,22,
MOT17-09-FRCNN,199,16,23,337,u_to_v,1,150,338,16,23,16,23,
MOT17-09-FRCNN,200,16,30,337,u_to_v,1,134,338,16,30,16,30,
MOT17-09-FRCNN,201,2,14,340,v_to_u,1,52,341,14,2,14,2,
MOT17-09-FRCNN,202,4,14,340,v_to_u,1,185,341,14,4,14,4,
MOT17-09-FRCNN,203,12,14,340,v_to_u,1,52,341,14,12,14,12,
MOT17-09-FRCNN,204,14,17,340,u_to_v,1,42,341,14,17,14,17,
MOT17-09-FRCNN,205,14,18,340,u_to_v,1,61,341,14,18,14,18,
MOT17-09-FRCNN,206,14,20,340,u_to_v,1,185,341,14,20,14,20,
MOT17-09-FRCNN,207,14,22,340,u_to_v,1,9,341,14,22,14,22,
MOT17-09-FRCNN,208,14,23,340,u_to_v,1,147,341,14,23,14,23,
MOT17-09-FRCNN,209,14,30,340,u_to_v,1,131,341,14,30,14,30,
MOT17-09-FRCNN,210,2,22,349,v_to_u,1,43,350,22,2,22,2,
MOT17-09-FRCNN,211,4,22,349,v_to_u,1,176,350,22,4,22,4,
MOT17-09-FRCNN,212,12,22,349,v_to_u,1,43,350,22,12,22,12,
MOT17-09-FRCNN,213,17,22,349,v_to_u,1,33,350,22,17,22,17,
MOT17-09-FRCNN,214,18,22,349,v_to_u,1,52,350,22,18,22,18,
MOT17-09-FRCNN,215,20,22,349,v_to_u,1,176,350,22,20,22,20,
MOT17-09-FRCNN,216,22,23,349,u_to_v,1,138,350,22,23,22,23,
MOT17-09-FRCNN,217,22,30,349,u_to_v,1,122,350,22,30,22,30,
MOT17-09-FRCNN,218,22,31,349,u_to_v,1,176,350,22,31,22,31,
MOT17-09-FRCNN,219,2,33,363,v_to_u,1,29,364,33,2,33,2,
MOT17-09-FRCNN,220,4,33,363,v_to_u,1,162,364,33,4,33,4,
MOT17-09-FRCNN,221,12,33,363,v_to_u,1,29,364,33,12,33,12,
MOT17-09-FRCNN,222,17,33,363,v_to_u,1,19,364,33,17,33,17,
MOT17-09-FRCNN,223,18,33,363,v_to_u,1,38,364,33,18,33,18,
MOT17-09-FRCNN,224,20,33,363,v_to_u,1,162,364,33,20,33,20,
MOT17-09-FRCNN,225,23,33,363,v_to_u,1,124,364,33,23,33,23,
MOT17-09-FRCNN,226,30,33,363,v_to_u,1,108,364,33,30,33,30,
MOT17-09-FRCNN,227,31,33,363,v_to_u,1,162,364,33,31,33,31,
MOT17-09-FRCNN,228,32,33,363,v_to_u,1,98,364,33,32,33,32,
MOT17-09-FRCNN,229,2,35,366,v_to_u,1,26,367,35,2,35,2,
MOT17-09-FRCNN,230,4,35,366,v_to_u,1,159,367,35,4,35,4,
MOT17-09-FRCNN,231,12,35,366,v_to_u,1,26,367,35,12,35,12,
MOT17-09-FRCNN,232,17,35,366,v_to_u,1,16,367,35,17,35,17,
MOT17-09-FRCNN,233,18,35,366,v_to_u,1,35,367,35,18,35,18,
MOT17-09-FRCNN,234,20,35,366,v_to_u,1,159,367,35,20,35,20,
MOT17-09-FRCNN,235,23,35,366,v_to_u,1,121,367,35,23,35,23,
MOT17-09-FRCNN,236,30,35,366,v_to_u,1,105,367,35,30,35,30,
MOT17-09-FRCNN,237,31,35,366,v_to_u,1,159,367,35,31,35,31,
MOT17-09-FRCNN,238,32,35,366,v_to_u,1,95,367,35,32,35,32,
MOT17-09-FRCNN,239,34,35,366,v_to_u,1,159,367,35,34,35,34,
MOT17-09-FRCNN,240,2,17,382,v_to_u,1,10,383,17,2,17,2,
MOT17-09-FRCNN,241,4,17,382,v_to_u,1,143,383,17,4,17,4,
MOT17-09-FRCNN,242,12,17,382,v_to_u,1,10,383,17,12,17,12,
MOT17-09-FRCNN,243,17,18,382,u_to_v,1,19,383,17,18,17,18,
MOT17-09-FRCNN,244,17,20,382,u_to_v,1,143,383,17,20,17,20,
MOT17-09-FRCNN,245,17,23,382,u_to_v,1,105,383,17,23,17,23,
MOT17-09-FRCNN,246,17,30,382,u_to_v,1,89,383,17,30,17,30,
MOT17-09-FRCNN,247,17,31,382,u_to_v,1,143,383,17,31,17,31,
MOT17-09-FRCNN,248,17,32,382,u_to_v,1,79,383,17,32,17,32,
MOT17-09-FRCNN,249,17,34,382,u_to_v,1,143,383,17,34,17,34,
MOT17-09-FRCNN,250,17,36,382,u_to_v,1,143,383,17,36,17,36,
MOT17-09-FRCNN,251,2,4,392,u_to_v,1,133,393,2,4,2,4,
MOT17-09-FRCNN,252,2,18,392,u_to_v,1,9,393,2,18,2,18,
MOT17-09-FRCNN,253,2,20,392,u_to_v,1,133,393,2,20,2,20,
MOT17-09-FRCNN,254,2,23,392,u_to_v,1,95,393,2,23,2,23,
MOT17-09-FRCNN,255,2,30,392,u_to_v,1,79,393,2,30,2,30,
MOT17-09-FRCNN,256,2,31,392,u_to_v,1,133,393,2,31,2,31,
MOT17-09-FRCNN,257,2,32,392,u_to_v,1,69,393,2,32,2,32,
MOT17-09-FRCNN,258,2,34,392,u_to_v,1,133,393,2,34,2,34,
MOT17-09-FRCNN,259,2,36,392,u_to_v,1,133,393,2,36,2,36,
MOT17-09-FRCNN,260,4,12,392,v_to_u,1,133,393,12,4,12,4,
MOT17-09-FRCNN,261,12,18,392,u_to_v,1,9,393,12,18,12,18,
MOT17-09-FRCNN,262,12,20,392,u_to_v,1,133,393,12,20,12,20,
MOT17-09-FRCNN,263,12,23,392,u_to_v,1,95,393,12,23,12,23,
MOT17-09-FRCNN,264,12,30,392,u_to_v,1,79,393,12,30,12,30,
MOT17-09-FRCNN,265,12,31,392,u_to_v,1,133,393,12,31,12,31,
MOT17-09-FRCNN,266,12,32,392,u_to_v,1,69,393,12,32,12,32,
MOT17-09-FRCNN,267,12,34,392,u_to_v,1,133,393,12,34,12,34,
MOT17-09-FRCNN,268,12,36,392,u_to_v,1,133,393,12,36,12,36,
MOT17-09-FRCNN,269,4,18,401,v_to_u,1,124,402,18,4,18,4,
MOT17-09-FRCNN,270,18,20,401,u_to_v,1,124,402,18,20,18,20,
MOT17-09-FRCNN,271,18,23,401,u_to_v,1,86,402,18,23,18,23,
MOT17-09-FRCNN,272,18,30,401,u_to_v,1,70,402,18,30,18,30,
MOT17-09-FRCNN,273,18,31,401,u_to_v,1,124,402,18,31,18,31,
MOT17-09-FRCNN,274,18,32,401,u_to_v,1,60,402,18,32,18,32,
MOT17-09-FRCNN,275,18,34,401,u_to_v,1,124,402,18,34,18,34,
MOT17-09-FRCNN,276,18,36,401,u_to_v,1,124,402,18,36,18,36,
MOT17-09-FRCNN,277,4,32,461,v_to_u,1,64,462,32,4,32,4,
MOT17-09-FRCNN,278,20,32,461,v_to_u,1,64,462,32,20,32,20,
MOT17-09-FRCNN,279,23,32,461,v_to_u,1,26,462,32,23,32,23,
MOT17-09-FRCNN,280,30,32,461,v_to_u,1,10,462,32,30,32,30,
MOT17-09-FRCNN,281,31,32,461,v_to_u,1,64,462,32,31,32,31,
MOT17-09-FRCNN,282,32,34,461,u_to_v,1,64,462,32,34,32,34,
MOT17-09-FRCNN,283,32,36,461,u_to_v,1,64,462,32,36,32,36,
MOT17-09-FRCNN,284,32,37,461,u_to_v,1,49,462,32,37,32,37,
MOT17-09-FRCNN,285,32,38,461,u_to_v,1,40,462,32,38,32,38,
MOT17-09-FRCNN,286,32,39,461,u_to_v,1,64,462,32,39,32,39,
MOT17-09-FRCNN,287,32,40,461,u_to_v,1,12,462,32,40,32,40,
MOT17-09-FRCNN,288,4,30,471,v_to_u,1,54,472,30,4,30,4,
MOT17-09-FRCNN,289,20,30,471,v_to_u,1,54,472,30,20,30,20,
MOT17-09-FRCNN,290,23,30,471,v_to_u,1,16,472,30,23,30,23,
MOT17-09-FRCNN,291,30,31,471,u_to_v,1,54,472,30,31,30,31,
MOT17-09-FRCNN,292,30,34,471,u_to_v,1,54,472,30,34,30,34,
MOT17-09-FRCNN,293,30,36,471,u_to_v,1,54,472,30,36,30,36,
MOT17-09-FRCNN,294,30,37,471,u_to_v,1,39,472,30,37,30,37,
MOT17-09-FRCNN,295,30,38,471,u_to_v,1,30,472,30,38,30,38,
MOT17-09-FRCNN,296,30,39,471,u_to_v,1,54,472,30,39,30,39,
MOT17-09-FRCNN,297,30,40,471,u_to_v,1,2,472,30,40,30,40,
MOT17-09-FRCNN,298,30,41,471,u_to_v,1,54,472,30,41,30,41,
MOT17-09-FRCNN,299,4,40,473,v_to_u,1,52,474,40,4,40,4,
MOT17-09-FRCNN,300,20,40,473,v_to_u,1,52,474,40,20,40,20,
MOT17-09-FRCNN,301,23,40,473,v_to_u,1,14,474,40,23,40,23,
MOT17-09-FRCNN,302,31,40,473,v_to_u,1,52,474,40,31,40,31,
MOT17-09-FRCNN,303,34,40,473,v_to_u,1,52,474,40,34,40,34,
MOT17-09-FRCNN,304,36,40,473,v_to_u,1,52,474,40,36,40,36,
MOT17-09-FRCNN,305,37,40,473,v_to_u,1,37,474,40,37,40,37,
MOT17-09-FRCNN,306,38,40,473,v_to_u,1,28,474,40,38,40,38,
MOT17-09-FRCNN,307,39,40,473,v_to_u,1,52,474,40,39,40,39,
MOT17-09-FRCNN,308,40,41,473,u_to_v,1,52,474,40,41,40,41,
MOT17-09-FRCNN,309,4,23,487,v_to_u,1,38,488,23,4,23,4,
MOT17-09-FRCNN,310,20,23,487,v_to_u,1,38,488,23,20,23,20,
MOT17-09-FRCNN,311,23,31,487,u_to_v,1,38,488,23,31,23,31,
MOT17-09-FRCNN,312,23,34,487,u_to_v,1,38,488,23,34,23,34,
MOT17-09-FRCNN,313,23,36,487,u_to_v,1,38,488,23,36,23,36,
MOT17-09-FRCNN,314,23,37,487,u_to_v,1,23,488,23,37,23,37,
MOT17-09-FRCNN,315,23,38,487,u_to_v,1,14,488,23,38,23,38,
MOT17-09-FRCNN,316,23,39,487,u_to_v,1,38,488,23,39,23,39,
MOT17-09-FRCNN,317,23,41,487,u_to_v,1,38,488,23,41,23,41,
MOT17-09-FRCNN,318,23,42,487,u_to_v,1,38,488,23,42,23,42,
MOT17-09-FRCNN,319,4,38,501,v_to_u,1,24,502,38,4,38,4,
MOT17-09-FRCNN,320,20,38,501,v_to_u,1,24,502,38,20,38,20,
MOT17-09-FRCNN,321,31,38,501,v_to_u,1,24,502,38,31,38,31,
MOT17-09-FRCNN,322,34,38,501,v_to_u,1,24,502,38,34,38,34,
MOT17-09-FRCNN,323,36,38,501,v_to_u,1,24,502,38,36,38,36,
MOT17-09-FRCNN,324,37,38,501,v_to_u,1,9,502,38,37,38,37,
MOT17-09-FRCNN,325,38,39,501,u_to_v,1,24,502,38,39,38,39,
MOT17-09-FRCNN,326,38,41,501,u_to_v,1,24,502,38,41,38,41,
MOT17-09-FRCNN,327,38,42,501,u_to_v,1,24,502,38,42,38,42,
MOT17-09-FRCNN,328,4,43,504,v_to_u,1,21,505,43,4,43,4,
MOT17-09-FRCNN,329,20,43,504,v_to_u,1,21,505,43,20,43,20,
MOT17-09-FRCNN,330,31,43,504,v_to_u,1,21,505,43,31,43,31,
MOT17-09-FRCNN,331,34,43,504,v_to_u,1,21,505,43,34,43,34,
MOT17-09-FRCNN,332,36,43,504,v_to_u,1,21,505,43,36,43,36,
MOT17-09-FRCNN,333,37,43,504,v_to_u,1,6,505,43,37,43,37,
MOT17-09-FRCNN,334,39,43,504,v_to_u,1,21,505,43,39,43,39,
MOT17-09-FRCNN,335,41,43,504,v_to_u,1,21,505,43,41,43,41,
MOT17-09-FRCNN,336,42,43,504,v_to_u,1,21,505,43,42,43,42,
MOT17-09-FRCNN,337,4,37,510,v_to_u,1,15,511,37,4,37,4,
MOT17-09-FRCNN,338,20,37,510,v_to_u,1,15,511,37,20,37,20,
MOT17-09-FRCNN,339,31,37,510,v_to_u,1,15,511,37,31,37,31,
MOT17-09-FRCNN,340,34,37,510,v_to_u,1,15,511,37,34,37,34,
MOT17-09-FRCNN,341,36,37,510,v_to_u,1,15,511,37,36,37,36,
MOT17-09-FRCNN,342,37,39,510,u_to_v,1,15,511,37,39,37,39,
MOT17-09-FRCNN,343,37,41,510,u_to_v,1,15,511,37,41,37,41,
MOT17-09-FRCNN,344,37,42,510,u_to_v,1,15,511,37,42,37,42,
MOT17-09-FRCNN,345,37,44,510,u_to_v,1,2,511,37,44,37,44,
MOT17-09-FRCNN,346,4,44,512,v_to_u,1,13,513,44,4,44,4,
MOT17-09-FRCNN,347,20,44,512,v_to_u,1,13,513,44,20,44,20,
MOT17-09-FRCNN,348,31,44,512,v_to_u,1,13,513,44,31,44,31,
MOT17-09-FRCNN,349,34,44,512,v_to_u,1,13,513,44,34,44,34,
MOT17-09-FRCNN,350,36,44,512,v_to_u,1,13,513,44,36,44,36,
MOT17-09-FRCNN,351,39,44,512,v_to_u,1,13,513,44,39,44,39,
MOT17-09-FRCNN,352,41,44,512,v_to_u,1,13,513,44,41,44,41,
MOT17-09-FRCNN,353,42,44,512,v_to_u,1,13,513,44,42,44,42,
MOT17-09-FRCNN,354,44,45,512,u_to_v,1,13,513,44,45,44,45,
MOT17-09-FRCNN,355,4,46,524,v_to_u,1,1,525,46,4,46,4,
MOT17-09-FRCNN,356,20,46,524,v_to_u,1,1,525,46,20,46,20,
MOT17-09-FRCNN,357,31,46,524,v_to_u,1,1,525,46,31,46,31,
MOT17-09-FRCNN,358,34,46,524,v_to_u,1,1,525,46,34,46,34,
MOT17-09-FRCNN,359,36,46,524,v_to_u,1,1,525,46,36,46,36,
MOT17-09-FRCNN,360,39,46,524,v_to_u,1,1,525,46,39,46,39,
MOT17-09-FRCNN,361,41,46,524,v_to_u,1,1,525,46,41,46,41,
MOT17-09-FRCNN,362,42,46,524,v_to_u,1,1,525,46,42,46,42,
MOT17-09-FRCNN,363,45,46,524,v_to_u,1,1,525,46,45,46,45,
MOT17-10-FRCNN,1,1,20,17,v_to_u,1,35,18,20,1,20,1,
MOT17-10-FRCNN,2,2,20,17,v_to_u,1,613,18,20,2,20,2,
MOT17-10-FRCNN,3,3,20,17,v_to_u,1,66,18,20,3,20,3,
MOT17-10-FRCNN,4,4,20,17,v_to_u,1,82,18,20,4,20,4,
MOT17-10-FRCNN,5,5,20,17,v_to_u,1,37,18,20,5,20,5,
MOT17-10-FRCNN,6,6,20,17,v_to_u,1,43,18,20,6,20,6,
MOT17-10-FRCNN,7,7,20,17,v_to_u,1,139,18,20,7,20,7,
MOT17-10-FRCNN,8,8,20,17,v_to_u,1,637,18,20,8,20,8,
MOT17-10-FRCNN,9,9,20,17,v_to_u,1,124,18,20,9,20,9,
MOT17-10-FRCNN,10,10,20,17,v_to_u,1,57,18,20,10,20,10,
MOT17-10-FRCNN,11,11,20,17,v_to_u,1,114,18,20,11,20,11,
MOT17-10-FRCNN,12,12,20,17,v_to_u,1,43,18,20,12,20,12,
MOT17-10-FRCNN,13,13,20,17,v_to_u,1,43,18,20,13,20,13,
MOT17-10-FRCNN,14,14,20,17,v_to_u,1,39,18,20,14,20,14,
MOT17-10-FRCNN,15,15,20,17,v_to_u,1,358,18,20,15,20,15,
MOT17-10-FRCNN,16,16,20,17,v_to_u,1,306,18,20,16,20,16,
MOT17-10-FRCNN,17,17,20,17,v_to_u,1,10,18,20,17,20,17,
MOT17-10-FRCNN,18,18,20,17,v_to_u,1,7,18,20,18,20,18,
MOT17-10-FRCNN,19,19,20,17,v_to_u,1,54,18,20,19,20,19,
MOT17-10-FRCNN,20,1,18,24,v_to_u,1,28,25,18,1,18,1,
MOT17-10-FRCNN,21,2,18,24,v_to_u,1,606,25,18,2,18,2,
MOT17-10-FRCNN,22,3,18,24,v_to_u,1,59,25,18,3,18,3,
MOT17-10-FRCNN,23,4,18,24,v_to_u,1,75,25,18,4,18,4,
MOT17-10-FRCNN,24,5,18,24,v_to_u,1,30,25,18,5,18,5,
MOT17-10-FRCNN,25,6,18,24,v_to_u,1,36,25,18,6,18,6,
MOT17-10-FRCNN,26,7,18,24,v_to_u,1,132,25,18,7,18,7,
MOT17-10-FRCNN,27,8,18,24,v_to_u,1,630,25,18,8,18,8,
MOT17-10-FRCNN,28,9,18,24,v_to_u,1,117,25,18,9,18,9,
MOT17-10-FRCNN,29,10,18,24,v_to_u,1,50,25,18,10,18,10,
MOT17-10-FRCNN,30,11,18,24,v_to_u,1,107,25,18,11,18,11,
MOT17-10-FRCNN,31,12,18,24,v_to_u,1,36,25,18,12,18,12,
MOT17-10-FRCNN,32,13,18,24,v_to_u,1,36,25,18,13,18,13,
MOT17-10-FRCNN,33,14,18,24,v_to_u,1,32,25,18,14,18,14,
MOT17-10-FRCNN,34,15,18,24,v_to_u,1,351,25,18,15,18,15,
MOT17-10-FRCNN,35,16,18,24,v_to_u,1,299,25,18,16,18,16,
MOT17-10-FRCNN,36,17,18,24,v_to_u,1,3,25,18,17,18,17,
MOT17-10-FRCNN,37,18,19,24,u_to_v,1,47,25,18,19,18,19,
MOT17-10-FRCNN,38,1,17,27,v_to_u,1,25,28,17,1,17,1,
MOT17-10-FRCNN,39,2,17,27,v_to_u,1,603,28,17,2,17,2,
MOT17-10-FRCNN,40,3,17,27,v_to_u,1,56,28,17,3,17,3,
MOT17-10-FRCNN,41,4,17,27,v_to_u,1,72,28,17,4,17,4,
MOT17-10-FRCNN,42,5,17,27,v_to_u,1,27,28,17,5,17,5,
MOT17-10-FRCNN,43,6,17,27,v_to_u,1,33,28,17,6,17,6,
MOT17-10-FRCNN,44,7,17,27,v_to_u,1,129,28,17,7,17,7,
MOT17-10-FRCNN,45,8,17,27,v_to_u,1,627,28,17,8,17,8,
MOT17-10-FRCNN,46,9,17,27,v_to_u,1,114,28,17,9,17,9,
MOT17-10-FRCNN,47,10,17,27,v_to_u,1,47,28,17,10,17,10,
MOT17-10-FRCNN,48,11,17,27,v_to_u,1,104,28,17,11,17,11,
MOT17-10-FRCNN,49,12,17,27,v_to_u,1,33,28,17,12,17,12,
MOT17-10-FRCNN,50,13,17,27,v_to_u,1,33,28,17,13,17,13,
MOT17-10-FRCNN,51,14,17,27,v_to_u,1,29,28,17,14,17,14,
MOT17-10-FRCNN,52,15,17,27,v_to_u,1,348,28,17,15,17,15,
MOT17-10-FRCNN,53,16,17,27,v_to_u,1,296,28,17,16,17,16,
MOT17-10-FRCNN,54,17,19,27,u_to_v,1,44,28,17,19,17,19,
MOT17-10-FRCNN,55,17,21,27,u_to_v,1,8,28,17,21,17,21,
MOT17-10-FRCNN,56,1,22,29,v_to_u,1,23,30,22,1,22,1,
MOT17-10-FRCNN,57,2,22,29,v_to_u,1,601,30,22,2,22,2,
MOT17-10-FRCNN,58,3,22,29,v_to_u,1,54,30,22,3,22,3,
MOT17-10-FRCNN,59,4,22,29,v_to_u,1,70,30,22,4,22,4,
MOT17-10-FRCNN,60,5,22,29,v_to_u,1,25,30,22,5,22,5,
MOT17-10-FRCNN,61,6,22,29,v_to_u,1,31,30,22,6,22,6,
MOT17-10-FRCNN,62,7,22,29,v_to_u,1,127,30,22,7,22,7,
MOT17-10-FRCNN,63,8,22,29,v_to_u,1,625,30,22,8,22,8,
MOT17-10-FRCNN,64,9,22,29,v_to_u,1,112,30,22,9,22,9,
MOT17-10-FRCNN,65,10,22,29,v_to_u,1,45,30,22,10,22,10,
MOT17-10-FRCNN,66,11,22,29,v_to_u,1,102,30,22,11,22,11,
MOT17-10-FRCNN,67,12,22,29,v_to_u,1,31,30,22,12,22,12,
MOT17-10-FRCNN,68,13,22,29,v_to_u,1,31,30,22,13,22,13,
MOT17-10-FRCNN,69,14,22,29,v_to_u,1,27,30,22,14,22,14,
MOT17-10-FRCNN,70,15,22,29,v_to_u,1,346,30,22,15,22,15,
MOT17-10-FRCNN,71,16,22,29,v_to_u,1,294,30,22,16,22,16,
MOT17-10-FRCNN,72,19,22,29,v_to_u,1,42,30,22,19,22,19,
MOT17-10-FRCNN,73,21,22,29,v_to_u,1,6,30,22,21,22,21,
MOT17-10-FRCNN,74,22,23,29,u_to_v,1,61,30,22,23,22,23,
MOT17-10-FRCNN,75,1,21,35,v_to_u,1,17,36,21,1,21,1,
MOT17-10-FRCNN,76,2,21,35,v_to_u,1,595,36,21,2,21,2,
MOT17-10-FRCNN,77,3,21,35,v_to_u,1,48,36,21,3,21,3,
MOT17-10-FRCNN,78,4,21,35,v_to_u,1,64,36,21,4,21,4,
MOT17-10-FRCNN,79,5,21,35,v_to_u,1,19,36,21,5,21,5,
MOT17-10-FRCNN,80,6,21,35,v_to_u,1,25,36,21,6,21,6,
MOT17-10-FRCNN,81,7,21,35,v_to_u,1,121,36,21,7,21,7,
MOT17-10-FRCNN,82,8,21,35,v_to_u,1,619,36,21,8,21,8,
MOT17-10-FRCNN,83,9,21,35,v_to_u,1,106,36,21,9,21,9,
MOT17-10-FRCNN,84,10,21,35,v_to_u,1,39,36,21,10,21,10,
MOT17-10-FRCNN,85,11,21,35,v_to_u,1,96,36,21,11,21,11,
MOT17-10-FRCNN,86,12,21,35,v_to_u,1,25,36,21,12,21,12,
MOT17-10-FRCNN,87,13,21,35,v_to_u,1,25,36,21,13,21,13,
MOT17-10-FRCNN,88,14,21,35,v_to_u,1,21,36,21,14,21,14,
MOT17-10-FRCNN,89,15,21,35,v_to_u,1,340,36,21,15,21,15,
MOT17-10-FRCNN,90,16,21,35,v_to_u,1,288,36,21,16,21,16,
MOT17-10-FRCNN,91,19,21,35,v_to_u,1,36,36,21,19,21,19,
MOT17-10-FRCNN,92,21,23,35,u_to_v,1,55,36,21,23,21,23,
MOT17-10-FRCNN,93,21,24,35,u_to_v,1,29,36,21,24,21,24,
MOT17-10-FRCNN,94,1,2,52,u_to_v,1,578,53,1,2,1,2,
MOT17-10-FRCNN,95,1,3,52,u_to_v,1,31,53,1,3,1,3,
MOT17-10-FRCNN,96,1,4,52,u_to_v,1,47,53,1,4,1,4,
MOT17-10-FRCNN,97,1,5,52,u_to_v,1,2,53,1,5,1,5,
MOT17-10-FRCNN,98,1,6,52,u_to_v,1,8,53,1,6,1,6,
MOT17-10-FRCNN,99,1,7,52,u_to_v,1,104,53,1,7,1,7,
MOT17-10-FRCNN,100,1,8,52,u_to_v,1,602,53,1,8,1,8,
MOT17-10-FRCNN,101,1,9,52,u_to_v,1,89,53,1,9,1,9,
MOT17-10-FRCNN,102,1,10,52,u_to_v,1,22,53,1,10,1,10,
MOT17-10-FRCNN,103,1,11,52,u_to_v,1,79,53,1,11,1,11,
MOT17-10-FRCNN,104,1,12,52,u_to_v,1,8,53,1,12,1,12,
MOT17-10-FRCNN,105,1,13,52,u_to_v,1,8,53,1,13,1,13,
MOT17-10-FRCNN,106,1,14,52,u_to_v,1,4,53,1,14,1,14,
MOT17-10-FRCNN,107,1,15,52,u_to_v,1,323,53,1,15,1,15,
MOT17-10-FRCNN,108,1,16,52,u_to_v,1,271,53,1,16,1,16,
MOT17-10-FRCNN,109,1,19,52,u_to_v,1,19,53,1,19,1,19,
MOT17-10-FRCNN,110,1,23,52,u_to_v,1,38,53,1,23,1,23,
MOT17-10-FRCNN,111,1,24,52,u_to_v,1,12,53,1,24,1,24,
MOT17-10-FRCNN,112,1,25,52,u_to_v,1,215,53,1,25,1,25,
MOT17-10-FRCNN,113,1,26,52,u_to_v,1,160,53,1,26,1,26,
MOT17-10-FRCNN,114,1,27,52,u_to_v,1,19,53,1,27,1,27,
MOT17-10-FRCNN,115,2,5,54,v_to_u,1,576,55,5,2,5,2,
MOT17-10-FRCNN,116,3,5,54,v_to_u,1,29,55,5,3,5,3,
MOT17-10-FRCNN,117,4,5,54,v_to_u,1,45,55,5,4,5,4,
MOT17-10-FRCNN,118,5,6,54,u_to_v,1,6,55,5,6,5,6,
MOT17-10-FRCNN,119,5,7,54,u_to_v,1,102,55,5,7,5,7,
MOT17-10-FRCNN,120,5,8,54,u_to_v,1,600,55,5,8,5,8,
MOT17-10-FRCNN,121,5,9,54,u_to_v,1,87,55,5,9,5,9,
MOT17-10-FRCNN,122,5,10,54,u_to_v,1,20,55,5,10,5,10,
MOT17-10-FRCNN,123,5,11,54,u_to_v,1,77,55,5,11,5,11,
MOT17-10-FRCNN,124,5,12,54,u_to_v,1,6,55,5,12,5,12,
MOT17-10-FRCNN,125,5,13,54,u_to_v,1,6,55,5,13,5,13,
MOT17-10-FRCNN,126,5,14,54,u_to_v,1,2,55,5,14,5,14,
MOT17-10-FRCNN,127,5,15,54,u_to_v,1,321,55,5,15,5,15,
MOT17-10-FRCNN,128,5,16,54,u_to_v,1,269,55,5,16,5,16,
MOT17-10-FRCNN,129,5,19,54,u_to_v,1,17,55,5,19,5,19,
MOT17-10-FRCNN,130,5,23,54,u_to_v,1,36,55,5,23,5,23,
MOT17-10-FRCNN,131,5,24,54,u_to_v,1,10,55,5,24,5,24,
MOT17-10-FRCNN,132,5,25,54,u_to_v,1,213,55,5,25,5,25,
MOT17-10-FRCNN,133,5,26,54,u_to_v,1,158,55,5,26,5,26,
MOT17-10-FRCNN,134,5,27,54,u_to_v,1,17,55,5,27,5,27,
MOT17-10-FRCNN,135,2,14,56,v_to_u,1,574,57,14,2,14,2,
MOT17-10-FRCNN,136,3,14,56,v_to_u,1,27,57,14,3,14,3,
MOT17-10-FRCNN,137,4,14,56,v_to_u,1,43,57,14,4,14,4,
MOT17-10-FRCNN,138,6,14,56,v_to_u,1,4,57,14,6,14,6,
MOT17-10-FRCNN,139,7,14,56,v_to_u,1,100,57,14,7,14,7,
MOT17-10-FRCNN,140,8,14,56,v_to_u,1,598,57,14,8,14,8,
MOT17-10-FRCNN,141,9,14,56,v_to_u,1,85,57,14,9,14,9,
MOT17-10-FRCNN,142,10,14,56,v_to_u,1,18,57,14,10,14,10,
MOT17-10-FRCNN,143,11,14,56,v_to_u,1,75,57,14,11,14,11,
MOT17-10-FRCNN,144,12,14,56,v_to_u,1,4,57,14,12,14,12,
MOT17-10-FRCNN,145,13,14,56,v_to_u,1,4,57,14,13,14,13,
MOT17-10-FRCNN,146,14,15,56,u_to_v,1,319,57,14,15,14,15,
MOT17-10-FRCNN,147,14,16,56,u_to_v,1,267,57,14,16,14,16,
MOT17-10-FRCNN,148,14,19,56,u_to_v,1,15,57,14,19,14,19,
MOT17-10-FRCNN,149,14,23,56,u_to_v,1,34,57,14,23,14,23,
MOT17-10-FRCNN,150,14,24,56,u_to_v,1,8,57,14,24,14,24,
MOT17-10-FRCNN,151,14,25,56,u_to_v,1,211,57,14,25,14,25,
MOT17-10-FRCNN,152,14,26,56,u_to_v,1,156,57,14,26,14,26,
MOT17-10-FRCNN,153,14,27,56,u_to_v,1,15,57,14,27,14,27,
MOT17-10-FRCNN,154,2,6,60,v_to_u,1,570,61,6,2,6,2,
MOT17-10-FRCNN,155,2,12,60,v_to_u,1,570,61,12,2,12,2,
MOT17-10-FRCNN,156,2,13,60,v_to_u,1,570,61,13,2,13,2,
MOT17-10-FRCNN,157,3,6,60,v_to_u,1,23,61,6,3,6,3,
MOT17-10-FRCNN,158,3,12,60,v_to_u,1,23,61,12,3,12,3,
MOT17-10-FRCNN,159,3,13,60,v_to_u,1,23,61,13,3,13,3,
MOT17-10-FRCNN,160,4,6,60,v_to_u,1,39,61,6,4,6,4,
MOT17-10-FRCNN,161,4,12,60,v_to_u,1,39,61,12,4,12,4,
MOT17-10-FRCNN,162,4,13,60,v_to_u,1,39,61,13,4,13,4,
MOT17-10-FRCNN,163,6,7,60,u_to_v,1,96,61,6,7,6,7,
MOT17-10-FRCNN,164,6,8,60,u_to_v,1,594,61,6,8,6,8,
MOT17-10-FRCNN,165,6,9,60,u_to_v,1,81,61,6,9,6,9,
MOT17-10-FRCNN,166,6,10,60,u_to_v,1,14,61,6,10,6,10,
MOT17-10-FRCNN,167,6,11,60,u_to_v,1,71,61,6,11,6,11,
MOT17-10-FRCNN,168,6,15,60,u_to_v,1,315,61,6,15,6,15,
MOT17-10-FRCNN,169,6,16,60,u_to_v,1,263,61,6,16,6,16,
MOT17-10-FRCNN,170,6,19,60,u_to_v,1,11,61,6,19,6,19,
MOT17-10-FRCNN,171,6,23,60,u_to_v,1,30,61,6,23,6,23,
MOT17-10-FRCNN,172,6,24,60,u_to_v,1,4,61,6,24,6,24,
MOT17-10-FRCNN,173,6,25,60,u_to_v,1,207,61,6,25,6,25,
MOT17-10-FRCNN,174,6,26,60,u_to_v,1,152,61,6,26,6,26,
MOT17-10-FRCNN,175,6,27,60,u_to_v,1,11,61,6,27,6,27,
MOT17-10-FRCNN,176,7,12,60,v_to_u,1,96,61,12,7,12,7,
MOT17-10-FRCNN,177,7,13,60,v_to_u,1,96,61,13,7,13,7,
MOT17-10-FRCNN,178,8,12,60,v_to_u,1,594,61,12,8,12,8,
MOT17-10-FRCNN,179,8,13,60,v_to_u,1,594,61,13,8,13,8,
MOT17-10-FRCNN,180,9,12,60,v_to_u,1,81,61,12,9,12,9,
MOT17-10-FRCNN,181,9,13,60,v_to_u,1,81,61,13,9,13,9,
MOT17-10-FRCNN,182,10,12,60,v_to_u,1,14,61,12,10,12,10,
MOT17-10-FRCNN,183,10,13,60,v_to_u,1,14,61,13,10,13,10,
MOT17-10-FRCNN,184,11,12,60,v_to_u,1,71,61,12,11,12,11,
MOT17-10-FRCNN,185,11,13,60,v_to_u,1,71,61,13,11,13,11,
MOT17-10-FRCNN,186,12,15,60,u_to_v,1,315,61,12,15,12,15,
MOT17-10-FRCNN,187,12,16,60,u_to_v,1,263,61,12,16,12,16,
MOT17-10-FRCNN,188,12,19,60,u_to_v,1,11,61,12,19,12,19,
MOT17-10-FRCNN,189,12,23,60,u_to_v,1,30,61,12,23,12,23,
MOT17-10-FRCNN,190,12,24,60,u_to_v,1,4,61,12,24,12,24,
MOT17-10-FRCNN,191,12,25,60,u_to_v,1,207,61,12,25,12,25,
MOT17-10-FRCNN,192,12,26,60,u_to_v,1,152,61,12,26,12,26,
MOT17-10-FRCNN,193,12,27,60,u_to_v,1,11,61,12,27,12,27,
MOT17-10-FRCNN,194,13,15,60,u_to_v,1,315,61,13,15,13,15,
MOT17-10-FRCNN,195,13,16,60,u_to_v,1,263,61,13,16,13,16,
MOT17-10-FRCNN,196,13,19,60,u_to_v,1,11,61,13,19,13,19,
MOT17-10-FRCNN,197,13,23,60,u_to_v,1,30,61,13,23,13,23,
MOT17-10-FRCNN,198,13,24,60,u_to_v,1,4,61,13,24,13,24,
MOT17-10-FRCNN,199,13,25,60,u_to_v,1,207,61,13,25,13,25,
MOT17-10-FRCNN,200,13,26,60,u_to_v,1,152,61,13,26,13,26,
MOT17-10-FRCNN,201,13,27,60,u_to_v,1,11,61,13,27,13,27,
MOT17-10-FRCNN,202,2,28,63,v_to_u,1,567,64,28,2,28,2,
MOT17-10-FRCNN,203,3,28,63,v_to_u,1,20,64,28,3,28,3,
MOT17-10-FRCNN,204,4,28,63,v_to_u,1,36,64,28,4,28,4,
MOT17-10-FRCNN,205,7,28,63,v_to_u,1,93,64,28,7,28,7,
MOT17-10-FRCNN,206,8,28,63,v_to_u,1,591,64,28,8,28,8,
MOT17-10-FRCNN,207,9,28,63,v_to_u,1,78,64,28,9,28,9,
MOT17-10-FRCNN,208,10,28,63,v_to_u,1,11,64,28,10,28,10,
MOT17-10-FRCNN,209,11,28,63,v_to_u,1,68,64,28,11,28,11,
MOT17-10-FRCNN,210,15,28,63,v_to_u,1,312,64,28,15,28,15,
MOT17-10-FRCNN,211,16,28,63,v_to_u,1,260,64,28,16,28,16,
MOT17-10-FRCNN,212,19,28,63,v_to_u,1,8,64,28,19,28,19,
MOT17-10-FRCNN,213,23,28,63,v_to_u,1,27,64,28,23,28,23,
MOT17-10-FRCNN,214,24,28,63,v_to_u,1,1,64,28,24,28,24,
MOT17-10-FRCNN,215,25,28,63,v_to_u,1,204,64,28,25,28,25,
MOT17-10-FRCNN,216,26,28,63,v_to_u,1,149,64,28,26,28,26,
MOT17-10-FRCNN,217,27,28,63,v_to_u,1,8,64,28,27,28,27,
MOT17-10-FRCNN,218,2,24,64,v_to_u,1,566,65,24,2,24,2,
MOT17-10-FRCNN,219,3,24,64,v_to_u,1,19,65,24,3,24,3,
MOT17-10-FRCNN,220,4,24,64,v_to_u,1,35,65,24,4,24,4,
MOT17-10-FRCNN,221,7,24,64,v_to_u,1,92,65,24,7,24,7,
MOT17-10-FRCNN,222,8,24,64,v_to_u,1,590,65,24,8,24,8,
MOT17-10-FRCNN,223,9,24,64,v_to_u,1,77,65,24,9,24,9,
MOT17-10-FRCNN,224,10,24,64,v_to_u,1,10,65,24,10,24,10,
MOT17-10-FRCNN,225,11,24,64,v_to_u,1,67,65,24,11,24,11,
MOT17-10-FRCNN,226,15,24,64,v_to_u,1,311,65,24,15,24,15,
MOT17-10-FRCNN,227,16,24,64,v_to_u,1,259,65,24,16,24,16,
MOT17-10-FRCNN,228,19,24,64,v_to_u,1,7,65,24,19,24,19,
MOT17-10-FRCNN,229,23,24,64,v_to_u,1,26,65,24,23,24,23,
MOT17-10-FRCNN,230,24,25,64,u_to_v,1,203,65,24,25,24,25,
MOT17-10-FRCNN,231,24,26,64,u_to_v,1,148,65,24,26,24,26,
MOT17-10-FRCNN,232,24,27,64,u_to_v,1,7,65,24,27,24,27,
MOT17-10-FRCNN,233,3,15,66,u_to_v,1,309,90,3,15,3,15,
MOT17-10-FRCNN,234,3,15,66,v_to_u,1,17,67,15,3,15,3,
MOT17-10-FRCNN,235,10,15,66,u_to_v,1,309,90,10,15,10,15,
MOT17-10-FRCNN,236,10,15,66,v_to_u,1,8,67,15,10,15,10,
MOT17-10-FRCNN,237,15,19,66,u_to_v,1,5,67,15,19,15,19,
MOT17-10-FRCNN,238,15,19,66,v_to_u,1,309,90,19,15,19,15,
MOT17-10-FRCNN,239,15,27,66,u_to_v,1,5,67,15,27,15,27,
MOT17-10-FRCNN,240,15,27,66,v_to_u,1,309,90,27,15,27,15,
MOT17-10-FRCNN,241,3,16,70,u_to_v,1,253,95,3,16,3,16,
MOT17-10-FRCNN,242,3,16,70,v_to_u,1,13,71,16,3,16,3,
MOT17-10-FRCNN,243,10,16,70,u_to_v,1,253,95,10,16,10,16,
MOT17-10-FRCNN,244,10,16,70,v_to_u,1,4,71,16,10,16,10,
MOT17-10-FRCNN,245,16,19,70,u_to_v,1,1,71,16,19,16,19,
MOT17-10-FRCNN,246,16,19,70,v_to_u,1,253,95,19,16,19,16,
MOT17-10-FRCNN,247,16,27,70,u_to_v,1,1,71,16,27,16,27,
MOT17-10-FRCNN,248,16,27,70,v_to_u,1,253,95,27,16,27,16,
MOT17-10-FRCNN,249,2,19,71,v_to_u,1,559,72,19,2,19,2,
MOT17-10-FRCNN,250,2,27,71,v_to_u,1,559,72,27,2,27,2,
MOT17-10-FRCNN,251,3,19,71,v_to_u,1,12,72,19,3,19,3,
MOT17-10-FRCNN,252,3,27,71,v_to_u,1,12,72,27,3,27,3,
MOT17-10-FRCNN,253,4,19,71,v_to_u,1,28,72,19,4,19,4,
MOT17-10-FRCNN,254,4,27,71,v_to_u,1,28,72,27,4,27,4,
MOT17-10-FRCNN,255,7,19,71,v_to_u,1,85,72,19,7,19,7,
MOT17-10-FRCNN,256,7,27,71,v_to_u,1,85,72,27,7,27,7,
MOT17-10-FRCNN,257,8,19,71,v_to_u,1,583,72,19,8,19,8,
MOT17-10-FRCNN,258,8,27,71,v_to_u,1,583,72,27,8,27,8,
MOT17-10-FRCNN,259,9,19,71,v_to_u,1,70,72,19,9,19,9,
MOT17-10-FRCNN,260,9,27,71,v_to_u,1,70,72,27,9,27,9,
MOT17-10-FRCNN,261,10,19,71,v_to_u,1,3,72,19,10,19,10,
MOT17-10-FRCNN,262,10,27,71,v_to_u,1,3,72,27,10,27,10,
MOT17-10-FRCNN,263,11,19,71,v_to_u,1,60,72,19,11,19,11,
MOT17-10-FRCNN,264,11,27,71,v_to_u,1,60,72,27,11,27,11,
MOT17-10-FRCNN,265,19,23,71,u_to_v,1,19,72,19,23,19,23,
MOT17-10-FRCNN,266,19,25,71,u_to_v,1,196,72,19,25,19,25,
MOT17-10-FRCNN,267,19,26,71,u_to_v,1,141,72,19,26,19,26,
MOT17-10-FRCNN,268,19,29,71,u_to_v,1,304,72,19,29,19,29,
MOT17-10-FRCNN,269,19,30,71,u_to_v,1,340,72,19,30,19,30,
MOT17-10-FRCNN,270,19,31,71,u_to_v,1,462,72,19,31,19,31,
MOT17-10-FRCNN,271,23,27,71,v_to_u,1,19,72,27,23,27,23,
MOT17-10-FRCNN,272,25,27,71,v_to_u,1,196,72,27,25,27,25,
MOT17-10-FRCNN,273,26,27,71,v_to_u,1,141,72,27,26,27,26,
MOT17-10-FRCNN,274,27,29,71,u_to_v,1,304,72,27,29,27,29,
MOT17-10-FRCNN,275,27,30,71,u_to_v,1,340,72,27,30,27,30,
MOT17-10-FRCNN,276,27,31,71,u_to_v,1,462,72,27,31,27,31,
MOT17-10-FRCNN,277,2,10,74,v_to_u,1,556,75,10,2,10,2,
MOT17-10-FRCNN,278,3,10,74,v_to_u,1,9,75,10,3,10,3,
MOT17-10-FRCNN,279,4,10,74,v_to_u,1,25,75,10,4,10,4,
MOT17-10-FRCNN,280,7,10,74,v_to_u,1,82,75,10,7,10,7,
MOT17-10-FRCNN,281,8,10,74,v_to_u,1,580,75,10,8,10,8,
MOT17-10-FRCNN,282,9,10,74,v_to_u,1,67,75,10,9,10,9,
MOT17-10-FRCNN,283,10,11,74,u_to_v,1,57,75,10,11,10,11,
MOT17-10-FRCNN,284,10,23,74,u_to_v,1,16,75,10,23,10,23,
MOT17-10-FRCNN,285,10,25,74,u_to_v,1,193,75,10,25,10,25,
MOT17-10-FRCNN,286,10,26,74,u_to_v,1,138,75,10,26,10,26,
MOT17-10-FRCNN,287,10,29,74,u_to_v,1,301,75,10,29,10,29,
MOT17-10-FRCNN,288,10,30,74,u_to_v,1,337,75,10,30,10,30,
MOT17-10-FRCNN,289,10,31,74,u_to_v,1,459,75,10,31,10,31,
MOT17-10-FRCNN,290,3,23,77,u_to_v,1,13,103,3,23,3,23,
MOT17-10-FRCNN,291,3,23,77,v_to_u,1,6,78,23,3,23,3,
MOT17-10-FRCNN,292,4,23,77,u_to_v,1,13,103,4,23,4,23,
MOT17-10-FRCNN,293,4,23,77,v_to_u,1,22,78,23,4,23,4,
MOT17-10-FRCNN,294,9,23,77,u_to_v,1,13,103,9,23,9,23,
MOT17-10-FRCNN,295,9,23,77,v_to_u,1,64,78,23,9,23,9,
MOT17-10-FRCNN,296,2,3,83,v_to_u,1,547,84,3,2,3,2,
MOT17-10-FRCNN,297,3,4,83,u_to_v,1,16,84,3,4,3,4,
MOT17-10-FRCNN,298,3,7,83,u_to_v,1,73,84,3,7,3,7,
MOT17-10-FRCNN,299,3,8,83,u_to_v,1,571,84,3,8,3,8,
MOT17-10-FRCNN,300,3,9,83,u_to_v,1,58,84,3,9,3,9,
MOT17-10-FRCNN,301,3,11,83,u_to_v,1,48,84,3,11,3,11,
MOT17-10-FRCNN,302,3,25,83,u_to_v,1,184,84,3,25,3,25,
MOT17-10-FRCNN,303,3,26,83,u_to_v,1,129,84,3,26,3,26,
MOT17-10-FRCNN,304,3,29,83,u_to_v,1,292,84,3,29,3,29,
MOT17-10-FRCNN,305,3,30,83,u_to_v,1,328,84,3,30,3,30,
MOT17-10-FRCNN,306,3,31,83,u_to_v,1,450,84,3,31,3,31,
MOT17-10-FRCNN,307,4,9,94,u_to_v,1,47,123,4,9,4,9,
MOT17-10-FRCNN,308,4,9,94,v_to_u,1,5,95,9,4,9,4,
MOT17-10-FRCNN,309,2,4,99,v_to_u,1,531,100,4,2,4,2,
MOT17-10-FRCNN,310,4,7,99,u_to_v,1,57,100,4,7,4,7,
MOT17-10-FRCNN,311,4,8,99,u_to_v,1,555,100,4,8,4,8,
MOT17-10-FRCNN,312,4,11,99,u_to_v,1,32,100,4,11,4,11,
MOT17-10-FRCNN,313,4,15,99,u_to_v,1,299,100,4,15,4,15,
MOT17-10-FRCNN,314,4,16,99,u_to_v,1,248,100,4,16,4,16,
MOT17-10-FRCNN,315,4,25,99,u_to_v,1,168,100,4,25,4,25,
MOT17-10-FRCNN,316,4,26,99,u_to_v,1,113,100,4,26,4,26,
MOT17-10-FRCNN,317,4,29,99,u_to_v,1,276,100,4,29,4,29,
MOT17-10-FRCNN,318,4,30,99,u_to_v,1,312,100,4,30,4,30,
MOT17-10-FRCNN,319,4,31,99,u_to_v,1,434,100,4,31,4,31,
MOT17-10-FRCNN,320,4,32,99,u_to_v,1,253,100,4,32,4,32,
MOT17-10-FRCNN,321,4,33,99,u_to_v,1,3,100,4,33,4,33,
MOT17-10-FRCNN,322,4,34,99,u_to_v,1,303,100,4,34,4,34,
MOT17-10-FRCNN,323,4,35,99,u_to_v,1,305,100,4,35,4,35,
MOT17-10-FRCNN,324,2,33,102,v_to_u,1,528,103,33,2,33,2,
MOT17-10-FRCNN,325,7,33,102,v_to_u,1,54,103,33,7,33,7,
MOT17-10-FRCNN,326,8,33,102,v_to_u,1,552,103,33,8,33,8,
MOT17-10-FRCNN,327,11,33,102,v_to_u,1,29,103,33,11,33,11,
MOT17-10-FRCNN,328,15,33,102,v_to_u,1,296,103,33,15,33,15,
MOT17-10-FRCNN,329,16,33,102,v_to_u,1,245,103,33,16,33,16,
MOT17-10-FRCNN,330,25,33,102,v_to_u,1,165,103,33,25,33,25,
MOT17-10-FRCNN,331,26,33,102,v_to_u,1,110,103,33,26,33,26,
MOT17-10-FRCNN,332,29,33,102,v_to_u,1,273,103,33,29,33,29,
MOT17-10-FRCNN,333,30,33,102,v_to_u,1,309,103,33,30,33,30,
MOT17-10-FRCNN,334,31,33,102,v_to_u,1,431,103,33,31,33,31,
MOT17-10-FRCNN,335,32,33,102,v_to_u,1,250,103,33,32,33,32,
MOT17-10-FRCNN,336,33,34,102,u_to_v,1,300,103,33,34,33,34,
MOT17-10-FRCNN,337,33,35,102,u_to_v,1,302,103,33,35,33,35,
MOT17-10-FRCNN,338,2,23,115,v_to_u,1,515,116,23,2,23,2,
MOT17-10-FRCNN,339,7,23,115,v_to_u,1,41,116,23,7,23,7,
MOT17-10-FRCNN,340,8,23,115,v_to_u,1,539,116,23,8,23,8,
MOT17-10-FRCNN,341,11,23,115,v_to_u,1,16,116,23,11,23,11,
MOT17-10-FRCNN,342,15,23,115,v_to_u,1,283,116,23,15,23,15,
MOT17-10-FRCNN,343,16,23,115,v_to_u,1,232,116,23,16,23,16,
MOT17-10-FRCNN,344,23,25,115,u_to_v,1,152,116,23,25,23,25,
MOT17-10-FRCNN,345,23,26,115,u_to_v,1,97,116,23,26,23,26,
MOT17-10-FRCNN,346,23,29,115,u_to_v,1,260,116,23,29,23,29,
MOT17-10-FRCNN,347,23,30,115,u_to_v,1,296,116,23,30,23,30,
MOT17-10-FRCNN,348,23,31,115,u_to_v,1,418,116,23,31,23,31,
MOT17-10-FRCNN,349,23,32,115,u_to_v,1,237,116,23,32,23,32,
MOT17-10-FRCNN,350,23,34,115,u_to_v,1,287,116,23,34,23,34,
MOT17-10-FRCNN,351,23,35,115,u_to_v,1,289,116,23,35,23,35,
MOT17-10-FRCNN,352,2,11,131,v_to_u,1,499,132,11,2,11,2,
MOT17-10-FRCNN,353,7,11,131,v_to_u,1,25,132,11,7,11,7,
MOT17-10-FRCNN,354,8,11,131,v_to_u,1,523,132,11,8,11,8,
MOT17-10-FRCNN,355,9,11,131,v_to_u,1,38,132,11,9,11,9,
MOT17-10-FRCNN,356,11,15,131,u_to_v,1,267,132,11,15,11,15,
MOT17-10-FRCNN,357,11,16,131,u_to_v,1,216,132,11,16,11,16,
MOT17-10-FRCNN,358,11,25,131,u_to_v,1,136,132,11,25,11,25,
MOT17-10-FRCNN,359,11,26,131,u_to_v,1,81,132,11,26,11,26,
MOT17-10-FRCNN,360,11,29,131,u_to_v,1,244,132,11,29,11,29,
MOT17-10-FRCNN,361,11,30,131,u_to_v,1,280,132,11,30,11,30,
MOT17-10-FRCNN,362,11,31,131,u_to_v,1,402,132,11,31,11,31,
MOT17-10-FRCNN,363,11,32,131,u_to_v,1,221,132,11,32,11,32,
MOT17-10-FRCNN,364,11,34,131,u_to_v,1,271,132,11,34,11,34,
MOT17-10-FRCNN,365,11,35,131,u_to_v,1,273,132,11,35,11,35,
MOT17-10-FRCNN,366,11,36,131,u_to_v,1,206,132,11,36,11,36,
MOT17-10-FRCNN,367,11,37,131,u_to_v,1,211,132,11,37,11,37,
MOT17-10-FRCNN,368,2,38,133,v_to_u,1,497,134,38,2,38,2,
MOT17-10-FRCNN,369,7,38,133,v_to_u,1,23,134,38,7,38,7,
MOT17-10-FRCNN,370,8,38,133,v_to_u,1,521,134,38,8,38,8,
MOT17-10-FRCNN,371,9,38,133,v_to_u,1,36,134,38,9,38,9,
MOT17-10-FRCNN,372,15,38,133,v_to_u,1,265,134,38,15,38,15,
MOT17-10-FRCNN,373,16,38,133,v_to_u,1,214,134,38,16,38,16,
MOT17-10-FRCNN,374,25,38,133,v_to_u,1,134,134,38,25,38,25,
MOT17-10-FRCNN,375,26,38,133,v_to_u,1,79,134,38,26,38,26,
MOT17-10-FRCNN,376,29,38,133,v_to_u,1,242,134,38,29,38,29,
MOT17-10-FRCNN,377,30,38,133,v_to_u,1,278,134,38,30,38,30,
MOT17-10-FRCNN,378,31,38,133,v_to_u,1,400,134,38,31,38,31,
MOT17-10-FRCNN,379,32,38,133,v_to_u,1,219,134,38,32,38,32,
MOT17-10-FRCNN,380,34,38,133,v_to_u,1,269,134,38,34,38,34,
MOT17-10-FRCNN,381,35,38,133,v_to_u,1,271,134,38,35,38,35,
MOT17-10-FRCNN,382,36,38,133,v_to_u,1,204,134,38,36,38,36,
MOT17-10-FRCNN,383,37,38,133,v_to_u,1,209,134,38,37,38,37,
MOT17-10-FRCNN,384,2,39,139,v_to_u,1,491,140,39,2,39,2,
MOT17-10-FRCNN,385,7,39,139,v_to_u,1,17,140,39,7,39,7,
MOT17-10-FRCNN,386,8,39,139,v_to_u,1,515,140,39,8,39,8,
MOT17-10-FRCNN,387,9,39,139,v_to_u,1,30,140,39,9,39,9,
MOT17-10-FRCNN,388,15,39,139,v_to_u,1,259,140,39,15,39,15,
MOT17-10-FRCNN,389,16,39,139,v_to_u,1,208,140,39,16,39,16,
MOT17-10-FRCNN,390,25,39,139,v_to_u,1,128,140,39,25,39,25,
MOT17-10-FRCNN,391,26,39,139,v_to_u,1,73,140,39,26,39,26,
MOT17-10-FRCNN,392,29,39,139,v_to_u,1,236,140,39,29,39,29,
MOT17-10-FRCNN,393,30,39,139,v_to_u,1,272,140,39,30,39,30,
MOT17-10-FRCNN,394,31,39,139,v_to_u,1,394,140,39,31,39,31,
MOT17-10-FRCNN,395,32,39,139,v_to_u,1,213,140,39,32,39,32,
MOT17-10-FRCNN,396,34,39,139,v_to_u,1,263,140,39,34,39,34,
MOT17-10-FRCNN,397,35,39,139,v_to_u,1,265,140,39,35,39,35,
MOT17-10-FRCNN,398,36,39,139,v_to_u,1,198,140,39,36,39,36,
MOT17-10-FRCNN,399,37,39,139,v_to_u,1,203,140,39,37,39,37,
MOT17-10-FRCNN,400,2,7,156,v_to_u,1,474,157,7,2,7,2,
MOT17-10-FRCNN,401,7,8,156,u_to_v,1,498,157,7,8,7,8,
MOT17-10-FRCNN,402,7,9,156,u_to_v,1,13,157,7,9,7,9,
MOT17-10-FRCNN,403,7,15,156,u_to_v,1,242,157,7,15,7,15,
MOT17-10-FRCNN,404,7,16,156,u_to_v,1,191,157,7,16,7,16,
MOT17-10-FRCNN,405,7,25,156,u_to_v,1,111,157,7,25,7,25,
MOT17-10-FRCNN,406,7,26,156,u_to_v,1,56,157,7,26,7,26,
MOT17-10-FRCNN,407,7,29,156,u_to_v,1,219,157,7,29,7,29,
MOT17-10-FRCNN,408,7,30,156,u_to_v,1,255,157,7,30,7,30,
MOT17-10-FRCNN,409,7,31,156,u_to_v,1,377,157,7,31,7,31,
MOT17-10-FRCNN,410,7,32,156,u_to_v,1,196,157,7,32,7,32,
MOT17-10-FRCNN,411,7,34,156,u_to_v,1,246,157,7,34,7,34,
MOT17-10-FRCNN,412,7,35,156,u_to_v,1,248,157,7,35,7,35,
MOT17-10-FRCNN,413,7,36,156,u_to_v,1,181,157,7,36,7,36,
MOT17-10-FRCNN,414,7,37,156,u_to_v,1,186,157,7,37,7,37,
MOT17-10-FRCNN,415,7,40,156,u_to_v,1,198,157,7,40,7,40,
MOT17-10-FRCNN,416,7,41,156,u_to_v,1,8,157,7,41,7,41,
MOT17-10-FRCNN,417,2,41,164,v_to_u,1,466,165,41,2,41,2,
MOT17-10-FRCNN,418,8,41,164,v_to_u,1,490,165,41,8,41,8,
MOT17-10-FRCNN,419,9,41,164,v_to_u,1,5,165,41,9,41,9,
MOT17-10-FRCNN,420,15,41,164,v_to_u,1,234,165,41,15,41,15,
MOT17-10-FRCNN,421,16,41,164,v_to_u,1,183,165,41,16,41,16,
MOT17-10-FRCNN,422,25,41,164,v_to_u,1,103,165,41,25,41,25,
MOT17-10-FRCNN,423,26,41,164,v_to_u,1,48,165,41,26,41,26,
MOT17-10-FRCNN,424,29,41,164,v_to_u,1,211,165,41,29,41,29,
MOT17-10-FRCNN,425,30,41,164,v_to_u,1,247,165,41,30,41,30,
MOT17-10-FRCNN,426,31,41,164,v_to_u,1,369,165,41,31,41,31,
MOT17-10-FRCNN,427,32,41,164,v_to_u,1,188,165,41,32,41,32,
MOT17-10-FRCNN,428,34,41,164,v_to_u,1,238,165,41,34,41,34,
MOT17-10-FRCNN,429,35,41,164,v_to_u,1,240,165,41,35,41,35,
MOT17-10-FRCNN,430,36,41,164,v_to_u,1,173,165,41,36,41,36,
MOT17-10-FRCNN,431,37,41,164,v_to_u,1,178,165,41,37,41,37,
MOT17-10-FRCNN,432,40,41,164,v_to_u,1,190,165,41,40,41,40,
MOT17-10-FRCNN,433,41,42,164,u_to_v,1,455,165,41,42,41,42,
MOT17-10-FRCNN,434,2,9,169,v_to_u,1,461,170,9,2,9,2,
MOT17-10-FRCNN,435,8,9,169,v_to_u,1,485,170,9,8,9,8,
MOT17-10-FRCNN,436,9,15,169,u_to_v,1,229,170,9,15,9,15,
MOT17-10-FRCNN,437,9,16,169,u_to_v,1,178,170,9,16,9,16,
MOT17-10-FRCNN,438,9,25,169,u_to_v,1,98,170,9,25,9,25,
MOT17-10-FRCNN,439,9,26,169,u_to_v,1,43,170,9,26,9,26,
MOT17-10-FRCNN,440,9,29,169,u_to_v,1,206,170,9,29,9,29,
MOT17-10-FRCNN,441,9,30,169,u_to_v,1,242,170,9,30,9,30,
MOT17-10-FRCNN,442,9,31,169,u_to_v,1,364,170,9,31,9,31,
MOT17-10-FRCNN,443,9,32,169,u_to_v,1,183,170,9,32,9,32,
MOT17-10-FRCNN,444,9,34,169,u_to_v,1,233,170,9,34,9,34,
MOT17-10-FRCNN,445,9,35,169,u_to_v,1,235,170,9,35,9,35,
MOT17-10-FRCNN,446,9,36,169,u_to_v,1,168,170,9,36,9,36,
MOT17-10-FRCNN,447,9,37,169,u_to_v,1,173,170,9,37,9,37,
MOT17-10-FRCNN,448,9,40,169,u_to_v,1,185,170,9,40,9,40,
MOT17-10-FRCNN,449,9,42,169,u_to_v,1,450,170,9,42,9,42,
MOT17-10-FRCNN,450,2,46,176,v_to_u,1,454,177,46,2,46,2,
MOT17-10-FRCNN,451,8,46,176,v_to_u,1,478,177,46,8,46,8,
MOT17-10-FRCNN,452,15,46,176,v_to_u,1,222,177,46,15,46,15,
MOT17-10-FRCNN,453,16,46,176,v_to_u,1,171,177,46,16,46,16,
MOT17-10-FRCNN,454,25,46,176,v_to_u,1,91,177,46,25,46,25,
MOT17-10-FRCNN,455,26,46,176,v_to_u,1,36,177,46,26,46,26,
MOT17-10-FRCNN,456,29,46,176,v_to_u,1,199,177,46,29,46,29,
MOT17-10-FRCNN,457,30,46,176,v_to_u,1,235,177,46,30,46,30,
MOT17-10-FRCNN,458,31,46,176,v_to_u,1,357,177,46,31,46,31,
MOT17-10-FRCNN,459,32,46,176,v_to_u,1,176,177,46,32,46,32,
MOT17-10-FRCNN,460,34,46,176,v_to_u,1,226,177,46,34,46,34,
MOT17-10-FRCNN,461,35,46,176,v_to_u,1,228,177,46,35,46,35,
MOT17-10-FRCNN,462,36,46,176,v_to_u,1,161,177,46,36,46,36,
MOT17-10-FRCNN,463,37,46,176,v_to_u,1,166,177,46,37,46,37,
MOT17-10-FRCNN,464,40,46,176,v_to_u,1,178,177,46,40,46,40,
MOT17-10-FRCNN,465,42,46,176,v_to_u,1,443,177,46,42,46,42,
MOT17-10-FRCNN,466,43,46,176,v_to_u,1,149,177,46,43,46,43,
MOT17-10-FRCNN,467,44,46,176,v_to_u,1,20,177,46,44,46,44,
MOT17-10-FRCNN,468,45,46,176,v_to_u,1,152,177,46,45,46,45,
MOT17-10-FRCNN,469,2,47,189,v_to_u,1,441,190,47,2,47,2,
MOT17-10-FRCNN,470,8,47,189,v_to_u,1,465,190,47,8,47,8,
MOT17-10-FRCNN,471,15,47,189,v_to_u,1,209,190,47,15,47,15,
MOT17-10-FRCNN,472,16,47,189,v_to_u,1,158,190,47,16,47,16,
MOT17-10-FRCNN,473,25,47,189,v_to_u,1,78,190,47,25,47,25,
MOT17-10-FRCNN,474,26,47,189,v_to_u,1,23,190,47,26,47,26,
MOT17-10-FRCNN,475,29,47,189,v_to_u,1,186,190,47,29,47,29,
MOT17-10-FRCNN,476,30,47,189,v_to_u,1,222,190,47,30,47,30,
MOT17-10-FRCNN,477,31,47,189,v_to_u,1,344,190,47,31,47,31,
MOT17-10-FRCNN,478,32,47,189,v_to_u,1,163,190,47,32,47,32,
MOT17-10-FRCNN,479,34,47,189,v_to_u,1,213,190,47,34,47,34,
MOT17-10-FRCNN,480,35,47,189,v_to_u,1,215,190,47,35,47,35,
MOT17-10-FRCNN,481,36,47,189,v_to_u,1,148,190,47,36,47,36,
MOT17-10-FRCNN,482,37,47,189,v_to_u,1,153,190,47,37,47,37,
MOT17-10-FRCNN,483,40,47,189,v_to_u,1,165,190,47,40,47,40,
MOT17-10-FRCNN,484,42,47,189,v_to_u,1,430,190,47,42,47,42,
MOT17-10-FRCNN,485,43,47,189,v_to_u,1,136,190,47,43,47,43,
MOT17-10-FRCNN,486,44,47,189,v_to_u,1,7,190,47,44,47,44,
MOT17-10-FRCNN,487,45,47,189,v_to_u,1,139,190,47,45,47,45,
MOT17-10-FRCNN,488,47,48,189,u_to_v,1,6,190,47,48,47,48,
MOT17-10-FRCNN,489,2,48,195,v_to_u,1,435,196,48,2,48,2,
MOT17-10-FRCNN,490,8,48,195,v_to_u,1,459,196,48,8,48,8,
MOT17-10-FRCNN,491,15,48,195,v_to_u,1,203,196,48,15,48,15,
MOT17-10-FRCNN,492,16,48,195,v_to_u,1,152,196,48,16,48,16,
MOT17-10-FRCNN,493,25,48,195,v_to_u,1,72,196,48,25,48,25,
MOT17-10-FRCNN,494,26,48,195,v_to_u,1,17,196,48,26,48,26,
MOT17-10-FRCNN,495,29,48,195,v_to_u,1,180,196,48,29,48,29,
MOT17-10-FRCNN,496,30,48,195,v_to_u,1,216,196,48,30,48,30,
MOT17-10-FRCNN,497,31,48,195,v_to_u,1,338,196,48,31,48,31,
MOT17-10-FRCNN,498,32,48,195,v_to_u,1,157,196,48,32,48,32,
MOT17-10-FRCNN,499,34,48,195,v_to_u,1,207,196,48,34,48,34,
MOT17-10-FRCNN,500,35,48,195,v_to_u,1,209,196,48,35,48,35,
MOT17-10-FRCNN,501,36,48,195,v_to_u,1,142,196,48,36,48,36,
MOT17-10-FRCNN,502,37,48,195,v_to_u,1,147,196,48,37,48,37,
MOT17-10-FRCNN,503,40,48,195,v_to_u,1,159,196,48,40,48,40,
MOT17-10-FRCNN,504,42,48,195,v_to_u,1,424,196,48,42,48,42,
MOT17-10-FRCNN,505,43,48,195,v_to_u,1,130,196,48,43,48,43,
MOT17-10-FRCNN,506,44,48,195,v_to_u,1,1,196,48,44,48,44,
MOT17-10-FRCNN,507,45,48,195,v_to_u,1,133,196,48,45,48,45,
MOT17-10-FRCNN,508,2,44,196,v_to_u,1,434,197,44,2,44,2,
MOT17-10-FRCNN,509,8,44,196,v_to_u,1,458,197,44,8,44,8,
MOT17-10-FRCNN,510,15,44,196,v_to_u,1,202,197,44,15,44,15,
MOT17-10-FRCNN,511,16,44,196,v_to_u,1,151,197,44,16,44,16,
MOT17-10-FRCNN,512,25,44,196,v_to_u,1,71,197,44,25,44,25,
MOT17-10-FRCNN,513,26,44,196,v_to_u,1,16,197,44,26,44,26,
MOT17-10-FRCNN,514,29,44,196,v_to_u,1,179,197,44,29,44,29,
MOT17-10-FRCNN,515,30,44,196,v_to_u,1,215,197,44,30,44,30,
MOT17-10-FRCNN,516,31,44,196,v_to_u,1,337,197,44,31,44,31,
MOT17-10-FRCNN,517,32,44,196,v_to_u,1,156,197,44,32,44,32,
MOT17-10-FRCNN,518,34,44,196,v_to_u,1,206,197,44,34,44,34,
MOT17-10-FRCNN,519,35,44,196,v_to_u,1,208,197,44,35,44,35,
MOT17-10-FRCNN,520,36,44,196,v_to_u,1,141,197,44,36,44,36,
MOT17-10-FRCNN,521,37,44,196,v_to_u,1,146,197,44,37,44,37,
MOT17-10-FRCNN,522,40,44,196,v_to_u,1,158,197,44,40,44,40,
MOT17-10-FRCNN,523,42,44,196,v_to_u,1,423,197,44,42,44,42,
MOT17-10-FRCNN,524,43,44,196,v_to_u,1,129,197,44,43,44,43,
MOT17-10-FRCNN,525,44,45,196,u_to_v,1,132,197,44,45,44,45,
MOT17-10-FRCNN,526,2,26,212,v_to_u,1,418,213,26,2,26,2,
MOT17-10-FRCNN,527,8,26,212,v_to_u,1,442,213,26,8,26,8,
MOT17-10-FRCNN,528,15,26,212,v_to_u,1,186,213,26,15,26,15,
MOT17-10-FRCNN,529,16,26,212,v_to_u,1,135,213,26,16,26,16,
MOT17-10-FRCNN,530,25,26,212,v_to_u,1,55,213,26,25,26,25,
MOT17-10-FRCNN,531,26,29,212,u_to_v,1,163,213,26,29,26,29,
MOT17-10-FRCNN,532,26,30,212,u_to_v,1,199,213,26,30,26,30,
MOT17-10-FRCNN,533,26,31,212,u_to_v,1,321,213,26,31,26,31,
MOT17-10-FRCNN,534,26,32,212,u_to_v,1,140,213,26,32,26,32,
MOT17-10-FRCNN,535,26,34,212,u_to_v,1,190,213,26,34,26,34,
MOT17-10-FRCNN,536,26,35,212,u_to_v,1,192,213,26,35,26,35,
MOT17-10-FRCNN,537,26,36,212,u_to_v,1,125,213,26,36,26,36,
MOT17-10-FRCNN,538,26,37,212,u_to_v,1,130,213,26,37,26,37,
MOT17-10-FRCNN,539,26,40,212,u_to_v,1,142,213,26,40,26,40,
MOT17-10-FRCNN,540,26,42,212,u_to_v,1,407,213,26,42,26,42,
MOT17-10-FRCNN,541,26,43,212,u_to_v,1,113,213,26,43,26,43,
MOT17-10-FRCNN,542,26,45,212,u_to_v,1,116,213,26,45,26,45,
MOT17-10-FRCNN,543,26,49,212,u_to_v,1,442,213,26,49,26,49,
MOT17-10-FRCNN,544,26,50,212,u_to_v,1,13,213,26,50,26,50,
MOT17-10-FRCNN,545,2,50,225,v_to_u,1,405,226,50,2,50,2,
MOT17-10-FRCNN,546,8,50,225,v_to_u,1,429,226,50,8,50,8,
MOT17-10-FRCNN,547,15,50,225,v_to_u,1,173,226,50,15,50,15,
MOT17-10-FRCNN,548,16,50,225,v_to_u,1,122,226,50,16,50,16,
MOT17-10-FRCNN,549,25,50,225,v_to_u,1,42,226,50,25,50,25,
MOT17-10-FRCNN,550,29,50,225,v_to_u,1,150,226,50,29,50,29,
MOT17-10-FRCNN,551,30,50,225,v_to_u,1,186,226,50,30,50,30,
MOT17-10-FRCNN,552,31,50,225,v_to_u,1,308,226,50,31,50,31,
MOT17-10-FRCNN,553,32,50,225,v_to_u,1,127,226,50,32,50,32,
MOT17-10-FRCNN,554,34,50,225,v_to_u,1,177,226,50,34,50,34,
MOT17-10-FRCNN,555,35,50,225,v_to_u,1,179,226,50,35,50,35,
MOT17-10-FRCNN,556,36,50,225,v_to_u,1,112,226,50,36,50,36,
MOT17-10-FRCNN,557,37,50,225,v_to_u,1,117,226,50,37,50,37,
MOT17-10-FRCNN,558,40,50,225,v_to_u,1,129,226,50,40,50,40,
MOT17-10-FRCNN,559,42,50,225,v_to_u,1,394,226,50,42,50,42,
MOT17-10-FRCNN,560,43,50,225,v_to_u,1,100,226,50,43,50,43,
MOT17-10-FRCNN,561,45,50,225,v_to_u,1,103,226,50,45,50,45,
MOT17-10-FRCNN,562,49,50,225,v_to_u,1,429,226,50,49,50,49,
MOT17-10-FRCNN,563,2,51,229,v_to_u,1,401,230,51,2,51,2,
MOT17-10-FRCNN,564,8,51,229,v_to_u,1,425,230,51,8,51,8,
MOT17-10-FRCNN,565,15,51,229,v_to_u,1,169,230,51,15,51,15,
MOT17-10-FRCNN,566,16,51,229,v_to_u,1,118,230,51,16,51,16,
MOT17-10-FRCNN,567,25,51,229,v_to_u,1,38,230,51,25,51,25,
MOT17-10-FRCNN,568,29,51,229,v_to_u,1,146,230,51,29,51,29,
MOT17-10-FRCNN,569,30,51,229,v_to_u,1,182,230,51,30,51,30,
MOT17-10-FRCNN,570,31,51,229,v_to_u,1,304,230,51,31,51,31,
MOT17-10-FRCNN,571,32,51,229,v_to_u,1,123,230,51,32,51,32,
MOT17-10-FRCNN,572,34,51,229,v_to_u,1,173,230,51,34,51,34,
MOT17-10-FRCNN,573,35,51,229,v_to_u,1,175,230,51,35,51,35,
MOT17-10-FRCNN,574,36,51,229,v_to_u,1,108,230,51,36,51,36,
MOT17-10-FRCNN,575,37,51,229,v_to_u,1,113,230,51,37,51,37,
MOT17-10-FRCNN,576,40,51,229,v_to_u,1,125,230,51,40,51,40,
MOT17-10-FRCNN,577,42,51,229,v_to_u,1,390,230,51,42,51,42,
MOT17-10-FRCNN,578,43,51,229,v_to_u,1,96,230,51,43,51,43,
MOT17-10-FRCNN,579,45,51,229,v_to_u,1,99,230,51,45,51,45,
MOT17-10-FRCNN,580,49,51,229,v_to_u,1,425,230,51,49,51,49,
MOT17-10-FRCNN,581,2,55,255,v_to_u,1,375,256,55,2,55,2,
MOT17-10-FRCNN,582,8,55,255,v_to_u,1,399,256,55,8,55,8,
MOT17-10-FRCNN,583,15,55,255,v_to_u,1,143,256,55,15,55,15,
MOT17-10-FRCNN,584,16,55,255,v_to_u,1,92,256,55,16,55,16,
MOT17-10-FRCNN,585,25,55,255,v_to_u,1,12,256,55,25,55,25,
MOT17-10-FRCNN,586,29,55,255,v_to_u,1,120,256,55,29,55,29,
MOT17-10-FRCNN,587,30,55,255,v_to_u,1,156,256,55,30,55,30,
MOT17-10-FRCNN,588,31,55,255,v_to_u,1,278,256,55,31,55,31,
MOT17-10-FRCNN,589,32,55,255,v_to_u,1,97,256,55,32,55,32,
MOT17-10-FRCNN,590,34,55,255,v_to_u,1,147,256,55,34,55,34,
MOT17-10-FRCNN,591,35,55,255,v_to_u,1,149,256,55,35,55,35,
MOT17-10-FRCNN,592,36,55,255,v_to_u,1,82,256,55,36,55,36,
MOT17-10-FRCNN,593,37,55,255,v_to_u,1,87,256,55,37,55,37,
MOT17-10-FRCNN,594,40,55,255,v_to_u,1,99,256,55,40,55,40,
MOT17-10-FRCNN,595,42,55,255,v_to_u,1,364,256,55,42,55,42,
MOT17-10-FRCNN,596,43,55,255,v_to_u,1,70,256,55,43,55,43,
MOT17-10-FRCNN,597,45,55,255,v_to_u,1,73,256,55,45,55,45,
MOT17-10-FRCNN,598,49,55,255,v_to_u,1,399,256,55,49,55,49,
MOT17-10-FRCNN,599,52,55,255,v_to_u,1,28,256,55,52,55,52,
MOT17-10-FRCNN,600,53,55,255,v_to_u,1,91,256,55,53,55,53,
MOT17-10-FRCNN,601,54,55,255,v_to_u,1,306,256,55,54,55,54,
MOT17-10-FRCNN,602,55,56,255,u_to_v,1,350,256,55,56,55,56,
MOT17-10-FRCNN,603,2,25,267,v_to_u,1,363,268,25,2,25,2,
MOT17-10-FRCNN,604,8,25,267,v_to_u,1,387,268,25,8,25,8,
MOT17-10-FRCNN,605,15,25,267,v_to_u,1,131,268,25,15,25,15,
MOT17-10-FRCNN,606,16,25,267,v_to_u,1,80,268,25,16,25,16,
MOT17-10-FRCNN,607,25,29,267,u_to_v,1,108,268,25,29,25,29,
MOT17-10-FRCNN,608,25,30,267,u_to_v,1,144,268,25,30,25,30,
MOT17-10-FRCNN,609,25,31,267,u_to_v,1,266,268,25,31,25,31,
MOT17-10-FRCNN,610,25,32,267,u_to_v,1,85,268,25,32,25,32,
MOT17-10-FRCNN,611,25,34,267,u_to_v,1,135,268,25,34,25,34,
MOT17-10-FRCNN,612,25,35,267,u_to_v,1,137,268,25,35,25,35,
MOT17-10-FRCNN,613,25,36,267,u_to_v,1,70,268,25,36,25,36,
MOT17-10-FRCNN,614,25,37,267,u_to_v,1,75,268,25,37,25,37,
MOT17-10-FRCNN,615,25,40,267,u_to_v,1,87,268,25,40,25,40,
MOT17-10-FRCNN,616,25,42,267,u_to_v,1,352,268,25,42,25,42,
MOT17-10-FRCNN,617,25,43,267,u_to_v,1,58,268,25,43,25,43,
MOT17-10-FRCNN,618,25,45,267,u_to_v,1,61,268,25,45,25,45,
MOT17-10-FRCNN,619,25,49,267,u_to_v,1,387,268,25,49,25,49,
MOT17-10-FRCNN,620,25,52,267,u_to_v,1,16,268,25,52,25,52,
MOT17-10-FRCNN,621,25,53,267,u_to_v,1,79,268,25,53,25,53,
MOT17-10-FRCNN,622,25,54,267,u_to_v,1,294,268,25,54,25,54,
MOT17-10-FRCNN,623,25,56,267,u_to_v,1,338,268,25,56,25,56,
MOT17-10-FRCNN,624,25,57,267,u_to_v,1,387,268,25,57,25,57,
MOT17-10-FRCNN,625,25,58,267,u_to_v,1,9,268,25,58,25,58,
MOT17-10-FRCNN,626,25,59,267,u_to_v,1,77,268,25,59,25,59,
MOT17-10-FRCNN,627,2,58,276,v_to_u,1,354,277,58,2,58,2,
MOT17-10-FRCNN,628,8,58,276,v_to_u,1,378,277,58,8,58,8,
MOT17-10-FRCNN,629,15,58,276,v_to_u,1,122,277,58,15,58,15,
MOT17-10-FRCNN,630,16,58,276,v_to_u,1,71,277,58,16,58,16,
MOT17-10-FRCNN,631,29,58,276,v_to_u,1,99,277,58,29,58,29,
MOT17-10-FRCNN,632,30,58,276,v_to_u,1,135,277,58,30,58,30,
MOT17-10-FRCNN,633,31,58,276,v_to_u,1,257,277,58,31,58,31,
MOT17-10-FRCNN,634,32,58,276,v_to_u,1,76,277,58,32,58,32,
MOT17-10-FRCNN,635,34,58,276,v_to_u,1,126,277,58,34,58,34,
MOT17-10-FRCNN,636,35,58,276,v_to_u,1,128,277,58,35,58,35,
MOT17-10-FRCNN,637,36,58,276,v_to_u,1,61,277,58,36,58,36,
MOT17-10-FRCNN,638,37,58,276,v_to_u,1,66,277,58,37,58,37,
MOT17-10-FRCNN,639,40,58,276,v_to_u,1,78,277,58,40,58,40,
MOT17-10-FRCNN,640,42,58,276,v_to_u,1,343,277,58,42,58,42,
MOT17-10-FRCNN,641,43,58,276,v_to_u,1,49,277,58,43,58,43,
MOT17-10-FRCNN,642,45,58,276,v_to_u,1,52,277,58,45,58,45,
MOT17-10-FRCNN,643,49,58,276,v_to_u,1,378,277,58,49,58,49,
MOT17-10-FRCNN,644,52,58,276,v_to_u,1,7,277,58,52,58,52,
MOT17-10-FRCNN,645,53,58,276,v_to_u,1,70,277,58,53,58,53,
MOT17-10-FRCNN,646,54,58,276,v_to_u,1,285,277,58,54,58,54,
MOT17-10-FRCNN,647,56,58,276,v_to_u,1,329,277,58,56,58,56,
MOT17-10-FRCNN,648,57,58,276,v_to_u,1,378,277,58,57,58,57,
MOT17-10-FRCNN,649,58,59,276,u_to_v,1,68,277,58,59,58,59,
MOT17-10-FRCNN,650,2,52,283,v_to_u,1,347,284,52,2,52,2,
MOT17-10-FRCNN,651,8,52,283,v_to_u,1,371,284,52,8,52,8,
MOT17-10-FRCNN,652,15,52,283,v_to_u,1,115,284,52,15,52,15,
MOT17-10-FRCNN,653,16,52,283,v_to_u,1,64,284,52,16,52,16,
MOT17-10-FRCNN,654,29,52,283,v_to_u,1,92,284,52,29,52,29,
MOT17-10-FRCNN,655,30,52,283,v_to_u,1,128,284,52,30,52,30,
MOT17-10-FRCNN,656,31,52,283,v_to_u,1,250,284,52,31,52,31,
MOT17-10-FRCNN,657,32,52,283,v_to_u,1,69,284,52,32,52,32,
MOT17-10-FRCNN,658,34,52,283,v_to_u,1,119,284,52,34,52,34,
MOT17-10-FRCNN,659,35,52,283,v_to_u,1,121,284,52,35,52,35,
MOT17-10-FRCNN,660,36,52,283,v_to_u,1,54,284,52,36,52,36,
MOT17-10-FRCNN,661,37,52,283,v_to_u,1,59,284,52,37,52,37,
MOT17-10-FRCNN,662,40,52,283,v_to_u,1,71,284,52,40,52,40,
MOT17-10-FRCNN,663,42,52,283,v_to_u,1,336,284,52,42,52,42,
MOT17-10-FRCNN,664,43,52,283,v_to_u,1,42,284,52,43,52,43,
MOT17-10-FRCNN,665,45,52,283,v_to_u,1,45,284,52,45,52,45,
MOT17-10-FRCNN,666,49,52,283,v_to_u,1,371,284,52,49,52,49,
MOT17-10-FRCNN,667,52,53,283,u_to_v,1,63,284,52,53,52,53,
MOT17-10-FRCNN,668,52,54,283,u_to_v,1,278,284,52,54,52,54,
MOT17-10-FRCNN,669,52,56,283,u_to_v,1,322,284,52,56,52,56,
MOT17-10-FRCNN,670,52,57,283,u_to_v,1,371,284,52,57,52,57,
MOT17-10-FRCNN,671,52,59,283,u_to_v,1,61,284,52,59,52,59,
MOT17-10-FRCNN,672,2,43,325,v_to_u,1,305,326,43,2,43,2,
MOT17-10-FRCNN,673,8,43,325,v_to_u,1,329,326,43,8,43,8,
MOT17-10-FRCNN,674,15,43,325,v_to_u,1,73,326,43,15,43,15,
MOT17-10-FRCNN,675,16,43,325,v_to_u,1,22,326,43,16,43,16,
MOT17-10-FRCNN,676,29,43,325,v_to_u,1,50,326,43,29,43,29,
MOT17-10-FRCNN,677,30,43,325,v_to_u,1,86,326,43,30,43,30,
MOT17-10-FRCNN,678,31,43,325,v_to_u,1,208,326,43,31,43,31,
MOT17-10-FRCNN,679,32,43,325,v_to_u,1,27,326,43,32,43,32,
MOT17-10-FRCNN,680,34,43,325,v_to_u,1,77,326,43,34,43,34,
MOT17-10-FRCNN,681,35,43,325,v_to_u,1,79,326,43,35,43,35,
MOT17-10-FRCNN,682,36,43,325,v_to_u,1,12,326,43,36,43,36,
MOT17-10-FRCNN,683,37,43,325,v_to_u,1,17,326,43,37,43,37,
MOT17-10-FRCNN,684,40,43,325,v_to_u,1,29,326,43,40,43,40,
MOT17-10-FRCNN,685,42,43,325,v_to_u,1,294,326,43,42,43,42,
MOT17-10-FRCNN,686,43,45,325,u_to_v,1,3,326,43,45,43,45,
MOT17-10-FRCNN,687,43,49,325,u_to_v,1,329,326,43,49,43,49,
MOT17-10-FRCNN,688,43,53,325,u_to_v,1,21,326,43,53,43,53,
MOT17-10-FRCNN,689,43,54,325,u_to_v,1,236,326,43,54,43,54,
MOT17-10-FRCNN,690,43,56,325,u_to_v,1,280,326,43,56,43,56,
MOT17-10-FRCNN,691,43,57,325,u_to_v,1,329,326,43,57,43,57,
MOT17-10-FRCNN,692,43,59,325,u_to_v,1,19,326,43,59,43,59,
MOT17-10-FRCNN,693,2,45,328,v_to_u,1,302,329,45,2,45,2,
MOT17-10-FRCNN,694,8,45,328,v_to_u,1,326,329,45,8,45,8,
MOT17-10-FRCNN,695,15,45,328,v_to_u,1,70,329,45,15,45,15,
MOT17-10-FRCNN,696,16,45,328,v_to_u,1,19,329,45,16,45,16,
MOT17-10-FRCNN,697,29,45,328,v_to_u,1,47,329,45,29,45,29,
MOT17-10-FRCNN,698,30,45,328,v_to_u,1,83,329,45,30,45,30,
MOT17-10-FRCNN,699,31,45,328,v_to_u,1,205,329,45,31,45,31,
MOT17-10-FRCNN,700,32,45,328,v_to_u,1,24,329,45,32,45,32,
MOT17-10-FRCNN,701,34,45,328,v_to_u,1,74,329,45,34,45,34,
MOT17-10-FRCNN,702,35,45,328,v_to_u,1,76,329,45,35,45,35,
MOT17-10-FRCNN,703,36,45,328,v_to_u,1,9,329,45,36,45,36,
MOT17-10-FRCNN,704,37,45,328,v_to_u,1,14,329,45,37,45,37,
MOT17-10-FRCNN,705,40,45,328,v_to_u,1,26,329,45,40,45,40,
MOT17-10-FRCNN,706,42,45,328,v_to_u,1,291,329,45,42,45,42,
MOT17-10-FRCNN,707,45,49,328,u_to_v,1,326,329,45,49,45,49,
MOT17-10-FRCNN,708,45,53,328,u_to_v,1,18,329,45,53,45,53,
MOT17-10-FRCNN,709,45,54,328,u_to_v,1,233,329,45,54,45,54,
MOT17-10-FRCNN,710,45,56,328,u_to_v,1,277,329,45,56,45,56,
MOT17-10-FRCNN,711,45,57,328,u_to_v,1,326,329,45,57,45,57,
MOT17-10-FRCNN,712,45,59,328,u_to_v,1,16,329,45,59,45,59,
MOT17-10-FRCNN,713,2,36,337,v_to_u,1,293,338,36,2,36,2,
MOT17-10-FRCNN,714,8,36,337,v_to_u,1,317,338,36,8,36,8,
MOT17-10-FRCNN,715,15,36,337,v_to_u,1,61,338,36,15,36,15,
MOT17-10-FRCNN,716,16,36,337,v_to_u,1,10,338,36,16,36,16,
MOT17-10-FRCNN,717,29,36,337,v_to_u,1,38,338,36,29,36,29,
MOT17-10-FRCNN,718,30,36,337,v_to_u,1,74,338,36,30,36,30,
MOT17-10-FRCNN,719,31,36,337,v_to_u,1,196,338,36,31,36,31,
MOT17-10-FRCNN,720,32,36,337,v_to_u,1,15,338,36,32,36,32,
MOT17-10-FRCNN,721,34,36,337,v_to_u,1,65,338,36,34,36,34,
MOT17-10-FRCNN,722,35,36,337,v_to_u,1,67,338,36,35,36,35,
MOT17-10-FRCNN,723,36,37,337,u_to_v,1,5,338,36,37,36,37,
MOT17-10-FRCNN,724,36,40,337,u_to_v,1,17,338,36,40,36,40,
MOT17-10-FRCNN,725,36,42,337,u_to_v,1,282,338,36,42,36,42,
MOT17-10-FRCNN,726,36,49,337,u_to_v,1,317,338,36,49,36,49,
MOT17-10-FRCNN,727,36,53,337,u_to_v,1,9,338,36,53,36,53,
MOT17-10-FRCNN,728,36,54,337,u_to_v,1,224,338,36,54,36,54,
MOT17-10-FRCNN,729,36,56,337,u_to_v,1,268,338,36,56,36,56,
MOT17-10-FRCNN,730,36,57,337,u_to_v,1,317,338,36,57,36,57,
MOT17-10-FRCNN,731,36,59,337,u_to_v,1,7,338,36,59,36,59,
MOT17-10-FRCNN,732,2,37,342,v_to_u,1,288,343,37,2,37,2,
MOT17-10-FRCNN,733,8,37,342,v_to_u,1,312,343,37,8,37,8,
MOT17-10-FRCNN,734,15,37,342,v_to_u,1,56,343,37,15,37,15,
MOT17-10-FRCNN,735,16,37,342,v_to_u,1,5,343,37,16,37,16,
MOT17-10-FRCNN,736,29,37,342,v_to_u,1,33,343,37,29,37,29,
MOT17-10-FRCNN,737,30,37,342,v_to_u,1,69,343,37,30,37,30,
MOT17-10-FRCNN,738,31,37,342,v_to_u,1,191,343,37,31,37,31,
MOT17-10-FRCNN,739,32,37,342,v_to_u,1,10,343,37,32,37,32,
MOT17-10-FRCNN,740,34,37,342,v_to_u,1,60,343,37,34,37,34,
MOT17-10-FRCNN,741,35,37,342,v_to_u,1,62,343,37,35,37,35,
MOT17-10-FRCNN,742,37,40,342,u_to_v,1,12,343,37,40,37,40,
MOT17-10-FRCNN,743,37,42,342,u_to_v,1,277,343,37,42,37,42,
MOT17-10-FRCNN,744,37,49,342,u_to_v,1,312,343,37,49,37,49,
MOT17-10-FRCNN,745,37,53,342,u_to_v,1,4,343,37,53,37,53,
MOT17-10-FRCNN,746,37,54,342,u_to_v,1,219,343,37,54,37,54,
MOT17-10-FRCNN,747,37,56,342,u_to_v,1,263,343,37,56,37,56,
MOT17-10-FRCNN,748,37,57,342,u_to_v,1,312,343,37,57,37,57,
MOT17-10-FRCNN,749,37,59,342,u_to_v,1,2,343,37,59,37,59,
MOT17-10-FRCNN,750,2,59,344,v_to_u,1,286,345,59,2,59,2,
MOT17-10-FRCNN,751,8,59,344,v_to_u,1,310,345,59,8,59,8,
MOT17-10-FRCNN,752,15,59,344,v_to_u,1,54,345,59,15,59,15,
MOT17-10-FRCNN,753,16,59,344,v_to_u,1,3,345,59,16,59,16,
MOT17-10-FRCNN,754,29,59,344,v_to_u,1,31,345,59,29,59,29,
MOT17-10-FRCNN,755,30,59,344,v_to_u,1,67,345,59,30,59,30,
MOT17-10-FRCNN,756,31,59,344,v_to_u,1,189,345,59,31,59,31,
MOT17-10-FRCNN,757,32,59,344,v_to_u,1,8,345,59,32,59,32,
MOT17-10-FRCNN,758,34,59,344,v_to_u,1,58,345,59,34,59,34,
MOT17-10-FRCNN,759,35,59,344,v_to_u,1,60,345,59,35,59,35,
MOT17-10-FRCNN,760,40,59,344,v_to_u,1,10,345,59,40,59,40,
MOT17-10-FRCNN,761,42,59,344,v_to_u,1,275,345,59,42,59,42,
MOT17-10-FRCNN,762,49,59,344,v_to_u,1,310,345,59,49,59,49,
MOT17-10-FRCNN,763,53,59,344,v_to_u,1,2,345,59,53,59,53,
MOT17-10-FRCNN,764,54,59,344,v_to_u,1,217,345,59,54,59,54,
MOT17-10-FRCNN,765,56,59,344,v_to_u,1,261,345,59,56,59,56,
MOT17-10-FRCNN,766,57,59,344,v_to_u,1,310,345,59,57,59,57,
MOT17-10-FRCNN,767,59,60,344,u_to_v,1,187,345,59,60,59,60,
MOT17-10-FRCNN,768,2,53,346,v_to_u,1,284,347,53,2,53,2,
MOT17-10-FRCNN,769,8,53,346,v_to_u,1,308,347,53,8,53,8,
MOT17-10-FRCNN,770,15,53,346,v_to_u,1,52,347,53,15,53,15,
MOT17-10-FRCNN,771,16,53,346,v_to_u,1,1,347,53,16,53,16,
MOT17-10-FRCNN,772,29,53,346,v_to_u,1,29,347,53,29,53,29,
MOT17-10-FRCNN,773,30,53,346,v_to_u,1,65,347,53,30,53,30,
MOT17-10-FRCNN,774,31,53,346,v_to_u,1,187,347,53,31,53,31,
MOT17-10-FRCNN,775,32,53,346,v_to_u,1,6,347,53,32,53,32,
MOT17-10-FRCNN,776,34,53,346,v_to_u,1,56,347,53,34,53,34,
MOT17-10-FRCNN,777,35,53,346,v_to_u,1,58,347,53,35,53,35,
MOT17-10-FRCNN,778,40,53,346,v_to_u,1,8,347,53,40,53,40,
MOT17-10-FRCNN,779,42,53,346,v_to_u,1,273,347,53,42,53,42,
MOT17-10-FRCNN,780,49,53,346,v_to_u,1,308,347,53,49,53,49,
MOT17-10-FRCNN,781,53,54,346,u_to_v,1,215,347,53,54,53,54,
MOT17-10-FRCNN,782,53,56,346,u_to_v,1,259,347,53,56,53,56,
MOT17-10-FRCNN,783,53,57,346,u_to_v,1,308,347,53,57,53,57,
MOT17-10-FRCNN,784,53,60,346,u_to_v,1,185,347,53,60,53,60,
MOT17-10-FRCNN,785,2,16,347,v_to_u,1,283,348,16,2,16,2,
MOT17-10-FRCNN,786,8,16,347,v_to_u,1,307,348,16,8,16,8,
MOT17-10-FRCNN,787,15,16,347,v_to_u,1,51,348,16,15,16,15,
MOT17-10-FRCNN,788,16,29,347,u_to_v,1,28,348,16,29,16,29,
MOT17-10-FRCNN,789,16,30,347,u_to_v,1,64,348,16,30,16,30,
MOT17-10-FRCNN,790,16,31,347,u_to_v,1,186,348,16,31,16,31,
MOT17-10-FRCNN,791,16,32,347,u_to_v,1,5,348,16,32,16,32,
MOT17-10-FRCNN,792,16,34,347,u_to_v,1,55,348,16,34,16,34,
MOT17-10-FRCNN,793,16,35,347,u_to_v,1,57,348,16,35,16,35,
MOT17-10-FRCNN,794,16,40,347,u_to_v,1,7,348,16,40,16,40,
MOT17-10-FRCNN,795,16,42,347,u_to_v,1,272,348,16,42,16,42,
MOT17-10-FRCNN,796,16,49,347,u_to_v,1,307,348,16,49,16,49,
MOT17-10-FRCNN,797,16,54,347,u_to_v,1,214,348,16,54,16,54,
MOT17-10-FRCNN,798,16,56,347,u_to_v,1,258,348,16,56,16,56,
MOT17-10-FRCNN,799,16,57,347,u_to_v,1,307,348,16,57,16,57,
MOT17-10-FRCNN,800,16,60,347,u_to_v,1,184,348,16,60,16,60,
MOT17-10-FRCNN,801,16,61,347,u_to_v,1,42,348,16,61,16,61,
MOT17-10-FRCNN,802,2,32,352,v_to_u,1,278,353,32,2,32,2,
MOT17-10-FRCNN,803,8,32,352,v_to_u,1,302,353,32,8,32,8,
MOT17-10-FRCNN,804,15,32,352,v_to_u,1,46,353,32,15,32,15,
MOT17-10-FRCNN,805,29,32,352,v_to_u,1,23,353,32,29,32,29,
MOT17-10-FRCNN,806,30,32,352,v_to_u,1,59,353,32,30,32,30,
MOT17-10-FRCNN,807,31,32,352,v_to_u,1,181,353,32,31,32,31,
MOT17-10-FRCNN,808,32,34,352,u_to_v,1,50,353,32,34,32,34,
MOT17-10-FRCNN,809,32,35,352,u_to_v,1,52,353,32,35,32,35,
MOT17-10-FRCNN,810,32,40,352,u_to_v,1,2,353,32,40,32,40,
MOT17-10-FRCNN,811,32,42,352,u_to_v,1,267,353,32,42,32,42,
MOT17-10-FRCNN,812,32,49,352,u_to_v,1,302,353,32,49,32,49,
MOT17-10-FRCNN,813,32,54,352,u_to_v,1,209,353,32,54,32,54,
MOT17-10-FRCNN,814,32,56,352,u_to_v,1,253,353,32,56,32,56,
MOT17-10-FRCNN,815,32,57,352,u_to_v,1,302,353,32,57,32,57,
MOT17-10-FRCNN,816,32,60,352,u_to_v,1,179,353,32,60,32,60,
MOT17-10-FRCNN,817,32,61,352,u_to_v,1,37,353,32,61,32,61,
MOT17-10-FRCNN,818,2,40,354,v_to_u,1,276,355,40,2,40,2,
MOT17-10-FRCNN,819,8,40,354,v_to_u,1,300,355,40,8,40,8,
MOT17-10-FRCNN,820,15,40,354,v_to_u,1,44,355,40,15,40,15,
MOT17-10-FRCNN,821,29,40,354,v_to_u,1,21,355,40,29,40,29,
MOT17-10-FRCNN,822,30,40,354,v_to_u,1,57,355,40,30,40,30,
MOT17-10-FRCNN,823,31,40,354,v_to_u,1,179,355,40,31,40,31,
MOT17-10-FRCNN,824,34,40,354,v_to_u,1,48,355,40,34,40,34,
MOT17-10-FRCNN,825,35,40,354,v_to_u,1,50,355,40,35,40,35,
MOT17-10-FRCNN,826,40,42,354,u_to_v,1,265,355,40,42,40,42,
MOT17-10-FRCNN,827,40,49,354,u_to_v,1,300,355,40,49,40,49,
MOT17-10-FRCNN,828,40,54,354,u_to_v,1,207,355,40,54,40,54,
MOT17-10-FRCNN,829,40,56,354,u_to_v,1,251,355,40,56,40,56,
MOT17-10-FRCNN,830,40,57,354,u_to_v,1,300,355,40,57,40,57,
MOT17-10-FRCNN,831,40,60,354,u_to_v,1,177,355,40,60,40,60,
MOT17-10-FRCNN,832,40,61,354,u_to_v,1,35,355,40,61,40,61,
MOT17-10-FRCNN,833,2,29,375,v_to_u,1,255,376,29,2,29,2,
MOT17-10-FRCNN,834,8,29,375,v_to_u,1,279,376,29,8,29,8,
MOT17-10-FRCNN,835,15,29,375,v_to_u,1,23,376,29,15,29,15,
MOT17-10-FRCNN,836,29,30,375,u_to_v,1,36,376,29,30,29,30,
MOT17-10-FRCNN,837,29,31,375,u_to_v,1,158,376,29,31,29,31,
MOT17-10-FRCNN,838,29,34,375,u_to_v,1,27,376,29,34,29,34,
MOT17-10-FRCNN,839,29,35,375,u_to_v,1,29,376,29,35,29,35,
MOT17-10-FRCNN,840,29,42,375,u_to_v,1,244,376,29,42,29,42,
MOT17-10-FRCNN,841,29,49,375,u_to_v,1,279,376,29,49,29,49,
MOT17-10-FRCNN,842,29,54,375,u_to_v,1,186,376,29,54,29,54,
MOT17-10-FRCNN,843,29,56,375,u_to_v,1,230,376,29,56,29,56,
MOT17-10-FRCNN,844,29,57,375,u_to_v,1,279,376,29,57,29,57,
MOT17-10-FRCNN,845,29,60,375,u_to_v,1,156,376,29,60,29,60,
MOT17-10-FRCNN,846,29,61,375,u_to_v,1,14,376,29,61,29,61,
MOT17-10-FRCNN,847,29,62,375,u_to_v,1,34,376,29,62,29,62,
MOT17-10-FRCNN,848,29,63,375,u_to_v,1,48,376,29,63,29,63,
MOT17-10-FRCNN,849,2,61,389,v_to_u,1,241,390,61,2,61,2,
MOT17-10-FRCNN,850,8,61,389,v_to_u,1,265,390,61,8,61,8,
MOT17-10-FRCNN,851,15,61,389,v_to_u,1,9,390,61,15,61,15,
MOT17-10-FRCNN,852,30,61,389,v_to_u,1,22,390,61,30,61,30,
MOT17-10-FRCNN,853,31,61,389,v_to_u,1,144,390,61,31,61,31,
MOT17-10-FRCNN,854,34,61,389,v_to_u,1,13,390,61,34,61,34,
MOT17-10-FRCNN,855,35,61,389,v_to_u,1,15,390,61,35,61,35,
MOT17-10-FRCNN,856,42,61,389,v_to_u,1,230,390,61,42,61,42,
MOT17-10-FRCNN,857,49,61,389,v_to_u,1,265,390,61,49,61,49,
MOT17-10-FRCNN,858,54,61,389,v_to_u,1,172,390,61,54,61,54,
MOT17-10-FRCNN,859,56,61,389,v_to_u,1,216,390,61,56,61,56,
MOT17-10-FRCNN,860,57,61,389,v_to_u,1,265,390,61,57,61,57,
MOT17-10-FRCNN,861,60,61,389,v_to_u,1,142,390,61,60,61,60,
MOT17-10-FRCNN,862,61,62,389,u_to_v,1,20,390,61,62,61,62,
MOT17-10-FRCNN,863,61,63,389,u_to_v,1,34,390,61,63,61,63,
MOT17-10-FRCNN,864,61,64,389,u_to_v,1,217,390,61,64,61,64,
MOT17-10-FRCNN,865,61,65,389,u_to_v,1,188,390,61,65,61,65,
MOT17-10-FRCNN,866,61,66,389,u_to_v,1,253,390,61,66,61,66,
MOT17-10-FRCNN,867,2,67,390,v_to_u,1,240,391,67,2,67,2,
MOT17-10-FRCNN,868,8,67,390,v_to_u,1,264,391,67,8,67,8,
MOT17-10-FRCNN,869,15,67,390,v_to_u,1,8,391,67,15,67,15,
MOT17-10-FRCNN,870,30,67,390,v_to_u,1,21,391,67,30,67,30,
MOT17-10-FRCNN,871,31,67,390,v_to_u,1,143,391,67,31,67,31,
MOT17-10-FRCNN,872,34,67,390,v_to_u,1,12,391,67,34,67,34,
MOT17-10-FRCNN,873,35,67,390,v_to_u,1,14,391,67,35,67,35,
MOT17-10-FRCNN,874,42,67,390,v_to_u,1,229,391,67,42,67,42,
MOT17-10-FRCNN,875,49,67,390,v_to_u,1,264,391,67,49,67,49,
MOT17-10-FRCNN,876,54,67,390,v_to_u,1,171,391,67,54,67,54,
MOT17-10-FRCNN,877,56,67,390,v_to_u,1,215,391,67,56,67,56,
MOT17-10-FRCNN,878,57,67,390,v_to_u,1,264,391,67,57,67,57,
MOT17-10-FRCNN,879,60,67,390,v_to_u,1,141,391,67,60,67,60,
MOT17-10-FRCNN,880,62,67,390,v_to_u,1,19,391,67,62,67,62,
MOT17-10-FRCNN,881,63,67,390,v_to_u,1,33,391,67,63,67,63,
MOT17-10-FRCNN,882,64,67,390,v_to_u,1,216,391,67,64,67,64,
MOT17-10-FRCNN,883,65,67,390,v_to_u,1,187,391,67,65,67,65,
MOT17-10-FRCNN,884,66,67,390,v_to_u,1,252,391,67,66,67,66,
MOT17-10-FRCNN,885,67,68,390,u_to_v,1,264,391,67,68,67,68,
MOT17-10-FRCNN,886,2,15,398,v_to_u,1,232,399,15,2,15,2,
MOT17-10-FRCNN,887,8,15,398,v_to_u,1,256,399,15,8,15,8,
MOT17-10-FRCNN,888,15,30,398,u_to_v,1,13,399,15,30,15,30,
MOT17-10-FRCNN,889,15,31,398,u_to_v,1,135,399,15,31,15,31,
MOT17-10-FRCNN,890,15,34,398,u_to_v,1,4,399,15,34,15,34,
MOT17-10-FRCNN,891,15,35,398,u_to_v,1,6,399,15,35,15,35,
MOT17-10-FRCNN,892,15,42,398,u_to_v,1,221,399,15,42,15,42,
MOT17-10-FRCNN,893,15,49,398,u_to_v,1,256,399,15,49,15,49,
MOT17-10-FRCNN,894,15,54,398,u_to_v,1,163,399,15,54,15,54,
MOT17-10-FRCNN,895,15,56,398,u_to_v,1,207,399,15,56,15,56,
MOT17-10-FRCNN,896,15,57,398,u_to_v,1,256,399,15,57,15,57,
MOT17-10-FRCNN,897,15,60,398,u_to_v,1,133,399,15,60,15,60,
MOT17-10-FRCNN,898,15,62,398,u_to_v,1,11,399,15,62,15,62,
MOT17-10-FRCNN,899,15,63,398,u_to_v,1,25,399,15,63,15,63,
MOT17-10-FRCNN,900,15,64,398,u_to_v,1,208,399,15,64,15,64,
MOT17-10-FRCNN,901,15,65,398,u_to_v,1,179,399,15,65,15,65,
MOT17-10-FRCNN,902,15,66,398,u_to_v,1,244,399,15,66,15,66,
MOT17-10-FRCNN,903,15,68,398,u_to_v,1,256,399,15,68,15,68,
MOT17-10-FRCNN,904,15,69,398,u_to_v,1,51,399,15,69,15,69,
MOT17-10-FRCNN,905,2,34,402,v_to_u,1,228,403,34,2,34,2,
MOT17-10-FRCNN,906,8,34,402,v_to_u,1,252,403,34,8,34,8,
MOT17-10-FRCNN,907,30,34,402,v_to_u,1,9,403,34,30,34,30,
MOT17-10-FRCNN,908,31,34,402,v_to_u,1,131,403,34,31,34,31,
MOT17-10-FRCNN,909,34,35,402,u_to_v,1,2,403,34,35,34,35,
MOT17-10-FRCNN,910,34,42,402,u_to_v,1,217,403,34,42,34,42,
MOT17-10-FRCNN,911,34,49,402,u_to_v,1,252,403,34,49,34,49,
MOT17-10-FRCNN,912,34,54,402,u_to_v,1,159,403,34,54,34,54,
MOT17-10-FRCNN,913,34,56,402,u_to_v,1,203,403,34,56,34,56,
MOT17-10-FRCNN,914,34,57,402,u_to_v,1,252,403,34,57,34,57,
MOT17-10-FRCNN,915,34,60,402,u_to_v,1,129,403,34,60,34,60,
MOT17-10-FRCNN,916,34,62,402,u_to_v,1,7,403,34,62,34,62,
MOT17-10-FRCNN,917,34,63,402,u_to_v,1,21,403,34,63,34,63,
MOT17-10-FRCNN,918,34,64,402,u_to_v,1,204,403,34,64,34,64,
MOT17-10-FRCNN,919,34,65,402,u_to_v,1,175,403,34,65,34,65,
MOT17-10-FRCNN,920,34,66,402,u_to_v,1,240,403,34,66,34,66,
MOT17-10-FRCNN,921,34,68,402,u_to_v,1,252,403,34,68,34,68,
MOT17-10-FRCNN,922,34,69,402,u_to_v,1,47,403,34,69,34,69,
MOT17-10-FRCNN,923,2,35,404,v_to_u,1,226,405,35,2,35,2,
MOT17-10-FRCNN,924,8,35,404,v_to_u,1,250,405,35,8,35,8,
MOT17-10-FRCNN,925,30,35,404,v_to_u,1,7,405,35,30,35,30,
MOT17-10-FRCNN,926,31,35,404,v_to_u,1,129,405,35,31,35,31,
MOT17-10-FRCNN,927,35,42,404,u_to_v,1,215,405,35,42,35,42,
MOT17-10-FRCNN,928,35,49,404,u_to_v,1,250,405,35,49,35,49,
MOT17-10-FRCNN,929,35,54,404,u_to_v,1,157,405,35,54,35,54,
MOT17-10-FRCNN,930,35,56,404,u_to_v,1,201,405,35,56,35,56,
MOT17-10-FRCNN,931,35,57,404,u_to_v,1,250,405,35,57,35,57,
MOT17-10-FRCNN,932,35,60,404,u_to_v,1,127,405,35,60,35,60,
MOT17-10-FRCNN,933,35,62,404,u_to_v,1,5,405,35,62,35,62,
MOT17-10-FRCNN,934,35,63,404,u_to_v,1,19,405,35,63,35,63,
MOT17-10-FRCNN,935,35,64,404,u_to_v,1,202,405,35,64,35,64,
MOT17-10-FRCNN,936,35,65,404,u_to_v,1,173,405,35,65,35,65,
MOT17-10-FRCNN,937,35,66,404,u_to_v,1,238,405,35,66,35,66,
MOT17-10-FRCNN,938,35,68,404,u_to_v,1,250,405,35,68,35,68,
MOT17-10-FRCNN,939,35,69,404,u_to_v,1,45,405,35,69,35,69,
MOT17-10-FRCNN,940,2,62,409,v_to_u,1,221,410,62,2,62,2,
MOT17-10-FRCNN,941,8,62,409,v_to_u,1,245,410,62,8,62,8,
MOT17-10-FRCNN,942,30,62,409,v_to_u,1,2,410,62,30,62,30,
MOT17-10-FRCNN,943,31,62,409,v_to_u,1,124,410,62,31,62,31,
MOT17-10-FRCNN,944,42,62,409,v_to_u,1,210,410,62,42,62,42,
MOT17-10-FRCNN,945,49,62,409,v_to_u,1,245,410,62,49,62,49,
MOT17-10-FRCNN,946,54,62,409,v_to_u,1,152,410,62,54,62,54,
MOT17-10-FRCNN,947,56,62,409,v_to_u,1,196,410,62,56,62,56,
MOT17-10-FRCNN,948,57,62,409,v_to_u,1,245,410,62,57,62,57,
MOT17-10-FRCNN,949,60,62,409,v_to_u,1,122,410,62,60,62,60,
MOT17-10-FRCNN,950,62,63,409,u_to_v,1,14,410,62,63,62,63,
MOT17-10-FRCNN,951,62,64,409,u_to_v,1,197,410,62,64,62,64,
MOT17-10-FRCNN,952,62,65,409,u_to_v,1,168,410,62,65,62,65,
MOT17-10-FRCNN,953,62,66,409,u_to_v,1,233,410,62,66,62,66,
MOT17-10-FRCNN,954,62,68,409,u_to_v,1,245,410,62,68,62,68,
MOT17-10-FRCNN,955,62,69,409,u_to_v,1,40,410,62,69,62,69,
MOT17-10-FRCNN,956,62,70,409,u_to_v,1,245,410,62,70,62,70,
MOT17-10-FRCNN,957,2,30,411,v_to_u,1,219,412,30,2,30,2,
MOT17-10-FRCNN,958,8,30,411,v_to_u,1,243,412,30,8,30,8,
MOT17-10-FRCNN,959,30,31,411,u_to_v,1,122,412,30,31,30,31,
MOT17-10-FRCNN,960,30,42,411,u_to_v,1,208,412,30,42,30,42,
MOT17-10-FRCNN,961,30,49,411,u_to_v,1,243,412,30,49,30,49,
MOT17-10-FRCNN,962,30,54,411,u_to_v,1,150,412,30,54,30,54,
MOT17-10-FRCNN,963,30,56,411,u_to_v,1,194,412,30,56,30,56,
MOT17-10-FRCNN,964,30,57,411,u_to_v,1,243,412,30,57,30,57,
MOT17-10-FRCNN,965,30,60,411,u_to_v,1,120,412,30,60,30,60,
MOT17-10-FRCNN,966,30,63,411,u_to_v,1,12,412,30,63,30,63,
MOT17-10-FRCNN,967,30,64,411,u_to_v,1,195,412,30,64,30,64,
MOT17-10-FRCNN,968,30,65,411,u_to_v,1,166,412,30,65,30,65,
MOT17-10-FRCNN,969,30,66,411,u_to_v,1,231,412,30,66,30,66,
MOT17-10-FRCNN,970,30,68,411,u_to_v,1,243,412,30,68,30,68,
MOT17-10-FRCNN,971,30,69,411,u_to_v,1,38,412,30,69,30,69,
MOT17-10-FRCNN,972,30,70,411,u_to_v,1,243,412,30,70,30,70,
MOT17-10-FRCNN,973,2,63,421,u_to_v,1,2,422,2,63,2,63,
MOT17-10-FRCNN,974,2,63,421,v_to_u,1,209,446,63,2,63,2,
MOT17-10-FRCNN,975,8,63,423,v_to_u,1,231,424,63,8,63,8,
MOT17-10-FRCNN,976,31,63,423,v_to_u,1,110,424,63,31,63,31,
MOT17-10-FRCNN,977,42,63,423,v_to_u,1,196,424,63,42,63,42,
MOT17-10-FRCNN,978,49,63,423,v_to_u,1,231,424,63,49,63,49,
MOT17-10-FRCNN,979,54,63,423,v_to_u,1,138,424,63,54,63,54,
MOT17-10-FRCNN,980,56,63,423,v_to_u,1,182,424,63,56,63,56,
MOT17-10-FRCNN,981,57,63,423,v_to_u,1,231,424,63,57,63,57,
MOT17-10-FRCNN,982,60,63,423,v_to_u,1,108,424,63,60,63,60,
MOT17-10-FRCNN,983,63,64,423,u_to_v,1,183,424,63,64,63,64,
MOT17-10-FRCNN,984,63,65,423,u_to_v,1,154,424,63,65,63,65,
MOT17-10-FRCNN,985,63,66,423,u_to_v,1,219,424,63,66,63,66,
MOT17-10-FRCNN,986,63,68,423,u_to_v,1,231,424,63,68,63,68,
MOT17-10-FRCNN,987,63,69,423,u_to_v,1,26,424,63,69,63,69,
MOT17-10-FRCNN,988,63,70,423,u_to_v,1,231,424,63,70,63,70,
MOT17-10-FRCNN,989,63,71,423,u_to_v,1,49,424,63,71,63,71,
MOT17-10-FRCNN,990,8,72,425,v_to_u,1,229,426,72,8,72,8,
MOT17-10-FRCNN,991,31,72,425,v_to_u,1,108,426,72,31,72,31,
MOT17-10-FRCNN,992,42,72,425,v_to_u,1,194,426,72,42,72,42,
MOT17-10-FRCNN,993,49,72,425,v_to_u,1,229,426,72,49,72,49,
MOT17-10-FRCNN,994,54,72,425,v_to_u,1,136,426,72,54,72,54,
MOT17-10-FRCNN,995,56,72,425,v_to_u,1,180,426,72,56,72,56,
MOT17-10-FRCNN,996,57,72,425,v_to_u,1,229,426,72,57,72,57,
MOT17-10-FRCNN,997,60,72,425,v_to_u,1,106,426,72,60,72,60,
MOT17-10-FRCNN,998,64,72,425,v_to_u,1,181,426,72,64,72,64,
MOT17-10-FRCNN,999,65,72,425,v_to_u,1,152,426,72,65,72,65,
MOT17-10-FRCNN,1000,66,72,425,v_to_u,1,217,426,72,66,72,66,
MOT17-10-FRCNN,1001,68,72,425,v_to_u,1,229,426,72,68,72,68,
MOT17-10-FRCNN,1002,69,72,425,v_to_u,1,24,426,72,69,72,69,
MOT17-10-FRCNN,1003,70,72,425,v_to_u,1,229,426,72,70,72,70,
MOT17-10-FRCNN,1004,71,72,425,v_to_u,1,47,426,72,71,72,71,
MOT17-10-FRCNN,1005,2,69,449,v_to_u,1,205,450,69,2,69,2,
MOT17-10-FRCNN,1006,2,74,449,v_to_u,1,205,450,74,2,74,2,
MOT17-10-FRCNN,1007,8,69,449,v_to_u,1,205,450,69,8,69,8,
MOT17-10-FRCNN,1008,8,74,449,v_to_u,1,205,450,74,8,74,8,
MOT17-10-FRCNN,1009,31,69,449,v_to_u,1,84,450,69,31,69,31,
MOT17-10-FRCNN,1010,31,74,449,v_to_u,1,84,450,74,31,74,31,
MOT17-10-FRCNN,1011,42,69,449,v_to_u,1,170,450,69,42,69,42,
MOT17-10-FRCNN,1012,42,74,449,v_to_u,1,170,450,74,42,74,42,
MOT17-10-FRCNN,1013,49,69,449,v_to_u,1,205,450,69,49,69,49,
MOT17-10-FRCNN,1014,49,74,449,v_to_u,1,205,450,74,49,74,49,
MOT17-10-FRCNN,1015,54,69,449,v_to_u,1,112,450,69,54,69,54,
MOT17-10-FRCNN,1016,54,74,449,v_to_u,1,112,450,74,54,74,54,
MOT17-10-FRCNN,1017,56,69,449,v_to_u,1,156,450,69,56,69,56,
MOT17-10-FRCNN,1018,56,74,449,v_to_u,1,156,450,74,56,74,56,
MOT17-10-FRCNN,1019,57,69,449,v_to_u,1,205,450,69,57,69,57,
MOT17-10-FRCNN,1020,57,74,449,v_to_u,1,205,450,74,57,74,57,
MOT17-10-FRCNN,1021,60,69,449,v_to_u,1,82,450,69,60,69,60,
MOT17-10-FRCNN,1022,60,74,449,v_to_u,1,82,450,74,60,74,60,
MOT17-10-FRCNN,1023,64,69,449,v_to_u,1,157,450,69,64,69,64,
MOT17-10-FRCNN,1024,64,74,449,v_to_u,1,157,450,74,64,74,64,
MOT17-10-FRCNN,1025,65,69,449,v_to_u,1,128,450,69,65,69,65,
MOT17-10-FRCNN,1026,65,74,449,v_to_u,1,128,450,74,65,74,65,
MOT17-10-FRCNN,1027,66,69,449,v_to_u,1,193,450,69,66,69,66,
MOT17-10-FRCNN,1028,66,74,449,v_to_u,1,193,450,74,66,74,66,
MOT17-10-FRCNN,1029,68,69,449,v_to_u,1,205,450,69,68,69,68,
MOT17-10-FRCNN,1030,68,74,449,v_to_u,1,205,450,74,68,74,68,
MOT17-10-FRCNN,1031,69,70,449,u_to_v,1,205,450,69,70,69,70,
MOT17-10-FRCNN,1032,69,71,449,u_to_v,1,23,450,69,71,69,71,
MOT17-10-FRCNN,1033,69,73,449,u_to_v,1,30,450,69,73,69,73,
MOT17-10-FRCNN,1034,70,74,449,v_to_u,1,205,450,74,70,74,70,
MOT17-10-FRCNN,1035,71,74,449,v_to_u,1,23,450,74,71,74,71,
MOT17-10-FRCNN,1036,73,74,449,v_to_u,1,30,450,74,73,74,73,
MOT17-10-FRCNN,1037,2,71,472,v_to_u,1,182,473,71,2,71,2,
MOT17-10-FRCNN,1038,8,71,472,v_to_u,1,182,473,71,8,71,8,
MOT17-10-FRCNN,1039,31,71,472,v_to_u,1,61,473,71,31,71,31,
MOT17-10-FRCNN,1040,42,71,472,v_to_u,1,147,473,71,42,71,42,
MOT17-10-FRCNN,1041,49,71,472,v_to_u,1,182,473,71,49,71,49,
MOT17-10-FRCNN,1042,54,71,472,v_to_u,1,89,473,71,54,71,54,
MOT17-10-FRCNN,1043,56,71,472,v_to_u,1,133,473,71,56,71,56,
MOT17-10-FRCNN,1044,57,71,472,v_to_u,1,182,473,71,57,71,57,
MOT17-10-FRCNN,1045,60,71,472,v_to_u,1,59,473,71,60,71,60,
MOT17-10-FRCNN,1046,64,71,472,v_to_u,1,134,473,71,64,71,64,
MOT17-10-FRCNN,1047,65,71,472,v_to_u,1,105,473,71,65,71,65,
MOT17-10-FRCNN,1048,66,71,472,v_to_u,1,170,473,71,66,71,66,
MOT17-10-FRCNN,1049,68,71,472,v_to_u,1,182,473,71,68,71,68,
MOT17-10-FRCNN,1050,70,71,472,v_to_u,1,182,473,71,70,71,70,
MOT17-10-FRCNN,1051,71,73,472,u_to_v,1,7,473,71,73,71,73,
MOT17-10-FRCNN,1052,71,75,472,u_to_v,1,67,473,71,75,71,75,
MOT17-10-FRCNN,1053,2,73,479,v_to_u,1,175,480,73,2,73,2,
MOT17-10-FRCNN,1054,8,73,479,v_to_u,1,175,480,73,8,73,8,
MOT17-10-FRCNN,1055,31,73,479,v_to_u,1,54,480,73,31,73,31,
MOT17-10-FRCNN,1056,42,73,479,v_to_u,1,140,480,73,42,73,42,
MOT17-10-FRCNN,1057,49,73,479,v_to_u,1,175,480,73,49,73,49,
MOT17-10-FRCNN,1058,54,73,479,v_to_u,1,82,480,73,54,73,54,
MOT17-10-FRCNN,1059,56,73,479,v_to_u,1,126,480,73,56,73,56,
MOT17-10-FRCNN,1060,57,73,479,v_to_u,1,175,480,73,57,73,57,
MOT17-10-FRCNN,1061,60,73,479,v_to_u,1,52,480,73,60,73,60,
MOT17-10-FRCNN,1062,64,73,479,v_to_u,1,127,480,73,64,73,64,
MOT17-10-FRCNN,1063,65,73,479,v_to_u,1,98,480,73,65,73,65,
MOT17-10-FRCNN,1064,66,73,479,v_to_u,1,163,480,73,66,73,66,
MOT17-10-FRCNN,1065,68,73,479,v_to_u,1,175,480,73,68,73,68,
MOT17-10-FRCNN,1066,70,73,479,v_to_u,1,175,480,73,70,73,70,
MOT17-10-FRCNN,1067,73,75,479,u_to_v,1,60,480,73,75,73,75,
MOT17-10-FRCNN,1068,2,77,502,v_to_u,1,152,503,77,2,77,2,
MOT17-10-FRCNN,1069,8,77,502,v_to_u,1,152,503,77,8,77,8,
MOT17-10-FRCNN,1070,31,77,502,v_to_u,1,31,503,77,31,77,31,
MOT17-10-FRCNN,1071,42,77,502,v_to_u,1,117,503,77,42,77,42,
MOT17-10-FRCNN,1072,49,77,502,v_to_u,1,152,503,77,49,77,49,
MOT17-10-FRCNN,1073,54,77,502,v_to_u,1,59,503,77,54,77,54,
MOT17-10-FRCNN,1074,56,77,502,v_to_u,1,103,503,77,56,77,56,
MOT17-10-FRCNN,1075,57,77,502,v_to_u,1,152,503,77,57,77,57,
MOT17-10-FRCNN,1076,60,77,502,v_to_u,1,29,503,77,60,77,60,
MOT17-10-FRCNN,1077,64,77,502,v_to_u,1,104,503,77,64,77,64,
MOT17-10-FRCNN,1078,65,77,502,v_to_u,1,75,503,77,65,77,65,
MOT17-10-FRCNN,1079,66,77,502,v_to_u,1,140,503,77,66,77,66,
MOT17-10-FRCNN,1080,68,77,502,v_to_u,1,152,503,77,68,77,68,
MOT17-10-FRCNN,1081,70,77,502,v_to_u,1,152,503,77,70,77,70,
MOT17-10-FRCNN,1082,75,77,502,v_to_u,1,37,503,77,75,77,75,
MOT17-10-FRCNN,1083,76,77,502,v_to_u,1,87,503,77,76,77,76,
MOT17-10-FRCNN,1084,77,78,502,u_to_v,1,52,503,77,78,77,78,
MOT17-10-FRCNN,1085,2,60,531,v_to_u,1,123,532,60,2,60,2,
MOT17-10-FRCNN,1086,8,60,531,v_to_u,1,123,532,60,8,60,8,
MOT17-10-FRCNN,1087,31,60,531,v_to_u,1,2,532,60,31,60,31,
MOT17-10-FRCNN,1088,42,60,531,v_to_u,1,88,532,60,42,60,42,
MOT17-10-FRCNN,1089,49,60,531,v_to_u,1,123,532,60,49,60,49,
MOT17-10-FRCNN,1090,54,60,531,v_to_u,1,30,532,60,54,60,54,
MOT17-10-FRCNN,1091,56,60,531,v_to_u,1,74,532,60,56,60,56,
MOT17-10-FRCNN,1092,57,60,531,v_to_u,1,123,532,60,57,60,57,
MOT17-10-FRCNN,1093,60,64,531,u_to_v,1,75,532,60,64,60,64,
MOT17-10-FRCNN,1094,60,65,531,u_to_v,1,46,532,60,65,60,65,
MOT17-10-FRCNN,1095,60,66,531,u_to_v,1,111,532,60,66,60,66,
MOT17-10-FRCNN,1096,60,68,531,u_to_v,1,123,532,60,68,60,68,
MOT17-10-FRCNN,1097,60,70,531,u_to_v,1,123,532,60,70,60,70,
MOT17-10-FRCNN,1098,60,75,531,u_to_v,1,8,532,60,75,60,75,
MOT17-10-FRCNN,1099,60,76,531,u_to_v,1,58,532,60,76,60,76,
MOT17-10-FRCNN,1100,60,78,531,u_to_v,1,23,532,60,78,60,78,
MOT17-10-FRCNN,1101,2,31,533,v_to_u,1,121,534,31,2,31,2,
MOT17-10-FRCNN,1102,8,31,533,v_to_u,1,121,534,31,8,31,8,
MOT17-10-FRCNN,1103,31,42,533,u_to_v,1,86,534,31,42,31,42,
MOT17-10-FRCNN,1104,31,49,533,u_to_v,1,121,534,31,49,31,49,
MOT17-10-FRCNN,1105,31,54,533,u_to_v,1,28,534,31,54,31,54,
MOT17-10-FRCNN,1106,31,56,533,u_to_v,1,72,534,31,56,31,56,
MOT17-10-FRCNN,1107,31,57,533,u_to_v,1,121,534,31,57,31,57,
MOT17-10-FRCNN,1108,31,64,533,u_to_v,1,73,534,31,64,31,64,
MOT17-10-FRCNN,1109,31,65,533,u_to_v,1,44,534,31,65,31,65,
MOT17-10-FRCNN,1110,31,66,533,u_to_v,1,109,534,31,66,31,66,
MOT17-10-FRCNN,1111,31,68,533,u_to_v,1,121,534,31,68,31,68,
MOT17-10-FRCNN,1112,31,70,533,u_to_v,1,121,534,31,70,31,70,
MOT17-10-FRCNN,1113,31,75,533,u_to_v,1,6,534,31,75,31,75,
MOT17-10-FRCNN,1114,31,76,533,u_to_v,1,56,534,31,76,31,76,
MOT17-10-FRCNN,1115,31,78,533,u_to_v,1,21,534,31,78,31,78,
MOT17-10-FRCNN,1116,2,75,539,v_to_u,1,115,540,75,2,75,2,
MOT17-10-FRCNN,1117,8,75,539,v_to_u,1,115,540,75,8,75,8,
MOT17-10-FRCNN,1118,42,75,539,v_to_u,1,80,540,75,42,75,42,
MOT17-10-FRCNN,1119,49,75,539,v_to_u,1,115,540,75,49,75,49,
MOT17-10-FRCNN,1120,54,75,539,v_to_u,1,22,540,75,54,75,54,
MOT17-10-FRCNN,1121,56,75,539,v_to_u,1,66,540,75,56,75,56,
MOT17-10-FRCNN,1122,57,75,539,v_to_u,1,115,540,75,57,75,57,
MOT17-10-FRCNN,1123,64,75,539,v_to_u,1,67,540,75,64,75,64,
MOT17-10-FRCNN,1124,65,75,539,v_to_u,1,38,540,75,65,75,65,
MOT17-10-FRCNN,1125,66,75,539,v_to_u,1,103,540,75,66,75,66,
MOT17-10-FRCNN,1126,68,75,539,v_to_u,1,115,540,75,68,75,68,
MOT17-10-FRCNN,1127,70,75,539,v_to_u,1,115,540,75,70,75,70,
MOT17-10-FRCNN,1128,75,76,539,u_to_v,1,50,540,75,76,75,76,
MOT17-10-FRCNN,1129,75,78,539,u_to_v,1,15,540,75,78,75,78,
MOT17-10-FRCNN,1130,75,79,539,u_to_v,1,115,540,75,79,75,79,
MOT17-10-FRCNN,1131,75,80,539,u_to_v,1,115,540,75,80,75,80,
MOT17-10-FRCNN,1132,75,81,539,u_to_v,1,115,540,75,81,75,81,
MOT17-10-FRCNN,1133,2,78,554,v_to_u,1,100,555,78,2,78,2,
MOT17-10-FRCNN,1134,8,78,554,v_to_u,1,100,555,78,8,78,8,
MOT17-10-FRCNN,1135,42,78,554,v_to_u,1,65,555,78,42,78,42,
MOT17-10-FRCNN,1136,49,78,554,v_to_u,1,100,555,78,49,78,49,
MOT17-10-FRCNN,1137,54,78,554,v_to_u,1,7,555,78,54,78,54,
MOT17-10-FRCNN,1138,56,78,554,v_to_u,1,51,555,78,56,78,56,
MOT17-10-FRCNN,1139,57,78,554,v_to_u,1,100,555,78,57,78,57,
MOT17-10-FRCNN,1140,64,78,554,v_to_u,1,52,555,78,64,78,64,
MOT17-10-FRCNN,1141,65,78,554,v_to_u,1,23,555,78,65,78,65,
MOT17-10-FRCNN,1142,66,78,554,v_to_u,1,88,555,78,66,78,66,
MOT17-10-FRCNN,1143,68,78,554,v_to_u,1,100,555,78,68,78,68,
MOT17-10-FRCNN,1144,70,78,554,v_to_u,1,100,555,78,70,78,70,
MOT17-10-FRCNN,1145,76,78,554,v_to_u,1,35,555,78,76,78,76,
MOT17-10-FRCNN,1146,78,79,554,u_to_v,1,100,555,78,79,78,79,
MOT17-10-FRCNN,1147,78,80,554,u_to_v,1,100,555,78,80,78,80,
MOT17-10-FRCNN,1148,78,81,554,u_to_v,1,100,555,78,81,78,81,
MOT17-10-FRCNN,1149,78,82,554,u_to_v,1,9,555,78,82,78,82,
MOT17-10-FRCNN,1150,78,83,554,u_to_v,1,100,555,78,83,78,83,
MOT17-10-FRCNN,1151,2,54,561,v_to_u,1,93,562,54,2,54,2,
MOT17-10-FRCNN,1152,8,54,561,v_to_u,1,93,562,54,8,54,8,
MOT17-10-FRCNN,1153,42,54,561,v_to_u,1,58,562,54,42,54,42,
MOT17-10-FRCNN,1154,49,54,561,v_to_u,1,93,562,54,49,54,49,
MOT17-10-FRCNN,1155,54,56,561,u_to_v,1,44,562,54,56,54,56,
MOT17-10-FRCNN,1156,54,57,561,u_to_v,1,93,562,54,57,54,57,
MOT17-10-FRCNN,1157,54,64,561,u_to_v,1,45,562,54,64,54,64,
MOT17-10-FRCNN,1158,54,65,561,u_to_v,1,16,562,54,65,54,65,
MOT17-10-FRCNN,1159,54,66,561,u_to_v,1,81,562,54,66,54,66,
MOT17-10-FRCNN,1160,54,68,561,u_to_v,1,93,562,54,68,54,68,
MOT17-10-FRCNN,1161,54,70,561,u_to_v,1,93,562,54,70,54,70,
MOT17-10-FRCNN,1162,54,76,561,u_to_v,1,28,562,54,76,54,76,
MOT17-10-FRCNN,1163,54,79,561,u_to_v,1,93,562,54,79,54,79,
MOT17-10-FRCNN,1164,54,80,561,u_to_v,1,93,562,54,80,54,80,
MOT17-10-FRCNN,1165,54,81,561,u_to_v,1,93,562,54,81,54,81,
MOT17-10-FRCNN,1166,54,82,561,u_to_v,1,2,562,54,82,54,82,
MOT17-10-FRCNN,1167,54,83,561,u_to_v,1,93,562,54,83,54,83,
MOT17-10-FRCNN,1168,54,84,561,u_to_v,1,93,562,54,84,54,84,
MOT17-10-FRCNN,1169,54,85,561,u_to_v,1,74,562,54,85,54,85,
MOT17-10-FRCNN,1170,2,82,563,v_to_u,1,91,564,82,2,82,2,
MOT17-10-FRCNN,1171,8,82,563,v_to_u,1,91,564,82,8,82,8,
MOT17-10-FRCNN,1172,42,82,563,v_to_u,1,56,564,82,42,82,42,
MOT17-10-FRCNN,1173,49,82,563,v_to_u,1,91,564,82,49,82,49,
MOT17-10-FRCNN,1174,56,82,563,v_to_u,1,42,564,82,56,82,56,
MOT17-10-FRCNN,1175,57,82,563,v_to_u,1,91,564,82,57,82,57,
MOT17-10-FRCNN,1176,64,82,563,v_to_u,1,43,564,82,64,82,64,
MOT17-10-FRCNN,1177,65,82,563,v_to_u,1,14,564,82,65,82,65,
MOT17-10-FRCNN,1178,66,82,563,v_to_u,1,79,564,82,66,82,66,
MOT17-10-FRCNN,1179,68,82,563,v_to_u,1,91,564,82,68,82,68,
MOT17-10-FRCNN,1180,70,82,563,v_to_u,1,91,564,82,70,82,70,
MOT17-10-FRCNN,1181,76,82,563,v_to_u,1,26,564,82,76,82,76,
MOT17-10-FRCNN,1182,79,82,563,v_to_u,1,91,564,82,79,82,79,
MOT17-10-FRCNN,1183,80,82,563,v_to_u,1,91,564,82,80,82,80,
MOT17-10-FRCNN,1184,81,82,563,v_to_u,1,91,564,82,81,82,81,
MOT17-10-FRCNN,1185,82,83,563,u_to_v,1,91,564,82,83,82,83,
MOT17-10-FRCNN,1186,82,84,563,u_to_v,1,91,564,82,84,82,84,
MOT17-10-FRCNN,1187,82,85,563,u_to_v,1,72,564,82,85,82,85,
MOT17-10-FRCNN,1188,2,65,577,v_to_u,1,77,578,65,2,65,2,
MOT17-10-FRCNN,1189,8,65,577,v_to_u,1,77,578,65,8,65,8,
MOT17-10-FRCNN,1190,42,65,577,v_to_u,1,42,578,65,42,65,42,
MOT17-10-FRCNN,1191,49,65,577,v_to_u,1,77,578,65,49,65,49,
MOT17-10-FRCNN,1192,56,65,577,v_to_u,1,28,578,65,56,65,56,
MOT17-10-FRCNN,1193,57,65,577,v_to_u,1,77,578,65,57,65,57,
MOT17-10-FRCNN,1194,64,65,577,v_to_u,1,29,578,65,64,65,64,
MOT17-10-FRCNN,1195,65,66,577,u_to_v,1,65,578,65,66,65,66,
MOT17-10-FRCNN,1196,65,68,577,u_to_v,1,77,578,65,68,65,68,
MOT17-10-FRCNN,1197,65,70,577,u_to_v,1,77,578,65,70,65,70,
MOT17-10-FRCNN,1198,65,76,577,u_to_v,1,12,578,65,76,65,76,
MOT17-10-FRCNN,1199,65,79,577,u_to_v,1,77,578,65,79,65,79,
MOT17-10-FRCNN,1200,65,80,577,u_to_v,1,77,578,65,80,65,80,
MOT17-10-FRCNN,1201,65,81,577,u_to_v,1,77,578,65,81,65,81,
MOT17-10-FRCNN,1202,65,83,577,u_to_v,1,77,578,65,83,65,83,
MOT17-10-FRCNN,1203,65,84,577,u_to_v,1,77,578,65,84,65,84,
MOT17-10-FRCNN,1204,65,85,577,u_to_v,1,58,578,65,85,65,85,
MOT17-10-FRCNN,1205,65,86,577,u_to_v,1,39,578,65,86,65,86,
MOT17-10-FRCNN,1206,65,87,577,u_to_v,1,77,578,65,87,65,87,
MOT17-10-FRCNN,1207,2,76,589,v_to_u,1,65,590,76,2,76,2,
MOT17-10-FRCNN,1208,8,76,589,v_to_u,1,65,590,76,8,76,8,
MOT17-10-FRCNN,1209,42,76,589,v_to_u,1,30,590,76,42,76,42,
MOT17-10-FRCNN,1210,49,76,589,v_to_u,1,65,590,76,49,76,49,
MOT17-10-FRCNN,1211,56,76,589,v_to_u,1,16,590,76,56,76,56,
MOT17-10-FRCNN,1212,57,76,589,v_to_u,1,65,590,76,57,76,57,
MOT17-10-FRCNN,1213,64,76,589,v_to_u,1,17,590,76,64,76,64,
MOT17-10-FRCNN,1214,66,76,589,v_to_u,1,53,590,76,66,76,66,
MOT17-10-FRCNN,1215,68,76,589,v_to_u,1,65,590,76,68,76,68,
MOT17-10-FRCNN,1216,70,76,589,v_to_u,1,65,590,76,70,76,70,
MOT17-10-FRCNN,1217,76,79,589,u_to_v,1,65,590,76,79,76,79,
MOT17-10-FRCNN,1218,76,80,589,u_to_v,1,65,590,76,80,76,80,
MOT17-10-FRCNN,1219,76,81,589,u_to_v,1,65,590,76,81,76,81,
MOT17-10-FRCNN,1220,76,83,589,u_to_v,1,65,590,76,83,76,83,
MOT17-10-FRCNN,1221,76,84,589,u_to_v,1,65,590,76,84,76,84,
MOT17-10-FRCNN,1222,76,85,589,u_to_v,1,46,590,76,85,76,85,
MOT17-10-FRCNN,1223,76,86,589,u_to_v,1,27,590,76,86,76,86,
MOT17-10-FRCNN,1224,76,87,589,u_to_v,1,65,590,76,87,76,87,
MOT17-10-FRCNN,1225,76,88,589,u_to_v,1,65,590,76,88,76,88,
MOT17-10-FRCNN,1226,2,56,605,v_to_u,1,49,606,56,2,56,2,
MOT17-10-FRCNN,1227,8,56,605,v_to_u,1,49,606,56,8,56,8,
MOT17-10-FRCNN,1228,42,56,605,v_to_u,1,14,606,56,42,56,42,
MOT17-10-FRCNN,1229,49,56,605,v_to_u,1,49,606,56,49,56,49,
MOT17-10-FRCNN,1230,56,57,605,u_to_v,1,49,606,56,57,56,57,
MOT17-10-FRCNN,1231,56,64,605,u_to_v,1,1,606,56,64,56,64,
MOT17-10-FRCNN,1232,56,66,605,u_to_v,1,37,606,56,66,56,66,
MOT17-10-FRCNN,1233,56,68,605,u_to_v,1,49,606,56,68,56,68,
MOT17-10-FRCNN,1234,56,70,605,u_to_v,1,49,606,56,70,56,70,
MOT17-10-FRCNN,1235,56,79,605,u_to_v,1,49,606,56,79,56,79,
MOT17-10-FRCNN,1236,56,80,605,u_to_v,1,49,606,56,80,56,80,
MOT17-10-FRCNN,1237,56,81,605,u_to_v,1,49,606,56,81,56,81,
MOT17-10-FRCNN,1238,56,83,605,u_to_v,1,49,606,56,83,56,83,
MOT17-10-FRCNN,1239,56,84,605,u_to_v,1,49,606,56,84,56,84,
MOT17-10-FRCNN,1240,56,85,605,u_to_v,1,30,606,56,85,56,85,
MOT17-10-FRCNN,1241,56,86,605,u_to_v,1,11,606,56,86,56,86,
MOT17-10-FRCNN,1242,56,87,605,u_to_v,1,49,606,56,87,56,87,
MOT17-10-FRCNN,1243,56,88,605,u_to_v,1,49,606,56,88,56,88,
MOT17-10-FRCNN,1244,2,64,606,v_to_u,1,48,607,64,2,64,2,
MOT17-10-FRCNN,1245,8,64,606,v_to_u,1,48,607,64,8,64,8,
MOT17-10-FRCNN,1246,42,64,606,v_to_u,1,13,607,64,42,64,42,
MOT17-10-FRCNN,1247,49,64,606,v_to_u,1,48,607,64,49,64,49,
MOT17-10-FRCNN,1248,57,64,606,v_to_u,1,48,607,64,57,64,57,
MOT17-10-FRCNN,1249,64,66,606,u_to_v,1,36,607,64,66,64,66,
MOT17-10-FRCNN,1250,64,68,606,u_to_v,1,48,607,64,68,64,68,
MOT17-10-FRCNN,1251,64,70,606,u_to_v,1,48,607,64,70,64,70,
MOT17-10-FRCNN,1252,64,79,606,u_to_v,1,48,607,64,79,64,79,
MOT17-10-FRCNN,1253,64,80,606,u_to_v,1,48,607,64,80,64,80,
MOT17-10-FRCNN,1254,64,81,606,u_to_v,1,48,607,64,81,64,81,
MOT17-10-FRCNN,1255,64,83,606,u_to_v,1,48,607,64,83,64,83,
MOT17-10-FRCNN,1256,64,84,606,u_to_v,1,48,607,64,84,64,84,
MOT17-10-FRCNN,1257,64,85,606,u_to_v,1,29,607,64,85,64,85,
MOT17-10-FRCNN,1258,64,86,606,u_to_v,1,10,607,64,86,64,86,
MOT17-10-FRCNN,1259,64,87,606,u_to_v,1,48,607,64,87,64,87,
MOT17-10-FRCNN,1260,64,88,606,u_to_v,1,48,607,64,88,64,88,
MOT17-10-FRCNN,1261,2,86,616,v_to_u,1,38,617,86,2,86,2,
MOT17-10-FRCNN,1262,8,86,616,v_to_u,1,38,617,86,8,86,8,
MOT17-10-FRCNN,1263,42,86,616,v_to_u,1,3,617,86,42,86,42,
MOT17-10-FRCNN,1264,49,86,616,v_to_u,1,38,617,86,49,86,49,
MOT17-10-FRCNN,1265,57,86,616,v_to_u,1,38,617,86,57,86,57,
MOT17-10-FRCNN,1266,66,86,616,v_to_u,1,26,617,86,66,86,66,
MOT17-10-FRCNN,1267,68,86,616,v_to_u,1,38,617,86,68,86,68,
MOT17-10-FRCNN,1268,70,86,616,v_to_u,1,38,617,86,70,86,70,
MOT17-10-FRCNN,1269,79,86,616,v_to_u,1,38,617,86,79,86,79,
MOT17-10-FRCNN,1270,80,86,616,v_to_u,1,38,617,86,80,86,80,
MOT17-10-FRCNN,1271,81,86,616,v_to_u,1,38,617,86,81,86,81,
MOT17-10-FRCNN,1272,83,86,616,v_to_u,1,38,617,86,83,86,83,
MOT17-10-FRCNN,1273,84,86,616,v_to_u,1,38,617,86,84,86,84,
MOT17-10-FRCNN,1274,85,86,616,v_to_u,1,19,617,86,85,86,85,
MOT17-10-FRCNN,1275,86,87,616,u_to_v,1,38,617,86,87,86,87,
MOT17-10-FRCNN,1276,86,88,616,u_to_v,1,38,617,86,88,86,88,
MOT17-10-FRCNN,1277,2,42,619,v_to_u,1,35,620,42,2,42,2,
MOT17-10-FRCNN,1278,8,42,619,v_to_u,1,35,620,42,8,42,8,
MOT17-10-FRCNN,1279,42,49,619,u_to_v,1,35,620,42,49,42,49,
MOT17-10-FRCNN,1280,42,57,619,u_to_v,1,35,620,42,57,42,57,
MOT17-10-FRCNN,1281,42,66,619,u_to_v,1,23,620,42,66,42,66,
MOT17-10-FRCNN,1282,42,68,619,u_to_v,1,35,620,42,68,42,68,
MOT17-10-FRCNN,1283,42,70,619,u_to_v,1,35,620,42,70,42,70,
MOT17-10-FRCNN,1284,42,79,619,u_to_v,1,35,620,42,79,42,79,
MOT17-10-FRCNN,1285,42,80,619,u_to_v,1,35,620,42,80,42,80,
MOT17-10-FRCNN,1286,42,81,619,u_to_v,1,35,620,42,81,42,81,
MOT17-10-FRCNN,1287,42,83,619,u_to_v,1,35,620,42,83,42,83,
MOT17-10-FRCNN,1288,42,84,619,u_to_v,1,35,620,42,84,42,84,
MOT17-10-FRCNN,1289,42,85,619,u_to_v,1,16,620,42,85,42,85,
MOT17-10-FRCNN,1290,42,87,619,u_to_v,1,35,620,42,87,42,87,
MOT17-10-FRCNN,1291,42,88,619,u_to_v,1,35,620,42,88,42,88,
MOT17-10-FRCNN,1292,2,85,635,v_to_u,1,19,636,85,2,85,2,
MOT17-10-FRCNN,1293,8,85,635,v_to_u,1,19,636,85,8,85,8,
MOT17-10-FRCNN,1294,49,85,635,v_to_u,1,19,636,85,49,85,49,
MOT17-10-FRCNN,1295,57,85,635,v_to_u,1,19,636,85,57,85,57,
MOT17-10-FRCNN,1296,66,85,635,v_to_u,1,7,636,85,66,85,66,
MOT17-10-FRCNN,1297,68,85,635,v_to_u,1,19,636,85,68,85,68,
MOT17-10-FRCNN,1298,70,85,635,v_to_u,1,19,636,85,70,85,70,
MOT17-10-FRCNN,1299,79,85,635,v_to_u,1,19,636,85,79,85,79,
MOT17-10-FRCNN,1300,80,85,635,v_to_u,1,19,636,85,80,85,80,
MOT17-10-FRCNN,1301,81,85,635,v_to_u,1,19,636,85,81,85,81,
MOT17-10-FRCNN,1302,83,85,635,v_to_u,1,19,636,85,83,85,83,
MOT17-10-FRCNN,1303,84,85,635,v_to_u,1,19,636,85,84,85,84,
MOT17-10-FRCNN,1304,85,87,635,u_to_v,1,19,636,85,87,85,87,
MOT17-10-FRCNN,1305,85,88,635,u_to_v,1,19,636,85,88,85,88,
MOT17-10-FRCNN,1306,2,66,642,v_to_u,1,12,643,66,2,66,2,
MOT17-10-FRCNN,1307,8,66,642,v_to_u,1,12,643,66,8,66,8,
MOT17-10-FRCNN,1308,49,66,642,v_to_u,1,12,643,66,49,66,49,
MOT17-10-FRCNN,1309,57,66,642,v_to_u,1,12,643,66,57,66,57,
MOT17-10-FRCNN,1310,66,68,642,u_to_v,1,12,643,66,68,66,68,
MOT17-10-FRCNN,1311,66,70,642,u_to_v,1,12,643,66,70,66,70,
MOT17-10-FRCNN,1312,66,79,642,u_to_v,1,12,643,66,79,66,79,
MOT17-10-FRCNN,1313,66,80,642,u_to_v,1,12,643,66,80,66,80,
MOT17-10-FRCNN,1314,66,81,642,u_to_v,1,12,643,66,81,66,81,
MOT17-10-FRCNN,1315,66,83,642,u_to_v,1,12,643,66,83,66,83,
MOT17-10-FRCNN,1316,66,84,642,u_to_v,1,12,643,66,84,66,84,
MOT17-10-FRCNN,1317,66,87,642,u_to_v,1,12,643,66,87,66,87,
MOT17-10-FRCNN,1318,66,88,642,u_to_v,1,12,643,66,88,66,88,
MOT17-11-FRCNN,1,1,2,16,v_to_u,1,720,17,2,1,2,1,
MOT17-11-FRCNN,2,2,3,16,u_to_v,1,4,17,2,3,2,3,
MOT17-11-FRCNN,3,2,4,16,u_to_v,1,91,17,2,4,2,4,
MOT17-11-FRCNN,4,2,5,16,u_to_v,1,66,17,2,5,2,5,
MOT17-11-FRCNN,5,2,6,16,u_to_v,1,674,17,2,6,2,6,
MOT17-11-FRCNN,6,2,7,16,u_to_v,1,257,17,2,7,2,7,
MOT17-11-FRCNN,7,2,8,16,u_to_v,1,271,17,2,8,2,8,
MOT17-11-FRCNN,8,2,9,16,u_to_v,1,18,17,2,9,2,9,
MOT17-11-FRCNN,9,2,10,16,u_to_v,1,9,17,2,10,2,10,
MOT17-11-FRCNN,10,2,11,16,u_to_v,1,130,17,2,11,2,11,
MOT17-11-FRCNN,11,2,12,16,u_to_v,1,242,17,2,12,2,12,
MOT17-11-FRCNN,12,2,13,16,u_to_v,1,136,17,2,13,2,13,
MOT17-11-FRCNN,13,2,14,16,u_to_v,1,82,17,2,14,2,14,
MOT17-11-FRCNN,14,2,15,16,u_to_v,1,7,17,2,15,2,15,
MOT17-11-FRCNN,15,2,16,16,u_to_v,1,5,17,2,16,2,16,
MOT17-11-FRCNN,16,2,17,16,u_to_v,1,7,17,2,17,2,17,
MOT17-11-FRCNN,17,2,18,16,u_to_v,1,115,17,2,18,2,18,
MOT17-11-FRCNN,18,1,3,20,v_to_u,1,716,21,3,1,3,1,
MOT17-11-FRCNN,19,3,4,20,u_to_v,1,87,21,3,4,3,4,
MOT17-11-FRCNN,20,3,5,20,u_to_v,1,62,21,3,5,3,5,
MOT17-11-FRCNN,21,3,6,20,u_to_v,1,670,21,3,6,3,6,
MOT17-11-FRCNN,22,3,7,20,u_to_v,1,253,21,3,7,3,7,
MOT17-11-FRCNN,23,3,8,20,u_to_v,1,267,21,3,8,3,8,
MOT17-11-FRCNN,24,3,9,20,u_to_v,1,14,21,3,9,3,9,
MOT17-11-FRCNN,25,3,10,20,u_to_v,1,5,21,3,10,3,10,
MOT17-11-FRCNN,26,3,11,20,u_to_v,1,126,21,3,11,3,11,
MOT17-11-FRCNN,27,3,12,20,u_to_v,1,238,21,3,12,3,12,
MOT17-11-FRCNN,28,3,13,20,u_to_v,1,132,21,3,13,3,13,
MOT17-11-FRCNN,29,3,14,20,u_to_v,1,78,21,3,14,3,14,
MOT17-11-FRCNN,30,3,15,20,u_to_v,1,3,21,3,15,3,15,
MOT17-11-FRCNN,31,3,16,20,u_to_v,1,1,21,3,16,3,16,
MOT17-11-FRCNN,32,3,17,20,u_to_v,1,3,21,3,17,3,17,
MOT17-11-FRCNN,33,3,18,20,u_to_v,1,111,21,3,18,3,18,
MOT17-11-FRCNN,34,1,16,21,v_to_u,1,715,22,16,1,16,1,
MOT17-11-FRCNN,35,4,16,21,v_to_u,1,86,22,16,4,16,4,
MOT17-11-FRCNN,36,5,16,21,v_to_u,1,61,22,16,5,16,5,
MOT17-11-FRCNN,37,6,16,21,v_to_u,1,669,22,16,6,16,6,
MOT17-11-FRCNN,38,7,16,21,v_to_u,1,252,22,16,7,16,7,
MOT17-11-FRCNN,39,8,16,21,v_to_u,1,266,22,16,8,16,8,
MOT17-11-FRCNN,40,9,16,21,v_to_u,1,13,22,16,9,16,9,
MOT17-11-FRCNN,41,10,16,21,v_to_u,1,4,22,16,10,16,10,
MOT17-11-FRCNN,42,11,16,21,v_to_u,1,125,22,16,11,16,11,
MOT17-11-FRCNN,43,12,16,21,v_to_u,1,237,22,16,12,16,12,
MOT17-11-FRCNN,44,13,16,21,v_to_u,1,131,22,16,13,16,13,
MOT17-11-FRCNN,45,14,16,21,v_to_u,1,77,22,16,14,16,14,
MOT17-11-FRCNN,46,15,16,21,v_to_u,1,2,22,16,15,16,15,
MOT17-11-FRCNN,47,16,17,21,u_to_v,1,2,22,16,17,16,17,
MOT17-11-FRCNN,48,16,18,21,u_to_v,1,110,22,16,18,16,18,
MOT17-11-FRCNN,49,1,15,23,v_to_u,1,713,24,15,1,15,1,
MOT17-11-FRCNN,50,1,17,23,v_to_u,1,713,24,17,1,17,1,
MOT17-11-FRCNN,51,4,15,23,v_to_u,1,84,24,15,4,15,4,
MOT17-11-FRCNN,52,4,17,23,v_to_u,1,84,24,17,4,17,4,
MOT17-11-FRCNN,53,5,15,23,v_to_u,1,59,24,15,5,15,5,
MOT17-11-FRCNN,54,5,17,23,v_to_u,1,59,24,17,5,17,5,
MOT17-11-FRCNN,55,6,15,23,v_to_u,1,667,24,15,6,15,6,
MOT17-11-FRCNN,56,6,17,23,v_to_u,1,667,24,17,6,17,6,
MOT17-11-FRCNN,57,7,15,23,v_to_u,1,250,24,15,7,15,7,
MOT17-11-FRCNN,58,7,17,23,v_to_u,1,250,24,17,7,17,7,
MOT17-11-FRCNN,59,8,15,23,v_to_u,1,264,24,15,8,15,8,
MOT17-11-FRCNN,60,8,17,23,v_to_u,1,264,24,17,8,17,8,
MOT17-11-FRCNN,61,9,15,23,v_to_u,1,11,24,15,9,15,9,
MOT17-11-FRCNN,62,9,17,23,v_to_u,1,11,24,17,9,17,9,
MOT17-11-FRCNN,63,10,15,23,v_to_u,1,2,24,15,10,15,10,
MOT17-11-FRCNN,64,10,17,23,v_to_u,1,2,24,17,10,17,10,
MOT17-11-FRCNN,65,11,15,23,v_to_u,1,123,24,15,11,15,11,
MOT17-11-FRCNN,66,11,17,23,v_to_u,1,123,24,17,11,17,11,
MOT17-11-FRCNN,67,12,15,23,v_to_u,1,235,24,15,12,15,12,
MOT17-11-FRCNN,68,12,17,23,v_to_u,1,235,24,17,12,17,12,
MOT17-11-FRCNN,69,13,15,23,v_to_u,1,129,24,15,13,15,13,
MOT17-11-FRCNN,70,13,17,23,v_to_u,1,129,24,17,13,17,13,
MOT17-11-FRCNN,71,14,15,23,v_to_u,1,75,24,15,14,15,14,
MOT17-11-FRCNN,72,14,17,23,v_to_u,1,75,24,17,14,17,14,
MOT17-11-FRCNN,73,15,18,23,u_to_v,1,108,24,15,18,15,18,
MOT17-11-FRCNN,74,17,18,23,u_to_v,1,108,24,17,18,17,18,
MOT17-11-FRCNN,75,1,10,25,v_to_u,1,711,26,10,1,10,1,
MOT17-11-FRCNN,76,4,10,25,v_to_u,1,82,26,10,4,10,4,
MOT17-11-FRCNN,77,5,10,25,v_to_u,1,57,26,10,5,10,5,
MOT17-11-FRCNN,78,6,10,25,v_to_u,1,665,26,10,6,10,6,
MOT17-11-FRCNN,79,7,10,25,v_to_u,1,248,26,10,7,10,7,
MOT17-11-FRCNN,80,8,10,25,v_to_u,1,262,26,10,8,10,8,
MOT17-11-FRCNN,81,9,10,25,v_to_u,1,9,26,10,9,10,9,
MOT17-11-FRCNN,82,10,11,25,u_to_v,1,121,26,10,11,10,11,
MOT17-11-FRCNN,83,10,12,25,u_to_v,1,233,26,10,12,10,12,
MOT17-11-FRCNN,84,10,13,25,u_to_v,1,127,26,10,13,10,13,
MOT17-11-FRCNN,85,10,14,25,u_to_v,1,73,26,10,14,10,14,
MOT17-11-FRCNN,86,10,18,25,u_to_v,1,106,26,10,18,10,18,
MOT17-11-FRCNN,87,1,9,34,v_to_u,1,702,35,9,1,9,1,
MOT17-11-FRCNN,88,4,9,34,v_to_u,1,73,35,9,4,9,4,
MOT17-11-FRCNN,89,5,9,34,v_to_u,1,48,35,9,5,9,5,
MOT17-11-FRCNN,90,6,9,34,v_to_u,1,656,35,9,6,9,6,
MOT17-11-FRCNN,91,7,9,34,v_to_u,1,239,35,9,7,9,7,
MOT17-11-FRCNN,92,8,9,34,v_to_u,1,253,35,9,8,9,8,
MOT17-11-FRCNN,93,9,11,34,u_to_v,1,112,35,9,11,9,11,
MOT17-11-FRCNN,94,9,12,34,u_to_v,1,224,35,9,12,9,12,
MOT17-11-FRCNN,95,9,13,34,u_to_v,1,118,35,9,13,9,13,
MOT17-11-FRCNN,96,9,14,34,u_to_v,1,64,35,9,14,9,14,
MOT17-11-FRCNN,97,9,18,34,u_to_v,1,97,35,9,18,9,18,
MOT17-11-FRCNN,98,9,19,34,u_to_v,1,153,35,9,19,9,19,
MOT17-11-FRCNN,99,9,20,34,u_to_v,1,24,35,9,20,9,20,
MOT17-11-FRCNN,100,1,20,58,v_to_u,1,678,59,20,1,20,1,
MOT17-11-FRCNN,101,4,20,58,v_to_u,1,49,59,20,4,20,4,
MOT17-11-FRCNN,102,5,20,58,v_to_u,1,24,59,20,5,20,5,
MOT17-11-FRCNN,103,6,20,58,v_to_u,1,632,59,20,6,20,6,
MOT17-11-FRCNN,104,7,20,58,v_to_u,1,215,59,20,7,20,7,
MOT17-11-FRCNN,105,8,20,58,v_to_u,1,229,59,20,8,20,8,
MOT17-11-FRCNN,106,11,20,58,v_to_u,1,88,59,20,11,20,11,
MOT17-11-FRCNN,107,12,20,58,v_to_u,1,200,59,20,12,20,12,
MOT17-11-FRCNN,108,13,20,58,v_to_u,1,94,59,20,13,20,13,
MOT17-11-FRCNN,109,14,20,58,v_to_u,1,40,59,20,14,20,14,
MOT17-11-FRCNN,110,18,20,58,v_to_u,1,73,59,20,18,20,18,
MOT17-11-FRCNN,111,19,20,58,v_to_u,1,129,59,20,19,20,19,
MOT17-11-FRCNN,112,20,21,58,u_to_v,1,842,59,20,21,20,21,
MOT17-11-FRCNN,113,1,5,82,v_to_u,1,654,83,5,1,5,1,
MOT17-11-FRCNN,114,4,5,82,v_to_u,1,25,83,5,4,5,4,
MOT17-11-FRCNN,115,5,6,82,u_to_v,1,608,83,5,6,5,6,
MOT17-11-FRCNN,116,5,7,82,u_to_v,1,191,83,5,7,5,7,
MOT17-11-FRCNN,117,5,8,82,u_to_v,1,205,83,5,8,5,8,
MOT17-11-FRCNN,118,5,11,82,u_to_v,1,64,83,5,11,5,11,
MOT17-11-FRCNN,119,5,12,82,u_to_v,1,176,83,5,12,5,12,
MOT17-11-FRCNN,120,5,13,82,u_to_v,1,70,83,5,13,5,13,
MOT17-11-FRCNN,121,5,14,82,u_to_v,1,16,83,5,14,5,14,
MOT17-11-FRCNN,122,5,18,82,u_to_v,1,49,83,5,18,5,18,
MOT17-11-FRCNN,123,5,19,82,u_to_v,1,105,83,5,19,5,19,
MOT17-11-FRCNN,124,5,21,82,u_to_v,1,818,83,5,21,5,21,
MOT17-11-FRCNN,125,5,22,82,u_to_v,1,105,83,5,22,5,22,
MOT17-11-FRCNN,126,1,24,93,v_to_u,1,643,94,24,1,24,1,
MOT17-11-FRCNN,127,4,24,93,v_to_u,1,14,94,24,4,24,4,
MOT17-11-FRCNN,128,6,24,93,v_to_u,1,597,94,24,6,24,6,
MOT17-11-FRCNN,129,7,24,93,v_to_u,1,180,94,24,7,24,7,
MOT17-11-FRCNN,130,8,24,93,v_to_u,1,194,94,24,8,24,8,
MOT17-11-FRCNN,131,11,24,93,v_to_u,1,53,94,24,11,24,11,
MOT17-11-FRCNN,132,12,24,93,v_to_u,1,165,94,24,12,24,12,
MOT17-11-FRCNN,133,13,24,93,v_to_u,1,59,94,24,13,24,13,
MOT17-11-FRCNN,134,14,24,93,v_to_u,1,5,94,24,14,24,14,
MOT17-11-FRCNN,135,18,24,93,v_to_u,1,38,94,24,18,24,18,
MOT17-11-FRCNN,136,19,24,93,v_to_u,1,94,94,24,19,24,19,
MOT17-11-FRCNN,137,21,24,93,v_to_u,1,807,94,24,21,24,21,
MOT17-11-FRCNN,138,22,24,93,v_to_u,1,94,94,24,22,24,22,
MOT17-11-FRCNN,139,23,24,93,v_to_u,1,159,94,24,23,24,23,
MOT17-11-FRCNN,140,1,14,98,v_to_u,1,638,99,14,1,14,1,
MOT17-11-FRCNN,141,4,14,98,v_to_u,1,9,99,14,4,14,4,
MOT17-11-FRCNN,142,6,14,98,v_to_u,1,592,99,14,6,14,6,
MOT17-11-FRCNN,143,7,14,98,v_to_u,1,175,99,14,7,14,7,
MOT17-11-FRCNN,144,8,14,98,v_to_u,1,189,99,14,8,14,8,
MOT17-11-FRCNN,145,11,14,98,v_to_u,1,48,99,14,11,14,11,
MOT17-11-FRCNN,146,12,14,98,v_to_u,1,160,99,14,12,14,12,
MOT17-11-FRCNN,147,13,14,98,v_to_u,1,54,99,14,13,14,13,
MOT17-11-FRCNN,148,14,18,98,u_to_v,1,33,99,14,18,14,18,
MOT17-11-FRCNN,149,14,19,98,u_to_v,1,89,99,14,19,14,19,
MOT17-11-FRCNN,150,14,21,98,u_to_v,1,802,99,14,21,14,21,
MOT17-11-FRCNN,151,14,22,98,u_to_v,1,89,99,14,22,14,22,
MOT17-11-FRCNN,152,14,23,98,u_to_v,1,154,99,14,23,14,23,
MOT17-11-FRCNN,153,1,4,107,v_to_u,1,629,108,4,1,4,1,
MOT17-11-FRCNN,154,4,6,107,u_to_v,1,583,108,4,6,4,6,
MOT17-11-FRCNN,155,4,7,107,u_to_v,1,166,108,4,7,4,7,
MOT17-11-FRCNN,156,4,8,107,u_to_v,1,180,108,4,8,4,8,
MOT17-11-FRCNN,157,4,11,107,u_to_v,1,39,108,4,11,4,11,
MOT17-11-FRCNN,158,4,12,107,u_to_v,1,151,108,4,12,4,12,
MOT17-11-FRCNN,159,4,13,107,u_to_v,1,45,108,4,13,4,13,
MOT17-11-FRCNN,160,4,18,107,u_to_v,1,24,108,4,18,4,18,
MOT17-11-FRCNN,161,4,19,107,u_to_v,1,80,108,4,19,4,19,
MOT17-11-FRCNN,162,4,21,107,u_to_v,1,793,108,4,21,4,21,
MOT17-11-FRCNN,163,4,22,107,u_to_v,1,80,108,4,22,4,22,
MOT17-11-FRCNN,164,4,23,107,u_to_v,1,145,108,4,23,4,23,
MOT17-11-FRCNN,165,1,25,126,v_to_u,1,610,127,25,1,25,1,
MOT17-11-FRCNN,166,6,25,126,v_to_u,1,564,127,25,6,25,6,
MOT17-11-FRCNN,167,7,25,126,v_to_u,1,147,127,25,7,25,7,
MOT17-11-FRCNN,168,8,25,126,v_to_u,1,161,127,25,8,25,8,
MOT17-11-FRCNN,169,11,25,126,v_to_u,1,20,127,25,11,25,11,
MOT17-11-FRCNN,170,12,25,126,v_to_u,1,132,127,25,12,25,12,
MOT17-11-FRCNN,171,13,25,126,v_to_u,1,26,127,25,13,25,13,
MOT17-11-FRCNN,172,18,25,126,v_to_u,1,5,127,25,18,25,18,
MOT17-11-FRCNN,173,19,25,126,v_to_u,1,61,127,25,19,25,19,
MOT17-11-FRCNN,174,21,25,126,v_to_u,1,774,127,25,21,25,21,
MOT17-11-FRCNN,175,22,25,126,v_to_u,1,61,127,25,22,25,22,
MOT17-11-FRCNN,176,23,25,126,v_to_u,1,126,127,25,23,25,23,
MOT17-11-FRCNN,177,25,26,126,u_to_v,1,36,127,25,26,25,26,
MOT17-11-FRCNN,178,1,18,131,v_to_u,1,605,132,18,1,18,1,
MOT17-11-FRCNN,179,6,18,131,v_to_u,1,559,132,18,6,18,6,
MOT17-11-FRCNN,180,7,18,131,v_to_u,1,142,132,18,7,18,7,
MOT17-11-FRCNN,181,8,18,131,v_to_u,1,156,132,18,8,18,8,
MOT17-11-FRCNN,182,11,18,131,v_to_u,1,15,132,18,11,18,11,
MOT17-11-FRCNN,183,12,18,131,v_to_u,1,127,132,18,12,18,12,
MOT17-11-FRCNN,184,13,18,131,v_to_u,1,21,132,18,13,18,13,
MOT17-11-FRCNN,185,18,19,131,u_to_v,1,56,132,18,19,18,19,
MOT17-11-FRCNN,186,18,21,131,u_to_v,1,769,132,18,21,18,21,
MOT17-11-FRCNN,187,18,22,131,u_to_v,1,56,132,18,22,18,22,
MOT17-11-FRCNN,188,18,23,131,u_to_v,1,121,132,18,23,18,23,
MOT17-11-FRCNN,189,18,26,131,u_to_v,1,31,132,18,26,18,26,
MOT17-11-FRCNN,190,1,11,146,v_to_u,1,590,147,11,1,11,1,
MOT17-11-FRCNN,191,6,11,146,v_to_u,1,544,147,11,6,11,6,
MOT17-11-FRCNN,192,7,11,146,v_to_u,1,127,147,11,7,11,7,
MOT17-11-FRCNN,193,8,11,146,v_to_u,1,141,147,11,8,11,8,
MOT17-11-FRCNN,194,11,12,146,u_to_v,1,112,147,11,12,11,12,
MOT17-11-FRCNN,195,11,13,146,u_to_v,1,6,147,11,13,11,13,
MOT17-11-FRCNN,196,11,19,146,u_to_v,1,41,147,11,19,11,19,
MOT17-11-FRCNN,197,11,21,146,u_to_v,1,754,147,11,21,11,21,
MOT17-11-FRCNN,198,11,22,146,u_to_v,1,41,147,11,22,11,22,
MOT17-11-FRCNN,199,11,23,146,u_to_v,1,106,147,11,23,11,23,
MOT17-11-FRCNN,200,11,26,146,u_to_v,1,16,147,11,26,11,26,
MOT17-11-FRCNN,201,1,13,152,v_to_u,1,584,153,13,1,13,1,
MOT17-11-FRCNN,202,6,13,152,v_to_u,1,538,153,13,6,13,6,
MOT17-11-FRCNN,203,7,13,152,v_to_u,1,121,153,13,7,13,7,
MOT17-11-FRCNN,204,8,13,152,v_to_u,1,135,153,13,8,13,8,
MOT17-11-FRCNN,205,12,13,152,v_to_u,1,106,153,13,12,13,12,
MOT17-11-FRCNN,206,13,19,152,u_to_v,1,35,153,13,19,13,19,
MOT17-11-FRCNN,207,13,21,152,u_to_v,1,748,153,13,21,13,21,
MOT17-11-FRCNN,208,13,22,152,u_to_v,1,35,153,13,22,13,22,
MOT17-11-FRCNN,209,13,23,152,u_to_v,1,100,153,13,23,13,23,
MOT17-11-FRCNN,210,13,26,152,u_to_v,1,10,153,13,26,13,26,
MOT17-11-FRCNN,211,1,26,162,v_to_u,1,574,163,26,1,26,1,
MOT17-11-FRCNN,212,6,26,162,v_to_u,1,528,163,26,6,26,6,
MOT17-11-FRCNN,213,7,26,162,v_to_u,1,111,163,26,7,26,7,
MOT17-11-FRCNN,214,8,26,162,v_to_u,1,125,163,26,8,26,8,
MOT17-11-FRCNN,215,12,26,162,v_to_u,1,96,163,26,12,26,12,
MOT17-11-FRCNN,216,19,26,162,v_to_u,1,25,163,26,19,26,19,
MOT17-11-FRCNN,217,21,26,162,v_to_u,1,738,163,26,21,26,21,
MOT17-11-FRCNN,218,22,26,162,v_to_u,1,25,163,26,22,26,22,
MOT17-11-FRCNN,219,23,26,162,v_to_u,1,90,163,26,23,26,23,
MOT17-11-FRCNN,220,1,19,187,v_to_u,1,549,188,19,1,19,1,
MOT17-11-FRCNN,221,1,22,187,v_to_u,1,549,188,22,1,22,1,
MOT17-11-FRCNN,222,6,19,187,v_to_u,1,503,188,19,6,19,6,
MOT17-11-FRCNN,223,6,22,187,v_to_u,1,503,188,22,6,22,6,
MOT17-11-FRCNN,224,7,19,187,v_to_u,1,86,188,19,7,19,7,
MOT17-11-FRCNN,225,7,22,187,v_to_u,1,86,188,22,7,22,7,
MOT17-11-FRCNN,226,8,19,187,v_to_u,1,100,188,19,8,19,8,
MOT17-11-FRCNN,227,8,22,187,v_to_u,1,100,188,22,8,22,8,
MOT17-11-FRCNN,228,12,19,187,v_to_u,1,71,188,19,12,19,12,
MOT17-11-FRCNN,229,12,22,187,v_to_u,1,71,188,22,12,22,12,
MOT17-11-FRCNN,230,19,21,187,u_to_v,1,713,188,19,21,19,21,
MOT17-11-FRCNN,231,19,23,187,u_to_v,1,65,188,19,23,19,23,
MOT17-11-FRCNN,232,19,27,187,u_to_v,1,38,188,19,27,19,27,
MOT17-11-FRCNN,233,21,22,187,v_to_u,1,713,188,22,21,22,21,
MOT17-11-FRCNN,234,22,23,187,u_to_v,1,65,188,22,23,22,23,
MOT17-11-FRCNN,235,22,27,187,u_to_v,1,38,188,22,27,22,27,
MOT17-11-FRCNN,236,1,27,225,v_to_u,1,511,226,27,1,27,1,
MOT17-11-FRCNN,237,6,27,225,v_to_u,1,465,226,27,6,27,6,
MOT17-11-FRCNN,238,7,27,225,v_to_u,1,48,226,27,7,27,7,
MOT17-11-FRCNN,239,8,27,225,v_to_u,1,62,226,27,8,27,8,
MOT17-11-FRCNN,240,12,27,225,v_to_u,1,33,226,27,12,27,12,
MOT17-11-FRCNN,241,21,27,225,v_to_u,1,675,226,27,21,27,21,
MOT17-11-FRCNN,242,23,27,225,v_to_u,1,27,226,27,23,27,23,
MOT17-11-FRCNN,243,27,28,225,u_to_v,1,104,226,27,28,27,28,
MOT17-11-FRCNN,244,27,29,225,u_to_v,1,87,226,27,29,27,29,
MOT17-11-FRCNN,245,1,23,252,v_to_u,1,484,253,23,1,23,1,
MOT17-11-FRCNN,246,6,23,252,v_to_u,1,438,253,23,6,23,6,
MOT17-11-FRCNN,247,7,23,252,v_to_u,1,21,253,23,7,23,7,
MOT17-11-FRCNN,248,8,23,252,v_to_u,1,35,253,23,8,23,8,
MOT17-11-FRCNN,249,12,23,252,v_to_u,1,6,253,23,12,23,12,
MOT17-11-FRCNN,250,21,23,252,v_to_u,1,648,253,23,21,23,21,
MOT17-11-FRCNN,251,23,28,252,u_to_v,1,77,253,23,28,23,28,
MOT17-11-FRCNN,252,23,29,252,u_to_v,1,60,253,23,29,23,29,
MOT17-11-FRCNN,253,23,30,252,u_to_v,1,29,253,23,30,23,30,
MOT17-11-FRCNN,254,23,31,252,u_to_v,1,232,253,23,31,23,31,
MOT17-11-FRCNN,255,23,32,252,u_to_v,1,93,253,23,32,23,32,
MOT17-11-FRCNN,256,23,33,252,u_to_v,1,176,253,23,33,23,33,
MOT17-11-FRCNN,257,1,12,258,v_to_u,1,478,259,12,1,12,1,
MOT17-11-FRCNN,258,6,12,258,v_to_u,1,432,259,12,6,12,6,
MOT17-11-FRCNN,259,7,12,258,v_to_u,1,15,259,12,7,12,7,
MOT17-11-FRCNN,260,8,12,258,v_to_u,1,29,259,12,8,12,8,
MOT17-11-FRCNN,261,12,21,258,u_to_v,1,642,259,12,21,12,21,
MOT17-11-FRCNN,262,12,28,258,u_to_v,1,71,259,12,28,12,28,
MOT17-11-FRCNN,263,12,29,258,u_to_v,1,54,259,12,29,12,29,
MOT17-11-FRCNN,264,12,30,258,u_to_v,1,23,259,12,30,12,30,
MOT17-11-FRCNN,265,12,31,258,u_to_v,1,226,259,12,31,12,31,
MOT17-11-FRCNN,266,12,32,258,u_to_v,1,87,259,12,32,12,32,
MOT17-11-FRCNN,267,12,33,258,u_to_v,1,170,259,12,33,12,33,
MOT17-11-FRCNN,268,12,34,258,u_to_v,1,65,259,12,34,12,34,
MOT17-11-FRCNN,269,1,7,273,v_to_u,1,463,274,7,1,7,1,
MOT17-11-FRCNN,270,6,7,273,v_to_u,1,417,274,7,6,7,6,
MOT17-11-FRCNN,271,7,8,273,u_to_v,1,14,274,7,8,7,8,
MOT17-11-FRCNN,272,7,21,273,u_to_v,1,627,274,7,21,7,21,
MOT17-11-FRCNN,273,7,28,273,u_to_v,1,56,274,7,28,7,28,
MOT17-11-FRCNN,274,7,29,273,u_to_v,1,39,274,7,29,7,29,
MOT17-11-FRCNN,275,7,30,273,u_to_v,1,8,274,7,30,7,30,
MOT17-11-FRCNN,276,7,31,273,u_to_v,1,211,274,7,31,7,31,
MOT17-11-FRCNN,277,7,32,273,u_to_v,1,72,274,7,32,7,32,
MOT17-11-FRCNN,278,7,33,273,u_to_v,1,155,274,7,33,7,33,
MOT17-11-FRCNN,279,7,34,273,u_to_v,1,50,274,7,34,7,34,
MOT17-11-FRCNN,280,1,30,281,v_to_u,1,455,282,30,1,30,1,
MOT17-11-FRCNN,281,6,30,281,v_to_u,1,409,282,30,6,30,6,
MOT17-11-FRCNN,282,8,30,281,v_to_u,1,6,282,30,8,30,8,
MOT17-11-FRCNN,283,21,30,281,v_to_u,1,619,282,30,21,30,21,
MOT17-11-FRCNN,284,28,30,281,v_to_u,1,48,282,30,28,30,28,
MOT17-11-FRCNN,285,29,30,281,v_to_u,1,31,282,30,29,30,29,
MOT17-11-FRCNN,286,30,31,281,u_to_v,1,203,282,30,31,30,31,
MOT17-11-FRCNN,287,30,32,281,u_to_v,1,64,282,30,32,30,32,
MOT17-11-FRCNN,288,30,33,281,u_to_v,1,147,282,30,33,30,33,
MOT17-11-FRCNN,289,30,34,281,u_to_v,1,42,282,30,34,30,34,
MOT17-11-FRCNN,290,1,8,287,v_to_u,1,449,288,8,1,8,1,
MOT17-11-FRCNN,291,6,8,287,v_to_u,1,403,288,8,6,8,6,
MOT17-11-FRCNN,292,8,21,287,u_to_v,1,613,288,8,21,8,21,
MOT17-11-FRCNN,293,8,28,287,u_to_v,1,42,288,8,28,8,28,
MOT17-11-FRCNN,294,8,29,287,u_to_v,1,25,288,8,29,8,29,
MOT17-11-FRCNN,295,8,31,287,u_to_v,1,197,288,8,31,8,31,
MOT17-11-FRCNN,296,8,32,287,u_to_v,1,58,288,8,32,8,32,
MOT17-11-FRCNN,297,8,33,287,u_to_v,1,141,288,8,33,8,33,
MOT17-11-FRCNN,298,8,34,287,u_to_v,1,36,288,8,34,8,34,
MOT17-11-FRCNN,299,1,29,312,v_to_u,1,424,313,29,1,29,1,
MOT17-11-FRCNN,300,6,29,312,v_to_u,1,378,313,29,6,29,6,
MOT17-11-FRCNN,301,21,29,312,v_to_u,1,588,313,29,21,29,21,
MOT17-11-FRCNN,302,28,29,312,v_to_u,1,17,313,29,28,29,28,
MOT17-11-FRCNN,303,29,31,312,u_to_v,1,172,313,29,31,29,31,
MOT17-11-FRCNN,304,29,32,312,u_to_v,1,33,313,29,32,29,32,
MOT17-11-FRCNN,305,29,33,312,u_to_v,1,116,313,29,33,29,33,
MOT17-11-FRCNN,306,29,34,312,u_to_v,1,11,313,29,34,29,34,
MOT17-11-FRCNN,307,29,35,312,u_to_v,1,24,313,29,35,29,35,
MOT17-11-FRCNN,308,29,36,312,u_to_v,1,12,313,29,36,29,36,
MOT17-11-FRCNN,309,1,34,323,v_to_u,1,413,324,34,1,34,1,
MOT17-11-FRCNN,310,6,34,323,v_to_u,1,367,324,34,6,34,6,
MOT17-11-FRCNN,311,21,34,323,v_to_u,1,577,324,34,21,34,21,
MOT17-11-FRCNN,312,28,34,323,v_to_u,1,6,324,34,28,34,28,
MOT17-11-FRCNN,313,31,34,323,v_to_u,1,161,324,34,31,34,31,
MOT17-11-FRCNN,314,32,34,323,v_to_u,1,22,324,34,32,34,32,
MOT17-11-FRCNN,315,33,34,323,v_to_u,1,105,324,34,33,34,33,
MOT17-11-FRCNN,316,34,35,323,u_to_v,1,13,324,34,35,34,35,
MOT17-11-FRCNN,317,34,36,323,u_to_v,1,1,324,34,36,34,36,
MOT17-11-FRCNN,318,1,36,324,v_to_u,1,412,325,36,1,36,1,
MOT17-11-FRCNN,319,6,36,324,v_to_u,1,366,325,36,6,36,6,
MOT17-11-FRCNN,320,21,36,324,v_to_u,1,576,325,36,21,36,21,
MOT17-11-FRCNN,321,28,36,324,v_to_u,1,5,325,36,28,36,28,
MOT17-11-FRCNN,322,31,36,324,v_to_u,1,160,325,36,31,36,31,
MOT17-11-FRCNN,323,32,36,324,v_to_u,1,21,325,36,32,36,32,
MOT17-11-FRCNN,324,33,36,324,v_to_u,1,104,325,36,33,36,33,
MOT17-11-FRCNN,325,35,36,324,v_to_u,1,12,325,36,35,36,35,
MOT17-11-FRCNN,326,1,37,327,v_to_u,1,409,328,37,1,37,1,
MOT17-11-FRCNN,327,6,37,327,v_to_u,1,363,328,37,6,37,6,
MOT17-11-FRCNN,328,21,37,327,v_to_u,1,573,328,37,21,37,21,
MOT17-11-FRCNN,329,28,37,327,v_to_u,1,2,328,37,28,37,28,
MOT17-11-FRCNN,330,31,37,327,v_to_u,1,157,328,37,31,37,31,
MOT17-11-FRCNN,331,32,37,327,v_to_u,1,18,328,37,32,37,32,
MOT17-11-FRCNN,332,33,37,327,v_to_u,1,101,328,37,33,37,33,
MOT17-11-FRCNN,333,35,37,327,v_to_u,1,9,328,37,35,37,35,
MOT17-11-FRCNN,334,1,28,329,v_to_u,1,407,330,28,1,28,1,
MOT17-11-FRCNN,335,6,28,329,v_to_u,1,361,330,28,6,28,6,
MOT17-11-FRCNN,336,21,28,329,v_to_u,1,571,330,28,21,28,21,
MOT17-11-FRCNN,337,28,31,329,u_to_v,1,155,330,28,31,28,31,
MOT17-11-FRCNN,338,28,32,329,u_to_v,1,16,330,28,32,28,32,
MOT17-11-FRCNN,339,28,33,329,u_to_v,1,99,330,28,33,28,33,
MOT17-11-FRCNN,340,28,35,329,u_to_v,1,7,330,28,35,28,35,
MOT17-11-FRCNN,341,1,35,336,v_to_u,1,400,337,35,1,35,1,
MOT17-11-FRCNN,342,6,35,336,v_to_u,1,354,337,35,6,35,6,
MOT17-11-FRCNN,343,21,35,336,v_to_u,1,564,337,35,21,35,21,
MOT17-11-FRCNN,344,31,35,336,v_to_u,1,148,337,35,31,35,31,
MOT17-11-FRCNN,345,32,35,336,v_to_u,1,9,337,35,32,35,32,
MOT17-11-FRCNN,346,33,35,336,v_to_u,1,92,337,35,33,35,33,
MOT17-11-FRCNN,347,35,38,336,u_to_v,1,203,337,35,38,35,38,
MOT17-11-FRCNN,348,35,39,336,u_to_v,1,113,337,35,39,35,39,
MOT17-11-FRCNN,349,1,32,345,v_to_u,1,391,346,32,1,32,1,
MOT17-11-FRCNN,350,6,32,345,v_to_u,1,345,346,32,6,32,6,
MOT17-11-FRCNN,351,21,32,345,v_to_u,1,555,346,32,21,32,21,
MOT17-11-FRCNN,352,31,32,345,v_to_u,1,139,346,32,31,32,31,
MOT17-11-FRCNN,353,32,33,345,u_to_v,1,83,346,32,33,32,33,
MOT17-11-FRCNN,354,32,38,345,u_to_v,1,194,346,32,38,32,38,
MOT17-11-FRCNN,355,32,39,345,u_to_v,1,104,346,32,39,32,39,
MOT17-11-FRCNN,356,1,40,351,v_to_u,1,385,352,40,1,40,1,
MOT17-11-FRCNN,357,6,40,351,v_to_u,1,339,352,40,6,40,6,
MOT17-11-FRCNN,358,21,40,351,v_to_u,1,549,352,40,21,40,21,
MOT17-11-FRCNN,359,31,40,351,v_to_u,1,133,352,40,31,40,31,
MOT17-11-FRCNN,360,33,40,351,v_to_u,1,77,352,40,33,40,33,
MOT17-11-FRCNN,361,38,40,351,v_to_u,1,188,352,40,38,40,38,
MOT17-11-FRCNN,362,39,40,351,v_to_u,1,98,352,40,39,40,39,
MOT17-11-FRCNN,363,1,33,428,v_to_u,1,308,429,33,1,33,1,
MOT17-11-FRCNN,364,6,33,428,v_to_u,1,262,429,33,6,33,6,
MOT17-11-FRCNN,365,21,33,428,v_to_u,1,472,429,33,21,33,21,
MOT17-11-FRCNN,366,31,33,428,v_to_u,1,85,429,33,31,33,31,
MOT17-11-FRCNN,367,33,38,428,u_to_v,1,111,429,33,38,33,38,
MOT17-11-FRCNN,368,33,39,428,u_to_v,1,21,429,33,39,33,39,
MOT17-11-FRCNN,369,33,41,428,u_to_v,1,142,429,33,41,33,41,
MOT17-11-FRCNN,370,33,42,428,u_to_v,1,126,429,33,42,33,42,
MOT17-11-FRCNN,371,33,43,428,u_to_v,1,66,429,33,43,33,43,
MOT17-11-FRCNN,372,33,44,428,u_to_v,1,180,429,33,44,33,44,
MOT17-11-FRCNN,373,1,39,449,v_to_u,1,287,450,39,1,39,1,
MOT17-11-FRCNN,374,6,39,449,v_to_u,1,241,450,39,6,39,6,
MOT17-11-FRCNN,375,21,39,449,v_to_u,1,451,450,39,21,39,21,
MOT17-11-FRCNN,376,31,39,449,v_to_u,1,64,450,39,31,39,31,
MOT17-11-FRCNN,377,38,39,449,v_to_u,1,90,450,39,38,39,38,
MOT17-11-FRCNN,378,39,41,449,u_to_v,1,121,450,39,41,39,41,
MOT17-11-FRCNN,379,39,42,449,u_to_v,1,105,450,39,42,39,42,
MOT17-11-FRCNN,380,39,43,449,u_to_v,1,45,450,39,43,39,43,
MOT17-11-FRCNN,381,39,44,449,u_to_v,1,159,450,39,44,39,44,
MOT17-11-FRCNN,382,39,45,449,u_to_v,1,261,450,39,45,39,45,
MOT17-11-FRCNN,383,1,46,483,v_to_u,1,253,484,46,1,46,1,
MOT17-11-FRCNN,384,6,46,483,v_to_u,1,207,484,46,6,46,6,
MOT17-11-FRCNN,385,21,46,483,v_to_u,1,417,484,46,21,46,21,
MOT17-11-FRCNN,386,31,46,483,v_to_u,1,30,484,46,31,46,31,
MOT17-11-FRCNN,387,38,46,483,v_to_u,1,56,484,46,38,46,38,
MOT17-11-FRCNN,388,41,46,483,v_to_u,1,87,484,46,41,46,41,
MOT17-11-FRCNN,389,42,46,483,v_to_u,1,71,484,46,42,46,42,
MOT17-11-FRCNN,390,43,46,483,v_to_u,1,11,484,46,43,46,43,
MOT17-11-FRCNN,391,44,46,483,v_to_u,1,125,484,46,44,46,44,
MOT17-11-FRCNN,392,1,43,494,v_to_u,1,242,495,43,1,43,1,
MOT17-11-FRCNN,393,6,43,494,v_to_u,1,196,495,43,6,43,6,
MOT17-11-FRCNN,394,21,43,494,v_to_u,1,406,495,43,21,43,21,
MOT17-11-FRCNN,395,31,43,494,v_to_u,1,19,495,43,31,43,31,
MOT17-11-FRCNN,396,38,43,494,v_to_u,1,45,495,43,38,43,38,
MOT17-11-FRCNN,397,41,43,494,v_to_u,1,76,495,43,41,43,41,
MOT17-11-FRCNN,398,42,43,494,v_to_u,1,60,495,43,42,43,42,
MOT17-11-FRCNN,399,43,44,494,u_to_v,1,114,495,43,44,43,44,
MOT17-11-FRCNN,400,43,45,494,u_to_v,1,240,495,43,45,43,45,
MOT17-11-FRCNN,401,43,47,494,u_to_v,1,45,495,43,47,43,47,
MOT17-11-FRCNN,402,43,48,494,u_to_v,1,301,495,43,48,43,48,
MOT17-11-FRCNN,403,1,31,513,v_to_u,1,223,514,31,1,31,1,
MOT17-11-FRCNN,404,6,31,513,v_to_u,1,177,514,31,6,31,6,
MOT17-11-FRCNN,405,21,31,513,v_to_u,1,387,514,31,21,31,21,
MOT17-11-FRCNN,406,31,38,513,u_to_v,1,26,514,31,38,31,38,
MOT17-11-FRCNN,407,31,41,513,u_to_v,1,57,514,31,41,31,41,
MOT17-11-FRCNN,408,31,42,513,u_to_v,1,41,514,31,42,31,42,
MOT17-11-FRCNN,409,31,44,513,u_to_v,1,95,514,31,44,31,44,
MOT17-11-FRCNN,410,31,45,513,u_to_v,1,221,514,31,45,31,45,
MOT17-11-FRCNN,411,31,47,513,u_to_v,1,26,514,31,47,31,47,
MOT17-11-FRCNN,412,31,48,513,u_to_v,1,282,514,31,48,31,48,
MOT17-11-FRCNN,413,38,47,526,u_to_v,1,13,547,38,47,38,47,
MOT17-11-FRCNN,414,38,47,526,v_to_u,1,13,527,47,38,47,38,
MOT17-11-FRCNN,415,1,38,539,v_to_u,1,197,540,38,1,38,1,
MOT17-11-FRCNN,416,6,38,539,v_to_u,1,151,540,38,6,38,6,
MOT17-11-FRCNN,417,21,38,539,v_to_u,1,361,540,38,21,38,21,
MOT17-11-FRCNN,418,38,41,539,u_to_v,1,31,540,38,41,38,41,
MOT17-11-FRCNN,419,38,42,539,u_to_v,1,15,540,38,42,38,42,
MOT17-11-FRCNN,420,38,44,539,u_to_v,1,69,540,38,44,38,44,
MOT17-11-FRCNN,421,38,45,539,u_to_v,1,195,540,38,45,38,45,
MOT17-11-FRCNN,422,38,48,539,u_to_v,1,256,540,38,48,38,48,
MOT17-11-FRCNN,423,38,49,539,u_to_v,1,53,540,38,49,38,49,
MOT17-11-FRCNN,424,1,42,554,v_to_u,1,182,555,42,1,42,1,
MOT17-11-FRCNN,425,6,42,554,v_to_u,1,136,555,42,6,42,6,
MOT17-11-FRCNN,426,21,42,554,v_to_u,1,346,555,42,21,42,21,
MOT17-11-FRCNN,427,41,42,554,v_to_u,1,16,555,42,41,42,41,
MOT17-11-FRCNN,428,42,44,554,u_to_v,1,54,555,42,44,42,44,
MOT17-11-FRCNN,429,42,45,554,u_to_v,1,180,555,42,45,42,45,
MOT17-11-FRCNN,430,42,47,554,u_to_v,1,5,555,42,47,42,47,
MOT17-11-FRCNN,431,42,48,554,u_to_v,1,241,555,42,48,42,48,
MOT17-11-FRCNN,432,42,49,554,u_to_v,1,38,555,42,49,42,49,
MOT17-11-FRCNN,433,1,47,559,v_to_u,1,177,560,47,1,47,1,
MOT17-11-FRCNN,434,6,47,559,v_to_u,1,131,560,47,6,47,6,
MOT17-11-FRCNN,435,21,47,559,v_to_u,1,341,560,47,21,47,21,
MOT17-11-FRCNN,436,41,47,559,v_to_u,1,11,560,47,41,47,41,
MOT17-11-FRCNN,437,44,47,559,v_to_u,1,49,560,47,44,47,44,
MOT17-11-FRCNN,438,45,47,559,v_to_u,1,175,560,47,45,47,45,
MOT17-11-FRCNN,439,47,48,559,u_to_v,1,236,560,47,48,47,48,
MOT17-11-FRCNN,440,47,49,559,u_to_v,1,33,560,47,49,47,49,
MOT17-11-FRCNN,441,1,41,570,v_to_u,1,166,571,41,1,41,1,
MOT17-11-FRCNN,442,6,41,570,v_to_u,1,120,571,41,6,41,6,
MOT17-11-FRCNN,443,21,41,570,v_to_u,1,330,571,41,21,41,21,
MOT17-11-FRCNN,444,41,44,570,u_to_v,1,38,571,41,44,41,44,
MOT17-11-FRCNN,445,41,45,570,u_to_v,1,164,571,41,45,41,45,
MOT17-11-FRCNN,446,41,48,570,u_to_v,1,225,571,41,48,41,48,
MOT17-11-FRCNN,447,41,49,570,u_to_v,1,22,571,41,49,41,49,
MOT17-11-FRCNN,448,1,49,592,v_to_u,1,144,593,49,1,49,1,
MOT17-11-FRCNN,449,6,49,592,v_to_u,1,98,593,49,6,49,6,
MOT17-11-FRCNN,450,21,49,592,v_to_u,1,308,593,49,21,49,21,
MOT17-11-FRCNN,451,44,49,592,v_to_u,1,16,593,49,44,49,44,
MOT17-11-FRCNN,452,45,49,592,v_to_u,1,142,593,49,45,49,45,
MOT17-11-FRCNN,453,48,49,592,v_to_u,1,203,593,49,48,49,48,
MOT17-11-FRCNN,454,49,50,592,u_to_v,1,121,593,49,50,49,50,
MOT17-11-FRCNN,455,49,51,592,u_to_v,1,38,593,49,51,49,51,
MOT17-11-FRCNN,456,1,44,608,v_to_u,1,128,609,44,1,44,1,
MOT17-11-FRCNN,457,6,44,608,v_to_u,1,82,609,44,6,44,6,
MOT17-11-FRCNN,458,21,44,608,v_to_u,1,292,609,44,21,44,21,
MOT17-11-FRCNN,459,44,45,608,u_to_v,1,126,609,44,45,44,45,
MOT17-11-FRCNN,460,44,48,608,u_to_v,1,187,609,44,48,44,48,
MOT17-11-FRCNN,461,44,50,608,u_to_v,1,105,609,44,50,44,50,
MOT17-11-FRCNN,462,44,51,608,u_to_v,1,22,609,44,51,44,51,
MOT17-11-FRCNN,463,44,52,608,u_to_v,1,61,609,44,52,44,52,
MOT17-11-FRCNN,464,1,51,630,v_to_u,1,106,631,51,1,51,1,
MOT17-11-FRCNN,465,6,51,630,v_to_u,1,60,631,51,6,51,6,
MOT17-11-FRCNN,466,21,51,630,v_to_u,1,270,631,51,21,51,21,
MOT17-11-FRCNN,467,45,51,630,v_to_u,1,104,631,51,45,51,45,
MOT17-11-FRCNN,468,48,51,630,v_to_u,1,165,631,51,48,51,48,
MOT17-11-FRCNN,469,50,51,630,v_to_u,1,83,631,51,50,51,50,
MOT17-11-FRCNN,470,51,52,630,u_to_v,1,39,631,51,52,51,52,
MOT17-11-FRCNN,471,51,53,630,u_to_v,1,99,631,51,53,51,53,
MOT17-11-FRCNN,472,51,54,630,u_to_v,1,186,631,51,54,51,54,
MOT17-11-FRCNN,473,1,52,669,v_to_u,1,67,670,52,1,52,1,
MOT17-11-FRCNN,474,6,52,669,v_to_u,1,21,670,52,6,52,6,
MOT17-11-FRCNN,475,21,52,669,v_to_u,1,231,670,52,21,52,21,
MOT17-11-FRCNN,476,45,52,669,v_to_u,1,65,670,52,45,52,45,
MOT17-11-FRCNN,477,48,52,669,v_to_u,1,126,670,52,48,52,48,
MOT17-11-FRCNN,478,50,52,669,v_to_u,1,44,670,52,50,52,50,
MOT17-11-FRCNN,479,52,53,669,u_to_v,1,60,670,52,53,52,53,
MOT17-11-FRCNN,480,52,54,669,u_to_v,1,147,670,52,54,52,54,
MOT17-11-FRCNN,481,52,55,669,u_to_v,1,74,670,52,55,52,55,
MOT17-11-FRCNN,482,1,6,690,v_to_u,1,46,691,6,1,6,1,
MOT17-11-FRCNN,483,6,21,690,u_to_v,1,210,691,6,21,6,21,
MOT17-11-FRCNN,484,6,45,690,u_to_v,1,44,691,6,45,6,45,
MOT17-11-FRCNN,485,6,48,690,u_to_v,1,105,691,6,48,6,48,
MOT17-11-FRCNN,486,6,50,690,u_to_v,1,23,691,6,50,6,50,
MOT17-11-FRCNN,487,6,53,690,u_to_v,1,39,691,6,53,6,53,
MOT17-11-FRCNN,488,6,54,690,u_to_v,1,126,691,6,54,6,54,
MOT17-11-FRCNN,489,6,55,690,u_to_v,1,53,691,6,55,6,55,
MOT17-11-FRCNN,490,6,56,690,u_to_v,1,160,691,6,56,6,56,
MOT17-11-FRCNN,491,1,57,712,v_to_u,1,24,713,57,1,57,1,
MOT17-11-FRCNN,492,21,57,712,v_to_u,1,188,713,57,21,57,21,
MOT17-11-FRCNN,493,45,57,712,v_to_u,1,22,713,57,45,57,45,
MOT17-11-FRCNN,494,48,57,712,v_to_u,1,83,713,57,48,57,48,
MOT17-11-FRCNN,495,50,57,712,v_to_u,1,1,713,57,50,57,50,
MOT17-11-FRCNN,496,53,57,712,v_to_u,1,17,713,57,53,57,53,
MOT17-11-FRCNN,497,54,57,712,v_to_u,1,104,713,57,54,57,54,
MOT17-11-FRCNN,498,55,57,712,v_to_u,1,31,713,57,55,57,55,
MOT17-11-FRCNN,499,56,57,712,v_to_u,1,138,713,57,56,57,56,
MOT17-11-FRCNN,500,1,50,713,v_to_u,1,23,714,50,1,50,1,
MOT17-11-FRCNN,501,21,50,713,v_to_u,1,187,714,50,21,50,21,
MOT17-11-FRCNN,502,45,50,713,v_to_u,1,21,714,50,45,50,45,
MOT17-11-FRCNN,503,48,50,713,v_to_u,1,82,714,50,48,50,48,
MOT17-11-FRCNN,504,50,53,713,u_to_v,1,16,714,50,53,50,53,
MOT17-11-FRCNN,505,50,54,713,u_to_v,1,103,714,50,54,50,54,
MOT17-11-FRCNN,506,50,55,713,u_to_v,1,30,714,50,55,50,55,
MOT17-11-FRCNN,507,50,56,713,u_to_v,1,137,714,50,56,50,56,
MOT17-11-FRCNN,508,50,58,713,u_to_v,1,124,714,50,58,50,58,
MOT17-11-FRCNN,509,1,53,729,v_to_u,1,7,730,53,1,53,1,
MOT17-11-FRCNN,510,21,53,729,v_to_u,1,171,730,53,21,53,21,
MOT17-11-FRCNN,511,45,53,729,v_to_u,1,5,730,53,45,53,45,
MOT17-11-FRCNN,512,48,53,729,v_to_u,1,66,730,53,48,53,48,
MOT17-11-FRCNN,513,53,54,729,u_to_v,1,87,730,53,54,53,54,
MOT17-11-FRCNN,514,53,55,729,u_to_v,1,14,730,53,55,53,55,
MOT17-11-FRCNN,515,53,56,729,u_to_v,1,121,730,53,56,53,56,
MOT17-11-FRCNN,516,53,58,729,u_to_v,1,108,730,53,58,53,58,
MOT17-11-FRCNN,517,53,59,729,u_to_v,1,171,730,53,59,53,59,
MOT17-11-FRCNN,518,1,45,734,v_to_u,1,2,735,45,1,45,1,
MOT17-11-FRCNN,519,21,45,734,v_to_u,1,166,735,45,21,45,21,
MOT17-11-FRCNN,520,45,48,734,u_to_v,1,61,735,45,48,45,48,
MOT17-11-FRCNN,521,45,54,734,u_to_v,1,82,735,45,54,45,54,
MOT17-11-FRCNN,522,45,55,734,u_to_v,1,9,735,45,55,45,55,
MOT17-11-FRCNN,523,45,56,734,u_to_v,1,116,735,45,56,45,56,
MOT17-11-FRCNN,524,45,58,734,u_to_v,1,103,735,45,58,45,58,
MOT17-11-FRCNN,525,45,59,734,u_to_v,1,166,735,45,59,45,59,
MOT17-11-FRCNN,526,1,21,736,u_to_v,1,164,737,1,21,1,21,
MOT17-11-FRCNN,527,1,48,736,u_to_v,1,59,737,1,48,1,48,
MOT17-11-FRCNN,528,1,54,736,u_to_v,1,80,737,1,54,1,54,
MOT17-11-FRCNN,529,1,55,736,u_to_v,1,7,737,1,55,1,55,
MOT17-11-FRCNN,530,1,56,736,u_to_v,1,114,737,1,56,1,56,
MOT17-11-FRCNN,531,1,58,736,u_to_v,1,101,737,1,58,1,58,
MOT17-11-FRCNN,532,1,59,736,u_to_v,1,164,737,1,59,1,59,
MOT17-11-FRCNN,533,1,60,736,u_to_v,1,27,737,1,60,1,60,
MOT17-11-FRCNN,534,21,62,742,v_to_u,1,158,743,62,21,62,21,
MOT17-11-FRCNN,535,48,62,742,v_to_u,1,53,743,62,48,62,48,
MOT17-11-FRCNN,536,54,62,742,v_to_u,1,74,743,62,54,62,54,
MOT17-11-FRCNN,537,55,62,742,v_to_u,1,1,743,62,55,62,55,
MOT17-11-FRCNN,538,56,62,742,v_to_u,1,108,743,62,56,62,56,
MOT17-11-FRCNN,539,58,62,742,v_to_u,1,95,743,62,58,62,58,
MOT17-11-FRCNN,540,59,62,742,v_to_u,1,158,743,62,59,62,59,
MOT17-11-FRCNN,541,60,62,742,v_to_u,1,21,743,62,60,62,60,
MOT17-11-FRCNN,542,61,62,742,v_to_u,1,12,743,62,61,62,61,
MOT17-11-FRCNN,543,21,55,743,v_to_u,1,157,744,55,21,55,21,
MOT17-11-FRCNN,544,48,55,743,v_to_u,1,52,744,55,48,55,48,
MOT17-11-FRCNN,545,54,55,743,v_to_u,1,73,744,55,54,55,54,
MOT17-11-FRCNN,546,55,56,743,u_to_v,1,107,744,55,56,55,56,
MOT17-11-FRCNN,547,55,58,743,u_to_v,1,94,744,55,58,55,58,
MOT17-11-FRCNN,548,55,59,743,u_to_v,1,157,744,55,59,55,59,
MOT17-11-FRCNN,549,55,60,743,u_to_v,1,20,744,55,60,55,60,
MOT17-11-FRCNN,550,55,61,743,u_to_v,1,11,744,55,61,55,61,
MOT17-11-FRCNN,551,21,63,752,v_to_u,1,148,753,63,21,63,21,
MOT17-11-FRCNN,552,48,63,752,v_to_u,1,43,753,63,48,63,48,
MOT17-11-FRCNN,553,54,63,752,v_to_u,1,64,753,63,54,63,54,
MOT17-11-FRCNN,554,56,63,752,v_to_u,1,98,753,63,56,63,56,
MOT17-11-FRCNN,555,58,63,752,v_to_u,1,85,753,63,58,63,58,
MOT17-11-FRCNN,556,59,63,752,v_to_u,1,148,753,63,59,63,59,
MOT17-11-FRCNN,557,60,63,752,v_to_u,1,11,753,63,60,63,60,
MOT17-11-FRCNN,558,61,63,752,v_to_u,1,2,753,63,61,63,61,
MOT17-11-FRCNN,559,63,64,752,u_to_v,1,93,753,63,64,63,64,
MOT17-11-FRCNN,560,21,61,754,v_to_u,1,146,755,61,21,61,21,
MOT17-11-FRCNN,561,48,61,754,v_to_u,1,41,755,61,48,61,48,
MOT17-11-FRCNN,562,54,61,754,v_to_u,1,62,755,61,54,61,54,
MOT17-11-FRCNN,563,56,61,754,v_to_u,1,96,755,61,56,61,56,
MOT17-11-FRCNN,564,58,61,754,v_to_u,1,83,755,61,58,61,58,
MOT17-11-FRCNN,565,59,61,754,v_to_u,1,146,755,61,59,61,59,
MOT17-11-FRCNN,566,60,61,754,v_to_u,1,9,755,61,60,61,60,
MOT17-11-FRCNN,567,61,64,754,u_to_v,1,91,755,61,64,61,64,
MOT17-11-FRCNN,568,21,60,763,v_to_u,1,137,764,60,21,60,21,
MOT17-11-FRCNN,569,48,60,763,v_to_u,1,32,764,60,48,60,48,
MOT17-11-FRCNN,570,54,60,763,v_to_u,1,53,764,60,54,60,54,
MOT17-11-FRCNN,571,56,60,763,v_to_u,1,87,764,60,56,60,56,
MOT17-11-FRCNN,572,58,60,763,v_to_u,1,74,764,60,58,60,58,
MOT17-11-FRCNN,573,59,60,763,v_to_u,1,137,764,60,59,60,59,
MOT17-11-FRCNN,574,60,64,763,u_to_v,1,82,764,60,64,60,64,
MOT17-11-FRCNN,575,21,48,795,v_to_u,1,105,796,48,21,48,21,
MOT17-11-FRCNN,576,48,54,795,u_to_v,1,21,796,48,54,48,54,
MOT17-11-FRCNN,577,48,56,795,u_to_v,1,55,796,48,56,48,56,
MOT17-11-FRCNN,578,48,58,795,u_to_v,1,42,796,48,58,48,58,
MOT17-11-FRCNN,579,48,59,795,u_to_v,1,105,796,48,59,48,59,
MOT17-11-FRCNN,580,48,64,795,u_to_v,1,50,796,48,64,48,64,
MOT17-11-FRCNN,581,48,65,795,u_to_v,1,80,796,48,65,48,65,
MOT17-11-FRCNN,582,48,66,795,u_to_v,1,93,796,48,66,48,66,
MOT17-11-FRCNN,583,48,67,795,u_to_v,1,105,796,48,67,48,67,
MOT17-11-FRCNN,584,21,54,816,v_to_u,1,84,817,54,21,54,21,
MOT17-11-FRCNN,585,54,56,816,u_to_v,1,34,817,54,56,54,56,
MOT17-11-FRCNN,586,54,58,816,u_to_v,1,21,817,54,58,54,58,
MOT17-11-FRCNN,587,54,59,816,u_to_v,1,84,817,54,59,54,59,
MOT17-11-FRCNN,588,54,64,816,u_to_v,1,29,817,54,64,54,64,
MOT17-11-FRCNN,589,54,65,816,u_to_v,1,59,817,54,65,54,65,
MOT17-11-FRCNN,590,54,66,816,u_to_v,1,72,817,54,66,54,66,
MOT17-11-FRCNN,591,54,67,816,u_to_v,1,84,817,54,67,54,67,
MOT17-11-FRCNN,592,54,68,816,u_to_v,1,84,817,54,68,54,68,
MOT17-11-FRCNN,593,21,58,837,v_to_u,1,63,838,58,21,58,21,
MOT17-11-FRCNN,594,56,58,837,v_to_u,1,13,838,58,56,58,56,
MOT17-11-FRCNN,595,58,59,837,u_to_v,1,63,838,58,59,58,59,
MOT17-11-FRCNN,596,58,64,837,u_to_v,1,8,838,58,64,58,64,
MOT17-11-FRCNN,597,58,65,837,u_to_v,1,38,838,58,65,58,65,
MOT17-11-FRCNN,598,58,66,837,u_to_v,1,51,838,58,66,58,66,
MOT17-11-FRCNN,599,58,67,837,u_to_v,1,63,838,58,67,58,67,
MOT17-11-FRCNN,600,58,68,837,u_to_v,1,63,838,58,68,58,68,
MOT17-11-FRCNN,601,58,69,837,u_to_v,1,34,838,58,69,58,69,
MOT17-11-FRCNN,602,21,64,845,v_to_u,1,55,846,64,21,64,21,
MOT17-11-FRCNN,603,56,64,845,v_to_u,1,5,846,64,56,64,56,
MOT17-11-FRCNN,604,59,64,845,v_to_u,1,55,846,64,59,64,59,
MOT17-11-FRCNN,605,64,65,845,u_to_v,1,30,846,64,65,64,65,
MOT17-11-FRCNN,606,64,66,845,u_to_v,1,43,846,64,66,64,66,
MOT17-11-FRCNN,607,64,67,845,u_to_v,1,55,846,64,67,64,67,
MOT17-11-FRCNN,608,64,68,845,u_to_v,1,55,846,64,68,64,68,
MOT17-11-FRCNN,609,64,69,845,u_to_v,1,26,846,64,69,64,69,
MOT17-11-FRCNN,610,64,70,845,u_to_v,1,55,846,64,70,64,70,
MOT17-11-FRCNN,611,64,71,845,u_to_v,1,55,846,64,71,64,71,
MOT17-11-FRCNN,612,64,72,845,u_to_v,1,55,846,64,72,64,72,
MOT17-11-FRCNN,613,64,73,845,u_to_v,1,55,846,64,73,64,73,
MOT17-11-FRCNN,614,21,56,850,v_to_u,1,50,851,56,21,56,21,
MOT17-11-FRCNN,615,56,59,850,u_to_v,1,50,851,56,59,56,59,
MOT17-11-FRCNN,616,56,65,850,u_to_v,1,25,851,56,65,56,65,
MOT17-11-FRCNN,617,56,66,850,u_to_v,1,38,851,56,66,56,66,
MOT17-11-FRCNN,618,56,67,850,u_to_v,1,50,851,56,67,56,67,
MOT17-11-FRCNN,619,56,68,850,u_to_v,1,50,851,56,68,56,68,
MOT17-11-FRCNN,620,56,69,850,u_to_v,1,21,851,56,69,56,69,
MOT17-11-FRCNN,621,56,70,850,u_to_v,1,50,851,56,70,56,70,
MOT17-11-FRCNN,622,56,71,850,u_to_v,1,50,851,56,71,56,71,
MOT17-11-FRCNN,623,56,72,850,u_to_v,1,50,851,56,72,56,72,
MOT17-11-FRCNN,624,56,73,850,u_to_v,1,50,851,56,73,56,73,
MOT17-11-FRCNN,625,56,74,850,u_to_v,1,5,851,56,74,56,74,
MOT17-11-FRCNN,626,21,75,854,v_to_u,1,46,855,75,21,75,21,
MOT17-11-FRCNN,627,59,75,854,v_to_u,1,46,855,75,59,75,59,
MOT17-11-FRCNN,628,65,75,854,v_to_u,1,21,855,75,65,75,65,
MOT17-11-FRCNN,629,66,75,854,v_to_u,1,34,855,75,66,75,66,
MOT17-11-FRCNN,630,67,75,854,v_to_u,1,46,855,75,67,75,67,
MOT17-11-FRCNN,631,68,75,854,v_to_u,1,46,855,75,68,75,68,
MOT17-11-FRCNN,632,69,75,854,v_to_u,1,17,855,75,69,75,69,
MOT17-11-FRCNN,633,70,75,854,v_to_u,1,46,855,75,70,75,70,
MOT17-11-FRCNN,634,71,75,854,v_to_u,1,46,855,75,71,75,71,
MOT17-11-FRCNN,635,72,75,854,v_to_u,1,46,855,75,72,75,72,
MOT17-11-FRCNN,636,73,75,854,v_to_u,1,46,855,75,73,75,73,
MOT17-11-FRCNN,637,74,75,854,v_to_u,1,1,855,75,74,75,74,
MOT17-11-FRCNN,638,21,74,855,v_to_u,1,45,856,74,21,74,21,
MOT17-11-FRCNN,639,59,74,855,v_to_u,1,45,856,74,59,74,59,
MOT17-11-FRCNN,640,65,74,855,v_to_u,1,20,856,74,65,74,65,
MOT17-11-FRCNN,641,66,74,855,v_to_u,1,33,856,74,66,74,66,
MOT17-11-FRCNN,642,67,74,855,v_to_u,1,45,856,74,67,74,67,
MOT17-11-FRCNN,643,68,74,855,v_to_u,1,45,856,74,68,74,68,
MOT17-11-FRCNN,644,69,74,855,v_to_u,1,16,856,74,69,74,69,
MOT17-11-FRCNN,645,70,74,855,v_to_u,1,45,856,74,70,74,70,
MOT17-11-FRCNN,646,71,74,855,v_to_u,1,45,856,74,71,74,71,
MOT17-11-FRCNN,647,72,74,855,v_to_u,1,45,856,74,72,74,72,
MOT17-11-FRCNN,648,73,74,855,v_to_u,1,45,856,74,73,74,73,
MOT17-11-FRCNN,649,21,69,871,v_to_u,1,29,872,69,21,69,21,
MOT17-11-FRCNN,650,59,69,871,v_to_u,1,29,872,69,59,69,59,
MOT17-11-FRCNN,651,65,69,871,v_to_u,1,4,872,69,65,69,65,
MOT17-11-FRCNN,652,66,69,871,v_to_u,1,17,872,69,66,69,66,
MOT17-11-FRCNN,653,67,69,871,v_to_u,1,29,872,69,67,69,67,
MOT17-11-FRCNN,654,68,69,871,v_to_u,1,29,872,69,68,69,68,
MOT17-11-FRCNN,655,69,70,871,u_to_v,1,29,872,69,70,69,70,
MOT17-11-FRCNN,656,69,71,871,u_to_v,1,29,872,69,71,69,71,
MOT17-11-FRCNN,657,69,72,871,u_to_v,1,29,872,69,72,69,72,
MOT17-11-FRCNN,658,69,73,871,u_to_v,1,29,872,69,73,69,73,
MOT17-11-FRCNN,659,69,76,871,u_to_v,1,29,872,69,76,69,76,
MOT17-11-FRCNN,660,69,77,871,u_to_v,1,29,872,69,77,69,77,
MOT17-11-FRCNN,661,69,78,871,u_to_v,1,29,872,69,78,69,78,
MOT17-11-FRCNN,662,69,79,871,u_to_v,1,29,872,69,79,69,79,
MOT17-11-FRCNN,663,21,65,875,v_to_u,1,25,876,65,21,65,21,
MOT17-11-FRCNN,664,59,65,875,v_to_u,1,25,876,65,59,65,59,
MOT17-11-FRCNN,665,65,66,875,u_to_v,1,13,876,65,66,65,66,
MOT17-11-FRCNN,666,65,67,875,u_to_v,1,25,876,65,67,65,67,
MOT17-11-FRCNN,667,65,68,875,u_to_v,1,25,876,65,68,65,68,
MOT17-11-FRCNN,668,65,70,875,u_to_v,1,25,876,65,70,65,70,
MOT17-11-FRCNN,669,65,71,875,u_to_v,1,25,876,65,71,65,71,
MOT17-11-FRCNN,670,65,72,875,u_to_v,1,25,876,65,72,65,72,
MOT17-11-FRCNN,671,65,73,875,u_to_v,1,25,876,65,73,65,73,
MOT17-11-FRCNN,672,65,76,875,u_to_v,1,25,876,65,76,65,76,
MOT17-11-FRCNN,673,65,77,875,u_to_v,1,25,876,65,77,65,77,
MOT17-11-FRCNN,674,65,78,875,u_to_v,1,25,876,65,78,65,78,
MOT17-11-FRCNN,675,65,79,875,u_to_v,1,25,876,65,79,65,79,
MOT17-11-FRCNN,676,21,66,888,v_to_u,1,12,889,66,21,66,21,
MOT17-11-FRCNN,677,59,66,888,v_to_u,1,12,889,66,59,66,59,
MOT17-11-FRCNN,678,66,67,888,u_to_v,1,12,889,66,67,66,67,
MOT17-11-FRCNN,679,66,68,888,u_to_v,1,12,889,66,68,66,68,
MOT17-11-FRCNN,680,66,70,888,u_to_v,1,12,889,66,70,66,70,
MOT17-11-FRCNN,681,66,71,888,u_to_v,1,12,889,66,71,66,71,
MOT17-11-FRCNN,682,66,72,888,u_to_v,1,12,889,66,72,66,72,
MOT17-11-FRCNN,683,66,73,888,u_to_v,1,12,889,66,73,66,73,
MOT17-11-FRCNN,684,66,76,888,u_to_v,1,12,889,66,76,66,76,
MOT17-11-FRCNN,685,66,77,888,u_to_v,1,12,889,66,77,66,77,
MOT17-11-FRCNN,686,66,78,888,u_to_v,1,12,889,66,78,66,78,
MOT17-11-FRCNN,687,66,79,888,u_to_v,1,12,889,66,79,66,79,
MOT17-11-FRCNN,688,66,80,888,u_to_v,1,12,889,66,80,66,80,
MOT17-11-FRCNN,689,66,81,888,u_to_v,1,12,889,66,81,66,81,
MOT17-11-FRCNN,690,21,83,897,v_to_u,1,3,898,83,21,83,21,
MOT17-11-FRCNN,691,59,83,897,v_to_u,1,3,898,83,59,83,59,
MOT17-11-FRCNN,692,67,83,897,v_to_u,1,3,898,83,67,83,67,
MOT17-11-FRCNN,693,68,83,897,v_to_u,1,3,898,83,68,83,68,
MOT17-11-FRCNN,694,70,83,897,v_to_u,1,3,898,83,70,83,70,
MOT17-11-FRCNN,695,71,83,897,v_to_u,1,3,898,83,71,83,71,
MOT17-11-FRCNN,696,72,83,897,v_to_u,1,3,898,83,72,83,72,
MOT17-11-FRCNN,697,73,83,897,v_to_u,1,3,898,83,73,83,73,
MOT17-11-FRCNN,698,76,83,897,v_to_u,1,3,898,83,76,83,76,
MOT17-11-FRCNN,699,77,83,897,v_to_u,1,3,898,83,77,83,77,
MOT17-11-FRCNN,700,78,83,897,v_to_u,1,3,898,83,78,83,78,
MOT17-11-FRCNN,701,79,83,897,v_to_u,1,3,898,83,79,83,79,
MOT17-11-FRCNN,702,80,83,897,v_to_u,1,3,898,83,80,83,80,
MOT17-11-FRCNN,703,81,83,897,v_to_u,1,3,898,83,81,83,81,
MOT17-11-FRCNN,704,82,83,897,v_to_u,1,3,898,83,82,83,82,
MOT17-13-FRCNN,1,1,11,4,v_to_u,1,31,5,11,1,11,1,
MOT17-13-FRCNN,2,2,11,4,v_to_u,1,41,5,11,2,11,2,
MOT17-13-FRCNN,3,3,11,4,v_to_u,1,8,5,11,3,11,3,
MOT17-13-FRCNN,4,4,11,4,v_to_u,1,121,5,11,4,11,4,
MOT17-13-FRCNN,5,5,11,4,v_to_u,1,26,5,11,5,11,5,
MOT17-13-FRCNN,6,6,11,4,v_to_u,1,239,5,11,6,11,6,
MOT17-13-FRCNN,7,7,11,4,v_to_u,1,115,5,11,7,11,7,
MOT17-13-FRCNN,8,8,11,4,v_to_u,1,142,5,11,8,11,8,
MOT17-13-FRCNN,9,9,11,4,v_to_u,1,290,5,11,9,11,9,
MOT17-13-FRCNN,10,10,11,4,v_to_u,1,18,5,11,10,11,10,
MOT17-13-FRCNN,11,11,12,4,u_to_v,1,373,5,11,12,11,12,
MOT17-13-FRCNN,12,11,13,4,u_to_v,1,396,5,11,13,11,13,
MOT17-13-FRCNN,13,11,14,4,u_to_v,1,151,5,11,14,11,14,
MOT17-13-FRCNN,14,11,15,4,u_to_v,1,218,5,11,15,11,15,
MOT17-13-FRCNN,15,11,16,4,u_to_v,1,134,5,11,16,11,16,
MOT17-13-FRCNN,16,11,17,4,u_to_v,1,152,5,11,17,11,17,
MOT17-13-FRCNN,17,11,18,4,u_to_v,1,364,5,11,18,11,18,
MOT17-13-FRCNN,18,11,19,4,u_to_v,1,27,5,11,19,11,19,
MOT17-13-FRCNN,19,11,20,4,u_to_v,1,128,5,11,20,11,20,
MOT17-13-FRCNN,20,11,21,4,u_to_v,1,140,5,11,21,11,21,
MOT17-13-FRCNN,21,1,23,7,v_to_u,1,28,8,23,1,23,1,
MOT17-13-FRCNN,22,2,23,7,v_to_u,1,38,8,23,2,23,2,
MOT17-13-FRCNN,23,3,23,7,v_to_u,1,5,8,23,3,23,3,
MOT17-13-FRCNN,24,4,23,7,v_to_u,1,118,8,23,4,23,4,
MOT17-13-FRCNN,25,5,23,7,v_to_u,1,23,8,23,5,23,5,
MOT17-13-FRCNN,26,6,23,7,v_to_u,1,236,8,23,6,23,6,
MOT17-13-FRCNN,27,7,23,7,v_to_u,1,112,8,23,7,23,7,
MOT17-13-FRCNN,28,8,23,7,v_to_u,1,139,8,23,8,23,8,
MOT17-13-FRCNN,29,9,23,7,v_to_u,1,287,8,23,9,23,9,
MOT17-13-FRCNN,30,10,23,7,v_to_u,1,15,8,23,10,23,10,
MOT17-13-FRCNN,31,12,23,7,v_to_u,1,370,8,23,12,23,12,
MOT17-13-FRCNN,32,13,23,7,v_to_u,1,393,8,23,13,23,13,
MOT17-13-FRCNN,33,14,23,7,v_to_u,1,148,8,23,14,23,14,
MOT17-13-FRCNN,34,15,23,7,v_to_u,1,215,8,23,15,23,15,
MOT17-13-FRCNN,35,16,23,7,v_to_u,1,131,8,23,16,23,16,
MOT17-13-FRCNN,36,17,23,7,v_to_u,1,149,8,23,17,23,17,
MOT17-13-FRCNN,37,18,23,7,v_to_u,1,361,8,23,18,23,18,
MOT17-13-FRCNN,38,19,23,7,v_to_u,1,24,8,23,19,23,19,
MOT17-13-FRCNN,39,20,23,7,v_to_u,1,125,8,23,20,23,20,
MOT17-13-FRCNN,40,21,23,7,v_to_u,1,137,8,23,21,23,21,
MOT17-13-FRCNN,41,22,23,7,v_to_u,1,64,8,23,22,23,22,
MOT17-13-FRCNN,42,1,3,12,v_to_u,1,23,13,3,1,3,1,
MOT17-13-FRCNN,43,2,3,12,v_to_u,1,33,13,3,2,3,2,
MOT17-13-FRCNN,44,3,4,12,u_to_v,1,113,13,3,4,3,4,
MOT17-13-FRCNN,45,3,5,12,u_to_v,1,18,13,3,5,3,5,
MOT17-13-FRCNN,46,3,6,12,u_to_v,1,231,13,3,6,3,6,
MOT17-13-FRCNN,47,3,7,12,u_to_v,1,107,13,3,7,3,7,
MOT17-13-FRCNN,48,3,8,12,u_to_v,1,134,13,3,8,3,8,
MOT17-13-FRCNN,49,3,9,12,u_to_v,1,282,13,3,9,3,9,
MOT17-13-FRCNN,50,3,10,12,u_to_v,1,10,13,3,10,3,10,
MOT17-13-FRCNN,51,3,12,12,u_to_v,1,365,13,3,12,3,12,
MOT17-13-FRCNN,52,3,13,12,u_to_v,1,388,13,3,13,3,13,
MOT17-13-FRCNN,53,3,14,12,u_to_v,1,143,13,3,14,3,14,
MOT17-13-FRCNN,54,3,15,12,u_to_v,1,210,13,3,15,3,15,
MOT17-13-FRCNN,55,3,16,12,u_to_v,1,126,13,3,16,3,16,
MOT17-13-FRCNN,56,3,17,12,u_to_v,1,144,13,3,17,3,17,
MOT17-13-FRCNN,57,3,18,12,u_to_v,1,356,13,3,18,3,18,
MOT17-13-FRCNN,58,3,19,12,u_to_v,1,19,13,3,19,3,19,
MOT17-13-FRCNN,59,3,20,12,u_to_v,1,120,13,3,20,3,20,
MOT17-13-FRCNN,60,3,21,12,u_to_v,1,132,13,3,21,3,21,
MOT17-13-FRCNN,61,3,22,12,u_to_v,1,59,13,3,22,3,22,
MOT17-13-FRCNN,62,1,25,20,v_to_u,1,15,21,25,1,25,1,
MOT17-13-FRCNN,63,2,25,20,v_to_u,1,25,21,25,2,25,2,
MOT17-13-FRCNN,64,4,25,20,v_to_u,1,105,21,25,4,25,4,
MOT17-13-FRCNN,65,5,25,20,v_to_u,1,10,21,25,5,25,5,
MOT17-13-FRCNN,66,6,25,20,v_to_u,1,223,21,25,6,25,6,
MOT17-13-FRCNN,67,7,25,20,v_to_u,1,99,21,25,7,25,7,
MOT17-13-FRCNN,68,8,25,20,v_to_u,1,126,21,25,8,25,8,
MOT17-13-FRCNN,69,9,25,20,v_to_u,1,274,21,25,9,25,9,
MOT17-13-FRCNN,70,10,25,20,v_to_u,1,2,21,25,10,25,10,
MOT17-13-FRCNN,71,12,25,20,v_to_u,1,357,21,25,12,25,12,
MOT17-13-FRCNN,72,13,25,20,v_to_u,1,380,21,25,13,25,13,
MOT17-13-FRCNN,73,14,25,20,v_to_u,1,135,21,25,14,25,14,
MOT17-13-FRCNN,74,15,25,20,v_to_u,1,202,21,25,15,25,15,
MOT17-13-FRCNN,75,16,25,20,v_to_u,1,118,21,25,16,25,16,
MOT17-13-FRCNN,76,17,25,20,v_to_u,1,136,21,25,17,25,17,
MOT17-13-FRCNN,77,18,25,20,v_to_u,1,348,21,25,18,25,18,
MOT17-13-FRCNN,78,19,25,20,v_to_u,1,11,21,25,19,25,19,
MOT17-13-FRCNN,79,20,25,20,v_to_u,1,112,21,25,20,25,20,
MOT17-13-FRCNN,80,21,25,20,v_to_u,1,124,21,25,21,25,21,
MOT17-13-FRCNN,81,22,25,20,v_to_u,1,51,21,25,22,25,22,
MOT17-13-FRCNN,82,24,25,20,v_to_u,1,164,21,25,24,25,24,
MOT17-13-FRCNN,83,25,26,20,u_to_v,1,39,21,25,26,25,26,
MOT17-13-FRCNN,84,1,10,22,v_to_u,1,13,23,10,1,10,1,
MOT17-13-FRCNN,85,2,10,22,v_to_u,1,23,23,10,2,10,2,
MOT17-13-FRCNN,86,4,10,22,v_to_u,1,103,23,10,4,10,4,
MOT17-13-FRCNN,87,5,10,22,v_to_u,1,8,23,10,5,10,5,
MOT17-13-FRCNN,88,6,10,22,v_to_u,1,221,23,10,6,10,6,
MOT17-13-FRCNN,89,7,10,22,v_to_u,1,97,23,10,7,10,7,
MOT17-13-FRCNN,90,8,10,22,v_to_u,1,124,23,10,8,10,8,
MOT17-13-FRCNN,91,9,10,22,v_to_u,1,272,23,10,9,10,9,
MOT17-13-FRCNN,92,10,12,22,u_to_v,1,355,23,10,12,10,12,
MOT17-13-FRCNN,93,10,13,22,u_to_v,1,378,23,10,13,10,13,
MOT17-13-FRCNN,94,10,14,22,u_to_v,1,133,23,10,14,10,14,
MOT17-13-FRCNN,95,10,15,22,u_to_v,1,200,23,10,15,10,15,
MOT17-13-FRCNN,96,10,16,22,u_to_v,1,116,23,10,16,10,16,
MOT17-13-FRCNN,97,10,17,22,u_to_v,1,134,23,10,17,10,17,
MOT17-13-FRCNN,98,10,18,22,u_to_v,1,346,23,10,18,10,18,
MOT17-13-FRCNN,99,10,19,22,u_to_v,1,9,23,10,19,10,19,
MOT17-13-FRCNN,100,10,20,22,u_to_v,1,110,23,10,20,10,20,
MOT17-13-FRCNN,101,10,21,22,u_to_v,1,122,23,10,21,10,21,
MOT17-13-FRCNN,102,10,22,22,u_to_v,1,49,23,10,22,10,22,
MOT17-13-FRCNN,103,10,24,22,u_to_v,1,162,23,10,24,10,24,
MOT17-13-FRCNN,104,10,26,22,u_to_v,1,37,23,10,26,10,26,
MOT17-13-FRCNN,105,1,5,30,v_to_u,1,5,31,5,1,5,1,
MOT17-13-FRCNN,106,2,5,30,v_to_u,1,15,31,5,2,5,2,
MOT17-13-FRCNN,107,4,5,30,v_to_u,1,95,31,5,4,5,4,
MOT17-13-FRCNN,108,5,6,30,u_to_v,1,213,31,5,6,5,6,
MOT17-13-FRCNN,109,5,7,30,u_to_v,1,89,31,5,7,5,7,
MOT17-13-FRCNN,110,5,8,30,u_to_v,1,116,31,5,8,5,8,
MOT17-13-FRCNN,111,5,9,30,u_to_v,1,264,31,5,9,5,9,
MOT17-13-FRCNN,112,5,12,30,u_to_v,1,347,31,5,12,5,12,
MOT17-13-FRCNN,113,5,13,30,u_to_v,1,370,31,5,13,5,13,
MOT17-13-FRCNN,114,5,14,30,u_to_v,1,125,31,5,14,5,14,
MOT17-13-FRCNN,115,5,15,30,u_to_v,1,192,31,5,15,5,15,
MOT17-13-FRCNN,116,5,16,30,u_to_v,1,108,31,5,16,5,16,
MOT17-13-FRCNN,117,5,17,30,u_to_v,1,126,31,5,17,5,17,
MOT17-13-FRCNN,118,5,18,30,u_to_v,1,338,31,5,18,5,18,
MOT17-13-FRCNN,119,5,19,30,u_to_v,1,1,31,5,19,5,19,
MOT17-13-FRCNN,120,5,20,30,u_to_v,1,102,31,5,20,5,20,
MOT17-13-FRCNN,121,5,21,30,u_to_v,1,114,31,5,21,5,21,
MOT17-13-FRCNN,122,5,22,30,u_to_v,1,41,31,5,22,5,22,
MOT17-13-FRCNN,123,5,24,30,u_to_v,1,154,31,5,24,5,24,
MOT17-13-FRCNN,124,5,26,30,u_to_v,1,29,31,5,26,5,26,
MOT17-13-FRCNN,125,5,27,30,u_to_v,1,258,31,5,27,5,27,
MOT17-13-FRCNN,126,5,28,30,u_to_v,1,17,31,5,28,5,28,
MOT17-13-FRCNN,127,1,19,31,v_to_u,1,4,32,19,1,19,1,
MOT17-13-FRCNN,128,2,19,31,v_to_u,1,14,32,19,2,19,2,
MOT17-13-FRCNN,129,4,19,31,v_to_u,1,94,32,19,4,19,4,
MOT17-13-FRCNN,130,6,19,31,v_to_u,1,212,32,19,6,19,6,
MOT17-13-FRCNN,131,7,19,31,v_to_u,1,88,32,19,7,19,7,
MOT17-13-FRCNN,132,8,19,31,v_to_u,1,115,32,19,8,19,8,
MOT17-13-FRCNN,133,9,19,31,v_to_u,1,263,32,19,9,19,9,
MOT17-13-FRCNN,134,12,19,31,v_to_u,1,346,32,19,12,19,12,
MOT17-13-FRCNN,135,13,19,31,v_to_u,1,369,32,19,13,19,13,
MOT17-13-FRCNN,136,14,19,31,v_to_u,1,124,32,19,14,19,14,
MOT17-13-FRCNN,137,15,19,31,v_to_u,1,191,32,19,15,19,15,
MOT17-13-FRCNN,138,16,19,31,v_to_u,1,107,32,19,16,19,16,
MOT17-13-FRCNN,139,17,19,31,v_to_u,1,125,32,19,17,19,17,
MOT17-13-FRCNN,140,18,19,31,v_to_u,1,337,32,19,18,19,18,
MOT17-13-FRCNN,141,19,20,31,u_to_v,1,101,32,19,20,19,20,
MOT17-13-FRCNN,142,19,21,31,u_to_v,1,113,32,19,21,19,21,
MOT17-13-FRCNN,143,19,22,31,u_to_v,1,40,32,19,22,19,22,
MOT17-13-FRCNN,144,19,24,31,u_to_v,1,153,32,19,24,19,24,
MOT17-13-FRCNN,145,19,26,31,u_to_v,1,28,32,19,26,19,26,
MOT17-13-FRCNN,146,19,27,31,u_to_v,1,257,32,19,27,19,27,
MOT17-13-FRCNN,147,19,28,31,u_to_v,1,16,32,19,28,19,28,
MOT17-13-FRCNN,148,1,29,32,v_to_u,1,3,33,29,1,29,1,
MOT17-13-FRCNN,149,2,29,32,v_to_u,1,13,33,29,2,29,2,
MOT17-13-FRCNN,150,4,29,32,v_to_u,1,93,33,29,4,29,4,
MOT17-13-FRCNN,151,6,29,32,v_to_u,1,211,33,29,6,29,6,
MOT17-13-FRCNN,152,7,29,32,v_to_u,1,87,33,29,7,29,7,
MOT17-13-FRCNN,153,8,29,32,v_to_u,1,114,33,29,8,29,8,
MOT17-13-FRCNN,154,9,29,32,v_to_u,1,262,33,29,9,29,9,
MOT17-13-FRCNN,155,12,29,32,v_to_u,1,345,33,29,12,29,12,
MOT17-13-FRCNN,156,13,29,32,v_to_u,1,368,33,29,13,29,13,
MOT17-13-FRCNN,157,14,29,32,v_to_u,1,123,33,29,14,29,14,
MOT17-13-FRCNN,158,15,29,32,v_to_u,1,190,33,29,15,29,15,
MOT17-13-FRCNN,159,16,29,32,v_to_u,1,106,33,29,16,29,16,
MOT17-13-FRCNN,160,17,29,32,v_to_u,1,124,33,29,17,29,17,
MOT17-13-FRCNN,161,18,29,32,v_to_u,1,336,33,29,18,29,18,
MOT17-13-FRCNN,162,20,29,32,v_to_u,1,100,33,29,20,29,20,
MOT17-13-FRCNN,163,21,29,32,v_to_u,1,112,33,29,21,29,21,
MOT17-13-FRCNN,164,22,29,32,v_to_u,1,39,33,29,22,29,22,
MOT17-13-FRCNN,165,24,29,32,v_to_u,1,152,33,29,24,29,24,
MOT17-13-FRCNN,166,26,29,32,v_to_u,1,27,33,29,26,29,26,
MOT17-13-FRCNN,167,27,29,32,v_to_u,1,256,33,29,27,29,27,
MOT17-13-FRCNN,168,28,29,32,v_to_u,1,15,33,29,28,29,28,
MOT17-13-FRCNN,169,1,2,35,u_to_v,1,10,36,1,2,1,2,
MOT17-13-FRCNN,170,1,4,35,u_to_v,1,90,36,1,4,1,4,
MOT17-13-FRCNN,171,1,6,35,u_to_v,1,208,36,1,6,1,6,
MOT17-13-FRCNN,172,1,7,35,u_to_v,1,84,36,1,7,1,7,
MOT17-13-FRCNN,173,1,8,35,u_to_v,1,111,36,1,8,1,8,
MOT17-13-FRCNN,174,1,9,35,u_to_v,1,259,36,1,9,1,9,
MOT17-13-FRCNN,175,1,12,35,u_to_v,1,342,36,1,12,1,12,
MOT17-13-FRCNN,176,1,13,35,u_to_v,1,365,36,1,13,1,13,
MOT17-13-FRCNN,177,1,14,35,u_to_v,1,120,36,1,14,1,14,
MOT17-13-FRCNN,178,1,15,35,u_to_v,1,187,36,1,15,1,15,
MOT17-13-FRCNN,179,1,16,35,u_to_v,1,103,36,1,16,1,16,
MOT17-13-FRCNN,180,1,17,35,u_to_v,1,121,36,1,17,1,17,
MOT17-13-FRCNN,181,1,18,35,u_to_v,1,333,36,1,18,1,18,
MOT17-13-FRCNN,182,1,20,35,u_to_v,1,97,36,1,20,1,20,
MOT17-13-FRCNN,183,1,21,35,u_to_v,1,109,36,1,21,1,21,
MOT17-13-FRCNN,184,1,22,35,u_to_v,1,36,36,1,22,1,22,
MOT17-13-FRCNN,185,1,24,35,u_to_v,1,149,36,1,24,1,24,
MOT17-13-FRCNN,186,1,26,35,u_to_v,1,24,36,1,26,1,26,
MOT17-13-FRCNN,187,1,27,35,u_to_v,1,253,36,1,27,1,27,
MOT17-13-FRCNN,188,1,28,35,u_to_v,1,12,36,1,28,1,28,
MOT17-13-FRCNN,189,1,30,35,u_to_v,1,100,36,1,30,1,30,
MOT17-13-FRCNN,190,2,31,38,v_to_u,1,7,39,31,2,31,2,
MOT17-13-FRCNN,191,4,31,38,v_to_u,1,87,39,31,4,31,4,
MOT17-13-FRCNN,192,6,31,38,v_to_u,1,205,39,31,6,31,6,
MOT17-13-FRCNN,193,7,31,38,v_to_u,1,81,39,31,7,31,7,
MOT17-13-FRCNN,194,8,31,38,v_to_u,1,108,39,31,8,31,8,
MOT17-13-FRCNN,195,9,31,38,v_to_u,1,256,39,31,9,31,9,
MOT17-13-FRCNN,196,12,31,38,v_to_u,1,339,39,31,12,31,12,
MOT17-13-FRCNN,197,13,31,38,v_to_u,1,362,39,31,13,31,13,
MOT17-13-FRCNN,198,14,31,38,v_to_u,1,117,39,31,14,31,14,
MOT17-13-FRCNN,199,15,31,38,v_to_u,1,184,39,31,15,31,15,
MOT17-13-FRCNN,200,16,31,38,v_to_u,1,100,39,31,16,31,16,
MOT17-13-FRCNN,201,17,31,38,v_to_u,1,118,39,31,17,31,17,
MOT17-13-FRCNN,202,18,31,38,v_to_u,1,330,39,31,18,31,18,
MOT17-13-FRCNN,203,20,31,38,v_to_u,1,94,39,31,20,31,20,
MOT17-13-FRCNN,204,21,31,38,v_to_u,1,106,39,31,21,31,21,
MOT17-13-FRCNN,205,22,31,38,v_to_u,1,33,39,31,22,31,22,
MOT17-13-FRCNN,206,24,31,38,v_to_u,1,146,39,31,24,31,24,
MOT17-13-FRCNN,207,26,31,38,v_to_u,1,21,39,31,26,31,26,
MOT17-13-FRCNN,208,27,31,38,v_to_u,1,250,39,31,27,31,27,
MOT17-13-FRCNN,209,28,31,38,v_to_u,1,9,39,31,28,31,28,
MOT17-13-FRCNN,210,30,31,38,v_to_u,1,97,39,31,30,31,30,
MOT17-13-FRCNN,211,2,4,45,u_to_v,1,80,46,2,4,2,4,
MOT17-13-FRCNN,212,2,6,45,u_to_v,1,198,46,2,6,2,6,
MOT17-13-FRCNN,213,2,7,45,u_to_v,1,74,46,2,7,2,7,
MOT17-13-FRCNN,214,2,8,45,u_to_v,1,101,46,2,8,2,8,
MOT17-13-FRCNN,215,2,9,45,u_to_v,1,249,46,2,9,2,9,
MOT17-13-FRCNN,216,2,12,45,u_to_v,1,332,46,2,12,2,12,
MOT17-13-FRCNN,217,2,13,45,u_to_v,1,355,46,2,13,2,13,
MOT17-13-FRCNN,218,2,14,45,u_to_v,1,110,46,2,14,2,14,
MOT17-13-FRCNN,219,2,15,45,u_to_v,1,177,46,2,15,2,15,
MOT17-13-FRCNN,220,2,16,45,u_to_v,1,93,46,2,16,2,16,
MOT17-13-FRCNN,221,2,17,45,u_to_v,1,111,46,2,17,2,17,
MOT17-13-FRCNN,222,2,18,45,u_to_v,1,323,46,2,18,2,18,
MOT17-13-FRCNN,223,2,20,45,u_to_v,1,87,46,2,20,2,20,
MOT17-13-FRCNN,224,2,21,45,u_to_v,1,99,46,2,21,2,21,
MOT17-13-FRCNN,225,2,22,45,u_to_v,1,26,46,2,22,2,22,
MOT17-13-FRCNN,226,2,24,45,u_to_v,1,139,46,2,24,2,24,
MOT17-13-FRCNN,227,2,26,45,u_to_v,1,14,46,2,26,2,26,
MOT17-13-FRCNN,228,2,27,45,u_to_v,1,243,46,2,27,2,27,
MOT17-13-FRCNN,229,2,28,45,u_to_v,1,2,46,2,28,2,28,
MOT17-13-FRCNN,230,2,30,45,u_to_v,1,90,46,2,30,2,30,
MOT17-13-FRCNN,231,2,32,45,u_to_v,1,75,46,2,32,2,32,
MOT17-13-FRCNN,232,2,33,45,u_to_v,1,13,46,2,33,2,33,
MOT17-13-FRCNN,233,4,28,47,v_to_u,1,78,48,28,4,28,4,
MOT17-13-FRCNN,234,6,28,47,v_to_u,1,196,48,28,6,28,6,
MOT17-13-FRCNN,235,7,28,47,v_to_u,1,72,48,28,7,28,7,
MOT17-13-FRCNN,236,8,28,47,v_to_u,1,99,48,28,8,28,8,
MOT17-13-FRCNN,237,9,28,47,v_to_u,1,247,48,28,9,28,9,
MOT17-13-FRCNN,238,12,28,47,v_to_u,1,330,48,28,12,28,12,
MOT17-13-FRCNN,239,13,28,47,v_to_u,1,353,48,28,13,28,13,
MOT17-13-FRCNN,240,14,28,47,v_to_u,1,108,48,28,14,28,14,
MOT17-13-FRCNN,241,15,28,47,v_to_u,1,175,48,28,15,28,15,
MOT17-13-FRCNN,242,16,28,47,v_to_u,1,91,48,28,16,28,16,
MOT17-13-FRCNN,243,17,28,47,v_to_u,1,109,48,28,17,28,17,
MOT17-13-FRCNN,244,18,28,47,v_to_u,1,321,48,28,18,28,18,
MOT17-13-FRCNN,245,20,28,47,v_to_u,1,85,48,28,20,28,20,
MOT17-13-FRCNN,246,21,28,47,v_to_u,1,97,48,28,21,28,21,
MOT17-13-FRCNN,247,22,28,47,v_to_u,1,24,48,28,22,28,22,
MOT17-13-FRCNN,248,24,28,47,v_to_u,1,137,48,28,24,28,24,
MOT17-13-FRCNN,249,26,28,47,v_to_u,1,12,48,28,26,28,26,
MOT17-13-FRCNN,250,27,28,47,v_to_u,1,241,48,28,27,28,27,
MOT17-13-FRCNN,251,28,30,47,u_to_v,1,88,48,28,30,28,30,
MOT17-13-FRCNN,252,28,32,47,u_to_v,1,73,48,28,32,28,32,
MOT17-13-FRCNN,253,28,33,47,u_to_v,1,11,48,28,33,28,33,
MOT17-13-FRCNN,254,28,34,47,u_to_v,1,129,48,28,34,28,34,
MOT17-13-FRCNN,255,28,35,47,u_to_v,1,95,48,28,35,28,35,
MOT17-13-FRCNN,256,4,36,49,v_to_u,1,76,50,36,4,36,4,
MOT17-13-FRCNN,257,6,36,49,v_to_u,1,194,50,36,6,36,6,
MOT17-13-FRCNN,258,7,36,49,v_to_u,1,70,50,36,7,36,7,
MOT17-13-FRCNN,259,8,36,49,v_to_u,1,97,50,36,8,36,8,
MOT17-13-FRCNN,260,9,36,49,v_to_u,1,245,50,36,9,36,9,
MOT17-13-FRCNN,261,12,36,49,v_to_u,1,328,50,36,12,36,12,
MOT17-13-FRCNN,262,13,36,49,v_to_u,1,351,50,36,13,36,13,
MOT17-13-FRCNN,263,14,36,49,v_to_u,1,106,50,36,14,36,14,
MOT17-13-FRCNN,264,15,36,49,v_to_u,1,173,50,36,15,36,15,
MOT17-13-FRCNN,265,16,36,49,v_to_u,1,89,50,36,16,36,16,
MOT17-13-FRCNN,266,17,36,49,v_to_u,1,107,50,36,17,36,17,
MOT17-13-FRCNN,267,18,36,49,v_to_u,1,319,50,36,18,36,18,
MOT17-13-FRCNN,268,20,36,49,v_to_u,1,83,50,36,20,36,20,
MOT17-13-FRCNN,269,21,36,49,v_to_u,1,95,50,36,21,36,21,
MOT17-13-FRCNN,270,22,36,49,v_to_u,1,22,50,36,22,36,22,
MOT17-13-FRCNN,271,24,36,49,v_to_u,1,135,50,36,24,36,24,
MOT17-13-FRCNN,272,26,36,49,v_to_u,1,10,50,36,26,36,26,
MOT17-13-FRCNN,273,27,36,49,v_to_u,1,239,50,36,27,36,27,
MOT17-13-FRCNN,274,30,36,49,v_to_u,1,86,50,36,30,36,30,
MOT17-13-FRCNN,275,32,36,49,v_to_u,1,71,50,36,32,36,32,
MOT17-13-FRCNN,276,33,36,49,v_to_u,1,9,50,36,33,36,33,
MOT17-13-FRCNN,277,34,36,49,v_to_u,1,127,50,36,34,36,34,
MOT17-13-FRCNN,278,35,36,49,v_to_u,1,93,50,36,35,36,35,
MOT17-13-FRCNN,279,22,32,51,u_to_v,1,69,76,22,32,22,32,
MOT17-13-FRCNN,280,22,32,51,v_to_u,1,20,52,32,22,32,22,
MOT17-13-FRCNN,281,26,32,51,u_to_v,1,69,76,26,32,26,32,
MOT17-13-FRCNN,282,26,32,51,v_to_u,1,8,52,32,26,32,26,
MOT17-13-FRCNN,283,32,33,51,u_to_v,1,7,52,32,33,32,33,
MOT17-13-FRCNN,284,32,33,51,v_to_u,1,69,76,33,32,33,32,
MOT17-13-FRCNN,285,4,33,58,v_to_u,1,67,59,33,4,33,4,
MOT17-13-FRCNN,286,6,33,58,v_to_u,1,185,59,33,6,33,6,
MOT17-13-FRCNN,287,7,33,58,v_to_u,1,61,59,33,7,33,7,
MOT17-13-FRCNN,288,8,33,58,v_to_u,1,88,59,33,8,33,8,
MOT17-13-FRCNN,289,9,33,58,v_to_u,1,236,59,33,9,33,9,
MOT17-13-FRCNN,290,12,33,58,v_to_u,1,319,59,33,12,33,12,
MOT17-13-FRCNN,291,13,33,58,v_to_u,1,342,59,33,13,33,13,
MOT17-13-FRCNN,292,14,33,58,v_to_u,1,97,59,33,14,33,14,
MOT17-13-FRCNN,293,15,33,58,v_to_u,1,164,59,33,15,33,15,
MOT17-13-FRCNN,294,16,33,58,v_to_u,1,80,59,33,16,33,16,
MOT17-13-FRCNN,295,17,33,58,v_to_u,1,98,59,33,17,33,17,
MOT17-13-FRCNN,296,18,33,58,v_to_u,1,310,59,33,18,33,18,
MOT17-13-FRCNN,297,20,33,58,v_to_u,1,74,59,33,20,33,20,
MOT17-13-FRCNN,298,21,33,58,v_to_u,1,86,59,33,21,33,21,
MOT17-13-FRCNN,299,22,33,58,v_to_u,1,13,59,33,22,33,22,
MOT17-13-FRCNN,300,24,33,58,v_to_u,1,126,59,33,24,33,24,
MOT17-13-FRCNN,301,26,33,58,v_to_u,1,1,59,33,26,33,26,
MOT17-13-FRCNN,302,27,33,58,v_to_u,1,230,59,33,27,33,27,
MOT17-13-FRCNN,303,30,33,58,v_to_u,1,77,59,33,30,33,30,
MOT17-13-FRCNN,304,33,34,58,u_to_v,1,118,59,33,34,33,34,
MOT17-13-FRCNN,305,33,35,58,u_to_v,1,84,59,33,35,33,35,
MOT17-13-FRCNN,306,33,37,58,u_to_v,1,71,59,33,37,33,37,
MOT17-13-FRCNN,307,33,38,58,u_to_v,1,252,59,33,38,33,38,
MOT17-13-FRCNN,308,4,26,59,v_to_u,1,66,60,26,4,26,4,
MOT17-13-FRCNN,309,6,26,59,v_to_u,1,184,60,26,6,26,6,
MOT17-13-FRCNN,310,7,26,59,v_to_u,1,60,60,26,7,26,7,
MOT17-13-FRCNN,311,8,26,59,v_to_u,1,87,60,26,8,26,8,
MOT17-13-FRCNN,312,9,26,59,v_to_u,1,235,60,26,9,26,9,
MOT17-13-FRCNN,313,12,26,59,v_to_u,1,318,60,26,12,26,12,
MOT17-13-FRCNN,314,13,26,59,v_to_u,1,341,60,26,13,26,13,
MOT17-13-FRCNN,315,14,26,59,v_to_u,1,96,60,26,14,26,14,
MOT17-13-FRCNN,316,15,26,59,v_to_u,1,163,60,26,15,26,15,
MOT17-13-FRCNN,317,16,26,59,v_to_u,1,79,60,26,16,26,16,
MOT17-13-FRCNN,318,17,26,59,v_to_u,1,97,60,26,17,26,17,
MOT17-13-FRCNN,319,18,26,59,v_to_u,1,309,60,26,18,26,18,
MOT17-13-FRCNN,320,20,26,59,v_to_u,1,73,60,26,20,26,20,
MOT17-13-FRCNN,321,21,26,59,v_to_u,1,85,60,26,21,26,21,
MOT17-13-FRCNN,322,22,26,59,v_to_u,1,12,60,26,22,26,22,
MOT17-13-FRCNN,323,24,26,59,v_to_u,1,125,60,26,24,26,24,
MOT17-13-FRCNN,324,26,27,59,u_to_v,1,229,60,26,27,26,27,
MOT17-13-FRCNN,325,26,30,59,u_to_v,1,76,60,26,30,26,30,
MOT17-13-FRCNN,326,26,34,59,u_to_v,1,117,60,26,34,26,34,
MOT17-13-FRCNN,327,26,35,59,u_to_v,1,83,60,26,35,26,35,
MOT17-13-FRCNN,328,26,37,59,u_to_v,1,70,60,26,37,26,37,
MOT17-13-FRCNN,329,26,38,59,u_to_v,1,251,60,26,38,26,38,
MOT17-13-FRCNN,330,4,39,64,v_to_u,1,61,65,39,4,39,4,
MOT17-13-FRCNN,331,6,39,64,v_to_u,1,179,65,39,6,39,6,
MOT17-13-FRCNN,332,7,39,64,v_to_u,1,55,65,39,7,39,7,
MOT17-13-FRCNN,333,8,39,64,v_to_u,1,82,65,39,8,39,8,
MOT17-13-FRCNN,334,9,39,64,v_to_u,1,230,65,39,9,39,9,
MOT17-13-FRCNN,335,12,39,64,v_to_u,1,313,65,39,12,39,12,
MOT17-13-FRCNN,336,13,39,64,v_to_u,1,336,65,39,13,39,13,
MOT17-13-FRCNN,337,14,39,64,v_to_u,1,91,65,39,14,39,14,
MOT17-13-FRCNN,338,15,39,64,v_to_u,1,158,65,39,15,39,15,
MOT17-13-FRCNN,339,16,39,64,v_to_u,1,74,65,39,16,39,16,
MOT17-13-FRCNN,340,17,39,64,v_to_u,1,92,65,39,17,39,17,
MOT17-13-FRCNN,341,18,39,64,v_to_u,1,304,65,39,18,39,18,
MOT17-13-FRCNN,342,20,39,64,v_to_u,1,68,65,39,20,39,20,
MOT17-13-FRCNN,343,21,39,64,v_to_u,1,80,65,39,21,39,21,
MOT17-13-FRCNN,344,22,39,64,v_to_u,1,7,65,39,22,39,22,
MOT17-13-FRCNN,345,24,39,64,v_to_u,1,120,65,39,24,39,24,
MOT17-13-FRCNN,346,27,39,64,v_to_u,1,224,65,39,27,39,27,
MOT17-13-FRCNN,347,30,39,64,v_to_u,1,71,65,39,30,39,30,
MOT17-13-FRCNN,348,34,39,64,v_to_u,1,112,65,39,34,39,34,
MOT17-13-FRCNN,349,35,39,64,v_to_u,1,78,65,39,35,39,35,
MOT17-13-FRCNN,350,37,39,64,v_to_u,1,65,65,39,37,39,37,
MOT17-13-FRCNN,351,38,39,64,v_to_u,1,246,65,39,38,39,38,
MOT17-13-FRCNN,352,39,40,64,u_to_v,1,168,65,39,40,39,40,
MOT17-13-FRCNN,353,4,22,71,v_to_u,1,54,72,22,4,22,4,
MOT17-13-FRCNN,354,6,22,71,v_to_u,1,172,72,22,6,22,6,
MOT17-13-FRCNN,355,7,22,71,v_to_u,1,48,72,22,7,22,7,
MOT17-13-FRCNN,356,8,22,71,v_to_u,1,75,72,22,8,22,8,
MOT17-13-FRCNN,357,9,22,71,v_to_u,1,223,72,22,9,22,9,
MOT17-13-FRCNN,358,12,22,71,v_to_u,1,306,72,22,12,22,12,
MOT17-13-FRCNN,359,13,22,71,v_to_u,1,329,72,22,13,22,13,
MOT17-13-FRCNN,360,14,22,71,v_to_u,1,84,72,22,14,22,14,
MOT17-13-FRCNN,361,15,22,71,v_to_u,1,151,72,22,15,22,15,
MOT17-13-FRCNN,362,16,22,71,v_to_u,1,67,72,22,16,22,16,
MOT17-13-FRCNN,363,17,22,71,v_to_u,1,85,72,22,17,22,17,
MOT17-13-FRCNN,364,18,22,71,v_to_u,1,297,72,22,18,22,18,
MOT17-13-FRCNN,365,20,22,71,v_to_u,1,61,72,22,20,22,20,
MOT17-13-FRCNN,366,21,22,71,v_to_u,1,73,72,22,21,22,21,
MOT17-13-FRCNN,367,22,24,71,u_to_v,1,113,72,22,24,22,24,
MOT17-13-FRCNN,368,22,27,71,u_to_v,1,217,72,22,27,22,27,
MOT17-13-FRCNN,369,22,30,71,u_to_v,1,64,72,22,30,22,30,
MOT17-13-FRCNN,370,22,34,71,u_to_v,1,105,72,22,34,22,34,
MOT17-13-FRCNN,371,22,35,71,u_to_v,1,71,72,22,35,22,35,
MOT17-13-FRCNN,372,22,37,71,u_to_v,1,58,72,22,37,22,37,
MOT17-13-FRCNN,373,22,38,71,u_to_v,1,239,72,22,38,22,38,
MOT17-13-FRCNN,374,22,40,71,u_to_v,1,161,72,22,40,22,40,
MOT17-13-FRCNN,375,22,41,71,u_to_v,1,39,72,22,41,22,41,
MOT17-13-FRCNN,376,22,42,71,u_to_v,1,60,72,22,42,22,42,
MOT17-13-FRCNN,377,22,43,71,u_to_v,1,160,72,22,43,22,43,
MOT17-13-FRCNN,378,4,44,72,v_to_u,1,53,73,44,4,44,4,
MOT17-13-FRCNN,379,6,44,72,v_to_u,1,171,73,44,6,44,6,
MOT17-13-FRCNN,380,7,44,72,v_to_u,1,47,73,44,7,44,7,
MOT17-13-FRCNN,381,8,44,72,v_to_u,1,74,73,44,8,44,8,
MOT17-13-FRCNN,382,9,44,72,v_to_u,1,222,73,44,9,44,9,
MOT17-13-FRCNN,383,12,44,72,v_to_u,1,305,73,44,12,44,12,
MOT17-13-FRCNN,384,13,44,72,v_to_u,1,328,73,44,13,44,13,
MOT17-13-FRCNN,385,14,44,72,v_to_u,1,83,73,44,14,44,14,
MOT17-13-FRCNN,386,15,44,72,v_to_u,1,150,73,44,15,44,15,
MOT17-13-FRCNN,387,16,44,72,v_to_u,1,66,73,44,16,44,16,
MOT17-13-FRCNN,388,17,44,72,v_to_u,1,84,73,44,17,44,17,
MOT17-13-FRCNN,389,18,44,72,v_to_u,1,296,73,44,18,44,18,
MOT17-13-FRCNN,390,20,44,72,v_to_u,1,60,73,44,20,44,20,
MOT17-13-FRCNN,391,21,44,72,v_to_u,1,72,73,44,21,44,21,
MOT17-13-FRCNN,392,24,44,72,v_to_u,1,112,73,44,24,44,24,
MOT17-13-FRCNN,393,27,44,72,v_to_u,1,216,73,44,27,44,27,
MOT17-13-FRCNN,394,30,44,72,v_to_u,1,63,73,44,30,44,30,
MOT17-13-FRCNN,395,34,44,72,v_to_u,1,104,73,44,34,44,34,
MOT17-13-FRCNN,396,35,44,72,v_to_u,1,70,73,44,35,44,35,
MOT17-13-FRCNN,397,37,44,72,v_to_u,1,57,73,44,37,44,37,
MOT17-13-FRCNN,398,38,44,72,v_to_u,1,238,73,44,38,44,38,
MOT17-13-FRCNN,399,40,44,72,v_to_u,1,160,73,44,40,44,40,
MOT17-13-FRCNN,400,41,44,72,v_to_u,1,38,73,44,41,44,41,
MOT17-13-FRCNN,401,42,44,72,v_to_u,1,59,73,44,42,44,42,
MOT17-13-FRCNN,402,43,44,72,v_to_u,1,159,73,44,43,44,43,
MOT17-13-FRCNN,403,4,45,75,v_to_u,1,50,76,45,4,45,4,
MOT17-13-FRCNN,404,4,46,75,v_to_u,1,50,76,46,4,46,4,
MOT17-13-FRCNN,405,6,45,75,v_to_u,1,168,76,45,6,45,6,
MOT17-13-FRCNN,406,6,46,75,v_to_u,1,168,76,46,6,46,6,
MOT17-13-FRCNN,407,7,45,75,v_to_u,1,44,76,45,7,45,7,
MOT17-13-FRCNN,408,7,46,75,v_to_u,1,44,76,46,7,46,7,
MOT17-13-FRCNN,409,8,45,75,v_to_u,1,71,76,45,8,45,8,
MOT17-13-FRCNN,410,8,46,75,v_to_u,1,71,76,46,8,46,8,
MOT17-13-FRCNN,411,9,45,75,v_to_u,1,219,76,45,9,45,9,
MOT17-13-FRCNN,412,9,46,75,v_to_u,1,219,76,46,9,46,9,
MOT17-13-FRCNN,413,12,45,75,v_to_u,1,302,76,45,12,45,12,
MOT17-13-FRCNN,414,12,46,75,v_to_u,1,302,76,46,12,46,12,
MOT17-13-FRCNN,415,13,45,75,v_to_u,1,325,76,45,13,45,13,
MOT17-13-FRCNN,416,13,46,75,v_to_u,1,325,76,46,13,46,13,
MOT17-13-FRCNN,417,14,45,75,v_to_u,1,80,76,45,14,45,14,
MOT17-13-FRCNN,418,14,46,75,v_to_u,1,80,76,46,14,46,14,
MOT17-13-FRCNN,419,15,45,75,v_to_u,1,147,76,45,15,45,15,
MOT17-13-FRCNN,420,15,46,75,v_to_u,1,147,76,46,15,46,15,
MOT17-13-FRCNN,421,16,45,75,v_to_u,1,63,76,45,16,45,16,
MOT17-13-FRCNN,422,16,46,75,v_to_u,1,63,76,46,16,46,16,
MOT17-13-FRCNN,423,17,45,75,v_to_u,1,81,76,45,17,45,17,
MOT17-13-FRCNN,424,17,46,75,v_to_u,1,81,76,46,17,46,17,
MOT17-13-FRCNN,425,18,45,75,v_to_u,1,293,76,45,18,45,18,
MOT17-13-FRCNN,426,18,46,75,v_to_u,1,293,76,46,18,46,18,
MOT17-13-FRCNN,427,20,45,75,v_to_u,1,57,76,45,20,45,20,
MOT17-13-FRCNN,428,20,46,75,v_to_u,1,57,76,46,20,46,20,
MOT17-13-FRCNN,429,21,45,75,v_to_u,1,69,76,45,21,45,21,
MOT17-13-FRCNN,430,21,46,75,v_to_u,1,69,76,46,21,46,21,
MOT17-13-FRCNN,431,24,45,75,v_to_u,1,109,76,45,24,45,24,
MOT17-13-FRCNN,432,24,46,75,v_to_u,1,109,76,46,24,46,24,
MOT17-13-FRCNN,433,27,45,75,v_to_u,1,213,76,45,27,45,27,
MOT17-13-FRCNN,434,27,46,75,v_to_u,1,213,76,46,27,46,27,
MOT17-13-FRCNN,435,30,45,75,v_to_u,1,60,76,45,30,45,30,
MOT17-13-FRCNN,436,30,46,75,v_to_u,1,60,76,46,30,46,30,
MOT17-13-FRCNN,437,34,45,75,v_to_u,1,101,76,45,34,45,34,
MOT17-13-FRCNN,438,34,46,75,v_to_u,1,101,76,46,34,46,34,
MOT17-13-FRCNN,439,35,45,75,v_to_u,1,67,76,45,35,45,35,
MOT17-13-FRCNN,440,35,46,75,v_to_u,1,67,76,46,35,46,35,
MOT17-13-FRCNN,441,37,45,75,v_to_u,1,54,76,45,37,45,37,
MOT17-13-FRCNN,442,37,46,75,v_to_u,1,54,76,46,37,46,37,
MOT17-13-FRCNN,443,38,45,75,v_to_u,1,235,76,45,38,45,38,
MOT17-13-FRCNN,444,38,46,75,v_to_u,1,235,76,46,38,46,38,
MOT17-13-FRCNN,445,40,45,75,v_to_u,1,157,76,45,40,45,40,
MOT17-13-FRCNN,446,40,46,75,v_to_u,1,157,76,46,40,46,40,
MOT17-13-FRCNN,447,41,45,75,v_to_u,1,35,76,45,41,45,41,
MOT17-13-FRCNN,448,41,46,75,v_to_u,1,35,76,46,41,46,41,
MOT17-13-FRCNN,449,42,45,75,v_to_u,1,56,76,45,42,45,42,
MOT17-13-FRCNN,450,42,46,75,v_to_u,1,56,76,46,42,46,42,
MOT17-13-FRCNN,451,43,45,75,v_to_u,1,156,76,45,43,45,43,
MOT17-13-FRCNN,452,43,46,75,v_to_u,1,156,76,46,43,46,43,
MOT17-13-FRCNN,453,4,49,87,v_to_u,1,38,88,49,4,49,4,
MOT17-13-FRCNN,454,6,49,87,v_to_u,1,156,88,49,6,49,6,
MOT17-13-FRCNN,455,7,49,87,v_to_u,1,32,88,49,7,49,7,
MOT17-13-FRCNN,456,8,49,87,v_to_u,1,59,88,49,8,49,8,
MOT17-13-FRCNN,457,9,49,87,v_to_u,1,207,88,49,9,49,9,
MOT17-13-FRCNN,458,12,49,87,v_to_u,1,290,88,49,12,49,12,
MOT17-13-FRCNN,459,13,49,87,v_to_u,1,313,88,49,13,49,13,
MOT17-13-FRCNN,460,14,49,87,v_to_u,1,68,88,49,14,49,14,
MOT17-13-FRCNN,461,15,49,87,v_to_u,1,135,88,49,15,49,15,
MOT17-13-FRCNN,462,16,49,87,v_to_u,1,51,88,49,16,49,16,
MOT17-13-FRCNN,463,17,49,87,v_to_u,1,69,88,49,17,49,17,
MOT17-13-FRCNN,464,18,49,87,v_to_u,1,281,88,49,18,49,18,
MOT17-13-FRCNN,465,20,49,87,v_to_u,1,45,88,49,20,49,20,
MOT17-13-FRCNN,466,21,49,87,v_to_u,1,57,88,49,21,49,21,
MOT17-13-FRCNN,467,24,49,87,v_to_u,1,97,88,49,24,49,24,
MOT17-13-FRCNN,468,27,49,87,v_to_u,1,201,88,49,27,49,27,
MOT17-13-FRCNN,469,30,49,87,v_to_u,1,48,88,49,30,49,30,
MOT17-13-FRCNN,470,32,49,87,v_to_u,1,57,88,49,32,49,32,
MOT17-13-FRCNN,471,34,49,87,v_to_u,1,89,88,49,34,49,34,
MOT17-13-FRCNN,472,35,49,87,v_to_u,1,55,88,49,35,49,35,
MOT17-13-FRCNN,473,37,49,87,v_to_u,1,42,88,49,37,49,37,
MOT17-13-FRCNN,474,38,49,87,v_to_u,1,223,88,49,38,49,38,
MOT17-13-FRCNN,475,40,49,87,v_to_u,1,145,88,49,40,49,40,
MOT17-13-FRCNN,476,41,49,87,v_to_u,1,23,88,49,41,49,41,
MOT17-13-FRCNN,477,42,49,87,v_to_u,1,44,88,49,42,49,42,
MOT17-13-FRCNN,478,43,49,87,v_to_u,1,144,88,49,43,49,43,
MOT17-13-FRCNN,479,47,49,87,v_to_u,1,45,88,49,47,49,47,
MOT17-13-FRCNN,480,48,49,87,v_to_u,1,66,88,49,48,49,48,
MOT17-13-FRCNN,481,4,50,92,v_to_u,1,33,93,50,4,50,4,
MOT17-13-FRCNN,482,6,50,92,v_to_u,1,151,93,50,6,50,6,
MOT17-13-FRCNN,483,7,50,92,v_to_u,1,27,93,50,7,50,7,
MOT17-13-FRCNN,484,8,50,92,v_to_u,1,54,93,50,8,50,8,
MOT17-13-FRCNN,485,9,50,92,v_to_u,1,202,93,50,9,50,9,
MOT17-13-FRCNN,486,12,50,92,v_to_u,1,285,93,50,12,50,12,
MOT17-13-FRCNN,487,13,50,92,v_to_u,1,308,93,50,13,50,13,
MOT17-13-FRCNN,488,14,50,92,v_to_u,1,63,93,50,14,50,14,
MOT17-13-FRCNN,489,15,50,92,v_to_u,1,130,93,50,15,50,15,
MOT17-13-FRCNN,490,16,50,92,v_to_u,1,46,93,50,16,50,16,
MOT17-13-FRCNN,491,17,50,92,v_to_u,1,64,93,50,17,50,17,
MOT17-13-FRCNN,492,18,50,92,v_to_u,1,276,93,50,18,50,18,
MOT17-13-FRCNN,493,20,50,92,v_to_u,1,40,93,50,20,50,20,
MOT17-13-FRCNN,494,21,50,92,v_to_u,1,52,93,50,21,50,21,
MOT17-13-FRCNN,495,24,50,92,v_to_u,1,92,93,50,24,50,24,
MOT17-13-FRCNN,496,27,50,92,v_to_u,1,196,93,50,27,50,27,
MOT17-13-FRCNN,497,30,50,92,v_to_u,1,43,93,50,30,50,30,
MOT17-13-FRCNN,498,32,50,92,v_to_u,1,52,93,50,32,50,32,
MOT17-13-FRCNN,499,34,50,92,v_to_u,1,84,93,50,34,50,34,
MOT17-13-FRCNN,500,35,50,92,v_to_u,1,50,93,50,35,50,35,
MOT17-13-FRCNN,501,37,50,92,v_to_u,1,37,93,50,37,50,37,
MOT17-13-FRCNN,502,38,50,92,v_to_u,1,218,93,50,38,50,38,
MOT17-13-FRCNN,503,40,50,92,v_to_u,1,140,93,50,40,50,40,
MOT17-13-FRCNN,504,41,50,92,v_to_u,1,18,93,50,41,50,41,
MOT17-13-FRCNN,505,42,50,92,v_to_u,1,39,93,50,42,50,42,
MOT17-13-FRCNN,506,43,50,92,v_to_u,1,139,93,50,43,50,43,
MOT17-13-FRCNN,507,47,50,92,v_to_u,1,40,93,50,47,50,47,
MOT17-13-FRCNN,508,48,50,92,v_to_u,1,61,93,50,48,50,48,
MOT17-13-FRCNN,509,4,42,107,u_to_v,1,24,131,4,42,4,42,
MOT17-13-FRCNN,510,4,42,107,v_to_u,1,18,108,42,4,42,4,
MOT17-13-FRCNN,511,4,54,107,v_to_u,1,18,108,54,4,54,4,
MOT17-13-FRCNN,512,6,54,107,v_to_u,1,136,108,54,6,54,6,
MOT17-13-FRCNN,513,7,42,107,u_to_v,1,24,131,7,42,7,42,
MOT17-13-FRCNN,514,7,42,107,v_to_u,1,12,108,42,7,42,7,
MOT17-13-FRCNN,515,7,54,107,v_to_u,1,12,108,54,7,54,7,
MOT17-13-FRCNN,516,8,54,107,v_to_u,1,39,108,54,8,54,8,
MOT17-13-FRCNN,517,9,54,107,v_to_u,1,187,108,54,9,54,9,
MOT17-13-FRCNN,518,12,54,107,v_to_u,1,270,108,54,12,54,12,
MOT17-13-FRCNN,519,13,54,107,v_to_u,1,293,108,54,13,54,13,
MOT17-13-FRCNN,520,14,54,107,v_to_u,1,48,108,54,14,54,14,
MOT17-13-FRCNN,521,15,54,107,v_to_u,1,115,108,54,15,54,15,
MOT17-13-FRCNN,522,16,54,107,v_to_u,1,31,108,54,16,54,16,
MOT17-13-FRCNN,523,17,54,107,v_to_u,1,49,108,54,17,54,17,
MOT17-13-FRCNN,524,18,54,107,v_to_u,1,261,108,54,18,54,18,
MOT17-13-FRCNN,525,20,54,107,v_to_u,1,25,108,54,20,54,20,
MOT17-13-FRCNN,526,21,54,107,v_to_u,1,37,108,54,21,54,21,
MOT17-13-FRCNN,527,24,54,107,v_to_u,1,77,108,54,24,54,24,
MOT17-13-FRCNN,528,27,54,107,v_to_u,1,181,108,54,27,54,27,
MOT17-13-FRCNN,529,30,54,107,v_to_u,1,28,108,54,30,54,30,
MOT17-13-FRCNN,530,32,54,107,v_to_u,1,37,108,54,32,54,32,
MOT17-13-FRCNN,531,34,54,107,v_to_u,1,69,108,54,34,54,34,
MOT17-13-FRCNN,532,35,54,107,v_to_u,1,35,108,54,35,54,35,
MOT17-13-FRCNN,533,37,42,107,u_to_v,1,24,131,37,42,37,42,
MOT17-13-FRCNN,534,37,42,107,v_to_u,1,22,108,42,37,42,37,
MOT17-13-FRCNN,535,37,54,107,v_to_u,1,22,108,54,37,54,37,
MOT17-13-FRCNN,536,38,54,107,v_to_u,1,203,108,54,38,54,38,
MOT17-13-FRCNN,537,40,54,107,v_to_u,1,125,108,54,40,54,40,
MOT17-13-FRCNN,538,41,42,107,u_to_v,1,24,131,41,42,41,42,
MOT17-13-FRCNN,539,41,42,107,v_to_u,1,3,108,42,41,42,41,
MOT17-13-FRCNN,540,41,54,107,v_to_u,1,3,108,54,41,54,41,
MOT17-13-FRCNN,541,42,54,107,v_to_u,1,24,131,54,42,54,42,
MOT17-13-FRCNN,542,43,54,107,v_to_u,1,124,108,54,43,54,43,
MOT17-13-FRCNN,543,47,54,107,v_to_u,1,25,108,54,47,54,47,
MOT17-13-FRCNN,544,48,54,107,v_to_u,1,46,108,54,48,54,48,
MOT17-13-FRCNN,545,51,54,107,v_to_u,1,120,108,54,51,54,51,
MOT17-13-FRCNN,546,52,54,107,v_to_u,1,128,108,54,52,54,52,
MOT17-13-FRCNN,547,53,54,107,v_to_u,1,233,108,54,53,54,53,
MOT17-13-FRCNN,548,4,41,110,v_to_u,1,15,111,41,4,41,4,
MOT17-13-FRCNN,549,6,41,110,v_to_u,1,133,111,41,6,41,6,
MOT17-13-FRCNN,550,7,41,110,v_to_u,1,9,111,41,7,41,7,
MOT17-13-FRCNN,551,8,41,110,v_to_u,1,36,111,41,8,41,8,
MOT17-13-FRCNN,552,9,41,110,v_to_u,1,184,111,41,9,41,9,
MOT17-13-FRCNN,553,12,41,110,v_to_u,1,267,111,41,12,41,12,
MOT17-13-FRCNN,554,13,41,110,v_to_u,1,290,111,41,13,41,13,
MOT17-13-FRCNN,555,14,41,110,v_to_u,1,45,111,41,14,41,14,
MOT17-13-FRCNN,556,15,41,110,v_to_u,1,112,111,41,15,41,15,
MOT17-13-FRCNN,557,16,41,110,v_to_u,1,28,111,41,16,41,16,
MOT17-13-FRCNN,558,17,41,110,v_to_u,1,46,111,41,17,41,17,
MOT17-13-FRCNN,559,18,41,110,v_to_u,1,258,111,41,18,41,18,
MOT17-13-FRCNN,560,20,41,110,v_to_u,1,22,111,41,20,41,20,
MOT17-13-FRCNN,561,21,41,110,v_to_u,1,34,111,41,21,41,21,
MOT17-13-FRCNN,562,24,41,110,v_to_u,1,74,111,41,24,41,24,
MOT17-13-FRCNN,563,27,41,110,v_to_u,1,178,111,41,27,41,27,
MOT17-13-FRCNN,564,30,41,110,v_to_u,1,25,111,41,30,41,30,
MOT17-13-FRCNN,565,32,41,110,v_to_u,1,34,111,41,32,41,32,
MOT17-13-FRCNN,566,34,41,110,v_to_u,1,66,111,41,34,41,34,
MOT17-13-FRCNN,567,35,41,110,v_to_u,1,32,111,41,35,41,35,
MOT17-13-FRCNN,568,37,41,110,v_to_u,1,19,111,41,37,41,37,
MOT17-13-FRCNN,569,38,41,110,v_to_u,1,200,111,41,38,41,38,
MOT17-13-FRCNN,570,40,41,110,v_to_u,1,122,111,41,40,41,40,
MOT17-13-FRCNN,571,41,43,110,u_to_v,1,121,111,41,43,41,43,
MOT17-13-FRCNN,572,41,47,110,u_to_v,1,22,111,41,47,41,47,
MOT17-13-FRCNN,573,41,48,110,u_to_v,1,43,111,41,48,41,48,
MOT17-13-FRCNN,574,41,51,110,u_to_v,1,117,111,41,51,41,51,
MOT17-13-FRCNN,575,41,52,110,u_to_v,1,125,111,41,52,41,52,
MOT17-13-FRCNN,576,41,53,110,u_to_v,1,230,111,41,53,41,53,
MOT17-13-FRCNN,577,4,51,113,u_to_v,1,114,133,4,51,4,51,
MOT17-13-FRCNN,578,4,51,113,v_to_u,1,12,114,51,4,51,4,
MOT17-13-FRCNN,579,7,51,113,u_to_v,1,114,133,7,51,7,51,
MOT17-13-FRCNN,580,7,51,113,v_to_u,1,6,114,51,7,51,7,
MOT17-13-FRCNN,581,20,51,113,u_to_v,1,114,133,20,51,20,51,
MOT17-13-FRCNN,582,20,51,113,v_to_u,1,19,114,51,20,51,20,
MOT17-13-FRCNN,583,37,51,113,u_to_v,1,114,133,37,51,37,51,
MOT17-13-FRCNN,584,37,51,113,v_to_u,1,16,114,51,37,51,37,
MOT17-13-FRCNN,585,47,51,113,u_to_v,1,114,133,47,51,47,51,
MOT17-13-FRCNN,586,47,51,113,v_to_u,1,19,114,51,47,51,47,
MOT17-13-FRCNN,587,4,7,119,v_to_u,1,6,120,7,4,7,4,
MOT17-13-FRCNN,588,6,7,119,v_to_u,1,124,120,7,6,7,6,
MOT17-13-FRCNN,589,7,8,119,u_to_v,1,27,120,7,8,7,8,
MOT17-13-FRCNN,590,7,9,119,u_to_v,1,175,120,7,9,7,9,
MOT17-13-FRCNN,591,7,12,119,u_to_v,1,258,120,7,12,7,12,
MOT17-13-FRCNN,592,7,13,119,u_to_v,1,281,120,7,13,7,13,
MOT17-13-FRCNN,593,7,14,119,u_to_v,1,36,120,7,14,7,14,
MOT17-13-FRCNN,594,7,15,119,u_to_v,1,103,120,7,15,7,15,
MOT17-13-FRCNN,595,7,16,119,u_to_v,1,19,120,7,16,7,16,
MOT17-13-FRCNN,596,7,17,119,u_to_v,1,37,120,7,17,7,17,
MOT17-13-FRCNN,597,7,18,119,u_to_v,1,249,120,7,18,7,18,
MOT17-13-FRCNN,598,7,20,119,u_to_v,1,13,120,7,20,7,20,
MOT17-13-FRCNN,599,7,21,119,u_to_v,1,25,120,7,21,7,21,
MOT17-13-FRCNN,600,7,24,119,u_to_v,1,65,120,7,24,7,24,
MOT17-13-FRCNN,601,7,27,119,u_to_v,1,169,120,7,27,7,27,
MOT17-13-FRCNN,602,7,30,119,u_to_v,1,16,120,7,30,7,30,
MOT17-13-FRCNN,603,7,32,119,u_to_v,1,25,120,7,32,7,32,
MOT17-13-FRCNN,604,7,34,119,u_to_v,1,57,120,7,34,7,34,
MOT17-13-FRCNN,605,7,35,119,u_to_v,1,23,120,7,35,7,35,
MOT17-13-FRCNN,606,7,37,119,u_to_v,1,10,120,7,37,7,37,
MOT17-13-FRCNN,607,7,38,119,u_to_v,1,191,120,7,38,7,38,
MOT17-13-FRCNN,608,7,40,119,u_to_v,1,113,120,7,40,7,40,
MOT17-13-FRCNN,609,7,43,119,u_to_v,1,112,120,7,43,7,43,
MOT17-13-FRCNN,610,7,47,119,u_to_v,1,13,120,7,47,7,47,
MOT17-13-FRCNN,611,7,48,119,u_to_v,1,34,120,7,48,7,48,
MOT17-13-FRCNN,612,7,52,119,u_to_v,1,116,120,7,52,7,52,
MOT17-13-FRCNN,613,7,53,119,u_to_v,1,221,120,7,53,7,53,
MOT17-13-FRCNN,614,7,55,119,u_to_v,1,66,120,7,55,7,55,
MOT17-13-FRCNN,615,7,56,119,u_to_v,1,43,120,7,56,7,56,
MOT17-13-FRCNN,616,4,57,122,v_to_u,1,3,123,57,4,57,4,
MOT17-13-FRCNN,617,4,58,122,v_to_u,1,3,123,58,4,58,4,
MOT17-13-FRCNN,618,6,57,122,v_to_u,1,121,123,57,6,57,6,
MOT17-13-FRCNN,619,6,58,122,v_to_u,1,121,123,58,6,58,6,
MOT17-13-FRCNN,620,8,57,122,v_to_u,1,24,123,57,8,57,8,
MOT17-13-FRCNN,621,8,58,122,v_to_u,1,24,123,58,8,58,8,
MOT17-13-FRCNN,622,9,57,122,v_to_u,1,172,123,57,9,57,9,
MOT17-13-FRCNN,623,9,58,122,v_to_u,1,172,123,58,9,58,9,
MOT17-13-FRCNN,624,12,57,122,v_to_u,1,255,123,57,12,57,12,
MOT17-13-FRCNN,625,12,58,122,v_to_u,1,255,123,58,12,58,12,
MOT17-13-FRCNN,626,13,57,122,v_to_u,1,278,123,57,13,57,13,
MOT17-13-FRCNN,627,13,58,122,v_to_u,1,278,123,58,13,58,13,
MOT17-13-FRCNN,628,14,57,122,v_to_u,1,33,123,57,14,57,14,
MOT17-13-FRCNN,629,14,58,122,v_to_u,1,33,123,58,14,58,14,
MOT17-13-FRCNN,630,15,57,122,v_to_u,1,100,123,57,15,57,15,
MOT17-13-FRCNN,631,15,58,122,v_to_u,1,100,123,58,15,58,15,
MOT17-13-FRCNN,632,16,57,122,v_to_u,1,16,123,57,16,57,16,
MOT17-13-FRCNN,633,16,58,122,v_to_u,1,16,123,58,16,58,16,
MOT17-13-FRCNN,634,17,57,122,v_to_u,1,34,123,57,17,57,17,
MOT17-13-FRCNN,635,17,58,122,v_to_u,1,34,123,58,17,58,17,
MOT17-13-FRCNN,636,18,57,122,v_to_u,1,246,123,57,18,57,18,
MOT17-13-FRCNN,637,18,58,122,v_to_u,1,246,123,58,18,58,18,
MOT17-13-FRCNN,638,20,57,122,v_to_u,1,10,123,57,20,57,20,
MOT17-13-FRCNN,639,20,58,122,v_to_u,1,10,123,58,20,58,20,
MOT17-13-FRCNN,640,21,57,122,v_to_u,1,22,123,57,21,57,21,
MOT17-13-FRCNN,641,21,58,122,v_to_u,1,22,123,58,21,58,21,
MOT17-13-FRCNN,642,24,57,122,v_to_u,1,62,123,57,24,57,24,
MOT17-13-FRCNN,643,24,58,122,v_to_u,1,62,123,58,24,58,24,
MOT17-13-FRCNN,644,27,57,122,v_to_u,1,166,123,57,27,57,27,
MOT17-13-FRCNN,645,27,58,122,v_to_u,1,166,123,58,27,58,27,
MOT17-13-FRCNN,646,30,57,122,v_to_u,1,13,123,57,30,57,30,
MOT17-13-FRCNN,647,30,58,122,v_to_u,1,13,123,58,30,58,30,
MOT17-13-FRCNN,648,32,57,122,v_to_u,1,22,123,57,32,57,32,
MOT17-13-FRCNN,649,32,58,122,v_to_u,1,22,123,58,32,58,32,
MOT17-13-FRCNN,650,34,57,122,v_to_u,1,54,123,57,34,57,34,
MOT17-13-FRCNN,651,34,58,122,v_to_u,1,54,123,58,34,58,34,
MOT17-13-FRCNN,652,35,57,122,v_to_u,1,20,123,57,35,57,35,
MOT17-13-FRCNN,653,35,58,122,v_to_u,1,20,123,58,35,58,35,
MOT17-13-FRCNN,654,37,57,122,v_to_u,1,7,123,57,37,57,37,
MOT17-13-FRCNN,655,37,58,122,v_to_u,1,7,123,58,37,58,37,
MOT17-13-FRCNN,656,38,57,122,v_to_u,1,188,123,57,38,57,38,
MOT17-13-FRCNN,657,38,58,122,v_to_u,1,188,123,58,38,58,38,
MOT17-13-FRCNN,658,40,57,122,v_to_u,1,110,123,57,40,57,40,
MOT17-13-FRCNN,659,40,58,122,v_to_u,1,110,123,58,40,58,40,
MOT17-13-FRCNN,660,43,57,122,v_to_u,1,109,123,57,43,57,43,
MOT17-13-FRCNN,661,43,58,122,v_to_u,1,109,123,58,43,58,43,
MOT17-13-FRCNN,662,47,57,122,v_to_u,1,10,123,57,47,57,47,
MOT17-13-FRCNN,663,47,58,122,v_to_u,1,10,123,58,47,58,47,
MOT17-13-FRCNN,664,48,57,122,v_to_u,1,31,123,57,48,57,48,
MOT17-13-FRCNN,665,48,58,122,v_to_u,1,31,123,58,48,58,48,
MOT17-13-FRCNN,666,52,57,122,v_to_u,1,113,123,57,52,57,52,
MOT17-13-FRCNN,667,52,58,122,v_to_u,1,113,123,58,52,58,52,
MOT17-13-FRCNN,668,53,57,122,v_to_u,1,218,123,57,53,57,53,
MOT17-13-FRCNN,669,53,58,122,v_to_u,1,218,123,58,53,58,53,
MOT17-13-FRCNN,670,55,57,122,v_to_u,1,63,123,57,55,57,55,
MOT17-13-FRCNN,671,55,58,122,v_to_u,1,63,123,58,55,58,55,
MOT17-13-FRCNN,672,56,57,122,v_to_u,1,40,123,57,56,57,56,
MOT17-13-FRCNN,673,56,58,122,v_to_u,1,40,123,58,56,58,56,
MOT17-13-FRCNN,674,4,6,125,u_to_v,1,118,126,4,6,4,6,
MOT17-13-FRCNN,675,4,8,125,u_to_v,1,21,126,4,8,4,8,
MOT17-13-FRCNN,676,4,9,125,u_to_v,1,169,126,4,9,4,9,
MOT17-13-FRCNN,677,4,12,125,u_to_v,1,252,126,4,12,4,12,
MOT17-13-FRCNN,678,4,13,125,u_to_v,1,275,126,4,13,4,13,
MOT17-13-FRCNN,679,4,14,125,u_to_v,1,30,126,4,14,4,14,
MOT17-13-FRCNN,680,4,15,125,u_to_v,1,97,126,4,15,4,15,
MOT17-13-FRCNN,681,4,16,125,u_to_v,1,13,126,4,16,4,16,
MOT17-13-FRCNN,682,4,17,125,u_to_v,1,31,126,4,17,4,17,
MOT17-13-FRCNN,683,4,18,125,u_to_v,1,243,126,4,18,4,18,
MOT17-13-FRCNN,684,4,20,125,u_to_v,1,7,126,4,20,4,20,
MOT17-13-FRCNN,685,4,21,125,u_to_v,1,19,126,4,21,4,21,
MOT17-13-FRCNN,686,4,24,125,u_to_v,1,59,126,4,24,4,24,
MOT17-13-FRCNN,687,4,27,125,u_to_v,1,163,126,4,27,4,27,
MOT17-13-FRCNN,688,4,30,125,u_to_v,1,10,126,4,30,4,30,
MOT17-13-FRCNN,689,4,32,125,u_to_v,1,19,126,4,32,4,32,
MOT17-13-FRCNN,690,4,34,125,u_to_v,1,51,126,4,34,4,34,
MOT17-13-FRCNN,691,4,35,125,u_to_v,1,17,126,4,35,4,35,
MOT17-13-FRCNN,692,4,37,125,u_to_v,1,4,126,4,37,4,37,
MOT17-13-FRCNN,693,4,38,125,u_to_v,1,185,126,4,38,4,38,
MOT17-13-FRCNN,694,4,40,125,u_to_v,1,107,126,4,40,4,40,
MOT17-13-FRCNN,695,4,43,125,u_to_v,1,106,126,4,43,4,43,
MOT17-13-FRCNN,696,4,47,125,u_to_v,1,7,126,4,47,4,47,
MOT17-13-FRCNN,697,4,48,125,u_to_v,1,28,126,4,48,4,48,
MOT17-13-FRCNN,698,4,52,125,u_to_v,1,110,126,4,52,4,52,
MOT17-13-FRCNN,699,4,53,125,u_to_v,1,215,126,4,53,4,53,
MOT17-13-FRCNN,700,4,55,125,u_to_v,1,60,126,4,55,4,55,
MOT17-13-FRCNN,701,4,56,125,u_to_v,1,37,126,4,56,4,56,
MOT17-13-FRCNN,702,4,59,125,u_to_v,1,95,126,4,59,4,59,
MOT17-13-FRCNN,703,6,37,129,v_to_u,1,114,130,37,6,37,6,
MOT17-13-FRCNN,704,8,37,129,v_to_u,1,17,130,37,8,37,8,
MOT17-13-FRCNN,705,9,37,129,v_to_u,1,165,130,37,9,37,9,
MOT17-13-FRCNN,706,12,37,129,v_to_u,1,248,130,37,12,37,12,
MOT17-13-FRCNN,707,13,37,129,v_to_u,1,271,130,37,13,37,13,
MOT17-13-FRCNN,708,14,37,129,v_to_u,1,26,130,37,14,37,14,
MOT17-13-FRCNN,709,15,37,129,v_to_u,1,93,130,37,15,37,15,
MOT17-13-FRCNN,710,16,37,129,v_to_u,1,9,130,37,16,37,16,
MOT17-13-FRCNN,711,17,37,129,v_to_u,1,27,130,37,17,37,17,
MOT17-13-FRCNN,712,18,37,129,v_to_u,1,239,130,37,18,37,18,
MOT17-13-FRCNN,713,20,37,129,v_to_u,1,3,130,37,20,37,20,
MOT17-13-FRCNN,714,21,37,129,v_to_u,1,15,130,37,21,37,21,
MOT17-13-FRCNN,715,24,37,129,v_to_u,1,55,130,37,24,37,24,
MOT17-13-FRCNN,716,27,37,129,v_to_u,1,159,130,37,27,37,27,
MOT17-13-FRCNN,717,30,37,129,v_to_u,1,6,130,37,30,37,30,
MOT17-13-FRCNN,718,32,37,129,v_to_u,1,15,130,37,32,37,32,
MOT17-13-FRCNN,719,34,37,129,v_to_u,1,47,130,37,34,37,34,
MOT17-13-FRCNN,720,35,37,129,v_to_u,1,13,130,37,35,37,35,
MOT17-13-FRCNN,721,37,38,129,u_to_v,1,181,130,37,38,37,38,
MOT17-13-FRCNN,722,37,40,129,u_to_v,1,103,130,37,40,37,40,
MOT17-13-FRCNN,723,37,43,129,u_to_v,1,102,130,37,43,37,43,
MOT17-13-FRCNN,724,37,47,129,u_to_v,1,3,130,37,47,37,47,
MOT17-13-FRCNN,725,37,48,129,u_to_v,1,24,130,37,48,37,48,
MOT17-13-FRCNN,726,37,52,129,u_to_v,1,106,130,37,52,37,52,
MOT17-13-FRCNN,727,37,53,129,u_to_v,1,211,130,37,53,37,53,
MOT17-13-FRCNN,728,37,55,129,u_to_v,1,56,130,37,55,37,55,
MOT17-13-FRCNN,729,37,56,129,u_to_v,1,33,130,37,56,37,56,
MOT17-13-FRCNN,730,37,59,129,u_to_v,1,91,130,37,59,37,59,
MOT17-13-FRCNN,731,6,60,131,v_to_u,1,112,132,60,6,60,6,
MOT17-13-FRCNN,732,8,60,131,v_to_u,1,15,132,60,8,60,8,
MOT17-13-FRCNN,733,9,60,131,v_to_u,1,163,132,60,9,60,9,
MOT17-13-FRCNN,734,12,60,131,v_to_u,1,246,132,60,12,60,12,
MOT17-13-FRCNN,735,13,60,131,v_to_u,1,269,132,60,13,60,13,
MOT17-13-FRCNN,736,14,60,131,v_to_u,1,24,132,60,14,60,14,
MOT17-13-FRCNN,737,15,60,131,v_to_u,1,91,132,60,15,60,15,
MOT17-13-FRCNN,738,16,60,131,v_to_u,1,7,132,60,16,60,16,
MOT17-13-FRCNN,739,17,60,131,v_to_u,1,25,132,60,17,60,17,
MOT17-13-FRCNN,740,18,60,131,v_to_u,1,237,132,60,18,60,18,
MOT17-13-FRCNN,741,20,60,131,v_to_u,1,1,132,60,20,60,20,
MOT17-13-FRCNN,742,21,60,131,v_to_u,1,13,132,60,21,60,21,
MOT17-13-FRCNN,743,24,60,131,v_to_u,1,53,132,60,24,60,24,
MOT17-13-FRCNN,744,27,60,131,v_to_u,1,157,132,60,27,60,27,
MOT17-13-FRCNN,745,30,60,131,v_to_u,1,4,132,60,30,60,30,
MOT17-13-FRCNN,746,32,60,131,v_to_u,1,13,132,60,32,60,32,
MOT17-13-FRCNN,747,34,60,131,v_to_u,1,45,132,60,34,60,34,
MOT17-13-FRCNN,748,35,60,131,v_to_u,1,11,132,60,35,60,35,
MOT17-13-FRCNN,749,38,60,131,v_to_u,1,179,132,60,38,60,38,
MOT17-13-FRCNN,750,40,60,131,v_to_u,1,101,132,60,40,60,40,
MOT17-13-FRCNN,751,42,60,131,v_to_u,1,23,132,60,42,60,42,
MOT17-13-FRCNN,752,43,60,131,v_to_u,1,100,132,60,43,60,43,
MOT17-13-FRCNN,753,47,60,131,v_to_u,1,1,132,60,47,60,47,
MOT17-13-FRCNN,754,48,60,131,v_to_u,1,22,132,60,48,60,48,
MOT17-13-FRCNN,755,52,60,131,v_to_u,1,104,132,60,52,60,52,
MOT17-13-FRCNN,756,53,60,131,v_to_u,1,209,132,60,53,60,53,
MOT17-13-FRCNN,757,55,60,131,v_to_u,1,54,132,60,55,60,55,
MOT17-13-FRCNN,758,56,60,131,v_to_u,1,31,132,60,56,60,56,
MOT17-13-FRCNN,759,59,60,131,v_to_u,1,89,132,60,59,60,59,
MOT17-13-FRCNN,760,6,20,132,v_to_u,1,111,133,20,6,20,6,
MOT17-13-FRCNN,761,6,47,132,v_to_u,1,111,133,47,6,47,6,
MOT17-13-FRCNN,762,8,20,132,v_to_u,1,14,133,20,8,20,8,
MOT17-13-FRCNN,763,8,47,132,v_to_u,1,14,133,47,8,47,8,
MOT17-13-FRCNN,764,9,20,132,v_to_u,1,162,133,20,9,20,9,
MOT17-13-FRCNN,765,9,47,132,v_to_u,1,162,133,47,9,47,9,
MOT17-13-FRCNN,766,12,20,132,v_to_u,1,245,133,20,12,20,12,
MOT17-13-FRCNN,767,12,47,132,v_to_u,1,245,133,47,12,47,12,
MOT17-13-FRCNN,768,13,20,132,v_to_u,1,268,133,20,13,20,13,
MOT17-13-FRCNN,769,13,47,132,v_to_u,1,268,133,47,13,47,13,
MOT17-13-FRCNN,770,14,20,132,v_to_u,1,23,133,20,14,20,14,
MOT17-13-FRCNN,771,14,47,132,v_to_u,1,23,133,47,14,47,14,
MOT17-13-FRCNN,772,15,20,132,v_to_u,1,90,133,20,15,20,15,
MOT17-13-FRCNN,773,15,47,132,v_to_u,1,90,133,47,15,47,15,
MOT17-13-FRCNN,774,16,20,132,v_to_u,1,6,133,20,16,20,16,
MOT17-13-FRCNN,775,16,47,132,v_to_u,1,6,133,47,16,47,16,
MOT17-13-FRCNN,776,17,20,132,v_to_u,1,24,133,20,17,20,17,
MOT17-13-FRCNN,777,17,47,132,v_to_u,1,24,133,47,17,47,17,
MOT17-13-FRCNN,778,18,20,132,v_to_u,1,236,133,20,18,20,18,
MOT17-13-FRCNN,779,18,47,132,v_to_u,1,236,133,47,18,47,18,
MOT17-13-FRCNN,780,20,21,132,u_to_v,1,12,133,20,21,20,21,
MOT17-13-FRCNN,781,20,24,132,u_to_v,1,52,133,20,24,20,24,
MOT17-13-FRCNN,782,20,27,132,u_to_v,1,156,133,20,27,20,27,
MOT17-13-FRCNN,783,20,30,132,u_to_v,1,3,133,20,30,20,30,
MOT17-13-FRCNN,784,20,32,132,u_to_v,1,12,133,20,32,20,32,
MOT17-13-FRCNN,785,20,34,132,u_to_v,1,44,133,20,34,20,34,
MOT17-13-FRCNN,786,20,35,132,u_to_v,1,10,133,20,35,20,35,
MOT17-13-FRCNN,787,20,38,132,u_to_v,1,178,133,20,38,20,38,
MOT17-13-FRCNN,788,20,40,132,u_to_v,1,100,133,20,40,20,40,
MOT17-13-FRCNN,789,20,42,132,u_to_v,1,22,133,20,42,20,42,
MOT17-13-FRCNN,790,20,43,132,u_to_v,1,99,133,20,43,20,43,
MOT17-13-FRCNN,791,20,48,132,u_to_v,1,21,133,20,48,20,48,
MOT17-13-FRCNN,792,20,52,132,u_to_v,1,103,133,20,52,20,52,
MOT17-13-FRCNN,793,20,53,132,u_to_v,1,208,133,20,53,20,53,
MOT17-13-FRCNN,794,20,55,132,u_to_v,1,53,133,20,55,20,55,
MOT17-13-FRCNN,795,20,56,132,u_to_v,1,30,133,20,56,20,56,
MOT17-13-FRCNN,796,20,59,132,u_to_v,1,88,133,20,59,20,59,
MOT17-13-FRCNN,797,21,47,132,v_to_u,1,12,133,47,21,47,21,
MOT17-13-FRCNN,798,24,47,132,v_to_u,1,52,133,47,24,47,24,
MOT17-13-FRCNN,799,27,47,132,v_to_u,1,156,133,47,27,47,27,
MOT17-13-FRCNN,800,30,47,132,v_to_u,1,3,133,47,30,47,30,
MOT17-13-FRCNN,801,32,47,132,v_to_u,1,12,133,47,32,47,32,
MOT17-13-FRCNN,802,34,47,132,v_to_u,1,44,133,47,34,47,34,
MOT17-13-FRCNN,803,35,47,132,v_to_u,1,10,133,47,35,47,35,
MOT17-13-FRCNN,804,38,47,132,v_to_u,1,178,133,47,38,47,38,
MOT17-13-FRCNN,805,40,47,132,v_to_u,1,100,133,47,40,47,40,
MOT17-13-FRCNN,806,42,47,132,v_to_u,1,22,133,47,42,47,42,
MOT17-13-FRCNN,807,43,47,132,v_to_u,1,99,133,47,43,47,43,
MOT17-13-FRCNN,808,47,48,132,u_to_v,1,21,133,47,48,47,48,
MOT17-13-FRCNN,809,47,52,132,u_to_v,1,103,133,47,52,47,52,
MOT17-13-FRCNN,810,47,53,132,u_to_v,1,208,133,47,53,47,53,
MOT17-13-FRCNN,811,47,55,132,u_to_v,1,53,133,47,55,47,55,
MOT17-13-FRCNN,812,47,56,132,u_to_v,1,30,133,47,56,47,56,
MOT17-13-FRCNN,813,47,59,132,u_to_v,1,88,133,47,59,47,59,
MOT17-13-FRCNN,814,6,30,135,v_to_u,1,108,136,30,6,30,6,
MOT17-13-FRCNN,815,8,30,135,v_to_u,1,11,136,30,8,30,8,
MOT17-13-FRCNN,816,9,30,135,v_to_u,1,159,136,30,9,30,9,
MOT17-13-FRCNN,817,12,30,135,v_to_u,1,242,136,30,12,30,12,
MOT17-13-FRCNN,818,13,30,135,v_to_u,1,265,136,30,13,30,13,
MOT17-13-FRCNN,819,14,30,135,v_to_u,1,20,136,30,14,30,14,
MOT17-13-FRCNN,820,15,30,135,v_to_u,1,87,136,30,15,30,15,
MOT17-13-FRCNN,821,16,30,135,v_to_u,1,3,136,30,16,30,16,
MOT17-13-FRCNN,822,17,30,135,v_to_u,1,21,136,30,17,30,17,
MOT17-13-FRCNN,823,18,30,135,v_to_u,1,233,136,30,18,30,18,
MOT17-13-FRCNN,824,21,30,135,v_to_u,1,9,136,30,21,30,21,
MOT17-13-FRCNN,825,24,30,135,v_to_u,1,49,136,30,24,30,24,
MOT17-13-FRCNN,826,27,30,135,v_to_u,1,153,136,30,27,30,27,
MOT17-13-FRCNN,827,30,32,135,u_to_v,1,9,136,30,32,30,32,
MOT17-13-FRCNN,828,30,34,135,u_to_v,1,41,136,30,34,30,34,
MOT17-13-FRCNN,829,30,35,135,u_to_v,1,7,136,30,35,30,35,
MOT17-13-FRCNN,830,30,38,135,u_to_v,1,175,136,30,38,30,38,
MOT17-13-FRCNN,831,30,40,135,u_to_v,1,97,136,30,40,30,40,
MOT17-13-FRCNN,832,30,42,135,u_to_v,1,19,136,30,42,30,42,
MOT17-13-FRCNN,833,30,43,135,u_to_v,1,96,136,30,43,30,43,
MOT17-13-FRCNN,834,30,48,135,u_to_v,1,18,136,30,48,30,48,
MOT17-13-FRCNN,835,30,51,135,u_to_v,1,111,136,30,51,30,51,
MOT17-13-FRCNN,836,30,52,135,u_to_v,1,100,136,30,52,30,52,
MOT17-13-FRCNN,837,30,53,135,u_to_v,1,205,136,30,53,30,53,
MOT17-13-FRCNN,838,30,55,135,u_to_v,1,50,136,30,55,30,55,
MOT17-13-FRCNN,839,30,56,135,u_to_v,1,27,136,30,56,30,56,
MOT17-13-FRCNN,840,30,59,135,u_to_v,1,85,136,30,59,30,59,
MOT17-13-FRCNN,841,6,16,138,v_to_u,1,105,139,16,6,16,6,
MOT17-13-FRCNN,842,8,16,138,v_to_u,1,8,139,16,8,16,8,
MOT17-13-FRCNN,843,9,16,138,v_to_u,1,156,139,16,9,16,9,
MOT17-13-FRCNN,844,12,16,138,v_to_u,1,239,139,16,12,16,12,
MOT17-13-FRCNN,845,13,16,138,v_to_u,1,262,139,16,13,16,13,
MOT17-13-FRCNN,846,14,16,138,v_to_u,1,17,139,16,14,16,14,
MOT17-13-FRCNN,847,15,16,138,v_to_u,1,84,139,16,15,16,15,
MOT17-13-FRCNN,848,16,17,138,u_to_v,1,18,139,16,17,16,17,
MOT17-13-FRCNN,849,16,18,138,u_to_v,1,230,139,16,18,16,18,
MOT17-13-FRCNN,850,16,21,138,u_to_v,1,6,139,16,21,16,21,
MOT17-13-FRCNN,851,16,24,138,u_to_v,1,46,139,16,24,16,24,
MOT17-13-FRCNN,852,16,27,138,u_to_v,1,150,139,16,27,16,27,
MOT17-13-FRCNN,853,16,32,138,u_to_v,1,6,139,16,32,16,32,
MOT17-13-FRCNN,854,16,34,138,u_to_v,1,38,139,16,34,16,34,
MOT17-13-FRCNN,855,16,35,138,u_to_v,1,4,139,16,35,16,35,
MOT17-13-FRCNN,856,16,38,138,u_to_v,1,172,139,16,38,16,38,
MOT17-13-FRCNN,857,16,40,138,u_to_v,1,94,139,16,40,16,40,
MOT17-13-FRCNN,858,16,42,138,u_to_v,1,16,139,16,42,16,42,
MOT17-13-FRCNN,859,16,43,138,u_to_v,1,93,139,16,43,16,43,
MOT17-13-FRCNN,860,16,48,138,u_to_v,1,15,139,16,48,16,48,
MOT17-13-FRCNN,861,16,51,138,u_to_v,1,108,139,16,51,16,51,
MOT17-13-FRCNN,862,16,52,138,u_to_v,1,97,139,16,52,16,52,
MOT17-13-FRCNN,863,16,53,138,u_to_v,1,202,139,16,53,16,53,
MOT17-13-FRCNN,864,16,55,138,u_to_v,1,47,139,16,55,16,55,
MOT17-13-FRCNN,865,16,56,138,u_to_v,1,24,139,16,56,16,56,
MOT17-13-FRCNN,866,16,59,138,u_to_v,1,82,139,16,59,16,59,
MOT17-13-FRCNN,867,6,35,142,v_to_u,1,101,143,35,6,35,6,
MOT17-13-FRCNN,868,8,35,142,v_to_u,1,4,143,35,8,35,8,
MOT17-13-FRCNN,869,9,35,142,v_to_u,1,152,143,35,9,35,9,
MOT17-13-FRCNN,870,12,35,142,v_to_u,1,235,143,35,12,35,12,
MOT17-13-FRCNN,871,13,35,142,v_to_u,1,258,143,35,13,35,13,
MOT17-13-FRCNN,872,14,35,142,v_to_u,1,13,143,35,14,35,14,
MOT17-13-FRCNN,873,15,35,142,v_to_u,1,80,143,35,15,35,15,
MOT17-13-FRCNN,874,17,35,142,v_to_u,1,14,143,35,17,35,17,
MOT17-13-FRCNN,875,18,35,142,v_to_u,1,226,143,35,18,35,18,
MOT17-13-FRCNN,876,21,35,142,v_to_u,1,2,143,35,21,35,21,
MOT17-13-FRCNN,877,24,35,142,v_to_u,1,42,143,35,24,35,24,
MOT17-13-FRCNN,878,27,35,142,v_to_u,1,146,143,35,27,35,27,
MOT17-13-FRCNN,879,32,35,142,v_to_u,1,2,143,35,32,35,32,
MOT17-13-FRCNN,880,34,35,142,v_to_u,1,34,143,35,34,35,34,
MOT17-13-FRCNN,881,35,38,142,u_to_v,1,168,143,35,38,35,38,
MOT17-13-FRCNN,882,35,40,142,u_to_v,1,90,143,35,40,35,40,
MOT17-13-FRCNN,883,35,42,142,u_to_v,1,12,143,35,42,35,42,
MOT17-13-FRCNN,884,35,43,142,u_to_v,1,89,143,35,43,35,43,
MOT17-13-FRCNN,885,35,48,142,u_to_v,1,11,143,35,48,35,48,
MOT17-13-FRCNN,886,35,51,142,u_to_v,1,104,143,35,51,35,51,
MOT17-13-FRCNN,887,35,52,142,u_to_v,1,93,143,35,52,35,52,
MOT17-13-FRCNN,888,35,53,142,u_to_v,1,198,143,35,53,35,53,
MOT17-13-FRCNN,889,35,55,142,u_to_v,1,43,143,35,55,35,55,
MOT17-13-FRCNN,890,35,56,142,u_to_v,1,20,143,35,56,35,56,
MOT17-13-FRCNN,891,35,59,142,u_to_v,1,78,143,35,59,35,59,
MOT17-13-FRCNN,892,6,21,144,v_to_u,1,99,145,21,6,21,6,
MOT17-13-FRCNN,893,6,32,144,v_to_u,1,99,145,32,6,32,6,
MOT17-13-FRCNN,894,8,21,144,v_to_u,1,2,145,21,8,21,8,
MOT17-13-FRCNN,895,8,32,144,v_to_u,1,2,145,32,8,32,8,
MOT17-13-FRCNN,896,9,21,144,v_to_u,1,150,145,21,9,21,9,
MOT17-13-FRCNN,897,9,32,144,v_to_u,1,150,145,32,9,32,9,
MOT17-13-FRCNN,898,12,21,144,v_to_u,1,233,145,21,12,21,12,
MOT17-13-FRCNN,899,12,32,144,v_to_u,1,233,145,32,12,32,12,
MOT17-13-FRCNN,900,13,21,144,v_to_u,1,256,145,21,13,21,13,
MOT17-13-FRCNN,901,13,32,144,v_to_u,1,256,145,32,13,32,13,
MOT17-13-FRCNN,902,14,21,144,v_to_u,1,11,145,21,14,21,14,
MOT17-13-FRCNN,903,14,32,144,v_to_u,1,11,145,32,14,32,14,
MOT17-13-FRCNN,904,15,21,144,v_to_u,1,78,145,21,15,21,15,
MOT17-13-FRCNN,905,15,32,144,v_to_u,1,78,145,32,15,32,15,
MOT17-13-FRCNN,906,17,21,144,v_to_u,1,12,145,21,17,21,17,
MOT17-13-FRCNN,907,17,32,144,v_to_u,1,12,145,32,17,32,17,
MOT17-13-FRCNN,908,18,21,144,v_to_u,1,224,145,21,18,21,18,
MOT17-13-FRCNN,909,18,32,144,v_to_u,1,224,145,32,18,32,18,
MOT17-13-FRCNN,910,21,24,144,u_to_v,1,40,145,21,24,21,24,
MOT17-13-FRCNN,911,21,27,144,u_to_v,1,144,145,21,27,21,27,
MOT17-13-FRCNN,912,21,34,144,u_to_v,1,32,145,21,34,21,34,
MOT17-13-FRCNN,913,21,38,144,u_to_v,1,166,145,21,38,21,38,
MOT17-13-FRCNN,914,21,40,144,u_to_v,1,88,145,21,40,21,40,
MOT17-13-FRCNN,915,21,42,144,u_to_v,1,10,145,21,42,21,42,
MOT17-13-FRCNN,916,21,43,144,u_to_v,1,87,145,21,43,21,43,
MOT17-13-FRCNN,917,21,48,144,u_to_v,1,9,145,21,48,21,48,
MOT17-13-FRCNN,918,21,51,144,u_to_v,1,102,145,21,51,21,51,
MOT17-13-FRCNN,919,21,52,144,u_to_v,1,91,145,21,52,21,52,
MOT17-13-FRCNN,920,21,53,144,u_to_v,1,196,145,21,53,21,53,
MOT17-13-FRCNN,921,21,55,144,u_to_v,1,41,145,21,55,21,55,
MOT17-13-FRCNN,922,21,56,144,u_to_v,1,18,145,21,56,21,56,
MOT17-13-FRCNN,923,21,59,144,u_to_v,1,76,145,21,59,21,59,
MOT17-13-FRCNN,924,24,32,144,v_to_u,1,40,145,32,24,32,24,
MOT17-13-FRCNN,925,27,32,144,v_to_u,1,144,145,32,27,32,27,
MOT17-13-FRCNN,926,32,34,144,u_to_v,1,32,145,32,34,32,34,
MOT17-13-FRCNN,927,32,38,144,u_to_v,1,166,145,32,38,32,38,
MOT17-13-FRCNN,928,32,40,144,u_to_v,1,88,145,32,40,32,40,
MOT17-13-FRCNN,929,32,42,144,u_to_v,1,10,145,32,42,32,42,
MOT17-13-FRCNN,930,32,43,144,u_to_v,1,87,145,32,43,32,43,
MOT17-13-FRCNN,931,32,48,144,u_to_v,1,9,145,32,48,32,48,
MOT17-13-FRCNN,932,32,51,144,u_to_v,1,102,145,32,51,32,51,
MOT17-13-FRCNN,933,32,52,144,u_to_v,1,91,145,32,52,32,52,
MOT17-13-FRCNN,934,32,53,144,u_to_v,1,196,145,32,53,32,53,
MOT17-13-FRCNN,935,32,55,144,u_to_v,1,41,145,32,55,32,55,
MOT17-13-FRCNN,936,32,56,144,u_to_v,1,18,145,32,56,32,56,
MOT17-13-FRCNN,937,32,59,144,u_to_v,1,76,145,32,59,32,59,
MOT17-13-FRCNN,938,6,8,146,v_to_u,1,97,147,8,6,8,6,
MOT17-13-FRCNN,939,8,9,146,u_to_v,1,148,147,8,9,8,9,
MOT17-13-FRCNN,940,8,12,146,u_to_v,1,231,147,8,12,8,12,
MOT17-13-FRCNN,941,8,13,146,u_to_v,1,254,147,8,13,8,13,
MOT17-13-FRCNN,942,8,14,146,u_to_v,1,9,147,8,14,8,14,
MOT17-13-FRCNN,943,8,15,146,u_to_v,1,76,147,8,15,8,15,
MOT17-13-FRCNN,944,8,17,146,u_to_v,1,10,147,8,17,8,17,
MOT17-13-FRCNN,945,8,18,146,u_to_v,1,222,147,8,18,8,18,
MOT17-13-FRCNN,946,8,24,146,u_to_v,1,38,147,8,24,8,24,
MOT17-13-FRCNN,947,8,27,146,u_to_v,1,142,147,8,27,8,27,
MOT17-13-FRCNN,948,8,34,146,u_to_v,1,30,147,8,34,8,34,
MOT17-13-FRCNN,949,8,38,146,u_to_v,1,164,147,8,38,8,38,
MOT17-13-FRCNN,950,8,40,146,u_to_v,1,86,147,8,40,8,40,
MOT17-13-FRCNN,951,8,42,146,u_to_v,1,8,147,8,42,8,42,
MOT17-13-FRCNN,952,8,43,146,u_to_v,1,85,147,8,43,8,43,
MOT17-13-FRCNN,953,8,48,146,u_to_v,1,7,147,8,48,8,48,
MOT17-13-FRCNN,954,8,51,146,u_to_v,1,100,147,8,51,8,51,
MOT17-13-FRCNN,955,8,52,146,u_to_v,1,89,147,8,52,8,52,
MOT17-13-FRCNN,956,8,53,146,u_to_v,1,194,147,8,53,8,53,
MOT17-13-FRCNN,957,8,55,146,u_to_v,1,39,147,8,55,8,55,
MOT17-13-FRCNN,958,8,56,146,u_to_v,1,16,147,8,56,8,56,
MOT17-13-FRCNN,959,8,59,146,u_to_v,1,74,147,8,59,8,59,
MOT17-13-FRCNN,960,8,61,146,u_to_v,1,9,147,8,61,8,61,
MOT17-13-FRCNN,961,6,62,147,v_to_u,1,96,148,62,6,62,6,
MOT17-13-FRCNN,962,9,62,147,v_to_u,1,147,148,62,9,62,9,
MOT17-13-FRCNN,963,12,62,147,v_to_u,1,230,148,62,12,62,12,
MOT17-13-FRCNN,964,13,62,147,v_to_u,1,253,148,62,13,62,13,
MOT17-13-FRCNN,965,14,62,147,v_to_u,1,8,148,62,14,62,14,
MOT17-13-FRCNN,966,15,62,147,v_to_u,1,75,148,62,15,62,15,
MOT17-13-FRCNN,967,17,62,147,v_to_u,1,9,148,62,17,62,17,
MOT17-13-FRCNN,968,18,62,147,v_to_u,1,221,148,62,18,62,18,
MOT17-13-FRCNN,969,24,62,147,v_to_u,1,37,148,62,24,62,24,
MOT17-13-FRCNN,970,27,62,147,v_to_u,1,141,148,62,27,62,27,
MOT17-13-FRCNN,971,34,62,147,v_to_u,1,29,148,62,34,62,34,
MOT17-13-FRCNN,972,38,62,147,v_to_u,1,163,148,62,38,62,38,
MOT17-13-FRCNN,973,40,62,147,v_to_u,1,85,148,62,40,62,40,
MOT17-13-FRCNN,974,42,62,147,v_to_u,1,7,148,62,42,62,42,
MOT17-13-FRCNN,975,43,62,147,v_to_u,1,84,148,62,43,62,43,
MOT17-13-FRCNN,976,48,62,147,v_to_u,1,6,148,62,48,62,48,
MOT17-13-FRCNN,977,51,62,147,v_to_u,1,99,148,62,51,62,51,
MOT17-13-FRCNN,978,52,62,147,v_to_u,1,88,148,62,52,62,52,
MOT17-13-FRCNN,979,53,62,147,v_to_u,1,193,148,62,53,62,53,
MOT17-13-FRCNN,980,55,62,147,v_to_u,1,38,148,62,55,62,55,
MOT17-13-FRCNN,981,56,62,147,v_to_u,1,15,148,62,56,62,56,
MOT17-13-FRCNN,982,59,62,147,v_to_u,1,73,148,62,59,62,59,
MOT17-13-FRCNN,983,61,62,147,v_to_u,1,8,148,62,61,62,61,
MOT17-13-FRCNN,984,6,48,153,v_to_u,1,90,154,48,6,48,6,
MOT17-13-FRCNN,985,9,48,153,v_to_u,1,141,154,48,9,48,9,
MOT17-13-FRCNN,986,12,48,153,v_to_u,1,224,154,48,12,48,12,
MOT17-13-FRCNN,987,13,48,153,v_to_u,1,247,154,48,13,48,13,
MOT17-13-FRCNN,988,14,48,153,v_to_u,1,2,154,48,14,48,14,
MOT17-13-FRCNN,989,15,48,153,v_to_u,1,69,154,48,15,48,15,
MOT17-13-FRCNN,990,17,48,153,v_to_u,1,3,154,48,17,48,17,
MOT17-13-FRCNN,991,18,48,153,v_to_u,1,215,154,48,18,48,18,
MOT17-13-FRCNN,992,24,48,153,v_to_u,1,31,154,48,24,48,24,
MOT17-13-FRCNN,993,27,48,153,v_to_u,1,135,154,48,27,48,27,
MOT17-13-FRCNN,994,34,48,153,v_to_u,1,23,154,48,34,48,34,
MOT17-13-FRCNN,995,38,48,153,v_to_u,1,157,154,48,38,48,38,
MOT17-13-FRCNN,996,40,48,153,v_to_u,1,79,154,48,40,48,40,
MOT17-13-FRCNN,997,42,48,153,v_to_u,1,1,154,48,42,48,42,
MOT17-13-FRCNN,998,43,48,153,v_to_u,1,78,154,48,43,48,43,
MOT17-13-FRCNN,999,48,51,153,u_to_v,1,93,154,48,51,48,51,
MOT17-13-FRCNN,1000,48,52,153,u_to_v,1,82,154,48,52,48,52,
MOT17-13-FRCNN,1001,48,53,153,u_to_v,1,187,154,48,53,48,53,
MOT17-13-FRCNN,1002,48,55,153,u_to_v,1,32,154,48,55,48,55,
MOT17-13-FRCNN,1003,48,56,153,u_to_v,1,9,154,48,56,48,56,
MOT17-13-FRCNN,1004,48,59,153,u_to_v,1,67,154,48,59,48,59,
MOT17-13-FRCNN,1005,48,61,153,u_to_v,1,2,154,48,61,48,61,
MOT17-13-FRCNN,1006,48,63,153,u_to_v,1,11,154,48,63,48,63,
MOT17-13-FRCNN,1007,6,42,154,v_to_u,1,89,155,42,6,42,6,
MOT17-13-FRCNN,1008,9,42,154,v_to_u,1,140,155,42,9,42,9,
MOT17-13-FRCNN,1009,12,42,154,v_to_u,1,223,155,42,12,42,12,
MOT17-13-FRCNN,1010,13,42,154,v_to_u,1,246,155,42,13,42,13,
MOT17-13-FRCNN,1011,14,42,154,v_to_u,1,1,155,42,14,42,14,
MOT17-13-FRCNN,1012,15,42,154,v_to_u,1,68,155,42,15,42,15,
MOT17-13-FRCNN,1013,17,42,154,v_to_u,1,2,155,42,17,42,17,
MOT17-13-FRCNN,1014,18,42,154,v_to_u,1,214,155,42,18,42,18,
MOT17-13-FRCNN,1015,24,42,154,v_to_u,1,30,155,42,24,42,24,
MOT17-13-FRCNN,1016,27,42,154,v_to_u,1,134,155,42,27,42,27,
MOT17-13-FRCNN,1017,34,42,154,v_to_u,1,22,155,42,34,42,34,
MOT17-13-FRCNN,1018,38,42,154,v_to_u,1,156,155,42,38,42,38,
MOT17-13-FRCNN,1019,40,42,154,v_to_u,1,78,155,42,40,42,40,
MOT17-13-FRCNN,1020,42,43,154,u_to_v,1,77,155,42,43,42,43,
MOT17-13-FRCNN,1021,42,51,154,u_to_v,1,92,155,42,51,42,51,
MOT17-13-FRCNN,1022,42,52,154,u_to_v,1,81,155,42,52,42,52,
MOT17-13-FRCNN,1023,42,53,154,u_to_v,1,186,155,42,53,42,53,
MOT17-13-FRCNN,1024,42,55,154,u_to_v,1,31,155,42,55,42,55,
MOT17-13-FRCNN,1025,42,56,154,u_to_v,1,8,155,42,56,42,56,
MOT17-13-FRCNN,1026,42,59,154,u_to_v,1,66,155,42,59,42,59,
MOT17-13-FRCNN,1027,42,61,154,u_to_v,1,1,155,42,61,42,61,
MOT17-13-FRCNN,1028,42,63,154,u_to_v,1,10,155,42,63,42,63,
MOT17-13-FRCNN,1029,6,14,155,v_to_u,1,88,156,14,6,14,6,
MOT17-13-FRCNN,1030,6,61,155,v_to_u,1,88,156,61,6,61,6,
MOT17-13-FRCNN,1031,9,14,155,v_to_u,1,139,156,14,9,14,9,
MOT17-13-FRCNN,1032,9,61,155,v_to_u,1,139,156,61,9,61,9,
MOT17-13-FRCNN,1033,12,14,155,v_to_u,1,222,156,14,12,14,12,
MOT17-13-FRCNN,1034,12,61,155,v_to_u,1,222,156,61,12,61,12,
MOT17-13-FRCNN,1035,13,14,155,v_to_u,1,245,156,14,13,14,13,
MOT17-13-FRCNN,1036,13,61,155,v_to_u,1,245,156,61,13,61,13,
MOT17-13-FRCNN,1037,14,15,155,u_to_v,1,67,156,14,15,14,15,
MOT17-13-FRCNN,1038,14,17,155,u_to_v,1,1,156,14,17,14,17,
MOT17-13-FRCNN,1039,14,18,155,u_to_v,1,213,156,14,18,14,18,
MOT17-13-FRCNN,1040,14,24,155,u_to_v,1,29,156,14,24,14,24,
MOT17-13-FRCNN,1041,14,27,155,u_to_v,1,133,156,14,27,14,27,
MOT17-13-FRCNN,1042,14,34,155,u_to_v,1,21,156,14,34,14,34,
MOT17-13-FRCNN,1043,14,38,155,u_to_v,1,155,156,14,38,14,38,
MOT17-13-FRCNN,1044,14,40,155,u_to_v,1,77,156,14,40,14,40,
MOT17-13-FRCNN,1045,14,43,155,u_to_v,1,76,156,14,43,14,43,
MOT17-13-FRCNN,1046,14,51,155,u_to_v,1,91,156,14,51,14,51,
MOT17-13-FRCNN,1047,14,52,155,u_to_v,1,80,156,14,52,14,52,
MOT17-13-FRCNN,1048,14,53,155,u_to_v,1,185,156,14,53,14,53,
MOT17-13-FRCNN,1049,14,55,155,u_to_v,1,30,156,14,55,14,55,
MOT17-13-FRCNN,1050,14,56,155,u_to_v,1,7,156,14,56,14,56,
MOT17-13-FRCNN,1051,14,59,155,u_to_v,1,65,156,14,59,14,59,
MOT17-13-FRCNN,1052,14,63,155,u_to_v,1,9,156,14,63,14,63,
MOT17-13-FRCNN,1053,15,61,155,v_to_u,1,67,156,61,15,61,15,
MOT17-13-FRCNN,1054,17,61,155,v_to_u,1,1,156,61,17,61,17,
MOT17-13-FRCNN,1055,18,61,155,v_to_u,1,213,156,61,18,61,18,
MOT17-13-FRCNN,1056,24,61,155,v_to_u,1,29,156,61,24,61,24,
MOT17-13-FRCNN,1057,27,61,155,v_to_u,1,133,156,61,27,61,27,
MOT17-13-FRCNN,1058,34,61,155,v_to_u,1,21,156,61,34,61,34,
MOT17-13-FRCNN,1059,38,61,155,v_to_u,1,155,156,61,38,61,38,
MOT17-13-FRCNN,1060,40,61,155,v_to_u,1,77,156,61,40,61,40,
MOT17-13-FRCNN,1061,43,61,155,v_to_u,1,76,156,61,43,61,43,
MOT17-13-FRCNN,1062,51,61,155,v_to_u,1,91,156,61,51,61,51,
MOT17-13-FRCNN,1063,52,61,155,v_to_u,1,80,156,61,52,61,52,
MOT17-13-FRCNN,1064,53,61,155,v_to_u,1,185,156,61,53,61,53,
MOT17-13-FRCNN,1065,55,61,155,v_to_u,1,30,156,61,55,61,55,
MOT17-13-FRCNN,1066,56,61,155,v_to_u,1,7,156,61,56,61,56,
MOT17-13-FRCNN,1067,59,61,155,v_to_u,1,65,156,61,59,61,59,
MOT17-13-FRCNN,1068,61,63,155,u_to_v,1,9,156,61,63,61,63,
MOT17-13-FRCNN,1069,6,17,156,v_to_u,1,87,157,17,6,17,6,
MOT17-13-FRCNN,1070,9,17,156,v_to_u,1,138,157,17,9,17,9,
MOT17-13-FRCNN,1071,12,17,156,v_to_u,1,221,157,17,12,17,12,
MOT17-13-FRCNN,1072,13,17,156,v_to_u,1,244,157,17,13,17,13,
MOT17-13-FRCNN,1073,15,17,156,v_to_u,1,66,157,17,15,17,15,
MOT17-13-FRCNN,1074,17,18,156,u_to_v,1,212,157,17,18,17,18,
MOT17-13-FRCNN,1075,17,24,156,u_to_v,1,28,157,17,24,17,24,
MOT17-13-FRCNN,1076,17,27,156,u_to_v,1,132,157,17,27,17,27,
MOT17-13-FRCNN,1077,17,34,156,u_to_v,1,20,157,17,34,17,34,
MOT17-13-FRCNN,1078,17,38,156,u_to_v,1,154,157,17,38,17,38,
MOT17-13-FRCNN,1079,17,40,156,u_to_v,1,76,157,17,40,17,40,
MOT17-13-FRCNN,1080,17,43,156,u_to_v,1,75,157,17,43,17,43,
MOT17-13-FRCNN,1081,17,51,156,u_to_v,1,90,157,17,51,17,51,
MOT17-13-FRCNN,1082,17,52,156,u_to_v,1,79,157,17,52,17,52,
MOT17-13-FRCNN,1083,17,53,156,u_to_v,1,184,157,17,53,17,53,
MOT17-13-FRCNN,1084,17,55,156,u_to_v,1,29,157,17,55,17,55,
MOT17-13-FRCNN,1085,17,56,156,u_to_v,1,6,157,17,56,17,56,
MOT17-13-FRCNN,1086,17,59,156,u_to_v,1,64,157,17,59,17,59,
MOT17-13-FRCNN,1087,17,63,156,u_to_v,1,8,157,17,63,17,63,
MOT17-13-FRCNN,1088,17,64,156,u_to_v,1,36,157,17,64,17,64,
MOT17-13-FRCNN,1089,6,56,162,v_to_u,1,81,163,56,6,56,6,
MOT17-13-FRCNN,1090,9,56,162,v_to_u,1,132,163,56,9,56,9,
MOT17-13-FRCNN,1091,12,56,162,v_to_u,1,215,163,56,12,56,12,
MOT17-13-FRCNN,1092,13,56,162,v_to_u,1,238,163,56,13,56,13,
MOT17-13-FRCNN,1093,15,56,162,v_to_u,1,60,163,56,15,56,15,
MOT17-13-FRCNN,1094,18,56,162,v_to_u,1,206,163,56,18,56,18,
MOT17-13-FRCNN,1095,24,56,162,v_to_u,1,22,163,56,24,56,24,
MOT17-13-FRCNN,1096,27,56,162,v_to_u,1,126,163,56,27,56,27,
MOT17-13-FRCNN,1097,34,56,162,v_to_u,1,14,163,56,34,56,34,
MOT17-13-FRCNN,1098,38,56,162,v_to_u,1,148,163,56,38,56,38,
MOT17-13-FRCNN,1099,40,56,162,v_to_u,1,70,163,56,40,56,40,
MOT17-13-FRCNN,1100,43,56,162,v_to_u,1,69,163,56,43,56,43,
MOT17-13-FRCNN,1101,51,56,162,v_to_u,1,84,163,56,51,56,51,
MOT17-13-FRCNN,1102,52,56,162,v_to_u,1,73,163,56,52,56,52,
MOT17-13-FRCNN,1103,53,56,162,v_to_u,1,178,163,56,53,56,53,
MOT17-13-FRCNN,1104,55,56,162,v_to_u,1,23,163,56,55,56,55,
MOT17-13-FRCNN,1105,56,59,162,u_to_v,1,58,163,56,59,56,59,
MOT17-13-FRCNN,1106,56,63,162,u_to_v,1,2,163,56,63,56,63,
MOT17-13-FRCNN,1107,56,64,162,u_to_v,1,30,163,56,64,56,64,
MOT17-13-FRCNN,1108,56,65,162,u_to_v,1,8,163,56,65,56,65,
MOT17-13-FRCNN,1109,56,66,162,u_to_v,1,125,163,56,66,56,66,
MOT17-13-FRCNN,1110,6,63,164,v_to_u,1,79,165,63,6,63,6,
MOT17-13-FRCNN,1111,9,63,164,v_to_u,1,130,165,63,9,63,9,
MOT17-13-FRCNN,1112,12,63,164,v_to_u,1,213,165,63,12,63,12,
MOT17-13-FRCNN,1113,13,63,164,v_to_u,1,236,165,63,13,63,13,
MOT17-13-FRCNN,1114,15,63,164,v_to_u,1,58,165,63,15,63,15,
MOT17-13-FRCNN,1115,18,63,164,v_to_u,1,204,165,63,18,63,18,
MOT17-13-FRCNN,1116,24,63,164,v_to_u,1,20,165,63,24,63,24,
MOT17-13-FRCNN,1117,27,63,164,v_to_u,1,124,165,63,27,63,27,
MOT17-13-FRCNN,1118,34,63,164,v_to_u,1,12,165,63,34,63,34,
MOT17-13-FRCNN,1119,38,63,164,v_to_u,1,146,165,63,38,63,38,
MOT17-13-FRCNN,1120,40,63,164,v_to_u,1,68,165,63,40,63,40,
MOT17-13-FRCNN,1121,43,63,164,v_to_u,1,67,165,63,43,63,43,
MOT17-13-FRCNN,1122,51,63,164,v_to_u,1,82,165,63,51,63,51,
MOT17-13-FRCNN,1123,52,63,164,v_to_u,1,71,165,63,52,63,52,
MOT17-13-FRCNN,1124,53,63,164,v_to_u,1,176,165,63,53,63,53,
MOT17-13-FRCNN,1125,55,63,164,v_to_u,1,21,165,63,55,63,55,
MOT17-13-FRCNN,1126,59,63,164,v_to_u,1,56,165,63,59,63,59,
MOT17-13-FRCNN,1127,63,64,164,u_to_v,1,28,165,63,64,63,64,
MOT17-13-FRCNN,1128,63,65,164,u_to_v,1,6,165,63,65,63,65,
MOT17-13-FRCNN,1129,63,66,164,u_to_v,1,123,165,63,66,63,66,
MOT17-13-FRCNN,1130,63,67,164,u_to_v,1,91,165,63,67,63,67,
MOT17-13-FRCNN,1131,6,65,170,v_to_u,1,73,171,65,6,65,6,
MOT17-13-FRCNN,1132,9,65,170,v_to_u,1,124,171,65,9,65,9,
MOT17-13-FRCNN,1133,12,65,170,v_to_u,1,207,171,65,12,65,12,
MOT17-13-FRCNN,1134,13,65,170,v_to_u,1,230,171,65,13,65,13,
MOT17-13-FRCNN,1135,15,65,170,v_to_u,1,52,171,65,15,65,15,
MOT17-13-FRCNN,1136,18,65,170,v_to_u,1,198,171,65,18,65,18,
MOT17-13-FRCNN,1137,24,65,170,v_to_u,1,14,171,65,24,65,24,
MOT17-13-FRCNN,1138,27,65,170,v_to_u,1,118,171,65,27,65,27,
MOT17-13-FRCNN,1139,34,65,170,v_to_u,1,6,171,65,34,65,34,
MOT17-13-FRCNN,1140,38,65,170,v_to_u,1,140,171,65,38,65,38,
MOT17-13-FRCNN,1141,40,65,170,v_to_u,1,62,171,65,40,65,40,
MOT17-13-FRCNN,1142,43,65,170,v_to_u,1,61,171,65,43,65,43,
MOT17-13-FRCNN,1143,51,65,170,v_to_u,1,76,171,65,51,65,51,
MOT17-13-FRCNN,1144,52,65,170,v_to_u,1,65,171,65,52,65,52,
MOT17-13-FRCNN,1145,53,65,170,v_to_u,1,170,171,65,53,65,53,
MOT17-13-FRCNN,1146,55,65,170,v_to_u,1,15,171,65,55,65,55,
MOT17-13-FRCNN,1147,59,65,170,v_to_u,1,50,171,65,59,65,59,
MOT17-13-FRCNN,1148,64,65,170,v_to_u,1,22,171,65,64,65,64,
MOT17-13-FRCNN,1149,65,66,170,u_to_v,1,117,171,65,66,65,66,
MOT17-13-FRCNN,1150,65,67,170,u_to_v,1,85,171,65,67,65,67,
MOT17-13-FRCNN,1151,6,34,176,v_to_u,1,67,177,34,6,34,6,
MOT17-13-FRCNN,1152,9,34,176,v_to_u,1,118,177,34,9,34,9,
MOT17-13-FRCNN,1153,12,34,176,v_to_u,1,201,177,34,12,34,12,
MOT17-13-FRCNN,1154,13,34,176,v_to_u,1,224,177,34,13,34,13,
MOT17-13-FRCNN,1155,15,34,176,v_to_u,1,46,177,34,15,34,15,
MOT17-13-FRCNN,1156,18,34,176,v_to_u,1,192,177,34,18,34,18,
MOT17-13-FRCNN,1157,24,34,176,v_to_u,1,8,177,34,24,34,24,
MOT17-13-FRCNN,1158,27,34,176,v_to_u,1,112,177,34,27,34,27,
MOT17-13-FRCNN,1159,34,38,176,u_to_v,1,134,177,34,38,34,38,
MOT17-13-FRCNN,1160,34,40,176,u_to_v,1,56,177,34,40,34,40,
MOT17-13-FRCNN,1161,34,43,176,u_to_v,1,55,177,34,43,34,43,
MOT17-13-FRCNN,1162,34,51,176,u_to_v,1,70,177,34,51,34,51,
MOT17-13-FRCNN,1163,34,52,176,u_to_v,1,59,177,34,52,34,52,
MOT17-13-FRCNN,1164,34,53,176,u_to_v,1,164,177,34,53,34,53,
MOT17-13-FRCNN,1165,34,55,176,u_to_v,1,9,177,34,55,34,55,
MOT17-13-FRCNN,1166,34,59,176,u_to_v,1,44,177,34,59,34,59,
MOT17-13-FRCNN,1167,34,64,176,u_to_v,1,16,177,34,64,34,64,
MOT17-13-FRCNN,1168,34,66,176,u_to_v,1,111,177,34,66,34,66,
MOT17-13-FRCNN,1169,34,67,176,u_to_v,1,79,177,34,67,34,67,
MOT17-13-FRCNN,1170,6,24,184,v_to_u,1,59,185,24,6,24,6,
MOT17-13-FRCNN,1171,9,24,184,v_to_u,1,110,185,24,9,24,9,
MOT17-13-FRCNN,1172,12,24,184,v_to_u,1,193,185,24,12,24,12,
MOT17-13-FRCNN,1173,13,24,184,v_to_u,1,216,185,24,13,24,13,
MOT17-13-FRCNN,1174,15,24,184,v_to_u,1,38,185,24,15,24,15,
MOT17-13-FRCNN,1175,18,24,184,v_to_u,1,184,185,24,18,24,18,
MOT17-13-FRCNN,1176,24,27,184,u_to_v,1,104,185,24,27,24,27,
MOT17-13-FRCNN,1177,24,38,184,u_to_v,1,126,185,24,38,24,38,
MOT17-13-FRCNN,1178,24,40,184,u_to_v,1,48,185,24,40,24,40,
MOT17-13-FRCNN,1179,24,43,184,u_to_v,1,47,185,24,43,24,43,
MOT17-13-FRCNN,1180,24,51,184,u_to_v,1,62,185,24,51,24,51,
MOT17-13-FRCNN,1181,24,52,184,u_to_v,1,51,185,24,52,24,52,
MOT17-13-FRCNN,1182,24,53,184,u_to_v,1,156,185,24,53,24,53,
MOT17-13-FRCNN,1183,24,55,184,u_to_v,1,1,185,24,55,24,55,
MOT17-13-FRCNN,1184,24,59,184,u_to_v,1,36,185,24,59,24,59,
MOT17-13-FRCNN,1185,24,64,184,u_to_v,1,8,185,24,64,24,64,
MOT17-13-FRCNN,1186,24,66,184,u_to_v,1,103,185,24,66,24,66,
MOT17-13-FRCNN,1187,24,67,184,u_to_v,1,71,185,24,67,24,67,
MOT17-13-FRCNN,1188,24,68,184,u_to_v,1,76,185,24,68,24,68,
MOT17-13-FRCNN,1189,6,55,185,v_to_u,1,58,186,55,6,55,6,
MOT17-13-FRCNN,1190,9,55,185,v_to_u,1,109,186,55,9,55,9,
MOT17-13-FRCNN,1191,12,55,185,v_to_u,1,192,186,55,12,55,12,
MOT17-13-FRCNN,1192,13,55,185,v_to_u,1,215,186,55,13,55,13,
MOT17-13-FRCNN,1193,15,55,185,v_to_u,1,37,186,55,15,55,15,
MOT17-13-FRCNN,1194,18,55,185,v_to_u,1,183,186,55,18,55,18,
MOT17-13-FRCNN,1195,27,55,185,v_to_u,1,103,186,55,27,55,27,
MOT17-13-FRCNN,1196,38,55,185,v_to_u,1,125,186,55,38,55,38,
MOT17-13-FRCNN,1197,40,55,185,v_to_u,1,47,186,55,40,55,40,
MOT17-13-FRCNN,1198,43,55,185,v_to_u,1,46,186,55,43,55,43,
MOT17-13-FRCNN,1199,51,55,185,v_to_u,1,61,186,55,51,55,51,
MOT17-13-FRCNN,1200,52,55,185,v_to_u,1,50,186,55,52,55,52,
MOT17-13-FRCNN,1201,53,55,185,v_to_u,1,155,186,55,53,55,53,
MOT17-13-FRCNN,1202,55,59,185,u_to_v,1,35,186,55,59,55,59,
MOT17-13-FRCNN,1203,55,64,185,u_to_v,1,7,186,55,64,55,64,
MOT17-13-FRCNN,1204,55,66,185,u_to_v,1,102,186,55,66,55,66,
MOT17-13-FRCNN,1205,55,67,185,u_to_v,1,70,186,55,67,55,67,
MOT17-13-FRCNN,1206,55,68,185,u_to_v,1,75,186,55,68,55,68,
MOT17-13-FRCNN,1207,6,64,192,v_to_u,1,51,193,64,6,64,6,
MOT17-13-FRCNN,1208,9,64,192,v_to_u,1,102,193,64,9,64,9,
MOT17-13-FRCNN,1209,12,64,192,v_to_u,1,185,193,64,12,64,12,
MOT17-13-FRCNN,1210,13,64,192,v_to_u,1,208,193,64,13,64,13,
MOT17-13-FRCNN,1211,15,64,192,v_to_u,1,30,193,64,15,64,15,
MOT17-13-FRCNN,1212,18,64,192,v_to_u,1,176,193,64,18,64,18,
MOT17-13-FRCNN,1213,27,64,192,v_to_u,1,96,193,64,27,64,27,
MOT17-13-FRCNN,1214,38,64,192,v_to_u,1,118,193,64,38,64,38,
MOT17-13-FRCNN,1215,40,64,192,v_to_u,1,40,193,64,40,64,40,
MOT17-13-FRCNN,1216,43,64,192,v_to_u,1,39,193,64,43,64,43,
MOT17-13-FRCNN,1217,51,64,192,v_to_u,1,54,193,64,51,64,51,
MOT17-13-FRCNN,1218,52,64,192,v_to_u,1,43,193,64,52,64,52,
MOT17-13-FRCNN,1219,53,64,192,v_to_u,1,148,193,64,53,64,53,
MOT17-13-FRCNN,1220,59,64,192,v_to_u,1,28,193,64,59,64,59,
MOT17-13-FRCNN,1221,64,66,192,u_to_v,1,95,193,64,66,64,66,
MOT17-13-FRCNN,1222,64,67,192,u_to_v,1,63,193,64,67,64,67,
MOT17-13-FRCNN,1223,64,68,192,u_to_v,1,68,193,64,68,64,68,
MOT17-13-FRCNN,1224,6,72,205,v_to_u,1,38,206,72,6,72,6,
MOT17-13-FRCNN,1225,9,72,205,v_to_u,1,89,206,72,9,72,9,
MOT17-13-FRCNN,1226,12,72,205,v_to_u,1,172,206,72,12,72,12,
MOT17-13-FRCNN,1227,13,72,205,v_to_u,1,195,206,72,13,72,13,
MOT17-13-FRCNN,1228,15,72,205,v_to_u,1,17,206,72,15,72,15,
MOT17-13-FRCNN,1229,18,72,205,v_to_u,1,163,206,72,18,72,18,
MOT17-13-FRCNN,1230,27,72,205,v_to_u,1,83,206,72,27,72,27,
MOT17-13-FRCNN,1231,38,72,205,v_to_u,1,105,206,72,38,72,38,
MOT17-13-FRCNN,1232,40,72,205,v_to_u,1,27,206,72,40,72,40,
MOT17-13-FRCNN,1233,43,72,205,v_to_u,1,26,206,72,43,72,43,
MOT17-13-FRCNN,1234,51,72,205,v_to_u,1,41,206,72,51,72,51,
MOT17-13-FRCNN,1235,52,72,205,v_to_u,1,30,206,72,52,72,52,
MOT17-13-FRCNN,1236,53,72,205,v_to_u,1,135,206,72,53,72,53,
MOT17-13-FRCNN,1237,59,72,205,v_to_u,1,15,206,72,59,72,59,
MOT17-13-FRCNN,1238,66,72,205,v_to_u,1,82,206,72,66,72,66,
MOT17-13-FRCNN,1239,67,72,205,v_to_u,1,50,206,72,67,72,67,
MOT17-13-FRCNN,1240,68,72,205,v_to_u,1,55,206,72,68,72,68,
MOT17-13-FRCNN,1241,69,72,205,v_to_u,1,2,206,72,69,72,69,
MOT17-13-FRCNN,1242,70,72,205,v_to_u,1,213,206,72,70,72,70,
MOT17-13-FRCNN,1243,71,72,205,v_to_u,1,12,206,72,71,72,71,
MOT17-13-FRCNN,1244,6,69,207,v_to_u,1,36,208,69,6,69,6,
MOT17-13-FRCNN,1245,9,69,207,v_to_u,1,87,208,69,9,69,9,
MOT17-13-FRCNN,1246,12,69,207,v_to_u,1,170,208,69,12,69,12,
MOT17-13-FRCNN,1247,13,69,207,v_to_u,1,193,208,69,13,69,13,
MOT17-13-FRCNN,1248,15,69,207,v_to_u,1,15,208,69,15,69,15,
MOT17-13-FRCNN,1249,18,69,207,v_to_u,1,161,208,69,18,69,18,
MOT17-13-FRCNN,1250,27,69,207,v_to_u,1,81,208,69,27,69,27,
MOT17-13-FRCNN,1251,38,69,207,v_to_u,1,103,208,69,38,69,38,
MOT17-13-FRCNN,1252,40,69,207,v_to_u,1,25,208,69,40,69,40,
MOT17-13-FRCNN,1253,43,69,207,v_to_u,1,24,208,69,43,69,43,
MOT17-13-FRCNN,1254,51,69,207,v_to_u,1,39,208,69,51,69,51,
MOT17-13-FRCNN,1255,52,69,207,v_to_u,1,28,208,69,52,69,52,
MOT17-13-FRCNN,1256,53,69,207,v_to_u,1,133,208,69,53,69,53,
MOT17-13-FRCNN,1257,59,69,207,v_to_u,1,13,208,69,59,69,59,
MOT17-13-FRCNN,1258,66,69,207,v_to_u,1,80,208,69,66,69,66,
MOT17-13-FRCNN,1259,67,69,207,v_to_u,1,48,208,69,67,69,67,
MOT17-13-FRCNN,1260,68,69,207,v_to_u,1,53,208,69,68,69,68,
MOT17-13-FRCNN,1261,69,70,207,u_to_v,1,211,208,69,70,69,70,
MOT17-13-FRCNN,1262,69,71,207,u_to_v,1,10,208,69,71,69,71,
MOT17-13-FRCNN,1263,6,73,208,v_to_u,1,35,209,73,6,73,6,
MOT17-13-FRCNN,1264,9,73,208,v_to_u,1,86,209,73,9,73,9,
MOT17-13-FRCNN,1265,12,73,208,v_to_u,1,169,209,73,12,73,12,
MOT17-13-FRCNN,1266,13,73,208,v_to_u,1,192,209,73,13,73,13,
MOT17-13-FRCNN,1267,15,73,208,v_to_u,1,14,209,73,15,73,15,
MOT17-13-FRCNN,1268,18,73,208,v_to_u,1,160,209,73,18,73,18,
MOT17-13-FRCNN,1269,27,73,208,v_to_u,1,80,209,73,27,73,27,
MOT17-13-FRCNN,1270,38,73,208,v_to_u,1,102,209,73,38,73,38,
MOT17-13-FRCNN,1271,40,73,208,v_to_u,1,24,209,73,40,73,40,
MOT17-13-FRCNN,1272,43,73,208,v_to_u,1,23,209,73,43,73,43,
MOT17-13-FRCNN,1273,51,73,208,v_to_u,1,38,209,73,51,73,51,
MOT17-13-FRCNN,1274,52,73,208,v_to_u,1,27,209,73,52,73,52,
MOT17-13-FRCNN,1275,53,73,208,v_to_u,1,132,209,73,53,73,53,
MOT17-13-FRCNN,1276,59,73,208,v_to_u,1,12,209,73,59,73,59,
MOT17-13-FRCNN,1277,66,73,208,v_to_u,1,79,209,73,66,73,66,
MOT17-13-FRCNN,1278,67,73,208,v_to_u,1,47,209,73,67,73,67,
MOT17-13-FRCNN,1279,68,73,208,v_to_u,1,52,209,73,68,73,68,
MOT17-13-FRCNN,1280,70,73,208,v_to_u,1,210,209,73,70,73,70,
MOT17-13-FRCNN,1281,71,73,208,v_to_u,1,9,209,73,71,73,71,
MOT17-13-FRCNN,1282,6,74,211,v_to_u,1,32,212,74,6,74,6,
MOT17-13-FRCNN,1283,9,74,211,v_to_u,1,83,212,74,9,74,9,
MOT17-13-FRCNN,1284,12,74,211,v_to_u,1,166,212,74,12,74,12,
MOT17-13-FRCNN,1285,13,74,211,v_to_u,1,189,212,74,13,74,13,
MOT17-13-FRCNN,1286,15,74,211,v_to_u,1,11,212,74,15,74,15,
MOT17-13-FRCNN,1287,18,74,211,v_to_u,1,157,212,74,18,74,18,
MOT17-13-FRCNN,1288,27,74,211,v_to_u,1,77,212,74,27,74,27,
MOT17-13-FRCNN,1289,38,74,211,v_to_u,1,99,212,74,38,74,38,
MOT17-13-FRCNN,1290,40,74,211,v_to_u,1,21,212,74,40,74,40,
MOT17-13-FRCNN,1291,43,74,211,v_to_u,1,20,212,74,43,74,43,
MOT17-13-FRCNN,1292,51,74,211,v_to_u,1,35,212,74,51,74,51,
MOT17-13-FRCNN,1293,52,74,211,v_to_u,1,24,212,74,52,74,52,
MOT17-13-FRCNN,1294,53,74,211,v_to_u,1,129,212,74,53,74,53,
MOT17-13-FRCNN,1295,59,74,211,v_to_u,1,9,212,74,59,74,59,
MOT17-13-FRCNN,1296,66,74,211,v_to_u,1,76,212,74,66,74,66,
MOT17-13-FRCNN,1297,67,74,211,v_to_u,1,44,212,74,67,74,67,
MOT17-13-FRCNN,1298,68,74,211,v_to_u,1,49,212,74,68,74,68,
MOT17-13-FRCNN,1299,70,74,211,v_to_u,1,207,212,74,70,74,70,
MOT17-13-FRCNN,1300,71,74,211,v_to_u,1,6,212,74,71,74,71,
MOT17-13-FRCNN,1301,6,71,217,v_to_u,1,26,218,71,6,71,6,
MOT17-13-FRCNN,1302,9,71,217,v_to_u,1,77,218,71,9,71,9,
MOT17-13-FRCNN,1303,12,71,217,v_to_u,1,160,218,71,12,71,12,
MOT17-13-FRCNN,1304,13,71,217,v_to_u,1,183,218,71,13,71,13,
MOT17-13-FRCNN,1305,15,71,217,v_to_u,1,5,218,71,15,71,15,
MOT17-13-FRCNN,1306,18,71,217,v_to_u,1,151,218,71,18,71,18,
MOT17-13-FRCNN,1307,27,71,217,v_to_u,1,71,218,71,27,71,27,
MOT17-13-FRCNN,1308,38,71,217,v_to_u,1,93,218,71,38,71,38,
MOT17-13-FRCNN,1309,40,71,217,v_to_u,1,15,218,71,40,71,40,
MOT17-13-FRCNN,1310,43,71,217,v_to_u,1,14,218,71,43,71,43,
MOT17-13-FRCNN,1311,51,71,217,v_to_u,1,29,218,71,51,71,51,
MOT17-13-FRCNN,1312,52,71,217,v_to_u,1,18,218,71,52,71,52,
MOT17-13-FRCNN,1313,53,71,217,v_to_u,1,123,218,71,53,71,53,
MOT17-13-FRCNN,1314,59,71,217,v_to_u,1,3,218,71,59,71,59,
MOT17-13-FRCNN,1315,66,71,217,v_to_u,1,70,218,71,66,71,66,
MOT17-13-FRCNN,1316,67,71,217,v_to_u,1,38,218,71,67,71,67,
MOT17-13-FRCNN,1317,68,71,217,v_to_u,1,43,218,71,68,71,68,
MOT17-13-FRCNN,1318,70,71,217,v_to_u,1,201,218,71,70,71,70,
MOT17-13-FRCNN,1319,6,59,220,v_to_u,1,23,221,59,6,59,6,
MOT17-13-FRCNN,1320,9,59,220,v_to_u,1,74,221,59,9,59,9,
MOT17-13-FRCNN,1321,12,59,220,v_to_u,1,157,221,59,12,59,12,
MOT17-13-FRCNN,1322,13,59,220,v_to_u,1,180,221,59,13,59,13,
MOT17-13-FRCNN,1323,15,59,220,v_to_u,1,2,221,59,15,59,15,
MOT17-13-FRCNN,1324,18,59,220,v_to_u,1,148,221,59,18,59,18,
MOT17-13-FRCNN,1325,27,59,220,v_to_u,1,68,221,59,27,59,27,
MOT17-13-FRCNN,1326,38,59,220,v_to_u,1,90,221,59,38,59,38,
MOT17-13-FRCNN,1327,40,59,220,v_to_u,1,12,221,59,40,59,40,
MOT17-13-FRCNN,1328,43,59,220,v_to_u,1,11,221,59,43,59,43,
MOT17-13-FRCNN,1329,51,59,220,v_to_u,1,26,221,59,51,59,51,
MOT17-13-FRCNN,1330,52,59,220,v_to_u,1,15,221,59,52,59,52,
MOT17-13-FRCNN,1331,53,59,220,v_to_u,1,120,221,59,53,59,53,
MOT17-13-FRCNN,1332,59,66,220,u_to_v,1,67,221,59,66,59,66,
MOT17-13-FRCNN,1333,59,67,220,u_to_v,1,35,221,59,67,59,67,
MOT17-13-FRCNN,1334,59,68,220,u_to_v,1,40,221,59,68,59,68,
MOT17-13-FRCNN,1335,59,70,220,u_to_v,1,198,221,59,70,59,70,
MOT17-13-FRCNN,1336,59,75,220,u_to_v,1,80,221,59,75,59,75,
MOT17-13-FRCNN,1337,6,15,222,v_to_u,1,21,223,15,6,15,6,
MOT17-13-FRCNN,1338,9,15,222,v_to_u,1,72,223,15,9,15,9,
MOT17-13-FRCNN,1339,12,15,222,v_to_u,1,155,223,15,12,15,12,
MOT17-13-FRCNN,1340,13,15,222,v_to_u,1,178,223,15,13,15,13,
MOT17-13-FRCNN,1341,15,18,222,u_to_v,1,146,223,15,18,15,18,
MOT17-13-FRCNN,1342,15,27,222,u_to_v,1,66,223,15,27,15,27,
MOT17-13-FRCNN,1343,15,38,222,u_to_v,1,88,223,15,38,15,38,
MOT17-13-FRCNN,1344,15,40,222,u_to_v,1,10,223,15,40,15,40,
MOT17-13-FRCNN,1345,15,43,222,u_to_v,1,9,223,15,43,15,43,
MOT17-13-FRCNN,1346,15,51,222,u_to_v,1,24,223,15,51,15,51,
MOT17-13-FRCNN,1347,15,52,222,u_to_v,1,13,223,15,52,15,52,
MOT17-13-FRCNN,1348,15,53,222,u_to_v,1,118,223,15,53,15,53,
MOT17-13-FRCNN,1349,15,66,222,u_to_v,1,65,223,15,66,15,66,
MOT17-13-FRCNN,1350,15,67,222,u_to_v,1,33,223,15,67,15,67,
MOT17-13-FRCNN,1351,15,68,222,u_to_v,1,38,223,15,68,15,68,
MOT17-13-FRCNN,1352,15,70,222,u_to_v,1,196,223,15,70,15,70,
MOT17-13-FRCNN,1353,15,75,222,u_to_v,1,78,223,15,75,15,75,
MOT17-13-FRCNN,1354,6,43,231,v_to_u,1,12,232,43,6,43,6,
MOT17-13-FRCNN,1355,9,43,231,v_to_u,1,63,232,43,9,43,9,
MOT17-13-FRCNN,1356,12,43,231,v_to_u,1,146,232,43,12,43,12,
MOT17-13-FRCNN,1357,13,43,231,v_to_u,1,169,232,43,13,43,13,
MOT17-13-FRCNN,1358,18,43,231,v_to_u,1,137,232,43,18,43,18,
MOT17-13-FRCNN,1359,27,43,231,v_to_u,1,57,232,43,27,43,27,
MOT17-13-FRCNN,1360,38,43,231,v_to_u,1,79,232,43,38,43,38,
MOT17-13-FRCNN,1361,40,43,231,v_to_u,1,1,232,43,40,43,40,
MOT17-13-FRCNN,1362,43,51,231,u_to_v,1,15,232,43,51,43,51,
MOT17-13-FRCNN,1363,43,52,231,u_to_v,1,4,232,43,52,43,52,
MOT17-13-FRCNN,1364,43,53,231,u_to_v,1,109,232,43,53,43,53,
MOT17-13-FRCNN,1365,43,66,231,u_to_v,1,56,232,43,66,43,66,
MOT17-13-FRCNN,1366,43,67,231,u_to_v,1,24,232,43,67,43,67,
MOT17-13-FRCNN,1367,43,68,231,u_to_v,1,29,232,43,68,43,68,
MOT17-13-FRCNN,1368,43,70,231,u_to_v,1,187,232,43,70,43,70,
MOT17-13-FRCNN,1369,43,75,231,u_to_v,1,69,232,43,75,43,75,
MOT17-13-FRCNN,1370,43,76,231,u_to_v,1,55,232,43,76,43,76,
MOT17-13-FRCNN,1371,6,40,232,v_to_u,1,11,233,40,6,40,6,
MOT17-13-FRCNN,1372,9,40,232,v_to_u,1,62,233,40,9,40,9,
MOT17-13-FRCNN,1373,12,40,232,v_to_u,1,145,233,40,12,40,12,
MOT17-13-FRCNN,1374,13,40,232,v_to_u,1,168,233,40,13,40,13,
MOT17-13-FRCNN,1375,18,40,232,v_to_u,1,136,233,40,18,40,18,
MOT17-13-FRCNN,1376,27,40,232,v_to_u,1,56,233,40,27,40,27,
MOT17-13-FRCNN,1377,38,40,232,v_to_u,1,78,233,40,38,40,38,
MOT17-13-FRCNN,1378,40,51,232,u_to_v,1,14,233,40,51,40,51,
MOT17-13-FRCNN,1379,40,52,232,u_to_v,1,3,233,40,52,40,52,
MOT17-13-FRCNN,1380,40,53,232,u_to_v,1,108,233,40,53,40,53,
MOT17-13-FRCNN,1381,40,66,232,u_to_v,1,55,233,40,66,40,66,
MOT17-13-FRCNN,1382,40,67,232,u_to_v,1,23,233,40,67,40,67,
MOT17-13-FRCNN,1383,40,68,232,u_to_v,1,28,233,40,68,40,68,
MOT17-13-FRCNN,1384,40,70,232,u_to_v,1,186,233,40,70,40,70,
MOT17-13-FRCNN,1385,40,75,232,u_to_v,1,68,233,40,75,40,75,
MOT17-13-FRCNN,1386,40,76,232,u_to_v,1,54,233,40,76,40,76,
MOT17-13-FRCNN,1387,6,52,235,v_to_u,1,8,236,52,6,52,6,
MOT17-13-FRCNN,1388,9,52,235,v_to_u,1,59,236,52,9,52,9,
MOT17-13-FRCNN,1389,12,52,235,v_to_u,1,142,236,52,12,52,12,
MOT17-13-FRCNN,1390,13,52,235,v_to_u,1,165,236,52,13,52,13,
MOT17-13-FRCNN,1391,18,52,235,v_to_u,1,133,236,52,18,52,18,
MOT17-13-FRCNN,1392,27,52,235,v_to_u,1,53,236,52,27,52,27,
MOT17-13-FRCNN,1393,38,52,235,v_to_u,1,75,236,52,38,52,38,
MOT17-13-FRCNN,1394,51,52,235,v_to_u,1,11,236,52,51,52,51,
MOT17-13-FRCNN,1395,52,53,235,u_to_v,1,105,236,52,53,52,53,
MOT17-13-FRCNN,1396,52,66,235,u_to_v,1,52,236,52,66,52,66,
MOT17-13-FRCNN,1397,52,67,235,u_to_v,1,20,236,52,67,52,67,
MOT17-13-FRCNN,1398,52,68,235,u_to_v,1,25,236,52,68,52,68,
MOT17-13-FRCNN,1399,52,70,235,u_to_v,1,183,236,52,70,52,70,
MOT17-13-FRCNN,1400,52,75,235,u_to_v,1,65,236,52,75,52,75,
MOT17-13-FRCNN,1401,52,76,235,u_to_v,1,51,236,52,76,52,76,
MOT17-13-FRCNN,1402,52,77,235,u_to_v,1,116,236,52,77,52,77,
MOT17-13-FRCNN,1403,6,9,243,u_to_v,1,51,244,6,9,6,9,
MOT17-13-FRCNN,1404,6,12,243,u_to_v,1,134,244,6,12,6,12,
MOT17-13-FRCNN,1405,6,13,243,u_to_v,1,157,244,6,13,6,13,
MOT17-13-FRCNN,1406,6,18,243,u_to_v,1,125,244,6,18,6,18,
MOT17-13-FRCNN,1407,6,27,243,u_to_v,1,45,244,6,27,6,27,
MOT17-13-FRCNN,1408,6,38,243,u_to_v,1,67,244,6,38,6,38,
MOT17-13-FRCNN,1409,6,51,243,u_to_v,1,3,244,6,51,6,51,
MOT17-13-FRCNN,1410,6,53,243,u_to_v,1,97,244,6,53,6,53,
MOT17-13-FRCNN,1411,6,66,243,u_to_v,1,44,244,6,66,6,66,
MOT17-13-FRCNN,1412,6,67,243,u_to_v,1,12,244,6,67,6,67,
MOT17-13-FRCNN,1413,6,68,243,u_to_v,1,17,244,6,68,6,68,
MOT17-13-FRCNN,1414,6,70,243,u_to_v,1,175,244,6,70,6,70,
MOT17-13-FRCNN,1415,6,75,243,u_to_v,1,57,244,6,75,6,75,
MOT17-13-FRCNN,1416,6,76,243,u_to_v,1,43,244,6,76,6,76,
MOT17-13-FRCNN,1417,6,77,243,u_to_v,1,108,244,6,77,6,77,
MOT17-13-FRCNN,1418,9,51,246,v_to_u,1,48,247,51,9,51,9,
MOT17-13-FRCNN,1419,12,51,246,v_to_u,1,131,247,51,12,51,12,
MOT17-13-FRCNN,1420,13,51,246,v_to_u,1,154,247,51,13,51,13,
MOT17-13-FRCNN,1421,18,51,246,v_to_u,1,122,247,51,18,51,18,
MOT17-13-FRCNN,1422,27,51,246,v_to_u,1,42,247,51,27,51,27,
MOT17-13-FRCNN,1423,38,51,246,v_to_u,1,64,247,51,38,51,38,
MOT17-13-FRCNN,1424,51,53,246,u_to_v,1,94,247,51,53,51,53,
MOT17-13-FRCNN,1425,51,66,246,u_to_v,1,41,247,51,66,51,66,
MOT17-13-FRCNN,1426,51,67,246,u_to_v,1,9,247,51,67,51,67,
MOT17-13-FRCNN,1427,51,68,246,u_to_v,1,14,247,51,68,51,68,
MOT17-13-FRCNN,1428,51,70,246,u_to_v,1,172,247,51,70,51,70,
MOT17-13-FRCNN,1429,51,75,246,u_to_v,1,54,247,51,75,51,75,
MOT17-13-FRCNN,1430,51,76,246,u_to_v,1,40,247,51,76,51,76,
MOT17-13-FRCNN,1431,51,77,246,u_to_v,1,105,247,51,77,51,77,
MOT17-13-FRCNN,1432,9,67,255,v_to_u,1,39,256,67,9,67,9,
MOT17-13-FRCNN,1433,12,67,255,v_to_u,1,122,256,67,12,67,12,
MOT17-13-FRCNN,1434,13,67,255,v_to_u,1,145,256,67,13,67,13,
MOT17-13-FRCNN,1435,18,67,255,v_to_u,1,113,256,67,18,67,18,
MOT17-13-FRCNN,1436,27,67,255,v_to_u,1,33,256,67,27,67,27,
MOT17-13-FRCNN,1437,38,67,255,v_to_u,1,55,256,67,38,67,38,
MOT17-13-FRCNN,1438,53,67,255,v_to_u,1,85,256,67,53,67,53,
MOT17-13-FRCNN,1439,66,67,255,v_to_u,1,32,256,67,66,67,66,
MOT17-13-FRCNN,1440,67,68,255,u_to_v,1,5,256,67,68,67,68,
MOT17-13-FRCNN,1441,67,70,255,u_to_v,1,163,256,67,70,67,70,
MOT17-13-FRCNN,1442,67,75,255,u_to_v,1,45,256,67,75,67,75,
MOT17-13-FRCNN,1443,67,76,255,u_to_v,1,31,256,67,76,67,76,
MOT17-13-FRCNN,1444,67,77,255,u_to_v,1,96,256,67,77,67,77,
MOT17-13-FRCNN,1445,9,68,260,v_to_u,1,34,261,68,9,68,9,
MOT17-13-FRCNN,1446,9,79,260,v_to_u,1,34,261,79,9,79,9,
MOT17-13-FRCNN,1447,12,68,260,v_to_u,1,117,261,68,12,68,12,
MOT17-13-FRCNN,1448,12,79,260,v_to_u,1,117,261,79,12,79,12,
MOT17-13-FRCNN,1449,13,68,260,v_to_u,1,140,261,68,13,68,13,
MOT17-13-FRCNN,1450,13,79,260,v_to_u,1,140,261,79,13,79,13,
MOT17-13-FRCNN,1451,18,68,260,v_to_u,1,108,261,68,18,68,18,
MOT17-13-FRCNN,1452,18,79,260,v_to_u,1,108,261,79,18,79,18,
MOT17-13-FRCNN,1453,27,68,260,v_to_u,1,28,261,68,27,68,27,
MOT17-13-FRCNN,1454,27,79,260,v_to_u,1,28,261,79,27,79,27,
MOT17-13-FRCNN,1455,38,68,260,v_to_u,1,50,261,68,38,68,38,
MOT17-13-FRCNN,1456,38,79,260,v_to_u,1,50,261,79,38,79,38,
MOT17-13-FRCNN,1457,53,68,260,v_to_u,1,80,261,68,53,68,53,
MOT17-13-FRCNN,1458,53,79,260,v_to_u,1,80,261,79,53,79,53,
MOT17-13-FRCNN,1459,66,68,260,v_to_u,1,27,261,68,66,68,66,
MOT17-13-FRCNN,1460,66,79,260,v_to_u,1,27,261,79,66,79,66,
MOT17-13-FRCNN,1461,68,70,260,u_to_v,1,158,261,68,70,68,70,
MOT17-13-FRCNN,1462,68,75,260,u_to_v,1,40,261,68,75,68,75,
MOT17-13-FRCNN,1463,68,76,260,u_to_v,1,26,261,68,76,68,76,
MOT17-13-FRCNN,1464,68,77,260,u_to_v,1,91,261,68,77,68,77,
MOT17-13-FRCNN,1465,68,78,260,u_to_v,1,110,261,68,78,68,78,
MOT17-13-FRCNN,1466,70,79,260,v_to_u,1,158,261,79,70,79,70,
MOT17-13-FRCNN,1467,75,79,260,v_to_u,1,40,261,79,75,79,75,
MOT17-13-FRCNN,1468,76,79,260,v_to_u,1,26,261,79,76,79,76,
MOT17-13-FRCNN,1469,77,79,260,v_to_u,1,91,261,79,77,79,77,
MOT17-13-FRCNN,1470,78,79,260,v_to_u,1,110,261,79,78,79,78,
MOT17-13-FRCNN,1471,9,83,279,v_to_u,1,15,280,83,9,83,9,
MOT17-13-FRCNN,1472,12,83,279,v_to_u,1,98,280,83,12,83,12,
MOT17-13-FRCNN,1473,13,83,279,v_to_u,1,121,280,83,13,83,13,
MOT17-13-FRCNN,1474,18,83,279,v_to_u,1,89,280,83,18,83,18,
MOT17-13-FRCNN,1475,27,83,279,v_to_u,1,9,280,83,27,83,27,
MOT17-13-FRCNN,1476,38,83,279,v_to_u,1,31,280,83,38,83,38,
MOT17-13-FRCNN,1477,53,83,279,v_to_u,1,61,280,83,53,83,53,
MOT17-13-FRCNN,1478,66,83,279,v_to_u,1,8,280,83,66,83,66,
MOT17-13-FRCNN,1479,70,83,279,v_to_u,1,139,280,83,70,83,70,
MOT17-13-FRCNN,1480,75,83,279,v_to_u,1,21,280,83,75,83,75,
MOT17-13-FRCNN,1481,76,83,279,v_to_u,1,7,280,83,76,83,76,
MOT17-13-FRCNN,1482,77,83,279,v_to_u,1,72,280,83,77,83,77,
MOT17-13-FRCNN,1483,78,83,279,v_to_u,1,91,280,83,78,83,78,
MOT17-13-FRCNN,1484,80,83,279,v_to_u,1,55,280,83,80,83,80,
MOT17-13-FRCNN,1485,81,83,279,v_to_u,1,175,280,83,81,83,81,
MOT17-13-FRCNN,1486,82,83,279,v_to_u,1,75,280,83,82,83,82,
MOT17-13-FRCNN,1487,9,76,286,v_to_u,1,8,287,76,9,76,9,
MOT17-13-FRCNN,1488,12,76,286,v_to_u,1,91,287,76,12,76,12,
MOT17-13-FRCNN,1489,13,76,286,v_to_u,1,114,287,76,13,76,13,
MOT17-13-FRCNN,1490,18,76,286,v_to_u,1,82,287,76,18,76,18,
MOT17-13-FRCNN,1491,27,76,286,v_to_u,1,2,287,76,27,76,27,
MOT17-13-FRCNN,1492,38,76,286,v_to_u,1,24,287,76,38,76,38,
MOT17-13-FRCNN,1493,53,76,286,v_to_u,1,54,287,76,53,76,53,
MOT17-13-FRCNN,1494,66,76,286,v_to_u,1,1,287,76,66,76,66,
MOT17-13-FRCNN,1495,70,76,286,v_to_u,1,132,287,76,70,76,70,
MOT17-13-FRCNN,1496,75,76,286,v_to_u,1,14,287,76,75,76,75,
MOT17-13-FRCNN,1497,76,77,286,u_to_v,1,65,287,76,77,76,77,
MOT17-13-FRCNN,1498,76,78,286,u_to_v,1,84,287,76,78,76,78,
MOT17-13-FRCNN,1499,76,80,286,u_to_v,1,48,287,76,80,76,80,
MOT17-13-FRCNN,1500,76,81,286,u_to_v,1,168,287,76,81,76,81,
MOT17-13-FRCNN,1501,76,82,286,u_to_v,1,68,287,76,82,76,82,
MOT17-13-FRCNN,1502,76,84,286,u_to_v,1,52,287,76,84,76,84,
MOT17-13-FRCNN,1503,9,66,287,v_to_u,1,7,288,66,9,66,9,
MOT17-13-FRCNN,1504,12,66,287,v_to_u,1,90,288,66,12,66,12,
MOT17-13-FRCNN,1505,13,66,287,v_to_u,1,113,288,66,13,66,13,
MOT17-13-FRCNN,1506,18,66,287,v_to_u,1,81,288,66,18,66,18,
MOT17-13-FRCNN,1507,27,66,287,v_to_u,1,1,288,66,27,66,27,
MOT17-13-FRCNN,1508,38,66,287,v_to_u,1,23,288,66,38,66,38,
MOT17-13-FRCNN,1509,53,66,287,v_to_u,1,53,288,66,53,66,53,
MOT17-13-FRCNN,1510,66,70,287,u_to_v,1,131,288,66,70,66,70,
MOT17-13-FRCNN,1511,66,75,287,u_to_v,1,13,288,66,75,66,75,
MOT17-13-FRCNN,1512,66,77,287,u_to_v,1,64,288,66,77,66,77,
MOT17-13-FRCNN,1513,66,78,287,u_to_v,1,83,288,66,78,66,78,
MOT17-13-FRCNN,1514,66,80,287,u_to_v,1,47,288,66,80,66,80,
MOT17-13-FRCNN,1515,66,81,287,u_to_v,1,167,288,66,81,66,81,
MOT17-13-FRCNN,1516,66,82,287,u_to_v,1,67,288,66,82,66,82,
MOT17-13-FRCNN,1517,66,84,287,u_to_v,1,51,288,66,84,66,84,
MOT17-13-FRCNN,1518,66,85,287,u_to_v,1,151,288,66,85,66,85,
MOT17-13-FRCNN,1519,9,27,288,v_to_u,1,6,289,27,9,27,9,
MOT17-13-FRCNN,1520,12,27,288,v_to_u,1,89,289,27,12,27,12,
MOT17-13-FRCNN,1521,13,27,288,v_to_u,1,112,289,27,13,27,13,
MOT17-13-FRCNN,1522,18,27,288,v_to_u,1,80,289,27,18,27,18,
MOT17-13-FRCNN,1523,27,38,288,u_to_v,1,22,289,27,38,27,38,
MOT17-13-FRCNN,1524,27,53,288,u_to_v,1,52,289,27,53,27,53,
MOT17-13-FRCNN,1525,27,70,288,u_to_v,1,130,289,27,70,27,70,
MOT17-13-FRCNN,1526,27,75,288,u_to_v,1,12,289,27,75,27,75,
MOT17-13-FRCNN,1527,27,77,288,u_to_v,1,63,289,27,77,27,77,
MOT17-13-FRCNN,1528,27,78,288,u_to_v,1,82,289,27,78,27,78,
MOT17-13-FRCNN,1529,27,80,288,u_to_v,1,46,289,27,80,27,80,
MOT17-13-FRCNN,1530,27,81,288,u_to_v,1,166,289,27,81,27,81,
MOT17-13-FRCNN,1531,27,82,288,u_to_v,1,66,289,27,82,27,82,
MOT17-13-FRCNN,1532,27,84,288,u_to_v,1,50,289,27,84,27,84,
MOT17-13-FRCNN,1533,27,85,288,u_to_v,1,150,289,27,85,27,85,
MOT17-13-FRCNN,1534,9,86,291,v_to_u,1,3,292,86,9,86,9,
MOT17-13-FRCNN,1535,12,86,291,v_to_u,1,86,292,86,12,86,12,
MOT17-13-FRCNN,1536,13,86,291,v_to_u,1,109,292,86,13,86,13,
MOT17-13-FRCNN,1537,18,86,291,v_to_u,1,77,292,86,18,86,18,
MOT17-13-FRCNN,1538,38,86,291,v_to_u,1,19,292,86,38,86,38,
MOT17-13-FRCNN,1539,53,86,291,v_to_u,1,49,292,86,53,86,53,
MOT17-13-FRCNN,1540,70,86,291,v_to_u,1,127,292,86,70,86,70,
MOT17-13-FRCNN,1541,75,86,291,v_to_u,1,9,292,86,75,86,75,
MOT17-13-FRCNN,1542,77,86,291,v_to_u,1,60,292,86,77,86,77,
MOT17-13-FRCNN,1543,78,86,291,v_to_u,1,79,292,86,78,86,78,
MOT17-13-FRCNN,1544,80,86,291,v_to_u,1,43,292,86,80,86,80,
MOT17-13-FRCNN,1545,81,86,291,v_to_u,1,163,292,86,81,86,81,
MOT17-13-FRCNN,1546,82,86,291,v_to_u,1,63,292,86,82,86,82,
MOT17-13-FRCNN,1547,84,86,291,v_to_u,1,47,292,86,84,86,84,
MOT17-13-FRCNN,1548,85,86,291,v_to_u,1,147,292,86,85,86,85,
MOT17-13-FRCNN,1549,86,87,291,u_to_v,1,172,292,86,87,86,87,
MOT17-13-FRCNN,1550,9,88,293,v_to_u,1,1,294,88,9,88,9,
MOT17-13-FRCNN,1551,12,88,293,v_to_u,1,84,294,88,12,88,12,
MOT17-13-FRCNN,1552,13,88,293,v_to_u,1,107,294,88,13,88,13,
MOT17-13-FRCNN,1553,18,88,293,v_to_u,1,75,294,88,18,88,18,
MOT17-13-FRCNN,1554,38,88,293,v_to_u,1,17,294,88,38,88,38,
MOT17-13-FRCNN,1555,53,88,293,v_to_u,1,47,294,88,53,88,53,
MOT17-13-FRCNN,1556,70,88,293,v_to_u,1,125,294,88,70,88,70,
MOT17-13-FRCNN,1557,75,88,293,v_to_u,1,7,294,88,75,88,75,
MOT17-13-FRCNN,1558,77,88,293,v_to_u,1,58,294,88,77,88,77,
MOT17-13-FRCNN,1559,78,88,293,v_to_u,1,77,294,88,78,88,78,
MOT17-13-FRCNN,1560,80,88,293,v_to_u,1,41,294,88,80,88,80,
MOT17-13-FRCNN,1561,81,88,293,v_to_u,1,161,294,88,81,88,81,
MOT17-13-FRCNN,1562,82,88,293,v_to_u,1,61,294,88,82,88,82,
MOT17-13-FRCNN,1563,84,88,293,v_to_u,1,45,294,88,84,88,84,
MOT17-13-FRCNN,1564,85,88,293,v_to_u,1,145,294,88,85,88,85,
MOT17-13-FRCNN,1565,87,88,293,v_to_u,1,170,294,88,87,88,87,
MOT17-13-FRCNN,1566,9,12,294,u_to_v,1,83,295,9,12,9,12,
MOT17-13-FRCNN,1567,9,13,294,u_to_v,1,106,295,9,13,9,13,
MOT17-13-FRCNN,1568,9,18,294,u_to_v,1,74,295,9,18,9,18,
MOT17-13-FRCNN,1569,9,38,294,u_to_v,1,16,295,9,38,9,38,
MOT17-13-FRCNN,1570,9,53,294,u_to_v,1,46,295,9,53,9,53,
MOT17-13-FRCNN,1571,9,70,294,u_to_v,1,124,295,9,70,9,70,
MOT17-13-FRCNN,1572,9,75,294,u_to_v,1,6,295,9,75,9,75,
MOT17-13-FRCNN,1573,9,77,294,u_to_v,1,57,295,9,77,9,77,
MOT17-13-FRCNN,1574,9,78,294,u_to_v,1,76,295,9,78,9,78,
MOT17-13-FRCNN,1575,9,80,294,u_to_v,1,40,295,9,80,9,80,
MOT17-13-FRCNN,1576,9,81,294,u_to_v,1,160,295,9,81,9,81,
MOT17-13-FRCNN,1577,9,82,294,u_to_v,1,60,295,9,82,9,82,
MOT17-13-FRCNN,1578,9,84,294,u_to_v,1,44,295,9,84,9,84,
MOT17-13-FRCNN,1579,9,85,294,u_to_v,1,144,295,9,85,9,85,
MOT17-13-FRCNN,1580,9,87,294,u_to_v,1,169,295,9,87,9,87,
MOT17-13-FRCNN,1581,12,75,300,v_to_u,1,77,301,75,12,75,12,
MOT17-13-FRCNN,1582,13,75,300,v_to_u,1,100,301,75,13,75,13,
MOT17-13-FRCNN,1583,18,75,300,v_to_u,1,68,301,75,18,75,18,
MOT17-13-FRCNN,1584,38,75,300,v_to_u,1,10,301,75,38,75,38,
MOT17-13-FRCNN,1585,53,75,300,v_to_u,1,40,301,75,53,75,53,
MOT17-13-FRCNN,1586,70,75,300,v_to_u,1,118,301,75,70,75,70,
MOT17-13-FRCNN,1587,75,77,300,u_to_v,1,51,301,75,77,75,77,
MOT17-13-FRCNN,1588,75,78,300,u_to_v,1,70,301,75,78,75,78,
MOT17-13-FRCNN,1589,75,80,300,u_to_v,1,34,301,75,80,75,80,
MOT17-13-FRCNN,1590,75,81,300,u_to_v,1,154,301,75,81,75,81,
MOT17-13-FRCNN,1591,75,82,300,u_to_v,1,54,301,75,82,75,82,
MOT17-13-FRCNN,1592,75,84,300,u_to_v,1,38,301,75,84,75,84,
MOT17-13-FRCNN,1593,75,85,300,u_to_v,1,138,301,75,85,75,85,
MOT17-13-FRCNN,1594,75,87,300,u_to_v,1,163,301,75,87,75,87,
MOT17-13-FRCNN,1595,75,89,300,u_to_v,1,141,301,75,89,75,89,
MOT17-13-FRCNN,1596,75,90,300,u_to_v,1,72,301,75,90,75,90,
MOT17-13-FRCNN,1597,75,91,300,u_to_v,1,161,301,75,91,75,91,
MOT17-13-FRCNN,1598,12,38,310,v_to_u,1,67,311,38,12,38,12,
MOT17-13-FRCNN,1599,13,38,310,v_to_u,1,90,311,38,13,38,13,
MOT17-13-FRCNN,1600,18,38,310,v_to_u,1,58,311,38,18,38,18,
MOT17-13-FRCNN,1601,38,53,310,u_to_v,1,30,311,38,53,38,53,
MOT17-13-FRCNN,1602,38,70,310,u_to_v,1,108,311,38,70,38,70,
MOT17-13-FRCNN,1603,38,77,310,u_to_v,1,41,311,38,77,38,77,
MOT17-13-FRCNN,1604,38,78,310,u_to_v,1,60,311,38,78,38,78,
MOT17-13-FRCNN,1605,38,80,310,u_to_v,1,24,311,38,80,38,80,
MOT17-13-FRCNN,1606,38,81,310,u_to_v,1,144,311,38,81,38,81,
MOT17-13-FRCNN,1607,38,82,310,u_to_v,1,44,311,38,82,38,82,
MOT17-13-FRCNN,1608,38,84,310,u_to_v,1,28,311,38,84,38,84,
MOT17-13-FRCNN,1609,38,85,310,u_to_v,1,128,311,38,85,38,85,
MOT17-13-FRCNN,1610,38,87,310,u_to_v,1,153,311,38,87,38,87,
MOT17-13-FRCNN,1611,38,89,310,u_to_v,1,131,311,38,89,38,89,
MOT17-13-FRCNN,1612,38,90,310,u_to_v,1,62,311,38,90,38,90,
MOT17-13-FRCNN,1613,38,91,310,u_to_v,1,151,311,38,91,38,91,
MOT17-13-FRCNN,1614,38,92,310,u_to_v,1,170,311,38,92,38,92,
MOT17-13-FRCNN,1615,38,93,310,u_to_v,1,131,311,38,93,38,93,
MOT17-13-FRCNN,1616,12,80,334,v_to_u,1,43,335,80,12,80,12,
MOT17-13-FRCNN,1617,13,80,334,v_to_u,1,66,335,80,13,80,13,
MOT17-13-FRCNN,1618,18,80,334,v_to_u,1,34,335,80,18,80,18,
MOT17-13-FRCNN,1619,53,80,334,v_to_u,1,6,335,80,53,80,53,
MOT17-13-FRCNN,1620,70,80,334,v_to_u,1,84,335,80,70,80,70,
MOT17-13-FRCNN,1621,77,80,334,v_to_u,1,17,335,80,77,80,77,
MOT17-13-FRCNN,1622,78,80,334,v_to_u,1,36,335,80,78,80,78,
MOT17-13-FRCNN,1623,80,81,334,u_to_v,1,120,335,80,81,80,81,
MOT17-13-FRCNN,1624,80,82,334,u_to_v,1,20,335,80,82,80,82,
MOT17-13-FRCNN,1625,80,84,334,u_to_v,1,4,335,80,84,80,84,
MOT17-13-FRCNN,1626,80,85,334,u_to_v,1,104,335,80,85,80,85,
MOT17-13-FRCNN,1627,80,87,334,u_to_v,1,129,335,80,87,80,87,
MOT17-13-FRCNN,1628,80,89,334,u_to_v,1,107,335,80,89,80,89,
MOT17-13-FRCNN,1629,80,90,334,u_to_v,1,38,335,80,90,80,90,
MOT17-13-FRCNN,1630,80,91,334,u_to_v,1,127,335,80,91,80,91,
MOT17-13-FRCNN,1631,80,92,334,u_to_v,1,146,335,80,92,80,92,
MOT17-13-FRCNN,1632,80,93,334,u_to_v,1,107,335,80,93,80,93,
MOT17-13-FRCNN,1633,80,94,334,u_to_v,1,108,335,80,94,80,94,
MOT17-13-FRCNN,1634,80,95,334,u_to_v,1,41,335,80,95,80,95,
MOT17-13-FRCNN,1635,80,96,334,u_to_v,1,99,335,80,96,80,96,
MOT17-13-FRCNN,1636,80,97,334,u_to_v,1,86,335,80,97,80,97,
MOT17-13-FRCNN,1637,80,98,334,u_to_v,1,138,335,80,98,80,98,
MOT17-13-FRCNN,1638,80,99,334,u_to_v,1,135,335,80,99,80,99,
MOT17-13-FRCNN,1639,80,100,334,u_to_v,1,138,335,80,100,80,100,
MOT17-13-FRCNN,1640,80,101,334,u_to_v,1,144,335,80,101,80,101,
MOT17-13-FRCNN,1641,12,84,338,v_to_u,1,39,339,84,12,84,12,
MOT17-13-FRCNN,1642,13,84,338,v_to_u,1,62,339,84,13,84,13,
MOT17-13-FRCNN,1643,18,84,338,v_to_u,1,30,339,84,18,84,18,
MOT17-13-FRCNN,1644,53,84,338,v_to_u,1,2,339,84,53,84,53,
MOT17-13-FRCNN,1645,70,84,338,v_to_u,1,80,339,84,70,84,70,
MOT17-13-FRCNN,1646,77,84,338,v_to_u,1,13,339,84,77,84,77,
MOT17-13-FRCNN,1647,78,84,338,v_to_u,1,32,339,84,78,84,78,
MOT17-13-FRCNN,1648,81,84,338,v_to_u,1,116,339,84,81,84,81,
MOT17-13-FRCNN,1649,82,84,338,v_to_u,1,16,339,84,82,84,82,
MOT17-13-FRCNN,1650,84,85,338,u_to_v,1,100,339,84,85,84,85,
MOT17-13-FRCNN,1651,84,87,338,u_to_v,1,125,339,84,87,84,87,
MOT17-13-FRCNN,1652,84,89,338,u_to_v,1,103,339,84,89,84,89,
MOT17-13-FRCNN,1653,84,90,338,u_to_v,1,34,339,84,90,84,90,
MOT17-13-FRCNN,1654,84,91,338,u_to_v,1,123,339,84,91,84,91,
MOT17-13-FRCNN,1655,84,92,338,u_to_v,1,142,339,84,92,84,92,
MOT17-13-FRCNN,1656,84,93,338,u_to_v,1,103,339,84,93,84,93,
MOT17-13-FRCNN,1657,84,94,338,u_to_v,1,104,339,84,94,84,94,
MOT17-13-FRCNN,1658,84,95,338,u_to_v,1,37,339,84,95,84,95,
MOT17-13-FRCNN,1659,84,96,338,u_to_v,1,95,339,84,96,84,96,
MOT17-13-FRCNN,1660,84,97,338,u_to_v,1,82,339,84,97,84,97,
MOT17-13-FRCNN,1661,84,98,338,u_to_v,1,134,339,84,98,84,98,
MOT17-13-FRCNN,1662,84,99,338,u_to_v,1,131,339,84,99,84,99,
MOT17-13-FRCNN,1663,84,100,338,u_to_v,1,134,339,84,100,84,100,
MOT17-13-FRCNN,1664,84,101,338,u_to_v,1,140,339,84,101,84,101,
MOT17-13-FRCNN,1665,84,102,338,u_to_v,1,91,339,84,102,84,102,
MOT17-13-FRCNN,1666,12,53,340,v_to_u,1,37,341,53,12,53,12,
MOT17-13-FRCNN,1667,13,53,340,v_to_u,1,60,341,53,13,53,13,
MOT17-13-FRCNN,1668,18,53,340,v_to_u,1,28,341,53,18,53,18,
MOT17-13-FRCNN,1669,53,70,340,u_to_v,1,78,341,53,70,53,70,
MOT17-13-FRCNN,1670,53,77,340,u_to_v,1,11,341,53,77,53,77,
MOT17-13-FRCNN,1671,53,78,340,u_to_v,1,30,341,53,78,53,78,
MOT17-13-FRCNN,1672,53,81,340,u_to_v,1,114,341,53,81,53,81,
MOT17-13-FRCNN,1673,53,82,340,u_to_v,1,14,341,53,82,53,82,
MOT17-13-FRCNN,1674,53,85,340,u_to_v,1,98,341,53,85,53,85,
MOT17-13-FRCNN,1675,53,87,340,u_to_v,1,123,341,53,87,53,87,
MOT17-13-FRCNN,1676,53,89,340,u_to_v,1,101,341,53,89,53,89,
MOT17-13-FRCNN,1677,53,90,340,u_to_v,1,32,341,53,90,53,90,
MOT17-13-FRCNN,1678,53,91,340,u_to_v,1,121,341,53,91,53,91,
MOT17-13-FRCNN,1679,53,92,340,u_to_v,1,140,341,53,92,53,92,
MOT17-13-FRCNN,1680,53,93,340,u_to_v,1,101,341,53,93,53,93,
MOT17-13-FRCNN,1681,53,94,340,u_to_v,1,102,341,53,94,53,94,
MOT17-13-FRCNN,1682,53,95,340,u_to_v,1,35,341,53,95,53,95,
MOT17-13-FRCNN,1683,53,96,340,u_to_v,1,93,341,53,96,53,96,
MOT17-13-FRCNN,1684,53,97,340,u_to_v,1,80,341,53,97,53,97,
MOT17-13-FRCNN,1685,53,98,340,u_to_v,1,132,341,53,98,53,98,
MOT17-13-FRCNN,1686,53,99,340,u_to_v,1,129,341,53,99,53,99,
MOT17-13-FRCNN,1687,53,100,340,u_to_v,1,132,341,53,100,53,100,
MOT17-13-FRCNN,1688,53,101,340,u_to_v,1,138,341,53,101,53,101,
MOT17-13-FRCNN,1689,53,102,340,u_to_v,1,89,341,53,102,53,102,
MOT17-13-FRCNN,1690,12,77,351,v_to_u,1,26,352,77,12,77,12,
MOT17-13-FRCNN,1691,13,77,351,v_to_u,1,49,352,77,13,77,13,
MOT17-13-FRCNN,1692,18,77,351,v_to_u,1,17,352,77,18,77,18,
MOT17-13-FRCNN,1693,70,77,351,v_to_u,1,67,352,77,70,77,70,
MOT17-13-FRCNN,1694,77,78,351,u_to_v,1,19,352,77,78,77,78,
MOT17-13-FRCNN,1695,77,81,351,u_to_v,1,103,352,77,81,77,81,
MOT17-13-FRCNN,1696,77,82,351,u_to_v,1,3,352,77,82,77,82,
MOT17-13-FRCNN,1697,77,85,351,u_to_v,1,87,352,77,85,77,85,
MOT17-13-FRCNN,1698,77,87,351,u_to_v,1,112,352,77,87,77,87,
MOT17-13-FRCNN,1699,77,89,351,u_to_v,1,90,352,77,89,77,89,
MOT17-13-FRCNN,1700,77,90,351,u_to_v,1,21,352,77,90,77,90,
MOT17-13-FRCNN,1701,77,91,351,u_to_v,1,110,352,77,91,77,91,
MOT17-13-FRCNN,1702,77,92,351,u_to_v,1,129,352,77,92,77,92,
MOT17-13-FRCNN,1703,77,93,351,u_to_v,1,90,352,77,93,77,93,
MOT17-13-FRCNN,1704,77,94,351,u_to_v,1,91,352,77,94,77,94,
MOT17-13-FRCNN,1705,77,95,351,u_to_v,1,24,352,77,95,77,95,
MOT17-13-FRCNN,1706,77,96,351,u_to_v,1,82,352,77,96,77,96,
MOT17-13-FRCNN,1707,77,97,351,u_to_v,1,69,352,77,97,77,97,
MOT17-13-FRCNN,1708,77,98,351,u_to_v,1,121,352,77,98,77,98,
MOT17-13-FRCNN,1709,77,99,351,u_to_v,1,118,352,77,99,77,99,
MOT17-13-FRCNN,1710,77,100,351,u_to_v,1,121,352,77,100,77,100,
MOT17-13-FRCNN,1711,77,101,351,u_to_v,1,127,352,77,101,77,101,
MOT17-13-FRCNN,1712,77,102,351,u_to_v,1,78,352,77,102,77,102,
MOT17-13-FRCNN,1713,77,103,351,u_to_v,1,117,352,77,103,77,103,
MOT17-13-FRCNN,1714,12,82,354,v_to_u,1,23,355,82,12,82,12,
MOT17-13-FRCNN,1715,13,82,354,v_to_u,1,46,355,82,13,82,13,
MOT17-13-FRCNN,1716,18,82,354,v_to_u,1,14,355,82,18,82,18,
MOT17-13-FRCNN,1717,70,82,354,v_to_u,1,64,355,82,70,82,70,
MOT17-13-FRCNN,1718,78,82,354,v_to_u,1,16,355,82,78,82,78,
MOT17-13-FRCNN,1719,81,82,354,v_to_u,1,100,355,82,81,82,81,
MOT17-13-FRCNN,1720,82,85,354,u_to_v,1,84,355,82,85,82,85,
MOT17-13-FRCNN,1721,82,87,354,u_to_v,1,109,355,82,87,82,87,
MOT17-13-FRCNN,1722,82,89,354,u_to_v,1,87,355,82,89,82,89,
MOT17-13-FRCNN,1723,82,90,354,u_to_v,1,18,355,82,90,82,90,
MOT17-13-FRCNN,1724,82,91,354,u_to_v,1,107,355,82,91,82,91,
MOT17-13-FRCNN,1725,82,92,354,u_to_v,1,126,355,82,92,82,92,
MOT17-13-FRCNN,1726,82,93,354,u_to_v,1,87,355,82,93,82,93,
MOT17-13-FRCNN,1727,82,94,354,u_to_v,1,88,355,82,94,82,94,
MOT17-13-FRCNN,1728,82,95,354,u_to_v,1,21,355,82,95,82,95,
MOT17-13-FRCNN,1729,82,96,354,u_to_v,1,79,355,82,96,82,96,
MOT17-13-FRCNN,1730,82,97,354,u_to_v,1,66,355,82,97,82,97,
MOT17-13-FRCNN,1731,82,98,354,u_to_v,1,118,355,82,98,82,98,
MOT17-13-FRCNN,1732,82,99,354,u_to_v,1,115,355,82,99,82,99,
MOT17-13-FRCNN,1733,82,100,354,u_to_v,1,118,355,82,100,82,100,
MOT17-13-FRCNN,1734,82,101,354,u_to_v,1,124,355,82,101,82,101,
MOT17-13-FRCNN,1735,82,102,354,u_to_v,1,75,355,82,102,82,102,
MOT17-13-FRCNN,1736,82,103,354,u_to_v,1,114,355,82,103,82,103,
MOT17-13-FRCNN,1737,12,18,368,v_to_u,1,9,369,18,12,18,12,
MOT17-13-FRCNN,1738,13,18,368,v_to_u,1,32,369,18,13,18,13,
MOT17-13-FRCNN,1739,18,70,368,u_to_v,1,50,369,18,70,18,70,
MOT17-13-FRCNN,1740,18,78,368,u_to_v,1,2,369,18,78,18,78,
MOT17-13-FRCNN,1741,18,81,368,u_to_v,1,86,369,18,81,18,81,
MOT17-13-FRCNN,1742,18,85,368,u_to_v,1,70,369,18,85,18,85,
MOT17-13-FRCNN,1743,18,87,368,u_to_v,1,95,369,18,87,18,87,
MOT17-13-FRCNN,1744,18,89,368,u_to_v,1,73,369,18,89,18,89,
MOT17-13-FRCNN,1745,18,90,368,u_to_v,1,4,369,18,90,18,90,
MOT17-13-FRCNN,1746,18,91,368,u_to_v,1,93,369,18,91,18,91,
MOT17-13-FRCNN,1747,18,92,368,u_to_v,1,112,369,18,92,18,92,
MOT17-13-FRCNN,1748,18,93,368,u_to_v,1,73,369,18,93,18,93,
MOT17-13-FRCNN,1749,18,94,368,u_to_v,1,74,369,18,94,18,94,
MOT17-13-FRCNN,1750,18,95,368,u_to_v,1,7,369,18,95,18,95,
MOT17-13-FRCNN,1751,18,96,368,u_to_v,1,65,369,18,96,18,96,
MOT17-13-FRCNN,1752,18,97,368,u_to_v,1,52,369,18,97,18,97,
MOT17-13-FRCNN,1753,18,98,368,u_to_v,1,104,369,18,98,18,98,
MOT17-13-FRCNN,1754,18,99,368,u_to_v,1,101,369,18,99,18,99,
MOT17-13-FRCNN,1755,18,100,368,u_to_v,1,104,369,18,100,18,100,
MOT17-13-FRCNN,1756,18,101,368,u_to_v,1,110,369,18,101,18,101,
MOT17-13-FRCNN,1757,18,102,368,u_to_v,1,61,369,18,102,18,102,
MOT17-13-FRCNN,1758,18,103,368,u_to_v,1,100,369,18,103,18,103,
MOT17-13-FRCNN,1759,12,78,370,v_to_u,1,7,371,78,12,78,12,
MOT17-13-FRCNN,1760,13,78,370,v_to_u,1,30,371,78,13,78,13,
MOT17-13-FRCNN,1761,70,78,370,v_to_u,1,48,371,78,70,78,70,
MOT17-13-FRCNN,1762,78,81,370,u_to_v,1,84,371,78,81,78,81,
MOT17-13-FRCNN,1763,78,85,370,u_to_v,1,68,371,78,85,78,85,
MOT17-13-FRCNN,1764,78,87,370,u_to_v,1,93,371,78,87,78,87,
MOT17-13-FRCNN,1765,78,89,370,u_to_v,1,71,371,78,89,78,89,
MOT17-13-FRCNN,1766,78,90,370,u_to_v,1,2,371,78,90,78,90,
MOT17-13-FRCNN,1767,78,91,370,u_to_v,1,91,371,78,91,78,91,
MOT17-13-FRCNN,1768,78,92,370,u_to_v,1,110,371,78,92,78,92,
MOT17-13-FRCNN,1769,78,93,370,u_to_v,1,71,371,78,93,78,93,
MOT17-13-FRCNN,1770,78,94,370,u_to_v,1,72,371,78,94,78,94,
MOT17-13-FRCNN,1771,78,95,370,u_to_v,1,5,371,78,95,78,95,
MOT17-13-FRCNN,1772,78,96,370,u_to_v,1,63,371,78,96,78,96,
MOT17-13-FRCNN,1773,78,97,370,u_to_v,1,50,371,78,97,78,97,
MOT17-13-FRCNN,1774,78,98,370,u_to_v,1,102,371,78,98,78,98,
MOT17-13-FRCNN,1775,78,99,370,u_to_v,1,99,371,78,99,78,99,
MOT17-13-FRCNN,1776,78,100,370,u_to_v,1,102,371,78,100,78,100,
MOT17-13-FRCNN,1777,78,101,370,u_to_v,1,108,371,78,101,78,101,
MOT17-13-FRCNN,1778,78,102,370,u_to_v,1,59,371,78,102,78,102,
MOT17-13-FRCNN,1779,78,103,370,u_to_v,1,98,371,78,103,78,103,
MOT17-13-FRCNN,1780,12,90,372,v_to_u,1,5,373,90,12,90,12,
MOT17-13-FRCNN,1781,13,90,372,v_to_u,1,28,373,90,13,90,13,
MOT17-13-FRCNN,1782,70,90,372,v_to_u,1,46,373,90,70,90,70,
MOT17-13-FRCNN,1783,81,90,372,v_to_u,1,82,373,90,81,90,81,
MOT17-13-FRCNN,1784,85,90,372,v_to_u,1,66,373,90,85,90,85,
MOT17-13-FRCNN,1785,87,90,372,v_to_u,1,91,373,90,87,90,87,
MOT17-13-FRCNN,1786,89,90,372,v_to_u,1,69,373,90,89,90,89,
MOT17-13-FRCNN,1787,90,91,372,u_to_v,1,89,373,90,91,90,91,
MOT17-13-FRCNN,1788,90,92,372,u_to_v,1,108,373,90,92,90,92,
MOT17-13-FRCNN,1789,90,93,372,u_to_v,1,69,373,90,93,90,93,
MOT17-13-FRCNN,1790,90,94,372,u_to_v,1,70,373,90,94,90,94,
MOT17-13-FRCNN,1791,90,95,372,u_to_v,1,3,373,90,95,90,95,
MOT17-13-FRCNN,1792,90,96,372,u_to_v,1,61,373,90,96,90,96,
MOT17-13-FRCNN,1793,90,97,372,u_to_v,1,48,373,90,97,90,97,
MOT17-13-FRCNN,1794,90,98,372,u_to_v,1,100,373,90,98,90,98,
MOT17-13-FRCNN,1795,90,99,372,u_to_v,1,97,373,90,99,90,99,
MOT17-13-FRCNN,1796,90,100,372,u_to_v,1,100,373,90,100,90,100,
MOT17-13-FRCNN,1797,90,101,372,u_to_v,1,106,373,90,101,90,101,
MOT17-13-FRCNN,1798,90,102,372,u_to_v,1,57,373,90,102,90,102,
MOT17-13-FRCNN,1799,90,103,372,u_to_v,1,96,373,90,103,90,103,
MOT17-13-FRCNN,1800,90,104,372,u_to_v,1,95,373,90,104,90,104,
MOT17-13-FRCNN,1801,12,95,375,v_to_u,1,2,376,95,12,95,12,
MOT17-13-FRCNN,1802,13,95,375,v_to_u,1,25,376,95,13,95,13,
MOT17-13-FRCNN,1803,70,95,375,v_to_u,1,43,376,95,70,95,70,
MOT17-13-FRCNN,1804,81,95,375,v_to_u,1,79,376,95,81,95,81,
MOT17-13-FRCNN,1805,85,95,375,v_to_u,1,63,376,95,85,95,85,
MOT17-13-FRCNN,1806,87,95,375,v_to_u,1,88,376,95,87,95,87,
MOT17-13-FRCNN,1807,89,95,375,v_to_u,1,66,376,95,89,95,89,
MOT17-13-FRCNN,1808,91,95,375,v_to_u,1,86,376,95,91,95,91,
MOT17-13-FRCNN,1809,92,95,375,v_to_u,1,105,376,95,92,95,92,
MOT17-13-FRCNN,1810,93,95,375,v_to_u,1,66,376,95,93,95,93,
MOT17-13-FRCNN,1811,94,95,375,v_to_u,1,67,376,95,94,95,94,
MOT17-13-FRCNN,1812,95,96,375,u_to_v,1,58,376,95,96,95,96,
MOT17-13-FRCNN,1813,95,97,375,u_to_v,1,45,376,95,97,95,97,
MOT17-13-FRCNN,1814,95,98,375,u_to_v,1,97,376,95,98,95,98,
MOT17-13-FRCNN,1815,95,99,375,u_to_v,1,94,376,95,99,95,99,
MOT17-13-FRCNN,1816,95,100,375,u_to_v,1,97,376,95,100,95,100,
MOT17-13-FRCNN,1817,95,101,375,u_to_v,1,103,376,95,101,95,101,
MOT17-13-FRCNN,1818,95,102,375,u_to_v,1,54,376,95,102,95,102,
MOT17-13-FRCNN,1819,95,103,375,u_to_v,1,93,376,95,103,95,103,
MOT17-13-FRCNN,1820,95,104,375,u_to_v,1,92,376,95,104,95,104,
MOT17-13-FRCNN,1821,12,13,377,u_to_v,1,23,378,12,13,12,13,
MOT17-13-FRCNN,1822,12,70,377,u_to_v,1,41,378,12,70,12,70,
MOT17-13-FRCNN,1823,12,81,377,u_to_v,1,77,378,12,81,12,81,
MOT17-13-FRCNN,1824,12,85,377,u_to_v,1,61,378,12,85,12,85,
MOT17-13-FRCNN,1825,12,87,377,u_to_v,1,86,378,12,87,12,87,
MOT17-13-FRCNN,1826,12,89,377,u_to_v,1,64,378,12,89,12,89,
MOT17-13-FRCNN,1827,12,91,377,u_to_v,1,84,378,12,91,12,91,
MOT17-13-FRCNN,1828,12,92,377,u_to_v,1,103,378,12,92,12,92,
MOT17-13-FRCNN,1829,12,93,377,u_to_v,1,64,378,12,93,12,93,
MOT17-13-FRCNN,1830,12,94,377,u_to_v,1,65,378,12,94,12,94,
MOT17-13-FRCNN,1831,12,96,377,u_to_v,1,56,378,12,96,12,96,
MOT17-13-FRCNN,1832,12,97,377,u_to_v,1,43,378,12,97,12,97,
MOT17-13-FRCNN,1833,12,98,377,u_to_v,1,95,378,12,98,12,98,
MOT17-13-FRCNN,1834,12,99,377,u_to_v,1,92,378,12,99,12,99,
MOT17-13-FRCNN,1835,12,100,377,u_to_v,1,95,378,12,100,12,100,
MOT17-13-FRCNN,1836,12,101,377,u_to_v,1,101,378,12,101,12,101,
MOT17-13-FRCNN,1837,12,102,377,u_to_v,1,52,378,12,102,12,102,
MOT17-13-FRCNN,1838,12,103,377,u_to_v,1,91,378,12,103,12,103,
MOT17-13-FRCNN,1839,12,104,377,u_to_v,1,90,378,12,104,12,104,
MOT17-13-FRCNN,1840,13,105,382,v_to_u,1,18,383,105,13,105,13,
MOT17-13-FRCNN,1841,70,105,382,v_to_u,1,36,383,105,70,105,70,
MOT17-13-FRCNN,1842,81,105,382,v_to_u,1,72,383,105,81,105,81,
MOT17-13-FRCNN,1843,85,105,382,v_to_u,1,56,383,105,85,105,85,
MOT17-13-FRCNN,1844,87,105,382,v_to_u,1,81,383,105,87,105,87,
MOT17-13-FRCNN,1845,89,105,382,v_to_u,1,59,383,105,89,105,89,
MOT17-13-FRCNN,1846,91,105,382,v_to_u,1,79,383,105,91,105,91,
MOT17-13-FRCNN,1847,92,105,382,v_to_u,1,98,383,105,92,105,92,
MOT17-13-FRCNN,1848,93,105,382,v_to_u,1,59,383,105,93,105,93,
MOT17-13-FRCNN,1849,94,105,382,v_to_u,1,60,383,105,94,105,94,
MOT17-13-FRCNN,1850,96,105,382,v_to_u,1,51,383,105,96,105,96,
MOT17-13-FRCNN,1851,97,105,382,v_to_u,1,38,383,105,97,105,97,
MOT17-13-FRCNN,1852,98,105,382,v_to_u,1,90,383,105,98,105,98,
MOT17-13-FRCNN,1853,99,105,382,v_to_u,1,87,383,105,99,105,99,
MOT17-13-FRCNN,1854,100,105,382,v_to_u,1,90,383,105,100,105,100,
MOT17-13-FRCNN,1855,101,105,382,v_to_u,1,96,383,105,101,105,101,
MOT17-13-FRCNN,1856,102,105,382,v_to_u,1,47,383,105,102,105,102,
MOT17-13-FRCNN,1857,103,105,382,v_to_u,1,86,383,105,103,105,103,
MOT17-13-FRCNN,1858,104,105,382,v_to_u,1,85,383,105,104,105,104,
MOT17-13-FRCNN,1859,13,70,400,u_to_v,1,18,401,13,70,13,70,
MOT17-13-FRCNN,1860,13,81,400,u_to_v,1,54,401,13,81,13,81,
MOT17-13-FRCNN,1861,13,85,400,u_to_v,1,38,401,13,85,13,85,
MOT17-13-FRCNN,1862,13,87,400,u_to_v,1,63,401,13,87,13,87,
MOT17-13-FRCNN,1863,13,89,400,u_to_v,1,41,401,13,89,13,89,
MOT17-13-FRCNN,1864,13,91,400,u_to_v,1,61,401,13,91,13,91,
MOT17-13-FRCNN,1865,13,92,400,u_to_v,1,80,401,13,92,13,92,
MOT17-13-FRCNN,1866,13,93,400,u_to_v,1,41,401,13,93,13,93,
MOT17-13-FRCNN,1867,13,94,400,u_to_v,1,42,401,13,94,13,94,
MOT17-13-FRCNN,1868,13,96,400,u_to_v,1,33,401,13,96,13,96,
MOT17-13-FRCNN,1869,13,97,400,u_to_v,1,20,401,13,97,13,97,
MOT17-13-FRCNN,1870,13,98,400,u_to_v,1,72,401,13,98,13,98,
MOT17-13-FRCNN,1871,13,99,400,u_to_v,1,69,401,13,99,13,99,
MOT17-13-FRCNN,1872,13,100,400,u_to_v,1,72,401,13,100,13,100,
MOT17-13-FRCNN,1873,13,101,400,u_to_v,1,78,401,13,101,13,101,
MOT17-13-FRCNN,1874,13,102,400,u_to_v,1,29,401,13,102,13,102,
MOT17-13-FRCNN,1875,13,103,400,u_to_v,1,68,401,13,103,13,103,
MOT17-13-FRCNN,1876,13,104,400,u_to_v,1,67,401,13,104,13,104,
MOT17-13-FRCNN,1877,70,108,417,v_to_u,1,1,418,108,70,108,70,
MOT17-13-FRCNN,1878,81,108,417,v_to_u,1,37,418,108,81,108,81,
MOT17-13-FRCNN,1879,85,108,417,v_to_u,1,21,418,108,85,108,85,
MOT17-13-FRCNN,1880,87,108,417,v_to_u,1,46,418,108,87,108,87,
MOT17-13-FRCNN,1881,89,108,417,v_to_u,1,24,418,108,89,108,89,
MOT17-13-FRCNN,1882,91,108,417,v_to_u,1,44,418,108,91,108,91,
MOT17-13-FRCNN,1883,92,108,417,v_to_u,1,63,418,108,92,108,92,
MOT17-13-FRCNN,1884,93,108,417,v_to_u,1,24,418,108,93,108,93,
MOT17-13-FRCNN,1885,94,108,417,v_to_u,1,25,418,108,94,108,94,
MOT17-13-FRCNN,1886,96,108,417,v_to_u,1,16,418,108,96,108,96,
MOT17-13-FRCNN,1887,97,108,417,v_to_u,1,3,418,108,97,108,97,
MOT17-13-FRCNN,1888,98,108,417,v_to_u,1,55,418,108,98,108,98,
MOT17-13-FRCNN,1889,99,108,417,v_to_u,1,52,418,108,99,108,99,
MOT17-13-FRCNN,1890,100,108,417,v_to_u,1,55,418,108,100,108,100,
MOT17-13-FRCNN,1891,101,108,417,v_to_u,1,61,418,108,101,108,101,
MOT17-13-FRCNN,1892,102,108,417,v_to_u,1,12,418,108,102,108,102,
MOT17-13-FRCNN,1893,103,108,417,v_to_u,1,51,418,108,103,108,103,
MOT17-13-FRCNN,1894,104,108,417,v_to_u,1,50,418,108,104,108,104,
MOT17-13-FRCNN,1895,106,108,417,v_to_u,1,58,418,108,106,108,106,
MOT17-13-FRCNN,1896,107,108,417,v_to_u,1,32,418,108,107,108,107,
MOT17-13-FRCNN,1897,70,81,418,u_to_v,1,36,419,70,81,70,81,
MOT17-13-FRCNN,1898,70,85,418,u_to_v,1,20,419,70,85,70,85,
MOT17-13-FRCNN,1899,70,87,418,u_to_v,1,45,419,70,87,70,87,
MOT17-13-FRCNN,1900,70,89,418,u_to_v,1,23,419,70,89,70,89,
MOT17-13-FRCNN,1901,70,91,418,u_to_v,1,43,419,70,91,70,91,
MOT17-13-FRCNN,1902,70,92,418,u_to_v,1,62,419,70,92,70,92,
MOT17-13-FRCNN,1903,70,93,418,u_to_v,1,23,419,70,93,70,93,
MOT17-13-FRCNN,1904,70,94,418,u_to_v,1,24,419,70,94,70,94,
MOT17-13-FRCNN,1905,70,96,418,u_to_v,1,15,419,70,96,70,96,
MOT17-13-FRCNN,1906,70,97,418,u_to_v,1,2,419,70,97,70,97,
MOT17-13-FRCNN,1907,70,98,418,u_to_v,1,54,419,70,98,70,98,
MOT17-13-FRCNN,1908,70,99,418,u_to_v,1,51,419,70,99,70,99,
MOT17-13-FRCNN,1909,70,100,418,u_to_v,1,54,419,70,100,70,100,
MOT17-13-FRCNN,1910,70,101,418,u_to_v,1,60,419,70,101,70,101,
MOT17-13-FRCNN,1911,70,102,418,u_to_v,1,11,419,70,102,70,102,
MOT17-13-FRCNN,1912,70,103,418,u_to_v,1,50,419,70,103,70,103,
MOT17-13-FRCNN,1913,70,104,418,u_to_v,1,49,419,70,104,70,104,
MOT17-13-FRCNN,1914,70,106,418,u_to_v,1,57,419,70,106,70,106,
MOT17-13-FRCNN,1915,70,107,418,u_to_v,1,31,419,70,107,70,107,
MOT17-13-FRCNN,1916,81,97,420,v_to_u,1,34,421,97,81,97,81,
MOT17-13-FRCNN,1917,85,97,420,v_to_u,1,18,421,97,85,97,85,
MOT17-13-FRCNN,1918,87,97,420,v_to_u,1,43,421,97,87,97,87,
MOT17-13-FRCNN,1919,89,97,420,v_to_u,1,21,421,97,89,97,89,
MOT17-13-FRCNN,1920,91,97,420,v_to_u,1,41,421,97,91,97,91,
MOT17-13-FRCNN,1921,92,97,420,v_to_u,1,60,421,97,92,97,92,
MOT17-13-FRCNN,1922,93,97,420,v_to_u,1,21,421,97,93,97,93,
MOT17-13-FRCNN,1923,94,97,420,v_to_u,1,22,421,97,94,97,94,
MOT17-13-FRCNN,1924,96,97,420,v_to_u,1,13,421,97,96,97,96,
MOT17-13-FRCNN,1925,97,98,420,u_to_v,1,52,421,97,98,97,98,
MOT17-13-FRCNN,1926,97,99,420,u_to_v,1,49,421,97,99,97,99,
MOT17-13-FRCNN,1927,97,100,420,u_to_v,1,52,421,97,100,97,100,
MOT17-13-FRCNN,1928,97,101,420,u_to_v,1,58,421,97,101,97,101,
MOT17-13-FRCNN,1929,97,102,420,u_to_v,1,9,421,97,102,97,102,
MOT17-13-FRCNN,1930,97,103,420,u_to_v,1,48,421,97,103,97,103,
MOT17-13-FRCNN,1931,97,104,420,u_to_v,1,47,421,97,104,97,104,
MOT17-13-FRCNN,1932,97,106,420,u_to_v,1,55,421,97,106,97,106,
MOT17-13-FRCNN,1933,97,107,420,u_to_v,1,29,421,97,107,97,107,
MOT17-13-FRCNN,1934,97,109,420,u_to_v,1,35,421,97,109,97,109,
MOT17-13-FRCNN,1935,81,102,429,v_to_u,1,25,430,102,81,102,81,
MOT17-13-FRCNN,1936,85,102,429,v_to_u,1,9,430,102,85,102,85,
MOT17-13-FRCNN,1937,87,102,429,v_to_u,1,34,430,102,87,102,87,
MOT17-13-FRCNN,1938,89,102,429,v_to_u,1,12,430,102,89,102,89,
MOT17-13-FRCNN,1939,91,102,429,v_to_u,1,32,430,102,91,102,91,
MOT17-13-FRCNN,1940,92,102,429,v_to_u,1,51,430,102,92,102,92,
MOT17-13-FRCNN,1941,93,102,429,v_to_u,1,12,430,102,93,102,93,
MOT17-13-FRCNN,1942,94,102,429,v_to_u,1,13,430,102,94,102,94,
MOT17-13-FRCNN,1943,96,102,429,v_to_u,1,4,430,102,96,102,96,
MOT17-13-FRCNN,1944,98,102,429,v_to_u,1,43,430,102,98,102,98,
MOT17-13-FRCNN,1945,99,102,429,v_to_u,1,40,430,102,99,102,99,
MOT17-13-FRCNN,1946,100,102,429,v_to_u,1,43,430,102,100,102,100,
MOT17-13-FRCNN,1947,101,102,429,v_to_u,1,49,430,102,101,102,101,
MOT17-13-FRCNN,1948,102,103,429,u_to_v,1,39,430,102,103,102,103,
MOT17-13-FRCNN,1949,102,104,429,u_to_v,1,38,430,102,104,102,104,
MOT17-13-FRCNN,1950,102,106,429,u_to_v,1,46,430,102,106,102,106,
MOT17-13-FRCNN,1951,102,107,429,u_to_v,1,20,430,102,107,102,107,
MOT17-13-FRCNN,1952,102,109,429,u_to_v,1,26,430,102,109,102,109,
MOT17-13-FRCNN,1953,81,96,433,v_to_u,1,21,434,96,81,96,81,
MOT17-13-FRCNN,1954,85,96,433,v_to_u,1,5,434,96,85,96,85,
MOT17-13-FRCNN,1955,87,96,433,v_to_u,1,30,434,96,87,96,87,
MOT17-13-FRCNN,1956,89,96,433,v_to_u,1,8,434,96,89,96,89,
MOT17-13-FRCNN,1957,91,96,433,v_to_u,1,28,434,96,91,96,91,
MOT17-13-FRCNN,1958,92,96,433,v_to_u,1,47,434,96,92,96,92,
MOT17-13-FRCNN,1959,93,96,433,v_to_u,1,8,434,96,93,96,93,
MOT17-13-FRCNN,1960,94,96,433,v_to_u,1,9,434,96,94,96,94,
MOT17-13-FRCNN,1961,96,98,433,u_to_v,1,39,434,96,98,96,98,
MOT17-13-FRCNN,1962,96,99,433,u_to_v,1,36,434,96,99,96,99,
MOT17-13-FRCNN,1963,96,100,433,u_to_v,1,39,434,96,100,96,100,
MOT17-13-FRCNN,1964,96,101,433,u_to_v,1,45,434,96,101,96,101,
MOT17-13-FRCNN,1965,96,103,433,u_to_v,1,35,434,96,103,96,103,
MOT17-13-FRCNN,1966,96,104,433,u_to_v,1,34,434,96,104,96,104,
MOT17-13-FRCNN,1967,96,106,433,u_to_v,1,42,434,96,106,96,106,
MOT17-13-FRCNN,1968,96,107,433,u_to_v,1,16,434,96,107,96,107,
MOT17-13-FRCNN,1969,96,109,433,u_to_v,1,22,434,96,109,96,109,
MOT17-13-FRCNN,1970,81,85,438,v_to_u,1,16,439,85,81,85,81,
MOT17-13-FRCNN,1971,85,87,438,u_to_v,1,25,439,85,87,85,87,
MOT17-13-FRCNN,1972,85,89,438,u_to_v,1,3,439,85,89,85,89,
MOT17-13-FRCNN,1973,85,91,438,u_to_v,1,23,439,85,91,85,91,
MOT17-13-FRCNN,1974,85,92,438,u_to_v,1,42,439,85,92,85,92,
MOT17-13-FRCNN,1975,85,93,438,u_to_v,1,3,439,85,93,85,93,
MOT17-13-FRCNN,1976,85,94,438,u_to_v,1,4,439,85,94,85,94,
MOT17-13-FRCNN,1977,85,98,438,u_to_v,1,34,439,85,98,85,98,
MOT17-13-FRCNN,1978,85,99,438,u_to_v,1,31,439,85,99,85,99,
MOT17-13-FRCNN,1979,85,100,438,u_to_v,1,34,439,85,100,85,100,
MOT17-13-FRCNN,1980,85,101,438,u_to_v,1,40,439,85,101,85,101,
MOT17-13-FRCNN,1981,85,103,438,u_to_v,1,30,439,85,103,85,103,
MOT17-13-FRCNN,1982,85,104,438,u_to_v,1,29,439,85,104,85,104,
MOT17-13-FRCNN,1983,85,106,438,u_to_v,1,37,439,85,106,85,106,
MOT17-13-FRCNN,1984,85,107,438,u_to_v,1,11,439,85,107,85,107,
MOT17-13-FRCNN,1985,85,109,438,u_to_v,1,17,439,85,109,85,109,
MOT17-13-FRCNN,1986,81,89,441,v_to_u,1,13,442,89,81,89,81,
MOT17-13-FRCNN,1987,81,93,441,v_to_u,1,13,442,93,81,93,81,
MOT17-13-FRCNN,1988,87,89,441,v_to_u,1,22,442,89,87,89,87,
MOT17-13-FRCNN,1989,87,93,441,v_to_u,1,22,442,93,87,93,87,
MOT17-13-FRCNN,1990,89,91,441,u_to_v,1,20,442,89,91,89,91,
MOT17-13-FRCNN,1991,89,92,441,u_to_v,1,39,442,89,92,89,92,
MOT17-13-FRCNN,1992,89,94,441,u_to_v,1,1,442,89,94,89,94,
MOT17-13-FRCNN,1993,89,98,441,u_to_v,1,31,442,89,98,89,98,
MOT17-13-FRCNN,1994,89,99,441,u_to_v,1,28,442,89,99,89,99,
MOT17-13-FRCNN,1995,89,100,441,u_to_v,1,31,442,89,100,89,100,
MOT17-13-FRCNN,1996,89,101,441,u_to_v,1,37,442,89,101,89,101,
MOT17-13-FRCNN,1997,89,103,441,u_to_v,1,27,442,89,103,89,103,
MOT17-13-FRCNN,1998,89,104,441,u_to_v,1,26,442,89,104,89,104,
MOT17-13-FRCNN,1999,89,106,441,u_to_v,1,34,442,89,106,89,106,
MOT17-13-FRCNN,2000,89,107,441,u_to_v,1,8,442,89,107,89,107,
MOT17-13-FRCNN,2001,89,109,441,u_to_v,1,14,442,89,109,89,109,
MOT17-13-FRCNN,2002,91,93,441,v_to_u,1,20,442,93,91,93,91,
MOT17-13-FRCNN,2003,92,93,441,v_to_u,1,39,442,93,92,93,92,
MOT17-13-FRCNN,2004,93,94,441,u_to_v,1,1,442,93,94,93,94,
MOT17-13-FRCNN,2005,93,98,441,u_to_v,1,31,442,93,98,93,98,
MOT17-13-FRCNN,2006,93,99,441,u_to_v,1,28,442,93,99,93,99,
MOT17-13-FRCNN,2007,93,100,441,u_to_v,1,31,442,93,100,93,100,
MOT17-13-FRCNN,2008,93,101,441,u_to_v,1,37,442,93,101,93,101,
MOT17-13-FRCNN,2009,93,103,441,u_to_v,1,27,442,93,103,93,103,
MOT17-13-FRCNN,2010,93,104,441,u_to_v,1,26,442,93,104,93,104,
MOT17-13-FRCNN,2011,93,106,441,u_to_v,1,34,442,93,106,93,106,
MOT17-13-FRCNN,2012,93,107,441,u_to_v,1,8,442,93,107,93,107,
MOT17-13-FRCNN,2013,93,109,441,u_to_v,1,14,442,93,109,93,109,
MOT17-13-FRCNN,2014,81,94,442,v_to_u,1,12,443,94,81,94,81,
MOT17-13-FRCNN,2015,87,94,442,v_to_u,1,21,443,94,87,94,87,
MOT17-13-FRCNN,2016,91,94,442,v_to_u,1,19,443,94,91,94,91,
MOT17-13-FRCNN,2017,92,94,442,v_to_u,1,38,443,94,92,94,92,
MOT17-13-FRCNN,2018,94,98,442,u_to_v,1,30,443,94,98,94,98,
MOT17-13-FRCNN,2019,94,99,442,u_to_v,1,27,443,94,99,94,99,
MOT17-13-FRCNN,2020,94,100,442,u_to_v,1,30,443,94,100,94,100,
MOT17-13-FRCNN,2021,94,101,442,u_to_v,1,36,443,94,101,94,101,
MOT17-13-FRCNN,2022,94,103,442,u_to_v,1,26,443,94,103,94,103,
MOT17-13-FRCNN,2023,94,104,442,u_to_v,1,25,443,94,104,94,104,
MOT17-13-FRCNN,2024,94,106,442,u_to_v,1,33,443,94,106,94,106,
MOT17-13-FRCNN,2025,94,107,442,u_to_v,1,7,443,94,107,94,107,
MOT17-13-FRCNN,2026,94,109,442,u_to_v,1,13,443,94,109,94,109,
MOT17-13-FRCNN,2027,81,107,449,v_to_u,1,5,450,107,81,107,81,
MOT17-13-FRCNN,2028,87,107,449,v_to_u,1,14,450,107,87,107,87,
MOT17-13-FRCNN,2029,91,107,449,v_to_u,1,12,450,107,91,107,91,
MOT17-13-FRCNN,2030,92,107,449,v_to_u,1,31,450,107,92,107,92,
MOT17-13-FRCNN,2031,98,107,449,v_to_u,1,23,450,107,98,107,98,
MOT17-13-FRCNN,2032,99,107,449,v_to_u,1,20,450,107,99,107,99,
MOT17-13-FRCNN,2033,100,107,449,v_to_u,1,23,450,107,100,107,100,
MOT17-13-FRCNN,2034,101,107,449,v_to_u,1,29,450,107,101,107,101,
MOT17-13-FRCNN,2035,103,107,449,v_to_u,1,19,450,107,103,107,103,
MOT17-13-FRCNN,2036,104,107,449,v_to_u,1,18,450,107,104,107,104,
MOT17-13-FRCNN,2037,106,107,449,v_to_u,1,26,450,107,106,107,106,
MOT17-13-FRCNN,2038,107,109,449,u_to_v,1,6,450,107,109,107,109,
MOT17-13-FRCNN,2039,81,87,454,u_to_v,1,9,455,81,87,81,87,
MOT17-13-FRCNN,2040,81,91,454,u_to_v,1,7,455,81,91,81,91,
MOT17-13-FRCNN,2041,81,92,454,u_to_v,1,26,455,81,92,81,92,
MOT17-13-FRCNN,2042,81,98,454,u_to_v,1,18,455,81,98,81,98,
MOT17-13-FRCNN,2043,81,99,454,u_to_v,1,15,455,81,99,81,99,
MOT17-13-FRCNN,2044,81,100,454,u_to_v,1,18,455,81,100,81,100,
MOT17-13-FRCNN,2045,81,101,454,u_to_v,1,24,455,81,101,81,101,
MOT17-13-FRCNN,2046,81,103,454,u_to_v,1,14,455,81,103,81,103,
MOT17-13-FRCNN,2047,81,104,454,u_to_v,1,13,455,81,104,81,104,
MOT17-13-FRCNN,2048,81,106,454,u_to_v,1,21,455,81,106,81,106,
MOT17-13-FRCNN,2049,81,109,454,u_to_v,1,1,455,81,109,81,109,
MOT17-13-FRCNN,2050,81,110,454,u_to_v,1,42,455,81,110,81,110,
MOT17-13-FRCNN,2051,87,109,455,v_to_u,1,8,456,109,87,109,87,
MOT17-13-FRCNN,2052,91,109,455,v_to_u,1,6,456,109,91,109,91,
MOT17-13-FRCNN,2053,92,109,455,v_to_u,1,25,456,109,92,109,92,
MOT17-13-FRCNN,2054,98,109,455,v_to_u,1,17,456,109,98,109,98,
MOT17-13-FRCNN,2055,99,109,455,v_to_u,1,14,456,109,99,109,99,
MOT17-13-FRCNN,2056,100,109,455,v_to_u,1,17,456,109,100,109,100,
MOT17-13-FRCNN,2057,101,109,455,v_to_u,1,23,456,109,101,109,101,
MOT17-13-FRCNN,2058,103,109,455,v_to_u,1,13,456,109,103,109,103,
MOT17-13-FRCNN,2059,104,109,455,v_to_u,1,12,456,109,104,109,104,
MOT17-13-FRCNN,2060,106,109,455,v_to_u,1,20,456,109,106,109,106,
MOT17-13-FRCNN,2061,109,110,455,u_to_v,1,41,456,109,110,109,110,
MOT17-13-FRCNN,2062,87,111,459,v_to_u,1,4,460,111,87,111,87,
MOT17-13-FRCNN,2063,91,111,459,v_to_u,1,2,460,111,91,111,91,
MOT17-13-FRCNN,2064,92,111,459,v_to_u,1,21,460,111,92,111,92,
MOT17-13-FRCNN,2065,98,111,459,v_to_u,1,13,460,111,98,111,98,
MOT17-13-FRCNN,2066,99,111,459,v_to_u,1,10,460,111,99,111,99,
MOT17-13-FRCNN,2067,100,111,459,v_to_u,1,13,460,111,100,111,100,
MOT17-13-FRCNN,2068,101,111,459,v_to_u,1,19,460,111,101,111,101,
MOT17-13-FRCNN,2069,103,111,459,v_to_u,1,9,460,111,103,111,103,
MOT17-13-FRCNN,2070,104,111,459,v_to_u,1,8,460,111,104,111,104,
MOT17-13-FRCNN,2071,106,111,459,v_to_u,1,16,460,111,106,111,106,
MOT17-13-FRCNN,2072,110,111,459,v_to_u,1,37,460,111,110,111,110,
MOT17-13-FRCNN,2073,87,91,461,v_to_u,1,2,462,91,87,91,87,
MOT17-13-FRCNN,2074,91,92,461,u_to_v,1,19,462,91,92,91,92,
MOT17-13-FRCNN,2075,91,98,461,u_to_v,1,11,462,91,98,91,98,
MOT17-13-FRCNN,2076,91,99,461,u_to_v,1,8,462,91,99,91,99,
MOT17-13-FRCNN,2077,91,100,461,u_to_v,1,11,462,91,100,91,100,
MOT17-13-FRCNN,2078,91,101,461,u_to_v,1,17,462,91,101,91,101,
MOT17-13-FRCNN,2079,91,103,461,u_to_v,1,7,462,91,103,91,103,
MOT17-13-FRCNN,2080,91,104,461,u_to_v,1,6,462,91,104,91,104,
MOT17-13-FRCNN,2081,91,106,461,u_to_v,1,14,462,91,106,91,106,
MOT17-13-FRCNN,2082,91,110,461,u_to_v,1,35,462,91,110,91,110,
MOT17-13-FRCNN,2083,87,92,463,u_to_v,1,17,464,87,92,87,92,
MOT17-13-FRCNN,2084,87,98,463,u_to_v,1,9,464,87,98,87,98,
MOT17-13-FRCNN,2085,87,99,463,u_to_v,1,6,464,87,99,87,99,
MOT17-13-FRCNN,2086,87,100,463,u_to_v,1,9,464,87,100,87,100,
MOT17-13-FRCNN,2087,87,101,463,u_to_v,1,15,464,87,101,87,101,
MOT17-13-FRCNN,2088,87,103,463,u_to_v,1,5,464,87,103,87,103,
MOT17-13-FRCNN,2089,87,104,463,u_to_v,1,4,464,87,104,87,104,
MOT17-13-FRCNN,2090,87,106,463,u_to_v,1,12,464,87,106,87,106,
MOT17-13-FRCNN,2091,87,110,463,u_to_v,1,33,464,87,110,87,110,
MOT17-13-FRCNN,2092,92,104,467,v_to_u,1,13,468,104,92,104,92,
MOT17-13-FRCNN,2093,98,104,467,v_to_u,1,5,468,104,98,104,98,
MOT17-13-FRCNN,2094,99,104,467,v_to_u,1,2,468,104,99,104,99,
MOT17-13-FRCNN,2095,100,104,467,v_to_u,1,5,468,104,100,104,100,
MOT17-13-FRCNN,2096,101,104,467,v_to_u,1,11,468,104,101,104,101,
MOT17-13-FRCNN,2097,103,104,467,v_to_u,1,1,468,104,103,104,103,
MOT17-13-FRCNN,2098,104,106,467,u_to_v,1,8,468,104,106,104,106,
MOT17-13-FRCNN,2099,104,110,467,u_to_v,1,29,468,104,110,104,110,
MOT17-13-FRCNN,2100,92,103,468,v_to_u,1,12,469,103,92,103,92,
MOT17-13-FRCNN,2101,98,103,468,v_to_u,1,4,469,103,98,103,98,
MOT17-13-FRCNN,2102,99,103,468,v_to_u,1,1,469,103,99,103,99,
MOT17-13-FRCNN,2103,100,103,468,v_to_u,1,4,469,103,100,103,100,
MOT17-13-FRCNN,2104,101,103,468,v_to_u,1,10,469,103,101,103,101,
MOT17-13-FRCNN,2105,103,106,468,u_to_v,1,7,469,103,106,103,106,
MOT17-13-FRCNN,2106,103,110,468,u_to_v,1,28,469,103,110,103,110,
MOT17-13-FRCNN,2107,92,99,469,v_to_u,1,11,470,99,92,99,92,
MOT17-13-FRCNN,2108,98,99,469,v_to_u,1,3,470,99,98,99,98,
MOT17-13-FRCNN,2109,99,100,469,u_to_v,1,3,470,99,100,99,100,
MOT17-13-FRCNN,2110,99,101,469,u_to_v,1,9,470,99,101,99,101,
MOT17-13-FRCNN,2111,99,106,469,u_to_v,1,6,470,99,106,99,106,
MOT17-13-FRCNN,2112,99,110,469,u_to_v,1,27,470,99,110,99,110,
MOT17-13-FRCNN,2113,92,98,472,v_to_u,1,8,473,98,92,98,92,
MOT17-13-FRCNN,2114,92,100,472,v_to_u,1,8,473,100,92,100,92,
MOT17-13-FRCNN,2115,98,101,472,u_to_v,1,6,473,98,101,98,101,
MOT17-13-FRCNN,2116,98,106,472,u_to_v,1,3,473,98,106,98,106,
MOT17-13-FRCNN,2117,98,110,472,u_to_v,1,24,473,98,110,98,110,
MOT17-13-FRCNN,2118,100,101,472,u_to_v,1,6,473,100,101,100,101,
MOT17-13-FRCNN,2119,100,106,472,u_to_v,1,3,473,100,106,100,106,
MOT17-13-FRCNN,2120,100,110,472,u_to_v,1,24,473,100,110,100,110,
MOT17-13-FRCNN,2121,92,106,475,v_to_u,1,5,476,106,92,106,92,
MOT17-13-FRCNN,2122,101,106,475,v_to_u,1,3,476,106,101,106,101,
MOT17-13-FRCNN,2123,106,110,475,u_to_v,1,21,476,106,110,106,110,
MOT17-13-FRCNN,2124,92,101,478,v_to_u,1,2,479,101,92,101,92,
MOT17-13-FRCNN,2125,101,110,478,u_to_v,1,18,479,101,110,101,110,
MOT17-13-FRCNN,2126,92,110,480,u_to_v,1,16,481,92,110,92,110,
MOT17-13-FRCNN,2127,92,112,480,u_to_v,1,38,481,92,112,92,112,
MOT17-13-FRCNN,2128,110,112,496,u_to_v,1,22,497,110,112,110,112,
MOT17-13-FRCNN,2129,110,113,496,u_to_v,1,24,497,110,113,110,113,
MOT17-13-FRCNN,2130,112,113,518,u_to_v,1,2,519,112,113,112,113,
MOT17-13-FRCNN,2131,112,114,518,u_to_v,1,38,519,112,114,112,114,
MOT17-13-FRCNN,2132,112,115,518,u_to_v,1,86,519,112,115,112,115,
MOT17-13-FRCNN,2133,112,116,518,u_to_v,1,40,519,112,116,112,116,
MOT17-13-FRCNN,2134,112,117,518,u_to_v,1,224,519,112,117,112,117,
MOT17-13-FRCNN,2135,112,118,518,u_to_v,1,68,519,112,118,112,118,
MOT17-13-FRCNN,2136,113,114,520,u_to_v,1,36,521,113,114,113,114,
MOT17-13-FRCNN,2137,113,115,520,u_to_v,1,84,521,113,115,113,115,
MOT17-13-FRCNN,2138,113,116,520,u_to_v,1,38,521,113,116,113,116,
MOT17-13-FRCNN,2139,113,117,520,u_to_v,1,222,521,113,117,113,117,
MOT17-13-FRCNN,2140,113,118,520,u_to_v,1,66,521,113,118,113,118,
MOT17-13-FRCNN,2141,114,119,538,v_to_u,1,18,539,119,114,119,114,
MOT17-13-FRCNN,2142,115,119,538,v_to_u,1,66,539,119,115,119,115,
MOT17-13-FRCNN,2143,116,119,538,v_to_u,1,20,539,119,116,119,116,
MOT17-13-FRCNN,2144,117,119,538,v_to_u,1,204,539,119,117,119,117,
MOT17-13-FRCNN,2145,118,119,538,v_to_u,1,48,539,119,118,119,118,
MOT17-13-FRCNN,2146,114,115,556,u_to_v,1,48,557,114,115,114,115,
MOT17-13-FRCNN,2147,114,116,556,u_to_v,1,2,557,114,116,114,116,
MOT17-13-FRCNN,2148,114,117,556,u_to_v,1,186,557,114,117,114,117,
MOT17-13-FRCNN,2149,114,118,556,u_to_v,1,30,557,114,118,114,118,
MOT17-13-FRCNN,2150,114,120,556,u_to_v,1,113,557,114,120,114,120,
MOT17-13-FRCNN,2151,115,116,558,v_to_u,1,46,559,116,115,116,115,
MOT17-13-FRCNN,2152,116,117,558,u_to_v,1,184,559,116,117,116,117,
MOT17-13-FRCNN,2153,116,118,558,u_to_v,1,28,559,116,118,116,118,
MOT17-13-FRCNN,2154,116,120,558,u_to_v,1,111,559,116,120,116,120,
MOT17-13-FRCNN,2155,115,118,586,v_to_u,1,18,587,118,115,118,115,
MOT17-13-FRCNN,2156,117,118,586,v_to_u,1,156,587,118,117,118,117,
MOT17-13-FRCNN,2157,118,120,586,u_to_v,1,83,587,118,120,118,120,
MOT17-13-FRCNN,2158,118,121,586,u_to_v,1,55,587,118,121,118,121,
MOT17-13-FRCNN,2159,118,122,586,u_to_v,1,38,587,118,122,118,122,
MOT17-13-FRCNN,2160,115,117,604,u_to_v,1,138,605,115,117,115,117,
MOT17-13-FRCNN,2161,115,120,604,u_to_v,1,65,605,115,120,115,120,
MOT17-13-FRCNN,2162,115,121,604,u_to_v,1,37,605,115,121,115,121,
MOT17-13-FRCNN,2163,115,122,604,u_to_v,1,20,605,115,122,115,122,
MOT17-13-FRCNN,2164,115,123,604,u_to_v,1,146,605,115,123,115,123,
MOT17-13-FRCNN,2165,117,122,624,v_to_u,1,118,625,122,117,122,117,
MOT17-13-FRCNN,2166,120,122,624,v_to_u,1,45,625,122,120,122,120,
MOT17-13-FRCNN,2167,121,122,624,v_to_u,1,17,625,122,121,122,121,
MOT17-13-FRCNN,2168,122,123,624,u_to_v,1,126,625,122,123,122,123,
MOT17-13-FRCNN,2169,122,124,624,u_to_v,1,126,625,122,124,122,124,
MOT17-13-FRCNN,2170,122,125,624,u_to_v,1,126,625,122,125,122,125,
MOT17-13-FRCNN,2171,117,121,641,v_to_u,1,101,642,121,117,121,117,
MOT17-13-FRCNN,2172,120,121,641,v_to_u,1,28,642,121,120,121,120,
MOT17-13-FRCNN,2173,121,123,641,u_to_v,1,109,642,121,123,121,123,
MOT17-13-FRCNN,2174,121,124,641,u_to_v,1,109,642,121,124,121,124,
MOT17-13-FRCNN,2175,121,125,641,u_to_v,1,109,642,121,125,121,125,
MOT17-13-FRCNN,2176,117,127,657,v_to_u,1,85,658,127,117,127,117,
MOT17-13-FRCNN,2177,120,127,657,v_to_u,1,12,658,127,120,127,120,
MOT17-13-FRCNN,2178,123,127,657,v_to_u,1,93,658,127,123,127,123,
MOT17-13-FRCNN,2179,124,127,657,v_to_u,1,93,658,127,124,127,124,
MOT17-13-FRCNN,2180,125,127,657,v_to_u,1,93,658,127,125,127,125,
MOT17-13-FRCNN,2181,126,127,657,v_to_u,1,93,658,127,126,127,126,
MOT17-13-FRCNN,2182,117,120,669,v_to_u,1,73,670,120,117,120,117,
MOT17-13-FRCNN,2183,120,123,669,u_to_v,1,81,670,120,123,120,123,
MOT17-13-FRCNN,2184,120,124,669,u_to_v,1,81,670,120,124,120,124,
MOT17-13-FRCNN,2185,120,125,669,u_to_v,1,81,670,120,125,120,125,
MOT17-13-FRCNN,2186,120,126,669,u_to_v,1,81,670,120,126,120,126,
MOT17-13-FRCNN,2187,120,128,669,u_to_v,1,81,670,120,128,120,128,
MOT17-13-FRCNN,2188,117,123,742,u_to_v,1,8,743,117,123,117,123,
MOT17-13-FRCNN,2189,117,124,742,u_to_v,1,8,743,117,124,117,124,
MOT17-13-FRCNN,2190,117,125,742,u_to_v,1,8,743,117,125,117,125,
MOT17-13-FRCNN,2191,117,126,742,u_to_v,1,8,743,117,126,117,126,
MOT17-13-FRCNN,2192,117,128,742,u_to_v,1,8,743,117,128,117,128,
MOT17-13-FRCNN,2193,117,129,742,u_to_v,1,8,743,117,129,117,129,
